PuzzleId,FEN,Moves,Rating,RatingDeviation,Popularity,NbPlays,Themes,GameUrl,OpeningTags
00C8e,8/5p1k/5Ppb/2p3P1/1p6/8/KB5Q/3q4 b - - 4 58,d1a4 a2b1 a4d1 b2c1,1540,117,100,68,endgame equality pin short,https://lichess.org/YqVcRoWF/black#116,
00yLn,2k1b3/pp6/2p1N1p1/2P2p2/3K4/P4r2/8/R7 b - - 1 31,e8f7 e6g5 f7d5 g5f3,1303,84,84,143,endgame equality fork short,https://lichess.org/JgcSpYyU/black#62,
03CF0,r2qr1k1/p1p1bpBp/2pp1n2/5b2/4P2P/6Q1/PPP2PP1/RN2K2R b KQ - 1 12,f5g4 g7f6 e7f6 g3g4,1402,114,100,67,capturingDefender equality kingsideAttack opening pin short,https://lichess.org/dAKdfRR3/black#24,
05Sb2,r1b1k2r/pp4pp/5p2/4N3/2N1q3/2P5/PP3PPP/R4K1R b kq - 1 16,f6e5 c4d6 e8e7 d6e4,1565,162,44,33,equality fork middlegame short,https://lichess.org/P1OiEDFE/black#32,
09U8T,2k5/2p1qp1r/p1p5/1p2p3/1P2PP2/P2Pb3/2P3Q1/1K1R4 b - - 0 27,e3f4 g2g8 c8b7 g8h7,1334,140,100,47,endgame equality fork short,https://lichess.org/jt4ULDQV/black#54,
0AANQ,1r4k1/1P1b3p/5p2/2rP1Pp1/1B2p1Pb/2N4P/6K1/1R6 b - - 2 41,c5c4 b4d6 b8b7 b1b7 c4c3 b7d7,1584,141,100,45,equality long middlegame,https://lichess.org/l7mSh8px/black#82,
0AYtT,8/3r2k1/8/4p1p1/R3P1P1/1P6/2r2PP1/5RK1 w - - 0 39,f2f3 d7d2 g1h1 d2g2,1453,138,100,55,endgame equality rookEndgame short,https://lichess.org/HmcnmkPy#77,
0DRfi,6k1/p2b1pp1/4p2p/3pP3/P2N4/2q4P/5PP1/3Q2K1 b - - 0 29,d7a4 d1a4 c3c1 g1h2,1396,136,100,53,endgame equality hangingPiece short,https://lichess.org/vFDCvyZS/black#58,
0DuX5,2br2k1/1pq4p/3Np1p1/1PP1Pp2/5Pn1/6P1/4Q1BP/R5K1 w - - 1 28,c5c6 c7b6 g1h1 g4f2,1475,111,100,65,equality middlegame short,https://lichess.org/gTQDEPeX#55,
0EFkO,r7/1R4bk/1Q1p2p1/3qp2p/5p2/2P4P/1P1B1PP1/4N1K1 w - - 5 38,e1c2 d5d2 b7g7 h7g7,1480,120,75,33,equality hangingPiece middlegame short,https://lichess.org/YKvGRMAj#75,
0IjE6,rn3k1r/ppp4p/5b2/7p/5p2/3P2PK/PPP4P/RNB4R w - - 0 19,c1f4 f6b2 b1d2 b2a1,1436,129,100,54,equality middlegame short trappedPiece,https://lichess.org/Ni6N6Uio#37,
0JCZb,r4r2/1pp3k1/p2p2qp/Q1nPp1p1/2P2pP1/8/PP2N1P1/2K2R1R b - - 1 25,g6d3 a5c7 f8f7 c7d6,1594,167,50,34,equality middlegame short,https://lichess.org/8UcNq36W/black#50,
0MsmN,r4rk1/5ppp/pqP5/2bPN3/Q3Pn2/6N1/P3bPPP/2R1R1K1 w - - 3 25,c1c5 b6c5 g3e2 f4e2,1376,111,100,67,equality hangingPiece middlegame short,https://lichess.org/aleITzsK#49,
0On7Z,r1bq1rk1/pp6/2n1p3/3p3B/3b1N2/2N1n1R1/PP1Q2PP/R5K1 b - - 1 18,g8h8 f4g6 h8h7 g6f8,1595,118,100,68,equality fork middlegame short,https://lichess.org/4O7YVtPg/black#36,
0OoKH,5b1k/4n1pp/2p4r/B2pp3/2P1B3/PP2P1RP/2KP1r2/6R1 w - - 0 29,e4d3 e5e4 d3e4 d5e4,1434,128,100,55,equality middlegame short,https://lichess.org/qFPlPT9l#57,
0PB8C,r1r5/p3kp1p/1p1p3n/3Ppq2/Q1P3bn/5NP1/PP1N3P/2KR1B1R w - - 1 20,g3h4 g4f3 d2f3 f5f3,1453,115,100,72,equality fork middlegame short,https://lichess.org/C6pFt3r3#39,
0RSfo,1r4k1/5pp1/3p3p/p3p3/4Q3/Pq2B2P/5PP1/1rR3K1 b - - 0 27,b3a3 c1b1 b8b1 e4b1,1456,121,100,67,endgame equality short,https://lichess.org/qqVkbqqZ/black#54,
0VFAc,5rk1/5ppp/2p1p3/2PpPn1b/Q4P2/2q2N2/6PP/2B2R1K b - - 1 22,c3c5 c1a3 c5e3 a3f8,1551,153,100,48,equality middlegame short skewer,https://lichess.org/iRgU6M8y/black#44,
0XQce,2r2rk1/pq1p1ppp/1p6/4p3/1QP1P3/2P2N2/P2P1PPP/1K1R3R w - - 9 21,f3e5 b7e4 d2d3 e4e5,1360,85,100,117,equality fork middlegame short,https://lichess.org/ei1J5jc2#41,
0dEbd,2r2rk1/1p2pp2/p5p1/R7/4P2Q/NqP2P2/1P4PP/3R2K1 w - - 0 32,d1d2 b3b6 g1f1 b6a5,1464,141,100,48,equality fork middlegame short,https://lichess.org/DWLok3Eo#63,
0e9br,4r1k1/ppp2ppp/2n5/3p1b1q/3Pr3/P1P1BN2/4BPPP/RQ2K2R w KQ - 14 18,e2d3 e4e3 f2e3 e8e3,1479,117,100,69,equality middlegame short,https://lichess.org/DJ58qMKZ#35,
0eVy1,6k1/4pp2/3p1npB/2pPnNQ1/4P3/2P4P/r1r3P1/7K b - - 9 29,c2g2 f5e7 g8h7 g5f6,1579,121,100,57,equality middlegame short,https://lichess.org/boao3V37/black#58,
0emZl,8/8/2pk2p1/pp2p1Pp/P3P2P/1P1K4/8/8 b - - 0 43,b5a4 b3a4 d6c5 d3c3,1312,134,100,61,defensiveMove endgame equality pawnEndgame short zugzwang,https://lichess.org/FeZND9tV/black#86,
0gimf,5qk1/p2r1p1p/4p1p1/2p1P3/4NP1Q/2p5/Pr4PP/5R1K b - - 1 34,f8g7 e4f6 g8h8 f6d7,1565,136,100,47,endgame equality fork short,https://lichess.org/qs1jvuGW/black#68,
0jVf3,2k5/ppp3pp/8/2b5/8/P1K5/RP4nP/8 b - - 0 25,h7h6 b2b4 c5d6 a2g2,1438,132,100,39,discoveredAttack endgame equality short,https://lichess.org/mLPyQk12/black#50,
0lDoh,r6r/1kp1b3/R1q1pp2/3pP2p/3P4/2P3Pp/3Q1P1B/R5K1 w - - 0 28,a6a8 h8a8 a1b1 b7c8,1492,111,100,62,defensiveMove equality middlegame short,https://lichess.org/gZXrCzxn#55,
0lUQp,8/7R/8/1P6/2Pb1p2/K4k2/1r5p/8 b - - 10 54,f3f2 h7h2 f2e3 h2b2 d4b2 a3b2 f4f3 b5b6 f3f2 b6b7 f2f1q b7b8q,1564,114,100,60,advancedPawn endgame equality promotion veryLong,https://lichess.org/i2eHZ3P7/black#108,
0lUcj,8/5p1k/P5pp/3q4/8/5PP1/3pn1KP/1Q3R2 w - - 0 45,f1d1 e2c3 b1c2 c3d1,1494,127,100,47,endgame equality fork short,https://lichess.org/3CLtSpws#89,
0n3XD,6k1/1p3pp1/p1b4p/3pPN2/1b3PQ1/4R2P/1qr3PK/5N2 b - - 5 32,c2g2 g4g2 b2g2 h2g2 d5d4 e3f3,1582,118,100,58,defensiveMove equality long middlegame,https://lichess.org/c7zKf0YB/black#64,
0sQ11,2k3rr/1ppqn3/p2p3b/1P1Pp2p/P1N1Rp1N/2P5/5PPP/R2Q2K1 b - - 0 20,a6b5 a4b5,1446,118,100,41,equality middlegame oneMove,https://lichess.org/CCNQ7zqs/black#40,
0szqd,8/2R3pk/pNp4p/4r3/6P1/6K1/rPP4P/8 b - - 0 29,a2b2 b6c4 e5b5 c4b2,1516,98,100,83,endgame equality fork short,https://lichess.org/rvKDXNdh/black#58,
0t0RQ,8/4k1n1/6K1/1r6/6P1/5R2/5P2/8 w - - 1 62,g6g7 b5g5 g7h6 g5g4,1307,255,0,14,endgame equality rookEndgame short,https://lichess.org/8oSy2xOe#123,
0u2lY,r4rk1/1b3p2/2n2Ppp/ppp1pN2/3pP1q1/3PbR2/PPPN2BP/R2Q3K b - - 1 19,g6f5 f3g3 g8h8 g3g4,1564,134,100,45,equality middlegame pin short,https://lichess.org/P9qVCRzU/black#38,
0vr6g,5K2/2r3P1/3k4/5P2/8/8/2P5/8 w - - 3 57,g7g8q c7c8 f8f7 c8g8,1304,116,100,99,endgame equality queenRookEndgame short skewer,https://lichess.org/4p2eC4Nn#113,
0y8GB,r4rk1/pppbq1pp/8/n2P1p2/5B2/1N1P3P/PPP3B1/R4QK1 w - - 1 23,b3a5 e7c5 g1h2 c5a5,1381,90,100,91,equality fork middlegame short,https://lichess.org/qagjn1ag#45,
10HIL,2r2rk1/ppqbb1pp/5p2/2PPpPP1/4N2P/2nPB2B/P7/R2Q1RK1 w - - 0 23,e4c3 e7c5 d1f3 c5e3 f3e3 c7c3,1569,133,100,55,discoveredAttack equality exposedKing long middlegame,https://lichess.org/wuctMdci#45,
147kI,r1b2rk1/1ppnq1p1/p6p/3PP3/5B1b/2N2R1P/PP4P1/R2Q1BK1 w - - 1 20,f1c4 e7c5 g1h1 c5c4,1429,388,0,15,equality fork middlegame short,https://lichess.org/IMp32LnG#39,
14aOm,5r1k/p6p/6p1/1B1n4/3r4/1P4P1/P4P1P/R4RK1 w - - 1 24,f1d1 d4d1 a1d1 d5c3,1460,114,100,69,endgame equality short,https://lichess.org/XXYPfi1Q#47,
14epa,3r4/3p1p2/pp1Rrkp1/7p/bPP1P3/2P2P1P/3RN1P1/6K1 w - - 4 34,e2f4 e6d6 d2d6 f6e5 d6b6 e5f4,1565,123,100,58,endgame equality long,https://lichess.org/KJx1scgL#67,
17lgf,r2q1rk1/pp3ppp/6b1/b1pNp3/4P3/1P4P1/P2PNPBP/R2Q1RK1 w - - 2 16,d1c2 d8d5 e4d5 g6c2,1555,131,100,68,equality middlegame short,https://lichess.org/YjqZ4rkv#31,
18JC9,r1b2r1k/pp2qN1B/4pb1Q/3n4/3p4/P7/1PP2PPP/R4RK1 b - - 9 22,e7f7 h7g6 h8g8 g6f7,1373,107,100,72,discoveredAttack discoveredCheck equality kingsideAttack middlegame short,https://lichess.org/L1Ff468R/black#44,
1AhIw,r1b5/5R2/2p1p1pk/p1P1q2p/8/3QP3/6PP/R6K w - - 2 36,a1f1 c8a6 d3a3 a6f1,1437,126,100,48,endgame equality short skewer,https://lichess.org/ekm72xCa#71,
1C5e2,5rk1/Q4p1p/3q4/6p1/3p3b/PB1P1p1P/1PP2PP1/4R1K1 w - - 0 24,g2f3 h4f2 g1f2 d6h2,1415,96,100,89,attraction endgame equality sacrifice short,https://lichess.org/B7RLawC6#47,
1C70E,8/1r1P1Bk1/4P3/p3n1p1/P7/6P1/6PK/8 b - - 0 44,b7b8 e6e7 e5d7 e7e8q b8e8 f7e8,1466,93,100,99,advancedPawn endgame equality long promotion,https://lichess.org/nxpPNei8/black#88,
1CbJY,1k1r2r1/pp2bp2/1qp5/3pPQ2/5p1p/5B2/PPP3PP/2KRB2R w - - 2 25,f5f4 e7g5 f4g5 g8g5,1400,150,33,35,equality middlegame pin short,https://lichess.org/Y16HHNRz#49,
1Ck4k,8/6nk/8/4q3/8/3p1P1P/6P1/3Q2K1 b - - 3 41,e5e2 d1e2 d3e2 g1f2,1434,144,100,40,endgame equality short,https://lichess.org/iQc9BRdg/black#82,
1Fclv,5bk1/pQ4p1/1p2p3/7p/3PN3/P3B2q/1P3P2/4K3 w - - 0 32,d4d5 h3h1 e1e2 h1e4,1479,112,100,78,endgame equality fork short,https://lichess.org/5xLcWVAX#63,
1GXSR,1Q6/p4ppk/2p2n1p/8/3P4/2P2PPP/qB4K1/4rB2 b - - 1 34,e1b1 f1d3 g7g6 d3b1,1328,85,100,137,endgame equality fork short,https://lichess.org/0dh0qRvG/black#68,
1HpJ7,r1b2rk1/pp3ppp/2pp3q/8/2B1N3/1Q6/PP3PPP/R4RK1 w - - 2 16,b3g3 d6d5 c4d5 c6d5,1443,150,100,44,equality fork middlegame short,https://lichess.org/YKIwzjcj#31,
1LFCm,8/8/p7/1p4p1/1P1k2P1/1P3P2/6K1/8 w - - 0 43,f3f4 g5f4 g2f3 d4e5 g4g5 e5f5 g5g6 f5g6,1389,376,67,8,endgame equality pawnEndgame veryLong zugzwang,https://lichess.org/vkq2b5fN#85,
1LTb5,4r1kr/1p5p/p1p1q3/4np1b/3Q1P1P/1P4P1/P1P5/2KR1BNR w - - 0 25,d1e1 e5d3 f1d3 e6e1,1312,149,100,48,discoveredAttack equality middlegame queensideAttack short,https://lichess.org/B9XQbw5T#49,
1LTtl,rr6/5pp1/p2qpk1p/2Rp4/1PnP4/4PN1P/1PQ2PP1/5RK1 w - - 3 22,f3e5 c4e5 d4e5 d6e5,1530,130,100,50,equality middlegame short,https://lichess.org/RmSsf9by#43,
1MQOY,8/8/r7/3N1kP1/1P3P2/5K2/P7/8 w - - 3 49,d5c3 a6a3 f3e3 a3c3,1322,110,100,73,endgame equality pin short,https://lichess.org/qiaZAwxi#97,
1NNly,r4r1k/p3R2p/1p3n2/3p1p2/b1pP3B/P1P5/5PPP/4R1K1 b - - 4 26,a8e8 h4f6 f8f6 e7e8 a4e8 e1e8,1598,120,100,49,equality kingsideAttack long middlegame,https://lichess.org/WApS49VO/black#52,
1Ntt8,r1bqk2r/ppp2pb1/2np1np1/3Pp1Np/5B1P/2N5/PPP1PPP1/R2QKB1R w KQkq e6 0 8,d5c6 e5f4 c6b7 c8b7,1572,489,0,4,equality hangingPiece opening short,https://lichess.org/woRrxUQn#15,
1SVF6,1R6/P5pk/1n6/5p2/2r5/3K4/8/8 b - - 2 42,c4c6 b8b6 c6b6 a7a8q,1489,141,100,46,advancedPawn endgame equality promotion short,https://lichess.org/IIc2CB4A/black#84,
1TGjd,1r4k1/5ppp/R7/2N1p3/2b5/4PB2/1r3PPP/5RK1 b - - 2 25,c4f1 g1f1 b2b1 f1e2,1583,155,100,43,endgame equality short,https://lichess.org/FMLQVntz/black#50,
1TJOt,r3kb1r/ppqn1p1p/2p1b3/4pp2/2P5/PPNB2N1/5PPP/R2Q1RK1 b kq - 5 12,e8c8 d3f5 e6f5 g3f5,1577,144,100,40,equality opening short,https://lichess.org/dO9r2UIJ/black#24,
1TPZ1,6k1/Q4pp1/2B2b1p/8/8/4B1P1/2q2P1P/6K1 w - - 1 24,c6d5 c2d1 g1g2 d1d5,1399,118,100,65,endgame equality fork short,https://lichess.org/pE6DDiTB#47,
1UfiI,rnbqk2r/1p3ppp/p2pp3/1B6/3bPP2/2N5/PPP3PP/R2QK2R b KQkq - 1 10,c8d7 b5d7 b8d7 d1d4,1543,130,100,57,equality opening short,https://lichess.org/OCnKNGQd/black#20,
1UxQX,8/6pk/p2P3p/2R5/2p5/2Pb1K2/1P2r3/8 b - - 2 55,e2b2 d6d7 b2b8 c5c8,1431,119,100,73,advancedPawn endgame equality short,https://lichess.org/hXXKetxd/black#110,
1Vacj,1r3r2/p7/2Qp1knp/qBb1pp2/8/5N2/PPP2PPP/2KRR3 w - - 5 21,d1d6 c5d6 c6d6 f6g7,1454,105,100,67,equality middlegame short,https://lichess.org/sbOT0Fvk#41,
1Wg2c,b2r3k/5R1p/pr1P2p1/8/8/3R1P2/P5PP/6K1 b - - 0 28,b6d6 d3d6 d8d6 f7f8 h8g7 f8a8,1392,173,100,33,endgame equality fork long,https://lichess.org/xn3r1AH9/black#56,
1dh1q,r2qk2r/5ppp/b1n1p3/3p4/Pp1PnB2/2p1P3/2Q1BPPP/RN2R1K1 b kq - 1 16,b4b3 c2b3 a6e2 e1e2,1392,128,100,50,equality middlegame short,https://lichess.org/nSJpjtX1/black#32,
1eHl0,4r1k1/Ppp2pp1/p6p/P2p4/3P4/N1P2P1q/8/R1BQ2K1 w - - 0 25,d1f1 h3g3 g1h1 e8e1 f1e1 g3e1,1507,120,100,64,endgame equality kingsideAttack long pin,https://lichess.org/KA70E2Y3#49,
1fI81,1k1r4/2p5/1p5p/nQ4p1/P7/2P1B2q/1P3P2/2K1R3 w - - 0 33,e3b6 c7b6 b5b6 a5b7,1550,154,100,46,defensiveMove endgame equality short,https://lichess.org/7Di1wwv4#65,
1fVBu,N1bk1r2/pp6/3p4/4p1q1/2BnP3/P7/1PPR2PP/1K2Q2n b - - 0 21,h1f2 d2f2 f8f2 e1f2,1569,147,100,54,equality middlegame short,https://lichess.org/byoQ042t/black#42,
1gFyE,8/p4R2/1bkp4/p7/2P3PR/7P/PP2r1K1/8 w - - 1 37,g2f3 e2f2 f3e4 f2f7,1544,130,100,52,endgame equality short skewer,https://lichess.org/3Ic0MHj2#73,
1imxK,7k/1pp2p1p/p1p2N2/4r3/4P3/1P5P/P4bP1/3R3K b - - 6 27,h8g7 f6g4 e5e4 g4f2,1534,116,100,44,endgame equality fork short,https://lichess.org/rGbyKQ17/black#54,
1jmZa,r3kb1r/ppp2ppp/1nn5/4p3/1q1P4/1B3Q2/PPPB2PP/R4RK1 b kq - 2 13,b4d4 d2e3,1461,125,100,60,defensiveMove equality middlegame oneMove,https://lichess.org/w2JETi2j/black#26,
1kLgS,8/pk2qp2/1pp3p1/3p4/5PP1/1Q2PK2/PP6/7B w - - 0 37,a2a4 e7e4 f3g3 e4h1,1381,100,100,88,endgame equality short skewer,https://lichess.org/t776W6n3#73,
1mYDm,4r3/1p2k3/p2R4/4rppp/8/P3NRP1/1P3K2/8 w - - 2 35,e3f5 e5f5 f3f5 e7d6,1382,118,100,75,endgame equality short,https://lichess.org/BB5NxwOU#69,
1t7cy,3k2r1/5p1R/8/4N1P1/1p3r2/1K5P/8/8 b - - 0 48,g8g5 e5f7 f4f7 h7f7,1378,102,100,71,endgame equality fork short,https://lichess.org/NCcSYkEw/black#96,
1v2he,8/5p2/p2qpkp1/1p6/8/P4Q1B/1P4P1/2b4K b - - 7 40,f6g7 f3c3 e6e5 c3c1,1389,253,100,22,endgame equality fork short,https://lichess.org/C8lwa2dS/black#80,
1vuLi,rn2kb1r/1p1b1pp1/p1pp1q1p/5P1n/P1BNP3/2N5/1PP1Q1PP/R1B2RK1 w kq - 1 15,e2h5 f6d4 g1h1 d4c4,1335,104,100,83,equality fork hangingPiece opening short,https://lichess.org/alwz2E7d#29,
1y9dO,4r1k1/6pp/1p1B4/p6n/3R4/2P1rPP1/PP1Kp2P/4R3 w - - 5 25,d4d3 e3d3 d2d3 e8d8 d3c4 d8d6,1364,109,100,82,endgame equality long pin,https://lichess.org/zisgbHaI#49,
20dWw,8/8/3kp1pp/3p4/3P4/2prPP2/4R1P1/5K2 b - - 0 42,d3d2 e2d2 c3d2 f1e2,1357,90,100,102,endgame equality rookEndgame short,https://lichess.org/snqCfrBn/black#84,
23HB8,8/8/7k/5ppp/7P/5KP1/8/8 b - - 0 51,g5g4 f3f4 h6g6 f4e5 f5f4 e5f4,1501,102,100,83,defensiveMove endgame equality long pawnEndgame zugzwang,https://lichess.org/nDXk66eR/black#102,
23ybS,1r4k1/5p2/1rn2p1p/p7/3NP1P1/5P2/3K3P/RR6 w - - 0 27,d4c6 b6b1 a1b1 b8b1,1375,76,100,251,endgame equality short,https://lichess.org/0zrTlxB6#53,
24lPl,r2q1rk1/1pp1bppp/p1n3b1/3pP3/3Pn1P1/2NBB2P/PP1N1P2/R2Q1RK1 b - - 2 14,e4d2 d1d2 g6d3 d2d3,1465,117,100,65,equality middlegame short,https://lichess.org/Ha4jzCOe/black#28,
251X1,4R3/7k/2N4p/3p2p1/r7/7b/5K2/8 b - - 1 44,h3d7 e8e7 h7g6 e7d7,1578,164,100,33,endgame equality fork short,https://lichess.org/pZnSalOd/black#88,
27KPf,rnb3k1/ppb1q1np/2p2p2/2Pp2p1/1P1Q1PP1/P1BBP2P/4N3/R4RK1 w - - 1 24,f4f5 c7e5 d4e5 f6e5,1450,437,0,1,equality middlegame short trappedPiece,https://lichess.org/zITvNKeJ#47,
27VaN,3R1bk1/1p2q2p/p5p1/2p2p1r/2P2p2/PP3P1P/1Q3P1K/6R1 w - - 2 33,b2d2 e7h4 d2d5 g8g7,1593,140,100,47,endgame equality short,https://lichess.org/hmWGcdXy#65,
2CgkV,1k1r4/pp5p/1nPq2p1/8/6Q1/2NPb2P/PP4P1/1R5K b - - 0 26,d6c6 g4g3 c6d6 g3e3,1320,86,100,121,equality fork middlegame short,https://lichess.org/2ynOtZJc/black#52,
2H3tv,2r1k3/pp6/2nQ3p/3p2p1/3B4/2K1P3/P1P2q1P/1R5R w - - 2 27,d6e6 c6e7 e6c8 e7c8,1476,244,100,25,discoveredAttack discoveredCheck equality middlegame short,https://lichess.org/2zGceFuf#53,
2HL8J,7k/8/4b2b/p1p1qp1p/2P2N2/1P1P3P/P4QP1/5RK1 w - - 0 31,f4e6 h6e3 f1e1 e3f2,1510,114,33,69,endgame equality pin short,https://lichess.org/mBoVPRHg#61,
2IwpT,5r1k/pp1n1p1P/2p1p3/3n2P1/2q5/2P2QK1/8/3R3R b - - 0 24,c4c3 f3c3 d5c3 d1d7,1588,135,100,48,equality middlegame short,https://lichess.org/7kHj7DH7/black#48,
2Mol2,1r3rk1/1q1nbppb/7p/1NppPP2/p2P2P1/4BN2/PP2Q2P/2R2RK1 w - - 1 22,d4c5 b7b5 e2b5 b8b5,1548,113,100,60,equality middlegame short,https://lichess.org/QSYMyAHp#43,
2NZK7,2k5/pp1n3Q/2p2p2/8/3b1P2/7K/Pr5P/8 b - - 0 29,d4g1 h7g8 c8c7 g8g1,1372,164,100,38,endgame equality fork short,https://lichess.org/vXo6oRS5/black#58,
2RNnO,r1b2k1r/pppp2pp/5n2/2q1b1N1/3nPP2/2NQ4/PP4PP/R1B1K2R b KQ - 2 12,h7h6 f4e5 h6g5 e5f6,1553,95,100,86,equality middlegame short,https://lichess.org/NTeCzO8m/black#24,
2UKbk,1R6/1P2rppk/4p2p/1n1p4/8/6P1/4qPBP/2R3K1 b - - 0 37,b5d6 b8h8 h7h8 b7b8q,1576,150,100,36,advancedPawn attraction endgame equality promotion short,https://lichess.org/zDiyoDne/black#74,
2Xi7P,8/3k1p2/2b3p1/4P3/1PpN1P1p/7P/3K2P1/8 w - - 2 37,d4c6 d7c6 e5e6 f7e6,1549,165,100,32,endgame equality short,https://lichess.org/WQQpUnrO#73,
2YeJ3,5r1k/R1p1n1p1/3q3p/3p4/1P2PnN1/2P4P/3Q1PPK/8 b - - 2 29,d5e4 d2d6 c7d6 a7e7,1380,140,100,56,capturingDefender equality middlegame short,https://lichess.org/OIAqc3L7/black#58,
2a6Xs,8/p1k5/5p2/2pPp1p1/2p1P1P1/Pr3P2/1B1R3K/8 w - - 3 36,h2g2 c4c3 b2c3 b3c3,1381,220,43,12,endgame equality fork short,https://lichess.org/uFnqlBOb#71,
2b61N,8/p4p2/6p1/PPkp4/2P5/4K1P1/8/8 w - - 0 35,c4d5 c5d5 b5b6 a7b6 a5b6 d5c6,1525,116,100,54,endgame equality long pawnEndgame,https://lichess.org/Tb6t0CQA#69,
2gLyn,8/5p2/2N3kp/6p1/2b1P3/1nP1RPKP/6P1/5r2 b - - 9 44,h6h5 c6e5 g6f6 e5c4,1373,132,100,59,endgame equality fork short,https://lichess.org/gUEQOBD1/black#88,
2iPuU,r1R2r2/pp6/5pp1/3Rp1k1/3N4/7P/PP3PP1/6K1 b - - 0 26,a8c8 d4e6 g5f5 e6f8,1395,108,100,67,endgame equality fork short,https://lichess.org/pIl8YjpU/black#52,
2k7dc,8/6p1/Q4p1p/1R2rk2/1P6/P3P1KP/5PP1/q7 w - - 2 36,b5e5 a1e5 f2f4 e5e3 g3h2 e3f4,1570,103,100,73,deflection endgame equality long,https://lichess.org/N2FACSVP#71,
2lNoz,2q1r1k1/1p1n1ppb/3p3p/1N2pP2/1PP1PnPB/rB1Q3P/8/1R3R1K w - - 2 29,b5d6 f4d3 d6c8 e8c8,1319,144,91,36,equality middlegame short,https://lichess.org/dKsuMMq5#57,
2muKS,2k5/2p5/p1R5/8/1P1B1n2/r1P5/5KPP/8 w - - 0 35,d4e5 f4d3 f2e3 d3e5,1389,95,100,81,endgame equality fork short,https://lichess.org/kf11xuIa#69,
2ogdu,4Q3/1p4pk/p3p3/3p4/4p3/2P3qP/PP1R2P1/6K1 w - - 3 36,e8e6 g3e1 g1h2 e1d2,1471,112,100,57,endgame equality fork short,https://lichess.org/9ie2xAfb#71,
2qPTQ,R7/4bpkp/6p1/1P6/K1R5/7r/P7/8 w - - 1 45,b5b6 h3a3 a4b5 a3a8,1543,148,100,45,endgame equality short skewer,https://lichess.org/TXwUua4a#89,
2sXIW,3r4/p3k1pp/p3pp2/2b2b2/Q4B2/3qPK2/P4PPP/6NR b - - 3 18,f5e4 a4e4 d3e4 f3e4,1453,106,100,90,equality middlegame short,https://lichess.org/HHQFOhBn/black#36,
2scIi,1r2r2k/Q5pp/p1p1q3/5p2/8/P1P3P1/1B3P1P/1R4K1 b - - 3 28,c6c5 c3c4 b8b2 b1b2,1552,155,100,59,endgame equality quietMove short,https://lichess.org/whLTmzZr/black#56,
2tFpl,r4rk1/pp1n1p2/2p1b2p/3p1Bp1/3Pn3/2P2NqP/PPQN2P1/R4RK1 w - - 2 17,d2e4 e6f5 e4f6 d7f6,1552,114,100,58,equality hangingPiece middlegame short,https://lichess.org/LJdsPhLR#33,
2uZ5y,4r3/ppp2kp1/5p2/3p4/1P1P1qb1/P1P2B2/4RK2/1N5Q b - - 7 27,e8e2 f2e2 f4e4 e2f2 g4f3 h1f3,1416,119,100,49,endgame equality long,https://lichess.org/esOvYHsF/black#54,
2vhCS,8/8/3R4/2p5/6kp/2K5/8/8 w - - 0 54,c3c4 h4h3 d6h6 g4g3,1317,83,100,149,defensiveMove endgame equality rookEndgame short,https://lichess.org/UG5lk2Dl#107,
2vpWd,6k1/p1Nq4/1p1p4/3Pp1P1/1P2P3/P4Qp1/1KP3r1/8 b - - 1 33,g2f2 f3g3 f2c2 b2c2,1514,118,100,73,endgame equality short,https://lichess.org/JJoEq7qQ/black#66,
2zjda,8/8/R7/B3r3/6p1/5k2/P1K5/8 w - - 0 52,a5c7 e5c5 c2b3 c5c7,1308,77,100,216,endgame equality fork short,https://lichess.org/FlH0HUYd#103,
318oF,5rk1/3P1p2/2p4p/4N1p1/4n3/2P5/P1q2PPP/3R1RK1 b - - 0 22,f8d8 e5c6 d8d7 d1d7,1460,91,100,105,endgame equality short,https://lichess.org/p44v4xVY/black#44,
31xKe,r2kr3/1b1nb3/pp4q1/3p4/PPNP2pp/2P3P1/4QPBP/R3R1K1 b - - 0 29,d5c4 g2b7,1481,119,100,69,equality hangingPiece middlegame oneMove,https://lichess.org/7BPgAI8u/black#58,
32GLu,4k3/2R5/6p1/7p/4rN1P/6K1/8/8 w - - 0 46,f4g6 e4g4 g3h2 g4g6,1362,113,100,70,endgame equality fork short,https://lichess.org/bKObw7vr#91,
32io7,6k1/4R1r1/p1p5/3pQ3/3P4/6P1/P3NP2/1q4K1 w - - 1 32,g1h2 b1h7 h2g2 g7e7,1549,321,33,14,endgame equality short,https://lichess.org/B1wm2Epq#63,
35Ien,r4r1k/7p/p5pq/1pPPpp2/3pP1Q1/P2P4/B4PK1/R4R2 w - - 0 26,f1h1 h6h1 a1h1 f5g4,1560,156,100,52,equality middlegame short,https://lichess.org/pQaCbLet#51,
37abj,rn3rk1/pp5p/2p1p1p1/2PqB2n/P2PR3/7P/1P3PP1/R2Q1BK1 w - - 1 21,e5d6 d5e4 d6f8 g8f8,1545,124,100,52,equality middlegame short,https://lichess.org/evhgo0E5#41,
38w0E,r3rk2/p1p2pp1/1p3q1p/3b4/2B5/P1P2PQ1/2P3PP/R3R1K1 w - - 0 23,e1e8 a8e8 c4d5 f6c3,1537,115,100,55,equality middlegame short,https://lichess.org/2N4LDCgU#45,
3AYOf,r6r/p3pkbp/1p2bp2/2p5/P6Q/3q4/1P1P1PPP/R1B1R1K1 b - - 1 17,d3d4 h4h5 f7f8 e1e6,1443,123,100,57,deflection equality middlegame short,https://lichess.org/cIonsnsS/black#34,
3AdsD,r2q3r/pp3k1p/3p1p2/2b1p3/2p1P3/3P3P/PPP2P2/R2QK1R1 b Q - 1 15,h8g8 d1h5 f7e7 h5h7,1559,126,100,59,equality middlegame short,https://lichess.org/4V3zp0Gk/black#30,
3Bjlv,2r3k1/p5pp/2Bb2b1/3p1n1q/3P4/2N3P1/PPP2PQ1/R5K1 b - - 0 23,c8c6 g2d5 g8h8 d5c6,1573,500,0,6,equality fork middlegame short,https://lichess.org/h8XyDsg1/black#46,
3H2qL,8/3k4/1b6/p7/7P/3n2PK/4R1N1/3r4 b - - 0 56,d1f1 e2d2 d7c6 d2d3,1465,157,100,47,endgame equality pin short,https://lichess.org/Z7cmX9oR/black#112,
3HFEz,3rqk2/1br2p1p/1p2p1p1/1p2N3/8/P1N2P2/RQ4PP/2R3K1 w - - 0 30,c3b5 c7c1 b2c1 e8b5,1422,108,100,77,equality middlegame short,https://lichess.org/SI9bK079#59,
3HTus,r2qr1k1/pp3ppp/3b2n1/1N1Pn2b/8/P4N1P/1B2BPP1/R2Q1RK1 b - - 4 16,e5f3 e2f3 h5f3 d1f3,1429,101,74,74,equality middlegame short,https://lichess.org/twiWGmQT/black#32,
3ISLB,3rk3/pP2b3/4Qp1q/3n1R2/4P1p1/P7/1PPN4/2K5 w - - 0 41,f5d5 h6h1 d2f1 h1f1,1370,164,66,28,endgame equality short,https://lichess.org/FbGzMD5n#81,
3MHcq,r7/5p2/p5p1/1pN1k3/8/1P3PK1/1r4P1/3R4 b - - 6 36,a6a5 c5d3 e5d4 d3b2,1486,117,100,52,discoveredAttack discoveredCheck endgame equality fork short,https://lichess.org/khXmM1ZJ/black#72,
3NbeA,rn2kb2/p1Q1p1p1/1pp1Pp1r/5P1P/3q4/8/PP5P/RNK5 b q - 1 17,b8a6 c7c6 e8d8 c6a8,1432,133,100,52,equality fork middlegame short,https://lichess.org/QnHoKjV3/black#34,
3OJso,7r/pk6/1p6/nP2p3/4P3/P3B3/4KR1P/6q1 b - - 3 41,a5c4 f2f7 b7b8 e3g1,1359,205,100,25,discoveredAttack endgame equality short,https://lichess.org/4XwmypZF/black#82,
3OSc4,3r1rk1/1p4qp/p2n1p1Q/4nP2/P1P1pR2/3p4/1P4PP/1B1R2K1 b - - 2 26,e5g4 h6g7 g8g7 f4g4,1530,120,100,56,attraction equality kingsideAttack middlegame short,https://lichess.org/MhdLdapG/black#52,
3OT18,4r1k1/pp4p1/4r3/6R1/4bRP1/2P5/1P6/2K5 b - - 1 31,e6g6 f4e4 e8e4 g5g6,1572,500,0,2,capturingDefender endgame equality short,https://lichess.org/P9mSSotJ/black#62,
3PAmF,6k1/6pp/5p2/3Pp3/npp1P3/B5P1/rPK2P1P/5B1R w - - 0 25,a3b4 a2b2 c2c1 b2b4,1482,135,100,58,endgame equality fork short,https://lichess.org/BT43o3Cb#49,
3QNYB,3r3k/1b4pp/p7/2qr4/3N4/P1P2P2/1PQ3PP/R3R1K1 w - - 7 34,e1e4 d5d4 e4d4 d8d4,1411,135,100,56,equality middlegame short,https://lichess.org/aoxZ2Urp#67,
3QmDY,8/p7/1pkP1R2/8/8/2r5/3K4/8 b - - 0 46,c3h3 d6d7 c6d7 f6f7 d7c6 f7a7,1363,234,0,17,advancedPawn attraction discoveredAttack discoveredCheck endgame equality long rookEndgame skewer,https://lichess.org/XtV5GRqg/black#92,
3S71O,2b2rk1/1q1n2pp/p7/n2p1p2/P2P4/3NP1P1/1Q3PBP/1R4K1 w - - 2 27,b2b7 c8b7 b1b7 a5b7,1513,81,100,136,equality middlegame short,https://lichess.org/CR7R40AP#53,
3STls,8/1p6/p4N2/2p5/2P2kp1/5p2/PP3R2/K7 w - - 5 47,f6g4 f4g4 f2f1 g4g3,1454,119,100,73,defensiveMove endgame equality hangingPiece short,https://lichess.org/IbKN7kxO#93,
3W1vT,1k1r4/ppp2p1Q/3p4/3Pp3/3q4/3P3P/PnPB1PP1/R3K2R w KQ - 3 20,h7e4 b2d3 e4d3 d4a1 d2c1 a1c1,1565,141,100,50,discoveredAttack equality long middlegame,https://lichess.org/8YpFB76p#39,
3W6d3,r5k1/pp1b2P1/4p1Q1/4Pp2/8/P1P1qP2/2n1n1PK/3R3R b - - 4 27,e3f4 g2g3 f4f3 d1d7,1557,166,100,32,defensiveMove equality master middlegame short,https://lichess.org/hK7dpQHX/black#54,
3Y0Hj,r4r2/5pk1/p1p3pp/1pQ5/3N4/3b4/Pqp3PP/R1R4K b - - 3 22,d3e4 c5e5 g7g8 e5e4,1545,102,100,61,equality fork middlegame short,https://lichess.org/H4Ie8iHN/black#44,
3Y2JO,r4rk1/1R3pp1/p1p1p2p/3pPn2/2qB4/2N2Q2/P1P2PPP/5RK1 w - - 3 18,c3e2 f5d4 e2d4 c4d4,1308,173,100,36,equality middlegame short,https://lichess.org/U2F58KrJ#35,
3asDC,2k5/8/8/6RP/4p3/4NnP1/5PK1/1r6 w - - 1 49,g5g4 b1g1 g2h3 g1h1,1556,120,100,83,endgame equality short,https://lichess.org/EUG1emWC#97,
3bcTB,3r3k/pp1r1pp1/5n1p/1q2BQ2/8/1B6/PP3PPP/2R1R1K1 w - - 11 31,e5f6 b5f5 f6d8 d7d8,1566,176,100,34,equality middlegame short,https://lichess.org/VNBgnTMA#61,
3cE4m,2r3k1/5pp1/p3p3/1pr4p/2nNPP2/P5RP/6P1/2R3K1 b - - 0 29,c4a3 c1c5 c8c5 g3a3,1572,114,100,55,endgame equality intermezzo short,https://lichess.org/uWeCafkQ/black#58,
3cShR,1r3b2/4kp2/4q2p/1B3b2/p2Qp3/P7/1PP2PPP/1K1R3R w - - 1 26,d4d7 e6d7 b5d7 f5d7,1434,121,100,53,equality middlegame short,https://lichess.org/qRxtvil0#51,
3fflO,5rk1/R1p2ppp/2Pp1n2/1P1Pp1q1/4P3/2Q2PP1/3NN1bP/4n1K1 b - - 6 30,e1f3 d2f3 g2f3 c3f3,1527,115,91,57,equality middlegame short,https://lichess.org/wspE6yiJ/black#60,
3g42K,6k1/p1R5/6N1/2pr2p1/Pp5p/1P5b/4r1PK/6R1 b - - 1 44,h3f5 g6e7 e2e7 c7e7,1309,89,100,117,endgame equality fork short,https://lichess.org/VGltUKSN/black#88,
3gQww,4rk2/pp3q1p/3Qn1p1/2p5/6P1/7P/PPP2P2/4R1K1 b - - 2 25,f7e7 e1e6 e7d6 e6d6,1562,129,100,49,endgame equality short,https://lichess.org/ITsQbmk8/black#50,
3hHfV,r3r1k1/1pp2pp1/6q1/p1PP3n/4P2p/P3BP2/2Q3PP/2R2R1K w - - 2 28,c2f2 h5g3 h1g1 g3f1,1590,138,100,41,equality kingsideAttack middlegame short,https://lichess.org/CtP1XDt8#55,
3ilXU,1r2k3/5pp1/p2bp1p1/3p4/3P4/1Pp2Pqr/P1P1QNP1/R2K2R1 b - - 1 20,b8b4 f2h3 b4d4 d1c1,1556,125,100,53,defensiveMove equality middlegame short,https://lichess.org/x4EUPTC2/black#40,
3itFu,r1bqr1k1/3n1ppp/p1N2n2/2ppp3/5Q2/2NBP3/PPP2PPP/R2R2K1 w - - 0 14,c6d8 e5f4,1428,141,100,47,equality middlegame oneMove,https://lichess.org/FiIKbwmS#27,
3mCJs,2r2rk1/p3bpp1/1pPp1n1p/2n5/3NPBq1/2N5/PPQ2PPP/2R1R1K1 w - - 1 18,c3d5 f6d5 e4d5 g4f4,1596,120,100,59,capturingDefender equality middlegame short,https://lichess.org/IjNpRLeV#35,
3mlAx,r7/p6p/kppp4/4r1p1/4Pp1q/3P3P/QP1K2P1/3R4 b - - 7 33,e5a5 a2c4 a6b7 c4f7,1566,258,11,14,endgame equality short,https://lichess.org/am0XcVQz/black#66,
3mvmK,r3k1nr/pp2qppp/4p3/1N1p4/P7/2P3Q1/5PPP/R3K2R b KQkq - 2 15,g8f6 b5c7 e8d7 c7a8,1439,104,100,78,equality fork middlegame short,https://lichess.org/TVpGNMvc/black#30,
3tXAr,1k6/1p3r2/p7/3p3N/3n2pP/PPR3P1/6P1/6K1 w - - 0 37,h5f4 f7f4 g3f4 d4e2 g1f2 e2c3,1499,103,100,74,endgame equality fork long sacrifice,https://lichess.org/VC6agefz#73,
3uSCD,r4rk1/pp1bppbp/3p1npB/q1p5/2BnP1PP/P1NP1P2/1PP5/R1Q1K1NR b KQ - 0 11,d4c2 c1c2 g7h6 g4g5,1477,118,100,88,equality middlegame short,https://lichess.org/lzd4vqsH/black#22,
3wUgD,8/p7/1b4R1/2p3p1/8/6PP/Pk4K1/8 w - - 2 43,a2a4 c5c4 g6g5 c4c3,1562,119,100,50,endgame equality quietMove short,https://lichess.org/LkztnXjr#85,
3x4sO,r5k1/6pp/p3q1p1/4P3/P5P1/1Kp2N1P/2P1QP2/5R2 w - - 0 29,e2c4 a8b8 b3c3 b8c8 c4c8 e6c8,1585,127,100,68,endgame equality long pin,https://lichess.org/lXb2wyAw#57,
3xxEo,1r2kr2/1b2n1b1/3qB1pp/B1p3N1/P2p4/3P4/5PPP/2RQR1K1 w - - 0 28,e6f7 f8f7 g5f7 e8f7,1573,120,100,56,equality middlegame short,https://lichess.org/3F2bBAdc#55,
41ihp,2kr3r/1pp3p1/p2b4/4qQ1p/1P6/P2P3P/2P1n1PN/4RR1K b - - 0 25,c8b8 f5e5 d6e5 e1e2,1459,123,100,61,capturingDefender equality middlegame short,https://lichess.org/sPaZoclK/black#50,
41zCU,rn3rk1/ppp1nppp/3b4/8/3q1B2/3B4/PPP3PP/R2Q1R1K b - - 1 14,d6f4 d3h7 g8h7 d1d4,1445,417,0,2,discoveredAttack equality kingsideAttack middlegame short,https://lichess.org/6MUyjcUw/black#28,
430b3,r1bq4/ppp2kpp/2np1n2/2b1p1B1/4P3/P2P4/1PP2PPP/RN1QK2R b KQ - 0 9,c5f2 e1f2 f6e4 d3e4,1350,84,100,133,equality hangingPiece middlegame short,https://lichess.org/N0wmq7Gp/black#18,
43rSf,r1bqkbnr/1pp1p1pp/p1np4/1B1P4/4p3/2N5/PPP2PPP/R1BQK1NR w KQkq - 0 6,b5c6 b7c6,1519,150,100,42,equality oneMove opening,https://lichess.org/QBitIPFI#11,
45NaD,r1bqk2r/p4ppp/2p5/P3p3/R2pn3/5N1P/2PPBPP1/2BQK2R w Kkq - 0 13,d2d3 e4c3 d1d2 c3a4,1404,97,100,90,equality fork opening short,https://lichess.org/UqlbI5TV#25,
45iNT,2r2k2/1R4p1/1Nn3p1/5pP1/2P1p2P/3p4/5K2/8 b - - 6 37,c8b8 b6d7 f8e8 d7b8,1381,110,100,62,endgame equality fork master short,https://lichess.org/PoNLuAZZ/black#74,
45owZ,3r3k/pppNr1p1/7p/4p3/2p5/6P1/PPP2P1P/3RR2K w - - 1 21,d7e5 d8d1 e1d1 e7e5,1550,191,100,29,endgame equality short,https://lichess.org/TFrqVwz5#41,
465df,1k1r3r/ppp1b1p1/4B3/7p/N4Pn1/1PB2Q1P/P1P3P1/3q1R1K w - - 1 26,f1d1 d8d1 f3d1 g4f2 h1h2 f2d1,1430,118,100,62,attraction equality fork long middlegame,https://lichess.org/pBWk2YyS#51,
470Rx,8/6k1/1b4p1/3R4/3P2r1/3K4/8/8 b - - 2 38,g7f6 d5d6 f6f5 d6b6,1313,128,100,64,endgame equality fork short,https://lichess.org/AXLF0nIO/black#76,
47C8r,6k1/p4pp1/7p/4q3/2Q5/1P6/PK1R3P/8 w - - 14 41,b2a3 e5a5 c4a4 a5d2,1534,118,100,52,endgame equality fork short,https://lichess.org/t3FomIVI#81,
47XMC,r4r2/pbq1b1k1/1pnpp2p/5pp1/8/2PQ2BP/PP1N1PP1/2KR1B1R b - - 3 19,c6b4 d3d4 e6e5 d4b4,1487,133,100,73,equality fork middlegame short,https://lichess.org/4VnOFoJw/black#38,
48VqB,2rqk3/pp3r2/1n2p1Q1/5n2/1PP5/P2B3P/1B4P1/R3K2R w KQ - 1 24,g6e6 f7e7 e1g1 e7e6,1577,143,100,50,defensiveMove equality middlegame pin short,https://lichess.org/Cq9VjPF1#47,
49Pul,2kr3r/pppq2p1/6np/8/4P3/P2P2PP/1P4P1/R2QR1K1 b - - 0 19,d7d3 d1g4 c8b8 g4g6,1495,140,100,50,equality fork middlegame short,https://lichess.org/JVCdWRfC/black#38,
4GlPl,1r3k2/p6p/5bpP/2pB1p2/5P2/2P1r1B1/P1K5/3R3R w - - 3 30,g3h4 e3c3 c2d2 b8b2,1452,138,100,58,equality middlegame short,https://lichess.org/yYmONZib#59,
4H3wT,7k/Br3ppp/5n2/3ppN2/8/5P2/P1r2P1P/R4RK1 w - - 1 24,a1b1 b7a7 b1b8 f6g8,1496,113,100,67,defensiveMove equality hangingPiece middlegame short,https://lichess.org/fEAma9Zs#47,
4I2y2,8/6p1/2p2k1p/1pNbbP2/pP4K1/B6P/8/8 b - - 5 47,g7g6 c5d7 f6e7 d7e5,1309,82,100,145,deflection endgame equality short,https://lichess.org/s6KzRbSl/black#94,
4I8Uv,5rk1/pb4pp/1p3p2/2p5/8/3PQP1P/qPP3PK/4R3 b - - 0 25,a2b2 e3e6 f8f7 e6e8,1383,86,100,119,endgame equality short,https://lichess.org/TdgA5OsF/black#50,
4IQX0,2k5/2p5/p7/1p6/6p1/1P2K1P1/P7/8 b - - 1 37,c8d7 e3f4 c7c5 f4g4,1375,127,100,50,endgame equality pawnEndgame short,https://lichess.org/gXdwEBRL/black#74,
4MveD,6k1/6p1/p7/8/1p2Q3/q3B1P1/5P1P/6K1 w - - 1 38,e3c5 a3c1 g1g2 c1c5,1399,123,100,59,endgame equality fork short,https://lichess.org/rtLIM0VM#75,
4Pg1e,4r3/pp1k4/2p1nq1r/2Np1p2/5Pn1/2P3Pp/PP2Q2P/4RRK1 b - - 8 26,e6c5 e2e8 d7c7 e1e7,1500,121,100,64,equality middlegame short,https://lichess.org/iIbMoHcU/black#52,
4WS0g,r3k3/pp3p2/2pqpn1R/4N3/3Pp3/2P1P3/PP3Pr1/R2QK3 w Qq - 0 18,h6f6 g2g1 e1d2 g1d1,1312,402,0,2,equality middlegame short skewer,https://lichess.org/HloKqTAO#35,
4X3RG,r1b3qk/ppp2pbp/3p4/8/2P1PP2/8/PP4QP/2KR1BR1 w - - 0 20,g2f3 g7b2 c1b2 g8g1,1426,85,100,116,discoveredAttack equality middlegame short,https://lichess.org/maWPg6hF#39,
4ZrZl,8/1p3kp1/p2pq2p/P1b1PP2/2b5/8/6PP/4QR1K b - - 0 27,e6e5 e1e5 d6e5 f1c1 c5b4 c1c4,1417,113,93,50,clearance endgame equality long,https://lichess.org/6SEtxh21/black#54,
4aE4d,5b1r/4pP2/4P1R1/k1n3P1/6K1/8/8/8 b - - 0 47,a5b6 g6g8 h8h1 g8f8,1352,107,100,77,endgame equality interference short,https://lichess.org/WH3ltcAw/black#94,
4aMEK,6k1/5pp1/2Q1p2p/1p1p4/1P1q1P2/6P1/7P/2R3K1 w - - 0 29,g1h1 d4e4 h1g1 e4e3,1484,125,100,57,endgame equality short,https://lichess.org/p4Xpqgpr#57,
4bFSB,3rkb1r/2q2pp1/p4n1p/1p1pn3/6b1/1B3N2/PPP1QPPP/R1BR1NK1 w k - 2 15,e2e5 c7e5 f3e5 g4d1,1337,110,100,81,equality middlegame short,https://lichess.org/KVhxyg8p#29,
4eEYi,8/p5R1/1p3npk/7p/8/4QqrP/P4P1K/7R b - - 1 31,f3e3 f2e3 g3h3 h2h3,1510,141,100,47,endgame equality short,https://lichess.org/7ybipiXz/black#62,
4kp1V,1r4k1/7p/1p1p2p1/pP1P4/P4R2/2N1nKPQ/7P/4q3 b - - 4 35,e1c3 h3e6 g8h8 e6e3,1514,129,100,55,endgame equality short,https://lichess.org/wwO4tZzx/black#70,
4ljAZ,3r4/1p4p1/p3pk2/P1b2p2/8/4r3/3R1NPP/3K1R2 b - - 13 38,d8c8 f2g4 f6g6 g4e3,1516,169,100,30,endgame equality pin short,https://lichess.org/IwMGcCDp/black#76,
4osYD,8/1p6/k1b5/p2n3R/8/5r2/3K4/R7 b - - 13 73,f3c3 h5d5 c6d5 d2c3,1527,160,100,31,endgame equality short,https://lichess.org/jz5bP2Hq/black#146,
4pnMe,3r2k1/p5p1/1pq1p2p/8/4Nr2/7P/Pb2QPP1/4RRK1 w - - 0 24,e2b2 f4e4 e1e4 c6e4,1327,90,100,104,equality middlegame short,https://lichess.org/TilnjpW5#47,
4v8K9,4q3/p4rkp/1p1R2p1/2p1p3/2P4N/1P2Q1P1/P4P2/6K1 w - - 6 32,g3g4 e8e7 d6d5 e7h4,1567,132,100,51,endgame equality fork short,https://lichess.org/J9ZCjSNt#63,
4vHB3,r4rk1/1b3pb1/2Nq1np1/p2pp2p/Q2B3P/3BP3/PP3PP1/2R2RK1 w - - 0 20,d4e5 b7c6 e5d6 c6a4,1490,246,33,13,equality middlegame short,https://lichess.org/OHvLWQVt#39,
4vmqS,8/3Q4/6p1/N1p1q3/8/1P4R1/2r3P1/1k4K1 w - - 0 59,d7d1 c2c1 d1c1 b1c1,1365,173,100,29,defensiveMove endgame equality pin short,https://lichess.org/6fmwkXol#117,
4yzPE,6R1/5n2/1P2k3/3p2p1/1r4P1/4K3/8/8 b - - 4 52,b4b6 g8g6 e6e5 g6b6,1362,90,87,84,endgame equality short skewer,https://lichess.org/pA8rBbcL/black#104,
52Q4f,4rr2/p1pk4/2pp3p/6pb/2B3P1/3P1N1P/PPP5/5R1K b - - 0 22,h5f7 c4f7 f8f7 f3e5 e8e5 f1f7,1421,104,100,80,attraction discoveredAttack endgame equality long,https://lichess.org/7RZMXn2P/black#44,
52z7i,r2qk1nr/pppb1ppp/2nb4/1B1N4/3Np3/P3P3/1PPP1PPP/R1BQK2R b KQkq - 0 7,c6d4 b5d7 d8d7 e3d4,1583,118,100,60,equality intermezzo opening short,https://lichess.org/J7abn2cQ/black#14,
573UQ,r3k2r/pppq3p/2np2Nb/4pb2/3P4/2PBP3/PPQN2P1/R3K2R b KQkq - 2 17,f5d3 c2d3 h7g6 d3g6,1303,143,0,52,equality middlegame short,https://lichess.org/0Bh0m7o9/black#34,
593Gt,r4rk1/ppp2ppp/6q1/2b3B1/6b1/2N2N2/PPP2PPP/R2QR1K1 w - - 0 15,c3d5 g4f3 d1f3 g6g5,1436,101,100,75,capturingDefender equality middlegame short,https://lichess.org/UmPmtK9P#29,
5Aj5A,1k5r/1pN3R1/8/8/2P1pp2/8/PP3RKP/4r3 w - - 0 28,c7d5 f4f3 f2f3 e4f3,1583,160,100,39,endgame equality short,https://lichess.org/6LW4WieJ#55,
5BbJd,8/6pk/p1p5/P2PPPr1/1Q4P1/2P5/5q2/3RR2K w - - 5 39,b4e4 f2h4 h1g2 g5g4 e4g4 h4g4,1493,135,100,63,endgame equality exposedKing fork long,https://lichess.org/DZGT2QX9#77,
5CAp9,8/6p1/5r2/8/3k2P1/8/4p1K1/R7 b - - 3 50,f6f1 a1f1 e2f1q g2f1 d4e3 f1g2,1490,134,100,42,defensiveMove endgame equality long rookEndgame,https://lichess.org/4sqNU66F/black#100,
5Co2x,r4bQ1/1pk4p/p3pp2/8/8/B5KP/Pq3PP1/n2R4 w - - 6 24,a3b2 f8d6 f2f4 a8g8,1321,135,100,50,discoveredAttack endgame equality short,https://lichess.org/DtqtpoCD#47,
5DAnm,8/1p3ppp/p7/P1kp4/2b5/R1N3PP/5r2/K7 b - - 1 40,f2f3 c3a4 c5b5 a3f3,1543,133,100,41,discoveredAttack endgame equality short,https://lichess.org/w1aNkLqn/black#80,
5FASJ,4rrk1/p5p1/1p1bpq2/1P2N2p/P2pQP2/3P4/3B2PP/1R3RK1 w - - 3 25,e4d4 d6c5 d4c5 b6c5,1560,111,100,59,equality middlegame pin short,https://lichess.org/JhFx1Uvh#49,
5HJ9C,2r2rk1/2R2pp1/p3pb1p/1p1b4/3P4/4PN2/PP3PPP/2R3K1 b - - 3 19,d5c4 c7c8 f8c8 b2b3 c8b8 b3c4,1520,437,27,6,equality long middlegame,https://lichess.org/m5TlGg7K/black#38,
5LIGe,6k1/5p1p/p5p1/N1pr4/8/2b1B3/P4PPP/4R1K1 w - - 0 24,e1b1 c3a5,1360,82,100,151,endgame equality hangingPiece oneMove,https://lichess.org/QUwnS9ym#47,
5NkhL,8/1b2k3/pPp1Prp1/P2p3p/2p1nP2/2P3PB/4R1KP/1R6 w - - 4 39,g2g1 e4c3 e2e1 c3b1,1317,129,27,45,endgame equality fork short,https://lichess.org/SQM2ooZe#77,
5OMn0,4r1k1/5pp1/7p/1p2q3/4p3/1B2QP2/P1P3PP/4R1K1 w - - 1 28,e3e4 e5c5 g1f1 e8e4,1574,115,100,53,discoveredAttack endgame equality short,https://lichess.org/4TffiWfO#55,
5Optw,6q1/4r3/4pk2/p2pRpp1/2pP3r/P1P4P/1P2Q1K1/4R3 b - - 9 40,g5g4 e5f5 f6f5 e2f2 f5g5 e1e5 g5g6 f2h4,1574,500,0,1,attraction deflection endgame equality fork sacrifice veryLong,https://lichess.org/p7FAN7BT/black#80,
5PN9G,8/7p/3k4/p1pP4/1p3K1P/1P2N3/4r1P1/8 b - - 0 47,e2b2 e3c4 d6d5 c4b2,1531,165,100,33,endgame equality fork short,https://lichess.org/o386P81C/black#94,
5PfwO,r3k1r1/ppqN1p1p/8/8/Q7/8/5PPP/5RK1 b q - 0 19,c7d7 f1e1,1422,119,100,61,endgame equality oneMove,https://lichess.org/MQo9YstW/black#38,
5PzIQ,1r3rk1/1pn1pp1p/p5pq/2pP4/P1N3Q1/2N4P/1PP5/3R1RK1 w - - 4 23,c4e5 h6e3 g1g2 e3e5,1329,114,100,76,equality fork middlegame short,https://lichess.org/cwNCiEjd#45,
5Q42i,r4rk1/p4Nb1/1p5p/2p2Qp1/8/2P3P1/P1P2PP1/6K1 w - - 13 30,f7h6 g7h6 f5g6 h6g7,1486,98,100,84,endgame equality hangingPiece short,https://lichess.org/LlXHTDfR#59,
5Qy3m,1k3r2/pp5p/4N3/4P3/8/2P2N2/PP4rP/7K w - - 0 25,e6f8 g2f2 f8h7 f2f3,1527,149,100,50,endgame equality short,https://lichess.org/wR8Owbov#49,
5RKrA,2r2rk1/6p1/5q1p/2p1p2P/3pP3/3P2Q1/P1K3P1/R4R2 b - - 1 28,f6f1 a1f1 f8f1 g3e5,1376,90,100,107,endgame equality short,https://lichess.org/xNWh5Azu/black#56,
5Tbjb,8/p7/1p6/5k2/P3nP1K/4r1P1/6R1/8 b - - 6 47,e3g3 g2g3 e4g3 h4g3 a7a6 g3f3,1379,84,100,109,defensiveMove endgame equality long,https://lichess.org/1kYHWCGC/black#94,
5eJG3,3r3r/1kq1bb2/2pp4/1p2pQ2/p5pP/P1N3P1/1PP1B2N/2KR3R w - - 3 24,f5f7 e7g5 h4g5 c7f7,1442,106,100,85,discoveredAttack equality middlegame short,https://lichess.org/8ZoSI2Rp#47,
5eeiW,8/2p1kr2/1b1p3p/4p2p/2Q2n2/P2P4/1PP5/1K5R w - - 3 35,h1h5 f4h5 c4h4 h5f6,1466,111,100,67,defensiveMove endgame equality hangingPiece short,https://lichess.org/HrFgjfws#69,
5erkU,r4rk1/1p1bqp2/p3p1pp/5n2/P3N3/1P3N2/5PPP/Q3R1K1 b - - 0 22,d7c6 e4f6 e7f6 a1f6 c6f3 g2f3,1576,341,0,5,equality long middlegame,https://lichess.org/5OuYmOTm/black#44,
5jrGG,8/1p1k2pp/5r2/3Pbn2/1r6/1P3RPP/P4RK1/3N4 b - - 3 32,f6g6 f3f5 g6g3 g2f1,1503,236,0,14,defensiveMove equality middlegame short,https://lichess.org/hJb9pWzz/black#64,
5mODH,6k1/5pp1/7p/4p3/PR1nr3/5P1P/6P1/5K2 b - - 0 45,e4e2 b4d4,1561,307,69,10,endgame equality oneMove,https://lichess.org/4UqCZKrO/black#90,
5mw9Z,5r2/1ppR2pk/1pq3rp/4p3/2B1P3/P1PQ1P1P/1P2RP1K/8 w - - 1 30,d7d8 f8d8 d3d8 c6c4,1362,80,100,144,equality middlegame short,https://lichess.org/FEwxh5oU#59,
5nBcG,1r4k1/5pp1/1p1Rp2p/1Pr1P3/1Q6/7P/5PP1/6K1 w - - 8 33,d6b6 c5c1 g1h2 b8b6,1379,119,100,63,endgame equality intermezzo queenRookEndgame short,https://lichess.org/owcyBHNj#65,
5ocjk,2br1rk1/ppq1p2p/2p3p1/5p2/3b1N2/1P2B2P/P1Q2PP1/3R1RK1 w - - 0 23,d1d4 d8d4 e3d4 c7f4,1376,109,100,78,capturingDefender equality middlegame short,https://lichess.org/aqKVU1FR#45,
5q86S,7Q/r2k1q2/bp2p1p1/p3Bp2/3PpP2/P3P3/1Pr3PP/R5K1 b - - 13 33,a6b7 h8b8 b7c8 b8a7,1532,82,100,135,equality middlegame short,https://lichess.org/jscykMXa/black#66,
5rAEP,1r6/3kb2p/3p2p1/3RP3/8/2B2n2/2P4P/2KR4 w - - 1 33,e5d6 e7g5 d5g5 f3g5,1465,129,100,71,endgame equality short,https://lichess.org/MUCvzzQn#65,
5s19P,1k5r/2p2pp1/5n2/7p/5b2/6P1/1q3P1P/R2R2K1 b - - 0 24,b2a2 a1a2 f4e3 f2e3,1560,256,67,15,endgame equality hangingPiece short,https://lichess.org/XrkVMIPt/black#48,
5wvoA,r2q1rk1/ppp2ppp/2n2b2/6B1/3p4/3B1Q1P/PPP2PP1/R4RK1 w - - 0 15,g5f6 d8f6 f3f6 g7f6,1483,137,100,34,equality middlegame short,https://lichess.org/AIqfP1nG#29,
5zH5w,3r2nr/p3b1p1/2p1k3/1p2P2p/1P3P2/P1PnN3/3N2PP/R1B2RK1 w - - 1 18,c3c4 d3c1 f1c1 d8d2,1571,156,100,37,capturingDefender discoveredAttack equality middlegame short,https://lichess.org/ChvQavXL#35,
60rLq,1r3k2/6p1/p4n1p/2p5/P7/1P5P/3Q2PK/1q4B1 b - - 1 51,b1f5 d2d6 f8f7 d6b8,1368,100,100,86,endgame equality fork short,https://lichess.org/Kg2COQGA/black#102,
61MUx,7Q/p1p1kppp/1b1p4/8/8/2P5/Pn1NqP1P/R1K2R2 w - - 0 20,c1b2 e2d2 b2b3 d2d5,1512,119,100,45,endgame equality hangingPiece short,https://lichess.org/e7UwkNKl#39,
623KH,8/1R6/5pp1/6k1/6P1/1B1n1K1P/8/8 w - - 1 46,b7d7 d3e5 f3g3 e5d7,1534,146,100,39,endgame equality fork short,https://lichess.org/6oGRJK9E#91,
680kP,r4rk1/p4pp1/1p2p2p/3p3P/6Q1/b3RN2/2q2PP1/4R1K1 b - - 1 22,c2f5 g4f5 e6f5 e3a3,1404,110,100,76,equality middlegame short,https://lichess.org/I0ErUqFf/black#44,
69f74,4r1k1/p1p2ppp/4b3/3N4/1PP5/P2P4/4Q1Pq/R1B2K2 w - - 0 23,c1f4 h2h1 f1f2 h1a1,1594,146,100,37,equality middlegame short skewer,https://lichess.org/YCYmn94b#45,
6IxZW,8/R7/4k3/8/2n3P1/1P1p3P/P7/6K1 w - - 0 39,a7a8 d3d2 g1f2 d2d1q,1425,111,100,66,advancedPawn endgame equality promotion short,https://lichess.org/X4P3d3CO#77,
6MHPa,r2qk2r/5pbp/p5p1/1pQnP3/6b1/1N6/PPP3PP/R1B2RK1 b kq - 2 18,g4e6 c5c6 e6d7 c6d5,1515,294,0,16,deflection equality opening short,https://lichess.org/3Ob8i3Gq/black#36,
6MpWI,r4rk1/1p4pp/2n1p3/pq1pP2P/3P1nB1/P3B3/5PK1/R2Q3R w - - 1 23,e3f4 f8f4 g4e6 g8h8,1562,117,100,50,defensiveMove equality middlegame short,https://lichess.org/HIyjFDqK#45,
6OKNY,6k1/5pp1/2p1r2p/2P2q2/1PQP4/3rpPP1/R5KP/5RN1 w - - 3 32,c4c2 d3d2 c2d2 e3d2,1506,161,100,47,advancedPawn equality fork middlegame short,https://lichess.org/NmiNzn9P#63,
6P13E,r1rq2k1/4Bpp1/b6p/3P3n/p5QP/P1R2p2/5P1P/4R1K1 b - - 3 33,c8c3 e7d8 a8d8 g4h5,1480,111,52,85,equality middlegame short,https://lichess.org/5LbOVetJ/black#66,
6RScQ,8/1q3bpk/7p/4R3/1P2p3/2P3P1/4Q2P/7K w - - 0 43,e2e4 b7e4 e5e4 f7d5 h1g1 d5e4,1548,105,100,79,attraction endgame equality long pin,https://lichess.org/1Bt7LFvQ#85,
6b1Bq,5r2/8/p2r1p2/1p2n3/2p1kRp1/P1P3K1/1P4P1/7R b - - 3 42,e4d3 h1d1 d3c2 d1d6,1534,180,0,44,endgame equality short skewer,https://lichess.org/sZIa7tPj/black#84,
6gkP2,rnb4r/5pk1/4pqP1/p2pNnR1/P2P4/2P5/1PQ2PP1/RN4K1 b - - 0 25,f7g6 g5g6 f6g6 e5g6,1367,143,100,57,equality fork middlegame short,https://lichess.org/M74oGeTl/black#50,
6i6l3,6k1/5ppp/8/brq1P3/4P3/2Q5/pPK3PP/3R3R b - - 1 32,a5c3 d1d8 c5f8 d8f8,1480,155,0,36,endgame equality short,https://lichess.org/5oXDTCOg/black#64,
6iZ85,2r1k3/p2q3r/2p5/2QbP1p1/1p2p2p/4P3/PP3PPP/3R1RK1 b - - 0 25,d7e7 d1d5 e7c5 d5c5,1579,171,0,32,equality middlegame short,https://lichess.org/mzkcVxWY/black#50,
6jAlg,r1b1r1k1/ppq4p/5p1Q/3nN3/8/2PB4/PP3PPP/R4RK1 w - - 0 20,e5g4 c8g4,1310,128,100,58,equality hangingPiece middlegame oneMove,https://lichess.org/EP3jcw1Y#39,
6ngoQ,8/1p2rpkp/1p3p2/1P6/2PRBPKn/8/7P/8 b - - 4 32,f6f5 e4f5 h4f5 g4f5,1593,153,100,32,endgame equality short,https://lichess.org/LTIsJj74/black#64,
6o0kp,r7/4k1p1/p1rpPqBp/2n5/8/6Q1/PPP2P2/1K1R2R1 w - - 5 27,g6e4 c5e4 g3g7 f6g7,1500,500,100,0,equality hangingPiece middlegame short,https://lichess.org/N5xLUc0p#53,
6oa4A,2rq1rk1/1b3pp1/p2ppbp1/1p5P/4P3/1BNQ4/PPP5/2KR3R b - - 2 20,f6c3 h5g6 d8g5 c1b1 g5g6 d3h3,1565,500,0,3,equality long middlegame,https://lichess.org/81nOKfqO/black#40,
6rlnO,r1q2rk1/4bpp1/P2p1n1p/3Np3/1Pb1P3/8/2PBQPPN/R4RK1 b - - 1 20,c4e2 d5e7 g8h7 e7c8,1574,155,100,28,equality fork hangingPiece middlegame short,https://lichess.org/Q4aVn5aE/black#40,
6sTuz,rn3rk1/pp3ppp/2p3q1/2b3B1/2Bp2b1/5N2/PPP2PPP/RN1Q1RK1 w - - 4 11,c4d3 g4f3 d3g6 f3d1,1553,114,100,62,equality opening short,https://lichess.org/NVvw2SVf#21,
6tUuw,8/1Kp5/P1p5/7p/7P/3p3b/2k3p1/6R1 b - - 0 50,d3d2 a6a7 d2d1q g1d1 c2d1 a7a8q,1395,179,0,30,advancedPawn endgame equality long promotion,https://lichess.org/ksT8syWx/black#100,
71DIm,4kr2/1p2n1R1/1p2N2p/3pP3/5B1P/1PP1K1P1/7r/8 w - - 1 28,e6f8 e7f5 e3f3 f5g7,1585,142,100,39,endgame equality fork short,https://lichess.org/GnSAkBmm#55,
74AqZ,2r4k/3R4/4P1R1/5PpP/2pK4/7P/1r6/8 w - - 2 43,e6e7 b2d2 d4e4 d2d7,1411,114,100,59,endgame equality rookEndgame short skewer,https://lichess.org/d6WdjdQA#85,
76lbK,1k2r3/pp5p/3p1b2/8/6Q1/3qBN2/PP4PP/4R1K1 w - - 9 26,g2g3 e8e3 g4g8 b8c7,1545,154,100,43,defensiveMove equality middlegame short,https://lichess.org/zllN61dw#51,
76mOh,1n1qk2r/3p1pp1/4bn1p/1P6/1bp5/2N2N2/2PB1PPP/3QKB1R b Kk - 2 15,b4c3 d2c3,1401,411,0,13,equality oneMove opening,https://lichess.org/IKa1QEok/black#30,
77bt0,3r1r2/pkp5/1pn2qn1/3pN2p/Q2P2p1/P1P5/3BRPPP/1R4K1 w - - 4 21,e5c6 f6c6 a4c6 b7c6,1546,140,100,41,equality middlegame short,https://lichess.org/KtGyyfUq#41,
77iHk,r4rk1/pppbbppp/8/4P3/6n1/2NB4/PPP2PPP/R1B2RK1 w - - 1 12,f2f4 e7c5 g1h1 g4f2 f1f2 c5f2,1349,124,100,55,equality kingsideAttack long middlegame,https://lichess.org/aeha3vTA#23,
77mei,4Q2R/ppkr1p2/5r2/3p1Nq1/3P2n1/1P4P1/1PP5/K7 b - - 0 34,g5f5 e8c8 c7b6 c8c5,1531,178,100,39,endgame equality short,https://lichess.org/xFGmkOPD/black#68,
780cv,6k1/5p1p/3p2p1/2P1p3/1Q2P3/3q2PP/7K/8 b - - 0 34,d6c5 b4b8 g8g7 b8e5,1389,94,100,82,endgame equality fork queenEndgame short,https://lichess.org/a0li2q3k/black#68,
7AoiJ,8/7p/7B/2n5/1p6/2p2R2/k4PPP/2K5 w - - 10 47,c1c2 b4b3 c2c3 b3b2,1579,145,100,38,advancedPawn endgame equality short,https://lichess.org/PXj9KTR8#93,
7D6IU,r4k2/p3R3/8/1p6/1B6/8/7r/2K5 b - - 0 28,a8c8 e7c7 f8e8 c7c8,1565,98,100,73,discoveredAttack discoveredCheck endgame equality short,https://lichess.org/NBYOZabO/black#56,
7Ee49,r4rk1/p1q2p1p/b3N1p1/1p1pP3/1P4Q1/2P5/P4PPP/2R1R1K1 b - - 0 20,f7e6 g4e6 c7f7 e6a6,1535,150,100,41,equality fork middlegame short,https://lichess.org/eonmSC2p/black#40,
7FKUB,r2qk2r/pp1npp1p/3p2p1/3Pn3/Q2NP3/P1P4B/7P/R1B1K2R w KQkq - 2 16,c1f4 e5d3 e1d2 d3f4 a4d7 d8d7 h3d7 e8d7,1463,121,100,56,equality fork middlegame veryLong,https://lichess.org/wG4heXEJ#31,
7H63e,1R6/6kp/p7/P4p2/3Kp3/rBP3bP/8/8 b - - 1 47,a3a5 b8g8 g7f6 g8g3,1593,101,100,73,endgame equality short skewer,https://lichess.org/uN1dB3dg/black#94,
7MdQx,1r1q2k1/p3n1pp/5n1r/4p3/1P2BpQ1/P1P5/3B1PPP/R3R1K1 w - - 5 23,g4e2 f6e4 e2e4 d8d2,1511,500,0,4,equality middlegame short,https://lichess.org/YQGv8Jue#45,
7QMtF,8/2k2p2/1pP4p/1P1Pp1p1/5bP1/3K1P1P/8/8 b - - 0 38,f7f6 d3e4 c7d6 e4f5,1522,159,100,44,bishopEndgame endgame equality short,https://lichess.org/Sp6SLBVh/black#76,
7RTdw,2kr1b1r/ppp3pp/4p3/2q1B2n/8/3B1N1P/PPP1Q3/RN2R2K w - - 7 16,e5c3 h5g3 h1g2 g3e2,1362,157,100,48,equality fork middlegame short,https://lichess.org/3xHHbpHD#31,
7S2BN,2k4r/ppp2ppp/2n1bn2/8/Q1P5/5B2/P2q1PPP/R4RK1 b - - 1 14,d2a5 f3c6 a5a4 c6a4,1572,141,38,45,equality middlegame short,https://lichess.org/4lEEjdvU/black#28,
7XcXT,2r3k1/5pbp/3p2p1/pp6/R7/8/2NR1PPP/5K2 w - - 0 28,a4a5 g7c3 a5b5 c3d2,1303,119,100,53,endgame equality fork short,https://lichess.org/QzI8Gg0G#55,
7YYfw,8/8/5p2/2R1b1kp/8/2N5/4r3/6K1 b - - 1 48,e2c2 c3e4 g5f4 c5c2,1359,103,100,75,discoveredAttack endgame equality short,https://lichess.org/IRPNZ5jq/black#96,
7ZJXy,rn3rk1/ppp3pp/4b3/2Q1pp2/5n2/1PNq4/PBPP1PPP/R3K1NR w KQ - 0 11,c2d3 f4d3 e1e2 d3c5,1522,449,0,1,equality fork middlegame short,https://lichess.org/qDA40RvI#21,
7ZTys,r5k1/5pp1/p4b1p/2p5/1nP5/1N6/PP4PP/R4RK1 w - - 0 22,b3c5 f6d4 g1h1 d4c5,1511,330,0,21,endgame equality fork short,https://lichess.org/dIhACXLS#43,
7c1lh,r4rk1/pp3ppp/3b4/2ppq3/4b3/1BP3P1/PP5P/RNBQR1K1 w - - 0 14,b3d5 e5d5 d1d5 e4d5,1559,154,100,41,equality middlegame short,https://lichess.org/4W8rGof8#27,
7f6nA,3r4/7R/pkp5/5p2/1b6/1P6/P1P2PPP/3N1K2 w - - 1 30,f1e2 d8d2 e2f3 d2d1,1375,101,100,77,deflection endgame equality short,https://lichess.org/jK6TjACh#59,
7g3hr,5b1r/5k1p/2N1bpp1/3p4/3r4/P7/5PPP/R3R1K1 b - - 1 22,d4c4 c6d8 f7e7 d8e6,1535,156,100,39,equality middlegame short,https://lichess.org/7rYdWImv/black#44,
7hSAJ,r3kbnr/p4p2/2pp1n2/1p5p/3PPB1q/1BP3pP/PP6/RN1QNRK1 w kq - 1 15,e1g2 h4h3 f4g3 h3g3,1340,151,100,47,equality middlegame short,https://lichess.org/TPOhSUxD#29,
7hn5a,r3k2r/5pp1/p1p1P2p/4Q3/8/bP6/qBP3PP/2KR3R b kq - 0 18,a3b2 e5b2 a2b2 c1b2,1331,78,100,205,equality middlegame short,https://lichess.org/LGwVD7p4/black#36,
7iRet,r3kbnr/1bqp1ppp/p1n1p3/8/4PB2/1Q1P1N2/PP3PPP/RN3RK1 b kq - 6 11,f8d6 f4d6 c7d6 b3b7,1506,125,100,44,equality opening short,https://lichess.org/5yILW548/black#22,
7kj8E,3rr1k1/5q2/pp4pb/3N4/1PP3Q1/P2R4/5P2/3R2K1 w - - 7 32,d5f6 f7f6 d3d8 e8d8 d1d8 f6d8 g4g6 h6g7,1404,92,100,87,defensiveMove equality hangingPiece middlegame veryLong,https://lichess.org/Oma59mp3#63,
7lZLx,r4r1k/p1pqn1Rp/1p1pNn2/3Pp3/1PP1bp2/P1B1P3/4BP1P/R2QK3 w Q - 1 18,e6f8 a8f8 g7e7 d7e7,1525,96,100,95,equality master middlegame short,https://lichess.org/Id6Wp8J4#35,
7oFZL,6k1/p5b1/7p/1p2Pq2/2pP1N1Q/P1P5/1P4PP/6K1 w - - 1 38,f4h5 f5b1 g1f2 b1b2 f2e3 b2c3,1528,122,100,60,endgame equality long,https://lichess.org/ejnND3X9#75,
7oMTa,3r4/pb6/1p1P1bkp/6p1/6PP/2P3B1/PP6/5RK1 b - - 0 27,g5h4 f1f6 g6f6 g3h4 f6e5 h4d8,1552,114,100,65,attraction endgame equality intermezzo long skewer,https://lichess.org/FIHxwc8N/black#54,
7ptAb,r1b1k1nr/pppp1ppp/2n5/8/1BBPq3/5N2/PP3PPP/RN1QK2R w KQkq - 0 9,d1e2 e4e2 e1e2 c6b4,1583,173,100,31,equality opening short,https://lichess.org/OFb60U3N#17,
7sIv1,r3qrk1/1b2b1pp/4p3/1pP1PpP1/pNpp1P1P/P1P1B3/4B1K1/1R1Q3R w - - 0 26,e2f3 b7f3 d1f3 d4e3,1553,351,0,7,equality middlegame short,https://lichess.org/8soq4hKS#51,
7tV6N,1r2k2r/p1q2ppp/2p1p3/3p4/4n1b1/Q3PN2/P3BPPP/RN3RK1 w k - 1 15,b1d2 e4d2 f3d2 g4e2,1557,140,100,54,equality middlegame short,https://lichess.org/jAd5ZdKg#29,
7w1G0,1r4k1/p1p1rpp1/3p3p/1P1P2b1/P7/1P5P/5PP1/R4RK1 b - - 0 23,e7e5 f2f4 e5d5 f4g5,1546,137,100,39,endgame equality fork short,https://lichess.org/Dc1JG5Gh/black#46,
806Fc,8/4p3/4P1k1/p2N2p1/P2p2P1/2p5/3K3P/8 w - - 0 40,d5c3 d4c3 d2c3 g6f6 c3d4 f6e6,1380,134,100,59,endgame equality long,https://lichess.org/D9uuawA6#79,
80kRz,6k1/1r3p2/6p1/p1P4p/P7/1P2r1PP/2B2RK1/8 b - - 0 37,b7b3 c2b3,1401,129,100,60,endgame equality oneMove,https://lichess.org/Isaw9hEy/black#74,
87XVp,8/5p2/2N3p1/1p3pPp/1Pb2k1P/2P5/3K4/8 b - - 2 61,f4g4 c6e5 g4h3 e5c4,1474,119,100,71,endgame equality short,https://lichess.org/ucVGNyO0/black#122,
88t2f,4r1k1/1pq2Np1/p1bb2np/8/2P5/PB1Q3P/1PP2PP1/R5K1 b - - 0 25,g8f7 c4c5 f7f6 c5d6,1425,96,100,85,discoveredAttack discoveredCheck equality middlegame short,https://lichess.org/GVGsyPxR/black#50,
89hTt,5k2/pp2bp2/2p1b3/4RP1P/4Q2n/8/PPP3rK/8 w - - 0 31,h2h1 e6d5 e5d5 c6d5,1563,233,100,28,endgame equality short,https://lichess.org/7oIfApnO#61,
8B1u6,r1bq1rk1/ppp3pp/2n5/3N1p2/3Pn3/P2BPN2/1PQ2PPb/R1B1K2R w KQ - 0 11,d3e4 f5e4 f3h2 d8d5,1572,93,100,90,capturingDefender equality opening short,https://lichess.org/rrsnUMMX#21,
8Binz,r2q1rk1/5pp1/4pb1p/p7/N2P4/2Q1PN2/1P3PPP/5RK1 b - - 0 19,d8d7 a4b6 d7b7 b6a8,1479,81,100,132,equality fork middlegame short,https://lichess.org/Ht33GcYm/black#38,
8CZEv,4r3/p2qrpkp/2p2Np1/1pPp2P1/1P1N3P/P1R1P1n1/3Q1K2/8 w - - 2 38,f6d7 g3e4 f2e1 e4d2,1404,146,100,51,equality fork middlegame short,https://lichess.org/oHj8UfBH#75,
8Eroa,4r1k1/1b2rpp1/3p1n1p/1Nq1bR2/P3P3/2PB1Q2/1P4PP/5R1K b - - 2 24,f6e4 d3e4 b7e4 f3e4,1595,439,0,1,equality middlegame short,https://lichess.org/sY36bAT4/black#48,
8FWvg,r1bq1rk1/1p2ppbp/p5p1/3p4/4n3/1PN1BP2/1PPQB1PP/R4RK1 w - - 0 14,c3e4 d5e4 d2d8 f8d8,1473,152,38,36,equality middlegame short,https://lichess.org/WeBDfqdA#27,
8GCSP,7r/5pp1/2k4p/R3pr2/1b1B4/1P3P2/PP2K1PP/7R w - - 1 26,a5e5 f5e5 d4e5 h8e8,1467,103,100,74,endgame equality pin short,https://lichess.org/WwH5hIcJ#51,
8Ga98,4k3/2p1n3/1p2R3/pP1P1p2/2Pr4/3B4/P4KPP/8 w - - 4 32,d3f5 d4f4 f2e2 f4f5 d5d6 c7d6,1467,102,100,85,endgame equality fork long,https://lichess.org/jxWBxFT9#63,
8HD9n,1r5k/3R3p/8/4p3/4Pp2/N7/2r2pPP/5K2 b - - 2 34,b8b1 a3b1 c2c1 f1f2,1435,97,100,91,endgame equality hangingPiece short,https://lichess.org/xZrjS4Om/black#68,
8JnWv,3Rr1k1/1p5p/pq2p1p1/4BpPn/2p2P2/8/PP2Q2P/3R2K1 w - - 10 41,g1g2 e8d8 d1d8 b6d8,1562,159,100,34,equality middlegame short,https://lichess.org/oqyHpx3m#81,
8MGxW,2kr2r1/pppq1p1p/2b2n2/3P4/2B3p1/BQP2P2/P5PP/R2R2K1 b - - 0 17,g4f3 d5c6,1332,133,0,58,equality master middlegame oneMove,https://lichess.org/bUEWLSwC/black#34,
8MzJ5,rn2k2r/pp2ppb1/2p3pp/8/P1p1N3/2B4P/1qQ2PP1/R3KB1R b KQkq - 1 16,g7c3 c2c3 b2c3 e4c3,1520,357,0,5,equality middlegame short,https://lichess.org/ifysJWs9/black#32,
8OscM,8/p5bk/2p1Q3/8/q3P3/3P4/P1P3P1/R6K w - - 4 32,e6b3 a4b3 a2b3 g7a1,1545,165,100,47,endgame equality short,https://lichess.org/ELhz2tKp#63,
8QWCG,8/5p2/4k3/2p1Npp1/2K1nP1P/6P1/8/8 b - - 2 52,e4g3 h4g5,1559,138,100,51,endgame equality knightEndgame oneMove,https://lichess.org/BO2SNO4A/black#104,
8VqgF,2kr4/ppp4p/6p1/5p2/1P6/P1q1b2P/1B4P1/1R3Q1K b - - 1 28,c3b3 b2f6 b3d3 f6d8 d3f1 b1f1,1560,151,100,39,endgame equality long,https://lichess.org/lKHU3TEq/black#56,
8W741,r2qk2r/pp2bppp/5n2/3p4/2nPN3/3Q1B2/PP3PPP/R1B1R1K1 b kq - 0 13,f6e4 f3e4 d5e4 d3c4,1577,120,100,50,equality opening short,https://lichess.org/L9a6s5Ji/black#26,
8ZSM0,r1b2rk1/pp3ppp/1n2p3/B7/3qp3/1Q4P1/PP2PP1P/3RK1NR b K - 1 14,d4c5 a5b4 c5b5 b4f8 b5b3 a2b3,1574,181,100,33,equality long middlegame skewer,https://lichess.org/zQZKFmE4/black#28,
8fQ3q,2k1R1nr/pq5p/n1pr2p1/5b2/6Q1/8/PP1P1PPP/R1B3K1 b - - 1 15,d6d8 e8d8 c8d8 g4d4 b7d7 d4h8,1499,95,100,85,attraction equality exposedKing fork long middlegame pin,https://lichess.org/m1rcLsKA/black#30,
8g8YO,8/6p1/1Bk2p2/4p2p/1b2P3/P4P2/1P3K1P/8 w - - 0 32,a3b4 c6b6 f2e3 b6b5,1556,144,100,48,endgame equality hangingPiece short,https://lichess.org/yl4ySNsF#63,
8h3WQ,2kr4/p1p5/1p3ppp/1P6/1B1P4/4K3/P5PP/1R6 w - - 0 26,b4e7 d8e8 e3d3 e8e7,1325,116,100,80,endgame equality pin short,https://lichess.org/7ln5wO56#51,
8h7od,8/8/2P4R/8/2P2k2/3R4/r5p1/4K3 w - - 4 52,h6h4 f4g5 d3g3 g5h4,1332,85,100,122,defensiveMove endgame equality rookEndgame short,https://lichess.org/fVBfhYWi#103,
8hrg0,3r4/1pq1kpbp/p2p2p1/3Qp3/2P5/BPn1P1P1/P4PKP/3R1R2 w - - 3 21,a3d6 d8d6 d5d6 c7d6 d1d6 e7d6,1408,104,100,75,equality long middlegame,https://lichess.org/CmpFhYBq#41,
8iolE,2k5/2p2ppp/pbp1p3/2N5/2p1P1n1/P3B1P1/1P3PBP/3K4 w - - 1 22,d1e2 g4e3 f2e3 b6c5,1458,85,100,114,capturingDefender endgame equality short,https://lichess.org/tGoICqx0#43,
8kKop,r1bqkb1r/p4ppp/1p3n2/3pP3/3Q4/5B2/PPP3PP/RNB2RK1 w kq - 0 11,e5f6 f8c5 d4c5 b6c5 f6g7 h8g8,1453,130,100,49,equality long opening pin,https://lichess.org/73NQChPP#21,
8lm63,rnb1r1k1/ppq1Bpbp/2p3p1/3p4/3P2P1/1BP2N1P/PP3P2/RN1QR1K1 w - - 1 15,e7d6 e8e1 d1e1 c7d6,1574,132,100,45,equality middlegame short,https://lichess.org/DKpQv3lg#29,
8nzLE,6k1/3n3p/4q3/pP5n/2p3p1/2P5/2NBrQ1P/RB4K1 w - - 1 41,c2d4 e2f2 d4e6 f2d2,1498,135,100,48,equality middlegame short,https://lichess.org/SpK03N6b#81,
8o1vr,5rk1/3Q1p1p/8/P7/2P2Pp1/4pbPq/R6P/2R3K1 w - - 0 36,a5a6 e3e2 a2e2 f3e2,1565,150,100,30,advancedPawn endgame equality short,https://lichess.org/2yteejuA#71,
8pCaT,1r2k2r/p1p1bppp/8/2PR2N1/4P3/Pn2B3/K3P1PP/5B1R w k - 3 21,e3d2 b3d2 d5d2 e7g5,1479,94,100,98,capturingDefender equality middlegame short,https://lichess.org/uvnkbWRc#41,
8qJd0,6k1/pp6/1bp3R1/4P3/8/5qp1/PP2RP2/5K2 b - - 0 37,g8f7 g6f6 f3f6 e5f6,1536,171,100,38,endgame equality fork short,https://lichess.org/x74V5O1I/black#74,
8qrEp,6qk/1b5p/p2n3B/1p2bn1Q/4p1P1/2P5/PP3P1P/4R1K1 b - - 0 31,f5h6 h5e5 g8g7 e5d6,1346,80,100,155,equality fork hangingPiece middlegame short,https://lichess.org/NghzQAYA/black#62,
8rddh,2kr3r/1p3pp1/p1pp3p/4p1qb/1PB1P3/P2P1P2/2P1K3/R1B2Q2 b - - 4 23,g5e7 f1h3 c8b8 h3h5,1363,118,100,82,equality fork middlegame short,https://lichess.org/ohU5cbhF/black#46,
8sHE6,8/pp3k2/4p3/5pB1/7P/4Q3/PP2nPP1/3q1N1K w - - 1 31,e3e5 d1f1 h1h2 f1g1 h2h3 g1h1,1487,143,100,51,endgame equality hangingPiece long,https://lichess.org/bD3XO2md#61,
8snW3,2r5/2qk1p2/3ppP2/pb2n1Q1/1p2P3/8/PPP4P/1KR5 b - - 0 32,e5d3 g5b5 d7d8 b5d3,1524,140,100,56,endgame equality fork hangingPiece short,https://lichess.org/Ye6wwrnm/black#64,
8uvEv,2r2rk1/1p1n2pp/p3pp2/R2q4/2NPp3/1P2P2P/2Q2PP1/2R3K1 b - - 2 22,d5a5 c4a5 c8c2 c1c2,1347,103,100,81,equality middlegame short,https://lichess.org/2bAzYg60/black#44,
8v2wu,7r/pppk1pp1/6p1/8/2P2nP1/B6P/P4P2/4RK2 b - - 2 21,f4h3 e1e7 d7d8 e7f7,1516,144,100,43,endgame equality short,https://lichess.org/j2yKRDme/black#42,
8vzkf,r2qk1r1/2p2ppp/p2b4/1p2p3/P2nn3/1BN3QP/1PP2PP1/R1B2RK1 w q - 0 14,c3e4 d4e2 g1h2 e2g3,1347,105,100,75,equality fork middlegame short,https://lichess.org/hIUDvXCB#27,
8ylrr,5r1k/7p/1b1p3q/P1p2p2/4pp2/2N1P1PP/3PQ1K1/R1R5 w - - 0 31,a5b6 f4f3 g2f2 f3e2,1550,141,100,36,advancedPawn endgame equality fork short,https://lichess.org/2TB45lBE#61,
93LVB,rk1r4/ppbR4/1q5p/3Q2p1/P7/6P1/1PP3PP/4R2K b - - 4 25,a7a6 d7d8 c7d8 e1e6,1584,411,0,2,equality middlegame queensideAttack short,https://lichess.org/asipcNdK/black#50,
95iwu,r1bq3r/ppppbkpp/2n5/3nP3/3N4/8/PPP2PPP/RNBQ1RK1 b - - 0 8,c6e5 d1h5 g7g6 h5e5,1486,162,100,47,equality fork opening short,https://lichess.org/2ve3dGUr/black#16,
96T1F,r4rk1/1b3ppp/p3p3/P6q/1pP1P1R1/2p2QK1/8/RN6 b - - 2 29,f7f5 g4g7 g8g7 f3h5,1519,111,100,73,discoveredAttack equality kingsideAttack middlegame short,https://lichess.org/FuuBqLGB/black#58,
978vk,r4nk1/pp2qNbp/2pNb1p1/3pP3/1Q1P4/5R2/PP3P1P/R5K1 w - - 1 24,b4b7 e7b7 d6b7 e6f7,1356,218,54,13,equality middlegame short,https://lichess.org/oAGVvQav#47,
97J4Z,2r2rk1/3qb1p1/1p1p4/pPpPpp1p/P1B3nP/5QP1/1P3NP1/4RRK1 b - - 1 26,e7f6 f2g4 h5g4 f3f5 d7f5 f1f5,1339,116,83,64,equality long middlegame,https://lichess.org/0ilrOmGa/black#52,
983zJ,rnb3k1/1pp1N1p1/p4n1p/8/3P4/5N2/PP3PPP/4R1K1 b - - 3 19,g8h7 e7c8 b8c6 c8e7,1495,151,100,43,equality hangingPiece middlegame short,https://lichess.org/gWzWUsds/black#38,
99uih,r4r2/2q1bp1k/p1P1b2p/2p2p1P/p7/3Q1N2/P1P2PP1/3R1RK1 b - - 1 23,e7d6 d3d6 c7d6 d1d6,1591,160,100,27,equality middlegame short,https://lichess.org/cPBe3YBe/black#46,
9App4,1r4k1/1p1b1p1p/5Pp1/p2p4/2pP1NP1/2P2P1P/PQ3RB1/4q1K1 w - - 1 26,f2f1 e1e3 g1h1 e3f4,1369,170,86,33,equality fork middlegame short,https://lichess.org/xTUf290j#51,
9B6Vl,3r2k1/R5p1/8/4Pp1p/5P2/P5P1/1PPr3P/2R3K1 w - - 1 29,a3a4 d2e2 e5e6 d8d2,1486,438,0,1,clearance endgame equality rookEndgame short,https://lichess.org/Dv8owSQw#57,
9CLBo,1nb2rk1/1pp1bp2/1p4p1/4p2p/r1N5/2BB1Q2/1P2KPPP/6NR w - - 0 19,g1h3 c8g4 c4e5 g4f3,1492,90,100,93,equality middlegame pin short,https://lichess.org/hTGMUFxE#37,
9CTrq,8/R6P/8/1p1k4/8/8/p5K1/1r6 b - - 10 64,a2a1b a7a1 b1a1 h7h8q,1540,128,100,54,advancedPawn endgame equality promotion short,https://lichess.org/mogytY0y/black#128,
9DUac,r2q1rk1/pbp1n1bp/1p2p1pB/4np2/7P/2N2N2/PPPQBPP1/2KR3R w - - 0 13,f3e5 d8d2 h6d2 g7e5,1576,276,0,8,equality intermezzo middlegame queensideAttack short,https://lichess.org/WZMEjzST#25,
9GlGW,r4rk1/5ppp/2N1b3/ppP5/8/3BP3/qb1Q1PPP/1N3RK1 b - - 0 23,a8c8 c6e7 g8h8 e7c8,1521,101,100,79,equality fork middlegame short,https://lichess.org/DSr3t1gf/black#46,
9GpQ3,r2qkb1r/p3pppp/B1p1bn2/3p4/P2p1B2/1Q2P3/1P3PPP/RN2K1NR w KQkq - 0 9,e3d4 d8a5 b1c3 a5a6,1408,105,100,83,equality fork opening short,https://lichess.org/TS7RKqlv#17,
9GtDT,2k2qr1/5p2/1p2pP1p/3pP1nP/p1pP2R1/P5Q1/1PPB4/2K5 w - - 0 36,d2g5 h6g5 c1b1 f8h6,1372,256,0,5,endgame equality short,https://lichess.org/giaATdAE#71,
9HUmU,3k1r2/p1p4R/b1p5/6p1/3P2P1/2P2rB1/P1P2P1P/4R1K1 w - - 5 29,h7c7 f3g3 h2g3 d8c7,1522,174,43,43,endgame equality short,https://lichess.org/KHi2W6J1#57,
9KJtk,2r3k1/2q1bppp/p3pn2/6B1/4b1N1/1Q3P1P/6P1/R3R2K w - - 0 35,f3e4 f6g4 h3g4 e7g5,1498,139,100,45,discoveredAttack equality middlegame short,https://lichess.org/HSnBd96f#69,
9L7A5,2r3k1/p4pp1/b3p2p/3pP1qn/P2P2P1/1N5P/5P1B/1B1QN1K1 w - - 1 26,f2f4 h5f4 h2f4 g5f4,1520,222,33,16,equality middlegame short,https://lichess.org/G9RwNtcB#51,
9Nn1t,6rk/Q5p1/3p3p/2p4P/2PqbP2/1P6/P5B1/R4R1K w - - 0 30,a1d1 e4g2 h1g2 d4e4,1596,145,100,49,attraction equality middlegame short,https://lichess.org/TeYbttds#59,
9ObwO,7k/p5r1/1pq2p2/6pp/3P3P/5NQ1/PP3PK1/4R3 w - - 0 30,h4g5 g7g5 g3g5 f6g5,1579,337,0,3,endgame equality pin short,https://lichess.org/7a4OWi0a#59,
9TSJY,r1r5/5pkp/2p1p1p1/p2n4/1P1P4/1BPb3P/1P3PP1/3RR1K1 b - - 1 22,a5a4 b3d5 c6d5 d1d3,1393,96,100,81,equality middlegame short,https://lichess.org/HsoQCeJ6/black#44,
9WhNW,8/N4p1p/5k2/5q2/8/1R4K1/P7/8 b - - 8 49,h7h5 b3f3 f5f3 g3f3,1528,113,100,68,endgame equality pin short,https://lichess.org/bqV4pKBJ/black#98,
9Yg4q,5R2/3k4/3p1Ppp/1p6/2n2PB1/6P1/3p2KP/4r3 b - - 5 49,d7c6 f8c8 c6d5 c8c4 b5c4 f6f7,1596,354,0,18,advancedPawn endgame equality long sacrifice,https://lichess.org/K52hmukO/black#98,
9ZrHr,8/4N2p/3p2p1/k1nPp1PP/2K1P1P1/8/8/8 w - - 3 60,h5g6 h7g6 e7c8 c5e4,1467,124,100,54,endgame equality knightEndgame short,https://lichess.org/RqaF2U7E#119,
9a9CC,r3r1k1/pp1q1pp1/2pb3p/3p3b/3P4/2NBR2P/PPPQ1PP1/4R1K1 w - - 0 18,e3e8 a8e8 e1e8 d7e8,1485,109,100,65,equality middlegame short,https://lichess.org/HWdI9YPw#35,
9bUC4,r2q1r1k/pp3ppp/3p4/3Bn1bb/4P3/1P3P2/PB2N1PP/R2Q1RK1 w - - 0 15,d5b7 d8b6 g1h1 b6b7,1546,103,100,69,equality fork middlegame short,https://lichess.org/i3sRP09i#29,
9cHJ5,r3qrk1/bpp3pp/2np1n2/p3p3/N3P3/PP3N2/2P2PPP/R1BQ1RK1 b - - 3 14,f6e4 d1d5 e8f7 d5e4,1537,132,100,64,equality fork opening short,https://lichess.org/bEFp0yC1/black#28,
9d5xk,r2q1rk1/p4ppp/2Qb1n2/4R1B1/2B3b1/2NP4/PPP2PPP/R5K1 w - - 1 14,g5f6 d8f6 c3e4 f6e5,1522,109,100,68,equality middlegame short,https://lichess.org/k5nIIrnX#27,
9dhgT,2n2rk1/pR5p/3p2p1/2p1pp2/2PpN3/3P2P1/P3PPBP/6K1 w - - 0 23,e4c3 d4c3 g2d5 g8h8,1503,117,0,60,endgame equality hangingPiece short,https://lichess.org/IAjCICr2#45,
9k6cp,r3r1k1/pb3p1p/1p1P2p1/3N1q2/8/1QN1nPP1/PP4P1/R2R2K1 w - - 1 23,d5e7 e8e7 d6e7 e3d1,1593,118,100,46,equality middlegame short,https://lichess.org/itKd1Y9S#45,
9nQb4,r1b1k2r/pp3ppp/n1pp1n2/q3p3/BP2P3/P2P4/2PQNPPP/R3K2R b KQkq - 0 10,a5a4 e2c3 a6c5 c3a4,1490,165,100,34,equality middlegame short trappedPiece,https://lichess.org/el5IYkI8/black#20,
9od3J,r6r/4ppk1/pn1p1np1/2pP1BQ1/1p2P3/1P3P2/q1P2P2/1NKR3R b - - 3 19,h8h1 d1h1 a8h8 h1h8,1580,500,0,1,equality middlegame pin short,https://lichess.org/zKeQ0ncc/black#38,
9pvdm,2r2rk1/1b3pp1/p3p2p/1p1pP3/4n1Pq/P1P5/2QBPPBP/R4RK1 b - - 2 19,h4g4 f2f3 g4h5 f3e4,1330,86,100,117,equality fork middlegame short,https://lichess.org/VArMAN38/black#38,
9sGd2,6qk/1p2bPrp/p1p2n2/5B2/P2P4/7Q/6PP/5RK1 b - - 0 33,g7f7 f5e6 g8g6 e6f7,1582,162,100,41,equality middlegame short,https://lichess.org/4JlWHvy1/black#66,
9tuDy,r3qrk1/pp2p2p/6p1/4Qbp1/6P1/7P/PPP2P2/2KR3R b - - 0 20,f5d7 e5d5 e7e6 d5d7,1572,133,100,43,equality middlegame short,https://lichess.org/pIgRTl78/black#40,
9vKMY,3r2k1/r4pp1/7p/2Pp4/N5Q1/4R2P/2q2PP1/R5K1 w - - 15 33,g4d1 c2d1 a1d1 a7a4,1450,106,100,78,equality middlegame short,https://lichess.org/ZgdHbIGu#65,
9xO5N,4q3/6pk/R3Brp1/7p/1Q6/1KP2P1P/PP6/8 w - - 6 41,b4e4 e8b5 b3c2 b5a6,1511,96,100,124,endgame equality fork short,https://lichess.org/MkDi6M7X#81,
9ybh5,Q7/5pkp/3p2p1/1qpP4/5P1B/4P3/1b2n1PP/5R1K w - - 2 26,a8c6 e2g3 h2g3 b5f1,1448,111,100,67,discoveredAttack endgame equality short,https://lichess.org/9y68oQ3k#51,
9z45Z,8/8/8/4r3/5k1p/1R4p1/6K1/8 b - - 1 56,f4g4 b3b4 g4h5 g2h3,1517,142,100,41,endgame equality rookEndgame short,https://lichess.org/qWCI8nrE/black#112,
9zGMY,rnb2rk1/pp2qppp/4p3/4P3/2Bp4/5Q2/PP3PPP/R1B1K1NR w KQ - 0 11,g1e2 e7b4 c1d2 b4c4,1377,120,100,65,equality fork opening short,https://lichess.org/4BG3w0hj#21,
A09Hi,2r4k/5Q2/p3p3/2r3p1/4q1n1/4N3/2p2P1P/2R2RK1 b - - 0 32,c5c7 f7h5 c7h7 h5g4 e4g4 e3g4,1565,139,100,47,equality long middlegame,https://lichess.org/65clnH39/black#64,
A0LFX,8/4k3/1p6/7B/1PP2K2/8/P3rpbP/3R4 b - - 0 46,f2f1q d1f1 g2f1 h5e2,1343,134,100,61,endgame equality short,https://lichess.org/rRvS3TYN/black#92,
A0ib8,2kr1b1N/ppp1p1pp/8/8/3P2R1/1PP5/P1nN3P/R3K3 w Q - 1 22,e1d1 c2e3 d1e2 e3g4,1545,126,100,45,equality fork middlegame short,https://lichess.org/M2lnlS2J#43,
A1f5g,8/1k1r4/prR1p3/3n3p/2RP1p2/P1B4P/1P3P2/6K1 b - - 1 30,d5c3 c6b6,1533,119,100,45,endgame equality oneMove,https://lichess.org/OoqurFXN/black#60,
A1odQ,8/kpp1q3/p2b3Q/3P4/5pp1/1P6/P1P3PP/3B1R1K w - - 0 29,g2g3 e7e4 d1f3 g4f3,1563,144,100,39,endgame equality short,https://lichess.org/JatMbJYK#57,
A4k5X,r1bq1rk1/pp1pnpp1/7p/8/4B3/5N2/P2N1PPP/R2Q1RK1 w - - 3 15,d2c4 d7d5 e4d3 d5c4,1444,129,100,52,equality fork opening short,https://lichess.org/rRUzdUHt#29,
A5Hgc,6k1/2R5/4q2p/1p1p2p1/1P6/4n2P/2P2QP1/6K1 w - - 0 39,c7c3 e3d1 f2d2 d1c3,1576,217,11,17,endgame equality fork short,https://lichess.org/It6gp0Z9#77,
A6aTc,5r1k/1pp2p1p/p2p4/P3b3/1PB5/8/7P/R4R1K w - - 2 31,f1f7 f8f7 c4f7 e5a1,1428,99,100,81,endgame equality short,https://lichess.org/LPFHxC02#61,
A8vmF,r5kr/1p2p1b1/p2pN3/3P3p/P7/4BQ2/1Pq3PP/R5K1 w - - 0 21,e6g7 c2b2 a1f1 b2g7,1387,282,0,6,equality fork middlegame short,https://lichess.org/ModFkgMt#41,
A9ffa,r2q2k1/p1p1b1p1/2p2r1p/8/4Q1b1/2NB4/PPP3PP/R1B3K1 w - - 0 16,e4g4 e7c5 c1e3 c5e3,1562,157,100,33,equality kingsideAttack middlegame short,https://lichess.org/zEq0XfPI#31,
A9u3v,8/pp2k1R1/7p/7q/4P3/3P4/PP3RKP/2r5 b - - 4 37,e7d6 f2f6 d6e5 f6f5 h5f5 e4f5,1505,111,100,61,endgame equality exposedKing fork long queenRookEndgame,https://lichess.org/SlZaltB7/black#74,
ACkHb,4n3/p1p1kp2/b1N1p2r/3p4/2pP4/P1P2B2/5P2/R3K3 b Q - 3 23,e7d7 c6b8 d7d6 b8a6,1459,126,100,50,endgame equality fork short,https://lichess.org/NavfSoiG/black#46,
AFvqY,8/8/pK6/1p6/1P6/P6k/4n3/8 b - - 1 50,e2d4 b6a6,1436,300,0,10,endgame equality knightEndgame oneMove,https://lichess.org/UPFWLyfO/black#100,
AIiM4,r2qr3/2p2ppk/p2p1n1p/1p1P4/4P1bQ/1P4NP/1P3PP1/R3R1K1 b - - 0 22,g4h5 g3h5 g7g5 h5f6,1332,127,100,49,equality middlegame short,https://lichess.org/aTbK8Nid/black#44,
AJNs1,2k2r2/ppp1nNpp/2q5/4BP2/2Q3PP/1P6/P2N4/2K5 w - - 3 28,c4c6 e7c6 e5g7 f8f7,1552,171,71,31,endgame equality short,https://lichess.org/zKGd7TLA#55,
AKHfv,4q1k1/p1p3p1/8/1p1nr3/2bQ1P2/2P4P/P4R1K/7B b - - 0 32,e5e2 h1d5 c4d5 d4d5,1549,109,100,52,equality middlegame short,https://lichess.org/NIvp8byN/black#64,
ALFcX,r2qr1k1/pppn1p1p/6p1/4b2n/3P2P1/2NB1Q1P/PP6/R1B2RK1 w - - 0 15,g4h5 e5d4 g1h1 d7e5,1571,330,0,2,equality opening short,https://lichess.org/SH2SNj4v#29,
AQbNL,r4k1r/pp3p2/6p1/2q1N2p/5pb1/2P5/PP4PP/3RQ2K b - - 1 22,g4d1 e5d7 f8g7 d7c5 h8e8 e1d1,1432,130,100,44,endgame equality fork long,https://lichess.org/8cV0iNx7/black#44,
AQvN4,4rr1k/6pp/6q1/1p1Qpp2/2pP4/2P1B1P1/1P1N1P1P/R5K1 w - - 2 28,d5b5 f5f4 e3f4 e5f4,1548,159,100,31,equality middlegame short trappedPiece,https://lichess.org/04A9W9Rx#55,
ATpW3,r7/p1pR3p/2p2Qpk/2P2p2/1P3P2/P5P1/7P/2K2qB1 w - - 1 33,d7d1 f1c4 c1b2 c4e2 b2c3 e2d1,1415,116,100,74,endgame equality exposedKing fork long,https://lichess.org/qepVrrsW#65,
AUHyP,1r1r4/pbk1b1Bp/4p3/1p3p2/5P2/2P3P1/PP4BP/2KR3R b - - 0 22,d8d1 h1d1 b7g2 g7e5,1449,128,100,61,equality middlegame short,https://lichess.org/xrhPO3lh/black#44,
AY4gC,r2qr3/ppp3k1/5bp1/4pb2/3n4/2P3NP/PP1P1PP1/R1BQ1RK1 b - - 0 16,d4c2 g3f5 g6f5 d1c2,1407,103,100,75,equality middlegame short,https://lichess.org/GmoyR2pB/black#32,
AZvCA,2k3r1/pp3pPp/8/2b4K/8/6P1/PP3P1P/nr3B1R b - - 2 19,g8g7 f1h3 c8d8 h1b1,1370,142,100,51,discoveredAttack endgame equality short,https://lichess.org/QrL1lxhI/black#38,
Abfaj,r7/2p4p/1pPrpkp1/p3NP2/P3PK2/8/6PP/2R4R w - - 0 26,g2g4 g6g5 f4e3 f6e5,1506,110,100,65,deflection endgame equality short,https://lichess.org/uQidxu21#51,
Ae8Zm,5k2/5pp1/1pr4p/2nN4/8/P2P2PP/1PP2P2/2K1R3 w - - 1 32,b2b4 c5d3 c1d1 d3e1,1549,152,100,44,endgame equality pin short,https://lichess.org/USMS3nHL#63,
AeTyE,rnb1k2r/pp1p1ppp/8/q2n4/1b1Np3/2N5/PP1BPPPP/R2QKB1R w KQkq - 0 9,c3d5 b4d2 d1d2 a5d5,1489,124,100,66,equality intermezzo opening short,https://lichess.org/sDSGbW1w#17,
AgNDz,4k3/R2b4/5p2/2N3p1/p1P5/r1P5/2K5/8 b - - 0 35,d7f5 c2b2 a3b3 c5b3,1596,144,100,52,defensiveMove endgame equality short trappedPiece,https://lichess.org/qVrDuvjI/black#70,
AgfuW,r7/p2n4/8/Bkp5/P1N3np/1P6/2P2rP1/3R2K1 b - - 0 34,b5c6 d1d6 c6b7 d6d7,1475,134,100,48,deflection equality middlegame short,https://lichess.org/AdFW0tri/black#68,
AiPRL,2kr4/1p3p2/p6p/1P6/2PR2bq/P7/5Qr1/R3N1K1 w - - 0 32,e1g2 h4f2 g1f2 d8d4,1473,154,100,46,equality middlegame short,https://lichess.org/CfuEASBK#63,
AidkV,r4rk1/ppp2R1p/3p2p1/3P4/q5P1/P1PPb2P/BP3Q2/5RK1 w - - 1 23,f2e3 f8f7 f1f7 g8f7,1343,96,100,87,equality middlegame short,https://lichess.org/8dHBxmLE#45,
AjW1K,4b1k1/1p1Nb1p1/1q2pp1p/pPNp4/P2P1P2/4P3/6PP/2Q3K1 b - - 1 27,e8d7 c5d7 b6d8 d7c5,1533,149,100,52,endgame equality short,https://lichess.org/JNaf4Kv1/black#54,
AkJ2R,r7/ppp4Q/3qkp2/8/3nPp2/2PP4/PK4PP/5R2 b - - 0 22,d4b5 h7f5 e6e7 f5b5,1553,111,100,67,endgame equality fork short,https://lichess.org/wBnO9126/black#44,
AkfDD,5rk1/p1p2q2/1p1p4/3P1r2/2Q2Ppp/6B1/P1P1R1PP/4R1K1 w - - 0 29,g3f2 f5f4,1510,113,100,63,equality middlegame oneMove,https://lichess.org/X6Y2bxnk#57,
AmmW4,r3k2r/pq3ppp/5n2/8/Qb1n4/8/PP1B1PPP/RN3K1R b kq - 1 13,d4c6 d2b4 b7b4 a4c6,1549,140,100,38,equality middlegame short,https://lichess.org/6rAdrV0M/black#26,
Amvan,1r5k/3n2b1/p2Bbnpp/3p1p2/3Pp3/2r1P3/3NBPPP/R1R3K1 w - - 0 26,d6b8 c3c1 a1c1 d7b8,1511,160,100,45,equality intermezzo middlegame short,https://lichess.org/ghd6bIN8#51,
AncRc,r7/5pk1/2p5/2Pp2q1/3PP3/p3P1r1/P3Q1R1/R6K b - - 0 40,g3g2 e2g2 a8h8 h1g1,1324,184,85,31,defensiveMove endgame equality pin short,https://lichess.org/8VKv56Vi/black#80,
AntIq,8/3q2k1/3b1pp1/1p1Q3p/1PpP4/2PbB1NP/5PP1/4R1K1 w - - 1 30,g3e4 d6h2 g1h2 d7d5,1467,107,100,69,discoveredAttack equality middlegame short,https://lichess.org/b106gBPw#59,
ArCj6,2k5/ppp3p1/2np3p/4p3/PPB1P3/2PP1r1q/6Q1/R5K1 b - - 1 21,f3g3 c4e6 h3e6 g2g3,1411,110,100,80,deflection endgame equality short,https://lichess.org/6RaIrRjf/black#42,
AtDh3,1r2k2r/p3qp2/2N1p3/3pP3/5P1p/1P4p1/P1Q3P1/2R2bK1 b k - 1 27,e7c7 c6b8 f1c4 b3c4,1563,195,0,29,equality middlegame short,https://lichess.org/4OJudUCi/black#54,
Atr0z,8/R4ppp/8/8/3K1k2/5P2/7r/8 b - - 7 47,f4f3 a7f7 f3g4 f7g7,1301,107,100,73,endgame equality rookEndgame short,https://lichess.org/4iezM0qd/black#94,
Au7O1,r1bqkbnr/5ppp/2p5/pp2p3/4P3/PP1P1N2/1P4PP/RNBQ1RK1 w kq - 0 11,f3e5 d8d4 g1h1 d4e5,1488,130,100,48,equality fork master opening short,https://lichess.org/1c2nNhIg#21,
AuKtg,r3r2k/pp4p1/1qp4p/4b3/2B1p2P/P1n1B3/1P2QPP1/2KR3R w - - 0 26,e3b6 c3e2 c4e2 a7b6,1549,115,100,64,equality intermezzo middlegame short,https://lichess.org/6pnKs4Ch#51,
Aud8J,r2q1r2/pb1nppbk/1pnp2pN/2p4p/4P3/2PP1N2/PPQ1BPPP/R1B2RK1 w - - 2 13,h6f7 f8f7 f3g5 h7g8 g5f7 g8f7,1371,118,100,58,equality hangingPiece long middlegame,https://lichess.org/QJYBZc9N#25,
Aw1Ko,6k1/5pp1/p7/1p3PP1/1q3PnP/3B4/4K3/2R5 b - - 1 37,b4b2 c1c2 b2c2 d3c2,1360,139,100,46,defensiveMove endgame equality short,https://lichess.org/UMNbY2HC/black#74,
AwDFe,r4r1k/pp1nNpp1/2pq1n1p/3P4/2B5/5Q1P/P4BP1/1R2R1K1 w - - 1 20,f2g3 d6c5 g1h2 c5c4,1516,98,100,93,equality fork middlegame short,https://lichess.org/1nEhK16H#39,
AxjDg,5bnr/B1k1qpp1/Bpp3bp/2n1p3/2Q1P1P1/2N2N1P/PPP2P2/2KR4 w - - 2 17,c4b4 c5d3 d1d3 e7b4,1404,148,100,41,discoveredAttack equality middlegame queensideAttack short,https://lichess.org/w8bc6pNi#33,
Ay1hj,rnr3k1/pp3p1p/1b2pp2/q7/3P4/P1N1P1P1/2Q1BP1P/2R1K1R1 b - - 0 16,a5c3 c2c3 c8c3 c1c3 b6a5 e1d2,1435,106,100,76,defensiveMove equality long middlegame,https://lichess.org/amxPOGfM/black#32,
AyMYz,r4k2/pp5p/2nq2pP/2p5/2P1B3/3P2R1/PP3P2/1K1R4 b - - 0 27,d6f4 g3f3 f4f3 e4f3,1574,142,100,40,endgame equality pin short,https://lichess.org/ywhe0HVc/black#54,
B1MQI,3r3k/pp1b1R1n/1q6/2pp2r1/7Q/1PPP3P/2P2PP1/R5K1 b - - 0 23,b6g6 f7h7 g6h7 h4g5,1566,124,100,45,deflection equality kingsideAttack middlegame short,https://lichess.org/PmY3Mhxl/black#46,
B3NID,8/6p1/7p/2n2P2/8/2K5/6P1/k7 b - - 0 49,c5e4 c3d4 e4g3 d4e5,1522,194,67,30,defensiveMove endgame equality knightEndgame short,https://lichess.org/PJyPO0uw/black#98,
B3nxv,2k1rb1r/3p3p/5pp1/B1p1P3/B2p1PP1/N2b2Rq/PP2QK1n/R7 b - - 1 20,h2g4 e2g4 h3g4 g3g4,1599,121,100,54,equality middlegame short,https://lichess.org/nAX0FLAV/black#40,
B4UmP,r1b2rk1/pp1p1ppp/2pN2n1/q7/5P2/P7/2PNB1PP/R2Q1RK1 w - - 1 19,e2c4 a5c5 g1h1 c5d6,1314,135,64,40,equality fork middlegame short,https://lichess.org/3bB26y61#37,
B6DcQ,r3qrk1/ppp3pp/2n5/2b1p2n/3NP3/P1P2P2/1P2Q1PP/RNB2RK1 b - - 2 14,e5d4 e2c4 e8f7 c4c5,1564,121,100,56,equality fork opening short,https://lichess.org/f2l23OI1/black#28,
B7EXb,2b2r2/rB4kp/p3p1p1/q1p1PnP1/5NQ1/2PP4/P2K1P2/R6R w - - 1 28,h1h7 g7h7 b7c8 f8c8,1451,162,0,22,equality hangingPiece middlegame short,https://lichess.org/yk3zEA3W#55,
B9FOA,5rk1/ppp2pp1/7p/2Pn4/5P2/3rB1PP/P5BK/2R1R3 w - - 0 23,c1d1 d3d1 e1d1 d5e3,1363,194,100,34,equality middlegame short,https://lichess.org/5VZARB3x#45,
BGIfa,6k1/1p1q4/p2Pn2p/P4pp1/1P1bNP2/6P1/6KP/2BQ4 b - - 2 36,f5e4 f4f5,1543,94,100,79,endgame equality oneMove,https://lichess.org/VmHLj1of/black#72,
BGf6q,3r2k1/8/P7/2Npb2p/1Pn4P/2P1r1p1/6P1/R2R2K1 b - - 0 36,e5b8 a6a7 b8a7 a1a7,1557,119,100,65,advancedPawn equality middlegame short,https://lichess.org/JtvzsOPB/black#72,
BHJLR,5k2/2q3bp/pR3p2/2pP2pQ/P1P5/8/5PPP/6K1 w - - 1 30,b6a6 c7b7 h5d1 b7a6,1480,107,100,81,endgame equality short,https://lichess.org/kZz0YoVt#59,
BHvzr,2r1r1k1/pn3p2/2p2n1p/6p1/1PP5/P4B1N/2P2PPP/3R1RK1 w - - 0 24,g2g3 g5g4 f3g2 g4h3,1435,116,100,65,equality fork middlegame short,https://lichess.org/UH2EzLMO#47,
BI7sn,r2q1rk1/1p4pp/p2pp3/2p1p1N1/3nP3/3P4/PP1QBPPP/R4RK1 w - - 0 14,a1b1 d4e2 d2e2 d8g5,1339,84,100,132,equality kingsideAttack middlegame short,https://lichess.org/7AC5SCpm#27,
BIrJG,B2q1rk1/6pb/n4p2/pp2p2P/8/P2PPQ2/1PP5/R3K2R w KQ - 1 22,h1g1 d8a8 f3a8 f8a8,1503,96,100,69,equality middlegame short,https://lichess.org/7s8qdjJL#43,
BIv4h,rn1qk2r/ppp2Bpp/5n2/2b1p3/5Bb1/3P1N2/PPP3PP/RN1QK2R b KQkq - 0 8,e8f7 f3e5 f7f8 e5g4,1543,123,100,50,equality opening short,https://lichess.org/21sshhyi/black#16,
BNDJs,r7/p7/1p3k2/3P1N2/3qRK2/2p3R1/8/8 b - - 2 43,d4d5 g3g6 f6g6 f5e7 g6g7 e7d5,1592,352,0,3,attraction endgame equality exposedKing fork long sacrifice,https://lichess.org/L9JOuSP1/black#86,
BPwdx,8/5B2/8/7p/1P1k3r/8/5K2/1R6 w - - 0 42,b4b5 h4f4 f2g3 f4f7,1565,139,100,50,endgame equality fork short,https://lichess.org/MagoqIY1#83,
BQGM6,5k2/pb3r2/1p4p1/5P2/4p1P1/1B1pb1BK/Pr6/R4R2 w - - 1 32,b3f7 f8f7 f5g6 f7g6,1596,164,100,43,equality middlegame short,https://lichess.org/OlIeUNla#63,
BTXaJ,2b1r3/5k1p/2p3q1/pp1rPp2/5Q2/2P1R1P1/PPB3P1/6K1 b - - 0 34,d5e5 e3e5 e8e5 f4e5,1551,141,100,35,equality middlegame short,https://lichess.org/yezw4wAj/black#68,
BWNCA,2kr1b1r/ppp3p1/3p1n2/5p2/3P2p1/4N3/PPPBR1PP/4R1K1 b - - 3 22,f6e4 e3f5 e4d2 e2d2,1505,99,100,70,equality middlegame short,https://lichess.org/Fq6wEEm0/black#44,
BXcwu,2r3k1/p2Rrppp/1pP1p3/2b5/P7/5N2/6PP/3R3K b - - 4 25,e7d7 c6d7 c8d8 f3e5,1524,177,100,39,advancedPawn endgame equality short,https://lichess.org/pMhZETOA/black#50,
BY8MH,8/8/Kp2k2p/2p1b3/2n3P1/7P/P3N3/1R6 w - - 3 46,a6b5 c4a3 b5b6 a3b1,1396,126,100,66,endgame equality fork short,https://lichess.org/ZPsGEpqa#91,
BZChm,r1bq1rk1/pp2npbp/2n3p1/2pN2B1/3p4/1B1P1N2/PPP2PPP/R2Q1RK1 w - - 2 11,g5e7 c6e7 d5e7 d8e7,1475,134,100,50,equality opening short,https://lichess.org/VizwNxi8#21,
BcItY,2n3k1/8/1R6/1p5r/1P1NKP2/P3P3/8/8 w - - 3 44,b6b5 c8d6 e4d3 d6b5 d4b5 h5b5,1328,89,100,100,endgame equality fork long,https://lichess.org/Dzo9OOVj#87,
Bd67p,8/8/1p2r2p/1P6/3kpK1P/8/2R5/8 b - - 2 46,d4d3 c2c6 e6c6 b5c6,1434,128,100,54,endgame equality rookEndgame short,https://lichess.org/8RYsfPZn/black#92,
BdpUo,8/1p2N3/p6k/3p2nP/2pPn1PK/P7/8/8 b - - 7 58,e4f6 e7f5 h6h7 h4g5,1443,101,100,87,deflection endgame equality knightEndgame short,https://lichess.org/8Exfk1bJ/black#116,
Be794,2r3k1/5pp1/3p3p/p2Pn3/Pp2N2P/1P4P1/r7/3Q1RK1 w - - 0 30,e4d6 c8c2 d1c2 a2c2,1564,133,100,47,endgame equality quietMove short,https://lichess.org/xqt7QTTj#59,
BeMyD,8/2R2p2/6pp/8/Pk3r2/1P2n1KP/6P1/8 w - - 4 53,g3f4 e3d5 f4e5 d5c7,1506,134,100,42,endgame equality fork short,https://lichess.org/t266W6vm#105,
BedIU,r6r/pp1n1k2/2p1p2p/5q2/3P2n1/2P2N2/P1PBQPP1/2K1R3 b - - 1 20,a8d8 f3h4 f5f6 e2g4,1557,375,0,2,discoveredAttack equality middlegame short,https://lichess.org/DHEUImwy/black#40,
BgjjK,8/8/3R4/3np1P1/4k1P1/8/3K4/8 w - - 3 67,d6d5 e4d5 g5g6 d5e6,1519,198,0,19,defensiveMove endgame equality hangingPiece short,https://lichess.org/ylndp7Ju#133,
BhZtx,1r3rk1/Q2p2p1/3p3p/3Pnp1q/P7/6P1/1P2RPBP/R1B3K1 w - - 1 26,a7a6 b8a8 a6d6 h5e2,1524,424,20,5,equality middlegame short,https://lichess.org/OfX7lNuu#51,
Bheiw,2k2bnr/pppr2pp/2n5/3q4/5BB1/8/PPP2PPP/R2Q1RK1 w - - 0 14,g4d7 d5d7 d1d7 c8d7,1455,116,100,61,equality middlegame short,https://lichess.org/NmJNMyuT#27,
BnOx3,8/8/1p2k1R1/p1b2pBp/P3p2P/1r6/4KPP1/8 b - - 0 35,e6f7 g6f6 f7g7 f6f5,1398,167,100,35,endgame equality short,https://lichess.org/XVJgTnjV/black#70,
Bo1Ze,1r4k1/p5p1/1p1p3p/2p1p2P/PP4Bb/2P1q2P/8/RN3R1K b - - 1 27,b8f8 g4e6 g8h7 f1f8,1449,126,100,53,deflection equality kingsideAttack middlegame short,https://lichess.org/BFngXywS/black#54,
BsKND,6rk/ppp2qrp/8/4Q3/3P4/P4N1P/1n3PP1/4R1RK w - - 2 27,d4d5 b2d3 e5d4 d3e1,1339,75,100,235,equality fork middlegame short,https://lichess.org/PUsyBEAl#53,
BwM6Y,2r1k3/4qp2/p3p2Q/1p1b4/2n5/1N3P2/PPP3B1/R3K3 b Q - 0 22,c4b2 h6h8 e8d7 h8b2,1501,123,100,74,equality fork middlegame short,https://lichess.org/x9Xbkgo5/black#44,
Byhwp,4r1k1/2p3p1/p1pb2b1/1p4Pp/4P2N/3P3P/PPP5/5RK1 b - - 0 24,g6h7 g5g6 h7g6 h4g6,1306,195,100,39,endgame equality short trappedPiece,https://lichess.org/kBmv8Rgb/black#48,
BylNO,1q2r3/3Q1pkp/p5p1/1p2b1N1/2p5/P4P1P/1P4P1/3R2K1 b - - 0 31,e8f8 g5e6 g7g8 e6f8,1420,147,100,38,endgame equality pin short,https://lichess.org/SkkceFTk/black#62,
Bz1Cn,8/6pk/Q2p3p/4p3/1Pp2q2/P6P/5rP1/6RK b - - 0 34,c4c3 a6d3 e5e4 d3c3,1554,199,100,31,endgame equality short,https://lichess.org/h24FoQ6E/black#68,
BzDcH,4r3/pbpp3k/1pn1n1pp/3Np3/4P1PP/3PP2R/PPP5/2K2N2 b - - 0 22,c6e7 d5f6 h7g7 f6e8,1433,124,100,50,equality fork middlegame short,https://lichess.org/RG0xn0J3/black#44,
C0WZb,2kr1r2/1b1pqpQp/p3p3/1p6/5n2/1B1P1P2/PP4PP/2R1R2K b - - 2 21,c8b8 g7e5 b8a8 e5f4,1374,105,100,79,equality fork middlegame short,https://lichess.org/DHQeN5X9/black#42,
C2V0r,rnb1k2r/pp1p2pp/8/4ppB1/1bP1N3/4P3/Pq1N1PPP/R2QKB1R w KQkq - 0 10,d1h5 g7g6 e4d6 b4d6,1363,121,100,51,equality middlegame short,https://lichess.org/ArG5t0jA#19,
C2VtR,4r3/6bk/3p3p/1p1P1Pp1/p5Q1/P1P2N2/3p2P1/1BqR3K w - - 2 34,f3d2 e8e1 d1e1 c1e1,1542,113,100,69,equality middlegame short xRayAttack,https://lichess.org/oUXdyJT8#67,
C3Uix,1r4r1/pBpk1p1p/4bB2/8/P7/4P1b1/2PN4/1R1K4 b - - 0 23,e6d5 b7d5 b8b1 d2b1,1369,126,100,55,equality hangingPiece middlegame short,https://lichess.org/e862tl5w/black#46,
C4lin,8/p4N2/1p2P3/4Pp2/7k/P6r/1P3r1P/3Q3K w - - 7 44,d1e1 h3h2 h1g1 h2g2,1446,117,100,59,endgame equality short,https://lichess.org/fzw2cJw3#87,
C7nk5,2r2r1k/R3R1p1/7p/p2Bn3/8/8/8/6K1 b - - 4 40,e5c6 d5c6 c8c6 e7g7,1553,117,100,44,endgame equality master short,https://lichess.org/uKdDfL7p/black#80,
C8CkB,r2r2k1/ppq5/4pp1Q/2P2pN1/1p1P1b2/P3R2P/5PP1/5RK1 w - - 0 24,g5e6 f4h6,1311,255,0,10,equality hangingPiece middlegame oneMove,https://lichess.org/jgUuJVFl#47,
C8Ymz,6k1/pp1n1ppp/2p5/7b/8/BBP2N1P/P1P1r1P1/5RK1 w - - 0 21,f1e1 h5f3 e1e2 f3e2,1548,138,100,45,equality middlegame short,https://lichess.org/eSUuWAPp#41,
CAAdw,2r2rk1/4Rpp1/B4pbp/2p5/1q1P1n2/4NN2/P4PPP/R1Q3K1 w - - 0 21,a6c8 f4e2 g1h1 e2c1,1407,100,100,87,equality fork middlegame short,https://lichess.org/HCht9fJF#41,
CAtUu,2kr4/2p2Rpp/2b1p3/4P3/1b2P3/2N4P/Pq2N1P1/2Q4K b - - 2 25,b4c3 c1c3 b2c3 e2c3,1555,127,100,50,equality middlegame short,https://lichess.org/cJhZHOou/black#50,
CB7y2,8/1p3kpp/2P1p3/2r1R3/5P2/3p2PP/3R1K2/2r5 w - - 0 37,e5c5 c1c5 c6b7 c5b5,1592,102,100,68,endgame equality rookEndgame short,https://lichess.org/gqKWCI55#73,
CECH3,r4knr/pBp1p1b1/1p2n2p/2q1P3/2P2B2/4QP1P/PP4P1/3R1RK1 b - - 0 21,c5e3 f4e3 a8b8 b7d5,1451,141,100,50,equality middlegame short,https://lichess.org/solzzQPA/black#42,
CEsVE,r5k1/1ppn2p1/1p3rqp/3pN3/8/P1PP2NP/1P2Q1PK/R7 b - - 0 27,a8e8 e5g6 e8e2 g3e2,1465,93,100,100,equality middlegame short,https://lichess.org/2ZrpxZVz/black#54,
CIPI1,r1b2b1r/ppp1kBpp/5p2/n3p1N1/3q4/5Q2/PPP2PPP/RNB1K2R w KQ - 2 11,g5e6 c8e6 f7e6 e7e6,1561,151,100,42,equality opening short,https://lichess.org/GKxC1ZcL#21,
CJruY,8/pp5p/7P/2Pp1k2/1P4p1/2P3K1/8/8 b - - 1 47,f5g6 g3g4 a7a6 g4f4 g6h6 f4e5,1589,175,100,34,endgame equality long pawnEndgame,https://lichess.org/962AvQ7t/black#94,
CJu4q,8/6k1/8/1R6/1P1PK2P/r3B1P1/4n3/8 w - - 3 57,e3f4 e2c3 e4d3 c3b5,1563,165,100,40,discoveredAttack discoveredCheck endgame equality fork short,https://lichess.org/kdrPLlKJ#113,
CLKoJ,r2r1nk1/1p3p2/p2p1q2/P1pP1NbQ/4PpPn/1PP4P/4B3/5RRK b - - 0 32,f8h7 f5h4 g5h4 g4g5,1534,458,0,4,equality middlegame short,https://lichess.org/s2Ndqql3/black#64,
CLLMv,rn3rk1/pp4bp/2p1p1p1/5P2/4R1P1/3B4/q1P3Q1/3R2K1 b - - 0 28,e6f5 d3c4 g8h8 c4a2,1467,153,100,37,equality fork middlegame short,https://lichess.org/V63c0f1n/black#56,
CLYPD,7r/B2kppbp/6p1/1p6/2pP4/4P1P1/1P3P1P/4K1NR w K - 0 19,g1e2 h8a8 e1d2 a8a7,1557,167,100,48,endgame equality short,https://lichess.org/gWURLf4w#37,
CMHvR,r3k2r/p4ppp/2pBp3/1p1nP3/1n1R4/1P1Q4/1qPKBPPP/7R w kq - 8 20,d6b4 d5b4 d3c3 b2c3,1493,158,100,50,equality middlegame short,https://lichess.org/KJOSiRIA#39,
CNQqG,5k1r/1R6/pp2p3/4P2p/2P1p3/5p2/PP2B2K/8 w - - 0 40,e2f1 e4e3 h2g3 e3e2 f1e2 f3e2,1557,210,0,16,advancedPawn endgame equality long,https://lichess.org/zn2ScIwn#79,
CRYab,r7/1p1k3p/p1q1pn2/3p4/2P5/B6Q/5PrP/1R3RK1 w - - 0 23,h3g2 a8g8 g2g8 f6g8,1591,166,100,34,equality middlegame pin short,https://lichess.org/qL4nKVqi#45,
CSkma,r1bqk2r/pp2pp1p/5bp1/3p4/3n4/3Q4/PPP2PPP/RNB1KBNR w KQkq - 0 10,c2c3 c8f5 d3d4 f6d4,1566,167,100,32,equality opening short,https://lichess.org/EJZskjGV#19,
CT3LA,5rk1/pbR4p/1p2p1pP/5rp1/3q4/8/P4PPQ/5RK1 b - - 1 24,f5f7 c7f7 g8f7 h2c7,1338,118,100,70,attraction equality middlegame short,https://lichess.org/IlKzyarV/black#48,
CUuSA,8/3kn3/1pp5/p2P4/4P1Qp/7K/P5P1/4q3 b - - 1 51,d7d6 g4e6 d6c5 e6e7,1491,117,58,58,deflection endgame equality short,https://lichess.org/IBxGYuPz/black#102,
CYFRT,4q3/p1R1b1k1/1p2p3/1b2Pp2/3P1Pp1/1Q2B1P1/2KN4/7r b - - 3 40,b5a4 c7e7 e8e7 b3a4,1562,149,100,38,deflection equality middlegame short,https://lichess.org/0Dd2QiaZ/black#80,
CZja7,rnb2rk1/pppq2b1/3p2pp/6B1/2P1PNn1/2NP3B/PP3P1P/R2Q1RK1 w - - 2 13,h3g4 d7g4 d1g4 c8g4,1301,128,100,64,equality fork middlegame short,https://lichess.org/02ZKGWBm#25,
CfgoW,r5k1/4R2p/6p1/p3bp2/P2n1N2/4B1P1/1P3P1P/6K1 w - - 0 26,e7e5 d4f3 g1g2 f3e5,1434,256,100,12,endgame equality fork short,https://lichess.org/y302MXUj#51,
CjfpS,2k2rB1/pp1b1PQ1/8/qP1R2B1/2P1p3/P5P1/5PK1/7r w - - 0 35,g2h1 a5e1 h1h2 e1f2,1401,141,100,61,equality middlegame short,https://lichess.org/sugDpS4P#69,
ClV0R,1r3q2/6pk/P2R3p/8/3QP3/7P/5PP1/6K1 w - - 1 38,a6a7 b8b1 d4d1 b1d1,1307,105,100,83,endgame equality short,https://lichess.org/bgxuv9bI#75,
CoRTn,8/8/8/7p/7P/5pk1/8/6K1 b - - 9 59,f3f2 g1f1 g3h3 f1f2,1378,381,0,4,endgame equality pawnEndgame short zugzwang,https://lichess.org/CR3TF5GO/black#118,
CpRXM,8/6R1/8/5r2/6k1/7p/6pK/8 b - - 2 63,g4f4 h2h3 g2g1q g7g1,1589,105,100,75,endgame equality rookEndgame short,https://lichess.org/xtMe4q9H/black#126,
CsLnn,7r/1ppnb3/p6p/3k1N2/3Np1r1/2P5/1P3PPP/4R2K b - - 3 26,e7f6 f5e3 d5d6 e3g4,1503,129,100,57,equality fork middlegame short,https://lichess.org/BoSCD6pk/black#52,
Csg6l,r5k1/pp2pN1p/2p3p1/2p5/2nb2r1/2N5/PP4PP/4RR1K b - - 3 19,e7e5 f7h6 g8g7 h6g4,1495,104,100,77,equality fork middlegame short,https://lichess.org/KcObxf6Y/black#38,
Ct4em,r5k1/p1p2ppp/1pn5/3p2qb/3P3n/2P2P2/P1P1Q3/1K2R1NR b - - 1 17,f7f6 e2e6 h5f7 e6c6,1545,334,0,3,equality fork middlegame short,https://lichess.org/9Pf290ke/black#34,
Cxqsk,r3kb1r/pQ3n1p/2ppq1p1/3n4/4PB2/5N2/PPP3PP/R4RK1 b kq - 0 15,e6c8 b7c8 a8c8 e4d5,1558,119,100,74,equality middlegame short,https://lichess.org/BN40mT0l/black#30,
D0KwK,4r3/p4kpp/1p3n2/3n4/3P4/P1RBP3/3NKPPP/8 w - - 0 22,c3c2 d5f4 e2f1 f4d3,1506,105,44,90,deflection endgame equality pin short,https://lichess.org/yc9O8HYd#43,
D1gYz,2r2rk1/p1q1pp2/1p4p1/3pPP1p/1n1BnQ1P/1PP5/P3N1P1/1K1R3R w - - 1 24,c3b4 c7c2 b1a1 c2e2,1585,137,100,53,equality fork middlegame short,https://lichess.org/bI8iZhLH#47,
D2TRm,2k2r2/pppn1Np1/8/2bPP3/4P3/2N2KP1/PP5r/R1B2R2 w - - 1 23,e5e6 d7e5 f3f4 e5f7,1431,120,83,36,equality middlegame pin short,https://lichess.org/XaoK3Wxp#45,
D3yza,5rk1/1b3p1p/p1q1pP1b/6p1/5r2/7Q/P5PP/R5RK b - - 1 28,f4f2 h3h6 f2f6 h6f6,1409,120,100,64,equality hangingPiece middlegame short,https://lichess.org/dqI41DlQ/black#56,
D4I16,r1b1kbnr/ppqnpp1p/2pp2p1/8/2BPP3/5N2/PPP2PPP/RNBQ1RK1 w kq - 0 6,c4f7 e8f7 f3g5 f7e8,1376,185,100,48,defensiveMove equality hangingPiece opening short,https://lichess.org/oj5thape#11,
D7ByL,3r2k1/1ppr1pp1/2n2n1p/p1b1pN2/1P2P3/2P2N1P/1P1B1PP1/R3R1K1 b - - 0 19,d7d2 f3d2 c5f2 g1f2,1553,110,100,64,equality middlegame short,https://lichess.org/qTxUFA3B/black#38,
D7keb,3r2k1/5p1p/6p1/1PPqp3/3p4/4P3/2Q2PPP/1R4K1 w - - 1 30,e3e4 d4d3,1363,94,100,95,endgame equality oneMove,https://lichess.org/f2sS70FM#59,
D8ibb,8/4r3/1p4p1/p1pP1kn1/P1P3R1/1P2pPK1/8/4R3 w - - 0 40,g4g5 f5g5 f3f4 g5f5,1568,117,47,45,endgame equality hangingPiece rookEndgame short,https://lichess.org/h3V9WtIy#79,
D9mFb,2r3k1/p4p1p/1pb1p1p1/1q6/P4Q2/5P1P/6P1/2R4K b - - 0 26,b5a4 f4a4 c6a4 c1c8,1522,111,88,49,endgame equality short,https://lichess.org/vclK5fxG/black#52,
DCiVU,8/1p4Rp/p7/8/6k1/4pb2/PPP2n1P/2K5 b - - 3 37,g4h3 g7g3 h3h2 g3f3,1580,120,100,43,endgame equality fork short,https://lichess.org/AuZK7BEB/black#74,
DD5aJ,8/8/8/8/R5pk/7p/3r4/6K1 b - - 13 64,h3h2 g1h1 d2d1 h1h2,1480,136,100,52,endgame equality rookEndgame short,https://lichess.org/twvdFIcg/black#128,
DEQPl,r4kr1/p2n1p1p/1p1q4/2p3p1/2Q2p2/1BB5/PPP3PP/3bR1K1 b - - 1 22,g8g7 c3g7 f8g7 c4f7,1576,110,100,72,attraction equality middlegame short,https://lichess.org/OIfMp1c0/black#44,
DEuvh,4r1k1/ppBq2pp/2p2n2/1r6/6P1/1P1P2QP/P1PK4/4R2R w - - 3 27,c7f4 f6e4 e1e4 e8e4,1473,110,100,64,equality middlegame pin short,https://lichess.org/BIpLhhFk#53,
DFUeO,3r2k1/pp3rpp/7n/3Npp2/2P3b1/BP1BP3/P4KPP/R6R w - - 2 20,e3e4 f5e4 f2e3 e4d3,1398,105,100,75,discoveredAttack discoveredCheck equality middlegame short,https://lichess.org/YXn9mM23#39,
DFiN0,8/3P4/4B3/6k1/8/r7/4K2p/8 b - - 0 66,a3a2 e6a2 h2h1q d7d8q,1413,84,100,105,advancedPawn endgame equality hangingPiece promotion short,https://lichess.org/dBLKN7lC/black#132,
DFoeG,5rk1/7r/p1p2p2/2Pp1bpq/N3pP2/P5Q1/1P3KP1/R6R b - - 1 29,h5h1 a1h1 h7h1 f4g5,1466,150,100,43,equality middlegame short,https://lichess.org/CDjYT8xZ/black#58,
DL2lJ,8/6pk/7p/pQ6/P7/7P/1p4P1/2q2R1K w - - 4 42,b5e2 b2b1q f1c1 b1c1,1347,77,100,209,advancedPawn endgame equality promotion short,https://lichess.org/W2t1HHsH#83,
DLzcB,5rk1/3bq1p1/p3p2p/1p2p3/4PbQN/P7/1Pr2PPP/3R1RK1 b - - 9 26,g7g5 h4g6 e7f7 g6f8,1417,84,100,133,equality fork middlegame short,https://lichess.org/ktcTPk8I/black#52,
DMX3H,2r5/5N1k/5p1n/pp1Pp3/4PpP1/P4P2/6K1/7R w - - 2 45,f7h6 c8c2 g2f1 c2c1 f1e2 c1h1,1472,143,100,42,endgame equality long skewer,https://lichess.org/HtAiXsWF#89,
DMcGd,3r1qnr/2k5/4pPp1/n3N1P1/2p4P/2P5/P3B3/R2Q1RK1 w - - 2 29,e5g6 f8c5 f1f2 d8d1,1593,158,100,34,equality middlegame short,https://lichess.org/fMd8x1YN#57,
DN0nK,2Rr2k1/p3qp1b/3b3Q/4p3/3p2B1/5PPP/4r3/2R3K1 b - - 1 32,e2e1 c1e1 d8c8 g4c8,1417,195,0,17,equality hangingPiece middlegame short,https://lichess.org/s42gnn7m/black#64,
DRZmS,r1b1r1k1/pp3pbp/5Bp1/1qpN4/1n6/1P1P1NP1/P1Q2PBP/R4K1R w - - 3 16,d5b4 g7f6 b4d5 f6a1,1553,308,0,3,equality hangingPiece middlegame short,https://lichess.org/mCj1f0vm#31,
DS9Ng,2b5/8/p2K1k2/Pp3p1p/1Pp2Pp1/2P3P1/7P/8 b - - 7 39,c8b7 d6c7 b7e4 c7b6 f6e7 b6a6,1420,111,100,67,bishopEndgame endgame equality long,https://lichess.org/8LcmwaKV/black#78,
DSr2w,6k1/1b3p1p/5B2/2b5/1p2pPP1/r3P2P/2Pq2N1/1Q2R1K1 w - - 7 28,e1d1 c5e3 g1h2 e3f4,1542,104,100,85,equality middlegame short,https://lichess.org/1e92nAJG#55,
DW7x0,r6k/1pp2pr1/p2p1Q2/n3p1P1/P3P2q/3PP3/1PP2R2/1N4K1 b - - 3 26,a8g8 f2h2 h4h2 g1h2,1528,117,100,61,equality middlegame pin short,https://lichess.org/OCJ0wn4Z/black#52,
DWTVo,r3k2r/1N1bb3/p3pp1p/2pp4/1p2N3/3BP3/1P3PPP/2R1K2R w Kkq - 0 24,e4d6 e7d6 b7d6 e8e7,1313,116,33,57,equality middlegame short,https://lichess.org/9gZLrhOx#47,
DWnke,8/8/8/5k2/pK1P4/8/5P2/8 w - - 2 55,b4a4 f5e4 a4b3 e4d4,1550,390,0,2,endgame equality pawnEndgame short,https://lichess.org/Gy9fYRRM#109,
Da2Rs,2n5/p5bk/br5p/2pp1p2/4p2N/N1PP4/P3PP1P/R1B1K1R1 w Q - 0 26,h4f5 g7c3 c1d2 c3a1,1549,143,100,37,equality fork middlegame short,https://lichess.org/d67JMMPF#51,
Dadt6,r4rk1/1b3pp1/p1p1p2p/4N3/Pp3qn1/1PpB2P1/2Q2P1P/3RR1K1 b - - 0 20,f4f2 c2f2 g4f2 g1f2,1330,349,50,12,equality middlegame short,https://lichess.org/cPrE1xbc/black#40,
DbYsp,4rk2/6q1/p2Q4/3b1p2/Pp6/1P1p4/4p2P/2R1K3 b - - 1 42,e8e7 c1c8 f8f7 d6d5,1582,157,100,34,endgame equality short,https://lichess.org/LUYHUj20/black#84,
Dc0Cd,8/7k/1Q5p/4P3/2K1pP1P/3r4/4b2P/5R2 w - - 11 43,b6a7 d3d7 c4c5 d7a7,1520,103,100,69,discoveredAttack discoveredCheck endgame equality short,https://lichess.org/DyqDtRJZ#85,
Dct7p,r5k1/ppp2ppp/3rb3/8/2P5/P2BB1qP/1PQ3P1/R3R1K1 w - - 2 23,e3f2 g3d3 c2d3 d6d3,1555,133,100,48,equality middlegame short,https://lichess.org/BHlYtQ0Z#45,
DeoQj,2k4r/ppqrnpp1/2p1p1p1/2P1P1B1/3P2P1/8/PP4K1/RN1QR3 w - - 3 20,e1h1 h8h1 d1h1 d7d4,1554,116,100,53,equality middlegame short,https://lichess.org/9eoTOgNs#39,
DhyqJ,2r5/3p1pkp/p5p1/8/2Nq4/5P2/PPQ3PP/4R2K w - - 1 29,e1e4 c8c4 e4d4 c4c2,1474,129,100,54,endgame equality short,https://lichess.org/VaMIa1yZ#57,
DkHQr,3r4/p4p1k/4b1pp/2K1P3/P3B3/1PR3P1/2P4P/8 w - - 7 45,c5b4 d8d4 b4a5 d4e4,1575,107,100,64,endgame equality fork short,https://lichess.org/MKXE5x1J#89,
DlTkY,r1b1k1nr/ppp2ppp/8/3N4/1b1B1P2/8/PqP3PP/R2QKB1R w KQkq - 2 11,d5b4 b2b4 c2c3 b4e7,1551,137,100,47,equality opening short,https://lichess.org/0WBoQwrH#21,
Dlyto,4rr2/p2qbk2/2p2npQ/2pp4/8/2NP3P/PPP1RP2/4R2K b - - 2 22,f8h8 e2e7 e8e7 e1e7 d7e7 h6h8,1312,140,100,46,equality fork long middlegame,https://lichess.org/sNyojILR/black#44,
DnbAy,1nr3k1/r3qp2/1R1b2pp/p1Pp1p2/P7/1RPBP1P1/4QP1P/6K1 b - - 0 22,d6c5 b6b8 c8b8 b3b8,1486,104,33,74,equality middlegame short,https://lichess.org/TnoqFI3e/black#44,
DnxWL,6r1/p6k/3P3p/2K1B1P1/4b3/8/P6r/6R1 b - - 0 48,g8g5 g1g5 h2c2 c5d4,1453,118,100,72,endgame equality short,https://lichess.org/dXlwR0BB/black#96,
DqBeG,1r3rk1/5pb1/3Np2p/R3P3/1p1BBp2/1P1n2P1/1P5P/6K1 b - - 1 29,d3e5 d4e5 g7e5 a5e5,1401,92,100,95,equality middlegame short,https://lichess.org/dUBrGFfy/black#58,
DsldT,2kr3r/2pq4/p3p3/1p1pPbP1/5P2/1nN1QP1p/PPP4B/R4RK1 w - - 0 27,c2b3 d5d4 e3c1 d4c3,1484,163,100,49,equality fork middlegame short,https://lichess.org/mYHv36Um#53,
DtiHv,8/8/2R5/5N2/1k6/3n2PP/r4PK1/8 w - - 3 71,h3h4 a2f2 g2h3 f2f5,1406,98,100,93,endgame equality fork short,https://lichess.org/gPw9K6BZ#141,
DwLfc,5rk1/3pRppp/p1b5/4N3/8/4n3/PP4PP/3R2K1 w - - 8 26,e5d7 e3d1 d7f8 g8f8,1586,130,100,57,endgame equality short,https://lichess.org/FyKcZC8p#51,
DwvKj,rn2br2/ppk2N2/2p1pP1p/2b1N3/8/5P2/PPP3PP/2KR1B1R w - - 1 17,f7h6 c5e3 c1b1 e3h6,1498,108,100,66,equality fork middlegame short,https://lichess.org/8sxmKFXS#33,
DxP2T,r1b1r1k1/bp3ppp/1P6/3Q4/3p4/1B1P4/2P2qPP/R1BK3R w - - 0 19,d5f7 f2f7 b3f7 g8f7,1432,137,100,51,equality middlegame short,https://lichess.org/reGn8IZI#37,
E2MUl,5b2/2R5/1k6/8/1pB1K3/1Pp5/8/8 w - - 19 62,c7f7 c3c2 f7f1 f8h6,1423,155,100,44,advancedPawn defensiveMove endgame equality short,https://lichess.org/2uL0fDte#123,
E2mUi,2b2rk1/5ppp/2Q5/1p6/1b6/4P3/Pq1N1PPP/R3KB1R w KQ - 0 17,c6c1 b4d2 c1d2 b2a1,1457,98,100,70,equality fork middlegame short,https://lichess.org/6ei0Ra9u#33,
E3PYf,r7/p3k3/Qpb1prp1/3pb3/4p3/2P2P1P/PP4P1/4RK2 b - - 0 27,e4f3 e1e5 f3g2 f1g2,1524,123,100,67,endgame equality hangingPiece short,https://lichess.org/ypBlItLX/black#54,
E4Bba,rn2k2r/pbp2ppp/1p2p3/3q4/1B1Pn2N/P2B4/1PP1QPPP/R3K2R w KQkq - 4 13,d3e4 d5e4 e2e4 b7e4,1468,145,100,50,equality middlegame short,https://lichess.org/fg0X4eT2#25,
E4PpV,2Br2k1/q2P1p1p/6p1/1p6/8/2N4P/3Q1PP1/6K1 w - - 1 33,c3b5 a7a1 g1h2 a1e5 g2g3 e5b5,1346,88,100,112,endgame equality fork long,https://lichess.org/gkHYl4CI#65,
E5ToT,5rk1/1bpq2bp/1p4p1/5p2/P2PN3/3B1Q2/1B4PP/5RK1 w - - 0 22,e4f6 g7f6 f3b7 f6d4 b2d4 d7d4,1590,141,100,38,equality long middlegame,https://lichess.org/6TqWwkvz#43,
E6JM5,4k3/R7/4P2P/3p2N1/3P4/2b1PKP1/p6r/8 w - - 1 44,h6h7 a2a1q a7a1 c3a1,1567,194,100,24,advancedPawn endgame equality promotion short,https://lichess.org/Z7BQcJZ5#87,
E6TbX,2r3k1/6pp/4p3/4n3/1P1pp3/6P1/1PPK1P1P/R3R3 w - - 2 23,h2h4 e5f3 d2d1 f3e1,1532,458,33,5,endgame equality fork short,https://lichess.org/YqiHsv2s#45,
E9MYi,8/p4ppk/1p5p/4n3/7P/1P3qP1/r4P2/2Q2RK1 b - - 3 44,e5g4 c1b1 g7g6 b1a2,1380,89,100,102,endgame equality fork short,https://lichess.org/5CCrPbTp/black#88,
EA2Ql,r4r2/4bq1k/3p2pP/1Bp5/4Q3/2N1B1R1/npP5/1K4R1 w - - 0 30,e4g6 f7g6 g3g6 a2c3,1558,144,100,41,equality middlegame short,https://lichess.org/GF9jlilq#59,
EB5ZM,2r2rk1/p3qp1p/1p6/2p1n3/7N/1P1PQ1PP/P3PPBK/2R2R2 w - - 0 29,f2f4 e5g4 h3g4 e7e3,1521,210,100,31,discoveredAttack equality middlegame short,https://lichess.org/1iYD7tEy#57,
EBmKk,2R5/5kp1/1p5p/p1b5/2n2P2/2P2KPP/P7/4R3 w - - 4 38,e1e4 c4d2 f3g4 d2e4,1405,126,100,52,endgame equality fork short,https://lichess.org/aESoNrSk#75,
ECIEp,3k4/p1p2p2/3p4/P3pR2/4P2p/1qPQ3K/8/8 w - - 0 35,f5f7 b3f7,1545,431,0,2,endgame equality hangingPiece oneMove,https://lichess.org/sD9mdfKL#69,
ECwAl,2r5/p4pk1/6p1/3NNn1p/4pP2/4b2P/6P1/3R3K b - - 0 34,c8d8 d5e3 d8d1 e3d1,1400,82,100,149,endgame equality short,https://lichess.org/WMdI5uZN/black#68,
EHur9,r1b2rk1/pp3ppp/5n2/3pq3/8/2PB4/PP4PP/RNBQ1RK1 w - - 0 13,b1d2 e5e3 g1h1 e3d3,1437,83,100,126,equality fork opening short,https://lichess.org/SAD0tCO3#25,
EKTCp,3r2k1/4np1p/4p1p1/1pP1P3/qr1pBPP1/R2Q3P/1R4K1/8 w - - 0 38,a3a4 b4b2 g2g1 b5a4,1486,159,100,34,equality hangingPiece intermezzo middlegame short,https://lichess.org/w2a2NJTb#75,
ELOop,rn1qk1nr/pbpp2bp/1p2p3/4P1p1/3P1p2/3B2B1/PPPN1PPP/RN1Q1RK1 w kq - 0 10,g3f4 g5f4 d1h5 e8f8,1348,83,100,130,equality hangingPiece opening short,https://lichess.org/WjpSf3Zv#19,
EMC8U,8/8/4R1pr/1k4b1/6P1/6K1/8/8 b - - 4 54,b5c5 e6e5 c5d4 e5g5,1541,407,50,12,endgame equality fork short,https://lichess.org/QCaoxHDl/black#108,
EMyOT,8/5k2/4R3/4P2p/5K1P/8/1b6/8 w - - 3 52,e6h6 b2c1 f4f5 c1h6,1338,79,100,157,endgame equality short skewer,https://lichess.org/y9eBtPFV#103,
EOxQt,r5kr/pp5p/3P2p1/2p1bbN1/3q2n1/2NP2QP/PPP3P1/R1B1R2K w - - 3 19,g3f3 g4f2 f3f2 d4f2,1465,138,100,56,equality kingsideAttack middlegame short,https://lichess.org/6hLVjjhq#37,
EP3LY,3r2k1/pp4pp/2r1Pp2/5P2/3n2P1/P3K2P/8/2RR4 b - - 3 31,d4f5 g4f5 d8d1 c1d1,1497,124,100,71,endgame equality hangingPiece short,https://lichess.org/NfzSBXCa/black#62,
EPX3I,r2q1rk1/1bpN1ppp/p4b2/3P4/B7/8/Pp2QPPP/1R2K2R b K - 0 16,f8e8 d7f6 d8f6 a4e8,1529,226,71,22,discoveredAttack equality kingsideAttack middlegame short,https://lichess.org/9WlRCShr/black#32,
ESD2B,8/R7/1p3k2/1npK2p1/6P1/7P/P1P5/8 w - - 5 38,a7a6 b5c7 d5c6 c7a6,1465,133,100,59,endgame equality fork short,https://lichess.org/zBeZrviU#75,
ESqJd,4k3/p1Q2p2/2p1b3/2bp4/q1r2B2/P1P2PP1/1P1R3P/2K4R w - - 5 31,f4d6 c4c3 b2c3 a4a3,1490,343,0,2,deflection equality middlegame queensideAttack sacrifice short,https://lichess.org/Agv98QbE#61,
EXr2t,2rq1rk1/pp4p1/4ppNp/3p3P/4n3/1P1nPQP1/PB1PK1P1/2R4R b - - 3 19,d3b2 c1c8 d8c8 g6e7 g8h8 e7c8,1569,121,100,55,attraction equality fork long master middlegame,https://lichess.org/lr7KaLb8/black#38,
EZI5W,2r2rk1/p4ppp/4p1n1/6q1/3P1bB1/2P2Q1R/7P/4BRK1 b - - 1 29,g5d5 f3d5 e6d5 g4c8,1562,136,100,34,equality middlegame short,https://lichess.org/6T7tyjbe/black#58,
Ed0vW,r3r3/pq2kpQ1/1bp1bp2/3p4/5P2/2PB4/PP1N2PP/R4R1K w - - 3 21,f4f5 e8g8 g7f6 e7f6,1441,130,100,64,equality middlegame short,https://lichess.org/jL5YAvcG#41,
EdDKU,3rr1k1/pp3pb1/4p1p1/2p2n2/7B/P1PP3P/BP4P1/R2Q1K2 w - - 1 21,h4d8 f5e3 f1e2 e3d1 e2d1 e8d8,1520,119,100,46,equality fork long middlegame,https://lichess.org/bwSjcNt6#41,
Edrqi,r3r3/p1p4k/1bp3bp/3pqp2/N2P2pP/4Q1P1/PP4PN/2R1R1K1 w - - 0 24,e3e5 e8e5 a4b6 e5e1,1553,179,100,27,equality kingsideAttack middlegame pin short,https://lichess.org/d8al5Hxe#47,
EeOoW,8/1R1bkrp1/p1n1p1Q1/q1bp4/5P2/2P5/P2B2PP/4K2R b K - 3 24,a5a2 b7d7 e7d7 g6f7,1471,90,100,89,attraction deflection equality middlegame short,https://lichess.org/UYxUmnSu/black#48,
EfYgM,4r1k1/pq3pp1/3pb2p/3r4/4Q3/1P6/P1P2PPP/1R2R1K1 b - - 2 22,e8c8 c2c4 e6f5 e4d5 b7d5 c4d5 f5b1 e1b1,1565,123,100,71,equality middlegame veryLong,https://lichess.org/IV1NlTQ6/black#44,
Eg3pS,1r1b2k1/R5pp/3p4/1Np1pb2/2P2p2/7P/4BPPB/6K1 w - - 6 32,b5d6 b8b1 e2f1 f5d3,1314,86,100,124,equality middlegame pin short,https://lichess.org/29E1IRP4#63,
EgAp0,k3r3/p1r3pp/1ppB4/3p1q2/R2P1p2/4P2P/4QPP1/6K1 b - - 1 31,f4e3 d6c7 e3f2 e2f2 f5f2 g1f2,1550,170,100,31,endgame equality hangingPiece long,https://lichess.org/bcrUuCwP/black#62,
Eh6kA,r3k2r/1q3ppp/p7/2bppbN1/3n4/1P2B3/P2Q2PP/RN2R1K1 b kq - 3 18,h7h6 e3d4 c5d4 d2d4,1447,125,100,64,equality middlegame pin short,https://lichess.org/KEQuNOT6/black#36,
EjUR3,6k1/1Q3pbp/p3p1p1/3pP1PP/3P1P2/4B3/P2R1K2/7q w - - 3 35,d2c2 h1h2 f2f3 h2c2,1445,146,100,51,endgame equality short skewer,https://lichess.org/tt9KI9CR#69,
EkIAR,1r2r1k1/p5bp/2pQ1np1/q1pp2B1/8/3P4/PPP2PPP/2KN1B1R b - - 4 16,f6e4 d3e4,1576,110,100,71,equality middlegame oneMove,https://lichess.org/OhGv2z1w/black#32,
Em4dw,r2q1rk1/ppp2ppp/2n5/6n1/3P2b1/PB2PN2/4QPPP/R1BR2K1 b - - 2 14,g4f3 g2f3,1497,143,100,52,equality oneMove opening,https://lichess.org/r3ufEwby/black#28,
EmVz6,rn2nrk1/pppbqppp/8/4P3/2B1P3/2N2Q1P/PPP3P1/R1B2RK1 w - - 3 13,f3f4 e7c5 c1e3 c5c4,1396,168,20,39,equality fork opening short,https://lichess.org/pEKh3SQj#25,
EnXjR,r5k1/2b2pp1/p1n2n2/1pp3N1/2Pp1q2/P4N1Q/1P4KP/R1BBr3 b - - 1 27,f4g4 h3g4 f6g4 f3e1,1564,136,100,59,equality middlegame short,https://lichess.org/jzj4vCid/black#54,
EpGV4,4r3/pp3R1p/k1b4b/8/1P5B/P2P2P1/5P2/5K2 b - - 0 35,c6b5 f7f6 b7b6 f6h6,1331,92,100,93,endgame equality fork short,https://lichess.org/INIqWmax/black#70,
ErvPE,2r4r/2pnk1b1/1p1pb2p/5p1q/PP1P1Pp1/R1PQB1P1/1K4B1/6R1 b - - 2 30,h5f7 d4d5 d7f6 d5e6,1597,147,100,39,equality middlegame short,https://lichess.org/mhtVYpro/black#60,
EsPjG,4r1k1/3q1p1p/6p1/pp6/2pBr3/P1P5/BP4Q1/3R1R1K w - - 5 34,a2b1 e4h4 h1g1 h4g4,1513,168,100,40,equality middlegame pin short,https://lichess.org/qNXYfeoN#67,
Eu2ei,5rk1/p6p/3p4/2pPq3/4P1p1/2Q2P2/P1R2KPr/6R1 b - - 1 35,e5c3 c2c3 f8f3 c3f3,1546,130,100,51,endgame equality short,https://lichess.org/3X9jehRa/black#70,
Eu2hj,5rk1/5r2/4p2p/1P1p2p1/P2q4/1Q4P1/4RR1P/5BK1 w - - 3 41,b3e3 d4e3 e2e3 f7f2,1572,129,100,45,equality middlegame short,https://lichess.org/U3Nt4EpW#81,
Eue5P,r3r2k/pq5p/6p1/P4p2/1P1b4/1R2B1P1/4Q2P/5RK1 b - - 4 28,d4e3 b3e3 e8e3 e2e3,1434,117,100,43,equality middlegame short,https://lichess.org/H1o8rwC7/black#56,
Evuo1,r2q4/1p4kp/p1n1R1p1/2p2r2/P7/3PQ1P1/5PBP/6K1 b - - 0 24,f5e5 e6e5 c6e5 e3e5,1408,121,100,67,equality middlegame short,https://lichess.org/0mS0CawJ/black#48,
Ex3TS,4r3/pp1k2Bp/3bp1p1/2p3P1/5r2/4R3/1P5P/1K1R4 b - - 1 29,d7c6 d1d6 c6d6 g7e5 d6d5 e5f4,1551,189,100,38,attraction endgame equality fork long sacrifice,https://lichess.org/g7t1NOjF/black#58,
F00UM,r4rk1/1p1b1q1p/4p1RQ/p1p1P3/2BnpP2/1P6/P4P1P/2K3R1 b - - 0 25,h7g6 g1g6 f7g6 h6g6,1341,80,100,152,equality kingsideAttack middlegame short,https://lichess.org/QHI1BIMq/black#50,
F17Yc,8/3k2p1/3P4/1KP2P1P/p1P4P/P7/2b5/8 w - - 1 51,b5b6 c2f5 c5c6 d7d6,1361,157,100,42,bishopEndgame endgame equality short,https://lichess.org/PaNCsVz0#101,
F3cVB,8/7p/p1p1k1p1/4Bp1n/2P3P1/1P1K1P2/7P/8 w - - 1 41,g4h5 e6e5 h5g6 h7g6,1587,131,100,48,endgame equality hangingPiece short,https://lichess.org/jxSXdSlz#81,
F3ml0,r3r1k1/pp1n1ppp/8/3B4/1PPqp3/P2P2PP/1R2RP2/3Q2K1 w - - 0 21,d5e4 e8e4 e2e4 d4b2,1575,147,100,47,deflection equality middlegame short,https://lichess.org/EQEfiRwj#41,
F4Gjg,7r/3kq1pp/Q1p2b2/4p3/P2p4/8/1r1B2PP/4RRK1 b - - 2 25,b2d2 a6b7 d7e6 b7b3,1599,500,0,6,equality middlegame short,https://lichess.org/OF2eNm7l/black#50,
F7gg6,1r6/1p3pk1/p2q1prp/2N2R2/2PP2RQ/6bP/P5P1/7K w - - 1 27,g4g6 f7g6 c5e6 d6e6,1572,135,100,51,equality middlegame short,https://lichess.org/pvejbwhS#53,
FA8jD,6r1/1k4P1/2p2P1K/8/3rn2B/2p5/1p6/1R6 b - - 1 49,c3c2 b1b2 b7c7 b2c2,1491,121,100,57,endgame equality short,https://lichess.org/AhEynivY/black#98,
FCf94,r2qk2r/4ppbp/p1p3p1/3nN3/3P4/2N3Pb/PP3P1P/R1BQR1K1 w kq - 6 14,e5c6 d5c3 c6d8 c3d1,1568,163,100,34,equality opening short,https://lichess.org/1VQsnjWK#27,
FFURt,8/8/5R2/4K3/8/4r1p1/4k3/6R1 w - - 17 76,e5f4 e3f3 f4g5 f3f6,1546,93,100,86,endgame equality rookEndgame short skewer,https://lichess.org/r6pOjx9W#151,
FGeSX,4r1k1/ppp2pp1/3p3p/2nP1N2/4nRP1/5Q1P/P1q1B1K1/5R2 w - - 3 26,f5h6 g7h6 f4f7 e4g5,1594,149,100,48,equality middlegame short,https://lichess.org/lc7T5mkY#51,
FHWoO,8/2p1p3/1n2k3/p2p2P1/1NbP4/P1P5/1PK2P2/RNB4r w - - 0 29,b4d3 c4d3 c2d3 h1c1,1500,96,100,97,equality middlegame short,https://lichess.org/77HAxCJ9#57,
FKqAE,3r2k1/5p1p/6p1/8/1pB3P1/1P2qN1P/P1Qp2K1/3R4 w - - 4 43,c4d3 d8d3 c2d3 e3d3,1555,122,100,55,endgame equality short,https://lichess.org/QLAvZwD8#85,
FOWBP,r2q3r/ppknb1p1/2p1Q1Bn/3pP3/3P4/2N1B3/PPP2P1P/2KR3R w - - 3 16,f2f4 d7f8 e6h3 f8g6,1475,136,100,53,equality middlegame short,https://lichess.org/Yr5QjxMt#31,
FQ0Ei,3r4/4N1bk/2q3p1/2p2p1p/2p2P2/2P1R3/1P1p2PP/3Q2K1 b - - 1 37,c6a4 d1a4 d2d1q a4d1 d8d1 g1f2,1437,146,100,47,endgame equality hangingPiece long,https://lichess.org/Vb3fVfqo/black#74,
FTHQX,6k1/p1p2p1p/2p2N2/3p4/3P4/1Pr3b1/P5K1/R7 b - - 0 26,g8g7 f6h5 g7g6 h5g3,1340,81,100,145,endgame equality short,https://lichess.org/FGO9tt2q/black#52,
FVR6j,8/pp2kp1p/3Rp3/5b2/2N5/1P6/P1P2r1P/2K4R w - - 0 22,h1d1 f2c2 c1b1 c2c4,1587,164,0,40,discoveredAttack discoveredCheck endgame equality short,https://lichess.org/2hrBhuXo#43,
FbekG,3r2k1/6bp/p5p1/1p3p2/5R2/2N2qP1/NP3P1P/4B1K1 b - - 1 38,f3d1 c3d1 d8d1 g1f1,1559,121,100,62,defensiveMove equality middlegame short,https://lichess.org/3SSyLuO9/black#76,
FcKNx,r5q1/pp1k1b2/2p1p3/4n3/6pQ/PPN1P3/2PP1P2/R3K1R1 w Q - 4 31,c3e4 e5f3 e1e2 f3h4,1475,125,100,64,equality fork middlegame short,https://lichess.org/cH4LiRa9#61,
FepVz,8/5R2/4k3/8/7P/6K1/3b4/8 w - - 1 51,f7f2 d2e1 g3f3 e1f2,1472,94,100,113,endgame equality pin short,https://lichess.org/ed6SyoX6#101,
FfFCg,r3r3/pbkn2b1/1p4Np/2pp3B/1P2p3/N1P3P1/P6P/R3R1K1 b - - 0 23,g7c3 a3b5 c7d8 b5c3,1428,112,100,71,equality fork middlegame short,https://lichess.org/hrdKMdXA/black#46,
FgNEL,r4r2/1ppk3p/1p1p2p1/8/2BBP3/P4q2/1PP2PRP/4R2K b - - 0 22,a8a4 c4b5 c7c6 b5a4,1342,114,100,60,equality fork middlegame short,https://lichess.org/S4AhWgDo/black#44,
FgzVw,8/1K6/1PP4q/4k3/8/8/8/8 b - - 0 56,e5d6 c6c7 h6h1 b7b8 h1c6 c7c8q,1505,289,0,4,advancedPawn defensiveMove endgame equality long promotion queenEndgame,https://lichess.org/qxYW5fwI/black#112,
Fhc7H,1rq3rk/ppp2bbp/4N1p1/n4p2/P2P1B2/2P4P/B1P3P1/1R1QR1K1 w - - 13 26,f4c7 f7e6 a2e6 c8c7,1548,163,36,36,capturingDefender equality intermezzo middlegame short,https://lichess.org/azr7o11a#51,
FiVPE,r1b2bnr/ppppkBpp/8/4q3/3n4/8/PPPP3P/RNBQR1K1 b - - 1 10,e5e1 d1e1 e7f7 e1f2 g8f6 f2d4,1446,158,100,47,equality fork long opening,https://lichess.org/Vd1V1Cld/black#20,
FihPI,6r1/kb3R1p/pp5p/2q5/3pPQ2/1P4r1/P1P2RP1/7K b - - 6 31,g3c3 f7b7 a7b7 f4f7,1400,109,100,70,attraction equality middlegame sacrifice short,https://lichess.org/9m5Pcm7i/black#62,
FliQU,2k3rr/bppq4/p2pp2p/4p3/4Pn1Q/P1N2N2/1PP2P1P/3R1R1K b - - 3 21,g8g6 f3e5 d6e5 d1d7,1519,116,100,66,equality middlegame short,https://lichess.org/EPIRSIKX/black#42,
FmFVv,8/8/1K4p1/P4pn1/8/7k/8/8 b - - 0 57,g5e6 a5a6 f5f4 a6a7 f4f3 a7a8q,1381,436,0,2,advancedPawn endgame equality knightEndgame long promotion,https://lichess.org/rRZnpKcQ/black#114,
Fn5Ww,8/2p5/1p3k2/p2P4/2P2PBP/PP6/3B2K1/1r6 w - - 1 49,g4f3 b1b2 g2f2 b2d2,1567,132,100,50,endgame equality pin short,https://lichess.org/ZiUujpVB#97,
FpI2P,r3r1k1/1pp2ppp/p2p1n2/4P3/1P1Q4/2PB2Pb/P2q1P2/R3R1K1 b - - 0 17,d6e5 d3h7 g8h7 d4d2,1508,439,0,1,discoveredAttack equality middlegame short,https://lichess.org/Bzkli2dq/black#34,
Fphyv,r3r1k1/2q1b2p/p1npbp2/1pp3p1/4PRNB/2PP3P/PP1QB1P1/R5K1 w - - 0 21,g4f6 e7f6 f4f6 g5h4,1346,158,45,43,equality middlegame short,https://lichess.org/4b5LLP7k#41,
Fr2na,2r1kbnr/pp3ppp/2n5/1q6/NP1pp1b1/P3PNP1/1B1P1PBP/R2QR1K1 w k - 0 14,f3d4 g4d1 d4b5 d1a4,1566,147,50,22,equality middlegame short,https://lichess.org/uZRRT8x9#27,
FrlZN,2r3k1/p5b1/1p4N1/2n3N1/8/3pn3/PPP5/2K4R b - - 0 32,e3c2 g6e7 g8f8 e7c8,1400,87,100,111,equality fork middlegame short,https://lichess.org/rSCsA6uz/black#64,
Fsccl,1r3k1r/1p3ppp/1p1q4/3B4/1P6/PQ4R1/5PPn/2R3K1 w - - 0 27,g1h2 d6h6 g3h3 h6c1,1558,137,100,48,equality fork middlegame short,https://lichess.org/gIbF43IX#53,
FukeH,r4rk1/5pp1/3npn1p/pB5q/2P5/P4P2/1BQ2P1P/2R3RK w - - 5 22,b2f6 h5f3 g1g2 f3f6,1573,129,38,47,equality fork middlegame short,https://lichess.org/CxEMhVb7#43,
Fvg91,8/8/7R/5p1p/7k/1r6/7K/8 b - - 0 46,f5f4 h2g2 h4g4 h6g6,1552,333,0,9,endgame equality rookEndgame short,https://lichess.org/fDLmJgMa/black#92,
FybPI,2q5/5pk1/4p1p1/7p/1N5P/6P1/P3QP2/6K1 w - - 0 36,f2f4 c8c5 g1g2 c5b4,1416,122,100,62,endgame equality fork short,https://lichess.org/0npFv3SN#71,
FzXAX,3B4/5pk1/2R4p/5np1/2P5/1P3Pbr/P7/6K1 b - - 2 35,f5d4 d8f6 g7h7 f6d4,1560,132,100,56,endgame equality fork short,https://lichess.org/2q7flrKQ/black#70,
G33mg,Q4rk1/p2p1pp1/bp5p/4P3/3b1P2/3q4/PP1N2PP/R1B2R1K w - - 1 22,a8e4 d3e4 d2e4 a6f1,1508,369,0,5,discoveredAttack equality middlegame short,https://lichess.org/aIbVtnrz#43,
G3swK,5b2/7p/2n1kpp1/2PNp3/2K5/4B3/P4PPP/8 w - - 6 38,g2g4 c6a5 c4b5 e6d5,1551,100,100,80,deflection endgame equality short,https://lichess.org/P0Juw1Wc#75,
G4emT,r4k1r/2p2p2/nb3qp1/1B1b3p/3P4/P1B2N2/3Q1PPP/R3R1K1 w - - 3 22,c3b4 a6b4,1551,93,100,83,equality middlegame oneMove,https://lichess.org/oE1X5qdH#43,
G6PDk,2br2k1/3r2pp/p4p2/1p1P4/2p2P1P/6P1/PPP5/2KRR3 b - - 0 21,d7d5 d1d5 d8d5 e1e8 g8f7 e8c8,1335,124,100,60,endgame equality fork long,https://lichess.org/m61upcuS/black#42,
GIY6L,5R2/4R2N/1q2b1pk/5p2/4p3/4P1P1/5PBP/6K1 w - - 1 36,f8h8 b6b1 g2f1 e6c4,1520,127,100,59,endgame equality pin short,https://lichess.org/IRqTxggt#71,
GJA2i,8/1k2n3/1p6/p1pKpRr1/P3P3/2P5/8/1R6 w - - 6 39,d5d6 e7f5 e4f5 g5f5,1459,182,100,34,endgame equality short,https://lichess.org/ScO4uGuO#77,
GKF00,6Q1/5r2/3p3p/3qp2k/P5b1/4B3/2P2P2/R3R1K1 w - - 0 38,g1h2 f7f2 e3f2 d5g8,1567,152,100,45,discoveredAttack equality middlegame short,https://lichess.org/pTLhY8ib#75,
GL9I2,6rk/pbp2p1p/1pq2p2/8/5Q2/1P3P2/P1P3PP/5RK1 b - - 2 22,c6c2 f4f6 g8g7 f6d8,1529,93,100,114,endgame equality short,https://lichess.org/HnMdI9YP/black#44,
GMdez,3r4/4Rppk/p4n1p/3pB3/3P1N2/7P/r4PP1/6K1 b - - 5 32,d8d7 e5f6 a2a1 g1h2 d7e7 f6e7,1559,178,100,38,endgame equality long,https://lichess.org/4lMKeFuW/black#64,
GMgYN,4k1nr/Bpp4p/5pp1/8/6n1/P1r5/4K1PP/3RR3 b k - 0 25,g4h2 e2d2 g8e7 d2c3,1512,149,100,42,discoveredAttack discoveredCheck equality middlegame short,https://lichess.org/jKb2Igw8/black#50,
GQ2Wy,2kr3r/ppp2ppp/3b1q2/3P4/2P2Pn1/1PN2RP1/P1Q4P/3R3K b - - 0 19,f6h6 c2f5 c8b8 f5g4,1565,137,100,49,equality fork middlegame short,https://lichess.org/OdTlP5Rg/black#38,
GRu4L,5R2/8/3kp3/6R1/5p2/5K2/7r/8 w - - 0 48,f3f4 h2f2 f4e4 f2f8,1461,123,100,66,endgame equality rookEndgame short skewer,https://lichess.org/mZpFzrEG#95,
GU492,1r6/p4p1p/3p2p1/3k4/8/2R5/P4PPP/5K1R w - - 1 24,c3c7 b8b1 f1e2 b1h1,1531,169,100,46,endgame equality rookEndgame short skewer,https://lichess.org/KchPX0B0#47,
GXqfi,r4rk1/ppp2ppp/2n5/3N4/3P4/P3PBbP/1P3QPq/R1B1RK2 w - - 4 18,f2g1 h2g1 f1g1 g3e1,1355,144,100,40,equality middlegame short,https://lichess.org/3Vp5a27Z#35,
GYuZF,r3k2r/ppp1bppp/3q1n2/5R2/2BP4/2N5/PPP1Q1nP/R1B3K1 w kq - 3 14,e2g2 d6d4 g1h1 d4c4,1404,81,100,138,equality fork middlegame short,https://lichess.org/NS2VFLpN#27,
GZFSP,rn1qkbnr/1b1p1ppp/p7/4N3/2p1P3/1B6/PPP2PPP/RNBQK2R w KQkq - 0 8,b3c4 d8a5 b1d2 a5e5,1565,116,100,56,equality fork opening short,https://lichess.org/OxUHE0Ir#15,
GbV1Y,3r2k1/5pp1/bppP3p/p7/2p2P2/P6P/1PQ2RPK/4q3 b - - 1 26,d8d6 f2e2 e1e2 c2e2,1415,111,100,70,endgame equality short,https://lichess.org/bVwLUgOo/black#52,
GczoH,r2qkb1r/ppp2pp1/2n1p3/3p2Pn/3P2P1/8/PPP1PP2/RNBQKB2 b Qkq - 0 9,c6d4 d1d4 h5f6 g5f6,1560,106,100,65,equality hangingPiece opening short trappedPiece,https://lichess.org/4ETh3RCB/black#18,
Gdxvt,2r2k2/3R4/p6p/1pP3p1/2n2p2/P4K2/4PP1P/2R5 w - - 2 37,c1d1 c4e5 f3e4 e5d7,1301,121,100,53,endgame equality fork short,https://lichess.org/WJJ7zlS9#73,
GhCWT,2k5/pp1n1pB1/8/2p3pP/2P3P1/1r6/5PK1/8 b - - 3 30,b3d3 h5h6 d7f8 g7f8,1473,111,100,82,endgame equality short,https://lichess.org/SHyg29zf/black#60,
Giybt,r3k2N/1b1n1ppp/4pn2/pp1p4/3PPB2/q7/2Q2PPP/2R1KB1R w Kq - 1 17,f1b5 a3b4 f4d2 b4b5,1527,169,100,42,equality fork middlegame short,https://lichess.org/Hl7glYkb#33,
Gj6Gm,5k2/7R/6Bp/4p1p1/8/4r2P/6PK/8 w - - 0 36,h7h6 f8g7 h6h5 g7g6,1571,169,100,31,endgame equality short,https://lichess.org/lS9l918C#71,
GmzSH,5k2/5p2/6p1/6Pp/3p3P/3K4/8/8 b - - 3 74,f8e7 d3d4 f7f6 g5f6 e7f6 d4e4 g6g5 h4g5,1570,112,100,45,endgame equality pawnEndgame veryLong,https://lichess.org/e3cSoyFP/black#148,
Gqmkd,2r1r1k1/pp3ppp/4b3/3N3Q/8/8/PP3PPP/4R1K1 w - - 1 21,d5c3 e6g4 e1e8 c8e8 h5b5 e8e1 b5f1 e1f1,1511,164,69,39,endgame equality veryLong,https://lichess.org/v8tNhd8S#41,
Gr6Ox,r5k1/5ppp/1ppbrn2/2p5/8/5Q2/PPPP2PP/R1B2RK1 w - - 0 17,f3c6 d6h2 g1h2 e6c6,1406,92,100,109,discoveredAttack equality middlegame short,https://lichess.org/Y1qgXiAx#33,
Gs64T,8/5p1p/p5pk/1p6/5Q2/1P5P/P2rr1PK/8 b - - 2 37,g6g5 f4f6 h6h5 f6f7,1583,107,100,59,endgame equality queenRookEndgame short,https://lichess.org/9LffQE0T/black#74,
GsvIu,2r2rk1/5pp1/p2p1q2/1p1P1PQ1/1P5P/P7/8/2R1R1K1 b - - 0 31,f6g5 h4g5 c8c1 e1c1,1592,182,100,32,endgame equality short,https://lichess.org/hXZrMIZK/black#62,
Gufgt,r4rk1/ppb2ppp/6n1/1qPP4/8/6P1/PB1Q1PBP/2R2RK1 w - - 3 23,d2d4 c7e5 d4e5 g6e5,1404,120,100,63,equality middlegame short,https://lichess.org/bSFLQA1Q#45,
Guvkr,3n2k1/1pR1n3/p7/2P1Brb1/4N2p/P2BP3/1P3P2/6K1 w - - 3 39,e4g5 f5g5 g1h2 g5e5,1417,143,100,56,equality fork middlegame short,https://lichess.org/5Jin1pTK#77,
GxJKR,r3r1k1/4bpp1/p6p/1q6/6Q1/1P3P2/P3RP1P/4R1K1 b - - 3 29,e7b4 e2e8 a8e8 e1e8 b5e8 g4b4,1301,114,100,70,equality long middlegame,https://lichess.org/5bipkJz3/black#58,
GyVjC,r1bq1rk1/2p2ppp/p4n2/1p1PN3/1P2P3/P1N1P2P/2BQ4/R4RK1 w - - 1 22,g1h2 d8d6 h2h1 d6e5,1573,125,100,59,equality middlegame pin short,https://lichess.org/JbtDDDFe#43,
H1QU5,r2r2k1/5ppp/2p5/1p6/pq2BP2/1P2P3/P1QbK1PP/3R3R w - - 0 26,d1d2 d8d2 c2d2 b4e4,1586,167,100,28,equality fork middlegame short,https://lichess.org/sPmWVvUE#51,
H1jmR,8/7p/6p1/5kP1/p1n3r1/P4K2/2R5/8 b - - 3 54,c4a3 c2c5 f5e6 f3g4,1345,381,0,8,deflection endgame equality short,https://lichess.org/0lTAbXgW/black#108,
H3MAw,3r3r/ppk3pp/2nb4/8/8/2Q3P1/PP2n2P/R3K1NR w KQ - 0 24,g1e2 d6b4 e1g1 b4c3,1404,85,100,111,equality middlegame pin short,https://lichess.org/Yoew64hY#47,
H3rUg,R7/6k1/6p1/7p/p6R/1br4P/4B3/5K2 w - - 0 41,f1g2 b3d5 g2f2 d5a8,1549,139,100,41,endgame equality fork short,https://lichess.org/T5QhHZVF#81,
H4lGt,2r3k1/Q3Rp1p/2P3pB/1p1q4/8/2P4P/1n3PPK/8 w - - 1 36,c6c7 d5d6 g2g3 d6e7,1423,115,100,52,endgame equality fork short,https://lichess.org/JcpdDdPJ#71,
H5Sq3,2rqr3/1b3pk1/6p1/pp2p1Np/3pP1nP/PB1P4/1PPQ4/2KR3R b - - 1 23,f7f6 g5e6 e8e6 b3e6,1382,94,100,100,equality fork middlegame short,https://lichess.org/efspjork/black#46,
H783m,r1b1k1nr/pp1p1pbp/2N1p1p1/8/4P3/P1N1B3/1qP2PPP/R2QKB1R w KQkq - 0 9,e3d4 g7d4 d1d4 b2a1,1337,132,100,59,equality opening short,https://lichess.org/1IJR5NHC#17,
H852H,3r4/2p3k1/1p2KN1p/1B1P2p1/P4bP1/7R/8/8 w - - 3 49,b5c6 d8d6 e6f5 d6f6,1320,91,100,103,endgame equality short,https://lichess.org/amya0yEo#97,
H8Xvr,4r1k1/pp2rppp/2pp1bn1/q4BP1/5P2/2P1B2Q/PPP4P/R3R1K1 b - - 0 19,e7e3 e1e3 e8e3 h3e3,1402,160,100,41,equality middlegame short,https://lichess.org/qOvOU5yd/black#38,
H9Dq0,r1k4q/ppp1b2p/3pb3/1Q6/3BN3/8/PP2KPPP/7R b - - 0 19,h8d4 b5e8 e7d8 e8e6,1567,127,100,46,equality fork middlegame short,https://lichess.org/eeIr5z7r/black#38,
HAxP8,1r1qkb2/1p3prp/p1np4/3QpP1B/2N5/2P5/PP3PPP/R3K2R w KQ - 5 17,e1c1 d8g5 c4e3 g5h5,1401,93,100,101,equality fork middlegame short,https://lichess.org/LQE6pkxg#33,
HD8kh,8/8/6p1/1p1k1p1p/1P2bP1P/P3K1P1/2p5/4R3 w - - 0 37,e1c1 d5c4 e3d2 c4b3,1311,99,100,99,endgame equality short,https://lichess.org/CdSKNvvj#73,
HDeH1,2rr2k1/1p3pp1/p3b2p/4P3/1Pqp4/P1PR2P1/3Q1P1P/R5K1 b - - 1 24,d4c3 d3d8 c8d8 d2d8,1563,142,0,31,equality kingsideAttack middlegame short,https://lichess.org/KhWRWhlo/black#48,
HEjVx,r7/p1kqNp2/2p2p2/2pp3Q/6b1/1PN5/P1PP1PPP/R2KR3 w - - 1 21,f2f3 g4h5 e7d5 c6d5 e1e7 d7e7,1535,119,100,65,equality hangingPiece long middlegame,https://lichess.org/Jb68aaEs#41,
HG4Pz,r1b2rk1/1p3pp1/p1n5/2bpP1qQ/5B2/2P5/PP1N1n1P/2KR2R1 w - - 0 17,g1g5 f2d3 c1b1 d3f4,1507,108,100,73,equality fork middlegame short,https://lichess.org/hzE4Gcu8#33,
HGcsN,3q1r2/2r3bk/BQpp3p/p4p2/P3pP2/2N4P/2P3P1/1R2R1K1 w - - 0 27,e1d1 g7c3 b6c7 d8c7,1334,97,100,82,equality hangingPiece middlegame short,https://lichess.org/0Ktt4Ydk#53,
HHH1w,8/8/1P6/8/K3k3/P5r1/8/8 b - - 0 60,e4d5 b6b7 g3g8 a4b5,1571,155,100,24,advancedPawn defensiveMove endgame equality rookEndgame short,https://lichess.org/LIyQzdsS/black#120,
HHZtm,8/8/4k2p/p3pp2/1pPp1P2/1P1K3P/P7/8 b - - 0 43,e5f4 d3d4,1566,131,100,52,endgame equality oneMove pawnEndgame,https://lichess.org/r5mzApyX/black#86,
HJzAn,1r1q4/2p3p1/p6k/2bN1Q2/4p1nr/1P5P/1PP3P1/R4R1K b - - 0 28,g4f2 f1f2 c5f2 f5f2,1475,87,100,104,equality middlegame short,https://lichess.org/rLvxts4N/black#56,
HKHht,8/5k2/5n1P/pp2KP2/8/P7/8/8 b - - 1 52,b5b4 a3b4,1493,77,100,172,endgame equality knightEndgame oneMove,https://lichess.org/YLwpFFtR/black#104,
HQycI,6nk/7p/3Q2p1/q3p3/8/7P/6PK/8 b - - 0 37,e5e4 d6d4 g8f6 d4f6,1389,89,100,101,endgame equality short,https://lichess.org/EkSguf9I/black#74,
HRwKU,2q3k1/p5p1/4n3/7p/2P4P/3Q2BK/5PP1/5B1R w - - 2 43,d3f5 e6f4 h3h2 c8f5,1475,130,100,70,discoveredAttack endgame equality pin short,https://lichess.org/dZ7v7pOI#85,
HSZN5,3R4/p5p1/5n1p/4N1k1/5P2/7P/b5PK/2r5 b - - 0 33,g5f4 e5d3 f4e3 d3c1,1312,120,100,60,endgame equality fork short,https://lichess.org/q6YuoErt/black#66,
HTUOr,r2q1rk1/1p3ppp/p1np4/8/6bP/3B1N2/PP1N1PP1/R2Q2K1 b - - 3 20,d8h4 f3h4 g4d1 a1d1,1371,98,100,80,equality middlegame short,https://lichess.org/iTZApvsR/black#40,
HTu8x,r1bq3r/pp3k2/2p1pp1b/8/2PPQp1p/PB3N1P/1P3PP1/1K1R3R w - - 2 22,f3h4 f6f5 h4f5 e6f5,1376,106,100,74,equality middlegame short,https://lichess.org/DAevcZG7#43,
HVPwI,r4rk1/pp3ppp/3p4/q7/2P1Pn2/1N3Q2/PP2n2P/R1B2K1R b - - 5 19,a5b4 c1f4 e2f4 f3f4,1339,78,100,175,equality middlegame short,https://lichess.org/LaPGUqc4/black#38,
HWeKo,6k1/3b1p1p/2p3p1/1prp4/p7/3BKP2/P5PP/1R6 b - - 1 30,f7f5 e3d4 c5c4 d3c4,1592,148,100,54,endgame equality short trappedPiece,https://lichess.org/kMxSUwzm/black#60,
HYueW,3r1b1N/kp5p/4p1p1/3p4/2p5/4P1P1/2nQKPP1/q4B1R b - - 5 24,a1b2 d2a5 a7b8 a5d8,1411,99,0,77,equality fork middlegame short,https://lichess.org/SHvXeLop/black#48,
He0TO,8/2KRP1p1/k5q1/8/5p1P/8/8/8 b - - 16 63,f4f3 d7d6 g6d6 c7d6,1474,137,100,51,endgame equality fork queenRookEndgame short,https://lichess.org/WkubV8Bu/black#126,
HeiLp,r4rk1/4QR2/3p2p1/p2Pb1Pp/4P3/q7/6P1/5R1K b - - 2 30,f8f7 e7f7 g8h8 f7g6,1498,126,100,71,endgame equality short,https://lichess.org/U2MOInaO/black#60,
HgcmQ,5r1k/Q4b2/1p3q1p/4p3/8/P2B4/1PP1N3/K5R1 w - - 0 32,b2b3 e5e4 a1b1 e4d3,1363,107,100,62,discoveredAttack discoveredCheck equality middlegame short,https://lichess.org/wCDIVJhQ#63,
HjHXR,r5k1/p2q2p1/1p3nQp/2p1R3/2PP4/2P3P1/P4K1P/R7 w - - 3 28,g6f5 f6g4 f2g1 g4e5,1400,500,0,1,endgame equality fork short,https://lichess.org/gA1ykZYA#55,
HkzxM,r3kb1r/1p3p1p/p3b3/3PQp2/7q/6P1/PPP4P/R3KB1R b KQkq - 0 15,h4e4 e5e4 f5e4 d5e6,1382,111,100,58,equality middlegame short,https://lichess.org/0j35xsbv/black#30,
Hm1gY,2kr3r/ppp5/2nq1p2/Pb2p1p1/1P5p/2P1N2P/B2B1PP1/2RQR1K1 w - - 2 23,e3f5 d6d2 a2e6 c8b8,1428,140,60,42,defensiveMove equality middlegame short,https://lichess.org/9XHuBIGs#45,
Hn2eE,3qr1k1/1p3p1p/p5p1/1b2p3/P2pP3/1P3NPP/3Q1PB1/R1n3K1 w - - 0 30,a4b5 c1b3 d2d1 b3a1,1549,139,100,41,equality fork middlegame short,https://lichess.org/hbIb00TH#59,
Ho4Da,r1b2rk1/1p2pp1p/6p1/q7/p3p3/P5Q1/BKP1NPPP/3R3R w - - 1 17,h2h4 a5b5 b2a1 b5e2,1572,139,100,35,equality fork middlegame short,https://lichess.org/6hoewjxo#33,
HrmbS,3qr1k1/rpp2p2/2b4p/b5p1/1N1PP3/2P3P1/1P3PP1/R3QRK1 b - - 2 22,e8e4 b4c6 e4e1 c6d8,1531,157,100,45,equality middlegame short,https://lichess.org/JSpq5r9z/black#44,
HzdC3,6k1/1p2p3/3pP3/p1nP4/2P5/P1N3KP/1r4P1/6R1 w - - 0 42,g1f1 b2b3 g3g4 b3c3,1421,127,100,62,endgame equality pin short,https://lichess.org/wbYUXw6I#83,
I0J2g,8/4k3/5p1p/2P2P2/3K2P1/p6P/B5b1/8 w - - 4 42,d4c3 g2h3 a2d5 h3g4,1585,138,100,46,bishopEndgame endgame equality short,https://lichess.org/Cr9U6lSZ#83,
I6duV,8/pp6/2qp2kp/2p3p1/2PP4/2Q4P/PP2rPP1/6K1 b - - 0 29,c6b6 c3d3 g6g7 d3e2,1573,424,0,5,endgame equality fork short,https://lichess.org/xOv8Io57/black#58,
I9dkl,r1b5/ppp2q1k/3p1bpp/8/3n4/1PN4P/P1PQNPP1/2KR3R w - - 1 18,e2d4 f6g5 d2g5 h6g5,1553,118,100,62,equality middlegame pin short,https://lichess.org/EuAASvYP#35,
IB2mc,8/3r2p1/3bR3/pk4B1/3n4/6PP/5P1K/5R2 w - - 1 41,e6e4 d4f3 h2g2 f3g5,1394,389,0,3,endgame equality fork short,https://lichess.org/Y1JHJYpa#81,
ICh89,rq1kr3/p2b4/1p1nB3/3Q1p2/3P2pp/8/P4KPP/2R1R3 b - - 5 33,d7e6 e1e6 e8e6 d5e6,1411,92,100,91,equality middlegame short,https://lichess.org/5uyezSTd/black#66,
IDEUy,8/8/5p2/3k3P/1p3K2/8/8/8 b - - 0 39,b4b3 h5h6 b3b2 h6h7 b2b1q h7h8q,1300,128,38,50,advancedPawn endgame equality long pawnEndgame promotion,https://lichess.org/zLBh0so0/black#78,
IG0mA,8/8/2K4k/8/P7/8/1r6/8 b - - 2 45,h6g6 a4a5 b2a2 c6b6,1418,80,100,128,defensiveMove endgame equality quietMove rookEndgame short,https://lichess.org/fe3Fahh3/black#90,
IIKsI,3r2k1/p1p3p1/5r1p/3q4/bb1N4/3QB2P/2P1K1P1/R5R1 b - - 7 30,d5d7 d3c4 g8h7 c4b4,1565,172,100,44,equality fork middlegame short,https://lichess.org/9UuASIaa/black#60,
IJUKW,r6k/2p5/1p3R2/p7/2r1b1R1/7P/5PP1/6K1 b - - 0 36,a5a4 f6h6 e4h7 g4c4,1426,99,100,77,endgame equality short,https://lichess.org/LS63Zr4w/black#72,
IL0G6,3r4/8/5pp1/1p6/pBp1k2P/4P1P1/P1R2PK1/8 w - - 2 44,c2d2 d8d2 b4d2 e4d3 d2b4 c4c3 b4c3 d3c3,1584,136,41,50,endgame equality veryLong,https://lichess.org/W9qoJv8k#87,
IMzKG,r5r1/pp1k1p2/1qpp3B/4RP2/6Pb/2N2PnP/PPP3K1/R2Q4 w - - 1 21,c3e4 g3e4 e5e4 b6f2,1322,96,100,98,equality middlegame short,https://lichess.org/fLqnft69#41,
ITv5K,6r1/1p3k2/1ppp4/4nP2/P3PK1B/1P4P1/2P5/4R3 w - - 6 39,h4g5 g8g5 f4g5 e5f3 g5h6 f3e1,1597,171,100,32,attraction endgame equality fork long sacrifice,https://lichess.org/1cdrHL1t#77,
IUEJw,3rr3/1kp3p1/p6p/1p1PnNq1/4P3/Q4P2/P5PP/1R2R1K1 w - - 1 26,a3c5 e5f3 g1h1 f3e1,1511,141,100,50,equality kingsideAttack middlegame pin short,https://lichess.org/MIBODYd0#51,
IUO6i,r3kb1r/p4ppp/R3p1n1/3pP3/3N1P2/2q1B3/P2N2PP/3QK2R w Kkq - 3 18,e1g1 c3e3 g1h1 e3d4,1425,138,100,49,equality fork hangingPiece middlegame short,https://lichess.org/Ei5jX5cv#35,
IUTZn,r2q2k1/pp2p1bp/1r4p1/n1Q3N1/3P4/2P4P/P4PP1/R1B1K2R w KQ - 9 18,c5a5 b6e6 g5e6 d8a5,1513,86,100,132,discoveredAttack equality middlegame pin short,https://lichess.org/dvyysUlE#35,
IZRFR,r3k2r/5p2/ppb1p1pp/2npPPq1/6R1/P1N3Q1/1PP3P1/5R1K b kq - 2 24,g5h5 g4h4 h5h4 g3h4,1397,82,100,117,defensiveMove equality middlegame short,https://lichess.org/n8q0eEsW/black#48,
IaYKY,r4rk1/pp3qpp/3p4/4bN2/1Q2P3/1PP5/P5PP/2R4K b - - 0 30,g7g6 f5h6 g8g7 h6f7,1365,85,100,112,equality fork middlegame short,https://lichess.org/ILcJ4thn/black#60,
Iagwc,3r3k/1p3qpp/2n5/2N2b2/1P1r4/P1Qp1R1P/3R1PP1/6K1 b - - 2 27,d4c4 f3f5 f7f5 c3c4,1404,378,0,4,deflection equality middlegame short,https://lichess.org/H965cibt/black#54,
Iboh2,7r/2k1n1q1/1Rb4r/B1P1p3/3pP3/P2P1B2/1P3QPP/R5K1 w - - 1 26,f2g3 g7g3 h2g3 h6h1 g1f2 h1a1,1371,78,100,182,equality long middlegame skewer,https://lichess.org/YkNZZ53O#51,
IcDV5,rn2q1k1/pppb1pp1/3p4/3P2N1/8/3Br2P/PPQB4/R3K2R w KQ - 0 17,d2e3 e8e3 e1d1 e3g5,1554,129,100,50,equality fork middlegame short,https://lichess.org/fIeTEnmU#33,
IdYhz,4r1k1/p3q1p1/2p3p1/P2pQ1Pp/1P1P3P/2P4b/5PK1/4RR2 w - - 1 32,g2h3 e7d7 h3h2 e8e5,1573,137,100,50,discoveredAttack endgame equality short,https://lichess.org/X48Rgmln#63,
IfK8T,3r1r1k/ppq2ppp/5b2/5P1Q/2ppB3/3P3P/PPPB2R1/R5K1 w - - 0 22,d2h6 g7h6,1564,206,20,18,equality middlegame oneMove,https://lichess.org/fSrsvIAZ#43,
IhNe1,6Q1/8/pp6/5N2/n4P2/8/1kp1K3/8 w - - 0 52,g8g7 a4c3 e2d3 c2c1q,1565,95,100,84,advancedPawn endgame equality promotion short,https://lichess.org/jsOecPC6#103,
IiWlH,r3k2r/ppp2p1p/1bnpbq1p/P3p3/1P2P1n1/2PP1NP1/5PBP/RN1Q1RK1 b kq - 0 11,g4e3 f2e3 b6e3 g1h1,1402,117,100,60,equality middlegame short,https://lichess.org/gaUFMo4b/black#22,
Io4i4,1k6/pp2ppb1/3p4/P1pP4/q3NPp1/2PQK1P1/1P5r/R4R1r b - - 8 24,a4a1 f1a1 h1a1 d3b5,1561,353,0,1,equality middlegame short,https://lichess.org/Ib3gjxr1/black#48,
Iomgk,8/6kp/p3pp2/1p4p1/1Q4P1/P4q1P/1P6/4K3 b - - 1 40,e6e5 b4e7 g7g6 e7e8,1463,135,100,46,endgame equality queenEndgame short,https://lichess.org/vNbaxXTg/black#80,
Iq52b,r4rk1/1bp2p1p/pp3Pp1/8/5QPn/5P2/PPqB3P/R4R1K b - - 2 19,g6g5 f4g5 c2g6 g5h4,1373,115,100,81,equality fork middlegame short,https://lichess.org/YWhWcbPP/black#38,
IqxrJ,r4rk1/2p2qp1/p6p/1p1b4/2nQ3N/2P5/P3RPPP/4R1K1 b - - 5 19,a8e8 e2e8 f8e8 e1e8 f7e8 d4d5,1536,126,100,65,equality kingsideAttack long middlegame,https://lichess.org/H4EqAyvs/black#38,
Iz72H,r4br1/p2kn3/3pp2p/8/4P3/1R1p4/P2N1PPP/2R3K1 b - - 1 21,e7c6 b3b7 d7e8 c1c6,1308,302,75,18,deflection equality middlegame short,https://lichess.org/VCghIlmx/black#42,
IzwMG,r3k3/pp1b1pp1/4p1p1/3pP3/3B2Pb/1PP5/P2K1P2/7R b q - 1 18,h4e7 h1h8 e7f8 d4c5,1326,87,100,119,endgame equality pin short,https://lichess.org/MfhrpgB6/black#36,
J2ykU,6k1/pp5p/4p1p1/8/4P3/P1Bq2N1/1Pp1N1PP/5R1K w - - 4 32,e2d4 d3f1 g3f1 c2c1q,1436,103,100,77,advancedPawn endgame equality pin promotion short,https://lichess.org/npUFFCuz#63,
J3xUH,r3r1k1/pp1q1pp1/2p1b2p/3n4/4Q3/2NB2B1/PP3PPP/3R2K1 b - - 10 21,e6f5 e4f5 d7f5 d3f5 d5c3 b2c3,1500,122,100,55,equality long middlegame,https://lichess.org/NBSvz9Ze/black#42,
J5aFe,1r4k1/4rpp1/p4n2/1p1B3p/5P2/PbN4P/1P1R2P1/2R3K1 b - - 3 27,f6d5 c3d5 b3d5 d2d5,1503,306,33,11,equality middlegame short,https://lichess.org/Sq2KWRRL/black#54,
J7qno,2k4r/p1b2ppp/1pQ5/2p1P3/3p1nq1/PP6/1BP3PP/4RRK1 w - - 0 28,f1f4 g4f4 c6a8 c7b8,1509,185,100,29,equality hangingPiece middlegame short,https://lichess.org/OFOWC7hj#55,
J8JV4,6k1/3b2r1/2p1pQ2/1p1p2B1/p2P4/2P2K2/PP6/8 w - - 2 44,g5h6 g7f7 f6f7 g8f7,1378,80,100,171,endgame equality pin short,https://lichess.org/lLgnoEKV#87,
J9URu,8/8/6pp/2pk1p2/1pN5/1P1K1P1P/P3B1P1/6b1 w - - 1 43,c4a3 b4a3,1501,364,0,6,endgame equality hangingPiece oneMove,https://lichess.org/1leHVuSO#85,
JBa6I,r1bq1rk1/5ppp/2n1p1n1/3pP1PQ/pppP4/2P1B3/PPBN2PP/4RRK1 w - - 0 17,c2g6 f7g6 f1f8 d8f8,1545,130,100,52,equality middlegame short,https://lichess.org/AYQJkxQ6#33,
JDdoq,r4rk1/p1p2p2/1p2p1p1/4n2p/1PP2P1q/5RNP/P3Q1P1/R5K1 w - - 0 26,f4e5 h4d4 e2e3 d4a1,1574,165,100,30,equality fork middlegame short,https://lichess.org/LXmYyjKn#51,
JDoqL,2kr2nr/ppp1qp1p/8/4P1p1/2pN1pb1/3B4/P1PQ2PP/1RB2RK1 b - - 0 13,d8d4 d3f5 g4f5 d2d4,1473,123,100,56,discoveredAttack equality middlegame short,https://lichess.org/cvwxujN8/black#26,
JGnOG,r2qkb1r/ppp2ppp/3p4/4p3/2BnP1b1/2NP1N2/PPP2P2/R1BQ1RK1 w kq - 1 10,c4f7 e8f7 f3e5 d6e5,1539,458,0,7,equality hangingPiece opening short,https://lichess.org/qDJ6F8Df#19,
JJCnL,r3bkr1/1qp2pbQ/p1n1p3/3pP3/1p1P2RP/PBN3P1/1PP3P1/5RK1 w - - 0 25,g4g7 g8g7 h7h8 g7g8,1452,119,80,59,equality middlegame short,https://lichess.org/fW3tjuzi#49,
JJJ6S,6k1/5p2/4p1p1/3qP3/3r4/5P2/2Q4P/2R2R1K w - - 1 43,h1g2 d4d2 c2d2 d5d2,1304,108,100,84,endgame equality fork short,https://lichess.org/xu4sKjU6#85,
JJmVA,3r2k1/p1Q2ppN/1p5p/8/PP6/6PP/1P1qb1PK/4R3 b - - 4 29,g8h7 e1e2 d2e2 c7d8,1369,96,100,103,deflection endgame equality short,https://lichess.org/m5iY6UHl/black#58,
JMQof,1k1rq1r1/ppp1bppp/5n2/8/8/2N1Q3/PPP1BP1P/R1BR2K1 w - - 5 18,c3b5 d8d1 e2d1 e8b5,1588,129,100,42,equality opening short,https://lichess.org/1XcIhQA3#35,
JNJlw,8/2B1kpp1/p3p2p/2P5/Pn1P4/4P2P/3K1PP1/8 w - - 7 32,d2c3 b4d5 c3c4 d5c7,1310,165,100,38,endgame equality fork short,https://lichess.org/E25Nm6yT#63,
JNTUa,r4rk1/1p2bppp/p1b1pB2/8/2P5/q2B2Q1/5PPP/2R2RK1 b - - 0 19,e7f6 d3h7 g8h7 g3a3,1436,99,100,80,discoveredAttack equality middlegame short,https://lichess.org/Nma7CzlO/black#38,
JNc0q,r5k1/5ppp/2q1p3/prN1Q3/R2P4/6P1/5P1P/4R1K1 w - - 9 33,e5e2 b5c5 d4c5 c6a4,1563,100,100,84,capturingDefender discoveredAttack equality middlegame short,https://lichess.org/rUjtXswa#65,
JQJZS,r2q1rk1/4bpp1/3p2b1/np2pN1n/4P2P/1BN1BP2/PPPQ4/2K3RR w - - 0 19,g1g6 a5b3 c2b3 f7g6,1557,136,100,48,equality middlegame short,https://lichess.org/LqmKZaFj#37,
JReBI,r2qk1r1/pbpnb2p/1p1pp3/3nPpp1/3PN3/2PB1N2/PPQ2PPP/R1B1R1K1 w q f6 0 13,e4g5 e7g5 c1g5 g8g5,1361,87,100,115,equality middlegame short,https://lichess.org/x0YIPB3s#25,
JRtSx,r2q1rk1/3b1ppp/p2bpn2/6B1/1pp1N3/5N2/PP3PPP/R2Q1RK1 w - - 0 16,d1d6 f6e4 g5d8 e4d6,1372,121,100,52,equality hangingPiece middlegame short,https://lichess.org/duCu6qIA#31,
JT0qz,r3k2r/pp2n2p/1q1pppb1/6p1/3np3/1B4BP/PPPQ1PP1/2KR2NR b kq - 5 15,a8c8 d2d4 b6d4 d1d4,1554,178,100,27,equality middlegame short,https://lichess.org/a05OJ4cm/black#30,
JV3f1,6r1/p6R/4kp1p/P1P1p3/4b3/5N2/6P1/3R3K w - - 2 37,f3h4 e4h7 d1d6 e6e7,1532,134,100,49,endgame equality hangingPiece short,https://lichess.org/xofUvPxN#73,
JWwXu,3r2k1/pp4pb/1q3n1p/3pQ3/8/2P2P2/PP2B1PP/3R1R1K w - - 5 22,b2b4 d8e8 e5g3 e8e2,1538,154,100,66,equality middlegame short skewer,https://lichess.org/WrHCu96h#43,
JY3Jf,8/5p2/3r1nk1/NPR3p1/P5P1/3p1P2/5K2/8 w - - 0 39,a5b3 d3d2 b3d2 d6d2,1479,106,100,77,advancedPawn endgame equality short,https://lichess.org/yMVnH8Sf#77,
JbM0m,2r3kr/6b1/pq1p4/1p1PnbNB/5pP1/2B2P2/1P2Q2K/R6R b - g3 0 32,e5g4 f3g4 f5g4 e2g4,1309,109,100,69,equality middlegame short,https://lichess.org/qVtPP2To/black#64,
Jd7gn,r2q1rk1/pp2ppbp/2npbnpB/8/3NP3/2N5/PPPQBPPP/2KR3R b - - 3 10,g7h6 d2h6 c6d4 d1d4,1444,94,100,91,equality middlegame short,https://lichess.org/nVb4VeSN/black#20,
Jf91m,1r6/3kq3/4p3/p1pp4/2b5/2Q4P/P4PP1/4R1K1 b - - 6 34,c4a2 c3a5,1531,113,100,67,endgame equality oneMove,https://lichess.org/zbfgx7n4/black#68,
JgL9m,8/6k1/p3Q3/8/1p3p1p/5P2/Pq2N1P1/7K w - - 0 41,e2f4 b2c1 h1h2 c1f4,1483,109,100,68,endgame equality fork short,https://lichess.org/55Fzm2Ng#81,
JiBI3,1r2r1k1/1p3pp1/p1p2n1p/P1P3q1/3P2B1/1QP1n2P/3B2P1/R3R1K1 w - - 4 23,d2e3 e8e3 e1e3 g5e3,1371,120,100,54,equality kingsideAttack middlegame short,https://lichess.org/LxkgMsFc#45,
JiSD7,8/p7/2p5/5R2/4kB1r/2P5/PP4K1/8 w - - 1 43,g2g3 e4f5 g3h4 f5f4,1507,134,100,44,endgame equality short,https://lichess.org/O0oWgt7a#85,
JjN6I,r4rk1/1pp2qp1/p6p/2P5/3BP1p1/P7/2P2PPP/R2QNK2 w - - 1 23,d1g4 f7c4 e1d3 c4d4,1595,148,100,39,equality fork middlegame short,https://lichess.org/TvUjRdVI#45,
Jl8Wl,4rrk1/R6p/5p1n/1q4p1/2pP4/Q1P2NP1/3N1PP1/R5K1 w - - 1 25,a7a8 e8a8 a3a8 f8a8,1349,116,100,69,equality middlegame short,https://lichess.org/LRw3Xfxr#49,
Jldk7,bQ3bk1/P5p1/2q4p/4p3/3B4/4PP1P/6PK/R7 w - - 0 41,b8e5 f8d6 e5d6 c6d6,1301,97,100,106,endgame equality pin short,https://lichess.org/XlGzYEo4#81,
Jrk6a,4r1k1/3n1ppp/1q1P1p2/2pQ4/1pP1N3/rP6/5PPP/R3R1K1 w - - 1 23,a1a3 b4a3 e4f6 d7f6,1441,240,0,26,equality middlegame short,https://lichess.org/nQHPF61q#45,
JvWGD,k1r4r/4b3/pq3p1p/1ppP1PpP/1P2P1Q1/P3B3/8/2R2K1R w - - 1 31,b4c5 e7c5 c1c5 c8c5,1485,156,100,51,equality middlegame short,https://lichess.org/betiUITX#61,
Jwp9u,r1q5/1bp3k1/p3prpp/2p1Q3/2NP1n2/5N2/PP3PPP/3RR1K1 b - - 3 25,b7f3 g2f3,1550,117,100,63,equality middlegame oneMove,https://lichess.org/jwNRznIF/black#50,
Jyb7b,8/1R3pk1/8/1p2rP2/1P1n1K2/6P1/8/8 b - - 4 54,e5f5 f4e4 f5g5 e4d4,1484,276,20,13,defensiveMove endgame equality short,https://lichess.org/FW93P5t1/black#108,
K1m7h,2k5/ppp4p/5p1K/5b2/3B1nr1/5N2/P2N2PP/R6R w - - 0 24,d4f6 g4g6 h6h7 g6f6,1597,190,100,31,discoveredAttack discoveredCheck equality fork middlegame short,https://lichess.org/GpaQQOWJ#47,
K38ec,8/1pkbR3/3r2p1/PPK5/8/7p/8/8 b - - 0 52,g6g5 b5b6 d6b6 a5b6,1462,107,100,89,endgame equality short,https://lichess.org/2eh5ZX0F/black#104,
K3dKC,8/8/8/1pk4K/7P/4N1P1/5n2/8 w - - 0 51,g3g4 b5b4 e3c2 b4b3,1595,109,100,63,endgame equality knightEndgame quietMove short,https://lichess.org/mr3A7gzj#101,
K6OYQ,5n2/6p1/2N1pk2/3p3p/3P1P1P/5K2/6r1/7R b - - 2 39,g2g4 c6e5 f8g6 e5g4,1442,127,100,50,endgame equality short trappedPiece,https://lichess.org/e87AUxM6/black#78,
K8iaO,3q1b1r/1b2kpp1/2nppn1p/1p6/4PB2/3B1N2/PPQ2PPP/R3K2R w KQ - 0 14,d3b5 d8a5 f4d2 a5b5,1545,151,100,41,equality fork middlegame short,https://lichess.org/1AeiGsBq#27,
KCPL7,r1bqk1nr/pp3pbp/3np1p1/2QP4/8/1PP5/P2PNPPP/RNB2RK1 b kq - 0 10,b7b6 c5c6 c8d7 c6d6,1403,122,100,55,equality fork interference opening short,https://lichess.org/Yi6kJsjU/black#20,
KCZDC,r3k2r/ppp3pp/2n5/7P/4B1b1/2P1PN2/PP3P1P/3RK2R w Kkq - 1 16,e4c6 b7c6 f3e5 g4d1,1586,143,100,43,equality middlegame short,https://lichess.org/uEnZdzXK#31,
KIVxW,4rr2/1pp4k/1p3q1p/1P2Nppb/P1PP1P2/6QP/3N2P1/R4RK1 w - - 2 24,e5d7 f6d4 g3f2 d4d7,1391,201,60,14,equality fork middlegame short,https://lichess.org/ZhANs87y#47,
KIdFH,4r1k1/2pqb1pp/8/5p2/r1N2P2/2p1PQ2/3p1BPP/R4RK1 w - - 0 24,a1a4 d7a4 f3d5 g8h8,1585,110,100,69,equality middlegame short,https://lichess.org/tMq9vHxR#47,
KLC6A,r4rk1/2qb2p1/4p1Qp/4P3/1pp1NP2/3pP1P1/PP4P1/2KR3R w - - 1 22,e4f6 f8f6 e5f6 d7e8,1453,437,0,4,equality middlegame sacrifice short,https://lichess.org/VxKJIl7m#43,
KOfXj,5rk1/ppp2p2/6pQ/2q5/2B5/2P2n1R/P4P1P/6K1 w - - 0 25,h3f3 c5c4 f3h3 c4g4,1432,129,100,48,endgame equality hangingPiece short,https://lichess.org/r9EdKH63#49,
KPgyi,r7/pp6/2p1Q1bk/4Np1q/3P4/P2KP3/1P3P2/8 b - - 2 34,a8d8 e5f7 h6g7 f7d8,1483,125,100,60,endgame equality fork short,https://lichess.org/0LsMHI36/black#68,
KPvfQ,4Qbk1/5ppp/8/p3pq2/3P4/1P4B1/5P1P/3R2K1 w - - 1 33,g3e5 f5g4 e5g3 g4d1,1528,134,100,58,endgame equality fork short,https://lichess.org/2ydpxDFp#65,
KS3CM,4rb2/ppk5/2p5/1P3Rp1/2n1P1r1/2N5/P4K2/R1B5 b - - 0 25,f8g7 f5f7 c7d6 f7g7,1439,104,100,81,equality fork middlegame short,https://lichess.org/RaXwjYN9/black#50,
KSbf1,8/5k2/4p1p1/5b1p/p2q1P1P/4RPP1/P3RK2/8 b - - 3 40,f5d3 e2d2 d4c5 d2d3,1309,129,100,61,endgame equality short,https://lichess.org/iJ6NLe3s/black#80,
KT59G,r2qr1k1/pp3p1p/5pN1/2b5/6Q1/8/PPP2PPP/R4RK1 b - - 0 17,f7g6 g4c4 g8g7 c4c5,1428,111,100,71,equality fork middlegame short,https://lichess.org/8zf4DtyN/black#34,
KUWKL,4k3/p4pp1/2R1p2r/1p1q4/7p/3PnP2/PP1B1QPP/6K1 w - - 3 30,d2e3 d5c6 e3h6 g7h6,1419,111,100,79,endgame equality short,https://lichess.org/kLhqCGdF#59,
KX2Wb,6rr/3kn3/p2b1p2/1p2n2p/3pPNp1/1P1P3R/PB3N2/R3Q1K1 w - - 1 29,h3h5 e5f3 g1f1 f3e1,1328,105,100,63,equality fork middlegame short,https://lichess.org/Mmb4tjrI#57,
KYfFB,r4rk1/5ppp/n1p5/1p1p4/1P1BP3/p2Q4/P1PPNqPP/2K3R1 b - - 0 22,a6b4 d4f2 b4d3 c2d3,1400,119,47,57,equality middlegame short,https://lichess.org/3KS5436N/black#44,
KZFo4,r4rk1/p3bpnp/2p1p2p/8/6Q1/1PN4P/P1P2PP1/5RK1 w - - 2 21,c3e4 f7f5 g4f4 f5e4,1427,101,100,84,equality fork middlegame short,https://lichess.org/oHLwGnsT#41,
KZKYR,r3r1k1/pp3pp1/7p/7q/2P5/P2N1pB1/2P2P2/R2Q2K1 b - - 2 26,e8e2 d3f4 h5g4 f4e2,1476,156,100,43,equality fork middlegame short,https://lichess.org/6nHa07gp/black#52,
KZmu2,b1r3k1/p3b1pp/1p6/2rn4/3B4/3R2P1/PP3PBP/1K2R3 b - - 4 23,c5b5 g2d5 a8d5 e1e7,1575,151,100,41,equality kingsideAttack middlegame short,https://lichess.org/BQErxq3R/black#46,
KaAUS,r1br4/pp3pkp/2n1p1p1/2p3n1/6P1/P6P/1PP1NPB1/R3K1NR w KQ - 2 14,g2c6 b7c6 h3h4 g5e4,1457,104,100,77,equality middlegame short,https://lichess.org/ImIXrhj1#27,
KaVcQ,2r2rk1/1p2qpp1/p5p1/3Np1P1/2P1Pn1P/bP1p1Q2/PB3P2/2KR3R b - - 4 25,a3b2 c1b2 f4d5 e4d5,1580,122,100,52,equality middlegame short,https://lichess.org/2EdNxH7W/black#50,
KbOrg,rn3rk1/2p2pb1/pp1p2p1/3Pp1Bp/PP2n1qP/2N5/2PQBPP1/R4RK1 w - - 0 17,e2g4 e4d2 g5d2 h5g4,1533,105,100,64,equality intermezzo middlegame short,https://lichess.org/OvBXJh4E#33,
Kbe7j,2kr4/ppp2ppp/8/4P3/2Pr1Pn1/1P5P/P2B2P1/3R1RK1 b - - 0 20,d4d2 d1d2 d8d2 h3g4,1557,160,100,43,endgame equality short,https://lichess.org/rdbLkKpn/black#40,
Kbu6s,2k5/ppp2ppp/8/6P1/PP6/4K3/3rB1R1/2r5 b - - 4 29,c1c2 e2g4 c8d8 g2d2 c2d2 e3d2,1407,158,100,44,discoveredAttack endgame equality long,https://lichess.org/FmV8fVYu/black#58,
KgyF1,2r1k3/1R2B3/PK3p1p/2P3p1/6P1/4p3/5P1P/8 w - - 0 60,e7f6 e3f2 b7e7 e8f8,1566,126,0,43,advancedPawn endgame equality short,https://lichess.org/SlZGRN83#119,
KjHyH,r4b1k/1pp3pp/8/p2p1NQ1/Pn1Pb3/1P4P1/5P1P/4R1K1 w - - 7 31,g5f4 b4d3 e1e4 d3f4,1331,148,100,46,equality fork middlegame short,https://lichess.org/V8NqiRcM#61,
KmvLN,r3k2r/pppnbpp1/4q1p1/3pN3/3PnBQ1/7P/PPP2PK1/RN3R2 b kq - 8 16,f7f5 g4g6 e6g6 e5g6,1411,79,100,147,equality middlegame short,https://lichess.org/oUZRIiFv/black#32,
Knair,1k6/p4R2/6p1/PP1N3p/2Pb4/7P/4r1KP/8 w - - 1 37,g2f3 e2f2 f3e4 f2f7,1395,93,100,86,endgame equality short skewer,https://lichess.org/hy8Rax6x#73,
KqljO,2rr2k1/Np3pp1/4p2p/8/Pn6/3B4/1P2KPPP/3R4 b - - 0 23,c8c7 d3h7 g8h7 d1d8,1598,146,100,35,discoveredAttack endgame equality short,https://lichess.org/0hJEib6S/black#46,
KsoP2,5rk1/1b3ppp/p1q1p3/1p2n1P1/2pB1Q1P/6P1/PP1N4/2R2RK1 w - - 2 28,d2f3 e5f3 f1f3 c6f3 f4f3 b7f3,1344,82,100,140,equality kingsideAttack long middlegame,https://lichess.org/W6VHPsFn#55,
KvbgC,5rk1/1p6/2p5/3pP2p/1P2r2P/P2Q4/5R2/6K1 w - - 2 35,d3g3 e4g4 f2f8 g8f8 g1f2 g4g3,1425,230,100,35,defensiveMove endgame equality long pin queenRookEndgame,https://lichess.org/Xn3pinhW#69,
KvrFx,r3r1k1/ppp2pp1/2b4p/2qp4/3Qn3/2N2P2/PPPN2PP/3RR1K1 w - - 1 16,d2e4 c5d4 d1d4 d5e4,1519,138,100,48,equality intermezzo kingsideAttack middlegame short,https://lichess.org/EHzDYmBO#31,
KxVO4,r5k1/q5pp/p2Pr3/1p1QPp2/P7/3p4/1P3bPP/2R4K b - - 0 31,g8f7 c1c7,1382,106,100,57,endgame equality oneMove,https://lichess.org/KQUTBYxJ/black#62,
KxcFp,r3k2r/5ppp/p1n1b3/6B1/4p2P/2P2N2/B4PP1/2KR3R w kq - 0 21,f3d4 c6d4 d1d4 e6a2,1517,154,100,39,equality middlegame short,https://lichess.org/Vvw5mia4#41,
L4qwc,r1b1r1k1/pppp1ppp/2q4n/8/4P3/2P1P3/PPQ1B1PP/RN3RK1 b - - 0 11,e8e4 e2f3 d7d5 f3e4,1584,103,100,76,equality middlegame short,https://lichess.org/Gl0NbdlK/black#22,
L4sL0,3r2k1/pp3ppp/4P3/8/3r2P1/1P6/P6P/3RR1K1 w - - 0 30,e6f7 g8f7 d1d4 d8d4,1449,118,100,68,endgame equality rookEndgame short,https://lichess.org/2VcCp8jw#59,
L5zt9,3q1r1k/7p/R2pQ1p1/2p5/3pPn2/3P4/1PP2PP1/5RK1 w - - 0 25,e6d6 f4e2 g1h1 d8h4,1478,299,0,5,endgame equality short,https://lichess.org/yVsggi9L#49,
L92tl,5r2/1pk5/p7/4pB2/8/2q5/2P1Q1PP/3R3K w - - 4 31,e2f3 c3f3 g2f3 f8f5,1388,91,100,88,capturingDefender endgame equality short,https://lichess.org/MbllFmyo#61,
LGkrX,8/RR3p2/6kp/2n3p1/P7/1P3r1P/1KP5/8 w - - 2 53,b7f7 f3f7 a7f7 g6f7,1557,125,100,52,endgame equality short,https://lichess.org/TxHnKTcG#105,
LIpu4,r5k1/1bp1q1p1/3pP3/pp3Q2/8/2N4R/PP3bPP/R5K1 w - - 0 27,g1f2 a8f8 f5f8 e7f8,1355,118,100,56,equality middlegame pin short,https://lichess.org/bes1wlwS#53,
LJQUg,7k/p2R2p1/1b1N3p/8/5r2/7P/B4PP1/5nK1 w - - 0 42,g1f1 f4f2 f1e1 f2a2,1471,142,100,51,endgame equality fork short,https://lichess.org/0ZDNfsmd#83,
LNc3Z,6r1/ppk3r1/2pq4/8/3PR3/5RP1/PPP3QN/6K1 w - - 1 35,c2c4 g7g3 f3g3 g8g3 h2f1 g3g2,1548,111,100,69,equality long middlegame pin,https://lichess.org/ToVV6Z8p#69,
LQiyp,4r2k/p1p3p1/2b2n1p/1Bqr4/P7/1P3PNN/3Q2PP/2RR3K w - - 1 31,b5c6 d5d2 c1c5 d2d1,1349,80,100,144,equality middlegame short,https://lichess.org/Xv9T49D6#61,
LSmFL,8/8/4kpP1/7p/4K2P/6P1/8/8 w - - 0 61,g6g7 e6f7 e4f5 f7g7,1424,139,100,39,endgame equality pawnEndgame short,https://lichess.org/iMR8qJwv#121,
LU7po,2k5/2pr1ppp/2p3q1/8/4P3/P1P4Q/3B1P1P/1R2K3 w - - 6 25,f2f3 g6g1 h3f1 g1f1 e1f1 d7d2,1469,138,100,51,endgame equality exposedKing long,https://lichess.org/b6f2FOEI#49,
LW5VS,r4rk1/q4ppp/ppn1p3/2Npb3/1P1P4/P2Q1NP1/2P3PP/R4RK1 w - - 0 18,f3e5 c6e5 d4e5 b6c5,1393,103,100,74,equality middlegame short,https://lichess.org/K2EreAqn#35,
LW7rR,2k3r1/p7/2p5/2p1P3/2Pp2rp/3P4/3K2PB/R5R1 w - - 2 33,g2g3 h4g3 h2g3 g4g3 g1g3 g8g3,1331,83,100,125,endgame equality long master,https://lichess.org/oSIdFTPa#65,
LZ4dr,8/kn1R4/1q6/3Q4/rp6/6PK/8/8 b - - 3 47,a4a5 d7b7 b6b7 d5a5,1428,97,100,91,deflection endgame equality fork short,https://lichess.org/MVBDL7Lw/black#94,
LbzaR,1r2k3/p1Q2p2/2n5/3p2p1/3PP3/P1P3p1/4PqPr/2RK1BR1 b - - 2 21,f2g1 c7c6,1488,166,100,47,equality hangingPiece middlegame oneMove,https://lichess.org/7bmYLh6c/black#42,
Lc9Md,3b1rk1/1r3p2/p1q3pp/1p1Np3/4P1Q1/1B4RP/PPP3P1/5RK1 w - - 0 24,f1f6 d8f6 d5f6 c6f6,1546,94,100,97,equality middlegame short,https://lichess.org/zfNNQ0Gc#47,
Ldx6P,r1r3k1/4pp1p/6p1/1qNP4/p1R1P1b1/1PQ5/2P3PP/4R1K1 w - - 0 25,c5a4 c8c4 b3c4 b5a4,1597,109,100,56,capturingDefender equality middlegame short,https://lichess.org/5NVdXd4N#49,
LgIUX,rn3k1r/2q3pp/p2bpn2/1pp1N3/4PB2/2P4P/PPQ2PP1/RN3RK1 w - - 4 17,f1d1 d6e5 f4e5 c7e5 d1d8 f6e8,1591,139,100,53,defensiveMove equality long opening,https://lichess.org/BrKI5Nld#33,
Li8yf,4r1k1/ppp1rppp/2n2q2/7b/3P4/2P1BNbP/P3PPB1/R2Q1RK1 w - - 0 18,f2g3 e7e3 g3g4 h5g6,1422,458,0,2,defensiveMove equality hangingPiece middlegame short,https://lichess.org/GjUqZi8E#35,
LjToM,6r1/Q1pq3k/4rbpp/1p2pp2/1P3P2/P7/6PP/3B1RRK b - - 2 31,e5e4 d1b3 g8g7 b3e6,1501,156,100,36,equality middlegame short,https://lichess.org/1VKZk1Xj/black#62,
LjcyX,8/pppbrBk1/2np4/8/2PP1R2/6P1/PP2q3/R4Q1K w - - 1 25,f1b1 e7f7 f4f7 g7f7,1598,110,100,74,equality middlegame short,https://lichess.org/sJuq0xC9#49,
LmGX2,2kr1q1r/ppp1n2p/8/5bp1/5RP1/3B1N1P/PPP2P2/R2Q2K1 w - - 0 20,d3f5 e7f5 f4f5 d8d1,1357,144,100,45,equality middlegame short,https://lichess.org/3LLjJCq5#39,
Lpqlj,8/8/Pkp3R1/6P1/3K4/5n2/7P/8 w - - 3 41,d4c4 f3e5 c4d4 e5g6,1322,112,100,66,endgame equality fork short,https://lichess.org/X77LvrqA#81,
Lqy4i,6R1/8/p7/kb4P1/7r/8/1R3K2/8 w - - 3 50,g5g6 h4h2,1535,117,100,58,endgame equality oneMove,https://lichess.org/kRYd6Omb#99,
LvVOy,3k4/6pp/1PN2p2/PKP5/8/6P1/4pr1P/8 b - - 3 46,d8e8 b6b7 e2e1q b7b8q,1551,147,100,40,advancedPawn endgame equality promotion short,https://lichess.org/oqjO26o9/black#92,
LwyE0,7k/pp6/7p/3p4/2pP3p/1PP1p3/P4rPP/5BK1 b - - 2 33,e3e2 g1f2 e2f1b f2f1 c4b3 a2b3,1366,114,100,59,endgame equality long,https://lichess.org/ZNkNSjnl/black#66,
LxAze,5k1r/5pp1/3rp2p/1B6/Pp1P4/8/5PPP/2R3K1 b - - 1 29,d6d4 c1c8 f8e7 c8h8,1386,283,33,22,endgame equality short skewer,https://lichess.org/7oGHkdZB/black#58,
LzjKi,8/3k2p1/n2P1p1p/2K1p2P/2N1P1P1/5P2/8/8 w - - 3 39,c5d5 a6b4 d5c5 b4d3,1543,127,100,55,endgame equality knightEndgame short,https://lichess.org/m4fQCce1#77,
M19ip,7r/1b1Nnpkp/p7/1pp1pP2/4Pb2/P1P2N2/BP4PP/3R2K1 w - - 3 24,d7c5 f4e3 g1f1 e3c5,1549,141,100,43,equality fork middlegame short,https://lichess.org/ZHtXRcwW#47,
M1n7i,3b4/7p/4P1p1/3K4/6P1/2k4P/8/8 b - - 0 54,d8e7 d5c6 e7a3 c6d7 c3d4 e6e7 a3e7 d7e7,1581,117,100,64,advancedPawn bishopEndgame endgame equality veryLong,https://lichess.org/yWmoqHNW/black#108,
M39v8,r2q1rk1/pb3ppp/3b1n2/n1p3N1/4B2Q/8/PPPP1PPP/RNB2RK1 b - - 0 13,b7e4 g5e4 f6e4 h4e4,1558,121,100,59,equality opening short,https://lichess.org/p0meyOSM/black#26,
M3Yrl,r4r2/3n1pk1/1qP3p1/1p6/p7/P2B3P/QP3NP1/3R2K1 b - - 0 25,b6c6 d3e4 c6c7 e4a8,1329,135,100,56,equality middlegame short skewer,https://lichess.org/XYEijIVv/black#50,
M3ZAM,8/8/4K3/2k5/4P3/8/8/8 w - - 3 61,e6f7 c5d4 f7f6 d4e4,1577,109,100,57,endgame equality pawnEndgame short,https://lichess.org/cqHpQvmK#121,
M539l,r2qkb1r/pppn1Npp/4b3/3n4/2B5/5Q2/PPPP1PPP/RNB1K2R b KQkq - 0 7,e6f7 c4d5 f7d5 f3d5,1459,120,100,46,equality opening short,https://lichess.org/b99txCrs/black#14,
M9OQe,8/N7/p4p2/6pp/2P5/6k1/PP6/4K3 w - - 0 31,c4c5 h5h4,1326,101,100,78,defensiveMove endgame equality knightEndgame oneMove,https://lichess.org/2Wm4CCke#61,
M9SHN,8/5pp1/8/6KP/4k3/8/8/8 b - - 4 57,f7f5 g5g6 f5f4 g6g7 f4f3 h5h6 f3f2 h6h7 f2f1q h7h8q,1305,91,100,100,advancedPawn endgame equality pawnEndgame promotion veryLong,https://lichess.org/54R0dyBJ/black#114,
MDWln,4r2k/2p3pp/2P5/1P1B1p2/P2P1R2/8/1p2rP1P/1R3K2 w - - 0 34,d5c4 e2e1 b1e1 e8e1 f1e1 b2b1q,1334,119,100,61,advancedPawn attraction endgame equality long promotion,https://lichess.org/CrNhChTo#67,
MLUPi,r3k1r1/1p1n1p2/p1p1p3/q5B1/3P2bP/2PN1R2/P1PKQP2/4R3 b q - 10 22,g4f3 e2f3 g8g5 h4g5,1374,106,100,78,equality middlegame short,https://lichess.org/cLoDzL2Z/black#44,
MLdUa,6k1/5pp1/3r1n1p/1Q6/7P/1P4P1/P3rPK1/8 b - - 2 41,e2a2 b5b8 f6e8 b8e8,1452,90,100,87,endgame equality fork short,https://lichess.org/omMitnZZ/black#82,
MLkuW,5k2/1p3p2/p2n1n1p/2pP1Bp1/2P5/PP4P1/5PP1/4R1K1 w - - 1 28,f5g4 f6g4 f2f3 g4f6,1560,112,100,61,endgame equality hangingPiece short,https://lichess.org/oFvMVvUR#55,
MNZ3d,2kr3r/p1pb3p/1p4p1/2qR1p2/4p3/1Q2N1P1/PPP2PBP/2K5 b - - 3 26,d7e6 d5d8 h8d8 b3e6,1443,99,100,97,discoveredAttack equality middlegame queensideAttack short,https://lichess.org/hcDceedW/black#52,
MRMoF,2r5/2q3rk/4p1pp/1b2Pp2/1pBP3P/1P6/2Q3P1/1KR4R b - - 2 26,b5c4 c2c4,1566,92,100,75,equality middlegame oneMove,https://lichess.org/lgwWms6J/black#52,
MTt0L,rnb1k2r/pp1pqppp/5B2/2b1N3/3QP3/2N5/PP3PPP/R3KB1R b KQkq - 0 9,c5d4 f6e7 d4c3 b2c3,1564,150,100,34,equality opening short,https://lichess.org/2ALnXAX8/black#18,
MWpXx,2r2rk1/p5pp/1p2p3/nR1pN2P/3P1PP1/P1P1K3/qQ6/2R5 b - - 2 32,a2b2 b5b2 a5c4 e5c4,1384,141,100,34,equality middlegame short,https://lichess.org/rO3Q1Y3i/black#64,
MX8Ql,r4rk1/p1p2ppp/1p3n2/6B1/1n4q1/1B3Q2/PP3PPP/3R1RK1 w - - 2 17,g5f6 g4f3 g2f3 g7f6,1300,96,100,99,equality intermezzo middlegame short,https://lichess.org/QFeVwG5X#33,
MXtKi,8/8/3k1P2/2p4p/p2P4/P5P1/3Kp3/8 w - - 2 60,d2e2 c5d4 f6f7 d6e7,1564,146,100,50,endgame equality pawnEndgame short,https://lichess.org/vlrAohf4#119,
MYZDS,r4rk1/ppqn1ppp/8/3pP3/6P1/7P/PPbNQ1B1/R1B1R1K1 w - - 1 18,g2d5 c7c5 g1h2 c5d5,1536,92,100,96,equality fork middlegame short,https://lichess.org/KRpQta6w#35,
MZ52g,3q1rk1/p4ppp/4pn2/2rp4/P6P/2P2Q2/3N1PP1/R4RK1 b - - 0 18,d8a5 d2b3 a5c3 b3c5,1444,328,0,3,equality fork middlegame short,https://lichess.org/grlNDoUp/black#36,
MbyOi,8/6k1/8/1P1N4/P3pp2/8/1r2nPPK/R7 w - - 0 47,a4a5 b2b5 d5f4 e2f4,1470,128,100,59,endgame equality short,https://lichess.org/0iyNljG2#93,
Mdd4i,6k1/p5p1/7p/2p5/2q2p2/P2brP1P/3R2P1/3QN2K w - - 0 39,d2d3 e3e1 d1e1 c4d3,1452,99,100,69,deflection endgame equality short,https://lichess.org/hsvXpL6W#77,
Mio3Z,2r2rk1/7p/p2p2bQ/1p6/3q4/5PR1/PP1p2PK/3R4 b - - 1 27,c8c2 g3g6 h7g6 h6g6 d4g7 g6c2,1572,147,100,33,equality fork long middlegame,https://lichess.org/J7BMHqQc/black#54,
MivQ6,rnb2bnr/pppk1B2/3p1q1p/6N1/4P1pP/5P2/PPPP4/RNBQ1RK1 w - - 0 10,f3g4 f6d4 g1g2 h6g5,1575,162,100,35,equality opening short,https://lichess.org/Zu0ytNMI#19,
MjpEm,r3brk1/pp2q1p1/2p1p3/3pNP1n/2PPn2p/2NBPQ1P/PP3P2/2K3RR w - - 1 17,e5g6 e8g6 g1g6 f8f5,1548,227,100,44,equality middlegame short,https://lichess.org/W2T25rAw#33,
Mkfvq,r5k1/1pp2p2/pb3Bb1/8/5R2/8/PP4P1/7K b - - 3 34,g8f8 f4h4 f8e8 h4h8 e8d7 h8a8,1573,136,100,50,endgame equality long quietMove skewer,https://lichess.org/SLLYLf2n/black#68,
MqFtr,2kr3r/1ppqbppp/p7/P7/2nnB1b1/1PN2N2/5PPP/R1BQR1K1 b - - 0 17,c4e5 f3e5 g4d1 e5d7,1538,135,100,45,equality hangingPiece middlegame short,https://lichess.org/gyQs7l9S/black#34,
MuLxf,r5k1/1b4rn/p7/1p2Pp2/2pQ1P2/P1N5/1PP1B1PP/6K1 w - - 1 29,d4f2 g7g2 f2g2 b7g2,1379,132,100,46,equality fork middlegame short,https://lichess.org/IHsizczW#57,
MvqGS,2r3k1/5p2/6pp/8/p2rB3/R1p3P1/P1R2PKP/8 w - - 2 33,a3c3 c8c3 c2c3 d4e4,1385,117,100,56,endgame equality short,https://lichess.org/tRgz7NHF#65,
MwmVR,r3k1r1/pppqbp1p/2np3B/4pNnQ/2B5/2PP4/PP5K/RN3R2 w q - 2 18,c4f7 g5f7 f5g7 g8g7,1428,436,0,2,equality middlegame short,https://lichess.org/2Hb74qHT#35,
MwpBw,2kr3r/pppbnpb1/2n1p3/3qP1B1/2NP4/2P2P2/PP2Q1PP/R3K2R b KQ - 0 14,d5b5 c4d6 c7d6 e2b5,1574,127,100,46,discoveredAttack equality middlegame queensideAttack short,https://lichess.org/IUnzeVV2/black#28,
MzbXW,3q1rk1/p1pnbppp/4r3/1N1Q4/5B2/8/PPP2PPP/R2R2K1 w - - 10 15,d5d7 e6e1 d1e1 d8d7,1575,149,100,55,deflection equality middlegame short,https://lichess.org/ytpP7JeN#29,
N0HQX,8/4b1p1/pr2k3/RP6/2K5/7P/8/8 b - - 0 45,b6b5 a5a6 e6f5 c4b5,1599,141,100,43,endgame equality short,https://lichess.org/QeS7MMfQ/black#90,
N6a6X,5r1k/1b4p1/p3B2p/1pB1P1qP/1P4n1/2Q3P1/8/3R2K1 w - - 1 29,e6g4 g5g4 c5f8 g4d1,1302,145,100,47,equality middlegame short,https://lichess.org/WavV918B#57,
N7CRJ,4r3/p4k2/3br3/1P1Q1R2/K1p2P2/8/P5P1/1q6 b - - 3 37,f7e7 d5b7 e7d8 b7a8,1567,293,29,8,endgame equality short,https://lichess.org/ZKwHuYpq/black#74,
N7ut1,r4rk1/1p3p1p/p3p1pQ/3nP1NP/3p4/8/P3KPP1/q6R b - - 1 21,d5f4 e2f3 a1c3 f3f4,1564,100,100,69,equality middlegame short,https://lichess.org/WAEo44qz/black#42,
NA4WN,r5kr/2pb2pp/8/4P1bq/3pQBn1/3P4/PP5P/RN3RK1 b - - 4 22,g5f4 e4a8 g8f7 f1f4,1571,365,0,4,equality hangingPiece intermezzo middlegame short,https://lichess.org/mZTHT34o/black#44,
NBNpQ,4rr2/4n1bk/3pP1pp/2pB1p2/1pP1pP2/1P1P2P1/qBQ1R2P/5RK1 b - - 1 29,g7b2 c2b2 a2b2 e2b2,1460,121,100,70,equality middlegame short,https://lichess.org/ifdqVgoM/black#58,
NCBhB,5k2/6pp/1p6/2p5/2n1R1P1/2r5/P4KB1/8 b - - 2 37,f8f7 e4c4 c3c4 g2d5 f7g6 d5c4,1523,116,100,66,attraction clearance endgame equality fork long sacrifice,https://lichess.org/Sd3XV9q2/black#74,
NDAig,5k2/1B3p2/1P6/6R1/1P3PK1/r2r2P1/8/8 w - - 0 39,b7e4 d3g3 g4f5 g3g5,1430,113,100,67,endgame equality short,https://lichess.org/Bhi8plTB#77,
NFIuK,8/2R2p2/Pn2p1kp/8/8/4K1P1/7P/8 w - - 7 42,a6a7 b6d5 e3d4 d5c7,1378,199,17,21,endgame equality fork short,https://lichess.org/WfV8MTsc#83,
NGmDw,Qn1r2k1/p1q3pp/1p3p2/4N3/8/B1n5/P4PPP/R3R1K1 w - - 2 21,a1c1 c3e2 g1h1 e2c1,1532,500,0,7,equality middlegame short,https://lichess.org/sowYelrV#41,
NGsK8,r3r3/1p2bk1p/pBp2p2/5b2/R7/1PNP4/1PP2PPP/4R1K1 w - - 4 19,f2f3 e7c5 b6c5 e8e1,1301,102,100,83,discoveredAttack equality kingsideAttack middlegame short,https://lichess.org/7kpVjsmp#37,
NHqtJ,8/p7/1p2p3/1Pkp1pp1/P2R4/4K2P/6P1/8 w - - 0 36,g2g4 f5f4 d4f4 g5f4,1561,182,78,25,endgame equality rookEndgame short,https://lichess.org/YlU1JJkI#71,
NIiMZ,7R/pr1kppbp/6p1/1q1pP1B1/1n1P4/1P2KP2/P1Q1N1PP/7R w - - 3 23,c2c5 b5c5 d4c5 g7h8,1386,413,9,3,equality middlegame short,https://lichess.org/q6Onze1S#45,
NJRog,6k1/pp1qrpp1/7p/8/4NQ2/1P5P/1PP2R1K/8 w - - 13 33,f2d2 e7e4 d2d7 e4f4,1525,458,0,2,endgame equality short,https://lichess.org/z0qzJKAL#65,
NKKot,1r4k1/4nppp/B1n1p3/8/1q1P4/1P2PN2/1Q3PPP/R5K1 w - - 1 20,a6c4 b4c4 b3c4 b8b2,1563,97,100,81,discoveredAttack equality middlegame short,https://lichess.org/WwQJ8mnG#39,
NKRZb,7r/pp2kpp1/2q1p1p1/3p4/3P1bP1/2PQ3R/PPK5/3R1N2 b - - 0 31,h8h3 d3h3 c6a4 b2b3,1426,126,100,51,endgame equality short,https://lichess.org/0VsPTNfn/black#62,
NLksh,3r4/3q1pkp/3p4/3Qn3/2BRPb2/2P2P1R/PP3P1P/4K3 w - - 1 28,h3h4 e5f3 e1d1 f3h4,1520,111,100,71,equality fork middlegame short,https://lichess.org/9iPkLclH#55,
NLqUX,2R1bk2/p5p1/7p/7P/1n4P1/1PK4R/r2p4/5B2 w - - 0 33,h3f3 f8e7 c8e8 e7e8,1455,116,100,48,endgame equality short,https://lichess.org/YbOqZVmb#65,
NLwnm,8/5p2/4p3/3pPP2/p1k3Pp/8/2K4P/8 b - - 0 50,e6f5 g4f5 d5d4 e5e6,1313,87,100,106,endgame equality pawnEndgame short,https://lichess.org/mwUOdiyj/black#100,
NTW0X,2r3k1/p2qpp1p/1p1p2p1/3N4/1Pr5/4Q1P1/P3PP1P/R5K1 b - - 1 21,d7b7 d5e7 g8f8 e7c8,1353,118,100,61,endgame equality fork short,https://lichess.org/MghBop2S/black#42,
NXIHu,1r4k1/6pp/2b1Rn2/2Pp4/3B4/2P5/4NPPP/1r3RK1 w - - 1 24,h2h3 b1f1 g1f1 b8b1,1496,96,100,103,attraction equality middlegame short,https://lichess.org/nnEwTWiS#47,
NYXA3,3r1k2/1R6/5N2/5n2/5P2/4K1P1/7P/8 w - - 11 51,e3e4 f5d6 e4e5 d6b7,1350,95,100,83,endgame equality fork short,https://lichess.org/VAs5pAou#101,
NYifn,1k1r1b1r/pp2qpp1/3p1n1p/1B2nQ2/4P3/2N5/PPP2PPP/R1B1R1K1 w - - 10 13,c3d5 f6d5 e4d5 e5f3 f5f3 e7e1,1575,95,100,94,discoveredAttack equality kingsideAttack long opening,https://lichess.org/H13mnW8H#25,
NZuiP,2kr4/pp3ppp/1pnb4/8/3Pr1P1/P6P/1PPQ1P2/2KR3R w - - 0 21,d4d5 d6f4 d2f4 e4f4,1576,142,100,55,equality middlegame pin short,https://lichess.org/MeN3MfcR#41,
NZvLH,r7/1k1p4/1B3p2/P2P4/2R1Pbpp/8/2P1R3/7K w - - 0 43,c4c7 f4c7 b6c7 b7c7,1578,123,100,52,endgame equality short,https://lichess.org/GIGS2bJY#85,
Nd3iV,4r3/8/5pk1/p4q2/P2Rp3/4P2p/5P2/4KQ2 b - - 1 41,h3h2 f1g2 g6f7 g2h2,1510,154,100,43,endgame equality short,https://lichess.org/9LatDrMf/black#82,
Nd8i3,8/2k5/2p4b/1pPpN3/pP3r2/P7/7N/2K1R3 w - - 4 39,c1c2 f4f2 c2b1 f2h2,1331,138,100,52,endgame equality fork short,https://lichess.org/Isd0aTEJ#77,
NgS2e,rnb1k1r1/pp2qpB1/2p1p2p/8/2PPBP2/2P5/P1Q3PP/R3K2R w KQq - 1 17,g7h6 e7h4 c2f2 h4h6,1358,269,0,14,equality fork middlegame short,https://lichess.org/l0DDcfrJ#33,
NgtZX,8/3k4/7r/1pP1R2P/pP1r1p2/P1KPpP2/4R3/8 w - - 1 57,e5e4 d4e4 d3e4 h6h5,1471,112,100,73,endgame equality rookEndgame short,https://lichess.org/gtyLKw53#113,
NipmA,6k1/1br2p1p/6p1/1R1p4/p2P4/P1P3P1/5PBP/6K1 w - - 0 32,g2d5 b7d5 b5d5 c7c3,1303,108,88,70,endgame equality short,https://lichess.org/lL0NKU38#63,
Nl4T9,5r2/1R4pk/2NN3p/4p3/2P5/4b2P/2P3P1/7K w - - 0 30,c6e5 f8f1 h1h2 e3f4 g2g3 f4e5,1584,114,100,59,endgame equality fork long,https://lichess.org/PlDbw4Re#59,
NlqGA,rn1qr1k1/pRp2ppp/5n2/3p4/3P2b1/2bBBN2/P2NQPPP/5RK1 b - - 0 13,c3d2 e2d2 g4f3 g2f3,1530,163,100,37,equality middlegame short,https://lichess.org/PmVarydC/black#26,
NlwbZ,3rr1k1/pp3pp1/1q3n1p/2nN1Q2/8/1P2PN2/P4PPP/3RR1K1 b - - 0 21,f6d5 d1d5 d8d5 f5d5,1428,135,100,47,equality middlegame short,https://lichess.org/Jtl5fvUe/black#42,
NnmY7,r1bqr1k1/ppp2pp1/7p/8/3NN3/7P/PPP1Q1P1/R3K2R b KQ - 0 15,d8d4 e4f6 g7f6 e2e8,1483,133,100,63,discoveredAttack equality kingsideAttack middlegame short,https://lichess.org/dpjuG2wK/black#30,
NqE9G,3r4/5k2/p1p2pR1/8/2pp2P1/q2P1N2/2P1QPP1/6K1 w - - 2 29,g6h6 a3c1 e2e1 c1h6,1555,140,100,51,endgame equality fork short,https://lichess.org/DbUKObes#57,
NsIBL,1r5k/R5pn/7p/p7/P1B5/1P5P/2b3P1/7K b - - 2 31,c2b3 c4b3 b8b3 a7a8 h7f8 a8f8,1398,140,100,44,endgame equality long,https://lichess.org/xvyqIJpc/black#62,
NsYMT,2kr2r1/pppq1p1p/1bn1pp2/PN1p4/3PP3/5P1P/1PP2PB1/R2Q1RK1 b - - 0 14,b6a5 b5a7 c6a7 a1a5,1399,78,100,173,deflection equality middlegame queensideAttack short,https://lichess.org/MWeM1ELK/black#28,
Nt3Pa,8/8/3p1Np1/pp4P1/r2R4/PkP3K1/1P6/8 w - - 4 44,d4a4 b5a4 f6d5 b3b2,1474,100,100,99,endgame equality short,https://lichess.org/uVvU3mbs#87,
Nt78u,r5k1/2p2pp1/p1pq3p/2b1r3/P3nB2/2P2N1P/4QPP1/1R2R1K1 w - - 0 23,e2e4 e5e4 f4d6 e4e1,1560,91,100,80,equality kingsideAttack middlegame short,https://lichess.org/G0F2aCRA#45,
NtnyR,rnr4k/ppppq1pp/8/8/2Bpn3/8/PPP1QPPP/RNB1K2R w KQ - 0 10,f2f3 e7h4 g2g3 e4g3,1546,257,50,8,equality opening short,https://lichess.org/GanxUWz1#19,
Nvb5w,r4rk1/4R1pp/p7/n7/1q6/8/4QPPP/4R1K1 b - - 2 23,a5c6 e2e6 g8h8 e6c6,1435,98,100,82,equality fork middlegame short,https://lichess.org/Eu1jYy0l/black#46,
NwOQa,3r1R2/2p1b3/p5pk/3Qp2q/1p2P3/1P1P4/6PP/5R1K b - - 0 30,d8d5 f8h8 h6g7 h8h5,1416,153,100,52,endgame equality short skewer,https://lichess.org/PTuLa9G5/black#60,
NwTl7,2R5/r7/5P2/4P3/1p6/8/1kp2K2/8 b - - 0 64,c2c1q c8c1 b2c1 e5e6,1329,77,100,187,endgame equality short,https://lichess.org/yQC7rm0Z/black#128,
Nx3St,r4rk1/pp4pn/3bPn1p/2pPq3/2P1p1P1/P1N1B2P/3QBP2/1R3RK1 w - - 3 21,e3f4 e5f4 d2f4 d6f4,1311,101,100,81,equality middlegame short,https://lichess.org/tYKhWpSn#41,
NyJRp,3BR3/pp1r1k2/8/3pP3/3Pn3/7P/PP4P1/6K1 w - - 13 45,e5e6 f7e8 e6d7 e8d8,1596,129,100,45,endgame equality short,https://lichess.org/8DpT3Xtx#89,
O1E4V,r1bq1rk1/ppp1bppp/3p4/6B1/2BQn3/2N5/PPP2PPP/2KR3R w - - 0 10,c3e4 e7g5 e4g5 d8g5,1520,135,100,47,equality middlegame short,https://lichess.org/PiNuWaY0#19,
O1QKk,5b2/8/4k2p/6p1/2rRP3/6PP/Pr4B1/3R3K b - - 0 32,c4d4 d1d4 b2b1 h1h2,1350,235,25,12,defensiveMove endgame equality short,https://lichess.org/MkGBnPZ6/black#64,
O1mXa,r2qkb1r/pQ1bpppp/2n2n2/1N6/3P4/4P3/PP3PPP/R1B1K1NR b KQkq - 4 10,a8b8 b5c7 d8c7 b7c7,1459,140,100,72,equality opening short,https://lichess.org/y3T0O1Uy/black#20,
O2N3j,8/5pk1/8/R4Pp1/P5r1/8/R3K3/8 w - - 0 51,a5e5 g4g2 e2f3 g2a2,1304,82,17,149,endgame equality rookEndgame short skewer,https://lichess.org/9un2dMtz#101,
O4Brn,2r3k1/5pp1/5B1p/pp6/5Q1P/P1Pq1PPK/1P6/8 b - - 0 32,g7f6 f4g4 g8h7 g4c8,1489,143,100,56,endgame equality fork short,https://lichess.org/m7BPwrqf/black#64,
O7opP,3r2k1/p4p1p/4p1q1/8/P2PP1nR/6P1/4QPK1/8 b - - 2 28,g4f6 e4e5 g8f8 e5f6,1412,114,100,80,endgame equality short,https://lichess.org/FxqDDY6H/black#56,
O8TgT,r4rk1/1bq2pbp/p1np1np1/1p2p1N1/4PP2/P1N1B2P/BPP3P1/R2Q1RK1 w - - 2 19,a2f7 f8f7 g5f7 c7f7,1558,119,100,61,equality middlegame short,https://lichess.org/1FjPMhFc#37,
OATCv,3r4/5rk1/8/4qp2/3p2pp/6R1/PPP1N1QP/5RK1 w - - 0 37,g3g4 f5g4 g2g4 g7f8 f1f7 f8f7,1596,103,100,54,equality long middlegame,https://lichess.org/aUCCscws#73,
OCkJJ,2q3k1/Q2bRpp1/7p/1pnP4/2p5/P4P1P/6P1/5N1K w - - 6 34,e7d7 c5d7,1449,108,100,60,endgame equality oneMove,https://lichess.org/Zx2j6NhP#67,
ODmDY,rn3rk1/2p2pbp/p3p1p1/1p1bq3/8/2N2N1P/PPQ1BPP1/3RR1K1 b - - 3 19,d5f3 e2f3 e5c5 f3a8,1480,226,67,21,equality middlegame short,https://lichess.org/5a5O009Q/black#38,
OJCEm,4Q3/8/p4p1p/5pk1/5n2/N1P5/1P4PP/2K3b1 w - - 0 41,e8e1 f4d3 c1d2 d3e1,1387,151,27,33,endgame equality fork short,https://lichess.org/jOcdDsAU#81,
OKDrY,5rk1/6pp/4p3/3pPp2/3P4/4B3/3NqPPP/RR4K1 w - - 2 25,b1c1 f5f4 e3f4 f8f4,1511,122,100,70,endgame equality short trappedPiece,https://lichess.org/AvHPHHuz#49,
OPOyG,1Nb1r1k1/p1p2rpp/1pP5/3Pp1q1/1P2Pp2/2Q2P2/P5PP/2R1R1K1 w - - 3 28,b4b5 c8h3 c3d2 e8b8,1499,121,100,63,discoveredAttack equality middlegame pin short,https://lichess.org/Cj9rVIQV#55,
OPbF5,r2qk2r/1pp2ppb/p1np1n1p/3Np3/1P4P1/PBPP1N1P/6K1/R1BQ1R2 w kq - 3 16,f3h4 f6d5 b3d5 d8h4,1413,136,100,65,discoveredAttack equality middlegame short,https://lichess.org/ek6zWlgO#31,
OPqUc,r2qk2r/bbp1npp1/p1n1p2p/1p2P1N1/3pNB2/P2P4/BPP2PPP/R2QK2R w KQkq - 0 12,g5f7 e8f7 d1h5 g7g6,1579,120,100,70,equality hangingPiece opening short,https://lichess.org/89lpziDN#23,
OQxXL,3q2k1/Q1Nr1ppp/5n2/4p3/2p5/P6P/2P2PP1/R3R1K1 w - - 1 30,e1d1 d7d1 a1d1 d8d1,1307,153,14,33,equality middlegame short,https://lichess.org/7M8McnKy#59,
ORvef,7R/pp2kp1P/8/7P/rP6/8/4K3/1b6 b - - 0 40,a4b4 h8e8 e7e8 h7h8q,1560,117,100,56,advancedPawn attraction endgame equality promotion short,https://lichess.org/stP0JLb0/black#80,
OSWul,3r1rk1/pb4pp/5b1Q/1pp1P3/4P3/4K2P/P5R1/8 b - - 0 34,f6e5 h6e6 f8f7 e6e5,1566,111,100,61,endgame equality fork short,https://lichess.org/8ogcMsPE/black#68,
OV15d,5rk1/1p5p/p1pQ2p1/4B3/2P1P2r/5P1q/PP6/1R3RK1 w - - 1 28,d6a3 h4h5 g1f2 h5e5,1589,434,0,2,equality middlegame short,https://lichess.org/qHSQ36cS#55,
OVnsX,3r1b2/2pk4/4pnqp/Q2p4/Pp1P1P2/6P1/1PPN1P2/R3K2R w KQ - 1 25,d2f3 g6e4 e1d2 e4f3,1593,128,100,41,equality fork middlegame short,https://lichess.org/OG6KVUQf#49,
OXiu0,5k2/q5p1/2Qb1r1p/8/8/5P2/P5P1/3R1K2 b - - 4 38,f8g8 d1d6 f6d6 c6d6,1550,149,100,42,endgame equality short,https://lichess.org/Bg9f8c6Q/black#76,
OYDsT,4r1k1/3qbpp1/2p2n1p/3p4/8/4Q1B1/PPP1NPPP/1R2K2R w K - 4 20,a2a4 e7b4 c2c3 e8e3,1449,129,100,57,discoveredAttack equality middlegame short,https://lichess.org/a8aonFMG#39,
OZ3eg,r1bq1r2/ppppk2p/7p/3Q3B/4P3/8/P2N1PPP/b4RK1 b - - 1 15,a1c3 d5c5 d7d6 c5c3,1522,130,100,54,equality fork middlegame short,https://lichess.org/M9yySbUc/black#30,
OajGU,rn2k1nr/pp3ppp/4p3/1b6/N1Pb4/3K4/P2BB1PP/2R4R b kq - 0 15,b8c6 c4b5 a8d8 b5c6,1478,141,100,54,equality hangingPiece middlegame short,https://lichess.org/123QHAA6/black#30,
ObbkJ,8/3r3p/6p1/2kn1p2/3R1P2/6P1/6KP/3R4 w - - 3 43,g2h3 d5f4 d4f4 d7d1,1455,109,100,72,deflection discoveredAttack endgame equality short,https://lichess.org/yb32zNZ7#85,
Obn9b,1r5r/1bpk2b1/8/Qp6/1P5q/2P2B2/P4Pp1/3R2K1 b - - 3 30,d7c8 f3b7 c8b7 a5b5,1505,133,100,52,attraction equality middlegame short,https://lichess.org/S0LCx0fL/black#60,
OdATK,2r1k2r/5ppp/p5n1/5q2/1Q3B2/5P1P/1P2B2P/3RK2R w Kk - 2 21,b4e4 f5e4 f3e4 g6f4,1447,119,100,53,equality middlegame pin short,https://lichess.org/FL7y4D1a#41,
OdNPD,Q7/5ppk/4p2p/p1q1P3/Pp6/3r4/1PP2P1P/4K1R1 w - - 0 27,c2d3 c5c1 e1e2 c1g1,1561,107,100,71,endgame equality short skewer,https://lichess.org/X6HbuDnu#53,
OgOfR,r1b2rk1/p3bppp/5n2/6B1/4B3/8/PPP2PPP/3RR1K1 b - - 0 14,f6e4 g5e7 f8e8 e1e4,1476,137,100,55,equality hangingPiece intermezzo middlegame short,https://lichess.org/E2S3GdQ8/black#28,
OiNrD,4rbk1/p1q2ppp/4p3/4Pb2/2p1NP1P/4N1Q1/PP1r2B1/R5K1 b - - 2 28,d2d3 e4f6 g8h8 f6e8,1562,101,100,82,equality kingsideAttack middlegame pin short,https://lichess.org/wCnqUXDF/black#56,
Ok4Sc,1r3rk1/1ppq2p1/p2b3p/3p4/3PnPPn/1Q1NB2P/PP5K/3R1R2 b - - 0 27,g7g5 b3d5 d7f7 d5e4,1360,88,100,106,equality fork middlegame short,https://lichess.org/OECvbOmL/black#54,
Om0EH,r4r1k/1R2b1pp/p1n1Q3/5p2/8/q4N2/2P2PPP/5RK1 b - - 0 22,c6d8 e6e7 a3e7 b7e7,1398,120,100,67,equality middlegame short,https://lichess.org/bMKjP5PC/black#44,
OmbLw,5r2/5Pkp/3NB3/3Pb3/8/4r2P/P5P1/R5K1 b - - 0 37,e5a1 d6f5 g7f6 f5e3 a1d4 g1f2,1397,149,88,26,defensiveMove endgame equality fork long,https://lichess.org/tf5neTs8/black#74,
OoE8A,8/8/4k2p/4P3/4K1p1/8/8/8 b - - 1 62,g4g3 e4f3 e6e5 f3g3,1447,121,100,64,endgame equality pawnEndgame short,https://lichess.org/hu7hjsvz/black#124,
OoEz7,2N5/1r3k2/p2R1p1p/PbP1p3/1P4P1/8/5KP1/8 w - - 4 47,c5c6 b7c7 d6d7 c7d7 c6d7 b5d7,1495,101,100,90,endgame equality long xRayAttack,https://lichess.org/Vw0YspYG#93,
OoFZs,r2r4/1Q1R1ppk/5n1p/p7/5bP1/5N2/P4PP1/6K1 b - - 0 21,f6d7 b7e4 g7g6 e4f4,1339,112,100,68,endgame equality fork short,https://lichess.org/QltFTF4p/black#42,
OojVy,3r4/1Pk2pp1/2P1p3/R6p/2KN3P/2R3P1/8/1r6 w - - 1 47,c4c5 d8d5 c5c4 d5a5,1432,79,100,149,endgame equality short skewer,https://lichess.org/LoVk8H3H#93,
Op7oZ,2rq1rk1/3n1pp1/4p2p/p3P1b1/Qp1pBP2/6B1/PP3P1P/R4RK1 b - - 0 21,g5h4 g3h4 d8h4 a4d7,1504,475,0,4,equality middlegame short,https://lichess.org/ugWB5L5k/black#42,
OtKsM,8/8/8/1p4P1/4K3/p7/2k5/2N5 w - - 5 58,g5g6 c2c1 g6g7 a3a2 g7g8q a2a1q g8g1 c1b2,1514,132,100,51,advancedPawn defensiveMove endgame equality hangingPiece promotion veryLong,https://lichess.org/o0Ht1lRp#115,
Ovf5r,r5k1/4qB2/6pp/2P2p2/1p1bb3/8/P3Q1PP/2R2R1K b - - 0 28,g8f7 e2c4 e7e6 c4d4,1560,159,100,33,equality fork middlegame short,https://lichess.org/ickhrXWV/black#56,
Ovw89,2k3r1/pb3p2/1p2pn2/2pp2Pq/3P1P1P/2Pr4/PP1N1Q2/1K4RR b - - 1 28,c5c4 g5f6 g8g1 h1g1,1542,117,100,59,equality hangingPiece middlegame short,https://lichess.org/FqiucSF5/black#56,
OxdqQ,rnbqr1k1/pp4pp/2pb4/6N1/3Pp3/P5P1/1P3P1P/R1BQ1RK1 b - - 1 13,h7h6 d1b3 c8e6 g5e6,1474,106,100,64,equality opening short,https://lichess.org/4n1CcE9g/black#26,
OxxJd,r3r1k1/1p1n1pbp/p2p1n2/q1pP1QB1/P1P5/1PN4P/3N1PP1/R3R1K1 w - - 1 19,a1c1 e8e1 c1e1 a5c3,1405,105,100,79,equality middlegame short,https://lichess.org/QIUmRj8K#37,
OyVQL,8/2RP1p2/3rpkp1/3p4/8/5K1P/8/8 b - - 4 54,e6e5 c7c6 d6c6 d7d8q,1528,160,100,46,advancedPawn deflection endgame equality pin promotion rookEndgame short,https://lichess.org/QKYNoLMU/black#108,
P0OSn,3kbq1r/2p1b1p1/B1p1p3/1P1pNp2/P2P1P2/2P1P1Q1/3B1KP1/5R2 w - - 1 31,b5c6 e7h4 g3h4 h8h4,1412,122,100,59,equality middlegame pin short,https://lichess.org/UUt65IHb#61,
P27qF,4R3/1b1r2pk/p2pN2p/1p6/n7/P5R1/2r3PP/6K1 b - - 5 37,b7d5 e6f8 h7g8 f8d7,1565,265,39,9,discoveredAttack discoveredCheck equality fork middlegame short,https://lichess.org/9SdrmUIK/black#74,
P4NaI,5rk1/3r1ppp/Q2b1q2/8/4p3/5NN1/P4PPP/1R3RK1 w - - 0 23,g3e4 d6h2 f3h2 f6a6,1520,154,100,43,discoveredAttack equality middlegame short,https://lichess.org/KQtgnqPD#45,
P65j9,4r3/2pkr3/1p2Np1p/n2p2p1/P2P4/5N1P/2P1RPP1/4R1K1 w - - 8 28,e6f4 g5f4 e2e7 e8e7 e1e7 d7e7,1550,112,100,54,equality hangingPiece long middlegame,https://lichess.org/5vonMoZm#55,
P9haO,2q1r1k1/1p2rp1p/p5p1/3Q1b2/3P3P/2B2P2/PP1K2P1/3RR3 b - - 2 23,e7e1 d1e1 e8e1 d2e1,1397,406,0,3,equality middlegame short,https://lichess.org/YnlSZcaO/black#46,
P9qQy,6k1/6p1/7p/4p3/p3P3/2R2P2/6K1/r1B5 w - - 2 49,c1b2 a1a2 g2g3 a2b2,1513,154,100,35,endgame equality pin short,https://lichess.org/BRaNSt2y#97,
PAFSR,1Q6/5p1k/6pp/8/q2p4/8/3B1PPP/6K1 w - - 2 42,g2g3 a4d1 g1g2 d1d2,1392,131,100,51,endgame equality fork short,https://lichess.org/LPc5m0As#83,
PBRYN,1rr3n1/Q3bkpp/2p1pp2/4P3/3P4/5N1P/P4PP1/2R3K1 w - - 1 27,c1c6 b8b1 g1h2 c8c6,1541,153,100,38,equality intermezzo middlegame short,https://lichess.org/4hayWhKD#53,
PCJdQ,4r1k1/5ppp/4p1b1/3p4/8/2P5/Pq1BBQPP/R5K1 w - - 0 23,a1f1 b2d2 e2b5 d2f2,1421,107,100,88,equality hangingPiece middlegame short,https://lichess.org/lcCOJTKP#45,
PE9kk,r1b1q3/2p2k1p/p1np1Bp1/1p2p3/4P3/P2P3P/1PP2PP1/R2QK2R w KQ - 0 16,d1f3 c6d4 f3d1 f7f6,1396,109,100,78,equality middlegame short,https://lichess.org/2pvaKnD4#31,
PHQb9,r2b1rk1/1p1b1ppp/1q6/p2pPP2/P1pP2Qn/2P4P/1P1N3N/R1B2RK1 b - - 2 20,d7f5 f1f5 h4f5 g4f5,1581,129,100,53,equality middlegame short,https://lichess.org/WXrV9Pqp/black#40,
PKtJ6,2r3k1/2r2ppp/1p2pq2/3p4/3P1P2/n1P2Q1P/2B1RP1K/2R5 b - - 1 34,c7c3 c2h7 g8h7 c1c3 c8c3 f3c3,1439,123,100,62,discoveredAttack equality long middlegame,https://lichess.org/V86o5PGU/black#68,
PLWdY,8/p2r3p/1p4p1/4k3/1N3p2/2P1p2R/PP2K1PP/8 w - - 0 32,b4d3 e5e4 d3e1 d7d2,1547,119,100,54,defensiveMove endgame equality short,https://lichess.org/ktbGyVWy#63,
PMQqB,8/2p2r1k/p2p4/1p2pN2/nP2P1P1/P1P1br1P/2R3K1/3R4 b - - 5 32,f3f2 c2f2 e3f2 g2f2,1524,143,100,41,equality middlegame short,https://lichess.org/wtHrbf34/black#64,
PP9qh,r5k1/3Prpp1/p3p2p/8/1p2b3/7P/P2R2P1/2R3K1 w - - 0 29,d7d8q a8d8 d2d8 g8h7,1457,119,100,54,endgame equality short,https://lichess.org/51OMJN9L#57,
PSFa9,2rr2k1/pp3pp1/2q1p2p/5nQ1/1P6/P7/B4PPP/3R1RK1 w - - 0 23,g5d8 c8d8 d1d8 g8h7,1367,134,100,62,equality middlegame short,https://lichess.org/5BTVV2jr#45,
PT6zJ,r5k1/2pN1pp1/1bp4p/4P3/8/r2p2P1/1R3P1P/1R4K1 b - - 1 27,b6d4 b2b8 a8b8 b1b8 g8h7 d7f8,1554,218,0,22,endgame equality long,https://lichess.org/vMvh308H/black#54,
PXqrv,4k3/p3b1Q1/8/3p4/1P5p/1KPP4/P4q2/8 b - - 0 42,h4h3 g7h8 e8d7 h8h3,1459,390,0,3,endgame equality short,https://lichess.org/ocsEpwpx/black#84,
PXxUB,1r6/4kp1p/4p1pP/K3P3/P2n1P2/8/P7/2R5 b - - 6 51,e7d7 c1d1 d7c6 d1d4,1419,122,100,61,endgame equality pin short,https://lichess.org/P6tMMY5g/black#102,
PaZrf,3r2k1/1b1rp2p/p5p1/2p2p2/1pP1pP2/1N2B2P/P3N1P1/1Q4K1 w - - 0 22,b3c5 d7d1 b1d1 d8d1,1304,272,100,30,equality fork middlegame short,https://lichess.org/aceaRw99#43,
Paog4,2r2rk1/8/Q6p/2q1ppp1/2Pb3B/7P/PP3P2/2R1R1K1 b - - 0 24,g5h4 a6g6 g8h8 g6h6,1477,103,67,62,equality middlegame short,https://lichess.org/P5mtbwVY/black#48,
PdPHe,1q4k1/3n1p1p/3b1Pp1/3Pp1P1/3p4/5QBP/P6K/R2B4 w - - 1 40,f3e4 b8b2 e4c2 b2a1,1307,100,100,88,equality fork middlegame short,https://lichess.org/zRq43nXy#79,
PeOr2,8/8/1B3K2/P6r/7P/5k2/5P2/8 w - - 3 60,a5a6 h5h6 f6g7 h6b6,1499,159,100,48,endgame equality short skewer,https://lichess.org/PztP5pg4#119,
PeaQ2,2r3k1/p4ppp/1p2p3/2n5/1PP5/5B2/P2r1PPP/B4RK1 b - - 0 23,c5a6 f3b7 c8d8 b7a6,1420,126,100,52,endgame equality fork short,https://lichess.org/T7gHTCut/black#46,
PfMoJ,k6r/p1b5/2q4p/1r3pp1/Q4P2/6P1/1P4P1/1KR4R b - - 1 39,c6e4 a4e4 f5e4 c1c7,1599,173,67,30,equality middlegame short,https://lichess.org/yZYjQCDM/black#78,
PgSuO,8/7p/1kpr2p1/5pPP/3p1P2/2R3K1/P1R1B3/1r6 w - - 0 42,c3b3 b1b3 a2b3 d4d3 c2d2 d3e2,1462,100,100,67,advancedPawn endgame equality fork long,https://lichess.org/oPvXpKfS#83,
Phq11,8/5pk1/8/3p2p1/3Pnq2/1N2R2P/6PK/2Q5 w - - 7 51,g2g3 f4f2 h2h1 e4g3 e3g3 f2g3,1500,137,100,51,deflection endgame equality long,https://lichess.org/nOBXGoG6#101,
PnGf2,4r2k/p5b1/1p2p2p/2p5/2P1NN2/7P/PP4P1/6K1 b - - 0 39,e8f8 f4g6 h8g8 g6f8,1543,120,100,64,endgame equality fork short,https://lichess.org/h4xnfshQ/black#78,
Pnedh,rnbk1b1r/pp4pp/8/6N1/2B1p3/4p3/PPP3PP/R4RK1 b - - 1 14,f8e7 g5f7 d8c7 f7h8,1345,180,56,18,equality fork middlegame short,https://lichess.org/arGI5Ln9/black#28,
PpJL4,8/6k1/4P2p/p4Pp1/nb1PK1N1/8/7P/8 b - - 2 53,h6h5 f5f6 g7g6 e6e7 b4e7 f6e7,1548,141,100,53,advancedPawn endgame equality long,https://lichess.org/mRBOAhnE/black#106,
PqhAP,5r2/p4p2/5kpQ/1q2p3/8/P1R1P3/5P2/1r2N1KR w - - 4 32,h6f8 b1e1 g1h2 e1h1 h2h1 b5f1 h1h2 f1f2,1504,133,100,47,attraction endgame equality hangingPiece veryLong,https://lichess.org/SR4GuwTv#63,
PtnuY,2r3r1/1b3n1k/1q2pB1p/4Pp2/1p1P1N1P/2p2P2/2Q4K/1R3R2 b - - 3 38,b6d4 f4e6 d4d2 c2d2,1418,123,100,51,equality middlegame pin short,https://lichess.org/w5OnAa0b/black#76,
PurUl,4rrk1/ppp2pp1/7p/8/2Bp4/6bq/PPP2R1N/R1BQ3K w - - 4 20,f2g2 e8e1 d1e1 g3e1,1350,138,100,51,equality fork middlegame short,https://lichess.org/oEgkXvOh#39,
PvAA8,4r1k1/pp3q2/2p1p1pb/4Q2p/2PP3P/6P1/PP2R1n1/1K1R4 b - - 3 26,g2e3 e2e3 h6e3 e5e3,1433,170,100,52,equality middlegame short,https://lichess.org/GCXeS8hj/black#52,
Pw1dN,r2q3r/p2k3p/2nN4/2p5/Bn3Q2/3bB3/PPP2PPP/R3K2R w KQ - 2 23,c2d3 b4d3 e1f1 d3f4,1514,95,100,82,equality fork middlegame short,https://lichess.org/lDeNOD84#45,
PweV6,r3r3/5ppp/p2k4/1ppP4/8/1PN2P2/P1P3PP/3R2K1 b - - 2 20,e8e3 c3e4 e3e4 f3e4,1306,87,100,132,endgame equality short,https://lichess.org/iY2IIcg0/black#40,
PzHDP,rn3rk1/pp2qppp/2p1b3/b3P3/8/2PB1N1P/P1PB1PP1/R2Q1RK1 w - - 5 15,d3h7 g8h7 f3g5 h7g8,1493,437,0,3,defensiveMove equality hangingPiece opening short,https://lichess.org/HATT1TTn#29,
Q67Wk,3r2k1/pp3r1p/4Q1p1/2qp4/8/1BP5/PP3PPP/RN4K1 w - - 1 20,b1d2 c5f2 g1h1 f2d2,1528,127,100,63,equality fork middlegame short,https://lichess.org/atRbmNgM#39,
Q9bTB,6k1/1bp2pp1/3p3p/1pb5/7N/1B4P1/P3rP1P/2R3K1 b - - 3 29,e2f2 c1c5 d6c5 g1f2,1589,154,100,39,endgame equality short,https://lichess.org/XIPOCyO9/black#58,
QAN6J,8/5pk1/4p3/3p2pp/8/5qP1/5nBP/1Q4K1 b - - 5 37,f3e3 b1b2 d5d4 b2f2 e3f2 g1f2,1451,437,0,3,endgame equality long,https://lichess.org/kErb7Kiy/black#74,
QANoN,1rb2r1k/p4pp1/1p2p3/8/3P1Pq1/3QPR2/P5PP/R5K1 b - - 2 20,c8b7 f3h3 g4h3 g2h3,1567,152,100,40,equality middlegame short,https://lichess.org/wkMXhX1c/black#40,
QH85o,rn6/pp2Qpk1/1b1p1pqp/3P4/6P1/8/PPP2RP1/5RK1 b - - 2 23,g6g4 e7f6 g7h7 f6f7,1344,77,100,195,deflection equality middlegame short,https://lichess.org/cKMFHWO9/black#46,
QKLqG,r4rk1/1b1p1pb1/ppn1p1pp/4P3/1q1PN3/8/PP2BBPN/R2Q1RK1 w - - 3 20,d1c1 c6d4 f2d4 b4d4,1547,127,100,55,equality middlegame short,https://lichess.org/vPme830B#39,
QKSQL,1r4k1/p5p1/B6p/2p1qp2/5n2/PP1p1P1P/5P2/3R1QK1 b - - 3 30,b8b3 a6c4 g8h7 c4b3,1370,95,100,99,endgame equality fork short,https://lichess.org/GiMA20ue/black#60,
QM1Ea,r4rk1/p1q1ppbp/Qn4p1/2p1p3/2P2B2/2N2N2/PP3PPP/R2R2K1 w - - 0 16,c3d5 b6d5 c4d5 e5f4,1551,139,100,42,equality middlegame short,https://lichess.org/potRspWD#31,
QMOYE,r1r5/5p1k/p1P3pp/3q4/P2R4/2Qp1P2/1P4PP/6K1 b - - 2 29,c8c6 d4d5 c6c3 b2c3,1544,196,100,23,endgame equality short,https://lichess.org/Ue2q8Icf/black#58,
QNzJy,1r5r/p2bk1p1/2p5/3qp2p/5P2/3PQ3/PPP5/2KR1R2 b - - 0 20,b8b2 c1b2 d5d4 e3d4,1529,500,0,11,equality hangingPiece middlegame short,https://lichess.org/GwAtHK0l/black#40,
QOWfG,7r/1k1R4/8/pN3p2/P5n1/1P6/KP6/2r5 b - - 0 42,b7c6 d7c7 c6b6 c7c1,1507,437,0,1,endgame equality short skewer,https://lichess.org/A0sDSo7U/black#84,
QOc5x,1r1qr1k1/1bp1b2p/pp1p1npQ/3PN3/P1B1P3/6N1/1PP2PP1/R3R1K1 b - - 0 22,d6e5 d5d6 g8h8 d6e7,1492,126,100,51,advancedPawn discoveredAttack discoveredCheck equality kingsideAttack middlegame short,https://lichess.org/IoF9pFmN/black#44,
QOkoz,r1b3k1/pp2n3/4p1pp/3pPp1B/2p2PP1/q1P1P3/P1P4P/R3QRK1 w - - 0 19,h5g6 e7g6 g4f5 e6f5,1406,140,100,54,equality hangingPiece middlegame short,https://lichess.org/sfusmeRk#37,
QOxJh,6k1/6Pp/4N2B/1N1n2P1/8/1p1P4/1b4P1/6K1 w - - 0 37,e6c5 b2d4 b5d4 b3b2,1590,123,100,46,advancedPawn endgame equality sacrifice short,https://lichess.org/CKqoukb5#73,
QQFBI,1R6/8/7n/1p2KP2/6k1/8/1r6/8 b - - 0 47,h6f5 b8g8 g4f3 e5f5,1539,160,100,33,deflection endgame equality short,https://lichess.org/5KwvAE9b/black#94,
QSfkV,3r2k1/1QRP1p2/1p2p2p/p2n1q2/3P1p2/7P/P4PP1/6K1 b - - 0 32,f4f3 c7c8 g8g7 c8d8,1346,89,100,92,endgame equality short,https://lichess.org/SEp81PFE/black#64,
QTBND,8/p3r3/8/5pk1/1P4p1/4r3/2R1PK2/6R1 b - - 2 46,g4g3 g1g3 e3g3 f2g3,1473,151,100,45,endgame equality rookEndgame short,https://lichess.org/kSylATdG/black#92,
QWwwS,8/4b3/8/4N1p1/1p4P1/1K2k3/8/8 b - - 5 57,e3f4 e5g6 f4g4 g6e7,1534,148,100,39,endgame equality fork short,https://lichess.org/l1bB7B27/black#114,
QYyMA,1k5r/2p3r1/p1p5/4p3/1PP2p2/P3R1p1/1B4P1/4R1K1 b - - 0 29,f4e3 b2e5 h8h7 e5g7,1422,99,100,87,endgame equality short,https://lichess.org/fKjNuCsb/black#58,
Qai9Z,8/8/8/8/5p2/5pk1/8/5K2 b - - 1 62,g3h3 f1f2 h3g4 f2f1 g4g3 f1g1,1574,111,100,51,endgame equality long pawnEndgame zugzwang,https://lichess.org/Lhbt4GBY/black#124,
QdO00,5r2/4r2k/1p1p3p/p1pP4/P1Pqp3/1P4PP/6PK/1Q2R3 b - - 12 38,d4d3 b1d3 e4d3 e1e7,1323,140,100,49,endgame equality short,https://lichess.org/Kf8vnIwx/black#76,
Qeioy,2r1qrk1/4bppp/p1b1p3/4N1B1/4n3/PQN4P/2P2PP1/1R1R2K1 w - - 0 22,c3e4 c6e4 g5e7 e8e7 b3b4 e7b4,1440,118,100,68,equality long middlegame,https://lichess.org/ydpmSspB#43,
QepUl,7r/8/5K2/3k2P1/1P6/2P2R2/8/8 w - - 5 65,g5g6 h8f8 f6e7 f8f3,1529,158,100,44,endgame equality rookEndgame short skewer,https://lichess.org/iDHnmfRn#129,
Qg70k,r2qr2k/ppp1Nppp/3p1n2/8/8/3Q1N2/PPP2PPP/R3R1K1 w - - 2 15,f3g5 e8e7 e1e7 d8e7,1464,110,100,61,equality middlegame short,https://lichess.org/fmN9WSjc#29,
QgdgL,Rnkq3r/1p2bp2/1P1p1n2/1Pp1p3/2P3p1/3PP1Pr/1QNB1PK1/1R6 b - - 2 25,d8b6 d2a5 b6a5 a8a5,1537,118,100,70,equality middlegame short trappedPiece,https://lichess.org/WAICxPQ5/black#50,
Qlidr,r4rk1/pp1n1ppp/8/1qbQ4/1P6/4P3/P2B1PPP/R3K2R b KQ - 0 14,b5c6 d5c6 b7c6 b4c5,1545,100,100,78,equality middlegame short,https://lichess.org/fKIB9ew4/black#28,
QmzeR,r2qk2r/pp2p2p/2n1bb1n/3p2p1/3P4/2NB1NB1/PP3PPP/R2QK2R w KQkq - 0 12,f3g5 f6g5 d1h5 h6f7,1420,437,0,16,defensiveMove equality hangingPiece opening short,https://lichess.org/cr9zoEUw#23,
QpyIs,7r/pkp1Npp1/1pp5/4qPPp/1P1R4/5Q1P/8/5K2 w - - 0 37,e7c6 e5b5,1476,146,60,42,endgame equality oneMove,https://lichess.org/DvwuoX2A#73,
QtAdu,5rk1/p1pp2pp/1p2p3/5p2/1PPP1Pr1/P6q/1B3QB1/4RRK1 w - - 4 25,e1e3 g4g2 f2g2 h3e3,1443,155,100,37,deflection equality fork middlegame short,https://lichess.org/r8omqKIU#49,
QtFiW,3r4/6p1/5p1p/2b5/2kpKP2/7P/1B1R1P2/8 b - - 4 54,c5b4 d2d4 d8d4 b2d4,1564,121,100,49,endgame equality short,https://lichess.org/MoiNmbEm/black#108,
QwhRN,r3r1k1/pR1Q1p1p/6pB/2p5/2nbqP2/8/P4P2/3R2K1 b - - 6 28,e8e7 d7e7 e4e7 b7e7,1410,113,100,87,equality middlegame short,https://lichess.org/wxMqqXpa/black#56,
QwmD7,2r1r1k1/4Qb2/5Pp1/3p1p1p/q1pB1P2/P1P5/1P2R1PP/4R2K w - - 7 32,e7b4 e8e2 b4a4 e2e1,1570,123,100,57,equality kingsideAttack middlegame short,https://lichess.org/qgtGwbEF#63,
QyS9d,4r1k1/pp3p2/4qnpQ/2p5/6P1/P1P1BP2/4B2P/4RK2 w - - 1 27,h2h4 e6e3 h6e3 e8e3,1301,88,100,121,equality middlegame short,https://lichess.org/nE86MQE5#53,
R1mlW,rnbk1b1r/ppp1q2p/5p2/3Q4/3Np3/3B4/PPP2PPP/R3K2R b KQ - 3 11,b8d7 d4e6 e7e6 d5e6,1444,95,100,88,equality middlegame short,https://lichess.org/4UIttQeH/black#22,
R3QAN,r1b2k1r/2N1bpp1/p3pq1p/4p3/8/1n3N2/PP2QPPP/2RR2K1 w - - 2 17,c7a8 b3c1 d1c1 c8b7,1551,182,100,34,equality middlegame short,https://lichess.org/ejcHJr8M#33,
R4doC,3Q4/kp5p/p2p4/2q5/P1K1P3/4P3/3R4/8 w - - 13 42,c4b3 c5e3 b3c2 e3e4,1568,119,100,52,endgame equality fork short,https://lichess.org/5r0MUZBw#83,
R6Ae6,8/6N1/3P2Rp/pp2kn2/8/8/5R2/3r2K1 w - - 1 46,g1g2 f5h4 g2h2 h4g6,1425,81,100,141,endgame equality fork short,https://lichess.org/tGXqR4r7#91,
R6b1m,6k1/q4p1p/p4Rp1/8/P7/3Q4/1rr3PP/5R1K b - - 1 30,c2g2 d3d8 g8g7 f6f7,1392,87,100,103,endgame equality short,https://lichess.org/xAhEQ1ij/black#60,
R9QlR,r3r3/ppp2pk1/3p2pp/3P4/2PRPQ2/1P6/P5PP/7K w - - 3 28,e4e5 d6e5 f4d2 e5d4,1529,143,100,53,endgame equality fork queenRookEndgame short,https://lichess.org/4zH5Cw7f#55,
RCin4,2r5/6Rp/5k1P/1N2n3/2p5/2Kb4/P7/8 b - - 0 38,e5f7 g7f7 f6f7 b5d6 f7g6 d6c8,1572,113,100,65,attraction endgame equality exposedKing fork long sacrifice,https://lichess.org/0yoByTGA/black#76,
RG7wn,5rkB/1p5p/p2q2p1/4Qn2/4PK2/3P1B2/8/7R w - - 8 41,e5d6 f5d6 f4e3 g8h8,1510,393,0,4,discoveredAttack discoveredCheck endgame equality short,https://lichess.org/wIaPqWoo#81,
RGR1Z,8/1p6/4Kp2/1k1p4/8/4P3/5P2/8 b - - 2 56,b5c6 e6f6 d5d4 e3d4,1446,118,100,55,endgame equality pawnEndgame short,https://lichess.org/MVYypm2R/black#112,
RI7N4,6r1/5p2/2pNkp2/1pKbp2p/4r3/6P1/P1RR3P/8 b - - 7 32,g8d8 d6e4 d5e4 d2d8,1522,166,100,38,discoveredAttack endgame equality short,https://lichess.org/nINQIdCP/black#64,
RJ44t,r1b2r2/1p1qnpbk/p1p3pp/3pP3/3P3N/2PB2Q1/PP4PP/R1B2RK1 w - - 2 18,c1h6 g7h6 e5e6 d7e6,1527,108,100,76,equality hangingPiece middlegame short,https://lichess.org/ATqy4236#35,
RNiBg,1r1qnk2/1R2p2p/p3bpp1/2pN4/2Pb4/5B1P/P4PP1/3Q1RK1 w - - 1 19,b7e7 e6d5,1460,152,100,39,equality middlegame oneMove,https://lichess.org/hBm81rps#37,
RPJ4r,r3k1r1/ppp5/2np2qp/5b2/2P5/4QP2/PP2BRPP/R5K1 b q - 4 18,c6e5 f3f4 e8d7 f4e5,1516,134,100,51,equality middlegame short,https://lichess.org/5VobeL5n/black#36,
RQ6Bh,6r1/1pk1qp2/1p1p1n2/4p3/1PB4p/3P4/2n2PPN/2Q2RK1 b - - 1 27,c2b4 c4f7 b4c6 f7g8,1322,127,100,61,discoveredAttack discoveredCheck equality middlegame short,https://lichess.org/VOGKliP4/black#54,
RRTVx,8/1r1k1ppp/2Rp4/1P2p3/n3P3/5PK1/r5PP/3R4 b - - 1 33,b7b6 d1d6 d7e7 c6b6 a4b6 d6b6,1557,160,100,29,endgame equality long,https://lichess.org/NnmYJZlz/black#66,
RU2Nv,5r2/1p1k1ppp/p3p3/PP1pn3/2rN2P1/4P2P/8/1R3RK1 b - - 0 26,e5d3 b5a6 b7a6 b1b7,1500,138,100,52,clearance endgame equality short,https://lichess.org/NFjhabbj/black#52,
RVh5V,r4rk1/1pp3p1/1bn3qp/p3Rb2/P2p4/RN1B1P2/1PP3PP/2BQ3K w - - 1 22,d3f5 f8f5 e5f5 g6f5,1341,89,100,86,equality middlegame short,https://lichess.org/M12ebqYo#43,
RW4iD,1b1r1rk1/1P2np2/Q2pqn1p/1Np1p3/2P3pP/B2PP1P1/5PBK/1R3R2 w - - 5 28,a3c5 d6c5 a6e6 f7e6,1312,228,67,24,equality hangingPiece middlegame short,https://lichess.org/L2LClSJu#55,
RYjTv,2rr2k1/1bq2pp1/p6p/2b1P3/3BBPP1/1pPQ3P/1P2K3/R6R b - - 4 27,b7e4 d3e4 c5d4 c3d4,1474,149,100,45,equality middlegame short,https://lichess.org/9ZsN8iRH/black#54,
RYmdG,2kr3r/2p5/p2p4/8/3b1Rp1/1Pp5/P1P3PP/5R1K b - - 1 28,d8g8 f4d4,1345,94,100,96,endgame equality hangingPiece oneMove,https://lichess.org/KNcXdh3h/black#56,
RZggW,3r4/1P4kp/5pp1/2P5/1P1B4/3N1P2/p3K2P/1r6 b - - 0 39,a2a1q d4a1 b1a1 c5c6,1555,133,100,54,endgame equality short,https://lichess.org/XWWBW77N/black#78,
RacQV,r4r2/pp1kn3/8/3p4/3Pp1Q1/4P3/PPP1K1P1/R1B3q1 b - - 1 24,d7c6 g4e6 c6c7 e6e7,1433,143,100,51,equality fork middlegame short,https://lichess.org/jxeIU9Mk/black#48,
RdGNm,1N1r2k1/5pb1/4P1pp/p7/5QP1/1q3b1P/3R4/5R1K w - - 0 36,f4f3 b3f3 f1f3 d8d2,1428,83,100,112,equality middlegame short,https://lichess.org/Hz3V5UJt#71,
Rf3o7,rn1br1k1/ppp2Npp/4bn2/8/2B5/2N5/PP3PPP/R1B1R1K1 b - - 2 12,e6c4 e1e8 f6e8 f7d8,1536,154,100,47,equality kingsideAttack opening short,https://lichess.org/SrhJdUSn/black#24,
Rfkjo,r7/pp3pPk/4p2P/1n6/1K6/1P6/P1r5/5B1R b - - 6 34,a7a6 f1d3 f7f5 d3c2,1385,87,100,108,endgame equality fork short,https://lichess.org/BySeE7mA/black#68,
RgPc0,8/r5pk/3N4/1Q6/6P1/p1b1PK1P/8/8 w - - 0 42,b5b3 a3a2 b3c3 a2a1q c3a1 a7a1,1518,143,100,41,advancedPawn endgame equality long promotion,https://lichess.org/5nDP8NGp#83,
Rgk3J,r2q1rk1/1pb2ppp/p2p4/2P1n3/4PQ2/2B3P1/NPP5/2K2R1B b - - 0 20,d6c5 c3e5 c7e5 f4e5,1369,93,100,92,equality middlegame short,https://lichess.org/zcSrd4Xe/black#40,
Rh3KE,r2qk2r/1p2bppp/p2pb3/2p1P1B1/6n1/2N1Q3/PPP1BPPP/2KR3R w kq - 1 12,g5e7 g4e3 e7d8 e3d1,1594,142,100,58,equality middlegame short,https://lichess.org/35QCcpIR#23,
RhNpt,r1b1kbnr/ppp3pp/2n5/1B1Q1q2/8/8/PPP2P1P/RNB1K1NR w KQkq - 0 10,d5f5 c8f5 b5c6 b7c6,1410,86,100,112,equality opening short,https://lichess.org/eCnHVelU#19,
RhUAv,8/6k1/6p1/8/4RppP/8/3r4/5K2 b - - 3 47,f4f3 e4g4,1548,161,100,32,endgame equality oneMove rookEndgame,https://lichess.org/8hFQKa7H/black#94,
RjRqe,r5k1/ppN2ppp/3p2b1/8/1n3P2/4r3/PP4BP/K1R4R b - - 0 21,b4c2 c1c2 g6c2 c7a8,1469,117,100,60,equality middlegame short,https://lichess.org/HzmPrxD3/black#42,
Rk8GD,6k1/5p2/8/P7/6pp/8/5qPP/Q4N1K w - - 2 37,a5a6 h4h3 f1e3 f2e3,1495,157,100,44,endgame equality short,https://lichess.org/ebt3qCX0#73,
Rk9ql,5r2/1p2N3/p2p2pk/4p3/4B2p/5P2/PPP5/2K5 b - - 1 30,f8f6 e7g8 h6g5 g8f6,1419,80,100,143,endgame equality fork short,https://lichess.org/u2MLCx7X/black#60,
Rllwz,4r1k1/2p2q1p/6p1/5p2/PQPn4/7P/3N1PP1/R6K w - - 0 33,c4c5 d4c2 b4b2 c2a1,1592,104,100,63,endgame equality fork short,https://lichess.org/vwLypXhx#65,
RmTWO,2r1r1k1/pp2pp1p/1n1p2p1/q2P4/4Q3/1P3BP1/PR3P1P/4R1K1 b - - 0 19,b6d5 b3b4 a5a3 b2b3 a3a2 e4d5,1559,370,53,6,clearance equality long middlegame,https://lichess.org/ai13JUGw/black#38,
RmhO1,1rq3k1/5pp1/2p1p2p/Q1Pp4/PPb4P/2P1P3/1R3PP1/2R3K1 w - - 1 28,g2g3 b8a8 a5a8 c8a8,1363,171,100,47,endgame equality short,https://lichess.org/0mBaamDE#55,
RnbKx,r3r1k1/1p3ppp/3qn3/p1n5/4P3/BP1PQ3/P4PPP/R3R1K1 b - - 4 21,d6d3 a3c5 e6c5 e3c5,1471,143,100,55,equality middlegame short,https://lichess.org/6l6ubRsX/black#42,
RogDF,r4rk1/1pq1n3/2Bb1p1p/4p3/P6p/3P4/2QB1PPP/RR4K1 w - - 0 27,b1b7 c7c6 c2c6 e7c6,1548,152,100,37,equality middlegame short,https://lichess.org/WcJ64VS9#53,
RqRJD,8/8/8/4k1PP/5RK1/8/8/3r4 w - - 3 62,h5h6 d1g1 g4h5 e5f4,1550,106,100,70,deflection endgame equality rookEndgame short,https://lichess.org/btdddNnV#123,
Rsp22,2r5/R4pk1/6p1/1p2p2p/3n4/P2N4/2r4P/5R1K b - - 4 40,d4f3 f1f3 c2c7 a7c7,1392,86,100,123,endgame equality hangingPiece short,https://lichess.org/BRHBU9fj/black#80,
RtXCB,8/6P1/6rN/5R2/4k3/5pKP/5P2/8 w - - 1 46,h6g4 e4f5 g7g8n g6g8,1392,132,100,42,endgame equality hangingPiece short,https://lichess.org/w48pUKDw#91,
RtycT,r5k1/ppp2ppp/4q3/8/4p1r1/2N4Q/PPP2PPP/R3R1K1 w - - 6 19,e1e4 g4e4 c3e4 e6e4,1565,132,100,51,equality middlegame short,https://lichess.org/4Ha1Fkb2#37,
Rv1cH,r2qnr1k/pp4pp/3pN3/2pN3n/2P1P2b/PP3P2/2P2QPP/R4RK1 w - - 5 21,e6d8 h4f2 f1f2 a8d8,1394,126,100,59,equality intermezzo middlegame short,https://lichess.org/VY6egUMa#41,
RzIYi,2r5/4k2Q/p1r1qb2/1p2p3/8/8/2R2P2/3R2K1 b - - 5 38,e6f7 d1d7 e7d7 h7f7,1516,161,100,38,attraction deflection equality middlegame short,https://lichess.org/MLipj3LR/black#76,
S07xa,4k3/2K2p1p/3P1PpP/5bP1/2B5/8/8/8 w - - 7 72,c4f7 e8f7 d6d7 f5d7 c7d7 f7f8,1450,146,100,48,bishopEndgame endgame equality hangingPiece long master,https://lichess.org/ibrzWnOY#143,
S1ksl,5rk1/5pb1/1p1Nq2p/nPp1P1p1/2P2p2/3Q1N2/6PP/B4K2 b - - 2 25,f7f6 e5f6 f8f6 a1f6,1585,163,100,36,equality middlegame short,https://lichess.org/MhiK5FnI/black#50,
S4etg,rn1qk2r/pp3ppp/2p1pnb1/3p4/1bPP2P1/2NBPP2/PP1BN2P/R2QK2R b KQkq - 3 9,b4c3 d2c3 g6d3 d1d3,1480,143,100,57,equality middlegame short,https://lichess.org/APwhbZry/black#18,
S7vg5,r5rk/2Q4p/1p4p1/pP1P1p2/2P1p3/7P/B3qPPK/8 b - - 0 39,a8b8 c7e5 g8g7 e5b8,1355,117,100,64,deflection endgame equality short,https://lichess.org/Vdlfcsrp/black#78,
SAAvY,8/4r1p1/5pp1/2p5/8/R5P1/5PK1/2k5 b - - 0 49,c5c4 a3c3 c1d1 c3c4,1372,117,78,68,endgame equality rookEndgame short,https://lichess.org/J3f5h0bi/black#98,
SAKBw,8/p4B1p/1p1k2p1/8/P1P5/4K2P/3r4/8 b - - 2 39,d2a2 c4c5 d6c5 f7a2,1330,93,100,108,discoveredAttack endgame equality short,https://lichess.org/OgNh0dyx/black#78,
SCSDG,r4rk1/ppp2pp1/5q1p/3R4/7P/8/PP1NQ1P1/2K2B1R w - - 2 20,d5d7 f6c6 e2c4 c6d7,1435,103,100,71,equality fork middlegame short,https://lichess.org/K83qkVDw#39,
SDJrI,3r4/6N1/2p2k2/3r4/8/1PK5/6R1/8 b - - 2 56,d8g8 g7h5 d5h5 g2g8,1325,94,100,93,discoveredAttack endgame equality short,https://lichess.org/YsuvTRAv/black#112,
SDMnJ,4r3/pp3k2/3pN3/3n3r/8/8/PP3PPP/2R1R1K1 w - - 6 24,e6g7 e8e1 c1e1 f7g7,1486,152,100,42,endgame equality short,https://lichess.org/x8Q0x7bp#47,
SFQpo,rnb1k3/1pp5/p1q5/4P2p/6p1/3BP3/P1P1KPPP/1Q5R b q - 0 22,c6g2 d3g6 e8f8 b1b4,1552,132,100,47,equality middlegame short,https://lichess.org/Nn1xv8uI/black#44,
SGigb,rn1k1bnr/pp3Bpp/8/2p1p3/3Pq1b1/1QP1BP2/PP2K2P/RN4N1 b - - 0 12,g4f3 g1f3 c5d4 c3d4,1533,119,100,61,equality middlegame short,https://lichess.org/z2buZtop/black#24,
SGoEi,8/2P1Rprp/6b1/3k4/7P/8/5K2/8 b - - 0 53,g7g8 e7d7 d5c6 d7d8 c6c7 d8g8,1497,130,100,52,endgame equality long,https://lichess.org/7FfY8bXI/black#106,
SGtJh,3r2k1/pp2bp2/2p4p/6p1/4N3/1B2Pb1P/PPP2P1B/5RK1 w - - 1 24,c2c3 f3e4,1464,136,100,48,equality hangingPiece middlegame oneMove,https://lichess.org/E5VBxFns#47,
SHzMp,r2q1bnr/ppp2kp1/2np3p/4N3/4PPb1/8/PPP3PP/RNBQ1RK1 b - - 0 9,c6e5 f4e5 g8f6 d1g4,1545,220,77,9,discoveredAttack discoveredCheck equality opening pin short,https://lichess.org/jB4A6E9K/black#18,
SIfaI,r3r1kb/2nbqp1p/3p2pB/p2P2Pn/1p2PPN1/3B3P/1P1QN2K/R4R2 b - - 2 24,d7g4 h3g4,1343,108,100,82,equality middlegame oneMove,https://lichess.org/AwVxTSvP/black#48,
SJo0C,8/pp6/8/8/3pkN2/1Pn5/P5P1/2R3K1 w - - 4 36,f4h3 c3e2 g1f2 e2c1,1429,209,0,28,endgame equality fork short,https://lichess.org/2bEc4nEQ#71,
SRuun,r2r3k/1pQP2pp/8/p5q1/8/P4pPb/1P3P2/R2R2K1 b - - 0 26,d8d7 d1d7 h3d7 c7d7,1399,331,0,5,equality middlegame short,https://lichess.org/qgGjRE3F/black#52,
SSqVR,8/6kp/4Q1n1/1p5P/8/6P1/PP1r1r2/4R1K1 w - - 1 37,h5g6 f2g2 g1h1 g2h2,1596,130,100,55,endgame equality queenRookEndgame short,https://lichess.org/4v07q66E#73,
STOf1,r1bq1rk1/ppp1pp1p/n5pQ/3Pp3/2P1N3/Pn1B1P2/1P2N1PP/5RK1 b - - 1 17,f7f5 e4g5 f8f7 g5f7,1499,133,100,63,equality middlegame short,https://lichess.org/tXyPwAyX/black#34,
SUJD2,8/7p/5P1p/1PkbKP2/8/8/8/8 b - - 2 47,d5f7 b5b6 c5b6 e5d6 h6h5 d6e7 f7d5 f6f7 d5f7 e7f7,1430,82,100,126,advancedPawn bishopEndgame endgame equality veryLong,https://lichess.org/Zgdy7qcu/black#94,
SXIlR,5B2/6p1/2p1k1PR/1pPpPb2/1r3P2/8/PK4R1/8 w - - 0 55,b2c1 b4b1 c1d2 b1b2,1480,118,100,63,endgame equality short,https://lichess.org/BfEVlwHI#109,
SYLr0,5rk1/ppq4p/4p1pQ/3pNpP1/3n1P2/P2P4/1P5P/R4RK1 w - - 0 24,f1c1 d4e2 g1h1 e2c1,1384,115,100,69,equality fork middlegame short,https://lichess.org/3yKEuUBx#47,
SZAz8,r5r1/3k4/8/pp1bB1pp/3P1R2/2P1P2P/PP5R/1K4N1 w - - 0 30,f4f5 d5e4 b1c1 e4f5,1564,177,100,36,equality fork middlegame short,https://lichess.org/SwusQuMJ#59,
SbeDb,1R6/3P1pk1/4p2p/P5p1/3pP3/P7/K1p3PP/2r5 w - - 0 36,d7d8q c1a1 a2b3 c2c1q,1557,137,100,43,advancedPawn clearance endgame equality promotion queenRookEndgame short,https://lichess.org/u7T2IQNU#71,
ScotC,3r2k1/pb4p1/1p2p1Np/2p2n2/4NB1P/6P1/PPP5/2K1R3 w - - 0 20,e1d1 d8d1,1357,120,100,58,equality middlegame oneMove queensideAttack,https://lichess.org/Tub34sqG#39,
Sg0NG,8/8/4p3/p2p1p2/3P3k/4PK2/P7/8 b - - 1 45,a5a4 f3f4 a4a3 f4e5 h4g3 e5e6,1418,112,100,61,endgame equality long pawnEndgame,https://lichess.org/3gpzY3qR/black#90,
Si8Gj,2krr3/pp3pp1/1qb4p/2B2P2/4N3/1P1p1Q2/P6P/R4RK1 b - - 0 26,b6c5 e4c5 c6f3 f1f3,1484,119,100,63,equality middlegame short,https://lichess.org/E7DUPaQf/black#52,
SkCGp,r1bq1rk1/pp2ppbp/2np1npB/8/2PNP3/2N5/PP1Q1PPP/R3KB1R b KQ - 6 9,c6d4 h6g7 d4f3 g2f3,1454,118,100,64,equality opening short,https://lichess.org/a3LHboml/black#18,
SkxJf,r5k1/1p3p2/p1p3p1/3p4/3N1q2/5P2/PPQ2B1P/4R1K1 w - - 2 34,e1e7 f4g5 g1f1 g5e7,1322,83,100,137,endgame equality fork short,https://lichess.org/01w8UvHp#67,
SlC8H,5rk1/4b2p/PP1p2p1/2pP1n1q/2P1Np2/5P2/3Q1PKP/4R1R1 w - - 1 31,d2f4 f5h4 g2f1 f8f4,1532,349,17,8,discoveredAttack equality middlegame short,https://lichess.org/4YD9Zqty#61,
Sp6iJ,2r3k1/4b1p1/1Bb1p1p1/p3P2p/1pPN1P2/1P4P1/P6P/1K1R4 w - - 0 29,d4e6 c6e4 b1b2 c8c6 b6a5 c6e6,1580,156,100,40,clearance endgame equality fork long,https://lichess.org/oDxy8noz#57,
SqKdW,8/8/7p/pr2k1p1/2p5/2Kp1PPP/RP6/8 b - - 1 48,b5b3 c3c4 a5a4 a2a4,1420,118,100,55,endgame equality rookEndgame short,https://lichess.org/YpQE2bWM/black#96,
SqNnR,6rk/q5p1/3P3p/3Q4/P5P1/7P/1B6/4R1K1 w - - 3 47,g1h2 a7f2 d5g2 f2e1,1425,119,100,66,endgame equality fork short,https://lichess.org/OpTfQihV#93,
SrC7n,r1bqr1k1/pp3pp1/3p1n2/3P2Q1/1P3P2/P2B4/6PP/R4RK1 b - - 0 23,f6e4 g5d8 e8d8 d3e4,1486,137,100,54,equality middlegame short,https://lichess.org/ly5kBlpg/black#46,
SszTh,3r1k2/p4pp1/7p/3NR3/2q2P2/2P3PP/8/4Q1K1 w - - 1 37,e1e4 c4e4 e5e4 d8d5,1523,147,100,51,capturingDefender endgame equality short,https://lichess.org/xtCk0xfT#73,
StaR6,2rq1r1k/1p4pp/3N4/p2QN3/P3p3/1P4P1/5b1P/2R2RK1 w - - 0 25,f1f2 c8c1 g1g2 f8f2,1543,128,100,48,equality hangingPiece middlegame short,https://lichess.org/ySq3QgxH#49,
StfIv,2r5/5pk1/4p1p1/3rP1K1/1p2R1P1/1R1P4/1P2B3/8 w - - 9 43,e4b4 d5e5 g5f4 e5e2,1383,114,100,54,endgame equality fork short,https://lichess.org/uaYtqGzN#85,
SuN5x,8/4r1KP/3p4/2p2kP1/8/R1P5/P7/8 w - - 1 53,g7f8 e7h7,1481,276,74,15,endgame equality oneMove rookEndgame,https://lichess.org/JGpERe0k#105,
SxGOo,2kr3r/pp1n1pp1/2p1pnp1/q7/1b1P4/P1N1B2P/1PPQBPP1/2KR3R b - - 0 14,b4c3 d2c3 a5c3 b2c3,1453,198,0,30,equality middlegame short,https://lichess.org/XfIwP3li/black#28,
T0S0J,2q4r/R4p2/3pk1pp/2p1p3/1pP1Pn1P/1K1P1P2/1P1Q1P2/R7 w - - 9 29,a7a8 c8a8 a1a8 h8a8,1436,424,0,6,endgame equality short,https://lichess.org/MKKliIFR#57,
T2dka,r3r1k1/p1b4p/2pq4/n3pp2/4Q3/3B4/PPPP1PPP/R1B2RK1 w - - 0 19,e4f5 e5e4 g2g3 e4d3,1552,123,100,53,equality middlegame short,https://lichess.org/UYs8moC1#37,
T4BK7,2r5/1p2p1k1/2p1qpr1/p7/2nP3p/4PQ1P/P3KP2/2R3R1 b - - 3 28,g6g1 c1g1 g7h6 f3f4,1484,151,100,43,endgame equality short,https://lichess.org/uLAQOgm7/black#56,
T4aHa,8/3k4/p4R1p/Pn2p1p1/1PKp4/6P1/5P2/8 w - - 1 54,c4c5 d4d3 f6h6 d3d2,1504,116,100,60,advancedPawn endgame equality short,https://lichess.org/lDWjHcuu#107,
T6D8P,rnbq1rk1/ppp2ppp/3P1b2/8/3Pn3/5NP1/PPP1Q2P/RNB1KB1R w KQ - 3 9,e2e4 f8e8,1559,132,100,53,equality oneMove opening pin,https://lichess.org/kb4HaPi6#17,
T7Or4,8/8/6Bp/4p1p1/2K2p2/5P1P/5kP1/8 w - - 3 47,c4d5 f2g2 d5e4 g2h3,1573,140,100,46,bishopEndgame endgame equality short,https://lichess.org/N1jqKWnF#93,
TEI1p,5rk1/1N3ppp/p3b3/4p3/8/4Q3/q2rBPPP/1R3RK1 w - - 1 22,b1a1 d2e2 a1a2 e2e3,1575,141,100,37,equality middlegame short,https://lichess.org/KSqYkE3C#43,
TEX9A,r2q4/p1kn3Q/2pbB3/1p6/4P1p1/2NP4/PPP2P2/2KR4 w - - 0 25,e6g4 d8g5 c1b1 g5g4,1558,143,100,45,equality fork middlegame short,https://lichess.org/1wXtOF5x#49,
TG5H1,8/7P/2Kp4/2p5/2P3B1/2b5/3p4/4k3 b - - 4 63,d2d1q g4d1 e1d1 c6d6,1587,156,100,31,endgame equality short,https://lichess.org/Xf5GyZ6o/black#126,
TIiS0,r2q1rk1/pbp2ppp/1p4n1/4P3/2B5/6Q1/PPP3PP/RNB2RK1 w - - 4 14,b1c3 d8d4 f1f2 d4c4,1423,143,100,66,equality fork opening short,https://lichess.org/B5JZo4oP#27,
TKYNr,r2q1r1k/1bp3p1/pp1b1n1p/8/1P5Q/P4pPB/1BP2P1P/R3R1K1 b - - 3 22,f8e8 e1e8 d8e8 b2f6,1567,89,100,91,equality kingsideAttack middlegame short,https://lichess.org/F4nd0mAX/black#44,
TL3D8,8/3R4/3k1p2/1Bp2r1p/1p1p4/1P1P4/1PK1n3/8 b - - 1 53,d6e5 d7e7 e5f4 e7e2,1469,91,100,112,endgame equality short skewer,https://lichess.org/LFEiSnUa/black#106,
TM9gr,4r1k1/ppn3pp/2p2p1q/3p4/3P2P1/P2B1N2/1PP1r1PP/R4QK1 w - - 0 22,d3e2 h6e3 f1f2 e3e2,1552,139,100,41,equality kingsideAttack middlegame short,https://lichess.org/VtEHcEyK#43,
TMjhL,2kr3r/pppqpp1p/2nb2p1/8/6bN/2QPB1P1/P1P2PBP/1R2R1K1 w - - 4 16,g2c6 d7c6 c3c6 b7c6,1502,166,9,36,equality middlegame short,https://lichess.org/D4g4XrXl#31,
TP6rG,1br3k1/3b1p1p/6p1/2pn4/3p4/6PP/Q3NPK1/2R5 w - - 0 32,a2d5 d7c6 c1c5 c6d5,1414,119,100,58,endgame equality pin short,https://lichess.org/WEG8e1wW#63,
TPefq,6k1/1p4pp/8/1P1R4/8/5N1P/p4PPK/r7 w - - 0 30,d5d2 a1h1 h2h1 a2a1q,1400,119,100,56,advancedPawn attraction endgame equality promotion short,https://lichess.org/H0WJugI6#59,
TR8tv,8/p1Rr3p/Pk1P2rP/4Bp2/5P2/8/5K2/8 b - - 6 49,g6d6 e5d6 d7c7 d6c7,1468,105,100,69,endgame equality short,https://lichess.org/Ub1egQGl/black#98,
TSs0V,2rq4/p5pk/2pr2np/4pQ1n/P7/2N4P/1PP3P1/4RRK1 b - - 0 25,d6f6 f5h5 f6f1 e1f1,1495,97,100,92,equality hangingPiece middlegame short,https://lichess.org/2buTpuMb/black#50,
TUbVU,4r1k1/ppB2ppp/8/8/1b1r4/1P1B2P1/1P5P/R2R2K1 w - - 0 21,d3h7 g8h7 d1d4 b4c5,1489,114,100,55,equality middlegame pin sacrifice short,https://lichess.org/3QRVCOyD#41,
TYTX1,r1qR2k1/p1p2pp1/1p3B2/nP6/2P3P1/2N4P/P3r3/R5K1 b - - 1 24,g8h7 d8c8 a8c8 c3e2,1500,125,100,57,equality middlegame short,https://lichess.org/S2CV8EcI/black#48,
TcLx0,8/8/p7/2N5/2Pp1k1K/1P6/P6P/3n4 w - - 0 46,c5a6 d4d3 a6c5 d3d2,1466,119,100,55,advancedPawn endgame equality knightEndgame short,https://lichess.org/CAwYoUSz#91,
TcoHE,8/6k1/5pP1/1B2pP1P/2p5/p1P1B3/2PK2P1/1q6 b - - 0 37,b1f1 h5h6,1477,100,100,88,endgame equality oneMove,https://lichess.org/h4mQgdGq/black#74,
TjY33,rn2k3/p1pp1Rp1/1p2p3/6N1/3P2n1/1P4P1/P1P1P1br/R2Q2K1 w q - 0 15,e2e4 h2h1 g1g2 h1d1 a1d1 g4e3 g2f3 e3d1,1571,109,100,56,attraction equality exposedKing fork middlegame skewer veryLong,https://lichess.org/i6drFwAH#29,
TpVS9,r3k2r/1p3Np1/p1bbpq1p/2p4Q/P1Pn1P2/3B4/1P4PP/R1B2RK1 b kq - 0 19,f6f7 d3g6 e8g8 g6f7,1557,155,100,33,equality middlegame pin short,https://lichess.org/iyVngG1K/black#38,
Tt6eA,r3kb1r/2q2ppp/p1P1pn2/Q1n2b2/1PB5/4P3/P4PPP/RNB1K1NR b KQkq - 1 11,c7a5 b4a5 c5d3 c4d3,1568,146,100,46,equality middlegame short,https://lichess.org/ytkTGHMj/black#22,
TvpV9,rk5r/4nppp/pbb1p3/2NpP1N1/5B2/PPR5/2P2PPP/3R2K1 w - - 5 22,g5f7 h8f8 c5e6 f8f7,1439,143,100,55,equality middlegame short,https://lichess.org/dljxLVQl#43,
TvspN,r1bqkb1r/1pp1n1p1/p1np1p1p/1B1Pp3/4P3/2P2N2/PP3PPP/RNBQ1RK1 w kq - 0 8,d5c6 a6b5 c6b7 c8b7,1588,123,100,69,equality hangingPiece opening short,https://lichess.org/HBy8yDZe#15,
TvuRg,r2q1rk1/pb3Bp1/2pp3p/4b3/4PR2/2N2Q2/PPP3PP/R5K1 b - - 0 15,f8f7 f4f7 d8b6 g1h1,1485,144,100,58,defensiveMove equality middlegame short,https://lichess.org/ZpNflgLq/black#30,
TwCRW,2kr3r/7p/1Qp1q1p1/4np2/2P5/5B1P/PP1p1PP1/3RR1K1 w - - 0 27,e1e2 e5f3 g2f3 e6e2,1412,107,100,72,discoveredAttack equality kingsideAttack middlegame short,https://lichess.org/vzWwXdaD#53,
TzXHt,6r1/1p2p1kp/p1np1qp1/8/4P3/3R4/PP2QPPP/2R3K1 w - - 4 24,d3f3 c6d4 e2e3 d4f3,1564,140,100,50,endgame equality fork short,https://lichess.org/taTkkAvB#47,
U3WbT,8/K1k2p2/8/P7/2P1p1PP/2n5/6B1/8 w - - 1 60,h4h5 e4e3 h5h6 e3e2 h6h7 e2e1q,1515,162,100,47,advancedPawn endgame equality long promotion,https://lichess.org/F6JY8ura#119,
UAA50,4rrk1/5p2/p2pb1pq/1p2p1N1/3pP3/PP1P2QP/B1P3PK/5R2 b - - 8 29,f7f6 g5e6 e8e6 b3b4,1394,84,100,130,defensiveMove equality middlegame pin short,https://lichess.org/VX4DcDaA/black#58,
UD1E9,2r3k1/2q2p1p/Q1Bp1np1/1P2p3/3b4/P7/5PPP/3R2K1 b - - 0 33,c7b6 a6c8,1473,142,100,46,equality hangingPiece middlegame oneMove,https://lichess.org/9J26Scmu/black#66,
UEqL1,rnbqk2r/ppp2p2/3p1n1p/4N3/2P1P1p1/1PP5/P1Q2PPP/R1B1KB1R w KQkq - 0 10,e5f7 e8f7,1393,462,0,9,equality hangingPiece middlegame oneMove,https://lichess.org/gAYMHW4g#19,
UG1ha,r7/N1pk1pbp/1rnp2qn/3P2p1/Q4p2/2P5/PP1B2PP/R3R1K1 b - - 0 23,a8a7 d5c6 b6c6 a4a7,1490,152,100,53,equality intermezzo middlegame short,https://lichess.org/D39zYHpm/black#46,
UKMea,8/5R1p/8/8/P7/1Pk1q1p1/6P1/5K2 b - - 3 44,c3b3 f7f3 e3f3 g2f3,1406,105,100,81,endgame equality pin queenRookEndgame short,https://lichess.org/pofikZBY/black#88,
UKwQb,r3k2r/6pp/2p2b2/3p4/1p2p1N1/3n3P/PP3PP1/R1B2RK1 b kq - 1 22,d3b2 g4f6 g7f6 c1b2,1516,153,100,42,equality intermezzo middlegame short,https://lichess.org/A1qyeH1r/black#44,
ULGFb,rnbqk2r/ppp2ppp/8/2bp4/4np2/3B1N2/PPPP2PP/RNBQ1R1K b kq - 1 7,e4f2 f1f2 c5f2 d1e2 c8e6 e2f2,1468,119,100,54,equality fork long opening sacrifice,https://lichess.org/HbsGgbj2/black#14,
UMLSh,2rr4/6pp/4kp2/8/pp2P2P/2pNKP2/P1R3P1/3R4 w - - 0 32,e3e2 b4b3 a2b3 a4b3,1482,101,100,75,endgame equality short,https://lichess.org/vKxqCPdZ#63,
UQ9v0,rn1qkb1r/ppp1npp1/3p3p/4p3/2B1P1b1/2NP1N2/PPP2PPP/R1BQK2R w KQkq - 1 6,c4f7 e8f7 f3e5 d6e5,1459,115,100,63,equality hangingPiece opening short,https://lichess.org/TnUARfJ9#11,
UTvkz,q4b2/5pkp/2n3b1/r6p/2P1N2Q/4P3/4BPPP/rR2R1K1 b - - 9 38,a8d8 h4d8 c6d8 b1a1 a5a1 e1a1,1569,154,100,29,equality long middlegame,https://lichess.org/f9REdAPP/black#76,
UXEFM,2r3k1/3r2p1/p1q4p/1p1ppN2/6Q1/P1PR3P/5PP1/6K1 b - - 1 43,c6f6 f5h6 f6h6 g4d7,1471,115,100,77,discoveredAttack endgame equality pin short,https://lichess.org/bX2aPEjc/black#86,
UY09f,8/8/pp2k3/8/PPR5/r7/8/6K1 b - - 0 46,a3a4 c4c6 e6d7 c6b6,1362,107,100,70,endgame equality rookEndgame short,https://lichess.org/wM6UesFj/black#92,
UYG2l,2r5/1p3p1k/pq2p2p/3pn1rN/8/PP6/2P1QPP1/R4RK1 b - - 0 24,c8g8 h5f6 h7h8 f6g8,1321,148,100,38,equality fork middlegame short,https://lichess.org/ZIqCJEI5/black#48,
UZFfS,r2q1rk1/1pp2pbn/p2pB1n1/4p2Q/P3P2P/2PP2N1/1P3P2/RN2K2R b KQ - 0 21,f7e6 h5g6 d8f6 g6f6,1300,115,100,82,equality hangingPiece middlegame short,https://lichess.org/8pObZulo/black#42,
UZuyp,6k1/8/2q1p3/4B3/7R/8/PPP3KP/3R4 w - - 1 38,g2h3 c6f3 e5g3 f3d1,1319,92,100,98,endgame equality fork short,https://lichess.org/N2KFzhKt#75,
UaPX9,4k1n1/pp2p2r/1qnrN2p/3p3P/Q3p1P1/8/P2N4/1R5K b - - 4 26,b6a6 e6c7 e8f7 c7a6,1433,132,100,54,equality fork middlegame short,https://lichess.org/6hKkREzr/black#52,
Ub9rc,r2q1rk1/pp4pp/4Rn2/2bp4/8/2Pn2BP/PP1NQPP1/R5K1 b - - 2 17,d3f2 g3f2 c5f2 e2f2,1565,170,92,27,equality middlegame short,https://lichess.org/GzSouI6u/black#34,
UfAxw,5r1k/ppp1b1pp/3p4/8/1P6/3Q2NP/P4qP1/R6K b - - 1 32,e7h4 a1f1 h4g3 f1f2,1449,97,100,84,endgame equality short,https://lichess.org/NcFnN44m/black#64,
UhdL3,r4br1/1p2kNp1/p2p3p/n4p2/4P3/2P5/P1P3PP/R1B2RK1 b - - 0 19,e7f7 f1f5 f7g6 f5a5,1370,143,100,49,equality fork middlegame short,https://lichess.org/j38ZTYFD/black#38,
UiTgR,1Q4k1/1b3pp1/p1q1p2p/1pN3r1/1P1p4/P6P/6P1/2R4K b - - 1 35,g8h7 b8b7 c6b7 c5b7,1570,121,100,52,endgame equality short,https://lichess.org/T7J2klDF/black#70,
UjElL,8/4ppkp/pqrp1np1/8/NPr1P3/5P2/3Q2PP/2RR3K b - - 0 25,b6b4 d2b4 c4b4 c1c6,1452,94,100,87,equality middlegame short,https://lichess.org/H2IrlXNm/black#50,
UkGzl,7k/pp1b2p1/5p1p/2P5/8/5Q1P/3qnRPK/8 b - - 1 48,e2d4 f2d2 d4f3 g2f3,1409,100,100,80,endgame equality short,https://lichess.org/2EtoqdG9/black#96,
UkUZT,5rk1/p1R2p2/1p2bbp1/3p4/Q6p/4BB2/Pq3PPP/6K1 b - - 0 29,f8c8 c7c8 e6c8 a4e8 g8g7 e8c8,1382,176,100,27,equality fork long middlegame,https://lichess.org/eq8DIfsr/black#58,
UkhAU,8/p4Q2/7k/2p5/4B2r/P2P4/1qP5/3K2R1 w - - 2 51,f7g7 b2g7 g1g7 h6g7,1402,78,100,162,endgame equality short,https://lichess.org/E6cDLn5u#101,
Uknyu,r4r1k/2pb2pp/6q1/1R3p2/2P5/4P3/2Q1BPPP/2B1R1K1 w - - 1 22,b5b7 d7c6 e2f1 c6b7,1578,123,100,45,equality middlegame short,https://lichess.org/wZl0Ooq1#43,
UlGZ8,8/8/1k2K3/pPp1P3/r1P3R1/8/8/8 w - - 0 47,g4g6 a4c4 e6f7 b6b5,1511,170,100,31,endgame equality rookEndgame short,https://lichess.org/CE5trtfv#93,
UoKTc,r2q1rk1/ppp2p2/2n1p1bb/3p2N1/2PP3P/P2BP3/1PQ2PP1/R3K2R b KQ - 1 16,g6d3 c2d3 h6g5 h4g5,1435,116,100,67,equality middlegame short,https://lichess.org/2tFrbMrM/black#32,
UoZPK,6k1/pR6/6p1/n2P3p/3b1B2/1P3P1P/r5PK/5R2 w - - 1 33,b7a7 d4a7,1468,131,85,65,endgame equality hangingPiece oneMove,https://lichess.org/iw0Ywr6h#65,
UpE3y,1r6/p1pkbppp/3p1q2/8/2PnP3/Q4P2/P1P2P1P/3R1K1R b - - 1 22,d4c2 a3a4 d7c8 a4c2,1499,145,100,45,equality fork middlegame short,https://lichess.org/G0E823fZ/black#44,
Ur7US,2r3k1/Q4pbp/1prP2p1/4P3/5P2/B5Pb/7P/6K1 b - - 0 33,c6c2 d6d7 h3d7 a7d7,1349,104,100,93,advancedPawn endgame equality short,https://lichess.org/v4Qc5hAQ/black#66,
UvM8O,5r1k/ppp3p1/5q1p/3pp3/8/6QP/PPPB2P1/4R1K1 w - - 0 31,d2b4 f6b6 e1e3 b6b4,1500,145,100,32,endgame equality fork short,https://lichess.org/W04xSBV9#61,
UvxlU,6r1/6P1/2kp2K1/1p6/8/5P2/P7/8 b - - 2 55,g8g7 g6g7 d6d5 f3f4 d5d4 f4f5 d4d3 f5f6 d3d2 f6f7 d2d1q f7f8q,1496,102,100,84,advancedPawn endgame equality hangingPiece promotion quietMove veryLong,https://lichess.org/u52Y4rET/black#110,
UxqC5,r1k5/pp1q2b1/2n1Q2p/5pp1/1P6/2P5/P1P3PP/R3R1K1 w - - 3 25,e6d7 c8d7 a1d1 d7c7,1559,205,80,20,defensiveMove endgame equality short,https://lichess.org/FfmxthbV#49,
UyKQA,6k1/pp1q3p/6p1/3p1r2/5bQ1/2P2N1P/PP3P2/R4RK1 w - - 2 23,f3h4 f5g5 g4g5 f4g5,1587,161,100,28,equality middlegame pin short,https://lichess.org/HP0AmK0t#45,
Uz6Or,r3k2r/1pp2p2/p1n1p1p1/2P2q1p/3Pp3/P3P2P/1P1NBP1K/R2Q1R2 w kq - 0 19,f1g1 f5f2 g1g2 f2e3,1436,95,100,91,equality middlegame short,https://lichess.org/bI4B7JM9#37,
V1CZm,b1N5/5pbp/1p4p1/3k2P1/1P3KP1/7P/2P5/8 b - - 2 33,d5c4 c8b6 c4b5 b6a8,1317,162,100,46,endgame equality fork short,https://lichess.org/SN9c2Kga/black#66,
V2EBH,7R/2Rrk3/3N3p/4n3/2p5/2P4P/6PK/2r5 w - - 5 42,h8h7 e7d6 h7d7 e5d7,1537,148,0,32,endgame equality hangingPiece short,https://lichess.org/s9IlzNSk#83,
V2IV4,2Q2b1r/p3kppp/8/4q3/b7/1p6/P2P1PPP/RNBK3R w - - 1 17,b1c3 b3b2 c3a4 b2a1q,1365,121,100,75,advancedPawn discoveredAttack discoveredCheck equality middlegame promotion short,https://lichess.org/LdrAKoma#33,
V6xRP,5rk1/pr2nppb/7p/3pQ3/q1pP2N1/6B1/Pb2RPPP/4RBK1 b - - 3 27,a4d7 e5e7 d7e7 e2e7 b7e7 e1e7,1581,125,100,66,equality long middlegame,https://lichess.org/wBGxgBMe/black#54,
V7D1h,rn3rk1/1p4pp/p3pn2/8/8/8/PPPR1PPP/2K2BNR w - - 0 13,f1c4 f6e4 g1f3 e4d2 c4e6 g8h8,1571,135,100,44,equality long middlegame,https://lichess.org/1Uc8sSq0#25,
VAYeM,r5rk/1p3p2/3p3q/p1pPn1P1/2P1P3/2P1Q3/6P1/R4RK1 b - - 0 27,h6g6 f1f6 g6h7 f6h6 h7h6 g5h6,1597,327,0,9,equality long middlegame pin,https://lichess.org/jLLog1ua/black#54,
VBm5Y,rn1q1rk1/p2p2pp/2pb4/2P1pp2/8/P3PBP1/1P1B1P2/RN3QK1 b - - 0 16,d6c5 f1c4 d7d5 c4c5,1376,131,100,62,equality fork middlegame short,https://lichess.org/SX7HbqTT/black#32,
VGNC1,6k1/1R6/6pp/4P3/3N1PK1/r5PP/8/2b5 w - - 7 52,d4f3 h6h5 g4g5 a3f3,1393,103,100,76,deflection endgame equality short,https://lichess.org/1FxF5Kcr#103,
VGvTC,r1b2rk1/2q1Rp1p/6p1/2pP4/ppP2Q2/1P1B4/P5PP/5RK1 b - - 2 24,c7f4 f1f4 a4b3 a2b3,1313,87,100,135,equality middlegame short,https://lichess.org/eJhl7cCo/black#48,
VK7Jz,3r2k1/p1q2pp1/2p2n1p/8/2bBr3/P1P3QP/2P1NPP1/R4RK1 b - - 1 25,c7g3 e2g3 e4d4 c3d4,1566,101,100,86,equality middlegame short,https://lichess.org/aKgOst6L/black#50,
VK9m7,7r/p1p1k1p1/2nr4/2q4p/1pP1nPbN/1B2P1P1/P5Q1/R3R1K1 b - - 5 24,e4f6 h4g6 e7e8 g6h8,1307,90,100,116,equality fork middlegame short,https://lichess.org/3wNRwR4b/black#48,
VKbAA,r4rbk/ppp1b1pp/8/4pB1Q/1q6/2N1B3/PP3PPP/R3K2R w KQ - 1 19,f5e4 b4b2 e1g1 b2c3,1501,90,68,47,equality fork middlegame short,https://lichess.org/4Aw1Bmx8#37,
VLdqP,r7/pp1np1kp/6p1/1q2n3/5B2/3PQ3/PP4PP/R5K1 b - - 0 21,b5d3 f4e5 d7e5 e3e5,1524,96,100,67,equality middlegame short,https://lichess.org/eko9k9nu/black#42,
VMcgz,8/8/8/8/2kp4/8/PKP5/8 w - - 0 67,a2a4 c4b4 b2c1 b4a4,1350,126,100,56,endgame equality pawnEndgame short,https://lichess.org/4ki8gvN8#133,
VN801,r1b1k2r/3q1pp1/pbn1p1p1/1p2P3/1P1BQ3/P2P1NP1/3N1P1P/R3R1K1 b kq - 0 18,b6d4 f3d4 c6d4 e4a8,1583,131,100,53,equality middlegame short,https://lichess.org/UD6RZK84/black#36,
VNMfd,r1b1rk2/1pq1np2/2p3BP/p2p2P1/N2P1b2/1P3P2/2P3Q1/1K1R2NR w - - 3 25,g6f7 f8f7 g5g6 e7g6,1411,142,100,44,equality hangingPiece middlegame short,https://lichess.org/WH2mRfLb#49,
VOS3u,1r3rk1/1p3p1p/p2pp1n1/2p1bbp1/5PPq/P1NP3P/BPP4K/R1BQ1R2 b - - 0 19,f5g4 d1g4 h4g4 h3g4,1373,94,100,104,equality middlegame short,https://lichess.org/ifucpi0M/black#38,
VOud9,8/8/2k2p2/2p1bPp1/b1NpP3/6P1/6K1/1B6 b - - 1 49,a4b3 c4a5 c6b5 a5b3,1460,104,100,81,endgame equality fork short,https://lichess.org/7HFXliOV/black#98,
VQKiF,4r1k1/8/8/1R6/2n5/P1P1B2P/5PP1/5K2 w - - 1 39,e3d4 c4d2 f1g1 e8e1 g1h2 d2f1,1568,106,100,80,endgame equality long,https://lichess.org/m5b38lVR#77,
VRiW6,3k3r/pb3Bpp/1n1b1p2/3P4/7N/6P1/P4PKP/3R4 b - - 5 27,d8e7 h4f5 e7f7 f5d6 f7e7 d6b7,1587,114,100,56,deflection equality fork long middlegame,https://lichess.org/txCxRdDU/black#54,
VSVhd,8/pp1k2rp/2p5/1P3R2/3bP3/8/P2B4/7K b - - 0 34,c6b5 f5d5 d7e6 d5d4,1494,203,0,25,endgame equality fork short,https://lichess.org/UlKaf2L2/black#68,
VSdP7,r7/8/1Q1pNkp1/3Pp3/4Pp1q/1PKB2n1/2r5/6R1 w - - 0 38,d3c2 g3e2 c3b2 e2g1,1338,415,0,12,equality fork middlegame short,https://lichess.org/nbha3RnL#75,
VYZjM,8/p1p2pkp/1p2r1p1/4P3/1P3QP1/P3R3/1q2B1KP/8 w - - 4 33,e3f3 b2e2 f3f2 e2e5,1550,162,100,47,endgame equality hangingPiece short,https://lichess.org/mlrn1boZ#65,
VZWFL,rn2k2r/p1pqppb1/1p3n2/1N2p2p/Q1PP2p1/6P1/PP3PNP/R1B1K2R b KQkq - 3 12,e5d4 b5c7 e8d8 a4d7,1521,109,100,67,discoveredAttack equality opening pin short,https://lichess.org/5Ffk5mgu/black#24,
Vd2Io,k6r/1p1r1p2/pq5p/3P2p1/3pBb2/7P/PP3BP1/R2Q1RK1 w - - 4 24,f2d4 f4e3 d4e3 b6e3 f1f2 e3e4,1503,136,100,38,equality fork long middlegame xRayAttack,https://lichess.org/yqDMWAR3#47,
VegJU,r1b3k1/ppq1bppp/4pn2/1N4B1/2Br4/P7/1PQ2PPP/R4RK1 b - - 1 14,d4c4 b5c7 c4c2 c7a8,1390,112,100,74,equality middlegame short,https://lichess.org/uzK2tcyZ/black#28,
VekLS,5rk1/4qp2/6p1/p1pPrn2/2P3Q1/1P2bR1N/P1P4P/5R1K b - - 1 40,e3h6 f3f5 e5f5 f1f5,1445,115,100,55,equality middlegame pin short,https://lichess.org/XOWnzov8/black#80,
Vhq5v,2k5/1p6/2bQp3/4P3/5P2/1R6/PP3qPP/6RK w - - 7 37,b3a3 c6g2 g1g2 f2e1 g2g1 e1e4,1589,333,0,14,endgame equality long sacrifice,https://lichess.org/kmOpqvu9#73,
VkJhX,2r2k2/7R/8/5rp1/3B4/K2n2P1/7P/8 b - - 0 38,f5f3 h7h8 f8f7 h8c8,1414,116,100,62,endgame equality short skewer,https://lichess.org/bzBkzHvQ/black#76,
Vl8c0,8/r2k4/1Rp5/P2p1ppp/1P1P4/4P1P1/2K2PP1/8 w - - 2 41,a5a6 d7c7 b6b7 a7b7 a6b7 c7b7,1431,193,100,39,endgame equality long rookEndgame,https://lichess.org/2aO6wt18#81,
VmUHm,3r2k1/5R2/4q1pp/p3N3/1p3Q1P/8/5PP1/6K1 w - - 1 40,f4h6 d8d1 g1h2 e6e5,1578,139,100,55,endgame equality short,https://lichess.org/Zm4h2gz3#79,
VmVCx,8/5p2/8/7p/6k1/6P1/5K2/8 b - - 5 63,f7f5 f2g2 f5f4 g3f4,1490,107,100,63,endgame equality pawnEndgame short,https://lichess.org/xqULRCzN/black#126,
VqaUi,1nbqr1k1/4bppp/5n2/3p4/2p2Q2/r1N1PP2/2BBN1PP/R4RK1 w - - 0 18,a1a3 e7d6 f4h4 d6a3,1485,500,82,10,equality fork middlegame short,https://lichess.org/DRTfTwxe#35,
VssXp,r3r1k1/p4ppp/2p4n/7q/5P2/P3PN1P/1P3KP1/R1B2B1R b - - 1 19,h6f5 g2g4 h5h6 g4f5,1543,161,100,40,equality fork middlegame short,https://lichess.org/0SYn0sDO/black#38,
Vv5Qi,3r2k1/pp4pp/2p1p2q/4Pn2/4QR2/P2B3P/1P2N2K/8 w - - 0 25,f4f5 e6f5 d3c4 g8h8,1565,118,100,65,defensiveMove endgame equality short,https://lichess.org/PUV0bdQs#49,
VvVUC,4r1k1/1p2r3/2b5/8/8/2P1b1P1/2R2R1P/5QK1 w - - 3 43,c2e2 e3f2 e2f2 e7e1,1574,151,33,36,clearance equality middlegame pin short,https://lichess.org/rblw38RX#85,
VwZvo,1r6/p3pk1p/4Np2/2p2P2/8/1P2pK2/r7/6R1 b - - 5 39,f7e8 g1g8 e8d7 g8b8 a2f2 f3e3,1559,106,100,68,endgame equality long skewer,https://lichess.org/vCGNbw8f/black#78,
Vx4Kw,1rb1k1r1/ppp2p1p/2n5/2pNp2q/4P1n1/6PP/PPP3B1/RNBQ1RK1 w - - 4 15,d5f6 g4f6 d1h5 f6h5,1335,137,0,50,equality opening short,https://lichess.org/psoZuqwE#29,
VzEBL,r1b1kr2/pp3pQ1/q3p2p/8/3Pp3/1PN5/P1K4P/R1B4R w q - 0 24,c1e3 a6d3 c2b2 d3e3,1546,121,100,53,equality fork middlegame short,https://lichess.org/Iez6NURn#47,
W0MtD,3r4/5pk1/p1P2p1p/1p1B1P2/4pqP1/7P/PP3P2/3Q2K1 b - - 0 29,d8d5 d1d5 e4e3 f2e3,1384,101,100,75,endgame equality hangingPiece short,https://lichess.org/AKfL7CGy/black#58,
W1w8F,r1b3k1/p4pp1/2p1r3/4N2p/7q/P2P1R1P/1PP3P1/R1BQ3K w - - 1 21,e5f7 e6e1 d1e1 h4e1,1556,127,100,55,equality fork middlegame short,https://lichess.org/hAiyTsCz#41,
W43A7,4r3/pp3kp1/5Pb1/2pnq3/4N3/PP1r1N1Q/R4K2/7R b - - 1 36,e5e4 f3g5 f7f6 g5e4,1322,235,82,32,equality fork middlegame short,https://lichess.org/Bp0wZxbb/black#72,
W4e2w,7r/pp6/2k1ppB1/3p4/5q2/Q7/P5PP/RN4K1 w - - 0 24,g2g3 f4d4 g1g2 d4a1,1505,167,100,33,endgame equality fork short,https://lichess.org/6NiKlPtF#47,
W5KxN,8/4qpk1/5bp1/1Q6/1PB5/7P/5pP1/3R2K1 w - - 0 38,g1h1 e7e1 c4f1 e1d1,1395,145,100,48,endgame equality short,https://lichess.org/tP8NJU7D#75,
W6Anu,3r3r/pb3kp1/1p1Bppn1/2p1PP1p/2P3P1/1PPRK1P1/P7/3R4 b - - 0 26,g6e5 d6e5 d8d3 d1d3,1498,105,100,83,equality middlegame short,https://lichess.org/AUVsRlu1/black#52,
W8Khq,5k2/5ppp/3p4/p2B3P/2P3P1/8/8/1bK5 b - - 2 36,b1a2 c1b2 a2c4 d5c4,1536,120,100,44,bishopEndgame endgame equality short trappedPiece,https://lichess.org/ADY6tZNq/black#72,
WAC5T,8/8/r5pR/p1k1pp2/PpN3p1/1P2K1P1/6P1/8 w - - 4 42,c4e5 a6e6 h6g6 e6e5,1506,147,100,43,endgame equality pin short,https://lichess.org/RX82Vxb5#83,
WBTxg,5k2/R5R1/2pn2p1/8/6r1/2K5/P5PP/8 w - - 2 32,g7d7 d6b5 c3b3 b5a7,1553,107,100,63,endgame equality fork short,https://lichess.org/uNX47G5h#63,
WBrnV,8/K7/RPk5/8/8/8/8/1r6 w - - 1 61,b6b7 c6c7 a7a8 b1b7 a6a7 b7a7,1499,102,100,87,defensiveMove endgame equality long rookEndgame,https://lichess.org/tauulGNg#121,
WDtZG,r1b2k2/1p2q3/p6p/3Qbpp1/8/P2P4/1P2NPP1/2R2K2 b - - 10 41,e5b2 c1c8 a8c8 d5f5 e7f7 f5c8,1546,173,100,33,attraction equality exposedKing fork long middlegame,https://lichess.org/NzoAmaKM/black#82,
WEy7t,8/8/2p4p/1p1kP2P/1pp2P2/8/P2K4/8 b - - 3 43,b4b3 a2b3 c4b3 d2c3,1480,118,100,58,endgame equality pawnEndgame short,https://lichess.org/5xH6XbOp/black#86,
WGo6u,4r1k1/2p2pp1/p1B4p/1p2bP2/5p1q/2P4P/PP2QP2/3RR2K w - - 2 27,c6e8 h4h3 h1g1 f4f3,1552,125,100,45,endgame equality kingsideAttack short,https://lichess.org/vFcTCMiK#53,
WHd6q,r1bqk2r/1p3ppp/p2bp3/3pN3/P2P1P2/1P2P3/4Q1PP/R4RK1 b kq - 0 18,f7f6 e2h5 g7g6 e5g6 h7g6 h5h8,1471,130,100,56,equality long middlegame,https://lichess.org/3jxZcljb/black#36,
WJdkZ,6k1/6r1/PR2K3/8/6P1/8/8/8 w - - 7 68,b6b7 g7g6 e6f5 g6a6,1575,113,100,64,endgame equality rookEndgame short skewer,https://lichess.org/XuUiDoUY#135,
WKQ86,b4r2/P7/4k1R1/1P6/4P3/3PKn1p/8/8 b - - 2 41,f8f6 g6f6 e6f6 e3f3,1556,129,100,44,endgame equality short,https://lichess.org/WhkBHXuW/black#82,
WOQk8,r1b5/4ppkp/2p3pq/2N5/3PP3/1pP2PP1/rP1RQ2P/5RK1 w - - 1 27,g1g2 c8h3 g2g1 h3f1,1375,400,14,3,equality middlegame short skewer,https://lichess.org/FtCQUU9s#53,
WOwfd,2kn4/p7/1p6/3p3q/2pPp1b1/2P3Q1/PPB2PK1/R3R3 w - - 4 29,e1h1 g4f3 g2f1 h5h1,1518,106,100,72,deflection equality middlegame short,https://lichess.org/TK4JOWru#57,
WPVci,5bk1/4q1p1/3p3r/5Q1p/5P1P/P1B5/1PP5/2K3R1 w - - 3 39,b2b4 e7e3 c1b2 e3g1,1326,83,100,145,endgame equality fork short,https://lichess.org/DgUr55eL#77,
WQKxq,2kr3r/pp3pp1/4p1p1/3n2B1/1b6/3P1Q2/P1q2PPP/3R1K1R b - - 3 19,f7f6 d1c1 c2c1 g5c1,1545,163,100,44,equality middlegame pin short,https://lichess.org/lTXF9dSH/black#38,
WQVAF,4r1k1/1pp4p/n2p3q/p1nP4/2PQprbP/P1N2pR1/1PB2P2/1K1R4 b - - 7 27,e4e3 g3g4 f4g4 d4g4,1392,425,0,5,equality kingsideAttack middlegame short xRayAttack,https://lichess.org/Rs2GwbcE/black#54,
WS0oJ,2r5/3r1k1p/4pbp1/p1n5/2QNnB2/4P3/P1P2PPP/5RK1 w - - 4 26,f1b1 e4d2 c4b5 d2b1,1575,134,100,49,equality fork middlegame short,https://lichess.org/eDy4k2Qt#51,
WUTdt,8/1pp5/1p2k1bR/4r1P1/2P2K2/1P6/P7/8 b - - 5 35,e5e4 f4f3 e6f5 h6g6,1466,98,100,90,endgame equality pin short,https://lichess.org/49X38wzO/black#70,
WVNGK,8/8/1R6/K7/8/3qk3/8/8 b - - 7 59,e3d4 b6d6 d4c3 d6d3,1382,187,0,39,endgame equality queenRookEndgame short skewer,https://lichess.org/rbz68wrI/black#118,
WVen9,8/8/2kB2p1/P4b2/1P3P1P/2Kp4/8/8 w - - 9 73,a5a6 c6d6 a6a7 f5e4,1579,119,100,60,bishopEndgame defensiveMove endgame equality hangingPiece short,https://lichess.org/O2fghEOC#145,
WWR6p,3r2k1/1p5p/1r4pP/1b1P1pN1/3NpP2/1P2P3/P2P4/1K1R4 w - - 5 32,d4b5 b6b5 d1c1 b5d5,1532,126,100,39,endgame equality short,https://lichess.org/wXWWy8lv#63,
WZdiR,4r1k1/2p2ppp/N1p2b2/4rb2/8/3P3P/PPPQ1PP1/R1B3K1 w - - 1 18,d2f4 e5e1 g1h2 f6e5,1302,93,100,103,clearance equality middlegame pin short,https://lichess.org/X6woWsoz#35,
WbZWj,8/R7/4p3/4P1Bp/2Np2kP/2nK4/5r2/8 w - - 11 54,d3d4 c3b5 d4c5 b5a7,1507,132,100,45,endgame equality fork short,https://lichess.org/DvkBFIOP#107,
WbZZJ,8/4pkb1/3p2p1/8/7Q/1r3q2/5P1P/5RK1 b - - 2 33,f3h5 h4c4 e7e6 c4b3,1449,117,100,78,endgame equality fork short,https://lichess.org/1DqNV5xC/black#66,
Wew1d,8/8/8/2N5/2K5/4k3/1q6/8 b - - 18 65,e3f4 c5d3 f4f5 d3b2,1491,389,0,5,endgame equality fork short,https://lichess.org/7SzU0bFG/black#130,
WiO1p,3qr3/1k3p2/1p1p4/4nP2/QP6/B1P5/2P3PP/4R1K1 w - - 1 32,b4b5 e5f3 g2f3 e8e1,1565,98,100,76,discoveredAttack endgame equality short,https://lichess.org/iwsxq9bu#63,
WjQgZ,k4r2/p2B2pp/1p4b1/8/3Pp3/1RP2r2/2P4P/1R4K1 b - - 0 32,e4e3 d7c6 a8b8 c6f3,1378,119,100,58,endgame equality fork short,https://lichess.org/T5g0eYwg/black#64,
WqSfC,8/5R2/8/8/1kp5/p7/4K3/8 w - - 0 62,f7b7 b4c3 b7a7 c3b2,1587,116,100,57,defensiveMove endgame equality rookEndgame short,https://lichess.org/5rv8Djdu#123,
WsoZX,3r2k1/p3q1bp/Bp2p1p1/r2np3/3N4/2P5/PPQ3PP/2BRR1K1 w - - 0 25,d4c6 e7c5 g1h1 c5c6,1548,113,100,82,equality fork middlegame short,https://lichess.org/IqFNZyPQ#49,
WxTum,3K4/pkn2P2/8/8/1P1p4/8/8/8 b - - 0 57,c7e6 d8e7 d4d3 e7e6,1537,119,100,68,defensiveMove endgame equality knightEndgame short,https://lichess.org/N7k64xMc/black#114,
X1jO9,8/8/R4K2/2k2P2/P7/8/7r/8 w - - 11 71,a4a5 h2h6 f6g7 h6a6,1543,118,100,57,endgame equality rookEndgame short skewer,https://lichess.org/UaQn8GD0#141,
X3Em8,8/1q4PK/6PP/5k2/8/8/8/8 b - - 0 68,f5f6 h7h8 f6g6 g7g8q,1417,78,100,169,advancedPawn endgame equality promotion queenEndgame short,https://lichess.org/sbNXediq/black#136,
X3ara,8/8/4Q3/3K2p1/7k/6np/8/8 w - - 4 68,d5e5 h3h2 e6h6 g3h5,1585,116,100,51,advancedPawn endgame equality short,https://lichess.org/mWfdTEzw#135,
X5J0D,r1q2b1r/1p2nRpb/p1k1p1Bp/2ppP3/3n3N/2NQ4/PPP3PP/R1B3K1 b - - 7 16,h7g6 h4g6 e7g6 d3g6,1576,150,100,42,equality middlegame short,https://lichess.org/vMtFPEuA/black#32,
X6ZKD,r2q1rk1/1b1nb1pp/5p2/p3p2Q/1p6/P1B5/1PBN1PPP/R4RK1 b - - 1 19,g7g6 c2g6 h7g6 h5g6,1597,117,100,62,equality kingsideAttack middlegame short,https://lichess.org/Ld7RXzfV/black#38,
X73S2,2rqr1k1/p4ppp/2p5/1p1bN3/3Pn3/P2QP1P1/1P2KPP1/2R2B1R b - - 1 22,e8e5 d4e5 d5c4 c1c4 d8d3 e2d3,1535,93,100,103,equality hangingPiece long middlegame,https://lichess.org/vPJAvQlI/black#44,
X8I5H,r3r2k/1p3pbp/pPp1bqp1/2Pp4/1P1P4/3B1PN1/1BQ3Pn/R3R1K1 w - - 0 25,g1h2 f6h4 h2g1 h4g3,1586,166,100,43,deflection equality middlegame short,https://lichess.org/cYYGOW3M#49,
X8xik,r1b2rk1/ppp2pp1/7p/3N4/8/3BP2P/q4PP1/1R1QK2R w K - 0 16,d5c7 a2a5 e1e2 a5c7,1395,116,100,67,equality fork middlegame short,https://lichess.org/VvMCScmZ#31,
X9NOS,r4rk1/1pp3b1/p2p1nb1/3q2B1/8/1N1B4/PPP4Q/2KR3R w - - 0 24,d3g6 d5g5 b3d2 g5g6,1404,149,100,43,equality fork hangingPiece middlegame short,https://lichess.org/Rg6vafDv#47,
XCnsE,r4r2/pppk2pp/6b1/3PR3/1BP5/N7/P5PP/6K1 b - - 2 27,f8f6 e5e7 d7d8 e7g7,1484,126,100,62,endgame equality short,https://lichess.org/KqTp4ye8/black#54,
XCqgD,7r/p1p5/1p6/3p2k1/3P1Rb1/2P5/PP5K/5R2 w - - 5 37,h2g2 g4h3 g2g3 h3f1,1329,78,100,164,endgame equality short skewer,https://lichess.org/j5gnlTbn#73,
XCrg9,r5k1/pp1bq1B1/2n1p1Q1/8/8/4P3/P3KPPP/3R4 b - - 0 22,e7g7 g6g7 g8g7 d1d7,1440,109,100,74,attraction endgame equality short,https://lichess.org/gvXkxoxu/black#44,
XDi2m,1r3rk1/pp2Qp1p/2p3p1/8/4N3/1B6/Pq3PPK/8 b - - 1 27,b8e8 e4f6 g8g7 f6e8,1562,149,100,33,endgame equality fork short,https://lichess.org/wVCtKjoX/black#54,
XFwwv,1r2n1k1/pp1b4/3p4/3Pp3/2PpP2p/3B1p2/PP1K1Qq1/6R1 b - - 1 34,e8g7 g1g2 f3g2 f2g2,1570,136,100,45,equality middlegame short,https://lichess.org/SLNKjvZC/black#68,
XHnXp,3r3r/p1pkq1pp/Q1pb1p1n/3b4/4Np2/1P3N2/PBPP2PP/R3R1K1 w - - 6 15,e4d6 e7d6 b2a3 c6c5,1565,136,100,51,defensiveMove equality middlegame short,https://lichess.org/aLRcL2n0#29,
XIoiK,6k1/2p1q2p/4p1pQ/4P3/1n1P4/1r6/pr1N1PPK/R1R5 b - - 1 31,b3a3 d2c4 a3b3 c4b2,1357,188,0,33,equality fork middlegame short,https://lichess.org/28xTZyzC/black#62,
XK7fX,R1br1k2/5pp1/p2p3p/1p2P3/1P3pP1/P2B1P1P/7K/8 b - - 0 37,d6e5 d3f5 c8f5 a8d8,1464,123,100,63,endgame equality short,https://lichess.org/cA91pdFD/black#74,
XNnI1,2kr3r/ppp2ppp/2p5/8/4P3/2NP1bP1/PPQKB2P/R5q1 b - - 1 15,g1f2 a1f1 f2h2 f1f3,1572,124,100,61,equality middlegame short skewer,https://lichess.org/pA2AG6rM/black#30,
XQsAv,8/6P1/1K6/p5r1/r7/2P3k1/8/5R2 b - - 1 49,g5g7 f1g1 g3f4 g1g7,1304,80,100,162,endgame equality rookEndgame short skewer,https://lichess.org/lHQsXq2c/black#98,
XQtkC,r1bq1rk1/3pbppp/p1p2n2/8/2Q1P3/1B3N2/PP3PPP/RNB1K2R w KQ - 1 11,f3e5 d8a5 b1c3 a5e5,1502,103,100,75,equality fork opening short,https://lichess.org/3fHDsukU#21,
XVCqd,r2q1rk1/4bppp/5n2/p2B2B1/1p6/3P3P/1PP1QPP1/2R1R1K1 b - - 0 21,f6d5 g5e7 d5e7 e2e7,1491,115,100,56,equality fork middlegame short,https://lichess.org/Fd520IiR/black#42,
XVNf3,r2qk2r/pp1n1ppp/4p1n1/2bpP3/1P6/P1NQ1N1P/2P2PP1/R1B1K2R b KQkq - 0 12,g6e5 f3e5 c5f2 e1f2,1493,102,100,91,equality opening short,https://lichess.org/8n35G4ey/black#24,
XVQrE,r6k/1p1n1ppB/pq2p3/3pP3/3P4/P6P/1PQ2PP1/2B3K1 b - - 0 22,g7g6 h7g6 f7g6 c2g6,1547,147,100,40,endgame equality short,https://lichess.org/8pCEIEa2/black#44,
XVovt,8/1Q4p1/p3bpk1/3p4/3P4/2P3q1/PP4P1/5RK1 w - - 1 29,f1f3 g3e1 f3f1 e1e3,1558,130,100,53,endgame equality short,https://lichess.org/UzVP8Uzm#57,
XWO5M,2kr4/2p1R3/1p4p1/1P5p/2rn1B2/6N1/6PP/3R1K2 w - - 4 33,g3e2 d4e2 d1d8 c8d8,1445,133,100,46,equality middlegame short,https://lichess.org/vbxRXUoE#65,
XZRaK,8/8/7p/4pk2/4N3/1r2p1KP/6P1/4R3 w - - 4 46,g3f3 e3e2 f3e2 f5e4,1423,107,100,74,advancedPawn deflection discoveredAttack discoveredCheck endgame equality short,https://lichess.org/n98TX29K#91,
Xb5JD,8/2R5/p3pkp1/1pNr1p1p/3n4/6P1/PP3K1P/8 b - - 1 43,a6a5 c5d7 d5d7 c7d7,1594,141,100,43,endgame equality short,https://lichess.org/InFyItzT/black#86,
XbX4F,8/8/p1p5/1p1p1k2/1P1P3p/P1P5/5K1n/6N1 b - - 9 51,f5g4 f2g2 h2f1 g2f1,1416,121,100,63,endgame equality knightEndgame short,https://lichess.org/ehfpM7YR/black#102,
XcxAc,8/8/4k1p1/7p/5P1P/5P2/5K2/8 w - - 0 68,f2e3 e6f5 e3e2 f5f4,1307,98,100,88,endgame equality pawnEndgame short zugzwang,https://lichess.org/8mBmB9q9#135,
XdLs7,8/p7/7k/1R4nB/2P2BP1/P4n1r/1P2K3/8 w - - 4 36,c4c5 f3d4 e2d2 d4b5,1416,111,100,77,endgame equality fork short,https://lichess.org/Shhw7kUk#71,
XjB90,5r1k/1Q4bp/4q1p1/1p2p3/4P3/1P1R1pP1/5P1P/5RK1 w - - 5 38,f1d1 e6h3 d3f3 f8f3,1566,134,100,47,endgame equality short,https://lichess.org/dtRz7bCT#75,
XjrXA,7k/p4pp1/1pp4p/5b2/2PrN3/1P1B3P/P1K3P1/3R4 w - - 3 25,g2g4 f5e4 d3e4 d4e4,1405,106,100,72,endgame equality short,https://lichess.org/7d65fr3b#49,
Xk1fH,rn1qk2r/ppp1bNpp/3p1n2/4p3/6b1/4P3/PPPPBPPP/RNBQK2R b KQkq - 0 6,e8f7 e2g4 f6g4 d1g4,1514,127,100,60,equality opening short,https://lichess.org/70pptUiA/black#12,
Xlxtb,r4rk1/p2RQpbp/6p1/6N1/2p1R3/8/P1q2PPP/6K1 b - - 1 22,a8e8 e7e8 f8e8 e4e8,1557,131,100,39,equality middlegame short,https://lichess.org/X2Xqmm3Z/black#44,
XnmOu,1n3rk1/6p1/1RB2b1p/1P1P4/2p2P2/6P1/4R2P/6K1 w - - 0 34,e2c2 f6d4 g1g2 d4b6,1351,121,100,56,endgame equality fork short,https://lichess.org/g5PUzJDj#67,
XtXMk,6N1/7p/8/8/PP4k1/1K6/4r3/8 b - - 2 49,h7h5 g8f6 g4f5 f6h5,1380,118,100,74,deflection endgame equality short,https://lichess.org/ZzBwlTZc/black#98,
XzMJS,r4bnr/pp1k1ppp/3pp3/1Qp5/4P3/2N5/PPPP1Pqn/R1BK1R2 b - - 1 12,d7e7 b5b7 e7d8 b7a8,1478,119,100,53,equality fork middlegame short,https://lichess.org/PK0bMlZt/black#24,
XzccP,r2q1rk1/ppp2ppp/6b1/4N3/4P1P1/2NP3P/PPn5/R2Q1RK1 w - - 0 16,d1c2 d8d4 f1f2 d4e5,1302,90,100,96,equality fork middlegame short,https://lichess.org/wkBtT7dD#31,
Y0wmB,4r2r/pp4kp/2p3p1/8/PP2n3/2P1R2P/4R1P1/6K1 b - - 2 27,g7f7 e3e4 e8e4 e2e4,1404,84,100,131,endgame equality short,https://lichess.org/cCM1WE22/black#54,
Y4CrN,6k1/5p1p/2B5/4p1p1/1P2P3/B4RP1/r2r1PKP/8 w - - 0 38,b4b5 g5g4 f3f5 a2a3,1584,182,50,37,endgame equality short,https://lichess.org/V7Cd2NQo#75,
Y4Wl8,8/1N5p/1b2kpp1/8/1B6/P2R3P/2r3PK/8 w - - 1 42,b7c5 b6c5 b4c5 c2c5,1496,119,100,52,endgame equality short,https://lichess.org/DLE0GjFM#83,
Y4fjr,8/4p3/3p2k1/3PP2p/5P2/5K2/8/8 b - - 0 48,d6e5 f4e5 g6f5 d5d6 e7d6 e5d6,1574,122,100,54,endgame equality long pawnEndgame,https://lichess.org/gxpl4r1r/black#96,
Y7rbP,3rrnk1/ppB2ppp/2p2p2/8/2b1B3/7P/PP3PP1/R3R1K1 b - - 1 19,d8d7 e4h7 g8h7 e1e8,1503,157,100,31,discoveredAttack equality kingsideAttack middlegame short,https://lichess.org/ZBfUu0BB/black#38,
Y8gDw,5rk1/5ppp/4p3/p2pP3/2n5/3r2P1/R6P/1R3BK1 b - - 3 30,d3d2 f1c4 d2a2 c4a2,1487,106,100,69,endgame equality short,https://lichess.org/DC1n0EJ8/black#60,
YAUEe,rnbq1bnk/ppp1p2r/3p4/6Q1/8/5N2/PPPP1PPP/RNB1KB1R w KQ - 0 8,d2d4 f8h6 g5g3 h6c1,1448,107,100,67,equality opening short skewer,https://lichess.org/i7oOa9Qu#15,
YB5sU,4n1rr/pk1p1Q2/1pbBp3/2p4P/2P3P1/1P3P2/P4K2/5R2 w - - 3 40,d6e7 g8g7 f7g7 e8g7,1417,378,0,6,equality middlegame short,https://lichess.org/f7iKmYdC#79,
YEWeq,2r3k1/4ppbp/p2p2p1/3P4/4nP2/4NN2/PP4PP/1R5K b - - 1 23,g7b2 b1b2 c8c1 f3g1,1474,185,43,30,defensiveMove endgame equality hangingPiece short,https://lichess.org/mLVgLJ9a/black#46,
YF4qS,r2q1rk1/pbp1bpp1/1p3n1p/3P4/2P5/1Q1BB3/PP3PPP/R4RK1 b - - 3 16,e7c5 e3c5 b6c5 b3b7,1353,114,100,59,equality middlegame short,https://lichess.org/p7oEOGFd/black#32,
YFOL8,2kr2nr/p1p3pp/2p5/3N4/3Q4/1K3P2/PP4qP/R5NR w - - 0 14,d5e7 g8e7 d4g4 g2g4,1521,100,100,81,equality hangingPiece middlegame short,https://lichess.org/6dWTJfRr#27,
YIzgo,r4rk1/p1p1qpp1/2p4p/4p2n/5PQ1/PPN5/2P3PP/3RR1K1 w - - 0 23,g4h5 e7c5 g1h1 c5c3,1550,120,100,70,equality fork middlegame short,https://lichess.org/tFKyhl3d#45,
YMmPZ,6k1/6p1/p4p1p/1p2r3/2n5/q2QP3/2R2PPP/3R1K2 w - - 0 41,c2c4 a3d3 d1d3 b5c4,1485,90,100,103,endgame equality intermezzo short,https://lichess.org/immjV3jC#81,
YSjmR,8/8/8/6K1/2p5/P1Nk4/8/8 w - - 2 84,c3b5 c4c3 b5c3 d3c3,1458,119,100,64,endgame equality knightEndgame short,https://lichess.org/DokTtxfJ#167,
YTJfV,8/5R2/8/1P4kP/6P1/6K1/8/6r1 w - - 1 47,g3f3 g1f1 f3e4 f1f7,1379,82,100,121,endgame equality rookEndgame short skewer,https://lichess.org/QAbVBeOZ#93,
YUM4j,4r1k1/p2p1p1p/1p6/6p1/8/P3b2P/1PP3PK/4RR2 w - - 2 26,f1f3 e3f4 f3f4 e8e1,1550,105,100,71,discoveredAttack endgame equality short,https://lichess.org/09CpbHVM#51,
YUpOK,3r1rk1/1p3ppp/p2qn3/3N4/8/P7/1P2NPPP/2RQ1RK1 w - - 1 21,e2f4 e6f4 d5f4 d6f4,1567,134,100,42,equality middlegame short,https://lichess.org/2W6Z7u57#41,
YXoCU,r4rkb/1b1qnp1p/p4BpP/1pp1Q3/3nP3/1BNP4/PPP2PP1/R4RK1 b - - 0 17,h8f6 e5f6 e7f5 e4f5,1429,132,100,51,equality middlegame short,https://lichess.org/INqfjRoF/black#34,
YZ3fp,3rQ1k1/1B1P1pp1/7p/8/rp6/3q4/7P/7K b - - 1 32,d8e8 d7e8q g8h7 b7e4,1572,145,100,39,advancedPawn endgame equality fork promotion short,https://lichess.org/recTvQrs/black#64,
Ya8u8,8/6p1/7p/8/2k5/1r2N3/5K1P/8 b - - 1 45,b3e3 f2e3 c4d5 e3f4,1398,84,100,115,defensiveMove endgame equality hangingPiece short,https://lichess.org/utTtbM4W/black#90,
Yc5Cu,3r1b1r/pppk1p1p/5Q2/4p3/8/2N5/PPP2PPP/2K4R w - - 1 15,f6h8 f8h6 c1d1 d8h8,1334,118,100,68,discoveredAttack endgame equality short,https://lichess.org/hwgLyIu8#29,
YcaAI,5rk1/2p2ppp/r3q3/1p2Pn2/p7/4BB2/PPQ2PPP/R2R2K1 w - - 0 21,f3g4 f5e3 f2e3 e6g4,1486,437,0,5,discoveredAttack equality middlegame short,https://lichess.org/wiHxs46x#41,
Ychbg,r4rk1/pp6/2p4p/2b3p1/2P5/4NnP1/PP3PKP/3R1R2 b - - 0 20,a8d8 d1d8 f8d8 g2f3,1370,77,100,173,equality middlegame short,https://lichess.org/ml7NXT0F/black#40,
YdMkw,5rk1/2R3p1/8/p1Bp2q1/1p6/8/PP2RP1P/5K2 b - - 2 33,f8f7 e2e8 g8h7 c7f7,1532,118,100,43,deflection endgame equality short,https://lichess.org/cszWIZiC/black#66,
YgN18,8/2p4r/pp1k4/3p3N/3Pr3/2P3P1/PPK5/7R b - - 2 32,d6e6 h5f4 e4f4 h1h7,1569,152,100,30,discoveredAttack endgame equality short,https://lichess.org/CrvLXcaC/black#64,
YhpAZ,r1bq1rk1/pp2bpp1/3p3p/2pn4/4P2B/2N1Q3/PPP2PPP/2KR1B1R w - - 0 12,h4e7 d5e3 e7d8 e3d1,1589,148,100,30,equality opening short,https://lichess.org/RAUOp7uj#23,
YjrQ5,4rr1k/5p1p/2p5/p1b2p1b/7P/2NP1P2/PPP1N1P1/4RR1K w - - 1 21,e2g3 e8e1 f1e1 c5f2 e1e5 f2g3,1545,118,100,54,equality fork long middlegame,https://lichess.org/qHtQYD1K#41,
Ym96W,7r/3rk2p/QB1p2p1/1N6/4P3/2P3bP/PP2q3/3R1RK1 w - - 5 31,b6f2 g3f2 f1f2 e2d1,1361,131,100,52,equality middlegame short,https://lichess.org/0LEmDRFG#61,
Yq1Tk,3r4/pp3ppp/1kb2n2/8/8/2N1N2P/PPP2PP1/6K1 b - - 0 24,d8d2 e3c4 b6c5 c4d2,1337,98,33,73,endgame equality fork short,https://lichess.org/UISuqC3g/black#48,
YrRar,2r1r1k1/p2Q1p1p/1p1p1Bpq/3P4/8/3B4/PPP3PP/5RK1 w - - 3 23,c2c4 h6e3 f1f2 e3d3,1522,250,100,22,equality fork middlegame short,https://lichess.org/Fmz0LUN6#45,
YrgQE,5k2/3R4/2pN4/1b6/3P1KN1/1P3P2/4r1p1/2r5 b - - 1 44,e2e7 d7d8 f8g7 d6f5,1353,126,100,60,endgame equality short,https://lichess.org/OLr3qyZj/black#88,
YsVX9,8/5pkp/1p1Np1p1/pP1n4/P2q4/3n1P2/2R1Q1P1/4RK2 w - - 0 42,e1d1 d5e3 e2e3 d4e3,1537,179,0,46,equality fork middlegame short,https://lichess.org/5ICCtCLu#83,
YuAjR,6k1/2q2ppp/2P1p3/3pN2P/5PQ1/2r1P3/6P1/6K1 b - - 0 36,c3e3 h5h6,1407,100,100,77,endgame equality oneMove pin,https://lichess.org/Aqs63SLC/black#72,
Yvyev,1r1r2k1/p4p2/5p1Q/3pp3/2b5/qBP2P2/P1P3PP/1K1RR3 w - - 1 20,h6f6 c4b3 f6g5 g8f8,1585,111,100,61,defensiveMove equality middlegame short,https://lichess.org/nHsaYcnL#39,
Yzoqm,2r3k1/p6p/2P2pp1/3q4/8/P7/2R1QR2/6K1 w - - 8 41,f2f6 d5g5 e2g2 g5f6,1449,101,100,80,endgame equality fork short,https://lichess.org/wQDSTH6w#81,
Z13js,5rk1/p4p1p/1pb1p1p1/4p1q1/4Pn2/2P2P2/PPBR2PP/R4QK1 w - - 15 26,g2g3 f4h3 f1h3 g5d2,1309,349,0,5,discoveredAttack equality middlegame short,https://lichess.org/fVWaFOJa#51,
Z2pnG,r4rk1/1p3p2/p3p1np/2N1b3/1P1p2Pq/P3B2P/4B1K1/2R1QR2 w - - 0 27,e1h4 g6h4 g2f2 d4e3,1350,88,100,118,equality middlegame short,https://lichess.org/HzhkB8Cw#53,
Z3MNm,5rk1/4R3/p1rN1b2/1p2P2p/8/1P6/P6P/5RK1 w - - 0 34,f1f6 f8f6 e5f6 c6d6,1576,169,100,29,capturingDefender endgame equality short,https://lichess.org/YhEWt4ZP#67,
Z3cNu,6rk/R4Rp1/2P4B/7p/7P/4P1P1/2q2P1K/8 w - - 3 44,h6g7 g8g7 f7g7 c2f2,1431,118,100,61,deflection endgame equality short,https://lichess.org/JQP4YLx4#87,
Z40Qe,3r4/8/6p1/1Np1p3/2K1kp2/8/7R/8 b - - 3 52,d8d4 b5d4 c5d4 h2e2 e4f5 c4d5 f4f3 e2e5,1568,500,0,1,endgame equality veryLong,https://lichess.org/zpRG0RzY/black#104,
Z4uFC,1r1r2k1/pbB2ppp/2B5/2b5/8/8/PPP2PPP/R3K2R w KQ - 1 15,c6b7 d8e8 e1d2 b8b7,1564,125,100,62,equality intermezzo middlegame short,https://lichess.org/MsDyN37B#29,
Z5cSQ,4r3/pp2kp1Q/4p1p1/3p4/8/2rB2P1/3q1RKP/8 b - - 1 36,d2f2 g2f2 c3d3 h7h4,1355,84,100,118,endgame equality short,https://lichess.org/H2sY3JwQ/black#72,
Z78EW,r1bqr1k1/p3pp1p/2np2pB/1p1Q4/1PP1n3/P1b2N2/4BPPP/RN3RK1 w - - 0 14,b1c3 e4c3 d5d2 c3e2,1374,145,100,52,equality fork middlegame short,https://lichess.org/qr5RIEBh#27,
Z8PY4,8/p6R/3Npkp1/PP3pb1/2P5/7P/2b1nPP1/6K1 w - - 3 42,g1h2 g5f4 g2g3 f4d6,1378,123,100,52,endgame equality fork short,https://lichess.org/8VuoFS0f#83,
ZAJts,6R1/8/5k2/8/7p/5Kp1/7r/8 b - - 3 61,g3g2 g8g2 h2g2 f3g2,1476,98,100,86,endgame equality rookEndgame short,https://lichess.org/8AjSx6ev/black#122,
ZAdBA,5k2/2p4p/pp3q2/3P1p1b/1PP2p2/P2Q1NbP/4R1P1/7K w - - 9 33,d3d4 f6d4 f3d4 h5e2,1442,94,100,95,endgame equality short,https://lichess.org/nvWVUSWS#65,
ZCmJu,R7/5pkp/3nr1p1/2Bp4/1p1P4/1P3P2/P4KPP/8 w - - 3 28,a8a6 d6e4 f3e4 e6a6,1546,152,100,37,discoveredAttack endgame equality short,https://lichess.org/aMQ828ss#55,
ZCw7K,r4rk1/6q1/3Q4/2p1p3/p1P1P3/3P3P/6P1/R5K1 b - - 0 34,f8f6 d6d5 g8h7 d5a8,1377,85,100,118,endgame equality fork short,https://lichess.org/wzwHL457/black#68,
ZEX2d,1r4k1/p2Rbpp1/7p/4p3/KP2P2P/2r3P1/P4P2/1R6 b - - 4 29,b8b4 b1b4 e7b4 a4b4,1375,184,100,34,endgame equality short,https://lichess.org/AOJYvAAT/black#58,
ZEYNs,3r3k/ppp3p1/2n2r1p/2q2P1P/2BPQ3/1P2K3/P7/3R3R b - - 0 25,c6d4 d1d4 d8d4 e4d4,1583,116,100,42,equality middlegame short,https://lichess.org/DdttSp7z/black#50,
ZGhOG,8/pN6/1bp5/3pk3/P1n5/2K1p1N1/8/8 b - - 0 45,d5d4 c3c4 e5f4 g3e2,1558,209,100,27,endgame equality hangingPiece short,https://lichess.org/v8D8rjAY/black#90,
ZHgW2,r4rk1/p3Bppp/1p2p3/q2pP3/4n3/P1PQP3/5PPP/R4RK1 b - - 2 16,a5c3 d3c3 e4c3 e7f8,1443,99,100,91,equality middlegame short,https://lichess.org/FyeV0rvc/black#32,
ZK71B,2r2r2/5pkp/p2p1n2/1pq5/4pQ2/2P4P/PP3PP1/1K1R3R b - - 1 24,d6d5 f4g5 g7h8 g5f6,1380,80,100,164,equality middlegame short,https://lichess.org/oErw7Qkb/black#48,
ZKGXT,8/8/8/1pp2kPp/1P1b1P2/P5P1/4KN2/8 w - - 0 43,b4c5 d4c5 f2d1 c5a3,1452,159,100,39,endgame equality short,https://lichess.org/Iuh5P5Cv#85,
ZKsUS,5k2/5p2/P3p2p/2p1r1r1/2Q5/2R2B2/3q1PPP/2R3K1 w - - 3 39,c1d1 e5e1 d1e1 d2e1 c4f1 e1c3,1597,132,100,43,equality long middlegame,https://lichess.org/aad2VHWt#77,
ZMu7U,r2q1b1r/pp2pkpp/2npb3/2p5/4n3/2P2N2/PPQP1PPP/RNB2RK1 b - - 3 8,e4f6 f3g5 f7g8 g5e6,1365,125,100,54,deflection equality opening short,https://lichess.org/5ePNRdiQ/black#16,
ZMuQv,8/8/2K2p2/4k2p/7P/5PP1/8/8 w - - 1 58,c6c5 f6f5 f3f4 e5e4 c5d6 e4f3 d6e6 f3g3 e6f5 g3h4,1508,88,100,115,defensiveMove endgame equality pawnEndgame quietMove veryLong,https://lichess.org/kYpNBufQ#115,
ZNmkb,4k3/pbpp1p1p/2p5/4p3/r7/2P3P1/P4PBP/1R4K1 b - - 0 21,a4a2 b1b7 a2a1 g2f1,1357,235,60,23,endgame equality hangingPiece short,https://lichess.org/NatPz3G3/black#42,
ZNsSK,2r2r2/5ppk/p3q2p/2RpP3/1p6/1P5P/P2Q1PP1/2R3K1 w - - 0 25,c5c8 f8c8 c1c8 e6c8,1520,216,57,12,endgame equality short,https://lichess.org/d5E2EJzy#49,
ZSiHC,3r4/3nR2p/p2p1pk1/1p1P1bp1/2PB4/4N1P1/PP3P1K/8 w - - 2 33,e3f5 g6f5 c4b5 a6b5,1400,131,100,45,endgame equality short,https://lichess.org/n4kAj7tz#65,
ZTe5M,6k1/4r1p1/4p2r/3pR1N1/p2P4/2Pq4/P4R1P/4Q2K w - - 12 37,g5f7 e7f7 f2f7 g8f7,1565,181,100,27,equality middlegame short,https://lichess.org/CDwGJnZt#73,
ZVgtY,8/5pkp/6p1/5r2/P3Q3/1P6/2P2PPq/3BRK2 w - - 0 32,f1e2 f5e5 e4e5 h2e5,1587,136,100,43,endgame equality pin short,https://lichess.org/C6yNVcTF#63,
ZW7Zk,6k1/ppb2ppp/2p5/2P2Pqb/1P2P1P1/P4Q1P/2r1B3/5RK1 b - - 7 36,f7f6 f3b3 h5f7 b3c2,1583,142,100,59,equality fork middlegame short,https://lichess.org/BHn7gkEx/black#72,
ZXF9i,5rk1/2R2ppp/2n1p3/2NpP3/1b1P4/5N2/2r3PP/5RK1 b - - 13 27,b4c5 c7c6 c5d4 f3d4 c2c6 d4c6,1478,96,89,68,equality hangingPiece long middlegame,https://lichess.org/5YFvPFcK/black#54,
ZYU4g,r3r1k1/6bp/2pq2p1/p4b2/1PB1n3/4P3/P1Q2PPP/2KR3R b - - 1 19,d6e6 c4e6 f5e6 c2e4,1309,128,100,55,equality kingsideAttack middlegame short,https://lichess.org/g7pybIxb/black#38,
ZYcmX,8/1B4k1/8/8/5KR1/8/7p/6q1 b - - 1 55,g1g4 f4g4 h2h1q b7h1,1328,142,100,46,endgame equality hangingPiece short,https://lichess.org/G7pO5Q7p/black#110,
ZaGRF,4R3/p4kpp/1p6/1B1p1p2/3Pnr2/P5P1/1P6/6K1 b - - 0 35,f4f2 e8e4 f2b2 b5e8,1571,105,100,64,clearance endgame equality short,https://lichess.org/aDPLztOd/black#70,
ZaHN8,7r/4k2P/4p2R/5pP1/5P2/8/6K1/8 w - - 3 75,g5g6 e7f6,1412,145,100,48,endgame equality oneMove rookEndgame,https://lichess.org/GJ10kB5B#149,
ZauG6,3k2r1/pb2p2p/1p6/3p2n1/Q2N1q2/5P2/PP4PP/2R1R1K1 w - - 2 26,d4c6 b7c6 a4f4 g5h3,1463,139,100,45,equality master masterVsMaster middlegame pin sacrifice short,https://lichess.org/J8MnZEOr#51,
Zb1yo,2r5/3Rrk1p/6p1/p1p1PP2/4nP2/PP3K2/7P/6R1 b - - 0 32,e7d7 e5e6 f7e7 e6d7,1472,80,100,135,advancedPawn endgame equality fork short,https://lichess.org/08y3C8cL/black#64,
Zdv0o,1r5r/1b1R1ppp/3bpk2/p7/P2P4/4PN2/N4PPP/1R4K1 b - - 4 23,b7f3 b1b8 d6b8 g2f3,1583,161,100,30,equality intermezzo middlegame short,https://lichess.org/xclZw1aF/black#46,
ZgaJB,7k/4b1p1/1N1p3p/1Pp1p2q/2PpPr2/1P1P2QP/5PP1/5RK1 w - - 2 39,f1a1 e7h4 g3f4 e5f4,1496,144,100,46,endgame equality short,https://lichess.org/aQkOdyKz#77,
ZhfK7,r2q1rk1/pb1pnpp1/3B3p/1p2N3/4n3/1BP5/P3QPPP/R2R2K1 w - - 0 17,d6e7 d8e7 d1d7 e7e5,1523,140,100,45,equality middlegame short,https://lichess.org/6C2Uytxg#33,
ZjNAB,2kr1b1r/2p2Rp1/p2p3p/2q5/2PpnPP1/1P3Q1P/P1P5/R1B3K1 b - - 1 18,d4d3 c1e3 c5c6 c2d3,1562,203,100,40,defensiveMove equality middlegame short,https://lichess.org/STNsxVYu/black#36,
Zknox,8/pp5n/1kbBP3/3p1p2/8/2N2K2/PPPr3P/4R3 w - - 2 29,e6e7 d5d4 c3d5 c6d5,1473,108,87,61,discoveredAttack discoveredCheck endgame equality short,https://lichess.org/L4pKZDnz#57,
ZnQal,5rk1/5ppp/2b1pn2/2Np4/B1pP4/2q1P2P/1r3PP1/R2Q1RK1 b - - 5 22,c6a4 c5a4 c3b4 a4b2,1395,453,0,6,equality fork middlegame short,https://lichess.org/MEAIV3NI/black#44,
Zo9Fh,5b2/p4P2/6kP/8/2p3P1/P2r4/1P6/3R1R1K w - - 3 40,d1d2 d3d2,1369,78,100,176,endgame equality hangingPiece oneMove,https://lichess.org/2h5joLr3#79,
ZoEu7,5rk1/pqN2ppp/3P4/6P1/3p4/Q2B3P/brPK4/3R3R w - - 0 25,a3c5 b7g2,1537,94,100,85,equality middlegame oneMove,https://lichess.org/YDMlAe6h#49,
ZpZfL,r2q1r2/1b2ppkp/1p4p1/p1n1N3/7P/2Q5/PP2BPP1/2KR3R b - - 0 17,d8c7 e5d7 g7g8 d7f8,1496,105,100,73,discoveredAttack discoveredCheck equality middlegame short,https://lichess.org/slnyANij/black#34,
ZqYpI,6QK/8/8/pp2P2r/7k/1P6/P7/8 w - - 1 64,g8h7 h5h7 h8h7 h4g5 h7g7 g5f5,1590,107,100,71,endgame equality long,https://lichess.org/XZ9cgZVF#127,
Zrf6Y,8/3b1k2/p4p2/1p1pR2p/3P4/2P3PP/PP3PK1/8 w - - 0 36,e5d5 d7c6 b2b3 c6d5,1552,150,100,38,endgame equality pin short,https://lichess.org/AaNjkTRa#71,
Zu6c3,4r1k1/pp5p/1bn3p1/3q4/3Pp1P1/P3B3/1P3Q1P/3R1R1K w - - 1 28,e3h6 e4e3 f2f3 d5f3,1358,124,100,60,discoveredAttack discoveredCheck equality kingsideAttack middlegame short,https://lichess.org/TMPNwBN2#55,
ZuDPk,r1b1k2r/pppp1ppp/8/1Bb1P3/3N4/2N1B3/Pq3KPP/R2Q3R w kq - 0 12,d1d2 b2d2 e3d2 c5d4,1356,96,100,86,equality middlegame short,https://lichess.org/CdCho2r3#23,
Zuhqo,r3k2r/p4ppp/b2qp3/Pp1pN3/1PpP4/4P3/4QPPP/R3K2R b KQkq - 0 18,f7f6 e2h5 g7g6 e5g6,1319,123,100,58,equality middlegame short,https://lichess.org/1frH5gGf/black#36,
ZuxTX,r2qk2r/ppp2ppp/2n2n2/3N2B1/4P3/1N6/PPP1KbPP/3R1B1R b kq - 2 12,d8d7 d5f6 g7f6 d1d7,1554,126,100,38,discoveredAttack equality middlegame short,https://lichess.org/kjMkwgOA/black#24,
ZwEsq,r2r1b2/1bq4k/p3Q1pP/3p1P2/1Pp5/P7/N4PBP/2R3K1 b - - 0 26,f8h6 e6g6 h7h8 g6h6,1495,437,0,5,deflection equality middlegame short,https://lichess.org/KAJ6nwPo/black#52,
ZwNan,r5k1/1p3ppp/1R2r3/p3B3/2qQ2n1/P1P5/2P3PP/3R2K1 b - - 2 27,c4d4 e5d4 e6b6 d4b6,1544,156,78,34,equality middlegame short,https://lichess.org/YAwUU7Yp/black#54,
ZxO2t,r5k1/2pbrppp/p1p5/3p1q2/1P3N2/PQ2B3/5PPP/R3R1K1 w - - 4 21,e3c5 e7e1 a1e1 f5f4,1469,108,100,74,equality kingsideAttack middlegame short,https://lichess.org/0AkLnkDr#41,
ZxdMI,5r2/1p1k2q1/2pp3p/1p2pNpR/1P2P3/rB1P1R2/2P1KP2/8 b - - 4 30,g7g6 h5h6 g6h6 f5h6 f8f3 e2f3,1500,136,100,46,equality long middlegame,https://lichess.org/PyuIMfPT/black#60,
Zynrt,5rk1/3n4/p3p1pp/1pb2p2/7q/5Q1N/PP2BPP1/2R1R1K1 w - - 2 26,h3f4 d7e5 c1c5 e5f3 e2f3 h4f4,1524,325,0,2,equality kingsideAttack long middlegame,https://lichess.org/544edV3O#51,
Zyo1y,rk5r/pppR3p/2n2pp1/8/bPP1PPB1/P7/6PP/R1B3K1 w - - 0 21,f4f5 c6e5 d7g7 e5g4,1591,167,100,35,equality fork middlegame short,https://lichess.org/MLTj1Sal#41,
Zzynx,6k1/8/2Rb2p1/7p/2P5/p5PP/P3r3/6K1 b - - 3 49,d6g3 c6g6 g8f7 g6g3,1352,92,100,82,endgame equality fork short,https://lichess.org/NQyaqLey/black#98,
ZzyqI,r2q1rk1/pp3ppp/4bn2/1Npp4/3n2P1/P2Q1P2/1PPR3P/2K2BNR b - - 0 13,a7a6 b5d4,1409,116,100,71,equality middlegame oneMove,https://lichess.org/CuUXXUgZ/black#26,
a0B63,5rk1/pp4p1/2pbPn1p/3p1P2/1P6/P7/6PP/3RR2K b - - 2 26,f6e4 e1e4 d5e4 d1d6,1564,141,100,41,capturingDefender endgame equality short,https://lichess.org/MQ1kCA6V/black#52,
a12n6,r3r1k1/1pq2ppp/p1n5/1bB5/NP3Pn1/P5P1/2Q3BP/2R1R1K1 b - - 2 20,e8e1 c1e1 b5a4 c2a4,1418,100,100,77,equality middlegame short,https://lichess.org/7oVNCepY/black#40,
a18ur,5r2/1q2bkp1/p1n5/1p3p1B/4p3/P6Q/1P3PPP/5RK1 b - - 5 27,g7g6 h3f5 f7g7 f5g6,1561,124,100,67,equality middlegame pin short,https://lichess.org/nomcbVUo/black#54,
a2pb3,r1b2rk1/pp4p1/2n1B2p/7q/5Pn1/1Q5P/PP4P1/R1B2R1K b - - 0 19,c8e6 b3e6 f8f7 e6g4 h5g4 h3g4,1362,77,100,232,equality kingsideAttack long middlegame,https://lichess.org/Wz2KFmoH/black#38,
a3zLR,3r4/5k2/pb2bp2/1p5p/1P2R3/P1P2P1P/2B3P1/2K5 b - - 2 30,d8g8 e4e6 f7e6 c2b3 e6d6 b3g8,1482,105,100,82,attraction endgame equality long sacrifice skewer,https://lichess.org/1iM6mFcF/black#60,
aAoD5,8/7p/p7/4k1P1/1P2BpP1/P2K1P2/b7/8 w - - 1 40,e4h7 a2b1 d3c3 b1h7,1590,163,100,30,bishopEndgame endgame equality short skewer,https://lichess.org/HZH6OLpp#79,
aDER5,3k1r2/1p2b2R/2b3R1/1p6/5B2/1P2KP2/P7/8 w - - 6 42,g6g7 e7c5 e3d3 f8f4,1492,272,9,22,deflection endgame equality short,https://lichess.org/EtdEoQ2M#83,
aDOLA,6k1/4q3/p3pp1p/1p4p1/1P5P/P1n1PPQ1/5BPK/4r3 b - - 1 33,c3e2 g3b8 e7f8 b8f8 g8f8 f2e1,1491,147,100,42,endgame equality exposedKing long,https://lichess.org/K7S7IKSl/black#66,
aDjOm,8/R4p1q/1p2pk2/1B4p1/3P4/P3P1P1/1P2NPPp/7K w - - 2 28,b5e8 h7b1 e2c1 b1c1,1302,128,100,49,endgame equality short,https://lichess.org/4mWkEvvI#55,
aFIFg,8/1K6/p2k4/P7/5N1p/8/8/5b2 b - - 11 55,d6e5 f4g6 e5d4 g6h4,1458,141,100,52,endgame equality short,https://lichess.org/r4pKavd8/black#110,
aGXTI,r4r2/pp1nb1pp/3p2k1/q5Nn/2p1P3/2N3Q1/PPPB1PPP/R3K2R w KQ - 4 15,g3h3 e7g5 d2g5 a5g5,1557,194,73,14,equality middlegame short,https://lichess.org/AexMs8OW#29,
aHHAr,8/8/3n1k2/1p5p/1P1KP3/8/6P1/8 b - - 0 59,h5h4 e4e5 f6e6 e5d6,1535,149,100,52,endgame equality fork knightEndgame short,https://lichess.org/j5QAmIUM/black#118,
aIctv,5r1k/1b4bp/2p1p1p1/ppP3P1/1q1PQ3/1N2P2B/PP5P/1K1R4 w - - 0 27,d1f1 f8f1 h3f1 b4e1 b1c2 e1f1,1515,191,71,26,equality fork long middlegame,https://lichess.org/lOcuNpXs#53,
aIrTz,r2q1rk1/4b1p1/1ppp3p/p2p4/1n1P4/5NBP/PP1Q1PP1/1KR4R b - - 5 20,e7g5 f3g5 d8g5 d2g5,1594,140,100,35,equality middlegame short,https://lichess.org/4K1HK2yn/black#40,
aKLGo,r4rk1/3b1pp1/1q1Pp2p/8/1R3Q2/1p5P/B5P1/5R1K b - - 1 29,b3a2 b4b6 a2a1q f1a1 a8a1 h1h2,1530,152,100,36,defensiveMove equality hangingPiece long middlegame,https://lichess.org/AlHcY24Q/black#58,
aPBpO,8/6pk/1p3r2/p1pR4/P1PpP3/1P1P1P1p/5K2/8 b - - 3 75,h3h2 d5h5 f6h6 h5h6 h7h6 f2g2 h2h1b g2h1,1490,137,41,44,endgame equality rookEndgame veryLong,https://lichess.org/1JOvQeID/black#150,
aRGnY,r4k2/2RR1p2/b5pp/p7/4n2P/3p2P1/6K1/8 b - - 2 47,d3d2 d7f7 f8g8 f7g7,1529,150,100,46,endgame equality short,https://lichess.org/l53NTllr/black#94,
aTkJv,r3k2r/1p3p1p/2p1p1pn/p1PpPb2/Q2P4/5B2/PPnKNq1P/2R3NR b kq - 3 19,c2d4 a4d4 f2d4 e2d4,1346,174,100,47,equality middlegame short,https://lichess.org/3jianpKl/black#38,
aXDDk,r2k1r2/p2nn2p/1qppBB2/1pb2Q2/4P1P1/2N4P/PPP2P2/R3K2R w KQ - 1 20,f6e7 d8e7 f5h7 e7e6,1403,92,100,92,equality middlegame short,https://lichess.org/mXRynDlm#39,
ab6vk,r5k1/B4pp1/2nN3p/8/2b1p3/7P/1P3PPK/R7 b - - 4 28,a8a7 a1a7 c6a7 d6c4,1562,458,0,1,endgame equality short,https://lichess.org/HGSOERwA/black#56,
acmbS,2R5/6pk/4Pn1p/8/5K2/5N1P/6P1/7r w - - 5 38,e6e7 f6d5 f4e4 d5e7,1562,158,100,34,endgame equality short,https://lichess.org/h9Hw9m4p#75,
ah3E8,r3k2r/2pq1ppp/ppb1pn2/3pN3/Q2P4/2P1P1P1/PP4PP/RN2K2R w KQkq - 0 12,e5c6 b6b5 a4c2 d7c6,1452,118,100,65,equality interference intermezzo middlegame short,https://lichess.org/HjiCEFGh#23,
ajIua,2b3k1/2n4p/5pp1/2pPp3/2R1P3/8/3RBPPP/r5K1 w - - 2 28,e2f1 c8a6 d2c2 a6c4,1383,120,100,74,endgame equality pin short,https://lichess.org/ZzeU7Wqu#55,
ajgkP,r4nk1/1b2r3/p1qp1Rp1/1p6/1PpP2Q1/P3P2P/1B4P1/5RK1 w - - 0 25,f6f8 a8f8 g4g6 e7g7,1504,136,100,38,equality middlegame short,https://lichess.org/10GTnrD1#49,
akIod,r1b1rb2/p1q2p1k/2pp1n2/5PB1/4P3/1BP3QP/P5P1/R6K b - - 4 21,f8g7 g3h4 h7g8 g5f6 g7f6 h4f6,1575,148,100,35,equality long middlegame,https://lichess.org/eod9IrmH/black#42,
aoQ6k,2rr2k1/5ppp/3q4/2p5/8/5N1P/2Q3P1/4R2K b - - 1 36,d6d3 e1e8 d8e8 c2d3,1434,149,100,49,deflection endgame equality short,https://lichess.org/oZGYdHER/black#72,
aqhPf,rnb1k2r/1ppp1ppp/4p1qn/P7/3PP2P/2N2P2/P5P1/R1BQKBNR w KQkq - 1 9,h1h2 g6g3 e1e2 g3h2,1425,95,100,96,equality fork opening short,https://lichess.org/2b0N6GuN#17,
at5iU,5rk1/p4ppp/5b2/8/2q5/2N5/P5Q1/2R2R1K w - - 0 25,f1f6 c4h4 h1g1 h4f6,1307,103,100,82,endgame equality fork short,https://lichess.org/ehne8Oaj#49,
auDVm,6Q1/4k1P1/p4qp1/1p6/3pbP2/P1P4P/5nPK/4R3 w - - 3 37,c3d4 f6f4 h2g1 f2h3,1568,124,100,55,deflection endgame equality short,https://lichess.org/wvMhOHPD#73,
auj3b,5rk1/pp2bppp/4q3/2prp1B1/8/8/PPP1QPPP/3RR1K1 w - - 0 17,g5e7 d5d1 e1d1 e6e7,1489,121,100,71,equality intermezzo middlegame short,https://lichess.org/epsq4pY0#33,
awP6P,r4rk1/pp1b2pp/7q/3pBp2/3N4/1PP5/P5PP/R2QR1K1 w - - 1 19,e1f1 h6e3 g1h1 e3e5,1560,376,0,4,equality fork middlegame short,https://lichess.org/9Sim7TW7#37,
axeZq,3R4/3P1pk1/7p/2p2p2/2Pn4/3r2PK/7P/8 b - - 0 39,f5f4 d8g8 g7g8 d7d8q,1319,83,100,138,advancedPawn attraction endgame equality promotion short,https://lichess.org/bmzCQK18/black#78,
ayK86,r5r1/p5bp/2pBk3/4P3/3R2b1/N7/PP4PP/2K1R3 w - - 0 25,d4g4 g7h6 c1c2 g8g4,1400,108,100,79,discoveredAttack equality middlegame short,https://lichess.org/mBRDzABI#49,
azckY,2b1N3/pr2R1pk/1p4qp/8/7P/P4Q2/2P3P1/7K w - - 7 30,e7b7 c8b7 f3b7 g6e8,1547,151,100,42,endgame equality short,https://lichess.org/WXPWGRxW#59,
b0TxZ,rn2r1k1/ppp2ppp/8/8/2BP4/P1P2q2/3Q2nP/R1K2R2 b - - 1 18,f3e4 c4f7 g8h8 f7e8,1367,149,100,33,equality fork middlegame short,https://lichess.org/EITIpMLZ/black#36,
b1DHh,r2q1rk1/1bpnbpp1/1pP1p2p/p2p4/1P1P1B2/2QBPN1P/P4PP1/R3K2R w KQ - 0 14,c6b7 e7b4 c3b4 a5b4 b7a8r d8a8,1497,90,100,95,equality long middlegame pin,https://lichess.org/JMhBMfG5#27,
b97w7,3q1rk1/5ppp/1p2b1n1/3pPp2/Q2P4/P4N2/1P2NPPP/2R3K1 w - - 1 23,c1c6 e6d7 a4c2 d7c6,1551,116,100,64,equality middlegame short,https://lichess.org/GPVPjkzE#45,
b9nrB,8/8/4k2N/4PPK1/8/3n4/5r2/8 b - - 0 47,e6e5 h6g4 e5d5 g4f2,1527,222,0,39,endgame equality fork short,https://lichess.org/WwTcBSiO/black#94,
bCZ2R,8/8/1p1k4/p1PP1p1p/1P3Pp1/6K1/8/8 b - - 0 52,d6d5 c5b6 d5c6 b4a5,1488,108,100,74,capturingDefender endgame equality pawnEndgame short,https://lichess.org/c5tREjXI/black#104,
bG89g,8/6pk/7p/3QPq2/3P1P2/6RP/3n2PK/8 w - - 1 43,d5b7 d2f1 h2g1 f1g3,1375,99,100,79,endgame equality fork short,https://lichess.org/COjZblo6#85,
bHhWZ,1B3rk1/Q4ppp/1p6/2b5/8/5qP1/PP3P1P/R4RK1 w - - 0 20,a1d1 c5f2 f1f2 f3d1 f2f1 d1d4,1500,119,100,65,deflection equality long middlegame,https://lichess.org/hR2rGZYO#39,
bIQUx,8/7P/2R5/8/1p1bpB2/1k5K/2p1r3/8 b - - 1 43,d4c3 c6c3 b4c3 h7h8q,1538,152,100,46,advancedPawn endgame equality promotion short,https://lichess.org/mTjFAnVO/black#86,
bJNIS,r7/6pk/7p/8/1P2P1P1/PQ3PKP/3q4/8 b - - 10 37,g7g5 b3f7 h7h8 f7f6,1579,141,71,41,endgame equality short,https://lichess.org/85SzrSDP/black#74,
bNOZv,r2r3k/pp4pp/3b4/2p2n2/3Pp3/1BP1P3/PP3P1P/R1B2RK1 w - - 2 20,b3d5 d6h2 g1h2 d8d5,1461,86,100,115,discoveredAttack equality kingsideAttack middlegame short,https://lichess.org/qDSjZsHs#39,
bNU0L,3r4/1R1p1kbp/r1pP2p1/4pP2/p4q2/2Q4P/2P2P2/1R4K1 b - - 1 31,f4f5 c3c4 f7f6 c4a6,1398,132,100,47,equality fork middlegame short,https://lichess.org/TbNk8Mc8/black#62,
bRZsT,3r1rk1/1pp3pp/p1p1bn2/8/6P1/2B5/PPP1NP2/2K3RR b - - 2 22,e6g4 c3f6 f8f6 g1g4,1566,136,100,44,capturingDefender equality intermezzo middlegame short,https://lichess.org/Ljy4cdj3/black#44,
bTc87,8/8/2PK2k1/R5pp/3p4/p5r1/8/8 b - - 0 43,h5h4 c6c7 g3c3 a5c5 c3c5 d6c5 a3a2 c7c8q,1558,131,100,57,advancedPawn endgame equality promotion rookEndgame veryLong,https://lichess.org/HeW8aSoF/black#86,
baNAa,8/pp6/5B2/P7/1P4P1/1kP2K1P/8/4r3 w - - 7 42,h3h4 e1f1 f3e4 f1f6,1432,138,100,57,endgame equality short skewer,https://lichess.org/eTZVUVp1#83,
bcW1I,7r/pp6/2bR4/5pPk/7P/1P6/P4K2/8 b - - 8 35,h5h4 d6h6 h4g5 h6h8,1545,120,100,56,endgame equality short,https://lichess.org/4Xwmvysf/black#70,
bdnYb,7r/5p2/1p1k1p2/1P6/R1prP2p/4NB1P/6P1/6K1 w - - 2 31,a4c4 d4c4 e3c4 d6c5,1512,151,25,35,endgame equality short,https://lichess.org/Sggzpxy8#61,
bfgz7,2R2bk1/3q1pp1/7p/4PP2/1r3B1K/7P/2Q3P1/8 w - - 23 38,c8f8 g8f8 c2c5 d7e7 c5e7 f8e7,1428,131,100,42,endgame equality hangingPiece long pin,https://lichess.org/tjrUXj0Q#75,
bhgsU,1k6/p1p1r3/Pp6/5p1N/1R2P2P/3PK3/4R3/5r2 w - - 0 40,h5g3 f5f4 e3d2 f4g3,1449,121,100,66,endgame equality fork short,https://lichess.org/f320N72r#79,
bmwCc,rnbqk2r/p4p1p/1ppb1p2/6B1/3P4/5N2/PP2PPPP/R2QKB1R w KQkq - 0 9,g5h4 d6b4 f3d2 d8d4,1373,136,100,49,deflection discoveredAttack equality interference opening short,https://lichess.org/oSTJwh7T#17,
bnTB1,6k1/1rb2R2/p3p3/3rP1Np/8/1P4P1/P4PP1/5RK1 w - - 1 27,f2f4 c7b6 g1h2 b7f7 g5f7 g8f7,1302,160,100,38,discoveredAttack endgame equality long,https://lichess.org/1bvXMx0l#53,
bncj0,r1q1r1k1/p2bBn1p/1p1p2pb/1PpP1pNn/2P5/P1NB3P/3Q1PP1/2R1R1K1 b - - 9 21,f7g5 e7g5 e8e1 c1e1 h6g5 d2g5,1417,118,100,59,equality long middlegame,https://lichess.org/2qZRQGXZ/black#42,
boQfR,4r1k1/pp1q1ppp/4b3/6Q1/3pN3/P2P4/BPr3PP/n4R1K b - - 1 22,e6a2 e4f6 g8h8 f6d7,1395,176,83,22,equality middlegame pin short,https://lichess.org/W9OJiOPU/black#44,
bsiXo,3k4/R3brpp/1p6/8/1P6/2P3B1/K4PPP/8 w - - 0 27,g3d6 f7f2 a2b3 e7d6,1396,120,100,48,endgame equality short,https://lichess.org/7HkehUpT#53,
bugBt,2r3k1/pp2b1Pb/5B1P/q2Np3/2n5/8/PP6/K2R3R b - - 0 32,e7f6 d5f6 g8f7 f6h7,1308,118,100,75,equality middlegame short,https://lichess.org/pRWymujI/black#64,
bwjBX,2b2r1k/p1Q3pp/1p1bpp2/8/8/2BqPN2/PP3PPP/R3K2R w KQ - 3 18,a1d1 d3d1 e1d1 d6c7,1513,119,100,60,equality middlegame short,https://lichess.org/HOWWKOW7#35,
bzONe,r1r3k1/p4ppp/8/2qpp3/P2Nn3/1P3P1P/2P3P1/R2QR1K1 b - - 0 20,c5d4 d1d4 e5d4 f3e4,1419,130,100,51,equality middlegame short,https://lichess.org/XGulAGNb/black#40,
bzWt8,2rq1rk1/p4p1p/1p4p1/4PP2/4B1P1/3p3Q/PP5P/3R1RK1 w - - 0 23,f5f6 d8d4 f1f2 d4e4,1540,138,100,45,equality fork middlegame short,https://lichess.org/DpsrEbcF#45,
c0L9P,2b5/7p/4kP1b/R1p1P1p1/3p4/1P6/6K1/8 b - - 0 39,e6e5 a5c5 e5f6 c5c8,1499,291,50,7,endgame equality fork short,https://lichess.org/Vtj0SdhH/black#78,
c0N5u,8/1p6/p1n5/4k2p/1P2B1p1/P1P1KpPP/8/8 w - - 1 34,e4c6 b7c6 h3g4 h5g4,1564,135,100,46,endgame equality short,https://lichess.org/4JnAnp7j#67,
c0nE9,5bk1/pp6/4p3/3pP1pb/8/2PBB3/Pq6/R3Q1K1 w - - 0 30,e3g5 f8c5 g5e3 c5e3 e1e3 b2a1,1598,147,100,41,equality exposedKing long middlegame,https://lichess.org/Mx5wwpjY#59,
c230C,2k5/ppp2p1p/5r2/7q/4P1nP/1P1P1NP1/P3QP2/4R1K1 w - - 1 23,f3g5 f6f2 e2g4 h5g4,1571,157,100,32,endgame equality short,https://lichess.org/52h7tPD2#45,
c5xou,8/R4Rpk/5p1p/8/8/6r1/7r/5K2 b - - 1 48,g3f3 f1g1 h2d2 f7g7,1557,133,100,43,endgame equality rookEndgame short,https://lichess.org/rDxQPhgm/black#96,
c7YhU,1R6/8/8/6k1/7p/2P1P1p1/PP2K2r/5B2 w - - 4 42,e2f3 h2f2 f3e4 f2f1,1557,139,100,42,endgame equality fork short,https://lichess.org/PBDFJRqq#83,
cA07a,1r5k/3P1Qp1/5b1p/4p3/8/p6P/5PK1/2r5 b - - 0 33,b8a8 f7e8 a8e8 d7e8q,1338,84,100,134,advancedPawn endgame equality promotion short,https://lichess.org/wUFzyhDX/black#66,
cFo9J,2r3k1/p1p3p1/2p1p2p/2R5/Pn1P4/4PPK1/1P4RP/8 w - - 7 31,g3f4 b4d3 f4g3 d3c5,1402,106,100,75,endgame equality fork short,https://lichess.org/9igiPfxt#61,
cIhqA,rnb2rk1/pppp3p/5Bp1/8/2P1PQ2/8/P1P4P/2KR2Nq b - - 0 14,f8f6 f4f6 h1e4 f6d8,1373,125,100,56,equality kingsideAttack middlegame short,https://lichess.org/LPv1rv8P/black#28,
cJK4H,5k2/ppp2ppp/4p1q1/5n2/3P4/2P5/PPQ2PPP/R4RK1 w - - 0 17,g1h1 f5g3 f2g3 g6c2,1457,106,100,85,discoveredAttack endgame equality short,https://lichess.org/MZSMqKPg#33,
cJfGy,2k4r/p7/1p3n2/2p1p2p/N1Pr1p1R/1P6/P1K3P1/7R b - - 1 24,f6g4 h4g4 h5g4 h1h8,1518,135,100,51,discoveredAttack endgame equality short,https://lichess.org/qMIYo0tC/black#48,
cJoEi,2r3k1/5p2/6p1/NR1p1p1p/3P4/r1P2PP1/2R2KP1/8 w - - 1 38,b5c5 c8c5 d4c5 a3a5 f2e3 a5c5,1344,92,100,100,capturingDefender endgame equality long,https://lichess.org/RVTgEjS7#75,
cKUWT,6k1/5p2/4p1p1/3nq3/1pp4Q/r5P1/5PK1/7R b - - 1 43,e5g7 h4d8 g7f8 h1h8 g8h8 d8f8 h8h7 f8f7,1487,128,100,45,attraction clearance deflection endgame equality veryLong,https://lichess.org/ty7yy8ae/black#86,
cOIal,r1q4k/5p1p/p2p4/1p3Prp/2p5/P1N4Q/1PP3P1/3R1RK1 w - - 0 26,d1d6 c8c5 g1h1 c5d6,1329,93,100,107,equality fork middlegame short,https://lichess.org/ehhTc0Zg#51,
cOj1i,6k1/1q2brp1/1P4n1/p1pPpbN1/6R1/4B1P1/1P1N3Q/6K1 b - - 3 37,f5g4 h2h7 g8f8 h7g6 e7g5 g6g5,1533,500,0,8,equality fork long middlegame,https://lichess.org/okv8Pnu2/black#74,
cPaoi,2rq1rk1/p4ppp/1p1n4/4Q3/2P5/P5P1/1P3P1P/3R1RK1 b - - 0 20,f8e8 e5d6 d8d6 d1d6,1513,155,100,32,equality middlegame short,https://lichess.org/m6DdaVrr/black#40,
cSJY5,6Q1/1p6/1kp2q2/p2pp3/P7/1P1P4/4K3/8 b - - 1 36,f6f4 g8d8 b6c5 d8a5,1536,116,100,60,deflection endgame equality queenEndgame short skewer,https://lichess.org/CxnvL8CV/black#72,
cStOJ,2k4r/1p1n1B2/p2P3p/2p5/4N3/3PK2n/PPP5/6R1 w - - 0 25,f7e6 h3g1 e4c5 h8e8,1310,176,50,20,endgame equality short,https://lichess.org/tMC5fp8q#49,
cUSn0,r1b1kb1r/pp1ppppp/2n5/q7/2Ppn2B/P4N2/1P1NPPPP/R2QKB1R b KQkq - 0 7,e7e5 b2b4 f8b4 a3b4,1403,174,100,42,equality opening short,https://lichess.org/X9cxg4yN/black#14,
cV04m,8/7R/2p2k2/3b4/3p4/6BK/2r4P/4R3 w - - 3 35,h7h6 f6g5 g3f4 g5f4,1559,323,0,8,defensiveMove endgame equality short,https://lichess.org/OmuaQkDJ#69,
cVnyA,8/8/3B2p1/pp6/5P1P/P2p1kP1/2pKb3/8 b - - 1 49,b5b4 a3b4 c2c1b d2c1,1557,182,100,34,bishopEndgame endgame equality short,https://lichess.org/yejZUMV8/black#98,
cZ1YC,3r1rk1/p1p1qppp/1p2p3/3n4/1n1P2P1/1Q5P/P2B1PN1/2R1R1K1 b - - 1 20,e7f6 d2b4 d5b4 b3b4,1548,97,100,69,equality middlegame short,https://lichess.org/ezvWJhj0/black#40,
captA,4r2k/6pp/3P4/4n3/5Q2/1r5P/5PPK/8 b - - 0 37,e5d7 f4f7 e8b8 f7d7,1532,163,100,31,endgame equality fork short,https://lichess.org/ZXmmL7X9/black#74,
ccf5X,r4rk1/ppp2pp1/3b1q1p/3p4/3B4/3B2Pb/P4P1P/2RQR1K1 b - - 5 17,f6d4 d3h7 g8h7 d1d4,1404,147,100,46,discoveredAttack equality middlegame short,https://lichess.org/i1FCG7rH/black#34,
cd6cO,r5k1/pp1b2pp/1q1bpr2/3p4/3P4/2PB1N2/PP2Q1PP/R4R1K w - - 0 17,d3h7 g8h7 f3g5 h7g8 f1f6 g7f6,1598,132,0,35,equality hangingPiece long middlegame,https://lichess.org/jcr721pS#33,
celvo,4r3/5pkp/2pp1q2/p2r1p2/P7/6N1/1PPQ2PP/5RK1 w - - 5 22,d2d5 c6d5 g3h5 g7g6 h5f6 g6f6,1561,138,100,42,endgame equality hangingPiece long,https://lichess.org/qP1OLOCm#43,
cfpJA,rb3rk1/1p1b2pp/p1p5/P2p1p2/1P1P1N2/4qB1P/2P3P1/R2Q1R1K b - - 1 23,e3f4 f3d5 c6d5 f1f4 b8f4 d1f3,1554,136,100,44,discoveredAttack equality long middlegame,https://lichess.org/AK9GAxEJ/black#46,
cjya3,8/1p4k1/p1n5/2b3N1/8/2P5/PP2r1PP/5R1K b - - 0 27,e2b2 g5e6 g7g8 e6c5,1575,101,100,81,endgame equality fork short,https://lichess.org/WaPYNIMb/black#54,
cm357,2kr3r/p5R1/1p2p3/3p4/6N1/2qP3P/P1P1n1P1/1R1Q3K w - - 2 26,d1e2 c3g7,1416,122,100,62,equality hangingPiece middlegame oneMove,https://lichess.org/eAM3BFnV#51,
coFBQ,8/8/6p1/5p1k/7P/6K1/8/8 b - - 1 58,g6g5 h4g5 h5g5 g3f3,1417,129,100,54,defensiveMove endgame equality pawnEndgame short,https://lichess.org/Ow7YmNM3/black#116,
cozu9,8/3Q1ppk/p2p3p/1ppb4/8/2P3P1/1q1N1PP1/4K3 b - - 1 31,b2c3 d7f5 g7g6 f5d5,1346,137,100,43,endgame equality fork short,https://lichess.org/di5frj3B/black#62,
cpzNS,3q1rk1/5ppp/3p1b2/1B6/4PB2/5QPP/1PPK4/3r3R w - - 0 21,h1d1 d8a5 d2e2 a5b5,1560,148,100,49,equality fork middlegame short,https://lichess.org/5UNVic0f#41,
csEZz,2k5/p5Bp/1p2r3/2p2p2/P1b5/R2NK3/3P1PPP/8 w - - 2 27,g7e5 c4d3 e3d3 e6e5,1329,81,100,147,capturingDefender endgame equality pin short,https://lichess.org/VyDuYlKh#53,
ctCOx,2r2rk1/pp3p2/2q3p1/6Nn/3R2Q1/2P5/PP3P2/1K5R w - - 3 33,h1h5 g6h5 g4h5 c6g6 h5g6 f7g6,1329,469,0,2,clearance equality long middlegame,https://lichess.org/Kx2VaKEk#65,
ctVq4,r2k1bnr/ppp1q1p1/2npPpQp/8/2B1P3/8/PPP2PPP/RNB1K2R w KQ - 3 11,e1g1 c6e5 g6g3 e5c4,1532,118,100,63,equality fork opening short,https://lichess.org/Ac6BCT9W#21,
ctv3z,3r1bk1/1p3ppp/p2pp3/2n3P1/1P1NPP2/q6P/4QB1K/1R6 b - - 0 29,c5d3 b1b3 d3f4 b3a3 f4e2 d4e2,1556,191,100,42,equality long middlegame,https://lichess.org/A0Pfpxyo/black#58,
cu5LR,5k2/2R5/P7/nP6/1p1r4/1Kp1N2P/2Bp4/8 w - - 3 56,b3a4 b4b3 a4a5 b3c2 e3c2 d2d1q c2d4 d1d4,1562,136,100,45,advancedPawn discoveredAttack discoveredCheck endgame equality promotion veryLong,https://lichess.org/oID40sFX#111,
cvHNb,4Q1Bk/6p1/5r1p/8/p2P4/P3P2P/2b2rP1/6K1 w - - 4 40,g8b3 f6f8 e8f8 f2f8,1555,286,0,6,endgame equality short,https://lichess.org/5gva3eCC#79,
cyDOy,2r3Q1/3k2p1/bpq1p3/p2nP1N1/3P4/P2N2pP/1P4P1/5RK1 w - - 5 30,g8g7 d5e7 g5h7 a6d3,1583,437,0,1,defensiveMove equality middlegame short,https://lichess.org/d8HnUici#59,
cywTO,r2q1rk1/ppp2pp1/1b1p2Np/1P2p3/2P1n1P1/2P4P/P4P2/RNBQ1RK1 b - - 0 15,f7g6 d1d5 f8f7 d5e4,1521,141,100,43,equality fork middlegame short,https://lichess.org/7Oy7lDkp/black#30,
d02eB,1n3rk1/p1p2pbp/1p2p1p1/4q3/2B5/5QP1/PPP4P/R1B2RK1 w - - 0 17,c2c3 e5c5 f1f2 c5c4,1451,193,0,27,equality fork middlegame short,https://lichess.org/G1Tj85gZ#33,
d0rxI,3r2k1/2R2p1p/3p2p1/1p1Br3/1B2P3/P2K4/1P3PPP/8 w - - 0 27,c7f7 e5d5 e4d5 g8f7,1338,100,100,85,endgame equality short,https://lichess.org/HuL3YifZ#53,
d18aD,8/7p/3kpp2/8/1p1P2P1/3P3P/2K2P2/8 w - - 6 32,c2b3 d6d5 b3b4 d5d4,1368,126,100,44,endgame equality pawnEndgame short,https://lichess.org/zZVaKOuA#63,
d2Z0A,1r3rk1/p4pp1/1p4n1/2pn1RNQ/3p4/1P1P2q1/PBP5/R6K b - - 1 22,g3h4 h5h4 g6h4 f5d5,1571,150,100,35,equality middlegame short,https://lichess.org/JtmGx18j/black#44,
d2nsX,2r2rk1/Qp3p1p/2bN3b/4p2q/4P3/1PN2P2/1PP3P1/1K1R4 b - - 0 21,f8d8 d6c8 d8d1 c3d1,1468,148,100,43,equality middlegame short,https://lichess.org/GW6JMozN/black#42,
d3qnd,r4b1r/1Npkp3/p4np1/P6p/1p3Pp1/3P4/1P2nK1P/RNB2R2 b - - 1 22,e2f4 c1f4 d7c8 b7c5,1568,335,0,5,equality hangingPiece middlegame short,https://lichess.org/kDrus0lI/black#44,
d48WY,1Q4k1/5q2/7p/8/2p2p2/2P4P/6P1/2b3K1 b - - 4 50,g8h7 b8b1 h7g7 b1c1,1401,156,56,36,endgame equality fork short,https://lichess.org/eqTtctnS/black#100,
dA0NW,4R3/8/2k5/1p3p1p/1b4b1/4P1P1/5K2/8 b - - 5 50,b4c3 e8c8 c6d6 c8c3,1338,98,100,89,endgame equality short skewer,https://lichess.org/YSOr2HEW/black#100,
dAyl3,6k1/1pq2p1p/1p1pb1p1/1B6/1P1Q4/r1n4P/P4PP1/2R1R1K1 w - - 4 28,e1e3 c3e2 e3e2 c7c1,1573,100,100,89,discoveredAttack equality middlegame short,https://lichess.org/9drE1Y6W#55,
dBWud,3r1k2/p4p1p/8/R2Pn1p1/1P6/P4BP1/5P1P/5K2 w - - 3 29,f3e4 e5c4 a5a7 c4d2 f1e2 d2e4,1484,138,100,57,endgame equality fork long,https://lichess.org/mkkfQy71#57,
dEzeJ,rr6/3pppkp/2n3p1/p2pP1N1/1q1P1Q1P/1b2K3/2B2PP1/2R4R b - - 3 25,b4c3 c2d3 c3d4 f4d4 c6d4 e3d4,1315,102,100,69,equality long middlegame,https://lichess.org/a2PGwm0q/black#50,
dGSkb,5k2/p2b2p1/1pn1p1q1/3pP1B1/3P2Q1/1NP3PB/P7/6K1 w - - 0 26,g5e7 c6e7 g4g6 e7g6,1563,132,100,49,equality hangingPiece middlegame short,https://lichess.org/TiZ0cJIO#51,
dJDv7,r1b2rk1/pp3pp1/2pR3p/8/8/1BN3PN/PPP3nP/2K4R w - - 0 17,h1f1 c8h3,1555,133,100,47,equality hangingPiece middlegame oneMove,https://lichess.org/09ZRoxS9#33,
dJKJh,2r3k1/2q2pbp/2Np2p1/2nQ4/8/6P1/4NPKP/2B1R3 w - - 1 29,c1f4 c7c6 d5c6 c8c6,1518,119,100,55,equality middlegame short,https://lichess.org/daa5Tyxn#57,
dKuul,8/1p6/p7/8/k7/P7/1K6/8 b - - 4 51,b7b5 b2a2 a6a5 a2b2,1528,156,100,30,defensiveMove endgame equality pawnEndgame short,https://lichess.org/6oOJIyzE/black#102,
dOOfX,6rk/1R6/npp1p2P/5q2/1pPP4/P5Q1/5P2/R3K3 w Q - 1 32,g3e5 f5e5 d4e5 g8g1 e1d2 g1a1,1360,80,100,144,endgame equality long skewer,https://lichess.org/3sr6CkWR#63,
dPxrs,5r2/1pN2p1k/1B6/3P2Q1/p1PP4/P1P4q/5P2/1R4K1 w - - 1 32,b1b4 f8g8 g5g8 h7g8,1399,108,100,63,endgame equality pin short,https://lichess.org/5guJG16s#63,
dSEnK,8/5Rp1/1p1k3p/1P6/3b4/7P/2r3P1/5K2 b - - 0 45,d6c5 f7c7 c5b5 c7c2,1494,111,100,78,endgame equality short skewer,https://lichess.org/tvKOT5A3/black#90,
dStLw,3Q4/p5pk/1p3pqp/6n1/8/8/PP3PPP/4R1K1 w - - 1 28,d8e8 g5f3 g1h1 f3e1,1521,118,100,57,endgame equality pin short,https://lichess.org/5USK1PU7#55,
dT0hY,4rrk1/pp4pp/3p1q2/3n4/2PPpp2/4B2P/PP1Q1PP1/R4RK1 b - - 0 21,f4e3 f2e3,1517,124,100,62,equality master middlegame oneMove,https://lichess.org/VioUvz3v/black#42,
dTWfH,r1b2r1k/5p1P/p3pqnQ/1p1p2B1/6P1/2b2B2/PPP2K2/R6R b - - 1 24,f6d4 g5e3 c3b2 e3d4,1562,483,0,3,defensiveMove equality middlegame short,https://lichess.org/2ezOAdIm/black#48,
dYcY4,1r3r1k/p5p1/2p2nQ1/4q2n/2B5/P6P/1PPB1PP1/2KR3R w - - 3 25,d2c3 e5f4 c1b1 f4c4,1352,95,100,98,equality fork middlegame short,https://lichess.org/AAFSjIFW#49,
dbKmL,4N2k/p4p1p/bpn1p1pq/4P3/8/5Q1P/PP3PP1/6K1 b - - 2 28,c6e5 f3f6 h8g8 f6e5,1561,123,100,53,endgame equality fork short,https://lichess.org/tsQscMyG/black#56,
dbTfu,8/R4K2/1p2P3/2p3b1/2k5/8/8/6r1 b - - 1 50,g5h4 a7a4 c4d5 a4h4 g1f1 f7e7,1484,261,100,15,defensiveMove endgame equality long skewer,https://lichess.org/GKmpnQMz/black#100,
dewUR,6k1/4Q3/q6p/1pPpPpp1/3P4/2P5/6PP/6K1 w - - 3 37,e5e6 a6a1 g1f2 a1b2,1589,355,0,4,endgame equality queenEndgame short,https://lichess.org/1zxdop55#73,
dfTvU,8/2p3k1/3p1b1p/pB1P1Pp1/R5P1/1rP2K2/3B4/8 w - - 2 42,a4a5 f6c3 d2c3 b3c3,1338,117,100,57,endgame equality short,https://lichess.org/XGXX3SKp#83,
dfnQ8,4rrk1/pbp1qpp1/1p1p1n1p/4p3/2PPP3/2PQ3P/P4PPN/1BR1R1K1 b - - 2 16,b7e4 e1e4 f6e4 d3e4,1465,100,100,80,equality middlegame short,https://lichess.org/gDvtCNB9/black#32,
dgNmG,4r2k/ppQ3pp/8/4n3/6q1/6N1/PP3PPP/R5K1 w - - 1 22,a1e1 e5f3 g2f3 e8e1,1368,169,100,48,discoveredAttack endgame equality short,https://lichess.org/qzRpBPNT#43,
dgXEt,r3q1k1/pp3ppp/2pB4/3b4/8/1NP3P1/PP1Q1P1P/R5K1 w - - 0 21,d6f4 e8e4 f2f3 e4f3,1550,142,100,46,equality middlegame short,https://lichess.org/xXZQx6aG#41,
dhHzV,r6k/p2qb1p1/1p1p4/3N2r1/2P3B1/P4P2/1PQ2P1P/R4RK1 w - - 4 24,h2h4 g5g4 f3g4 d7g4,1339,139,100,38,equality kingsideAttack middlegame short,https://lichess.org/Ryhf5c5c#47,
diIk7,r1bq1rk1/ppp2pb1/4p1p1/3p2Pn/3P4/2PBPN2/PPQ2P2/RN2K2R w KQ - 1 14,d3g6 f7g6 c2g6 f8f3,1547,101,100,73,discoveredAttack equality middlegame short,https://lichess.org/hFBgEC1F#27,
djWAL,3kr3/p5pp/1r1p1p2/2p1n3/3N2b1/3BB3/PPPR2PP/2K4R w - - 0 24,d4f5 e5d3 d2d3 g4f5,1490,101,100,84,equality middlegame short,https://lichess.org/pAylUOAn#47,
djg3J,8/8/6K1/p3p2P/Pp3p2/1P3k2/8/8 b - - 0 55,f3e3 h5h6 f4f3 h6h7 f3f2 h7h8q f2f1q h8e5,1403,119,100,53,advancedPawn endgame equality pawnEndgame promotion veryLong,https://lichess.org/mTbY5NjE/black#110,
dm1Ng,8/3nk2R/8/3qp3/1Pr1n3/1Q2P3/4N3/4K3 b - - 5 40,e7f6 h7d7 d5d7 b3c4,1536,110,100,66,deflection equality middlegame short,https://lichess.org/0mtHEN3b/black#80,
dpAGX,6k1/r7/5QKp/8/8/8/8/8 w - - 37 69,g6h6 a7h7 h6g5 h7g7 g5f4 g7f7,1525,112,100,60,endgame equality long pin queenRookEndgame,https://lichess.org/nldsIIr9#137,
dpBxA,2kR1b1r/pb4pp/1pn2p2/4p3/PP6/1Nn1BN2/4BPPP/R5K1 b - - 0 19,c6d8 a1c1 f8b4 e3d2 c8b8 d2c3 b4c3 c1c3,1531,129,100,54,equality middlegame pin veryLong,https://lichess.org/ik17DyyB/black#38,
dpbjw,2rr2k1/pp3ppp/4p3/3pP3/2P1n2q/3QPP1P/P3R1P1/R1B3K1 b - - 0 18,d5c4 d3e4 d8d1 g1h2 h4e4 f3e4,1589,145,100,40,equality long middlegame,https://lichess.org/H4G7zVwG/black#36,
drXhJ,r2k1N2/pbp3b1/1p2p3/n7/3Pp2p/2Q4P/PPPN1qP1/R2K3R b - - 0 21,g7f8 h1f1 f2g2 f1f8,1567,137,100,40,equality middlegame short skewer,https://lichess.org/yBsv4Fnl/black#42,
dsaGa,r3nrk1/1pp2pb1/p3P2p/4p1p1/4P3/2Pq4/PP4PP/RNB1QRK1 w - - 0 17,e6f7 f8f7 f1f7 g8f7 e1f1 d3f1,1561,109,100,54,equality long middlegame,https://lichess.org/NuIU5ZE1#33,
dsjB2,3r2k1/p5pp/5p2/q1p5/5P2/BP2PRK1/P5Q1/8 w - - 22 41,a3c1 a5e1 f3f2 e1c1,1402,114,100,70,endgame equality fork short,https://lichess.org/wRM5nvw7#81,
duHEf,6k1/1pB2pp1/1Q2n2p/3p2q1/3P4/2P2P1P/PP4PK/8 w - - 2 32,c7e5 e6f4 e5f4 g5f4,1561,128,100,45,endgame equality short,https://lichess.org/DjuEJawu#63,
duk6i,3r4/3k1p2/4p3/6Qp/3P4/P5PB/1P3q2/2KR4 w - - 2 37,d4d5 d8c8 c1b1 f2c2 b1a2 c2d1,1568,141,100,47,endgame equality fork long,https://lichess.org/5QR9fCTf#73,
dwLxz,r1b3k1/pppq1pp1/3p3p/nB1P4/4n3/1QP2N2/P4PPP/R1B3K1 w - - 1 16,b5d7 a5b3 a2b3 c8d7,1436,99,100,85,equality intermezzo middlegame short,https://lichess.org/bHfdRyXx#31,
dwd2v,2k4r/5p2/p3p3/2q1P3/5P2/1P6/N1PQ2P1/2R3K1 w - - 7 39,d2f2 h8h1 g1h1 c5f2,1344,144,100,47,deflection endgame equality short,https://lichess.org/LZLerqJq#77,
dyAMM,3r3k/p2r2p1/2p2p1p/p1n5/8/8/P4PPP/B1R1Q1K1 w - - 0 37,h2h3 c5d3 e1e3 d3c1,1342,118,100,55,endgame equality fork short,https://lichess.org/s1ktLdvK#73,
dyJCH,r4rk1/pp3ppp/6q1/2bNn3/1P2n3/6P1/P1P1QP1P/RNB2K2 b - - 0 16,c5d4 d5e7 g8h8 e7g6,1309,108,100,78,equality fork middlegame short,https://lichess.org/12vQn5zZ/black#32,
e0W2f,3r4/6qk/PNQ4p/3Pp2P/4npNb/5P2/1P2K3/5R2 w - - 0 39,f3e4 g7g4 e2d2 g4g2,1430,90,100,93,equality hangingPiece middlegame short,https://lichess.org/z70EWFF5#77,
e12NM,8/2p4p/p1p3p1/Pr2Pp2/1BkPp2P/1rP5/2R1KP2/5R2 w - - 9 34,e2e3 b5b4,1524,142,100,39,endgame equality oneMove pin,https://lichess.org/zqEyg7KM#67,
eEAQJ,r4rk1/pp3ppp/4p3/nb1pP3/qb3B2/1N4P1/P4PBP/R1QR2K1 b - - 11 18,a5b3 a2b3 a4b3 a1b1,1572,137,100,42,equality middlegame short,https://lichess.org/HtJrx8ei/black#36,
eGeAX,5k2/1p6/p2p1P2/2pP2B1/2P1R1K1/2r4r/8/8 b - - 0 51,h3g3 g4f5 g3g5 f5g5,1591,122,100,61,defensiveMove endgame equality short,https://lichess.org/iSmAlsmR/black#102,
eIgMu,7Q/1k6/2p4K/1p5R/3P4/2P5/p5r1/8 w - - 1 47,h8e8 a2a1q h5b5 c6b5,1573,120,100,58,advancedPawn endgame equality promotion short,https://lichess.org/3N2GydcS#93,
eO1Wm,8/8/6p1/5k1p/1R6/rP4K1/8/8 b - - 3 48,g6g5 b4b5 f5f6 b5b6,1520,144,100,47,endgame equality rookEndgame short,https://lichess.org/PtjSrJJy/black#96,
eOFRX,q5k1/6b1/p5Rp/1p1pr3/1P6/P1Q4P/5PP1/6K1 b - - 0 34,a8e8 g6g7 g8g7 f2f4,1529,450,0,3,endgame equality sacrifice short,https://lichess.org/jRZa8Ncu/black#68,
eQwDB,r4r1k/6pp/4b3/p1B1p3/7q/5PpP/PP1Q2P1/R4R1K b - - 2 24,e6h3 g2h3 h4h3 h1g1,1493,155,38,23,equality middlegame short,https://lichess.org/rRPUAW81/black#48,
eRmOD,r4rk1/pp4p1/1q2p2p/8/5Q2/1B1Pn3/PPP3PP/R3R2K w - - 6 22,f4e3 f8f1 e1f1 b6e3,1521,122,100,67,deflection equality kingsideAttack middlegame short,https://lichess.org/jkjSptVE#43,
eSp5I,3n4/Rp2bk2/7p/1P1p1pp1/4n3/8/1B2RPPP/6K1 w - - 1 27,f2f3 e7c5 g1f1 c5a7,1461,142,100,42,endgame equality fork short,https://lichess.org/LmJxSKRb#53,
eVBWw,r3kq2/ppp2pp1/1n1p4/3Pp1B1/P1P1P3/1P5r/2QN1P2/R4RK1 w q - 0 18,f2f3 h3g3 g1f2 g3g5,1306,94,100,87,equality fork middlegame short,https://lichess.org/zJ62xFVX#35,
eVM27,4k3/7R/4p1pp/3pP3/2pP1PPK/2r5/8/8 b - - 1 59,g6g5 f4g5 h6g5 h4g5,1443,119,100,55,endgame equality rookEndgame short,https://lichess.org/MwouXhPA/black#118,
eW4kW,3r2k1/2q2pp1/p6p/1p2B3/8/Pb1RR2P/1P3PP1/2rQ2K1 w - - 6 30,e5c7 c1d1 d3d1 d8d1,1468,138,100,50,equality middlegame short xRayAttack,https://lichess.org/IFlGLcPF#59,
eZ7pI,4r2r/pbq3k1/1pp2p1p/8/1P1PBn2/P6P/3Q1PP1/2R1R2K b - - 1 28,c6c5 e4b7 e8e1 c1e1,1455,120,100,50,equality middlegame short,https://lichess.org/LmAaObPW/black#56,
ebs0p,7R/8/2r3p1/2P5/3K2kp/8/8/8 b - - 2 53,h4h3 d4d5 c6a6 c5c6,1445,84,100,115,endgame equality rookEndgame short,https://lichess.org/y7L9I4D9/black#106,
edkhz,r6r/b3qpp1/Rkp2n1p/3p3P/1Pp3P1/Q3pP2/2P1B3/5RK1 b - - 5 28,b6c7 a6a7 a8a7 a3a7,1551,118,100,56,equality middlegame short,https://lichess.org/C4fqc3Af/black#56,
efQ8H,r5k1/5p1p/2p1pQp1/3pP3/P7/B1q5/2P1b2P/R3R2K w - - 2 23,e1f1 e2f1,1356,83,100,134,equality middlegame oneMove,https://lichess.org/kT9EK3Yh#45,
eih3o,1r4k1/6p1/2r1p2p/P1Bn4/1P6/5P2/2R3PP/R5K1 w - - 1 30,c2b2 c6c5 b4c5 b8b2,1537,89,100,94,endgame equality short,https://lichess.org/ZvNfNLPj#59,
ejMRC,3r2k1/6p1/2b2p1p/2N5/PB1p2R1/3Pn2P/6P1/7K b - - 2 38,c6g2 g4g2 e3g2 h1g2,1509,100,100,75,endgame equality short,https://lichess.org/XsR1tDUa/black#76,
ejiW4,1rq1k2r/5ppp/p7/3np3/1BN5/3B1P2/PP4PP/1K1R3R b k - 0 21,d5b4 c4d6 e8e7 d6c8,1513,153,100,36,equality fork middlegame short,https://lichess.org/omToFvJi/black#42,
ejlv6,r3k2r/pp2ppb1/2p2n2/4Nb1p/2n2Pp1/P5P1/1P4BP/R1BN1RK1 b kq - 3 17,c4e5 f4e5 f5e6 e5f6,1305,81,100,139,equality middlegame short,https://lichess.org/QH4XZHEm/black#34,
ekuvV,1n3rk1/Q4ppp/n3p3/4P3/3B1P2/q2P1B2/2P3PP/5RK1 w - - 0 26,d4c5 a3c5 a7c5 a6c5,1561,146,100,32,equality middlegame short,https://lichess.org/gG2F2sex#51,
elBYs,8/p4r2/2R5/B6k/2P3p1/6p1/P4P2/5K2 w - - 2 43,a5e1 g3f2 e1f2 g4g3,1595,105,100,68,advancedPawn endgame equality pin short,https://lichess.org/nfeg9nhH#85,
emA4T,8/6p1/1p3k2/p7/P1R3nP/6P1/1r6/6K1 b - - 1 33,f6f5 c4f4 f5g6 f4g4,1431,110,100,73,deflection endgame equality short,https://lichess.org/noTcmrM1/black#66,
eoDuN,1kq1rb1r/2p3pp/1pPp1n2/pN6/2Q1P3/4B2P/PP3P2/2KR2R1 w - - 2 23,b5d6 f8d6,1548,147,100,45,equality middlegame oneMove,https://lichess.org/oz7SJ8Qe#45,
eoUBk,rnb1k2r/pp2b1pp/3pPn2/q7/2B1P3/2N2N1P/PPPB2P1/R2QK2R w KQkq - 1 12,e1g1 a5c5 g1h1 c5c4,1555,142,100,42,equality fork middlegame short,https://lichess.org/8W9z6Kvs#23,
ep7nV,3rr1k1/p1p1qpp1/1p5p/7b/2P1P1n1/2N1Q3/PPPN2PP/R1B2RK1 w - - 3 18,e3h3 e7c5 g1h1 g4f2 f1f2 c5f2,1438,112,100,56,equality fork long middlegame,https://lichess.org/y90n8ZZZ#35,
eq3Lm,r1bq1r1k/pp2b1pp/3p4/4n3/1P2P1n1/P1N3Q1/1BB3PP/R4RK1 b - - 3 18,e7h4 f1f8 d8f8 g3h4,1485,118,100,77,equality kingsideAttack middlegame short,https://lichess.org/IjRvAWqd/black#36,
eqS6n,3Q1rk1/5p2/Q7/5ppp/5q2/2r5/P5PP/3R2K1 w - - 0 40,d8f8 g8f8 a6h6 f8e7,1428,98,100,80,defensiveMove endgame equality hangingPiece short,https://lichess.org/Mqx8scFz#79,
eqYMh,4r1k1/1R1b1q2/p1p4Q/3p4/3P1p2/P1P4P/5KP1/1R6 w - - 2 31,h6c6 d7c6 b7f7 g8f7,1383,117,100,62,endgame equality short,https://lichess.org/7U60obrR#61,
euX1e,1q5r/1p1k1pp1/1Q2b3/2R4p/2P1p3/4P1PP/3rBP1K/1R6 w - - 2 28,b6b7 b8b7 b1b7 d7d6,1332,84,100,127,equality middlegame short,https://lichess.org/hUQQVRnV#55,
ewNJs,r2qk2r/pp1b2p1/4p2p/3pP3/1b6/n1NQ2PP/K1P5/2NR1B1R b kq - 1 21,a3c4 d3g6 e8f8 f1c4,1554,179,100,28,discoveredAttack equality middlegame short,https://lichess.org/6J3eiKNS/black#42,
f0LCu,5r2/pRp3pp/3b2k1/8/4p3/4P3/P1P3PP/R5K1 w - - 0 24,a1f1 d6h2 g1h2 f8f1,1507,384,0,6,deflection endgame equality short,https://lichess.org/o2WKBGVa#47,
f1dAY,8/8/1p3pk1/p6p/P2p1K1P/8/2P5/8 b - - 1 47,f6f5 f4e5 d4d3 c2d3 b6b5 a4b5,1414,118,100,61,endgame equality long pawnEndgame zugzwang,https://lichess.org/8foMtubY/black#94,
f1ej0,5n1k/ppb1N1p1/2p2n1p/3p4/1q1P1B2/7Q/PPB2P1P/4R1K1 w - - 7 31,f4c7 b4e1 g1g2 e1e7,1435,120,100,64,equality fork hangingPiece middlegame short,https://lichess.org/uhlwaIvG#61,
f2ngq,r5k1/5p2/6p1/pp1prPR1/4b1PP/PBK5/1P6/8 b - - 0 30,g8h7 f5g6 f7g6 g5e5,1412,151,100,37,discoveredAttack endgame equality short,https://lichess.org/FTP0h5nu/black#60,
f437H,r4bnr/pQ4p1/3pkp2/8/3BP2p/1P1P1P1q/P1P2P1P/R5RK w - - 1 20,b7a8 h3f3 g1g2 h4h3,1303,175,100,39,equality kingsideAttack middlegame short,https://lichess.org/odYQFNTK#39,
f44Cg,r5k1/5pp1/4p2p/1Q6/3PP3/q1r5/3N1PPP/5RK1 b - - 1 24,a8c8 d2b1 a3a1 b1c3,1479,125,100,59,endgame equality fork short,https://lichess.org/GDdZBrQl/black#48,
f525z,8/8/1p3k2/p7/2p2PK1/P3P3/1P6/8 w - - 0 46,f4f5 b6b5 g4f4 b5b4,1575,438,0,2,endgame equality pawnEndgame quietMove short,https://lichess.org/V6xciEZH#91,
f5Ctk,r4r1k/bppb1Bp1/p2p2Rp/P7/qPPPP3/1Q3N2/2KN4/7R w - - 1 27,b3a4 d7a4 c2c3 f8f7,1419,132,100,59,equality middlegame short,https://lichess.org/f8l6BGW4#53,
f6GV8,r1b2n1r/pp3kB1/2p4p/2Pp1p2/3P1Pp1/2PBq1N1/P1Q4P/R3KR2 w Q - 0 22,c2e2 e3e2 e1e2 f7g7,1361,129,100,59,equality middlegame short,https://lichess.org/qIUqz9aC#43,
fBBqA,rr4k1/3b1pp1/2n1p2p/3pP2N/pb1P4/3BP1R1/3N2PP/3R2K1 b - - 1 22,b4f8 h5f6 g8h8 f6d7,1529,127,100,51,equality middlegame pin short,https://lichess.org/Rm8Uocs3/black#44,
fBGeU,8/8/4pR1p/2p5/1pP1kP2/1P6/5r2/2K5 b - - 6 45,f2f4 f6e6 e4d3 e6h6,1568,128,100,45,endgame equality rookEndgame short,https://lichess.org/nqaVszaG/black#90,
fCbEJ,8/pp4k1/8/3PKP2/P1B5/8/3r4/3r4 b - - 0 37,d1f1 c4f1,1409,81,100,136,endgame equality hangingPiece oneMove,https://lichess.org/KAxjvXJu/black#74,
fCrqC,5rk1/pp5p/2p1N1p1/2PpN2q/6Q1/6K1/PP3P2/8 w - - 34 48,e6f8 h5e5 g3g2 g8f8,1473,139,100,59,endgame equality hangingPiece intermezzo short,https://lichess.org/SFJrvNnF#95,
fDppx,r4r2/bpp2pk1/p2p1Npp/4Pb2/3P1P1q/P2Q2R1/1PB2PKP/R7 w - - 4 24,d3f5 h4g3 h2g3 g6f5,1570,119,100,64,equality middlegame short,https://lichess.org/uoIIuKLn#47,
fG07d,r1b2rk1/pp1p1ppp/2n2n2/8/3P4/P1QBqP2/1P4PP/R2K3R b - - 1 14,c6d4 d3h7 f6h7 c3e3,1469,117,100,65,discoveredAttack equality middlegame short,https://lichess.org/34xA9yUs/black#28,
fMABD,rq2k2r/pp2bppp/2n5/1NPpB3/8/P4bP1/1P2BP1P/R2Q1RK1 b kq - 0 16,c6e5 e2f3,1485,110,100,62,equality oneMove opening,https://lichess.org/yge91eKE/black#32,
fX4Sq,8/5k2/6R1/2pr3p/P1n2P2/2P3P1/2B2K2/8 w - - 0 42,g6g5 d5d2 f2e1 d2c2,1404,145,100,44,endgame equality fork short,https://lichess.org/hGcL0aVd#83,
fXtcb,5qk1/6p1/p6p/1p1pP3/3B2r1/1P6/6PP/3RQ2K w - - 0 35,e1f1 f8f1 d1f1 g4d4,1418,130,100,59,endgame equality short,https://lichess.org/04UtiIUw#69,
fYxN1,2r3k1/5p1p/p5p1/1p1RP3/1n3P2/1P4P1/1K3B1P/5B2 w - - 0 29,d5d6 c8c2 b2b1 c2f2,1309,133,100,54,endgame equality fork short,https://lichess.org/uF6ucjk9#57,
ffx9F,3r2k1/5p2/3q3p/6p1/8/3n1Q1P/5PP1/3R2K1 b - - 9 35,d6f4 d1d3 d8d3 f3d3,1381,115,100,72,endgame equality short,https://lichess.org/3DXW5b6Y/black#70,
fhkek,3r2k1/2pr1pp1/p1q1p3/2b1P1P1/3Bp3/P3P3/3RQP2/3R2K1 w - - 0 26,d4c5 d7d2 d1d2 d8d2 e2d2 c6c5,1572,112,100,65,equality long middlegame,https://lichess.org/GnHFOoqk#51,
fhzif,r1b2rk1/pp1B3p/2p2q2/3p2p1/4p3/2P1p2P/PP3PPB/R2Q1RK1 w - - 0 18,f2e3 f6f1 d1f1 f8f1 a1f1 c8d7,1503,114,100,62,equality kingsideAttack long middlegame,https://lichess.org/5v5wTluv#35,
fjTXX,6k1/P1n5/8/6p1/1N3pP1/4p3/1K6/8 b - - 0 57,f4f3 b4d5 e3e2 d5c7,1549,233,78,16,endgame equality knightEndgame short,https://lichess.org/VvEF718f/black#114,
fkysk,8/8/4k3/4r3/5KP1/8/R7/7r b - - 8 78,h1h8 a2a6 e6f7 f4e5,1379,88,100,101,deflection endgame equality rookEndgame short,https://lichess.org/5Xyxdbio/black#156,
fm62a,2rqk2r/1b2ppbp/1n1p2p1/p5N1/1p3P2/1Q6/PP2PPBP/RN3RK1 b k - 1 16,b7d5 g2d5 b6d5 b3d5,1488,129,100,51,equality opening short,https://lichess.org/4cqKnro2/black#32,
fmMfM,8/1pp1Q3/p1k1pPb1/5q2/5p2/P1N4P/1PP2B2/2K5 w - - 6 34,e7c5 f5c5 f2c5 c6c5,1404,152,100,48,endgame equality short,https://lichess.org/QPxcOJDJ#67,
fmjVS,1rb5/p4k2/4pnp1/2pp4/1q1P1N2/3Q4/P1P2PP1/2R3K1 b - - 1 21,b4b2 d3g6 f7e7 g6g7,1482,119,100,60,equality middlegame short,https://lichess.org/YzCXnSWp/black#42,
fs7vh,8/8/8/4k3/6P1/5pP1/5K2/8 w - - 3 52,g4g5 e5f5 f2f3 f5g5,1423,114,100,57,endgame equality pawnEndgame short,https://lichess.org/XOFRzNC7#103,
ftpEA,8/6p1/R4p1k/8/p5PK/1r6/8/8 b - - 5 59,a4a3 g4g5 h6h7 g5f6,1583,154,90,22,endgame equality rookEndgame short,https://lichess.org/NN2MfIHZ/black#118,
ftpa5,r4rk1/pp1n1pp1/3p2qp/3Pp3/7B/5N2/PPb1QPP1/2R1R1K1 b - - 1 19,c2e4 e2e4 g6e4 e1e4,1337,121,100,47,equality middlegame short,https://lichess.org/saeg3gky/black#38,
futZT,5r1k/3R2pp/1qB5/pP6/2R4n/4b3/Q4P2/6K1 w - - 1 35,c4h4 e3f2 g1g2 f2h4,1302,130,100,55,equality fork middlegame short,https://lichess.org/MOGtZB5A#69,
fwYr4,8/8/5Kpp/8/5k2/7P/8/8 b - - 1 54,g6g5 f6g6 f4g3 g6h6 g5g4 h3g4,1570,113,100,61,endgame equality long pawnEndgame,https://lichess.org/kxDVXvrO/black#108,
fwlt2,4r1k1/5p1p/6p1/1Q3p2/8/7P/P4qP1/1R5K b - - 0 31,e8e1 b1e1 f2e1 h1h2,1335,120,100,65,endgame equality short,https://lichess.org/pgytU0wE/black#62,
fzn3J,r6k/ppp3pp/5q2/3Pn3/2Q1Ppb1/5N2/PP3PP1/1K1R3R w - - 1 20,c4c3 e5f3 c3f6 g7f6,1492,116,100,74,equality middlegame short,https://lichess.org/u3nJ5SVm#39,
g06yL,8/p3kp2/5p2/3P4/2R5/2PnPr1P/2R2P1K/8 w - - 1 44,h2g2 d3e1 g2f1 e1c2,1545,118,100,60,endgame equality fork short,https://lichess.org/T7RtZ1aB#87,
g1jSs,8/2p5/3p4/p1p1r1R1/P1k3K1/2P5/2P2P2/8 b - - 0 32,e5g5 g4g5 c4c3 f2f4 c5c4 f4f5 c3c2 f5f6 c2b1 f6f7 c4c3 f7f8q,1369,160,80,33,advancedPawn endgame equality promotion quietMove veryLong,https://lichess.org/BJK2Z1KK/black#64,
g5vAy,r1bqk2r/pppp1pp1/2n2n2/2b1p1Bp/2B1P3/3P1N1P/PPP2PP1/RN1Q1RK1 w kq - 2 8,f3e5 c6e5 d3d4 e5c4,1496,331,35,8,equality hangingPiece opening short,https://lichess.org/b6FYdRaL#15,
g6vE6,8/8/2k2pp1/3p4/1P5P/4K3/8/8 b - - 2 48,c6b5 e3d4 f6f5 d4d5,1467,113,100,67,endgame equality pawnEndgame short,https://lichess.org/b3ENFwIq/black#96,
g9wRR,r4rk1/1p5n/p1Pp4/4pqp1/2P4p/1P2QPBP/P5P1/3RR1K1 w - - 0 25,c6c7 h4g3,1437,130,100,57,equality hangingPiece middlegame oneMove,https://lichess.org/wwvZKmAZ#49,
gBNQh,4r2k/1p2r1p1/p6p/3P4/P1Q4q/1R1B4/1PP1b1P1/3KR3 w - - 0 26,d3e2 h4c4 e2c4 e7e1,1572,149,100,48,equality middlegame short,https://lichess.org/Dcfe17oO#51,
gCzOG,r4rk1/5ppp/2p1pq1b/p1pp4/4P3/1P1P1N1P/P1P5/R1B1QRK1 w - - 2 19,f3e5 f6e5 c1h6 g7h6,1573,114,100,60,equality hangingPiece middlegame short,https://lichess.org/KVoounnZ#37,
gDaR5,r4rk1/1pp2pp1/p2p3p/4p3/2BnP1q1/P1N3RP/1PP3P1/R5K1 w - - 0 17,g3g4 d4c2 a1c1 c2e3 c3d5 e3g4,1577,110,85,68,equality fork long middlegame,https://lichess.org/qGq9xomF#33,
gF6kQ,2rq2k1/1p3p2/p2p1bpp/5Q2/3B1p2/2NB4/PPP4P/2K1R3 w - - 0 23,f5f4 f6g5 d4e3 g5f4,1570,120,100,58,equality middlegame pin short,https://lichess.org/W3c8bfWO#45,
gGJ6y,r4rk1/1pp2ppp/3qpn2/pP1p1b2/1b6/N2PP3/PB1NBPPP/R2QK2R w KQ - 2 12,e1g1 b4a3 b2a3 d6a3,1560,113,100,74,equality middlegame short,https://lichess.org/Ma18g4M6#23,
gKEGG,rq5k/p6p/1p2p3/3bP3/2B2R2/P1Q3nP/1P4P1/R5K1 w - - 1 26,c4d5 g3e2 g1h1 e2c3,1385,101,100,80,equality fork middlegame short,https://lichess.org/065cJT3K#51,
gL1LB,k2rr3/p5Rp/8/3p4/1p1n4/2NP2B1/PPPR2PP/6K1 w - - 1 19,d2e2 d4e2 c3e2 e8e2,1300,117,100,69,equality middlegame short,https://lichess.org/IsmDdHJy#37,
gLTDJ,r5rn/3P3k/1p2P1p1/7p/2p1QP1P/b7/qBK1NP2/1R5R w - - 0 40,e2c3 a2b3 c2d2 a3b2,1505,127,100,51,deflection equality middlegame short,https://lichess.org/JQ06PZNF#79,
gMIsL,2r2rk1/p5pp/bp1qpn2/3n4/1p1P1P2/P4RP1/1B2P1BP/R2Q2K1 b - - 4 17,b4a3 b2a3 d6c6 a3f8,1404,90,100,88,equality middlegame short skewer,https://lichess.org/mly4Y7se/black#34,
gMb6c,r4rk1/p2b2qp/2p1p1B1/1p1pR3/3P4/2P3P1/PPQ2P1P/4R1K1 w - - 1 21,g6h7 g7h7 e5g5 g8h8,1545,132,100,38,defensiveMove equality middlegame short,https://lichess.org/4PNghLRu#41,
gOCCL,k7/7R/p7/1prP4/5B2/8/PPP1r2P/2KR4 w - - 3 38,f4d6 c5c2 c1b1 c2b2,1412,141,43,47,endgame equality short,https://lichess.org/0RWgvSJm#75,
gQuKJ,1q3rk1/p4p1p/1p2bPp1/2p2n2/2Pp4/1Q1P2P1/PP2N1BP/R3K2R w KQ - 0 19,b3d1 f5e3 d1d2 e3g2 e1f2 g2e3,1583,173,100,36,equality exposedKing fork long middlegame,https://lichess.org/JonT86LP#37,
gT6Eg,r1bq1rk1/2p2pp1/p1np1n1p/2bNp1N1/1p2PP1P/1B1P4/PPP3P1/R1BQK2R b KQ - 1 11,f6d5 b3d5,1550,155,100,43,equality middlegame oneMove,https://lichess.org/TRMMkPw8/black#22,
gU4Tw,5r1k/p5p1/1b6/7p/2R5/2P1N2P/4rPP1/5RK1 b - - 1 32,b6e3 f2e3 f8f1 g1f1,1404,98,100,80,endgame equality short,https://lichess.org/vCYvSSWn/black#64,
gUorW,rnr3k1/1p1n1p2/pqbBp3/7p/1P4pN/P4PP1/3P2BP/R2Q1R1K w - - 5 20,f3g4 c6g2 h4g2 b6d6,1503,104,100,85,discoveredAttack equality middlegame short,https://lichess.org/4JD8wWNX#39,
gUtxp,3q1rk1/6b1/p2p2b1/1p1P1Pp1/1P6/3B3Q/P4P1P/2R3K1 b - - 0 26,d8f6 f5g6 f6f2 g1h1 f2f3 h3f3,1565,121,100,65,equality long middlegame,https://lichess.org/9OeJcd8e/black#52,
gWsMy,3r2k1/pR1n1ppp/2p5/q3r3/2P5/1Q2PB2/P4PPP/5RK1 w - - 3 20,f3c6 d7c5 b3b1 c5b7,1339,98,100,84,equality fork master middlegame short,https://lichess.org/76yg7Lwv#39,
gYdgF,4r1k1/pp5r/8/P1p1pp2/4pQpq/2P1P3/1P1B2B1/R4RK1 w - - 0 28,f4f5 h4h2 g1f2 e8f8,1566,134,100,37,equality middlegame pin short,https://lichess.org/JwiIR5zN#55,
gZJKZ,r1b1k2r/pp2bppp/2p1p3/2P5/1q1Pp2P/1NNB4/PPQ2PP1/R3K2R w KQkq - 0 16,a2a3 e4d3 a3b4 d3c2,1546,110,100,70,advancedPawn equality middlegame short,https://lichess.org/hQNDCKTt#31,
gZuNm,r4r2/7p/1knQ2p1/5q2/8/P1P5/5PP1/5RK1 b - - 3 39,f5c5 f1b1 c5b5 b1b5,1536,114,100,51,endgame equality short,https://lichess.org/vtKokasj/black#78,
gc1TQ,1k1r4/2r1p1RR/P2p1p2/1PbK2p1/4P1P1/8/8/8 b - - 10 42,b8a7 g7e7 c7e7 h7e7,1409,146,100,57,endgame equality short,https://lichess.org/rNwZpSRk/black#84,
gcyjn,6r1/8/R1p1P2R/1pk5/3p2P1/3Pn1KP/8/8 w - - 1 39,e6e7 e3f5 g3f4 f5h6,1568,130,100,51,endgame equality pin short,https://lichess.org/Tqvhg2IU#77,
gd1Bo,6k1/pp2q1p1/2pb4/3p3n/3P2B1/4B1np/PPP4P/R2Q1R1K w - - 0 24,h2g3 h5g3 h1h2 g3f1,1386,121,60,45,discoveredCheck doubleCheck equality fork middlegame short,https://lichess.org/8Z04laf0#47,
gfyP7,5rk1/b4rp1/p1p1p3/1p1pPpB1/1P3Pqp/2P1P2R/P1Q3PP/7K b - - 1 34,g7g6 h3h4 g4h4 g5h4,1376,87,100,113,equality middlegame short trappedPiece,https://lichess.org/oItfjkv7/black#68,
gmAMn,6k1/p4pp1/p1p4p/2P2P1n/8/8/2R2KPP/1RBrr3 b - - 1 32,h5f4 b1b8 g8h7 c1f4,1485,129,100,61,endgame equality short,https://lichess.org/lL0dk9Dm/black#64,
gnI3e,r4rk1/pb4p1/1p2R1Bp/2pp2bQ/3P1q2/2P2N2/PP3PPP/4R1K1 w - - 4 23,g2g3 f4f3 h5f3 f8f3,1305,138,20,50,equality middlegame short,https://lichess.org/PCr7i4hf#45,
gpOhg,4r3/pppb1kpp/3q1p2/3P1P2/2B3P1/P1N5/1P3Q1P/R5K1 w - - 0 23,a1e1 e8e1 f2e1 d6c5 g1g2 c5c4,1332,91,100,104,equality fork long middlegame,https://lichess.org/ueJXGznM#45,
grlpE,4rrk1/pb1n1pp1/1p3q1p/2pp1B2/3P2P1/7P/PPKQN3/2R4R b - - 1 20,f6h4 f5d7,1353,180,0,37,equality hangingPiece middlegame oneMove,https://lichess.org/HYEcNAOA/black#40,
gxnS1,4Rrk1/7p/2bP2pp/p1q5/2p5/2P4P/P2Q1PP1/4R1K1 b - - 0 25,f8e8 e1e8 c6e8 d6d7 e8d7 d2d7,1550,304,0,6,advancedPawn endgame equality long,https://lichess.org/rGEn38Cy/black#50,
h06km,r2qkbnr/1p1bpppp/p1np4/1B6/Q2NP3/8/PPP2PPP/RNB1K2R b KQkq - 3 7,c6d4 b5d7 d8d7 a4d4,1434,133,100,48,equality intermezzo opening short,https://lichess.org/SODFsjHL/black#14,
h0THx,r4rk1/5ppp/p4n2/2p2qB1/Pp1n4/5N1P/BP3PP1/R2QR1K1 w - - 4 23,a2b1 d4f3 d1f3 f5g5,1546,161,100,32,equality kingsideAttack middlegame short,https://lichess.org/1chf61Hq#45,
h2hp6,4r1k1/p1p2ppp/5q2/2b5/8/2NB2P1/PPP2P1P/R2QN1K1 w - - 3 21,d1f3 e8e1 a1e1 f6f3,1579,142,100,42,equality kingsideAttack middlegame short,https://lichess.org/vLLisrrc#41,
h38Tn,r1b2rk1/pp1n1pbp/2p3p1/q1Pp4/3N4/1PN5/PB2BPPP/R2QR1K1 w - - 1 14,d4f3 g7c3 b2c3 a5c3,1552,143,100,46,equality middlegame short,https://lichess.org/nVAvkQDM#27,
h4r7x,8/4Rpk1/6pp/8/3N4/6P1/r4PKP/8 w - - 4 34,d4e6 g7f6 e7e8 f7e6,1565,104,100,64,defensiveMove endgame equality short,https://lichess.org/ul7cc6vg#67,
h9Fcv,4r3/pp3p2/1k6/8/4n1p1/1P1R1b2/P1P2P2/2K1R3 b - - 3 30,e8h8 d3f3 g4f3 e1e4,1527,139,33,33,capturingDefender endgame equality short,https://lichess.org/ZX43cEuW/black#60,
h9ybi,4r1k1/5pbp/4pnp1/1Q6/4N2P/8/qP3PP1/4RK2 b - - 3 30,f6e4 b5e8 g7f8 e1e4,1338,135,100,42,endgame equality hangingPiece intermezzo short,https://lichess.org/nS4DSYWt/black#60,
hAMiX,r1b1k1nr/pp1p1p1p/3Pp3/2q5/2P5/3B1P2/1Q3P1P/6RK b kq - 3 20,g8f6 b2f6 c5d6 f6h8,1560,168,100,40,equality hangingPiece middlegame short,https://lichess.org/ykqXjIMe/black#40,
hEsJh,r1b2r2/p1q2p1k/2N1p2p/8/2PQ3P/7R/PP3PP1/R4K2 w - - 3 27,d4e4 f7f5 e4d4 c7c6,1395,93,100,76,defensiveMove equality middlegame short,https://lichess.org/t9CgS9Id#53,
hFyv9,r1b1r3/1p2bppk/1qn2n1p/2p2N2/p1PpNB2/P2P3P/1PBQ1PP1/1R3RK1 b - - 3 18,f6e4 d3e4 c8f5 e4f5,1489,103,100,72,equality middlegame short,https://lichess.org/5AbzshaP/black#36,
hJADk,2rq1rk1/1p1bbpp1/p1n1pn1p/2p3N1/4P2P/P1P5/BP1B1PP1/RN1QK2R b KQ - 0 14,h6g5 h4g5 g7g6 g5f6,1490,134,100,57,equality opening short,https://lichess.org/yegBR77x/black#28,
hKkfK,8/8/8/KP2k3/4B3/P5p1/2P4n/8 w - - 1 39,b5b6 e5e4 b6b7 g3g2 b7b8q g2g1q,1562,145,100,43,advancedPawn endgame equality hangingPiece long promotion,https://lichess.org/sTkroyRs#77,
hNP9F,6n1/3p4/2p1k3/1pb1Pr2/8/1P3qBQ/1P1R1P1P/R5K1 w - - 2 29,a1d1 c5f2 d2f2 f3d1,1444,101,100,94,deflection equality middlegame short,https://lichess.org/kDUyFXUr#57,
hOjVe,r7/1ppq2kp/p3R1p1/3p4/5b2/7Q/PP5P/6K1 b - - 0 27,a8e8 e6g6 h7g6 h3d7,1558,120,100,58,discoveredAttack endgame equality short,https://lichess.org/akKkeU1p/black#54,
hRwJg,8/4np1p/3k2p1/1PpN4/2P5/4PpP1/3r1P1P/2R2K2 w - - 5 31,f1e1 d2e2,1565,128,100,64,endgame equality oneMove,https://lichess.org/u70fuCQk#61,
hSWX8,3rr3/pp3p2/6k1/4P1Pn/1n1P3R/4K2N/PP6/3R4 b - - 2 38,e8e5 d4e5 b4c2 e3e2,1453,437,0,1,defensiveMove equality hangingPiece middlegame short,https://lichess.org/2V5ndUgD/black#76,
hUKG6,r1bq1rk1/pp2ppbp/6p1/8/3BP1n1/2N5/PPPQ2PP/2KR1B1R b - - 0 12,d8d4 d2d4 g7d4 d1d4,1324,259,0,17,equality opening short,https://lichess.org/eAq8ERKR/black#24,
hVeJE,r4rk1/pppbqpbp/2n2np1/3p4/PP1Pp2P/N1P1P3/1BB1NPP1/R2QK2R b KQ - 4 11,c6b4 c3b4 e7b4 b2c3,1433,92,100,86,equality middlegame short,https://lichess.org/sJSMv6Ps/black#22,
hWYk0,4r1k1/3q1pb1/1pbp2pp/2n5/r3P3/1BNp1PP1/PQ1N3P/4RRK1 b - - 5 28,a4b4 b3f7 d7f7 b2b4,1578,141,100,46,discoveredAttack equality middlegame short,https://lichess.org/qJe3Bpqn/black#56,
hXqGF,5rk1/2n3pp/p1p5/P2Bnr2/8/4P3/3N1PPP/R4RK1 b - - 0 23,c7d5 e3e4 f5f6 e4d5,1381,128,100,48,equality fork middlegame short,https://lichess.org/pJcqUctn/black#46,
hZL8D,1n1qk2r/6pp/1p3p2/pP2P3/1n6/1Q2P2P/1B2r1P1/R4RK1 b k - 0 20,d8d2 b3e6,1482,115,100,65,equality middlegame oneMove,https://lichess.org/V16tlvnP/black#40,
ha5JU,r1bq1rk1/1pp2pp1/pbnp1n2/4p1B1/1PB1P3/2PP1Q1P/P4P2/RN2K1NR w KQ - 0 11,g5f6 d8f6 f3f6 g7f6,1585,116,100,64,equality middlegame short,https://lichess.org/5dmWXkLb#21,
hb1QX,5R2/8/2p1q2p/3p1RpP/1p1k4/5PN1/1PPK4/8 w - - 3 40,f8f6 e6e3 d2d1 e3g1,1333,183,100,38,endgame equality short,https://lichess.org/vD0HnDBO#79,
hblAl,r1bqkb1r/pp3ppp/2n1pn2/3P4/3p4/1P2PN2/PB3PPP/RN1QKB1R b KQkq - 0 7,d4e3 d5c6 e3f2 e1e2,1549,500,0,0,equality opening short,https://lichess.org/qeGfdbll/black#14,
heBIQ,R7/5pkp/6p1/4q3/7P/1N6/P4PP1/5BK1 w - - 4 38,b3d2 e5d5 a8a6 d5d2,1571,161,17,33,endgame equality fork short,https://lichess.org/yItdtynN#75,
hgnv0,2r2rk1/1p4q1/pbb1pp1R/4P2Q/1P6/P5P1/1B3P1P/4R1K1 b - - 2 31,b6f2 g1f2 f6e5 f2g1,1423,136,100,51,defensiveMove equality middlegame short,https://lichess.org/wuW3tNDr/black#62,
hikSm,8/p3k3/5r1p/1p6/1Np5/6P1/8/4B1K1 b - - 1 51,a7a5 b4d5 e7f7 d5f6 f7f6 e1a5,1557,137,100,37,endgame equality fork long,https://lichess.org/4l1f6yTa/black#102,
hknge,3r2rk/1p3p1p/p1b1p3/5n2/5QP1/7P/PPP2N2/6K1 b - - 2 28,f5e7 f4f6 g8g7 f6e7,1327,84,100,124,endgame equality fork short,https://lichess.org/Lvlo9tHX/black#56,
hnlrN,1r4k1/Q1p2ppp/4pnb1/1N1p4/6P1/2P1qP1P/Pr2PR2/R3K3 b Q - 4 20,b2b5 a7e3 b5b1 a1b1 b8b1 e1d2,1381,116,100,70,equality hangingPiece long middlegame,https://lichess.org/f1kzjoPT/black#40,
hoOw8,8/5p2/2P1p1pk/4P2p/1Q6/1P3P1P/1q4PK/8 w - - 1 42,c6c7 b2e5 f3f4 e5c7,1566,151,100,46,endgame equality queenEndgame short,https://lichess.org/lsRxDH6n#83,
hpMbn,5R2/8/8/8/1k6/p7/4K3/r7 b - - 3 66,a1b1 f8b8 b4c3 b8b1,1535,300,27,9,endgame equality rookEndgame short skewer,https://lichess.org/tYFIGoAl/black#132,
hst1A,8/8/2nk1P2/6Kp/2pp4/1p6/4R3/8 b - - 0 50,c6e5 e2e5 d6e5 f6f7 b3b2 f7f8q,1566,153,100,45,advancedPawn endgame equality long promotion sacrifice,https://lichess.org/4Hk8D8Zp/black#100,
htVur,5q1k/p6p/2p1Q1pP/1p1p2P1/r4P2/P7/1PP5/2K5 b - - 2 38,f8f4 c1b1 f4f1 b1a2,1522,500,0,6,defensiveMove endgame equality short,https://lichess.org/GggpKckH/black#76,
htlK6,8/pp6/2p1p3/6kP/3PP2p/2P4K/PP6/8 w - - 1 41,c3c4 g5h5,1499,94,100,100,endgame equality oneMove pawnEndgame,https://lichess.org/D6Jk6Utm#81,
htpsN,8/4rkp1/8/1r2p2p/7P/p1R2PP1/2R4K/8 b - - 1 56,b5b2 c2b2 a3b2 c3b3,1465,150,100,34,endgame equality rookEndgame short,https://lichess.org/LhcjSioM/black#112,
huDF0,3r4/2R2p2/2p2k1p/p1b1p3/P1P1Pr1P/2P2P1K/8/5R2 b - - 4 36,d8d3 c7c6 f6g7 c6c5,1352,91,100,103,endgame equality fork short,https://lichess.org/ak6ocPux/black#72,
hvwKB,4r3/1p6/p1p1p3/2P3k1/3PR1p1/P7/6PB/6K1 w - - 1 35,h2f4 g5f5 e4e5 f5f4,1442,146,0,29,defensiveMove endgame equality short,https://lichess.org/YO1XmGr2#69,
hxC6v,r7/pp3pk1/3p1qp1/8/1PPpR2r/P2B3b/2Q2PP1/R5K1 b - - 1 24,a8h8 e4h4 h8h4 g2h3,1566,115,100,66,equality middlegame short,https://lichess.org/7UJiDdaZ/black#48,
hy8jc,3r1rk1/p1p1bpp1/1pbq3p/8/8/1P1BBN2/P2Q1PPP/R4RK1 w - - 0 18,e3f4 d6d3 d2d3 d8d3,1484,122,100,64,equality middlegame short,https://lichess.org/bu7eulYy#35,
hySBv,rnbQ1b1r/ppp2kpp/5n2/8/4P3/8/Pp3PPP/RNB1K1NR w KQ - 0 8,c1b2 f8b4 d8d2 b4d2,1388,156,100,49,equality opening short,https://lichess.org/puVjyYdh#15,
hzCNE,8/p4k2/5N2/2R2Kp1/3n4/3P4/1P6/8 w - - 3 45,f5g5 d4e6 g5f5 e6c5,1336,197,0,23,endgame equality fork short,https://lichess.org/Bz0yrCeI#89,
hzXOT,5k2/7R/4p1p1/4B3/3P4/2P4P/1P1b1KP1/r7 w - - 1 39,e5g7 f8g8 h7h8 g8g7,1323,97,100,87,defensiveMove endgame equality short,https://lichess.org/YPbPdEF7#77,
i20Ru,Nnbk3r/pp3pp1/8/3P1qPp/3p1P2/8/PP2B2K/R1BQ1R2 w - - 1 22,d1d4 f5h3 h2g1 h3g3,1487,92,100,88,equality middlegame short,https://lichess.org/ORb6xen5#43,
i2wvK,1kq3r1/pp2Np1p/3p2r1/4n3/PP2P3/2N1Q1PP/2P2K2/6R1 b - - 4 31,g6f6 f2g2 c8c4 e7g8,1497,421,0,6,defensiveMove equality middlegame short,https://lichess.org/uoD0bx2m/black#62,
i3CPR,6k1/1b3rb1/p7/3p2q1/1PpB4/P6Q/5P2/RB3RK1 w - - 1 28,h3g2 g5g2 g1g2 g7d4,1356,85,100,115,equality middlegame short,https://lichess.org/vGNen6HR#55,
i4P9P,r2qk2r/ppp2p2/2npbp1p/3N4/2BPP3/2P2QP1/PP4KP/R6R w kq - 2 15,d5c7 d8c7 c4e6 f7e6,1462,124,100,74,equality hangingPiece middlegame short,https://lichess.org/Uupesk04#29,
i7wxx,rn1qkbnr/1p1b1ppp/p7/1Np1N3/Q2p4/2P5/PP1P1PPP/R1B1KB1R b KQkq - 3 8,d7b5 f1b5 a6b5 a4a8,1557,129,100,49,equality opening short,https://lichess.org/r27aEiSJ/black#16,
iGzDS,r1b1kb1r/p4ppp/2p1pn2/4q3/N2p4/3BBQ2/PPP2PPP/R3K2R b KQkq - 1 11,d4e3 f3c6 e8e7 c6a8,1337,124,0,57,equality fork middlegame short,https://lichess.org/e89YLmwJ/black#22,
iHEYV,r7/2p2p2/6p1/3p4/pk6/R1NP1P1P/2P2P1K/8 w - - 9 37,a3a4 a8a4 c3a4 b4a4,1501,157,100,55,endgame equality short,https://lichess.org/GAghtjR9#73,
iMFXe,6k1/5p1p/p5p1/1p1b4/3b3N/P4PP1/2rBR1KP/8 b - - 4 31,g8g7 d2h6 g7h6 e2c2,1409,92,100,90,discoveredAttack endgame equality short,https://lichess.org/kkflCmoz/black#62,
iMGjm,8/5pk1/2R5/4PK2/3P2p1/4r1P1/8/8 w - - 0 46,f5g4 e3e4 g4f5 e4d4,1398,114,100,58,endgame equality rookEndgame short,https://lichess.org/y5yDv7ZT#91,
iNnGb,3rkr2/p2q1p2/6pp/2p1p3/P1BNPn2/3Q3P/2P2P1P/R2R2K1 w - - 1 23,d3e3 c5d4 e3f4 e5f4,1548,500,0,3,equality middlegame short,https://lichess.org/OiV6RQgs#45,
iPQLX,8/8/5BK1/1Q3PP1/3p4/2p1q3/3k4/8 w - - 6 68,b5d7 c3c2 d7d4 e3d4 f6d4 c2c1q,1346,135,100,63,advancedPawn endgame equality long promotion,https://lichess.org/K1yfhYt2#135,
iX6wJ,4k2r/1q2bppp/3pp3/1p1n3Q/2pP4/6P1/1PPB1PBP/4R1K1 w k - 2 20,g2d5 b7d5 h5d5 e6d5,1500,145,100,49,equality middlegame short,https://lichess.org/4Cz8p93G#39,
ia8cW,2b1q1k1/5rp1/pQ3p2/1p1Rp1p1/1P6/8/P1P3PP/6K1 b - - 2 33,c8e6 d5d8 e8d8 b6d8,1370,119,100,63,endgame equality pin short,https://lichess.org/6rZ0YnZs/black#66,
iaQDY,8/6p1/4p3/2B1Pp1k/p4P2/7K/8/8 w - - 1 45,c5a3 g7g5 f4g5 h5g5,1422,93,100,83,bishopEndgame endgame equality short,https://lichess.org/2XDiJR2o#89,
idP6n,1rb1k2r/2b3p1/p3p2p/1pN5/8/2n2N2/P1P2PPP/1R1Q1RK1 w k - 1 21,d1d4 c3e2 g1h1 e2d4,1422,111,100,70,equality fork middlegame short,https://lichess.org/ICpP2CV7#41,
ieXtR,8/8/3Pk1p1/p3B2p/2P2P1P/6P1/3K4/6r1 b - - 0 41,g1g3 f4f5 e6e5 d6d7,1542,458,67,8,advancedPawn endgame equality sacrifice short,https://lichess.org/pgG4qODN/black#82,
if7fa,1r3r1k/1p5p/p2PQPp1/8/1P3P2/P2q4/7P/2R3RK w - - 1 40,f6f7 d3f3 g1g2 f3f4,1378,133,100,55,endgame equality short,https://lichess.org/xmkmumwK#79,
ig6Ui,1r3rk1/p6p/4pp1P/q5p1/3QB3/8/5P2/3R1RK1 w - - 3 28,e4h7 g8h7 d4d7 h7h6,1349,120,100,64,equality hangingPiece middlegame short,https://lichess.org/bfGpkWwP#55,
ik3EY,6k1/2r2p1p/R5p1/4q3/1pB5/3r3P/PP3PP1/2Q2R1K w - - 1 31,f1e1 c7c4 e1e5 c4c1,1556,120,100,66,equality middlegame short,https://lichess.org/9B70ky2b#61,
ikzls,r2q1rk1/1pp2pp1/3pB1Np/1Pb5/1p2n3/1Q5P/P4PP1/RN3RK1 b - - 0 17,f7e6 b3e6 f8f7 e6e4,1450,126,100,53,equality fork middlegame short,https://lichess.org/IbNsm9YR/black#34,
ilEMl,8/4k3/4R3/5Kp1/4Bp2/8/5r2/4q3 b - - 1 57,e7d7 e4c6 d7c7 e6e1,1529,489,0,4,discoveredAttack endgame equality short,https://lichess.org/mjDAkV9y/black#114,
isofU,8/8/2pr4/4K3/2R5/2p5/2k5/8 b - - 3 78,c2b3 c4c3 b3c3 e5d6 c3d4 d6c6,1579,127,100,46,endgame equality long rookEndgame,https://lichess.org/wVtaI8TF/black#156,
iuT0r,r2k4/p1b4R/5p2/2pp4/7P/6P1/P1P5/1K6 b - - 0 37,c7g3 h7h8 d8c7 h8a8,1512,130,100,49,endgame equality short skewer,https://lichess.org/G2SGM0IS/black#74,
ivKoj,8/5pk1/4pN2/3bP1p1/1K1P3p/6r1/8/R7 b - - 1 61,h4h3 f6h5 g7h6 h5g3,1518,134,100,52,endgame equality fork short,https://lichess.org/2e2bTWLh/black#122,
iwCV9,r3q1k1/5p2/2pQ2pB/4Pb1p/8/7P/5PP1/6K1 b - - 5 38,a8d8 d6f6 e8f8 h6f8,1446,124,100,80,endgame equality short,https://lichess.org/0tK9xYKp/black#76,
iwiEa,2r1rbk1/pb2Np1p/1q4p1/3Q4/2P5/P4B2/R4PPP/5RK1 b - - 6 21,f8e7 d5b7 b6b7 f3b7,1397,102,100,72,equality middlegame short,https://lichess.org/yfFlmxbn/black#42,
iyDpC,r6k/1p5p/p1p5/3pq2P/3N1r2/2P5/PP4P1/2KQR3 b - - 1 24,e5g5 d4e6 g5f6 e6f4,1371,96,100,90,endgame equality fork short,https://lichess.org/CATJIkdI/black#48,
j1QPm,3r2k1/p1p2ppp/b1p1r3/4P3/PP3P2/2R2P2/7P/4R1K1 b - - 0 27,d8d3 c3d3 a6d3 e1d1,1573,131,100,48,endgame equality short,https://lichess.org/SFvtg4wI/black#54,
j1qdn,3r2k1/3rpp1p/2p3p1/8/Pq2PP2/2Bp1QPP/6K1/2R5 b - - 0 35,b4c3 c1c3 d3d2 f3d1,1502,114,100,76,endgame equality hangingPiece short,https://lichess.org/z7TVS5yW/black#70,
j6nRT,r1b1kbnr/pppp1ppp/5q2/nB2N3/4P3/8/PPPP1PPP/RNBQK2R w KQkq - 1 5,e5d7 c8d7 b5d7 e8d7,1310,139,100,43,equality opening short,https://lichess.org/luaR13h7#9,
j7gZP,r2q1rk1/3p1ppp/4p3/1b2P3/1PNQ4/2p1P3/2P3PP/R4RK1 b - - 0 21,a8a1 f1a1 b5c4 d4c4,1368,143,100,49,equality middlegame short,https://lichess.org/Xke0E8tF/black#42,
jBBd5,1n4k1/2r2pp1/ppp2n1p/3pN3/5P2/BBP3K1/P1P3PP/R7 w - - 4 24,a3d6 f6e4 g3f3 e4d6,1379,131,100,36,equality fork middlegame short,https://lichess.org/bwKsugPt#47,
jILla,r2q1r1k/ppp3pp/2npQ3/4P3/2B5/2P5/P4PPP/R1B1K2R w KQ - 1 13,e5d6 f8e8 e1g1 e8e6,1486,140,100,47,equality middlegame pin short,https://lichess.org/3HpmCQ7y#25,
jJ84h,8/pp4k1/4r1Pp/4b2P/4R1K1/6P1/8/8 b - - 7 40,b7b5 g4f5 e6e7 e4e5 e7e5 f5e5,1537,142,100,46,endgame equality long,https://lichess.org/UnQ1BNtf/black#80,
jK2sm,6rk/3q1prp/3p4/p2Pbp1Q/1pP1p3/6PR/P1B2P1P/1R4K1 b - - 0 28,f5f4 c2e4,1371,83,100,124,equality middlegame oneMove,https://lichess.org/prEXN9w8/black#56,
jLlf3,4R3/P4K2/5p2/1p4p1/8/4Bk2/r7/8 w - - 0 54,a7a8q a2a8 e8a8 f3e3,1599,118,100,56,endgame equality short,https://lichess.org/1G1ELA10#107,
jTLX0,r1r3k1/4bpp1/3p3p/q1nPp1PP/1pB2P2/1P2Q3/P7/1KNR3R b - - 0 24,e5f4 e3e7 c8e8 e7d6,1399,100,100,90,equality hangingPiece middlegame short,https://lichess.org/vlg9mnC0/black#48,
jTaJO,1k1r4/ppp5/8/4PQq1/PP2p1pN/4P1P1/1n3P2/R2r1K1R w - - 3 33,a1d1 d8d1 f1g2 g5f5 h4f5 d1h1,1551,500,0,1,equality long middlegame,https://lichess.org/PXC2fMYH#65,
jVaGc,2r2rk1/p4pp1/bp2p2p/2qpP3/5PP1/P1N1RN1P/1P6/R3Q1K1 w - - 3 24,g1h2 d5d4 f3d4 c5d4,1418,117,100,70,equality fork middlegame short,https://lichess.org/vGB9jBge#47,
jVrET,1k6/1pp2ppp/p7/4Q3/3r4/P3bPPK/1P2q2P/2R5 b - - 0 25,e2f3 e5c7 b8a7 c7c5,1591,135,100,46,endgame equality short,https://lichess.org/l7lZmDhe/black#50,
jZ4vz,6k1/1P3p2/7p/3Kn3/8/8/PP4p1/8 b - - 0 47,g2g1q b7b8q g8h7 b8e5,1354,114,100,54,advancedPawn endgame equality fork promotion short,https://lichess.org/DLrK0BKR/black#94,
jZDct,r1bqk2r/2p1nppp/p1np4/1p6/1b1PP3/1B3N2/PP3PPP/RNBQ1RK1 w kq - 1 10,b3f7 e8f7 a2a3 b4a5,1557,176,100,32,defensiveMove equality hangingPiece opening short,https://lichess.org/5XA2Akvq#19,
jZVNs,1r1r2k1/pp1R1pp1/2n4p/4p3/8/2P1PB2/PP4PP/R5K1 w - - 1 20,f3c6 b7c6 d7d8 b8d8,1355,131,100,48,endgame equality short,https://lichess.org/Nc9B8cT4#39,
jcKI9,8/5p1p/1pk5/1Rb1rp2/8/2PK1R2/8/1N6 w - - 2 40,d3c4 e5e4 c4b3 c6b5,1483,112,100,66,deflection endgame equality short,https://lichess.org/Dq7HtFh9#79,
jcdLa,r3k2r/p1pn1ppp/1p2p3/1Bb1P3/3n1B2/P4N2/1P1K1PPP/3R3R w kq - 1 15,f3d4 c5d4 b5d7 e8d7 d2e2 c7c5,1545,118,100,47,defensiveMove equality long middlegame,https://lichess.org/OfpfrfCM#29,
jedfz,4rrk1/pp4pp/2p2qb1/3n1P2/4P3/6P1/PPQ3BP/3R1RK1 b - - 0 21,d5e3 c2b3 g6f7 b3e3,1416,141,100,40,equality fork middlegame short,https://lichess.org/Nd8Fs4U4/black#42,
jfpAd,r1bq3r/p2pk1pp/1p1Npp2/2R5/3Q4/8/PPP2PPP/4R1K1 w - - 0 19,d6c8 a8c8 c5c8 d8c8,1503,437,0,3,equality middlegame short,https://lichess.org/aZyoAL9P#37,
jjDoZ,8/ppk5/1r6/B5p1/8/K7/P6P/8 b - - 1 39,c7d6 a5b6 a7b6 a3b4,1533,121,100,50,defensiveMove endgame equality short,https://lichess.org/3q1Cpt5X/black#78,
jjZ8R,6k1/5p1p/1p6/3b1Bp1/1P2p1P1/4R2P/1P1n1P2/7K w - - 0 34,h1h2 d2f1 h2g1 f1e3,1555,95,100,77,endgame equality fork short,https://lichess.org/1cWuxICW#67,
jjw7i,r1bq1rk1/pp3pp1/2p1p2p/4P3/2PN1n2/P2B4/2QB1PPP/R3K2R w KQ - 1 18,d2f4 d8d4 e1g1 d4f4,1544,137,100,56,equality fork hangingPiece middlegame short,https://lichess.org/Npyc0nYi#35,
jmpyh,r1bq1rk1/4bppp/2n2n2/1pp1p3/1P1pP3/3P3P/BNPB1PP1/R2QK1NR b KQ - 0 16,c5b4 a2f7 f8f7 a1a8,1552,150,100,61,discoveredAttack equality opening short,https://lichess.org/s0LYYHYd/black#32,
jq8CZ,8/4k3/pp2npb1/2p4p/1PP1P2P/P2BK3/6P1/8 b - - 3 44,e7d6 e4e5 d6e5 d3g6,1469,91,100,105,discoveredAttack endgame equality short,https://lichess.org/DAOl1rbt/black#88,
jqTcc,3R1b1r/pBp2k2/1p3p2/8/7p/2N4P/PPn3P1/4R1K1 w - - 0 20,e1e8 f8c5 g1f1 h8e8,1372,328,0,5,discoveredAttack equality middlegame short,https://lichess.org/5Gr1DCGv#39,
jqVbF,r3k2r/pp2bpp1/2p4n/3p4/5PPq/1P2P2p/P3Q2P/RN1RBK2 b kq - 4 20,h4f6 g4g5 f6f5 g5h6,1422,115,100,61,equality fork middlegame short,https://lichess.org/mUado0t1/black#40,
jsuSh,1nkq3r/1p3pp1/p2b1nb1/P2pp2p/B7/2NP1PNP/1PP3P1/R2Q1R1K w - - 1 19,d3d4 e5d4 d1d4 d6g3,1579,117,100,53,discoveredAttack equality middlegame short,https://lichess.org/Sfy3uhvV#37,
jvgyH,8/2k3p1/7p/2P4P/5p2/3K4/8/8 b - - 1 56,f4f3 d3e3 c7c6 e3f3,1383,243,0,25,endgame equality pawnEndgame short,https://lichess.org/HnHuiwXi/black#112,
jwCL8,2r3k1/pb2bpp1/4p2p/4P3/2p2P2/2N5/PPP3PP/3R3K b - - 0 21,a7a6 d1d7 e7b4 d7b7 b4c3 b2c3,1459,127,100,67,endgame equality fork long,https://lichess.org/cHE4pmvB/black#42,
jyNIV,8/7p/1p2N1k1/p4pp1/4Q3/1P3P1P/q5P1/7K w - - 0 36,e4d3 a2a1 h1h2 a1e5,1475,150,100,45,endgame equality short,https://lichess.org/HI4Fmc47#71,
jyOUk,r1b1k2r/1p2b1p1/pq1p4/5p1p/5Pn1/3Q1N1P/PPP1B1P1/R2N1R1K w kq - 0 17,h3g4 h5g4,1406,125,100,55,discoveredAttack discoveredCheck equality kingsideAttack oneMove opening,https://lichess.org/7FtWLB3A#33,
jz2xL,1r4k1/4bppp/5n2/3p4/B3p3/1p2P1P1/1R3P1P/B5K1 b - - 1 29,e7a3 b2b3 b8b3 a4b3,1365,135,100,44,endgame equality short,https://lichess.org/RSXD1R3j/black#58,
k0w73,r1b2rk1/1pp2ppp/p2p4/4q3/1N2P3/8/PPP2PPP/R1BQR1K1 w - - 0 13,f2f4 e5c5 e1e3 c5b4,1493,100,75,78,equality fork middlegame short,https://lichess.org/jFGD7c8T#25,
k4MFi,8/2k2pp1/PR5p/1K6/r7/1p5P/5PP1/8 w - - 0 40,b5a4 c7b6 a4b3 b6a6,1347,118,100,70,endgame equality hangingPiece short,https://lichess.org/MX6PoKm6#79,
k5FSl,rn1Q1b1r/pppb2p1/4kn1p/4N3/4P3/2N5/PPP2PPP/R1B2RK1 w - - 1 11,f2f4 f8c5 g1h1 h8d8,1551,110,100,62,discoveredAttack equality opening short,https://lichess.org/gy2gVF61#21,
k8zKy,8/p1k1b3/1p2P1p1/1Pp1N2p/N1Pp1r2/P2P4/6KP/4R3 w - - 0 33,e5g6 f4g4 g2f3 g4g6,1324,186,0,26,endgame equality fork short,https://lichess.org/dpEuXRfb#65,
kC14w,8/8/4rqkp/1Q1R2p1/1b3p2/P4P1P/6PK/8 b - - 0 42,b4a3 b5d3 g6h5 d3a3,1598,115,100,57,endgame equality fork short,https://lichess.org/if9Wt74K/black#84,
kFxhN,r6k/pp4bp/6p1/8/5Bb1/2P2P1q/PPB2P1N/R3R1K1 w - - 0 24,h2g4 h3f3 f4g3 f3g4,1413,121,100,69,equality fork middlegame short,https://lichess.org/szP3TdHj#47,
kHayt,5rk1/5p1p/p3p1p1/3p4/2q1n3/2P1KP2/3BQ2P/6R1 b - - 3 30,e4c3 e2c4 d5c4 d2c3,1450,115,100,63,capturingDefender endgame equality intermezzo short,https://lichess.org/66sfvjDD/black#60,
kIh8Z,rn3rk1/3bbppp/Pq1p1n2/2pP4/4PP2/2NB1N1P/1P4P1/R1BQK2R w KQ - 1 14,e1g1 c5c4 g1h2 c4d3,1558,127,100,53,discoveredAttack discoveredCheck equality middlegame short,https://lichess.org/Vhjk8Wxg#27,
kLMA0,r2q1b1k/1p3p1p/p6p/2p2P2/P2pP1Q1/1b3R2/1P4PP/R5K1 b - - 0 23,d8g5 g4g5 h6g5 f3b3,1546,199,0,27,equality middlegame short,https://lichess.org/pzMxDtcF/black#46,
kNNBX,r2q1r2/1p3pk1/1pnp2N1/3Bpp1p/1P2P1P1/2PP3P/5P2/R2Q1RK1 w - - 1 20,g6h4 d8h4 a1a8 f8a8,1312,85,100,132,equality hangingPiece middlegame short,https://lichess.org/MXTgWmhJ#39,
kO8nY,2krr3/Rbpp1ppp/1q6/3P4/4P3/2NB2Pn/1P3P1P/3Q1R1K w - - 3 19,a7a2 h3f2 f1f2 b6f2,1373,97,100,102,equality fork middlegame short,https://lichess.org/sIIHetqL#37,
kQod4,r2r3k/6bn/5p1p/pQ1p1bp1/P2P4/2P3P1/1P1NqPP1/2KRN2R b - - 0 26,e2f2 h1f1 f2g3 f1f5,1396,157,100,45,equality middlegame short skewer,https://lichess.org/7gO2JVM9/black#52,
kUTri,R7/5k2/p7/6p1/1P2P3/1K2N3/7r/8 w - - 0 49,a8a6 h2h3 b3c4 h3e3,1400,150,100,41,endgame equality pin short,https://lichess.org/zmCPOnRY#97,
kVPyO,8/3R3p/p7/6k1/3K3p/r1N5/6b1/8 b - - 1 45,h7h6 d7g7 g5f5 g7g2,1455,116,100,42,endgame equality short skewer,https://lichess.org/9WB4J4i3/black#90,
kXY7r,r5k1/p4r2/2p3p1/3p2q1/3N1pb1/5Q2/PPP3B1/4R1KR w - - 8 27,f3b3 f4f3 d4f3 g4f3,1440,124,100,57,equality middlegame short,https://lichess.org/ec0Wz4Bd#53,
kZOtr,2kr3r/R7/1p1p3p/p1pP2p1/2P5/1q6/6P1/4R2K b - - 1 35,c8b8 e1e7 d8d7 e7d7,1397,119,100,67,endgame equality queenRookEndgame quietMove short,https://lichess.org/nlpKfJW5/black#70,
kalc6,1k5r/1R4pp/5r2/2np1p2/3p4/3QP1P1/1P3P1P/6K1 b - - 0 33,b8b7 d3b5 f6b6 b5c5,1323,109,100,71,endgame equality fork short,https://lichess.org/OeMSnrzZ/black#66,
kbUxw,r5nr/p5pp/2k2p2/2pq4/1B2p3/4PQ2/P4PPP/2R1K1NR w K - 0 19,c1c5 d5c5 f3e4 c5d5,1406,111,100,64,equality middlegame short,https://lichess.org/eojlFxqG#37,
kcLaD,2kr1b1r/ppnqp3/2p2p2/7p/3P1N2/3BPQ2/PPPK2P1/7R b - - 9 21,d7g4 f3g4 h5g4 h1h8,1480,129,100,58,equality middlegame short,https://lichess.org/UVOT7SlN/black#42,
ke1R9,r4rk1/ppqb1ppp/3b4/5n2/2Np1B2/1Q1P4/PP2B1PP/R4RK1 w - - 2 17,f4d6 f5d6 c4d6 c7d6,1401,80,100,161,equality middlegame short,https://lichess.org/k1hdXYMo#33,
kmG3P,r4r1k/2p5/1p2b3/6Q1/2Pq1P2/p3R2P/6PK/4R3 w - - 0 32,e3e6 d4f4 g5f4 f8f4,1423,100,100,80,endgame equality short,https://lichess.org/FQRxhywY#63,
koDuh,2r3k1/4R1B1/7p/1p4p1/1P4P1/8/1n4K1/8 w - - 9 48,g7b2 c8c2 g2g3 c2b2,1374,316,0,10,endgame equality fork short,https://lichess.org/N5OtlvAG#95,
kqLp3,6B1/2p5/pr1k3R/5p2/q3p3/1RB1Pb2/2K5/8 b - - 1 50,d6c5 c3d4 a4d4 e3d4,1488,159,100,42,equality exposedKing middlegame short,https://lichess.org/5P5z3E3Z/black#100,
krGuI,Nn4k1/p4ppp/3q4/2p1p3/8/6P1/P3PPBP/1R3K1R w - - 0 23,a8c7 d6c7,1359,420,0,4,endgame equality hangingPiece oneMove,https://lichess.org/UeziiVPe#45,
ksbTs,rnbk1b1r/1p5p/1p3p2/2p1n2Q/3pP2P/P2P4/1PPB2P1/2K1RB1R w - - 5 19,h1g1 c8g4,1484,148,100,48,equality middlegame oneMove,https://lichess.org/UEUdrERy#37,
ksjvS,8/5pkp/2R1b1p1/6N1/2Pr1P2/1r5P/6PK/8 b - - 2 32,d4c4 g5e6 g7f6 c6c4,1562,121,100,59,endgame equality intermezzo short,https://lichess.org/dEDHIqjq/black#64,
kwhAJ,2kr2r1/pppn1p1p/8/3P4/5P1q/6n1/PPP1BB1P/R2QK2R w KQ - 1 15,f2g3 g8g3 h2g3 h4h1,1396,143,100,55,equality middlegame short,https://lichess.org/Z7Fg1BNQ#29,
kxYTH,3r2k1/5pp1/7p/2p5/QrNq4/3PR2P/1P4P1/1R5K w - - 1 33,a4c2 b4c4 c2c4 d4e3,1563,119,100,63,capturingDefender equality middlegame short,https://lichess.org/oyGLutVN#65,
kxmhk,8/pp5p/1kp3p1/8/P7/5QP1/2q4P/4rB1K b - - 0 36,c2a4 f3f2 b6c7 f2e1,1371,84,100,124,endgame equality fork short,https://lichess.org/1yD0ZLdn/black#72,
kzNHM,3r1r2/4q1pk/pp5p/5p2/3N1P2/P1P3Pn/1P5Q/RBK2R2 w - - 5 46,h2h3 e7e3 c1c2 d8d4,1593,500,0,1,equality middlegame queensideAttack short,https://lichess.org/UieSmwSy#91,
kzhCS,8/1p3r1k/p6p/2P3p1/PN2P3/5P1P/1n3BP1/3R2K1 w - - 5 34,c5c6 b2d1 c6b7 f7b7,1413,113,100,49,endgame equality hangingPiece short,https://lichess.org/L2aiaVAS#67,
l1bt0,8/8/2b5/1pP5/p3p1k1/K7/2N5/8 b - - 1 63,g4f3 c2d4 f3f4 d4c6,1381,123,100,63,endgame equality fork short,https://lichess.org/HQ9F2GhW/black#126,
l34eU,r1bqr1k1/p4ppn/3b3p/1ppQ4/5P2/P1P1P3/1PB3PP/R1B2RK1 b - - 0 16,h7f6 d5a8 d8c7 a8f3,1586,167,0,36,defensiveMove equality hangingPiece middlegame short,https://lichess.org/wFZ2i9LC/black#32,
lB4Lw,3q1r1k/ppp3p1/2n4p/2Q1Pp2/5P2/4r1P1/PP4KP/R4R2 b - - 2 25,d8d2 f1f2 f8d8 f2d2,1549,163,100,39,defensiveMove equality middlegame short,https://lichess.org/xHkfN8Fk/black#50,
lD0xk,rn1q3r/ppp3kp/3pP3/b4R2/3P2p1/2P3Pn/PP4QP/RN2K3 b Q - 0 18,d8e7 f5f7 e7f7 e6f7,1396,93,100,107,advancedPawn equality fork middlegame short,https://lichess.org/7ZDRLV91/black#36,
lFleY,5rk1/1p2qppp/8/3p1P2/rp2n1P1/3B4/7P/1Q2BR1K b - - 0 24,a4a3 e1b4 e7b4 b1b4,1543,126,100,39,equality fork middlegame short,https://lichess.org/TuQiW7Mp/black#48,
lFt4e,5k2/P4p2/8/K6p/1R6/4r3/1P4p1/8 b - - 0 39,e3e8 b4b8 g2g1q b8e8 f8e8 a7a8q,1503,124,100,56,advancedPawn attraction endgame equality long promotion rookEndgame,https://lichess.org/XfcYTo93/black#78,
lGMgp,3k3r/R6p/1p6/p2p4/PBn1p3/2P5/2P2KPP/8 b - - 5 34,a5b4 a7a8 d8d7 a8h8,1395,91,100,105,endgame equality short skewer,https://lichess.org/NJ6w6o0g/black#68,
lGWF0,8/1p6/p3k3/1b1N4/1P1K4/6p1/P7/8 b - - 0 49,g3g2 d5f4 e6d6 f4g2,1553,100,100,80,endgame equality short,https://lichess.org/EhHFgEcQ/black#98,
lL88N,r3k2r/p3nppp/1pn3b1/1Q1Nq3/2B5/3PP3/P4PPP/R4RK1 b kq - 1 17,e8g8 d5e7 e5e7 b5c6,1404,116,100,48,equality middlegame short,https://lichess.org/JplaJ9Yy/black#34,
lNUn5,4r1k1/7p/3P2pb/3q1p2/1pNB3P/1P6/P4QP1/R5K1 w - - 0 34,a1e1 e8e1 f2e1 d5d4,1323,88,100,132,equality middlegame short,https://lichess.org/MOJ1Dhy7#67,
lNtua,2kr3r/pp5p/2R2p2/6p1/Q7/P2pq1P1/P5PP/5R1K b - - 0 23,b7c6 a4c6 c8b8 f1b1,1560,156,100,42,endgame equality queensideAttack short,https://lichess.org/hVMMxMXD/black#46,
lO8Jr,R7/8/8/3rk3/2K2p2/8/8/8 b - - 1 62,e5e4 a8e8 d5e5 e8e5 e4e5 c4d3,1486,124,100,54,defensiveMove endgame equality long rookEndgame,https://lichess.org/Uaj5XSZ5/black#124,
lQ0QW,8/1b3Bk1/7p/3PN3/8/8/5rPK/8 b - - 0 44,g7f6 e5g4 f6f7 g4f2,1357,83,100,118,endgame equality fork short,https://lichess.org/GZZZy5mz/black#88,
lS33M,7k/6p1/p2B1p1p/2p2P2/2Pq3P/1P3Q2/5PK1/8 w - - 3 39,h4h5 d4d6 f3a8 h8h7,1393,155,100,44,defensiveMove endgame equality hangingPiece short,https://lichess.org/jFlAMdOh#77,
lT3WF,r4rk1/p5bp/2n1bnp1/1ppq4/8/2NPQ3/PPP2PPP/R1B2RK1 b - - 5 13,d5h5 e3e6 g8h8 e6c6,1344,182,100,36,equality fork hangingPiece middlegame short,https://lichess.org/5QRlIIBT/black#26,
lW0YP,8/5Rp1/1n2B1p1/6k1/p2P4/4K3/Pr3PPP/8 w - - 0 30,f7g7 g5f6 g7g8 f6e6,1544,152,100,40,endgame equality short,https://lichess.org/sZlH5hCL#59,
lXT19,r2q1r2/p1p1kp1Q/1p1p2p1/3Pb3/4N1B1/7P/PPP2PP1/R4RK1 w - - 1 21,a1e1 f8h8 e4g5 h8h7,1561,177,100,32,equality middlegame short trappedPiece,https://lichess.org/Y6SfDWBo#41,
lY7Hr,r4r2/pp1n1bpk/2p4p/2q5/3NP3/1P2Q1R1/P1P3PP/3R3K b - - 6 24,a8d8 g3g7 h7g7 d4f5 g7f6 e3h6,1400,485,0,2,attraction deflection equality long middlegame sacrifice,https://lichess.org/Oclu5VJ7/black#48,
lYzYy,r1bqkbr1/pp2np2/2n1pBpp/2p5/4N3/1B1P1N2/PPP2PPP/R2QK2R w KQq - 2 10,e4c5 d8a5 f3d2 a5c5,1577,114,100,61,equality fork opening short,https://lichess.org/pObNaDYD#19,
laVHE,8/1p6/p7/P7/1Pk1n3/2P5/2K4R/6r1 b - - 10 52,e4c3 h2h4 c4b5 c2c3,1371,154,100,43,deflection endgame equality short,https://lichess.org/Y9w8Ss9h/black#104,
lbY2a,6k1/p1r2pp1/3Np2p/3p4/2b5/q5P1/PRQK1P1P/8 b - - 0 26,a3d6 b2b8 d6f8 b8f8,1363,183,100,41,endgame equality short,https://lichess.org/AhdWnm8F/black#52,
lbpgI,8/8/5QK1/8/6P1/3q4/5Pk1/8 w - - 3 61,g6g7 d3d7 g7g6 d7g4,1572,112,100,62,endgame equality queenEndgame short,https://lichess.org/9vnGLUTO#121,
lcUkW,8/2p2k2/1p1p2p1/2bP1pPP/n1P2P2/1R5R/2n1K3/8 w - - 1 47,h5h6 c2d4 e2d2 d4b3,1301,159,100,60,endgame equality fork short,https://lichess.org/4T66mtWH#93,
leyqY,8/4kp1R/2P1p3/1p2b3/p3B1P1/P1P1nP2/KP6/8 w - - 5 38,h7h8 e5h8 c6c7 e7d7,1529,150,100,40,endgame equality hangingPiece short,https://lichess.org/1RvcThAO#75,
lgGsp,8/ppr2p1p/5kp1/8/6b1/4N3/PR3K2/8 b - - 5 32,g4f5 e3d5 f6e5 d5c7,1463,178,100,41,endgame equality fork short,https://lichess.org/i9PPpnvq/black#64,
lgJAj,Q7/5pbk/5np1/5r1p/8/1P1pq3/5NPP/3B1RK1 b - - 1 38,f6e4 a8e4 e3e4 f2e4,1399,121,100,62,equality master middlegame short,https://lichess.org/Ff0C6Qss/black#76,
lkm9t,r1b1k2r/pp1p1pp1/5n1p/4q3/1bP5/2NBP3/PPQ2PPP/R3K2R b KQkq - 3 13,d7d5 c2a4 c8d7 a4b4,1562,162,9,37,equality fork middlegame short,https://lichess.org/RFRr2wh2/black#26,
llx9f,8/P1R5/8/4p2k/4P1pP/5p2/5P1K/r7 w - - 9 47,c7f7 h5h4,1531,500,0,0,endgame equality oneMove rookEndgame,https://lichess.org/8IvkBM4t#93,
lmHRx,r2qkb1r/1p1N1ppp/p3p3/1N1p4/Q2P4/8/PP3PPP/R3K2R b KQkq - 0 16,d8d7 b5c7 e8d8 a4d7 d8d7 c7a8,1516,173,100,34,discoveredAttack equality long middlegame pin,https://lichess.org/EGEbh0Fl/black#32,
lmmjj,rnbq1rk1/pp2bpp1/2pp1n1p/4p1N1/2B1P2P/2NP2P1/PPP2P2/R1BQK2R b KQ - 0 8,h6g5 h4g5,1536,130,100,52,equality oneMove opening,https://lichess.org/5hIBh833/black#16,
lpmo8,3r2k1/1pp2ppp/p7/8/2n2P2/2P4B/P1P4P/R1K5 b - - 2 24,d8d2 h3f1 d2h2 f1c4,1424,144,100,66,endgame equality short,https://lichess.org/KK3PR9CT/black#48,
lseCx,6k1/p4pp1/8/3pp2p/7q/1P4rP/P1P4R/3R1Q1K w - - 2 31,d1d2 h4e4 h2g2 g3h3,1531,113,100,71,deflection endgame equality interference short,https://lichess.org/xrVpf7pj#61,
ltwNA,1r2kb1Q/1p3pBB/3q4/p7/b1p2P2/P3P3/7P/KR6 w - - 2 40,h8f8 d6f8 g7f8 e8f8,1426,120,100,65,equality middlegame short,https://lichess.org/MOnjOpO8#79,
lw9oV,5r2/pBp5/1p1k4/2bNp2p/q2n2pP/P2P2P1/1PP3P1/R2Q3K w - - 0 28,d5c3 a4c2 d1c2 d4c2,1598,141,100,49,equality middlegame short,https://lichess.org/BGREHWee#55,
lwQir,r2qr1k1/p1p2p1p/2p2bpB/1n1p1b1P/8/2P3Q1/PP1N1PP1/R3R1K1 b - - 0 16,f6h4 e1e8 d8e8 g3h4,1537,136,100,43,equality kingsideAttack middlegame pin short,https://lichess.org/pWBQn5dA/black#32,
lwzTM,8/1pQ3p1/p1p1k2p/5p2/6b1/2BP2P1/qPP3PP/6K1 w - - 2 29,c7g7 a2b1 g1f2 b1c2,1483,162,100,42,endgame equality short,https://lichess.org/UHznHTeM#57,
lxv5N,3qr1k1/p4pbp/1p1p2p1/4p2r/4QP2/2P1BN2/PP4PP/R4RK1 w - - 2 20,e4d3 e5e4 d3d2 e4f3,1376,134,100,58,equality fork middlegame short,https://lichess.org/t7RlLmLe#39,
lzDBO,8/8/8/5kpp/3K4/5PPP/8/8 w - - 0 43,g3g4 h5g4 f3g4 f5f4 d4d5 f4g3 d5e4 g3h3,1361,328,33,15,endgame equality pawnEndgame veryLong,https://lichess.org/hDR3SXNg#85,
m0Cy8,8/pp1k1pp1/2p3np/3p4/5P2/3B1PK1/PP5P/8 b - - 1 33,d7e6 f4f5 e6f6 f5g6,1388,160,100,36,endgame equality fork short,https://lichess.org/JB7W6ua2/black#66,
m0ksU,8/p4p2/1p3k2/2p3b1/1P2P3/2P1Bp2/P2NbK2/8 b - - 2 33,g5e3 f2e3 c5b4 c3b4,1406,105,100,52,endgame equality short,https://lichess.org/Cjms9Ufw/black#66,
m0xng,4r1k1/pp1b2pp/5p2/3p1P2/1P3BP1/P1qB1R1P/7K/1Q6 w - - 1 29,b1c2 c3c2 d3c2 e8e2 h2g1 e2c2,1497,89,100,100,equality fork long middlegame,https://lichess.org/qKXDZehc#57,
m1447,8/8/4k3/4P2R/5PP1/5K2/2b5/6b1 w - - 1 40,g4g5 c2d1 f3g2 d1h5,1562,132,100,60,endgame equality short skewer,https://lichess.org/4T9K26HF#79,
m4zdn,2r2rk1/Q1p1qpbp/bpnppnp1/1P6/2PPP3/2NBBP1N/P5PP/3R1RK1 w - - 1 17,b5c6 c8a8 a7a8 f8a8,1455,121,100,64,equality middlegame short trappedPiece,https://lichess.org/ERtPBxad#33,
m5a1A,4r1k1/1pR2pbp/1B1P4/1q2Pbp1/5P2/1B6/P2Q2PP/6K1 w - - 3 28,d2d5 b5b6 d5c5 b6c5,1504,127,100,58,equality hangingPiece middlegame short,https://lichess.org/QYxAVmbf#55,
m6pth,r2q1rk1/1b2bppp/p1npp3/2p4n/2P2B1P/P1NBPN2/1P2QPP1/R3K1R1 w Q - 2 13,d3h7 g8h7 f3g5 e7g5,1441,119,100,57,equality hangingPiece middlegame short,https://lichess.org/5nXE0qHL#25,
mCEJt,1r6/4k3/2R1n1pp/1NP1p3/1P2P3/1K3P2/6PP/8 w - - 1 39,b5c7 e6d4 b3c4 d4c6,1444,114,100,67,endgame equality fork short,https://lichess.org/9cWn4Is7#77,
mCIOV,1r3rk1/p2q1p1p/4p1pB/2p5/1pP2Q2/1P1P4/P4PPP/4R1K1 b - - 0 21,d7d4 f4d4 c5d4 h6f8,1507,437,0,1,endgame equality short,https://lichess.org/EqJ2jcXh/black#42,
mFMn5,5r1k/p2Q1p2/1p3qpp/n7/4R3/P7/1P3PPP/R5K1 w - - 1 24,d7d4 f6d4 e4d4 a5b3 a1d1 b3d4,1453,86,100,116,attraction endgame equality fork long,https://lichess.org/DuI4SiYY#47,
mFaac,r4bkr/pq4pp/6n1/3p1Q2/3B4/P7/1P3PPP/4RNK1 b - - 0 24,f8d6 f5e6 b7f7 e6d6,1553,148,100,37,equality fork middlegame short,https://lichess.org/4ziuB7GW/black#48,
mGAf8,2k4r/1pp2ppp/p1p5/4b3/1q2n3/1PN1Q2P/PBPr1PP1/2R2RK1 w - - 0 15,e3e4 e5c3 e4b4 c3b4,1599,105,100,59,equality middlegame short,https://lichess.org/wNXSyiTv#29,
mHFb6,2k1r3/5pbp/8/4N1p1/4nP2/1P5P/1BP3P1/5RK1 w - - 0 22,f4g5 g7e5 b2e5 e8e5,1502,116,100,54,endgame equality short,https://lichess.org/M8O7U1pz#43,
mMBXI,8/8/2k5/8/5K2/2pR4/8/2r5 b - - 0 60,c3c2 d3c3 c6d5 f4e3,1557,143,100,44,defensiveMove endgame equality rookEndgame short,https://lichess.org/7jHoasjD/black#120,
mMSKH,r1b2rk1/5ppp/2n1p3/4q3/p1p1P3/2P5/3BB1PP/2RQ1R1K b - - 0 24,e5e4 e2f3 e4d3 f3c6,1403,103,100,82,equality middlegame short skewer,https://lichess.org/JXNSZJTm/black#48,
mMVFF,2b2r1k/2r1q1p1/1pN3Pp/pP1p3P/P3p1B1/1K2P3/2P5/4Q1R1 b - - 3 37,c7c6 b5c6 c8g4 g1g4,1525,144,100,46,equality hangingPiece middlegame short,https://lichess.org/CBQNUN8M/black#74,
mMjT6,8/8/5p2/R4Pk1/p7/6BK/1b6/r7 b - - 2 44,b2e5 g3e5 f6e5 a5e5,1544,143,100,48,endgame equality short,https://lichess.org/qMTHilTt/black#88,
mPu1X,2r1kb2/pp2p1p1/2q3r1/7p/1Q3B2/3P2P1/PPP2P1P/2KR3R w - - 1 18,c2c3 e7e5 b4b3 e5f4,1477,111,100,67,equality middlegame short,https://lichess.org/0uVWLasd#35,
mSXKJ,8/R1p2r2/1pP1n2p/3pk3/1N5P/8/6K1/8 b - - 0 48,f7f4 b4d3 e5f5 d3f4,1367,149,100,40,endgame equality fork master short,https://lichess.org/9ndw5SqI/black#96,
mSz9m,r1b3k1/pp2qp1p/2p2np1/8/4PPn1/1BN5/PPP1Q1PP/R3R1K1 w - - 1 17,e4e5 e7c5 g1h1 g4f2,1446,124,100,61,equality middlegame short,https://lichess.org/LqoCLvxq#33,
mTLK4,1k3rnr/1pp3p1/p7/P5P1/1nPB3p/3P3P/5PK1/R4R2 b - - 1 29,b4c2 d4g7 h8h5 g7f8,1543,136,100,42,equality fork middlegame short,https://lichess.org/NZp6SwAb/black#58,
mTPvh,r5qk/1ppQR1bp/3p2p1/p2P4/2P5/1P4P1/P7/6K1 b - - 8 30,a8c8 e7g7 g8g7 d7c8,1518,110,100,67,deflection endgame equality short,https://lichess.org/cbzc3v5M/black#60,
mWcRw,5rk1/1Qp3p1/p5p1/5p2/1PP2n1P/P1bP4/5KP1/5R2 w - - 0 27,f1c1 f4d3 f2e2 d3c1,1557,153,100,37,endgame equality fork short,https://lichess.org/UA96VdKM#53,
mXHr0,r3k2r/pbqp2p1/4p2p/1PPnPp2/R2P4/3B1N2/5PPP/3Q1RK1 w kq - 2 21,g2g3 d5c3 d1b3 c3a4,1561,141,100,34,equality fork middlegame short,https://lichess.org/CaRCeuPw#41,
mXoHv,1k6/p1q2p2/1p2pNp1/1P1pP3/1Pr5/2P1Q3/3K1PP1/8 b - - 4 29,b8b7 f6e8 c7d7 e8d6,1599,127,100,50,endgame equality short,https://lichess.org/I6FWMRJF/black#58,
mYrFx,8/1p2r3/2pk4/P3pB2/3rP3/P1QpK2P/6P1/8 w - - 4 41,h3h4 d3d2 c3d2 d4d2,1435,134,100,50,advancedPawn endgame equality short,https://lichess.org/VmxThJmP#81,
maTrc,5r2/p4p2/1p2r2p/3b1pkB/1P2p3/2P3P1/P5PP/R4RK1 b - - 0 29,g5h5 f1f5 h5g6 f5d5,1457,137,100,53,endgame equality fork short,https://lichess.org/9LxsOQcr/black#58,
meBmy,r1bk1b1r/ppp4p/2Bp1p1n/4p1p1/Q3P1q1/2PP1N2/PP3PPP/RNB1K2R w KQ - 1 13,c6d5 g4g2 h1g1 g2f3,1435,89,100,87,equality fork middlegame short,https://lichess.org/rG8WYwsP#25,
mjQOE,5r2/pp4pk/7p/5n1q/8/1P1Q1R2/P1P3PP/7K b - - 7 33,h5h4 f3f5 f8f5 d3f5,1429,96,100,93,endgame equality short,https://lichess.org/yFE1KQS4/black#66,
mjwUA,3Q4/1b3pkp/p3p1p1/1p6/5P2/1R2K3/6rP/8 w - - 2 35,h2h4 g2g3 e3e2 g3b3,1334,141,100,45,endgame equality short skewer,https://lichess.org/4GJ2a3t0#69,
mmXza,1r6/5R1p/2p3k1/4pp2/K1B1p3/2N3P1/2n4P/7R w - - 3 36,h2h4 b8b4 a4a5 b4c4,1569,127,100,45,endgame equality fork short,https://lichess.org/6vyZiBo1#71,
mn13l,2r1k3/p3br2/1p6/8/2n2B2/4P3/PP3PQP/3RK2R w K - 3 26,g2b7 e7b4 e1e2 f7b7,1552,128,100,60,discoveredAttack equality middlegame short,https://lichess.org/XXvQK24k#51,
moJhK,r1bq1r1k/pppp1p1p/7p/4P3/2B3Q1/7P/PP3PP1/RN2K2R w KQ - 2 14,g4f5 d7d5 f5f4 d5c4,1544,123,100,51,equality middlegame short,https://lichess.org/bWgtUYUQ#27,
mrHfU,3r1k2/7p/p4qp1/1p3p2/1P1n4/P3Q2P/5PP1/3R2K1 b - - 3 30,d4f3 e3f3 d8d1 f3d1,1509,119,100,60,endgame equality hangingPiece short,https://lichess.org/6MhDE23c/black#60,
msteu,2r4k/1p6/p2p4/3P3q/2Pb1R2/7p/PPQ3P1/1R5K w - - 0 32,g2h3 h5h3 c2h2 h3h2 h1h2 d4e5,1599,135,100,49,endgame equality exposedKing long pin,https://lichess.org/yq2yoYtw#63,
mtw56,7R/8/pr2kp2/8/4pn2/1Pp5/P1P1n3/1K2R3 b - - 1 46,f6f5 h8h6 e6e5 h6b6,1499,89,100,103,endgame equality short skewer,https://lichess.org/YrE3hHlP/black#92,
muhyZ,5R2/3k1K2/2r2P2/8/8/8/8/8 w - - 5 74,f8e8 c6f6 f7f6 d7e8,1490,101,100,78,deflection endgame equality rookEndgame short,https://lichess.org/ftURrGDf#147,
mxX8c,2r1r1k1/p2n1pbp/4q1p1/8/2N2Q2/2P2B2/PP3PPP/2R2R1K w - - 3 22,c4d6 g7e5 f4f7 e6f7 d6f7 g8f7,1464,125,100,61,equality long middlegame,https://lichess.org/nYbFaacf#43,
mxrF2,r4rk1/pp4p1/3p1p1B/2n2N2/1qPQP3/3R3P/6P1/2K4R w - - 4 26,d3g3 c5b3 g3b3 b4b3,1354,85,100,127,equality fork middlegame short,https://lichess.org/HUkcX2PG#51,
myFqL,r6k/1pp3b1/1p1p3p/3Ppr1n/2P1q3/1Q3N2/PP1BBP2/R4KR1 w - - 2 27,b3d3 e4d3 e2d3 f5f3,1532,107,100,74,capturingDefender equality middlegame short,https://lichess.org/YvYi6yPi#53,
n0dBm,3r2k1/p5pp/1q2r3/8/2P5/1P1P4/P4PQP/R1B2RK1 w - - 1 23,c1b2 e6g6 b2e5 g6g2,1547,166,100,29,equality middlegame pin short,https://lichess.org/ozPHQW4x#45,
n4xSo,r1bq1rk1/p4ppp/5b2/1N1Rp3/8/5Q2/PPP2PPP/2K4R b - - 0 15,c8b7 d5d8 b7f3 d8f8 g8f8 g2f3,1532,128,100,50,equality long middlegame,https://lichess.org/dLy5cA3x/black#30,
n6Mam,r1b4r/2k2Npp/p2b4/2qpQ3/8/8/PPP2PPP/R3R1K1 w - - 3 19,f7d6 c5d6 e5g7 c8d7,1567,126,100,49,defensiveMove equality middlegame short,https://lichess.org/EwgiWE9q#37,
n6yed,r2r2k1/4Qb1p/4p1pP/p3PpP1/2P5/1P2qN2/P2N4/2RK3R w - - 4 26,e7f6 e3f3 d1c2 f3d3,1590,355,0,3,equality middlegame pin short,https://lichess.org/k3zQKViG#51,
nBhfg,rn2k2r/p4ppp/8/3p4/8/3B1N2/3K1PPP/7R b kq - 1 24,b8c6 d3b5 e8e7 b5c6,1404,80,100,149,endgame equality pin short,https://lichess.org/dyvL0kKc/black#48,
nDpqA,1Q6/8/8/2K5/2p5/8/2k5/2q5 b - - 5 61,c1d2 c5c4 d2d3 c4c5,1564,120,100,59,endgame equality queenEndgame short,https://lichess.org/RIv5BFTy/black#122,
nEIHE,6k1/5p2/2P1n2p/4R1p1/6P1/7r/2K5/8 b - - 0 44,h3g3 e5e6 f7e6 c6c7,1451,119,100,58,advancedPawn endgame equality sacrifice short,https://lichess.org/MNlHFq96/black#88,
nFOdF,r5k1/6p1/p2p3p/1p1P1r2/1P2BN1q/P3Pn1P/6K1/R6Q b - - 0 30,f5g5 g2f3 g5g3 f3e2,1453,150,100,36,equality hangingPiece middlegame short,https://lichess.org/uqwMYc1q/black#60,
nFebh,rn2kbnr/pp2pppp/2p5/6Nb/3QBB1q/5P2/PPP1K3/RN3R2 b kq - 3 11,h4f4 e4c6 b8c6 d4f4,1512,181,100,32,discoveredAttack equality middlegame short,https://lichess.org/KR9Iu7ag/black#22,
nGWpy,2kr2r1/pp2bp1p/5p2/2p5/3Nb3/1PP2NP1/PK3P1P/3RR3 b - - 1 20,e4f3 d4f3 d8d1 e1d1,1517,120,100,71,equality middlegame short,https://lichess.org/Zr225JuK/black#40,
nGXDA,2r3k1/R3R3/6p1/p3p1P1/1p2PnP1/1P6/P7/5K2 w - - 1 35,e7e5 c8c1 f1f2 f4d3 f2e3 d3e5,1490,104,45,68,endgame equality exposedKing fork long,https://lichess.org/NdQ6FXBb#69,
nI74U,8/2q2k2/3Rbppp/p7/3Q4/1P3P1P/P5P1/7K w - - 3 46,h1h2 f7e7 h2h1 c7d6,1586,159,100,41,endgame equality short,https://lichess.org/ujEiiO9Y#91,
nJtEM,4r1k1/r1pR4/6p1/p3p1Np/4Pn2/1P5P/P1P2P1K/3R4 w - - 2 28,d7h7 f4e6 d1d7 e6g5,1544,122,100,55,endgame equality short,https://lichess.org/zOR8ZTC2#55,
nK386,4rk2/R2R3p/6p1/5p2/4q3/6P1/5P1P/6K1 b - - 2 33,e8e7 d7e7 e4e7 a7e7,1576,117,80,58,endgame equality queenRookEndgame short,https://lichess.org/uuOowDlx/black#66,
nLylc,q5k1/p5pp/8/2p2p2/5QP1/2n5/PBP3PP/R2rR1K1 w - - 3 19,e1d1 c3e2 g1h1 e2f4,1495,98,100,85,endgame equality fork short,https://lichess.org/1pJz7kXv#37,
nS9ho,r4rk1/pp2p2p/2pp1bp1/3P2n1/2P1P1P1/P7/1P2N1B1/2R1Q1K1 w - - 7 31,e2f4 f6d4 g1h1 f8f4,1495,132,100,49,discoveredAttack equality kingsideAttack middlegame short,https://lichess.org/XiPiyKD4#61,
nUj7F,r2k3r/1pp3pp/1p1pQ3/4n3/5N2/2PB2P1/PPKP3P/R1B4q w - - 0 21,f4d5 h8e8 e6f5 h1d5,1530,356,0,7,equality middlegame short,https://lichess.org/eb4sJcOI#41,
nYR0E,3k2nr/q2n2p1/2p1p1Bp/P1NpP2P/3P2P1/Q1p5/5K2/8 b - - 2 36,g8e7 c5e6 d8c8 a3e7,1386,114,100,77,deflection discoveredAttack equality middlegame short,https://lichess.org/1XVektsJ/black#72,
naPhR,r4r2/3n1ppk/7p/ppp1p1Pn/4P3/P2P3P/BPPB1R2/5R1K w - - 1 22,f2f7 h5g3 h1g1 g3f1,1398,98,100,92,equality fork middlegame short,https://lichess.org/BROWqToh#43,
ncLkR,6k1/2r2pp1/7p/8/3PBPP1/2p1P2P/n3K3/2R5 w - - 6 41,c1a1 c3c2 e4c2 c7c2,1376,119,100,50,advancedPawn endgame equality short,https://lichess.org/8LtBh4IA#81,
nepaC,2b3k1/p7/2Q5/3p3p/1P3Kp1/2P3bP/1q1r2P1/3R3R w - - 3 34,f4g3 d2g2 g3f4 b2f2,1591,149,100,32,endgame equality short,https://lichess.org/iLoEsGaH#67,
ng8nc,5rk1/1p1r1p2/pb3p1Q/2q5/3N4/3R3P/PP3PP1/6K1 b - - 0 29,d7d4 d3g3 c5g5 g3g5,1327,82,100,135,endgame equality short,https://lichess.org/tCuu3gbZ/black#58,
ngIUq,5rk1/1q3pp1/1n1np2p/1p1p4/3P1B2/1P1Q1P2/2P3PP/R5K1 b - - 4 27,f8a8 a1a8 b7a8 f4d6,1543,148,100,39,equality middlegame short,https://lichess.org/UFPkBGlv/black#54,
niH66,r1b2rk1/1pp2pp1/p2p3p/4p2N/2BnPn2/P2P1Q1P/1PP3P1/R4RK1 w - - 2 18,h5f4 d4f3 f1f3 e5f4,1576,89,100,94,equality intermezzo kingsideAttack middlegame short,https://lichess.org/8Vq5MISx#35,
nlRss,4r1k1/1q2b1pb/p1N4p/1p1Np3/8/PP3P2/1Q4PP/2R3K1 w - - 0 36,b2e5 e7c5 c1c5 e8e5,1419,115,100,52,discoveredAttack equality middlegame short,https://lichess.org/rHEIUjdU#71,
nouwz,5B2/8/8/5n1p/2k5/7R/8/7K w - - 0 52,h3h5 f5g3 h1g1 g3h5,1388,389,0,5,endgame equality fork short,https://lichess.org/f1kGVVv7#103,
np54F,r1r5/2p1qppk/p3p2p/1p5P/6R1/1B1P1Q2/P1P3P1/1R4K1 w - - 1 34,f3e4 f7f5 e4e6 e7e6 b3e6 f5g4,1573,106,100,77,defensiveMove equality fork long middlegame,https://lichess.org/fE60OeT6#67,
nxOJH,8/1p5p/p2p2k1/3N1b2/8/1P4K1/1P1r4/5R2 b - - 6 40,d2b2 d5e7 g6f6 e7f5,1340,114,100,80,endgame equality short,https://lichess.org/Y6Iwrk25/black#80,
nxWLN,r4qk1/1pp1n1p1/p2p1r1p/3Pp3/2PbP3/6Q1/PP1B1PPP/1R3RK1 b - - 4 18,f6f2 f1f2 d4f2 g3f2,1400,83,92,114,equality middlegame short,https://lichess.org/T2JkgbwA/black#36,
o2IUi,7r/p3rk2/1pq1pppp/3p4/3P1P1B/2P1Q2P/4R1P1/7K b - - 2 36,f7g7 h4f6 g7f6 e3e5 f6f7 e5h8,1518,142,100,43,attraction endgame equality long sacrifice skewer,https://lichess.org/Bji0IIvm/black#72,
o3Tmp,2r4r/pp3p1p/5k1b/4p3/4N3/7N/PP4PP/1K1R4 b - - 1 22,f6e6 d1d6 e6e7 d6h6,1300,110,100,72,endgame equality short skewer,https://lichess.org/mlrv6XGC/black#44,
o3ynP,3q1r2/4rp1k/1p1Q4/p1n4p/5B2/2P4P/PP4P1/1bR1R1K1 b - - 0 26,d8d6 f4d6 e7e1 c1e1,1528,422,0,4,equality middlegame short,https://lichess.org/3nFVrGbb/black#52,
o6OeT,4r1k1/pNp2ppp/2p2n2/8/8/5P2/PPbP2PP/RNB2K2 w - - 0 15,b2b3 c2d3 f1f2 e8e2,1364,84,100,121,equality middlegame short,https://lichess.org/SlDnD9t8#29,
o86PF,1k1r3r/pb4b1/4p3/1q2P2p/Np3PpP/1Ppn4/2Q1BBP1/R4RK1 b - - 1 26,a7a6 a4c5 b5c5 f2c5,1492,458,71,5,equality middlegame short,https://lichess.org/Lkx3L9MU/black#52,
o8NWm,1r3rk1/5ppp/p5Q1/2p5/3pb3/P7/3BBPPP/4R1K1 b - - 0 26,f7g6 e2c4 g8h8 e1e4,1305,146,100,42,discoveredAttack endgame equality short,https://lichess.org/wvKdEadG/black#52,
o8sFK,r3kb1r/1bppnpp1/p5qp/1p1NP3/3Q4/1B6/PPP2PPP/R1B2RK1 b kq - 6 12,e7d5 b3d5 b7d5 d4d5,1513,390,0,4,equality opening short,https://lichess.org/V2yrkURz/black#24,
o9TGA,r1b1kb1r/pp3ppp/2n2n2/2p1pq2/8/2PP1NPP/PP3K2/RNBQ1B1R b kq - 0 10,c8e6 g3g4 f6g4 h3g4,1535,151,100,41,equality opening short,https://lichess.org/m7E8kqfu/black#20,
oFv36,3r1rk1/pp2pp1p/2p2bp1/8/3P1q1P/1PBQ4/P4PP1/3R1K1R b - - 1 24,f6h4 g2g3 h4g3 d3g3 f4g3 f2g3,1552,104,100,67,equality fork long middlegame,https://lichess.org/SmfbnDur/black#48,
oJEcD,5r2/p7/7k/5Pp1/2Q5/7P/P5PK/3q4 b - - 0 38,f8f5 c4e6 h6g7 e6f5,1424,93,100,83,endgame equality fork short,https://lichess.org/KG90NU1g/black#76,
oJqS9,2k1r3/pp2P3/2p2bp1/q1P1p2p/4p3/2N3PP/P4P2/R1QB2K1 w - - 0 24,c3e4 a5e1 g1h2 e1e4,1372,78,100,160,equality fork middlegame short,https://lichess.org/3yVY70NW#47,
oNiLf,3rr1k1/pp3ppp/3q1n2/8/2P1P3/P1Bn4/1P2QPBP/3R1K1R w - - 1 18,d1d3 d6d3 e2d3 d8d3,1334,115,100,64,equality middlegame short,https://lichess.org/KCAITjKy#35,
oPvvh,8/6pk/3rNp2/pp2p2p/3r2P1/1PRPK2P/P7/3R4 w - - 2 33,e6d4 e5d4 e3d2 d4c3,1573,157,100,36,endgame equality fork short,https://lichess.org/RiiQucW3#65,
oQ69z,8/p7/2p5/8/3P4/k1K5/8/8 b - - 0 63,a3a4 c3c4 a7a5 c4c5,1347,137,100,48,endgame equality pawnEndgame short,https://lichess.org/MTTJFkAj/black#126,
oRflm,5k2/6pp/pp2P3/8/1nP5/2NB1b2/PP3r1P/2KR2R1 w - - 0 28,d1e1 b4d3 c1b1 d3e1,1347,113,100,68,equality fork hangingPiece middlegame short,https://lichess.org/E2Z8fsnd#55,
oT6BY,r1b2rk1/p1q2ppp/4p3/3p4/1N1P4/2P5/PB3PPb/R2Q1R1K b - - 1 15,c8b7 g2g3 h2g3 f2g3,1559,146,100,54,equality middlegame quietMove short trappedPiece,https://lichess.org/Skl3pjAT/black#30,
oUVli,r2k4/2R5/4p3/1P1q4/8/7P/3PQ1P1/7K w - - 5 34,b5b6 a8a1 h1h2 d5d6,1526,138,100,47,endgame equality short,https://lichess.org/Q0hP1K8R#67,
oVCsE,r3k3/p2n4/1p6/1PpP1b2/2PbNp2/5B2/P3K1P1/3R4 b q - 0 32,d7e5 e4d6 e8d8 d6f5,1591,125,100,50,equality fork middlegame short,https://lichess.org/IGRcGtC4/black#64,
oWUUj,8/6Bp/3k2p1/p2p1p2/2n5/P3PKP1/5P2/8 b - - 3 56,c4a3 g7f8 d6e6 f8a3,1526,101,50,65,endgame equality short skewer,https://lichess.org/8jJhflWJ/black#112,
oWrqw,8/4b1Bp/2r5/8/8/5P2/P2R1PKP/1k6 w - - 7 34,f3f4 c6g6 g2f3 g6g7,1337,78,100,205,endgame equality fork short,https://lichess.org/RKqjpruE#67,
oXmFy,4Q3/2p1b1pk/3p4/2p1p2p/2q5/3b3P/1P4PN/6BK b - - 1 40,e7f6 e8h5 h7g8 h5e8,1300,396,0,5,endgame equality short,https://lichess.org/gUcKYDly/black#80,
oZuCM,5rk1/p5p1/1p2p3/3pNr2/P2P2Rp/2PQ3P/6PK/4q3 b - - 0 30,f5f1 g4g7 g8g7 d3g6,1504,113,100,69,attraction endgame equality sacrifice short,https://lichess.org/IrD7SMZd/black#60,
ocPUV,1r3rk1/p1pbq1pp/1b3n2/4p3/4P3/P3PN1P/1PP1QNP1/R4RK1 b - - 2 20,d7c6 e2c4 g8h8 c4c6,1341,133,100,53,equality fork middlegame short,https://lichess.org/PwgbdZcQ/black#40,
ocZbF,8/6K1/1p6/BP4P1/P7/5r2/2R1p3/5k2 w - - 0 61,a5c3 f3c3 c2c3 e2e1q,1432,82,100,115,advancedPawn endgame equality promotion short,https://lichess.org/IFiVVrka#121,
ocv6I,1k1r3r/1p4pp/4Bp2/4pP2/qb1n4/1R2B3/6PP/1R4QK w - - 8 27,e3d4 d8d4 g1d4 e5d4,1572,116,100,74,equality middlegame short,https://lichess.org/vb9etV1N#53,
ol70u,2k5/2pr1b1p/p1p2p2/2P5/1P3N2/P3P3/2K2PPP/7R w - - 0 28,h1d1 f7b3 c2b3 d7d1,1558,141,100,38,deflection endgame equality short,https://lichess.org/q2iWIVGp#55,
oqcHp,8/pp2bB2/2pk2pr/4p2p/P5p1/1P1P2K1/3NN3/8 b - - 1 33,e7g5 d2e4 d6e7 e4g5 h5h4 g3g4,1476,124,100,49,endgame equality fork long,https://lichess.org/KI1HN4rF/black#66,
orHET,rn6/p3kp1p/1p1pp1q1/2pb4/8/2Q2N2/PPP2PPP/R3KB1R w KQ - 0 14,f1d3 g6g2 h1g1 g2f3,1445,108,100,77,equality fork middlegame short,https://lichess.org/pUVZ2rUK#27,
oteMN,r5k1/3q1pp1/p6p/b1pN1P2/2P1r1P1/P2R3P/1B3RK1/8 b - - 0 30,a8e8 d5f6 g7f6 d3d7,1554,438,0,1,discoveredAttack equality middlegame short,https://lichess.org/1W2JaE3I/black#60,
owGIC,r4rk1/2b1nppp/p3p3/q1Pp4/bBPPP3/p4N2/B4PPP/1R1QK2R w K - 0 19,b4a5 c7a5 e1e2 a4d1,1591,101,100,75,equality middlegame short,https://lichess.org/pAeSaLLq#37,
owOKv,r2q1rk1/1pp1bpp1/p2pbn1p/3N4/B2QP3/7P/PPP2PP1/R1B2RK1 b - - 2 12,e6d5 e4d5 b7b5 a4b3,1578,133,100,45,defensiveMove equality opening short,https://lichess.org/8iWNrUTT/black#24,
oy0Ih,4r2k/6p1/3p3p/2p1bP1P/2P3P1/RP2rB2/P1R3K1/8 w - - 3 48,c2e2 e3e2 f3e2 e5b2 a3a7 e8e2,1432,123,100,61,discoveredAttack endgame equality long,https://lichess.org/7bqRQm1j#95,
oyJRU,5rk1/5pp1/p5r1/1p3q2/3QN3/P2P2bp/1PP4P/R4RK1 w - - 0 30,f1f5 g3e5 g1h1 e5d4,1586,136,100,48,discoveredAttack discoveredCheck equality middlegame short,https://lichess.org/KkSex4NX#59,
ozef9,r2q1k2/2p2p2/p1nprn2/1pbNp1B1/4P3/P2P3P/1PP2PP1/R2Q1RK1 w - - 1 16,g5f6 e6f6 d5f6 d8f6,1489,398,67,3,equality middlegame short,https://lichess.org/bfizd6fj#31,
oznDa,1r4k1/r4p1p/6p1/p1pp3q/8/3QR3/1P3P2/5KR1 b - - 0 43,b8b2 e3e8 g8g7 d3c3 d5d4 c3b2,1443,82,100,112,endgame equality fork long,https://lichess.org/Zrtg83fK/black#86,
p02Wj,r3r1k1/pp1bb1pp/1q2p3/4n3/5B2/1PN4P/1PP3P1/R2Q1R1K b - - 2 19,e7f6 f4e5 f6e5 d1d7,1406,85,100,120,capturingDefender equality middlegame short,https://lichess.org/ZulrQ0vH/black#38,
p2sVC,r1b2rk1/pp1p1ppp/1qn2n2/4p3/2B1P3/2N2N2/PPP2KPP/R1BQR3 w - - 5 10,c1e3 f6g4 f2g1 g4e3,1571,337,0,3,deflection equality middlegame short,https://lichess.org/EnuWFUm9#19,
p3CLG,r4rk1/1bqn1pp1/p2bpn1p/1p1P4/2p5/P1N1PNB1/1PQ2PPP/1B1RK2R w K - 3 16,g3d6 c7d6 d5e6 d6e6,1422,111,100,65,equality middlegame short,https://lichess.org/luQN45cy#31,
p3Kcy,6k1/1r4p1/p1p2p1p/1p5P/1B1P4/P2qrQ2/6RK/6R1 w - - 0 49,g2g7 b7g7 g1g7 g8g7,1475,137,100,40,equality middlegame short,https://lichess.org/KIkqfCPt#97,
p6hWA,8/8/5p2/3K2p1/4P3/5kP1/8/8 b - - 1 42,f3g3 d5e6 g5g4 e6f6,1433,115,100,59,endgame equality pawnEndgame short,https://lichess.org/eLUuwQgk/black#84,
pDHX3,r3k1nr/p4ppp/2p1p3/q7/8/2b2N2/P2B1PPP/R2Q1RK1 w kq - 0 15,d2c3 a5c3 d1d6 a8d8,1570,111,100,77,equality middlegame short,https://lichess.org/F3XyLHNV#29,
pKX4N,6k1/pp3pp1/3p3p/3b4/3P4/1P3P2/r2NR1PP/6K1 b - - 0 25,d5b3 e2e8 g8h7 d2b3,1391,127,100,46,endgame equality intermezzo short,https://lichess.org/zQGY9GLX/black#50,
pKw4F,8/p7/8/3n3B/1P5P/3pk3/P4NK1/8 w - - 5 45,a2a3 d5f4 g2f1 f4h5,1382,149,100,51,endgame equality fork short,https://lichess.org/bRI69OiC#89,
pLBzW,r1b1k1nr/pp1n1ppp/8/q2Bp3/1b6/2NP1N2/PPP2PPP/R1BQK2R w KQkq - 3 9,c1d2 b4c3 d5f7 e8f7,1396,104,11,68,equality opening short,https://lichess.org/9i20Jdsf#17,
pMKr4,8/8/7p/3k1pp1/3p1BP1/3K3P/5P2/8 w - - 0 43,f4g5 h6g5 g4f5 d5e5,1349,94,100,90,endgame equality short,https://lichess.org/nEjfjaOH#85,
pMYys,r1b1r3/pk4p1/1n5p/1pB1p3/1P2P3/2K5/3R1PPP/7R b - - 5 28,c8d7 c5b6 b7b6 d2d7,1327,138,100,55,capturingDefender equality middlegame short,https://lichess.org/fGFzpx37/black#56,
pOQfA,2b3k1/5ppp/2p5/1pP5/3pP3/r5P1/2BK3P/7R b - - 1 24,a3c3 h1a1 g8f8 a1a8 f8e7 a8c8,1481,155,100,57,endgame equality long pin quietMove,https://lichess.org/JRpRsHcr/black#48,
pOctd,rn2k2r/3qbppp/2p1p1b1/4P3/3PN3/pBP2Q2/P4PPP/R1B1R1K1 w kq - 4 18,c1g5 g6e4 e1e4 e7g5,1453,121,100,67,capturingDefender equality middlegame short,https://lichess.org/8apIAcGN#35,
pOlPL,rn3r2/2pq2k1/pp1b1pBp/3Q4/8/2B2N2/PP3PPP/2R2RK1 w - - 1 21,g6f5 d6h2 g1h2 d7d5,1486,139,100,44,discoveredAttack equality kingsideAttack middlegame short,https://lichess.org/hkxiErAU#41,
pPsWu,1r2r1k1/4Qppp/1p1p4/8/4nq2/2P2N2/PP3PPP/R3R1K1 w - - 3 20,e1e4 f4e4 e7e4 e8e4,1467,86,100,113,equality middlegame short xRayAttack,https://lichess.org/bcUqRJCX#39,
pSHxE,r3rn2/ppp2p1k/3p3q/3Q1PRp/4P2P/8/PPP5/2K4R b - - 3 23,f8e6 f5e6 f7f6 d5f5,1549,156,100,36,equality middlegame short,https://lichess.org/iY46FqUN/black#46,
pST7w,k7/pp2P2p/2pBr1p1/q2p1r2/P2P2Q1/2b5/5PPP/1R3RK1 w - - 1 28,b1b7 a8b7 f1b1 b7c8,1548,500,0,7,defensiveMove equality hangingPiece middlegame short,https://lichess.org/zkQP80VT#55,
pT2DC,r4rk1/3bbppp/1qn1pn2/pp1pN1B1/3P4/1BN5/PPP2PPP/R2Q1RK1 w - - 0 14,e5d7 f6d7 g5e7 c6e7,1551,144,100,43,equality middlegame short,https://lichess.org/76iOuyuB#27,
pU4kx,3r2k1/p2R1pp1/1p2p2p/2p3b1/2P5/1P3P2/1P2NBPP/5K2 w - - 1 26,d7a7 d8d1 f2e1 g5d2,1470,172,100,28,endgame equality short,https://lichess.org/uP49sRKs#51,
pY2yJ,8/8/1Br5/5kp1/8/5P1N/KR4PP/3r4 w - - 5 44,b6e3 c6a6 a2b3 d1d3 b3c4 d3e3,1520,101,100,74,endgame equality exposedKing fork long,https://lichess.org/WcqplBaS#87,
palqo,5k2/6p1/4Pp1p/3p4/1PqQ4/4P3/5KPP/8 w - - 1 44,d4c5 c4c5 b4c5 f8e7,1481,94,100,82,endgame equality queenEndgame short,https://lichess.org/A1BCXVp6#87,
pbFpZ,2k3nr/pp4p1/2n1q3/1P6/B1P1p2p/P2rP3/2Q3P1/R4RK1 b - - 0 26,c6a5 f1f8 d3d8 f8d8,1563,128,100,44,equality middlegame queensideAttack short,https://lichess.org/Cy3C3Tc4/black#52,
pcgzs,8/7R/4k3/8/5r1P/4p1N1/6K1/8 w - - 2 62,g3e2 f4f2 g2g3 f2e2,1421,119,100,59,endgame equality fork short,https://lichess.org/6CRPz5Bh#123,
pe1SX,4r1k1/p5p1/4q3/2Q5/1r6/n5R1/2P3PP/5RK1 b - - 2 36,e6b6 c5b6 a7b6 g3a3,1582,437,0,1,equality middlegame short,https://lichess.org/hWKQtbKx/black#72,
ped1t,rn2k2r/3p1p2/pQb1p3/1p4p1/3NP3/2PBq1pP/PP4P1/2R2R1K b kq - 3 21,c6e4 d3e4,1403,93,100,96,equality middlegame oneMove,https://lichess.org/na7k5EuI/black#42,
pfZbT,8/2p5/1p1p3p/p2P2p1/P1P1k1K1/1P5P/8/8 b - - 1 40,e4e5 g4h5 e5f5 h5h6,1385,84,100,126,endgame equality pawnEndgame short,https://lichess.org/9YI1uNb1/black#80,
plXp1,3r4/8/1pr2p2/p3p3/4k1Bp/2P5/P1K4P/5R2 b - - 8 41,a5a4 g4f3 e4e3 f3c6,1472,79,71,159,endgame equality short skewer,https://lichess.org/2xdsUjqh/black#82,
pmeLi,2r2bk1/p2n1ppp/4b3/qp1Np3/4P3/3RQ2P/PPP1B1P1/1K1R4 w - - 2 20,d3a3 f8a3 e3a3 a5a3,1567,115,100,56,equality middlegame short,https://lichess.org/BxaSBRY6#39,
poMCa,3k3r/1p4pp/p2p3n/6N1/2n1P3/6B1/PPP3PP/3R1K2 w - - 0 24,g3d6 c4e3 f1e2 e3d1,1572,113,17,59,endgame equality fork short,https://lichess.org/1QWC5amj#47,
prB1F,r5k1/p3qrp1/n2pBbQ1/1ppPp3/7p/P2PB3/1P2KP2/R6R w - - 6 24,e6f7 e7f7 g6f7 g8f7,1324,157,100,40,equality middlegame short,https://lichess.org/BlNjaPyi#47,
psAI0,rn1q1rk1/1p1b3p/3p1pp1/p1bP2Nn/4P3/1PQ4P/PB3PB1/1RR3K1 b - - 1 21,f6g5 c3h8 g8f7 h8h7 f7e8 h7g6,1577,144,100,39,deflection equality kingsideAttack long middlegame,https://lichess.org/OMeO9MUb/black#42,
pwDgr,1r6/2q3rk/4Q2p/6P1/P2P2n1/4P3/1P5P/R1B2RK1 w - - 1 27,e6g4 g7g5 g4g5 h6g5,1411,91,100,102,equality middlegame pin short,https://lichess.org/IrauJ5n9#53,
pxl6x,1r6/8/1r2p3/1PR2p2/2KP2k1/4P1P1/6P1/1R6 w - - 1 46,c5c6 b6c6 b5c6 b8b1,1321,114,100,66,discoveredAttack endgame equality rookEndgame short,https://lichess.org/9ATwNWQP#91,
pyz55,r4r2/ppkb2qp/2pp4/5n1B/2PP1Q2/8/PP3RPP/5R1K b - - 10 25,f5g3 f4g3 g7g3 h2g3 f8f2 f1f2,1530,126,100,66,equality long middlegame,https://lichess.org/d7lm6l2M/black#50,
pzBmK,8/6R1/8/1rkp4/8/3bK3/8/8 b - - 12 63,c5c4 g7c7 b5c5 c7c5 c4c5 e3d3,1550,80,100,130,endgame equality long,https://lichess.org/JpZupgSy/black#126,
q3SzG,r3kb1r/1bp1qppp/p2P4/8/8/4BQ2/PPP2PPP/R4RK1 b kq - 0 15,b7f3 d6e7 f8e7 g2f3,1590,121,86,54,advancedPawn equality intermezzo middlegame short,https://lichess.org/4e6ibWU8/black#30,
q7e4v,r2qkb1r/1p1n2pp/2p1p3/p3Nb2/2B5/2Q1B3/PP3PPP/3RK2R w Kkq - 0 15,e5d7 f8b4 c3b4 a5b4,1554,228,71,20,equality middlegame pin short,https://lichess.org/90JgAopX#29,
q8hXm,3r2k1/8/3r1p1p/4pB2/3b4/1P6/P1PR1PPP/3R2K1 w - - 2 29,c2c3 d4f2 d2f2 d6d1,1373,112,100,70,deflection discoveredAttack endgame equality short,https://lichess.org/krnxT1ln#57,
q9N2i,7r/p2k1p2/1p1p3p/2pP2p1/1P6/P6R/5PPP/4NK2 w - - 2 23,e1f3 g5g4 h3g3 g4f3,1530,123,100,59,endgame equality fork short,https://lichess.org/7VlD8sDT#45,
q9VgC,1Q3bk1/p5pp/1pq5/8/1Pr5/P5BP/5PK1/2R2R2 w - - 5 32,f2f3 c4c1 f1c1 c6c1,1565,137,100,40,equality middlegame short,https://lichess.org/55X9Gjp5#63,
qAFuL,3r2k1/7p/1p3pp1/2b1p3/4K1PP/8/3pN3/3R4 b - - 1 39,d8d4 e2d4 c5d4 d1d2,1402,124,100,63,endgame equality short,https://lichess.org/mwiBomCI/black#78,
qCljQ,r4k2/7R/6p1/3N1p2/p7/5P1P/r5P1/6K1 b - - 0 42,a8d8 h7h8 f8f7 h8d8,1561,120,100,54,endgame equality short skewer,https://lichess.org/KvCh5lfn/black#84,
qGCXX,r3r1k1/pbqn1p2/1p4p1/3pb3/1P3B2/P2Q1N2/R4PP1/1B2R1K1 w - - 0 25,f4e5 d7e5 f3e5 e8e5,1436,260,0,20,equality middlegame short,https://lichess.org/WKMrmVHD#49,
qGcxv,1Q6/5pk1/2P3pp/N7/q7/7P/5PPK/8 w - - 2 37,c6c7 a4f4 g2g3 f4f2,1432,97,67,85,endgame equality short,https://lichess.org/Wjdcc4xb#73,
qH09S,8/8/8/1p2pk1p/2pB4/2P4K/P1P5/8 w - - 0 40,d4e3 f5e4 e3g5 e4f3,1473,139,100,51,bishopEndgame defensiveMove endgame equality short,https://lichess.org/O4DWT4Rh#79,
qLB55,r1r3k1/5p1p/P5p1/1p1Bp3/4b2P/P1R3P1/3R1P2/6K1 b - - 1 31,e4d5 c3c8 a8c8 d2d5,1553,122,100,58,endgame equality intermezzo short,https://lichess.org/RwZII1mo/black#62,
qMjlP,r4rk1/3q2pp/p1n2p2/1p2pb2/4N3/4PN2/PPQ2PPP/R1B2RK1 w - - 2 17,f1d1 f5e4 d1d7 e4c2,1566,149,100,44,equality middlegame short,https://lichess.org/qPKAxEOw#33,
qMpME,4r1k1/p1n4p/1p4n1/3p4/3P4/P7/4N1P1/4RRK1 w - - 4 29,e2f4 e8e1 f1e1 g6f4,1456,113,100,58,endgame equality short,https://lichess.org/uq3gSY1q#57,
qNyVw,8/1p4r1/2p2kn1/P1P3R1/1Kp5/8/8/6R1 w - - 0 52,b4c4 g6e5 g5e5 g7g1,1480,102,100,67,deflection discoveredAttack endgame equality master short,https://lichess.org/marJrlYa#103,
qPnAC,r2qkb1r/3n1pp1/4b2p/pp1N4/3P4/4BQ2/PPP3PP/2KR1R2 b kq - 0 15,e6d5 f3d5,1363,87,100,110,equality middlegame oneMove,https://lichess.org/rW46WT0D/black#30,
qQTep,2r2rk1/pp4bp/1q2p1p1/2p1P3/1P1nBP2/2P1B2P/P1Q3P1/R4RK1 w - - 1 19,c3d4 c5d4 c2e2 d4e3,1383,157,0,45,equality middlegame short,https://lichess.org/1Z5tigzq#37,
qS6yC,8/P7/8/5p1p/7P/6kN/2K3p1/8 w - - 5 56,a7a8q g3h3 a8a1 h3h2 a1e5 h2h1 e5f5 g2g1q,1557,126,100,54,advancedPawn endgame equality hangingPiece promotion veryLong,https://lichess.org/fhnDli0H#111,
qTdJe,1r3r1k/1B3pb1/p3p1pp/B1p5/2q5/4P1P1/R4P1P/1Q3RK1 w - - 1 28,a5c7 b8b7 b1b7 c4a2,1336,257,43,17,deflection equality middlegame short,https://lichess.org/wEQ5iNuM#55,
qUQI9,r1bq4/ppp1pk1p/2n2bp1/3P2Bn/8/2N5/PPP2PPP/R2QR1K1 w - - 3 18,d5c6 d8d1 a1d1 f6g5,1579,173,100,21,equality middlegame short,https://lichess.org/ZvQbUgs1#35,
qUTLQ,2N5/8/4p3/3pP3/2k5/5K2/2b5/8 b - - 2 61,c2f5 c8d6 c4c5 d6f5,1365,90,100,101,endgame equality short,https://lichess.org/Dn6YCbMB/black#122,
qVT5X,8/8/2R5/1K2k3/1PP2p2/P7/8/1r6 w - - 0 41,a3a4 f4f3 c6c8 f3f2,1393,188,100,31,advancedPawn endgame equality rookEndgame short,https://lichess.org/BHpmPS4R#81,
qWAyn,8/3r2kp/2p2np1/8/3QN3/P3P1PP/1P1K4/8 w - - 3 42,e4d6 d7d6 d4d6 f6e4 d2d3 e4d6,1363,201,100,45,attraction endgame equality fork long pin sacrifice,https://lichess.org/qs1twbqt#83,
qXW0v,r1b1k2r/ppp2B2/3p3p/2b1p2p/7N/2PPP2P/P3K1P1/5R2 b kq - 0 16,e8e7 h4g6 e7d7 g6h8,1315,76,100,242,equality fork middlegame short,https://lichess.org/JWpdccQJ/black#32,
qYDeJ,8/8/2p3k1/1p1p2P1/1P2p1K1/2P5/8/8 b - - 2 48,e4e3 g4f3 e3e2 f3e2,1423,449,0,3,endgame equality pawnEndgame short,https://lichess.org/cGovYzut/black#96,
qZSnR,8/p4k1p/1p2p1p1/2p2p2/5P2/2Nr2Pq/P2rNR1P/1Q4K1 b - - 6 42,d3c3 e2c3 d2f2 g1f2,1352,201,100,25,endgame equality hangingPiece short,https://lichess.org/UHvPAL0N/black#84,
qZzfo,3r1rk1/4qpp1/p1R1bn1p/1p6/1P1PP3/P3QP2/6PP/1B3RK1 b - - 0 21,d8d6 c6d6,1551,148,100,32,equality middlegame oneMove,https://lichess.org/CDnxuVYo/black#42,
qgPWV,8/8/2p5/p1K4k/8/8/8/8 b - - 1 47,a5a4 c5b4 h5g6 b4a4,1401,121,100,56,endgame equality pawnEndgame short,https://lichess.org/vxaDSA3U/black#94,
qgVRU,8/1p6/p4Kp1/1k2B2p/5P1P/8/3b4/8 b - - 5 45,a6a5 f6g6,1367,121,100,69,bishopEndgame endgame equality oneMove,https://lichess.org/mU2owttG/black#90,
qh0pt,r1bq1rk1/pppp1ppn/3b4/n3p3/4P3/2NP1N2/PPPQBPPP/R3K2R b KQ - 2 10,d8f6 c3d5 f6d8 d2a5 c7c6 a5d8,1584,131,100,47,discoveredAttack equality long middlegame,https://lichess.org/l4LHOGhI/black#20,
qj6ds,r3r1k1/p2nppbp/3pb1p1/q1p4P/4P1P1/P1N1BP2/1PPQB3/2KR3R b - - 0 15,g7c3 d2c3 a5c3 b2c3,1576,122,100,56,equality middlegame short,https://lichess.org/hZloLP6C/black#30,
qjsRR,2r2rk1/Rp1qbppp/4p1n1/2p5/2N3P1/2PP3Q/5P1P/2B2RK1 b - - 0 22,f8d8 c4b6 d7c6 b6c8,1510,128,100,57,equality fork middlegame short,https://lichess.org/siqKx58t/black#44,
qlqZs,rn1qk1nr/pQ2ppbp/6p1/1b6/3N4/2P5/PP3PPP/RNB1K2R w KQkq - 0 10,b7a8 g7d4,1511,103,100,97,equality oneMove opening,https://lichess.org/HOoXePb2#19,
qnQdw,8/8/3p2p1/3P3p/5PkP/4K1P1/8/8 w - - 6 48,e3e4 g4g3 f4f5 g6f5 e4f5 g3h4,1400,119,100,71,endgame equality long pawnEndgame,https://lichess.org/2DTM6e8X#95,
qpe7V,B1q5/6kp/p4r2/Pp2Bp2/1P6/1Q1P2P1/7P/6K1 w - - 1 41,b3d5 c8c1 g1g2 c1d2 g2f3 d2d1,1585,172,100,29,endgame equality long,https://lichess.org/SKLrcNly#81,
qrGVN,r4rk1/1pp2ppp/p1nN4/8/5p1q/1BPP1Q1b/PP3PP1/R3R1K1 w - - 0 17,f3h3 h4h3 g2h3 c7d6,1527,138,100,48,equality middlegame short,https://lichess.org/Ik1eA598#33,
qreSk,r7/8/8/6R1/p1P1K3/P3Np2/5k2/8 w - - 4 52,g5f5 a8e8 e4d4 e8e3,1437,157,100,42,endgame equality short,https://lichess.org/ruMVyUJ9#103,
qtyXW,r1r5/1pp1nkpp/p2pqp2/3Np2P/4P3/1P1PP1Q1/1PP2RP1/5RK1 w - - 1 21,d5f6 g7f6 f2f6 e6f6 f1f6 f7f6,1492,107,100,70,equality long middlegame,https://lichess.org/CgXROSZr#41,
qu4ia,r2q1k2/p3b3/2ppbnQp/1pn3p1/4PR1N/2PP4/PP4PP/R1B3K1 w - - 4 19,g6h6 f8e8 f4f6 e7f6,1506,500,0,1,defensiveMove equality middlegame short,https://lichess.org/h94UWR0v#37,
qvdjL,r1b4k/pp3RbB/2p1q2p/8/2P1Q3/4B3/PP4PP/6K1 w - - 1 27,f7g7 e6e4 h7e4 h8g7,1490,124,100,56,equality intermezzo middlegame short,https://lichess.org/klczOaXG#53,
qwQVK,r4rk1/p2q2bp/1pn1b1p1/2ppp1B1/P6N/2PP1PPn/1P1Q1N1P/R3RBK1 w - - 1 19,f2h3 e6h3 f1h3 d7h3,1341,389,0,5,equality middlegame short,https://lichess.org/HYXVpdZB#37,
qy3Jj,2k5/2b1K2p/2p2Bp1/8/1P2P3/2P2P1P/6n1/1N6 w - - 2 36,f6g5 c7d8 e7f7 d8g5,1507,114,100,76,endgame equality short skewer,https://lichess.org/BaIFXFDo#71,
qyijn,8/4k3/1p6/3BbK2/P1P1P3/1r6/8/8 b - - 1 50,e7d6 c4c5 d6c5 d5b3,1411,139,100,38,discoveredAttack endgame equality short,https://lichess.org/Gj0olAmi/black#100,
r61Nx,5r2/1p3p1k/p3bQ1p/6p1/8/1q6/5PPP/2R1R1K1 w - - 0 36,e1e6 b3e6 f6e6 f7e6,1414,122,100,56,endgame equality short,https://lichess.org/6DekAh6g#71,
r7I58,8/8/8/4pp2/1BP2Pk1/1K2P3/7b/8 w - - 0 42,b4d6 e5f4 e3f4 h2f4,1506,159,100,42,bishopEndgame endgame equality short,https://lichess.org/MmWggVx0#83,
rB2nb,7r/1p4p1/p7/3pk1r1/3Np2p/2P5/PP3K2/3BR3 b - - 5 36,h4h3 d4f3 e5f4 f3g5,1563,142,100,49,endgame equality pin short,https://lichess.org/sUYfDJbg/black#72,
rDTwD,5k2/3r4/pq2p3/1p3p1Q/2p3n1/6PK/1P6/4R3 b - - 9 54,f8g8 h5e8 g8g7 e8d7,1462,117,100,57,endgame equality fork short,https://lichess.org/nRV44ejD/black#108,
rEpmQ,4k3/p1p2p2/2p2B2/2b1PB2/P7/6P1/1r4K1/7R w - - 11 37,g2f1 b2f2 f1e1 f2f5,1527,204,60,25,endgame equality fork short,https://lichess.org/X8Qroedi#73,
rFAOf,rn2k2r/pp3p2/2p1q3/2pnP3/P5pp/1P1PP1P1/1BP3BP/R2Q1RK1 w kq - 1 18,e3e4 d5e3 d1d2 e3f1,1382,381,0,3,equality fork middlegame short,https://lichess.org/p5p04uzr#35,
rMVGb,r1bq1rk1/p1p1Bpp1/2pp3p/8/8/2nB4/PPP2PPP/R2Q1RK1 w - - 0 12,e7d8 c3d1 d8c7 d1b2,1507,90,100,106,equality middlegame short,https://lichess.org/2WNCS7hR#23,
rNWgj,3rk2r/p2nbpp1/1p1p3p/1Q1Bp3/4Pq2/2PP1N2/1P3PPP/R3K2R w KQk - 4 16,a1a7 f4c1 e1e2 c1h1,1338,97,100,100,equality middlegame short skewer,https://lichess.org/PTSlAjZT#31,
rNzl5,5r2/1pp4p/p5p1/2N1k3/3r2P1/1P1PK3/1PPR4/8 b - - 0 30,d4g4 c5d7 e5d6 d7f8,1326,184,100,29,endgame equality fork short,https://lichess.org/sf81p0sk/black#60,
rQhLr,6k1/p4pp1/2q4p/5Q2/3bN2P/6P1/5P1K/r7 b - - 0 34,c6c2 e4f6 d4f6 f5c2,1347,82,100,149,discoveredAttack endgame equality short,https://lichess.org/m4s7Z4Ly/black#68,
rQoK2,8/5p2/6p1/2qp1k2/p5P1/3P3P/K2R4/1N6 b - - 0 47,f5e5 d3d4 c5d4 d2d4,1554,169,100,39,endgame equality fork short,https://lichess.org/IbA5R1W0/black#94,
rS9GE,4r1k1/3pr3/6pp/5pn1/2bB4/2N2BP1/P3PP1P/R3R1K1 w - - 2 26,d4f6 g5f3,1551,146,100,44,equality kingsideAttack middlegame oneMove,https://lichess.org/WOdaNApZ#51,
rUz0o,r2qk2r/ppp2ppp/2n5/5b2/4p3/3N1N2/PPP2PPP/R1BQR1K1 w kq - 2 11,d3f4 d8d1 e1d1 e4f3,1489,136,100,47,equality opening short,https://lichess.org/P1ZXp1NY#21,
rVJGb,r2b1rk1/2q3p1/p3p2Q/1p1pp3/1P1P4/P1P3R1/6PP/5RK1 b - - 0 28,f8f6 f1f6 d8f6 h6f6,1556,127,100,41,equality middlegame pin short,https://lichess.org/8eV55tb7/black#56,
rVyPg,1k5R/4bB2/1p1rP3/p2b2p1/6P1/2P5/P4P2/5K2 b - - 7 33,d6d8 h8d8 e7d8 e6e7 d8e7 f7d5,1355,149,100,48,advancedPawn discoveredAttack endgame equality long,https://lichess.org/jUVWhRbi/black#66,
rWBSL,3rr1k1/ppp2ppp/2n5/3N4/2P1p1P1/1P2B2P/P4K2/3R4 b - - 7 22,d8d7 d5f6 g7f6 d1d7,1461,129,100,50,discoveredAttack endgame equality short,https://lichess.org/WpAuq9M7/black#44,
rX7Co,r4rk1/q4ppn/p2Q4/1p6/3R1Pb1/2N3P1/PPP4P/2K1R3 b - - 0 21,a8d8 d6d8 f8d8 d4d8,1511,121,100,60,equality middlegame short,https://lichess.org/7jYVGJZ5/black#42,
rXeCM,8/8/1b6/1PP5/1K6/5p2/5k2/8 b - - 0 45,b6c5 b4c5 f2e3 b5b6 f3f2 b6b7 f2f1q b7b8q,1399,135,100,53,advancedPawn endgame equality hangingPiece promotion veryLong,https://lichess.org/Esrngtgr/black#90,
raPPp,4k2r/1p3pp1/p1nrp2p/3nN3/3q3B/8/PP2Q1PP/2R2R1K b k - 1 21,d4e5 e2e5 c6e5 c1c8 e8d7 c8h8,1555,115,100,55,equality long middlegame skewer,https://lichess.org/Gyza3P1t/black#42,
rbs9F,k4r2/1N3p2/nPq1p1p1/Q1P1P1Pp/5P1P/8/1K6/6B1 b - - 0 52,c6b7 c5c6 b7c6 a5a6,1492,136,100,55,deflection endgame equality short,https://lichess.org/3Z5mO7Wf/black#104,
rfNce,r1b2rk1/q2p2bp/2n1p1p1/2p2p2/N4P2/4PN2/PP1B2PP/1R1QKB1R w K - 3 16,f1e2 a7a4 d1a4 a8a4,1362,90,100,126,equality opening short,https://lichess.org/KLowsYAu#31,
rgFY9,3k4/8/8/1pBNpp1p/2n3rP/5K2/P7/8 b - - 5 45,g4h4 c5e7 d8d7 e7h4,1337,99,100,75,endgame equality fork short,https://lichess.org/uEv1LsRE/black#90,
rp3xw,7r/p2pq2p/bk3p2/1ppQ4/5B2/2P2N2/P4KPP/3R4 w - - 0 27,f4e5 f6e5 d5d6 e7d6,1390,83,100,122,equality middlegame short,https://lichess.org/69um1OMP#53,
rsT3k,r3r1k1/p1p2pp1/2Q2n1p/2qNB3/2Bb4/8/PPP2PPP/4R1K1 w - - 5 19,c6c5 d4c5 d5f6 g7f6,1432,98,100,73,equality middlegame short,https://lichess.org/uRz0e1gd#37,
ruBCC,2r2rk1/5ppp/p2p1q2/1p2pb2/1P6/P1P1B1QP/1R3PP1/2R3K1 b - - 7 23,f8d8 e3g5 f6g6 g5d8 g6g3 f2g3,1578,139,100,44,equality long middlegame skewer,https://lichess.org/coaSDv3O/black#46,
ruapv,3r1rk1/pp4pp/7q/4np2/1P2P1n1/P1Q1PN1P/2P3P1/R3R1K1 b - - 2 22,f5e4 f3e5 g4e5 c3e5,1492,133,100,48,equality middlegame short,https://lichess.org/OB35LC4d/black#44,
ryK8i,5rk1/pr3ppp/5b1B/4p3/8/2N3Q1/PqP2P1P/R3K1R1 w Q - 0 19,a1b1 b2c3 g3c3 b7b1 e1e2 b1g1,1506,343,0,7,discoveredAttack equality long middlegame skewer,https://lichess.org/GgQV0wjQ#37,
rzi38,1r1qkb1r/1b1n1ppp/p3p3/3p4/B2N1Bn1/1Q6/PP3P1P/RN3RK1 w k - 0 17,f4b8 d8b8 a4d7 e8d7,1576,127,100,62,equality opening short,https://lichess.org/HjH50I0p#33,
s1xr6,1k1r4/1p3npp/4P3/1p3p2/n1pP4/5P2/PB4PP/4R1K1 b - - 0 31,a4b2 e6f7 c4c3 e1e8 c3c2 e8d8,1455,162,100,36,advancedPawn endgame equality hangingPiece long pin,https://lichess.org/Lgu9IFNO/black#62,
s3iJ4,6r1/p2kqb2/1p1R1Q2/4p3/8/2P5/P1P3PP/6K1 b - - 0 31,e7d6 f6f7 d7c6 f7g8,1479,157,100,43,endgame equality fork hangingPiece short,https://lichess.org/4Z0zFQMK/black#62,
s4Wcs,r4k1r/p1bq1ppp/2nNb3/3nN3/3p1B2/P2Q4/1P2PPPP/R3KB1R b KQ - 4 15,d7d6 e5g6 h7g6 f4d6,1560,130,100,41,discoveredAttack equality middlegame short,https://lichess.org/9kqtYh6V/black#30,
s4txR,3r2k1/1p4p1/p2rpp1p/8/3N4/2P4P/P3RPP1/3R2K1 w - - 0 29,g1f1 e6e5 d1b1 e5d4,1566,219,54,16,endgame equality short,https://lichess.org/LoGwIA5e#57,
s6GGx,2rr2k1/1q3pp1/4p2p/pNn1N1b1/Pp2pnQ1/1P2B3/2P4P/2R2RK1 b - - 1 27,f4h3 g4h3 g5e3 h3e3,1303,123,100,63,equality hangingPiece middlegame short,https://lichess.org/lVP7ZXlS/black#54,
s6kSp,r1bqkbnr/ppp2ppp/6n1/4P3/8/2N3P1/PPP1QP1P/R1B1KB1R b KQkq - 0 9,f8b4 e2b5 c7c6 b5b4,1480,149,100,40,equality fork opening short,https://lichess.org/zL8NBuTU/black#18,
s6qdF,8/5p1p/8/4P3/1p1P1N1k/3K4/8/4b3 b - - 0 41,b4b3 f4g2 h4g4 g2e1,1589,190,100,26,endgame equality fork short,https://lichess.org/hjhUOmwU/black#82,
s82WL,7r/1p3pk1/p3p1n1/3p2QP/4q3/4NPP1/1b6/5RK1 b - - 0 32,b2f6 g5f6 g7f6 f3e4,1512,404,0,3,discoveredAttack discoveredCheck equality middlegame short,https://lichess.org/eVsDpruk/black#64,
sAPin,8/pp2k1pp/3r4/2p5/4nPP1/2P5/P4R1P/3R3K w - - 5 29,d1d6 e4f2 h1g2 e7d6,1564,105,100,77,endgame equality hangingPiece intermezzo short,https://lichess.org/rNogYczv#57,
sDDKb,8/8/8/7R/5N1p/1k2p2P/3r1PK1/8 w - - 0 50,g2f1 d2f2 f1e1 f2f4,1578,160,100,34,endgame equality fork short,https://lichess.org/Z13wSgUg#99,
sGkBl,7r/pp2kp1P/3p4/4p3/3p1r2/P7/1PP5/1K4RR b - - 0 33,e5e4 g1g8 h8h7 h1h7,1363,161,100,29,endgame equality rookEndgame short,https://lichess.org/KhmJqA6k/black#66,
sH4IL,r2qk2r/1b1np1b1/pp2p1p1/2pP4/P1B3p1/2N2N2/1PP3P1/R1BQ1RK1 w kq - 0 15,f3g5 g7d4 d1d4 c5d4,1551,94,100,83,equality middlegame short,https://lichess.org/CHMDpWHe#29,
sJjoP,r1b2rk1/5pbp/1n1Q1np1/1q2p1B1/PP2P3/5NP1/5PBP/R4RK1 b - - 0 16,b6a4 g5f6 g7f6 d6f6,1362,105,100,90,equality middlegame short,https://lichess.org/PT0Bsai4/black#32,
sNCnX,6k1/3n2p1/2p1P2p/1pqp1P2/1r5P/Q5P1/8/2R1R1K1 w - - 2 38,g1h1 b4h4 h1g2 c5a3,1492,115,100,77,discoveredAttack endgame equality short,https://lichess.org/G9DqFQmM#75,
sNI9O,5rk1/2p3p1/3pp3/1p2p1p1/rP1nP1P1/3P3P/2P2PK1/1NR2R2 b - - 4 22,a4b4 c2c3 b4b1 c1b1,1594,161,100,36,endgame equality fork short,https://lichess.org/WVqNJWrh/black#44,
sNsaC,r3r1k1/1bp1bppp/p7/1p1qp1Bn/1P3P2/1NPP3P/P3NQP1/R4RK1 b - - 2 17,e7g5 f4g5,1366,88,82,122,equality middlegame oneMove,https://lichess.org/e26NWAmM/black#34,
sRrqw,r4b1r/pppk1q1p/2npb3/3N1n2/4Q2B/5N2/PPP1PPPP/R3KB1R w KQ - 5 13,d5f6 d7c8 f3g5 f7f6 e4e6 f6e6 g5e6 f5h4,1579,206,38,24,defensiveMove equality interference middlegame veryLong,https://lichess.org/lGmjd5qh#25,
sUbZG,8/8/8/3R4/1P1Pp1nk/4P3/5n2/5K2 w - - 1 42,b4b5 g4e3 f1f2 e3d5,1550,137,100,55,endgame equality fork short,https://lichess.org/GuCg0ym4#83,
saP7Y,2r5/4pk2/6P1/2Bp3p/1b2p2R/pr4P1/7P/2R3K1 b - - 0 39,f7g7 c5d4 g7g6 c1c8,1477,80,100,139,discoveredAttack endgame equality short,https://lichess.org/MQhO93VM/black#78,
sar75,4r1k1/p1p2ppp/1p6/3N4/6q1/1Q6/PPP2P1P/2KR4 w - - 0 22,d5c7 g4f4 c1b1 f4c7,1540,115,100,70,endgame equality fork short,https://lichess.org/Cen0jUxQ#43,
sdu9s,8/2p2p1p/1p2p1p1/3kb3/P7/2P1R1PP/1B3P1K/3r4 b - - 0 27,d1d2 c3c4 d5c6 b2e5,1545,138,100,45,deflection discoveredAttack endgame equality short,https://lichess.org/UVIE5iZI/black#54,
sgFSx,4r3/ppq1r1k1/3R1bp1/4p2p/8/5Q1P/P4PP1/3R2K1 b - - 4 31,e7e6 d6d7 e8e7 d7c7,1303,85,100,136,equality fork middlegame short,https://lichess.org/DklyfxGg/black#62,
sha3t,2k4r/ppp2p2/2p4q/2P5/6p1/N1P1PBPb/PP5Q/3R2K1 w - - 2 24,f3g4 h3g4 h2h6 h8h6,1388,131,100,61,equality hangingPiece middlegame short,https://lichess.org/cWHUjSWE#47,
slCCb,8/7p/pb4pk/1p2Qp2/1P1R1Pq1/Pb4P1/7P/2R3K1 w - - 1 36,g1g2 b6d4 e5d4 g4e2,1578,107,100,65,endgame equality short,https://lichess.org/k59eDWBb#71,
sor0a,r2qkbnr/pp1b1ppp/2n5/1Q1NP3/8/4P3/PP4PP/R3KBNR b KQkq - 0 11,d8a5 b5a5 c6a5 d5c7 e8d8 c7a8,1397,96,100,83,equality fork long opening,https://lichess.org/56wkWqOi/black#22,
sppjv,8/8/2b5/8/p1k5/K7/1P2N1p1/8 b - - 5 63,c4d3 e2f4 d3c2 f4g2,1389,126,100,51,endgame equality short,https://lichess.org/MWOK2O1E/black#126,
sqwzT,8/R7/8/7p/1n1K2k1/8/1P4P1/8 w - - 7 50,d4e5 b4c6 e5f6 c6a7,1486,111,100,67,endgame equality fork short,https://lichess.org/PCixI3pZ#99,
sr1Au,r4rk1/6p1/pp4pp/2p2q2/1P1p1B2/P2P1Q1P/5PP1/R3R1K1 w - - 0 22,f3e4 f5f4 e4f4 f8f4,1590,108,100,59,equality middlegame short,https://lichess.org/6Ip1mraF#43,
sslii,8/8/3p4/8/3k4/8/4K3/8 b - - 3 47,d6d5 e2d2 d4c4 d2c2 d5d4 c2d2,1505,313,0,10,defensiveMove endgame equality long pawnEndgame zugzwang,https://lichess.org/y68kIx8z/black#94,
svOwb,r4rk1/ppp3p1/2nb1p1p/4N3/3P4/2P2N1q/PP3P1P/R1BQR1K1 w - - 0 17,e5g6 h3g4 g1h1 g4g6,1439,153,0,31,equality fork middlegame short,https://lichess.org/fcmNCb3Q#33,
svgQO,4R3/p4kp1/2pq2rp/8/2P2p2/P2P1NN1/5PK1/4R3 w - - 0 37,e1e7 d6e7 e8e7 f7e7,1427,122,100,56,endgame equality short,https://lichess.org/L3hZqbTa#73,
sxaDC,8/8/8/4p1k1/Q3P3/1KPn4/P4r2/8 w - - 1 38,a4b5 f2b2 b3c4 b2b5,1549,148,100,40,endgame equality short skewer,https://lichess.org/fbsRXrKU#75,
synd8,5rk1/1p1q2bp/pR1p1p2/4n3/5Q2/8/6PP/2R4K b - - 3 31,e5d3 f4c4 d6d5 c4d3,1553,99,100,64,equality fork middlegame short,https://lichess.org/JSc9x7d2/black#62,
szApo,3rr3/7p/1p2q1pk/2pnP3/Q4P2/P6P/1P4P1/2RR2K1 b - - 2 31,e6f5 d1d5 d8d5 a4e8,1448,131,100,64,deflection equality middlegame short,https://lichess.org/71ZJHT7f/black#62,
t12QJ,6k1/p1p3np/1p1p1Q2/2PPp2p/1P2P3/2q5/6B1/7K b - - 1 38,b6c5 f6d8 g8f7 d8c7,1556,155,100,40,endgame equality short,https://lichess.org/Ee4ecYVz/black#76,
t50cX,3r1rk1/ppq1bppp/2p5/3Pn2n/2P2Bb1/P1N2N2/1P2BPPP/R2Q1RK1 b - - 6 15,e5f3 e2f3 c7f4 f3g4,1450,181,100,29,equality middlegame short,https://lichess.org/iTkPScEg/black#30,
t6EQD,6r1/2p1bq1k/3p1n2/pp1Pp1B1/5P2/2P1R2P/PP4P1/4R1K1 b - - 0 35,e5f4 e3e7 f7e7 e1e7,1516,182,100,31,equality middlegame pin short,https://lichess.org/WT2Vnmaf/black#70,
t7JEv,r6r/ppp1k2p/3p1q2/4b2B/5p2/2N5/PPP2nK1/R1BQ2R1 b - - 2 22,f2d1 c3d5 e7e6 d5f6,1565,201,100,21,equality fork middlegame short,https://lichess.org/0eR1wStw/black#44,
tC29H,2r3k1/8/pn5p/4p1p1/8/1Nr2P1P/P1PR2P1/1K2R3 w - - 3 32,e1e5 b6c4 e5e2 c4d2,1370,154,100,39,endgame equality fork short,https://lichess.org/W3KN80Cn#63,
tD4sB,3r2k1/p1p2p1p/4n1p1/5q2/1P2N3/4R3/1B1Q1PPP/6K1 w - - 3 29,e4f6 f5f6 b2f6 d8d2,1460,84,100,113,equality middlegame short,https://lichess.org/WjWDzuqU#57,
tDbxr,2r5/7p/2P1p1p1/ppRnP1k1/8/4p1PP/PP6/4R1K1 w - - 3 30,c5d5 e6d5,1444,84,100,122,endgame equality hangingPiece oneMove rookEndgame,https://lichess.org/KrF6I51y#59,
tHIP7,8/2p2ppk/p2b4/1p1n4/3P4/2P4Q/PP3PP1/2q2NK1 b - - 0 22,c1h6 h3f5 h7g8 f5d5,1488,109,100,76,endgame equality fork short,https://lichess.org/nJVoDlqb/black#44,
tJmJJ,r2q1rk1/1pp2pp1/p2p3p/3P4/2n1PBb1/P1P3Q1/2P3PP/R4RK1 b - - 1 17,g4d7 f4h6,1578,500,0,1,equality middlegame oneMove pin,https://lichess.org/28TcfvoT/black#34,
tL69C,8/p2nkppp/N7/2p5/P4P2/r5P1/6KP/3R4 b - - 2 28,a3a4 d1d7 e7d7 a6c5 d7c6 c5a4,1574,128,100,58,attraction endgame equality fork long,https://lichess.org/oRY2oERL/black#56,
tLzZ1,r1br2k1/1p2bp2/p3pn2/6B1/8/3B2P1/PP4PP/2RR2K1 b - - 2 24,f6d5 g5e7 d5e7 d3h7 g8h7 d1d8,1322,94,100,120,discoveredAttack equality kingsideAttack long middlegame,https://lichess.org/XZIMc60M/black#48,
tNV69,3r3r/pQpk1ppp/2n1q3/8/2PP4/4P3/P5PP/1R3RK1 b - - 0 22,e6e3 g1h1 d8b8 f1f7,1577,157,100,33,equality middlegame short,https://lichess.org/SpDotJqZ/black#44,
tOhF9,1r4k1/1b1nn1p1/p1pN1r2/4p1N1/1p1PB2P/6P1/PP3P2/R2R2K1 w - - 1 24,a1c1 f6d6 d4e5 d6d1,1537,155,100,48,equality hangingPiece middlegame short,https://lichess.org/MKhNXlxl#47,
tQJ1D,4b3/8/4Pk2/p1K5/P7/1B6/8/8 w - - 2 53,c5b6 e8a4 b3a4 f6e6,1363,93,100,103,bishopEndgame deflection endgame equality short,https://lichess.org/1sG201vp#105,
tSnPa,r1b1k3/p1pp4/1pnb4/3N1p1r/8/7P/PPP2PP1/R1B2RK1 b q - 3 14,c8b7 d5f6 e8f7 f6h5,1438,89,100,108,equality fork middlegame short,https://lichess.org/HzRC3pGB/black#28,
tUqd3,8/8/8/4R3/3r4/p7/3kpK2/8 b - - 1 61,a3a2 e5e2 d2c1 e2a2 d4d2 a2d2,1361,151,100,44,endgame equality long rookEndgame skewer,https://lichess.org/TcHbgBwh/black#122,
tVdQX,5k2/2p2pp1/1p1p3p/p2P1Q2/7q/4P1P1/7P/4K3 b - - 0 35,h4f6 f5c8 f8e7 c8c7,1349,118,100,50,endgame equality queenEndgame short,https://lichess.org/nyESf22R/black#70,
tWT3t,2kr3b/1pp1n3/1p1p4/6p1/2Q1Pp2/2B2P2/P1nK4/8 b - - 4 23,c2e3 c4e6 d8d7 c3h8,1478,205,57,29,deflection endgame equality fork short,https://lichess.org/hI4YyY5A/black#46,
tZaap,2r2rk1/5ppp/4pn2/qN1pB3/3P4/b3P3/4QPPP/2R2RK1 w - - 0 18,c1c8 f8c8 b5a3 a5a3,1511,131,100,57,equality middlegame short,https://lichess.org/eLNJVXfv#35,
tbLdM,8/2r1kbpp/1p3p2/1P6/2B1PP2/2RK4/7P/8 b - - 0 30,f7c4 c3c4 c7c4 d3c4,1388,133,100,57,endgame equality short,https://lichess.org/jpP6tKWK/black#60,
tcbbE,8/7p/6p1/2r2p2/3Kp3/k1p4P/5PP1/2R5 b - - 3 56,c5c7 c1c3 c7c3 d4c3,1571,148,100,43,endgame equality rookEndgame short,https://lichess.org/uLreDjTq/black#112,
tdoJP,5r2/P3Rpk1/5n2/7p/1pB5/1P4p1/2P2bK1/8 b - - 0 57,h5h4 e7f7 g7g6 f7f8,1480,151,100,62,deflection endgame equality short,https://lichess.org/xO7kWxI0/black#114,
tenXJ,8/8/4p3/1K2P3/1R6/r1k5/7P/8 w - - 0 53,b5c5 a3a5 b4b5 a5b5 c5b5 c3d4,1558,152,100,37,endgame equality long rookEndgame,https://lichess.org/GBmIJLis#105,
thP6D,r2qk1nr/pp1b2pp/4p3/2b1Pp2/8/2NB4/PP3PPP/R1BQR1K1 w kq - 2 14,d3f5 e6f5 d1h5 g7g6,1441,123,100,50,equality hangingPiece opening short,https://lichess.org/YKIfYnrX#27,
tjTou,8/4b1k1/3p4/4p3/2q5/5N1R/4BP2/5K2 b - - 5 43,c4g4 h3g3 g4g3 f2g3,1498,136,100,45,endgame equality pin short,https://lichess.org/RzeE8pON/black#86,
tkhCx,r1b2rk1/ppp1b1pp/2n2B2/3qN3/3P4/2P5/PP3PPP/RN1QR1K1 b - - 0 14,f8f6 e5c6 f6c6 e1e7,1574,136,100,43,capturingDefender discoveredAttack equality middlegame short,https://lichess.org/j0H7yvDA/black#28,
tlbym,r4rk1/p2n4/4p1p1/1Ppnq2p/P6P/B7/4BP2/2Q1K2R b K - 0 30,g8g7 a3b2 c5c4 b2e5,1514,148,100,52,equality middlegame pin short,https://lichess.org/IfsnLfXB/black#60,
tmbEa,7k/4K2P/6P1/8/8/8/8/8 w - - 13 69,g6g7 h8g7 h7h8q g7h8,1353,90,100,84,endgame equality pawnEndgame short,https://lichess.org/bUjuntFt#137,
trzFw,r5k1/p2N3p/1p2r1pb/3p4/8/1P6/P1P1B1PP/4KR2 b - - 1 29,a8e8 d7f6 g8g7 f6e8,1409,111,100,59,endgame equality fork short,https://lichess.org/p5dGZTki/black#58,
tskrF,r1b1k1nr/pp3ppp/1qn1p3/1Bb1N3/3Bp3/2N5/PPP2PPP/R2QK2R w KQkq - 1 9,d4c5 b6c5 e5c6 b7c6,1486,107,100,74,equality opening short,https://lichess.org/GpiAXb3D#17,
ttyD4,8/8/8/4Pk2/1P6/8/3K4/8 w - - 1 49,b4b5 f5e5 b5b6 e5d6,1442,105,100,84,defensiveMove endgame equality pawnEndgame short,https://lichess.org/a38p5ZMJ#97,
twveY,rnbq1rk1/4bppp/p2p4/3Np3/1p2n3/1B2BN2/PP3PPP/R2Q1RK1 w - - 0 14,d5e7 d8e7 b3d5 c8b7,1567,172,0,35,equality middlegame short,https://lichess.org/wL55Pndj#27,
txTyY,8/pkp5/1p4np/5R2/6Pq/2PQ3N/PP1b2K1/8 w - - 9 39,d3d2 h4g4 g2h2 g4f5,1449,137,100,40,endgame equality fork short,https://lichess.org/VfmA5B1q#77,
txVHy,8/1R1P3p/7k/5b2/4p3/8/3r4/4K3 b - - 3 51,d2d6 b7b6 d6b6 d7d8q,1435,140,100,64,advancedPawn deflection endgame equality pin promotion short,https://lichess.org/QdMDzpw7/black#102,
tyBx9,2r1r3/5Qbk/p4Rn1/1p1p4/7q/P1PP3P/1P4P1/5R1K b - - 2 32,h4g5 f1f5 e8e1 h1h2 g5h6 f6g6 h6g6 f5h5 g6h5 f7h5,1505,437,0,1,equality exposedKing middlegame pin sacrifice veryLong xRayAttack,https://lichess.org/HZ5UZTnq/black#64,
tyqhT,r3k1r1/pp3p1p/2p1pP1p/2Npb3/1P3q2/P2Q1N1P/2P1K3/R4B1R w q - 0 21,f3e5 f4e5 d3e3 e5a1,1599,152,100,36,equality fork middlegame short,https://lichess.org/uEh1VgH1#41,
tywlM,5Q2/pp6/8/1k2q3/2b1P3/P2n4/1P6/1KB5 b - - 3 35,d3c1 f8b4 b5c6 b4c4,1534,104,100,67,deflection endgame equality short,https://lichess.org/jbOANCy0/black#70,
u0toO,8/kp2n1pp/p7/8/PPNqn3/7P/6PK/2Q5 b - - 0 37,d4d7 c1e3 a7b8 e3e4,1553,132,100,48,endgame equality fork short,https://lichess.org/zRdDFXZ9/black#74,
u1D1a,3r1b1r/3k2pp/2pp4/1P1n4/5q2/PQ5P/2PR1P2/2K1R3 b - - 0 24,d8b8 b5c6 d7c7 b3d5,1379,152,100,60,equality middlegame short,https://lichess.org/LDUfFOO6/black#48,
u1QTS,8/8/1K6/p1p5/3k4/1P6/8/8 b - - 0 54,a5a4 b3a4 c5c4 a4a5 c4c3 a5a6 c3c2 a6a7 c2c1q a7a8q,1371,117,100,69,advancedPawn endgame equality pawnEndgame promotion quietMove veryLong,https://lichess.org/rAtcPAV3/black#108,
u3g1q,8/6p1/7p/2kP4/bpB1K3/1P5P/6P1/8 w - - 0 48,b3a4 c5c4 e4e5 b4b3 d5d6 b3b2 d6d7 b2b1q,1346,215,100,32,advancedPawn endgame equality hangingPiece promotion veryLong,https://lichess.org/3li21TF2#95,
u3qyy,r1b1k2r/ppp2pp1/1q3n1p/8/4p3/1PP5/1P1P2PP/RNBQRK2 b kq - 3 14,f6g4 e1e4 e8f8 e4g4 c8g4 d1g4,1423,140,100,36,equality long middlegame,https://lichess.org/8OiNIzX9/black#28,
uBGaZ,8/8/1p1p4/p5p1/P1P1P3/1P5P/4K1k1/8 w - - 0 79,e2d3 g2h3 e4e5 d6e5,1510,119,100,62,endgame equality pawnEndgame short,https://lichess.org/kPFqAnMM#157,
uDkBr,7k/8/2n2N1P/5KP1/8/8/8/8 w - - 3 79,g5g6 c6e7 f5f4 e7g6,1376,414,0,3,deflection endgame equality knightEndgame master short,https://lichess.org/4RxhM96m#157,
uHuig,r4rk1/ppp3pp/3B1pq1/3p4/8/3n1N2/PP1Q1PPP/2R1R1K1 b - - 0 18,c7d6 f3h4 g6h5 d2d3,1569,102,100,93,equality middlegame short,https://lichess.org/HHIsDEPQ/black#36,
uN61b,8/pp5k/4p2q/3pR3/P1pPnP1p/2P1P2Q/1P1K4/8 w - - 3 36,d2c2 e4f2 h3e6 h6e6,1409,113,100,69,endgame equality short,https://lichess.org/MVdURln1#71,
uNGgK,r4rk1/3n1ppp/2q2n2/3p4/1p4b1/PB2BNP1/5P1P/R2Q1RK1 b - - 4 19,d7e5 f3e5 g4d1 e5c6,1411,140,100,56,equality hangingPiece middlegame short,https://lichess.org/BsuXY7EJ/black#38,
uNmvu,6k1/pbp5/1p6/7p/2P2P2/4KNP1/PP2R2P/2r5 w - - 8 33,b2b3 c1c3 e3d4 c3f3 e2e8 g8f7,1476,125,100,58,deflection endgame equality long skewer,https://lichess.org/bge6noQT#65,
uS9ko,r2qk1r1/pb2bp1n/2p4P/1pPpPQpR/1P1P4/3K2P1/P6N/RN6 b q - 0 24,g8g6 e5e6 g6e6 f5h7,1514,221,82,17,equality middlegame short skewer,https://lichess.org/J2FPjDXt/black#48,
uUG0X,8/8/2p1p3/4p1k1/PP2P1P1/3N2K1/3b2P1/8 w - - 3 39,d3e5 d2f4 g3f3 f4e5,1500,146,100,48,endgame equality fork short,https://lichess.org/jdOseJHI#77,
uZepG,5r2/2q3kn/1rppQ1p1/6Pp/pP2P2P/P4N2/5P2/2RR2K1 w - - 1 30,e6d6 c7d6 d1d6 f8f3,1389,87,100,94,equality middlegame short,https://lichess.org/hcq30pQB#59,
uasst,8/8/3B3p/6p1/8/4k2K/8/6r1 b - - 1 58,h6h5 d6c5 e3d2 c5g1,1588,155,100,39,endgame equality short skewer,https://lichess.org/2ji1dTfF/black#116,
ubhqg,3r4/6R1/p1p1Pk2/Pp1p1Pp1/1P1Pp1P1/2P5/6K1/8 w - - 1 42,g7d7 d8d7 e6d7 f6e7 d7d8q e7d8,1568,141,100,51,endgame equality long rookEndgame,https://lichess.org/51U7Sl6F#83,
uccxC,2r2rk1/p4p1p/1pp3p1/3ppN2/Pq2P1Q1/2R4P/3P1P2/4R1K1 w - - 0 25,e4d5 b4g4 h3g4 g6f5,1558,121,100,54,equality kingsideAttack middlegame short,https://lichess.org/Fn2pVCWH#49,
udH0K,B1bqr1k1/3n1ppp/4pn2/p3N3/PbpP1B2/6P1/1P2PP1P/R2Q1RK1 w - - 1 18,e5c4 c8a6 a8c6 a6c4,1528,227,100,20,equality opening short,https://lichess.org/a8K0Yve5#35,
ugP7e,5rk1/3q1p2/4bQp1/p2p2Rp/P1pP3P/2P5/1r3PP1/4RBK1 w - - 0 27,g5g6 f7g6 f6g6 d7g7,1552,101,100,74,equality middlegame short,https://lichess.org/Mf7SGqYI#53,
uhzEJ,r2k3r/p1p2Qp1/2pp1n1p/4p3/4P2q/2NPP2P/PPP4P/R4RK1 w - - 1 15,f7g7 h8g8 g7g8 f6g8,1394,122,100,50,equality middlegame pin short,https://lichess.org/GgUWkbZX#29,
unU9T,5rk1/5Np1/b2bp2p/p1p4r/N1P5/1P4P1/P4R2/5RK1 b - - 0 28,d6g3 f7h6 g8h7 f2f8,1531,132,100,46,deflection discoveredAttack equality middlegame short,https://lichess.org/W9oa9ZQh/black#56,
unlco,8/2R2pk1/7p/6p1/3b1B2/1B5P/P1P2PPK/1r6 w - - 0 30,f4e3 d4e5 g2g3 e5c7,1369,120,52,55,endgame equality fork short,https://lichess.org/QtJ2qUIh#59,
unztW,2B2k2/1b3ppQ/pp1p3p/3P4/q1P5/6P1/P2B1P1P/4n2K b - - 0 29,b7c8 h7h8 f8e7 h8c8,1397,106,100,65,endgame equality short skewer,https://lichess.org/0Dm2AuRz/black#58,
urgE1,r2q3r/1p4k1/p3pn1p/n2pNbp1/1Q1P4/2P1P2P/P3BPP1/R3K2R b KQ - 1 20,f6d7 e5d7 d8d7 b4a5,1440,152,100,42,equality middlegame short,https://lichess.org/nZOqjY51/black#40,
uuQ5V,2rr2k1/p3qp2/6pp/1RbpP3/3N1P2/4P1PQ/P5P1/2R3K1 w - - 1 26,b5c5 c8c5 c1c5 e7c5,1566,406,0,2,equality middlegame short,https://lichess.org/9QiJ205U#51,
uvrHq,rq2r1k1/1p3p1p/p3b1p1/2P5/2nR1P1P/2PB1QP1/P1P5/2K4R b - - 2 24,b8c7 d3c4 e6c4 d4c4,1448,83,100,129,equality middlegame short,https://lichess.org/Z79K21wZ/black#48,
uwo8B,r5k1/8/6p1/2P1r2p/1B1p4/P3n3/5RPK/1B4R1 w - - 1 41,b1g6 e3g4 h2g3 g4f2,1555,440,0,2,equality fork middlegame short,https://lichess.org/fCcgoZlG#81,
uy3o5,6k1/3Q4/4n1pp/4q3/8/5P2/5P2/1R5K w - - 3 51,b1c1 e5h5 h1g1 h5g5,1554,113,100,85,endgame equality short,https://lichess.org/ogVLo5e9#101,
v27O6,3r1rk1/1p2bppp/p1b2n2/4N3/4P3/2N5/PPP2PPP/R4RK1 b - - 0 15,f6e4 e5c6 b7c6 c3e4,1561,152,50,35,capturingDefender equality intermezzo middlegame short,https://lichess.org/NpgCACdp/black#30,
v41Na,7k/3b2pp/3P4/1N6/5Q1P/1P4P1/P7/3q2K1 w - - 7 40,f4f1 d1f1 g1f1 d7b5,1560,147,100,36,attraction endgame equality short,https://lichess.org/s0LIGGGv#79,
v86Iw,8/1R4p1/1P2n1kp/2p1P3/2b5/7P/5rBK/4R3 w - - 1 41,h2g3 f2g2 g3g2 c4d5 g2g3 d5b7,1575,177,100,40,attraction endgame equality fork long sacrifice,https://lichess.org/w3m7wrdX#81,
v88sW,2kr3r/1ppq2b1/p1n4p/P2pP1pb/1P3p2/2PB1N2/6PP/R1BQ1RK1 b - - 0 19,c6e5 f3e5 h5d1 e5d7,1393,106,100,65,equality middlegame short,https://lichess.org/5xPHXlkO/black#38,
v90t8,4k2r/4bp1p/p3p3/2N1P3/2R5/1P6/r4PPP/2R3K1 w k - 0 27,c5e6 f7e6 c4c8 e7d8,1574,152,100,43,defensiveMove endgame equality hangingPiece short,https://lichess.org/zcTRT7bO#53,
v9JDw,1r3r2/ppQR1pk1/2p1pqpp/5bN1/2B4P/8/P4PP1/5RK1 w - - 0 25,g5e6 f5e6 c4e6 f6e6,1487,113,100,59,equality middlegame short,https://lichess.org/1OsW8etP#49,
vFWfu,8/5R2/1k3P2/1pp2b1p/pN6/2P5/6PK/8 w - - 0 44,b4a2 f5e6 f7f8 e6a2,1592,150,100,34,endgame equality fork short,https://lichess.org/IRx5qDwN#87,
vIYsn,1n6/5rkp/p2p4/Qp1PpP2/2pq4/6P1/PPP3PK/5R2 b - - 2 28,f7f6 a5c7 b8d7 c7d7,1457,142,100,65,endgame equality fork short,https://lichess.org/4dlZOS1L/black#56,
vJ46P,2kr1b1r/1pp1qpp1/p1p5/4n2p/4PBb1/2N2N1P/PPP1QPP1/R4RK1 w - - 0 12,f4e5 g4f3 e2f3 e7e5,1526,149,100,37,capturingDefender equality intermezzo middlegame short,https://lichess.org/Kw9Oykuq#23,
vJ6it,8/8/Rp1r2rk/7p/KP6/2P5/1P3RPP/8 w - - 17 41,g2g3 b6b5 a4a5 d6a6,1331,170,100,39,discoveredAttack endgame equality rookEndgame short,https://lichess.org/mdYVKRg9#81,
vMjbQ,3r4/1p2q1k1/p3bn1p/P1pB1p2/4p3/2P1P1NP/1P1RQPP1/6K1 w - - 3 27,d5b7 d8d2 e2d2 e7b7,1572,229,0,14,equality intermezzo middlegame short,https://lichess.org/XYmRAJaz#53,
vNEqm,1r5k/5Qp1/p4n1p/5R2/4p3/2P4P/PP3PPK/2q5 b - - 10 35,c1b2 f5f6 g7f6 f7f6,1301,109,20,86,endgame equality short,https://lichess.org/OOKUQp4V/black#70,
vQ1XC,3r4/1p3pbk/1q1p2pp/2pP4/rpP3P1/7P/3Q2B1/1R1R2K1 b - - 0 29,g7c3 d2c3 b4c3 b1b6,1534,111,17,58,equality middlegame short,https://lichess.org/03BUNaLK/black#58,
vQLlK,3rNq1k/8/6Qp/6p1/1p2RpP1/pPbP1P2/P1P3KP/8 w - - 11 44,g6b6 d8e8 e4e8 f8e8,1429,105,100,75,endgame equality short,https://lichess.org/U4zwA24Z#87,
vVjkU,1r2k1nQ/p3np1p/8/q1b2b2/8/2N3P1/PP2PPBP/R1B1K1NR w KQ - 3 13,h8e5 c5f2 e1f2 a5e5,1391,104,100,71,attackingF2F7 discoveredAttack equality middlegame short,https://lichess.org/gwbBYCFG#25,
vYrCR,2kr1n2/2p1Q2p/p1p5/1p2N3/1P2Pp2/P2PqP2/2P3P1/3K3R w - - 3 36,e5c6 d8d3 c2d3 e3d3,1497,173,100,47,endgame equality sacrifice short,https://lichess.org/OHXP1FCB#71,
vZAZ1,r1bq1r2/pp5k/4N1p1/3pnn1P/3p4/2N5/PPPQ1P2/R3KB1R w KQ - 1 17,e6d8 e5f3 e1e2 f3d2,1552,155,100,46,equality fork middlegame short,https://lichess.org/GX2hJDya#33,
vZgzt,r1br2k1/1pq2ppp/p4n2/2b5/2BB4/1P3N2/P4PPP/2RQR1K1 w - - 3 19,d4c5 d8d1,1565,156,29,37,equality oneMove opening,https://lichess.org/iDvTcKbN#37,
veAcr,8/5p2/p2r4/8/1P4P1/1P3R1P/2kpK3/3R4 w - - 5 43,h3h4 d6e6 e2f2 c2d1,1481,124,100,54,deflection endgame equality rookEndgame short,https://lichess.org/vvA78mxn#85,
vgYDD,r4rk1/pp1b1p2/1q2p1Pp/8/3bQ3/2PB4/PP3PP1/R4RK1 b - - 0 17,f7f5 e4d4 b6d4 c3d4,1459,133,100,53,equality middlegame short,https://lichess.org/yTmOGqUQ/black#34,
vhSwH,2r1r1k1/1pq3bp/p5p1/8/2n3P1/2NRBP2/PPP1Q3/2K4R b - - 2 20,c4e3 d3e3 e8e3 e2e3,1541,125,100,62,equality middlegame short,https://lichess.org/Bnd3PEUr/black#40,
vij3b,r1b1k2r/3q1ppp/n1N5/B2p4/N1B1n3/P6P/1PP2bP1/R2Q1R1K w kq - 1 17,c4d5 e4g3 h1h2 g3f1,1420,101,100,80,equality fork opening short,https://lichess.org/Kiwozr7B#33,
vk4Mx,2b5/4k3/4p1pp/3p4/2nb4/1R4PB/5P1P/6K1 b - - 1 31,c4d2 b3d3 d4f2 g1f2,1437,85,100,118,endgame equality fork short,https://lichess.org/noANLOKU/black#62,
vmPO4,1r4k1/6p1/1qpbpn1p/4p3/1P1pP3/1QPP1P1P/2K1N1P1/7R b - - 2 25,d4c3 b3e6 g8h7 e6d6,1578,149,100,40,equality fork middlegame short,https://lichess.org/FFUFviXx/black#50,
vmq7B,r4rk1/p1R3p1/bp1Np1Np/3pP1q1/3P4/1P4P1/P1Q3K1/2R5 w - - 1 28,d6f7 f8f7 c7f7 g8f7,1487,95,100,88,equality middlegame short,https://lichess.org/aKa9yh0i#55,
vmvWC,r3kb1r/ppp1pppp/8/7q/6b1/2NP1n1P/PPP2PP1/R1BQ1R1K b kq - 0 10,f3g5 d1g4 h5g4 h3g4,1387,119,100,75,equality opening short,https://lichess.org/H1ofoJIS/black#20,
vmzV5,3q2k1/7p/6b1/4Q3/P3p2P/6P1/3r1nB1/5RK1 b - - 3 36,f2g4 e5e6 g8g7 e6g4,1501,101,100,90,equality fork middlegame short,https://lichess.org/cKVAhy27/black#72,
voVjQ,1nq3k1/p3bppp/3p1n2/N2P4/PP2p3/1Q2B1P1/4KPBP/8 w - - 0 24,e3a7 c8a6 b3c4 a6a7,1566,105,100,66,equality fork middlegame short,https://lichess.org/TC229YH4#47,
vsi4w,8/5k2/8/4PK1P/6R1/8/8/7r w - - 1 43,g4g5 h1f1 f5e4 f1e1,1573,167,100,29,endgame equality rookEndgame short,https://lichess.org/D8Fwsk5R#85,
vvbla,4r1k1/p1p4p/1p1p2p1/6B1/2qR3P/4P1n1/2PK2Q1/2R2r2 b - - 6 36,f1f2 g2f2 c4d4 e3d4,1478,141,100,38,equality hangingPiece middlegame short,https://lichess.org/oM0e5E48/black#72,
vw4LO,rn3r1k/1Q3Bpp/p3b3/2q1p3/P1P5/4P3/6PP/2R2RK1 b - - 0 25,b8c6 f7e6 c5e3 g1h1,1464,129,100,57,equality middlegame short,https://lichess.org/H9yd7lzK/black#50,
vxpY9,3r2k1/6p1/5p1p/8/Bp6/5P1P/3n2P1/3R2K1 b - - 5 36,d2f3 g2f3 d8d1 a4d1,1551,119,100,51,endgame equality hangingPiece short,https://lichess.org/0am8Y7oc/black#72,
vy4Iq,2b4k/8/p2r3p/1pq3p1/8/2N3Q1/PPB3PP/R5K1 w - - 6 28,g3f2 c5f2 g1f2 d6d2,1479,127,100,48,attraction equality middlegame short,https://lichess.org/COS0wOtk#55,
vzpig,2kr1bnr/ppp2ppp/3qp3/2N5/2Pn4/3B1N2/PP1B1PPP/R2QK2R w KQ - 0 13,c5e4 d4f3 d1f3 d6d3 f3d3 d8d3,1344,138,100,64,discoveredAttack equality long opening,https://lichess.org/gEdTMuvz#25,
w1Q7E,r1q3k1/5p1p/p2Q2p1/1p1P1P2/1P6/P1b4P/4r1P1/2R2RK1 b - - 0 24,c8d8 d6d8 a8d8 c1c3,1487,133,100,49,equality middlegame short,https://lichess.org/5TTbGrl8/black#48,
w1YcF,3r2k1/p2r1pb1/4q1p1/2p5/2N5/1P2PN2/P1RP3Q/3K3R w - - 8 28,f3g5 e6g4 d1c1 g4g5,1312,134,100,59,equality fork middlegame short,https://lichess.org/UhUbT5Aa#55,
w3wth,2q4r/p3bpk1/1p1p2p1/4p1P1/8/r1P2Q2/1K1B1P2/6RR b - - 7 27,c8c5 h1h8 c5b5 b2a3,1372,90,100,107,equality middlegame short,https://lichess.org/3EdoLxmd/black#54,
w4zPg,2kr3r/pppqbppp/2b2n2/4p3/2P5/2N2N2/PPQ1B1PP/R1B2RK1 w - - 1 16,f3e5 d7d4 g1h1 d4e5,1565,141,100,46,equality fork middlegame short,https://lichess.org/g3052w2w#31,
w5KJj,r3r1k1/ppp2pp1/3p3p/3P1P2/1P2Pb2/2PQ1N1q/PB2K3/4R1R1 w - - 6 27,g1h1 h3g2 e2d1 g2b2,1507,122,100,69,equality middlegame short skewer,https://lichess.org/YiyvzJd3#53,
w5Rx7,4k3/1r2nRR1/3p1P2/p1pP4/N3P3/1P2P3/1PK4r/8 w - - 1 37,c2c3 e7d5 e4d5 b7f7,1563,140,100,48,discoveredAttack endgame equality short,https://lichess.org/CHrmmgIV#73,
w5quY,r4r2/1pp5/p2p3p/2b1p1p1/2P1PpR1/P4P2/1PP2P1k/2KR4 b - - 1 24,c5f2 d1d2 h2h3 d2f2,1398,160,100,33,endgame equality pin short,https://lichess.org/GTk8zQaM/black#48,
w7Oy2,2b4r/R3R3/3qk3/1p1p1p1p/3bp3/6PP/5P2/4Q2K b - - 5 38,d6e7 a7e7 e6e7 e1b4 e7e6 b4d4,1522,153,100,44,attraction endgame equality fork long master,https://lichess.org/LnBIYda5/black#76,
wA9o7,r1b3r1/pp1pkp1p/5n2/4B3/4P1P1/2P5/P4P1P/bN2KBR1 b - - 2 15,g8g4 e5f6 e7f6 g1g4,1447,115,100,68,equality intermezzo middlegame short,https://lichess.org/lTAqDCMF/black#30,
wAyPF,r5k1/3R1pp1/pq3b1p/1p6/5P2/PQ4P1/1P4K1/8 b - - 3 37,a8a7 b3f7 g8h7 d7a7,1516,113,100,68,endgame equality short,https://lichess.org/LcoRMWI8/black#74,
wDMv4,2k1b2Q/2pq1r1p/4pPp1/p2p4/3P4/2P5/6P1/R5K1 b - - 0 37,d7b5 a1a5 b5a5 h8e8 c8b7 e8f7,1564,122,100,51,deflection endgame equality fork long,https://lichess.org/tk1mBLMO/black#74,
wEJAI,8/5k2/1P1R1P2/2K1r3/8/3p4/8/8 w - - 1 58,c5c6 e5e6 d6e6 f7e6 b6b7 d3d2,1555,109,100,61,advancedPawn endgame equality long pin rookEndgame,https://lichess.org/1ocENbbC#115,
wFpB3,6kr/p2q1p2/np1N2r1/5Q1p/3Pp3/P1P3P1/5P1P/1R2R1K1 b - - 0 30,d7d6 f5c8 g8g7 c8a6,1558,109,100,88,equality fork middlegame short,https://lichess.org/Q1yacr5f/black#60,
wGsGy,3r1r1k/pppR2pp/2n1QB2/7q/2P1Pp2/1P6/P5P1/3R2K1 b - - 0 26,g7f6 d7d8 c6d8 d1d8,1572,130,100,48,equality middlegame short,https://lichess.org/tWiFuFIA/black#52,
wHVb3,1k5r/1p2b3/1Np4p/4p1p1/6Q1/7P/PPq2rRP/R6K b - - 3 24,h8f8 b6d7 b8c7 d7f8,1549,121,100,51,equality fork middlegame short,https://lichess.org/5gUqwhAM/black#48,
wHZya,1r4k1/1b3p1p/p2q2p1/1P1N3n/P2Q4/4P2P/5PP1/R4RK1 w - - 7 29,d5f4 d6d4 e3d4 h5f4,1443,110,100,79,capturingDefender equality middlegame short,https://lichess.org/k9BKh4SA#57,
wIqib,4rr2/ppk2p2/2p4p/2Qp2pB/P1nP4/2P4P/1P3PP1/R5K1 w - - 3 25,b2b4 b7b6 c5f8 e8f8,1353,116,100,79,endgame equality short trappedPiece,https://lichess.org/SFMkY6jZ#49,
wLOAw,3r2k1/1p3ppp/p1q5/3b4/1P6/P4B2/1Q3PPP/3R2K1 w - - 0 27,f3d5 d8d5 d1d5 c6d5,1382,401,60,10,endgame equality short,https://lichess.org/1lbtna1d#53,
wMb6C,8/8/8/6kp/6p1/6P1/7K/8 b - - 9 56,h5h4 g3h4 g5h4 h2g2,1589,99,100,66,defensiveMove endgame equality pawnEndgame short,https://lichess.org/LPSsC7sg/black#112,
wMjZF,rn1qkb1r/1p3ppp/p3pn2/8/3N4/5b1P/PPPPBPP1/R1BQ1RK1 w kq - 0 10,e2f3 d8d4 f3b7 a8a7,1575,190,100,30,equality opening short,https://lichess.org/hOcHSATv#19,
wO06o,r1b2R2/8/p1nnp3/1p4R1/3k2P1/1P6/P1P4K/8 b - - 0 33,d4c3 g5c5 c3d4 c5c6,1388,96,100,90,endgame equality fork short,https://lichess.org/WAli0nRp/black#66,
wQw1o,3q1rk1/p4pbp/b3p1p1/3p1P2/3Pn1P1/2r1BN1P/P3Q1B1/R3R1K1 b - - 1 22,e6f5 e2a6 f5g4 h3g4,1484,84,100,104,equality hangingPiece middlegame short,https://lichess.org/FbavzLaf/black#44,
wU9nS,r5rk/pb2R1pp/1pq5/8/2P1R3/P1Q2PP1/5P2/6K1 b - - 5 27,c6f6 c3f6 g7f6 e7b7,1565,108,100,71,equality middlegame short,https://lichess.org/IwoXLJ31/black#54,
wUZTn,r1k2b1r/1R4pp/2n5/N1Pp4/8/1N2P3/3R2PP/6K1 w - - 7 29,d2d5 c6a5 b3a5 a8a5,1347,82,100,129,equality middlegame short,https://lichess.org/uTbFbKWY#57,
wUgO2,r1b1qr1k/ppp3p1/1b4np/4p3/2Bn4/2N2NBP/PP3PP1/R2QR2K w - - 2 17,f3d4 b6d4 d1d4 e5d4,1577,154,100,34,equality opening short,https://lichess.org/iqv5xiVT#33,
wWKT3,3r2k1/2p3pp/5p2/R7/2b2KN1/5P1P/6r1/2R5 b - - 1 31,g7g5 f4f5 c4d3 f5f6,1507,119,100,48,defensiveMove endgame equality short,https://lichess.org/eZ8qiIJs/black#62,
wWm3O,2r3k1/1pB2pp1/5n1p/3p4/1q6/R5QP/5PP1/6K1 b - - 0 35,c8c7 a3a8 g8h7 g3c7,1569,276,69,9,endgame equality intermezzo short,https://lichess.org/6lnCVXVG/black#70,
wWxu6,r6B/1bpk4/p2p2pb/np2P3/3P4/8/PPP2PPP/RN2R1K1 w - - 1 18,e5e6 d7e7 h8f6 e7f6,1355,135,100,42,defensiveMove equality middlegame short trappedPiece,https://lichess.org/7kwqAWci#35,
wYdEI,8/1R2nkpp/4q3/p2p2B1/P1pPp2P/2P3P1/5P2/6K1 b - - 6 35,h7h6 b7e7 e6e7 g5e7,1384,95,100,81,endgame equality fork short,https://lichess.org/kGtJet7f/black#70,
wZ3VE,2k5/3b4/1Rq1p2p/2PpP3/3Q1N2/8/6P1/r5K1 w - - 2 39,d4a1 c6c5 g1h2 c5b6,1398,115,100,83,endgame equality fork short,https://lichess.org/Mia9aq8E#77,
wZbZn,6k1/2p3pp/p7/3p4/1P2q3/P7/2P2QKp/R7 w - - 0 33,g2h2 e4e5 f2g3 e5a1,1332,84,100,147,endgame equality fork short,https://lichess.org/TD85bR9f#65,
waA8m,3r1qk1/1QR3pp/3np3/4NpP1/3P1P2/4P1P1/6K1/8 w - - 3 39,b7a7 d6b5 a7b6 b5c7,1493,118,100,62,endgame equality fork short,https://lichess.org/gzbEZKZA#77,
wc8IL,r2q1rk1/p2p1ppp/b1p1p1n1/7Q/5PP1/1BP5/P1PB3P/2KR3R b - - 0 15,a6e2 d1e1 e2f3 h1f1,1595,352,0,1,equality middlegame short,https://lichess.org/CpS3ntQp/black#30,
wdUCT,r3kb1r/pp3pp1/2n1p3/3pPn2/3P1P1q/1P1Q3p/P2BN2R/RN3K2 b kq - 2 15,c6d4 e2d4 f5d4 d3d4,1447,98,100,69,equality middlegame short,https://lichess.org/SIFtAK5U/black#30,
wgQph,rqb1k2r/pp1n1pbp/3ppnp1/1NpP4/2P1PP2/3B1N2/PP4PP/R1BQK2R w KQkq - 2 10,b5d6 b8d6,1304,151,0,38,equality hangingPiece middlegame oneMove,https://lichess.org/bMVam2kE#19,
wgn6m,r1b1k2r/pp2qpQp/2p1p3/3nn3/3P4/1BN1P3/PP3PPP/R3K2R b KQkq - 0 13,e7f6 g7f6 d5f6 d4e5,1469,122,100,57,equality middlegame short,https://lichess.org/PBh4y2rj/black#26,
wikRf,4r1k1/5p2/1pQ4p/5Pp1/1P2r3/1Nb3P1/P5PP/3q2RK b - - 1 31,e4e1 c6e8 e1e8 g1d1,1461,139,100,60,equality middlegame short,https://lichess.org/4C2JXajK/black#62,
wmhCC,r1b2Bk1/1p3ppp/2n1p3/p7/N3B3/P2P1P2/6PP/R4n1K w - - 0 23,a1f1 g8f8 e4c6 b7c6,1565,129,100,49,equality hangingPiece middlegame short,https://lichess.org/rj1WJpct#45,
wnMrS,r1q2rk1/5ppp/8/8/2PB4/1bN2P2/4B1PP/R4RK1 b - - 0 23,b3c4 a1a8 c8a8 e2c4,1561,144,100,39,equality middlegame short,https://lichess.org/MspvOwOl/black#46,
wno3X,2kr2nr/pp1n1Qp1/2q1p1p1/3pP3/3R2P1/7P/PPP2P2/1K3B1R b - - 0 20,d7e5 f7g7 g8f6 g7f6,1554,145,100,60,equality fork middlegame short,https://lichess.org/LYJAVLNE/black#40,
wrbw3,r3kr2/p1pq1p1p/1p3Q2/4P3/5P2/3P4/P2K2PP/7R b q - 0 19,d7e7 f6c6 e7d7 c6a8,1379,85,100,129,endgame equality fork short,https://lichess.org/8tX4eKAh/black#38,
wrg9m,1rb2rk1/4bppp/4p3/1Ppp4/8/1PP1BP2/q1QK2PP/3RR3 b - - 4 22,a2a3 d1a1 a3a1 e1a1,1580,155,83,38,equality middlegame short trappedPiece,https://lichess.org/0ql1gVZI/black#44,
wvCRn,2kr1b1r/pp1n1p2/2p1pn1p/4N2q/3PN1p1/1Q1P3P/PP1B1PP1/R3R1K1 w - - 0 15,h3g4 f6g4 e5g4 h5g4,1476,140,100,46,equality middlegame short,https://lichess.org/ytcaoh0T#29,
wvjaq,R7/p7/2k3n1/3r1p2/2p5/6P1/PPK4P/8 b - - 2 33,a7a5 a8a6,1576,144,100,33,endgame equality oneMove,https://lichess.org/Nr6KGWaP/black#66,
wwWcB,6k1/5p2/Q5pp/4p3/pP1qP3/7P/5PP1/2b2NK1 b - - 0 35,d4b4 a6c8 g8g7 c8c1,1378,120,100,62,endgame equality fork short,https://lichess.org/LTY29wHV/black#70,
wyz5Z,rnb2b1r/2kpq1p1/2p4p/p3PP1Q/1p6/3PB3/PPP3PP/R4RK1 b - - 0 16,e7e5 e3f4 f8d6 f4e5,1309,115,100,70,equality middlegame pin short,https://lichess.org/T03cFWIu/black#32,
x5D9O,r1bq1rk1/ppp2pp1/2n2n1p/2b5/7R/2NB4/PPP3PP/R1BQN2K b - - 2 12,f6g4 h4g4 c8g4 d1g4,1532,204,100,29,equality opening short,https://lichess.org/Gj2v7Q1G/black#24,
x96sN,8/8/kp6/3B2p1/1r6/5KPR/8/8 w - - 0 47,d5e4 g5g4 f3g4 b4e4,1486,109,100,69,attraction deflection endgame equality short,https://lichess.org/sWNj4zkH#93,
x9bEW,8/5pp1/8/4Q2k/4P2p/5P1P/6PK/2r2q2 b - - 1 43,h5h6 e5f4 g7g5 f4f6,1501,132,100,51,endgame equality short,https://lichess.org/C3hcSrgm/black#86,
xALiM,8/8/5pk1/3R2p1/6Kp/1r3P2/7P/8 b - - 7 56,f6f5 d5f5,1492,118,100,68,endgame equality oneMove rookEndgame,https://lichess.org/4iTd7HX8/black#112,
xARjB,5r2/BQp4k/5q1p/8/2Bb4/1P1P1Pp1/P5P1/1R4K1 w - - 1 27,a7d4 f6d4 g1h1 d4h4,1409,105,100,71,endgame equality short,https://lichess.org/IzoArR3C#53,
xC1WD,r3k1r1/2p2ppp/p2p4/1p5b/3pP3/1B1P1q2/PPP2P2/R2Q1K1R w q - 0 21,d1f3 h5f3 h1h3 f3g4,1436,100,100,75,equality middlegame short,https://lichess.org/RHdCYoUm#41,
xCvnQ,8/8/5kp1/4Rpr1/4B3/5P2/1KP5/8 w - - 1 45,e5a5 f5e4 a5g5 f6g5 f3e4 g5f4,1351,162,100,35,endgame equality long,https://lichess.org/FwNFuH7r#89,
xDrZ5,4rb2/5qp1/k1p3p1/p1p1p1B1/4Qn1P/P2r1P2/1PR3P1/1K5R b - - 3 26,f7e6 g5f4,1589,155,100,40,equality middlegame oneMove,https://lichess.org/T9AcRnEK/black#52,
xE86K,6r1/qn4k1/3p4/1p1P3Q/1P2P3/5N2/6P1/2NR3K w - - 1 40,d1f1 g8h8 h5h8 g7h8,1350,152,100,47,equality middlegame pin short,https://lichess.org/BkEasI9M#79,
xES3U,3r2k1/1b4pp/p4n2/8/4P3/2Pr1P2/1B2N1PP/R3K2R w KQ - 4 20,e1g1 d3d2 e2d4 d2b2 a1b1 b2b1,1503,437,0,5,equality fork long middlegame,https://lichess.org/6CO9Thyy#39,
xHdEY,3rk2r/1b1n1ppp/1b2p3/pQ6/Pp2PB2/8/1qB1NPPP/2RR2K1 w k - 8 20,d1d7 d8d7,1350,121,100,72,equality middlegame oneMove,https://lichess.org/RJdv7NIh#39,
xJMr5,r2q1r2/nb1p1ppk/1p1bp3/p5N1/2P5/P7/2PB1PPP/R2Q1RK1 b - - 1 16,h7g8 d1h5 b7e4 g5e4,1387,130,100,55,equality opening short,https://lichess.org/S0IeWpMY/black#32,
xKbUk,8/4b1R1/1rppkp1p/p3p3/2P1P3/1PK2P2/P7/7R w - - 2 25,h1h6 e7f8 h6g6 f8g7,1399,80,100,143,endgame equality short,https://lichess.org/lgigALCI#49,
xMgou,5R2/1pk1p2r/p2p4/2qP1p2/2P2P2/7p/P1PQ3P/1K2R3 w - - 0 35,d2d3 c5b4 b1a1 b4e1,1531,132,100,51,endgame equality fork short,https://lichess.org/uc4CiwhD#69,
xMxUs,3rr1k1/p1p1nppp/1pp3q1/4P3/3Q2b1/2P1P3/PPBN2PP/R4RK1 b - - 0 15,d8d4 c2g6 d4d2 g6f7,1485,119,100,53,equality kingsideAttack middlegame short,https://lichess.org/V3ATvQOb/black#30,
xQaj1,8/p2R3p/1k6/3n4/3P4/5KP1/7r/8 b - - 2 37,d5f6 d7d6 b6b5 d6f6,1416,130,100,59,endgame equality fork short,https://lichess.org/3JCb8lhn/black#74,
xSJEj,r3r3/pp1n1n1R/6p1/2pN1k2/3p1P2/8/PPP5/2K1R3 w - - 2 33,e1e8 a8e8 h7f7 f5e6,1589,145,100,49,endgame equality short,https://lichess.org/NZjb4py7#65,
xTLZ0,r3r1k1/ppp1qppp/2n5/3p4/3P2b1/P1N5/1P2BBPP/R2QK2R w KQ - 1 16,e1g1 g4e2 c3e2 e7e2,1455,121,100,65,equality fork middlegame short,https://lichess.org/AWw2DBE9#31,
xVrpS,5rk1/bpp3p1/p2p3p/4r3/PPq1pNQ1/2P4P/5PP1/2R2RK1 b - - 2 22,e5g5 g4e6 c4e6 f4e6,1405,141,100,53,equality kingsideAttack middlegame short,https://lichess.org/AiFqGmuH/black#44,
xWfR8,2r2rk1/bp3pp1/p1q1p1n1/3pP1NP/8/2PQ4/PP3PP1/R3R1K1 b - - 0 19,c6c4 d3c4 c8c4 h5g6,1554,119,100,46,equality middlegame short,https://lichess.org/yPEz1KzO/black#38,
xY4yK,rn4k1/4qnp1/bp2p2p/p2pPpr1/3P1R1Q/2P1PN1P/PPB3P1/R3B1K1 w - - 0 24,f3g5 h6g5 h4h5 g5f4,1578,127,100,42,equality fork middlegame short,https://lichess.org/q8rqSjez#47,
xaPVt,8/5pp1/2R4p/PK1n4/1P6/3k2P1/2p4P/8 w - - 0 40,a5a6 d5c3 c6c3 d3c3,1580,125,100,55,endgame equality short,https://lichess.org/pryQX9It#79,
xbAhT,8/8/5kp1/8/5P1P/3pNK2/1r6/8 b - - 2 52,b2b4 e3d5 f6f5 d5b4 d3d2 f3e2 d2d1q e2d1,1544,279,60,11,endgame equality fork veryLong,https://lichess.org/WsDyB7b2/black#104,
xbrUr,5k2/4pP2/3p4/2p3P1/1pP1r1KP/1P3R2/8/8 w - - 1 49,f3f4 e4f4 g4f4 f8f7,1385,437,0,3,endgame equality rookEndgame short,https://lichess.org/W6QeMCTT#97,
xdQ61,r2q2kr/pQ2b1p1/3pb2p/3N4/4PR2/8/PPP3PP/3K4 b - - 1 18,e6d5 b7d5 g8h7 d5f5,1556,149,43,40,equality middlegame short,https://lichess.org/HhBpt12Q/black#36,
xfFqz,4r1k1/1p4p1/p5p1/1b6/6P1/7P/6QK/4B3 w - - 1 38,g2d2 e8e2 d2e2 b5e2,1512,340,0,8,endgame equality fork short,https://lichess.org/eKRKkxgU#75,
xiiWC,5b2/8/4r3/2P2k2/8/pP5P/P5QP/7K w - - 1 49,c5c6 e6e1 g2g1 e1g1,1460,116,100,69,endgame equality short,https://lichess.org/SpHXhd0h#97,
xklkk,8/8/6R1/7P/p4p2/5P2/5kPK/r4b2 b - - 0 63,a4a3 h5h6 a3a2 h6h7,1453,129,100,50,advancedPawn endgame equality short,https://lichess.org/yTsckdcn/black#126,
xlFrL,rr4k1/2q2pp1/p3pb1p/2p1n2Q/N1Pp3P/P2P2P1/2B5/3KR2R b - - 0 29,c7a5 e1e5 f6e5 h5e5 b8b1 c2b1,1516,131,100,54,equality long middlegame,https://lichess.org/X7lkEVuH/black#58,
xnif2,r1b3k1/pp4bp/2n3p1/4p1N1/P2P4/B1p1PB1q/2P2R2/R2K4 b - - 1 23,h3h4 f3d5 g8h8 g5f7,1536,128,100,50,equality kingsideAttack middlegame short,https://lichess.org/rUExkSWV/black#46,
xoazq,rn2nrk1/3p1ppp/p2P1q2/1p1B4/8/5P2/PP1Q1P1P/R4R1K b - - 6 16,e8d6 d5a8 b8c6 a8c6,1503,437,0,6,equality hangingPiece middlegame short,https://lichess.org/k3BsrHPk/black#32,
xpwUM,8/6p1/7p/r3p3/1k2P3/p1NK1P1P/R5P1/8 w - - 11 40,d3c2 a5c5 a2a3 b4a3,1538,135,100,44,endgame equality short,https://lichess.org/pd2wkphO#79,
xtBoP,Q3R3/2p3pk/2r4p/3p2q1/2b5/2N1bP1P/PPP3P1/7K b - - 4 29,c6f6 e8h8 h7g6 a8e8,1507,117,100,59,equality middlegame short,https://lichess.org/CcrkBwPh/black#58,
xuJRB,4r1k1/p6p/2q2pp1/1N1pb3/6Q1/8/4BPPP/3R2K1 w - - 4 32,b5d4 e5d4 g4d4 e8e2,1469,98,100,69,capturingDefender discoveredAttack equality middlegame short,https://lichess.org/f9Ug2ovf#63,
xwSPP,7k/6pp/8/p7/1p3P2/1P6/P5KP/R1Br4 w - - 3 31,c1b2 d1d2 g2f3 d2b2,1503,128,100,50,endgame equality fork short,https://lichess.org/EO04mdbu#61,
y0kpI,6k1/6p1/qp2p2p/3pP2P/rP1P2PK/P7/3B1r2/R1Q5 b - - 0 48,f2d2 c1d2,1327,118,100,77,endgame equality hangingPiece oneMove,https://lichess.org/Y2QAWSiP/black#96,
y1L4b,3q4/rpp5/p2pkN2/4n1Q1/8/2P3P1/PP3P2/R3R1K1 w - - 0 26,f6e4 e5f3 g1g2 f3g5,1578,500,0,2,equality fork middlegame short,https://lichess.org/9kEy0Ke2#51,
y2Xzp,r4rk1/1b1p1p1p/p4qp1/3P1n2/1pB3P1/1P1Q4/P1P4P/3R1RK1 b - - 0 22,f6d4 d3d4 f5d4 d1d4,1359,119,100,68,equality middlegame short,https://lichess.org/fuwTCFFC/black#44,
y3IOS,8/6k1/5R2/7P/6K1/6P1/5p2/5r2 w - - 3 55,g4g5 f1g1 f6f2 g1g3,1318,83,100,146,endgame equality rookEndgame short,https://lichess.org/XPvl1jy0#109,
y5O7z,r3k2r/ppp1n3/2q2b1p/3p4/8/4Q3/PPP2PPP/RNB1R1K1 w kq - 2 15,b1c3 d5d4,1423,122,0,41,equality middlegame oneMove,https://lichess.org/F2uDJV0s#29,
y5StU,3k4/2pn3R/1p1p1p2/p2P1K2/2P3P1/1P6/P7/8 w - - 0 42,f5e6 d7f8 e6f6 f8h7 f6g6 h7f8,1468,122,100,59,endgame equality fork long,https://lichess.org/j2RRmDla#83,
y60b0,5r2/pp6/2pp4/6k1/4PNb1/P2P2K1/1P3P1P/7R w - - 9 29,f4h3 g4h3,1459,97,100,82,endgame equality oneMove,https://lichess.org/ISkw1NdV#57,
y6qwF,5bk1/3Q1p2/p2Np1pp/1p5q/3P4/1P3b2/P4PPP/1B5K b - - 0 28,f3g2 h1g2,1396,349,0,7,endgame equality hangingPiece oneMove,https://lichess.org/ONVujuqQ/black#56,
y7IFb,r5k1/1b3pr1/2p1p2p/p4pq1/2P2N1P/1P2P1P1/PQ1P1P2/5RK1 b - - 0 29,g5h4 b2g7 g8g7 g3h4,1554,105,100,84,equality kingsideAttack middlegame short,https://lichess.org/zOEidLEi/black#58,
y7q0Q,1q1B4/5kp1/P1Q4p/8/3b4/7P/6PK/8 w - - 9 45,d8c7 d4e5 c7e5 b8e5,1305,132,100,50,endgame equality short xRayAttack,https://lichess.org/gNBBycyk#89,
y9vCP,r6b/1p1b1k2/4p3/p1q5/P4PPQ/2p5/1P1B3K/R4R2 w - - 0 30,h4h7 h8g7 d2c3 a8h8 h7h8 g7h8,1543,127,100,50,clearance defensiveMove equality long middlegame pin,https://lichess.org/bGskf1yq#59,
yA0JD,2k4r/3n2q1/p1pp1p2/1pb1p3/2P1P3/1P1B1QP1/PB1N1PK1/R7 w - - 0 28,a1h1 h8h1 g2h1 g7h6 h1g2 h6d2,1474,140,100,51,attraction equality fork long middlegame,https://lichess.org/BULuZ3Nj#55,
yD2lB,8/5pp1/1p2k2p/p2pP3/1b4KP/1r3NP1/R7/8 b - - 4 38,g7g6 f3d4 e6e5 d4b3,1442,135,100,56,endgame equality fork short,https://lichess.org/dvL84ZzG/black#76,
yFRcn,3qr1k1/4n1p1/5p1p/p7/3p1N2/1Pr2Q1P/P4PP1/3RR1K1 w - - 2 28,f3c3 d4c3 d1d8 e8d8,1517,96,100,97,equality middlegame short,https://lichess.org/wCXpjYLw#55,
yGPxs,8/7p/r5p1/8/8/p4R1P/1k3PPK/3B4 w - - 2 41,f3b3 b2c1 b3d3 a3a2,1402,169,100,33,advancedPawn defensiveMove endgame equality short,https://lichess.org/DK1AqaBP#81,
yILNZ,2b5/8/1R1p1p2/8/2P1P3/3PkP2/2KN4/7r w - - 15 46,b6d6 h1h2 c2c3 h2d2,1580,500,0,1,endgame equality short,https://lichess.org/Yv3jPBEf#91,
yIYEb,8/8/8/4k3/6K1/8/6P1/8 w - - 4 64,g4f3 e5f5 g2g3 f5g5,1393,154,100,49,defensiveMove endgame equality pawnEndgame short zugzwang,https://lichess.org/4uvg1GMC#127,
yJOh9,4r2k/ppb2ppp/8/3bq3/2p1B3/2P3PP/PP2QP1K/R3R3 w - - 1 26,e4d5 e5e2 e1e2 e8e2,1530,126,100,53,equality middlegame pin short,https://lichess.org/EYEPZThs#51,
yMHad,2r2rk1/pp1b1pp1/4p2p/3pP3/3P4/P3qN1R/6PP/RQ5K b - - 1 21,c8c3 f3g5 e3g5 h3c3,1558,438,0,1,deflection discoveredAttack equality middlegame short skewer,https://lichess.org/urSxcDWz/black#42,
yNHqt,r2q1rk1/pbppb1p1/1p2pn1p/4P3/1Pn5/P1N1B1P1/2P1NPBP/R2Q1RK1 b - - 0 13,c4e3 f2e3 b7g2 g1g2,1558,128,100,57,equality opening short,https://lichess.org/Xfd8vQ3s/black#26,
yP3PU,rn2k2r/ppp1bpp1/7p/8/3q4/5B2/PPPBQPPP/R3K2R w KQkq - 1 14,f3b7 d4b2 b7a8 b2a1,1406,127,100,53,equality fork middlegame short,https://lichess.org/IR0wYCGs#27,
yR90N,r2q1rk1/pQp3pp/1p6/5p2/2Pb1p2/3P4/P1P2PPP/1R2R1K1 b - - 3 18,d8h4 b7d5 g8h8 d5d4,1561,141,100,51,equality fork middlegame short,https://lichess.org/C17Vrrz9/black#36,
yRzYa,6k1/7p/4P1p1/p1p1bq2/Pp1p4/1P1P3r/2P2PQ1/4RRK1 w - - 0 31,g2h3 f5h3 e1e5 h3g4,1505,92,100,93,endgame equality short,https://lichess.org/nu2V870X#61,
yX1Jv,1rb2r2/p1pq1ppk/2pp1b1p/4PN1P/5PQ1/2NP4/PPPK4/4R2R b - - 0 19,d7f5 g4f5 c8f5 e5f6,1415,116,100,74,equality middlegame short,https://lichess.org/KBiSzY6x/black#38,
yXdiU,rB6/P7/8/8/8/3kpK2/8/8 b - - 1 54,d3d2 b8f4 d2d3 f4e3,1544,143,100,42,endgame equality short,https://lichess.org/NRUnw0J8/black#108,
ybdG7,r1b1k2r/p3b1pp/2pp4/5n2/5BPq/3B2N1/PPP4P/R2QK2R w KQkq - 3 14,d3f5 c8f5 g4f5 h4f4,1354,83,100,135,equality opening pin short,https://lichess.org/hTP5a5bz#27,
ybpNr,4k3/4n3/p4Bp1/3p1p2/2p2b2/2N4P/2P3P1/7K b - - 1 30,a6a5 f6e7 d5d4 c3d5,1524,190,75,20,endgame equality short,https://lichess.org/rGnrhFQs/black#60,
yc4kU,r2q1rk1/1p4pp/ppn1N3/3pn3/PP6/2PQ4/3N1PPP/R4RK1 w - - 0 17,e6d8 e5d3 d8c6 b7c6,1546,139,100,49,equality hangingPiece middlegame short,https://lichess.org/0ReWYHP8#33,
yd3y4,8/6k1/7p/3Pp3/4NpN1/1P1K1Rb1/8/3r4 w - - 6 47,d3c4 d1d4 c4b5 d4e4,1406,146,100,51,endgame equality fork short,https://lichess.org/G6aeI1gw#93,
ydEGi,r5kr/2qn2pp/p2bbpN1/2pp3Q/3P1B2/2P5/PP3PPP/RN3RK1 w - - 4 16,g6h8 d6f4,1482,83,100,114,equality hangingPiece middlegame oneMove,https://lichess.org/eSwc2qJH#31,
yfZwN,2r2rk1/4Qpbp/3p2p1/2q2b2/1p6/1B5P/1PP1N1P1/R4R1K b - - 0 22,c8e8 b3f7 f8f7 e7e8,1446,105,100,66,deflection equality fork middlegame short,https://lichess.org/oSQ03kqh/black#44,
yiWdL,4r2k/5pRp/p1r1b2B/1p6/2pP4/P7/BPPK4/R7 w - - 3 25,a1g1 c4c3 b2c3 e6a2,1364,133,100,52,discoveredAttack equality middlegame short,https://lichess.org/aUssEYdP#49,
yiaA9,r2q1rk1/4n1Bp/p2p2p1/2p5/2P1Bp2/1P2N3/P3K1PP/R4R2 b - - 0 20,f4e3 f1f8 g8g7 f8d8,1519,122,100,57,equality fork middlegame short,https://lichess.org/xPfc8ECG/black#40,
yjzco,r1b1qk1r/4bppp/p1N1p3/8/5Q2/8/PP3PPP/2R2RK1 b - - 0 16,c8b7 c6e7,1569,138,100,48,equality middlegame oneMove,https://lichess.org/QScWP11l/black#32,
yl4as,1r1q1rk1/2p2pbp/1pB1p1p1/p7/P1NP4/2P3Pb/1P3P1P/R1BQR1K1 w - - 0 15,c6g2 h3g2 g1g2 d8d5 d1f3 d5c4,1415,93,100,99,attraction equality fork long middlegame,https://lichess.org/zwfWnfD9#29,
ylGni,3r2k1/pbp4n/1p5p/4N1p1/3P4/2P2Q1P/qP4P1/1R2R1K1 w - - 0 27,f3f7 a2f7 e5f7 g8f7,1597,195,100,31,equality middlegame short,https://lichess.org/o3TBB5Bz#53,
ylX7p,8/7R/pkp5/8/4Pq2/2NR3P/PP6/7K w - - 1 30,h7g7 f4f1 h1h2 f1d3,1571,141,100,37,endgame equality fork short,https://lichess.org/7bexubDQ#59,
ylw6m,5r1k/2p1p3/1p1p1b1p/p4B2/2PPN2q/4PQrp/PP6/R6K w - - 0 35,f3g3 h4g3 e4g3 f6h4 f5h3 h4g3,1550,226,33,8,clearance equality long middlegame,https://lichess.org/yHFnEEo6#69,
yowrV,5rk1/pp4pp/4N3/1b1pP3/1P6/P5P1/R2K2BP/2r5 b - - 2 26,f8f2 d2c1 f2a2 g2d5,1472,117,100,47,endgame equality short,https://lichess.org/WFj7H29c/black#52,
ypKug,5k2/8/4K3/5P2/8/8/8/8 w - - 1 59,f5f6 f8e8 f6f7 e8f8,1391,136,100,59,endgame equality pawnEndgame short zugzwang,https://lichess.org/nRgLhtfI#117,
yrjtg,2b2rk1/q6p/p2rp1p1/1p3p2/4B2R/6Q1/6PP/5R1K b - - 1 29,f5e4 f1f8 g8f8 g3d6,1551,128,100,55,attraction equality middlegame short,https://lichess.org/JdIzwJdJ/black#58,
yscdU,2kr4/ppp1q3/4pr2/4Q2R/3PR1pp/P1P1P2P/1P1B2P1/7K w - - 2 28,h5h4 f6f1 h1h2 e7h4,1390,76,100,209,discoveredAttack equality kingsideAttack middlegame short,https://lichess.org/NNEC95gH#55,
yxXFi,r1b2rk1/2q2pp1/2p2b1p/2n1p3/1p2P3/5N1P/BPP1NPP1/R2Q1RK1 b - - 1 17,c5e4 a2f7 c7f7 a1a8,1552,183,100,28,discoveredAttack equality opening short,https://lichess.org/qlsr28Dh/black#34,
yxh7o,6k1/pp3pp1/2p2rrp/7q/2PPQP2/1P2P2b/P2BNRP1/5RK1 w - - 3 27,e4f3 h5f3 f2f3 g6g2 g1h1 g2e2 f3h3 e2d2,1565,381,0,4,equality fork middlegame pin veryLong,https://lichess.org/hd5Hi0T8#53,
yyMTf,r1q1kb1Q/5p2/3pbPr1/4p1P1/p1NpP3/PB1P4/1P5K/R1B5 b q - 1 31,a4b3 c4d6 e8d7 d6c8,1471,144,100,44,equality middlegame pin short,https://lichess.org/6DXpUEhQ/black#62,
yzSuW,8/PK1k2p1/7p/2R5/3r1P2/8/3p1P1P/8 w - - 0 46,a7a8q d4b4 b7a6 b4a4,1560,148,100,37,endgame equality queenRookEndgame short,https://lichess.org/BVEqcsVa#91,
z3ZA3,8/8/8/KP1N4/8/6p1/5kBp/8 w - - 1 55,g2e4 g3g2 e4g2 f2g2,1369,130,100,61,advancedPawn endgame equality short,https://lichess.org/FjIt8jiL#109,
z4xmk,5k2/pb2q1p1/1p5p/8/PP3Q2/7P/6P1/7K b - - 2 45,e7f7 f4b8 f7e8 b8b7,1451,149,0,31,deflection endgame equality short,https://lichess.org/WregF401/black#90,
z8LAj,2kn2nr/p1pp2pp/1p2p3/4q3/4P3/2P5/P1P1B1PP/R2Q1RK1 w - - 0 17,f1f8 e5c5,1401,136,100,48,equality middlegame oneMove,https://lichess.org/E83zbWcu#33,
z8ezh,r3q1k1/pp1b1pbp/2p5/3pnB2/1P5N/P6P/1NPPQPP1/R5K1 b - - 0 19,d7f5 h4f5 e5g6 e2e8,1440,113,100,53,equality kingsideAttack middlegame short,https://lichess.org/s9N6DHbN/black#38,
zACu1,2r5/8/1p3k2/pN1Ppr2/2P3pp/1P6/P6P/4R1K1 b - - 2 43,h4h3 b5d6 c8d8 d6f5,1365,92,100,87,endgame equality fork short,https://lichess.org/JgiK1pfu/black#86,
zCP9f,6k1/1rr3p1/2p3R1/Q2p3p/P7/1P6/KBq5/6R1 w - - 0 34,g6g7 c7g7 a5d8 g8h7 g1g7 b7g7,1353,100,100,71,equality long middlegame pin,https://lichess.org/lurWLDYo#67,
zCdN2,r6k/p2p2pp/1p6/1QpNP1q1/8/P7/1P4PP/2R3K1 w - - 1 24,c1e1 g5d2 b5e2 d2d5,1536,225,50,29,endgame equality fork short,https://lichess.org/pcK86IOs#47,
zDF3a,2r3k1/1p1n1ppp/p2qp3/8/QP2B3/P4N2/4nPPP/3R3K b - - 3 22,d6d1 a4d1 c8c1 d1c1,1300,261,71,15,equality fork hangingPiece middlegame short,https://lichess.org/O8zCjUDW/black#44,
zE1A4,r7/P5k1/5p2/R3p2p/5n1K/1B3P2/2P2P2/8 w - - 5 36,b3d5 f4d5 a5d5 a8a7,1585,149,100,50,endgame equality short,https://lichess.org/YJHXAWti#71,
zFPVC,4r1k1/1pb4p/p1n2BpP/2p2r2/P3N3/2P5/1P3PP1/3R1RK1 w - - 6 29,d1d7 e8e4 d7g7 g8f8,1535,163,100,36,equality hangingPiece middlegame short,https://lichess.org/VXFw3nKc#57,
zKA22,1r2kr2/p2bqpb1/2pp2p1/3Bp1Np/1PP3nP/P2PP1P1/1B2QP2/R4RK1 w - - 0 19,d5f7 f8f7,1363,95,100,76,equality middlegame oneMove,https://lichess.org/KGd4uRMG#37,
zQxq7,r1bq1rk1/ppp2ppp/2n2n2/4B1Q1/4p3/PP1P4/2P2PPP/R3KBNR b KQ - 0 9,e4d3 e5f6 d8f6 g5f6,1515,132,100,57,equality opening pin short,https://lichess.org/nPC8WA72/black#18,
zS25C,2rr4/1p3k2/p1b2q2/6R1/5p2/PQ2pP2/1P4P1/4R1K1 b - - 2 38,d8d5 g5d5 c6d5 b3d5,1393,167,100,44,equality middlegame short,https://lichess.org/r4Exs6pL/black#76,
zVaUE,r1b2rk1/pp4q1/2p1p1Q1/2Pn1pN1/3P4/3B4/PP3PPP/R4RK1 w - - 1 23,g6h5 d5f4 h5h4 f4d3,1553,112,100,61,equality fork middlegame short,https://lichess.org/1kJrjsIQ#45,
zXFra,4r1k1/5p2/p1q2p2/1ppp2P1/2n1P1P1/7p/PP2Q2P/1RB1R1K1 w - - 0 26,b2b3 e8e4 e2e4 d5e4,1457,125,100,56,equality middlegame short,https://lichess.org/9ilsZ59Z#51,
zYp7U,r1b2rk1/p4pp1/2p1pn2/q1Pp2N1/3P4/2N1P3/P4PPP/2RQ1RK1 w - - 3 16,d1d3 c8a6,1589,144,100,39,equality middlegame oneMove,https://lichess.org/fIgH5Ftc#31,
zd3Vk,6nr/1Qp2kpp/4b1q1/r7/P2bP3/N2P4/5PPP/R1B2RK1 b - - 0 16,d4a1 b7c7 g8e7 c7a5,1535,188,100,30,equality fork middlegame short,https://lichess.org/J1h9peMi/black#32,
zgg5c,n1n2r2/1ppr3k/p4p1p/2PPbNpP/P5P1/1P2BP2/2B2K2/7R b - - 5 32,d7d5 f5e7 h7g7 e7d5,1340,112,33,64,discoveredAttack discoveredCheck equality middlegame short,https://lichess.org/eKGNaHFA/black#64,
zhwij,8/1k1r4/p1qb1Rpp/1p6/2pQ1PP1/P1P4P/1P6/1K6 b - - 0 42,d6f4 d4f4 c6h1 b1a2,1559,437,0,1,defensiveMove endgame equality hangingPiece short,https://lichess.org/rWvQZciE/black#84,
zj49z,2r5/5p2/1k1Pb1pp/pp2P3/3NK3/P7/6PP/2R5 w - - 2 31,c1c8 e6c8,1337,190,75,25,endgame equality oneMove,https://lichess.org/g9nhzVxV#61,
zowsE,3rb1k1/4bppp/4p3/1p2P3/5BN1/1P1Q3P/5PP1/2r2RK1 w - - 0 29,d3d8 c1f1 g1f1 e7d8,1592,132,100,52,equality intermezzo middlegame short,https://lichess.org/3KS7XDTg#57,
zvrmH,r5k1/1p2npb1/p2p1qpp/8/3P1B2/2PB1N1P/PP3PK1/R3Q3 w - - 4 23,e1e3 e7d5 e3e4 d5f4,1578,126,100,53,equality middlegame short,https://lichess.org/qICD7EW4#45,
zwTPQ,6k1/1R6/8/5RPp/1PP3rP/P5K1/6P1/7r w - - 1 41,g3f3 h1f1 f3e3 f1f5,1544,152,29,41,endgame equality rookEndgame short skewer,https://lichess.org/JXvR5ocM#81,
zx8lj,1k1r4/1p4pp/p1rPRp2/8/8/2n2N1P/5PP1/2R3K1 b - - 4 28,c6d6 e6d6 d8d6 c1c3 d6d1 g1h2,1467,135,100,54,endgame equality long,https://lichess.org/AvVAqlC5/black#56,
zyQBm,5rk1/r2nppbp/2Q3p1/8/3PpB2/p1P1P2P/1N3PP1/5RK1 w - - 0 29,f1a1 a3b2 a1a7 b2b1q,1388,109,100,65,advancedPawn equality hangingPiece middlegame promotion short,https://lichess.org/8gb2d8BK#57,
