PuzzleId,FEN,Moves,Rating,RatingDeviation,Popularity,NbPlays,Themes,GameUrl,OpeningTags
01zXk,6k1/5p2/4p1r1/2Q3P1/7P/8/r7/6K1 b - - 0 49,f7f6 c5c8 g8h7 c8b7 h7h8 b7b1,2381,83,92,1788,crushing endgame exposedKing long queenRookEndgame,https://lichess.org/sWqqc3n6/black#98,
02EmD,8/6p1/R5Rp/pp2kp2/1qp1p2P/6P1/PP3PK1/8 b - - 5 46,b4b2 a6d6 f5f4 g3g4 f4f3 g2g3 b2f2 g3f2,2220,99,86,44,crushing defensiveMove endgame queenRookEndgame quietMove veryLong,https://lichess.org/zlmR4sJt/black#92,
03UTL,8/5p1p/5p2/k7/2R1P3/1R2KP2/1p4PP/1q6 w - - 2 41,c4b4 b1e1 e3d3 e1b4 b3b4 a5b4 d3c2 b4a3 c2b1 a3b3 g2g4 b3c3,2349,77,92,1900,advantage defensiveMove endgame queenRookEndgame veryLong,https://lichess.org/bKPsuDIF#81,
0513i,8/5k1p/6pP/5PQ1/4p3/3r4/r7/4K3 b - - 2 49,d3h3 f5g6 h7g6 g5d5 f7f6 d5d8,2388,92,44,47,crushing endgame fork long queenRookEndgame,https://lichess.org/Hgoj5tSk/black#98,
05RqS,5QK1/8/8/8/8/2k5/3p4/3r4 w - - 0 65,g8h7 d1h1 h7g8 h1g1,2360,78,82,90,crushing endgame master queenRookEndgame short,https://lichess.org/ElkObema#129,
08wGR,8/5R1P/6k1/8/P7/4pp1r/8/4K3 w - - 4 50,h7h8q f3f2 e1e2 h3h8 f7f3 h8h1,2232,85,84,273,advancedPawn crushing defensiveMove endgame long queenRookEndgame,https://lichess.org/Y9FCjXkK#99,
0AS9F,8/r5k1/4P1p1/5pQp/r6P/6P1/5PK1/8 b - - 4 60,a4a6 g5d8 a6e6 d8d4 g7g8 d4a7,2341,91,89,237,crushing endgame fork long queenRookEndgame quietMove,https://lichess.org/V02TXtJi/black#120,
0FjZd,8/6p1/p1p4k/P1P5/3Pp1pB/4P2q/6R1/6K1 b - - 2 52,h3h4 g2h2 h4h2 g1h2 h6g5 d4d5 g5f5 d5d6,2334,85,80,259,crushing endgame pin queenRookEndgame veryLong,https://lichess.org/w7WspMSC/black#104,
0IXoN,1R6/8/2p1qppk/p1P1p2p/P2pP2P/5RP1/5PK1/8 b - - 0 42,e6c4 f3f6 d4d3 b8b7,2489,97,90,189,crushing defensiveMove endgame queenRookEndgame short,https://lichess.org/Iwm4WZjR/black#84,
0IkTx,6k1/3P3p/2K3p1/5p2/8/pq6/8/R2R4 b - - 9 43,b3f3 d1d5 f3c3 d5c5 c3a1 d7d8q,2318,85,86,554,advancedPawn crushing defensiveMove endgame long promotion queenRookEndgame,https://lichess.org/nJV1GF4e/black#86,
0LQu1,7Q/pp2p3/3p2r1/3P1q1R/5kp1/1P6/P1P2p2/1KR1r3 w - - 10 37,h5f5 f4f5 h8h5 f5f4 h5g6 e1c1 b1c1 f2f1q,2309,83,88,118,advancedPawn advantage attraction endgame promotion queenRookEndgame veryLong,https://lichess.org/1ywauyuC#73,
0M5wF,8/6p1/6k1/8/PP3R1p/5P1K/5q2/4R3 w - - 1 60,e1e6 g6h5 f4h4 f2h4,2318,80,83,181,crushing defensiveMove endgame queenRookEndgame short,https://lichess.org/FdT0JlnZ#119,
0MoRj,5R2/1pk4P/p1p5/8/1P2p1K1/8/5p2/3r4 w - - 3 45,h7h8q d1g1 g4h3 g1h1 h3g2 f2f1q f8f1 h1h8,2293,85,88,716,advancedPawn crushing endgame promotion queenRookEndgame veryLong,https://lichess.org/mPe4Weqm#89,
0OuS1,4Q3/8/2kr4/1r4p1/3P1pP1/3K3P/8/8 b - - 3 52,d6d7 e8c8 d7c7 c8a6,2335,97,90,1578,crushing endgame queenRookEndgame short,https://lichess.org/8SIWpYdp/black#104,
0TgSy,6k1/1Q3pp1/3p4/6P1/P7/2P4P/r3r1PK/8 b - - 2 30,a2a4 g5g6 f7g6 b7b3 g8h7 b3a4,2255,104,89,207,crushing endgame fork long queenRookEndgame,https://lichess.org/4QoSs7Ai/black#60,
0Vbp5,2R5/5ppk/7p/8/8/q7/5R1P/6K1 w - - 0 29,f2f7 a3a1 g1g2 a1b2 g2g3 b2e5,2497,99,74,111,crushing endgame long queenRookEndgame,https://lichess.org/gXXwk635#57,
0W1tH,3k4/7R/3p4/3q1p2/R7/2K1P3/8/8 b - - 1 93,d5c5 c3d2 c5d5 d2e1 d8c8 a4a7 c8b8 a7e7,2274,95,80,49,crushing defensiveMove endgame queenRookEndgame quietMove veryLong,https://lichess.org/bgqSyQto/black#186,
0Xr1O,2R2r2/1P6/8/1K6/5k2/8/6p1/8 b - - 1 53,g2g1q c8f8 f4e3 f8e8,2406,98,89,1552,crushing endgame hangingPiece queenRookEndgame short,https://lichess.org/AqacfMeU/black#106,
0cb4d,8/R5pk/1p5p/3pq3/6RP/P5PK/8/8 b - - 3 44,d5d4 a7g7 e5g7 g4g7 h7g7 h3g4 d4d3 g4f3,2324,97,90,2898,crushing defensiveMove endgame queenRookEndgame veryLong,https://lichess.org/mRv6uzX3/black#88,
0eN0K,8/8/5pk1/ppR4p/1P5P/2P2RPK/2q5/8 w - - 0 53,c5b5 c2d1 h3g2 d1e2 f3f2 e2b5,2343,80,91,3522,crushing endgame fork long queenRookEndgame,https://lichess.org/naH2tt23#105,
0gIBW,8/2P5/8/P2PQKp1/4P3/2r1kp2/2r5/8 w - - 3 51,d5d6 c3c5 d6d7 f3f2 c7c8q f2f1q,2391,103,80,39,advancedPawn crushing endgame long master masterVsMaster pin promotion queenRookEndgame,https://lichess.org/8U6MgPOc#101,
0hGUB,5R2/2k1PK2/3q2pp/1p6/8/5p2/P7/8 b - - 0 51,d6f4 f7g8 f4c4 g8h7 c7d6 e7e8q,2295,78,93,186,advancedPawn crushing defensiveMove endgame long promotion queenRookEndgame,https://lichess.org/1hJ5s1ED/black#102,
0htoF,8/8/8/4k3/2R5/3K2P1/Prp2P2/8 b - - 3 57,c2c1q f2f4 e5d5 c4c1,2271,84,87,282,crushing endgame master queenRookEndgame short,https://lichess.org/k6z9p1K3/black#114,
0iIiR,8/3Q4/5rk1/1K5p/6p1/P4p2/1P6/8 w - - 4 60,d7d3 f6f5 b5a4 f3f2 d3d6 f5f6,2346,82,79,137,advancedPawn crushing endgame long queenRookEndgame,https://lichess.org/NdV7C76z#119,
0kMli,1r4k1/4Q3/7p/4K1p1/7P/6P1/1p6/8 w - - 8 65,e5f6 b8f8 f6g6 b2b1q g6h6 b1b6,2263,79,85,280,advancedPawn crushing endgame long promotion queenRookEndgame,https://lichess.org/QNCMz6Cu#129,
0nQDa,7k/3Q2p1/p6p/8/1p3PP1/5K2/P1Pp3r/8 w - - 0 40,d7d3 h2h3 f3e2 h3d3 c2d3 g7g6,2295,80,83,86,crushing defensiveMove endgame long queenRookEndgame skewer,https://lichess.org/FHwFIxkA#79,
0pFxJ,8/8/5r2/p5p1/Pp1PQ1k1/1Prp4/2p2P1P/6K1 b - - 1 55,f6f4 f2f3 g4h3 e4e6 g5g4 e6h6,2233,79,86,149,endgame long mate mateIn3 queenRookEndgame,https://lichess.org/ip2qyRww/black#110,
0pygv,7k/p1R3pp/3P1p2/4p3/6K1/2R2PP1/4q3/7r b - - 4 44,f6f5 g4f5 h1h5 f5e6 h7h6 d6d7,2358,94,90,241,advancedPawn advantage endgame long queenRookEndgame,https://lichess.org/LDOpu4ru/black#88,
0pz66,8/pp5p/8/7k/3q4/6R1/P5P1/5R1K b - - 1 37,h7h6 f1f5 h5h4 g3g8,2464,95,86,46,crushing defensiveMove endgame queenRookEndgame short,https://lichess.org/29zb8P4n/black#74,
0uIKT,8/2P5/8/2K5/3r1P2/3k4/8/8 w - - 3 82,c7c8q d4c4 c5d5 c4c8 f4f5 d3e3,2274,96,90,1601,crushing defensiveMove endgame long queenRookEndgame skewer,https://lichess.org/ld0SW3QT#163,
0wIV0,5k2/5p2/6p1/8/3Q3P/6PK/PP2rr2/8 w - - 7 48,b2b4 f2h2 h3g4 e2e4 d4e4 f7f5 e4f5 g6f5,2292,75,94,500,crushing endgame fork queenRookEndgame sacrifice veryLong,https://lichess.org/bJJBJTAc#95,
13RoE,6k1/5p2/Q6p/2p3r1/5K2/1P2r3/P5PP/8 b - - 5 36,e3e5 a6c8 g8g7 h2h4 g5h5 g2g4 h5h4 f4e5,2204,92,33,27,crushing endgame queenRookEndgame veryLong,https://lichess.org/vELStuRz/black#72,
1AQpP,8/8/1R1R4/4p1P1/4kp2/7K/5q1P/8 w - - 0 56,g5g6 e4f5 d6f6 f5g5,2231,84,85,52,crushing endgame queenRookEndgame short,https://lichess.org/QC7cm3Qg#111,
1C1Q0,R7/P1k5/5p2/1q6/8/6P1/7K/8 b - - 0 52,b5a6 a8e8 a6a2 h2h3 a2b1 a7a8q,2421,77,91,732,advancedPawn crushing defensiveMove endgame long promotion queenRookEndgame quietMove,https://lichess.org/Ky25IvUr/black#104,
1H6wj,8/2p5/2kp4/1p6/1PK3QP/2P3P1/1r4r1/8 w - - 0 43,c4d4 g2e2 c3c4 b2d2 d4c3 d2c2,2323,81,87,142,crushing endgame long queenRookEndgame quietMove,https://lichess.org/VZobpyHx#85,
1JKlZ,7k/8/1p1r1rp1/p6p/4P2P/2Q3K1/2P3P1/8 b - - 0 35,d6e6 c3c8 h8g7 e4e5 g7f7 e5f6,2433,80,92,1722,crushing endgame long queenRookEndgame,https://lichess.org/LU7jCcuS/black#70,
1LqA9,3q4/R7/3P2p1/7p/2R5/P4PkP/1P4P1/6K1 w - - 0 40,a7a6 d8e8 g1f1 e8e3 c4c2 e3d3 f1e1 d3c2,2366,83,80,118,advantage endgame fork queenRookEndgame quietMove veryLong,https://lichess.org/ToXXD6SF#79,
1MNIe,8/8/5Q2/8/6P1/3K4/pp3P2/k1r5 w - - 0 64,g4g5 a1b1 f6g6 c1c2,2463,88,90,953,crushing endgame master queenRookEndgame short,https://lichess.org/jzOHDXrO#127,
1NVGO,4r3/2k5/2p4p/7P/4K3/P1P1P3/3r4/6Q1 w - - 2 38,e4f5 d2f2 g1f2 e8f8 f5g6 f8f2,2233,83,88,71,crushing endgame long queenRookEndgame sacrifice skewer,https://lichess.org/niVpEHzl#75,
1OnwW,8/5Pk1/4R1P1/4p3/8/5PKP/2q5/8 b - - 8 54,c2c7 e6e8 e5e4 g3g4 g7g6 f7f8q,2439,91,84,59,advancedPawn crushing defensiveMove endgame long promotion queenRookEndgame,https://lichess.org/V57t9iXx/black#108,
1QFhj,6rr/ppp2Q1p/6P1/4p2P/4kp2/2P5/PP3P2/4K3 b - - 0 29,h7g6 e1e2 f4f3 f7f3,2337,86,86,421,endgame mate mateIn2 queenRookEndgame short,https://lichess.org/l6OBpocb/black#58,
1RRn3,r6k/6r1/4Q3/3pP3/2p5/p1P5/6PK/8 w - - 3 46,e6d5 a8g8 d5d2 g7g2 d2g2 g8g2,2419,80,92,318,crushing endgame fork long master queenRookEndgame quietMove,https://lichess.org/9Re7eIjE#91,
1Y123,8/6p1/R3p2k/1q5p/3P4/4P3/7P/5R1K w - - 3 42,a6e6 h6h7 f1f4 b5b1 h1g2 b1a2 g2f3 a2e6,2457,78,91,1970,crushing defensiveMove endgame fork queenRookEndgame veryLong,https://lichess.org/NiVsEGUd#83,
1Ye4Q,7k/3P1R1p/6R1/4p3/4Pp2/1p2qK2/1P6/8 w - - 8 51,f3g4 e3g3 g4f5 g3g6 f5e5 g6f7 d7d8q h8g7,2303,83,74,119,crushing defensiveMove endgame fork master queenRookEndgame skewer veryLong,https://lichess.org/FlyHAnAE#101,
1ZEUc,2r5/pp3k2/1r6/8/3PP1Q1/8/2p3PP/6K1 w - - 5 37,g4d7 f7f6 e4e5 f6g5 d7c8 b6b1 g1f2 c2c1q,2219,90,90,1326,advancedPawn crushing defensiveMove endgame promotion queenRookEndgame sacrifice veryLong,https://lichess.org/H1hHAVDg#73,
1b7Ao,8/p1Q5/1p6/2p2p2/4p3/1P3kr1/P7/4K3 w - - 8 63,c7a7 g3g1 e1d2 e4e3 d2d3 e3e2 a7b7 f3f2,2467,81,95,225,advancedPawn crushing defensiveMove endgame exposedKing queenRookEndgame veryLong,https://lichess.org/L1XhNvMX#125,
1ehSV,8/P7/R7/2q5/6p1/4k3/6KP/8 b - - 3 62,c5b5 a6e6 e3d3 a7a8q,2482,82,92,1291,advancedPawn crushing endgame master promotion queenRookEndgame short,https://lichess.org/E4pI92cw/black#124,
1ieMA,8/p3Q2p/1p6/1P1k4/3r4/P7/3pp1PP/6K1 w - - 0 48,e7d7 d5c4 d7c6 c4b3 c6f3 b3a4,2337,88,90,221,crushing defensiveMove endgame long queenRookEndgame,https://lichess.org/33tohZ5n#95,
1l76l,1q6/1P4R1/7p/8/7k/6RP/6PK/8 w - - 3 50,h2h1 h6h5 g7g4 h5g4 g3g4 h4h5 g4b4 h5g5 b4b2 g5h4,2243,127,100,33,endgame equality queenRookEndgame quietMove veryLong,https://lichess.org/nkyzjC96#99,
1mkxP,8/1kp3p1/1p5q/4R1R1/1P6/P1P2p2/5P2/6K1 w - - 5 41,g5h5 h6c1 g1h2 c1f1 h2g3 f1g2 g3f4 g2f2,2247,77,87,233,crushing deflection endgame queenRookEndgame veryLong,https://lichess.org/CzPXtAHL#81,
1nCie,6k1/p6p/8/1P1R1p2/5P2/8/6q1/2KR4 b - - 0 46,g2e2 d1g1 g8f7 d5f5 f7e6 f5e5 e2e5 f4e5,2348,83,91,3838,crushing endgame fork queenRookEndgame veryLong,https://lichess.org/m4bXlzKR/black#92,
1qAlb,8/3P4/3R4/1PP3pk/P7/5K2/1q6/8 b - - 19 62,b2a3 f3e4 a3a4 d6d4,2387,88,85,614,crushing defensiveMove endgame queenRookEndgame short,https://lichess.org/wx0Iw9hy/black#124,
1tfN6,8/pp5k/2p5/3p4/PP1P4/4qR2/6K1/5R2 b - - 0 37,e3d4 f3h3 h7g8 h3g3,2338,79,84,61,crushing endgame queenRookEndgame short,https://lichess.org/VRofEpEj/black#74,
1wSp8,8/pp3pk1/2p3bp/5P2/2P1r3/5Q2/PP1p2P1/4rRK1 w - - 3 35,f5g6 e1f1 g1f1 e4e1 f1f2 f7f6,2485,85,86,75,attraction crushing defensiveMove endgame long queenRookEndgame,https://lichess.org/Zh5cdYhF#69,
1xhRP,8/2p1P1p1/1k1q4/5R1p/1P5P/p1K1R3/8/8 b - - 0 51,a3a2 f5b5 b6b5 e7e8q,2404,87,80,587,advancedPawn attraction crushing endgame master masterVsMaster promotion queenRookEndgame short,https://lichess.org/mu2Ocy0C/black#102,
20QxR,6Q1/8/1P2R3/8/P2p3K/4p3/3k4/7r w - - 1 56,h4g3 h1g1 g3f4 g1g8 a4a5 g8f8 f4g5 f8a8,2449,96,83,57,advantage endgame exposedKing queenRookEndgame skewer veryLong,https://lichess.org/Xv5YtALZ#111,
22tGy,k1r5/pp6/3Q4/1P2PP2/8/2rp3P/8/5K2 b - - 3 57,d3d2 f1e2 c3c1 e2d2,2411,104,89,1656,crushing endgame queenRookEndgame short,https://lichess.org/zVUNKDZT/black#114,
27E3y,7q/1R5P/2p3P1/2p5/3k2K1/8/5P2/8 b - - 5 64,d4e5 b7b8 h8b8 g6g7 b8b4 g4h5 b4c3 g7g8q c3h3 h5g5,2380,102,75,65,advancedPawn crushing defensiveMove endgame promotion queenRookEndgame sacrifice veryLong,https://lichess.org/o69wwQXt/black#128,
2B2ug,8/8/2p5/4kp1R/1PK5/q7/7R/8 w - - 0 66,c4c5 a3a6 h5f5 e5f5,2475,105,89,264,crushing endgame queenRookEndgame quietMove short,https://lichess.org/sz597Xjs#131,
2DHFW,8/2p5/3pQ1rk/1PpPp2p/P3P3/6p1/1P6/1K6 w - - 4 48,e6h3 g3g2 h3e3 h6g7 e3g1 h5h4 a4a5 h4h3,2423,86,84,201,advancedPawn crushing defensiveMove endgame queenRookEndgame quietMove veryLong,https://lichess.org/m9QbXWlq#95,
2GBB7,4r2k/2Q4p/1p1p1p2/6p1/2P2K2/4r3/PP4RP/6R1 w - - 0 38,f4f5 e8e5 f5g4 e5e4 g4h5 e4h4,2395,81,92,481,endgame long mate mateIn3 queenRookEndgame,https://lichess.org/DANKiin7#75,
2HAHl,8/ppp4p/3p2pk/5r2/3P3P/8/P3rPP1/2Q3K1 b - - 2 28,h6h5 f2f3 e2g2 g1g2,2233,76,92,779,advantage endgame queenRookEndgame quietMove short,https://lichess.org/v7E5p1rD/black#56,
2IPZG,6k1/5pp1/8/P2P2P1/1Qr5/8/1pr2PK1/8 w - - 1 41,b4b3 c4g4 g2f3 g4g1 b3b8 g8h7,2370,87,82,334,crushing endgame long queenRookEndgame,https://lichess.org/TErc7Fia#81,
2KBTE,8/8/6pk/1P6/4QK2/P2r4/3r2PP/8 w - - 3 44,e4e7 d2f2 f4e4 f2e2 e4d3 e2e7 d3d4 h6g7,2236,117,79,21,advantage defensiveMove endgame queenRookEndgame skewer veryLong,https://lichess.org/IpPLBBvH#87,
2LYLR,5q2/pp3Pk1/8/2p3P1/3p2KP/1P6/P4R2/8 b - - 0 45,b7b5 h4h5 g7h7 h5h6 d4d3 g4h5 f8d6 f7f8q,2426,79,94,976,advancedPawn crushing endgame promotion queenRookEndgame quietMove veryLong,https://lichess.org/nr9lyZgy/black#90,
2LfTU,8/8/Q2P4/5pk1/3K3r/8/Pr6/8 w - - 3 45,d4e5 b2d2 a6a8 h4e4 a8e4 f5e4,2317,86,90,153,crushing endgame long queenRookEndgame,https://lichess.org/TjIKxR5r#89,
2N00n,3R4/p4pk1/2p5/1p2P1pp/6r1/2Q5/PP3r1K/8 w - - 0 39,h2h3 g4h4 h3g3 f2h2 e5e6 f7f6,2389,97,89,1349,crushing defensiveMove endgame long queenRookEndgame,https://lichess.org/t2i7Cz28#77,
2QA1K,8/4rpk1/1Q4p1/7p/p2PK2P/1p4P1/8/8 w - - 6 43,e4d5 e7e2 d5c4 b3b2 c4d3 e2g2,2260,81,92,1603,advancedPawn crushing endgame long queenRookEndgame quietMove,https://lichess.org/MBUt1iKF#85,
2Rh7F,6k1/5p1p/2p1p3/1pP5/1P3P1P/P3PKP1/3r3r/Q7 w - - 1 38,a3a4 f7f5 a1f1 b5a4 b4b5 g8f7,2307,132,75,19,crushing defensiveMove endgame long queenRookEndgame quietMove,https://lichess.org/9Us1JGfA#75,
2WAtj,8/7p/8/1PP3p1/2K1R1Pk/1P1P3P/2q5/8 w - - 5 58,c4d5 c2d3 e4d4 d3b5,2463,87,69,144,crushing endgame queenRookEndgame short,https://lichess.org/jfOHnkHo#115,
2Wb8s,8/7k/8/p2p4/2pPp1R1/p1P1q2P/1P3RK1/8 w - - 3 50,f2f5 e3f3 f5f3 e4f3 g2f3 a3b2 g4g1 a5a4 g1b1 a4a3,2452,106,90,792,advancedPawn crushing endgame queenRookEndgame quietMove sacrifice veryLong,https://lichess.org/BGU5GRxm#99,
2dClJ,8/p5rk/5p2/2Q1p1p1/4P3/P1PK2P1/r4P2/8 w - - 3 51,c3c4 g7b7 d3c3 a2b2 c5e7 b7e7,2365,120,74,50,crushing endgame long queenRookEndgame quietMove,https://lichess.org/7jkRtDzp#101,
2dTzF,5k2/p1KP1q2/8/1p6/7P/5P2/8/3R4 b - - 0 58,a7a5 d1d6 f7e7 f3f4 b5b4 f4f5,2264,170,70,23,crushing defensiveMove endgame long queenRookEndgame quietMove,https://lichess.org/siyoQ9vi/black#116,
2eyb1,r4k2/5p2/2p4r/1p2pP2/p3P3/2P3QP/2P2P1K/8 w - - 2 34,g3e5 a4a3 e5f4 f8g7 f4g5 g7h7,2418,108,90,2201,advantage defensiveMove endgame long master queenRookEndgame,https://lichess.org/dSAok0oD#67,
2ivhd,8/p7/1p4k1/3p4/P4Pp1/2Q4p/1PP2r1K/8 w - - 0 37,h2g3 f2f3 c3f3 g4f3 g3h3 g6f5 h3g3 f5e4,2323,77,92,1503,crushing endgame fork queenRookEndgame veryLong,https://lichess.org/t0tk017t#73,
2lFTC,2K5/PR6/6pk/7p/5r1P/8/8/8 w - - 0 51,a7a8q f4f8 c8d7 f8a8 b7b4 a8a6,2458,116,90,1152,advantage defensiveMove endgame long queenRookEndgame skewer,https://lichess.org/WcHYzVjs#101,
2pI72,8/p4R2/1k2p1p1/3p2q1/3P2p1/2PK1p2/PP6/5R2 b - - 1 39,g5h6 f1e1 g6g5 f7e7 e6e5 e1e5,2251,77,93,3217,advantage endgame long queenRookEndgame,https://lichess.org/uRCrVf77/black#78,
2qpAA,8/3P1p2/3q3p/1pR5/2p2p2/2P2R2/1P2kPK1/8 w - - 6 51,c5f5 d6g6 f3g3 g6f5 d7d8q f4g3,2208,93,88,418,crushing endgame fork long master queenRookEndgame,https://lichess.org/P4vSP6SH#101,
2zndX,8/8/8/4Q1pk/4K2p/5P2/6r1/8 w - - 3 55,f3f4 g2e2 e4f5 e2e5 f4e5 h5h6 f5f6 h4h3 e5e6 h3h2,2385,98,90,2237,advancedPawn crushing endgame queenRookEndgame skewer veryLong,https://lichess.org/azsbMCKY#109,
31QJX,6qk/1p6/p5P1/3pPP2/3Pp2p/P1P5/1P6/2K3R1 b - - 0 30,h4h3 f5f6 g8c8 g6g7 h8g8 f6f7,2354,102,90,1595,advancedPawn crushing endgame exposedKing long queenRookEndgame,https://lichess.org/MlA6xi1K/black#60,
32myV,1R6/6pp/5p2/8/8/7P/1k1K2P1/q7 b - - 1 55,b2a2 d2c2 a2a3 b8a8 a3b4 a8a1,2213,91,77,64,crushing endgame long queenRookEndgame skewer,https://lichess.org/6rwe2VPw/black#110,
3305O,8/1P6/3R4/7P/6K1/3r1P2/3pk1P1/8 b - - 0 57,d2d1q d6e6 e2f2 b7b8q d3d4 g4g5,2487,121,88,1535,advancedPawn advantage defensiveMove endgame long promotion queenRookEndgame,https://lichess.org/rFvbv62W/black#114,
39Od5,1rr5/k4KPQ/pp6/8/8/8/PP6/8 w - - 2 65,h7g6 c8c7 f7e6 c7c6 e6f5 c6g6 f5g6 b6b5,2394,104,90,1256,crushing defensiveMove endgame queenRookEndgame skewer veryLong,https://lichess.org/DTZjrpb9#129,
3B2hK,8/1Q2p2k/6p1/7p/8/6K1/PPr1r1PP/8 w - - 2 34,b2b4 c2c3 g3f4 h7h6,2330,87,88,479,crushing defensiveMove endgame master queenRookEndgame short,https://lichess.org/3gD3cyGo#67,
3D5NK,3R4/8/6k1/8/6p1/4Pq2/5P2/5K2 b - - 3 54,g6f6 d8f8 f6e5 f8f3 g4f3 f1e1,2253,76,97,281,crushing defensiveMove endgame long queenRookEndgame skewer,https://lichess.org/ymbeOkn2/black#108,
3FBXO,6k1/2q5/p3PP2/Rp3K2/1PpP4/2P5/8/8 b - - 6 55,c7b6 a5a1 b6b7 a1g1 g8h8 f6f7,2494,87,86,55,advancedPawn crushing endgame exposedKing long queenRookEndgame,https://lichess.org/TAG2HG0K/black#110,
3IBxy,8/6p1/2p1pp1p/3p4/7k/6P1/1rr5/3QR1K1 b - - 0 48,h4h3 d1h5 h3g3 e1e3 g3f4 e3f3 f4e4 h5g4 e4e5 g4f4,2265,78,88,220,endgame mate mateIn5 queenRookEndgame veryLong,https://lichess.org/aUR6U4hd/black#96,
3Lf0j,2Q5/5k2/1K4p1/3p4/3P4/PP3p2/4p3/3r4 w - - 5 49,c8d7 f7f6 d7d6 f6f5,2298,77,84,309,crushing defensiveMove endgame master queenRookEndgame short,https://lichess.org/IG5BFotv#97,
3PjzY,5k2/RR6/7p/5p2/p1pq3P/K5P1/2P5/8 b - - 7 45,d4c3 a3a2 c3c2 b7b2 c2b3 b2b3,2242,76,91,969,crushing defensiveMove endgame long queenRookEndgame,https://lichess.org/TChsh7SO/black#90,
3UCpt,1r4r1/5p2/4pk2/2Q5/2pP4/5P2/2p2P1P/5R1K w - - 2 34,c5c4 b8b1 d4d5 b1f1 c4f1 g8b8,2271,79,88,75,advantage defensiveMove endgame long queenRookEndgame,https://lichess.org/iCUGZSCX#67,
3V4yi,6k1/pp1P1pp1/5q1p/3P4/1PP5/P3R3/4K1PP/8 b - - 7 41,f6b2 e2d3 g8h7 d7d8q,2287,95,90,2444,advancedPawn crushing defensiveMove endgame promotion queenRookEndgame short,https://lichess.org/SVVdO2CW/black#82,
3Vp8n,8/2k2p2/3q1p1p/5R1P/4P1P1/5P2/5K2/8 b - - 17 64,c7d7 f5d5 d6d5 e4d5 d7d6 f3f4,2256,78,94,1434,crushing defensiveMove endgame long pin queenRookEndgame,https://lichess.org/KTrEWZnj/black#128,
3a2Cs,4q2k/4RR2/6K1/3p1PP1/p1pP4/2P4r/8/8 b - - 6 54,e8g8 f7g7 g8b8 f5f6 a4a3 g7h7,2402,104,89,47,crushing endgame long queenRookEndgame,https://lichess.org/VfJL2XwE/black#108,
3cq4m,8/3R1p2/p6k/4PR1p/1P2P3/8/4q1K1/8 w - - 0 43,g2g3 h5h4 g3h3 e2e3,2377,101,89,1897,crushing endgame queenRookEndgame short,https://lichess.org/KAKZ8HVv#85,
3dvGp,2Rr2k1/1p1P2pp/p7/4R3/7q/1P6/P1P5/1K6 b - - 1 36,h4h1 b1b2 h1h4 c8d8 g8f7 d8f8 f7f8 e5e8 f8f7 d7d8q,2256,83,81,229,advancedPawn attraction crushing endgame pin promotion queenRookEndgame veryLong,https://lichess.org/NWtP2EzU/black#72,
3epsB,3R4/5P1k/5K2/pp1pP2p/2p3q1/P7/8/8 b - - 2 50,g4f4 f6e6 f4h6 e6d7 h6g7 e5e6 c4c3 d8g8 c3c2 g8g7,2399,85,83,79,crushing endgame master queenRookEndgame veryLong,https://lichess.org/VSBYJ6qh/black#100,
3fgib,8/8/8/1QK1pk2/1PPr4/P7/8/2r5 b - - 0 52,c1c4 b5c4 d4c4 c5c4 e5e4 c4c3 f5f4 c3d2 f4f3 d2e1,2259,79,94,2672,crushing defensiveMove endgame queenRookEndgame veryLong,https://lichess.org/byMee419/black#104,
3l4t0,5k2/5P2/3qp3/1p6/p7/7P/6K1/3R1R2 b - - 1 43,d6e7 d1d4 a4a3 d4g4,2353,85,86,72,crushing defensiveMove endgame queenRookEndgame short,https://lichess.org/3UuNmpH5/black#86,
3tpVN,6q1/2R2Rpk/5p1p/8/7P/6PK/8/8 b - - 7 50,h7g6 f7g7 g8g7 h4h5 g6h7 c7g7 h7g7 h3g4 g7f7 g4f5,2345,79,94,557,crushing endgame fork queenRookEndgame sacrifice veryLong,https://lichess.org/eabUyTmR/black#100,
3u33X,8/5rk1/3P1r1p/p1P1p3/4Q2P/4P3/1p4PK/8 b - - 1 43,g7f8 e4a8 f8g7 a8b8 f6f2 c5c6,2212,94,77,46,crushing endgame long queenRookEndgame,https://lichess.org/8Pq5rH9P/black#86,
3wH4t,8/7p/8/5pp1/8/1r2Q1P1/1kp2K1P/8 w - - 9 49,e3d2 b2b1 d2d5 c2c1q d5b3 c1b2,2312,78,94,1303,advancedPawn crushing endgame long promotion queenRookEndgame,https://lichess.org/Z0VOGEq8#97,
3x1cc,3k4/1R5p/1p6/8/4pq2/P5RP/1P4PK/8 w - - 0 39,b7b6 h7h5 h3h4 f4h4 g3h3 h4f4 h2g1 f4c1,2485,82,96,243,crushing endgame queenRookEndgame quietMove veryLong,https://lichess.org/Of1LJnYJ#77,
3xvlB,8/p7/2p1p3/4q1k1/5RR1/4p3/PP4P1/7K b - - 3 45,g5h6 f4f3 h6h5 g4g8,2225,82,85,251,crushing defensiveMove endgame queenRookEndgame short,https://lichess.org/pR0siUom/black#90,
3zFlq,3RR3/ppp2p1k/5Pp1/7p/8/7P/q5P1/7K b - - 1 35,a2b1 h1h2 h7h6 h3h4 g6g5 e8g8,2225,86,82,52,crushing defensiveMove endgame long queenRookEndgame quietMove,https://lichess.org/zdFRXRxe/black#70,
46MDl,3k4/ppp2p2/7p/3rP1p1/5p2/P3p2Q/1PP5/1K6 w - - 2 31,h3h6 d5e5 h6f6 e5e7,2317,82,85,215,crushing defensiveMove endgame queenRookEndgame short,https://lichess.org/xE2JsEkZ#61,
48kH9,8/8/1k6/8/r1p5/1p6/pK6/7Q w - - 2 59,b2a1 b3b2 a1b2 a2a1q h1a1 c4c3 b2c3 a4a1,2332,110,84,28,advancedPawn attraction crushing endgame exposedKing promotion queenRookEndgame sacrifice veryLong,https://lichess.org/XjZ9GPas#117,
49sXA,6k1/5pp1/4p2p/p3P3/2QP2P1/Pr2PPKP/1r6/8 w - - 3 35,g3f4 g7g5 f4e4 b3a3,2200,81,85,291,advantage endgame queenRookEndgame short,https://lichess.org/qjSZcgES#69,
4BT6F,2r5/1R3Rkp/5pp1/8/8/1p2P2P/q4PPK/8 b - - 0 32,g7h6 f7h7 h6g5 b7b5 f6f5 f2f4 g5f6 b5b6 c8c6 b6c6,2359,77,96,1200,endgame mate mateIn5 queenRookEndgame veryLong,https://lichess.org/NmIH13eq/black#64,
4Hlhw,6k1/4Q2p/3p4/2pP4/2R1pr2/8/P4rKP/8 w - - 0 35,g2h3 f2f3 h3g2 f4g4 g2h1 f3f1,2278,81,86,377,endgame exposedKing long mate mateIn3 queenRookEndgame,https://lichess.org/GqXkSsvv#69,
4JBQK,8/p5p1/8/2Q4P/4p1k1/2P1P3/PP1r2r1/5K2 w - - 5 35,c5c8 g4g3 c8b8 g3h3,2370,94,85,79,crushing defensiveMove endgame queenRookEndgame short,https://lichess.org/kqHSlZU2#69,
4JxL7,8/pp2Rpk1/1q4p1/3p2P1/3P4/P7/1P4K1/5R2 b - - 0 37,b6b2 f1f2 b2a3 f2f7 g7g8 f7g7,2308,80,86,259,crushing defensiveMove endgame long queenRookEndgame,https://lichess.org/Na7BYusT/black#74,
4MJJ9,8/6kp/p5p1/1p4P1/3R4/5P2/q6P/3R3K b - - 0 46,a2e6 d4d8 g7f7 d1d7 e6d7 d8d7,2431,79,91,2503,crushing endgame long queenRookEndgame quietMove,https://lichess.org/iEybVJJQ/black#92,
4NREG,Q7/6pk/P6p/r7/1r3PK1/6PP/8/8 w - - 3 45,a6a7 h6h5 g4h4 g7g5 h4h5 g5f4 h5h4 f4g3 h4g3 a5a3,2339,78,95,3268,attraction crushing discoveredAttack discoveredCheck endgame queenRookEndgame veryLong,https://lichess.org/VbM8V7oR#89,
4Oadu,k1r5/1p6/p4Q1n/3P3p/5Pp1/4P1P1/P1r4P/4K3 w - - 3 36,f6h6 c2h2 e1d1 h5h4 d5d6 h4g3,2369,78,95,90,crushing endgame long queenRookEndgame,https://lichess.org/MmzlpXHk#71,
4QPzn,3q4/6P1/R7/8/k4K2/4P3/6P1/8 b - - 2 55,a4b5 a6g6 d8h4 f4e5,2322,109,16,19,crushing defensiveMove endgame queenRookEndgame quietMove short,https://lichess.org/dQWls7Ys/black#110,
4Ryhw,7k/6p1/2P4p/1Q6/8/6KP/PPr3r1/8 w - - 0 39,g3h4 c2f2 b5a4 f2f4 a4f4 g7g5 h4h5 g5f4,2487,92,67,87,attraction crushing endgame fork queenRookEndgame sacrifice veryLong,https://lichess.org/cWg2I4Rf#77,
4WrOg,8/Q4pr1/1p5k/8/7P/5P1K/P4P2/6r1 w - - 5 34,a7b6 h6h7 b6b8 g1h1,2264,82,91,187,crushing defensiveMove endgame queenRookEndgame short,https://lichess.org/MniPWxUH#67,
4YQum,8/pR1R2pk/4p2p/4P3/8/1p4PK/q6P/8 b - - 1 37,h7g6 g3g4 g6g5 h3g3 a2f2 g3f2,2331,98,91,888,crushing endgame long queenRookEndgame quietMove,https://lichess.org/bYWlkzqw/black#74,
4hDP8,8/R2k2p1/p5qp/1pp5/8/7P/PP6/K3R3 b - - 10 36,d7c8 e1f1 g6d6 f1f8 d6f8 a7a8 c8d7 a8f8,2325,85,80,66,crushing endgame exposedKing queenRookEndgame quietMove sacrifice skewer veryLong,https://lichess.org/UnQtmCSy/black#72,
4ixNY,5k2/3R3P/3p1p2/2pP1Kp1/5P2/8/4q3/8 b - - 3 49,e2d3 f5f6 d3d4 f6g6,2244,84,75,56,crushing endgame queenRookEndgame short,https://lichess.org/UvhN6nhx/black#98,
4jBdn,8/5p1p/6p1/4k3/PRq5/K7/1P5P/8 b - - 4 46,e5d4 a4a5 c4b4 a3b4 d4d5 b4b5,2264,79,94,9779,crushing defensiveMove endgame long master pin queenRookEndgame quietMove,https://lichess.org/3oQnsFCP/black#92,
4jkPx,3R4/p7/2P3Rp/1k3p2/1P6/P3p3/2P1q2P/7K w - - 0 44,d8d5 b5b6 d5f5 e2d1 g6g1 e3e2,2224,124,85,27,advancedPawn crushing defensiveMove endgame long queenRookEndgame,https://lichess.org/Ge1HEdkH#87,
4lwDO,8/p1p3rk/3p1Qp1/P1p4P/2P2KP1/r7/8/8 b - - 0 53,a3a5 h5g6 g7g6 f6h4 h7g8 h4d8,2390,113,89,3185,crushing endgame long queenRookEndgame,https://lichess.org/SZhYslDY/black#106,
4opMS,8/2R1R1pk/3P3p/8/3q3P/2p3PK/8/8 b - - 0 59,d4d6 e7g7 h7h8 g7e7 d6d8 e7h7,2375,78,93,1137,crushing endgame long master queenRookEndgame quietMove,https://lichess.org/kfDa2l5N/black#118,
4qq3K,2q4k/6p1/5pK1/pp1p2p1/3P4/5R2/5R1P/2B5 b - - 3 38,c8c1 f2e2 c1b1 f3f5 b1f5 g6f5,2410,92,89,1160,crushing defensiveMove endgame long queenRookEndgame quietMove,https://lichess.org/ilgSOAct/black#76,
4skeB,8/pp5R/2pR3P/4pppk/8/P3P3/1P3q2/K7 b - - 0 31,f2e3 h7b7 e3c1 a1a2 c1c4 b7b3,2231,79,84,155,crushing defensiveMove endgame long queenRookEndgame,https://lichess.org/7OI7VfBl/black#62,
4vgUH,7k/6p1/7p/8/3P4/1P4QP/1r1r2PK/8 w - - 2 31,g3e3 d2g2 h2h1 g2h2 h1g1 h2e2 e3c1 e2g2,2354,86,84,66,crushing endgame queenRookEndgame veryLong,https://lichess.org/lRi97klB#61,
4xPM9,7k/2p1r3/5p2/5r2/P7/2QP2K1/1P6/8 w - - 2 36,g3g4 f5f1 c3c6 e7g7,2241,83,90,746,crushing endgame queenRookEndgame quietMove short,https://lichess.org/Wb3e58Fq#71,
4zTr8,7k/5p1p/2r2P1P/2p1P1P1/1p1pR1K1/pP1P4/P1P4q/4R3 b - - 8 43,c6e6 e4e2 e6e5 e2h2,2366,87,86,576,crushing endgame master queenRookEndgame short trappedPiece,https://lichess.org/T2cbT9SQ/black#86,
50LZZ,8/p4r1k/7r/6K1/2Q5/2P5/P7/8 b - - 1 67,h6f6 c4d3 h7g8 d3d8 g8g7 d8d4,2458,92,85,87,crushing endgame exposedKing long queenRookEndgame,https://lichess.org/ik3aqen1/black#134,
52N3M,4r3/6k1/3p1r2/3Q4/2P5/4P3/6K1/8 w - - 3 46,d5d3 e8g8 g2h3 f6g6 d3d4 g7h7,2325,113,81,26,crushing defensiveMove endgame long queenRookEndgame quietMove,https://lichess.org/l4Y5qfUJ#91,
5BjaN,8/8/5p2/6k1/8/6R1/1K3R2/7q b - - 1 56,g5h4 g3g7 h4h3 g7h7 h3g3 h7h1,2283,90,90,702,crushing endgame long master queenRookEndgame quietMove skewer,https://lichess.org/q69DGNyI/black#112,
5C75T,8/6pk/7p/P2R4/2p1q3/5pP1/5P1P/3R2K1 w - - 0 38,d5c5 e4e6 g1h1 e6e2,2421,84,93,504,advantage endgame queenRookEndgame quietMove short,https://lichess.org/GNy8V1RS#75,
5DT0o,8/7p/2P3k1/1P6/4p2q/P3R3/5PK1/8 b - - 0 46,g6f5 c6c7 h4g5 g2f1 f5f6 c7c8q,2491,85,90,668,advancedPawn crushing defensiveMove endgame long promotion queenRookEndgame,https://lichess.org/8Rnt5lnn/black#92,
5DTcT,8/6R1/8/4p2k/3pq3/6RK/5P2/8 w - - 4 41,g3g4 e4f3 h3h2 f3g4 g7g4 h5g4,2335,78,93,1643,crushing deflection endgame long queenRookEndgame,https://lichess.org/eiB2r38T#81,
5H2cI,Q4r1r/p3k3/8/8/5p2/1P6/P1P2P1p/1K6 w - - 12 49,a8a7 e7e6 a7b6 e6f5 b6b5 f5g4,2462,90,82,56,crushing defensiveMove endgame long queenRookEndgame,https://lichess.org/gCSLIlRe#97,
5IKzV,4r1k1/pp4p1/6p1/8/5PPQ/2P3P1/PP2r1K1/8 w - - 1 42,g2h3 e2d2 g4g5 e8e2,2350,89,45,28,clearance crushing defensiveMove endgame queenRookEndgame short,https://lichess.org/OELFwjhC#83,
5JLsD,8/7p/3r1rpk/8/2P3P1/2Q3K1/7P/8 b - - 4 46,d6c6 g4g5 h6g5 c3d2 g5h5 h2h4 c6c5 d2e2 h5h6 e2e3,2414,93,81,73,attraction crushing endgame queenRookEndgame quietMove veryLong,https://lichess.org/sdFgAqVr/black#92,
5Otxh,8/4r1k1/p1Q3p1/3P3p/2p2K2/P1P1r3/1P5P/8 w - - 1 36,c6c4 g6g5 f4g5 e3e4 c4e4 e7e4,2384,98,90,421,advantage endgame long queenRookEndgame,https://lichess.org/khVR90E5#71,
5R7Pt,8/3qPRpk/7p/2p1P3/5K1P/2P1R1P1/1p3P2/8 w - - 3 42,e3e1 d7d2 f4g4 h6h5,2332,107,87,32,advantage endgame fork queenRookEndgame short,https://lichess.org/luhqpjA6#83,
5RcVr,8/p7/1pp4Q/8/2P1P3/PP1k4/2r3r1/5K2 w - - 5 45,h6d6 d3c3 d6f6 c3b3 f6f3 b3c4,2267,78,91,1758,crushing defensiveMove endgame long queenRookEndgame,https://lichess.org/UejTuKCw#89,
5U9HK,2r3k1/6pp/8/1p1PPp2/1P2p3/1Q6/2rp2PP/5R1K w - - 3 36,h1g1 c8c3 b3c3 c2c3,2224,102,83,38,crushing endgame queenRookEndgame short,https://lichess.org/nahRfIIp#71,
5VAOl,7k/3r2pP/1p3p2/4pP2/6Q1/6R1/P2p1PPK/2r5 w - - 3 38,g4g6 c1c8 g6g4 d2d1q g4d1 d7d1,2329,80,92,2519,advancedPawn crushing endgame long promotion queenRookEndgame quietMove,https://lichess.org/uOFjY1EM#75,
5XC1N,7r/1pp2k2/p2pR1P1/3PpP2/2P1R3/5PK1/6P1/7q b - - 0 39,f7g7 e6e7 g7f8 f5f6 h8h3 g3f2 h3f3 f2f3,2486,92,89,162,crushing endgame queenRookEndgame veryLong,https://lichess.org/zKF60la8/black#78,
5aZwy,5r1k/5P2/4Q3/3p4/8/2P3K1/8/7r b - - 6 58,h1g1 g3f2 g1h1 e6g6,2355,110,41,21,crushing defensiveMove endgame queenRookEndgame short,https://lichess.org/xYZ6RIKr/black#116,
5cITW,8/pp3p1k/8/3p4/3P4/2P2qRp/PP6/4K1R1 b - - 1 45,f3h5 g1h1 h3h2 g3g2 h5h4 e1d1,2473,107,88,810,crushing defensiveMove endgame long queenRookEndgame,https://lichess.org/atyD5x9T/black#90,
5dKUz,8/7p/6p1/P3p1P1/6kP/8/2R2R1K/4q3 b - - 1 59,e1a5 f2f7 a5d5 c2g2,2464,93,90,956,clearance crushing endgame master queenRookEndgame short,https://lichess.org/lYAz4lZ0/black#118,
5eOy2,8/p3qk1p/3p4/2pPp3/2P5/P2P3K/8/1R4R1 b - - 3 35,e7d7 h3h4 d7e7 h4h5,2339,98,87,939,crushing defensiveMove endgame queenRookEndgame short,https://lichess.org/2eeD7gO9/black#70,
5gD1c,8/4k3/2R1P3/3P4/4K3/8/8/q7 b - - 14 48,a1f6 d5d6 e7f8 e6e7 f8f7 e7e8q f7e8 d6d7 e8d7 c6f6,2304,80,87,257,advancedPawn attraction crushing discoveredAttack endgame exposedKing promotion queenRookEndgame veryLong,https://lichess.org/cR5oXkdp/black#96,
5jkSs,8/R7/1p4k1/2q2pp1/8/3K1P2/P2R4/8 w - - 19 60,a7d7 f5f4 d3e2 c5e3 e2f1 e3f3,2274,82,87,255,crushing deflection endgame exposedKing long queenRookEndgame quietMove,https://lichess.org/ZUT2M14j#119,
5qWxd,8/1Q3ppk/8/1P4p1/P7/4p2P/4p1PK/2r5 w - - 0 40,b7e4 h7h6 e4e3 e2e1q e3e1 c1e1,2204,102,90,831,advancedPawn crushing defensiveMove endgame long promotion queenRookEndgame,https://lichess.org/oc9cGnLc#79,
5rtIr,8/r7/r2kpQ2/1p1p4/1PpP2PP/2P1P3/1K6/8 w - - 3 42,f6e5 d6d7 e3e4 a6a1 e5g7 d7c6 e4d5 c6b6 g7a7 a1a7,2368,96,75,60,crushing defensiveMove endgame queenRookEndgame quietMove veryLong,https://lichess.org/xiMMIFxC#83,
5v2q0,8/1p2Rk2/2p1R1pK/2P5/r5P1/7P/2r4q/8 b - - 3 53,f7f8 e7e8 f8f7 e6e7 f7f6 g4g5 f6f5 e7f7,2346,84,93,2173,endgame exposedKing mate mateIn4 queenRookEndgame veryLong,https://lichess.org/V3NUKjwh/black#106,
5vteg,8/5p1p/6k1/2P5/3Q1P2/1P4r1/r7/3K4 w - - 3 48,d4e4 g6h6 e4d4 g3g1 d4g1 a2a1 d1c2 a1g1,2287,85,87,69,crushing defensiveMove endgame exposedKing queenRookEndgame sacrifice skewer veryLong,https://lichess.org/U9JY9SF3#95,
5x6tM,8/1Q3pkp/1P4p1/pP6/P2rp3/3rK2P/5PP1/8 w - - 3 34,e3f4 e4e3 f4f3 d4f4 f3e2 e3f2,2251,77,94,2003,advancedPawn crushing discoveredAttack discoveredCheck endgame long queenRookEndgame,https://lichess.org/RCtJqH9r#67,
5xzvt,3R2k1/p7/4P2p/1q5P/8/8/1PP2rP1/2KR4 b - - 1 34,g8g7 d1d7 g7f6 d7f7 f6e6 f7f2,2214,76,91,3710,advantage endgame long master queenRookEndgame skewer,https://lichess.org/pOcYha3T/black#68,
5yEsP,8/8/8/5Rp1/6P1/4q2P/2k3K1/8 b - - 5 65,c2d3 f5f3 e3f3 g2f3 d3d4 f3g3 d4e5 h3h4 g5h4 g3h4 e5f6 h4h5 f6g7 h5g5,2278,79,93,7065,crushing defensiveMove endgame pin queenRookEndgame veryLong zugzwang,https://lichess.org/LFVti9bL/black#130,
61Cjn,6k1/6p1/5p2/p3qP2/1p3R2/5PKP/P5R1/8 w - - 0 56,g2d2 g7g5 f5g6 e5g5 g3f2 g5f4,2232,79,83,78,crushing deflection endgame long queenRookEndgame,https://lichess.org/0DdZb1nf#111,
64V4y,6k1/5p2/5Qp1/3KP3/5P1P/8/3r2r1/8 w - - 5 51,d5c6 d2d1 c6b5 g2c2,2378,98,97,65,clearance crushing defensiveMove endgame master queenRookEndgame quietMove short,https://lichess.org/9PtLfnoy#101,
68nIG,8/4r1kp/1Q4p1/8/P4P2/3pr3/6PP/5K2 w - - 0 38,a4a5 e3e1 f1f2 e7e2 f2f3 d3d2 b6d4 g7h6,2435,78,92,1307,advancedPawn crushing defensiveMove endgame queenRookEndgame veryLong,https://lichess.org/UBkgESr2#75,
6CESe,8/6Q1/8/5p2/1P4r1/6k1/4K2p/8 w - - 6 65,g7c7 g3g2 c7c6 g4e4 e2d3 h2h1q,2431,97,90,369,advancedPawn crushing defensiveMove endgame exposedKing long promotion queenRookEndgame,https://lichess.org/9X2O5PbE#129,
6Fls3,3krr2/7Q/8/7K/6P1/8/8/8 w - - 19 61,g4g5 f8h8 g5g6 e8g8 h5h6 d8e8,2357,97,89,182,clearance crushing defensiveMove endgame long pin queenRookEndgame zugzwang,https://lichess.org/1hVmULRW#121,
6IEk8,5r2/2Q5/4P1pk/7p/p2P1r2/2P5/6PP/6K1 w - - 3 46,c7c4 f4f1 c4f1 f8f1 g1f1 h6g7,2249,76,93,9524,crushing defensiveMove endgame long queenRookEndgame,https://lichess.org/1ZY1cC1G#91,
6IN89,6R1/3q4/5R1p/p1p3pk/8/7P/6P1/7K b - - 1 44,d7h7 g8g6 h7g6 g2g4 h5h4 f6g6,2376,79,91,1958,crushing endgame long queenRookEndgame sacrifice,https://lichess.org/Jl2PpS2q/black#88,
6K0fp,1r1r1k2/6p1/Q6p/1pp1p3/8/P2P2P1/1P4PP/7K w - - 0 34,a6e6 c5c4 e6e5 c4d3,2315,77,94,1230,advantage endgame queenRookEndgame short,https://lichess.org/YLM9Hxfz#67,
6LD7Q,1q6/1P6/6p1/8/1R4kP/8/5P2/6K1 b - - 62 72,g4h3 g1f1 g6g5 h4g5,2314,80,87,60,crushing endgame master queenRookEndgame short,https://lichess.org/qE3NSA0m/black#144,
6LVd4,8/1p1r1p2/1k3P2/1pp2P2/8/3pQPK1/8/8 w - - 0 42,e3d2 b5b4 g3f2 b6b5 f2e1 c5c4 e1d1 c4c3 d2e3 d3d2,2444,223,71,13,advancedPawn crushing endgame master masterVsMaster queenRookEndgame quietMove veryLong,https://lichess.org/Sdm7lS7G#83,
6Od6U,8/8/7p/8/4p3/R3k1KP/3qp1P1/6R1 b - - 1 45,d2d3 g1a1 h6h5 h3h4 d3a3 a1a3 e3d2 a3a2,2316,77,92,3908,crushing endgame pin queenRookEndgame quietMove veryLong zugzwang,https://lichess.org/XAbNaI7y/black#90,
6QCFO,4r3/p6p/1p1R2p1/4rpk1/8/1Q3P2/PP4PP/6K1 w - - 4 28,g2g3 e5e1 g1g2 e8e2 g2h3 e1h1 f3f4 g5h6 g3g4 e2h2 h3g3 h2h3,2364,79,94,1027,advantage endgame queenRookEndgame veryLong,https://lichess.org/QANf1OxH#55,
6RQhP,8/5k2/2Q5/8/2pP4/P6P/2r2rPK/8 w - - 5 41,a3a4 f2g2 h2h1 g2e2,2404,82,82,248,crushing defensiveMove endgame queenRookEndgame short,https://lichess.org/aczVdpix#81,
6Rf4A,3R4/8/2q5/p3kr2/3p3R/1P1P2P1/2P3PP/6K1 b - - 1 39,c6c2 h4e4 e5f6 d8f8 f6g6 e4e6 g6g7 f8f5,2287,78,91,2096,advantage deflection endgame queenRookEndgame veryLong,https://lichess.org/bhSdl0sm/black#78,
6RoJW,8/Q5pk/4r2p/8/5PPK/3r3P/8/8 b - - 2 46,h7g6 f4f5 g6f6 a7a1 e6e5 a1a6,2234,92,91,939,crushing endgame fork long queenRookEndgame,https://lichess.org/y9ZO6S98/black#92,
6W4xD,8/5p1p/5p2/4p2P/4PkP1/P1P1qP2/2PR4/3K4 b - - 8 40,f4f3 d2d3 f3e4 d3e3 e4e3 d1e1,2402,122,30,20,crushing defensiveMove endgame long pin queenRookEndgame,https://lichess.org/27ULpwQs/black#80,
6YYmH,6k1/ppr3p1/7p/4P3/7P/3Q1P2/PP6/K1r3R1 w - - 1 36,g1c1 c7c1 d3b1 c1b1 a1b1 g7g5 h4h5 g8f7 b1c2 f7e6,2216,81,88,114,advantage endgame queenRookEndgame veryLong,https://lichess.org/J6oK9fj9#71,
6ZVmB,3r1r2/Q5p1/4k2p/8/6PK/8/P1P5/8 b - - 0 36,f8f3 a7a6 e6e5 a6e2 e5f4 e2c4,2390,92,20,66,crushing endgame exposedKing fork long queenRookEndgame,https://lichess.org/ewSmDuQ8/black#72,
6afcg,8/ppp5/8/5Q2/1P2Pp2/2K3rp/P6k/8 w - - 7 56,c3c4 f4f3 e4e5 h2g2 e5e6 h3h2,2308,82,71,58,advancedPawn crushing endgame long queenRookEndgame,https://lichess.org/ohc9XX6g#111,
6cKzU,8/4P3/8/p4k2/P1PKR3/8/8/5q2 b - - 0 58,f1f2 d4d5 f2d2 d5c6 f5e4 e7e8q,2287,84,80,99,advancedPawn crushing defensiveMove endgame long promotion queenRookEndgame,https://lichess.org/hQtIXoh2/black#116,
6f1Vm,2k5/5p2/3Qp3/1p3r2/1P6/3K4/8/8 w - - 11 53,d3d4 f5d5 d6d5 e6d5 d4d5 c8b7,2301,88,86,34,crushing defensiveMove endgame fork long queenRookEndgame,https://lichess.org/lCZk3gTc#105,
6hHks,6rk/PR1R2p1/q4p1p/8/8/6PP/5P1K/8 b - - 4 39,h6h5 b7b8 a6a2 b8g8 h8g8 d7d8 g8f7 a7a8q,2293,78,93,7652,advancedPawn attraction crushing endgame promotion queenRookEndgame veryLong,https://lichess.org/9RkSZKvf/black#78,
6knMp,6r1/8/1p5K/p7/8/P5k1/3Q1p2/8 w - - 0 55,d2e3 g3g2 e3e4 g2g1 e4e6 g8g3,2426,94,81,60,advantage defensiveMove endgame long queenRookEndgame,https://lichess.org/GIV2n20Z#109,
6lJJR,7Q/p7/8/PP1k1p2/6p1/6P1/5PKP/2r1r3 w - - 2 41,h8d8 d5c4 d8c7 c4b3 c7c1 e1c1,2222,120,71,26,crushing defensiveMove endgame long queenRookEndgame,https://lichess.org/cpKGDQxl#81,
6r7MA,6k1/7p/6p1/2Q5/2P1P3/5rPP/7K/1r6 w - - 0 35,e4e5 b1b2 h2g1 f3d3 c5c8 g8g7,2387,89,91,1844,crushing defensiveMove endgame long master queenRookEndgame,https://lichess.org/aVU1dD51#69,
6rJjg,7k/p5p1/2P2p1p/3Q4/2r2PPK/2r4P/8/8 b - - 4 39,g7g5 h4h5 c4c6 d5d8 h8g7 d8e7,2215,79,85,82,crushing defensiveMove endgame exposedKing long queenRookEndgame,https://lichess.org/LLbFyQ1p/black#78,
6st5N,8/pp5k/6r1/1PP5/P7/1K5p/6p1/6Q1 w - - 0 41,b3c4 h7g8 c4d5 h3h2 g1h2 g2g1q h2g1 g6g1,2285,75,91,3375,advancedPawn crushing endgame promotion queenRookEndgame veryLong,https://lichess.org/xmCcxMAt#81,
6w6D7,8/6p1/7p/8/3K4/1r3PP1/1kp1Q3/8 w - - 0 56,e2d2 b2b1 d4c4 c2c1q d2c1 b1c1,2222,86,90,336,advancedPawn crushing endgame long promotion queenRookEndgame,https://lichess.org/V443chbV#111,
6yKec,8/1p4k1/5r2/7P/p2P4/2P3QK/r7/8 b - - 1 62,g7h6 g3e3 h6h5 e3e8 h5g5 e8g8,2455,88,80,135,advantage endgame exposedKing long queenRookEndgame,https://lichess.org/xcz7Vwww/black#124,
6yQ7L,8/3K2kp/8/8/5p2/p6P/Pp3PP1/1Qr5 w - - 3 38,b1f5 c1d1 d7e8 d1e1,2218,80,79,95,crushing endgame queenRookEndgame short,https://lichess.org/jt9bhwHg#75,
6zOMF,6k1/5R1p/3p4/6PP/1pP5/1q6/8/1K3R2 w - - 0 46,b1c1 b3c4 c1b2 c4c3,2422,85,81,62,crushing endgame queenRookEndgame short,https://lichess.org/wt3jWtLb#91,
70bop,r2k4/pp6/3p1p2/3Pp3/5P2/3PPKP1/q7/2R4R b - - 0 28,d8e7 c1c7 e7d8 c7g7 a2d5 e3e4 d5d3 f3g4 d3b5 h1h8 b5e8 h8e8,2303,95,78,40,crushing endgame queenRookEndgame sacrifice veryLong,https://lichess.org/E7t3rKGf/black#56,
73G74,r7/p1R4p/4p1k1/1q3p2/3p4/5P1P/2P3P1/4R1K1 b - - 1 31,a7a5 e1e6 g6g5 c7g7 g5f4 g1f2,2267,79,89,245,crushing defensiveMove endgame long queenRookEndgame,https://lichess.org/z0oH3Hz4/black#62,
75IuH,8/8/2p1k1KP/1p1p4/p2P2P1/2P2R2/P2q4/8 b - - 2 48,d2e2 f3f6 e6d7 g4g5 e2d3 g6g7,2247,100,77,68,crushing defensiveMove endgame long queenRookEndgame quietMove,https://lichess.org/Jp7k7Ka1/black#96,
77oXR,8/2R2Rpk/2p4p/p2p4/1pq4P/2P3P1/1P3P2/1K6 b - - 1 43,b4c3 f7g7 h7h8 g7e7 c3c2 b1c1 c4f1 c1c2,2229,119,41,26,crushing endgame queenRookEndgame quietMove veryLong,https://lichess.org/kLP65xy5/black#86,
7A3os,8/Qp6/p2p4/3Pr3/1PP1kp1p/P3p2P/6P1/5K2 w - - 2 45,f1e2 e5g5 e2f1 e4d3 a7b6 e3e2,2321,87,89,223,advancedPawn crushing endgame long queenRookEndgame,https://lichess.org/wlTXgj0a#89,
7Ci20,1r3k2/5p2/7p/4P3/8/6PP/1pQ4K/r3R3 w - - 3 39,c2c5 f8g7 e5e6 a1e1,2284,89,90,218,crushing defensiveMove endgame queenRookEndgame short,https://lichess.org/Z3ckgnrH#77,
7Dnkq,6k1/pp3R2/5Qp1/8/8/4r1KP/PPp3P1/r7 w - - 0 35,g3f4 a1f1 f4e3 c2c1q,2254,80,82,55,advancedPawn crushing endgame promotion queenRookEndgame short,https://lichess.org/e1vIB2FO#69,
7Ej3v,8/1p4pk/p3P3/8/qP1R4/3p4/5P2/5RK1 b - - 2 39,a4e8 f1e1 e8g6 g1f1 g6h5 d4d3 h5h1 f1e2 h1e4 d3e3,2332,87,91,2343,crushing defensiveMove endgame queenRookEndgame quietMove veryLong,https://lichess.org/NF3PrSL5/black#78,
7GHya,8/8/5p2/2Q4p/5krP/1PP5/6r1/4K3 w - - 1 48,c5d4 f4g3 d4d6 g3h3,2229,82,89,451,crushing defensiveMove endgame queenRookEndgame short,https://lichess.org/BhSK8x8A#95,
7K7nl,8/7R/4pk2/6p1/1PRPp3/4Pp1P/5PPK/1q6 w - - 0 41,h7h6 f6g7 h6e6 b1f1 c4c7 g7f8 g2f3 f1f2,2254,76,87,254,advantage defensiveMove endgame queenRookEndgame veryLong,https://lichess.org/ZuiMeW8u#81,
7LslZ,3r4/5Qpk/8/8/7P/7P/3p3K/8 w - - 0 49,f7f5 h7g8 f5g4 d2d1q g4d1 d8d1,2276,88,91,1945,advancedPawn crushing defensiveMove endgame long promotion queenRookEndgame,https://lichess.org/J5BWDeUp#97,
7QM8E,2K5/q3P3/p3R3/1k4P1/8/8/8/8 b - - 7 51,a7c5 c8b8 b5a5 e7e8q,2244,77,97,399,advancedPawn crushing defensiveMove endgame promotion queenRookEndgame short,https://lichess.org/cpgYjf10/black#102,
7Vp37,8/Q6p/1p2rk2/PPp5/3p2K1/3P2P1/1r6/8 w - - 1 46,a5b6 b2h2 a7b7 h7h5 g4f4 h2f2,2421,89,52,59,crushing endgame long queenRookEndgame quietMove,https://lichess.org/xvyXku8X#91,
7Vufi,8/5pk1/8/1P3Kp1/4Q3/7p/5r2/8 w - - 2 53,f5g4 f7f5 e4f5 f2f5 g4f5 h3h2,2289,79,94,3031,advancedPawn crushing endgame fork long queenRookEndgame,https://lichess.org/i3FIYyWR#105,
7Xi3R,8/2p2pk1/p1p2p2/5p2/3P4/1qP2PK1/8/1R4R1 b - - 1 33,b3d5 g3f4 g7f8 b1b8 f8e7 g1e1 e7d7 e1e8 d5d6 f4e3 d6e6 e8e6,2293,84,85,62,crushing discoveredAttack discoveredCheck endgame queenRookEndgame quietMove veryLong,https://lichess.org/eYxhqGSP/black#66,
7XyI5,8/6qP/8/4K1P1/3R3R/2k5/8/8 w - - 9 87,e5e4 g7d4 e4f5 d4h4 f5g6 h4d4 g6f7 d4h8,2286,102,90,1684,crushing endgame queenRookEndgame quietMove skewer veryLong,https://lichess.org/2D0AgIFR#173,
7dE6a,8/8/5p2/8/1p3k2/1P2p1qp/P3R3/4R2K b - - 3 69,f4g4 e1g1 g3g1 h1g1 g4f3 e2h2,2293,88,82,500,crushing endgame long pin queenRookEndgame,https://lichess.org/EIy594Q2/black#138,
7fR1y,8/8/p3q3/1p4k1/1P6/P5Kp/8/1R5R w - - 4 54,h1h3 e6e5 g3g2 e5e4,2330,119,43,16,crushing endgame queenRookEndgame short,https://lichess.org/cPhvyquY#107,
7fup5,5rk1/6rp/8/4Q1Pp/4P2K/8/8/8 b - - 2 65,h7h6 e5e6 g8h8 e6h6 h8g8 h6e6,2326,79,85,299,crushing endgame exposedKing long master queenRookEndgame,https://lichess.org/rw6W8UnA/black#130,
7jToi,r3r1k1/p4pp1/7p/3P4/1Q6/2P5/PP3p2/K5R1 w - - 0 28,g1g7 g8h8 g7g8 h8g8 b4g4 g8f8,2380,76,91,3900,crushing defensiveMove endgame long queenRookEndgame,https://lichess.org/pexyS3qT#55,
7n5G0,3k4/pR3p2/3p1R1p/8/8/1P4PK/q7/8 b - - 0 30,a2a6 f6f7 d8e8 b7e7,2346,82,80,283,crushing endgame queenRookEndgame short,https://lichess.org/KDwxgB8U/black#60,
7pBlC,1Q6/8/P5r1/2K2p2/7p/7P/5pk1/8 w - - 0 53,b8a8 g2g1 a8e8 g6g3 a6a7 f2f1q,2304,76,83,130,advancedPawn crushing defensiveMove endgame long master masterVsMaster promotion queenRookEndgame,https://lichess.org/cRjiYYqw#105,
7uC25,8/5pk1/4p1p1/6Q1/7P/5PK1/r7/8 w - - 1 32,g3g4 a2g2 g4f4 g2g5 h4g5 f7f6 f4g4 e6e5 g4h4 f6f5,2261,83,90,147,crushing defensiveMove endgame queenRookEndgame quietMove skewer veryLong,https://lichess.org/8FUc7Sut#63,
7zUQ9,8/2p2k2/1pPp4/pP1P4/6K1/3q2R1/P7/6R1 b - - 13 50,d3d5 g3f3 f7g6 g4f4,2385,89,81,246,crushing discoveredAttack discoveredCheck endgame master masterVsMaster queenRookEndgame short,https://lichess.org/nKhgxbDV/black#100,
82Gni,5r2/p1p2p1p/4k3/1p2r3/2pQ4/P1P5/1PP2PPP/2K5 w - - 0 27,d4a7 f8d8 b2b3 e5e1 c1b2 d8d1 a3a4 d1a1,2223,75,92,8649,crushing endgame queenRookEndgame quietMove veryLong,https://lichess.org/ChPe8n3M#53,
84iNe,8/r7/8/4pk2/3p4/8/p5Q1/3K4 w - - 4 46,g2c2 f5f6 c2c6 f6g7,2315,95,86,32,crushing defensiveMove endgame queenRookEndgame short,https://lichess.org/QW4WBVBo#91,
87Z6o,4k3/2p5/1p2pPq1/pP3PP1/P1PRP1K1/8/8/8 b - - 0 46,e6f5 e4f5 g6f7 d4d5 f7f8 d5e5,2461,89,86,47,crushing endgame long queenRookEndgame quietMove,https://lichess.org/JqP2fCPZ/black#92,
8CNW1,8/8/pp3k2/2p3p1/P3RpP1/q2P4/2P1R1K1/8 b - - 1 39,b6b5 e4e7 a3a2 c2c4 a2e2 e7e2,2362,87,89,140,crushing endgame long queenRookEndgame quietMove,https://lichess.org/bOncwXfz/black#78,
8D0Ox,8/8/1p3r2/8/2P3p1/2K4k/7p/7Q w - - 0 61,c3d3 g4g3 h1e4 f6f1 e4e6 h3g2,2341,95,85,60,crushing defensiveMove endgame long queenRookEndgame quietMove,https://lichess.org/D5YrRXVk#121,
8DOdj,6k1/5rpp/3PQp2/2p5/5P2/3r2PK/7P/8 b - - 0 37,c5c4 e6c8 f7f8 c8c4 g8h8 c4d3,2438,83,84,105,crushing endgame fork long queenRookEndgame,https://lichess.org/PbvCmsof/black#74,
8RNNo,8/pp5k/4P3/2pP2rp/2P5/7q/PP3RP1/4R1K1 b - - 0 29,h3d3 e6e7 g5g8 f2f7 h7g6 f7f8 d3d4 g1f1,2484,110,89,1057,advancedPawn crushing defensiveMove endgame exposedKing queenRookEndgame veryLong,https://lichess.org/MB8uhe9D/black#58,
8XT15,8/2r3Q1/2rkp1p1/5pP1/5P2/1P3K2/P7/8 w - - 13 52,g7g6 c6c2 f3e3 d6d5 g6f6 c7c3 f6c3 c2c3,2280,93,91,3329,crushing endgame queenRookEndgame veryLong,https://lichess.org/qhUn5GrR#103,
8XxxB,2k5/R7/1PPq2p1/4p3/p2p2K1/3P1PP1/8/8 b - - 2 44,a4a3 b6b7 c8d8 g4h3 d6e6 g3g4 d8c7 a7a8 e6b3 a8c8,2257,124,87,28,advancedPawn crushing endgame queenRookEndgame veryLong,https://lichess.org/kNQvNFpz/black#88,
8YPgq,4R1k1/8/p5pP/6P1/3P4/8/qPP5/2K5 b - - 4 37,g8f7 h6h7 a2a1 c1d2 a1a5 d2d1,2400,104,90,1371,advancedPawn advantage defensiveMove endgame long queenRookEndgame,https://lichess.org/xNHgIsbb/black#74,
8ZuS8,6k1/PR3pp1/3K4/3P4/5P1p/2q4P/6P1/8 b - - 3 47,c3f6 d6d7 f6f5 d7c7 f5f4 d5d6 f4c4 c7b8,2345,125,63,18,crushing defensiveMove endgame queenRookEndgame veryLong,https://lichess.org/bb7Ax5Ei/black#94,
8oVkl,1Q6/5p1k/4p1p1/4P2p/r4K2/4P3/8/8 w - - 9 48,f4g5 h7g7 e3e4 a4e4 b8b4 e4g4 b4g4 h5g4,2273,78,93,656,collinearMove crushing endgame fork queenRookEndgame veryLong,https://lichess.org/Iq2tL1jr#95,
8pDLC,5rk1/pp2Q3/6rp/2p5/2PpP3/3P4/PP6/1K6 w - - 3 37,e7b7 f8f1 b1c2 f1f2 c2b3 g6b6 b7b6 a7b6,2315,81,87,300,crushing endgame fork queenRookEndgame veryLong,https://lichess.org/OQSjIJGs#73,
8qm6X,5r2/1p6/8/1PkpQ3/6rP/2P4K/8/8 b - - 1 54,f8f4 e5c7 c5b5 c7b7,2377,89,85,59,crushing endgame queenRookEndgame short,https://lichess.org/LB9G3HBi/black#108,
8rDOX,3q4/5p2/R2P1kp1/2P4p/1P6/7P/6PK/8 b - - 0 49,f6e6 d6d7 e6e7 a6d6,2387,89,93,1646,advancedPawn clearance crushing discoveredAttack discoveredCheck endgame queenRookEndgame short,https://lichess.org/TlT5vTAr/black#98,
8uIxS,8/6pk/7q/6p1/5pK1/PpRR1P2/1P4PP/8 w - - 2 42,c3b3 h6e6 g4g5 e6e5 g5h4 h7h6 b3b6 g7g6,2485,91,79,66,crushing defensiveMove endgame queenRookEndgame veryLong,https://lichess.org/sHBgSW19#83,
8y7ne,2r5/2r3k1/8/3p1p2/Q2P2pp/4P3/PP3PP1/6K1 w - - 2 35,a4a5 g4g3 f2g3 h4g3 g1f1 c7c2 f1e1 c2g2,2305,77,91,757,crushing endgame queenRookEndgame veryLong,https://lichess.org/vsqpKzRl#69,
91uEq,R7/P7/2p1k1pp/4p3/2q5/6P1/7P/6K1 b - - 0 38,c4a6 a8e8 e6f7 a7a8q a6b6 g1g2 b6c5 a8c8 c5d5 g2h3,2352,77,93,697,advancedPawn clearance crushing defensiveMove endgame promotion queenRookEndgame veryLong,https://lichess.org/GUo0d4Nj/black#76,
9DjvX,8/pQ6/5pk1/1p2r3/5K2/P1P1r3/6PP/8 w - - 2 35,h2h4 f6f5 b7c6 e5e6 h4h5 g6f6 c6e6 e3e6,2468,85,91,1335,crushing defensiveMove endgame queenRookEndgame quietMove veryLong,https://lichess.org/bIeGddZD#69,
9Dq8o,8/5k2/2p5/1p6/p3PQ2/P2P4/KPr5/6r1 b - - 10 44,f7e8 f4b8 e8e7 b8a7,2221,82,87,460,crushing endgame master masterVsMaster queenRookEndgame short,https://lichess.org/4xZZZHgF/black#88,
9GdcW,5K2/4RP1P/8/2q5/p7/k7/8/8 b - - 9 54,c5d4 f8e8 d4c5 f7f8q,2368,77,92,5549,advancedPawn clearance crushing endgame master promotion queenRookEndgame short,https://lichess.org/lqy2PFS7/black#108,
9KU7v,1k6/1pp5/p3P3/P6p/1PPq2p1/4RNP1/5K2/8 b - - 0 52,g4f3 e6e7 d4b2 f2f3 b2f6 f3e2,2371,92,90,512,advancedPawn advantage defensiveMove endgame intermezzo long queenRookEndgame,https://lichess.org/9LFgdXlD/black#104,
9KgD2,8/8/8/2q3p1/PR1p1p2/6k1/6P1/1R5K w - - 0 47,b4b5 c5c2 b5g5 g3f2,2306,98,90,2161,crushing endgame queenRookEndgame short,https://lichess.org/1AYs3rcb#93,
9LUlo,5k2/6pp/P4r2/8/2Q5/2P2p1P/3r2P1/6K1 w - - 0 34,a6a7 f3f2 g1h2 d2d8 c4d5 d8d5 a7a8q f8e7,2332,101,89,1252,advancedPawn crushing defensiveMove endgame queenRookEndgame quietMove veryLong,https://lichess.org/Xyikj6wn#67,
9LXvI,8/5Q1p/1r2P1pk/8/8/5K2/5P2/1r6 b - - 0 40,b1b3 f3g4 b6b4 f2f4,2385,78,95,308,crushing defensiveMove endgame queenRookEndgame short,https://lichess.org/vrgPMY9X/black#80,
9NMSC,5R2/4Rppk/7p/3p3q/1p3P2/1P3PK1/8/8 w - - 0 43,f8f7 h5g6 g3f2 h7g8,2326,94,88,155,advantage endgame master queenRookEndgame short,https://lichess.org/eDPkJT5C#85,
9P5mV,3r4/pk4p1/1p6/8/8/2p2P1P/P2pK1P1/3Q4 w - - 0 38,d1c2 d8e8 e2f2 e8e1 c2c3 d2d1n f2e1 d1c3,2242,90,90,3212,advancedPawn crushing endgame fork promotion queenRookEndgame quietMove underPromotion veryLong,https://lichess.org/AZ2OgaMV#75,
9QRav,r7/P1p3R1/8/8/1P3k2/2K5/2P2p2/8 b - - 4 54,f2f1q g7f7 f4e5 f7f1 a8a7 f1d1,2264,77,91,3001,advantage defensiveMove endgame long queenRookEndgame skewer,https://lichess.org/OI5Omix2/black#108,
9T14r,8/8/R5p1/5p2/4p1k1/1q4PR/6PK/8 b - - 4 41,g6g5 a6g6 f5f4 g6g5 g4g5 g3f4 g5f4 h3b3,2399,79,95,729,attraction crushing discoveredAttack endgame queenRookEndgame sacrifice veryLong,https://lichess.org/s8DHoLad/black#82,
9iexy,8/6p1/1p6/1P6/3Q1kp1/1r3r1P/6K1/8 b - - 1 52,f4g5 d4g7 g5f5 g7g4 f5e5 g4f3 b3f3 g2f3,2234,91,90,760,crushing endgame queenRookEndgame veryLong,https://lichess.org/SvwyToQ6/black#104,
9kyMh,6k1/3P1p2/ppP5/4P3/2P2P2/3K4/P2R4/2q5 b - - 10 39,c1b1 d3d4 b1g1 d4d5 g1c5 d5e4 c5c6 e4e3,2255,85,87,66,crushing defensiveMove endgame queenRookEndgame veryLong,https://lichess.org/EEBLr1kh/black#78,
9nfMr,4k3/P7/1K2p3/8/1P6/8/r2R1p2/8 b - - 0 48,f2f1q d2a2 f1g1 b6b7 g1h1 b7b8 e8e7 a7a8q,2354,80,92,849,advancedPawn crushing endgame hangingPiece promotion queenRookEndgame veryLong,https://lichess.org/nk3S5n5S/black#96,
9shbi,8/R4R2/1p2p1p1/6k1/8/7P/5PK1/3q4 b - - 4 35,d1d5 g2g3 d5d3 f2f3 d3e3 h3h4 g5h5 f7h7,2262,84,90,273,crushing defensiveMove endgame queenRookEndgame veryLong,https://lichess.org/bWcUe399/black#70,
9wYP0,7k/6p1/p1R5/1p5p/3p1PKP/P2P1R2/1P6/4q3 w - - 0 40,g4h5 e1e2 h5g4 e2g2 f3g3 g2c6,2383,85,86,118,advantage endgame long pin queenRookEndgame,https://lichess.org/LyrAMGLf#79,
9zbzO,8/8/2p1pkp1/1p5p/3Q3P/5P1K/r5r1/8 b - - 5 43,e6e5 d4d6 f6f5 d6d7,2456,198,85,25,endgame equality queenRookEndgame short,https://lichess.org/7BnMILXl/black#86,
A6UWX,8/ppR2k1p/3Pq3/4P1p1/2P5/8/PP5P/7K b - - 1 35,f7e8 c7e7 e6e7 d6e7 e8e7 h1g2 e7e6 g2f3 e6e5 f3g4 e5f6 g4h5,2417,89,87,132,advancedPawn crushing endgame fork queenRookEndgame veryLong,https://lichess.org/aparh7m3/black#70,
A6uIW,8/4R3/p5pP/P4pk1/8/R3p3/6PK/5q2 b - - 3 41,e3e2 h6h7 f1f4 a3g3 g5f6 h7h8q,2256,87,91,786,advancedPawn crushing endgame long promotion queenRookEndgame,https://lichess.org/MTAaFPMd/black#82,
A9rCT,6R1/8/p7/5p1p/1K3k2/3q4/8/6R1 b - - 4 53,d3e3 g1f1 e3f3 f1f3 f4f3 g8h8 h5h4 h8h4,2309,117,82,25,crushing endgame master queenRookEndgame veryLong,https://lichess.org/XIoKweNG/black#106,
ACjEb,8/6R1/2p4p/1p2q1k1/5R2/1P4KP/P7/8 b - - 2 39,e5g7 f4g4 g5f6 g4g7 f6g7 a2a4 b5a4 b3a4,2213,85,94,823,crushing endgame queenRookEndgame skewer veryLong,https://lichess.org/JZFSXtjl/black#78,
AILGv,4r1k1/p5p1/8/4PQ2/8/8/PP1p3P/6K1 w - - 2 41,f5f1 e8c8 f1f3 c8c1 g1f2 d2d1q,2378,83,88,119,advancedPawn crushing endgame long promotion queenRookEndgame quietMove,https://lichess.org/jRNp75uD#81,
AK0Hy,3r3k/4Q1pp/1P6/8/6K1/8/8/1r6 b - - 2 46,d8d4 g4f3 b1b3 f3e2 h7h5 e7f8 h8h7 f8f5,2327,88,84,157,crushing defensiveMove endgame queenRookEndgame veryLong,https://lichess.org/iifb2HZi/black#92,
ALwKF,2kr1R2/2p1R1P1/pp4q1/8/8/P7/1PP5/1K6 b - - 2 36,g6g5 f8d8 c8d8 e7f7 g5g1 b1a2 g1g6 f7f8 d8d7 g7g8q g6g8 f8g8,2328,81,90,1948,advancedPawn crushing endgame promotion queenRookEndgame veryLong,https://lichess.org/U2IvpSua/black#72,
AOFRK,8/p4p2/1P3k2/P3pp1p/7P/5QP1/3rrPK1/8 b - - 0 35,e5e4 f3e2 d2e2 b6a7,2226,76,85,106,advancedPawn crushing endgame master queenRookEndgame sacrifice short,https://lichess.org/NelR5ZIh/black#70,
APn8j,6k1/1p3p2/p2p3P/6p1/3p1pP1/PP1P4/6q1/1K3R1R b - - 2 31,g2d2 h6h7 g8h8 f1c1 d2d3 b1a1,2308,105,89,325,advancedPawn advantage defensiveMove endgame long queenRookEndgame quietMove,https://lichess.org/YL92XpD4/black#62,
APwhz,4r1k1/R5p1/2p4p/2P5/3Pr3/2Q2p2/5PPP/5K2 w - - 0 32,d4d5 e4e1 c3e1 e8e1 f1e1 f3g2 e1e2 g2g1q,2233,77,93,1197,advancedPawn advantage endgame promotion queenRookEndgame veryLong,https://lichess.org/tFpx5xvZ#63,
ATd0V,8/4k3/3p3P/3P4/4PRK1/4P1P1/8/4q3 b - - 0 57,e1h1 g4g5 h1h3 g3g4,2202,77,71,112,advantage defensiveMove endgame queenRookEndgame short,https://lichess.org/gOb9HMC3/black#114,
AaW6i,8/p5p1/3q2k1/P6p/4PR2/5PK1/5P2/R7 w - - 2 45,a1h1 g6h6 h1h4 g7g5,2258,79,85,67,crushing endgame queenRookEndgame short,https://lichess.org/PuUq0Igu#89,
AboQI,6kr/p1R4p/4ppp1/6q1/2R5/1P6/P4P1P/5K2 b - - 3 31,f6f5 c7d7 g5h6 c4c8 h6f8 c8f8,2326,88,89,89,clearance crushing endgame long queenRookEndgame,https://lichess.org/aUJgLPoE/black#62,
AckLp,7k/pp6/2pp3q/5R1p/6p1/8/PPP5/1K3R2 b - - 2 39,g4g3 f5f8 h8h7 f1f7 h6g7 f7g7 h7g7 f8f3 h5h4 f3f4 g3g2 f4g4 g7f6 g4g2,2216,84,76,69,advantage clearance endgame exposedKing queenRookEndgame veryLong,https://lichess.org/PWYJyVxn/black#78,
AcvrD,r4k2/5p2/3p4/5pQ1/8/8/pPK4P/8 w - - 2 34,g5h6 f8e7 h6h4 e7d7 h4h5 a8c8 c2b3 a2a1q,2474,81,94,310,advancedPawn crushing defensiveMove endgame promotion queenRookEndgame veryLong,https://lichess.org/h6lSv9HZ#67,
Af2G6,8/4Q3/8/7p/2P2r2/1K3k2/4p3/8 w - - 0 70,c4c5 f3f2 e7g5 f4f3 b3a4 e2e1q,2220,86,88,74,advancedPawn clearance crushing endgame exposedKing long master promotion queenRookEndgame,https://lichess.org/haaMh2uO#139,
AkQ2q,2r3k1/5pp1/p7/P2P3p/8/6QP/1P2r1P1/6K1 w - - 1 39,g3d3 c8c2 d3g3 c2b2,2395,109,90,1818,crushing endgame queenRookEndgame short,https://lichess.org/cXcU3nm9#77,
AlLbN,8/8/p3pk2/1p1q4/5Pp1/P1P4p/1P1pRPP1/3R2K1 w - - 0 37,g2h3 d5f3 h3g4 f3e2,2219,91,91,355,crushing endgame master queenRookEndgame short superGM,https://lichess.org/ulff8Qf5#73,
ApAmH,1r6/8/6k1/3pPrp1/p1pP4/P1P4P/2Q4K/8 b - - 1 42,b8b3 h2g3 b3c3 c2c3,2356,92,82,481,crushing endgame queenRookEndgame short,https://lichess.org/4S23vNYx/black#84,
ArawU,8/q4K1k/3R2R1/8/7p/8/8/8 w - - 2 71,f7f6 h4h3 f6f5 a7f2,2376,87,80,86,advantage endgame queenRookEndgame short,https://lichess.org/xFBnuJOS#141,
Asoev,5k2/r7/6QP/8/6PK/r7/p7/8 w - - 3 62,h6h7 a7h7 g6h7 a2a1q h7f5 f8e7,2272,79,78,161,advancedPawn crushing defensiveMove endgame long promotion queenRookEndgame,https://lichess.org/ryF2RgyM#123,
AspOM,6k1/1p1r3p/3r2p1/5p2/1pP5/1P2P1PP/P3QKP1/8 w - - 4 36,e2e1 d6d1 e1b4 d7d2 b4d2 d1d2,2219,78,92,1811,clearance crushing endgame long queenRookEndgame,https://lichess.org/bOMmKeXw#71,
AxYFw,8/8/8/1R5p/6pk/4q2P/6P1/1R5K b - - 3 52,g4h3 g2g3 h4g4 b1b4 g4g3 b4b3 e3b3 b5b3,2277,86,88,2528,crushing endgame pin queenRookEndgame veryLong,https://lichess.org/10THCDsL/black#104,
B0AhE,2Q5/8/p7/Pp6/1k6/2p5/5PK1/4r3 w - - 0 44,c8a6 c3c2 a6d6 b4a4 d6d4 b5b4,2263,85,90,2303,advancedPawn crushing defensiveMove endgame long queenRookEndgame,https://lichess.org/0GTwJiJO#87,
B19OD,8/p6p/5p2/1P1P2kP/P2Q2P1/4rrPK/8/8 w - - 3 47,d4d2 f3g3 h3h2 g5h4 d5d6 g3h3,2460,79,91,1066,crushing endgame long queenRookEndgame,https://lichess.org/ZTEO5RnG#93,
B2tko,1Q6/4r1pk/7p/2P5/P7/4rK2/6PP/8 w - - 5 49,f3f4 g7g5 f4f5 e7f7 f5g4 f7f4 b8f4 g5f4,2292,79,94,2050,crushing endgame queenRookEndgame veryLong,https://lichess.org/q2a8vwQ3#97,
B7Ko2,8/6R1/3p1p2/2p5/1p5k/1P6/q3P3/4KR2 b - - 6 44,a2a1 e1f2 a1d4 e2e3 d4d2 f2f3 d2d5 f3e2,2328,86,88,261,crushing defensiveMove endgame queenRookEndgame veryLong,https://lichess.org/a1MZavHT/black#88,
BCkBz,8/8/5k2/4r3/PQ4p1/8/5PK1/3r4 b - - 0 39,g4g3 b4h4 f6e6 h4g4,2387,107,73,29,crushing endgame queenRookEndgame short,https://lichess.org/Dq33Cvae/black#78,
BI0zn,5k2/2p3p1/8/P6p/1R3PqP/2P5/1KP5/8 b - - 0 37,g4h4 a5a6 h4f2 b4b7,2343,76,98,255,crushing endgame queenRookEndgame short,https://lichess.org/nMIrADX3/black#74,
BSJPM,6k1/2Q4p/p5p1/2pP4/2P2p2/5P1P/Pr2r1PK/8 w - - 3 37,c7c5 e2g2 h2h1 g2e2,2488,101,90,323,crushing defensiveMove endgame queenRookEndgame short,https://lichess.org/BdjhgXGF#73,
BU5ZX,8/6k1/p7/3P3p/4Q3/1P4P1/1rr5/6K1 w - - 7 45,e4d4 g7g8 d4d1 c2g2 g1h1 g2h2,2327,80,97,278,crushing defensiveMove endgame exposedKing long queenRookEndgame,https://lichess.org/kc9andiZ#89,
BUVUe,8/p7/5pk1/6p1/P5Q1/5P1P/3rr1P1/6K1 w - - 2 39,g1h2 f6f5 g4g3 f5f4,2248,77,88,156,crushing endgame master queenRookEndgame short,https://lichess.org/sj6VMbzD#77,
BXyHJ,8/p7/3R1k2/4pp1p/8/4RPP1/1qP3K1/8 b - - 5 38,f6g5 e3e5 b2e5 f3f4 e5f4 g3f4,2301,80,88,159,crushing endgame fork long master queenRookEndgame sacrifice,https://lichess.org/LjOH2oG8/black#76,
BaznP,1r4k1/6pp/2p1pp2/1p6/p4P2/3P2P1/5K1P/1Q6 w - - 0 31,f2e3 b5b4 e3d2 b4b3,2214,97,55,26,advantage endgame queenRookEndgame quietMove short,https://lichess.org/wBHh8Jfk#61,
Bg580,8/5Q2/6pk/4r2p/8/3Pr2P/P1P3nK/8 w - - 1 42,h2g2 e3e2 g2g1 e2e1,2215,78,81,108,crushing endgame queenRookEndgame short,https://lichess.org/NQSqNhR0#83,
BkPHU,8/r4kp1/4p1p1/3P1p2/2p1pP2/2P1P2P/1p4PK/3Q4 w - - 0 42,d5d6 a7a1 d1d2 b2b1q d6d7 b1g1,2240,79,70,65,advancedPawn crushing endgame long promotion queenRookEndgame,https://lichess.org/bwJQCuJ4#83,
BmG4C,7k/p1p5/2P4p/1P5P/Pq6/3pK3/8/3R1R2 b - - 2 52,b4a4 f1f8 h8g7 d1f1,2357,80,92,3972,clearance crushing defensiveMove endgame master queenRookEndgame short,https://lichess.org/vcMwjKIn/black#104,
BmusQ,6r1/2Q1kp1p/4p3/8/1P3P2/8/P6r/2K5 b - - 2 52,e7f8 c7c5 f8e8 c5c8 e8e7 c8g8,2452,78,81,266,crushing endgame long master queenRookEndgame skewer,https://lichess.org/4LKzKhSS/black#104,
BnKuo,6R1/3k3P/8/5PP1/4p3/7r/p4K2/8 w - - 2 67,h7h8q e4e3 f2e2 h3h8 g8h8 a2a1q,2405,88,82,72,advancedPawn crushing endgame long promotion queenRookEndgame,https://lichess.org/0GuSNgxG#133,
BspT7,6k1/3p2p1/3q3P/p3p3/3p3R/4p2P/PP4R1/7K w - - 0 36,g2g7 g8h8 h6h7 d6c6 h1g1 c6c1,2352,90,85,61,crushing endgame exposedKing long queenRookEndgame,https://lichess.org/Dt7UKbjn#71,
BwAgy,Q7/5ppk/8/5P2/8/1r4rp/4K3/R7 w - - 1 50,f5f6 b3b2 e2f1 h3h2 a8e4 g3g6,2462,95,81,329,advancedPawn crushing endgame long queenRookEndgame,https://lichess.org/8P2lrw65#99,
BzHeh,8/p4p2/7k/2pR4/4P3/2q2P1K/P7/6R1 w - - 2 36,d5d7 c3f3 h3h2 f3h5 h2g3 h5g5 g3f2 g5f4,2261,88,90,1774,crushing endgame exposedKing queenRookEndgame veryLong,https://lichess.org/PSTMVv9g#71,
C36OU,8/8/5Q1p/8/8/1P6/Pr5r/3K2k1 w - - 5 72,f6g7 g1f1 g7f7 b2f2,2497,94,83,59,crushing defensiveMove endgame queenRookEndgame short,https://lichess.org/4WeYLzJF#143,
C46MT,5k2/pp3p1p/2p2p2/2P5/1P5P/KP1q2R1/8/6R1 b - - 0 31,d3d5 g3g8 f8e7 g1e1 e7d7 g8e8,2244,78,97,457,crushing defensiveMove endgame long queenRookEndgame,https://lichess.org/wkssu2Lm/black#62,
C7gYW,1k6/p4ppp/6q1/8/8/5R2/P4PKP/5R2 w - - 8 31,g2h1 g6e4 h1g2 h7h5 h2h4 f7f6 f1h1 g7g5 h4g5 f6g5,2305,117,82,37,crushing endgame pin queenRookEndgame quietMove veryLong,https://lichess.org/ZqjpzPB5#61,
C9xlO,1k6/p1p1P2p/1p6/q7/2P5/8/1PK1R3/3r4 b - - 5 39,d1d2 e2d2 a5f5 c2b3 f5f3 b3a2 f3e4 d2d8 b8b7 e7e8q,2238,79,91,303,advancedPawn advantage endgame promotion queenRookEndgame veryLong,https://lichess.org/KNStCqnu/black#78,
CNs93,8/3k4/8/4p3/2Kp4/6Q1/4p3/3r4 w - - 4 76,g3e5 d1c1 c4d3 e2e1q,2372,102,86,784,advancedPawn crushing endgame promotion queenRookEndgame short,https://lichess.org/ShcdWzXG#151,
COitV,8/8/3p3q/2pP1p1k/1p5p/1P6/2P3R1/1K4R1 b - - 1 45,h4h3 g2g3 h5h4 g3h3 h4h3 g1h1 h3g4 h1h6,2263,78,72,138,attraction crushing endgame queenRookEndgame sacrifice skewer veryLong,https://lichess.org/Shd5zK35/black#90,
CPhz2,1r2k3/p5p1/2p1p1p1/3p4/K2P4/2PQ4/Pr6/R7 w - - 0 32,a4a3 b2b5 d3g6 e8d8 g6c2 b5a5,2210,86,80,41,advantage defensiveMove endgame long queenRookEndgame quietMove,https://lichess.org/unaYab81#63,
CWVX5,8/8/5kp1/3Q3p/2r5/7P/2r3P1/4K3 b - - 9 71,c4a4 d5d8 f6g7 d8d7 g7h6 d7a4,2351,114,73,19,crushing endgame fork long queenRookEndgame,https://lichess.org/CdiFqeF0/black#142,
CdJko,8/5P1k/4P2p/1p6/2p5/P6P/1P3qP1/2R4K b - - 0 38,f2f6 c1e1 f6f2 e1e4 c4c3 b2c3,2293,89,87,215,crushing endgame long queenRookEndgame quietMove,https://lichess.org/PbbBvZjI/black#76,
Cedy0,3r4/8/p5pk/1pp5/2P3Q1/1P4P1/P2r2KP/8 w - - 3 41,g2h3 d8h8 g4f4 h6g7 h3g4 d2d4,2374,84,85,287,crushing discoveredAttack discoveredCheck endgame long pin queenRookEndgame quietMove,https://lichess.org/RinaNz6R#81,
Cifxf,8/kp2PR2/p1p1q3/P1Pp4/4p2p/1R4pP/1P4P1/7K w - - 3 44,f7h7 e6f5 b3b7 a7b7 e7e8q f5h7,2282,81,90,837,crushing endgame long queenRookEndgame,https://lichess.org/CVpyC10b#87,
CmtFH,6k1/1pR2pp1/1p2P3/3p4/4p3/PP2P2p/1q6/6RK b - - 0 32,h3h2 e6f7 g8f8 g1f1,2299,80,76,214,advancedPawn crushing defensiveMove endgame queenRookEndgame short,https://lichess.org/vEzyWS1d/black#64,
CnWA5,8/1R5p/p7/P2k2p1/4q3/5RP1/5PK1/8 w - - 0 38,g3g4 h7h5 g4h5 g5g4,2386,78,92,1643,advantage endgame master queenRookEndgame short,https://lichess.org/gA9K9cr6#75,
CsWMw,4r1k1/2Qr1ppp/pp1PP3/1qp5/8/8/5PPP/3RR1K1 b - - 0 25,d7c7 d6c7 f7f5 d1d8 b5c6 e1d1,2462,92,74,132,advancedPawn advantage clearance defensiveMove endgame long pin queenRookEndgame,https://lichess.org/trKxGrYP/black#50,
CyD3j,8/3RR1pk/8/pp4p1/3p4/P5PP/1q3PK1/8 b - - 1 42,b2a3 e7g7 h7h6 g7e7,2334,104,81,55,crushing defensiveMove endgame queenRookEndgame short,https://lichess.org/GNyDlWMv/black#84,
CyVEC,r5k1/p6p/2p1Q1p1/8/8/6PK/P1r4P/8 b - - 1 30,g8g7 e6b3 c2h2 h3h2,2396,80,81,187,crushing endgame queenRookEndgame short,https://lichess.org/mSlyrVSs/black#60,
D03Ol,6k1/pRP2pp1/P7/7p/5P2/4P3/5PKP/3q4 b - - 1 42,d1d5 g2g3 h5h4 g3h4 g7g5 h4g3 g5f4 g3h4 d5f5 b7b8 g8g7 c7c8q,2495,123,90,1539,advancedPawn crushing defensiveMove endgame promotion queenRookEndgame veryLong,https://lichess.org/bT3MLNUk/black#84,
D0EEA,6k1/1R6/P6p/8/1q1p1P1K/6P1/7P/8 b - - 1 40,b4a4 a6a7 a4a2 h2h3,2431,96,90,130,advancedPawn crushing defensiveMove endgame master queenRookEndgame short,https://lichess.org/CGaFaKsT/black#80,
D1Rah,8/K1p5/5ppk/P2R4/3R2P1/8/1q6/8 b - - 2 60,c7c6 d4d2 b2c1 d2h2 h6g7 d5d7,2317,84,86,73,crushing endgame long queenRookEndgame,https://lichess.org/CBZEAknT/black#120,
D37hJ,8/8/7p/4pk1P/p2r2p1/P3QPP1/3p1K2/8 w - - 0 46,f3g4 f5e6 e3h6 e6d5 h6b6 d2d1q,2257,81,83,67,advancedPawn crushing defensiveMove endgame long promotion queenRookEndgame,https://lichess.org/ZhaZaLj5#91,
D4nZ0,8/3Q4/p1P3pk/5r2/2P3K1/8/5R2/4r3 b - - 10 44,f5f2 d7d4 e1g1 g4h3 f2f3 h3h2,2487,100,67,45,advantage endgame long queenRookEndgame,https://lichess.org/ZZvTBNdM/black#88,
DBMNY,4k3/3r4/p7/2P2Q2/P1P3rp/7P/3p2PK/8 w - - 3 47,c5c6 g4g2 h2g2 d7g7 g2h2 d2d1q f5e6 e8f8,2333,91,90,312,advancedPawn attraction crushing defensiveMove endgame master masterVsMaster promotion queenRookEndgame sacrifice veryLong,https://lichess.org/8noBQfGf#93,
DCIfm,1q4k1/5p1p/P1p3p1/8/3P4/3KP3/8/R3R3 b - - 0 30,b8b5 d3c3 c6c5 a6a7 b5b4 c3c2,2281,138,86,15,advancedPawn advantage defensiveMove endgame long queenRookEndgame,https://lichess.org/i9M0A4Vw/black#60,
DEOR3,3r2k1/p5p1/7p/5Q2/8/8/Pp4PP/7K w - - 4 38,f5e6 g8h8 e6b3 d8e8 h2h4 e8e1 h1h2 b2b1q,2206,76,93,6980,advancedPawn crushing defensiveMove endgame promotion queenRookEndgame quietMove veryLong,https://lichess.org/uFcZjI5B#75,
DJyt0,5k2/R2R1p2/1p4p1/2p4p/P5qP/4P3/3K1P2/8 b - - 9 38,g4f3 d7f7 f3f7 a7f7 f8f7 f2f4 f7e6 e3e4,2379,93,93,1605,crushing defensiveMove endgame fork queenRookEndgame quietMove veryLong,https://lichess.org/DaB2D8Fr/black#76,
DLIgY,8/6pk/7p/1p6/3p1pP1/1P2q3/6KP/R4R2 b - - 3 40,g7g5 f1e1 e3b3 e1e7 h7h8 a1a8,2299,82,90,813,crushing endgame long queenRookEndgame,https://lichess.org/5oWKupov/black#80,
DQk3K,8/2k2r1p/2p2r2/2p5/PK2Qp1P/8/2P3P1/8 w - - 0 42,b4c5 f6f5 c5d4 f4f3 g2f3 f5f4,2334,79,85,163,clearance crushing endgame long pin queenRookEndgame,https://lichess.org/XXkUfJNS#83,
DYbqx,8/R2R2pk/3p3p/8/3q1p2/7P/5PPK/8 b - - 0 30,f4f3 d7g7 d4g7 a7g7 h7g7 g2g4,2326,81,95,4737,crushing defensiveMove endgame long queenRookEndgame,https://lichess.org/dNzmH2p9/black#60,
DbODi,4r3/4r3/5k2/8/P3p3/4Q3/6P1/6K1 b - - 0 52,e8a8 e3f4 f6e6 f4e4,2422,81,92,1805,crushing endgame interference queenRookEndgame short,https://lichess.org/14i6QD03/black#104,
DdC5e,8/2RRP1pp/pk4p1/1p1P4/6PK/P7/5q1P/8 w - - 3 46,h4h3 f2f3 h3h4 g6g5 h4h5 f3f7 h5g5 f7f6 g5h5 f6h6,2282,88,90,377,endgame mate mateIn5 queenRookEndgame veryLong,https://lichess.org/QNTSg3dr#91,
DfmSB,8/p1r1r1p1/1p1Q1p1k/7P/PPp3P1/2P3K1/8/8 b - b3 0 43,c4b3 d6d3 c7c3 d3c3,2353,87,87,85,crushing endgame queenRookEndgame quietMove short,https://lichess.org/ESe6ZugL/black#86,
DiiBj,2r5/5rk1/3QP1p1/pp4P1/8/2p4P/P6K/8 b - - 0 40,f7c7 e6e7 g7f7 d6d8 c7e7 d8c8,2392,107,89,1853,advancedPawn crushing endgame long queenRookEndgame,https://lichess.org/I4UgE4ho/black#80,
DsWbn,3r4/4r2k/p5p1/8/8/2Q1p3/PP2K1PP/8 w - - 8 38,c3f6 d8d2 e2e1 e7c7 f6c3 c7c3,2279,78,83,289,crushing endgame long queenRookEndgame quietMove,https://lichess.org/bNDZLCKp#75,
Dss37,2r3k1/5p2/p3pQ2/1p6/7P/r5P1/2P3PK/8 b - - 0 34,a3c3 h4h5 c8c5 g3g4,2490,78,91,967,crushing defensiveMove endgame queenRookEndgame quietMove short,https://lichess.org/SmlToaIZ/black#68,
Dt2Cv,2Q5/1r6/4pkp1/p4r1p/3P4/2P5/5PKP/8 b - - 2 34,b7b2 c8f8 f6g5 f8d8 g5h6 d8h8,2346,99,87,51,advantage endgame long queenRookEndgame,https://lichess.org/GX4lZmVg/black#68,
DwoPC,4r3/2q2p1k/4pP1p/pp1pR1Q1/2rP4/2PR4/1P4PP/6K1 b - - 0 30,h6g5 e5g5 h7h6 g5g7 c7e5 d4e5,2228,79,86,69,crushing endgame long queenRookEndgame,https://lichess.org/ivbchSas/black#60,
E0yYI,8/1p6/1k1p4/p2P4/K1P5/4q3/PP1R1R2/8 w - - 3 47,b2b3 e3c5 a2a3 b6a6 b3b4 c5c4 f2f8 b7b5,2248,79,94,3676,capturingDefender endgame mate mateIn4 queenRookEndgame veryLong,https://lichess.org/0zzI0qis#93,
E25h6,6k1/pp6/5Q2/3pP3/3P4/1P4P1/r1r2PK1/8 w - - 3 42,e5e6 c2f2 f6f2 a2f2 g2f2 a7a5,2350,82,83,697,advantage defensiveMove endgame fork long queenRookEndgame,https://lichess.org/UTmtbETy#83,
E2rHV,4q1k1/R4p2/6pp/4p3/8/6P1/P4R1K/8 w - - 0 47,f2f7 e8f7 a7f7 g8f7 a2a4 f7e6 a4a5 e6d5,2385,79,93,220,crushing defensiveMove endgame queenRookEndgame veryLong,https://lichess.org/iw2FmPL1#93,
E9CZ8,1Q6/4r3/5kpp/2K5/7P/8/4p1P1/8 w - - 1 38,b8d6 f6f7 h4h5 e2e1q,2448,83,90,1205,advancedPawn crushing defensiveMove endgame master promotion queenRookEndgame short,https://lichess.org/CJKkhsK1#75,
EANn1,8/4r1k1/2P2p2/3QpP2/2P5/6p1/7r/5K2 b - - 1 37,g7h6 d5g8 h2f2 f1g1 h6h5 g8g6 h5h4 g6f6,2465,80,79,136,crushing endgame exposedKing queenRookEndgame veryLong,https://lichess.org/Rnor2RZg/black#74,
EFQY9,5rk1/p4rp1/4Q2p/7K/8/6P1/P7/8 b - - 13 40,g7g6 h5g6 g8h8 e6f7 f8f7 g6f7,2323,77,92,2017,crushing endgame long queenRookEndgame,https://lichess.org/sHq7QzQE/black#80,
EMjXR,5qk1/1RR2pp1/3p3p/p2P4/2p2P2/7P/5K2/8 b - - 1 42,f8a8 c7f7 g8h8 f7g7 a8f8 g7f7,2382,81,83,198,crushing endgame long queenRookEndgame,https://lichess.org/uupwSULI/black#84,
EPYYN,8/R6Q/5pp1/4pk2/7P/1P6/2rr2P1/6K1 w - - 1 41,g2g4 f5f4 h7h6 f4f3 h6d2 c2d2,2265,76,94,740,advantage defensiveMove endgame long queenRookEndgame,https://lichess.org/Zu5OOfLb#81,
ESJLq,5rk1/5p1p/p5p1/2R5/2p4P/2p2PP1/P2r1Q1K/8 w - - 0 39,h2g2 f8b8 c5c4 b8b2 c4c3 d2f2,2407,78,90,305,crushing endgame long pin queenRookEndgame quietMove,https://lichess.org/a5iJefkt#77,
ESwkr,6k1/p5p1/8/3P1p2/2P2P2/1Pq4P/P7/1K1R4 b - - 1 49,c3h3 d5d6 h3f3 d1d5,2206,79,84,100,advantage clearance endgame queenRookEndgame short,https://lichess.org/IKp2GTyj/black#98,
EUBh3,8/8/2pk4/3p4/6Q1/3P2pp/1P3r2/7K w - - 3 54,g4h3 f2h2 h3h2 g3h2 d3d4 d6e6 h1h2 e6f5,2265,85,94,3589,advancedPawn crushing defensiveMove endgame fork queenRookEndgame veryLong,https://lichess.org/5asSgwYv#107,
EUSwy,8/8/3RK2p/1p4k1/5p1p/2q2P2/6PP/3R4 b - - 1 43,c3f6 e6d7 f6f5 d7c7,2474,115,90,1715,crushing defensiveMove endgame queenRookEndgame short,https://lichess.org/7g80L4qJ/black#86,
EUY8K,6k1/5p1p/5Qp1/8/3P3P/4P1PK/1r1r1P2/8 w - - 2 44,f2f4 h7h5 f6d8 g8g7,2274,84,90,533,crushing endgame queenRookEndgame quietMove short,https://lichess.org/PsVmeQhM#87,
EUc0m,5k2/3R4/1p2PK2/2p2p2/2P1q3/2P5/PP6/8 b - - 4 50,f8e8 d7h7 e8d8 h7h8 d8c7 e6e7,2262,88,87,55,advancedPawn crushing endgame exposedKing long queenRookEndgame quietMove,https://lichess.org/CGy9vzWi/black#100,
EWauk,8/5pp1/6k1/3R4/6R1/5P2/4KP1p/7q b - - 1 56,g6h7 g4h4 h7g6 d5d1 h1g2 h4g4 g2g4 f3g4,2499,95,89,220,crushing endgame fork queenRookEndgame veryLong,https://lichess.org/RKPd2cfe/black#112,
EXSLJ,2r5/8/5k1p/4p1p1/5pP1/3K1P1P/2p5/2Q5 w - - 3 45,d3e4 c8d8 c1a1 d8d4 a1d4 e5d4,2361,79,92,3647,crushing endgame long queenRookEndgame quietMove,https://lichess.org/BR3w2HPc#89,
EZQLF,6k1/r1P2pp1/PK5p/1PR1p3/3q4/8/5P1P/R7 b - - 6 39,d4d6 b6a7 d6c5 b5b6,2279,76,93,5031,crushing endgame queenRookEndgame short,https://lichess.org/Hb11nKYy/black#78,
EbWOu,3Q2rk/1p5p/8/2p4K/Pp3r1P/8/8/3R4 w - - 0 52,d8d6 f4f5 h5h6 g8f8,2371,82,78,134,advantage defensiveMove endgame queenRookEndgame short,https://lichess.org/pfqpWFmf#103,
Edcha,5k2/2P4p/8/p2R2K1/4pP2/4P1P1/7P/5qr1 b - - 0 35,h7h6 g5h4 f1c4 d5d8 f8f7 c7c8q c4c8 d8c8,2465,105,90,2785,advancedPawn crushing defensiveMove endgame exposedKing promotion queenRookEndgame veryLong,https://lichess.org/M061QXjo/black#70,
EdvyK,8/1q6/8/1P5p/4k1p1/6P1/5P1P/1R4K1 b - - 5 58,e4f3 b1e1 b7a7 e1e3 a7e3 f2e3,2238,79,93,1822,crushing endgame long queenRookEndgame quietMove,https://lichess.org/tNJYHlLw/black#116,
Ef7yx,3r4/p7/7p/1Q6/6pk/P1P2p2/8/6K1 w - - 0 51,b5f5 d8d1 g1f2 g4g3 f2e3 f3f2 f5f4 h4h3,2438,85,80,154,advancedPawn crushing endgame exposedKing queenRookEndgame veryLong,https://lichess.org/CiL2D5YN#101,
EiGVo,k7/1p4Qp/p7/8/3P4/2P2P1P/r3r1P1/6K1 w - - 1 38,d4d5 e2g2 g7g2 a2g2 g1g2 a6a5 f3f4 a8b8,2345,94,88,301,crushing defensiveMove endgame fork queenRookEndgame quietMove veryLong,https://lichess.org/VLO3nWf0#75,
Eo5V1,Q7/8/6p1/7p/8/4k1PP/K3p3/1r6 w - - 1 53,a8e8 e3f2 e8f7 f2g1,2407,82,81,147,crushing defensiveMove endgame master queenRookEndgame short,https://lichess.org/NCovtM7t#105,
Eokrj,5Q2/8/6k1/6p1/2P5/4r3/PP1p2PP/4rR1K w - - 4 36,f8d6 e3e6 d6d3 g6h6 f1g1 e1g1 h1g1 e6e1 g1f2 d2d1q d3d1 e1d1,2208,83,54,68,advancedPawn advantage attraction defensiveMove endgame promotion queenRookEndgame veryLong,https://lichess.org/UpACHyyB#71,
Ep8iW,7k/pp4pp/2p5/3pP2P/8/4R1R1/7K/5q2 b - - 2 38,d5d4 g3f3 h8g8 f3f1,2231,76,92,2536,crushing endgame master queenRookEndgame short,https://lichess.org/TJQcDwP5/black#76,
EtW10,1r4k1/5rpp/8/1Pp5/2Q5/3P2P1/6KP/8 b - - 1 34,b8c8 d3d4 c8f8 d4c5,2223,79,93,9466,crushing endgame queenRookEndgame short,https://lichess.org/Q8Ij94NK/black#68,
EvAlm,6Q1/8/r6p/4k2P/6PK/8/r7/8 w - - 17 59,g4g5 a6a4 h4g3 a4a3,2218,82,79,213,crushing endgame queenRookEndgame short,https://lichess.org/c3lOdLUe#117,
EvXk6,8/pp2k3/8/8/6p1/1P4R1/P3KPq1/8 b - - 5 43,g2e4 g3e3 e4e6 e2d3 e7f7 e3e6 f7e6 d3e4,2319,84,92,873,crushing defensiveMove endgame pin queenRookEndgame veryLong,https://lichess.org/fz5pEKHu/black#86,
EwDpn,4r1k1/3P2p1/pqp1N2p/2p5/5P2/PP6/2P3PP/4R1K1 b - - 0 25,e8e6 e1e6 g8f7 e6e8 c5c4 g1f1 c4b3 c2b3 b6b5 f1e1,2403,95,87,509,crushing defensiveMove endgame hangingPiece queenRookEndgame quietMove veryLong,https://lichess.org/lxIqJUja/black#50,
ExNwo,7Q/p7/8/2P2p2/P7/5k2/4p2K/5r2 w - - 2 52,h8h5 f3e3 h5h6 e3d3 h6a6 d3d2,2448,83,38,54,crushing defensiveMove endgame long queenRookEndgame,https://lichess.org/RSycwvZj#103,
EyBLf,8/RR3pk1/3p2p1/2pP4/p1P5/6P1/5PK1/q7 b - - 3 41,a4a3 b7f7 g7h6 f7h7 h6g5 a7f7 a1b2 g2h3,2455,79,92,3421,clearance crushing defensiveMove endgame queenRookEndgame quietMove veryLong,https://lichess.org/pin4e8er/black#82,
F1mxU,6r1/1pp2k2/p3pr2/4p1QP/4P3/2PP4/PP6/2K5 w - - 0 28,g5e5 g8g2 e5c7 f7g8 c7d8 f6f8 d8f8 g8f8,2414,87,82,64,crushing defensiveMove endgame queenRookEndgame veryLong,https://lichess.org/q7GbTBI1#55,
F3Dzo,8/5k2/Q5p1/2P2p2/1P2p3/4P1P1/P4PK1/2rr4 w - - 1 38,a6b7 f7f6 b7c6 f6g5 f2f4 g5h6,2467,91,85,44,crushing defensiveMove endgame long queenRookEndgame,https://lichess.org/KHDRUlIc#75,
F8fnM,8/8/2p2k2/3p2p1/1P1Pr2r/2PQP1K1/8/8 w - - 3 42,b4b5 e4g4 g3f3 g4g1,2249,114,88,22,crushing defensiveMove endgame queenRookEndgame short,https://lichess.org/Fyj5ZL75#83,
FDlr3,5r2/8/P1p3k1/8/4Q1p1/4P2p/5r1P/6K1 b - - 4 42,f8f5 e4g4 g6f7 g4h3,2384,104,87,873,crushing endgame master queenRookEndgame short,https://lichess.org/AU0AFJi3/black#84,
FERBc,8/8/8/5pk1/4q1p1/6R1/5P2/3R2K1 w - - 2 58,g1h2 e4e2 d1d8 e2f2,2209,79,78,147,crushing endgame pin queenRookEndgame short,https://lichess.org/vyPIsW16#115,
FFHn6,6k1/p4p2/r5r1/5Q2/5P2/1P5K/P6P/8 w - - 1 35,a2a4 a6e6 f5d5 g6g7 d5d8 g8h7,2363,94,84,53,crushing endgame long queenRookEndgame quietMove,https://lichess.org/u4Oxi5ZE#69,
FHs8A,8/2R1R1pk/p4p2/7p/8/P4PP1/3q3P/5K2 b - - 2 43,d2h2 e7g7 h7h6 g7h7 h6g5 c7g7 g5f5 h7h5 h2h5 g3g4,2255,82,90,532,crushing deflection endgame queenRookEndgame sacrifice veryLong,https://lichess.org/7nSNqEwu/black#86,
FJxrt,8/8/p4k2/2R3p1/8/3qpK2/P3R3/8 w - - 6 52,e2e3 g5g4 f3f2 d3d2 e3e2 d2d4,2377,101,90,1536,crushing endgame exposedKing long queenRookEndgame,https://lichess.org/QWAOEfIh#103,
FNWis,5r2/p1p5/2Q5/4Pr1k/3P4/2P5/PP5P/6K1 w - - 3 31,g1g2 f8g8 g2h3 f5f4 c6f6 f4f6,2209,77,92,3065,crushing endgame long master queenRookEndgame,https://lichess.org/kSWOpCpx#61,
FQ3Qw,1R6/1P5P/5K2/8/3p4/5P2/3k4/q7 b - - 0 63,d4d3 f6f5 a1a5 f5g4 a5a4 g4g3,2392,78,92,597,crushing defensiveMove endgame long queenRookEndgame,https://lichess.org/4PlNhRFr/black#126,
FU4ev,8/p3Q3/2p5/8/2kr1p2/P1p5/5PP1/5K2 w - - 2 48,e7a7 c3c2 a7a4 c4d3 a4b3 d3d2,2322,96,86,560,advancedPawn crushing defensiveMove endgame long queenRookEndgame,https://lichess.org/dGwPj0SY#95,
FVgRY,6k1/pR6/6pp/5p2/5K2/3r3P/3r3P/5Q2 w - - 0 39,f1a1 d2f2 f4e5 f2e2 e5f6 d3d6,2210,79,92,8532,endgame long mate mateIn3 queenRookEndgame,https://lichess.org/xg07sHU2#77,
FWdbA,Q7/8/8/3K4/8/2r5/1k2p3/8 w - - 2 61,a8b7 b2c1 b7e7 c1d1,2326,86,87,265,crushing defensiveMove endgame queenRookEndgame short,https://lichess.org/Fkih9Jpk#121,
FWoDq,7R/8/8/3kp3/8/3pq3/6PP/3R3K w - - 2 39,h8d8 d5c4 h2h4 e5e4,2476,90,84,83,advantage defensiveMove endgame queenRookEndgame short,https://lichess.org/kVYnebIp#77,
FXT0E,7r/3q4/R6p/1p3ppk/3P4/6P1/PP3PP1/1KR5 b - - 0 27,d7d4 f2f3 g5g4 c1h1 h5g5 f3f4 d4f4 g3f4,2459,91,87,470,crushing endgame queenRookEndgame quietMove veryLong,https://lichess.org/49x9o137/black#54,
FbzG3,2k5/p2r4/2p4p/4Q3/P3P3/4P2P/1Pr5/6K1 w - - 9 48,e5e6 c8c7 e6g4 c2c1 g1f2 d7d2,2246,77,83,358,crushing endgame exposedKing long queenRookEndgame,https://lichess.org/eC5tYEqW#95,
Fctpu,5r2/pp2p1kp/8/6p1/3P4/2P3PK/PP3r1P/1Q6 w - - 1 28,b1e4 h7h5 e4e7 g7h6 e7f8 f2f8,2239,74,92,1804,crushing defensiveMove endgame long queenRookEndgame quietMove,https://lichess.org/LV9ohkPU#55,
FdRlC,7k/p1P2pp1/6qp/p4R2/4P3/P5P1/3r3P/2R3K1 b - - 0 35,g6b6 f5c5 d2d1 g1g2,2205,82,84,45,advantage defensiveMove endgame queenRookEndgame short,https://lichess.org/I5bIuqqV/black#70,
FeD1w,8/6pk/1Q5p/4P3/6PK/7P/3rr3/8 w - - 7 49,e5e6 d2d3 b6b1 e2e3 b1d3 e3d3,2375,96,90,986,crushing endgame long queenRookEndgame,https://lichess.org/CyYgvamG#97,
FkTVR,R7/P7/2N1pK2/3q4/3P2p1/2P5/1P2k2P/8 b - - 7 51,d5c6 a8b8 e6e5 f6g5 c6e6 a7a8q,2376,88,88,204,advancedPawn crushing defensiveMove endgame long promotion queenRookEndgame quietMove,https://lichess.org/GrDIbu5G/black#102,
FmJvd,8/pp4k1/3Q2pp/4Pr2/5PK1/1Pr5/P6P/8 w - - 2 33,e5e6 h6h5 g4h4 c3f3 d6d4 g7h7,2367,89,90,170,crushing defensiveMove endgame long queenRookEndgame,https://lichess.org/1LNxXYRp#65,
FqMaK,k5rr/1pQ1np2/pP6/3p4/3P4/4PK2/P6p/2R5 w - - 4 39,c7e7 g8g1 e7h4 h2h1q h4h1 g1h1,2249,76,92,4192,advancedPawn crushing endgame long promotion queenRookEndgame,https://lichess.org/HSNGMeiV#77,
Fqg9G,8/1p1RRpk1/2p3p1/7p/p3P3/5P1P/6PK/1q6 b - - 4 38,b1b3 e4e5 a4a3 e5e6,2334,80,81,191,crushing endgame queenRookEndgame quietMove short,https://lichess.org/IBESlJZN/black#76,
FtgyW,8/R5R1/2p3k1/6p1/P2p3p/6qP/6P1/6K1 b - - 0 37,g6f5 g7g5 f5g5 a7g7 g5f4 g7g3,2217,77,92,6027,attraction crushing endgame long queenRookEndgame sacrifice skewer,https://lichess.org/FVo6dlSB/black#74,
Fxnyw,k3r3/1p5p/p3p3/8/5rPP/3Q1PK1/P7/8 b - - 2 35,e6e5 d3h7 e8f8 h7d3 e5e4 f3e4,2212,76,71,172,advantage endgame long queenRookEndgame,https://lichess.org/TXbKag3R/black#70,
G09ju,2r3k1/1p4r1/p3p3/5p2/3Rp3/4Pp2/PPP2Q2/2K5 w - - 0 29,a2a3 g7g2 f2h4 f3f2 d4d8 c8d8,2394,83,81,124,advancedPawn advantage endgame long queenRookEndgame,https://lichess.org/mz8n6vhn#57,
G4bzw,6k1/p1R3pp/1p6/8/3p4/5RP1/5PKP/q7 b - - 1 32,h7h6 f3f7 d4d3 c7a7,2262,75,92,383,crushing endgame queenRookEndgame short,https://lichess.org/XagV794Y/black#64,
G7sLq,6k1/Q4pp1/6p1/8/P7/4PP2/1rr2P1P/6K1 w - - 1 32,a4a5 c2f2 a7c7 f2g2 g1h1 g8h7,2318,112,84,32,crushing defensiveMove endgame long queenRookEndgame,https://lichess.org/ZdK4L2Je#63,
G9Y6c,6k1/5p1p/6p1/6P1/5KP1/2Q5/4r3/8 w - - 7 73,c3f6 e2f2 f4e5 f2f6 g5f6 h7h6,2302,81,83,83,crushing defensiveMove endgame long queenRookEndgame skewer,https://lichess.org/fdQHJ7YW#145,
GAW35,r7/8/2P5/4p3/kP3r2/3q3P/5PP1/R4RK1 b - - 2 42,a4b4 a1a8 d3h7 f1c1 f4c4 a8a4 b4a4 c1c4 a4b5 c6c7 h7b1 g1h2 b5c4 c7c8q,2280,99,46,34,advancedPawn advantage attraction deflection endgame hangingPiece promotion queenRookEndgame quietMove veryLong,https://lichess.org/HC5g9ibh/black#84,
GDERn,8/3Q1pk1/r5p1/2p4p/1pPpP2P/1P1P2P1/1P2KP2/1r6 w - - 1 38,d7d5 b1b2 e2f1 a6f6,2463,88,76,238,crushing endgame queenRookEndgame short,https://lichess.org/FooGwfZw#75,
GEe7n,8/ppp5/2kp1PQ1/4p3/2P1P3/4PK2/r5Br/8 b - - 8 43,a2g2 g6e8 c6b6 e8b5,2246,89,88,848,endgame mate mateIn2 queenRookEndgame short,https://lichess.org/FLrp2ADe/black#86,
GG2Zh,4r1k1/p6p/1p5P/2p2QP1/8/8/PPP5/4r1K1 w - - 3 42,g1f2 e8f8 f5f8 g8f8 f2e1 f8f7 e1e2 f7g6,2252,83,82,146,crushing endgame pin queenRookEndgame veryLong,https://lichess.org/3cxrGEWv#83,
GKZr9,5k2/8/6RP/1pPp1p2/3Pq3/2P3P1/1P3P2/6K1 b - - 0 39,f5f4 h6h7 e4b1 g1g2 f8f7 h7h8q,2280,90,90,1875,advancedPawn crushing endgame long promotion queenRookEndgame,https://lichess.org/1WLYsoZz/black#78,
GQVN5,4k3/2R5/8/pp4p1/8/4q3/PP6/K4R2 b - - 5 53,g5g4 f1h1 e3e5 h1h8 e5h8 c7c8 e8e7 c8h8,2224,87,93,5070,crushing endgame exposedKing queenRookEndgame quietMove sacrifice skewer veryLong,https://lichess.org/Br6qZ7hI/black#106,
GTPcy,5k2/r4p2/3Kp2P/1p1p2Q1/r7/8/8/8 b - - 0 52,a7a6 d6c5 a6a8 h6h7,2358,84,82,63,advancedPawn crushing defensiveMove endgame queenRookEndgame short,https://lichess.org/kKdVo4a3/black#104,
GUQ0y,4r1k1/3rPppp/8/p1p5/3pQP2/P1p3P1/7P/3R2K1 w - - 1 37,d1e1 d7e7 e4e7 e8e7 e1e7 g8f8,2248,83,84,150,advantage endgame long queenRookEndgame,https://lichess.org/Hldpcben#73,
GZENX,6k1/pp2RR2/8/5K2/3p1P2/8/8/6q1 b - - 5 53,g1b1 f5f6 b1b6 e7e6 b6d8 f6g6,2427,77,93,1128,crushing defensiveMove endgame long queenRookEndgame,https://lichess.org/v7FTQ01z/black#106,
GakCe,6k1/pp5p/3Rp1p1/2p5/5PK1/1P2q3/6PP/3R4 b - - 0 32,e3b3 d6d8 g8g7 d1d7 g7h6 d8h8 b3d1 d7d1,2329,85,93,439,crushing endgame queenRookEndgame veryLong,https://lichess.org/rYGTjAZB/black#64,
GbP08,8/7P/6K1/1r6/P7/4k3/5p2/8 w - - 0 55,h7h8q b5b6 g6h7 b6b7,2255,83,20,65,crushing endgame queenRookEndgame short,https://lichess.org/mxD02hC7#109,
GddGn,2r3k1/5p1p/p3pPp1/5P2/8/4Q3/1Pr4P/6K1 b - - 0 31,g8h8 e3h6 c8g8 f5e6,2396,78,93,432,advantage endgame queenRookEndgame short,https://lichess.org/2MwLaKY1/black#62,
Gkvi5,8/ppk2pp1/4p1p1/8/3P1PKP/P1P1R1P1/1P2R3/3q4 w - - 9 39,h4h5 d1h1 e2h2 h1h2,2287,79,90,837,crushing endgame queenRookEndgame short,https://lichess.org/CFkMLGsr#77,
GlxkN,1r6/6R1/p3p2p/3p3P/P2P2k1/1Pq5/2P5/3R2K1 b - - 1 28,g4f5 d1f1 f5e4 g7g4 e4e3 g4g3 e3d4 f1d1,2290,76,91,1808,crushing endgame queenRookEndgame veryLong,https://lichess.org/lO4AmveT/black#56,
GsCNq,7k/pp2P2p/2p2p2/3p1P2/3P2q1/8/P4K2/4R3 b - - 5 40,g4d4 f2f3 h8g7 e7e8q,2459,85,76,175,advancedPawn crushing defensiveMove endgame promotion queenRookEndgame short,https://lichess.org/Ge0TNixY/black#80,
Gsuk4,2R5/8/5p1q/5p2/5k2/5P1P/6P1/7K b - - 13 56,h6h4 c8c4 f4g3 c4h4 g3h4 f3f4 h4g3 h1g1,2469,81,85,128,crushing endgame queenRookEndgame quietMove skewer veryLong,https://lichess.org/1U7jf2LH/black#112,
Gupym,8/2p2p1R/1p2kpp1/1q6/8/5P1P/2P3P1/4R2K b - - 2 32,e6f5 g2g4 f5f4 h1g2 f6f5 h7f7,2271,90,88,1580,crushing endgame long queenRookEndgame,https://lichess.org/3DOdpZuC/black#64,
GvD7y,8/2p3r1/2p1Q1k1/4P3/5p1p/5P2/1PP2r2/7K b - - 0 35,g6h5 e6f5 h5h6 f5f6 g7g6 f6h4 h6g7 h4f2,2435,77,91,1068,crushing endgame fork queenRookEndgame veryLong,https://lichess.org/MEQ6y8o1/black#70,
GxJzB,8/5ppk/3Q4/2pP4/2P5/P4P1K/4rr1P/8 w - - 1 34,d6c5 f2f3 h3g4 e2f2 c5f2 f3f2,2484,84,79,102,crushing endgame long queenRookEndgame,https://lichess.org/9Wi90Ubt#67,
H1hNX,6rk/4rp2/p1p1p2P/PpPpPP1K/1P1P4/3Q4/8/8 b - - 2 67,g8g2 d3h3 g2g8 h3h4,2276,88,87,51,crushing endgame queenRookEndgame short,https://lichess.org/sWplFWG5/black#134,
H1nuV,7R/8/3k1p1P/4p3/3p4/1P1P4/1KP5/5q2 b - - 3 43,d6e6 h6h7 e6d7 h8a8,2335,88,88,104,advancedPawn crushing defensiveMove endgame queenRookEndgame short,https://lichess.org/d3CFrRzG/black#86,
H1uGq,8/6q1/2p3P1/6R1/2k5/pR6/8/6K1 w - - 8 98,b3a3 g7d4 g1h2 d4h4 h2g2 h4g5,2241,78,91,3562,crushing endgame exposedKing fork long queenRookEndgame,https://lichess.org/9gzybi3Z#195,
H1yBW,8/8/8/8/1Q6/8/ppK5/kr6 w - - 0 86,c2b3 b1d1 b4c3 d1d3 c3d3 b2b1q b3c3 b1d3,2396,87,83,120,advancedPawn attraction crushing endgame exposedKing pin promotion queenRookEndgame quietMove veryLong,https://lichess.org/GFuBDu88#171,
H2shN,8/6p1/5r2/5rk1/8/7P/2Q2PK1/8 w - - 12 57,c2d2 g5h4 f2f3 f5f3 d2d4 f3f4 d4d8 f4f2,2280,90,92,227,crushing defensiveMove endgame queenRookEndgame veryLong,https://lichess.org/bic5DgBv#113,
H4W6q,4q2k/2R4p/pK1P4/2p5/P1P5/1P6/8/8 b - - 0 50,e8e6 b6c5 e6e3 c5c6 e3f3 c6b6,2230,121,77,28,crushing endgame long queenRookEndgame,https://lichess.org/DTmJucWj/black#100,
HANih,5r2/5p2/6r1/3PP3/2P5/7Q/P1k3p1/6K1 w - - 3 43,h3h7 f8b8 h7g6 f7g6 e5e6 c2d3 e6e7 d3e4,2458,110,44,30,crushing endgame queenRookEndgame quietMove veryLong,https://lichess.org/0WRqzEXN#85,
HDhZ7,8/8/8/1k2R3/1qp5/7K/8/6R1 b - - 1 57,b5a4 g1a1 b4a3 a1a3 a4a3 e5c5,2262,78,80,126,crushing endgame long queenRookEndgame,https://lichess.org/SFf5hxCe/black#114,
HHm57,4r3/5pk1/6pp/8/4p3/7P/PR1p1PP1/2rQ2K1 w - - 1 40,b2b1 e8c8 g1h2 c1d1 b1d1 c8c2,2275,90,90,1407,crushing endgame long pin queenRookEndgame quietMove,https://lichess.org/wJd2yn0L#79,
HM2ut,8/8/8/8/2p5/pr2PK2/3Q4/1k6 w - - 10 62,d2d4 c4c3 d4d1 b1b2,2203,77,94,1882,crushing endgame master queenRookEndgame short,https://lichess.org/tXZrBvWT#123,
HOFhc,4k1r1/r4p2/3Pp3/p5P1/2p1p3/4P3/PP5Q/2K5 b - - 0 34,g8g5 h2h8 e8d7 h8b8,2212,84,82,72,advantage endgame queenRookEndgame short,https://lichess.org/mJ0OeWbK/black#68,
HOrrM,6k1/pR5p/8/3Pp3/1KR1q3/8/PP4p1/8 b - - 2 34,e4e1 b4a4 e1d1 b2b3 d1d4 c4d4,2304,81,91,1785,crushing defensiveMove endgame long queenRookEndgame,https://lichess.org/OJh9zzKl/black#68,
HWosW,8/p2k2p1/P7/1pR4p/1P2PK1P/2Pq2P1/8/8 b - - 10 44,d7d6 c5d5 d3d5 e4d5 d6d5 f4e3,2342,93,88,312,crushing defensiveMove endgame fork long master queenRookEndgame,https://lichess.org/7LJApS6c/black#88,
HX0yY,6r1/1p6/2p1pRq1/1p5k/7P/2P2RP1/PP4PK/8 b - - 8 36,g6g4 f3e3 g8g6 e3e5 h5h6 e5g5 g4g5 h4g5,2381,88,76,88,advantage endgame pin queenRookEndgame veryLong,https://lichess.org/ho2pKj2l/black#72,
HYVOa,8/2r1kp2/3p3p/3P3P/3QP3/1P6/1P4r1/2K5 w - - 1 29,c1d1 c7c2 d4a7 e7f8 a7b8 f8g7,2324,79,81,122,crushing defensiveMove endgame long queenRookEndgame,https://lichess.org/R0na6aNg#57,
HaCGS,6k1/2P3p1/7p/1q3p2/4B3/5K1P/2R5/8 b - - 0 46,f5e4 f3g2 b5g5 g2h1 g8h7 c7c8q,2386,91,85,151,advancedPawn crushing defensiveMove endgame long master masterVsMaster promotion queenRookEndgame,https://lichess.org/umyIfiQ9/black#92,
HaquQ,3Q1r2/1R1K1pk1/1p6/5R2/3r1PP1/8/p7/8 w - - 3 61,d7e7 d4e4 e7d7 f8d8 d7d8 a2a1q,2460,84,93,955,advancedPawn crushing endgame long master promotion queenRookEndgame,https://lichess.org/POVg4ITX#121,
HcCMh,8/2k5/p2p4/1p6/3PQr2/8/PPP4p/1K6 w - - 0 39,e4h7 c7b6 h7h3 f4e4 a2a4 e4e1 b1a2 h2h1q,2386,80,86,271,advancedPawn crushing defensiveMove endgame promotion queenRookEndgame veryLong,https://lichess.org/BH1lXmTO#77,
HjpNO,8/4p1kp/4r1p1/2P3P1/2Q2K1P/8/P7/4r3 w - - 3 50,c5c6 e6e3 h4h5 e7e5,2321,74,94,6569,crushing endgame master queenRookEndgame quietMove short,https://lichess.org/a0njhb7m#99,
Hmzpg,6k1/p5p1/1p1P3p/2p2p2/q7/8/5PR1/4R1K1 b - - 2 39,a4d7 e1e7 d7d6 e7g7 g8f8 g7g8,2321,83,91,2996,crushing endgame long queenRookEndgame,https://lichess.org/1YdaS9Lr/black#78,
HnlUj,8/P2k2p1/8/R5PK/8/8/2q5/8 b - - 32 54,g7g6 h5h6 c2h2 h6g7 h2b2 g7h7,2364,76,92,1677,crushing defensiveMove endgame long queenRookEndgame,https://lichess.org/j1i1C7mC/black#108,
Hoo1L,4q3/8/4PRP1/3k1K2/8/8/8/8 b - - 0 74,d5d6 e6e7 d6c5 f6e6,2494,94,69,195,advancedPawn clearance crushing defensiveMove discoveredAttack discoveredCheck endgame master queenRookEndgame short,https://lichess.org/rOKGcpNY/black#148,
HpZpa,8/5rk1/p2P2p1/1p4P1/8/4Q2K/1P4r1/8 b - - 14 55,g2f2 e3d4 g7g8 d6d7,2205,76,80,145,advancedPawn crushing endgame queenRookEndgame short,https://lichess.org/r5Ozzfx9/black#110,
Hqept,k2rR3/1p6/p1PP1q2/1P6/8/P7/6PP/4R2K b - - 0 36,b7c6 d6d7 a8b7 b5c6,2292,80,87,71,advancedPawn crushing endgame intermezzo pin queenRookEndgame short,https://lichess.org/F8T6CAKH/black#72,
HwYFb,1K6/P4rk1/6p1/5p2/6p1/8/8/R7 w - - 0 45,a7a8q f7f8 b8c7 f8a8 a1a8 f5f4 a8a4 g6g5,2461,111,90,1241,crushing defensiveMove endgame queenRookEndgame quietMove skewer veryLong,https://lichess.org/a00noAFJ#89,
Hy477,8/1pr3kp/p2Q1pp1/3Pp3/1P4P1/P4PKP/2r5/8 b - - 0 38,c2c3 g4g5 f6g5 d6e5 g7h6 d5d6,2246,78,83,203,advantage deflection endgame long queenRookEndgame,https://lichess.org/1bemHyoO/black#76,
HyKDg,8/1P6/3p2k1/2pqp3/8/6P1/5P1K/1R6 b - - 0 51,d5f3 h2g1 f3f8 b7b8q f8b8 b1b8,2349,85,86,73,advancedPawn crushing endgame long master promotion queenRookEndgame,https://lichess.org/cm41grrC/black#102,
HyRrz,4k3/5R1R/p7/1p5p/1P6/P7/4q2K/8 w - - 14 46,h2g3 e2d3 g3h4 d3c4 f7f4 c4f4,2495,96,90,231,crushing endgame exposedKing long master queenRookEndgame,https://lichess.org/2bc5Stia#91,
Hzg6P,8/6p1/3Pk2p/3R4/2pKP3/1qP3P1/7P/8 b - - 4 44,b3d1 d4c5 d1g1 c5c6 g1a1 d6d7,2315,93,90,374,advancedPawn crushing defensiveMove endgame long queenRookEndgame,https://lichess.org/j72Yf8er/black#88,
I4jmG,8/p4p1k/2Q3p1/1P6/5P1p/3r3P/P5PK/4r3 w - - 0 36,f4f5 d3d1 f5g6 h7g7 c6c3 g7h6 c3e1 d1e1,2416,110,90,1569,crushing defensiveMove endgame queenRookEndgame quietMove veryLong,https://lichess.org/GkyWSfcg#71,
I53Au,3R4/5ppk/4p2p/pqp2P2/4P1PP/3R1K2/8/8 b - - 0 35,g7g6 f5e6 b5d3 d8d3,2299,83,83,119,crushing endgame queenRookEndgame short,https://lichess.org/fj2aOTnX/black#70,
I6KMc,3r3k/6p1/2K1r3/1P5p/P2p1P1P/5QP1/8/8 w - - 8 48,c6c5 d4d3 f3h5 h8g8 h5d1 d3d2,2214,82,26,35,advancedPawn crushing endgame long queenRookEndgame,https://lichess.org/7kiUBZQi#95,
I6NDd,8/1r6/8/p1kp3Q/8/5P1P/1r3KP1/8 w - - 1 57,f2g1 b7g7 g2g4 g7e7 g1f1 e7e2,2226,80,79,281,crushing defensiveMove endgame long queenRookEndgame quietMove,https://lichess.org/4KZtZPpS#113,
I833u,7k/R3R3/P3Kp1p/8/3q4/8/8/8 b - - 1 45,d4e4 e6f7 e4d5 e7e6 d5h5 f7f8,2275,91,0,38,crushing defensiveMove endgame long queenRookEndgame,https://lichess.org/OF26HRZ7/black#90,
IAeiJ,1r6/5QR1/4p2p/2P1ppp1/1r4k1/4P3/P5PP/6K1 w - - 6 34,h2h3 g4g3 g1f1 b4b2,2392,76,94,389,crushing endgame queenRookEndgame short,https://lichess.org/aiDm7WhM#67,
IBSND,r7/8/r7/1k1Q4/8/1P6/1K6/8 b - - 16 59,b5b4 d5c4 b4a5 c4c5,2226,78,94,12595,endgame mate mateIn2 queenRookEndgame short,https://lichess.org/kwcEvZ2m/black#118,
ICNjx,2R5/5pk1/7q/8/4P3/P4Pp1/6P1/2R2K2 w - - 6 41,c1c5 h6d2 c5g5 d2g5,2317,172,67,13,crushing endgame queenRookEndgame short,https://lichess.org/6TboI8Qu#81,
ICPY2,2r3r1/8/p7/1p5k/3Q3P/7K/P1P5/8 b - - 4 53,g8f8 d4g7 f8f3 h3g2,2314,84,91,2003,crushing defensiveMove endgame queenRookEndgame short,https://lichess.org/At2Tjulc/black#106,
IEEDa,7Q/2R2p2/3r2pp/P5k1/4p1P1/2K4P/3p4/8 w - - 4 65,h3h4 g5g4 h8e5 d2d1q e5e4 g4h5,2418,77,90,371,advancedPawn crushing endgame long promotion queenRookEndgame,https://lichess.org/kztpSGgO#129,
IFuSM,4q2k/pp4R1/2p2P1P/3pP1r1/1P1P4/8/5RPK/8 b - - 1 45,g5h5 h2g3 h5h6 f6f7 e8f8 g7g8,2289,94,88,971,advancedPawn crushing endgame long queenRookEndgame,https://lichess.org/rCpIGbRH/black#90,
IHXby,2r5/p4p2/7p/1P4p1/4Q1Pk/2rp4/P4PK1/8 b - - 1 34,c3c4 e4f3 c4g4 g2h2 h4h5 f3f7,2470,90,83,498,crushing defensiveMove endgame long queenRookEndgame,https://lichess.org/yZihES5j/black#68,
IHln9,Q7/5pk1/6p1/3p4/3PpP2/4P2K/5r1p/6rR w - - 1 56,h1h2 f2f3 h3h4 f7f5,2259,79,85,192,crushing defensiveMove endgame master queenRookEndgame short,https://lichess.org/nUGAxMsM#111,
IJyna,1r6/8/8/2P1rkpp/1P1p1p2/3P1P1P/3Q2P1/7K w - - 0 49,d2b2 e5e1 h1h2 g5g4 g2g3 b8e8,2487,87,78,147,crushing defensiveMove endgame long queenRookEndgame,https://lichess.org/iUkqeZ6U#97,
IPom7,8/8/kp1p4/4p3/PP4R1/8/1KR4q/8 b - - 4 50,h2h3 g4g7 h3e3 g7c7,2409,93,79,66,crushing defensiveMove endgame queenRookEndgame quietMove short,https://lichess.org/ALUCeMfC/black#100,
IQLtW,6k1/3r1p2/R2P1p1p/p1q2P2/8/4QRP1/3rP1KP/8 b - - 0 31,c5e3 a6a8 e3e8 a8e8,2326,76,76,129,crushing endgame master queenRookEndgame short,https://lichess.org/NbdsjAxO/black#62,
IQUto,8/p4R1p/8/1K2p3/1P1qk3/3p3R/8/8 b - - 3 63,e4d5 f7d7 d5e4 h3h4 e4e3 h4d4,2305,80,90,267,crushing endgame long queenRookEndgame skewer,https://lichess.org/hThhtA44/black#126,
IQvQD,3k4/8/8/p1pp4/5R2/3P4/2P1RK1q/8 w - - 6 78,f2e3 h2g3 f4f3 d5d4 e3d2 g3f3,2315,82,93,4290,crushing deflection endgame long master queenRookEndgame,https://lichess.org/PtuHV5Jn#155,
ITEr2,8/4q3/4P1P1/5K2/5R2/5k2/8/8 b - - 14 71,f3g3 f4g4 g3f2 g6g7 e7c5 f5g6,2415,93,95,223,advancedPawn crushing defensiveMove endgame long queenRookEndgame,https://lichess.org/CIeLOCXT/black#142,
IV9eb,3q4/5r2/3p1pk1/pp1PpRB1/1Pp1K1P1/P1P3P1/5R2/8 b - - 0 46,f6g5 f5f7 a5b4 a3b4 d8h8 f2f1,2205,170,75,19,crushing defensiveMove endgame long queenRookEndgame,https://lichess.org/qoxWDCDM/black#92,
IWtoM,8/8/8/8/5rP1/3rk2P/6QK/8 w - - 2 54,g2g1 e3e2 g1g2 f4f2,2398,78,81,109,crushing defensiveMove endgame pin queenRookEndgame short,https://lichess.org/7hmVM5Qs#107,
IZkp0,1r6/3P2kp/4r1p1/Q4p2/4p2P/8/1p4PK/8 b - - 0 54,e6d6 a5c7 g7h6 c7b8,2452,98,90,1661,advantage endgame fork queenRookEndgame short,https://lichess.org/mQgcsORn/black#108,
IbeIZ,8/5k2/7p/1p6/4P2P/1P4Q1/3r1rPK/8 w - - 9 44,h4h5 f2g2 g3g2 d2g2 h2g2 f7f6 g2f3 f6g5 f3e3 g5h5 e3f4 h5g6 f4e5 g6f7 e5d6 f7e8 b3b4 h6h5,2408,83,83,65,crushing defensiveMove endgame fork queenRookEndgame veryLong,https://lichess.org/zhbEtMCg#87,
IfXMQ,6k1/5p2/6p1/3pQ1K1/1p3PP1/1pr5/3p4/8 w - - 0 41,g5h6 c3h3 h6g5 d2d1q g5f6 h3e3 e5b8 g8h7 f6f7 e3e7,2296,92,87,145,advancedPawn advantage endgame promotion queenRookEndgame veryLong,https://lichess.org/Tl4UcGSn#81,
IgS0L,k7/pp6/8/4pP2/6pP/P5P1/5RK1/4q3 b - - 6 39,e5e4 f5f6 e4e3 f2c2 a7a6 f6f7 a8a7 f7f8q,2226,82,84,131,advancedPawn crushing endgame promotion queenRookEndgame quietMove veryLong,https://lichess.org/auUiH537/black#78,
InXZR,8/2r5/8/4Pp1k/3r1PpP/PQ4P1/1P6/6K1 w - - 0 43,e5e6 d4d2 b3b5 c7c1,2248,75,92,6180,crushing endgame queenRookEndgame short,https://lichess.org/D6BawfKd#85,
IzUiK,k5r1/1p6/p6p/1P2Q3/8/2P2r2/P6K/8 b - - 0 35,g8g5 e5h8 a8a7 h8d4 b7b6 d4d7,2282,79,84,167,advantage endgame long queenRookEndgame,https://lichess.org/cdeEEa9e/black#70,
J0IkD,3Q4/1r3pk1/8/3P4/8/2P5/6r1/2K5 w - - 5 41,d8h4 b7b2 h4d4 g7g8,2311,90,87,1586,crushing defensiveMove endgame master queenRookEndgame quietMove short,https://lichess.org/Dq8KOV6k#81,
J1vlz,r4R2/4k1P1/2p1p3/4P3/2P3K1/2r5/p7/3R4 b - - 1 43,a2a1q d1d7 e7d7 f8f7 d7e8 g7g8q,2429,85,92,5045,advancedPawn attraction endgame long mate mateIn3 promotion queenRookEndgame sacrifice,https://lichess.org/DChZvgsi/black#86,
J24II,3Q4/8/1p6/p1p1r3/P4p2/1K2k1p1/8/8 w - - 8 69,d8d6 e5e8 d6b6 e3f2 b6a5 e8e3 b3c4 f4f3 a5c7 g3g2,2232,112,47,22,advancedPawn clearance crushing endgame queenRookEndgame quietMove sacrifice veryLong,https://lichess.org/xDnxQi8p#137,
J7PYF,8/7K/8/p1k5/2r3P1/8/2pQ4/8 w - - 8 48,d2f2 c5b5 f2f5 b5b4 f5f8 b4b3 f8b8 b3a2 b8b5 c2c1q,2267,86,83,62,advancedPawn crushing defensiveMove endgame promotion queenRookEndgame veryLong,https://lichess.org/HgyEwqTo#95,
JD4rH,6k1/5p2/6p1/2p1Q2p/5P1P/3P2P1/1P4K1/r1r5 w - - 0 35,f4f5 c1c2 g2f3 a1f1,2362,119,29,20,crushing endgame queenRookEndgame short,https://lichess.org/fsdnVIdq#69,
JEIjb,q7/P1R3p1/1P5p/1K2k3/6P1/7P/8/8 b - - 1 52,e5d6 b5a6 a8f8 a6b7 f8f3 b7b8,2281,88,90,564,crushing defensiveMove endgame long queenRookEndgame,https://lichess.org/3QowET1t/black#104,
JHTnx,8/8/6k1/6p1/8/2P2Q2/PP2r2r/2K5 w - - 16 66,f3d3 g6h6 d3d6 h6h5 d6d1 g5g4,2313,96,83,44,crushing defensiveMove endgame long queenRookEndgame,https://lichess.org/otKhYQOA#131,
JJ8Iv,8/8/5pkp/6q1/2p3P1/4R1KP/8/4R3 b - - 2 49,f6f5 e3e7 f5f4 g3h2 f4f3 e1e6,2420,103,91,107,crushing defensiveMove endgame long queenRookEndgame quietMove,https://lichess.org/BhBEq7rm/black#98,
JJZ9B,8/8/8/p1QP4/2Pr4/1P1kp3/P5P1/6K1 w - - 0 46,g1f1 d4f4 f1g1 e3e2 c5e7 f4f1 g1h2 e2e1q e7e1 f1e1,2410,79,91,76,advancedPawn advantage endgame promotion queenRookEndgame veryLong,https://lichess.org/v1u0L571#91,
JJmv3,7k/pp3R1p/2pq4/3p4/3Pp1R1/4P1P1/PP3K2/8 b - - 5 37,c6c5 g4g7 d6h6 g7h7 h6h7 f7h7 h8h7 d4c5,2419,86,79,149,crushing endgame fork queenRookEndgame veryLong,https://lichess.org/zBoPP33x/black#74,
JSTyP,1r6/7p/6pk/1P6/2Q5/7P/5rPK/8 b - - 0 31,f2f5 c4c1 g6g5 c1c6 h6g7 c6c7,2207,79,87,354,crushing endgame long queenRookEndgame,https://lichess.org/DB7oLla9/black#62,
Ja7Eu,8/1pR5/3P1k1p/6p1/p3P3/6P1/1qp2PPK/5R2 w - - 0 33,d6d7 f6e7 e4e5 e7d8,2460,81,96,310,advantage endgame queenRookEndgame short,https://lichess.org/mgXmhF8c#65,
Jcbe0,R2Q4/6pk/8/6Kp/8/3r4/p5r1/R7 w - - 3 41,g5h4 g7g5 d8g5 g2h2,2315,80,94,1270,endgame mate mateIn2 queenRookEndgame short,https://lichess.org/ugyGE5mO#81,
JdAj2,8/1p6/1Pp5/3r4/P4p2/6P1/1k1p2KP/3Q4 w - - 0 63,g3f4 c6c5 a4a5 c5c4 a5a6 c4c3 a6b7 c3c2 d1c2 b2c2,2421,96,90,1280,advancedPawn crushing endgame queenRookEndgame quietMove veryLong,https://lichess.org/knphYaz6#125,
JdM0C,8/7k/2P3p1/5Q2/7K/4P2P/6r1/7r w - - 0 42,f5d7 h7h6 d7d6 h1f1 e3e4 f1f4 d6f4 g6g5 f4g5 g2g5,2350,84,90,950,crushing defensiveMove endgame fork queenRookEndgame quietMove sacrifice veryLong,https://lichess.org/k1PQhztX#83,
JgKqp,8/5P1K/2p5/8/8/2k3P1/pR6/8 b - - 0 49,a2a1q b2f2 a1h1 h7g7,2396,88,91,480,crushing defensiveMove endgame queenRookEndgame quietMove short,https://lichess.org/6ojtxGoG/black#98,
Jhdxx,3Q4/6pk/5p1p/p4P2/P7/1p6/1r4PP/6K1 w - - 2 33,d8a5 b2c2 a5b5 b3b2 b5b2 c2b2,2221,78,93,462,advancedPawn crushing endgame long queenRookEndgame,https://lichess.org/cHbbhmK3#65,
JjQCc,6Q1/p5pp/5pk1/2p1r3/6P1/3r1K2/P6P/1R6 w - - 4 46,f3f4 d3e3 g8a8 g6h6,2465,82,82,219,advantage defensiveMove endgame master queenRookEndgame quietMove short,https://lichess.org/mq0ca7r8#91,
JjVAu,8/2p2k2/3p1r2/pP1Pp2p/2P1Pr1P/5P2/4KQ2/8 w - - 0 50,c4c5 f4f3 f2e1 f3f2 e1f2 f6f2,2404,89,85,59,crushing endgame long queenRookEndgame,https://lichess.org/4vNRHM13#99,
JldZK,7k/4r1pp/2P5/8/8/P3p2P/1r4PK/4Q3 b - - 0 36,b2c2 e1b1 g7g6 b1c2,2346,77,92,1063,crushing endgame queenRookEndgame short,https://lichess.org/ZxuWIgNf/black#72,
JmK1Z,8/2Q5/6p1/8/3r2p1/4kp2/3p4/3K4 w - - 6 70,c7g3 d4f4 g3h4 f3f2 h4g3 e3e4 g3d3 e4e5,2451,77,80,76,advancedPawn crushing defensiveMove endgame queenRookEndgame quietMove veryLong zugzwang,https://lichess.org/CFLmhO0o#139,
Jq6E9,2R5/p4ppk/7p/q6P/8/1P6/P5P1/5R1K w - - 1 30,g2g4 a5d5 h1h2 d5e5 h2h3 e5e3 h3h4 e3e2,2331,106,87,37,crushing endgame exposedKing queenRookEndgame veryLong,https://lichess.org/cHK1orSo#59,
Jw4xq,8/1R3R2/3k4/4p3/2p1Pp2/3q1P2/6K1/8 b - - 0 57,d6c5 f7c7 c5d4 c7d7 d4e3 d7d3 c4d3 g2f1,2242,83,84,69,crushing defensiveMove endgame queenRookEndgame skewer veryLong,https://lichess.org/arMYcd6y/black#114,
JxEVy,8/4k1K1/5R1P/6P1/8/3q4/8/8 b - - 6 66,e7e8 f6f8 e8e7 f8f7,2393,100,90,522,crushing endgame master queenRookEndgame short,https://lichess.org/GcptOGEB/black#132,
JxWtu,3r4/3P1rkp/1p6/4Q3/8/5P2/6P1/6K1 b - - 2 41,g7g6 e5g3 g6f5 g3g4,2354,78,74,132,crushing endgame master queenRookEndgame short,https://lichess.org/PnmBbxCx/black#82,
JzpE1,5Q2/p5rk/8/5P2/P7/2P2P2/2P2P1K/6r1 w - - 1 41,f5f6 g7g2 h2h3 g2g8 f8f7 h7h6,2371,82,90,1419,crushing defensiveMove endgame long queenRookEndgame,https://lichess.org/zDgdgGwJ#81,
K0dY3,5k2/1r3r1p/4Q3/8/2p5/4P3/1p1P2PP/6K1 w - - 2 35,e6d6 f8g8 d6d8 f7f8 d8d5 b7f7,2353,85,75,200,crushing defensiveMove endgame long master queenRookEndgame,https://lichess.org/vKqghq51#69,
K5QcW,4k3/2R2p2/4pPp1/8/p1p3PK/P4P2/7R/3q4 w - - 0 49,h2b2 g6g5 h4g5 d1c1 g5h4 c1b2,2203,86,86,55,attraction crushing endgame fork long queenRookEndgame,https://lichess.org/uqqapYha#97,
K7HNZ,5r2/1k6/1p1P1P2/p1P5/8/4p3/PP3p2/2K2Q2 w - - 1 44,f1e2 f8f6 e2f1 e3e2 f1g2 b7a7 g2g7 a7a6,2320,81,93,1752,advancedPawn crushing defensiveMove endgame queenRookEndgame veryLong,https://lichess.org/HkElgcCE#87,
K8m5k,4R3/p5k1/8/3p1Pp1/8/6K1/PP4R1/7q w - - 0 46,e8e6 h1h4 g3f3 h4h3 f3f2 h3f5,2336,77,90,753,crushing endgame exposedKing long queenRookEndgame,https://lichess.org/N5J5eMfl#91,
KFzCT,4r1k1/7p/5Kp1/5p2/2Q5/6P1/PP2r3/8 b - - 0 35,e2e6 c4e6 e8e6 f6e6 h7h5 e6e5,2280,80,84,389,crushing endgame long queenRookEndgame,https://lichess.org/ZH597JpS/black#70,
KHiZ9,8/8/1PR3p1/5p1k/2R2P2/7K/8/6q1 w - - 1 59,c4c3 g6g5 f4g5 f5f4 c6h6 h5g5 h6g6 g5g6,2445,105,89,875,crushing endgame intermezzo master queenRookEndgame quietMove veryLong,https://lichess.org/PLPqw5cL#117,
KNno2,7k/4R2p/8/p1pq4/P6P/3p3K/1R6/8 b - - 1 46,d5d6 b2b7 d6d8 e7h7,2230,86,90,831,crushing endgame queenRookEndgame quietMove short,https://lichess.org/48IGaWqE/black#92,
KOI15,5r2/8/p2P2k1/5rpp/8/3Q2KP/8/8 b - - 0 55,h5h4 g3g4 g6g7 d6d7,2367,79,92,8894,advancedPawn crushing defensiveMove endgame queenRookEndgame short,https://lichess.org/aUntoCKb/black#110,
KRire,8/6k1/1r2r1p1/1P4P1/2Q5/5K2/8/8 b - - 0 68,e6d6 c4c7 g7f8 f3e4 d6e6 e4d5,2345,78,74,272,crushing endgame long queenRookEndgame,https://lichess.org/iIAvueVW/black#136,
KS1vf,6r1/4p3/Q1pk4/3p4/3P4/2P5/PP3Kr1/8 w - - 4 54,f2f3 e7e5 a6a3 d6e6 d4e5 e6f5 a3f8 g8f8,2286,190,75,13,crushing defensiveMove endgame master queenRookEndgame veryLong,https://lichess.org/RxollVp0#107,
KWiu5,8/pkp5/2p1q3/8/3P2p1/P2K4/1P6/2R3R1 w - - 0 34,g1g2 e6f5 d3d2 f5f4,2239,84,83,570,crushing endgame queenRookEndgame short,https://lichess.org/FOD6OuKB#67,
KWl0H,8/7Q/1p4p1/5r2/PP4k1/6pp/2K5/8 w - - 2 53,h7e7 h3h2 e7e4 g4h3,2272,94,90,1023,advancedPawn crushing defensiveMove endgame queenRookEndgame short,https://lichess.org/pIPPvQlf#105,
KY6WG,3R2R1/8/4p2k/4P2r/5P2/2q4P/6PK/8 b - - 5 38,h5f5 g8g3 c3c7 d8h8,2388,88,75,83,clearance crushing endgame queenRookEndgame short,https://lichess.org/wbmRvByd/black#76,
KYIyG,8/3r2p1/2p1Rk1p/p1P5/P3R3/3q1P1P/6PK/8 b - - 2 43,f6f5 g2g4 f5g5 h2g3 d3f3 g3f3,2398,78,93,1828,crushing endgame long queenRookEndgame,https://lichess.org/hhCzv47W/black#86,
KcE52,8/7k/5RR1/p2q3K/6P1/3p4/8/8 w - - 4 51,g4g5 d5h1 h5g4 h1e4,2247,81,77,44,crushing endgame queenRookEndgame short,https://lichess.org/XHqCFKhS#101,
Kii2c,7Q/4kp2/8/P4Kpp/4P3/5P1P/1r4r1/8 w - - 2 39,h8h5 b2b5 e4e5 b5b4 h5g5 g2g5,2415,99,90,689,crushing endgame long queenRookEndgame quietMove,https://lichess.org/wb7U8d3f#77,
Klbpn,7k/Q5p1/7p/1P6/P7/5P1P/r3r1PK/8 w - - 1 35,b5b6 e2g2 h2h1 g2e2 a7b8 h8h7 b8g3 a2a1,2258,78,93,2774,crushing endgame queenRookEndgame quietMove veryLong,https://lichess.org/HJPSx9iT#69,
KqCh9,8/4r1k1/3p1r2/2pQ3p/2P5/P4p1P/5P2/6K1 w - - 4 42,d5h5 e7e5 h5g4 f6g6,2478,79,94,144,crushing defensiveMove endgame pin queenRookEndgame short,https://lichess.org/xrDm4leU#83,
Krfvp,8/8/8/8/3p3P/3kpp2/6r1/2Q2K2 w - - 0 58,c1d1 d3e4 d1b1 e4f4 b1b8 f4g4 b8c8 g4g3 c8c7 g3h3 c7e5 e3e2 f1e1 g2g1,2219,85,91,1273,advancedPawn crushing defensiveMove endgame exposedKing queenRookEndgame veryLong,https://lichess.org/WeY9vcAi#115,
L1WHf,6k1/8/4RPp1/p2p3p/1q1P4/7P/6K1/5R2 b - - 1 39,b4d2 g2h1 d2d3 f6f7,2237,90,90,664,advancedPawn crushing defensiveMove endgame queenRookEndgame short,https://lichess.org/4Kxf70Wh/black#78,
L3nEy,6k1/8/2ppp3/p3p1Pp/2P1P3/3P2R1/5R1K/3q4 b - - 1 33,a5a4 g5g6 d1e1 g3g2,2464,77,44,116,crushing defensiveMove endgame queenRookEndgame short,https://lichess.org/fLsmc1do/black#66,
LAddS,8/3q4/8/6pp/5p1k/5P2/4R1KP/4R3 w - - 4 53,e1g1 d7h3 g2f2 g5g4 f3g4 h5g4,2231,79,87,77,crushing endgame long queenRookEndgame,https://lichess.org/FatG664b#105,
LDE1v,3r4/P1p4p/5p2/1P4k1/8/6P1/2QprP1P/3K4 w - - 2 43,c2c5 g5h6 c5f8 d8f8,2382,95,90,688,crushing defensiveMove endgame queenRookEndgame short,https://lichess.org/JtG5Bb6K#85,
LF8Vu,2r1k3/1r3p2/4p3/3pP1QP/2pP2p1/8/5PP1/6K1 b - - 0 38,c4c3 g5g8 e8d7 g8f7 d7d8 f7f8,2307,83,91,1112,advantage deflection endgame interference long queenRookEndgame,https://lichess.org/D7BlEAsG/black#76,
LNvwb,8/8/p7/3q2pk/4p3/6R1/P4KR1/8 w - - 8 66,g3g5 d5g5 g2g5 h5g5 a2a4 a6a5,2285,86,74,105,crushing defensiveMove endgame long queenRookEndgame,https://lichess.org/lCiaExqC#131,
LQc7k,8/P4pk1/4p1p1/K7/2R5/8/1r5p/8 w - - 0 55,a7a8q b2b1 a8e4 h2h1q e4h1 b1h1,2239,76,87,265,advancedPawn crushing endgame long promotion queenRookEndgame quietMove,https://lichess.org/LhQWZLDo#109,
LQpJ8,8/1r1rp1Q1/1p6/5p2/P1Ppk3/8/P4K2/8 b - - 5 45,e7e5 g7g3 d4d3 g3e3,2373,87,92,4344,endgame master mate mateIn2 queenRookEndgame short,https://lichess.org/2wKvOHyA/black#90,
LV3Jl,8/8/kp1qP2p/3p1Pp1/P2P2P1/7P/4RK2/8 b - - 1 39,d6e7 f2g2 h6h5 f5f6 e7f6 e6e7,2282,78,87,154,advancedPawn crushing endgame long queenRookEndgame,https://lichess.org/O83OusnL/black#78,
LZjv1,3Rr3/4P3/p7/1p4pk/q1p2p2/5P2/4RKP1/8 b - - 5 35,c4c3 d8e8 a4d4 f2f1 c3c2 e8c8,2383,85,76,138,crushing endgame hangingPiece long queenRookEndgame,https://lichess.org/RT9necnD/black#70,
LbROg,4r1k1/6pp/2p1r3/3p4/1Q6/P1P2pPP/1P3P2/6K1 w - - 1 35,b4g4 e6e1 g1h2 e1f1 g4d7 f1f2,2208,84,90,511,crushing endgame long queenRookEndgame,https://lichess.org/mOiddknO#69,
Lcqr9,8/p1k5/2PR4/2K3q1/1P1R4/7p/8/8 w - - 3 61,d4d5 g5e7 c5c4 e7d6 d5d6 c7d6,2384,90,90,2381,crushing endgame long queenRookEndgame,https://lichess.org/ckhUaHXF#121,
LeJNU,6k1/5p2/4pQp1/8/5KPP/7r/p7/8 w - - 0 51,f4g5 h3f3 f6f3 a2a1q,2211,80,87,563,advancedPawn crushing deflection endgame master promotion queenRookEndgame short,https://lichess.org/3K3L8jtf#101,
LfYt2,7k/5R2/2p3K1/p5Rp/P5q1/8/8/8 b - - 3 60,g4e4 g5f5 e4e6 f5f6 e6e8 g6h6 h8g8 f7g7,2471,111,90,1145,crushing defensiveMove endgame master queenRookEndgame veryLong,https://lichess.org/84re0rKF/black#120,
LgEWQ,3r3k/6R1/p3KPPp/8/7P/8/P1p5/8 b - - 2 43,c2c1q g7h7 h8g8 f6f7 g8f8 g6g7,2206,82,77,389,advancedPawn endgame exposedKing long mate mateIn3 queenRookEndgame,https://lichess.org/Lo8lzCbl/black#86,
Li1no,2r5/p3kppp/2P2p2/1r6/8/Q5P1/P4P1P/6K1 b - - 1 32,e7e6 a3a6 b5b1 g1g2,2221,93,86,45,crushing endgame fork master masterVsMaster queenRookEndgame short,https://lichess.org/lDpBq5aN/black#64,
LlR3l,8/pp4k1/3R3p/1P3pp1/P3p3/8/1q3PP1/3R2K1 b - - 4 39,b2e2 d1c1 g7f7 c1c7 f7e8 d6h6,2352,86,86,55,crushing endgame long master queenRookEndgame quietMove,https://lichess.org/fpKCC1cV/black#78,
LnEXu,8/7k/6pp/8/8/Q1pK3P/6r1/8 w - - 0 43,a3c3 g2g3 d3c2 g3c3 c2c3 h7g7,2205,88,84,38,crushing defensiveMove endgame exposedKing long queenRookEndgame skewer,https://lichess.org/T5tvDgOC#85,
Lo3Zw,5k2/p7/1p5p/7q/2P1R3/6P1/P4PK1/8 b - - 1 31,h5f5 e4f4 f5f4 g3f4 f8g7 g2f3,2296,96,76,65,crushing defensiveMove endgame long pin queenRookEndgame,https://lichess.org/QXSdAcft/black#62,
LrDuo,8/4k3/3r2p1/5p2/2Q5/6P1/3p2K1/8 w - - 0 64,c4c7 d6d7 c7e5 e7f7 e5h8 d2d1q,2227,79,100,430,advancedPawn crushing defensiveMove endgame long promotion queenRookEndgame,https://lichess.org/zI3ZD8Ig#127,
LrWp0,7R/5k1P/8/4pp1q/4P3/6P1/5PK1/8 b - - 0 47,f5e4 h8d8 f7g7 h7h8q h5h8 d8h8,2320,92,87,92,advancedPawn crushing endgame exposedKing long promotion queenRookEndgame quietMove,https://lichess.org/u943Gmx3/black#94,
Lruif,8/5r2/1ppk1r2/p2p1P1Q/PP1P1K2/2P5/8/8 w - - 0 53,h5g5 f6f5 g5f5 f7f5 f4f5 b6b5 a4b5 a5a4,2254,81,91,1734,crushing defensiveMove endgame fork queenRookEndgame veryLong,https://lichess.org/Fke52Mk7#105,
LuRdC,3r4/2kP1p2/7p/4q1p1/8/7P/3R1PP1/3R2K1 b - - 1 37,f7f5 d2c2 c7b6 d1b1 e5b5 b1b5 b6b5 c2e2,2449,101,86,62,crushing defensiveMove endgame exposedKing queenRookEndgame veryLong,https://lichess.org/3SKZDaVD/black#74,
LzOLY,8/Q4p2/4pkr1/1p6/8/5P1P/2Pr2PK/8 w - - 7 45,a7a1 e6e5 h2h1 g6g2,2265,81,96,931,crushing defensiveMove endgame queenRookEndgame short,https://lichess.org/64PV5m7a#89,
M1REw,8/2R3pp/5pk1/4p3/5q2/P4R2/1P3KPP/8 b - - 9 47,f4h2 f3g3 g6f5 g3h3 h2h3 g2h3,2202,84,92,8397,crushing endgame long queenRookEndgame,https://lichess.org/7IdQJIlN/black#94,
M7quF,6k1/5pP1/3Kp2P/4P3/3R1P2/8/1qr5/3R4 b - - 4 35,b2b6 d6e7 g8h7 d4d8 b6b4 d1d6 c2c7 e7f8,2476,83,92,953,clearance crushing endgame queenRookEndgame quietMove veryLong,https://lichess.org/mxfgwkgN/black#70,
MAczu,4r3/1p1k2PP/8/8/8/7K/p6P/8 w - - 0 46,h7h8q e8e3 h3g2 a2a1q h8h3 e3h3,2350,82,90,385,advancedPawn crushing endgame long promotion queenRookEndgame,https://lichess.org/GsNpJSch#91,
MEKOC,8/p6Q/PpP2r2/3P4/4P1p1/4K3/6k1/3r4 w - - 2 57,e3e2 f6f1 e2e3 f1f3,2474,83,87,65,crushing endgame queenRookEndgame quietMove short,https://lichess.org/cr9B6d0C#113,
MEuj3,4k3/7R/7p/1qp3p1/1p6/8/5PPP/3RK3 b - - 5 35,b4b3 d1a1 b5b4 e1f1 b4c4 f1g1 c4e4 a1a8 e4a8 h7h8 e8d7 h8a8 c5c4 a8b8,2201,86,90,141,crushing defensiveMove endgame exposedKing queenRookEndgame quietMove sacrifice skewer veryLong,https://lichess.org/FQGm8Hql/black#70,
MFq9Y,8/p3Pp2/1kp4p/5r2/8/5qP1/P6P/1R2R1K1 b - - 2 30,b6a6 b1b2 f3d5 e7e8q,2350,93,91,2734,advancedPawn advantage endgame promotion queenRookEndgame quietMove short,https://lichess.org/Ptr6z49K/black#60,
MUY7r,8/pp4kp/4P3/6p1/3P4/1P3q2/8/2R1R1K1 w - - 7 43,g1h2 f3f2 h2h1 g5g4 e1f1 f2h4 h1g2 h4h3,2419,92,86,709,advantage endgame exposedKing queenRookEndgame quietMove veryLong,https://lichess.org/ynQKGPSt#85,
MWs7P,8/5rk1/5p2/5Kpp/8/8/3Q4/8 w - - 2 57,d2d5 f7e7 d5d4 e7e5 d4e5 f6e5 f5g5 g7f7 g5h5 f7e6 h5g4 e6d5 g4f3 d5d4 f3e2 d4e4,2463,80,96,676,crushing defensiveMove endgame queenRookEndgame quietMove veryLong zugzwang,https://lichess.org/q2otzxeU#113,
MWxdB,8/6p1/2Q4k/6p1/P7/7P/1r3rP1/6K1 b - - 0 36,g7g6 c6a8 f2f1 g1f1,2417,87,91,1170,crushing endgame queenRookEndgame quietMove short,https://lichess.org/BLQV0qfi/black#72,
Mk22N,4rk2/1p3rp1/p1p5/2P5/1P5Q/P6P/6P1/7K b - - 0 45,e8e2 h4h8 f8e7 h8b8 e2e6 b8b7,2339,78,93,1759,advantage endgame long master queenRookEndgame,https://lichess.org/5p1XxUpW/black#90,
MnyXH,2k5/5p2/2Pq1p2/1R1P4/5p2/6pP/8/3R3K w - - 0 37,d1e1 d6a3 e1e8 c8c7 h1g2 a3a2,2361,83,100,76,crushing endgame long queenRookEndgame quietMove,https://lichess.org/fN3cGPil#73,
Mq1nj,3r2k1/6p1/p4p2/1p5K/P2pQ2P/8/5r2/8 b - - 0 40,g7g6 h5g6 g8f8 e4b7 f2g2 b7g2,2360,78,91,2554,crushing endgame long queenRookEndgame,https://lichess.org/HBtUAF3f/black#80,
Mwfwq,3q4/p2P2k1/3RP3/1p3K2/6P1/1P6/P7/8 b - - 0 46,g7f8 d6c6 f8g7 g4g5,2353,78,91,1370,crushing defensiveMove endgame master queenRookEndgame quietMove short,https://lichess.org/cjmirKki/black#92,
N0O3R,1q6/5p1k/3R2PP/8/6K1/3R4/p7/8 b - - 0 50,f7g6 d6d7 h7g8 h6h7 g8h8 d7d8 b8d8 d3d8,2496,90,85,302,advancedPawn crushing endgame fork queenRookEndgame veryLong,https://lichess.org/bknmKw5x/black#100,
N3ots,8/1p6/7k/p7/2P3R1/1P4PK/P6R/5q2 w - - 17 45,h3h4 f1f5 h4h3 h6h5 h2f2 f5g4,2329,93,87,856,crushing endgame long queenRookEndgame,https://lichess.org/a6I1QeUx#89,
N43Mk,8/5p1p/7k/3P2p1/P1P5/3qP1P1/5PP1/2R3K1 b - - 0 44,d3a3 c1d1 h6g7 d5d6 a3a4 d1d4 a4a1 g1h2 a1d4 e3d4,2377,84,86,179,crushing endgame queenRookEndgame quietMove veryLong,https://lichess.org/NVIpqdow/black#88,
N4hVk,6r1/R4pk1/P1p3q1/8/8/6P1/6PP/5RK1 b - - 0 32,g6h6 a7f7 g7h8 f1f4 g8a8 f4h4 h6h4 g3h4,2456,146,80,23,crushing endgame pin queenRookEndgame quietMove veryLong,https://lichess.org/qC1oQJtq/black#64,
N6HGa,8/2R4R/1p2p1p1/p2pP1k1/3q1P1p/7P/6PK/8 b - - 0 42,g5f5 h7h4 d4f2 h4g4 f2f4 g4f4,2478,78,92,1658,crushing endgame long queenRookEndgame,https://lichess.org/6uVWHcvm/black#84,
N9AFq,8/4R2p/3P4/8/5p1k/P6P/5PPK/3q4 b - - 3 46,d1d5 d6d7 h4h5 e7e5 d5e5 d7d8q,2255,89,88,653,advancedPawn crushing deflection endgame long promotion queenRookEndgame,https://lichess.org/U472Ody6/black#92,
N9acW,3r3Q/4kp1p/6pP/8/3r4/P5P1/1P6/7K w - - 2 54,h8h7 d4d2 h7g7 d2e2 g7e5 e2e5,2475,84,98,131,crushing endgame long queenRookEndgame,https://lichess.org/t0Chngeu#107,
NALhd,2R1r3/5ppk/2Q4p/1p6/1P6/P1p1r1KP/8/8 w - - 3 40,g3f4 g7g5 f4f5 e8e5 f5f6 e5e6 c6e6 e3e6 f6f7 e6e3,2200,90,88,48,advantage endgame fork queenRookEndgame veryLong,https://lichess.org/QIGysra6#79,
NCOM6,6k1/7p/p5p1/1P1pp3/1R6/2q2PKP/8/1R6 b - - 0 37,a6a5 b4b3 c3d2 b5b6 h7h5 h3h4,2230,99,18,35,advantage defensiveMove endgame long queenRookEndgame,https://lichess.org/erOrymsB/black#74,
NDXAi,8/R6p/8/6p1/8/4KP1q/R1k5/8 b - - 13 51,c2c3 a7c7 c3b3 a2a6 b3b4 a6b6,2335,84,76,191,crushing endgame long queenRookEndgame quietMove,https://lichess.org/JTZetCJy/black#102,
NJ7Y3,6k1/5pp1/p7/3P3p/R2R1PP1/P5KP/4q3/8 w - - 0 40,d5d6 h5h4 g3h4 e2e1,2348,96,90,562,advantage attraction endgame queenRookEndgame short,https://lichess.org/VdZ7NsdH#79,
NKXF0,Q7/6pk/6p1/5p2/P4PPK/1r1r3P/8/8 w - - 3 33,h4g5 d3h3 a8c6 h3h6,2299,84,82,147,crushing defensiveMove endgame queenRookEndgame short,https://lichess.org/AXt5SeT3#65,
NLqEM,8/3R4/p3pkpq/1p6/5R2/2r2PK1/6PP/8 b - - 3 38,f6g5 h2h4 g5h5 g3h3 g6g5 g2g4 h5g6 h4h5 h6h5 g4h5,2346,78,93,401,advantage endgame queenRookEndgame veryLong,https://lichess.org/ZJQnRsvm/black#76,
NVW7L,8/5kp1/R2R1p1p/8/PP6/6P1/2q3KP/8 w - - 3 48,g2h3 c2f2 d6d7 f7g6 a6a5 f2f1,2467,94,85,79,crushing defensiveMove endgame long queenRookEndgame,https://lichess.org/isqKZYyz#95,
NW8bD,2r3k1/5pp1/p3p3/6QP/r1p5/3P4/5PK1/8 b - - 0 36,c4c3 h5h6 g8f8 h6h7 a4g4 g5g4,2406,81,85,235,advancedPawn crushing endgame long queenRookEndgame,https://lichess.org/sfaHX0uP/black#72,
NY2uQ,K1k5/1RP4p/8/P7/1P6/8/q7/8 b - - 0 60,a2a4 a8a7 a4a1 a5a6 a1g1 a7a8,2216,87,86,41,crushing endgame long queenRookEndgame,https://lichess.org/ml6D0oCq/black#120,
NZEid,8/1R3Rpk/7p/p4P2/1p6/7P/Pq4P1/7K b - - 0 30,b2a2 f7g7 h7h8 g7e7,2338,78,93,944,crushing defensiveMove endgame queenRookEndgame short,https://lichess.org/XpTqTgGq/black#60,
Ndcgl,2r3k1/7p/6p1/pQ1PPp2/3P4/8/P1r2K1P/8 w - - 3 31,f2e3 g6g5 b5a5 c8c3 a5c3 c2c3,2330,85,88,147,crushing endgame long master queenRookEndgame quietMove,https://lichess.org/h3v4YSVA#61,
NeWZP,3R4/5pp1/1P2pk2/7p/P3qP1K/6P1/3R3P/8 w - - 1 46,d8d4 e4f5 h2h3 g7g5 f4g5 f5g5,2345,92,90,471,endgame long mate mateIn3 queenRookEndgame,https://lichess.org/Y0brvvz7#91,
NkE4G,2k5/1p6/2Bqp3/3p4/3P2p1/2P5/P5K1/R4R2 b - - 0 30,b7c6 f1f7 e6e5 a1h1,2459,85,90,874,clearance crushing defensiveMove endgame queenRookEndgame quietMove short,https://lichess.org/HorLXBv4/black#60,
NkN7O,8/8/5Q2/P2k4/1P6/3r4/3r4/1K6 w - - 13 79,f6e7 d5c4 e7e6 c4c3 e6e1 c3b3 b1c1 d2c2,2234,86,86,459,crushing defensiveMove endgame queenRookEndgame veryLong,https://lichess.org/ysJtFARx#157,
NlOCJ,Q7/1pk2p2/8/8/7p/1P4pP/4r2r/R2RK3 w - - 7 40,e1f1 g3g2 f1e2 g2g1q e2d3 h2h3 d3c4 g1g4,2333,86,91,1763,advancedPawn crushing deflection discoveredAttack discoveredCheck endgame exposedKing promotion queenRookEndgame veryLong,https://lichess.org/XpMqA4u7#79,
NqtK5,8/4r2p/8/5Qpk/2Pp1p2/1P3P1P/P5PK/3r4 w - - 4 42,g2g4 h5h4 f5c2 d1f1 h2g2 d4d3,2299,125,100,14,crushing defensiveMove endgame long queenRookEndgame,https://lichess.org/EKaFPQoP#83,
NxOQs,1r4k1/1pQ2p2/p3r3/P4KP1/1P6/8/8/8 b - - 6 38,e6e8 g5g6 f7g6 f5f6 e8e6 f6e6,2249,124,86,21,crushing defensiveMove endgame long queenRookEndgame,https://lichess.org/0rHUypLt/black#76,
Nzg7x,8/4KP2/2q5/1k6/8/8/4R3/8 b - - 6 54,c6c8 e2e5 b5a4 f7f8q,2323,82,91,2225,advancedPawn crushing endgame master promotion queenRookEndgame short,https://lichess.org/iL21V5vz/black#108,
O2TdD,5k2/8/p3Q1P1/8/PP4K1/4pr2/4r3/8 b - - 2 50,e2f2 e6c8 f8g7 c8b7 f3f7 g6f7,2393,80,90,1589,advancedPawn crushing endgame exposedKing long queenRookEndgame,https://lichess.org/FYzzKgCk/black#100,
O3C8l,8/5k1p/4p1rP/5rP1/4R3/4Q3/6K1/8 w - - 1 55,e4e6 f5g5 g2f3 g5f5 f3e4 g6e6,2351,98,90,3303,crushing endgame exposedKing interference long master queenRookEndgame,https://lichess.org/tfzqluxr#109,
O4M33,8/3k1KP1/2p5/2P2R2/8/2q5/8/8 b - - 4 67,c3c4 f7f8 c4h4 f5f7 d7e6 g7g8q,2299,78,92,3456,advancedPawn clearance crushing defensiveMove endgame long promotion queenRookEndgame,https://lichess.org/r3NSbAo8/black#134,
O5t4c,5rrk/4Q3/8/3pP2p/P7/1P5K/6P1/8 w - - 7 48,h3h4 f8f1 g2g4 g8g4,2259,80,91,614,crushing endgame master queenRookEndgame quietMove short,https://lichess.org/wOFb7pO4#95,
O72Ue,3Q4/6kp/3P1p2/4r1p1/7P/1P4PK/P2r4/8 w - - 1 37,d6d7 h7h5 h4g5 f6g5 d8g5 e5g5,2303,88,90,4516,crushing endgame long queenRookEndgame quietMove,https://lichess.org/F1RUzehz#73,
O7PZt,8/p5k1/4p2p/4P1pP/3Pp3/5p2/1p2r1P1/3Q2K1 w - - 0 51,g1f1 e4e3 d1d3 e2f2 f1g1 f3g2,2345,106,87,33,advancedPawn crushing endgame long queenRookEndgame,https://lichess.org/eDngcSmM#101,
O8vlD,5rk1/2p2pq1/7p/p3pP1Q/P3P2P/3P2R1/1pr3PK/8 w - - 0 32,g3g7 g8g7 f5f6 g7f6 h5f5 f6g7,2378,78,84,210,advantage endgame long queenRookEndgame,https://lichess.org/YtMp3zBV#63,
OBdmH,8/5k2/7p/P4pp1/5p2/1R5P/4q1P1/R6K b - - 6 39,e2c2 a5a6 c2b3 a6a7,2358,82,90,529,advancedPawn crushing endgame queenRookEndgame sacrifice short,https://lichess.org/PRNnKPYK/black#78,
OCCCw,8/4R1pk/5p1p/2q4P/4P1P1/5PK1/5R2/8 w - - 7 45,e7e8 c5c6 g3g2 c6e8,2353,84,77,82,advantage endgame queenRookEndgame short,https://lichess.org/lXPw1Vdy#89,
OCJzy,8/7P/2r5/6P1/7R/k7/1p6/2r3RK w - - 3 46,h7h8q c1g1 h1h2 c6c2 h2h3 g1h1 h3g3 h1h4,2377,84,93,1195,crushing endgame exposedKing queenRookEndgame veryLong,https://lichess.org/TfMnGzqu#91,
OCXYx,8/p3r3/6k1/3pp1P1/2p4P/P1P1r1K1/1P6/3Q4 w - - 5 49,g3g4 e7f7 d1c2 e3d3 c2h2 f7f4 h2f4 e5f4,2317,78,88,293,crushing defensiveMove endgame queenRookEndgame quietMove veryLong,https://lichess.org/40DE6Rf9#97,
ODHRL,6k1/p6p/2R3p1/8/4p3/1P6/P4KPq/3R4 w - - 0 34,d1d7 e4e3 f2f3 h2h5,2204,76,87,165,advantage endgame master queenRookEndgame short,https://lichess.org/UWUDGjdl#67,
OFFZH,8/3q4/3P3p/6P1/1p3kP1/5P2/P2R2K1/8 b - - 0 49,h6g5 d2e2 d7c6 e2e4 c6e4 f3e4 b4b3 a2b3,2298,83,87,321,crushing endgame queenRookEndgame quietMove veryLong,https://lichess.org/2yBaRmbL/black#98,
OFVIn,1k1r4/4r3/2p2np1/P3p1Pp/1PQ1Pp2/2P2P1P/5K2/8 w - - 0 44,g5f6 e7d7 c4b3 d7d1,2498,102,90,2003,crushing defensiveMove endgame queenRookEndgame quietMove short,https://lichess.org/wfbGgrp7#87,
OGjKZ,8/8/8/3Q4/8/1p6/1rp5/2k1K3 w - - 0 53,d5e4 b2a2 e4c4 b3b2 c4a2 b2b1q,2480,104,89,1019,advancedPawn crushing endgame long master promotion queenRookEndgame quietMove,https://lichess.org/kcSLaBG1#105,
OKUfm,6k1/5pp1/6r1/pp4r1/3P2P1/P1PQ2K1/1P6/8 w - - 1 36,d3e4 g5g4 e4g4 g6g4 g3g4 a5a4,2406,104,88,1126,crushing defensiveMove endgame fork long queenRookEndgame,https://lichess.org/qhxvBGk4#71,
OLuJO,5r2/p2R3p/6pk/2R5/3PP2P/1p3P2/6PK/q7 b - - 3 35,b3b2 c5c7 f8h8 g2g4,2328,79,92,2017,crushing defensiveMove endgame queenRookEndgame short,https://lichess.org/q1zLlK1B/black#70,
OM4dz,4r3/pp1k4/3p1p2/1Pr5/P7/5P2/3Q2PP/7K w - - 1 36,f3f4 c5c2 d2d1 c2e2,2419,83,90,1184,crushing endgame queenRookEndgame short,https://lichess.org/kCDznKOY#71,
ONhJA,8/8/Q2p4/P1r1k3/8/2p3P1/1P4K1/8 w - - 0 48,a6b6 c3c2 b2b4 c5c3 b6b5 e5d4,2372,99,90,1477,advancedPawn clearance crushing defensiveMove endgame long master masterVsMaster queenRookEndgame,https://lichess.org/acHHlf4N#95,
OONXY,7Q/1p6/1kp1p1P1/3pPr2/3P3P/K1P5/P5r1/8 w - - 5 42,g6g7 f5f2 c3c4 g2g3 a3b4 f2b2,2351,97,90,777,crushing endgame exposedKing long queenRookEndgame,https://lichess.org/k0KPysjM#83,
OQeK6,4K2k/p1R1R3/5p1p/3q4/8/7P/8/8 b - - 11 39,d5b5 e8d8 b5d5 c7d7,2337,92,74,53,crushing defensiveMove endgame queenRookEndgame short,https://lichess.org/IQiLm3ky/black#78,
OXLaW,8/5p1p/3R2pk/4Q3/7K/5r2/8/5r2 w - - 4 51,d6d8 f7f5 e5f4 f3f4,2360,80,92,550,crushing endgame queenRookEndgame quietMove short,https://lichess.org/1mTQXC72#101,
OXNwy,2r3k1/6pp/1P3p1q/4pP2/4P3/1P4RP/3p1PK1/R7 b - - 1 35,c8c1 a1a8 g8f7 a8a7 f7e8 b6b7,2397,85,67,91,advancedPawn advantage endgame long queenRookEndgame,https://lichess.org/ybbSPY2l/black#70,
OaZc7,8/p1P5/4p1k1/2R5/1P6/6p1/PK6/5q2 b - - 0 41,f1e2 c5c2 e2e5 b2a3 a7a5 c7c8q,2293,78,94,1814,advancedPawn advantage defensiveMove endgame long master promotion queenRookEndgame,https://lichess.org/Po4yrr0r/black#82,
Od2Pl,8/p6p/5Qp1/1P6/8/7P/3Kpr2/6k1 w - - 2 47,f6d4 g1f1 d4d3 g6g5,2295,81,88,163,advantage defensiveMove endgame master queenRookEndgame short,https://lichess.org/X6xe6PgA#93,
OfUi0,6r1/2k4p/8/1p3Q2/2p5/P4P1K/5P1P/3r4 b - - 4 35,d1d6 f5h7 c7d8 h7g8,2369,90,90,433,crushing endgame fork queenRookEndgame short,https://lichess.org/wRTTa1O9/black#70,
Oh6sX,2k5/1p4p1/4p3/2P2p2/6Pp/4Q3/PP3PPK/r2r4 w - - 0 26,g2g3 d1h1 h2g2 h4h3 g2f3 h1e1,2378,84,85,173,crushing endgame long queenRookEndgame,https://lichess.org/OVth5jqX#51,
OpJEl,8/6pk/6p1/2KQ4/r1NP3p/8/5PP1/2r5 b - - 0 41,a4c4 d5c4 c1c4 c5c4 g6g5 f2f3,2436,81,83,567,crushing defensiveMove endgame long queenRookEndgame,https://lichess.org/AfHEW1Qh/black#82,
OpPQq,2r5/p6p/4Q1pk/3pP3/3P2P1/2r5/P6P/6K1 w - - 1 27,e6d5 c8b8 d5e4 c3c1 g1f2 b8b2,2456,97,83,171,crushing endgame long queenRookEndgame quietMove,https://lichess.org/NZg3ahj9#53,
OqR37,8/P5R1/8/K7/7p/8/7k/1r6 w - - 3 53,a7a8q b1a1 a5b4 a1a8 b4c3 a8d8,2385,96,82,117,crushing defensiveMove endgame long queenRookEndgame skewer,https://lichess.org/akzDSGa9#105,
Oqehv,8/5K2/1r6/k7/5QPp/8/1p6/8 w - - 3 60,f4e5 a5a6 f7f8 b2b1q,2312,75,91,1197,advancedPawn crushing defensiveMove endgame master promotion queenRookEndgame short,https://lichess.org/RyewyYSa#119,
Oql7E,8/8/8/4R1k1/7p/p4R2/6PK/2q5 b - - 3 69,g5g4 f3e3 a3a2 e3e4 c1f4 e4f4,2329,96,90,4011,crushing endgame long master queenRookEndgame,https://lichess.org/kV7WNmFR/black#138,
OtKi9,5k2/p4r2/1p1p1r2/3Pp1Q1/8/2P3P1/P4PK1/8 w - - 11 41,g5d2 f6f2 d2f2 f7f2 g2f2 b6b5,2318,84,87,72,crushing defensiveMove endgame fork long queenRookEndgame,https://lichess.org/l2tu0lus#81,
OtlJI,8/r7/2p1rk1Q/1p3p2/7K/p1P3P1/5P2/8 b - - 2 56,f6e5 h6h8 e5e4 h8d4 e4f3 d4a7 e6e4 h4h3,2360,90,79,59,crushing defensiveMove endgame fork queenRookEndgame veryLong,https://lichess.org/HWTC7rbl/black#112,
OwHy0,4k3/1r6/8/4Pp2/3P2p1/2Q3Pp/1r5P/7K w - - 0 40,c3c8 e8e7 c8c5 e7f7,2216,77,98,101,crushing defensiveMove endgame master queenRookEndgame short,https://lichess.org/YmPiaD5U#79,
P5u7L,r1R3k1/p2P2pp/1q2pp2/3p4/8/8/P4RP1/6K1 b - - 1 30,b6d8 c8a8 d8a8 f2c2 g8f7 c2c8,2302,79,92,3865,crushing endgame long pin queenRookEndgame quietMove,https://lichess.org/bWxDR26w/black#60,
P86OO,6k1/1P1R4/2P5/p7/P2P1Pp1/4K2p/2q4P/8 b - - 2 43,c2c1 e3d3 c1b1 d3c4,2454,87,81,125,crushing defensiveMove endgame queenRookEndgame short,https://lichess.org/fGyhw4dl/black#86,
P9POZ,3q4/1P4k1/K2p1R2/4p1P1/4Pp2/3P1P2/5P2/8 b - - 4 47,d8b8 a6b6 b8d8 b6c6,2207,87,71,43,crushing defensiveMove endgame queenRookEndgame short,https://lichess.org/TkcAGPBN/black#94,
PAUgR,8/3R4/1kp3p1/8/2P1q3/1P3p1P/2KR4/8 w - - 4 49,c2c3 e4e5 c3c2 e5f5 d7d3 f3f2,2487,92,79,154,advancedPawn crushing endgame long queenRookEndgame,https://lichess.org/Q41MOnqj#97,
PBokQ,r7/3krQ2/1p2p3/1P1p4/p7/1P6/2P3PP/6K1 w - - 0 33,f7f2 a4b3 f2b6 a8a1 g1f2 b3b2,2488,109,83,49,advancedPawn advantage clearance endgame long queenRookEndgame,https://lichess.org/az9elQNj#65,
PCHfr,8/8/8/8/5QP1/1k4K1/2rr2P1/8 w - - 3 61,f4f3 c2c3 g3f4 c3f3 g2f3 b3c4,2298,91,90,884,crushing defensiveMove endgame long pin queenRookEndgame,https://lichess.org/FXntKtlJ#121,
PEFsn,8/8/6Q1/7P/8/p4P2/r1r3P1/2k3K1 w - - 1 43,g6g5 c1b1 g5g6 a2b2 g1h2 a3a2 h5h6 a2a1q,2350,103,76,42,advancedPawn crushing defensiveMove endgame promotion queenRookEndgame quietMove veryLong,https://lichess.org/0zzrLZMX#85,
PFsf0,4r2k/Q5p1/1p5p/8/4rP2/7P/PP1p2P1/5R1K w - - 0 34,f1d1 e4e1 h1h2 e1d1 a7d7 d1h1 h2g3 e8e3,2276,86,45,113,advantage endgame queenRookEndgame veryLong,https://lichess.org/iHUpplbW#67,
PHAMV,8/2KP2pk/p3R3/1p4qp/8/P6P/1P6/8 b - - 3 58,g5c1 e6c6 c1f4 c6d6,2342,91,90,376,advantage defensiveMove endgame queenRookEndgame short,https://lichess.org/vwPTaEPK/black#116,
PITcr,r2Q3k/1p3Pr1/p3p1pp/7q/8/7P/6P1/3R3K b - - 2 37,a8d8 d1d8 h8h7 f7f8q g6g5 f8h8 h7g6 h8e8 g7f7 e8e6,2346,83,87,202,advancedPawn advantage endgame exposedKing promotion queenRookEndgame veryLong,https://lichess.org/rZdfruSb/black#74,
PJfTm,r4R2/pp4P1/3p4/2pPk3/2P1P1R1/5PK1/P7/5q2 b - - 2 42,f1g1 g3h4 g1h1 h4g5 h1h7 f3f4,2256,86,86,41,crushing endgame long queenRookEndgame,https://lichess.org/LxlTw8ij/black#84,
PNgml,8/8/P5p1/1R6/1P3q2/5Pkp/8/5RK1 w - - 0 47,a6a7 f4d2 b5g5 d2g5,2270,99,90,1503,crushing endgame queenRookEndgame short,https://lichess.org/2dw3BM6C#93,
PQR08,1k1r4/1pp2R2/3p3p/R5p1/P2P2Q1/2P5/3p1KPP/4r3 w - - 2 29,f7e7 e1e7 g4d1 d8f8 f2g3 e7e3,2474,83,63,101,advantage endgame hangingPiece long queenRookEndgame,https://lichess.org/Vuas4VK8#57,
PQZXW,7k/P5p1/7p/2P1q3/8/5P2/1r2PK2/R3R3 b - - 3 40,b2e2 f2f1 e2e1 a1e1 e5d5 e1e8,2438,111,90,2613,crushing defensiveMove endgame long queenRookEndgame,https://lichess.org/GHCgH5PR/black#80,
PVc8K,8/p7/3RP2p/1pp2kp1/4qp2/P6P/1P1R2P1/6K1 b - - 0 38,e4e3 g1f1 f4f3 g2f3 h6h5 d2e2,2307,78,82,89,crushing defensiveMove endgame long queenRookEndgame,https://lichess.org/uSv4jC7v/black#76,
PX8b6,8/8/1P6/4Q2p/7P/8/5r2/3r1k1K b - - 0 64,d1e1 e5b5 f2e2 b5f5,2378,83,56,48,crushing endgame master masterVsMaster queenRookEndgame short,https://lichess.org/ujdH3ZVe/black#128,
PaXdc,8/ppk1q1p1/7p/2pR4/4p1pR/2P1P1P1/PP3P2/2K5 w - - 0 27,h4g4 g7g5 g4g5 h6g5,2308,85,91,238,advantage endgame queenRookEndgame quietMove short,https://lichess.org/p6aMfDEk#53,
PdSI8,7k/pR2R2p/8/2p1KpP1/7P/2Pr1q2/PP3P2/8 b - - 8 41,d3d5 e5e6 f3e4 e6f7 d5d8 e7e4,2256,77,85,103,advantage discoveredAttack endgame long master queenRookEndgame,https://lichess.org/Z1fTlHTt/black#82,
Phx5H,6k1/4r3/2P5/5QPK/2P4P/4r3/P7/8 w - - 9 57,g5g6 e3e5 h5g4 e5f5 g4f5 e7c7 f5e6 c7c6 e6d5 c6g6,2299,84,87,136,crushing endgame pin queenRookEndgame skewer veryLong,https://lichess.org/u2wSbRRf#113,
PlMqX,8/7p/p7/4R3/1p3k2/7P/6P1/2q1R1K1 b - - 11 46,c1c4 g2g3 f4g3 e5e4 c4e4 e1e4,2442,108,90,582,crushing endgame long master queenRookEndgame,https://lichess.org/YSRIyn6E/black#92,
PmNeF,8/2R2R2/4p1pk/3p3p/2pq4/6PP/5P2/6K1 b - - 1 44,c4c3 f7h7 h6g5 c7f7 c3c2 h3h4,2465,92,84,70,clearance crushing endgame long queenRookEndgame quietMove,https://lichess.org/ue5048kH/black#88,
Q0Zmp,8/4r1k1/2p3p1/2P1P2p/3Q3P/2K2r2/2P5/8 w - - 1 49,c3b4 e7b7 b4c4 b7a7 e5e6 g7h7 d4d7 a7d7,2463,100,89,733,crushing endgame queenRookEndgame quietMove veryLong,https://lichess.org/3i5fowEP#97,
Q7Un9,8/5p2/p5p1/1p1k1p2/1P5Q/2rppP1P/P5P1/3K4 w - - 0 39,h4f4 d3d2 f4e3 c3e3,2259,81,86,329,advancedPawn crushing endgame queenRookEndgame short,https://lichess.org/3gnKdXG3#77,
Q7WW1,5r1k/6pp/P7/8/5P2/6P1/3p2QP/R1r4K w - - 1 39,g2g1 f8c8 h1g2 c1g1 a1g1 c8c1,2481,90,94,1557,clearance crushing endgame long pin queenRookEndgame quietMove,https://lichess.org/jIbZvR9T#77,
Q841Y,8/R5k1/5pq1/7p/6pP/8/6P1/R6K b - - 1 48,g7h6 a1f1 f6f5 f1a1,2352,78,94,534,crushing defensiveMove endgame queenRookEndgame short,https://lichess.org/jXr7mzmo/black#96,
Q8W6p,6R1/2R5/5p1k/8/4q3/7P/K5P1/8 w - - 51 88,a2a3 e4e3 a3b4 e3b6,2384,79,93,1037,crushing endgame queenRookEndgame short,https://lichess.org/RKAqKY5J#175,
Q8XYs,6k1/8/1p6/p1p5/2Pq1R1K/8/2P5/5R2 b - - 2 39,d4d8 h4h3 g8h7 f1g1 d8d7 f4g4 d7f5 h3g3 f5e5 g3f2,2403,92,76,63,crushing defensiveMove endgame queenRookEndgame quietMove veryLong,https://lichess.org/AWch1JdA/black#78,
Q8gME,8/6p1/Q6p/P3p1k1/1PP5/7P/6PK/3r1r2 w - - 3 46,a6c6 g5f4 g2g3 f4e3,2335,80,86,233,crushing defensiveMove endgame queenRookEndgame short,https://lichess.org/oW0kk0Ak#91,
Q8wR0,8/8/3Q4/1k2r3/6P1/3Kr3/6P1/8 w - - 6 57,d3d4 e5e4 d4d5 e3d3 d5e4 d3d6 g4g5 b5c6,2224,79,93,3057,crushing defensiveMove endgame queenRookEndgame skewer veryLong,https://lichess.org/cIpRf5ol#113,
QB04A,8/1R6/1pR5/3p4/8/4KPN1/1k5q/8 b - - 14 61,h2g3 c6b6 b2c2 b6c6 c2d1 b7b1,2329,81,97,482,endgame long mate mateIn3 queenRookEndgame,https://lichess.org/kBRNSFXp/black#122,
QBDEE,8/ppp2pkp/6p1/8/P7/1P1Q1P1P/1r2r3/R6K w - - 3 24,a1b1 e2h2 h1g1 b2g2 g1f1 g2d2 d3c3 g7g8 c3d2 h2d2,2386,87,87,69,advantage endgame exposedKing queenRookEndgame veryLong,https://lichess.org/Iu8l7ORB#47,
QCZFo,6R1/5p1k/5p2/1pPp3p/q2Pp2P/8/5P1P/6RK b - - 1 34,a4b3 g1g7 h7h6 g7g3 b3d1 h1g2,2384,93,88,1262,crushing endgame long master queenRookEndgame,https://lichess.org/ly95HP6B/black#68,
QD58e,4r1r1/k4p2/3p1K2/Q2Pp3/8/5P2/8/8 b - - 26 60,a7b8 a5b6 b8a8 b6a6,2212,81,65,160,advantage endgame master masterVsMaster queenRookEndgame short,https://lichess.org/4bkwRaXW/black#120,
QEMLs,4r2k/2p4p/Q2p4/8/5p2/2PP1P1P/PP2rP1K/8 w - - 1 31,a6c6 e2f2 h2g1 f2e2 c6e8 e2e8,2231,84,81,75,crushing endgame long queenRookEndgame,https://lichess.org/fUicOrjC#61,
QIdLf,5k2/5p1p/p7/5Q2/8/P5P1/2r1rPKP/8 w - - 9 32,f5h7 e2f2 g2g1 f2g2 g1h1 g2e2,2317,83,88,107,crushing endgame long queenRookEndgame,https://lichess.org/7o6h3Jid#63,
QL1XV,8/p1p1Kp1p/2p4k/1p2R1R1/8/5q2/P7/8 b - - 3 39,f3a3 e7f7 a3a2 f7f6 a2f2 g5f5 f2h4 f6f7 h4c4 e5e6 c4e6 f7e6,2459,84,90,1318,crushing endgame exposedKing queenRookEndgame veryLong,https://lichess.org/OBMw8jsY/black#78,
QMKHp,8/R4Rpk/p6p/8/P1p5/2qp3P/6PK/8 b - - 1 34,c3a5 f7g7 h7h8 g7e7 a5d8 e7h7,2271,78,94,1598,crushing endgame long queenRookEndgame quietMove,https://lichess.org/rBPKvNkt/black#68,
QQZky,8/R3Pp2/6p1/5k2/5P2/5P2/6K1/4q3 b - - 13 51,f5f4 a7a4 f4g5 a4e4 e1d2 g2f1 f7f5 e4e2 d2d1 f1f2,2282,120,86,30,advantage defensiveMove endgame queenRookEndgame veryLong,https://lichess.org/BFBIXYXU/black#102,
QQgeh,6k1/6p1/3RP2p/8/p4P2/8/3R3K/1q6 b - - 0 44,g8f8 d2e2 f8e7 d6d7 e7e8 e6e7,2495,89,89,568,advancedPawn crushing endgame long queenRookEndgame quietMove,https://lichess.org/pmEt2avA/black#88,
QSLAM,5r1k/p4p2/7r/3pPQ2/2p5/2P1P3/PP6/2K5 w - - 0 33,f5d7 f8g8 d7d5 g8g1 c1c2 h6h2,2278,82,88,381,crushing endgame long queenRookEndgame quietMove,https://lichess.org/P5sboHsw#65,
QTtZs,8/2p5/1p3Q2/p7/3rk3/3p2KP/4r1P1/8 b - - 23 67,e4e3 f6h6 d4f4 h6f4,2358,95,86,134,endgame mate mateIn2 queenRookEndgame short,https://lichess.org/nkOCmAtD/black#134,
QduKq,8/8/8/5k2/2q5/1p4R1/1P6/K6R w - - 3 68,g3c3 c4a4 a1b1 a4e4 b1c1 e4h1,2370,82,76,179,crushing endgame fork long queenRookEndgame,https://lichess.org/BjZvZ661#135,
Qe4H8,R7/6k1/P1p2p1p/4q1p1/8/6R1/6PK/8 b - - 0 43,g7g6 a6a7 e5f4 a8g8 g6f5 a7a8q,2347,82,84,376,advancedPawn clearance crushing endgame long promotion queenRookEndgame,https://lichess.org/ZoFtN6Vn/black#86,
Qh44K,8/3P3p/2R5/6pk/5p2/2pq3P/p5P1/2R4K w - - 0 42,c6c3 d3c3 c1c3 a2a1q h1h2 a1d1 d7d8q d1d8,2253,89,68,161,advancedPawn crushing endgame fork master promotion queenRookEndgame veryLong,https://lichess.org/dU5XCyhV#83,
QiU2E,6k1/6p1/1p5p/p1pp4/7P/4R1P1/Pq2PR1K/8 b - - 0 35,b2d4 e3e8 g8h7 f2f4 d4c3 h4h5,2385,124,78,19,crushing defensiveMove endgame long queenRookEndgame,https://lichess.org/A5TPyJCG/black#70,
Qix6i,8/p6R/q1p3k1/5p2/7R/7P/5PPK/2r5 b - - 4 38,a6e2 f2f4 c1h1 h2h1 e2e1 h1h2 e1h4 h7h4,2462,76,92,606,crushing endgame queenRookEndgame quietMove veryLong,https://lichess.org/RKTzKrVi/black#76,
QnSip,5k2/8/2K4p/4Q1p1/6P1/8/r7/8 w - - 19 69,e5e6 a2a6 c6d7 a6e6 d7e6 h6h5,2213,78,95,2538,crushing endgame long queenRookEndgame skewer,https://lichess.org/6GQ20HFA#137,
QuRZi,8/P5R1/8/5p2/8/4p3/3p1kp1/3K4 w - - 2 62,a7a8q e3e2 d1d2 e2e1q d2c2 e1e2,2400,83,86,121,advancedPawn crushing endgame exposedKing long promotion queenRookEndgame,https://lichess.org/EAbjEDjX#123,
QvRn6,6k1/3RR1p1/3p3p/5p2/8/2q4P/6P1/7K b - - 1 38,c3c5 e7g7 g8f8 d7f7 f8e8 f7c7,2270,77,86,126,crushing endgame long queenRookEndgame,https://lichess.org/KJzBEwWV/black#76,
QvoJC,8/3q2p1/2R1p3/p2p1k1p/Pp5P/4R1P1/1P3PK1/8 w - - 2 37,e3e6 d7e6 c6e6 f5e6 g2f1 e6e5 f1e2 e5d4,2323,78,92,3970,crushing defensiveMove endgame queenRookEndgame veryLong,https://lichess.org/hXrrXx7u#73,
QxXMZ,7r/1r5P/k7/8/8/4Q3/3p4/6K1 w - - 28 86,e3d2 b7g7 g1f1 h8f8 f1e1 g7g1 e1e2 g1g2,2240,79,92,2876,crushing endgame exposedKing queenRookEndgame veryLong,https://lichess.org/L1P9VTg7#171,
QxoQr,2R5/5ppk/7p/p2P4/1pP5/3R3P/PPK4q/8 w - - 1 39,c2b3 h2e2 b3a4 e2d3,2212,80,83,89,crushing endgame queenRookEndgame short,https://lichess.org/r5bjkjrq#77,
R0p8D,2Q3rk/5q1p/4pP1P/5p2/8/P2p4/P7/K1R5 b - - 0 38,g8c8 c1c8 f7g8 c8g8 h8g8 a1b2 g8f7 a3a4 f7f6 a4a5,2251,78,96,681,crushing defensiveMove endgame queenRookEndgame quietMove veryLong,https://lichess.org/PzzclwPh/black#76,
RC3lv,6k1/p1P2p1p/6p1/1p6/4P3/P2K1P2/2R3q1/8 b - - 0 38,g2f1 d3d2 f1f2 d2c1,2478,97,84,285,advantage defensiveMove endgame master queenRookEndgame short,https://lichess.org/6bW0pReh/black#76,
RED2j,6k1/1pp3q1/3pp1P1/p3p2P/4P1P1/2PP4/PP2K3/5R2 b - - 0 32,b7b5 g4g5 g7e7 f1f6 d6d5 h5h6,2208,89,90,218,crushing endgame long queenRookEndgame quietMove,https://lichess.org/yKB5kxhe/black#64,
RH7Ud,8/8/8/3P2QP/2r5/8/pk3PPK/1r6 w - - 7 53,g5e5 b2b3 e5e3 c4c3 e3b6 b3c2,2278,106,90,1383,crushing defensiveMove endgame long queenRookEndgame,https://lichess.org/XrhX8DSF#105,
RKDc9,4r1k1/1P3pp1/7p/8/1Q6/8/P3rKPP/8 w - - 2 40,f2f3 e8e3 f3f4 g7g5 f4f5 e3e5,2238,76,91,3733,crushing endgame exposedKing long queenRookEndgame,https://lichess.org/Dc3x7WpM#79,
RNGdy,rr6/8/8/8/k1Q3P1/p6P/6K1/8 b - - 7 59,b8b4 c4c6 a4b3 c6a8 a3a2 g4g5 b3b2 a8h8 b2b1 h8h7,2475,96,84,31,advantage endgame fork queenRookEndgame quietMove veryLong,https://lichess.org/CWlSwbZa/black#118,
RNcbZ,2r3k1/5p2/4p1p1/p3P2r/8/1Rp5/P1Q1K3/8 w - - 6 38,e2f3 h5h2 c2h2 c3c2 h2f4 c2c1q f4c1 c8c1,2322,78,87,131,advancedPawn advantage endgame promotion queenRookEndgame sacrifice veryLong,https://lichess.org/Mn9nhIWZ#75,
ROCpr,7k/1p3p2/p1p1q3/2p1p2p/2P1Pp2/PP3P1P/2P4K/3R1R2 b - - 1 26,f7f5 d1d8 h8g7 f1d1,2307,77,97,102,clearance crushing defensiveMove endgame queenRookEndgame short,https://lichess.org/HBHUjAbE/black#52,
RXgkG,8/5qP1/4kP1K/8/8/8/5R2/8 b - - 4 50,e6d6 f2g2 f7b3 g7g8q b3h3 h6g7,2429,116,90,1959,advancedPawn advantage defensiveMove endgame long promotion queenRookEndgame quietMove,https://lichess.org/cCtGacHN/black#100,
RYAUP,8/6k1/5p2/1p4p1/1Q3P2/7P/3rr1PK/8 w - - 1 33,b4b5 e2g2 h2h1 g2e2,2203,88,91,1462,crushing defensiveMove endgame queenRookEndgame short,https://lichess.org/zUcTq4Tw#65,
RZlKU,3k4/ppp2p2/2p5/7p/3P4/2P1RK1P/Pq3P2/4R3 b - - 3 28,b2a2 e3e8 d8d7 e1e7 d7d6 e7e2,2336,94,90,1361,crushing endgame long queenRookEndgame,https://lichess.org/p287Bcrb/black#56,
RariN,r6k/6p1/5rP1/pQ6/8/6K1/8/8 b - - 2 44,a5a4 b5h5 h8g8 h5d5 g8f8 d5a8,2468,91,90,95,crushing endgame fork long queenRookEndgame,https://lichess.org/2q4tAViu/black#88,
RdhP7,8/8/8/8/4K1p1/7k/5r1p/7Q w - - 0 71,e4e3 g4g3 h1c6 f2f1 c6c8 h3g2,2377,81,74,92,crushing defensiveMove endgame long queenRookEndgame quietMove,https://lichess.org/OT9X6d7y#141,
RePxK,1r6/8/4p3/3pP3/3P4/8/1p3Qp1/1K5k w - - 2 60,f2f3 b8b3 f3h5 h1g1 h5d1 g1h2 d1b3 g2g1q,2446,80,91,1272,advancedPawn clearance crushing endgame promotion queenRookEndgame veryLong,https://lichess.org/fg66MPCU#119,
RgIPa,5Qrk/7p/p5p1/1p3pP1/4p3/P2p4/KP3P1R/4r3 w - - 8 41,f8h6 g8g7 h6h3 d3d2 h3c3 e1a1 a2a1 d2d1q,2285,79,90,1070,advancedPawn advantage attraction endgame promotion queenRookEndgame quietMove veryLong,https://lichess.org/wze0wBO5#81,
Rhe9t,7k/3K4/p1Q1Pr1r/Pp4p1/1P1P4/2P5/8/8 w - - 0 42,c6a6 h6h7 d7e8 f6g6 a6d6 g6g8,2294,88,87,648,crushing endgame long queenRookEndgame,https://lichess.org/rQlvfc0k#83,
Rn97V,8/8/8/6R1/5q1p/4R3/5P1k/4K3 w - - 8 51,g5g6 f4b4 e1e2 b4b5 e2d2 b5b2 d2d3 b2b1,2251,79,81,111,crushing endgame queenRookEndgame veryLong,https://lichess.org/whuDbCRr#101,
RpuKp,R7/6p1/6qk/8/8/6P1/6KP/8 b - - 1 60,g6h5 a8h8 h6g5 h8h5 g5h5 g2h3 g7g5 g3g4,2475,112,90,743,crushing endgame exposedKing queenRookEndgame skewer veryLong,https://lichess.org/diHhcGtU/black#120,
Rq6KP,4r3/pp3p1k/6pp/7P/6Q1/P3p3/6b1/6K1 w - - 0 42,g4g2 e3e2 h5g6 h7h8 g1h2 e2e1q,2271,85,91,1221,advancedPawn crushing defensiveMove endgame long promotion queenRookEndgame,https://lichess.org/IsSiEQXB#83,
RtRLk,5Q2/2p5/3p4/8/k7/8/p4K2/6r1 w - - 0 56,f8f4 a4b5 f4f5 b5b6 f2g1 a2a1q,2297,103,70,40,advancedPawn advantage defensiveMove endgame long promotion queenRookEndgame,https://lichess.org/QEW8MuL9#111,
RufU5,4rr2/pp4pk/3Q4/7p/2PP4/6K1/1P4PP/8 w - - 5 28,d6d7 e8e3 g3h4 h7h6 d7d6 f8f6 d6g3 e3g3,2219,91,90,1667,crushing endgame queenRookEndgame veryLong,https://lichess.org/MYmtdk18#55,
RvEan,8/8/2p4k/2PP2p1/1PK1Qr2/r4P2/8/8 w - - 1 57,d5c6 a3f3 e4f4 f3f4,2392,82,85,613,crushing endgame pin queenRookEndgame short,https://lichess.org/nP9h3nD8#113,
RxpgN,8/5p1k/3Q2pp/3p4/3P4/6P1/1p3PPK/2r5 w - - 0 42,d6d5 h7g8 d5d6 b2b1q,2394,82,94,398,advancedPawn crushing endgame promotion queenRookEndgame short,https://lichess.org/fOXiNaBU#83,
S0EWW,8/7P/6P1/3k2q1/8/8/7R/7K b - - 10 59,g5g6 h2d2 d5c4 h7h8q g6e4 d2g2,2238,96,90,1878,advancedPawn crushing defensiveMove endgame long promotion queenRookEndgame,https://lichess.org/dxLSr9JG/black#118,
S4ZFm,7k/p7/3p3P/8/4Q3/2p5/P1Pr2rK/8 w - - 0 43,e4g2 d6d5 h2g3 d2g2 g3g2 d5d4,2222,79,85,73,crushing defensiveMove endgame exposedKing long pin queenRookEndgame quietMove,https://lichess.org/YxfeLZ56#85,
SBm9D,4R3/pp6/5p2/3p1q1k/3P3p/1KP5/PP6/4R3 b - - 5 46,f5f2 e1g1 f2g1 e8h8 h5g4 h8g8 g4f5 g8g1,2447,90,100,54,crushing endgame queenRookEndgame quietMove sacrifice skewer veryLong,https://lichess.org/DqCUdlNt/black#92,
SDXGf,2r3k1/p4p1p/6p1/3P4/3Q4/8/P5PP/2q1R2K w - - 4 32,e1c1 c8c1 d4g1 c1g1 h1g1 g8g7 g1f2 g7f6,2481,79,90,1550,crushing defensiveMove endgame queenRookEndgame veryLong,https://lichess.org/mI53gVFm#63,
SIfFE,4r3/6k1/8/6p1/2Q5/6KP/4p3/8 w - - 2 46,c4d4 g7g6 d4d3 g6h6 g3g4 e2e1q,2457,78,93,1533,advancedPawn crushing defensiveMove endgame long promotion queenRookEndgame,https://lichess.org/RYMHqBcW#91,
SM6it,5rk1/2R1R2p/p4qp1/3P4/8/1P3P2/P2P2P1/6K1 b - - 0 27,f8f7 e7f7 f6d4 g1f1,2223,83,90,723,crushing defensiveMove endgame queenRookEndgame short,https://lichess.org/TCt00wAk/black#54,
SM8Xc,1Q2rk2/8/3K3p/6pP/5p2/8/4p3/8 w - - 4 61,b8b2 e8d8 d6c7 e2e1q b2f6 f8e8,2495,104,90,329,advancedPawn crushing endgame long promotion queenRookEndgame,https://lichess.org/g2ty4uE1#121,
SMHKR,R7/6P1/8/8/8/4p2k/p5r1/5K2 w - - 0 53,g7g8q e3e2 f1e1 g2g8,2399,78,90,3416,advancedPawn crushing endgame queenRookEndgame short,https://lichess.org/f3o9eMOc#105,
SRVWq,3q2k1/3P2p1/1p1K4/pP4p1/7P/P3R3/8/8 b - - 1 47,g8f7 e3e8 d8f6 d6c7 f6f4 c7b7,2278,76,92,2647,crushing defensiveMove endgame long queenRookEndgame,https://lichess.org/NmR5aqBZ/black#94,
SWxUM,8/8/3Qp1pk/2P1P2p/7P/1r4P1/2r5/5K2 w - - 5 46,d6d1 b3b2 f1g1 c2g2 g1h1 g2h2,2408,80,94,1129,crushing endgame exposedKing long queenRookEndgame quietMove,https://lichess.org/sEwBM67G#91,
SYump,2r3k1/1p2pp1p/1r1p2p1/5P2/4P3/5P2/2p1K2P/2Q4R w - - 0 29,c1e3 b6b1 h1c1 b1c1,2467,85,90,2087,crushing endgame master queenRookEndgame short,https://lichess.org/CJlMgyCv#57,
SZnWv,8/4Q1k1/5pp1/8/5P2/6rP/7r/5K2 b - - 6 50,g7h6 e7f6 h6h7 f6h4 h7g7 h4g3,2315,82,73,95,crushing endgame fork long queenRookEndgame,https://lichess.org/JGTSrVXP/black#100,
Sdhij,1r2r3/p3P1pp/4Qpk1/8/P7/1P6/5P1P/4K3 b - - 0 34,b8b7 e6e4 g6f7 e4d5 f7e7 d5b7,2238,92,90,2293,crushing endgame fork long queenRookEndgame,https://lichess.org/schUIkxi/black#68,
Sdtct,6k1/5p1p/p3p1pP/4PPP1/p2pP3/P2b1Q1K/1P6/4r3 w - - 0 32,f3d3 e1e3 d3e3 d4e3 f5e6 f7f6,2429,102,86,45,crushing endgame fork long master queenRookEndgame,https://lichess.org/u3BmB1Lt#63,
SjGxl,8/Q6p/5pk1/4r3/8/1P4PK/P1P1r2P/8 w - - 1 37,a7d4 e5h5 h3g4 e2e4 d4e4 f6f5 e4f5 h5f5,2260,87,93,1898,crushing endgame fork queenRookEndgame sacrifice veryLong,https://lichess.org/92AbMUDl#73,
SkCib,6k1/pp3ppp/8/1q6/P7/8/1P4PP/R3R2K b - - 0 24,b5c6 a1c1 c6d7 c1c7 d7d8 e1c1,2297,77,92,93,clearance crushing defensiveMove endgame long queenRookEndgame,https://lichess.org/BrIsSNKO/black#48,
Sm5QH,3r2k1/5pp1/2Q4p/1p6/1P6/2prP2P/5PP1/1R3K2 w - - 0 36,c6b5 c3c2 b1c1 d3d1 f1e2 d1c1 b5c6 c1e1 e2e1 d8d1 e1e2 c2c1q,2362,80,92,1758,advancedPawn advantage attraction endgame promotion queenRookEndgame veryLong,https://lichess.org/clxkMJqR#71,
SwEao,8/7k/8/p7/2p5/5q2/P1KR4/4R3 b - - 7 52,c4c3 e1e7 h7h6 d2d6 h6g5 e7e5 g5g4 d6d4 g4g3 d4d3,2472,109,89,1344,crushing endgame exposedKing pin queenRookEndgame veryLong,https://lichess.org/MntOuTyG/black#104,
SwVTF,5r2/pp1k2p1/4p3/PP1pP3/2PP1rP1/8/2Q2pK1/5R2 w - - 4 34,c4c5 f4g4 g2h3 g4g1 c5c6 d7d8 c2h7 g1f1,2439,99,81,35,crushing endgame queenRookEndgame veryLong,https://lichess.org/M4udaeon#67,
SxIPc,8/1qP2k2/5p2/p5p1/3K2P1/1P2P2P/8/2R5 b - - 3 47,b7c8 c1c6 f7e7 d4c5,2442,101,90,3310,crushing defensiveMove endgame queenRookEndgame short,https://lichess.org/SRvt8zMS/black#94,
SxwuK,3Q4/p4pkp/1p4p1/8/3R3P/8/2p1rPK1/2r5 w - - 1 38,d8c7 c1g1 g2g1 e2e1 g1g2 c2c1q,2234,83,91,3079,advancedPawn advantage attraction endgame long promotion queenRookEndgame sacrifice,https://lichess.org/jDmzCvnO#75,
SyZtT,8/5p2/8/4Q3/5P2/1ppK4/2r5/1k6 w - - 8 75,e5e1 c2c1 e1e3 c3c2 d3c4 b3b2,2336,93,81,49,advancedPawn advantage defensiveMove endgame long queenRookEndgame,https://lichess.org/EnwjQfKU#149,
SzYFN,4K3/1kp1R2R/p1q5/8/8/P6P/8/8 w - - 15 46,e8d8 c6d5 e7d7 d5g8 d8e7 g8h7,2208,80,88,198,crushing endgame interference long queenRookEndgame,https://lichess.org/XzJgWasf#91,
T28rG,8/5pk1/5rrp/4Q3/6PP/5P2/7K/8 b - - 0 48,g7h7 h4h5 f6f3 h5g6 f7g6 e5c7,2318,84,82,103,crushing endgame long queenRookEndgame,https://lichess.org/NWbGNEN0/black#96,
T9Kpf,8/7P/8/1R6/P1P5/1P4P1/4pk1K/3r4 w - - 0 51,h7h8q d1h1 h2h1 e2e1q h1h2 e1g1 h2h3 g1g3,2286,82,93,5257,advancedPawn attraction endgame mate mateIn4 promotion queenRookEndgame veryLong,https://lichess.org/T5pfTHfx#101,
TAk7q,7k/2p2p1P/2p5/p6R/3p4/P6R/7K/3q4 b - - 3 35,d4d3 h5e5 d1e2 e5e2 d3e2 h3e3,2468,85,84,99,crushing endgame long queenRookEndgame,https://lichess.org/yxJBd10L/black#70,
THY6A,3r2k1/p4pp1/4p3/7p/1Q5P/2P1P1P1/PP3K2/3r4 w - - 0 32,a2a4 d8d2 f2f3 d1f1 f3e4 d2d5,2271,78,84,71,crushing defensiveMove endgame long queenRookEndgame,https://lichess.org/QrauwZ53#63,
TMyQd,6k1/6p1/P4p1p/8/4Q3/2r3KP/3r4/6R1 w - - 1 47,g3f4 d2f2 f4g4 f6f5 e4f5 c3c4 g4g3 f2f5,2251,79,92,1206,crushing endgame fork queenRookEndgame veryLong,https://lichess.org/nnT9Z15u#93,
TNuQX,8/8/6K1/1k2r3/1p5P/1Q2p3/8/8 w - - 0 60,h4h5 e3e2 b3d3 b5c5,2366,99,89,2249,advancedPawn crushing defensiveMove endgame queenRookEndgame short,https://lichess.org/TubcwOus#119,
TOufr,3k4/7P/2p2qP1/8/7R/1p6/5PK1/8 b - - 2 40,f6g6 g2h1 d8c7 h7h8q,2264,76,86,425,advancedPawn crushing defensiveMove endgame promotion queenRookEndgame short,https://lichess.org/WOKGw4aU/black#80,
TRhE3,8/1R5R/5p2/3q1kp1/8/K6p/1P6/8 b - - 3 62,g5g4 h7h5 f5e4 b7b4 d5d4 b4d4,2216,76,93,404,crushing endgame long queenRookEndgame,https://lichess.org/DxJZ6emJ/black#124,
TW1rc,8/p7/2q1pk2/2p1Rppp/P2p4/1P3PPP/2P1RK2/8 b - - 0 31,h5h4 e5e6 c6e6 e2e6 f6e6 f3f4,2313,78,87,232,advantage endgame fork long queenRookEndgame,https://lichess.org/CEsjeJQ4/black#62,
TWUrH,k2r4/1p4p1/pQ6/8/6p1/6Pp/PP3P2/3rR1K1 w - - 2 38,g1f1 d1e1 f1e1 d8h8 b6e3 h3h2 e3e4 h2h1q e4h1 h8h1,2486,109,89,607,advancedPawn crushing endgame promotion queenRookEndgame quietMove veryLong,https://lichess.org/NjSVwLAD#75,
TWy4Y,8/8/p7/1p6/1P2Q3/Pkpp3P/2r2PP1/6K1 w - - 2 50,e4d5 b3b2 d5d3 c2d2,2251,85,85,112,advantage defensiveMove endgame queenRookEndgame short,https://lichess.org/7cknboXo#99,
TazbO,8/3P1k2/q7/3Rp1pP/1p2P1P1/pPr2P2/P2R4/4K3 b - - 4 78,c3c1 d2d1 c1d1 d5d1 a6b6 e1e2,2472,86,90,567,crushing defensiveMove endgame long queenRookEndgame,https://lichess.org/WO4sNua6/black#156,
TbDEf,q7/1R4R1/8/p4p2/8/5kP1/8/6K1 w - - 1 54,g7e7 a8g8 b7b2 g8g3 g1f1 g3h3,2440,95,90,231,crushing endgame exposedKing long queenRookEndgame,https://lichess.org/ukpZxNaW#107,
Tc9LX,8/1P1R4/1q2P2p/2p3p1/2P4k/7P/5P2/6K1 b - - 0 46,h4h3 d7d3 h3h4 e6e7 b6b7 d3e3 b7b1 g1g2,2320,102,70,27,advancedPawn crushing defensiveMove endgame queenRookEndgame quietMove veryLong,https://lichess.org/GPWxcQkc/black#92,
TeKUg,8/p4pk1/7p/1p3Kp1/P2P3P/2P2P2/1r2r3/5Q2 w - - 0 41,a4b5 b2b5 f5g4 f7f5 g4h3 b5b2,2256,75,99,182,crushing defensiveMove endgame long queenRookEndgame,https://lichess.org/xOB9XJsi#81,
Tnzdk,8/8/1R1R2p1/3k4/1p6/1r2PK1P/1q3PP1/8 b - - 5 48,d5e5 d6g6 e5d5 g6g5,2269,78,86,74,crushing endgame queenRookEndgame short,https://lichess.org/QTuCUkVx/black#96,
Ts4Ev,8/7p/6pk/8/4P1K1/1p2R1P1/1R5P/3q4 w - - 8 55,g4f4 d1d6 e4e5 d6d4 f4f3 d4b2,2207,81,77,49,crushing endgame fork long queenRookEndgame,https://lichess.org/H89Uz2YW#109,
TsMsB,4r1rk/pp3p1p/5P2/2pP4/2P4P/1P6/P1Q5/7K w - - 3 33,h4h5 e8e5 c2d1 e5e4,2429,106,90,417,crushing endgame queenRookEndgame short,https://lichess.org/v5q7OHnq#65,
TsQf8,4rr1k/1p4p1/2p2P1p/p7/2P1Q1R1/P2P3q/1P3R2/6K1 b - - 0 30,e8e4 f6g7 h8h7 g7f8n h7h8 g4e4,2241,87,85,1076,advancedPawn advantage endgame fork long promotion queenRookEndgame underPromotion,https://lichess.org/9lJAZHTM/black#60,
TtP92,8/7k/3Q1P1p/8/1p2K3/2r2P2/6rP/8 b - - 1 36,g2e2 e4f5 c3f3 f5g4 f3f6 d6f6,2274,91,91,618,crushing defensiveMove endgame long queenRookEndgame,https://lichess.org/BBvUVyzs/black#72,
TvYuF,8/Pkr2p2/7r/2pPQK1P/2P1P3/8/6P1/8 w - - 1 52,d5d6 h6h5 f5f6 h5e5 f6e5 c7d7 e5d5 d7d8,2344,109,82,49,advantage endgame queenRookEndgame skewer veryLong,https://lichess.org/DxnCWVL6#103,
Tx8G3,3Q4/5p1k/4r3/7K/8/8/8/8 w - - 6 69,d8h4 e6h6 h5g5 h6h4 g5h4 h7h6 h4g4 h6g6 g4f4 g6f6,2242,87,82,60,crushing defensiveMove endgame queenRookEndgame skewer veryLong zugzwang,https://lichess.org/IP3sYknX#137,
Txrdn,3R4/1p2P1p1/1k6/1p3pP1/1P3P1K/P1r4p/4R2P/2q5 b - - 3 63,c1g1 e2e6 c3c6 e6c6 b7c6 h4h5,2425,80,90,316,crushing defensiveMove endgame long master queenRookEndgame,https://lichess.org/l4Rl5imd/black#126,
U22dO,8/2P3k1/2P5/8/5PK1/P1R3P1/8/3q4 w - - 2 57,g4f5 d1d5 f5g4 g7g6 c3c5 d5c5,2303,92,90,1062,crushing endgame long queenRookEndgame,https://lichess.org/xWl4QerN#113,
U3oz6,6k1/1R4p1/4p2p/p3p1q1/8/P2P1R1K/6PP/8 b - - 5 32,h6h5 b7g7 g8g7 f3g3 g7h6 g3g5 h6g5 h3g3 g5f5 g3f3,2233,76,93,3034,crushing defensiveMove endgame pin queenRookEndgame sacrifice veryLong,https://lichess.org/4DGeaiHs/black#64,
U5gEs,7k/5Q2/4P2p/8/1P2KP2/6r1/1P1p1r2/8 w - - 2 50,e6e7 f2e2 e4f5 d2d1q e7e8r e2e8,2461,78,92,2879,advancedPawn crushing endgame long promotion queenRookEndgame,https://lichess.org/HbYr7TFS#99,
U869v,6k1/2Q2r1p/3p2p1/3P1pK1/4r3/P5P1/7P/8 w - - 6 39,c7d6 g8g7 d6e5 e4e5,2269,141,100,52,crushing endgame queenRookEndgame short,https://lichess.org/GHk9JDfb#77,
UEBAJ,1k6/pp6/2P5/Q7/1KP1r3/4r3/6P1/8 b - - 12 52,b7b6 a5d5 a7a5 b4a4 e4e7 d5d8 b8a7 c6c7,2464,91,92,2794,advancedPawn crushing defensiveMove endgame queenRookEndgame veryLong,https://lichess.org/qOwFqS62/black#104,
UEUsU,8/2qP4/5kp1/3R3p/4P3/7P/6P1/4K3 b - - 7 51,c7c3 e1f2 c3b2 f2g3,2322,92,100,38,crushing defensiveMove endgame queenRookEndgame short,https://lichess.org/om1cvnr1/black#102,
UGIdx,8/8/3k4/3r2pr/8/Q4PK1/8/8 b - - 1 55,d6e5 a3e7 e5d4 e7b4,2470,85,88,133,crushing endgame queenRookEndgame short,https://lichess.org/p7YavQtk/black#110,
UKiFU,3R2k1/1p6/p4qp1/4pp2/4p3/1P6/P4PP1/3R2K1 b - - 0 28,g8h7 d1d6 f6d8 d6d8,2308,77,93,5479,crushing endgame queenRookEndgame short,https://lichess.org/4b38DeMu/black#56,
UKvbT,8/4Q3/kp1P4/8/8/4p2P/2r2rPK/8 w - - 1 52,e7e3 f2g2 h2h1 g2h2 h1g1 c2g2 g1f1 g2a2,2470,107,90,1598,crushing defensiveMove endgame queenRookEndgame veryLong,https://lichess.org/sDeOCr5a#103,
UL0Je,6r1/1pp2Rqk/1p1p3p/1P1Pp2Q/P1P1P3/7P/6p1/3K4 w - - 0 36,f7g7 h7g7 h5g4 g7h8 g4g2 g8g2,2371,90,86,180,crushing endgame long queenRookEndgame,https://lichess.org/10AJIYF3#71,
UMDS0,8/3R4/4Bkpp/1pP1p1p1/pP2P1Pq/P6P/5P2/6K1 b - - 4 45,f6e6 d7d3 h6h5 c5c6 h5g4 c6c7 h4h8 d3d8,2491,84,90,1901,advancedPawn crushing endgame queenRookEndgame quietMove veryLong,https://lichess.org/C759mxra/black#90,
UORHZ,3r2k1/8/P2Pqp2/4p1p1/1R5p/5P1P/3R1PK1/8 b - - 0 40,d8d6 b4b8 g8f7 d2d6 e6d6 a6a7,2317,102,90,4965,advancedPawn crushing endgame intermezzo long queenRookEndgame,https://lichess.org/g51mqBpU/black#80,
UOpiJ,8/p2r1p1k/6pp/8/4Q3/P7/3p1PPP/2rR2K1 w - - 0 33,e4f3 d7e7 g2g4 c1d1 f3d1 e7e1,2324,83,93,4322,crushing endgame long pin queenRookEndgame quietMove,https://lichess.org/ZQtJw5MJ#65,
UVBsR,1R1r2k1/P4pp1/8/8/1KP5/8/7p/2R3r1 b - - 2 41,h2h1q c1g1 h1g1 b8d8 g8h7 a7a8q,2472,90,84,489,advancedPawn crushing endgame long promotion queenRookEndgame,https://lichess.org/pTZEEeoR/black#82,
UVDyB,2rr4/5Q1p/3k4/8/7P/6P1/2p2P1K/8 w - - 1 44,f7f6 d6d5 f6g5 d5c4,2434,106,89,1660,advantage defensiveMove endgame queenRookEndgame short,https://lichess.org/2P8U844r#87,
Ua7hb,6k1/p5p1/1p1r1p2/2P3p1/6P1/1Q3K1P/r2p1P2/8 b - - 1 31,g8h7 b3b1 h7h8 c5d6,2381,78,81,139,advantage endgame fork queenRookEndgame short,https://lichess.org/g19XwprO/black#62,
UeFg3,8/8/8/p2Pp3/4P2K/8/P1p1krQ1/8 w - - 2 51,g2g4 e2d2 d5d6 c2c1q,2325,76,85,297,advancedPawn crushing defensiveMove endgame master promotion queenRookEndgame short,https://lichess.org/r7IN3yHM#101,
UeW8f,3rr3/7p/8/2pk4/Q7/2P5/P1P1p1PP/4K3 w - - 3 36,a4b3 d5c6 b3a4 c6b6,2270,78,91,1070,crushing defensiveMove endgame queenRookEndgame short,https://lichess.org/JJ4UwIhK#71,
UfsUy,3r3Q/p3kp2/6p1/8/2P5/7R/P2p2PK/4r3 w - - 5 38,h8h4 f7f6 h3f3 d2d1q h4f6 e7d7,2494,79,91,2967,advancedPawn advantage defensiveMove endgame long promotion queenRookEndgame,https://lichess.org/2Ki6Y5Y4#75,
UjSX8,k7/3R4/pp6/3pP3/2pP3P/2P5/1KP5/5q2 b - - 4 40,a6a5 e5e6 a5a4 e6e7 a4a3 b2a2 f1e2 a2a3,2216,107,84,31,advancedPawn crushing endgame queenRookEndgame veryLong,https://lichess.org/cGunraVW/black#80,
UkGJB,8/7k/6pp/P7/3R1p2/2P4P/1P3PPK/3q4 b - - 0 49,d1b3 d4d7 h7g8 a5a6 b3a4 a6a7 a4d7 a7a8q,2262,89,91,1449,advancedPawn crushing endgame promotion queenRookEndgame veryLong,https://lichess.org/3PLJPkjA/black#98,
UkXBC,6k1/1p3p2/p3pPp1/7P/3P3P/8/qPR5/3R2K1 b - - 0 28,g6h5 g1h2 g8h7 d1g1 a2a5 c2c8,2238,154,41,10,clearance crushing defensiveMove endgame long queenRookEndgame quietMove,https://lichess.org/L6dspOnS/black#56,
UlN2v,2r3k1/Q4pp1/P3p3/3p3p/7P/6P1/r4PK1/8 b - - 0 31,c8c4 a7b8 g8h7 b8b1 c4c2 a6a7 g7g6 b1c2 a2c2 a7a8q,2256,76,92,5433,advancedPawn advantage endgame fork promotion queenRookEndgame veryLong,https://lichess.org/dJGIoRzy/black#62,
UnQWw,8/8/8/1pN1k3/4P3/PP1p1R2/2q2PK1/8 b - - 0 42,c2c5 f3f5 e5d4 f5c5 d4c5 g2f1 b5b4 a3b4 c5b4 f1e1 b4c3 e1d1,2400,87,92,918,crushing defensiveMove endgame queenRookEndgame skewer veryLong,https://lichess.org/DpgKu1ef/black#84,
UyIyK,3k4/1K3pp1/7p/1Q6/1p3P2/6PP/1p6/4r3 w - - 6 48,b5d3 d8e7 b7c6 e1c1,2288,78,94,1383,crushing endgame queenRookEndgame short,https://lichess.org/LLbDFhp9#95,
Uzr6v,8/r4rkp/p3Q1p1/1p3pPP/1P6/2P5/1PK5/8 b - - 0 39,f5f4 e6e5 g7g8 e5b8 f7f8 b8a7,2343,89,79,54,crushing deflection endgame long queenRookEndgame,https://lichess.org/FZHxcftU/black#78,
V105P,3r4/8/8/3kP2p/6p1/2Q5/4K1PP/3r4 b - - 10 43,d5e4 e5e6 d1d5 e6e7,2315,86,87,384,advancedPawn crushing endgame queenRookEndgame short,https://lichess.org/rYiZfIJZ/black#86,
V2drx,8/2R3R1/4qp2/p3p1k1/6p1/7P/2P2PK1/8 b - - 1 30,g5f4 c7c4 e5e4 g7g4 f4f5 c4c5,2276,77,93,1222,crushing endgame long master queenRookEndgame,https://lichess.org/NUcPn7mW/black#60,
V4jJ9,8/3R1pkp/2p2Rp1/pp2Pp2/5P2/q5P1/6KP/8 b - - 1 36,a3b3 f6f7 b3f7 e5e6 f7e7 d7e7,2285,77,94,790,advantage endgame long pin queenRookEndgame sacrifice,https://lichess.org/LtZxJoa9/black#72,
V5Zei,4r1r1/2k3P1/1p6/2p2p2/2Q5/2P1p1P1/P1P4P/2K5 w - - 0 35,c1d1 e3e2 d1e1 g8g7 c4f4 c7b7,2282,96,91,2396,advancedPawn advantage defensiveMove endgame long queenRookEndgame,https://lichess.org/ykrGp5xT#69,
V7s1o,8/3kpp2/3p4/2rP1p2/5K2/8/1Q6/8 b - - 19 57,c5d5 b2b7 d7e6 b7b3 e6f6 b3d5,2225,77,92,1042,crushing endgame fork long queenRookEndgame,https://lichess.org/jWB47ic3/black#114,
V7ush,8/5p2/p4R1k/8/1P2q1pp/P5P1/5R1K/8 b - - 1 56,h6g5 f2f5 e4f5 f6f5 g5f5 g3h4,2261,80,87,74,crushing endgame long queenRookEndgame,https://lichess.org/1pclQnTO/black#112,
VEeK0,5r2/1p3ppk/p3qR1p/3pP2Q/8/4PKR1/PPr3PP/8 w - - 9 24,f6e6 f7e6 f3g4 g7g6 h5h4 c2c4,2269,77,97,347,advantage discoveredAttack endgame long queenRookEndgame,https://lichess.org/S30V3UFw#47,
VEtzx,3r1k1R/p7/3p1p2/2p5/2P1q3/1P4R1/P4PPP/5K2 b - - 1 34,f8e7 g3e3 e4e3 h8h7 e7e6 f2e3,2207,77,93,6049,crushing endgame intermezzo long pin queenRookEndgame sacrifice,https://lichess.org/4Y2JxHts/black#68,
VJK1j,8/4kp1Q/4p1pP/8/4P1K1/P5P1/4r2r/8 w - - 3 44,g4f3 h2f2 f3g4 e2e4 g4h3 e4e5,2497,80,85,250,crushing defensiveMove deflection endgame long queenRookEndgame,https://lichess.org/HZOgfBlp#87,
VKZOG,8/Q4pkp/6p1/3r4/7P/3p4/P4PP1/6K1 w - - 0 34,h4h5 d3d2 h5h6 g7h6 a7e3 g6g5 e3b6 h6h5,2213,89,89,1767,advancedPawn crushing defensiveMove endgame queenRookEndgame veryLong,https://lichess.org/PSXO8Wfi#67,
VQ8Ts,8/7q/5R1P/3k2PK/5P2/8/8/8 b - - 0 74,d5e4 g5g6 h7e7 g6g7 e7f6 g7g8q,2315,76,96,380,advancedPawn crushing endgame long promotion queenRookEndgame,https://lichess.org/wNGSHV42/black#148,
VQB2x,2rk4/8/4Q3/pp1pP3/8/6P1/2p3K1/8 w - - 7 58,e6f6 d8c7 f6d6 c7b7 d6d7 c8c7,2396,109,100,47,defensiveMove endgame equality long queenRookEndgame,https://lichess.org/EnfhD304#115,
VQo4J,6k1/1p4p1/p2P4/7p/8/P1P2p1q/1P1R4/4R1K1 b - - 2 41,h5h4 e1e8 g8h7 d6d7 h3g3 g1f1,2431,89,84,78,advancedPawn crushing defensiveMove endgame long queenRookEndgame,https://lichess.org/VZBJWe7Y/black#82,
VRw9I,8/p1p3R1/1pqp2p1/5p2/2P3kP/1P4P1/P3R2K/8 b - - 4 34,d6d5 e2f2 c6d6 f2f4 d6f4 g3f4,2221,100,68,54,crushing endgame long queenRookEndgame,https://lichess.org/xzt5JNxU/black#68,
VS6vs,1r4k1/p4ppp/q7/2PR4/1P2p3/PKP1P3/6PP/7R b - - 0 27,a6e2 c5c6 b8c8 c6c7 g8f8 d5d8 f8e7 d8c8,2419,84,90,1497,advancedPawn advantage endgame queenRookEndgame veryLong,https://lichess.org/92qwangw/black#54,
VSETY,8/pp2kP2/4P2K/3P2R1/8/8/PP2q1P1/8 b - - 8 46,e2e3 d5d6 e7f8 d6d7 e3e6 g5g6 e6d7 g6g8 f8f7 g8g7 f7e6 g7d7,2313,90,49,57,advancedPawn crushing endgame exposedKing queenRookEndgame sacrifice skewer veryLong,https://lichess.org/rJRcLyit/black#92,
VXQTP,4k3/8/p3p2K/1p1p1q1P/1P6/P4RR1/8/8 b - - 1 48,f5e5 g3g7 d5d4 f3f7,2362,92,82,53,crushing defensiveMove endgame queenRookEndgame quietMove short,https://lichess.org/2G1yfujA/black#96,
VZoUE,8/k5P1/4q3/4p2P/4P3/1p3P2/6K1/R7 b - - 1 46,a7b6 a1a8 b3b2 g7g8q e6g8 a8g8 b6b7 h5h6 b2b1q h6h7,2327,87,75,76,advancedPawn crushing endgame promotion queenRookEndgame quietMove veryLong,https://lichess.org/0LIUGIY0/black#92,
VeQhz,8/5ppk/R2P4/Pq5p/8/4PK2/2P5/3R4 b - - 6 43,b5a6 d6d7 a6c6 e3e4 c6f6 f3e2,2283,78,88,74,advancedPawn advantage defensiveMove endgame long queenRookEndgame,https://lichess.org/4DutbDov/black#86,
Vfvnu,1r6/6PP/6K1/8/8/8/2p5/1k6 w - - 1 60,g7g8q b8b6 g6f5 c2c1q h7h8q c1c2 f5f4 c2f2 f4e5 f2e3 e5d5 b6b5 d5c4 e3e2,2482,89,72,86,advancedPawn crushing endgame promotion queenRookEndgame veryLong,https://lichess.org/FJi4Z8Zk#119,
Vfynb,8/2k3p1/4p2p/P3P3/8/3R2P1/1KP2q2/8 b - - 0 34,f2c5 d3c3 c5c6 c3c6 c7c6 c2c4,2329,85,87,433,crushing defensiveMove endgame exposedKing long pin queenRookEndgame,https://lichess.org/mXHit1WK/black#68,
Vh3pN,1k6/1p6/p5r1/5P2/2Q5/5K1r/PP3P2/8 w - - 0 38,f3e4 g6g4 f2f4 g4f4 e4f4 h3h4 f4g5 h4c4 f5f6 c4c8 f6f7 b8c7,2416,78,91,5969,attraction crushing defensiveMove endgame queenRookEndgame quietMove sacrifice skewer veryLong,https://lichess.org/8I1VPVW2#75,
VihNc,6k1/p5p1/2Rp4/6p1/2P1p3/1P3RKP/1Pq3P1/8 w - - 0 29,f3e3 c2d2 e3e4 d2d3 g3h2 d3e4,2206,82,91,1405,crushing endgame fork long queenRookEndgame,https://lichess.org/fqIJhhEm#57,
Vkhg5,8/6R1/1p2P1p1/3p2k1/1q1p4/8/5PP1/5RK1 b - - 8 40,g5f6 e6e7 b4a4 f1e1 d4d3 g7g8 d3d2 e7e8q a4e8 g8e8 d2e1r e8e1,2260,106,38,44,advancedPawn crushing endgame promotion queenRookEndgame quietMove veryLong,https://lichess.org/86E07oAh/black#80,
VmqD6,2r4k/p3Q1pp/1p5P/6P1/8/1P6/6r1/3K4 b - - 0 35,g2g1 d1e2 g1g5 e7g5,2214,78,85,1106,crushing defensiveMove endgame master queenRookEndgame short,https://lichess.org/77LjfRuj/black#70,
VntFx,4r3/pp6/2k1r1QP/3p1p2/2pP4/2P3P1/PP4PK/8 w - - 7 37,g6f7 e6h6 h2g1 e8e1 g1f2 h6h1 g3g4 f5f4,2276,79,88,159,crushing defensiveMove endgame queenRookEndgame quietMove veryLong,https://lichess.org/KnzHNM7p#73,
VooSn,r3r3/4kp2/3p3Q/3P1p1p/3PP3/p7/5PPP/6K1 w - - 4 35,h6g5 e7d7 g5f5 d7c7 f5f7 c7b6,2320,88,87,168,crushing defensiveMove endgame long queenRookEndgame sacrifice,https://lichess.org/YMcCETKt#69,
VtGro,7k/4PPR1/7p/8/7K/3q3P/p3r3/8 b - - 2 46,e2e4 g7g4 e4g4 h3g4 h8h7 e7e8q d3g6 f7f8n,2309,83,93,3484,advancedPawn crushing endgame promotion queenRookEndgame underPromotion veryLong,https://lichess.org/p5da8Rug/black#92,
VuIRb,8/1pP1q1k1/8/3p4/P2P4/6p1/5P2/2R3K1 b - - 0 37,g3f2 g1f1 e7e3 c7c8q e3d3 f1g2,2428,104,87,481,advancedPawn advantage defensiveMove endgame long promotion queenRookEndgame,https://lichess.org/Qf4rOv7B/black#74,
VvHJ8,5rk1/pp3r2/6p1/8/7Q/6K1/P1P3P1/8 b - - 5 33,f7f4 h4f4 f8f4 g3f4 g8f7 f4e5,2238,80,96,1346,crushing defensiveMove endgame long queenRookEndgame,https://lichess.org/hjLReP0U/black#66,
VxXoS,3r3k/RP2r1pp/2K2p2/p7/8/P5P1/7P/8 w - - 3 38,b7b8q e7e6 c6b7 d8b8 b7b8 e6e8 b8b7 e8e7 b7b6 e7a7,2282,156,19,8,attraction crushing endgame queenRookEndgame veryLong,https://lichess.org/2e3c74TT#75,
VyMnl,4q1k1/1p3pP1/p2p1P2/6P1/8/P7/1P6/K5R1 b - - 0 36,g8h7 g5g6 f7g6 g1h1 h7g8 h1h8 g8f7 h8e8,2225,75,94,4070,crushing endgame exposedKing queenRookEndgame skewer veryLong,https://lichess.org/6EhTI3us/black#72,
VzN2b,1R6/5pkp/1pP3p1/pP1p4/P4q2/8/6PP/4R2K w - - 0 38,b8b6 f4f2 e1c1 f2e3 c1d1 e3b6,2202,82,87,127,advantage endgame fork long queenRookEndgame,https://lichess.org/OSn6f5kS#75,
W23lt,8/r6k/2P3p1/8/7P/pr6/6PK/Q7 w - - 0 50,g2g3 b3b2 h2h3 a3a2 c6c7 b2c2 c7c8q c2c8,2451,92,91,1743,advancedPawn crushing endgame queenRookEndgame veryLong,https://lichess.org/PE7Uhimz#99,
W51cD,8/6R1/1q3p2/4p1P1/1P2P2R/2P5/4k1KP/8 w - - 1 48,g5f6 b6f6 g2h3 f6g7,2447,102,91,309,advantage endgame fork queenRookEndgame short,https://lichess.org/CnqrD9Zu#95,
W9Lms,8/2PR2pp/6k1/4p3/4P1P1/5PK1/2q4P/8 b - - 4 45,g6g5 d7d6 g7g6 h2h4 g5h6 g4g5 h6g7 d6d7 g7g8 d7d8,2324,78,93,803,crushing endgame queenRookEndgame quietMove veryLong,https://lichess.org/SFmicCxw/black#90,
WC9q7,Rr6/1P6/P3qpk1/7p/2p4P/2P3P1/6PK/8 b - - 3 52,e6d6 a6a7 b8b7 a8g8 b7g7 a7a8q,2236,96,85,38,advancedPawn advantage clearance endgame long promotion queenRookEndgame,https://lichess.org/iOdnyreo/black#104,
WHvSD,8/p2k4/1pp1p1P1/3p3q/6R1/6K1/P4R2/8 b - - 2 41,h5e5 g3g2 e5g7 f2f7 g7f7 g6f7,2292,81,81,163,advancedPawn crushing defensiveMove endgame fork long queenRookEndgame,https://lichess.org/jjt6OYr5/black#82,
WIRAh,8/1r1k3p/3rp1pP/6P1/2P2Q2/P7/8/2K5 b - - 0 36,d6c6 f4f7 d7c8 f7g8 c8c7 g8h7,2212,91,91,1597,crushing endgame interference long queenRookEndgame,https://lichess.org/VJAqvTqy/black#72,
WLOhx,7k/6pp/4p3/3pPp2/5P1P/1p4PK/rp6/1Q6 w - - 2 43,b1d3 a2a1 d3c3 a1h1 h3g2 h1c1,2424,78,92,2528,crushing endgame long queenRookEndgame quietMove,https://lichess.org/laVYq8r6#85,
WLbkD,8/8/3Q4/kp6/8/6P1/3rrPKP/8 w - - 4 48,d6f4 e2f2 f4f2 d2f2 g2f2 b5b4 f2e3 a5a4 g3g4 b4b3,2317,77,95,562,crushing endgame fork queenRookEndgame quietMove veryLong,https://lichess.org/y66oZUjW#95,
WMTSa,8/p7/1p1Q2k1/r3rp2/P1P5/5P2/5K2/8 b - - 3 41,g6g5 f3f4 g5f4 d6h6 f4g4 h6g6,2207,85,87,267,attraction crushing endgame long queenRookEndgame,https://lichess.org/kjf3NOTJ/black#82,
WXKWg,8/p1r5/Qp1p1p2/7r/2P1P1p1/P1k5/1R6/2K5 w - - 13 41,b2d2 h5a5 a6a5 b6a5,2263,81,90,150,advantage endgame queenRookEndgame short trappedPiece,https://lichess.org/Xfe3PnyP#81,
WYM5h,4r3/5p1k/p1p2P1p/5P2/1P3QPK/2P4P/P7/7r w - - 3 40,g4g5 h6g5 h4g5 h1g1 g5h4 e8h8 f4g4 g1g4,2451,80,48,98,attraction crushing endgame master masterVsMaster queenRookEndgame quietMove veryLong,https://lichess.org/QKDmXUzG#79,
WeXsZ,7k/R3R3/1p4p1/4K2p/2P5/8/3q4/8 b - - 17 54,d2g5 e5d6 g5f4 d6d7,2425,96,76,41,crushing defensiveMove endgame queenRookEndgame short,https://lichess.org/FpU6P9wZ/black#108,
Wgpmc,8/3k1p1p/6p1/4Q3/1P2P3/3P3P/r1r5/7K w - - 8 35,e5d5 d7c8 d5c5 c2c5,2244,86,87,53,crushing defensiveMove endgame queenRookEndgame short,https://lichess.org/RK3JcCvo#69,
WlnSd,8/8/8/5k2/5P2/4R1RK/8/3q4 w - - 19 60,g3g2 f5f4 g2e2 d1h1,2327,86,91,4916,crushing endgame queenRookEndgame short,https://lichess.org/yIRtIdYS#119,
Woa7N,2Rr2k1/p2P2p1/1p3p2/4pP2/4P3/2P2P1K/3R4/6q1 b - - 1 44,g1f1 h3h2 g8h7 c8d8 f1f3 d8h8 h7h8 d7d8q,2234,77,85,170,advancedPawn attraction crushing defensiveMove endgame master promotion queenRookEndgame veryLong,https://lichess.org/gOvLVSd5/black#88,
WpLrn,8/4kpp1/2Qr4/p7/3p4/P2p3P/1PP5/4K3 w - - 1 33,c6e4 d6e6 e4e6 e7e6 c2d3 a5a4,2287,75,93,5111,crushing defensiveMove endgame long pin queenRookEndgame,https://lichess.org/FmdmBBOL#65,
WpcX0,6k1/pp1P3p/q5p1/4pp2/P7/1P6/5PPP/2R3K1 b - - 0 27,a6a5 b3b4 a5d5 c1c8 g8f7 d7d8q d5d8 c8d8,2378,85,89,105,advancedPawn crushing endgame promotion queenRookEndgame veryLong,https://lichess.org/joSlvuwe/black#54,
WprU1,7k/8/7p/4P3/5qp1/3R4/6K1/4R3 b - - 0 45,h6h5 e5e6 g4g3 e1e2,2443,77,92,2986,crushing defensiveMove endgame queenRookEndgame short,https://lichess.org/EuWKDgdm/black#90,
Wu1Hw,8/5p2/2q5/PR1Rp2p/5k1p/1P5P/5PK1/8 w - - 1 36,a5a6 c6g6 g2f1 f4f3 f1e1 g6c2 d5d3 c2d3,2325,79,94,590,crushing endgame queenRookEndgame veryLong,https://lichess.org/mumGMPa1#71,
WxFP7,6rr/5k2/p4p2/5P2/4P3/3P2p1/PPP4p/2K1Q2R w - - 0 33,e4e5 g3g2 e5e6 f7e8 c1d2 g2g1q,2206,83,91,3076,advancedPawn crushing defensiveMove endgame long promotion queenRookEndgame,https://lichess.org/PzUYWZ83#65,
WyFmW,5k2/1Q3ppp/2p5/1PP5/3P2P1/1P3rKP/8/5r2 w - - 2 35,g3h4 g7g5 h4g5 f3h3 b7b8 f8g7,2360,88,90,1607,crushing deflection endgame long queenRookEndgame,https://lichess.org/8vlbZDBv#69,
WzKOq,2r5/P5kp/5pp1/8/8/7P/3p1PP1/Q5K1 w - - 0 40,a1d1 c8c1 a7a8q c1d1 g1h2 d1e1 a8a7 g7h6 a7d4 d2d1q d4f4 h6g7,2302,75,93,3062,advancedPawn crushing defensiveMove endgame pin promotion queenRookEndgame quietMove veryLong,https://lichess.org/AIE2WyJQ#79,
X4bK3,8/p6p/1p1Q2pk/3P4/PP2r3/6PK/5r2/8 b - - 4 52,f2e2 d6f8 h6g5 d5d6 e2d2 f8f3 d2d4 d6d7 d4d7 f3e4,2473,83,84,62,advancedPawn crushing deflection endgame queenRookEndgame veryLong,https://lichess.org/WkhFw1MS/black#104,
X4yEk,8/8/8/8/8/4Q1pk/1r5p/4K3 w - - 0 65,e3h6 h3g2 h6c6 g2g1 c6c3 h2h1q,2374,83,91,495,advancedPawn crushing endgame long promotion queenRookEndgame,https://lichess.org/eMZlpVDY#129,
X7Xgh,8/3R2pp/4p1k1/1p2Pp2/5q2/2P5/1K4RP/8 b - - 1 34,g6h6 d7d4 f4g5 g2g5,2458,101,90,2210,crushing endgame queenRookEndgame short,https://lichess.org/s8bZtF6K/black#68,
X83rt,6k1/5p2/4p2p/Q5p1/P2r4/6PK/4R2P/3r4 w - - 0 43,a5b5 d1g1 b5b8 g8h7 e2g2 g5g4 h3h4 g1g2,2234,76,92,2621,advantage defensiveMove deflection endgame queenRookEndgame veryLong,https://lichess.org/F2rKIDXT#85,
X8NVB,3q4/2R2pk1/1P4p1/7p/8/2R4K/6P1/8 b - - 0 44,d8f6 c7f7 g7f7 c3f3 f6f3 g2f3 f7e6 b6b7,2269,82,86,71,advancedPawn crushing endgame pin queenRookEndgame sacrifice veryLong,https://lichess.org/ejdvrlLl/black#88,
X9N5z,2k5/8/pPp4p/3r4/6pQ/7P/2p2PP1/3rR1K1 w - - 1 35,h4g4 c8b7 g1h2 c2c1q,2311,84,60,65,advancedPawn crushing defensiveMove endgame master promotion queenRookEndgame short,https://lichess.org/WvToNVrI#69,
XE82z,1R6/2P2ppk/7p/p2p4/3Pq3/P5PP/5P1K/8 b - - 2 40,e4d4 h2g1 d4a1 g1g2 a1e1 c7c8q,2294,77,95,304,advancedPawn crushing defensiveMove endgame long master promotion queenRookEndgame,https://lichess.org/6Q0kamQL/black#80,
XIyrb,1kr5/ppr5/5p2/1P5p/3PP1pP/6P1/5Q1K/8 w - - 2 34,f2f6 c7c1 f6f4 b8a8,2305,87,91,661,crushing defensiveMove endgame queenRookEndgame quietMove short,https://lichess.org/b2iUgep7#67,
XacPL,6k1/8/4p3/1p2P1p1/1Pp1RrP1/1rp2P2/4Q2K/8 w - - 2 41,h2g3 c3c2 e2c2 f4f3 g3g2 f3g3 g2f1 b3f3 f1e2 g3g2 e2f3 g2c2,2362,110,79,107,advancedPawn crushing deflection endgame queenRookEndgame skewer veryLong,https://lichess.org/mT3MUxi0#81,
XbCNm,6k1/p4p2/5p2/4q3/KP4R1/3R2pp/P7/8 b - - 3 49,g8f8 d3d8 f8e7 g4g8 e7e6 d8e8 e6d5 e8e5 f6e5 g8g3 h3h2 g3h3 h2h1q h3h1,2403,80,94,1860,crushing endgame queenRookEndgame skewer veryLong,https://lichess.org/phAq4DvT/black#98,
Xn6Ti,3R4/2RP1k2/8/p1p1q3/P1P5/6PP/1P5K/8 b - - 0 52,e5c7 d8h8 c7e5 h8f8 f7f8 d7d8q,2332,76,95,2555,advancedPawn advantage attraction endgame exposedKing long promotion queenRookEndgame quietMove,https://lichess.org/gPwB32Mk/black#104,
XngWB,8/5pk1/4p1p1/3p3p/3P2K1/r6P/8/4Q3 w - - 0 41,g4g5 f7f6 g5h4 g7h6 e1e3 g6g5,2225,79,93,1940,crushing endgame long queenRookEndgame,https://lichess.org/YURXg2dt#81,
Xoj54,8/1p6/1P4p1/3q1pk1/5R1p/7P/6P1/1R5K w - - 3 38,b1b4 d5d1 h1h2 d1d6 g2g3 d6d2,2219,77,87,265,crushing endgame long master queenRookEndgame,https://lichess.org/9XQQnYEH#75,
Xq6ma,8/5rk1/P2KP1p1/1Q6/8/7p/8/r7 b - - 0 56,f7f6 b5b7 g7h6 a6a7,2223,79,86,99,advancedPawn crushing endgame master queenRookEndgame short,https://lichess.org/vPIHC1sK/black#112,
Xr7J7,8/7R/p5p1/8/7P/4K3/5R2/1q4k1 w - - 4 46,h7f7 b1e1 f2e2 e1c3,2355,77,93,288,crushing endgame queenRookEndgame short,https://lichess.org/92zcXp82#91,
XxdId,6R1/8/5p2/1p1p1k1R/p5p1/q5P1/5PKP/8 b - - 0 45,f5e4 g8g4 e4d3 h5d5 d3c3 d5b5,2277,94,90,366,crushing deflection endgame long queenRookEndgame,https://lichess.org/kPbFmNmw/black#90,
XyQri,1r6/1r3p1R/5Qp1/3p2P1/p3pPk1/P2pP3/1P4P1/1K6 w - - 3 37,h7f7 d3d2 f6e6 g4g3 f7b7 d2d1q,2252,92,91,726,advancedPawn crushing defensiveMove endgame long promotion queenRookEndgame,https://lichess.org/2gzslV2X#73,
Y1wjd,8/ppp5/4R1k1/7p/8/6q1/P5P1/4R1K1 b - - 1 40,g6g5 e1e3 g3g4 e3e5 g5f4 e5e4,2443,81,76,119,crushing endgame long queenRookEndgame,https://lichess.org/jKGPK9nU/black#80,
Y2oX2,6k1/3r1p2/5Qp1/5pKp/7P/4P1P1/5r2/8 b - - 1 41,f2f3 g5h6 g8f8 f6c6 f8e7 c6f3,2353,91,90,2016,crushing endgame fork long master queenRookEndgame,https://lichess.org/wDA19Zy9/black#82,
Y46Tw,8/pp6/2p2R1p/3p2pk/3P4/2PK2R1/q7/8 b - - 0 47,h5h4 g3g1 h6h5 g1h1 h4g3 h1g1 g3h2 g1g5,2249,152,12,26,endgame equality queenRookEndgame skewer veryLong,https://lichess.org/HAeDuUnG/black#94,
Y9GId,3Q4/7p/6k1/5p2/8/6PK/P1r4P/7r w - - 13 51,d8d6 g6h5 g3g4 f5g4 h3g3 h1g1 g3f4 g1f1,2417,86,86,134,crushing defensiveMove endgame queenRookEndgame veryLong,https://lichess.org/Af3sUHBa#101,
YDGMV,8/7P/1R6/8/r7/k5P1/p4PK1/8 b - - 0 53,a2a1q b6b8 a4h4 b8a8 a3b4 a8a1,2248,77,93,1812,crushing endgame long queenRookEndgame quietMove skewer,https://lichess.org/qC0A62f8/black#106,
YDPO7,4r2r/pp1Qp1kp/2q1P1P1/2p1pp2/8/2P5/PP3P2/K5RR b - - 0 24,c6d7 g6h7 g7f8 e6d7 e8d8 g1g8 h8g8 h7h8q,2420,78,93,1680,advancedPawn crushing discoveredAttack discoveredCheck endgame intermezzo promotion queenRookEndgame veryLong,https://lichess.org/nFrK0Xuv/black#48,
YEIoq,8/8/6pk/4K3/7r/5p2/7p/7Q w - - 0 58,h1c1 h6h5 e5f6 h5g4,2481,98,82,38,crushing defensiveMove endgame queenRookEndgame short,https://lichess.org/IQvOH2jm#115,
YEQO6,8/p7/4R1R1/6k1/1q6/3p4/6PK/8 b - - 1 45,g5f5 g2g4 f5f4 h2h3 b4c5 g6f6,2471,83,93,4242,crushing endgame long queenRookEndgame,https://lichess.org/VtyQnhjv/black#90,
YG3I7,8/3R4/p5pk/1p3p2/1P6/P5P1/5PK1/2qR4 b - - 5 45,c1a3 d1h1 h6g5 f2f4 g5f6 h1d1,2377,79,81,100,crushing defensiveMove endgame long queenRookEndgame,https://lichess.org/FiVZzKmV/black#90,
YGwW5,5r2/P4P2/6k1/5Rp1/4p1P1/2pp4/4P3/4K3 w - - 0 41,a7a8q d3d2 e1d1 f8a8,2343,78,95,1282,advancedPawn crushing endgame queenRookEndgame short,https://lichess.org/BuLYlzP9#81,
YIYug,5rk1/Q4pp1/7p/8/7P/p4PP1/1p3PK1/8 w - - 0 39,a7b6 f8a8 b6b7 a8a5,2431,90,90,337,crushing defensiveMove endgame master queenRookEndgame quietMove short,https://lichess.org/3M3LTwou#77,
YKfHK,5r2/p6p/6pk/2Q5/8/4Rr1P/PP1p4/6K1 w - - 0 39,e3d3 f3d3 c5f8 h6h5,2345,77,92,4453,crushing endgame queenRookEndgame short,https://lichess.org/ZaLg55ua#77,
YKy41,8/8/8/2kpq3/1p4R1/6R1/PKP5/8 w - - 6 47,b2b3 e5a1 g4b4 a1b1 b3c3 b1b4,2270,81,87,143,crushing endgame exposedKing long queenRookEndgame,https://lichess.org/CNqmacHk#93,
YL1NS,8/6p1/4p1k1/3pP3/3r4/1P4K1/1Q3PP1/3r4 w - - 2 49,b3b4 d4d2 b2b3 d2d3 b3d3 d1d3,2367,102,90,148,crushing endgame exposedKing fork long master queenRookEndgame,https://lichess.org/P0H3sodQ#97,
YUvMR,8/5pkp/6p1/pp1R4/qP6/P3R1PP/7K/8 w - - 0 37,b4a5 a4c2 h2g1 c2b1 g1f2 b1a2 f2e1 a2d5,2296,80,93,3204,crushing endgame fork queenRookEndgame veryLong,https://lichess.org/6MDmZ2ag#73,
YUyya,8/3q4/p2p3p/2pPp2k/2P2p2/P1R2P2/7K/6R1 b - - 5 40,h5h4 g1g4 h4h5 c3c1 e5e4 c1h1 d7g4 f3g4,2490,92,87,183,crushing endgame queenRookEndgame quietMove veryLong,https://lichess.org/1HKRKrRL/black#80,
YWPFa,8/pp6/3k3P/8/3pp3/P1R3P1/qPK2P2/1R6 b - - 0 41,d4c3 h6h7 a2c4 b1d1 d6e6 h7h8q,2383,78,83,117,advancedPawn advantage endgame exposedKing long promotion queenRookEndgame,https://lichess.org/ZViz4nwG/black#82,
YWXhr,8/1Q6/p4p2/3rr2p/7P/5k1K/PP6/8 w - - 0 48,b7a6 e5e3 a6f6 f3e4 h3g2 d5d2,2335,83,85,84,crushing discoveredAttack discoveredCheck endgame long queenRookEndgame quietMove,https://lichess.org/HDgVN7CY#95,
YcCtK,8/4k2P/8/1R6/4p1P1/P3P1K1/1pp5/8 b - - 0 50,c2c1q b5b7 e7e6 h7h8q c1e3 g3h4 e3e1 h4g5 e1c1 g5g6,2436,82,70,100,advancedPawn crushing defensiveMove endgame promotion queenRookEndgame veryLong,https://lichess.org/vQGQFkQP/black#100,
YdPjQ,8/8/2p2pkp/8/6q1/8/1R4P1/2R4K w - - 0 39,c1c6 g4h4 h1g1 h4e1,2241,83,76,59,crushing endgame queenRookEndgame short,https://lichess.org/Pq0qvvQG#77,
YdnzZ,8/5Q2/7p/6pP/3r4/6k1/2K1p3/8 w - - 0 63,f7e6 g3f2 e6e5 e2e1q,2230,97,87,619,advancedPawn advantage endgame promotion queenRookEndgame short,https://lichess.org/eXCk8vbX#125,
YgHk4,1r6/r6p/5Qpk/8/pp2pKP1/8/5P2/8 b - - 0 44,a4a3 f6g5 h6g7 g5e5,2273,83,87,445,crushing endgame queenRookEndgame short,https://lichess.org/P5VqwGTq/black#88,
YhMds,6k1/pp2R1pp/3p1p2/2pP4/1q3P2/7P/PP4P1/4R1K1 b - - 0 26,b4b2 e7e8 g8f7 f4f5 b2d4 g1h1,2202,77,81,238,crushing defensiveMove endgame long queenRookEndgame quietMove,https://lichess.org/UOkk4gUz/black#52,
YiKZI,8/8/8/5p1k/6p1/4r1Kp/2Q5/8 w - - 4 65,g3f4 e3f3 f4e5 h5h4 c2d2 h4g3,2402,90,86,76,crushing defensiveMove endgame long queenRookEndgame,https://lichess.org/Rv0ecqfa#129,
Yjjea,6rk/8/7K/5r2/PPQ2P1P/8/8/8 w - - 3 65,c4e4 g8f8 e4d4 f8f6 d4f6 f5f6,2249,75,94,7809,crushing endgame long queenRookEndgame quietMove,https://lichess.org/2JXTsvxt#129,
YlMMG,5r1k/1pp1R1p1/p6r/8/PP4Q1/2PP4/5K1p/8 w - - 2 30,f2e2 f8g8 g4f3 h2h1q f3h1 h6h1,2353,77,92,916,advancedPawn advantage endgame long promotion queenRookEndgame quietMove,https://lichess.org/GwyZHJmG#59,
YnzOJ,8/p7/2p5/1p1k2pp/5p1q/2PR3P/PP2R1P1/6K1 b - - 1 34,d5c4 d3d4 c4c5 b2b4,2351,91,79,409,crushing endgame queenRookEndgame short,https://lichess.org/Q4dwpptu/black#68,
Yrn8y,8/1R3R1p/2q1p1pk/p3p3/7P/p1P5/5PP1/6K1 b - - 0 34,g6g5 f7f6 h6h5 b7h7,2330,85,87,1398,crushing deflection discoveredAttack endgame master queenRookEndgame short,https://lichess.org/3YZZfBvm/black#68,
YtjpX,5r1k/p2Q1p1p/4pP2/1p4P1/2p5/2P3KP/Pr6/8 b - - 2 39,b2a2 g5g6 h7g6 d7d4,2419,85,65,59,crushing endgame queenRookEndgame short,https://lichess.org/GOmvmtaf/black#78,
Yuhcj,4r1k1/R5pp/8/p7/5pP1/1PP1rK1P/P2p4/3Q4 w - - 4 37,f3f4 e8e4 f4g5 e4e5 g5h4 g7g5 h4h5 e3h3,2303,114,83,43,deflection endgame mate mateIn4 queenRookEndgame veryLong,https://lichess.org/wjyU71an#73,
Z0lVT,3Q4/pp4rp/4k3/7P/1P6/5P2/P4P1K/6r1 w - - 1 42,h5h6 g7g2 h2h3 g2g8 d8c7 g1h1,2248,90,90,1711,crushing endgame long queenRookEndgame,https://lichess.org/D3ipgkcc#83,
Z1VS5,8/p7/8/2p3p1/2Kp4/4pkr1/P6Q/8 w - - 2 48,c4d3 c5c4 d3c4 e3e2,2279,86,90,1159,advancedPawn crushing endgame master queenRookEndgame short,https://lichess.org/fqojvyM3#95,
Z1aQb,8/5p2/p3p2P/5kP1/2R2P2/3q2K1/8/2R5 w - - 1 52,g3h4 d3f3 c4c5 e6e5 c5e5 f5f4 c1c4 f4e5,2236,105,74,25,attraction crushing defensiveMove endgame queenRookEndgame veryLong,https://lichess.org/qK3KZgKb#103,
Z1kGt,8/5R1R/8/6p1/6k1/6P1/5q1K/8 w - - 0 47,h2h1 f2e1 h1g2 e1e2 f7f2 e2e4,2484,110,90,3102,crushing endgame exposedKing long master queenRookEndgame,https://lichess.org/TgYCsIT0#93,
Z1s22,q7/3k2pp/p7/1ppp4/8/4R3/P4PPP/4R1K1 b - - 1 24,d5d4 e3e7 d7c6 e7e8 a8a7 e1e7 a7e7 e8e7,2211,77,94,1190,advantage clearance endgame queenRookEndgame veryLong,https://lichess.org/BNQGwlVu/black#48,
Z3MG7,r7/5pkp/p4p2/2Q5/4r3/2pP4/PPP2PPP/6K1 w - - 0 27,d3e4 a8d8 g1f1 c3b2 c5b6 d8d1 f1e2 b2b1q b6b1 d1b1,2344,85,73,146,advancedPawn crushing endgame promotion queenRookEndgame quietMove veryLong,https://lichess.org/SYAFiSyx#53,
Z5ZxD,r7/2r5/pk5P/1p3Q2/3PpP2/pK2P3/8/8 w - - 1 40,f5e4 a8c8 b3a3 c7c2,2208,88,85,50,crushing defensiveMove endgame queenRookEndgame quietMove short,https://lichess.org/tT98Vc9H#79,
Z5o2R,6k1/r3Kp2/4p1p1/6P1/1Q2Pr2/1P1P4/8/8 w - - 2 50,e7d8 f7f6 b4d6 f6g5,2362,105,89,675,crushing endgame master queenRookEndgame short,https://lichess.org/y1HCVBX6#99,
Z6UAs,1k6/p4p1p/4p1p1/4P3/P1r5/2p2KP1/2Qp1P1P/3Rr3 b - - 0 37,e1d1 c2b3 b8a8 b3c4 d1b1 c4c8 b1b8 c8c6,2396,81,83,116,advantage endgame fork queenRookEndgame veryLong,https://lichess.org/ZKFbOzp5/black#74,
Z96ot,4q3/p3P2p/5R2/2p3P1/P1P1kP1K/1P5P/8/8 w - - 5 55,f4f5 e4f4 f6e6 e8g8 g5g6 h7g6 e6e4 f4e4,2345,113,90,1379,crushing endgame master masterVsMaster queenRookEndgame veryLong,https://lichess.org/uWp2q8Ha#109,
ZCm1W,R7/7k/P4p1p/2p5/3q4/8/1P4P1/R6K b - - 7 40,d4b2 a1d1 b2a2 a6a7,2439,84,77,104,advancedPawn crushing endgame queenRookEndgame quietMove short,https://lichess.org/EdWgW2FF/black#80,
ZE79C,8/3k1p1p/p3p3/1pRpP3/1P3P2/P1R3KP/4q3/8 b - - 4 31,e2e1 g3g4 e1e2 g4g5 e2g2 g5h4,2383,84,71,89,crushing defensiveMove endgame long queenRookEndgame,https://lichess.org/uVRnHB04/black#62,
ZGpPR,8/7p/1p4k1/2p5/p1P1RK1q/3P1R2/P7/8 w - - 3 51,f4e5 h4h5 e5d6 h5f3,2204,76,92,7722,crushing endgame fork master queenRookEndgame short,https://lichess.org/Hn1y99aI#101,
ZHqi7,5r2/5p1k/1p2RQp1/p5Kp/1r5P/6P1/5P2/8 w - - 0 35,f2f3 b4b5 g5f4 f7e6 f6f8 b5f5,2348,102,90,1839,crushing endgame long master pin queenRookEndgame,https://lichess.org/AEivgbM8#69,
ZKplP,1R6/2p5/8/p1p1p3/2k1p3/2q1P3/1R6/5K2 b - - 5 51,c4d3 b2b3 c3b3 b8b3,2273,78,87,610,advantage endgame master pin queenRookEndgame short,https://lichess.org/1IXhfUBb/black#102,
ZPRDV,8/4R2R/2p2pp1/pp3k2/5P1P/2q2PK1/8/8 b - - 0 32,a5a4 h7f7 b5b4 e7e5 c3e5 f4e5,2253,75,91,3226,advantage endgame long pin queenRookEndgame,https://lichess.org/AWtunZ5d/black#64,
ZQrTk,R7/2p2prk/1p1q3Q/2p5/4PPP1/1P1P4/1PP4K/7R b - - 0 29,h7h6 h2g3 h6g6 e4e5,2406,81,75,164,crushing discoveredAttack discoveredCheck endgame queenRookEndgame short,https://lichess.org/DkkCALbG/black#58,
ZXPlZ,8/5K2/2Q2P2/4r3/1pk3r1/3p4/8/8 b - - 1 60,e5c5 c6e6 c4c3 e6g4 b4b3 g4g1,2253,80,90,212,crushing endgame fork long queenRookEndgame,https://lichess.org/jiIOYUhe/black#120,
ZcovK,2k5/pp5R/2ppp1R1/4p3/4P3/P4P2/1PK2P2/5q2 b - - 12 38,f1f2 c2b3 f2f3 b3a2 f3f8 g6g7 f8g7 h7g7,2401,80,93,1347,advantage endgame queenRookEndgame veryLong,https://lichess.org/YGrVkXUp/black#76,
ZgzUm,1Q6/p4p1k/4p1p1/6Kp/7P/1P3P2/r6r/8 b - - 5 34,a2g2 g5f6 g2f2 b8b7 f2f3 b7f3,2277,80,84,141,advantage defensiveMove endgame long queenRookEndgame,https://lichess.org/cOv61vRe/black#68,
ZiP6r,r7/8/8/1pR5/5P2/3k3K/8/q1R5 b - - 3 49,a1d4 c1d1 d3e3 d1d4 e3d4 c5b5 d4e4 h3g4 a8g8 b5g5,2322,78,92,494,crushing endgame queenRookEndgame skewer veryLong,https://lichess.org/n03ShNCC/black#98,
ZjVld,5Q2/8/4p1p1/5pk1/1PP1p2P/4P3/r4rP1/6K1 b - - 0 36,g5h4 f8h6 h4g4 h6g6,2246,78,87,509,crushing endgame queenRookEndgame short,https://lichess.org/NgAGsyy3/black#72,
Zmqu1,8/5pk1/6p1/1R1RP2p/5q1P/5P1K/6P1/8 w - - 1 41,b5c5 g6g5 g2g3 f4f3,2344,90,86,52,crushing endgame queenRookEndgame short,https://lichess.org/yzcgaueJ#81,
Zn8pT,2r5/5p2/3P2pk/6p1/3QP1P1/7P/r3K3/8 w - - 5 50,e2f3 c8a8 f3e3 a8a3,2453,82,90,81,crushing endgame master queenRookEndgame quietMove short,https://lichess.org/PfmaQz81#99,
ZnYzv,8/p1P5/8/3K4/1PR5/8/4k3/q7 b - - 2 51,a1d1 d5e6 d1h1 c7c8q,2431,77,92,1888,advancedPawn crushing defensiveMove endgame master promotion queenRookEndgame short,https://lichess.org/x94DL7rT/black#102,
ZoqkK,rr3k2/2Q1pp1p/3p2p1/p2P4/1p6/8/5PPP/1R4K1 w - - 5 29,b1a1 b4b3 c7c3 f8g8 a1b1 a5a4,2453,92,81,117,advantage defensiveMove endgame long queenRookEndgame,https://lichess.org/STdo3lUD#57,
ZpnA0,8/6pk/6p1/3Q4/3P4/7P/1p3PPK/1r6 w - - 0 41,h2g3 b1e1 d5b3 b2b1q b3b1 e1b1,2342,91,90,730,advancedPawn clearance crushing endgame long promotion queenRookEndgame quietMove,https://lichess.org/Hdguhl33#81,
Zqpno,1Q6/2P3kp/6p1/5pK1/3PrP2/r6P/6P1/8 w - - 1 39,g2g3 a3g3 g5h4 e4e3 b8f8 g7f8 c7c8q f8g7,2410,95,62,148,crushing defensiveMove endgame queenRookEndgame quietMove veryLong,https://lichess.org/6oFqKjGH#77,
Zsfyc,6r1/4R3/1qp1R2p/3p1kp1/1p6/2P3PP/P7/7K b - - 0 33,b6b8 g3g4 f5f4 e6f6 f4g3 e7e3 g3h4 f6h6,2337,82,94,11631,endgame mate mateIn4 queenRookEndgame veryLong,https://lichess.org/ylZD9jbq/black#66,
Zxx3G,6k1/5p2/6pQ/p7/Pp2p3/2p5/2Kr1PPP/8 w - - 4 41,c2b3 d2b2 b3c4 b2b1 h6g5 c3c2,2375,92,86,45,advancedPawn crushing endgame long queenRookEndgame quietMove,https://lichess.org/0eFNxsaz#81,
ZylHb,8/8/p1k2p2/Pp1R2p1/1P4P1/2q2P2/8/3RK3 w - - 0 49,d1d2 c3e3 d2e2 e3g1 e1d2 c6d5,2287,96,90,3755,crushing endgame exposedKing long queenRookEndgame,https://lichess.org/Tq93PECH#97,
a0cii,6k1/4Kp1p/6p1/pq2P3/3R1P2/2R5/8/8 b - - 1 41,b5b7 e7f6 h7h5 d4d8 g8h7 c3c8 b7b6 f6f7,2406,86,84,90,crushing defensiveMove endgame queenRookEndgame quietMove veryLong,https://lichess.org/7c7J0Ujk/black#82,
a1KxS,5k2/1R6/p1p5/8/1P6/P5K1/q6R/8 b - - 13 51,a2a3 g3g4 a3a1 h2h8 a1h8 b7b8 f8g7 b8h8,2200,136,41,15,crushing defensiveMove endgame exposedKing queenRookEndgame sacrifice skewer veryLong,https://lichess.org/qwVyJVyj/black#102,
a7FOn,8/6k1/4ppp1/6r1/P6p/4K3/8/5Q2 w - - 0 39,f1e1 g5e5 e3d2 e5e1 d2e1 e6e5,2311,85,82,67,crushing defensiveMove endgame long queenRookEndgame skewer,https://lichess.org/DXTz3mWj#77,
a7Jsf,8/6pk/8/Q3p2p/4P3/3p3P/R1p2PPK/3r4 w - - 0 38,a2a1 d1a1 a5a1 d3d2 a1e5 d2d1q e5f5 h7g8,2257,81,45,64,advancedPawn crushing defensiveMove endgame promotion queenRookEndgame veryLong,https://lichess.org/Z7cfsNoD#75,
aBslF,q7/P3R1pk/4p2p/7P/8/3p4/6P1/R4K2 b - - 0 43,d3d2 e7d7 a8f8 f1e2,2345,79,91,6058,crushing defensiveMove endgame master masterVsMaster queenRookEndgame short,https://lichess.org/7tOOjv9v/black#86,
aGQEE,2Q5/6pk/1P1p2r1/p7/P7/6r1/7K/8 b - - 1 56,g3g5 c8h3 g6h6 b6b7 g5h5 h3h5,2281,86,94,466,advancedPawn advantage endgame long queenRookEndgame,https://lichess.org/XSg0xx4s/black#112,
aIWrE,8/2Q5/6k1/4ppp1/8/6P1/1r1r1PKP/8 w - - 4 62,c7e5 d2f2 g2g1 f2e2 e5d6 g6h5,2217,77,93,1163,crushing defensiveMove endgame long queenRookEndgame,https://lichess.org/UWX1FZfP#123,
aIbG8,2r5/p7/1p1p1k1p/3P2pP/2pR1p2/2Pn1P2/P1QK2P1/4r3 w - - 0 39,d4d3 c8e8 d3e3 e8e3 c2g6 f6e7,2281,81,84,70,crushing endgame long queenRookEndgame quietMove,https://lichess.org/R234nzXA#77,
aRWjr,Q7/8/8/4p3/1kP1P3/r7/p3K3/8 w - - 2 65,a8b7 b4c3 b7d5 a2a1q d5d2 c3b3,2253,80,85,70,advancedPawn crushing defensiveMove endgame long promotion queenRookEndgame,https://lichess.org/sv3eFsaW#129,
aY0jG,1R6/5p2/P1k1p1pp/8/8/6P1/5PKP/2q5 b - - 1 49,c6c7 a6a7 c1c6 g2h3 c6b7 b8f8 b7a7 f8f7,2388,77,91,4906,advancedPawn crushing defensiveMove endgame queenRookEndgame veryLong,https://lichess.org/qUMpQxKI/black#98,
aYTYo,8/1p1r4/p1prk1p1/6P1/P2PP3/1PK1Q3/8/8 b - - 0 45,d6d4 e3d4 d7d4 c3d4 a6a5 d4c5 e6e5 c5b6 e5e4 b6a5,2326,102,91,293,crushing endgame queenRookEndgame veryLong,https://lichess.org/jkEhlao7/black#90,
aanTM,8/1R3p1p/2p1k3/p3P1pq/2pP1PR1/2P2K2/5P1P/8 w - - 1 34,b7c7 e6f5 h2h3 h5h3,2260,79,75,147,crushing endgame master queenRookEndgame short,https://lichess.org/N2NyM85x#67,
ahkUD,3r2k1/5p2/1Q4p1/p5Kp/P7/5r1P/5P2/8 b - - 0 34,d8f8 g5h6 f8e8 b6c6 g8f8 c6f3,2337,77,94,740,crushing endgame fork long queenRookEndgame,https://lichess.org/DE228Qo2/black#68,
amMSD,q7/P6p/5pp1/8/R5k1/6P1/5P1P/6K1 b - - 8 36,g4f3 g1f1 g6g5 g3g4 h7h5 g4h5 f6f5 h5h6,2384,107,71,54,crushing endgame master queenRookEndgame quietMove veryLong zugzwang,https://lichess.org/7BtlzwIS/black#72,
asZX9,8/p7/1pK5/8/1PQ5/2r5/P2k4/8 w - - 1 57,c6b5 a7a6 b5a6 c3c4 b4b5 d2c3,2463,89,100,56,crushing defensiveMove endgame long queenRookEndgame,https://lichess.org/LS4cWh6j#113,
at9qG,8/8/2q5/p3R1R1/1p3k2/8/5PK1/8 w - - 1 48,g2h2 c6f6 e5a5 f6g5 a5g5 f4g5,2356,101,38,26,crushing endgame long queenRookEndgame,https://lichess.org/B0RO8jmR#95,
b0Y9i,8/1p3Kpk/2p3R1/3p2PP/8/8/pr6/8 b - - 1 44,a2a1q g6h6 g7h6 g5g6 h7h8 g6g7 h8h7 g7g8q,2258,80,95,2989,advancedPawn endgame mate mateIn4 promotion queenRookEndgame sacrifice veryLong,https://lichess.org/GHZDnxYy/black#88,
b1nuG,2r5/pQ3pk1/8/4Pp2/5P2/P1r3P1/5K1P/8 w - - 0 36,b7a7 c3b3 f2e1 c8c2,2457,82,71,101,clearance crushing endgame master queenRookEndgame short,https://lichess.org/8RxSxxuy#71,
b1siv,8/2p3pk/3p1P2/P7/5RK1/q5P1/7P/8 b - - 0 51,a3a5 f6f7 h7g6 h2h4,2285,96,90,1755,advancedPawn crushing defensiveMove endgame master queenRookEndgame short,https://lichess.org/Y8tLrY5b/black#102,
b5Esr,3r4/5pkp/1P4p1/P7/1Q6/3pp3/6PP/5K2 w - - 0 44,f1e1 d3d2 b4d2 e3d2 e1d1 d8b8,2301,78,77,255,advancedPawn advantage endgame exposedKing long master queenRookEndgame,https://lichess.org/vorsvmwC#87,
b5hL8,3r3k/6p1/p4p2/2Q1pP2/1PP4p/P6P/5PPK/1r6 w - - 0 33,c5b6 d8d1 g2g3 d1h1 h2g2 e5e4,2213,81,73,326,advantage defensiveMove endgame long queenRookEndgame quietMove,https://lichess.org/qhaf3lfo#65,
b6HQf,8/6pk/7p/3R3P/2KR4/6q1/8/8 b - - 14 58,g7g5 d5d7 h7g8 d7b7 g3a3 d4d8,2262,93,79,29,clearance crushing endgame long queenRookEndgame quietMove,https://lichess.org/RH3iWGmM/black#116,
b6PSn,8/q5P1/6K1/2k5/5P2/8/6R1/8 b - - 3 61,a7b6 g6h5 b6b1 g2g5 c5b4 g7g8q,2456,88,80,187,advancedPawn crushing defensiveMove endgame long promotion queenRookEndgame,https://lichess.org/wODpxgW7/black#122,
b9DnQ,3kr3/pp1r2p1/3Q4/5P1p/1P6/P4P1P/4p3/2R3K1 w - - 4 32,d6g3 d7d1 g1g2 d1c1 g3g5 e8e7 g5d2 d8e8 d2c1 e2e1q c1e1 e7e1,2290,80,93,1068,advancedPawn crushing endgame promotion queenRookEndgame veryLong,https://lichess.org/aJUmBz1s#63,
bEJgo,8/1R3R2/2p3pk/7p/3q1P2/p7/6PK/8 b - - 2 36,g6g5 b7d7 d4f4 f7f4,2255,84,86,51,crushing endgame queenRookEndgame short,https://lichess.org/wJsBBKCI/black#72,
bNBol,8/p4p1p/5Qpk/8/7K/1P5P/P1P2Pr1/7r w - - 0 31,f2f4 h1f1 f6f7 f1f4 f7f4 g6g5,2294,81,87,61,crushing endgame long master masterVsMaster queenRookEndgame sacrifice,https://lichess.org/bQZSRyhA#61,
bNyOl,7r/8/7p/5r2/1pP5/4k1P1/PP5P/n2Q3K w - - 0 44,d1a1 e3e2 h1g2 f5f2 g2h3 f2f1 a1f1 e2f1,2288,87,80,64,crushing endgame queenRookEndgame trappedPiece veryLong,https://lichess.org/InWozgpU#87,
bOdcZ,Q7/3pk3/p3p3/8/6P1/1PpPp3/P4r1P/3K4 w - - 0 28,a8e4 c3c2 d1c1 e3e2,2264,80,97,371,advancedPawn crushing endgame master queenRookEndgame short,https://lichess.org/Ch7aqgwS#55,
bOy9v,8/7k/8/8/8/5R2/6PK/4q3 b - - 3 50,e1h4 f3h3 h4h6 h2g3 h7g6 h3h6,2280,76,92,4881,crushing endgame long pin queenRookEndgame,https://lichess.org/20bBbUdF/black#100,
bPltP,4r1k1/6p1/Q7/2P3P1/1P2rK2/P6P/8/8 w - - 1 51,f4f5 e8e5 f5g6 e5e6 a6e6 e4e6 g6f5 g8f7,2274,90,67,69,advantage defensiveMove endgame fork queenRookEndgame veryLong,https://lichess.org/0mdPGx6u#101,
bQg07,8/8/5r2/2P3kp/6p1/P5K1/5p2/5Q2 w - - 1 49,f1f2 h5h4 g3g2 h4h3 g2g1 f6f2,2234,76,96,184,crushing endgame exposedKing long queenRookEndgame,https://lichess.org/cFVe98vp#97,
bVYEI,8/2R5/5R2/2kpp1p1/4q3/7P/6P1/7K b - - 7 59,c5b5 c7c1 g5g4 f6f8 b5b6 f8b8,2461,102,86,56,crushing endgame long queenRookEndgame quietMove,https://lichess.org/oxju95wb/black#118,
bWT7Z,2q5/6kp/4R1p1/1p6/2p2PP1/4R1K1/7P/8 b - - 0 49,c4c3 e6e8 c8e8 e3e8,2354,85,86,76,crushing endgame queenRookEndgame short,https://lichess.org/HQmS3hcp/black#98,
bXhKP,6k1/7p/p3R1p1/4P3/2p2qP1/P6P/1P2K1P1/8 b - - 0 33,g8f7 e6f6 f4f6 e5f6 f7f6 e2d2,2359,98,90,1063,crushing defensiveMove endgame fork long queenRookEndgame,https://lichess.org/G6Pfd9hW/black#66,
bZ3gY,1k6/1R6/1KP5/1P6/q7/8/8/8 b - - 14 60,b8a8 b7d7 a4h4 d7a7 a8b8 c6c7 b8c8 a7a8,2278,77,81,259,advancedPawn crushing endgame exposedKing queenRookEndgame quietMove veryLong,https://lichess.org/mNXHupgn/black#120,
bbAON,1R6/3r2kp/3r2p1/Pp6/1P4Q1/3p1P1P/6P1/6K1 w - - 0 40,g4e4 d3d2 e4e5 g7h6 e5f4 g6g5,2237,82,88,357,advancedPawn advantage defensiveMove endgame long queenRookEndgame,https://lichess.org/p6d0a2DR#79,
bbiIM,8/P7/5p2/5p1p/R6K/6PP/3k4/4q3 b - - 0 60,f5f4 a4a2 d2c3 a2a3 c3b2 a7a8q,2288,86,96,1265,advancedPawn crushing endgame long promotion queenRookEndgame,https://lichess.org/NIojteWW/black#120,
bgYqX,3rr3/8/8/5P2/2Q3P1/1P1p3P/P7/3k2K1 w - - 6 44,c4c3 d3d2 g1f2 e8e2,2233,86,82,82,advancedPawn advantage endgame queenRookEndgame short,https://lichess.org/8iDGVxos#87,
bihw9,2k5/p1r5/1p1r1P2/1P2Q3/1K6/P7/8/8 b - - 2 70,d6d1 e5f5 c8d8 f6f7 d1b1 f5b1,2263,84,80,96,advancedPawn crushing endgame long queenRookEndgame,https://lichess.org/XrWeupUt/black#140,
bm2Uj,8/5pk1/7p/1q2P1p1/2R3P1/2R2PKP/8/8 w - - 2 47,c4e4 b5b1 g3f2 b1b2 e4e2 b2c3,2486,81,96,351,advantage endgame fork long queenRookEndgame,https://lichess.org/7Z8EwM8h#93,
bmk2H,6k1/6p1/1P2p3/p3P3/3R4/P7/1Pr4q/KR6 b - - 0 32,h2e5 d4d8 g8h7 b6b7 c2c3 b2c3,2475,97,86,102,advancedPawn advantage endgame long queenRookEndgame,https://lichess.org/ury2RpNH/black#64,
bn1UQ,8/2q5/1p1R2Rp/p3p1pk/8/4P3/5PK1/8 b - - 3 45,c7b7 g2g3 b7h7 g6e6 a5a4 f2f3,2302,116,87,58,crushing defensiveMove endgame long queenRookEndgame,https://lichess.org/TkWUK2Rk/black#90,
brsAQ,8/3r1k2/3r4/4Q1P1/3PK3/8/6P1/8 w - - 23 63,g2g4 d7e7 e5e7 f7e7,2334,93,87,709,crushing endgame pin queenRookEndgame short,https://lichess.org/2rGYn73b#125,
bsxQH,2q5/p1P1k3/P1R1p1P1/4K3/5P2/8/8/8 b - - 0 42,e7f8 e5f6 f8g8 g6g7 e6e5 f4e5,2323,89,86,554,advancedPawn crushing endgame long queenRookEndgame,https://lichess.org/Q8kXws7w/black#84,
bw8DI,8/6k1/3PR1p1/2p5/q3KP2/1p6/2PR4/8 w - - 0 41,e4e3 b3c2 e6e7 g7f6 d2c2 a4c2,2279,83,87,190,advancedPawn crushing endgame long queenRookEndgame,https://lichess.org/IiCcptkS#81,
bwdGm,2Q5/5kp1/p1p2r2/2Pp4/PP6/2P1KrPP/8/8 w - - 6 36,e3d4 f6e6 c8d7 f7f6,2212,82,87,47,crushing defensiveMove endgame queenRookEndgame quietMove short,https://lichess.org/qoXwOzck#71,
bzYoh,5rk1/1P4p1/8/8/4Q2p/7P/1r4P1/6K1 b - - 8 54,f8b8 e4e6 g8h7 e6f5,2313,108,67,39,crushing endgame queenRookEndgame short,https://lichess.org/on7Us4DS/black#108,
c07ub,2r5/5pkp/4p1p1/8/4Q3/5P2/2p3PP/1rR4K w - - 1 46,e4e5 g7g8 e5g5 c8b8,2438,108,90,1280,crushing defensiveMove endgame pin queenRookEndgame short,https://lichess.org/NWCC2pN6#91,
c6AfR,6k1/1pp3P1/3p4/8/3P4/1qP5/1p3R2/1K3R2 b - - 0 36,b3c3 f2f8 g8g7 f8f3 c3f3 f1f3,2273,85,88,74,crushing endgame long queenRookEndgame,https://lichess.org/cSRDcVqc/black#72,
c7m2e,5rk1/3Q3p/p1P3p1/8/2P5/8/P5K1/5r2 b - - 4 31,f8f3 d7d5 g8f8 d5f3 f1f3 c6c7 f3e3 c7c8q,2423,83,94,2638,advancedPawn crushing endgame promotion queenRookEndgame sacrifice veryLong,https://lichess.org/yAPtL5kb/black#62,
cBLk5,8/8/1k2P3/3RKP1q/8/7P/6P1/8 b - - 0 54,h5e2 e5f6 e2e3 e6e7,2334,85,86,124,advancedPawn advantage defensiveMove endgame master queenRookEndgame short,https://lichess.org/en7QAfwv/black#108,
cHdKN,8/8/2Qrk1p1/7p/4K2P/8/3p2P1/8 w - - 2 61,c6c4 e6e7 c4c7 d6d7 c7c3 d2d1q,2241,94,90,2442,advancedPawn crushing defensiveMove endgame long promotion queenRookEndgame,https://lichess.org/j1hzbfiV#121,
cHf2J,8/8/3r3k/6p1/4Q1P1/1r5P/8/6K1 w - - 12 54,e4e5 b3b1 g1f2 d6d2 f2e3 b1e1 e3d2 e1e5,2227,81,87,132,crushing endgame exposedKing queenRookEndgame skewer veryLong,https://lichess.org/kfjXaAlU#107,
cHuK7,r3r1k1/5ppp/8/p2p4/2pP4/2P3Q1/1p3PPP/1R4K1 w - - 0 24,h2h3 e8b8 g3d6 a5a4 d6a3 b8b3,2408,77,97,243,advantage endgame long queenRookEndgame quietMove,https://lichess.org/h7ajzC9j#47,
cIbPs,8/2k2r2/3p1r2/1p1Pp3/1P4Q1/8/P1K2P2/8 w - - 5 44,c2c3 f6f2 c3d3 f7f3 g4f3 f2f3,2306,78,92,5049,crushing endgame long queenRookEndgame,https://lichess.org/Rz9AhVAC#87,
cIyAh,8/1R5R/p5p1/6k1/8/3pq1P1/7P/3K4 w - - 0 36,b7e7 e3f2 h2h4 g5g4,2250,77,94,729,crushing defensiveMove endgame queenRookEndgame short,https://lichess.org/1hNqDHmJ#71,
cKeUT,2Q5/5prk/8/5P1K/5P1P/8/PPP3r1/8 w - - 3 44,c8d7 g2g6 f5g6 f7g6 h5g5 g7d7,2397,77,90,2188,advantage endgame long queenRookEndgame quietMove sacrifice,https://lichess.org/AQX3i39d#87,
cNo1X,8/2R5/2Pp2kp/pp6/2q5/8/6R1/6K1 b - - 1 56,g6h5 c7g7 c4c5 g1h2 c5c6 g7g3,2468,88,86,109,crushing defensiveMove endgame long queenRookEndgame quietMove,https://lichess.org/sM5Nwbvo/black#112,
cOvEK,7R/8/4p1pk/1p1pqp2/8/5P2/PP3P1p/1K5R b - - 1 36,e5h8 h1h2 h6g7 h2h8 g7h8 b2b4 h8g7 a2a4 b5a4 b4b5 g7f6 b5b6,2264,87,85,42,crushing endgame queenRookEndgame quietMove skewer veryLong,https://lichess.org/3XtGnlyC/black#72,
cQnxu,8/1K3pk1/P5p1/8/2R5/6qp/1PR5/8 w - - 0 48,a6a7 h3h2 c2h2 g3b3 b7a6 b3c4,2431,97,95,1269,advancedPawn crushing endgame fork long queenRookEndgame,https://lichess.org/u9YbuEZ3#95,
cTR9O,1k6/2p3pr/ppQ5/8/1PP5/7p/P7/1K6 w - - 0 39,c6e6 h7h8 e6e1 h3h2 e1h1 g7g5,2369,80,87,177,advancedPawn crushing defensiveMove endgame long queenRookEndgame quietMove,https://lichess.org/xtZGwzCh#77,
cXbUy,8/8/1P5p/5pk1/4rr2/2PQ4/5KP1/8 w - - 1 61,f2g1 e4e1 g1h2 f4h4 h2g3 e1e3 d3e3 f5f4 g3f3 f4e3 b6b7 h4f4 f3e3 f4f8,2420,100,90,1117,attraction clearance crushing defensiveMove endgame fork master queenRookEndgame sacrifice veryLong,https://lichess.org/0wZypBpR#121,
cdlna,3r1k2/7p/5Pp1/ppp1P3/6Q1/1P2p3/P1Pr2PP/1K6 w - - 1 29,e5e6 e3e2 e6e7 f8e8 e7d8q e8d8 g4g3 d2d1 b1b2 e2e1q,2400,77,84,301,advancedPawn advantage defensiveMove endgame promotion queenRookEndgame veryLong,https://lichess.org/mXiTNIiE#57,
chtKF,r5k1/1p3p1p/2p2Pp1/p7/P7/1P5P/4QP1K/5r2 b - - 1 31,f1c1 e2d2 c1c2 d2c2,2222,77,75,83,crushing endgame queenRookEndgame short,https://lichess.org/3C8lHcdx/black#62,
ciC2M,8/kp4P1/7R/8/P5K1/8/5p1P/5r2 w - - 0 52,g7g8q f1g1 g4h5 f2f1q g8g1 f1g1,2286,94,91,1763,advancedPawn clearance crushing endgame long promotion queenRookEndgame,https://lichess.org/w5A7voto#103,
clzUq,5rk1/3P1ppp/8/8/6P1/Pp5q/3R4/1K2R3 b - - 0 32,h3h4 e1e8 h4d8 e8d8 f8d8 a3a4,2291,75,87,205,advantage defensiveMove endgame long queenRookEndgame,https://lichess.org/qM6o2iAm/black#64,
cqzWE,8/2p2R1p/1p4pk/8/6PP/4q3/5R1K/8 b - - 2 41,e3e5 h2h3 e5e6 f2f6 e6b3 f6f3 b3f3 f7f3,2254,85,95,51,crushing defensiveMove endgame queenRookEndgame veryLong,https://lichess.org/epBATh0J/black#82,
crav1,8/7p/8/3P2Q1/3k4/2p3P1/2r3rP/4K3 w - - 1 54,g5f4 d4d3 f4f5 d3c4,2314,88,87,592,crushing defensiveMove endgame queenRookEndgame short,https://lichess.org/Xu6daN3w#107,
cwa7h,8/pp5k/6pp/8/8/P3p3/1Pq4P/K2R2R1 b - - 1 30,c2h2 d1d7 h7g8 g1c1 h2b8 d7c7,2490,82,93,2748,advantage clearance endgame long queenRookEndgame quietMove,https://lichess.org/wUvGtrba/black#60,
cxn2w,7k/7p/5P2/pp6/2p5/P2pq3/1P1R4/3K1R2 b - - 0 56,h8g8 f6f7 g8f8 d2g2,2240,78,87,740,advancedPawn crushing defensiveMove endgame queenRookEndgame short,https://lichess.org/PeCgJMtk/black#112,
cyQJR,4r1k1/pp6/2p2Q2/6P1/3P4/7P/PPP5/4r1K1 w - - 1 36,g1f2 e1e6 f6e6 e8e6,2318,78,91,2632,advantage endgame queenRookEndgame short,https://lichess.org/OWjvjU2L#71,
cyZb7,1r1k4/2p5/2p1QP2/2Pp4/2rP3P/1p6/P3P3/2K5 w - - 1 38,c1d2 c4d4 d2c3 b3a2,2488,113,90,415,advancedPawn crushing endgame master queenRookEndgame short,https://lichess.org/7GsjJ2lB#75,
d4uHj,1R6/1P1pk1pp/4p3/8/8/2q3P1/3p1P1P/5RK1 b - - 0 35,c3c1 b8e8 e7f7 e8f8 f7f8 b7b8q,2463,87,85,313,advancedPawn advantage attraction endgame long promotion queenRookEndgame,https://lichess.org/YC9rCiDc/black#70,
d6lCZ,1k6/2r2p2/1p6/8/6Q1/8/p4PP1/1r2R1K1 w - - 9 45,g4g8 b8a7 g8e8 a2a1q e1b1 a1b1,2466,88,89,694,advancedPawn crushing defensiveMove endgame long promotion queenRookEndgame,https://lichess.org/19WoDTRo#89,
d8nLK,8/8/R2P1qp1/2k2p1P/2P5/6P1/5RK1/3r4 b - - 0 39,g6h5 f2f5 f6f5 a6a5 c5d6 a5f5 h5h4 g3h4 d1d4 c4c5 d6e6 f5h5,2314,108,90,1609,crushing defensiveMove endgame queenRookEndgame sacrifice skewer veryLong,https://lichess.org/AMxPQeWH/black#78,
dERo5,8/5ppk/7p/1R6/Rp3q2/5P1P/6PK/8 w - - 4 37,h2g1 f4d4 g1h2 d4d6 h2h1 d6d1,2202,77,92,2022,crushing endgame long queenRookEndgame,https://lichess.org/XEIEbAx2#73,
dJtLY,8/8/5p1k/6Pp/8/R5P1/R6K/5q2 b - - 0 51,f6g5 a3a7 g5g4 a2a6 f1a6 a7a6,2438,80,92,307,clearance crushing endgame long master queenRookEndgame quietMove,https://lichess.org/CyRnGLS2/black#102,
dN5ab,k7/1R3R1P/p3p3/8/1P2K1p1/P7/5p2/q7 w - - 1 53,f7g7 a1h1 e4e3 f2f1q h7h8q h1h8,2451,80,84,234,advancedPawn crushing endgame long promotion queenRookEndgame,https://lichess.org/WTPysfbV#105,
dS2rV,4R3/4R3/1p3ppk/p4p1p/2P4P/3q2P1/7K/8 b - - 0 34,d3c2 h2h3 g6g5 e8h8 h6g6 h8g8,2287,82,90,861,advantage defensiveMove endgame long master queenRookEndgame,https://lichess.org/QaQgKUTU/black#68,
dT4hX,8/1R3Rpk/7p/p2pq3/6PK/P7/8/8 w - - 4 37,f7g7 e5g7 b7g7 h7g7 g4g5 g7g6 g5h6 g6h6 h4g4 h6g6,2312,83,85,172,crushing defensiveMove endgame queenRookEndgame veryLong,https://lichess.org/M9IJdthO#73,
dVocC,8/Q4pk1/1p6/8/8/6P1/P2r3r/6K1 w - - 0 41,a7b6 d2g2 g1f1 g2c2 b6d4 f7f6,2306,166,0,16,crushing defensiveMove endgame long queenRookEndgame,https://lichess.org/B2g3r8zy#81,
dZ61M,7Q/4k1K1/2p5/3p4/3P1P2/2P5/6r1/8 w - - 1 50,g7h7 e7f7 h7h6 g2h2 h6g5 h2h8,2246,75,93,1321,crushing endgame long queenRookEndgame skewer,https://lichess.org/jlj7HbJW#99,
daQ3A,8/pR1Q4/3ppk2/5p1p/8/8/2r1KPr1/8 w - - 4 34,e2f3 g2f2 f3e3 f5f4 e3e4 d6d5,2271,80,84,168,crushing endgame exposedKing long queenRookEndgame,https://lichess.org/nIrAK9Ng#67,
dcUYw,1r5k/6r1/3P3p/8/4Q3/5P1K/p4P1P/8 w - - 0 44,e4d4 b8b5 h3h4 b5b4 d4b4 a2a1q,2385,97,90,1391,advancedPawn crushing deflection endgame long pin promotion queenRookEndgame quietMove,https://lichess.org/bh0ImMSs#87,
dmPZz,8/5Q2/1r5k/4P3/P4K2/1r6/8/8 w - - 0 64,a4a5 b6b4 f4f5 b3f3 f5e6 f3f7 e6f7 b4f4,2433,79,91,1194,attraction crushing endgame master queenRookEndgame skewer veryLong,https://lichess.org/i4ZNaGCd#127,
dn573,1r3r1k/p2P4/1p4Q1/7p/7K/1P6/P4P1P/8 w - - 5 49,h4g5 f8g8 g6g8 h8g8 g5f6 g8f8,2319,77,94,120,advantage defensiveMove endgame long master pin queenRookEndgame,https://lichess.org/qB254QVj#97,
doqSr,8/2Q5/1p4pk/2p5/P1P3pP/1P6/1rr2PK1/8 w - - 6 51,c7b6 c2f2 g2g3 h6h5 b6c5 f2f5,2496,85,95,177,crushing endgame long queenRookEndgame,https://lichess.org/I4KIsY8e#101,
dq1SC,4R3/1k1P4/8/6p1/r1P4p/2K2P1P/p5P1/r7 w - - 0 54,d7d8q a1c1 c3b3 c1b1,2481,86,85,112,crushing endgame queenRookEndgame short,https://lichess.org/7jzMp5Sp#107,
dxyqw,8/2KPq3/P2R4/5k2/5p2/8/8/8 b - - 6 57,f5e5 d6c6 e5d5 a6a7,2482,81,83,1501,advancedPawn crushing endgame queenRookEndgame quietMove short,https://lichess.org/Ip7rujie/black#114,
e4ayn,2k1r3/ppp4p/3p4/3P4/6p1/3Q1pP1/PP5r/R4K2 w - - 0 28,a1d1 h2h1 f1f2 e8e2 d3e2 h1h2,2234,93,76,35,crushing endgame exposedKing long queenRookEndgame sacrifice,https://lichess.org/FWFTY6FB#55,
e5iQG,6R1/7k/p2p3p/P4q2/5p1K/8/7P/6R1 b - - 3 42,h6h5 g1g7 h7h6 g7g5 f5f6 g8h8 f6h8 g5h5 h6g6 h5h8,2226,78,91,1165,crushing endgame exposedKing queenRookEndgame sacrifice skewer veryLong,https://lichess.org/YD5saYwH/black#84,
e69Cj,8/3Qpk2/2p2r2/1PPp1P2/8/7r/3K4/8 b - - 0 54,h3h5 b5c6 h5f5 d7f5 f6f5 c6c7,2409,82,49,75,advancedPawn advantage endgame long master pin queenRookEndgame sacrifice,https://lichess.org/pV1lYGI0/black#108,
e7KwM,2r2rk1/Q4ppp/8/8/8/2pp3P/P4PPK/2R5 w - - 0 28,a7a5 d3d2 c1d1 f8d8,2386,83,91,7516,advancedPawn crushing defensiveMove endgame queenRookEndgame short,https://lichess.org/jCg2WCew#55,
e7Sgn,5q2/4kP2/p2p2P1/2p4p/5K1P/8/P4R2/8 b - - 2 36,f8g7 f2e2 e7f6 e2e8 f6g6 f7f8q,2377,89,84,832,advancedPawn advantage endgame long promotion queenRookEndgame quietMove,https://lichess.org/gTuVn0jy/black#72,
eAWs9,8/8/8/8/3Q4/P7/2r1r1P1/1K3k2 w - - 9 62,a3a4 c2d2 d4f4 e2f2,2316,83,86,277,crushing defensiveMove endgame master queenRookEndgame short,https://lichess.org/M6bw883r#123,
eCH4E,8/r7/5Qpk/7p/8/r2p2PK/5P2/8 b - - 0 42,a7d7 f6h8 d7h7 h8f8,2263,87,88,340,crushing endgame master queenRookEndgame short,https://lichess.org/eKOmPqXq/black#84,
eD953,8/4P1pk/6rp/8/1p1q4/1P3P2/4R2P/4R2K b - - 0 48,d4f4 e1f1 f4f7 e7e8q f7e8 e2e8,2213,100,69,44,advancedPawn crushing endgame long promotion queenRookEndgame quietMove,https://lichess.org/nDbf032s/black#96,
eDHqS,8/2R2k2/5pp1/3q3p/7P/3p2P1/2R2P1K/8 b - - 1 40,f7e6 c2c6 e6e5 c6c5 d5c5 c7c5 e5d4 c5c6,2484,89,91,2392,crushing endgame pin queenRookEndgame veryLong,https://lichess.org/PJj9YcIG/black#80,
eFIIP,8/pp6/2p5/8/2Q5/P5KP/1PP1kr2/5r2 b - - 11 43,e2d2 c4d4 d2c2 d4f2 f1f2 g3f2,2362,80,85,830,advantage endgame long master queenRookEndgame,https://lichess.org/BzRZ2HrV/black#86,
eRByv,7r/4pp2/p2p1P2/k7/Pp1QbP2/8/1PrR3P/7K w - - 0 41,d4e4 c2d2 f6e7 h8h2 h1g1 h2e2 e4f5 d6d5,2396,94,87,307,crushing defensiveMove endgame hangingPiece master queenRookEndgame veryLong,https://lichess.org/ppdMaCN4#81,
eRDzN,8/6P1/7K/8/8/R3k3/8/5q2 b - - 1 51,e3d4 a3a4 d4c5 g7g8q f1h3 h6g5,2494,113,87,313,advancedPawn crushing defensiveMove endgame long promotion queenRookEndgame,https://lichess.org/RVPPH3QF/black#102,
eSSTL,8/1P6/8/6k1/8/8/1KP3pp/R7 b - - 0 59,h2h1q a1a5 g5f6 b7b8q h1c1 b2c1,2268,94,89,969,advancedPawn crushing endgame long promotion queenRookEndgame,https://lichess.org/ypAb22NH/black#118,
eUn1r,6k1/5p2/4p1PQ/4P3/5K2/6P1/8/2r2r2 w - - 15 57,f4g5 f7f6 e5f6 c1c5 g5g4 c5c4,2371,85,86,106,crushing endgame long queenRookEndgame,https://lichess.org/V1aN6PXR#113,
eVWQN,3R4/1K3k2/2P4q/8/8/1P3p2/P7/8 b - - 5 49,f7e7 d8d7 e7e8 c6c7 e8d7 c7c8q,2497,91,83,298,advancedPawn crushing endgame long promotion queenRookEndgame,https://lichess.org/9MMKfckt/black#98,
eYRi7,8/6pp/R3k3/3p4/3q4/7P/6P1/5R1K b - - 4 47,e6e7 f1b1 e7d8 b1b7 d8c8 b7f7,2241,78,80,81,crushing endgame long queenRookEndgame quietMove,https://lichess.org/tJgfJ8Gp/black#94,
eYVBh,8/7p/4k1p1/8/QP1rK2P/P7/3r4/8 w - - 9 54,e4f3 e6f5 a4b5 d4d5 b5d5 d2d5,2228,96,90,708,crushing defensiveMove endgame long queenRookEndgame,https://lichess.org/jh8PEtOw#107,
eZmTp,8/4R1R1/1p1P1p2/8/8/4Pq1p/P3kP2/6K1 w - - 0 43,d6d7 h3h2 g1h2 e2f2 e7e5 f6e5,2438,89,78,56,advancedPawn crushing deflection endgame long master queenRookEndgame,https://lichess.org/TOQNPeza#85,
ecMNC,6k1/1p1P1r1p/1p4p1/1Pp1Q3/6K1/1r6/7P/8 b - - 0 43,b3b4 g4g5 b4d4 e5d4,2338,76,96,401,advantage defensiveMove endgame queenRookEndgame short,https://lichess.org/eaBTf8Aj/black#86,
eh7As,1R1R4/8/7p/4qPp1/8/p4PKP/k7/8 w - - 1 71,g3g4 e5f4 g4h5 g5g4,2260,76,83,189,crushing endgame queenRookEndgame short,https://lichess.org/MwZQoRnw#141,
ehSVe,4R3/6pk/2q5/pp2R3/5PK1/6P1/8/8 b - - 1 49,b5b4 e5h5 h7g6 e8e6 c6e6 f4f5 g6f7 f5e6,2270,78,93,1714,attraction crushing endgame fork queenRookEndgame sacrifice veryLong,https://lichess.org/889lbtsT/black#98,
eisyf,4r3/p1Q2p2/6k1/8/7P/5K2/P4P2/6r1 b - - 0 40,g1a1 h4h5 g6h5 c7f7,2360,79,93,383,attraction crushing deflection endgame queenRookEndgame short,https://lichess.org/6IlzjBWu/black#80,
ejQZs,6k1/2r2p2/p4Ppp/8/1P5P/6Q1/6PK/2r5 b - - 0 40,c7c6 g3e3 c1e1 e3e1,2309,94,91,1562,advantage endgame queenRookEndgame short,https://lichess.org/eAMlS14Z/black#80,
eomPS,r4rk1/1p5p/2p3P1/2P5/3P2Q1/2P3P1/p6K/8 b - - 0 35,h7h6 g4d7 f8f2 h2h3 g8f8 d7h7,2201,80,93,3462,crushing defensiveMove endgame long queenRookEndgame,https://lichess.org/oetC4aRj/black#70,
es34F,8/6pk/8/4P3/3P4/PQ2b3/KPr2r2/8 w - - 5 50,b3e3 c2b2 a2a1 b2a2,2400,194,0,7,crushing endgame queenRookEndgame short,https://lichess.org/pZXeymmL#99,
ewWVZ,4k2r/2R4P/4p3/pp3p2/3q4/8/PpP2P2/1K4R1 b k - 1 34,e8f8 g1g8 h8g8 c7c8 f8e7 h7g8q d4d1 b1b2 d1d4 b2c1 d4f4 c1d1,2281,86,87,613,advancedPawn crushing defensiveMove deflection endgame exposedKing promotion queenRookEndgame sacrifice veryLong,https://lichess.org/h9Sk2FTb/black#68,
eyjlh,8/pp2k1R1/2p1p3/8/5P2/2q1P2P/3R1K2/8 b - - 3 43,e7f6 d2d7 e6e5 g7f7 f6g6 f4f5 g6h5 d7d8,2405,112,87,69,crushing defensiveMove endgame queenRookEndgame veryLong,https://lichess.org/SCOweBae/black#86,
f2iFX,8/3RR1nk/p4p1p/1p4qP/8/6P1/P4PK1/8 w - - 4 50,e7g7 g5g7 d7g7 h7g7 g2f3 f6f5,2302,79,86,232,crushing defensiveMove endgame long queenRookEndgame,https://lichess.org/1IJkDCLB#99,
f6rAN,8/3Q1kp1/1p2p2r/p2p3P/5P2/1P2PK2/r7/8 b - - 3 48,f7f6 d7e8 h6h5 e8h5,2291,96,87,40,crushing endgame queenRookEndgame short,https://lichess.org/LuQaYNJc/black#96,
f88Qa,8/P5pk/8/5p2/2R4p/1P3P1P/6PK/3q4 b - - 2 45,d1a1 c4h4 h7g6 h4a4 a1e5 f3f4,2255,79,95,455,crushing endgame long queenRookEndgame,https://lichess.org/2okO4tiQ/black#90,
f8oaM,4q3/4Pkp1/1P5p/K7/8/8/8/4R3 b - - 0 44,h6h5 b6b7 h5h4 a5b6 h4h3 b6c7 h3h2 b7b8q e8b8 c7b8,2384,100,79,50,advancedPawn crushing endgame promotion queenRookEndgame veryLong,https://lichess.org/wkG0LmoT/black#88,
fBHw2,8/8/r3r1pp/P5k1/3Q4/7K/6P1/8 b - - 9 43,g5f5 g2g4 f5g5 h3g3,2224,85,86,30,crushing defensiveMove endgame queenRookEndgame short,https://lichess.org/VhvWzo7r/black#86,
fCS7o,2q3k1/8/p2p3p/2p1p1P1/1pP5/1P1P4/1P1K1R2/5R2 b - - 0 38,h6g5 f2f5 c8d8 f1g1 g8g7 g1g5,2409,84,86,123,crushing endgame long queenRookEndgame,https://lichess.org/GAWG2ZgU/black#76,
fCs7m,3K4/3P2q1/2R5/5P2/1k2P3/8/2p5/8 b - - 1 57,b4b3 d8c8 g7h6 c6h6,2349,127,63,23,crushing endgame queenRookEndgame short,https://lichess.org/YXKhg7O8/black#114,
fGdlC,2rk4/6p1/3Ppp1p/7P/3PQ1P1/5P2/r2K4/8 w - - 12 54,d2e3 c8c3 e3f4 a2a3 f4g3 c3f3,2343,78,91,2903,crushing endgame long queenRookEndgame quietMove,https://lichess.org/EwpgHkCI#107,
fGihY,8/2Q2kp1/p6p/6r1/4rP1K/8/P6P/8 b - - 2 43,f7f8 c7b8 f8f7 b8b7 e4e7 b7b3,2327,93,90,3540,crushing endgame fork long queenRookEndgame,https://lichess.org/WFoBmGMN/black#86,
fIPcu,8/6pp/2q5/2k5/8/6PP/5P2/R5K1 b - - 1 54,c6d5 a1a5 c5d4 a5d5 d4d5 g1f1,2242,96,89,605,crushing defensiveMove endgame long queenRookEndgame skewer,https://lichess.org/V5kqwL3M/black#108,
fKNOW,8/3Pk1p1/4PP1p/4P3/4q3/7P/5R1K/8 b - - 0 48,e7d8 e6e7 d8d7 f2d2 d7c7 e7e8q,2365,86,90,2180,advancedPawn crushing deflection endgame exposedKing long promotion queenRookEndgame,https://lichess.org/DTz2kNl7/black#96,
fOqlj,2r5/R6p/3k1qp1/8/6P1/4P3/PPN2PP1/K6R b - - 0 30,c8c2 h1d1 d6c5 a7c7,2221,88,38,42,advantage endgame queenRookEndgame short,https://lichess.org/SAsc35sX/black#60,
fOsfS,8/1PK3R1/8/5k1P/6r1/8/6p1/8 w - - 2 49,b7b8q g4g7 c7d6 g2g1q b8f8 f5e4 f8e8 e4f3,2423,107,90,1475,advancedPawn crushing defensiveMove endgame hangingPiece promotion queenRookEndgame veryLong,https://lichess.org/ho0qWseu#97,
fWzDh,6k1/5p2/2P3p1/8/P5pP/1r1p2P1/4rPK1/5Q2 w - - 0 36,f1d1 b3b2 d1f1 b2c2,2376,91,90,275,crushing endgame queenRookEndgame quietMove short,https://lichess.org/e3RBrks1#71,
fYrXd,6k1/5p1p/8/p7/P1q2PK1/8/5RPP/7R w - - 0 36,h1a1 h7h5 g4h4 c4e6,2344,82,81,110,crushing defensiveMove endgame queenRookEndgame short,https://lichess.org/mqHocr45#71,
fbB8m,8/Qp3pkp/6p1/8/7P/8/r2r1P2/4K1R1 w - - 0 33,a7b7 d2e2 e1d1 e2b2 b7b2 a2b2,2220,146,23,8,advantage endgame long queenRookEndgame,https://lichess.org/biwolkBO#65,
fdUas,5qk1/RR6/6p1/8/8/p3p1P1/4P1KP/8 w - - 0 40,b7b3 f8f2 g2h3 f2f1 h3h4 f1f6,2270,78,91,5704,crushing endgame long queenRookEndgame,https://lichess.org/l4qdB3hu#79,
fdrTP,8/1q6/6k1/R4p1p/3p3P/6P1/R6K/8 b - - 1 54,b7e4 a5a7 g6f6 a2a6 f6e5 a7e7,2385,104,90,859,crushing endgame long queenRookEndgame quietMove,https://lichess.org/inhBBxAG/black#108,
feEHs,6k1/4R3/pp2PKp1/2p2p2/P4P2/8/1P4qP/8 b - - 6 52,g6g5 e7g7 g8h8 g7g5 g2b2 f6f7,2487,83,92,1195,crushing defensiveMove endgame long queenRookEndgame,https://lichess.org/Nubsp8R8/black#104,
feki0,2k5/1R3p2/P1p1p3/2P5/3P1K1p/2q5/8/R7 w - - 1 50,a6a7 c3g3 f4e4 f7f5,2295,77,94,828,endgame mate mateIn2 queenRookEndgame short,https://lichess.org/oNmYERmD#99,
fgTLs,6k1/6p1/RP1p2rp/3Pp1q1/6r1/6Q1/5PPP/5RK1 b - - 0 36,g4g3 h2g3 g5e7 a6a7 e7e8 b6b7 e8b5 a7a8,2446,84,84,110,advancedPawn crushing endgame queenRookEndgame veryLong,https://lichess.org/fj74t9HP/black#72,
fhhtZ,8/8/4p3/5p2/3P2k1/6p1/5r2/4K1Q1 w - - 4 95,e1d1 f2a2 g1e3 g3g2,2494,86,70,121,advancedPawn crushing endgame queenRookEndgame quietMove short,https://lichess.org/J1PEPw88#189,
fiPMr,8/pQ6/8/5p1p/5k1P/1P6/P2r3K/8 w - - 5 66,b7g2 f4e3 g2d2 e3d2,2245,134,76,22,crushing endgame master masterVsMaster pin queenRookEndgame short,https://lichess.org/631wTaKR#131,
filgG,8/4R1R1/2p2p2/8/2qP1kP1/p1P5/5PKP/8 w - - 1 44,f2f3 c4a2 g2h3 f4f3 e7e3 f3e3,2336,80,92,4890,crushing deflection endgame long queenRookEndgame,https://lichess.org/EpG87MQ5#87,
fu78i,8/8/p2q2kp/1p1p1p2/7R/P1P1R1PP/1P2KP2/8 w - - 2 43,g3g4 f5f4 e3e8 g6f7,2474,112,88,2052,advantage endgame queenRookEndgame short,https://lichess.org/GvoseifB#85,
fxsLj,1k6/1p6/pqp1RP1p/8/8/2r5/P1P3PP/5R1K b - - 0 28,b6b5 e6e1 c3c2 f6f7 b8a7 f7f8q,2217,77,70,90,advancedPawn advantage endgame long promotion queenRookEndgame quietMove,https://lichess.org/Gr4WhoHB/black#56,
g0lmf,8/2r3pk/p3p2p/1p4P1/3PQ3/4p2P/P3rPK1/8 b - - 1 37,h7h8 e4a8 h8h7 g5g6 h7g6 a8e4,2338,80,80,72,advantage attraction endgame long queenRookEndgame,https://lichess.org/DETuxaB8/black#74,
g7m9A,3r4/4k3/Q4p1p/1P2p1p1/8/P5PP/1r4P1/7K w - - 1 40,b5b6 b2b1 h1h2 h6h5 g3g4 h5h4,2325,104,32,33,crushing defensiveMove endgame long queenRookEndgame quietMove,https://lichess.org/FXEMVEGd#79,
g8zWy,r7/1pR1R2p/5ppq/p7/4k2P/8/5PP1/6K1 b - - 9 40,e4f5 c7c5 f5g4 e7e4 h6f4 f2f3 g4g3 e4f4,2215,80,91,271,advantage endgame master pin queenRookEndgame veryLong,https://lichess.org/Phfat7ka/black#80,
g9VBG,5r2/6kp/1Q6/4P2p/8/4K1P1/PPrp4/8 w - - 2 46,b6b7 f8f7 b7d5 c2c5 d5c5 d2d1q,2232,89,88,49,advancedPawn crushing defensiveMove deflection endgame long promotion queenRookEndgame,https://lichess.org/H58pQQvY#91,
g9ifZ,8/R7/4p3/1K1p4/8/8/1P4p1/5k2 b - - 0 52,g2g1q a7a1 f1f2 a1g1 f2g1 b5c5 g1f2 c5d4 f2f3 b2b4 f3f4 b4b5 e6e5 d4d5 e5e4 b5b6 e4e3 b6b7 e3e2 b7b8q,2230,161,69,15,advancedPawn crushing endgame promotion queenRookEndgame quietMove skewer veryLong,https://lichess.org/f0lowT9R/black#104,
g9qOR,1r6/k7/3q4/R7/2P2P2/8/7P/6RK b - - 0 37,a7b6 c4c5 d6c5 a5c5 b6c5 h1g2 b8g8 g2f2,2400,83,76,71,advantage defensiveMove endgame fork queenRookEndgame veryLong,https://lichess.org/1lBgKblg/black#74,
gLgJ7,3r4/pk1p1p1p/3P4/8/3P4/8/PP4rP/4Q2K b - - 0 26,g2b2 e1c1 b2b4 c1c7 b7a6 c7d8,2216,133,84,20,crushing endgame fork long master queenRookEndgame,https://lichess.org/xxMFBdac/black#52,
gS11I,8/pp6/5Q2/8/P6k/8/1PP1r1r1/5K2 b - - 0 41,h4g3 f6g5 g3f3 g5f5 f3e3 f5d3 e3f4 d3e2 g2e2 f1e2,2404,98,90,973,crushing deflection endgame queenRookEndgame veryLong,https://lichess.org/EBLhOFcP/black#82,
gTKeh,2r4Q/6P1/6r1/6k1/8/p4PK1/8/8 b - - 0 56,g5f6 g3h3 g6g7 h8c8,2246,90,74,45,crushing defensiveMove endgame queenRookEndgame short,https://lichess.org/cXZwr1Ca/black#112,
gU3TZ,8/p2Q2pk/1p3r1p/3K4/3P4/2P2P2/4r2P/8 b - - 7 43,e2e6 d7e6 f6e6 d5e6 a7a5 e6d5 h7g6 d5c4 g6f6 c4b5,2358,85,93,1453,crushing endgame queenRookEndgame veryLong,https://lichess.org/OxhFuqVM/black#86,
gaG7j,8/ppR3R1/4pk2/3q4/4pP2/8/2P5/2K5 b - - 2 37,e6e5 f4e5 f6e6 c7e7 e6f5 e7f7,2409,81,95,200,crushing endgame long queenRookEndgame,https://lichess.org/byfamBMc/black#74,
gabEA,6R1/2p2p1k/2p2p2/p2p1q2/3P3p/1PP4K/P4P2/6R1 w - - 4 39,h3h4 f5f4 h4h3 f4h6 h3g2 h7g8,2329,86,92,9485,crushing endgame interference long master queenRookEndgame,https://lichess.org/irzQqOUJ#77,
gaoBh,8/4k3/p6p/P7/5PPP/1rrpK3/Q7/8 w - - 1 50,g4g5 d3d2 e3d2 c3d3 d2e1 d3e3 e1f1 e3f3 f1g1 f3g3 g1h2 g3h3,2349,105,86,109,advancedPawn attraction crushing discoveredAttack discoveredCheck endgame queenRookEndgame veryLong,https://lichess.org/ouGTUX4t#99,
gduvW,8/2R4R/p2qk2p/1p3p2/8/6PK/7P/8 b - - 15 41,d6d2 c7c6 e6d5 h7d7 d5c6 d7d2,2341,81,80,110,crushing endgame long queenRookEndgame skewer,https://lichess.org/6xrNg4GL/black#82,
ggf8f,6R1/5p2/5p2/R4kpp/8/6P1/5P1K/3q4 b - - 7 37,f5e4 g8e8 e4f3 a5f5 f3g4 f5f6 d1f3 f6f3,2213,90,85,44,crushing endgame queenRookEndgame veryLong,https://lichess.org/e1N4zipg/black#74,
gjMX0,8/8/8/3Q1pk1/6p1/5r1p/3K4/8 w - - 0 60,d2e2 g5h4 d5e5 f5f4,2499,99,84,97,crushing defensiveMove endgame queenRookEndgame short,https://lichess.org/e8euCnA6#119,
gklX9,8/1R5p/3p2qk/p2Pp3/4Pp2/8/PP4PP/5RK1 w - - 1 29,f1e1 f4f3 g2g3 g6g5 e1f1 g5e3,2236,81,87,189,crushing endgame long pin queenRookEndgame,https://lichess.org/QuQeDiel#57,
gnBrp,8/5pk1/1p5p/8/Q7/p4K2/1r6/8 b - - 14 50,b2h2 a4d4 g7h7 d4e4 h7g8 e4e8,2257,77,93,1501,crushing endgame long queenRookEndgame,https://lichess.org/iVIV0kvM/black#100,
go3kJ,8/3P1k2/2P3q1/p4p1p/5p2/1P6/P2r2PP/3R2RK b - - 2 36,d2d1 g1d1 f4f3 g2f3 g6c6 d7d8n f7f6 d8c6,2333,83,90,808,advancedPawn crushing endgame exposedKing fork promotion queenRookEndgame underPromotion veryLong,https://lichess.org/SQ0bxp04/black#72,
goeNn,8/6k1/p4pp1/8/2pq4/P6P/1P3R2/5R1K w - - 0 39,f2f6 d4f6 f1f6 g7f6 h1g2 f6e5 g2f3 e5d4 f3e2 c4c3 b2c3 d4c3,2323,88,88,197,crushing endgame queenRookEndgame veryLong,https://lichess.org/CoEgCN2f#77,
gt7le,8/8/8/4p1r1/P3K3/6pk/2Q5/8 w - - 2 57,a4a5 g3g2 c2c3 g5g3 c3c8 g3g4 e4d5 g2g1q,2474,84,73,147,advancedPawn crushing defensiveMove endgame promotion queenRookEndgame veryLong,https://lichess.org/sDP8KYU8#113,
gvDOB,8/8/6pk/5p2/5R2/6KP/5R2/6q1 w - - 6 48,f2g2 g1e3 f4f3 f5f4 g3g4 e3e4,2345,85,90,706,crushing endgame long queenRookEndgame,https://lichess.org/r3A2LErr#95,
gvy08,8/5pkp/6p1/2R2p2/pP1PrP1P/Pq3Q2/6P1/6K1 w - - 6 35,f3b3 e4e1 g1f2 a4b3 f2e1 b3b2 e1d2 b2b1q,2293,79,80,77,advancedPawn advantage endgame intermezzo promotion queenRookEndgame veryLong,https://lichess.org/YHbzRg9l#69,
gxyBf,8/8/p7/8/8/1kr1P1P1/1r6/1Q4K1 w - - 25 60,b1d1 b3a2 d1a4 a2b1,2302,88,75,58,crushing defensiveMove endgame queenRookEndgame short,https://lichess.org/Kgl3BWWQ#119,
gz890,5r2/Q5p1/1ppk4/4r3/1P1p1p2/P5P1/2P4P/1R3K1R w - - 0 31,g3f4 f8f4 f1g2 e5g5 g2h3 f4f8,2275,89,89,1858,crushing defensiveMove endgame exposedKing long queenRookEndgame,https://lichess.org/HQKvuYKO#61,
h6Dqu,4r3/1pQ1P1kp/2p2r2/1p1p1P2/3P4/P6P/1P5K/8 b - - 1 39,f6f7 c7g3 g7h8 g3e5 h8g8 f5f6,2281,93,87,460,crushing endgame long queenRookEndgame,https://lichess.org/yy6dynIP/black#78,
hEIze,5k2/4p3/3p1pQ1/2pP4/4P3/6R1/r6K/r7 w - - 6 38,h2h3 a1h1 h3g4 a2f2 e4e5 d6e5,2432,107,90,286,advantage endgame long queenRookEndgame quietMove,https://lichess.org/CibaUe19#75,
hIGUW,1r6/7p/2p4p/5Pk1/p3P3/3K4/1p2Q3/8 w - - 8 49,e2g2 g5f6 e4e5 f6f7 e5e6 f7f6,2225,75,90,460,crushing defensiveMove endgame long queenRookEndgame,https://lichess.org/I9sEgaMx#97,
hKEF2,K7/PRR5/6pk/q6p/8/8/8/8 b - - 9 83,h5h4 a8b8 a5a4 a7a8q,2218,83,80,401,advancedPawn clearance crushing endgame promotion queenRookEndgame short,https://lichess.org/2oYubBe5/black#166,
hMdjx,6k1/p2P1pp1/7p/2P1q3/P7/5P2/5K1P/3R4 b - - 0 37,e5c5 f2f1 c5c4 f1g1 g8h7 d7d8q,2327,78,93,433,advancedPawn advantage defensiveMove endgame long promotion queenRookEndgame,https://lichess.org/Z70WfKKL/black#74,
hOLzq,8/7r/2P2rk1/3Q4/8/2K5/8/8 b - - 0 85,h7c7 d5d3 g6h6 d3h3 h6g7 h3g3 g7f8 g3c7,2345,110,87,34,crushing endgame exposedKing fork master queenRookEndgame veryLong,https://lichess.org/YFFe3Tsz/black#170,
hPphZ,1r3rk1/5p2/6p1/2QpP1Pp/5P2/8/6PK/8 b - - 0 34,f8d8 e5e6 f7e6 c5e7 d8e8 e7f6 b8b7 f6g6,2313,91,87,369,crushing endgame master masterVsMaster queenRookEndgame veryLong,https://lichess.org/359qv0o6/black#68,
hVJ56,5R2/4P3/p7/3p1Pk1/8/8/P2q4/5K2 b - - 4 48,d2c3 f8g8 g5f4 e7e8q,2380,83,90,363,advancedPawn crushing endgame promotion queenRookEndgame short,https://lichess.org/MCvItQ7O/black#96,
hVquL,r5k1/PPR1p3/3p2p1/3P4/8/8/1K6/7q b - - 0 39,h1g2 c7c2 g2d5 c2c8 g8g7 b7a8q,2355,84,86,99,advancedPawn crushing defensiveMove endgame exposedKing long promotion queenRookEndgame,https://lichess.org/Bx8lbpTl/black#78,
hX95K,8/8/1P4k1/2K1R3/2PP4/8/5q2/8 b - - 0 64,g6f6 b6b7 f2b2 c5c6 b2b4 e5c5,2361,102,90,229,advancedPawn clearance crushing defensiveMove endgame long queenRookEndgame,https://lichess.org/yJ0YpWFf/black#128,
hXG0X,8/PQ6/6k1/1P6/6p1/5p2/2rr2PK/8 w - - 0 59,b7b6 g6h5 h2g3 d2g2 g3f4 f3f2,2357,102,90,297,advancedPawn crushing defensiveMove endgame long master queenRookEndgame,https://lichess.org/0Ewuchqj#117,
hYSsE,8/7Q/pkr1r3/1p6/1P4P1/P6P/8/6K1 w - - 2 44,g4g5 e6e2 h7b1 e2c2 b1b3 c2c1 g1f2 c6c2 f2g3 c2c3 b3c3 c1c3,2277,77,93,852,crushing endgame exposedKing fork queenRookEndgame quietMove veryLong,https://lichess.org/xNnbn1lt#87,
ha4OR,8/5Q1p/5ppk/8/7P/6K1/6P1/1r2r3 b - - 4 38,e1e3 g3f4 e3e5 f7f8 h6h5 g2g4,2215,92,84,38,crushing defensiveMove endgame long queenRookEndgame,https://lichess.org/fDA5UE7S/black#76,
hc4fB,3q4/3P4/5P2/7p/4k2p/7K/8/3R4 b - - 2 48,d8f6 d1e1 e4d3 d7d8q f6d8 e1d1 d3c4 d1d8,2238,76,95,4194,advancedPawn crushing endgame promotion queenRookEndgame skewer veryLong,https://lichess.org/c7JpmZjQ/black#96,
hcGHs,4r3/6k1/7p/5pPQ/1P6/P2p2P1/2r5/3K4 b - - 0 49,e8e2 h5h6 g7f7 g5g6 f7f6 g6g7,2265,83,88,230,advancedPawn crushing discoveredAttack discoveredCheck endgame long master queenRookEndgame,https://lichess.org/Vc13W5wf/black#98,
hcLnF,7Q/8/8/8/4p3/5r2/4p1K1/4k3 w - - 0 61,h8h1 e1d2 h1h6 d2d1 h6c6 e2e1q,2432,77,96,413,advancedPawn crushing endgame long promotion queenRookEndgame,https://lichess.org/ERyC0yyi#121,
hdivX,6k1/1P4p1/4p1q1/3p4/3P4/4p1PP/P5K1/5R2 b - - 0 30,g6e4 g2g1 e3e2 b7b8q g8h7 f1e1 e4d4 g1g2,2357,92,86,211,advancedPawn crushing defensiveMove endgame promotion queenRookEndgame veryLong,https://lichess.org/E738XvWH/black#60,
hiBbt,8/p4pk1/4p1p1/1P5p/P2Q1P1P/7K/5rr1/8 b - - 25 56,f7f6 d4a7 g7h6 a7a8,2481,79,75,110,crushing endgame master queenRookEndgame short,https://lichess.org/Z4th2SNK/black#112,
hityQ,8/8/P7/8/7p/q6k/2R5/2K3R1 w - - 9 60,c1d1 a3d3 c2d2 d3b1,2265,80,87,332,crushing endgame queenRookEndgame short,https://lichess.org/5eigMZxu#119,
hjTr1,8/6pk/P7/3pp1p1/1P5q/5P2/6K1/R3R3 b - - 0 40,h4b4 a6a7 b4d2 g2h1,2319,81,91,867,advancedPawn advantage defensiveMove endgame queenRookEndgame short,https://lichess.org/tOy5LIkW/black#80,
hpgMK,8/1kp5/1p2p2P/5p2/8/p1q5/3R1PP1/3R2K1 b - - 0 36,b6b5 d2d8 a3a2 h6h7 a2a1r d1a1 c3a1 g1h2,2482,88,90,1005,advancedPawn advantage endgame queenRookEndgame quietMove veryLong,https://lichess.org/zxwo5ffo/black#72,
hxKvn,8/5pk1/2Q5/8/5P2/2P5/PP1r2rP/2K5 w - - 2 33,c6b5 d2e2 b5e2 g2e2,2420,111,90,1092,crushing endgame queenRookEndgame short,https://lichess.org/x8yGyowa#65,
i2HF3,1Q6/8/3p3P/3P4/5p2/2k5/1p3PK1/2r5 w - - 3 62,b8c7 c3d3 c7d6 b2b1q,2217,80,85,68,advancedPawn advantage defensiveMove endgame master promotion queenRookEndgame short,https://lichess.org/qfxpiYys#123,
i2ymZ,8/1Pq2p2/2Pkp2p/6p1/4P3/P5P1/5K1P/2R5 b - - 2 43,f7f5 c1d1 d6c6 d1c1 c6b7 c1c7,2312,107,86,35,advantage endgame long queenRookEndgame skewer,https://lichess.org/GmoFTKYK/black#86,
i4TgF,r5k1/2P2ppp/8/1q6/7P/3RP1P1/4K3/2R5 b - - 0 47,a8a2 e2e1 b5a5 d3c3,2243,84,88,188,advantage defensiveMove endgame master queenRookEndgame short,https://lichess.org/NA68Yasx/black#94,
i4x3C,2R5/5R2/6pk/p6p/7P/6P1/8/3q2K1 w - - 4 60,f7f1 d1g4 c8h8 h6g7 f1f8 g4g3,2332,82,91,980,advantage endgame long master queenRookEndgame,https://lichess.org/XP5bK3eQ#119,
i4zeM,4r1r1/1kp5/p1p2P2/P1Q5/1P4K1/2P5/8/5R2 w - - 1 51,g4h5 g8g2 c5g5 e8h8 g5h6 g2h2,2483,82,92,2145,advantage clearance endgame long pin queenRookEndgame quietMove,https://lichess.org/3gKu88Ov#101,
i5hdN,1q6/1P2k1p1/2Pp3p/3K1p2/8/8/1R3P2/8 b - - 0 44,e7d8 b2a2 d8c7 a2a8 b8b7 c6b7,2225,76,87,134,advancedPawn crushing endgame long queenRookEndgame quietMove trappedPiece,https://lichess.org/oDFMahkA/black#88,
i8qEy,3r4/2p2p2/p3k2p/1p6/6Q1/7P/PP3rPK/8 b - - 1 36,e6e7 g4b4 d8d6 b4e1 e7d7 e1f2,2380,77,91,2337,advantage endgame fork long queenRookEndgame,https://lichess.org/moYwYBVH/black#72,
i9tRb,6Q1/4r3/5pkp/4r1P1/8/8/2P5/2K5 b - - 2 64,g6h5 g5f6 e5e1 c1b2 e7b7 b2c3,2236,83,88,1054,crushing defensiveMove endgame long queenRookEndgame,https://lichess.org/4QglWBko/black#128,
iAiAE,2k4q/8/1RP2r2/3p1p2/2NP4/P5P1/5P2/4R1K1 b - - 0 40,d5c4 b6a6 h8f8 a6a8 c8c7 a8f8,2240,137,81,23,advantage endgame exposedKing long queenRookEndgame quietMove skewer,https://lichess.org/mRv0DLNl/black#80,
iBuIO,8/2p5/1k1p4/r7/1Kp1r1P1/P1P2Q2/8/8 b - - 2 61,d6d5 f3f6 e4e6 f6e6 c7c6 a3a4,2325,84,92,1639,crushing defensiveMove endgame exposedKing long queenRookEndgame,https://lichess.org/WteeZanO/black#122,
iCq6s,8/1P6/5k2/K2p4/6P1/P7/1r3p1R/8 b - - 0 56,f2f1q h2b2 f1f3 b2b6 f6g5 b7b8q,2304,80,96,292,advancedPawn crushing endgame exposedKing hangingPiece long promotion queenRookEndgame,https://lichess.org/SEeeTtPU/black#112,
iFwTm,8/7k/6p1/6Qp/P4p1P/1P6/4rrPK/8 w - - 2 38,a4a5 f2g2 g5g2 f4f3 g2f2 e2f2,2407,78,93,702,crushing endgame fork long pin queenRookEndgame sacrifice,https://lichess.org/Dpbv88pm#75,
iGHy3,8/p4k1p/1p2pP2/2p4q/2PpP3/1P2p3/P6P/5RRK b - - 6 33,d4d3 g1g7 f7f8 f6f7 h5g6 g7g8,2315,87,87,641,advancedPawn collinearMove crushing endgame long queenRookEndgame,https://lichess.org/PxblE0sY/black#66,
iHKtq,3Q4/8/p3pp2/8/4k3/2rr3P/P2p2P1/R6K w - - 9 41,d8a8 d3d5 h1h2 c3c1 a8a6 d2d1q a6e6 d5e5 e6c6 c1c6,2421,80,91,3721,advancedPawn advantage defensiveMove endgame promotion queenRookEndgame veryLong,https://lichess.org/ytTq43Qk#81,
iJO8Z,8/2R1R3/1K3k2/5p2/3q4/8/8/8 w - - 4 65,b6b7 d4b4 b7c6 b4e7 c7e7 f6e7 c6c5 e7f6 c5d4 f6g5 d4e3 g5g4 e3f2 g4f4,2206,75,96,1341,crushing defensiveMove endgame queenRookEndgame veryLong zugzwang,https://lichess.org/Due5W8DB#129,
iKogV,8/8/8/4qkpp/1R6/4P1P1/5PKP/8 b - - 3 37,e5d5 e3e4 d5e4 b4e4 f5e4 f2f3 e4e3 h2h4 g5h4 g3h4,2300,110,0,26,attraction crushing endgame fork queenRookEndgame veryLong,https://lichess.org/JIpLZeCW/black#74,
iNoHi,1k6/1P6/P2R4/2p1p3/q1P1P3/3P3P/6K1/8 b - - 0 44,a4c2 g2g3 b8c7 d6d8 c7d8 b7b8q,2250,77,81,129,advancedPawn attraction crushing defensiveMove deflection endgame long promotion queenRookEndgame quietMove,https://lichess.org/vygESMso/black#88,
iQD9h,8/6pk/3q3p/8/6R1/5RK1/6P1/8 w - - 24 65,g3h3 d6e6 h3g3 g7g5,2491,94,59,104,advantage defensiveMove endgame queenRookEndgame short,https://lichess.org/6InWyPt1#129,
iWFOd,4Q3/5ppk/p2P4/1p6/6K1/1P2P1P1/P4r1r/8 b - - 0 33,h7h6 e3e4 h6h7 d6d7 h2h6 d7d8q,2365,85,86,74,advancedPawn advantage endgame long master promotion queenRookEndgame quietMove,https://lichess.org/cqrDutUY/black#66,
iXZ2F,8/4k2p/4p1pP/r2p4/2pPP3/1P3QP1/r7/3K4 w - - 5 40,e4d5 a2f2 f3f2 a5a1 d1e2 a1a2 e2e3 a2f2,2446,92,85,79,clearance crushing endgame exposedKing queenRookEndgame sacrifice skewer veryLong,https://lichess.org/TapcrYyc#79,
iXwgy,8/5pkp/3Q2p1/1rp5/r4P1P/8/2RK1P2/8 w - - 1 33,h4h5 a4d4 d6d4 c5d4 h5g6 g7g6,2333,100,90,734,crushing endgame fork long queenRookEndgame,https://lichess.org/jbYAgSjX#65,
icE7q,6R1/1k6/3p4/p1p1p3/4q3/P7/KP4R1/8 b - - 3 47,d6d5 g8g7 b7c6 g2g6 c6b5 g6g4 e4c2 a3a4 b5c6 g4g6 c2g6 g7g6,2486,101,86,70,crushing endgame exposedKing queenRookEndgame veryLong,https://lichess.org/Owq5tS8N/black#94,
ie0Da,6k1/ppR3Rp/3rp1p1/3qP1PP/5P2/4K3/PP6/8 b - - 1 31,g8f8 e5d6 e6e5 c7f7 d5f7 g7f7,2335,93,90,1445,crushing endgame exposedKing long queenRookEndgame,https://lichess.org/nI3nt7Ej/black#62,
ieTIY,4r2r/8/3p4/1Pk3p1/P2p4/5Q1p/1KP2P2/8 b - - 3 38,h3h2 f3c6 c5b4 b5b6 e8e5 c6d6 e5c5 d6d4,2435,101,88,178,crushing endgame fork queenRookEndgame veryLong,https://lichess.org/q21756cz/black#76,
ifpZo,6k1/p2r1pp1/1p3P1p/2p5/8/3p2PQ/P4PKP/2r5 b - - 0 31,d3d2 h3g4 g7g5 g4d7,2201,85,88,182,crushing endgame pin queenRookEndgame short,https://lichess.org/hkuB59Vt/black#62,
igCTb,8/p1R4p/3k2pK/5p2/5PqP/8/P7/4R3 w - - 6 34,e1e7 g4h4 h6g7 h4e7 c7e7 d6e7 g7h7 e7f7,2396,82,93,1471,crushing defensiveMove endgame queenRookEndgame veryLong zugzwang,https://lichess.org/uDkxLFhv#67,
igvY5,r3r2k/p6p/1p6/2p5/P1Pp1PQ1/4p3/1P4P1/3R2K1 w - - 0 33,d1d3 e3e2 d3d1 d4d3,2249,83,79,79,advancedPawn crushing endgame queenRookEndgame short,https://lichess.org/3wmVHpu3#65,
ikZH1,7k/p5r1/6r1/5Q1K/8/4P1P1/8/8 w - - 1 54,f5f8 g7g8 f8f5 g6g5 f5g5 g8g5 h5g5 a7a5,2301,83,92,1624,crushing defensiveMove endgame fork queenRookEndgame veryLong,https://lichess.org/Yuvo9ret#107,
iptj0,8/pp6/8/3p4/5k2/P2P1p2/1P3q2/K1R4R b - - 1 49,f2d4 h1h4 f4e3 c1e1 e3d3 e1d1,2422,79,90,1299,crushing endgame long queenRookEndgame,https://lichess.org/M6VEFxDy/black#98,
irQqZ,3Q4/5p2/5pk1/5p2/1pP5/2r1K3/7p/8 w - - 1 48,e3d4 c3h3 d8g8 g6h5,2391,89,88,777,crushing endgame queenRookEndgame quietMove short,https://lichess.org/jMVVuyUV#95,
it8BK,8/p7/8/4rpk1/4r3/2Q2K2/PPP5/8 w - - 0 48,c3c6 e4e2 c6c3 f5f4 c3e5 e2e5,2217,90,88,80,crushing endgame long queenRookEndgame quietMove,https://lichess.org/oqP44BVX#95,
ixVZD,4k3/2p1r3/p7/2K3p1/P1P5/5QP1/4p3/8 w - - 0 51,f3c6 e8f7 c6f3 f7g6,2275,76,85,289,crushing defensiveMove endgame queenRookEndgame short,https://lichess.org/FFSCWb7F#101,
iyXOt,2k5/5R2/2qp1Pp1/p5p1/1p2P3/7P/P2R2P1/3K4 b - - 0 35,c6e4 f7e7 e4b1 d1e2 b1g1 f6f7,2376,94,35,51,advancedPawn crushing endgame long queenRookEndgame,https://lichess.org/pV3XXTsT/black#70,
iyjXI,3k4/7Q/pp1r3p/7P/1P3P2/P1K2P2/3r4/8 w - - 2 51,h7b7 d6d3 c3c4 b6b5 c4c5 d3c3 c5b6 d2d6,2355,100,88,38,crushing endgame queenRookEndgame veryLong,https://lichess.org/5yQo6wWx#101,
j4nED,3R4/3P1pk1/8/5Ppp/Pr6/7P/rp4P1/3R2K1 b - - 0 40,b2b1q d8g8 g7h7 g8h8 h7h8 d7d8q,2346,87,88,120,advancedPawn attraction crushing endgame long promotion queenRookEndgame,https://lichess.org/YBNInBem/black#80,
j5bGf,r7/pp4k1/8/5R1P/3q4/6P1/PP4PK/R7 b - - 2 27,a8f8 h5h6 g7g8 h6h7 g8g7 f5f8 g7f8 a1d1 d4d1 h7h8q,2350,76,77,203,advancedPawn advantage deflection endgame exposedKing promotion queenRookEndgame veryLong,https://lichess.org/fdi1uUZz/black#54,
jDPsg,3r2k1/pp4p1/8/2Q1pPP1/P3P2p/3r3P/1P5K/8 w - - 0 38,c5e5 d3d2 h2g1 d2c2 e5f4 d8d1,2307,79,94,974,clearance crushing endgame long queenRookEndgame,https://lichess.org/xK9Kfyu7#75,
jDVnE,8/2p5/pp1p2k1/3P1rP1/2P3Q1/5p2/PP2rK2/6R1 w - - 1 42,f2g3 f3f2 g1f1 f5g5 g4g5 g6g5,2448,83,86,223,advancedPawn advantage endgame long pin queenRookEndgame,https://lichess.org/y9wKyuSu#83,
jHc8k,8/P4pkp/4p3/1R3pK1/8/4P1P1/2r4r/R7 w - - 2 30,a7a8q f7f6 g5f4 h2f2 a8f3 c2c4 e3e4 c4e4,2339,85,90,1163,endgame epauletteMate mate mateIn4 pin queenRookEndgame veryLong,https://lichess.org/N6q0Qovf#59,
jJrQI,3R4/pp2Rpk1/6pp/1q6/8/6PK/1P3P1P/8 w - - 5 27,d8d7 b5f1 h3g4 f1f2 e7f7 f2f7 d7f7 g7f7,2294,89,94,517,crushing endgame queenRookEndgame veryLong,https://lichess.org/eyoI71qL#53,
jKU5e,3r4/7k/1P4p1/pQ6/6P1/3r2KP/8/8 w - - 3 42,g3h4 d8d5 b5b1 h7h6,2272,85,86,40,crushing defensiveMove endgame queenRookEndgame short,https://lichess.org/m3mcbJ2w#83,
jMn09,2k5/P6R/q7/5p2/4p3/7P/5KP1/8 b - - 6 48,a6a2 f2g3 a2a3 g3h4,2332,81,82,224,crushing defensiveMove endgame queenRookEndgame short,https://lichess.org/8WBuoLhb/black#96,
jO1gj,8/pp1R2kp/2p3p1/2P2p2/q3pP2/6PP/P4RK1/8 b - - 2 37,g7h6 g3g4 f5g4 h3g4 a4a3 f2f1 g6g5 f4f5,2457,94,86,90,advantage defensiveMove endgame queenRookEndgame quietMove veryLong,https://lichess.org/hcU5Qcfu/black#74,
jW5jf,1Q6/5kpp/2KP4/6r1/8/8/5p2/8 w - - 0 49,b8c7 f7g6 d6d7 f2f1q c7d6 g6h5 d7d8q f1b5 c6c7 g5c5 d6c5 b5c5,2397,107,90,1940,advancedPawn crushing defensiveMove endgame promotion queenRookEndgame veryLong,https://lichess.org/RXmB7SSd#97,
jWFLn,1k1r4/p7/1p1r3P/Q7/3p4/P7/1P3PP1/6K1 w - - 0 32,a5e5 d4d3 h6h7 d3d2 e5d6 d8d6 h7h8q b8b7 h8g7 b7a6 g7g4 d2d1q g4d1 d6d1,2202,77,87,91,advancedPawn crushing endgame promotion queenRookEndgame veryLong,https://lichess.org/m0Cp1W2N#63,
jYh9S,6Q1/2r3p1/5p2/1kr2P2/8/5PK1/7P/8 b - - 2 46,c5f5 g8b3 b5a5 b3a2,2227,88,90,3487,advantage endgame queenRookEndgame short,https://lichess.org/jPqJWvBq/black#92,
jc73w,3R4/4qpk1/6p1/8/8/PP6/2P5/2K2R2 w - - 3 32,d8a8 e7g5 c1b2 g5g2 f1f7 g7f7,2220,81,94,2734,advantage endgame fork long queenRookEndgame,https://lichess.org/uKQDDJny#63,
jdO8k,8/2RR2pk/2p2p1p/4p3/4P3/p4P1P/q5P1/6K1 b - - 1 32,h7g6 d7g7 g6h5 c7c6 a2d2 c6f6 a3a2 f6f5,2486,90,85,306,crushing endgame queenRookEndgame veryLong,https://lichess.org/6eN6YUp7/black#64,
jfjnx,8/ppp2k2/5r2/4Q3/6PK/2P4P/PP2pr2/8 w - - 8 38,g4g5 f6e6 g5g6 e6g6,2315,111,90,2171,crushing endgame queenRookEndgame short,https://lichess.org/SECVdX1W#75,
jodid,6Q1/pp6/6pk/4pr2/3p4/P6P/4r1PK/8 b - - 3 44,d4d3 h3h4 f5f8 g8f8,2206,78,88,111,crushing endgame queenRookEndgame quietMove short,https://lichess.org/oRPFPbQX/black#88,
jr4O2,5rk1/2P2pp1/p3p3/4Pq2/5P2/6Qr/3R1K1P/2R5 b - - 0 35,h3g3 h2g3 f5h5 d2d8 h5h2 f2f3,2250,86,94,2602,crushing defensiveMove endgame long master queenRookEndgame,https://lichess.org/CQ89s8KE/black#70,
jvbvQ,2k5/p5p1/3RPp2/8/5PKp/P1B1qP1P/8/8 b - - 0 36,e3c3 e6e7 c8c7 d6e6,2262,88,82,59,advancedPawn clearance crushing endgame queenRookEndgame short,https://lichess.org/6ZEVldWg/black#72,
jxWj1,2q5/8/3k2P1/5RK1/5P1P/8/8/8 b - - 2 53,d6e6 f5e5 e6d7 g6g7,2414,107,90,1050,advancedPawn crushing endgame master queenRookEndgame short,https://lichess.org/lNvE28U5/black#106,
jxpbB,8/5pk1/4r1pp/8/5QP1/5K1P/8/8 w - - 7 50,h3h4 e6f6 f3g3 f6f4 g3f4 f7f6,2453,91,90,1094,crushing defensiveMove endgame long pin queenRookEndgame,https://lichess.org/kzMGK4gE#99,
jxu8K,8/2q3p1/p2PRpk1/1p5p/8/7P/1P4P1/4R2K b - - 0 42,c7d7 e1d1 d7e6 d6d7,2271,87,90,2555,advancedPawn crushing endgame master masterVsMaster queenRookEndgame quietMove sacrifice short,https://lichess.org/GBwczDnG/black#84,
jzjdp,2q2r2/5p1k/4pR2/3pP1Kp/3P3P/p7/P7/6R1 b - - 3 38,c8d8 g5h5 d8f6 e5f6 f8g8 g1g5,2296,99,70,36,advantage collinearMove endgame long queenRookEndgame zugzwang,https://lichess.org/Jy0MV83D/black#76,
k0d6i,4r1k1/2Q2ppp/1p6/1K2r3/PP6/6P1/7P/8 w - - 8 43,b5b6 e8e6 b6b7 e6e7 b4b5 e7c7 b7c7 e5e7,2232,85,78,70,attraction crushing endgame pin queenRookEndgame veryLong,https://lichess.org/IogiaiuQ#85,
k3vfy,8/8/p6Q/1p6/3Pp3/2Pk2p1/P4r2/4K3 w - - 4 41,d4d5 f2h2 h6f4 h2h1 f4f1 h1f1,2258,82,84,85,crushing endgame exposedKing long queenRookEndgame,https://lichess.org/j7mODzEb#81,
k5g3L,8/1q4k1/6p1/1p6/2p3P1/P4R1P/5R2/6K1 w - - 1 48,f3f7 b7f7 f2f7 g7f7 g1f2 g6g5,2272,80,86,1076,crushing defensiveMove endgame long queenRookEndgame,https://lichess.org/kuVokekd#95,
k6rKY,3Q4/p2Rr2k/6p1/7p/6p1/1P2r1K1/P6P/8 w - - 11 45,g3h4 e7d7 d8d7 h7h6 d7g4 h5g4,2247,75,92,2387,crushing endgame long queenRookEndgame,https://lichess.org/RV7OWQyu#89,
k8Eet,8/8/8/3Q4/2P2rp1/3Kp3/1P3k2/8 w - - 6 55,d5a5 e3e2 a5e5 e2e1n d3c3 f4f3,2253,96,91,3104,advancedPawn crushing endgame long promotion queenRookEndgame underPromotion,https://lichess.org/YDJxYFoE#109,
kANSF,1k6/1r2r1p1/2P2p2/5P2/Q3p2p/7P/1P4P1/7K b - - 0 37,b7b6 a4a5 b8c7 a5a7,2428,81,82,171,crushing endgame master queenRookEndgame short,https://lichess.org/AcT6ULbG/black#74,
kAsEO,1Q6/1p2r1k1/pKp3p1/2R5/1r6/5P2/P7/8 w - - 0 42,b6a7 b7b6 a7a6 b4a4 a6b6 a4b4 b6c6 b4b8,2283,82,94,1428,crushing discoveredAttack discoveredCheck endgame queenRookEndgame sacrifice skewer veryLong,https://lichess.org/Hv4cXKh7#83,
kBQ26,6rk/1p3p1p/3p1P1Q/2r2Rp1/4P3/P2p3P/6PK/8 w - - 2 42,f5d5 c5d5 h6h5 d3d2 e4d5 g5g4,2291,79,92,1715,advancedPawn crushing endgame long queenRookEndgame,https://lichess.org/646dZMid#83,
kCnNW,2k4r/2r5/Q7/8/6P1/6K1/8/8 b - - 3 50,c8d7 a6a4 c7c6 a4d4,2283,80,81,115,crushing endgame queenRookEndgame short,https://lichess.org/sVPu8VUj/black#100,
kFrnk,2R5/8/8/3p1k2/3Pq3/8/2KR1p2/8 w - - 2 60,c2c3 e4f3 d2d3 f3d3 c3d3 f2f1q,2351,97,77,50,advancedPawn attraction crushing endgame long promotion queenRookEndgame,https://lichess.org/gfm22MBh#119,
kGjG4,r3k3/1R6/3pR3/3P4/2P2p2/7P/5PPK/q7 b - - 3 42,e8d8 e6g6 a1h8 b7g7,2318,75,92,8923,crushing defensiveMove endgame queenRookEndgame short,https://lichess.org/oHCwfxqP/black#84,
kHyY7,5k2/5p2/7p/Q7/3rP3/P7/3r1P1P/6K1 w - - 1 35,f2f3 d2c2 a5e1 d4d2 h2h4 d2g2,2384,80,87,393,clearance crushing endgame long queenRookEndgame,https://lichess.org/fwkr7m8N#69,
kLj3x,Q3r3/2p1k3/p7/2pPr3/2P5/8/PP3K2/8 w - - 11 43,a8a6 e8f8 f2g3 e5g5 g3h4 g5g1,2348,82,93,1112,crushing defensiveMove endgame exposedKing long queenRookEndgame,https://lichess.org/wCF3VK4T#85,
kQWCA,r6k/p4Ppp/8/8/q1p2PP1/4RK1P/1P6/4R3 b - - 2 28,a4c6 f3g3 a8f8 e3e8 g7g5 e8f8 h8g7 f8g8 g7f7 g8g5,2249,92,91,884,advantage defensiveMove endgame pin queenRookEndgame skewer veryLong,https://lichess.org/AdqFE0a3/black#56,
kRfTM,8/8/1Q1p4/2p5/1pk1p3/3r4/4K3/8 w - - 0 52,b6a6 c4b3 a6a1 c5c4,2247,80,87,161,crushing defensiveMove endgame queenRookEndgame short,https://lichess.org/j5FOuv90#103,
kSLux,5r2/2Q2p1k/4r1p1/1p4p1/1P1n4/Pp4P1/5P1P/3R2K1 w - - 0 34,d1d4 e6e1 g1g2 b3b2 d4d7 h7g8 c7c2 b2b1q c2b1 e1b1,2277,73,92,7813,advancedPawn advantage endgame promotion queenRookEndgame veryLong,https://lichess.org/TW33V49T#67,
kWO1B,4K3/3P3R/8/1q3k2/1p6/3p3P/8/8 b - - 0 52,d3d2 h7h5 f5g6 h5b5 d2d1q b5b6,2293,77,95,99,crushing endgame long queenRookEndgame skewer,https://lichess.org/uUo8xvyR/black#104,
kZ59F,8/8/5P2/6q1/5RP1/3k2K1/8/8 b - - 0 72,d3e3 f4f3 e3e4 f6f7 g5e5 g3g2 e5b2 f3f2,2393,92,79,54,advancedPawn crushing endgame queenRookEndgame veryLong,https://lichess.org/NgV9tDG4/black#144,
kZFoy,1r6/2RR4/6kp/P5p1/8/4P2P/1p3PPK/r7 b - - 2 41,b2b1q d7d6 g6f5 c7c5 f5e4 d6d4,2252,86,91,413,endgame long master mate mateIn3 queenRookEndgame,https://lichess.org/ZHApCBF6/black#82,
ke4xB,5rk1/8/p1p2r1Q/Pp1p4/3P4/2PP2K1/5P2/8 w - - 0 46,h6g5 g8h7 g5h4 h7g7,2481,77,94,822,crushing defensiveMove endgame master queenRookEndgame short,https://lichess.org/qJWSkCPC#91,
kev1v,7k/6p1/7p/4p3/Rpq1P3/6PP/P1P1R1K1/8 w - - 4 31,g2f2 c4c6 a4b4 c6c5,2274,79,81,220,crushing endgame queenRookEndgame short,https://lichess.org/mkOed0P7#61,
kfQrV,8/8/6p1/2K1pk2/3r4/5P2/3p4/3Q4 w - - 4 73,d1c2 f5f4 c2d1 g6g5,2393,86,72,82,crushing defensiveMove endgame master queenRookEndgame short zugzwang,https://lichess.org/WmSSaop1#145,
kleBY,7k/p7/2q2PP1/2pp3r/3Pp3/1PP5/P5P1/3R1RK1 b - - 0 32,h5g5 f6f7 g5g2 g1h1 g2h2 h1h2,2320,84,90,1442,advancedPawn crushing endgame long queenRookEndgame,https://lichess.org/wY8EK8AB/black#64,
koNzh,2R2r1k/6p1/2Rq2Pp/3p4/4p3/4P3/P4PP1/6K1 b - - 2 35,d6e7 c6e6 e7d8 c8d8,2236,85,91,120,crushing endgame queenRookEndgame short,https://lichess.org/tXXQeAb0/black#70,
kwfeL,8/p4pkp/1p2p1p1/7P/P4Q2/1P3KP1/r4P2/6r1 b - - 0 36,g1f1 h5h6 g7f8 f4b4 f8e8 b4b5 e8e7 b5f1,2294,88,90,524,crushing endgame fork queenRookEndgame veryLong,https://lichess.org/0Vldl7dz/black#72,
kxQSd,8/8/3R2p1/1p4p1/4k3/4PqPK/3R3P/8 w - - 0 46,d2d4 e4e5 d4d1 g5g4 h3h4 f3f7 d6g6 f7g6,2460,97,82,58,crushing defensiveMove endgame queenRookEndgame quietMove veryLong,https://lichess.org/z0UrMyJs#91,
l17re,6k1/5R2/6PP/r7/6K1/8/p7/8 b - - 0 63,a2a1q h6h7 g8h8 f7f8 h8g7 h7h8q g7g6 f8g8,2242,96,90,1796,advancedPawn crushing endgame exposedKing promotion queenRookEndgame veryLong,https://lichess.org/8A79LQoO/black#126,
l1qLS,1k5r/5p2/2P1p1p1/3pP1P1/5PP1/Q1P3Kp/1r6/8 b - - 3 47,b2b1 a3d6 b8a7 d6d7 a7b6 d7b7 b6c5 b7b1,2305,80,93,4435,crushing endgame exposedKing master queenRookEndgame skewer veryLong,https://lichess.org/oBQnmnmB/black#94,
l3J7H,1R5K/2P4P/5k2/8/8/8/4r3/1q6 b - - 0 61,b1g6 b8f8 f6e7 c7c8q,2261,85,86,521,advancedPawn crushing endgame promotion queenRookEndgame short,https://lichess.org/5B58zYLd/black#122,
l8vZr,7r/5k2/p7/1p2p1p1/6P1/P2Q4/1r4P1/6K1 b - - 0 32,f7e7 d3f5 b2e2 f5g5,2287,96,87,1312,crushing endgame queenRookEndgame short,https://lichess.org/WwanlBcc/black#64,
l9zEf,8/4Q1pk/r7/1p1r1p1P/6P1/8/5P1K/8 b - - 0 31,a6a2 h5h6 h7h6 e7e6 h6h7 e6d5,2386,96,88,463,attraction crushing endgame fork long pin queenRookEndgame,https://lichess.org/sv579JS2/black#62,
lBCSo,8/1p1R2pk/p4q1p/8/1P2p3/P6P/7K/6R1 w - - 6 46,d7g7 f6g7 g1g7 h7g7 h2g3 g7g6 g3f4 g6h5,2238,81,82,57,crushing defensiveMove endgame queenRookEndgame veryLong,https://lichess.org/Ojvsw1Jy#91,
lLLTJ,8/q4k2/p1KP4/8/1PP5/8/3R4/8 b - - 6 48,a6a5 d6d7 a7a6 c6c5,2219,78,86,85,advancedPawn crushing defensiveMove endgame queenRookEndgame short,https://lichess.org/5ao8ichB/black#96,
lSuhT,5rk1/p2p2p1/4p3/4P3/5r2/1Q6/7P/3R2K1 w - - 0 37,d1d7 f4g4 b3g3 g4g3 h2g3 f8a8,2262,75,92,2854,advantage defensiveMove endgame long queenRookEndgame,https://lichess.org/CkPCmsFu#73,
lWfxP,8/8/1p1k4/1q1p4/pp6/P2RP3/1K1R4/8 w - - 0 47,d3d5 b5d5 d2d5 d6d5 a3b4 d5c4 b4b5 c4b5 b2a3 b5a5 e3e4 b6b5,2298,104,87,422,crushing defensiveMove endgame queenRookEndgame veryLong,https://lichess.org/TcTTnF0P#93,
lYn7i,6k1/Q4p1p/4p1p1/3p4/P1p5/2R1PPPK/1r5P/7r w - - 3 33,a4a5 h7h5 g3g4 h1h2,2342,87,82,101,crushing endgame queenRookEndgame quietMove short,https://lichess.org/r65a9I20#65,
lhMgx,4r1k1/5p1p/6p1/3P2P1/5Q1P/Pp2r3/1Pp5/K1R5 w - - 3 32,d5d6 e3e1 f4d2 e1c1,2202,78,88,139,crushing endgame master queenRookEndgame short,https://lichess.org/OVbGXWLo#63,
lheQN,1r1r4/8/Q3pk1p/4p3/5p2/8/PPP1K1PP/8 w - - 3 29,b2b3 b8c8 a6b7 c8c2,2454,91,73,90,crushing endgame queenRookEndgame short,https://lichess.org/1ogwGeHb#57,
lmU1P,3R4/1p2P3/p4P2/P7/1PK3p1/6k1/8/1q6 b - - 3 41,b1c2 c4d4 c2d2 d4e5 d2f4 e5e6,2380,95,82,31,crushing endgame long master queenRookEndgame,https://lichess.org/LUuvMzwT/black#82,
lvToj,k1r5/pp6/3Q4/1PPP4/PK5r/8/8/8 w - - 3 57,b4a5 h4c4 d6g3 c8c5,2325,88,88,1023,crushing endgame queenRookEndgame short,https://lichess.org/4V1JNpGT#113,
lvZBn,8/1p5k/8/3pP2q/2p1p1R1/P7/7P/6RK b - - 1 38,h5h6 e5e6 h6f6 e6e7 f6e7 g1g3,2443,87,80,79,advancedPawn crushing defensiveMove endgame long queenRookEndgame,https://lichess.org/CKFdAbOd/black#76,
lxr7V,3k4/5RR1/3qp2p/8/7K/p7/7P/8 b - - 14 45,d6d4 g7g4 d4h8 g4a4 d8e8 a4a8 e8f7 a8h8,2499,81,91,783,crushing defensiveMove endgame exposedKing queenRookEndgame skewer veryLong,https://lichess.org/GcjsMCIa/black#90,
lyxqw,4r2r/8/1p1p1Q2/4R1pk/2P2p2/5PP1/6K1/8 b - - 0 43,d6e5 g3g4 h5h4 f6b6 e5e4 b6f2,2224,80,87,191,endgame long mate mateIn3 queenRookEndgame,https://lichess.org/QWFtfnsV/black#86,
m30U5,6k1/R5p1/8/6R1/7P/1pq3PK/8/8 w - - 0 51,h4h5 c3f6 a7a8 g8h7,2472,108,78,49,crushing defensiveMove endgame queenRookEndgame short,https://lichess.org/vG5aUBj1#101,
m31lp,4R3/2p2P2/1p1k4/p7/P7/4P3/6K1/2q5 b - - 1 45,c1d2 g2h3 d6c6 f7f8q,2277,75,91,4896,advancedPawn crushing defensiveMove endgame promotion queenRookEndgame short,https://lichess.org/VT8fTQMi/black#90,
m3Lmv,5rk1/p6p/5rp1/2PP4/8/3KQ2P/P7/8 w - - 1 39,d5d6 f6f3 e3f3 f8f3 d3e4 f3f8 e4d5 g8f7,2291,93,89,1183,crushing defensiveMove endgame exposedKing pin queenRookEndgame quietMove veryLong,https://lichess.org/UaWdSGAY#77,
m6ju7,1r6/6k1/P7/2pQ4/8/K1P5/2P5/1r6 w - - 5 53,d5a2 b8b6 a2b1 b6b1,2229,83,91,2016,crushing endgame queenRookEndgame short,https://lichess.org/NxK39Wzu#105,
mBRPN,7R/8/1q3p2/pPk1pP2/3p2K1/3P4/1R6/8 b - - 2 55,a5a4 h8c8 c5d5 b2c2 e5e4 c2c7 b6d6 c7c6,2240,123,88,25,crushing endgame queenRookEndgame quietMove veryLong,https://lichess.org/seFy063I/black#110,
mCMxn,3r1r1k/pQ5p/8/8/1P6/P3Pp1P/5P1K/8 w - - 3 32,b7a7 f8g8 h3h4 d8d1 a7d4 d1d4,2338,90,87,132,crushing endgame long queenRookEndgame quietMove,https://lichess.org/P1ZNF95v#63,
mCzJQ,R7/4P2k/8/pp6/8/3PP3/1P3KPP/3q4 b - - 2 38,d1d2 f2f3 d2d1 f3f4 d1f1 f4e5,2316,78,86,115,crushing defensiveMove endgame long queenRookEndgame,https://lichess.org/EQij7jMe/black#76,
mFCdK,Q7/8/1p6/p1p5/1k1r4/3p4/P5K1/8 w - - 0 55,a8a7 b6b5 a2a3 b4c4 a7f7 c4c3,2413,78,78,94,crushing defensiveMove endgame long queenRookEndgame quietMove,https://lichess.org/LGrYTFqL#109,
mFSJk,8/1R3Rpk/3p3p/p7/3q1P2/5K2/6PP/8 w - - 0 38,f7g7 d4g7 b7g7 h7g7 f3e3 h6h5,2213,153,78,8,crushing defensiveMove endgame long queenRookEndgame,https://lichess.org/j5sMOaja#75,
mGLkL,6r1/4R1pk/4p3/3pP3/1P3PR1/q7/6KP/8 b - - 1 46,a3b4 g4h4 h7g6 f4f5 g6f5 h4b4,2224,82,86,157,advantage discoveredAttack endgame long queenRookEndgame,https://lichess.org/wrobCwHa/black#92,
mGqKT,4r3/6k1/6p1/8/p1bP1KP1/P3p2P/1P2Q3/8 w - - 5 39,e2c4 e3e2 c4c7 g7f8 c7d6 e8e7 f4g5 e2e1q,2349,91,86,513,advancedPawn crushing defensiveMove endgame promotion queenRookEndgame veryLong,https://lichess.org/V4L4m7FR#77,
mHPBv,8/8/7k/p3qpRp/Pp5P/3p1P1P/1P6/6RK w - - 0 45,g1g2 d3d2 g2g1 e5d5 g5g6 h6h7 g6g7 h7h8,2454,81,93,1385,advancedPawn crushing endgame pin queenRookEndgame veryLong,https://lichess.org/f9jT3Htt#89,
mK7hI,8/3PR3/2q2pk1/8/3R3p/6pP/5P1K/8 w - - 0 73,f2g3 h4g3 h2g1 c6c1,2316,94,87,421,crushing endgame master queenRookEndgame short,https://lichess.org/mxYCc5P7#145,
mKUCj,8/1P6/2Q5/8/2k1rr2/P7/5p2/1K6 b - - 11 54,c4d3 c6c2 d3d4 b7b8q f2f1q b1b2,2480,90,85,70,advancedPawn crushing defensiveMove endgame long master promotion queenRookEndgame,https://lichess.org/rAZIAyQu/black#108,
mLEFd,8/1k6/1pr1K3/4b3/4Q3/2p5/8/8 w - - 5 56,e6e5 c3c2 e4h7 b7a6 h7d3 b6b5 d3a3 a6b6,2467,83,82,139,advancedPawn advantage defensiveMove endgame queenRookEndgame veryLong,https://lichess.org/w0Haoo3u#111,
mLZaE,4R3/1p3ppk/p2P3p/2N5/1qP5/7P/5PP1/6K1 b - - 0 29,b4c5 d6d7 c5c4 e8c8 c4e2 d7d8q,2406,104,90,131,advancedPawn advantage endgame long promotion queenRookEndgame,https://lichess.org/2HZrniq2/black#58,
mN5Xc,4r3/5k2/5rp1/1P6/3PpQ2/7P/6P1/7K w - - 2 52,f4c7 e8e7 c7c4 f7g7 c4b4 f6f7 d4d5 e4e3 b4c3 g7h7,2429,80,92,1597,clearance crushing defensiveMove endgame queenRookEndgame quietMove veryLong,https://lichess.org/uUiYZWNA#103,
mPpbc,7k/r6q/p3p3/3p2QR/1PpP4/P1P4K/8/5r2 w - - 0 43,h5h7 a7h7 h3g2 f1f8 g5e5 h7g7,2466,80,84,268,crushing endgame long queenRookEndgame quietMove,https://lichess.org/JJCScL7B#85,
mQsjs,2r4k/8/6PP/1p6/1q1p4/1P3P2/P7/1KR4R b - - 2 33,c8c3 h1g1 c3c1 g1c1 b4f8 g6g7,2284,117,21,17,advancedPawn crushing endgame long queenRookEndgame quietMove,https://lichess.org/rxO09r9W/black#66,
mTein,8/8/3k2P1/4pR1K/4P2P/5Pq1/8/8 b - - 0 60,d6e6 f5g5 g3f3 g5g4 e6e7 g6g7,2225,104,78,39,advancedPawn crushing endgame long queenRookEndgame,https://lichess.org/HU8Ti44I/black#120,
mXKsc,8/r6k/r4P1p/7p/3Q4/p5P1/6K1/8 b - - 0 51,a3a2 d4e4 h7g8 e4e8,2265,95,75,53,crushing endgame queenRookEndgame short,https://lichess.org/Q0fHvCgH/black#102,
mZM8R,8/3rk1p1/8/p1Q1P3/P2p1r1p/7P/6P1/6K1 b - - 4 38,e7e8 e5e6 d7d8 c5c6 e8e7 c6c7,2316,99,90,1327,crushing endgame exposedKing long queenRookEndgame,https://lichess.org/SjgGIndl/black#76,
mdQnQ,8/1Q6/5p1k/6r1/8/8/6r1/6K1 w - - 0 51,b7g2 h6h5 g1h2 g5g2 h2g2 h5g4 g2f2 g4f4,2413,78,91,2119,crushing defensiveMove endgame exposedKing pin queenRookEndgame veryLong,https://lichess.org/6YnhBweu#101,
mfP1m,8/4kp2/R5p1/Rp2p2p/p3P2P/5P2/4q1PK/8 b - - 12 49,f7f6 a6b6 e2d2 a5a7,2297,75,94,1398,clearance crushing endgame queenRookEndgame short,https://lichess.org/8CvXfY9A/black#98,
mnK3h,8/8/4rr1p/5kp1/8/3Q3P/6PK/8 b - - 17 56,e6e4 d3d5 f5f4 g2g3 f4e3 d5b3 e3d4 b3b2 d4d5 b2f6,2353,79,92,3313,crushing endgame queenRookEndgame skewer veryLong,https://lichess.org/uLkVOgo6/black#112,
mo28V,5R2/4P3/6k1/1K6/p3P3/2p5/8/3q4 b - - 0 57,d1d3 b5a5 d3e4 e7e8q e4e8 f8e8,2333,79,70,120,advancedPawn crushing defensiveMove endgame exposedKing long promotion queenRookEndgame,https://lichess.org/s7xtVrXp/black#114,
moHyL,6k1/p1q2p1p/2P5/PP6/8/7P/2R3P1/7K b - - 0 46,f7f5 b5b6 a7b6 a5a6 g8g7 a6a7 c7a7 c6c7 a7a1 h1h2 a1e5 g2g3 f5f4 c7c8q,2355,80,94,1186,advancedPawn crushing endgame promotion queenRookEndgame sacrifice veryLong,https://lichess.org/kHg9QJ0h/black#92,
mosE9,6k1/5p2/5Q1p/8/1P2p3/2P3P1/r2r1PKP/8 w - - 1 30,b4b5 e4e3 g2h3 e3f2,2382,92,77,59,advancedPawn advantage endgame pin queenRookEndgame short,https://lichess.org/Hruo84q9#59,
mzyqD,7r/R7/8/p7/2K1pp2/p7/2Q2P2/k7 w - - 6 65,a7b7 h8c8 c4b3 a5a4 b3a3 c8c2,2348,80,86,417,crushing endgame long master queenRookEndgame,https://lichess.org/MqIM73E8#129,
n3Ksh,8/3P4/8/4pk2/P4p2/1P3P2/6q1/1K1R4 b - - 0 47,g2f3 b1c2 f3e4 d1d3 f4f3 d7d8q,2438,97,90,823,advancedPawn crushing defensiveMove endgame long promotion queenRookEndgame,https://lichess.org/9Lc5cmPx/black#94,
n5pqr,1R6/P5k1/3p4/2pP1p2/2P2P2/6pq/1P3K2/5R2 w - - 0 42,f2e1 g3g2 f1g1 h3e3 e1d1 e3g1 d1c2 g1a1 a7a8r a1a8 b8a8 g2g1q,2439,124,90,1346,advancedPawn clearance crushing endgame exposedKing fork promotion queenRookEndgame veryLong,https://lichess.org/XFWzQNjf#83,
nAJb6,4Q3/7p/6p1/5p2/5k2/3r1P1P/3p2P1/5K2 w - - 1 60,e8b8 f4g5 b8g3 g5h5,2366,77,100,131,crushing defensiveMove endgame master queenRookEndgame short,https://lichess.org/p9wqLXNN#119,
nAbyW,8/5p2/4k1p1/p2r4/P7/1Q5P/1P1p1K2/8 w - - 0 45,b3e3 e6f6 e3f3 d5f5 f3f5 f6f5,2221,87,90,1563,crushing defensiveMove endgame long pin queenRookEndgame,https://lichess.org/QLFPgD4p#89,
nCTg3,r4r1R/8/p3p1kR/3pP3/1q2pP2/2p1P1P1/PP4P1/2K5 b - - 7 28,g6f5 g3g4 f5g4 h6g6 g4f5 g6g5,2231,83,87,909,attraction endgame long mate mateIn3 queenRookEndgame,https://lichess.org/y78IBRZ2/black#56,
nEWZJ,7q/6RP/6K1/4k3/4PPP1/8/8/8 b - - 0 70,e5f4 g7g8 h8d4 g8f8 f4g4 h7h8q,2286,98,88,3081,advancedPawn crushing endgame long promotion queenRookEndgame,https://lichess.org/0l0yiBir/black#140,
nFOPB,8/p3Rkpq/8/8/1p6/1P2R3/4KP2/8 b - - 2 49,f7g6 e7g7 h7g7 e3g3,2279,79,93,2721,crushing endgame queenRookEndgame sacrifice short,https://lichess.org/SrJLSthy/black#98,
nIKzn,6k1/1Q3pp1/r3p2p/8/8/4P2P/1p3PPK/1r6 w - - 0 35,b7a6 b1c1 a6a8 g8h7,2349,77,92,1081,advantage endgame master queenRookEndgame quietMove short,https://lichess.org/ib4S8naF#69,
nIzN2,8/4Q3/5rp1/1KP3kp/p7/6P1/r7/8 b - - 17 48,a4a3 e7e3 g5g4 e3d4,2211,79,78,101,crushing endgame queenRookEndgame short,https://lichess.org/uUbM9aOc/black#96,
nJe6C,8/6p1/P7/3p3p/5P2/3q3P/R5PK/3k4 b - - 2 49,d3b3 a2a1 d1e2 a6a7 e2f2 h2h1 b3b7 a7a8q b7a8 a1a8,2311,84,86,59,advancedPawn crushing endgame promotion queenRookEndgame veryLong,https://lichess.org/vE9SbN40/black#98,
nLsk5,5QR1/5p1p/2p3p1/7k/7P/8/Prp2PPK/3r4 w - - 5 37,g2g4 h5g4 f8f7 c2c1q,2352,81,87,358,advancedPawn advantage endgame promotion queenRookEndgame short,https://lichess.org/3JCjlyuK#73,
nPe3v,8/1P5k/7p/q1p2rp1/5N2/4PK2/8/1R4R1 b - - 0 46,f5f4 e3f4 a5c3 f3g4 h6h5 g4h5 c3h3 h5g5 h3h6 g5f5,2379,91,86,55,crushing endgame queenRookEndgame veryLong,https://lichess.org/G2pOBElM/black#92,
nQcFU,1k5r/1P6/pQ6/r4p2/1p1Pp1p1/4P1P1/5KP1/8 b - - 1 35,a5a4 b6d6 b8a7 d6c5,2494,110,90,934,advantage endgame queenRookEndgame short,https://lichess.org/y8wOIE5j/black#70,
nR8aI,6Q1/kp3p2/p7/4rP1P/8/2P5/PP5K/3r4 w - - 3 41,g8f7 d1d3 f7g6 e5e2,2380,87,93,1439,advantage endgame queenRookEndgame short,https://lichess.org/cuIDYn5B#81,
nTPI3,5k2/R7/3p1P2/2p4p/2pq3P/4p1P1/PP5K/5R2 w - - 0 43,f6f7 d4b2 h2h3 b2b8,2337,76,92,2882,crushing endgame queenRookEndgame short,https://lichess.org/d6b9v1km#85,
nZJgX,8/6pk/6r1/3Q3p/6r1/7K/8/8 b - - 33 73,h5h4 d5h5 h7g8 h5d5,2257,123,100,25,endgame equality queenRookEndgame short,https://lichess.org/gfaPGM4E/black#146,
nbRka,8/3R1ppk/p7/7P/1p6/1Pq5/2P5/1K1R4 b - - 5 38,f7f6 d1g1 f6f5 h5h6 h7h6 d7d3,2388,98,90,160,crushing endgame long pin queenRookEndgame,https://lichess.org/frpx6CXU/black#76,
neWui,2Q2r2/1K3r2/1P6/8/4k3/8/8/8 w - - 1 58,c8c7 e4d5 c7f7 f8f7 b7a8 f7f8,2346,129,70,24,crushing endgame long pin queenRookEndgame zugzwang,https://lichess.org/fhteCwAj#115,
nh3Gm,6k1/Q5pp/3p1P2/P2Pp1P1/8/6P1/1rr2P1K/8 b - - 0 30,c2f2 h2g1 f2f6 g5f6,2394,79,93,3006,crushing defensiveMove endgame master queenRookEndgame short,https://lichess.org/BoZl8FQI/black#60,
nnugr,8/8/8/8/8/4p1K1/1Q1pk3/3r4 w - - 0 79,b2d4 d1g1 g3f4 g1g4 f4g4 d2d1q d4e4 e2f2,2392,96,59,42,advancedPawn crushing discoveredAttack discoveredCheck endgame exposedKing master promotion queenRookEndgame veryLong,https://lichess.org/00KL5J7l#157,
npEwv,8/2R4p/p1R5/3q1ppk/4p3/PP1pP1P1/7P/6K1 w - - 4 35,g1g2 h7h6 g3g4 f5g4,2291,79,92,3446,crushing endgame master queenRookEndgame quietMove short,https://lichess.org/wdtUgBgd#69,
ns51U,6r1/5pk1/1Q6/4p3/2P5/2P1Pr2/P6P/7K w - - 3 39,b6c6 f3f1 h1g2 f1f6 c6f6 g7f6,2438,86,90,946,crushing discoveredAttack discoveredCheck endgame long queenRookEndgame,https://lichess.org/RSr2UGyV#77,
nxI1m,2R5/3P1p1k/4p3/4Pp1p/4q3/P5R1/7K/8 b - - 3 46,e4e2 g3g2 e2e5 h2h3,2320,88,88,253,crushing defensiveMove endgame master queenRookEndgame short,https://lichess.org/HlbdKpPW/black#92,
o3Pq5,6k1/5p1p/3Q2p1/2pP4/2P1P3/p3P2P/6P1/1r4K1 w - - 0 39,g1h2 a3a2 e4e5 b1f1 d6b8 g8g7 e5e6 a2a1q,2498,87,90,1182,advancedPawn crushing endgame promotion queenRookEndgame quietMove veryLong,https://lichess.org/E9fhZqIg#77,
o4f3V,1k1rR3/pp1P1ppp/1q6/5p2/5P2/8/PP3P1P/1KR5 b - - 4 28,a7a6 c1c8 b8a7 c8d8 b6c7 d8a8,2264,89,71,42,crushing endgame long queenRookEndgame queensideAttack,https://lichess.org/VJ13VufH/black#56,
o8iTf,5r1k/p3r3/6QP/1p3p2/4p3/1PP5/1P3PPK/8 w - - 0 40,f2f3 e4e3 g6d6 f8f7,2324,80,91,1054,crushing defensiveMove endgame queenRookEndgame short,https://lichess.org/bwWjAlwe#79,
oAKaA,r7/P5k1/5p2/4PKp1/8/8/7p/R7 b - - 0 53,h2h1q e5f6 g7g8 a1h1 a8a7 f5g6,2397,90,85,47,crushing endgame long queenRookEndgame,https://lichess.org/w3CRKbkx/black#106,
oDT0t,4r3/1k2r3/R7/1ppp3p/4p3/3P3Q/1PP3PP/7K w - - 2 31,a6a5 e4d3 g2g3 d3c2 a5a1 e7e1,2484,94,91,1001,advancedPawn crushing endgame long queenRookEndgame,https://lichess.org/BDAphHfq#61,
oHJ72,8/p1p5/kpQp4/3P4/8/P7/KP3rrp/7R w - - 11 49,c6c7 f2b2 a2a1 b2c2 c7c2 g2c2,2212,84,94,1347,crushing endgame long queenRookEndgame,https://lichess.org/aUeu229X#97,
oJsxJ,6k1/5pP1/7p/3pP3/7P/1pq1PP2/8/1K1R3R w - - 0 32,d1c1 c3d2 c1c8 g8g7 h1g1 g7h7 g1g2 d2g2,2208,78,75,104,crushing endgame queenRookEndgame veryLong,https://lichess.org/g9mwMlHQ#63,
oM8gx,6Q1/1r6/8/8/6K1/8/pk6/8 w - - 2 76,g8c8 b7g7 g4h5 a2a1q,2439,90,71,107,advancedPawn crushing endgame master promotion queenRookEndgame short,https://lichess.org/4E6nxo6e#151,
oMrCR,4Rr2/5P2/kp3R2/p3P3/P1P5/1PKP4/4q3/8 b - - 6 54,e2e1 c3d4 e1g1 d4d5 g1c5 d5e6 c5c6 e6e7,2336,83,95,799,crushing defensiveMove endgame queenRookEndgame veryLong,https://lichess.org/XhsNTxTB/black#108,
oNKFa,8/4qR2/2kpP3/8/1pP3p1/1P3p2/2K5/4R3 b - - 1 48,e7g5 e6e7 g5g6 c2d2,2471,85,86,155,advancedPawn crushing defensiveMove endgame queenRookEndgame short,https://lichess.org/uf1giXyE/black#96,
oNKVE,8/3r1rkp/5p2/p4PpP/P5P1/7K/8/4Q3 w - - 4 51,e1a5 d7d3 h3g2 f7b7 h5h6 g7h6,2448,80,92,1549,clearance crushing endgame long queenRookEndgame quietMove,https://lichess.org/f4OWysxI#101,
oS9jv,Q7/7p/5pp1/8/P2P2kP/8/2r2rPK/8 b - - 2 35,g4h4 a8e4 h4g5 h2g3 f2g2 e4g2 c2g2 g3g2,2402,99,90,1117,crushing endgame queenRookEndgame veryLong,https://lichess.org/FFEK1NXN/black#70,
oTeCl,5r2/2P3kp/8/3P4/1P2P2R/4q1PK/8/7R w - - 0 45,h1f1 f8f1 h4g4 g7f6 g4f4 f1f4,2276,81,79,75,crushing endgame hangingPiece long pin queenRookEndgame,https://lichess.org/c6WhnFDz#89,
oWGxE,3r4/pp5p/2p2Qp1/6Pk/8/3r1PK1/P7/8 b - - 0 41,d3d6 f6g7 h5g5 f3f4 g5h5 g7h7,2294,79,93,4865,endgame long mate mateIn3 queenRookEndgame,https://lichess.org/edFiFrQz/black#82,
oZ3Mg,8/2K1Q2P/kp4r1/p6r/P7/8/8/8 b - - 4 61,g6h6 c7b8 h6h7 e7e2 b6b5 e2e6,2218,80,82,165,endgame long master mate mateIn3 queenRookEndgame,https://lichess.org/qTJTohfj/black#122,
oZx9u,8/2P5/p7/2q2p2/5k2/2R5/PP1K4/8 b - - 2 51,c5f2 d2d1 f2b2 c7c8q,2414,98,81,42,advancedPawn advantage defensiveMove endgame promotion queenRookEndgame short,https://lichess.org/HU4OuSaO/black#102,
ob6hQ,5K1k/2r2pr1/3R3p/1p5P/4Q3/8/8/8 w - - 2 64,e4d4 f7f6 d4f6 c7c8 d6d8 c8d8 f6d8 g7g8 f8e7 g8d8,2392,76,91,1460,crushing endgame queenRookEndgame quietMove skewer veryLong,https://lichess.org/cEF0l17w#127,
obsgm,2q3k1/4P1P1/2pK4/3p2R1/p7/6R1/1r6/8 b - - 0 58,b2b3 g5h5 c8b8 d6e6 b3g3 h5h8 g8g7 h8b8,2370,76,95,1049,crushing defensiveMove endgame exposedKing queenRookEndgame sacrifice skewer veryLong,https://lichess.org/0kSbNsAi/black#116,
oc1BK,8/8/6k1/3R4/4PpP1/5Pq1/6P1/6K1 b - - 23 65,g6f6 g1f1 g3h4 d5h5 h4h5 g4h5,2237,75,75,116,crushing endgame long queenRookEndgame,https://lichess.org/XIBXKgp1/black#130,
ocOCI,1q4k1/pp4pp/8/4pp2/8/P7/1P1R1PK1/4R3 b - - 0 37,f5f4 e1d1 g8f7 d2d8 b8d8 d1d8,2220,78,90,2254,crushing endgame long queenRookEndgame quietMove,https://lichess.org/hidSfeTw/black#74,
odNMW,7R/4p1k1/3p1rB1/2qP4/p5P1/5P2/pPP5/K6R b - - 2 28,f6g6 h1h7 g7f6 h8f8 f6e5 h7e7 e5d5 f8f5 d5c6 f5c5,2242,81,84,283,crushing deflection endgame exposedKing queenRookEndgame skewer veryLong,https://lichess.org/ffY5jgO2/black#56,
ogr2h,8/8/8/8/2K5/5k2/1P3rp1/4Q3 w - - 1 68,e1g1 f2f1 g1g2 f3g2 b2b4 g2f3,2262,92,80,89,crushing defensiveMove endgame long queenRookEndgame,https://lichess.org/FzG38ZH3#135,
ohhTM,3RR3/6pk/2p4p/8/6KP/r5P1/5P2/5q2 b - - 8 42,f1f2 e8h8 h7g6 h4h5 g6f6 d8f8 f6e6 f8f2,2211,137,80,17,crushing endgame queenRookEndgame skewer veryLong,https://lichess.org/mOVxzOYL/black#84,
okeWI,k2r3r/pp6/4P3/2Q3P1/2P2P1p/PP1p3K/8/8 w - - 0 41,e6e7 d3d2 e7d8q h8d8 c5g1 d2d1q g1d1 d8d1 h3h4 a8b8,2225,78,91,1066,advancedPawn advantage defensiveMove endgame promotion queenRookEndgame veryLong,https://lichess.org/j1nesgZu#81,
ooNqr,8/6pk/5rP1/8/3r2PK/8/2Q5/8 b - - 0 66,h7h6 c2c5 f6f5 c5d4 f5h5 h4g3,2425,89,87,442,crushing endgame long queenRookEndgame,https://lichess.org/vq1EHelt/black#132,
osIZU,8/8/P6p/2Qp4/k7/7P/1r4r1/7K b - - 0 64,g2c2 c5g1 b2a2 a6a7 a4b3 g1b6 b3c3 b6c6,2407,91,84,61,advancedPawn crushing endgame queenRookEndgame quietMove veryLong,https://lichess.org/gZVU7C4d/black#128,
osKR4,Q2r4/1pk2ppp/1p6/8/8/2Pp4/P3rPPP/3R2K1 w - - 2 22,a8a3 d3d2 g1f1 d8e8 f2f3 e2e1 f1f2 e1d1 a3b3 d1f1 f2f1 e8e1,2389,93,86,75,advancedPawn attraction crushing endgame queenRookEndgame quietMove veryLong,https://lichess.org/iovBznRR#43,
otSV0,6k1/8/4p3/p7/2p1PRK1/2q5/P4R2/8 b - - 3 32,c3b4 f2g2 g8h7 g4h3 b4c3 g2g3,2333,112,35,28,crushing defensiveMove endgame long queenRookEndgame quietMove,https://lichess.org/locvY0ow/black#64,
ov6h0,5k2/5p2/4p3/5p2/2P2P2/p1qP1R2/R5KP/8 w - - 2 38,g2g3 c3g7 g3f2 g7b2 a2b2 a3b2 d3d4 b2b1q,2365,77,95,935,advancedPawn advantage endgame promotion queenRookEndgame sacrifice veryLong,https://lichess.org/4xh9Zxe7#75,
oweTD,7k/pp3R2/8/4p2p/2p5/8/qP4RK/8 b - - 0 36,c4c3 f7f5 a2b1 f5h5,2210,79,83,97,crushing endgame queenRookEndgame short,https://lichess.org/EbR8GuPy/black#72,
oxFUo,8/6R1/pk2p1p1/3p2P1/P3pq2/1P6/2R5/1K6 b - - 0 43,e4e3 a4a5 b6a5 g7b7,2209,88,90,2106,crushing defensiveMove endgame master queenRookEndgame short,https://lichess.org/UJYroTFW/black#86,
oxz7T,1r1r4/7p/5Qpk/1P3p2/8/6P1/5PKP/8 b - - 0 44,d8d5 f6h4 h6g7 h4e7,2217,76,86,615,crushing endgame queenRookEndgame short,https://lichess.org/9mzBiuWx/black#88,
ozopO,8/8/4p3/2p1Pp2/2P5/1K4P1/p1R5/1k6 b - - 3 62,a2a1q c2f2 b1c1 f2f1 c1d2 f1a1,2357,88,84,84,crushing endgame long queenRookEndgame skewer,https://lichess.org/TKXvvFYy/black#124,
p3FnQ,8/8/ppqp3p/2p2p1k/2P2P1p/P2P2PR/1P6/5RK1 b - - 2 32,h5g4 h3h4 g4g3 h4h2,2428,95,84,247,crushing endgame queenRookEndgame short,https://lichess.org/jqjdrhvN/black#64,
p60nr,8/Q6p/3p1kp1/3P4/8/7P/P1r2rPK/8 w - - 1 39,a7d7 f2g2 h2h1 g2e2 d7d6 f6g7,2291,82,91,1116,crushing defensiveMove endgame long queenRookEndgame quietMove,https://lichess.org/bkcaXaLB#77,
p7W12,6k1/5p2/3R1Pp1/8/pp2q3/8/PP6/K2R4 b - - 0 33,b4b3 d6d8 g8h7 d8d4 e4f3 d4h4,2217,84,83,85,crushing endgame long queenRookEndgame,https://lichess.org/73T8pFQ5/black#66,
p8kXi,7R/2k2R2/2p5/1p6/2pP4/2P4p/3PK3/7q b - - 9 46,c7d6 h8h6 d6d5 f7e7 h1g2 e2d1,2267,147,0,13,crushing defensiveMove endgame long queenRookEndgame quietMove,https://lichess.org/QMZf0Xqs/black#92,
p8u9m,3r2k1/pQ5p/1p2P3/5p2/5P2/2Pp4/PP1K2rP/8 w - - 2 30,d2e3 g2e2 e3f3 e2e6,2349,79,79,170,crushing endgame master queenRookEndgame short skewer,https://lichess.org/PtspWT4v#59,
pB9BK,2rk4/6q1/5RP1/1p1p4/2p2R1P/P3P3/1P6/7K b - - 0 34,c4c3 f6f8 d8d7 f8f7 d7e6 f7g7 c3c2 f4f1 c2c1q f1c1,2249,90,91,1134,crushing endgame exposedKing fork queenRookEndgame quietMove veryLong,https://lichess.org/FivQwG5X/black#68,
pEKaK,3R4/pp3ppk/7p/5P1P/8/PqP1RP2/5K2/8 b - - 0 33,b3a3 e3e8 a3c5 f2g2 g7g6 h5g6 h7g7 d8d7 c5f5 d7f7 f5f7 g6f7,2329,88,85,39,advancedPawn crushing defensiveMove endgame fork queenRookEndgame quietMove veryLong,https://lichess.org/kNWRuARL/black#66,
pLUO8,4q3/1pK3k1/p1p5/8/2P5/1P1R4/6P1/8 b - - 0 46,e8e7 d3d7 e7d7 c7d7 a6a5 c4c5,2223,77,85,113,crushing defensiveMove endgame long pin queenRookEndgame,https://lichess.org/9qQlByhR/black#92,
pM9Tv,5r1k/p5p1/1p2P3/8/4Q3/8/PP2K2P/2r5 b - - 0 34,f8f1 e4h4 h8g8 h4d8 g8h7 e6e7 c1e1 e2d2,2388,82,85,66,advancedPawn crushing endgame queenRookEndgame veryLong,https://lichess.org/9sB3po76/black#68,
pQEec,8/5R1k/5Ppp/p2rP1q1/8/P6P/6P1/5RK1 b - - 0 34,h7h8 f7f8 h8h7 f6f7 g5e3 g1h1,2230,77,91,2742,advancedPawn crushing defensiveMove endgame long queenRookEndgame,https://lichess.org/ad6gvShB/black#68,
pTs4j,8/p1k5/8/5p2/1p3P2/5K2/r1p5/2Q5 w - - 0 49,f3e3 a2a3 e3d4 a3c3,2272,76,94,1669,crushing defensiveMove endgame queenRookEndgame short,https://lichess.org/LDSXVkQv#97,
pTvxe,1k6/2p5/p2p4/1p2pP2/4P3/1P1KQ3/2r3r1/7R w - - 0 34,f5f6 c7c5 h1b1 b8a8 e3e1 g2h2 e1c3 c2c3,2298,124,66,21,crushing endgame master queenRookEndgame quietMove veryLong,https://lichess.org/3UUW6t7E#67,
pZsMg,5k2/3R4/1p1PpP1K/3p3p/5R2/8/2r2PP1/q7 b - - 0 44,c2c4 d7d8 f8f7 d6d7,2400,80,84,151,advancedPawn crushing endgame master queenRookEndgame short,https://lichess.org/G3h4GQva/black#88,
pa0yR,3k4/pp2r3/5n2/4QP2/2pP3P/2P5/PP4r1/1K6 w - - 6 38,e5f6 g2g1 b1c2 d8d7,2464,90,79,87,crushing defensiveMove endgame master queenRookEndgame short,https://lichess.org/517o4Jp4#75,
pcp3p,8/6kp/p5p1/1p1QPr2/8/4P2P/PPr3P1/6K1 b - - 0 30,c2b2 d5d4 f5f2 e5e6,2327,103,87,1187,crushing discoveredAttack discoveredCheck endgame queenRookEndgame short,https://lichess.org/55QQ5Z93/black#60,
peUHr,8/8/p4p2/1p3k2/1P2p3/5p2/1K2r3/6Q1 w - - 6 63,b2b3 f3f2 g1h1 e2e3,2384,110,85,51,advancedPawn advantage endgame queenRookEndgame short,https://lichess.org/wZqFWm3R#125,
pgr9U,2r5/5pkp/6p1/8/Pp2P3/2p4P/2Q3P1/7K w - - 0 41,a4a5 g7g8 h1h2 b4b3 c2b3 c3c2,2493,79,81,329,advancedPawn crushing endgame long queenRookEndgame,https://lichess.org/SwNrJOJ5#81,
phyN6,r3r3/2k4p/p1Pp2p1/3Q4/1P6/6P1/P6P/2K5 b - - 2 31,e8e5 d5f7 c7c6 f7f3 e5d5 f3e4,2234,113,81,34,crushing endgame long queenRookEndgame,https://lichess.org/kP7GVIj3/black#62,
pj0ZG,6k1/6p1/7q/pp6/8/1PRR4/6P1/6K1 b - - 7 41,b5b4 d3d8 g8f7 c3c7 f7e6 c7c6,2271,139,87,24,crushing endgame long queenRookEndgame,https://lichess.org/90jz70KL/black#82,
pjanq,1Q6/6pk/7p/8/6P1/p6P/5r2/2K5 w - - 4 43,b8a7 f2f1 c1c2 a3a2 a7a2 f1f2 c2b3 f2a2,2335,82,87,219,advancedPawn crushing endgame exposedKing queenRookEndgame skewer veryLong,https://lichess.org/wpeW5NuF#85,
pnUAU,8/8/2P3pk/4Rp1p/3P4/4P3/5PPK/q7 b - - 1 40,a1c1 e5c5 c1d2 c6c7 d2f2 c5c1 f2e3 c7c8q,2459,77,96,696,advancedPawn crushing endgame promotion queenRookEndgame quietMove veryLong,https://lichess.org/1xRDyzn5/black#80,
pr6Ni,6r1/pp3R2/7p/k1p5/2P1P1q1/3PK1P1/P7/6R1 b - - 6 34,b7b6 f7a7 a5b4 e3d2 g4f4 g3f4,2296,86,91,378,crushing endgame long queenRookEndgame,https://lichess.org/VIbJ5rLN/black#68,
pruUm,8/1R3Rp1/4p3/3qk2p/p7/4P1P1/5P2/6K1 b - - 2 40,g7g6 b7d7 d5c5 d7d4,2382,78,91,3437,crushing endgame queenRookEndgame short,https://lichess.org/EHUyXxRv/black#80,
pw1QG,8/8/p3p3/7k/8/P5RK/5q2/6R1 w - - 6 96,g3g4 f2f5 h3g3 f5g4,2265,83,87,243,crushing endgame queenRookEndgame short,https://lichess.org/4hrrgxMa#191,
pxoMr,1R6/5P2/8/2p5/3k2p1/8/pp2K3/6r1 w - - 0 62,f7f8q g1g2 e2f1 b2b1q f1g2 b1e4,2465,84,91,348,advancedPawn crushing endgame exposedKing long promotion queenRookEndgame,https://lichess.org/7injKnoQ#123,
q00vl,8/P7/7k/5p2/7P/6RK/4p3/5qR1 w - - 6 39,h3h2 f1f2 h2h1 f2g3 g1g3 e2e1q,2246,80,84,174,advancedPawn crushing deflection endgame long promotion queenRookEndgame,https://lichess.org/jMYIZCfP#77,
q16LA,3r4/2Q5/P3ppkp/5p2/8/5P2/1P1rKP1P/8 w - - 1 33,e2e3 e6e5 c7d8 d2d8,2266,83,88,1230,crushing endgame queenRookEndgame quietMove short,https://lichess.org/EOH6xaqa#65,
q2bPX,7k/6p1/1Q5p/P7/4p3/2P3P1/1P1r1r2/2K5 w - - 0 38,a5a6 e4e3 b6e3 d2e2 e3f2 e2f2,2486,91,92,1329,crushing endgame long queenRookEndgame,https://lichess.org/XVx0ugYN#75,
q2j8u,8/7p/6p1/8/8/2kq1RPP/5K2/8 b - - 1 59,h7h5 h3h4 d3f3 f2f3 g6g5 h4g5,2403,104,90,580,crushing endgame long pin queenRookEndgame quietMove,https://lichess.org/USV7QFc2/black#118,
q4cb9,8/1p3p2/p4R2/2q1P1k1/3RK3/6P1/8/8 w - - 0 45,f6f7 c5c2 d4d3 c2c4 e4e3 c4f7,2287,77,94,6068,crushing endgame fork long master queenRookEndgame,https://lichess.org/1X5nQobS#89,
q5N0Y,8/1R3Rp1/2p3k1/p1Pp2p1/P2P1PK1/8/4q1PP/8 w - - 3 40,g4h3 g6h5 g2g3 g5g4,2299,117,35,46,endgame mate mateIn2 queenRookEndgame short,https://lichess.org/HG3YfXb4#79,
q5jYL,5r2/pp4k1/2PQ2p1/3P3p/3P2pK/8/PP2r2P/8 b - - 0 35,e2e3 d6f8 g7f8 c6c7,2293,79,92,561,advancedPawn crushing endgame master queenRookEndgame sacrifice short,https://lichess.org/6gy67ys1/black#70,
q7HnG,4K1k1/2P3p1/7p/p2RP2P/P5P1/5P2/2q5/8 b - - 0 64,c2c6 d5d7 c6f3 d7g7 g8g7 c7c8q,2261,82,56,79,advancedPawn advantage defensiveMove endgame long promotion queenRookEndgame,https://lichess.org/6DfIP5Gn/black#128,
q8Ic5,8/P5R1/2p5/3p3p/1P1P4/5p2/6rp/4K2k w - - 2 55,a7a8q h1g1 g7g2 f3g2 a8f8 h2h1q f8f2 g1h2 e1e2 h1f1,2485,101,90,1301,advancedPawn crushing discoveredAttack discoveredCheck endgame exposedKing promotion queenRookEndgame veryLong,https://lichess.org/20eaYG64#109,
qBapL,8/pp6/1k6/3p4/2pP2Pp/P1P2R1P/1P1qr1B1/6RK b - - 8 43,e2g2 f3f6 b6a5 g1g2,2236,78,86,289,advantage endgame intermezzo queenRookEndgame short,https://lichess.org/sm8WQM5K/black#86,
qNUik,8/pp6/3q1rp1/1R6/2pP3p/2P4P/1Pk1RPP1/6K1 b - - 7 35,c2d3 b5e5 d6e5 d4e5 f6e6 g1f1,2290,78,80,67,advantage defensiveMove endgame long queenRookEndgame quietMove,https://lichess.org/2RdY48NJ/black#70,
qRB1D,2Rr3k/3Pq1p1/7p/8/6P1/4Q3/6PK/8 b - - 3 47,e7e3 c8d8 h8h7 d8e8 e3f4 h2h3 h6h5 d7d8q,2284,77,87,477,advancedPawn crushing endgame hangingPiece promotion queenRookEndgame veryLong,https://lichess.org/eooceD0e/black#94,
qXuCA,5R2/8/1p1q3p/7k/2pp4/P4R1P/1P4K1/8 b - - 7 55,d4d3 f8f6 d6d5 f6f5 d5f5 f3f5,2244,81,87,108,crushing endgame fork long queenRookEndgame,https://lichess.org/ioWFE1my/black#110,
qfi5Z,6r1/8/k1Q2p2/1r5p/8/5p2/P4P1P/7K b - - 0 38,b5b6 c6c4 a6a5 c4g8 b6b1 g8g1 b1g1 h1g1 a5a4 h2h4 f6f5 g1f1 f5f4 f1e1,2482,95,90,1879,crushing defensiveMove endgame fork queenRookEndgame quietMove veryLong,https://lichess.org/G0TLqBbe/black#76,
qfneG,2K5/3R4/1PP2k2/4q3/8/8/8/8 b - - 4 64,e5e4 d7d6 f6f5 c6c7,2404,96,81,45,advancedPawn crushing endgame master queenRookEndgame short,https://lichess.org/R57KuxAh/black#128,
qlEQT,8/4r1k1/5p2/6r1/2P3P1/PP5Q/K7/8 w - - 1 56,h3c3 e7e2 a2b1 g5g4 c3c1 e2g2 a3a4 g2g1,2391,81,78,194,crushing endgame pin queenRookEndgame quietMove veryLong,https://lichess.org/OZboGHEQ#111,
qurbA,5r2/7k/8/8/3Q2K1/7P/PP3r2/8 w - - 5 51,a2a4 f2g2 g4h5 f8h8 d4g4 g2g4,2492,110,90,1967,crushing endgame long queenRookEndgame quietMove,https://lichess.org/1ZSs8DDd#101,
qv3aS,8/8/8/8/4qp2/4RR1P/4kP1K/8 b - - 7 57,f4e3 f3e3 e4e3 f2e3 e2f3 h3h4 f3g4 h2g2 g4h4 g2f3 h4g5 f3e4,2253,79,95,2801,crushing defensiveMove endgame fork queenRookEndgame quietMove veryLong,https://lichess.org/4jI9O5pD/black#114,
qvuqH,3r4/3PR1pp/6p1/8/p4kP1/P4P1P/1q2R1K1/8 b - - 4 41,b2a3 e2e4 f4g5 e7e5 g5h6 g4g5 h6h5 g2g3 a3f3 g3f3,2235,79,63,62,crushing endgame queenRookEndgame veryLong,https://lichess.org/QWAAALxo/black#82,
r0q3F,8/1pp4k/8/1p6/1P3pQ1/2PP3P/r3r1PK/8 w - - 7 46,c3c4 e2g2 g4g2 a2g2 h2g2 c7c5,2314,89,96,457,crushing endgame fork long queenRookEndgame,https://lichess.org/jBxYaBQE#91,
r1dHz,8/1pk2P2/p7/5KP1/5R2/1P6/P3q3/8 b - - 6 53,e2e7 f5g6 e7d6 f4f6,2243,78,71,148,crushing defensiveMove endgame master queenRookEndgame short,https://lichess.org/AM45gWIJ/black#106,
r1qDe,8/R6p/4kp2/4q3/6p1/4P1K1/P5PP/5R2 w - - 1 40,g3g4 e5e4 g4g3 e4e3 f1f3 e3a7,2215,81,88,1219,crushing endgame fork long queenRookEndgame,https://lichess.org/ElxFEVoi#79,
r7OvX,8/8/p5pk/7r/3pP1Q1/5P2/6PK/8 w - - 2 38,h2g3 h5g5 g4g5 h6g5 f3f4 g5h6 e4e5 a6a5,2405,88,61,40,crushing defensiveMove endgame pin queenRookEndgame veryLong,https://lichess.org/fIfEsIUa#75,
rARvm,r5k1/6p1/p1p2r1p/2Qp4/2p5/4p3/PP4PP/3R2K1 w - - 0 27,d1d5 e3e2 d5d8 g8h7 c5f2 f6f2,2359,82,90,1031,advancedPawn crushing defensiveMove endgame long queenRookEndgame,https://lichess.org/M5I4y36Z#53,
rAUH1,3q4/3P4/1k6/1P1Rp1p1/4P1P1/3K4/8/8 b - - 6 44,b6c7 d3c4 c7b7 d5d6 d8c7 c4d5,2393,84,70,83,crushing defensiveMove endgame long queenRookEndgame quietMove zugzwang,https://lichess.org/YpWSzNXr/black#88,
rBj8y,8/p2P2pp/1p3pk1/8/8/Pq6/2pR2PP/4R1K1 b - - 1 35,b3b1 g1f2 b1e1 f2e1 c2c1q d2d1,2459,86,63,96,advantage endgame long queenRookEndgame,https://lichess.org/RH3CvsLD/black#70,
rEqhz,4r3/8/pkpQ4/1p6/3P4/P7/KP1r4/8 b - - 5 57,e8e4 d6b8 b6a5 b8c7 a5a4 c7c6 d2b2 a2b2,2237,76,94,1018,crushing endgame queenRookEndgame veryLong,https://lichess.org/rdosZWI3/black#114,
rGxgr,8/P3kp2/3qp3/8/6KP/8/R5P1/8 b - - 0 54,d6d4 g4h3 f7f5 g2g3 d4g4 h3h2 f5f4 a7a8q,2494,79,92,3688,advancedPawn crushing defensiveMove endgame promotion queenRookEndgame quietMove veryLong,https://lichess.org/kvA4B1fo/black#108,
rJVBM,6q1/5kr1/1p1p1pQr/1P2pP1P/P1P1P2R/1K6/6R1/8 b - - 1 53,g7g6 h5g6 f7g7 h4h6 g7h6 g6g7,2481,79,91,1661,advancedPawn crushing discoveredAttack endgame long queenRookEndgame,https://lichess.org/6gIz7Xru/black#106,
rKsbG,7k/6p1/2Q4p/4PK2/3P3P/2P3P1/4r3/5r2 w - - 13 44,f5e6 f1f6 e6d5 f6c6 d5c6 h8g8,2326,82,92,162,advantage defensiveMove endgame long pin queenRookEndgame skewer,https://lichess.org/YwiomnAX#87,
rKuL3,4r3/1p1PP3/p7/2P1R3/4RKpk/2q2p2/P7/8 b - - 2 52,f3f2 e5h5 h4h5 d7e8q h5h4 e8h5 h4h5 e7e8q h5h4 e8e7 h4h3 e4e3,2282,83,94,1118,advancedPawn attraction crushing endgame promotion queenRookEndgame veryLong,https://lichess.org/BApu46nT/black#104,
rOKQX,8/8/3p1R2/p1pPp3/PpP3k1/1P5p/4K1p1/8 b - - 0 51,g2g1q f6g6 g4f4 g6g1 h3h2 g1h1 f4g3 e2f1 e5e4 f1e2,2261,79,85,315,crushing defensiveMove endgame queenRookEndgame skewer veryLong zugzwang,https://lichess.org/9tGnWGHD/black#102,
rUDx5,8/5pp1/7p/2q3k1/8/1p3P2/1P1R2P1/3R1K2 b - - 5 43,g5h4 d2d5 c5c8 d1d4 h4g3 d4g4 c8g4 f3g4,2490,99,90,1071,clearance crushing endgame queenRookEndgame veryLong,https://lichess.org/dEy0tX8D/black#86,
rUvmQ,7k/6p1/3Q3p/1P1P4/8/5P1P/2rr2PK/8 w - - 1 46,b5b6 d2g2 h2h1 g2e2,2321,76,88,928,crushing defensiveMove endgame master masterVsMaster queenRookEndgame short,https://lichess.org/gkPuxIn8#91,
rZYX1,R7/5pk1/R5p1/8/5P1p/4P2q/5P2/6K1 w - - 2 40,a6a5 h3g4 g1h2 g4f3,2485,105,86,56,crushing endgame master queenRookEndgame short,https://lichess.org/sze0gjyT#79,
ravyS,8/Q4p2/8/6k1/7p/4KP1P/3r4/3r4 b - - 6 43,d2h2 a7e7 g5g6 e7e4 g6g7 e4e5,2225,78,91,3627,crushing endgame long queenRookEndgame,https://lichess.org/wmvWYeky/black#86,
rbEGc,1r2k3/5p2/6p1/4P2p/p7/1pK5/8/3Q4 w - - 2 60,c3b2 a4a3 b2b1 a3a2 b1b2 b8a8,2265,83,88,901,advancedPawn crushing defensiveMove endgame exposedKing long queenRookEndgame,https://lichess.org/tDnoae1c#119,
rfiIJ,8/5pk1/7r/1r1pQ3/3PPK2/8/8/8 b - - 1 56,g7g6 e5e8 h6h4 f4g3,2324,93,83,49,advantage defensiveMove endgame master queenRookEndgame short,https://lichess.org/RTAqCYDw/black#112,
rhG2p,4R3/2k3P1/1pP3r1/3K4/2P5/8/4p3/8 w - - 2 62,g7g8q g6d6 d5e4 e2e1q,2303,77,93,659,advancedPawn crushing endgame promotion queenRookEndgame short,https://lichess.org/T3As3dIR#123,
rnpH9,3q1k2/3P1p2/8/P7/4p3/4P3/5K2/3R4 b - - 0 43,f8e7 a5a6 e7f8 f2e2,2364,115,90,1165,crushing defensiveMove endgame master queenRookEndgame short,https://lichess.org/NcVi5dQ9/black#86,
roHhz,4r3/2R5/3R2kp/pq4p1/5p2/1p5P/5PPK/8 b - - 1 47,g6h5 c7h7 g5g4 h7h6 h5g5 h3h4 g5f5 h6h5,2328,84,85,193,crushing endgame queenRookEndgame veryLong,https://lichess.org/oDLq7Wzj/black#94,
rrOTp,8/7P/3Pk1R1/4P3/4KP2/1r6/8/q7 b - - 1 50,e6d7 g6g7 d7c6 g7c7 c6b5 h7h8q,2354,99,90,2152,advancedPawn crushing endgame exposedKing long promotion queenRookEndgame,https://lichess.org/D7zqCDd8/black#100,
s12sS,k6r/PRq2p1p/6p1/3pP3/3P3P/4P1K1/1R4P1/8 b - - 2 32,c7a5 b7b8 a8a7 b8h8 a5e1 g3f3,2264,83,76,300,advantage defensiveMove endgame long queenRookEndgame,https://lichess.org/Y5jGirsd/black#64,
s1867,8/7k/2pRp3/4P1pK/p7/8/P5q1/R7 b - - 1 53,g5g4 d6d7 h7g8 a1d1 g2h2 h5g6,2337,93,83,52,crushing defensiveMove endgame long queenRookEndgame quietMove,https://lichess.org/14eBhE5R/black#106,
s1P4C,6k1/2K3p1/5p1p/2Q2P2/3r2PP/5P2/3r4/8 w - - 6 37,c5e7 d4c4 c7b6 d2b2 b6a5 g8h7 e7e8 c4c5 a5a4 c5e5,2337,109,88,19,crushing endgame queenRookEndgame veryLong,https://lichess.org/EllRK8KN#73,
s2TES,8/5p1p/2k2P2/4p3/1p1rP3/8/1P1p3P/1K1Q4 w - - 2 38,d1c2 c6d6 c2d1 b4b3 d1b3 d2d1q b3d1 d4d1,2469,93,93,213,advancedPawn crushing defensiveMove endgame promotion queenRookEndgame veryLong,https://lichess.org/SU1hIEb4#75,
s43CL,7K/p4k1p/1p3p2/2p5/5P1q/2P4P/PP6/R3R3 w - - 2 32,a1d1 h4h3 d1d8 h3g4 e1g1 g4g1,2442,83,85,262,crushing endgame long queenRookEndgame,https://lichess.org/tsuCRVKc#63,
s7ulq,6K1/4k1P1/2p5/4P3/8/8/7R/2q5 b - - 0 52,c1c4 g8h8 c4f4 h2h5 f4g4 h5h7 e7e6 g7g8q,2254,77,86,223,advancedPawn crushing defensiveMove endgame promotion queenRookEndgame quietMove veryLong,https://lichess.org/WN1dVdjD/black#104,
s9BHk,8/1Q2k1p1/p6p/1p6/3P4/4r3/PPr4P/5K2 b - - 0 37,e7e6 d4d5 e6f5 b7f7 f5e5 f7g7,2375,81,80,104,advantage endgame exposedKing long queenRookEndgame,https://lichess.org/FYd8xTql/black#74,
s9Hhv,7k/5Q2/5pPp/5K1P/3r4/1P6/8/3r4 b - - 27 83,d4d5 f5f6 d1f1 f6e6 f1f7 g6f7 d5d8 e6e7 h8g7 e7d8,2304,77,93,2259,advancedPawn crushing endgame queenRookEndgame sacrifice veryLong,https://lichess.org/wEOBtMdS/black#166,
s9Rlb,8/6kp/1p3R2/2p1p3/2q4P/2P3P1/8/5R1K b - - 0 37,c4c3 h4h5 c3g3 h5h6 g7h8 f6f8,2443,88,93,5036,crushing endgame long master queenRookEndgame quietMove,https://lichess.org/NRL9IqP6/black#74,
sESyo,1r3r2/6Q1/2p5/p1kp4/4p3/2K1P3/P1P2P2/8 b - - 1 37,f8f2 g7a7 b8b6 a2a4 c5d6 a7b6,2416,78,92,2225,crushing endgame fork long queenRookEndgame quietMove,https://lichess.org/ct6J4I4Z/black#74,
sGDCK,8/8/7R/4R3/2K3p1/P1P3k1/8/5q2 w - - 3 47,c4d5 f1d3 d5c6 d3a6 c6c5 a6h6,2295,77,92,1141,crushing endgame long queenRookEndgame skewer,https://lichess.org/41ezeBel#93,
sLAh8,5r2/p6Q/8/6p1/2P5/1P4k1/P5r1/1K6 w - - 3 40,h7d3 g3h2 d3d6 f8f4,2413,105,90,601,crushing defensiveMove endgame queenRookEndgame short,https://lichess.org/u8sL8pyw#79,
sLemy,8/p7/5qpk/5p1p/4p2P/1P4P1/P1R5/1K1R4 b - - 0 33,g6g5 c2d2 g5h4 d2d6 f6d6 d1d6 h6g5 g3h4,2370,82,93,520,crushing endgame pin queenRookEndgame quietMove veryLong,https://lichess.org/WrHL7Miy/black#66,
sMy6E,8/2p5/3p4/3Pq3/1p2kp1P/5R2/P4R1K/8 b - - 0 49,e5f5 f3f4 f5f4 f2f4 e4f4 h2h3 f4f5 h3g3 f5e5 h4h5,2418,92,88,504,crushing defensiveMove endgame fork master queenRookEndgame veryLong zugzwang,https://lichess.org/f8sgGkVk/black#98,
sPgT5,6r1/2k2p2/1p6/3QP3/3PpP1p/7P/6r1/5K2 w - - 1 38,d5f7 c7b8 f4f5 e4e3 f7g8 g2g8,2225,82,84,89,crushing defensiveMove endgame long queenRookEndgame,https://lichess.org/Obs09Mhj#75,
sQnKZ,8/pQ4pk/2p2p2/3p3r/3P1K2/2P2P2/PP2r3/8 w - - 0 34,b7c6 g7g5 f4f5 h5h4 c6c7 h7h6,2344,101,86,53,crushing defensiveMove endgame long queenRookEndgame,https://lichess.org/nbVK7sV6#67,
sVLLJ,8/5k2/P3p3/8/4Q1K1/6P1/1r3r2/8 b - - 0 46,b2a2 a6a7 a2a7 e4h7,2307,93,90,654,advancedPawn crushing endgame master queenRookEndgame short,https://lichess.org/34HRM2OD/black#92,
sZ6HS,8/p2R4/P1p1Q1rk/1pP1p1r1/1P5p/4pP2/6P1/6K1 w - - 8 44,e6a2 g5g2 a2g2 g6g2 g1g2 h4h3 g2h3 e3e2 d7a7 e2e1q,2247,81,82,345,advancedPawn advantage attraction endgame fork promotion queenRookEndgame veryLong,https://lichess.org/G2CK7xxP#87,
saY33,4rk2/R7/1p2q3/4p3/2Pp3R/1K3PP1/PP4P1/8 b - - 0 37,e8e7 h4h8 f8g7 h8e8 e6c4 b3c4,2219,88,88,47,crushing endgame long pin queenRookEndgame,https://lichess.org/nLxFFstJ/black#74,
sc2jr,3r1k2/p4p1p/5p2/P7/1p1p4/2pQ1P2/5P1P/4K3 w - - 0 32,e1d1 b4b3 d3h7 b3b2,2246,101,90,2256,advancedPawn crushing endgame queenRookEndgame short,https://lichess.org/CUXFv6uK#63,
sc4QT,8/7p/3pk3/2q1pp2/8/5PP1/R6P/R6K b - - 0 31,d6d5 a2a7 d5d4 a1a6 e6d5 a6a5,2364,76,94,1006,clearance crushing endgame long pin queenRookEndgame,https://lichess.org/7WuO8Kx2/black#62,
sf0HG,6k1/6p1/R3p1p1/3p2P1/3P1P2/2K1P3/4R3/6q1 w - - 3 35,a6e6 g1g4 f4f5 g4e2,2302,77,91,2076,advantage endgame fork queenRookEndgame short,https://lichess.org/cWBvTDFs#69,
sf2r6,6k1/4R2p/2p5/2P5/3q1R2/pP4KP/P5P1/4r3 b - - 6 47,d4c5 f4g4 g8h8 e7e1,2240,82,87,202,advantage endgame queenRookEndgame short,https://lichess.org/TlZiTJbg/black#94,
skaTo,2k5/p7/1p1p4/3P2P1/1P1pP3/q4PK1/5R1P/8 b - - 1 42,a3b4 g5g6 b4b5 g6g7 b5e8 f2g2 c8b7 g3f2,2234,91,91,83,advancedPawn advantage defensiveMove endgame queenRookEndgame quietMove veryLong,https://lichess.org/IIm084cl/black#84,
spTnj,6k1/5p1p/6p1/p1r5/7P/5PQ1/R6K/2r5 w - - 2 40,a2a5 c1c2 h2h3 c5a5 g3b8 g8g7,2344,89,87,110,crushing endgame intermezzo long queenRookEndgame,https://lichess.org/ZFuU24od#79,
su4HY,8/6RR/3p4/1PpPp1kp/P6q/5p2/6P1/5K2 b - - 4 36,g5f5 h7h5 h4h5 g2g4 h5g4 g7g4 f5g4 b5b6 c5c4 b6b7,2262,87,85,32,advancedPawn crushing endgame fork master queenRookEndgame sacrifice veryLong,https://lichess.org/173xcCZw/black#72,
suFoU,8/1R4R1/2k1p3/1p1pP2p/p1pP4/P1P3K1/1P6/7q b - - 14 45,h1g1 g3h4 g1f2 h4g5 f2f5 g5h6,2271,77,87,548,crushing defensiveMove endgame long queenRookEndgame,https://lichess.org/fkG5qTnK/black#90,
suqtx,8/8/4p3/k2p4/P2P4/1KP5/1P1r3r/2Q5 w - - 1 49,c3c4 d2b2 c1b2 d5c4 b3c3 h2b2,2447,93,91,1198,crushing deflection endgame long queenRookEndgame sacrifice,https://lichess.org/F77qil21#97,
swLwt,r7/5Pk1/3Q2P1/5K2/4P3/8/8/5r2 w - - 9 77,f5e5 a8a5 e5e6 f1f6 e6d7 a5a7 d7e8 a7a8 d6d8 a8d8,2224,109,83,25,crushing endgame master queenRookEndgame veryLong,https://lichess.org/hKHKATLo#153,
t0QXJ,8/1p6/pkp5/4p3/4P3/K1P1PR2/PP3R2/1q6 w - - 0 39,b2b3 b1c1 a3b4 a6a5 b4c4 c1b1,2245,107,86,28,crushing endgame long queenRookEndgame,https://lichess.org/XfyFhfez#77,
t2I9Q,8/p2r2pk/1p2Q3/1P4P1/P6P/3r1K2/8/8 w - - 15 68,f3g4 g7g6 e6d7 d3d7,2220,84,90,897,crushing endgame queenRookEndgame quietMove short,https://lichess.org/qYRcmiN2#135,
t2iV9,8/2Q5/p2r2pp/1p1k1p2/5P2/2P1K1P1/1r5P/8 b - - 0 39,d6c6 c3c4 d5c5 c7e5 c5c4 e5b2,2455,79,91,1341,crushing endgame fork long queenRookEndgame,https://lichess.org/0avA40jz/black#78,
t3j8K,r7/8/p2R4/8/P4PP1/2k3K1/2p3P1/8 b - - 3 44,c2c1q d6c6 c3b2 c6c1 b2c1 f4f5 c1d2 g3f4,2410,84,70,119,crushing defensiveMove endgame queenRookEndgame quietMove skewer veryLong,https://lichess.org/bF2AkBaa/black#88,
t4uLi,8/5r2/7k/2P3pp/1P3r2/3Q3K/P6P/8 w - - 5 36,d3d6 f7f6 d6d1 f4f2,2217,79,87,410,crushing defensiveMove endgame queenRookEndgame short,https://lichess.org/aP7UPxDV#71,
t5Ie2,4r3/8/6k1/p2p2pp/P1p3p1/2P4P/4pK2/4Q3 w - - 0 46,h3g4 e8e4 g4h5 g6h6 f2f3 h6h5 e1h1 h5g6,2481,106,83,72,crushing defensiveMove endgame queenRookEndgame veryLong zugzwang,https://lichess.org/EGUe97ee#91,
t7kF1,Qr4k1/2K2ppp/1r6/4p3/8/8/8/R7 b - - 2 40,b6b7 a8b7 b8b7 c7b7 f7f6 b7c6,2264,121,44,22,crushing defensiveMove endgame long queenRookEndgame,https://lichess.org/vjA42M2x/black#80,
t8VfW,3K2k1/2P1Rpp1/3P3p/1q6/8/8/8/8 b - - 6 54,b5b6 e7e8 g8h7 d8e7,2436,92,93,2875,crushing endgame queenRookEndgame short,https://lichess.org/qXzmWoKV/black#108,
tC5M2,1Q6/8/5p2/5P2/1K6/8/4k1p1/2r5 w - - 1 57,b8b5 e2e1 b5a5 g2g1q,2398,94,88,1300,advancedPawn crushing defensiveMove endgame master promotion queenRookEndgame short,https://lichess.org/5wNsagir#113,
tCB08,8/1p3Rk1/8/4p2p/3pq3/P5P1/5R1P/6K1 b - - 1 48,g7g6 f2f6 g6g5 h2h4 g5g4 g1h2 e4c2 f6f2 c2f2 f7f2,2459,78,92,2708,crushing endgame master queenRookEndgame veryLong,https://lichess.org/ZlFgOBra/black#96,
tDvPh,8/6K1/8/5pP1/Q1rk1P2/8/2p5/8 w - - 10 76,a4a7 d4e4 a7e7 e4f4 g5g6 c2c1q,2234,81,85,70,advancedPawn crushing defensiveMove endgame long promotion queenRookEndgame,https://lichess.org/C0a2ZkmH#151,
tEpKr,8/4q1k1/2P3p1/3Pp2p/2R1Pp2/5P1P/1r4PK/2R5 b - - 0 44,e7g5 c1g1 g5g3 h2h1 b2g2 g1g2 g3h3 h1g1 h3f3 c6c7,2216,125,86,25,advancedPawn crushing endgame queenRookEndgame quietMove veryLong,https://lichess.org/Zjamo2eb/black#88,
tFeh4,3r2k1/4r1pp/p7/1p3P2/2p1p1PP/2P5/PPQ2P2/6K1 w - - 0 23,c2c1 e4e3 f2e3 e7d7 g1f2 d7d1 c1d1 d8d1,2322,80,85,216,crushing endgame queenRookEndgame quietMove veryLong,https://lichess.org/1bWFkIWg#45,
tHSDW,8/p6p/6p1/6k1/8/2P3P1/1P1q1K2/1R3R2 w - - 6 42,f2g1 g5g4 f1f2 d2e3 b1c1 e3c1,2298,77,75,88,crushing endgame long queenRookEndgame,https://lichess.org/SpJjpatZ#83,
tMiKZ,8/8/p5Q1/1Pk5/P4K2/1r2r3/8/8 b - - 0 55,c5b4 g6d6 b4a5 d6c7 a5a4 b5a6,2407,100,88,52,crushing deflection endgame long master queenRookEndgame,https://lichess.org/dApJ2vhf/black#110,
tQsfL,8/pp4k1/4P1p1/2p1Q3/8/7P/Pr3rPK/8 b - - 2 43,g7h7 e6e7 f2g2 h2h1 g2e2 e5b2,2273,76,95,5786,advancedPawn crushing endgame long queenRookEndgame,https://lichess.org/2y1w9PB7/black#86,
tTU0z,1r6/3R4/2p1Qrk1/2K2p2/6p1/8/7p/8 w - - 6 51,e6e7 b8b5 c5d4 b5d5 d7d5 h2h1q,2356,92,88,1748,advancedPawn crushing endgame long promotion queenRookEndgame,https://lichess.org/OVdYz5eE#101,
tUO2g,6k1/5p2/1q4p1/p2p3p/2p2R1P/1P3PP1/P3RK2/8 w - - 0 43,f2g2 c4c3 e2e8 g8g7 e8e7 b6e6,2289,81,86,135,crushing endgame long master masterVsMaster queenRookEndgame,https://lichess.org/XcfkRvjD#85,
tVoU6,8/5pk1/P5p1/1PqN3p/8/7P/1P3PP1/1R4K1 b - - 0 40,c5d5 b1a1 d5b5 a6a7,2453,87,85,507,advancedPawn crushing endgame queenRookEndgame quietMove short,https://lichess.org/2jmbZIEY/black#80,
tWzr9,4q3/1P4k1/P5p1/8/3R3P/1KP2p2/8/8 b - - 0 58,e8b5 d4b4 b5d5 b3a3 f3f2 b7b8q f2f1q b4b7 d5b7 b8b7,2276,79,91,5474,advancedPawn crushing defensiveMove endgame master masterVsMaster promotion queenRookEndgame veryLong,https://lichess.org/bTGPF2E7/black#116,
tXo9M,5k2/7p/p1RPp1pP/P7/3p4/3P4/1P1q4/4RK2 w - - 0 34,e1e6 d2f4 f1e1 f4g3 e1d2 g3g2,2342,77,92,7362,advantage endgame exposedKing long queenRookEndgame,https://lichess.org/brFDAo0v#67,
te57U,8/p5p1/2P3pk/P2P3p/7P/6PK/3r1r2/7Q b - - 0 35,g6g5 h4g5 h6g5 c6c7 d2c2 h1g1 f2e2 d5d6,2498,101,26,24,advancedPawn crushing endgame queenRookEndgame veryLong,https://lichess.org/T0L7xQXh/black#70,
tjcmX,2kq4/1p2pp2/1P1P3R/pB1R4/K7/P3PP2/6r1/1r6 b - - 8 30,b1b5 d6d7 c8b8 h6h8 b5b6 h8d8,2237,77,96,715,advancedPawn crushing endgame long pin queenRookEndgame,https://lichess.org/ubwrNghZ/black#60,
tjnxJ,8/p7/7R/3p2k1/3q2P1/4Rp2/PP3P2/5K2 w - - 1 34,h6h5 g5g4 h5h6 d4c4 f1g1 c4c1,2432,88,86,149,crushing endgame long master queenRookEndgame,https://lichess.org/2v8zqqcm#67,
toDH1,8/8/p7/1pp2k2/3pR2R/P2P2q1/1PP4p/1K6 w - - 9 52,b1a2 g3g8 b2b3 g8g2,2453,95,86,669,crushing endgame pin queenRookEndgame short,https://lichess.org/nd51eIEk#103,
tslMG,7k/6p1/8/3Q1K1p/3P1P2/r7/6r1/8 b - - 3 43,g7g6 f5f6 a3a6 f6f7 a6a7 f7f8 h8h7 d5g2,2247,76,93,2000,crushing defensiveMove endgame queenRookEndgame veryLong,https://lichess.org/qSkqIT6F/black#86,
tumVQ,8/1R2k1p1/8/PP4p1/3q1pP1/5P2/5PK1/8 b - - 1 43,e7d6 a5a6 d4d5 b5b6,2468,78,93,1318,crushing endgame master queenRookEndgame short,https://lichess.org/EpPk2uf9/black#86,
tyVma,8/2R5/6R1/8/1p1kp3/1P3pK1/4qP2/8 b - - 7 67,e2f1 g3f4 d4d3 g6d6 d3e2 c7c2,2207,76,93,8297,crushing endgame long queenRookEndgame,https://lichess.org/C4tisvNl/black#134,
u0wOs,8/3qP3/3P4/8/7k/8/7R/6K1 b - - 1 70,h4g5 h2e2 d7a7 g1h2,2332,93,90,1866,crushing defensiveMove endgame queenRookEndgame quietMove short,https://lichess.org/8SwwX0Tl/black#140,
u2Dve,8/8/p3r1p1/3Q2P1/p3r2k/5K2/1PP5/8 b - - 2 42,e6e5 d5e4 e5e4 f3e4 h4g5 e4e5,2288,94,91,2853,crushing defensiveMove endgame long queenRookEndgame,https://lichess.org/bZRis2GD/black#84,
u6FTu,8/p7/q3pkp1/1p1pRp2/1PpP1P2/2P3P1/P3R3/7K b - - 1 33,g6g5 e5e6 a6e6 f4g5 f6e7 e2e6 e7e6 h1g2,2279,80,83,96,crushing defensiveMove endgame fork queenRookEndgame sacrifice veryLong,https://lichess.org/XFli5GlM/black#66,
u6PSk,2r5/4k1p1/4p1p1/1p3p2/1P2PP2/2pQ1K2/8/8 w - - 2 38,e4f5 c3c2 f5e6 c8c7 d3g6 c2c1q,2399,78,85,142,advancedPawn advantage endgame long promotion queenRookEndgame quietMove,https://lichess.org/PCw0GD97#75,
uFkap,6k1/6pp/5p2/1RPqpP2/3p4/p6P/6P1/R6K b - - 1 38,d5c4 b5b8 g8f7 a1b1 c4c5 b1b7,2332,87,85,154,advantage endgame long queenRookEndgame quietMove,https://lichess.org/9D1ARHED/black#76,
uKK02,6k1/5p1p/4pQp1/3pP3/PP3P2/5KP1/r6P/2r5 w - - 3 31,a4a5 h7h5 f4f5 c1c3 f3f4 a2f2 f4g5 f2f5,2206,81,87,810,crushing endgame queenRookEndgame quietMove veryLong,https://lichess.org/MSgNSfTz#61,
uKrvx,8/k7/8/1ppRp3/p3q3/K1P5/PP6/3R4 w - - 0 49,d5c5 b5b4 a3a4 e4c2,2205,80,86,259,advantage endgame queenRookEndgame short,https://lichess.org/duaSG8Sl#97,
uLgYn,8/p4pk1/1p5p/2p5/8/P1P2RP1/3q3P/5RK1 b - - 4 28,d2d7 f3f7 d7f7 f1f7 g7f7 c3c4 f7e6 g1f2 e6e5 f2e3,2377,85,86,243,crushing defensiveMove endgame fork queenRookEndgame quietMove veryLong,https://lichess.org/F9g2fJvy/black#56,
uOBe4,6k1/p7/4R3/4p1p1/1qp1P3/6P1/PK3PP1/3R4 w - - 1 29,b2a1 c4c3 d1b1 b4d4 e6e8 g8f7,2345,88,89,221,clearance crushing defensiveMove endgame long queenRookEndgame,https://lichess.org/O8mappEA#57,
uRVWE,1R6/p3P1k1/6p1/5qPp/3rpP2/2P3R1/P3K3/8 b - - 0 41,e4e3 c3d4 f5c2 e2e3,2335,81,86,89,crushing endgame hangingPiece queenRookEndgame short,https://lichess.org/Twq9ioxC/black#82,
uTJYo,8/5K2/4pQ2/3p4/4r1k1/5p2/8/8 w - - 0 76,f7g6 g4g3 f6c3 g3g2 g6f7 f3f2,2214,80,73,130,advancedPawn crushing endgame long queenRookEndgame,https://lichess.org/PNf6jrw5#151,
uXNRC,5r2/pQpp2k1/1p2p3/8/3P2P1/2P5/PP2r1P1/1K6 w - - 3 28,a2a3 f8f2 b7c7 e2b2 b1c1 b2a2 c7d7 f2f7,2408,107,84,30,crushing endgame queenRookEndgame veryLong,https://lichess.org/r4VRTLHL#55,
uXS5U,8/1p3r2/5k2/p4r1p/2QP4/5ppP/PP6/1K1R4 w - - 0 33,c4c3 g3g2 d4d5 f6g6 d5d6 f3f2,2359,98,90,2654,advancedPawn crushing defensiveMove endgame long queenRookEndgame,https://lichess.org/GcVTH2EI#65,
udzdk,1Q6/8/5p2/4pK2/8/8/5r1p/7k w - - 1 68,f5e4 h1g1 b8g8 f2g2 g8c8 g2e2,2398,95,89,40,crushing defensiveMove endgame long queenRookEndgame,https://lichess.org/loqYNcby#135,
ue7vP,8/pP6/r5p1/2K5/1R6/2pk2P1/3P3P/2r5 w - - 2 56,b7b8q c3d2 c5d5 a6a5 d5e6 d2d1q,2273,115,80,25,advancedPawn advantage discoveredAttack discoveredCheck endgame long promotion queenRookEndgame,https://lichess.org/cdHKH71J#111,
ujROy,4r1k1/5pp1/8/7P/5QPK/8/6P1/4r3 w - - 3 42,g2g3 e1h1 h4g5 e8e5 f4e5 f7f6,2386,80,93,1736,crushing endgame long queenRookEndgame sacrifice,https://lichess.org/NfDacim9#83,
ujpiO,7r/8/7P/8/6K1/5P2/p2R2P1/1k6 b - - 3 49,a2a1q d2d1 b1a2 d1a1 a2a1 g4h5 a1b2 g2g4,2250,80,95,1001,crushing defensiveMove endgame queenRookEndgame skewer veryLong,https://lichess.org/AlbeJ7Zq/black#98,
uoUnW,r7/1p4k1/4Q3/5P2/6K1/6P1/1p4P1/r7 w - - 7 47,f5f6 g7h8 f6f7 b2b1q,2310,79,92,2380,advancedPawn crushing defensiveMove endgame promotion queenRookEndgame short,https://lichess.org/9dg9KT6u#93,
uogmx,8/8/5p2/3Q2p1/8/2K2p2/4r1k1/8 w - - 4 63,d5f5 e2e3 c3d4 f3f2 d4e3 f2f1q,2287,94,91,448,advancedPawn crushing endgame long master promotion queenRookEndgame,https://lichess.org/9GQjkBt6#125,
upRPs,3R4/pp1R1p1k/2q1pPp1/4P2p/7P/1P2r3/P1P5/1K6 b - - 2 35,g6g5 d7f7 h7g6 f7g7 g6f5 f6f7,2295,77,94,2220,advancedPawn crushing endgame exposedKing long queenRookEndgame,https://lichess.org/hlGqblzo/black#70,
uppdP,8/3k4/2p1r3/p2p1Q2/4pp2/5K2/8/8 w - - 0 48,f3f4 e4e3 f5h7 e6e7,2355,99,86,188,crushing defensiveMove endgame queenRookEndgame short,https://lichess.org/sbCM87ln#95,
uw34l,4k3/1K5R/p1R5/1p6/5q2/8/8/8 b - - 12 72,f4f3 h7c7 a6a5 b7b8,2371,100,41,55,crushing defensiveMove endgame master queenRookEndgame quietMove short,https://lichess.org/GSYm448D/black#144,
uwTJJ,8/R4pkp/4p1p1/8/P1p1q3/7P/5PP1/3R2K1 w - - 0 27,d1c1 e4f4 c1f1 c4c3,2387,78,87,219,crushing endgame queenRookEndgame short,https://lichess.org/qX3Gbdiv#53,
v0eFn,1RK5/3P3p/1P6/6k1/5q2/8/8/8 b - - 4 63,f4f5 b8b7 g5f4 b7c7,2442,79,92,923,crushing defensiveMove endgame master queenRookEndgame quietMove short,https://lichess.org/2MQ8ZOhX/black#126,
v1Do0,8/5pk1/Q3r3/8/P5PK/4r2P/8/8 w - - 1 36,a6a5 e6h6 h4g5 e3e5 g5f4 e5a5,2283,86,97,99,crushing endgame long queenRookEndgame,https://lichess.org/5SpxtMsb#71,
v2WRS,8/6RR/8/4q3/4pkpb/P6P/6P1/7K w - - 4 50,h7h4 e5g7 h4g4 g7g4 h3g4 f4e3 g4g5 e3f2 h1h2 e4e3 h2h3 e3e2,2466,84,85,111,advancedPawn crushing endgame hangingPiece queenRookEndgame veryLong,https://lichess.org/0aJ1Bu5R#99,
v3qAA,5q2/1p1R2k1/2p5/6PP/p4P2/5K2/8/8 b - - 1 55,f8f7 h5h6 g7g6 d7f7 g6f7 f4f5 a4a3 g5g6,2383,90,90,496,crushing endgame pin queenRookEndgame quietMove veryLong,https://lichess.org/ARC3WUey/black#110,
v3sxN,8/4p1k1/2P2r2/p7/PpQ3K1/5r2/1P6/8 b - - 1 42,f3f2 c6c7 f2g2 g4h3 g2g1 h3h2,2361,81,85,213,advancedPawn advantage defensiveMove endgame long master queenRookEndgame,https://lichess.org/fCMzdRsX/black#84,
v8csj,8/7p/p2R1k2/6p1/1p6/q7/3R1PKP/8 b - - 1 36,f6g7 d6c6 a3b3 d2d7,2374,88,78,35,clearance crushing endgame queenRookEndgame short,https://lichess.org/1FdwF6T4/black#72,
vGikH,6R1/7P/8/8/2k2KP1/3r1P2/1p6/8 b - - 3 61,b2b1q g8c8 c4d5 h7h8q b1b4 f4g5,2234,162,0,7,advancedPawn advantage defensiveMove endgame long master promotion queenRookEndgame,https://lichess.org/UZJNfgAf/black#122,
vOBEG,7k/2p2p2/4pq2/p7/Pp6/8/1P3RR1/6K1 b - - 2 38,f6e7 f2f3 e7h4 g2h2 h4h2 g1h2,2247,80,75,93,crushing endgame long pin queenRookEndgame,https://lichess.org/B4m5kJJp/black#76,
vVn5f,4q3/4P2p/3P2pk/1p2R3/p3K3/4P3/6PP/8 b - - 0 34,a4a3 d6d7 e8d7 e7e8q d7g4 e4d5 g4c4 d5d6 c4b4 e5c5,2308,82,89,308,advancedPawn crushing endgame promotion queenRookEndgame veryLong,https://lichess.org/ikrJcZq6/black#68,
vXPWh,5q1k/6p1/7p/7P/8/1PP5/P3p2K/4R2R w - - 0 40,e1e2 f8d6 h2g2 d6d5 g2g3 d5h1,2351,99,89,813,crushing deflection endgame exposedKing long master queenRookEndgame skewer,https://lichess.org/W5sUIsXy#79,
vch2N,6R1/4q2k/2p2p2/p2p3p/3P1P2/2P1P3/3K3P/6R1 w - - 0 35,g8g7 e7g7 g1g7 h7g7 f4f5 h5h4,2405,76,77,243,advantage defensiveMove endgame long queenRookEndgame,https://lichess.org/vKh5A0en#69,
veVAG,4q3/8/8/6p1/2R4p/3R4/1K4k1/8 b - - 15 80,e8e6 c4c2 g2f1 d3d1 e6e1 d1e1 f1e1 b2c3,2253,97,86,30,crushing defensiveMove endgame queenRookEndgame veryLong,https://lichess.org/6bvI2zK0/black#160,
vfQPj,8/2KP4/2R5/2q5/4P3/p7/3k4/8 b - - 6 59,c5e5 c7c8 d2e3 d7d8q a3a2 d8b6,2424,83,84,293,advancedPawn crushing defensiveMove endgame long promotion queenRookEndgame,https://lichess.org/4oMnobVB/black#118,
vkGnh,8/3Q4/1p4pk/2p1P3/8/PKP5/1P3r1r/8 w - - 5 46,e5e6 b6b5 c3c4 f2b2,2340,117,86,36,crushing endgame queenRookEndgame quietMove short,https://lichess.org/YQuT3Krb#91,
voTwA,2K3k1/R7/P1P3pp/8/8/6q1/8/8 b - - 8 59,g3g4 c8b8 g4b4 a7b7 b4f8 b8a7,2382,77,84,424,crushing defensiveMove endgame long queenRookEndgame,https://lichess.org/G7uPRTIq/black#118,
vorD4,6k1/p4R2/6p1/1p4q1/8/P1KR4/1P6/8 w - - 1 43,d3d7 g5c1 c3d4 c1c4,2210,82,88,80,crushing endgame queenRookEndgame short,https://lichess.org/anS12nKz#85,
vqIXA,8/3P4/4k3/5pp1/2PRp3/8/2K5/7q b - - 2 45,h1g2 c2b3 g2g3 b3a4 g3c7 d7d8q c7d8 d4d8,2417,77,91,2527,advancedPawn crushing defensiveMove endgame promotion queenRookEndgame veryLong,https://lichess.org/wUWZjTXH/black#90,
vvrd9,2r3k1/5ppp/4p3/p1r1P3/1q3Q2/1P1p2R1/P4PPP/R5K1 w - - 0 27,f4b4 c5c1 b4e1 d3d2 e1f1 c1a1,2353,81,74,104,advancedPawn crushing endgame long pin queenRookEndgame,https://lichess.org/xt9XVV0Y#53,
vwtMy,8/pp3pk1/3Q2p1/3P4/4r3/1P1p4/P7/7K w - - 0 38,d6a3 e4e2 a3b4 d3d2,2351,81,85,532,advancedPawn crushing endgame queenRookEndgame short,https://lichess.org/Gdfz0P35#75,
vxAWp,5k2/4r1p1/5pp1/2Q5/PP3K2/4r3/6PP/8 w - - 7 46,a4a5 g6g5 f4g4 g7g6,2404,120,84,49,crushing defensiveMove endgame queenRookEndgame short,https://lichess.org/ZsAr4Esd#91,
vz5Uy,8/p2P4/2R5/1pP5/1P5P/P5k1/3K4/5q2 b - - 0 58,f1f3 c6g6 g3f2 g6g2 f2g2 d7d8q,2388,98,86,29,advancedPawn advantage endgame long promotion queenRookEndgame,https://lichess.org/r0048xFm/black#116,
w4L0r,8/1kp3Q1/p2rr3/1p5P/1P6/P1P5/6PK/8 w - - 3 41,g2g4 d6d3 h2g1 e6e2,2481,86,89,353,crushing defensiveMove endgame queenRookEndgame short,https://lichess.org/4OOygsUk#81,
wB3Tf,8/8/p3r3/1p2k2Q/5p2/1PPr4/6P1/6K1 b - - 0 47,e5e4 h5h7 e4e3 h7h3 e3d2 h3e6,2208,76,95,385,crushing endgame fork long queenRookEndgame,https://lichess.org/zw283HPb/black#94,
wEURT,2k5/P7/1PK5/2P5/8/5P2/5P1p/r7 b - - 0 61,h2h1q b6b7 c8d8 a7a8q d8e7 a8a1 h1a1 b7b8q,2229,80,92,6248,advancedPawn crushing endgame exposedKing master masterVsMaster promotion queenRookEndgame veryLong,https://lichess.org/Y6652K7n/black#122,
wFfEO,6k1/P5p1/8/8/4pP1p/1P3q2/4KP2/R3R3 w - - 3 39,e2d2 f3d3 d2c1 d3c3 c1b1 c3b3 b1c1 b3c3,2464,91,83,163,crushing endgame exposedKing fork queenRookEndgame veryLong,https://lichess.org/nLdqehWS#77,
wGyZR,2q5/pp3k1P/7R/4R3/5p2/3p4/5PK1/8 b - - 2 41,c8g4 g2h2 f4f3 h7h8n f7f8 h6f6,2447,83,92,5984,advancedPawn crushing defensiveMove endgame exposedKing long promotion queenRookEndgame underPromotion,https://lichess.org/uIgwk7Ff/black#82,
wHWyb,6k1/pR3R1p/8/8/8/KP6/3q3P/8 b - - 5 48,d2h2 f7d7 h2f4 d7d8 f4f8 d8f8,2216,86,85,46,crushing endgame long queenRookEndgame,https://lichess.org/8hL9HFOu/black#96,
wPVRW,2R5/p3q3/k1p1p2p/1pPpPp2/1P3P2/6RP/P6K/8 b - - 9 37,a6b7 c8h8 d5d4 h8h6,2409,104,83,42,crushing endgame queenRookEndgame short,https://lichess.org/CTVI3DDc/black#74,
wSR7m,2Q5/p5pk/1p5p/2p1r1r1/2P5/P7/1P2p2K/4R3 w - - 4 40,c8d8 g5g6 d8h4 g6g5,2445,76,92,3033,advantage defensiveMove endgame queenRookEndgame quietMove short,https://lichess.org/u5sBbjGU#79,
wVX0f,2R3k1/8/R5p1/1p4rp/2pKP3/2P2q2/1P6/8 b - - 1 42,g8f7 a6a7 f7e6 c8c6,2366,80,92,530,endgame mate mateIn2 queenRookEndgame short,https://lichess.org/EL7WHLVm/black#84,
wXxH1,8/5p2/8/3r1r1p/PP1pQPk1/2pK4/8/8 b - - 0 47,d5d8 e4g2 g4f4 g2e4 f4g5 e4e7 f7f6 e7d8,2393,83,90,708,advantage endgame fork queenRookEndgame veryLong,https://lichess.org/wymD5UFe/black#94,
wZIrD,8/8/8/8/p2p4/Pp1k4/2r5/2Q1K3 w - - 6 48,c1b1 d3c3 b1d1 d4d3 d1f3 c2c1,2317,104,85,24,crushing endgame long queenRookEndgame,https://lichess.org/7ry2WTod#95,
wd2Fm,1k2q3/8/2p3R1/1p1pPKR1/3P4/p1P5/8/8 b - - 4 61,e8d7 e5e6 d7h7 f5f6 h7h8 f6f7,2347,146,87,34,crushing defensiveMove endgame long queenRookEndgame,https://lichess.org/DEHipDjC/black#122,
wdY7I,8/3R2R1/p1q3p1/5p2/1p4kP/6P1/5P1K/8 b - - 2 51,a6a5 d7d4 g4f3 g7e7,2491,88,77,120,crushing defensiveMove endgame queenRookEndgame short,https://lichess.org/0v3ESNkO/black#102,
wglCs,3r2k1/p4ppp/8/8/8/6PP/1Qpr2P1/2R3qK w - - 0 29,h1g1 d2d1 g1f2 d1c1 b2c1 d8c8,2226,94,91,1585,crushing defensiveMove endgame long queenRookEndgame,https://lichess.org/IcdPC4Zb#57,
whWcX,6R1/2p5/pp5R/1k4p1/8/PP6/1KP5/3q4 b - - 5 44,g5g4 g8g5 c7c5 g5g6,2399,94,82,50,crushing endgame queenRookEndgame short,https://lichess.org/kjMquNWq/black#88,
wpjGw,6k1/5p2/4p1pQ/4P3/8/r1p1P2P/5PPK/8 w - - 0 34,e3e4 a3a1 h6g5 a1d1 h3h4 c3c2,2468,89,83,134,advancedPawn advantage endgame long queenRookEndgame quietMove,https://lichess.org/Y0Rb7GhV#67,
wrFdL,r3R3/5P2/8/6P1/k6P/5K2/pp6/8 b - - 2 51,a2a1q e8a8 a4b5 f7f8q,2223,90,85,911,advancedPawn crushing endgame hangingPiece master promotion queenRookEndgame short,https://lichess.org/p7FtuoWN/black#102,
ww6yI,2R5/5k1p/1p3qpr/pP1p4/P2Pp3/7P/2R2PP1/6K1 b - - 3 32,f6f4 c2c7 f7e6 c8e8 e6d6 e8e7 f4c1 c7c1,2292,88,89,130,crushing endgame queenRookEndgame veryLong,https://lichess.org/MVugRzI6/black#64,
x0MVY,6k1/5pp1/1Q4p1/2p5/5PK1/3r3R/PP5P/6r1 w - - 7 35,g4h4 g6g5 f4g5 d3d4 h4h5 g8h7,2234,76,93,1261,crushing defensiveMove endgame long queenRookEndgame,https://lichess.org/SLua0l1G#69,
x2Ed0,8/5k2/4r3/2P5/8/6p1/4KpQ1/8 w - - 3 64,e2f3 e6e1 f3g3 f2f1q,2241,85,90,1500,advancedPawn crushing endgame master promotion queenRookEndgame quietMove short,https://lichess.org/Jxuo9YMQ#127,
x4aff,7Q/p7/7p/2P2pp1/4pp2/6kP/P1rr2P1/R6K w - - 7 39,h8h6 g5g4 a1g1 d2g2 g1g2 c2g2,2462,103,90,893,crushing endgame long queenRookEndgame,https://lichess.org/cE9aRc4U#77,
x4lWp,8/8/4pK2/R6R/p4k2/1q6/8/8 b - - 3 54,f4g4 a5g5 g4f4 h5h4 f4e3 g5g3 e3d2 h4h2 d2c1 g3g1 b3d1 g1d1,2270,82,88,50,crushing endgame queenRookEndgame veryLong,https://lichess.org/0G7EsmOg/black#108,
x53ef,8/7p/1p6/p2r1p2/2k5/2P1K3/P2p3P/3Q4 w - - 4 43,d1e2 c4c3 e2d1 a5a4,2374,84,77,83,crushing defensiveMove endgame queenRookEndgame short,https://lichess.org/HqkBKvAA#85,
x5ejV,7k/2P3p1/4P1Qp/3P4/8/p6P/2r1r1P1/6K1 w - - 1 37,d5d6 a3a2 g6e8 h8h7 e8a8 e2g2,2343,89,77,38,advancedPawn crushing endgame long queenRookEndgame,https://lichess.org/EaxGcIJm#73,
x6VeB,6r1/8/2P2kq1/8/4pp1P/6P1/PP2RP2/3R2K1 b - - 1 31,g8e8 d1d6 e8e6 c6c7 e6d6 c7c8q,2306,80,85,315,advancedPawn advantage endgame long promotion queenRookEndgame,https://lichess.org/CzT0h2DX/black#62,
xDBnN,3q4/2RP4/2K5/8/5k2/1P6/8/8 b - - 10 58,f4e5 c7c8 d8f6 c6b5,2404,89,77,55,crushing defensiveMove endgame queenRookEndgame short,https://lichess.org/McL1cg9x/black#116,
xFUNh,6k1/p1Q2p2/5r1p/8/3P2P1/P1P3P1/4r1K1/8 w - - 1 32,g2h3 f6f2 g4g5 f2h2 h3g4 h6h5 g4f5 h2f2,2411,96,90,959,crushing endgame queenRookEndgame quietMove veryLong,https://lichess.org/1TG2WsqG#63,
xH2EB,6k1/p1q2p2/3Rp3/2P2p1p/5P2/6P1/P6P/2R3K1 w - - 2 29,c5c6 c7d6 c6c7 d6b6 g1f1 b6a6,2395,94,86,976,advantage endgame hangingPiece long queenRookEndgame,https://lichess.org/vgKIUsgP#57,
xIxR4,8/1Q2Prrk/p7/1p6/2pP4/8/PP6/7K w - - 0 42,b7a6 f7f4 a6d6 f4h4 d6h2 h4h2,2301,80,86,50,crushing endgame exposedKing long queenRookEndgame,https://lichess.org/NHkxui1Q#83,
xLcTl,6k1/1p5p/6p1/pR2P1R1/2q5/7P/P5PK/8 w - - 2 37,b5b2 c4c1 b2b5 c1g5,2492,107,90,1481,crushing endgame fork queenRookEndgame short,https://lichess.org/4r5Max8x#73,
xW67H,4r1k1/p4p1p/6p1/8/1P6/P1Q2P2/4p1PP/3rR2K w - - 0 28,a3a4 e8e3 h1g1 e3c3,2341,85,87,206,crushing endgame pin queenRookEndgame short,https://lichess.org/oMHKJig7#55,
xdhj6,6k1/1p2PR2/p2p2p1/4q3/4P3/6P1/5R1K/2r5 b - - 0 32,c1c8 f7f8 g8g7 f2f7 g7h6 f8c8 e5h5 h2g1,2281,85,87,227,crushing endgame exposedKing queenRookEndgame veryLong,https://lichess.org/0DIyp64p/black#64,
xdkYq,1RR5/8/2k5/3pp3/8/1p1q1P2/5PK1/8 b - - 1 46,c6d6 b8b6 d6d7 c8g8 d3f5 g8g7,2338,85,85,166,crushing endgame long queenRookEndgame quietMove,https://lichess.org/hbMKerPd/black#92,
xdujS,8/8/3kp1p1/1P4Qp/7P/1r4P1/4K3/1r6 w - - 17 50,g5g6 b1b2 e2d1 b3f3,2364,80,84,60,crushing endgame queenRookEndgame short,https://lichess.org/SMieZHir#99,
xgvQd,5R2/2P3kp/8/p7/5pK1/4R3/7P/4q3 b - - 0 57,e1d1 g4h4 f4e3 c7c8q,2417,77,79,274,advancedPawn crushing defensiveMove endgame promotion queenRookEndgame short,https://lichess.org/EmUxLk0u/black#114,
xhLH6,R7/P1q4k/7p/5p2/8/5P1K/6PP/8 b - - 5 45,f5f4 a8h8 h7g7 h8g8 g7g8 a7a8q,2428,84,83,74,advancedPawn attraction crushing endgame long promotion queenRookEndgame,https://lichess.org/ozXHosep/black#90,
xkcFE,2Q5/8/r7/4p3/8/2KPk3/p7/8 w - - 0 58,c8c5 e3f3 c3d2 a2a1q c5e3 f3g4,2205,76,87,1046,advancedPawn crushing defensiveMove endgame long promotion queenRookEndgame,https://lichess.org/JdZG9qaO#115,
xlZA8,5k2/2pr2r1/pp4p1/8/PP4Q1/7P/5PK1/8 b - - 0 39,d7d6 g4c8 f8e7 c8c7 d6d7 c7b6,2303,92,84,38,crushing deflection endgame exposedKing interference long queenRookEndgame,https://lichess.org/1OISp3AK/black#78,
xqPRn,8/1Q6/P5pk/6r1/8/r4PK1/8/8 w - - 1 66,g3h4 a3a1 f3f4 a1h1 b7h1 g5h5 h4g4 h5h1,2405,83,91,1380,crushing endgame queenRookEndgame sacrifice skewer veryLong,https://lichess.org/CaYB7LHE#131,
xsdF7,2r5/8/4pPpk/p7/1p3P2/P1p3PP/2Q2K2/8 w - - 0 36,f2e1 b4b3 c2c1 b3b2 c1c2 c8b8 c2b1 c3c2,2219,81,93,7035,advancedPawn crushing endgame queenRookEndgame quietMove veryLong,https://lichess.org/hPKdwPh5#71,
xy2fJ,5k2/2R5/1p2R1pp/p4p2/P7/1P1P1qPK/7P/8 b - - 2 38,f3d3 e6f6 f8e8 f6g6,2360,88,88,128,crushing endgame queenRookEndgame short,https://lichess.org/8w96lxFp/black#76,
xzOIn,8/4k1q1/3p1Rp1/p1p3P1/1p2P3/1P1P4/P1P5/1K5R w - - 0 46,h1h6 g7h6 g5h6 e7f6 c2c4 b4c3,2318,85,73,65,advantage enPassant endgame long queenRookEndgame,https://lichess.org/ZdHyInny#91,
y0R5V,1r1r2k1/3Q1p2/6p1/1p6/p1p5/P3P1P1/1P3P1P/6K1 w - - 2 31,d7c7 d8c8 c7d6 b5b4,2229,93,90,3639,advantage endgame queenRookEndgame short,https://lichess.org/PWkYERuk#61,
y0utD,8/p3p1kp/1p4p1/8/3P1P2/2ppPK2/Pr6/7Q w - - 0 34,e3e4 c3c2 h1h4 g7f8 h4h6 f8e8,2415,77,91,2316,advancedPawn crushing defensiveMove endgame long queenRookEndgame,https://lichess.org/C5E1IzCx#67,
y1yjg,8/5p2/6p1/5k1p/2q4P/5RP1/5PK1/8 b - - 13 56,f5g4 f3f6 c4d5 f2f3 d5f3 f6f3,2237,86,94,890,crushing endgame long queenRookEndgame,https://lichess.org/TIqsAbJ7/black#112,
y9Wno,8/p5P1/8/2k5/3R3p/8/2p2PK1/8 b - - 0 51,c2c1q d4g4 h4h3 g2h2 c1d2 g7g8q,2390,91,90,1076,advancedPawn crushing defensiveMove endgame long promotion queenRookEndgame,https://lichess.org/sPviHMnT/black#102,
yAh81,6K1/4P1R1/8/4Pq1p/7P/8/1k6/8 b - - 6 59,f5e6 g8f8 e6f5 g7f7 f5e5 f7f2,2478,104,89,23,crushing defensiveMove endgame long queenRookEndgame,https://lichess.org/VpO8NwmX/black#118,
yBrrU,8/3P2k1/1R1K4/p5p1/6P1/5P2/1P6/4q3 b - - 2 43,e1d2 d6c7 d2f4 b6d6 f4c4 d6c6,2308,79,87,824,crushing defensiveMove endgame long queenRookEndgame,https://lichess.org/o86hrjyL/black#86,
yG1P2,q2k4/4pp1p/1PP3p1/3p4/7P/8/5PP1/2R3K1 b - - 1 31,d5d4 b6b7 a8b8 c1a1 d8c7 a1a8,2210,78,87,135,advancedPawn crushing endgame long queenRookEndgame quietMove,https://lichess.org/o5MS9lpY/black#62,
yH9Ln,4r1k1/1pp3p1/p4P1p/1r1q1P2/3p4/1P3Q1P/P1P3P1/2KRR3 b - - 0 26,d5f3 e1e8 g8f7 g2f3,2260,80,85,255,crushing endgame hangingPiece intermezzo queenRookEndgame short,https://lichess.org/ygmTqI5q/black#52,
yJYQB,8/R7/6p1/6k1/1p2q3/P7/1P5R/K7 w - - 0 51,a7a4 e4e1 a1a2 b4b3 a2b3 e1g3 b3a2 g3h2,2331,85,93,10186,attraction crushing endgame fork queenRookEndgame veryLong,https://lichess.org/lREqeGKa#101,
yK6m3,2k5/p1Pq4/8/8/3p2p1/8/6P1/2R2RK1 b - - 8 51,d7d6 f1f7 d4d3 c1b1,2429,87,86,256,crushing defensiveMove endgame queenRookEndgame quietMove short,https://lichess.org/pslhtAnA/black#102,
ySUcC,5k1q/5R2/2p3K1/1p6/8/8/8/8 b - - 3 50,f8g8 f7a7 g8f8 a7a8 f8e7 a8h8,2246,78,92,3019,crushing endgame exposedKing long queenRookEndgame quietMove skewer,https://lichess.org/LUnmoOZC/black#100,
yTnNa,1r5k/pP2R1R1/3p4/3q3p/6PP/8/PP3P2/6K1 b - - 0 27,h5g4 g7h7 h8g8 e7g7 g8f8 g7c7,2263,94,90,2101,crushing defensiveMove endgame exposedKing long queenRookEndgame,https://lichess.org/BzrQyixa/black#54,
yb0Tr,8/8/7R/1p3k1p/1Pq4P/6P1/5P1K/8 b - - 4 49,f5g4 h6f6 c4e4 f2f3 e4f3 f6f3 g4f3 h2h3,2422,94,91,5430,crushing defensiveMove endgame fork master masterVsMaster queenRookEndgame quietMove veryLong zugzwang,https://lichess.org/yINIQXnC/black#98,
yeKs6,8/8/3K4/7P/5Q2/8/2rpp3/4k3 w - - 0 62,f4g3 e1d1 g3f3 c2c3 f3c3 e2e1q,2377,94,77,35,advancedPawn crushing endgame long promotion queenRookEndgame,https://lichess.org/z8Mj2J1z#123,
yexl7,4Q3/2k4p/r3p1p1/4P3/5P2/P5PK/1p5P/8 w - - 3 42,e8b5 a6b6 b5c4 c7b8 a3a4 b2b1q,2213,75,94,5202,advancedPawn advantage defensiveMove endgame long promotion queenRookEndgame,https://lichess.org/mKAVQKtf#83,
yfpHk,8/2r2k1p/4r1p1/2PQ3P/8/6PK/8/8 b - - 0 47,c7c6 d5d7 f7f8 h5h6 g6g5 d7g7,2447,80,91,1723,crushing endgame long master queenRookEndgame,https://lichess.org/LFXFPckJ/black#94,
yheJE,4Q3/6pk/2p1p2p/4r3/7P/2p2P2/3p1KP1/8 w - - 0 44,e8d7 e5d5 d7e6 d5d8,2309,111,90,55,crushing defensiveMove endgame master queenRookEndgame short,https://lichess.org/VddB4VLP#87,
ymjNq,2k5/2p5/2Q5/5P2/P6P/1P2p3/1KPr1r2/8 w - - 1 41,f5f6 d2c2 c6c2 e3e2 c2e2 f2e2,2318,82,88,62,advancedPawn crushing endgame fork long queenRookEndgame sacrifice,https://lichess.org/w89TXNOY#81,
ynjvS,5q2/5Pk1/4K3/6Rp/1p6/pP4Pp/P7/8 b - - 1 52,g7h6 g5g8 f8f7 e6f7 h3h2 g3g4 h5g4 g8h8,2301,93,91,705,crushing endgame queenRookEndgame veryLong,https://lichess.org/hRQlGxMV/black#104,
yoSeo,1r1q2k1/p7/2RpP1p1/1p6/4PR2/3P2P1/PP5K/8 b - - 0 26,b8c8 c6c8 d8c8 e6e7 g8g7 f4f8,2285,78,86,97,advancedPawn crushing endgame long pin queenRookEndgame,https://lichess.org/7WapCTux/black#52,
ypXvb,5Q2/1k6/8/6p1/2r4P/1r5K/5P2/8 w - - 3 50,f2f3 g5g4 h3g2 c4c2 g2g3 b3f3 f8f3 g4f3,2206,77,95,2902,crushing endgame fork queenRookEndgame veryLong,https://lichess.org/cNorp9oe#99,
yqEjM,8/3q4/3Pkp2/8/4PK1p/3R2pP/P5P1/8 b - - 2 53,d7d8 d6d7 d8c7 f4f3,2404,111,85,47,advancedPawn advantage defensiveMove endgame queenRookEndgame short,https://lichess.org/aPYalz9p/black#106,
yqmSx,8/5pkp/p2P2p1/1p2R3/2p1R3/7P/PqP3P1/7K b - - 0 33,b2c2 e4d4 c2b2 d4d1 b2e5 d6d7,2452,87,82,59,advancedPawn advantage endgame long queenRookEndgame quietMove sacrifice,https://lichess.org/0vaoGbYl/black#66,
ys744,8/4Q1p1/4p3/P2p1p2/4rkp1/7r/R1P3K1/8 w - - 9 47,e7g7 h3g3 g2f1 g3f3,2211,81,79,58,crushing endgame queenRookEndgame short,https://lichess.org/2kbyTJmN#93,
ysEeZ,7Q/4kp2/4p1p1/7p/prr2P2/3p2P1/7P/R5K1 w - - 2 42,a1a3 c4c2 a3a1 d3d2,2446,77,91,412,advancedPawn crushing endgame queenRookEndgame short,https://lichess.org/0RoI2hn5#83,
ysfEs,8/p1R2Rk1/4p1p1/4q3/3p4/7P/P4P2/7K b - - 0 38,g7h6 f7h7 h6g5 c7f7,2493,80,91,4467,clearance crushing endgame master masterVsMaster queenRookEndgame short,https://lichess.org/D6dZlJ1G/black#76,
yuSY0,1R3R2/p5kp/1p4p1/1q1p4/3p3P/1P4P1/P4P2/6K1 w - - 1 32,f8d8 d4d3 b8b7 g7f6,2377,83,63,115,crushing defensiveMove endgame master masterVsMaster queenRookEndgame short,https://lichess.org/VpVt8xBf#63,
yudm0,4Q3/2p5/1p3p2/2rpk1p1/p7/P5P1/1P3PKP/r7 b - - 5 32,e5f5 h2h3 d5d4 g2f3 a1a3 b2a3,2456,93,86,63,crushing endgame long queenRookEndgame quietMove,https://lichess.org/qH9aD37J/black#64,
yvAMw,8/5pk1/6p1/8/1R2P1P1/3q1K2/5P2/1R6 w - - 1 43,f3f4 g6g5 f4e5 d3d7 b4b6 f7f6 b6f6 d7e7,2349,100,82,62,advantage endgame queenRookEndgame veryLong,https://lichess.org/t7l8lrAU#85,
yvZOi,7k/6p1/2P4p/1P6/8/2Q1PrK1/8/5r2 w - - 7 51,g3g4 h6h5 g4h5 f3g3,2210,76,85,129,crushing endgame queenRookEndgame short,https://lichess.org/vVtGTPo8#101,
ywRFl,8/1p2Rpkp/p5pP/2p5/8/5R2/q4PPK/8 b - - 0 34,g7h6 e7f7 a2d2 f3h3,2207,89,90,668,crushing endgame queenRookEndgame short,https://lichess.org/MfdjGcnv/black#68,
ywSMr,8/6q1/1p4kp/6p1/PPp5/8/2P4R/1K5R b - - 0 38,g7h7 h2h6 h7h6 h1h6 g6h6 b1c1,2355,82,95,926,crushing defensiveMove endgame fork long queenRookEndgame,https://lichess.org/35MY84CE/black#76,
z35zr,8/8/5P2/1k3K2/2r5/1p4r1/4Q3/8 b - - 2 70,b5b4 f6f7 c4c8 e2e7,2331,100,83,45,advancedPawn crushing endgame queenRookEndgame short,https://lichess.org/RoShVJU5/black#140,
z4ugQ,8/3Q2kp/4ppp1/p5P1/8/1P4KP/r4r2/8 b - - 1 35,g7g8 d7e8 g8g7 e8e7,2302,88,91,1991,crushing endgame queenRookEndgame short,https://lichess.org/9EMG5tt9/black#70,
z5cmr,5R2/pp4pk/4p2p/8/q2Pp2P/2P2R2/PP4PK/8 w - - 0 35,f3f2 e4e3 f2e2 a4a6 e2e3 a6d6 h2g1 d6f8,2222,78,97,535,advantage endgame fork queenRookEndgame veryLong,https://lichess.org/xv24q6d0#69,
z6O1y,8/5R2/6k1/4q2p/5R1P/3p1K2/8/8 w - - 0 58,f7d7 e5e2 f3g3 e2e3 f4f3 e3g1 g3f4 g1g4,2320,92,93,984,crushing endgame exposedKing queenRookEndgame veryLong,https://lichess.org/rIJjle70#115,
z6pPF,7k/6p1/3P1p1p/Q7/8/2P3KP/PPr3r1/8 w - - 0 36,g3h4 c2f2 a5a4 f2f4 a4f4 g7g5,2362,82,81,71,crushing endgame long queenRookEndgame sacrifice,https://lichess.org/M8fS7uZe#71,
zAMy3,1r6/k1p5/r7/3PP3/2PK4/p7/Q7/8 w - - 1 64,c4c5 b8b2 a2a1 a3a2,2391,82,92,2171,advancedPawn crushing endgame master queenRookEndgame short,https://lichess.org/05Juxg8d#127,
zBUHy,8/8/p3R1kp/6p1/P4p2/6PP/5q2/4R2K b - - 5 44,g6h5 g3g4 h5h4 e1g1 f2f3 g1g2 h6h5 e6h6,2491,80,94,1387,crushing endgame queenRookEndgame quietMove veryLong,https://lichess.org/zCTQFu3B/black#88,
zExbY,8/8/p3R2p/1pp3p1/3q1k2/P7/6P1/4R2K b - - 17 43,d4c3 e1e4 f4g3 e4e3 c3e3 e6e3,2311,198,68,8,crushing endgame fork long queenRookEndgame,https://lichess.org/7WAGaOYw/black#86,
zGJKq,4r1k1/5p1p/3p2p1/p2P4/Q4P2/7P/1p4PK/1R2r3 b - - 3 37,e1b1 a4e8 g8g7 e8b5,2224,85,36,58,crushing endgame hangingPiece queenRookEndgame short,https://lichess.org/EJYbyqsG/black#74,
zLiJW,8/p4k2/4p3/2P3p1/7p/1P3q2/P4P1P/2R1R1K1 w - - 0 30,c5c6 h4h3 g1f1 g5g4 c1c4 g4g3 h2g3 h3h2 c4f4 f3f4,2440,79,92,3522,advancedPawn advantage endgame queenRookEndgame quietMove veryLong,https://lichess.org/pmPmgvHF#59,
zPEIT,3K4/3P2k1/q5p1/2R1R3/p6p/P7/8/8 b - - 5 81,h4h3 d8e8 a6f6 e5e7,2250,86,89,1078,crushing endgame queenRookEndgame short,https://lichess.org/XYd7zofW/black#162,
zPhwk,8/3Q4/8/pkr5/4P3/1K6/2r4P/8 b - - 6 50,c5c6 d7b7 b5c5 b3c2,2334,87,88,402,crushing endgame interference queenRookEndgame short,https://lichess.org/clz5KKeW/black#100,
zQ0yd,8/1p2pR2/6k1/p2Pq1p1/P1P5/1P3RK1/8/8 w - - 6 59,g3h3 e5h8 h3g2 g5g4 f3f4 h8h3 g2f2 g4g3,2271,84,87,59,crushing endgame exposedKing queenRookEndgame veryLong,https://lichess.org/QW53L1Nw#117,
zRPcG,8/5pk1/4p3/6p1/4QPP1/P1P3K1/1r2r3/8 w - - 1 40,e4d4 e6e5 f4e5 b2d2 g3f3 d2d4,2335,76,92,1493,crushing defensiveMove endgame long queenRookEndgame,https://lichess.org/j1CfYFUj#79,
zVCrI,8/5pk1/8/2r5/6PP/1p6/2pK4/2Q5 w - - 1 48,g4g5 c5d5 d2e2 d5d1 c1b2 g7g8,2393,96,90,259,crushing defensiveMove endgame long queenRookEndgame,https://lichess.org/rnPuXKXX#95,
zX4gl,3r3k/7p/2p2p2/2P1pP2/2PpP2K/p2Q3P/P7/6r1 b - - 0 40,g1c1 d3d2 h8g7 d2c1,2263,78,80,101,crushing endgame master queenRookEndgame short,https://lichess.org/9JPSvFme/black#80,
zZxvb,5Q2/2pr3p/1p6/p1pk3P/3r4/1P6/P1P5/2K5 b - - 0 39,d5c6 f8f3 d7d5 c2c4,2231,79,86,436,crushing endgame queenRookEndgame short,https://lichess.org/qKEIwCkO/black#78,
zbzfo,2q5/2P5/4k3/4p1p1/2R4p/3P1P1P/4K1P1/8 b - - 5 49,e6f5 c4c6 f5f4 e2f2,2214,82,58,48,crushing defensiveMove endgame queenRookEndgame quietMove short,https://lichess.org/z4pZQPRy/black#98,
zco61,8/6P1/1p6/4pKR1/3p4/3P4/5k2/7q b - - 2 57,h1f3 f5e5 f3e3 e5f6,2276,82,82,124,crushing defensiveMove endgame queenRookEndgame short,https://lichess.org/tdKyVg14/black#114,
zgx0l,8/6k1/3PR3/5PK1/6P1/7q/8/8 b - - 2 66,h3g3 d6d7 g3c7 e6e7 g7f8 e7e8,2392,85,90,631,advancedPawn crushing endgame exposedKing long queenRookEndgame,https://lichess.org/m4GA5kvk/black#132,
zhhAo,8/3r3k/P1r3p1/5p1p/4p2P/4P1P1/1Q3P2/4K3 w - - 3 46,b2b5 c6c1 e1e2 d7c7,2317,90,90,206,crushing defensiveMove endgame master queenRookEndgame short,https://lichess.org/4Dxhuuvb#91,
zhwWD,8/1R1KR3/1P1p1k2/2qPp3/4Pp2/5P2/2r5/8 b - - 0 70,c5b5 d7d8 b5a6 e7f7 f6g5 f7g7,2320,78,85,94,crushing endgame long queenRookEndgame,https://lichess.org/YHyTlADN/black#140,
zmrkp,2Q5/6r1/2Pp3p/3Pk3/p3rp2/8/P2KP3/8 b - - 0 42,e5d5 c6c7 g7c7 c8c7,2213,76,86,521,advancedPawn crushing endgame master queenRookEndgame short,https://lichess.org/odO9Yh5F/black#84,
zpv6w,8/5Q2/1p6/p7/P1pP1P2/2Pk1p1K/8/6r1 w - - 1 52,f7f5 d3d2 f5b5 f3f2,2467,80,94,772,advancedPawn crushing defensiveMove endgame queenRookEndgame short,https://lichess.org/fw8Wmdd9#103,
zqYkr,6k1/8/6p1/1p6/7Q/7K/r3p3/8 w - - 6 59,h4e1 a2a3 h3g2 a3e3,2262,91,91,1382,crushing defensiveMove endgame queenRookEndgame short,https://lichess.org/2c9Os1G6#117,
zrQZr,8/3q1k1p/4R1p1/p1p5/1p3P2/1P4PP/P6K/4R3 w - - 1 34,h2g2 d7e6 e1e6 f7e6 g2f3 c5c4 f3e3 c4c3,2376,79,95,1322,crushing endgame queenRookEndgame veryLong,https://lichess.org/YyLvWEBF#67,
zrahJ,8/p5k1/8/2Pp1q2/Pp2p1p1/1P2PpP1/5K1R/7R w - - 1 50,c5c6 f5e5 h2h7 g7f8,2497,109,90,224,crushing defensiveMove endgame queenRookEndgame short,https://lichess.org/XsTJNsFZ#99,
zrmkF,5r2/pp6/2p3kp/4Ppn1/4p2P/4K1Q1/PPP5/8 w - - 1 42,h4g5 f5f4 g3f4 f8f4 e3f4 e4e3 f4e3 g6g5,2413,77,91,981,advantage deflection endgame fork queenRookEndgame veryLong,https://lichess.org/CQzxvP21#83,
zt7x4,3R4/4Ppk1/p1p2p1p/1p6/6q1/PP6/K1P3P1/8 b - - 0 37,g4f5 a2b1 f5f1 b1b2 f1e2 e7e8q,2290,76,93,812,advancedPawn crushing defensiveMove endgame long promotion queenRookEndgame,https://lichess.org/eIQEegRi/black#74,
zygZl,8/5Q2/kp6/p5rP/P7/1P3P1K/5P2/6r1 w - - 5 40,h3h2 g5g2 h2h3 g2g7 f7c4 a6a7,2264,79,83,169,advantage defensiveMove endgame long queenRookEndgame,https://lichess.org/vcC8irFQ#79,
