PuzzleId,FEN,Moves,Rating,RatingDeviation,Popularity,NbPlays,Themes,GameUrl,OpeningTags
011GG,1R1Q4/5ppk/7p/4Pb2/1P6/2b5/3r3P/1K1R4 w - - 3 36,b1c1 d2c2 c1b1 c2b2 b1a1 b2h2,2147,82,89,105,discoveredAttack discoveredCheck doubleCheck endgame exposedKing long mate mateIn3 morphysMate,https://lichess.org/VzSTV2sV#71,
0AXza,8/5k2/p7/3N1bp1/1P1B1P1p/P3K1bP/3R2P1/4r3 w - - 1 53,e3f3 g5g4 h3g4 f5e4,2133,78,87,552,endgame master mate mateIn2 morphysMate short,https://lichess.org/H8dfqWu6#105,
0VA1s,4Nk2/pp1P2pp/1b2b3/8/8/1P3PP1/r6P/3R1K1R w - - 1 36,d7d8q e6h3 f1e1 b6f2,1905,73,95,15031,mate mateIn2 middlegame morphysMate short,https://lichess.org/Q8wU2Ssm#71,
0chYT,rn1q2k1/p1p1B1pp/1p1pp1r1/5p2/2PP4/2PBPb2/P1Q2PPP/R4RK1 w - - 0 14,e7d8 g6g2 g1h1 g2g6,1935,78,88,2150,discoveredAttack discoveredCheck kingsideAttack mate mateIn2 middlegame morphysMate short,https://lichess.org/6audt3ul#27,Zukertort_Opening Zukertort_Opening_Queens_Gambit_Invitation
0dgxV,3r2k1/p4ppp/b4n2/8/3K1P2/2N2N2/PP6/4R2R w - - 8 23,d4e3 f6g4 e3e4 a6d3,2102,85,91,753,mate mateIn2 middlegame morphysMate short,https://lichess.org/ZagvRZu7#45,
0dr8p,2r5/1bkp3p/p2bp3/1p6/2P1q3/1B4Q1/PP3PPP/RNB2RK1 w - - 5 20,g3f3 e4f3 g2f3 c8g8 c1g5 g8g5 g1h1 b7f3,2005,76,94,10522,kingsideAttack mate mateIn4 middlegame morphysMate veryLong,https://lichess.org/qkzkbn0h#39,
10sSp,6B1/3b2R1/8/b3B2p/1pp1kP2/4N3/1PK3P1/r7 w - - 6 44,e3c4 b4b3 c2b3 d7a4,1942,167,54,14,attraction mate mateIn2 middlegame morphysMate short,https://lichess.org/u5Gz2yYw#87,
110tL,r4rk1/pp2qppp/6R1/4B3/3P3P/2P1p3/P1KQ4/6R1 b - - 0 24,e3d2 g6g7 g8h8 g7g8,1950,75,96,2405,discoveredCheck doubleCheck endgame mate mateIn2 morphysMate pillsburysMate short,https://lichess.org/rL02rWWS/black#48,
1K3BM,8/1pp5/1b5R/4k1p1/7P/1B1K2P1/Pr3P2/8 b - - 2 31,g5h4 f2f4 e5f5 b3e6,1996,74,96,13895,endgame mate mateIn2 morphysMate short,https://lichess.org/eG5OoJW4/black#62,
1NU1r,r4k2/1p5p/p1bP4/2P2pq1/1P1pr3/1B2p3/P3Q1PP/3R1RK1 w - - 2 36,e2c4 g5g2 g1g2 e4g4 g2h3 c6g2,1916,78,91,2362,attraction discoveredCheck doubleCheck kingsideAttack long mate mateIn3 middlegame morphysMate sacrifice,https://lichess.org/Wp7udzJx#71,
1bKP9,2k3rr/7p/p1pp4/Q3pp2/3p2bq/6P1/PPP2P1P/R3R1K1 w - - 0 21,g3h4 g4e2 g1h1 e2f3,2172,79,94,2361,discoveredAttack discoveredCheck endgame kingsideAttack mate mateIn2 morphysMate short,https://lichess.org/hC4sUbrr#41,
1ib81,6k1/7p/p3r1p1/R7/5b2/BP3NnP/P3r1P1/1R4K1 w - - 19 38,a5d5 e2g2 g1g2 e6e2 g2g1 f4e3,2078,75,94,5794,attraction long mate mateIn3 middlegame morphysMate sacrifice,https://lichess.org/A41UHYGO#75,
1lz2H,8/p3r3/1p1R1k2/1P2p1pB/8/P3P3/4K1Pn/8 b - - 2 36,f6f5 g2g4 h2g4 h5g6,2152,75,95,7875,endgame mate mateIn2 morphysMate short,https://lichess.org/XzPg1A8Z/black#72,
1sOCU,4r3/p6p/8/1P1N4/n1Bk4/B2P4/P3rb1P/R2K1R2 w - - 3 34,d5f4 a4c3 d1c1 f2e3,1912,133,62,23,mate mateIn2 middlegame morphysMate short,https://lichess.org/3VSyrnTc#67,
1xJUg,2r5/7R/pp1pkpp1/1b6/1B1PPP2/4K3/8/8 b - - 0 38,f6f5 d4d5 e6f6 e4e5 d6e5 b4e7,2093,80,91,2234,endgame long mate mateIn3 morphysMate,https://lichess.org/c5r3w18z/black#76,
2VxQk,5rk1/6pp/p1b5/4P3/N2P4/6r1/7P/1R1R3K w - - 0 35,d4d5 f8f1 d1f1 c6d5 f1f3 d5f3,2144,112,59,26,deflection endgame long mate mateIn3 morphysMate sacrifice,https://lichess.org/M5bt21JT#69,
2gMG8,r4b1r/1b2kpp1/1p5p/pB2P3/1n1N4/1P6/1BP2qPP/2KR1R2 b - - 3 23,f2g2 d4f5 e7e6 b5d7,2022,76,95,12479,mate mateIn2 middlegame morphysMate short,https://lichess.org/iSVFlGvr/black#46,
2sDlZ,5bkr/pp4p1/6p1/3P1pN1/6P1/5P1P/PP2r1K1/R6R w - - 1 27,g2g3 f5f4 g3f4 f8d6,1921,75,93,3820,attraction endgame mate mateIn2 morphysMate short,https://lichess.org/BQesrNW6#53,
32nuK,3R4/8/4pp2/1pB3p1/1Pb1k1P1/3p2KP/3r1P2/8 b - - 1 49,d2b2 f2f3 e4e5 c5d4,1941,78,88,708,endgame mate mateIn2 morphysMate short,https://lichess.org/EoFnynG9/black#98,
34qvb,6k1/QB3pp1/2P4p/1P2P2b/8/5qP1/3r3P/4R1K1 w - - 3 35,c6c7 d2g2 g1h1 g2g3 b7f3 h5f3,2089,80,88,1581,discoveredAttack discoveredCheck endgame long mate mateIn3 morphysMate sacrifice,https://lichess.org/VZOouj1X#69,
3ARzT,3Q4/8/1Q6/p5bk/6p1/2P3n1/1P4P1/4r1K1 w - - 1 48,g1f2 e1f1 f2g3 g5f4,2066,76,85,198,endgame mate mateIn2 morphysMate sacrifice short,https://lichess.org/cP3R1Jwt#95,
3N0GP,2qr1rk1/1b2bppp/pp2pN2/2p1B3/P1B5/3PRQ1P/1PP2PP1/R5K1 b - - 0 17,e7f6 f3f6 g7f6 e3g3 g8h8 e5f6,2182,82,90,844,clearance kingsideAttack long mate mateIn3 middlegame morphysMate sacrifice,https://lichess.org/trv5psBM/black#34,Sicilian_Defense Sicilian_Defense_Bowdler_Attack
3PrmW,r3k1r1/5ppp/pB1R1n2/1p6/1Pp5/P2b3P/5PP1/4R1K1 b - - 3 32,e8f8 d6d8 a8d8 b6c5 d8d6 c5d6,2143,90,91,977,long mate mateIn3 middlegame morphysMate sacrifice,https://lichess.org/TUI2xhbj/black#64,
3Qesp,2r3k1/R4pp1/3b2q1/2p1r3/4b3/2Q1PN1P/PP2BPP1/5RK1 w - - 1 24,e2d3 g6g2 g1g2 e5g5 g2h1 e4f3,2075,74,95,14345,attraction deflection kingsideAttack long mate mateIn3 middlegame morphysMate pin sacrifice,https://lichess.org/chfkxiGa#47,
3XBlV,r3kb1r/1p4p1/2p3p1/1p2p3/4P1Qq/2B4P/PPP2P2/3R1RK1 b kq - 0 19,h4h3 g4g6 e8e7 c3b4 c6c5 b4c5,1966,75,87,309,exposedKing long mate mateIn3 middlegame morphysMate,https://lichess.org/6znP5Gkf/black#38,Ruy_Lopez Ruy_Lopez_Berlin_Defense
3bimB,5r1k/pp4pp/3pQ1P1/4p3/2PpP3/1P1Pb2P/P4r2/3R2KR w - - 3 36,e6g4 f2a2,1984,84,90,7216,discoveredAttack discoveredCheck endgame mate mateIn1 morphysMate oneMove,https://lichess.org/LpLf1bdq#71,
3gplk,r2R4/pb2P1k1/1p4p1/2p1r3/7B/PB4p1/1P3pP1/3R1K2 w - - 0 34,d8a8 b7a6 b3c4 a6c4 d1d3 c4d3,2076,87,89,921,endgame long mate mateIn3 morphysMate,https://lichess.org/g2MejTmy#67,
3kqp6,r7/1p1bkppp/8/p2R1P2/8/4B3/n1r3PP/1N2R1K1 b - - 2 25,d7c6 e3c5 e7f6 c5e7,1925,77,87,400,discoveredCheck doubleCheck mate mateIn2 middlegame morphysMate short,https://lichess.org/sweVEMaZ/black#50,
3vu86,6rk/p3p3/2pp1r2/2P1bPK1/PP2P1B1/3Q3P/5R2/3R4 w - - 1 42,g5h4 f6h6 g4h5 e5f6,2049,76,95,11097,clearance mate mateIn2 middlegame morphysMate short,https://lichess.org/X8EUuVDS#83,
3xl2o,8/p4p1k/3p1B2/3N1n2/2Pb2p1/1PN5/P1r3K1/3R4 w - - 14 41,g2f1 f5g3 f1e1 d4f2,2078,77,80,379,mate mateIn2 middlegame morphysMate short,https://lichess.org/3URjXKDB#81,
4F2WS,r4rk1/ppp2ppp/2pb4/1q5B/8/1PR5/PB1P1PQP/R5K1 b - - 0 18,b5h5 g2g7 g8g7 c3g3 g7h6 b2g7,2157,76,93,13053,attraction discoveredCheck doubleCheck kingsideAttack long mate mateIn3 middlegame morphysMate sacrifice,https://lichess.org/nOw4BrVz/black#36,Russian_Game Russian_Game_Stafford_Gambit
4Gpfc,r3q1rk/p1R2pNp/1p6/2n5/8/2P1Pb1P/PPQ2PPB/5RK1 w - - 0 26,g7e8 g8g2 g1h1 g2g5,2005,78,82,244,discoveredAttack discoveredCheck kingsideAttack mate mateIn2 middlegame morphysMate short,https://lichess.org/jE1RkE9d#51,
4Kk0W,1b1r4/1b3k1p/p4N2/1p4p1/2p3P1/2P1K2P/PPB1R3/8 w - - 2 33,f6h7 b8a7,1923,82,89,1515,endgame master mate mateIn1 morphysMate oneMove,https://lichess.org/oXkwsbzI#65,
4Y1ZD,5R2/1pr3p1/p3n2p/6k1/7P/6P1/2B4K/8 b - - 0 42,g5g4 c2d1,2089,94,83,145,endgame mate mateIn1 morphysMate oneMove,https://lichess.org/C5e50qeW/black#84,
4Z05p,6rk/5p2/p4p2/1p1P3p/P3p1b1/8/1PPR1P1P/R6K w - - 3 30,h1g1 g4e2 g1h1 e2f3,1942,77,94,14001,discoveredAttack discoveredCheck endgame mate mateIn2 morphysMate short,https://lichess.org/3VQojENd#59,
4fYXa,r1bk3r/1p1n2p1/2p1pnBp/p3Q3/8/8/PPPB1PPP/1K1R3R b - - 0 16,d7e5 d2a5 d8e7 a5b4 c6c5 b4c5,1906,76,95,12270,discoveredCheck doubleCheck exposedKing long mate mateIn3 middlegame morphysMate,https://lichess.org/zfHao2XK/black#32,Caro-Kann_Defense Caro-Kann_Defense_Karpov_Variation
4tfHl,8/p3rppp/2R1pb2/3k4/B1p5/4P2P/1r3PP1/3R2K1 b - - 3 29,d5e5 c6c5 e5e4 a4c6,1999,80,69,150,endgame mate mateIn2 morphysMate short,https://lichess.org/mlAJQXqM/black#58,
4vjpT,5rk1/p2n1pp1/b1n1p2p/3p3P/P1p4B/2P1PN1P/1rBK1P2/R5R1 b - - 2 21,d7c5 g1g7 g8g7 a1g1 g7h8 h4f6,2086,76,94,2186,attraction kingsideAttack long mate mateIn3 middlegame morphysMate sacrifice,https://lichess.org/g7sf0W8m/black#42,
5CEyo,3k4/pp4p1/2b1B3/7p/6n1/1P3r1P/PBP4b/R4R1K w - - 1 24,e6g4 f3f2 g4f3 c6f3,1914,80,86,391,collinearMove discoveredAttack discoveredCheck master masterVsMaster mate mateIn2 middlegame morphysMate short,https://lichess.org/2Y2FzCuj#47,
5Il7V,1kr5/1p3QR1/p7/n2NP3/1P2p3/P2bB3/8/1K6 w - - 1 37,b1b2 c8c2 b2a1 a5b3 a1b1 c2h2,1943,74,95,1566,discoveredAttack discoveredCheck long mate mateIn3 middlegame morphysMate,https://lichess.org/bi3Z6XbI#73,
5NsNN,5qk1/p2Q2pp/2p5/3b4/3Pp3/3B1Pb1/P5r1/R2K3R w - - 0 24,d3e4 f8f3 e4f3 d5f3 d1c1 g3f4 c1b1 f3e4,2070,76,83,194,exposedKing mate mateIn4 middlegame morphysMate sacrifice veryLong xRayAttack,https://lichess.org/Ud3H3Hjd#47,
5mNPa,1k6/1pp2p2/1p5p/8/1PP4B/5bP1/P5rp/R3R2K w - - 0 32,e1f1 g2f2,1970,79,80,428,discoveredAttack discoveredCheck endgame mate mateIn1 morphysMate oneMove,https://lichess.org/wknCNIah#63,
5utNz,8/5pk1/Q3P3/P1p3pK/4b3/6rP/8/8 w - - 1 48,e6f7 e4f3,2061,89,89,4596,endgame mate mateIn1 morphysMate oneMove,https://lichess.org/VwfZaXW9#95,
5wxzB,3rr2k/4b2p/p3qp2/1pp1R1R1/4p3/1PQ1P3/PBP4P/6K1 b - - 5 28,f6e5 c3e5 e7f6 e5f6 e6f6 b2f6,1947,77,95,6988,kingsideAttack long mate mateIn3 middlegame morphysMate,https://lichess.org/DYZrMqbn/black#56,
61BzT,r7/pp1k1Npp/2n2n2/1N6/1B4P1/7P/PP2r3/2KR4 b - - 4 25,d7e6 f7g5 e6e5 b4d6,2015,78,80,183,mate mateIn2 middlegame morphysMate short,https://lichess.org/QACmkHyP/black#50,
66phD,r2q1b1r/1p1knQp1/p3p2p/3pP3/1P4P1/P3B2P/5P2/2RR2K1 b - - 3 24,d8e8 d1d5 e6d5 e5e6 d7d8 e3b6,1963,75,89,180,long mate mateIn3 middlegame morphysMate pin sacrifice,https://lichess.org/xk54yRrw/black#48,
6AMQp,r6k/3b2pB/p1n1p3/3p2Nn/3b3P/2B5/qP2Qr2/1NKR3R w - - 0 23,e2h5 a2b2 c3b2 d4b2,1997,85,73,76,mate mateIn2 middlegame morphysMate queensideAttack sacrifice short xRayAttack,https://lichess.org/lYrSNBXi#45,
6BnQG,6B1/3R4/1p4pk/p1b5/P5KP/8/4pr2/8 b - - 1 48,g6g5 h4g5 h6g6 g8h7,1952,81,91,896,endgame mate mateIn2 morphysMate short,https://lichess.org/cuwPUJhj/black#96,
6Ippu,r3kb1r/1p2pp1p/p1q2np1/4Q3/8/2N1B3/PPP2PPP/2KRR3 b kq - 2 13,f8g7 e5e7 e8e7 e3c5,2054,75,96,1513,attraction discoveredCheck doubleCheck mate mateIn2 middlegame morphysMate pillsburysMate sacrifice short,https://lichess.org/wAVapFU2/black#26,Sicilian_Defense Sicilian_Defense_Open
6ItSh,3q1rk1/2pnbppp/8/1P6/1n6/1NQ3B1/4BPRP/4K3 b - - 0 21,d8a8 c3g7 g8g7 g3e5 g7h6 e5g7,2112,75,94,1805,attraction discoveredCheck doubleCheck long mate mateIn3 middlegame morphysMate sacrifice,https://lichess.org/h2yLho2E/black#42,
6L0nP,r4rk1/5pp1/4b2p/p7/1pP4B/1Pn2P2/2B2K1P/R5R1 b - - 1 28,a5a4 g1g7 g8g7 a1g1 e6g4 g1g4 g7h8 h4f6,1973,78,92,9278,attraction mate mateIn4 middlegame morphysMate sacrifice veryLong,https://lichess.org/aTghHSWj/black#56,
6QE4a,r5kr/pp3Rpb/2p1B2p/4P1qP/6Q1/4b1N1/PPP3P1/R6K b - - 0 19,g5g4 f7f5,2028,74,94,15796,discoveredAttack discoveredCheck master mate mateIn1 middlegame morphysMate oneMove,https://lichess.org/qxiltvQA/black#38,Caro-Kann_Defense Caro-Kann_Defense_Classical_Variation
6c0jq,2b1k3/4qp1p/p1p1pn1Q/6B1/4p3/bBN5/PrP2r1P/2KR2R1 w - - 2 19,g5f6 b2b3,2076,85,90,4784,discoveredAttack discoveredCheck mate mateIn1 middlegame morphysMate oneMove queensideAttack,https://lichess.org/APr1T3e8#37,Sicilian_Defense Sicilian_Defense_Taimanov_Variation
6eO5e,r2k3r/p2p1ppp/5n2/3QN3/1B6/8/q4PPP/2R1R1K1 b - - 0 18,a2d5 e5f7 d5f7 b4a5,2108,75,94,8387,mate mateIn2 middlegame morphysMate sacrifice short,https://lichess.org/eJrLeQWA/black#36,French_Defense French_Defense_Franco-Sicilian_Defense
6mgPr,4R3/p4Bp1/2pR3p/5pk1/3P4/3n2P1/P6K/5q2 b - - 3 37,f5f4 d6g6 g5h5 g6g7,1920,79,77,253,discoveredAttack discoveredCheck endgame mate mateIn2 morphysMate short,https://lichess.org/6PBy0Wrd/black#74,
6qm3T,7r/r4ppp/p4n2/8/1P4P1/4k2P/1B3nK1/4R3 b - - 1 39,e3f4 b2c1,1987,80,90,1417,endgame mate mateIn1 morphysMate oneMove,https://lichess.org/w3Yn48e7/black#78,
6rFt8,r6r/p6P/3R1R2/k3pB2/1p6/8/PKP5/4q3 b - - 3 38,e5e4 d6d5 a5a4 f5d7,2072,83,88,74,endgame mate mateIn2 morphysMate short,https://lichess.org/CEAXZ7fB/black#76,
6rR3j,3B3k/1pq3pp/p1n3r1/2P2p2/3P4/P4b2/1Q3PPP/R4RK1 w - - 0 26,d8c7 g6g2 g1h1 g2g4,1983,77,87,341,discoveredAttack discoveredCheck kingsideAttack mate mateIn2 middlegame morphysMate short,https://lichess.org/wjbvWFQ5#51,
6tLHg,2r4k/2R4p/4NBp1/3p1p2/8/5rP1/5PKP/3q4 b - - 2 37,h8g8 c7g7 g8h8 g7g6,1936,79,72,158,discoveredAttack discoveredCheck endgame mate mateIn2 morphysMate short,https://lichess.org/zguNZRw8/black#74,
6wchO,r2r2k1/1p1b1ppp/8/pK2b2P/2p5/P3nQN1/1BP1B3/R6R w - - 6 31,b5b6 a8a6 b6b7 d7c8,2175,99,76,47,mate mateIn2 middlegame morphysMate short,https://lichess.org/CVl6Tr0R#61,
7BGUW,4r2k/p6p/1p1Q1NpB/8/5PK1/4r2P/P4bP1/8 w - - 7 35,f6e8 e3g3 g4h4 g3g2,1949,83,91,2762,discoveredAttack discoveredCheck endgame mate mateIn2 morphysMate short,https://lichess.org/V84F2Anp#69,
7E9HB,4r1kb/8/8/5K1p/RR1P1N2/4r2P/8/8 w - - 2 45,d4d5 e8e5 f5g6 e3g3 g6h6 h8g7,2002,82,90,745,endgame long mate mateIn3 morphysMate,https://lichess.org/yINzSI5l#89,
7LR67,7r/ppp5/2bk1p2/4p3/2Pn4/NP6/P2P1PPP/R3K2R w KQ - 0 17,e1g1 d4f3 g2f3 h8g8 g1h1 c6f3,2094,75,94,14400,endgame kingsideAttack long mate mateIn3 morphysMate sacrifice,https://lichess.org/q1Tcj8mQ#33,Nimzo-Larsen_Attack Nimzo-Larsen_Attack_Modern_Variation
7Sfzy,5rk1/p1b3pp/2P3p1/3p4/6P1/4BrqP/PPQ2PK1/2R4R w - - 3 24,f2g3 f3g3 g2h2 g3g4 e3f4 c7f4,2143,86,91,4192,discoveredAttack discoveredCheck fork long mate mateIn3 middlegame morphysMate,https://lichess.org/ud9m2cVz#47,
7SuVb,3rk2r/ppp2ppp/4b3/8/1n6/4nN2/1P3PPP/RNB1KB1R w KQk - 0 12,a1a4 e3c2 e1e2 e6c4,2107,76,78,295,mate mateIn2 middlegame morphysMate short,https://lichess.org/FXYURiIk#23,English_Opening English_Opening_Kings_English_Variation
7Y4lZ,4k3/1b3r2/6B1/1pP1p1Q1/1P1p3P/1Rb3P1/5PK1/r7 w - - 5 33,g2h3 a1h1 h3g4 b7f3,1956,79,85,276,mate mateIn2 middlegame morphysMate short,https://lichess.org/JQdJNV5v#65,
822IB,4N1kr/4pR1p/pn1pB1pr/8/1p6/8/PPP5/1NK5 b - - 9 28,g6g5 f7f6,1908,78,93,8229,discoveredAttack discoveredCheck master mate mateIn1 middlegame morphysMate oneMove,https://lichess.org/4bYxZpjw/black#56,
8EXQx,2k5/ppp3bp/2n5/5p2/5PK1/2P3PP/PP1Nrr2/R1B4R w - - 0 22,g4f5 e2e5 f5g4 h7h5 g4h4 g7f6,2156,82,87,301,long mate mateIn3 middlegame morphysMate pin,https://lichess.org/dOFuKVqn#43,
8GKh3,2r4k/pb4bp/6p1/4ppq1/2B1r3/1PB5/P4PPP/2RQ1RK1 w - - 6 24,d1d7 g5g2 g1g2 e4g4 g2h3 b7g2,1921,79,92,8185,attraction discoveredCheck doubleCheck kingsideAttack long master mate mateIn3 middlegame morphysMate sacrifice,https://lichess.org/quxDIdNG#47,
8Hd1t,r7/p2n2pp/1n3p2/3b4/8/2NkB3/PP3PPP/3R2K1 b - - 1 25,d3c2 d1d2 c2c1 d2e2,2036,90,91,1731,discoveredAttack discoveredCheck master masterVsMaster mate mateIn2 middlegame morphysMate short,https://lichess.org/qIOwiftd/black#50,
8N7PV,4rrk1/1b1N2p1/p3pbp1/1p1p4/2p3P1/3P3P/PPP2qBB/1R1QR1K1 w - - 0 22,g1f2 f6d4 f2g3 d4f2,1942,76,86,238,discoveredCheck doubleCheck mate mateIn2 middlegame morphysMate short,https://lichess.org/l0egJM4T#43,
8Unni,r4rk1/pp3ppp/1nn1pB2/3pP3/3Pq2Q/P5R1/4NPPP/5RK1 b - - 15 19,e4h4 g3g7 g8h8 g7g5,2025,78,72,188,discoveredAttack discoveredCheck kingsideAttack mate mateIn2 middlegame morphysMate short,https://lichess.org/vyjF0RSH/black#38,French_Defense French_Defense_Winawer_Variation
8V92U,8/5B2/3R1b1p/6kP/4K3/6P1/1r1p4/8 b - - 1 45,f6c3 d6g6 g5h5 g6g8,1965,73,93,12754,discoveredAttack discoveredCheck endgame mate mateIn2 morphysMate short,https://lichess.org/xoz0TGSI/black#90,
8VLAj,8/8/4kr2/1Q1bP2p/2pB2r1/P2n2PK/7P/3R4 w - - 0 46,e5f6 d3f4 g3f4 d5g2,1911,80,88,619,endgame mate mateIn2 morphysMate sacrifice short,https://lichess.org/MGwuePGq#91,
8nsfk,k2r2r1/1p6/pBn1p3/P6Q/4b3/8/6PP/R4RK1 w - - 0 32,b6d8 g8g2 g1h1 g2g4 f1f3 e4f3,2059,84,75,188,discoveredAttack discoveredCheck long mate mateIn3 middlegame morphysMate,https://lichess.org/os4yDKev#63,
8tqkc,7Q/4kb1p/3p1n2/2p1nP2/1p4P1/8/2r4P/1RB3K1 w - - 1 25,c1g5 e5f3 g1f1 f7c4,1989,79,76,219,fork mate mateIn2 middlegame morphysMate short,https://lichess.org/4CrqJP7C#49,
8uykj,8/7p/1R4k1/2B1p3/8/2P2KP1/2Pr4/4r3 b - - 3 37,g6f5 g3g4 f5g5 c5e7,2030,78,95,2826,endgame mate mateIn2 morphysMate short,https://lichess.org/tFuoxOOu/black#74,
96kU2,r2k1r2/ppp3Rp/3p4/2b1p1n1/4P1b1/1BN5/PPPP3P/R1B2K2 w - - 1 17,f1g2 g4h3 g2g3 c5f2,1938,75,97,1188,mate mateIn2 middlegame morphysMate short,https://lichess.org/jxARc5Vs#33,Vienna_Game Vienna_Game_Anderssen_Defense
9GNqq,r1b1rn2/1p2kppp/p2R4/2B1p1P1/6B1/8/PPP2P1P/2KR4 b - - 6 20,c8g4 d6b6,1919,83,93,9962,discoveredAttack discoveredCheck master mate mateIn1 middlegame morphysMate oneMove,https://lichess.org/nRBYogPF/black#40,
9HkjH,r5rk/pp2qp2/3b1n1p/3P1B1P/3N1P2/3n3P/PP1N4/R2QR2K w - - 1 25,e1e7 d3f2 h1h2 d6f4,1968,79,77,131,fork mate mateIn2 middlegame morphysMate short,https://lichess.org/KAboKGQj#49,
9Ronq,r4rk1/pbq2ppp/1p1bp3/3P4/4QPN1/1P3R2/PBP3PP/R5K1 b - - 0 19,b7d5 g4f6 g7f6 f3g3 g8h8 b2f6,2024,77,90,1880,intermezzo kingsideAttack long mate mateIn3 middlegame morphysMate sacrifice,https://lichess.org/rcjgpreF/black#38,Indian_Defense Indian_Defense_Other_variations
9UftJ,r3k2r/pp2bppp/2p2p2/q3n3/2B1Q3/4B2P/PPP2PP1/2KRR3 b kq - 9 16,e5c4 e4e7 e8e7 e3c5,2058,75,93,2474,attraction discoveredCheck doubleCheck mate mateIn2 middlegame morphysMate pillsburysMate sacrifice short,https://lichess.org/mpaukY1U/black#32,Caro-Kann_Defense Caro-Kann_Defense_Tartakower_Variation
9YDGc,4r2k/1pq1rp1p/3p1n2/p1pPbQ2/P3B3/1PB4P/8/2R3RK b - - 3 39,c7d7 f5f6 e5f6 c3f6,1961,73,95,15745,kingsideAttack mate mateIn2 middlegame morphysMate sacrifice short xRayAttack,https://lichess.org/Fst5OOjP/black#78,
9bpIf,r7/pbq2pp1/1p2p1k1/1B1n1N2/1b1Q2pN/4R1Pr/P1P2PK1/R7 b - - 7 25,h3h4 d4g7 g6f5 b5d3,1975,75,94,635,mate mateIn2 middlegame morphysMate sacrifice short,https://lichess.org/6fV9fLeK/black#50,
9dwW1,2r4r/1b1kb3/pq1pN2p/4Q3/1p2P1P1/3B4/PPP4P/1K1R1R2 b - - 0 24,d6e5 d3b5 d7e6 b5d7,2051,76,95,1475,discoveredCheck doubleCheck master masterVsMaster mate mateIn2 middlegame morphysMate sacrifice short,https://lichess.org/vT8jPYLZ/black#48,
9g7JF,8/3nbpk1/8/6Kp/3P4/1P1R1PN1/1Pr3P1/4rB1R w - - 1 30,g5f5 c2c5 d4c5 e1e5 f5f4 e7g5,1969,76,93,11001,long mate mateIn3 middlegame morphysMate sacrifice,https://lichess.org/u6ePwzIV#59,
9gqPX,8/1p4k1/2b1Ppp1/7p/2P2P1P/P1Q4K/7P/6r1 w - - 0 45,e6e7 c6d7 f4f5 d7f5,1982,106,84,37,endgame mate mateIn2 morphysMate short,https://lichess.org/qmApTfyw#89,
9hzUW,6k1/1b3pp1/1B2p3/p3P2Q/Pp5P/5Nbn/1P5r/R2R2K1 w - - 3 30,g1f1 b7a6 d1d3 a6d3,1943,84,79,67,mate mateIn2 middlegame morphysMate short,https://lichess.org/kfOBnb22#59,
9oz8K,2kr1br1/ppp2p1p/2np1q1p/3Np2Q/P3P3/1B1P1b2/1PP2PPP/R4RK1 w - - 0 12,d5f6 g8g2 g1h1 g2g4,2022,75,92,4593,discoveredAttack discoveredCheck kingsideAttack mate mateIn2 middlegame morphysMate short,https://lichess.org/1MXyQOT7#23,Kings_Pawn_Game Kings_Pawn_Game_Wayward_Queen_Attack
A4m4k,2r5/4kp2/p1bp1p2/2q1pPPr/1p1bP2P/1P5R/P1P1Q3/1K1R1B2 w - - 0 23,e2h5 c5c2 b1c2 c6e4 c2d2 c8c2 d2e1 d4f2,2188,76,95,2808,attraction discoveredCheck doubleCheck master mate mateIn4 middlegame morphysMate queensideAttack sacrifice veryLong,https://lichess.org/wMxgMjK4#45,
ABqRr,b3r1k1/5p2/6p1/p1Q2nP1/2N2n2/1P3P2/PB3KB1/8 w - - 3 32,c5a5 e8e2 f2g1 e2g2 g1f1 f5g3 f1e1 f4d3 e1d1 a8f3,2136,77,91,946,master mate mateIn5 middlegame morphysMate veryLong,https://lichess.org/LBBCQQoz#63,
AHExG,2kr3r/pp1n1p2/2p5/5pbp/1qB3n1/2NP1QB1/P1P2PP1/1R2R1K1 b - - 1 19,b4c3 f3c6 b7c6 c4a6,1991,77,80,156,mate mateIn2 middlegame morphysMate queensideAttack sacrifice short,https://lichess.org/kvDUtRm7/black#38,
ASzIV,4rrk1/1p3pp1/p4b2/2PR4/3P4/5PPb/PPB1qQ1P/R5K1 w - - 5 25,d5h5 e2f2 g1f2 f6d4,2028,81,90,2197,attraction kingsideAttack mate mateIn2 middlegame morphysMate short,https://lichess.org/sr4Ys7U8#49,
Ach6n,3r1rk1/ppq2ppp/5B2/4p3/2P5/bPn2b1P/P2QNP2/K2R1BR1 b - - 0 27,d8d2 g1g7 g8h8 g7g3,1988,78,77,86,discoveredAttack discoveredCheck kingsideAttack mate mateIn2 middlegame morphysMate short,https://lichess.org/03JkJr96/black#54,
AiXp4,r1bq1b1r/pp3ppp/3kpn2/3p4/1Q1P4/4PN2/PP3PPP/2R1KB1R b K - 1 15,d6d7 f1b5,2067,79,79,460,mate mateIn1 morphysMate oneMove opening,https://lichess.org/ZEnOjkw8/black#30,Slav_Defense Slav_Defense_Quiet_Variation
Anp3d,6r1/pp3k2/2p2p2/2P1p2p/1P4b1/P2B4/5P1P/3RR1K1 w - - 0 30,d1d2 g4e2 d3g6 g8g6 g1h1 e2f3,1942,76,94,14010,discoveredAttack discoveredCheck endgame long mate mateIn3 morphysMate,https://lichess.org/f5sIg9zr#59,
AusrH,r4rk1/5pp1/p1n4p/1p1p4/3p1PbB/P1nB4/1KPR3P/6R1 b - - 1 22,g4e6 g1g7 g8g7 d2g2 e6g4 g2g4 g7h8 h4f6,1913,79,93,10687,attraction kingsideAttack mate mateIn4 middlegame morphysMate sacrifice veryLong,https://lichess.org/GyTM7SCt/black#44,
B4QAr,7k/1R6/p1p1b2p/4n1rP/1P2P2n/P2Pb3/1BR3P1/5BKN w - - 5 35,g1h2 h4f3 g2f3 e3g1,2084,122,88,29,mate mateIn2 middlegame morphysMate sacrifice short,https://lichess.org/ZkVR5KlE#69,
BJKo3,r1b2knr/pppp3p/8/6q1/2BnPB2/8/PPP3PP/RN3RK1 b - - 0 11,g5g6 f4d6 f8g7 d6f8,2005,82,89,1017,discoveredCheck doubleCheck mate mateIn2 morphysMate opening short,https://lichess.org/u9qMxcCR/black#22,Kings_Gambit_Accepted Kings_Gambit_Accepted_Blachly_Gambit
BZvDM,4r1k1/Qpp2ppp/4b3/8/4NqP1/Pn1rRP1P/1P2N3/1K3B1R w - - 0 23,e2f4 d3d1 b1c2 d1c1 c2d3 e6c4,2091,75,94,4786,long mate mateIn3 middlegame morphysMate queensideAttack,https://lichess.org/flkeJIHr#45,
Bb7FN,r6r/1ppq1p1Q/p4kp1/4PpN1/Pb1P4/3B4/1P3P1P/R4RK1 b - - 0 22,f6g5 f2f4 g5g4 d3e2,1927,97,86,56,mate mateIn2 middlegame morphysMate short,https://lichess.org/5g46zgQM/black#44,
BbTxv,1r3k2/p1p3pp/2B3P1/2b1p3/4P3/3P3b/PPP2r1P/R1BQ3K w - - 2 20,g6h7 h3g2 h1g1 f2d2 d3d4 c5d4,1974,139,83,18,discoveredAttack discoveredCheck kingsideAttack long mate mateIn3 middlegame morphysMate,https://lichess.org/YuLejkRR#39,
BbmT0,3r2k1/p4p1p/np4r1/5Q1q/2P5/P4b2/5PPP/RB3RK1 w - - 1 23,f5h5 g6g2 g1h1 g2g4,2160,84,91,1891,discoveredAttack discoveredCheck mate mateIn2 middlegame morphysMate short,https://lichess.org/mJaKRmjF#45,
Bc4Br,1rqr3k/p4p1p/2n5/2P5/QP1PpP2/4B3/P5R1/1R4K1 b - - 0 28,c6d4 a4e8 d8e8 e3d4 e8e5 d4e5 f7f6 e5f6,2112,78,86,509,deflection fork mate mateIn4 middlegame morphysMate sacrifice veryLong,https://lichess.org/kSVo5rz7/black#56,
BdezS,r5k1/2RR2pp/1p2p1r1/5p2/1P4b1/PQ2P3/5P1P/6K1 w - - 8 26,c7a7 g4e2 g1h1 e2f3,2053,90,38,84,discoveredAttack discoveredCheck endgame mate mateIn2 morphysMate short,https://lichess.org/Tz0GTOuZ#51,
BqTfQ,8/2R4N/p2r1kn1/1p2p3/1P1b3P/P5P1/2P3BK/4q3 b - - 4 36,f6f5 c7f7 d6f6 f7f6 f5g4 g2f3,2184,77,93,9074,long mate mateIn3 middlegame morphysMate,https://lichess.org/Fz2ZvIvn/black#72,
CBjdr,r4r1k/1pp3Rp/p5p1/6P1/3B4/1q3Q2/7P/5RK1 b - - 2 25,f8f3 g7g6 f3f6 d4f6,1995,81,91,1061,discoveredAttack discoveredCheck endgame mate mateIn2 morphysMate short,https://lichess.org/F0aBTcdI/black#50,
CIPlk,8/b2rk3/3r2p1/PR1BKpP1/5P2/2R5/8/8 w - - 4 41,c3c8 d6e6 d5e6 a7d4,1918,75,97,1253,endgame mate mateIn2 morphysMate sacrifice short,https://lichess.org/PhyyrfF1#81,
CMS4c,4r1k1/p2p1p1p/1p6/2p3B1/8/2PP2R1/P1P4r/5K2 b - - 3 24,h2c2 g5e7 g8h8 e7f6,1921,87,76,94,discoveredAttack discoveredCheck endgame mate mateIn2 morphysMate short,https://lichess.org/HQhBl6DP/black#48,
CTWhJ,1r6/p1p3Bp/b1p1k1p1/8/3P1P2/7P/Pb4PK/4R3 b - - 0 30,e6f5 e1e5 f5f4 g7h6 g6g5 h6g5,1937,75,86,866,endgame long mate mateIn3 morphysMate,https://lichess.org/rMitGIPu/black#60,
CpNVv,b1N2k2/p5p1/3bPpp1/2p4r/3n4/8/PP3PPP/R4RK1 w - - 0 23,c8d6 d4f3 g2f3 h5g5 g1h1 a8f3,2068,76,95,5928,endgame intermezzo long mate mateIn3 morphysMate sacrifice,https://lichess.org/iI74bYfi#45,
DG7mm,6k1/3br3/p6p/4BKp1/4N3/6P1/PP5P/4R3 w - - 2 41,f5f6 e7e6 f6f5 e6b6,2185,78,84,163,discoveredAttack discoveredCheck endgame mate mateIn2 morphysMate short,https://lichess.org/7tBJlZnI#81,
DgBlv,2k1r3/8/7p/1b4p1/3P4/P5P1/1P1b1KPP/R6R w - - 3 31,a3a4 e8f8 f2g1 d2e3,2153,100,57,81,endgame mate mateIn2 morphysMate short,https://lichess.org/vhtAkz8j#61,
Djski,4k2r/p4pp1/4p3/3pP3/2pP3P/b1P1B3/b1B1QP1P/qrK1R1R1 w k - 0 29,c1d2 a1c3 d2c3 a3b4,2015,72,94,15860,attraction mate mateIn2 middlegame morphysMate sacrifice short,https://lichess.org/xkXTsImR#57,
E0Hw8,r2q1r2/ppp2pk1/2n2N1Q/2b1n3/5R2/3P3P/PPP3K1/R1B5 b - - 0 22,g7h6 f4g4 c5e3 c1e3,1944,78,87,980,discoveredAttack discoveredCheck mate mateIn2 middlegame morphysMate short,https://lichess.org/QqH1YnqE/black#44,
E7pZL,2kr2r1/ppp2N1p/2n2p2/2N5/2pp2b1/8/PPP2P1P/R1B1R1K1 w - - 1 16,f7d8 g4e2 c1g5 g8g5 g1h1 e2f3,2136,79,85,293,discoveredAttack discoveredCheck fork long master mate mateIn3 middlegame morphysMate,https://lichess.org/pJ0bXlW2#31,Italian_Game Italian_Game_Scotch_Gambit
E86Vx,6k1/p1pQb2p/8/1p2r3/4N1K1/1PP1r3/P7/R7 w - - 1 52,e4f2 h7h5 g4f4 e7g5,2032,82,40,45,endgame mate mateIn2 morphysMate short,https://lichess.org/FDCGSxMG#103,
EA5s6,6R1/5p1p/4pB2/3p1p1k/pb3P2/3r3P/5KP1/8 b - - 5 44,b4c3 g2g4 f5g4 h3g4 h5h6 f6g5,1979,75,88,168,endgame long mate mateIn3 morphysMate,https://lichess.org/TtdoyAjJ/black#88,
EBF8K,1B4k1/2R4p/5p2/6p1/2P1b3/6P1/P5rP/5R1K w - - 2 29,f1f6 g2g3 f6f3 e4f3,1968,84,78,135,discoveredAttack discoveredCheck endgame mate mateIn2 morphysMate short,https://lichess.org/1eoXQuts#57,
ENmad,6rr/1bqp1Q2/p3p2k/2pnP1N1/8/P7/1PPB3P/R4R1K w - - 0 25,g5e6 d5f4 f1f3 b7f3,2121,81,87,289,discoveredAttack discoveredCheck kingsideAttack mate mateIn2 middlegame morphysMate short,https://lichess.org/tfFGTQ0w#49,
EUIud,5r1k/1pp4p/pb1pN3/4n2R/1PP3nP/P4r2/1BQ1B2K/R7 w - - 1 26,h2h1 f3h3 h1g2 h3h2 g2g3 b6f2,2076,83,91,2052,exposedKing kingsideAttack long mate mateIn3 middlegame morphysMate,https://lichess.org/C7cEdUbw#51,
Et9At,r1b4R/p2nkppp/2N1p3/B7/2q1n3/8/1P1Q1PPP/4K2R b K - 1 20,c4c6 a5d8,1996,78,94,10498,mate mateIn1 middlegame morphysMate oneMove,https://lichess.org/2NNCuPIr/black#40,
EtKR3,3rr2k/pp3pp1/2qb1n1p/4p3/2P2P1Q/1P1B2R1/PB4PP/R5K1 b - - 0 20,e5f4 h4h6 g7h6 b2f6,2151,78,86,135,deflection kingsideAttack mate mateIn2 middlegame morphysMate sacrifice short,https://lichess.org/gYTMmr1n/black#40,
Ez1Pv,r3r1k1/p4p1p/2p5/6B1/2P3R1/PP3nP1/4N2P/7K b - - 0 29,e8e2 g5e7 f3g5 g4g5 g8h8 e7f6,2085,80,91,1412,discoveredAttack discoveredCheck endgame long mate mateIn3 morphysMate,https://lichess.org/QEHpHsKI/black#58,
F6lQ5,6rr/pb2kp1q/1pp1p3/5pb1/3P4/P1P2B1P/1P1N1PPK/R2Q1R2 w - - 3 23,f1h1 h7h3 g2h3 g5f4,2090,78,88,452,master mate mateIn2 middlegame morphysMate sacrifice short,https://lichess.org/bJATge65#45,
FBBz6,2kr4/2p3RP/2b2NR1/5p2/p6P/P7/1PPK4/5r2 w - - 3 32,d2e3 f5f4 e3e2 c6b5 c2c4 b5c4,1925,75,89,179,endgame exposedKing long mate mateIn3 morphysMate,https://lichess.org/wDg5ROvX#63,
FBxrK,b5r1/3n1k2/3Qpn1p/2p5/BpN1q3/1P2BP2/2P4P/5R1K w - - 0 25,a4d7 e4f3 f1f3 a8f3,1953,101,57,42,mate mateIn2 middlegame morphysMate sacrifice short,https://lichess.org/DAR6mStm#49,
FfElz,6k1/3q1pp1/Q1n4p/3b4/5b2/5N1P/Pr2B1P1/3RR2K w - - 0 27,e2c4 d7h3 g2h3 d5f3 h1g1 f4h2 g1f1 f3g2,1996,74,95,13108,deflection fork mate mateIn4 middlegame morphysMate sacrifice veryLong,https://lichess.org/KaAx9Lkf#53,
FhhYP,B7/p7/1pRk4/1K1Pp3/3r4/8/PP1b1P2/8 b - - 13 45,d6d5 c6f6,1925,84,90,3295,discoveredAttack discoveredCheck endgame mate mateIn1 morphysMate oneMove,https://lichess.org/3kORDtCs/black#90,
Fsrjo,r1br2k1/p4ppp/1p6/8/1b1NpB2/4P3/PP2KPPP/R6R w - - 0 17,d4c6 c8a6,1938,85,90,2855,mate mateIn1 middlegame morphysMate oneMove,https://lichess.org/gLJvfV36#33,Queens_Pawn_Game Queens_Pawn_Game_Torre_Attack
FtgZq,2k5/pb1p3r/1p3P2/2p3rp/2PBB3/P2P4/1P4PP/R4RK1 w - - 0 26,e4h7 g5g2 g1h1 g2g6 f1f3 b7f3,1952,75,88,1408,discoveredAttack discoveredCheck endgame kingsideAttack long mate mateIn3 morphysMate,https://lichess.org/E8JqYODW#51,
FuKLl,r6r/pp3Rpp/k1p5/2N1b3/3nP1n1/1PB5/P5PP/3R2K1 b - - 6 22,a6b5 f7b7 b5c5 c3b4,2092,80,73,127,mate mateIn2 middlegame morphysMate sacrifice short,https://lichess.org/dlsuCNGv/black#44,
GEXXC,3b2k1/3P1pp1/2PN3p/3Qp3/p1K3q1/1r6/3B4/5R2 w - - 5 43,c4c5 d8b6,2059,86,89,490,master mate mateIn1 middlegame morphysMate oneMove,https://lichess.org/vWGYvKpG#85,
GYYdU,2r3rk/p4p1p/3b2b1/1Q3pq1/2BN4/3P3P/PPP2PP1/R4RK1 w - - 1 21,d4f3 g5g2 g1g2 g6h5 f3g5 g8g5 g2h1 h5f3,2068,77,95,14205,discoveredAttack discoveredCheck kingsideAttack mate mateIn4 middlegame morphysMate sacrifice veryLong,https://lichess.org/lEmoAj4i#41,
GbgvO,8/p2k4/2pbpp2/8/4P3/P1Nr2qP/1P1BQ1P1/R6K w - - 2 28,h1g1 g3h2 g1f1 h2h1 f1f2 d6g3,2035,76,94,11373,long mate mateIn3 middlegame morphysMate,https://lichess.org/fw4sq9gO#55,
GePyr,8/p1B1R2p/1p2P1pk/3b4/3b3P/3B4/PP4r1/7K w - - 0 28,c7f4 g2g5 d3e4 d5e4 h1h2 d4g1 h2h3 e4g2,2046,75,94,4902,discoveredAttack discoveredCheck endgame exposedKing mate mateIn4 morphysMate veryLong,https://lichess.org/RRABdRCl#55,
Gnhcy,6k1/Q3Rb2/p6p/1p1rP1p1/1K3rP1/8/PPP4P/8 w - - 7 41,b4a3 f4a4 a3b3 d5d3,2038,75,94,5321,discoveredCheck doubleCheck endgame mate mateIn2 morphysMate pillsburysMate short,https://lichess.org/zuMmp6Fd#81,
H1g16,5b2/2p2Qrk/7p/p2pPp2/3PbP2/1PP4R/P5PP/5RK1 w - - 7 29,f7f8 g7g2 g1h1 g2g3 f1f3 e4f3,2092,79,84,119,discoveredAttack discoveredCheck endgame kingsideAttack long mate mateIn3 morphysMate,https://lichess.org/JIcsQCDH#57,
HRvKr,6k1/p6p/2P2p2/6p1/PR1N4/4PPK1/3r2PP/5b2 w - - 0 43,c6c7 d2g2 g3h3 g2g1,1988,75,95,1044,discoveredAttack discoveredCheck endgame mate mateIn2 morphysMate short,https://lichess.org/7WDSG4WH#85,
HT11q,8/P7/1b4B1/7P/5p2/1N4kP/1PP2r2/R5KR w - - 1 39,a7a8q f2f3 b3d4 b6d4,1974,107,84,57,discoveredAttack discoveredCheck mate mateIn2 middlegame morphysMate short,https://lichess.org/YTUoMaHC#77,
HcCCo,5B2/R6p/1p3pk1/8/2Bn1pP1/4b2P/5r2/7K b - - 2 34,d4f3 a7g7 g6h6 g7g8,2062,79,87,967,discoveredAttack discoveredCheck endgame mate mateIn2 morphysMate short,https://lichess.org/ZHm8kpJy/black#68,
HcLgp,r1b2rk1/1p1p1ppp/3Np3/p6N/4P3/P4K2/BB5b/7R b - - 0 27,h2d6 h5f6 g7f6 h1g1 d6g3 g1g3 g8h8 b2f6,1984,77,94,5813,mate mateIn4 middlegame morphysMate sacrifice veryLong,https://lichess.org/kuy8XPhW/black#54,
HjEF5,3r4/5B2/8/2p3P1/1p1qp3/6k1/P4RR1/1K6 b - - 11 53,g3h3 f7e6 h3h4 f2f4 h4h5 e6f7,2150,81,96,5559,endgame long mate mateIn3 morphysMate,https://lichess.org/9o6iex08/black#106,
HlQG4,8/p4B2/1pbBP3/2p3k1/7n/r7/7K/6R1 b - - 2 43,g5h6 d6f4 h6h7 f7g8 h7h8 f4e5,2060,78,93,7419,endgame exposedKing long master masterVsMaster mate mateIn3 morphysMate,https://lichess.org/wB5fKwkJ/black#86,
HnKtN,1n4R1/1B5p/6p1/2p1k3/3bN3/6KP/r7/8 b - - 12 41,b8a6 g8e8 e5f5 b7c8,1997,81,78,139,endgame mate mateIn2 morphysMate short,https://lichess.org/QPcyZPEe/black#82,
Hs0G6,1r5r/3R2pp/4kpb1/p3p3/1b2N1P1/1Pp5/P3BP1P/2KR4 b - - 4 22,h8c8 e4c5 b4c5 e2c4,2196,78,91,1151,mate mateIn2 middlegame morphysMate sacrifice short,https://lichess.org/p52lNSRl/black#44,
IAUjM,5k2/1p2N3/p5Q1/2b2p2/4nP2/1PP1r3/P2K4/R4R2 w - - 2 36,d2c2 e3e2 c2b1 e4c3 b1c1 c5a3,2181,79,82,179,long mate mateIn3 middlegame morphysMate,https://lichess.org/6Q6QogCn#71,
IGIJn,r4rk1/p1R4p/1p3b2/1b1P3q/4pQ2/1P3pP1/PB2PP2/5RK1 b - - 4 24,h5h3 f4g5 f6g5 c7g7 g8h8 g7g5 f8f6 b2f6,1938,72,95,14826,discoveredAttack discoveredCheck fork mate mateIn4 middlegame morphysMate sacrifice veryLong,https://lichess.org/maH6SGFo/black#48,
IIgWq,1k1r4/pp4pp/8/5B2/1b2P3/5n2/PP1r1PQP/R3KR2 w Q - 1 21,g2f3 d2b2 f3c3 b4c3,2198,79,91,3099,discoveredAttack discoveredCheck mate mateIn2 middlegame morphysMate short,https://lichess.org/87bnhRx7#41,
IN2qy,3r2k1/Rp3p1p/6p1/8/2b1nN2/4KP2/2Pb2PP/5B1R w - - 4 21,e3e4 f7f5 e4e5 d2c3,1920,80,92,2389,mate mateIn2 middlegame morphysMate short,https://lichess.org/n2zqWFdw#41,
Iddbw,2r1r3/pp4pp/6k1/2b5/2B2nP1/2N2PK1/PP6/2R4R w - - 2 24,g3f4 c5d6,1950,78,80,987,master mate mateIn1 middlegame morphysMate oneMove,https://lichess.org/j2rAVgjP#47,
Iv4xq,2kr4/3pq3/n3p1p1/pNp1P1p1/4b3/P6R/2PB1Pr1/1R3K2 b - - 1 26,e4c6 b5a7 c8c7 d2a5,1936,83,86,3182,mate mateIn2 middlegame morphysMate queensideAttack short,https://lichess.org/XAfCQ2bt/black#52,
J7KQf,r3nrk1/3q1pp1/p3p2p/P1bp4/R5QB/1P1B4/2P2PPP/5RK1 b - - 2 18,e8d6 g4g7 g8g7 a4g4 g7h8 h4f6,2100,87,91,3350,attraction kingsideAttack long mate mateIn3 middlegame morphysMate sacrifice,https://lichess.org/4IR6sLBs/black#36,Sicilian_Defense Sicilian_Defense_Bowdler_Attack
JMrC9,2b3r1/p4k1p/2p5/5pn1/Q1PP4/B3P2r/P4P1K/1R3R2 w - - 0 26,h2g2 g5f3 g2h3 f5f4,2009,79,80,383,discoveredAttack discoveredCheck mate mateIn2 middlegame morphysMate sacrifice short,https://lichess.org/3F2dHD7w#51,
Jn9KP,b7/2R4p/5P2/7k/5Q2/6K1/5P1P/6r1 w - - 9 47,g3h3 a8g2 h3g3 g2d5 g3h3 d5e6 f4f5 e6f5,1907,72,95,14276,discoveredAttack discoveredCheck endgame exposedKing mate mateIn4 morphysMate veryLong,https://lichess.org/xuFT6vq3#93,
K3aZQ,5k2/1b4bp/1p3n2/p1p1pN2/2P4Q/P3P2P/1P3r1B/2R2R1K w - - 0 25,h1g1 f2g2 g1h1 g2g4 e3e4 b7e4 f1f3 e4f3,2011,75,95,1232,discoveredAttack discoveredCheck exposedKing kingsideAttack mate mateIn4 middlegame morphysMate veryLong,https://lichess.org/eRRWiB2G#49,
KBjW4,B7/p2k1p1p/bpp3r1/2bpn3/8/P3N2P/1PP3PK/R1B4R w - - 0 24,b2b4 e5f3 g2f3 c5d6 f3f4 d6f4,2052,77,94,9292,long mate mateIn3 middlegame morphysMate sacrifice,https://lichess.org/MobJMxbT#47,
KDyLe,r1bq3k/ppp3pn/7p/2bPNr1Q/2B5/2P1p2P/PP4PN/R4R1K b - - 0 18,f5h5 e5g6 h8g8 d5d6 h5d5 c4d5 c8e6 d5e6,2061,76,92,810,discoveredAttack discoveredCheck kingsideAttack mate mateIn4 middlegame morphysMate veryLong,https://lichess.org/1rSipg9g/black#36,Italian_Game Italian_Game_Paris_Defense
KQOWG,4k1r1/1q1n1p1p/p4bbB/4p3/8/1N2P3/PP1Q1PPP/R4RK1 w - - 2 24,a1c1 b7g2 g1g2 g6e4 g2h3 e4g2,1999,76,88,1262,attraction discoveredCheck doubleCheck kingsideAttack long mate mateIn3 middlegame morphysMate sacrifice,https://lichess.org/Yo5MlgjV#47,
KTXa9,6r1/1bp2k2/3p4/4P3/2N2n1P/3P1nPK/PP6/R4R2 w - - 1 31,g3f4 b7c8 e5e6 c8e6 f4f5 e6f5,1949,107,79,54,endgame long mate mateIn3 morphysMate,https://lichess.org/ZyzZQBU4#61,
KWuDg,8/p1p5/3bb2k/2p5/P4p2/1PBBpP2/2P4r/3K2R1 b - - 9 33,e6d5 c3g7 h6h5 d3g6 h5h4 g7f6 h4h3 g6f5,1907,74,94,2916,endgame exposedKing mate mateIn4 morphysMate veryLong,https://lichess.org/wdmsTa7O/black#66,
L2Mrz,3r4/pp3p1k/2b4b/8/8/2P2B2/PP1NKP2/4R3 w - - 6 27,d2e4 c6b5 c3c4 b5c4,1963,80,89,1763,endgame mate mateIn2 morphysMate short,https://lichess.org/fSgxmW5F#53,
LH12b,3rr3/pR3p1k/5b1N/4q3/Q5p1/5BPb/PP2PP1P/4K2R w K - 1 25,h6g4 e5c3 b2c3 f6c3,2154,78,95,1567,mate mateIn2 middlegame morphysMate sacrifice short,https://lichess.org/S1i8fHA2#49,
LIvGd,1rb1Bbnk/7p/3p1n2/2pPpNRP/4P3/2P1BP2/P5Q1/1rK3R1 w - - 1 28,c1c2 b8b2 c2d3 c5c4 d3c4 c8a6 e8b5 a6b5,2169,77,76,242,attraction mate mateIn4 middlegame morphysMate veryLong,https://lichess.org/xLdffpsU#55,
LTOe0,r4r2/4bpkp/p1p1p3/1b1p4/1P1N1q2/P7/6RP/B2QK3 b - - 1 25,g7h6 d4f5 f4f5 a1g7,2096,81,87,708,clearance mate mateIn2 middlegame morphysMate sacrifice short,https://lichess.org/pMsKNUdv/black#50,
LUVXt,2B1r1k1/8/p6p/NpPp4/1P1b1Pp1/4r1P1/R4KP1/R7 w - - 0 35,a5c6 e3f3,2159,77,94,8870,discoveredCheck doubleCheck mate mateIn1 middlegame morphysMate oneMove pillsburysMate,https://lichess.org/AOjtg6Po#69,
LZPD8,r6r/pp2kp1p/5p2/1B2n3/4b3/2B5/PP4PP/2KRR3 b - - 3 23,e4g2 c3b4 e7e6 b5d7,2150,77,87,583,mate mateIn2 middlegame morphysMate short,https://lichess.org/WBNNpgim/black#46,
LdYAk,r5k1/1pp3pp/pb1p2r1/8/P1PP1Pb1/2N1B3/1P3P1P/R3Q2K w - - 3 21,h1g1 g4e2 g1h1 e2f3,2092,77,95,4139,discoveredAttack discoveredCheck kingsideAttack mate mateIn2 middlegame morphysMate short,https://lichess.org/Vgf1SvD9#41,
Lh0qE,2k5/ppp2ppp/8/8/4nbP1/1P1B2rP/P1P4K/R6R w - - 1 22,d3e4 g3g4,1963,76,95,8000,discoveredAttack discoveredCheck endgame mate mateIn1 morphysMate oneMove,https://lichess.org/pj0pm4O2#43,
MJwAi,8/p4kp1/2p3p1/8/3P3B/P4b1R/5rrP/4R2K w - - 0 45,h4f2 g2g3,1962,88,87,3011,discoveredAttack discoveredCheck endgame mate mateIn1 morphysMate oneMove,https://lichess.org/htuLcWP2#89,
MO1BS,4r1k1/ppp2p1p/6p1/4p1BQ/3nP2P/8/2q4P/5KR1 b - - 1 23,g6h5 g5e7 c2g2 g1g2 g8h8 e7f6,2086,79,88,369,discoveredAttack discoveredCheck endgame long mate mateIn3 morphysMate,https://lichess.org/qrhdKeCS/black#46,
MW89o,6R1/2r5/7p/5B2/3r3k/1K6/6P1/8 b - - 3 61,d4d5 g2g3 h4h5 f5g4,1946,79,84,491,endgame mate mateIn2 morphysMate short,https://lichess.org/5TxyvxnC/black#122,
MZi2o,3r1rk1/4bppp/p3bP2/4p2P/1n2P3/1NN1pP2/1PP5/R3KB1R w KQ - 0 18,f6e7 b4c2 e1e2 e6c4,1924,78,88,458,fork mate mateIn2 middlegame morphysMate short,https://lichess.org/WYwxW3nq#35,Sicilian_Defense Sicilian_Defense_Classical_Variation
MkGJu,1rb2b1r/1pNkp1pp/pB1p4/4n3/8/1B6/P1P1KPPP/1R5R b - - 2 17,d7c6 b3a4,1943,79,90,422,mate mateIn1 middlegame morphysMate oneMove,https://lichess.org/Cc8ySjiF/black#34,Sicilian_Defense Sicilian_Defense_Classical_Variation
Mt6f3,r4r1k/p1p4p/1p1p4/3Pn1Rq/2P3RP/2Q1Pb2/PB1K4/8 b - - 3 25,h5g4 c3e5 d6e5 b2e5 f8f6 e5f6,1927,75,97,1076,kingsideAttack long mate mateIn3 middlegame morphysMate sacrifice,https://lichess.org/D7zZWXmS/black#50,
N8pHE,1r3rk1/2p2p2/5p1P/4nR2/p7/PqB3P1/1P4P1/1K5R b - - 0 29,e5d3 h6h7 g8g7 f5g5 g7h8 c3f6,2045,76,94,3139,advancedPawn deflection long mate mateIn3 middlegame morphysMate pin,https://lichess.org/1NJTgilF/black#58,
NXuwQ,r2q1b1r/1pp2Bp1/p2pR2p/3P2k1/3p4/3P2PP/PPP2P2/R2K4 b - - 0 16,h6h5 f2f4 g5f5 f7g6,2069,74,95,9008,mate mateIn2 middlegame morphysMate short,https://lichess.org/evnwoJsQ/black#32,Italian_Game Italian_Game_Two_Knights_Defense
NeoYH,r3kb1r/pp3ppp/2b1pn2/1N6/2B5/3RB3/PP3P1P/3R2K1 b kq - 1 14,a8c8 b5c7 c8c7 d3d8 e8e7 e3c5,1972,79,94,12113,long mate mateIn3 middlegame morphysMate sacrifice,https://lichess.org/HJ3geKvJ/black#28,Caro-Kann_Defense Caro-Kann_Defense_Panov_Attack
NlkxS,r5k1/1pp2p2/1p1p2r1/8/6b1/1B2B3/PPP2P1P/R4RK1 w - - 3 22,f1e1 g4e2 e3g5 g6g5 g1h1 e2f3,2023,80,84,151,discoveredAttack discoveredCheck long mate mateIn3 middlegame morphysMate,https://lichess.org/cZeK5zOW#43,
O1niY,3q3k/1p1b1ppB/p6p/3p4/P1r4N/R3r1K1/1P4PP/1Q3R2 w - - 0 24,a3e3 d8h4 g3f3 d7g4,1973,195,33,21,mate mateIn2 middlegame morphysMate short,https://lichess.org/uHTFy7bF#47,
O24b3,1r4k1/p4p2/5Bp1/3p3p/3PbQ1P/4PnP1/Pr3P2/R1R3K1 w - - 1 31,g1g2 b2f2 g2f2 b8b2 c1c2 b2c2 f2f1 e4d3,2156,73,93,10882,attraction mate mateIn4 middlegame morphysMate sacrifice veryLong,https://lichess.org/SXo1iJDr#61,
ODGcL,2b4r/3r3p/pk6/6b1/1p6/4KQ2/1PP2PPP/R4B1R w - - 0 27,e3e4 h8e8 e4f5 d7g7,2160,79,68,143,discoveredAttack discoveredCheck mate mateIn2 middlegame morphysMate short,https://lichess.org/REne357L#53,
OHYME,r1b2B2/1p3p1p/p5p1/3Rk3/2r1P3/5P2/P3nRPP/7K b - - 3 29,e5f4 f8h6 g6g5 h6g5,1910,81,76,102,mate mateIn2 middlegame morphysMate short,https://lichess.org/BfGIPVv0/black#58,
ONazi,rnbk1b1r/pp2qQpp/2p2n2/8/2BN4/8/P1P2PPP/1RBR2K1 b - - 2 14,e7f7 d4e6 d8e8 d1d8 e8e7 c1a3 c6c5 a3c5,2032,76,95,1585,discoveredCheck doubleCheck exposedKing fork mate mateIn4 morphysMate opening veryLong,https://lichess.org/HNKqwrHS/black#28,Scandinavian_Defense Scandinavian_Defense_Main_Line
Ogr40,2r3k1/4b1pp/1q2rn2/1p1N1Q2/1P1R4/3KPP2/1B5P/6R1 b - - 0 26,f6d5 g1g7 g8g7 d4g4 g7h6 b2g7,2163,75,93,11108,attraction discoveredCheck doubleCheck long mate mateIn3 middlegame morphysMate sacrifice,https://lichess.org/b2r2YAnC/black#52,
Oigsi,r7/5p1p/3Rk1p1/2B1P3/1R6/4K3/p5rP/8 b - - 3 40,e6e5 b4e4 e5f5 d6d5 f5f6 c5d4,1914,107,89,61,endgame long master mate mateIn3 morphysMate,https://lichess.org/J1sduKF4/black#80,
OkO0l,5Rn1/1pkr3r/1R1p1p1n/1PpPpPpp/2P1P3/3B4/3B2PP/6K1 b - - 0 30,c7b6 f8a8 b6c7 b5b6 c7b6 d2a5,2131,82,88,213,attraction long mate mateIn3 middlegame morphysMate,https://lichess.org/ibyDUXBL/black#60,
Om2As,1r3rk1/4p2p/4R1p1/2BB4/1P3P2/6P1/3b3P/6K1 b - - 2 27,f8d8 e6g6 g8h8 c5d4 e7e5 d4e5,2022,87,85,76,discoveredCheck doubleCheck endgame long mate mateIn3 morphysMate,https://lichess.org/0KC9em1g/black#54,
OpuFN,5r1k/5P1p/3b2pB/pp1qr3/2p3QP/P1Pp4/1P5K/4RR2 w - - 1 34,h6f8 e5e2 h2g1 d6h2,2049,82,89,282,collinearMove discoveredCheck doubleCheck mate mateIn2 middlegame morphysMate short,https://lichess.org/qzbELB04#67,
OrrZW,r7/p1Rk1p2/3P2p1/8/4PBK1/r7/8/8 b - - 2 33,d7e6 c7e7 e6f6 f4e5,1927,80,89,1032,endgame mate mateIn2 morphysMate short,https://lichess.org/CZ4ptpQ3/black#66,
Os8JT,2rq2k1/pp3ppp/2Nb1n2/3p1b2/3P4/P1P3B1/1P1NrPPP/2KR1B1R w - - 0 14,c6d8 c8c3 b2c3 d6a3,1921,75,94,1770,deflection mate mateIn2 middlegame morphysMate queensideAttack sacrifice short,https://lichess.org/Mf0Jqqm8#27,Queens_Pawn_Game Queens_Pawn_Game_Accelerated_London_System
P4KJ1,2k1r3/p4ppp/2p5/2b5/2q3b1/4rP2/PPN1QKPP/R3R3 w - - 0 19,e2c4 e3f3,2103,75,94,11537,discoveredCheck doubleCheck master mate mateIn1 middlegame morphysMate oneMove operaMate pillsburysMate,https://lichess.org/hw2Zerv6#37,Sicilian_Defense Sicilian_Defense_Kramnik_Variation
P6cuh,3k2r1/pp3p1p/2np1q1p/2bNp2Q/2B1P3/3P1b2/PPP2PPP/R4RK1 w - - 0 14,d5f6 g8g2 g1h1 g2g4,2032,73,93,12960,discoveredAttack discoveredCheck kingsideAttack mate mateIn2 middlegame morphysMate short,https://lichess.org/PLgeAuhI#27,Kings_Pawn_Game Kings_Pawn_Game_Wayward_Queen_Attack
PBRZz,8/7p/1pR4B/pPb2kp1/8/4PKP1/3r1P2/8 b - - 3 43,a5a4 e3e4 f5e5 h6g7,2046,77,85,170,endgame mate mateIn2 morphysMate short,https://lichess.org/fH3ZjcEM/black#86,
PCbDm,2kr3r/pbpp1ppp/8/q2Pp3/2B1N3/5N2/5PPP/1RR3K1 b - - 0 18,b7d5 e4d6 c7d6 c4a6,2118,77,77,166,discoveredCheck doubleCheck mate mateIn2 middlegame morphysMate pillsburysMate queensideAttack sacrifice short,https://lichess.org/OtHB2uJ1/black#36,Nimzowitsch_Defense Nimzowitsch_Defense_Kennedy_Variation
PEQbq,2r1r1k1/pp2bp1p/4p1p1/q2pP1BQ/3P4/P5R1/1PP3PP/2R3K1 b - - 3 19,g6h5 g5e7 g8h8 e7f6,1987,78,95,17134,discoveredAttack discoveredCheck kingsideAttack mate mateIn2 middlegame morphysMate short,https://lichess.org/IRtHlA4s/black#38,Scandinavian_Defense Scandinavian_Defense_Mieses-Kotroc_Variation
PF1YL,5rk1/r2pbppp/p3q3/1Pp5/1n6/N1Q3B1/PP2BPbP/R3K1R1 b Q - 1 19,g2b7 c3g7 g8g7 g3e5 g7h6 e5g7,2052,74,93,6915,attraction discoveredCheck doubleCheck kingsideAttack long mate mateIn3 middlegame morphysMate sacrifice,https://lichess.org/h0Z4cqF3/black#38,Scotch_Game Scotch_Game_Other_variations
PJuCZ,r1b2rk1/ppp2ppp/4p3/7q/2Pn4/3B2B1/PQ3P1P/1K4R1 b - - 1 22,d4f3 b2g7 g8g7 g3e5 g7h6 e5g7,1978,92,81,49,attraction discoveredCheck doubleCheck kingsideAttack long mate mateIn3 middlegame morphysMate sacrifice,https://lichess.org/nfptQaUz/black#44,
PMC0A,3r4/3P4/1p2kpp1/pBb5/5PP1/5K2/8/3R4 b - - 5 39,c5e7 b5c4,1986,168,81,96,endgame mate mateIn1 morphysMate oneMove,https://lichess.org/yHV1XNix/black#78,
PXpQY,r1b1kb1r/pp1q1ppp/8/2pNP2n/Q7/4B3/PPP2PPP/2KR1B1R b kq - 1 11,d7a4 d5c7 e8e7 e3c5,1918,77,74,170,fork mate mateIn2 morphysMate opening short,https://lichess.org/0ADSkvKW/black#22,Scotch_Game Scotch_Game_Other_variations
PkDf9,2k5/3b1p1R/p7/2pN4/2PbPP2/6P1/r6P/2R1K3 w - - 1 33,h7f7 d4f2 e1d1 d7g4,1903,80,87,73,endgame mate mateIn2 morphysMate short,https://lichess.org/XSBbNs5R#65,
PpbhL,6rk/1b2rp1p/p4P2/1p5B/2n5/1N6/PPP3PP/R4RK1 w - - 0 24,f6e7 g8g2 g1h1 g2g4 f1f3 b7f3,2127,85,91,418,discoveredAttack discoveredCheck long mate mateIn3 middlegame morphysMate,https://lichess.org/U7r17pex#47,
PsBku,2kr3r/pp1n1ppp/2pBpb2/8/8/1RqB1Q1P/2P1K1P1/7R b - - 7 19,c3d4 f3c6 b7c6 d3a6,2012,76,95,11056,mate mateIn2 middlegame morphysMate queensideAttack sacrifice short,https://lichess.org/m7oD4ug6/black#38,Caro-Kann_Defense Caro-Kann_Defense_Rasa-Studier_Gambit
PsQzC,4r1k1/pp4p1/2bB3p/2PR1p2/4r2b/1BP2K2/PP3P1P/7R w - - 1 23,d5f5 e4c4 f5d5 c6d5,2190,86,91,953,discoveredAttack discoveredCheck mate mateIn2 middlegame morphysMate short,https://lichess.org/gHMA8zlP#45,
PyTSP,3k2r1/5p1p/p3pp2/8/5qb1/2N3P1/PPP2P1P/R3R1K1 w - - 0 20,g3f4 g4e2 g1h1 e2f3,1975,76,95,9897,discoveredAttack discoveredCheck endgame mate mateIn2 morphysMate short,https://lichess.org/bAm3HuDr#39,
Pz7sy,NR6/5pkp/p1bp2p1/8/3br3/q6P/2P1B1P1/3Q1R1K w - - 3 26,a8c7 a3h3 g2h3 e4e2 c7d5 c6d5 f1f3 d5f3,1993,76,82,185,discoveredAttack discoveredCheck mate mateIn4 middlegame morphysMate sacrifice veryLong,https://lichess.org/s7umVtlJ#51,
Q8Nng,3r1rk1/p6p/1bp3pP/4p3/4P3/1PB5/P3B1P1/R3K2R w KQ - 1 32,c3e5 b6a5 b3b4 a5b4 e5c3 b4c3,1986,79,94,12377,exposedKing long mate mateIn3 middlegame morphysMate,https://lichess.org/UuokSGKA#63,
QCBWK,8/pp1P2pk/8/2pQ1b2/8/2P3Kp/PP4r1/8 w - - 3 39,g3h4 g7g5 h4h5 f5g6,2010,79,87,153,endgame mate mateIn2 morphysMate short,https://lichess.org/iC9lRGVR#77,
QElpN,4rk1r/1pp5/p2p3p/4n3/2B2R2/8/PPP4P/2K1R3 b - - 0 23,f8g7 e1g1 g7h7 f4f7 e5f7 c4d3 e8e4 d3e4,2141,79,85,140,endgame mate mateIn4 morphysMate sacrifice veryLong,https://lichess.org/YL3wrVMK/black#46,
QGwUk,4R3/4Bp1p/6k1/3P1p2/8/5BPP/2pb1PK1/r7 b - - 3 43,c2c1q e8g8 g6h6 e7f8,2022,81,92,307,endgame mate mateIn2 morphysMate short,https://lichess.org/SUf6A9tO/black#86,
QIICh,4r1k1/2pq2pp/1pB5/8/Q7/2NPb1Pb/PPP2r1P/R3R2K w - - 1 21,c6d7 h3g2 h1g1 f2e2,1914,83,71,56,discoveredAttack discoveredCheck kingsideAttack mate mateIn2 middlegame morphysMate short,https://lichess.org/MYJXFFsI#41,
QIZoA,rn2kb1r/1b3ppp/2Q1pn2/1N2p3/5P2/2N1B3/PPP3PP/2KR3R b kq - 0 13,b7c6 b5c7 e8e7 e3c5,1925,127,77,41,fork mate mateIn2 middlegame morphysMate short,https://lichess.org/99AM3lFX/black#26,Sicilian_Defense Sicilian_Defense_Najdorf_Variation
QPjtf,3R4/6p1/2r1bp2/P3k2P/1n2N1P1/4BPK1/2p5/8 b - - 1 47,c2c1q e3d4,2069,83,92,6608,mate mateIn1 middlegame morphysMate oneMove,https://lichess.org/KYhiLzPi/black#94,
QYnAE,8/3QR1pk/p1pB1p1p/3p1P1b/3P4/2P1b3/P1r4P/6K1 w - - 6 41,g1f1 c2c1 f1g2 c1g1 g2h3 h5g4 h3h4 e3g5,2038,76,94,10638,endgame exposedKing mate mateIn4 morphysMate veryLong,https://lichess.org/CiUfraA0#81,
QcGIu,r3r1kb/pb1n1p1n/1p4p1/1Np5/3p2P1/1P2P1qN/PBQPBR2/R2K4 b - - 5 23,d4e3 c2g6 f7g6 e2c4 b7d5 c4d5 e8e6 d5e6,2119,78,90,211,fork mate mateIn4 middlegame morphysMate sacrifice veryLong,https://lichess.org/PKmVeO2z/black#46,
QolmY,6k1/1Q2pp1p/6pB/3Pbb2/8/2q4P/r5P1/3R1R1K w - - 0 26,b7e7 c3h3 g2h3 f5e4 f1f3 e4f3 h1g1 e5h2 g1f1 f3g2 f1e1 h2g3,1957,76,92,750,fork mate mateIn5 middlegame morphysMate sacrifice veryLong,https://lichess.org/4ga5uBXY#51,
Qs86f,5rk1/6pp/1P1qp1r1/P1Np3b/2pP4/2N3Q1/5PnP/2R2RK1 w - - 2 29,g3d6 g2f4 g1h1 h5f3,1952,102,87,62,discoveredAttack discoveredCheck kingsideAttack mate mateIn2 middlegame morphysMate short,https://lichess.org/QOIneWeZ#57,
Qv9bY,r4rk1/p1p2ppn/1p2pq2/3P4/2P5/2B2QR1/PP3P2/2K3R1 b - - 0 25,f6f3 g3g7 g8h8 g7g8,1940,78,93,2473,discoveredCheck doubleCheck kingsideAttack master mate mateIn2 middlegame morphysMate pillsburysMate short,https://lichess.org/jNjtJ2Su/black#50,
R1kR2,7k/3R3p/6p1/3N4/5PK1/1r5P/5b2/8 w - - 5 39,d5f6 b3g3 g4h4 g3g2,1964,77,89,1457,discoveredAttack discoveredCheck endgame mate mateIn2 morphysMate short,https://lichess.org/3G8bIb53#77,
RE9MV,4R3/pR3pkp/6p1/8/2B2P1n/P1b4P/3r3K/8 w - - 2 35,h2g3 d2g2 g3h4 c3f6,1951,81,88,474,endgame mate mateIn2 morphysMate sacrifice short,https://lichess.org/2QsM0qMT#69,
RNbU9,2r3k1/p6p/6pB/2bq4/2P5/3p2Pb/PP3r1P/R2QR2K w - - 0 22,c4d5 h3g2 h1g1 f2e2 h6e3 c5e3,1909,75,91,191,discoveredAttack discoveredCheck long mate mateIn3 middlegame morphysMate,https://lichess.org/G7z73oV4#43,
RPbGI,6B1/4R2p/7k/2p3p1/2Pb1PK1/3b4/1n6/8 b - - 1 47,d3c4 f4g5 h6g6 g8h7,2035,75,93,2340,endgame mate mateIn2 morphysMate short,https://lichess.org/Qi1PZHkO/black#94,
RquLK,4r1k1/pqp5/1p1p2Np/1P6/P1P3Q1/2bPB1P1/R7/5K2 w - - 0 29,e3h6 b7h1 f1f2 c3e1,2114,77,92,508,fork mate mateIn2 middlegame morphysMate short,https://lichess.org/ZfItHS69#57,
RskC0,6rk/pb3B1p/1p5R/5N2/5p1P/2P4K/PP3p2/5Rr1 w - - 2 34,f1f2 g1h1 f2h2 b7g2,1973,78,89,299,mate mateIn2 middlegame morphysMate short,https://lichess.org/V9YXLU4g#67,
RuIGW,2kr3r/pp1n1ppb/2p1p2p/3n3P/2BP4/2q1NQB1/P1P1KPP1/1R5R b - - 1 19,d5e3 f3c6 b7c6 c4a6,2003,77,78,269,mate mateIn2 middlegame morphysMate queensideAttack sacrifice short,https://lichess.org/2lxHcnqs/black#38,
S2Ie3,3k1r2/Q1p3pp/1pB1p3/2b5/6r1/8/PPP3Pq/R6K w - - 0 23,h1h2 g4h4 h2g3 c5f2,2175,80,95,10969,endgame mate mateIn2 morphysMate short,https://lichess.org/SXBNQlfB#45,
SANQj,4r1k1/1pp3pp/p2b4/3P1K2/4p2N/6rP/P4RP1/R2QB3 w - - 4 33,f2f3 g7g6 h4g6 h7g6 f5f6 d6e5,2144,79,92,3002,long mate mateIn3 middlegame morphysMate,https://lichess.org/bAz1jpzg#65,
SC1qh,2r2rk1/pp1bbpp1/1q2pn1p/8/7R/2BBP1Q1/PP3PPP/2R3K1 b - - 3 20,e7d6 g3g7 g8g7 h4g4 g7h8 c3f6,2091,94,92,143313,attraction deflection kingsideAttack long mate mateIn3 middlegame morphysMate pin sacrifice,https://lichess.org/isjAu9CX/black#40,
SGPtA,8/1p2bp1k/6pP/p2pp3/1P1nQ3/4B2R/2r5/3RKB2 w - - 0 34,e4e5 e7h4 e3f2 h4f2,2012,84,92,3454,attackingF2F7 mate mateIn2 middlegame morphysMate short,https://lichess.org/z8fJGEWy#67,
SI3hC,6rk/ppp4p/2q2pb1/8/7Q/1P1P4/P1P2PPP/2R2RK1 w - - 3 24,a2a4 c6g2 g1g2 g6e4 g2h3 e4g2,2153,76,95,173,attraction discoveredCheck doubleCheck endgame kingsideAttack long mate mateIn3 morphysMate sacrifice,https://lichess.org/RPEi0F1L#47,
SKYSH,8/p7/p1bP3R/5k2/5p2/P3n2N/1r5P/3R2K1 w - - 2 34,d6d7 b2g2 g1h1 g2g6 d1d5 c6d5,2163,76,94,8844,discoveredAttack discoveredCheck endgame long mate mateIn3 morphysMate,https://lichess.org/pWxlAP7M#67,
SVBq5,8/pbb1R3/1k1P4/1p5Q/3P4/P7/1P4rP/R6K w - - 0 29,d6c7 g2g5 d4d5 b7d5 e7e4 d5e4 h5f3 e4f3,1982,75,93,699,discoveredAttack discoveredCheck endgame mate mateIn4 morphysMate veryLong,https://lichess.org/8DcJetLO#57,
SYojU,4Qbk1/5p1p/rq1p2p1/1N6/b1P2P2/r5PP/P5BK/B3R3 b - - 0 35,a4b5 e8f7 g8f7 g2d5,2161,80,88,387,attraction kingsideAttack mate mateIn2 middlegame morphysMate sacrifice short,https://lichess.org/4qdEy6zO/black#70,
SmOQT,R7/3P1pk1/2N3p1/4P3/6K1/4bP1P/1r6/8 w - - 3 42,d7d8q b2g2 g4h4 e3f2,1969,78,93,3089,endgame mate mateIn2 morphysMate short,https://lichess.org/px8MUJdu#83,
Sshhe,r3q1kr/ppp3bp/6n1/5bP1/2p5/B7/P2NB1PP/2Q2RK1 b - - 13 22,f5d3 c1c4 d3c4 e2c4 e8e6 c4e6,1927,76,82,117,kingsideAttack long mate mateIn3 middlegame morphysMate sacrifice xRayAttack,https://lichess.org/g2zwjQgM/black#44,
SwZfI,2kr4/pp1n1p2/2p1p1p1/q7/2Bb4/2P2QB1/P1P2PP1/1R3K2 b - - 1 19,a5c3 f3c6 b7c6 c4a6,1993,79,88,482,master mate mateIn2 middlegame morphysMate queensideAttack sacrifice short,https://lichess.org/KCCu2ryp/black#38,
T7obk,1k2r3/1qp3rp/6b1/p7/Pp5Q/1B2p3/1P1N2PP/2R1R1K1 w - - 0 28,d2f1 b7g2 g1g2 g6e4 g2h3 e4g2,1948,81,92,3024,attraction discoveredCheck doubleCheck kingsideAttack long mate mateIn3 middlegame morphysMate sacrifice,https://lichess.org/YuvHzgTK#55,
TCYEd,5r1k/pp4pp/8/4B2B/1P1PbP2/P3P3/2r3PP/R4RK1 w - - 1 24,a1c1 c2g2 g1h1 g2g4 f1f3 e4f3,2125,75,93,7672,discoveredAttack discoveredCheck kingsideAttack long mate mateIn3 middlegame morphysMate,https://lichess.org/KKcwhT76#47,
TJMWm,3r1rk1/5ppp/2b2Q2/p7/3B3R/q2B1P2/2P3PP/5RK1 b - - 0 25,g7f6 h4g4 g8h8 d4f6,1970,78,94,4275,intermezzo mate mateIn2 middlegame morphysMate short,https://lichess.org/rWmQQAGT/black#50,
TMJ1R,r1b2rk1/pp1p1pp1/4p2p/8/n6B/P2B1P2/2PK1P1P/R5R1 b - - 5 17,d7d5 g1g7 g8g7 a1g1 g7h8 h4f6,2041,81,84,257,attraction exposedKing kingsideAttack long mate mateIn3 middlegame morphysMate sacrifice,https://lichess.org/ba9nQZ90/black#34,Sicilian_Defense Sicilian_Defense_Smith-Morra_Gambit
TQWug,r1b2rk1/pp1p1ppp/2n1p3/8/2P5/1P4B1/PQ1KBPqP/R5R1 b - - 5 16,g2e4 b2g7 g8g7 g3e5 g7h6 e5g7,1968,76,89,342,attraction discoveredCheck doubleCheck kingsideAttack long mate mateIn3 middlegame morphysMate sacrifice,https://lichess.org/JAHKldep/black#32,Indian_Defense Indian_Defense_Other_variations
TRq7c,r5k1/ppp1Bpp1/5qp1/1B1P3r/P3QPb1/4PnP1/5K2/1RR5 w - - 2 28,e7f6 h5h2 f2f1 g4h3,2094,77,95,11554,mate mateIn2 middlegame morphysMate short,https://lichess.org/jKjh23iE#55,
TWKxu,1rb5/4kp1p/KP3p2/8/1PNR4/2N3P1/7P/8 w - - 3 44,a6a5 b8a8 a5b5 c8a6 b5c6 a8c8 c6d5 a6b7,2060,78,95,1527,endgame mate mateIn4 morphysMate veryLong,https://lichess.org/vDjQ7qK4#87,
TXUK7,6k1/p2nrR2/1p2p2B/3bP2B/3P4/8/PPr3PP/5RK1 w - - 7 27,f7e7 c2g2 g1h1 g2g4 f1f3 d5f3,2048,75,85,707,discoveredAttack discoveredCheck long mate mateIn3 middlegame morphysMate,https://lichess.org/XL9b6KL9#53,
TcudH,5rk1/N2R4/7p/8/6P1/2Bb3P/8/2n3K1 w - - 5 43,c3b2 c1e2 g1h2 f8f2 h2h1 d3e4,1922,97,50,32,endgame exposedKing long mate mateIn3 morphysMate,https://lichess.org/ujwf58gE#85,
TenRf,2k5/1pp4p/8/p4N2/P2N2P1/2P3bP/4rr2/3R1K1R w - - 5 33,f1g1 f2g2 g1f1 e2f2 f1e1 f2f5,1971,75,92,115,discoveredAttack discoveredCheck exposedKing long mate mateIn3 middlegame morphysMate,https://lichess.org/BbmsjoK5#65,
TgreS,r7/3R3p/5k2/5p2/1pB5/1Pr1b1P1/7P/3R3K b - - 9 34,a8a2 d1d6 f6g5 d7g7 g5h5 c4f7,1982,76,87,115,endgame long mate mateIn3 morphysMate,https://lichess.org/prMlfw9n/black#68,
TlPId,6R1/1Npk2p1/p1p5/6B1/3P1bb1/2Prn3/PP4K1/R7 w - - 1 30,g2f2 d3d2 f2g1 f4h2 g1h1 g4f3,1900,79,92,1754,exposedKing long mate mateIn3 middlegame morphysMate,https://lichess.org/PsQQO3Yk#59,
U2yLZ,4rk2/R4p2/1p3Pr1/3b3p/1P1B1K2/4P3/1P5P/2R5 w - - 0 33,c1c7 g6g4 f4f5 d5e4,2021,81,90,1042,endgame mate mateIn2 morphysMate short,https://lichess.org/u9PfCa7W#65,
U7OyH,2r2rk1/1b3pp1/pq2p2p/1p1nP3/1b1RN2B/2P1P3/2Q1BPPP/5RK1 b - - 0 19,d5c3 e4f6 g7f6 d4g4 g8h8 h4f6,2104,77,93,1930,clearance fork intermezzo long mate mateIn3 middlegame morphysMate sacrifice,https://lichess.org/jnPywUFu/black#38,
UAVow,r4kr1/pp1q1p2/2pb1p1p/3b4/3P4/1P1B1N1P/P4PP1/R2QR2K w - - 1 18,d1d2 d7h3 g2h3 d5f3,1983,78,91,498,deflection kingsideAttack mate mateIn2 middlegame morphysMate sacrifice short,https://lichess.org/AEJ5lO6u#35,Queens_Gambit_Declined Queens_Gambit_Declined_Exchange_Variation
UGWQ9,r2q4/7p/b1n1B2k/4r3/pbN5/2p5/1P2pB1P/R1Q1K1R1 b Q - 1 26,h6h5 e6f7,1931,84,90,461,mate mateIn1 middlegame morphysMate oneMove,https://lichess.org/qXE6tD5g/black#52,
UXrvL,3B4/1p6/6R1/2kpp3/3bn3/1P1B4/5PK1/2r5 b - - 2 48,e4f2 d8e7,2014,82,91,745,endgame master mate mateIn1 morphysMate oneMove,https://lichess.org/GeBEmvDn/black#96,
Udiqy,6r1/p4p1k/4pq1p/2PpQp2/3Pb3/B3P2R/6PP/5RK1 w - - 6 29,e5f6 g8g2 g1h1 g2g3 f1f3 e4f3,2069,75,95,1405,discoveredAttack discoveredCheck endgame long mate mateIn3 morphysMate,https://lichess.org/TlLUtugZ#57,
Uev3m,k7/p1b4p/2P3r1/2P5/4p3/P2B1b2/5B1K/R3R3 w - - 0 33,h2h3 f3g2 h3h4 c7d8 h4h5 g2f3,2066,81,91,1674,exposedKing long mate mateIn3 middlegame morphysMate,https://lichess.org/Sjxf4LJM#65,
Uisiy,r3r1k1/pp1n1pp1/2pb1B1p/3b4/P1p2q2/2N5/1PQN1PPP/R2R1BK1 w - - 1 18,g2g3 f4f2 g1f2 d6c5 f6d4 c5d4,2086,82,85,164,attraction kingsideAttack long mate mateIn3 middlegame morphysMate sacrifice,https://lichess.org/SfW27biC#35,Slav_Defense Slav_Defense_Other_variations
UuXRC,r2bqr2/p4bkp/2pp1ppQ/4n3/2PNPR2/1P4R1/PB4PP/1B4K1 b - - 8 25,g7h6 d4f5 g6f5 f4h4 f7h5 b2c1 f5f4 c1f4,2189,75,96,2163,master mate mateIn4 middlegame morphysMate sacrifice veryLong,https://lichess.org/ggh0qRGu/black#50,
VES60,2kr3r/pp1n1ppp/2pBpn2/8/2B5/P2P1Q1P/1qP2PP1/1R3RK1 b - - 2 15,b2d4 f3c6 b7c6 c4a6,1959,79,92,1725,mate mateIn2 middlegame morphysMate queensideAttack sacrifice short,https://lichess.org/U4OwpCF6/black#30,Scandinavian_Defense Scandinavian_Defense_Mieses-Kotroc_Variation
VHP5H,5r1k/6b1/6Qp/p6P/P2r4/2p5/2P3P1/4R2K w - - 1 42,e1e7 d4h4 h1g1 g7d4 e7e3 d4e3,1920,74,95,7415,endgame long mate mateIn3 morphysMate,https://lichess.org/71mzB8Ll#83,
VSUDB,1q4k1/5pbp/p2Pp1p1/1pBb4/1P6/P2B2Q1/r4n1P/3RR1K1 w - - 0 32,d6d7 b8g3 h2g3 f2h3 g1f1 d5g2,2190,79,95,11566,kingsideAttack long mate mateIn3 middlegame morphysMate,https://lichess.org/Oxp9CjgY#63,
VWh9l,7k/1R4b1/8/3r1ppp/8/4PKB1/2r2PPP/1R6 w - - 0 35,h2h3 g5g4 h3g4 h5g4 f3f4 g7h6,1932,76,96,5087,endgame long mate mateIn3 morphysMate,https://lichess.org/O3Rh99VY#69,
W0W89,r1q1kb1r/pp2pp1p/2b2np1/4Q3/8/2N1BN2/PPP2PPP/2KRR3 b kq - 2 13,f8g7 e5e7 e8e7 e3c5,2006,77,94,2257,attraction discoveredCheck doubleCheck mate mateIn2 middlegame morphysMate pillsburysMate sacrifice short,https://lichess.org/b8mbqbP9/black#26,Sicilian_Defense Sicilian_Defense_Closed
W5CVR,2kr3r/pp1n1ppp/2pBpn2/8/3P4/3B1Q1P/PqP2PP1/1R3RK1 b - - 1 15,b2d4 f3c6 b7c6 d3a6,2074,76,94,2091,mate mateIn2 middlegame morphysMate queensideAttack sacrifice short,https://lichess.org/SEa02Bqm/black#30,Scandinavian_Defense Scandinavian_Defense_Main_Line
W7AUx,1r3rk1/p4pp1/3bp2p/1qp5/5P1B/1PQ1PR2/1PB3P1/7K b - - 4 27,b5e2 c3g7 g8g7 f3g3 e2g4 g3g4 g7h8 h4f6,2131,82,91,799,attraction kingsideAttack mate mateIn4 middlegame morphysMate sacrifice veryLong,https://lichess.org/YPoJUsi9/black#54,
W7NQG,r6k/pp1b1p1p/5p2/2PpPq2/8/2B3R1/P3QPPP/6K1 b - - 0 32,f6e5 e2e5 f5e5 c3e5 f7f6 e5f6,2009,86,65,36,endgame long mate mateIn3 morphysMate,https://lichess.org/iVilDFEy/black#64,
WWe2Z,8/6k1/6p1/1R1N1b2/7K/Pp6/1P6/6r1 w - - 8 48,d5e3 g6g5 h4h5 f5g6,2014,78,92,2069,endgame mate mateIn2 morphysMate short,https://lichess.org/UN2y9Uv8#95,
WZZhA,1k6/pp2Bp1p/2b1p3/8/8/2Q1P3/PP4rP/R4R1K w - - 2 21,c3h8 g2g8 e3e4 c6e4 f1f3 e4f3,1988,77,90,432,discoveredAttack discoveredCheck endgame long mate mateIn3 morphysMate,https://lichess.org/Uqpz8EjG#41,
Wkd1K,4r1k1/pR5p/6p1/1P3p2/1R1b4/3P1KPB/2n1P2P/8 w - - 3 28,b4c4 c2e1 f3f4 d4e3,1959,75,96,16617,endgame exposedKing mate mateIn2 morphysMate short,https://lichess.org/WIJ271ZM#55,
WlpyW,6R1/2r3kp/1pq2bpN/p2R4/6P1/P1B4P/1P3P2/6K1 b - - 2 34,g7h6 d5h5 g6h5 c3d2 f6g5 d2g5,2185,86,86,166,endgame long mate mateIn3 morphysMate sacrifice,https://lichess.org/XYR70wDU/black#68,
WnHfh,r3r1k1/1p3p1p/p7/P2P2B1/8/4pPRb/1P6/5R1K b - - 1 32,h3f1 g5e7 g8h8 e7f6,2147,86,90,1278,discoveredAttack discoveredCheck endgame master mate mateIn2 morphysMate short,https://lichess.org/N40AQ7aa/black#64,
Wqv3Z,5rk1/2p1b1pp/8/5p2/4B3/2P1qP1Q/rP1N3P/2KR3R w - - 0 18,e4b1 e3c3 b2c3 e7a3,1992,75,99,1511,mate mateIn2 middlegame morphysMate queensideAttack sacrifice short,https://lichess.org/EntjwVgX#35,Danish_Gambit_Declined Danish_Gambit_Declined_Sorensen_Defense
WvIuY,4r2k/6Rp/p3N1p1/1p1p1b2/3B4/3n4/P6P/5K2 b - - 7 37,f5e6 g7g6 d3e5 d4e5,2010,89,83,106,discoveredAttack discoveredCheck endgame mate mateIn2 morphysMate short,https://lichess.org/7L15gLmh/black#74,
Ww4IM,8/1P5p/6pk/6r1/8/4PbQq/P1P2P1P/R4RK1 w - - 1 27,b7b8q h3g2 g3g2 g5g2 g1h1 g2g4,2036,74,94,10759,discoveredAttack discoveredCheck long mate mateIn3 middlegame morphysMate xRayAttack,https://lichess.org/aCy9Au7q#53,
X1A30,5rk1/p1p2ppp/2Bbp3/3p2q1/3P4/2PbP1P1/Pr1N1PP1/RN1QK2R w KQ - 4 14,d2f3 g5e3 f2e3 d6g3,2122,82,84,220,deflection mate mateIn2 middlegame morphysMate sacrifice short,https://lichess.org/kWf1Uvtk#27,Queens_Pawn_Game Queens_Pawn_Game_Accelerated_London_System
XBZQG,3r3r/pk3p2/4b2p/3pq3/Q4p2/2P5/P3B1PP/1R4K1 b - - 1 22,b7c8 a4c6 e5c7 e2a6,1964,79,95,15345,mate mateIn2 middlegame morphysMate queensideAttack short,https://lichess.org/Osc9LQ1y/black#44,
XBrOF,6k1/5p2/7p/1PN3p1/PR2P3/2p2PK1/2Pr2PP/5b2 w - - 5 40,b5b6 d2g2 g3h3 g2g1,1931,80,65,134,discoveredAttack discoveredCheck endgame mate mateIn2 morphysMate short,https://lichess.org/EIazGOpE#79,
XQlky,r7/pp1bq2n/2p4k/2PpBPb1/3P3Q/2NBP3/PP1K4/6R1 b - - 0 27,g5h4 g1g6 h6h5 d3e2,1987,142,33,24,mate mateIn2 middlegame morphysMate short,https://lichess.org/WvUI6oK7/black#54,
XRWAO,4r3/Qp4k1/2b3np/4Pp2/2P2P2/8/PP1rB1PP/R4RK1 w - - 1 23,e2h5 d2g2 g1h1 g2g4 f1f3 c6f3,2132,81,91,777,discoveredAttack discoveredCheck kingsideAttack long mate mateIn3 middlegame morphysMate,https://lichess.org/nIayLoBQ#45,
XT2Ua,3r4/pbqr1kpp/4R3/3nR3/1Q6/1B6/PPP2PPP/6K1 b - - 6 22,d5b4 e5f5 f7g8 e6e8,2051,79,63,116,discoveredCheck doubleCheck mate mateIn2 middlegame morphysMate pillsburysMate short,https://lichess.org/UKm0o732/black#44,
XY1DQ,7r/2R4p/5nqn/1B6/P2kbB2/2P5/6PP/1R4K1 b - - 0 29,d4d5 b5c4,2101,82,84,857,mate mateIn1 middlegame morphysMate oneMove,https://lichess.org/K4HDCrfj/black#58,
XgKTY,r4rk1/ppp2ppp/8/8/5q1n/2B4P/PP3PR1/6RK b - - 5 27,h4f3 g2g7 g8h8 g7g8,1925,80,88,424,discoveredCheck doubleCheck mate mateIn2 middlegame morphysMate pillsburysMate short,https://lichess.org/sfHBsuMG/black#54,
XpzC8,2r1kbnr/pQ1b1ppp/8/3Npq2/8/4B3/PP3PPP/3RK1NR b Kk - 4 14,g8f6 b7c8 d7c8 d5c7 e8e7 e3c5,2089,83,91,211,long mate mateIn3 morphysMate opening sacrifice,https://lichess.org/7msy31an/black#28,Caro-Kann_Defense Caro-Kann_Defense_Panov_Attack
XsimM,8/p1k1b3/3p1nrN/2p3B1/2Pnb2Q/NP6/P5PP/R4RK1 w - - 0 25,g5f6 g6g2 g1h1 g2g4 f1f3 e4f3,1950,77,73,131,discoveredAttack discoveredCheck kingsideAttack long mate mateIn3 middlegame morphysMate,https://lichess.org/PsEr1SUM#49,
Y1RYi,2r3k1/1b1qp3/p3P1p1/2n3Np/3b4/1PN5/1PB2rPP/R1BR3K w - - 0 27,e6d7 b7g2 h1g1 f2d2,1988,75,93,640,discoveredAttack discoveredCheck kingsideAttack mate mateIn2 middlegame morphysMate short,https://lichess.org/rI7CnMZk#53,
Y4yxH,r3kb1r/1b2pppp/p7/3q4/P2Rn3/2B5/NP2QPPP/4KB1R b Kkq - 0 17,d5a2 e2b5 a6b5 f1b5 b7c6 b5c6,1984,76,89,324,long mate mateIn3 middlegame morphysMate sacrifice,https://lichess.org/jAygsbEd/black#34,St_George_Defense St_George_Defense_Other_variations
Y7dqA,4rrk1/p2N1ppp/3b1q2/8/7R/1P2P1Q1/1BP3PP/6K1 b - - 1 25,d6g3 d7f6 g7f6 h4g4 g8h8 b2f6,1901,75,87,143,fork intermezzo long mate mateIn3 middlegame morphysMate,https://lichess.org/NnsPJk2T/black#50,
YB0jq,6k1/3Qbppp/2p4q/2Pp4/3P4/2Nb3P/Pr3PB1/R3K2R w KQ - 0 21,a1d1 h6e3 f2e3 e7h4,2160,79,91,1532,master mate mateIn2 middlegame morphysMate sacrifice short,https://lichess.org/VQQVcuGa#41,
YBAW3,5kbr/N4n1p/1pB1N1p1/p1b1B3/P1P2P2/1PK5/5r2/3R4 b - - 3 33,f8e7 a7c8 e7e6 c6d7,2086,80,83,174,mate mateIn2 middlegame morphysMate sacrifice short,https://lichess.org/qzlbT69S/black#66,
YCZQl,8/p5bk/2Q3pp/1P6/4q1K1/P5PP/5r2/8 w - - 0 40,c6e4 h6h5 g4g5 g7f6,1906,79,87,136,endgame mate mateIn2 morphysMate short,https://lichess.org/FP6EjPh4#79,
YWOP0,5B2/1p3p2/3R2pr/p2R2k1/Pn2P2p/1q3P2/1P4PP/K7 b - - 4 29,g5f4 f8h6 g6g5 h6g5,1929,94,66,110,endgame hangingPiece mate mateIn2 morphysMate short,https://lichess.org/MYM7jak8/black#58,
YWj1K,4k3/5p2/pBp5/8/1P2Pnb1/P7/r6P/2R1R2K w - - 3 27,c1c6 g4f3 h1g1 f4h3 g1f1 f3g2,2021,75,81,89,endgame long mate mateIn3 morphysMate,https://lichess.org/hnvgY9Cq#53,
YZIN2,2r1n2r/1bq2pk1/p3pRQp/1p1pP1p1/3P2P1/2P4P/PP1N2K1/1B3R2 b - - 3 29,f7g6 f6g6 g7h7 g6g5,1923,87,84,65,discoveredAttack discoveredCheck mate mateIn2 middlegame morphysMate short,https://lichess.org/r3SP9zUc/black#58,
YhNjP,r3rnk1/ppp2p1p/6Pb/8/4Nq2/2PB1b2/PPQN1P2/2K3RR b - - 0 19,f3h1 g6h7 g8h8 g1g8 h8h7 e4f6,2015,122,66,26,advancedPawn cornerMate discoveredCheck doubleCheck kingsideAttack long mate mateIn3 middlegame morphysMate,https://lichess.org/i68ncvZX/black#38,
Ys6T3,r4rk1/pp3ppp/3NpB2/3p2R1/b7/2P2P2/P1qQ2PP/R5K1 b - - 0 22,c2d2 g5g7 g8h8 g7g3,1903,78,86,1138,discoveredAttack discoveredCheck kingsideAttack mate mateIn2 middlegame morphysMate short,https://lichess.org/deQE1wD7/black#44,
Z8lLn,r3qr2/pbpp1pR1/1p3B1k/4p2p/4PP2/2NB1nRP/PPP5/2K5 b - - 2 23,e5f4 g7h7 h6h7 e4e5 b7e4 d3e4 h7h6 f6g7,2069,75,96,2169,discoveredAttack discoveredCheck fork mate mateIn4 middlegame morphysMate sacrifice veryLong,https://lichess.org/y8oXCpoY/black#46,
ZH9bV,r5k1/1pb2pp1/2p3qp/2Ppr3/1P1Qb3/4PN1P/4BPP1/3R1R1K w - - 3 23,e2d3 g6g2 h1g2 e5g5 g2h1 e4f3,2073,75,94,1635,attraction deflection kingsideAttack long mate mateIn3 middlegame morphysMate pin sacrifice,https://lichess.org/twDmNOLW#45,
ZOZuA,r3rNk1/8/pB4pp/1b6/1PB5/q7/5RPP/6K1 b - - 1 27,g8g7 b6d4 e8e5 d4e5,2039,80,92,2268,mate mateIn2 middlegame morphysMate short,https://lichess.org/BKoqAPhR/black#54,
ZQJLU,r3n1rk/1pq2pp1/2p4p/p6P/2BP4/8/PPPQ1PR1/2K3R1 b - - 7 25,b7b5 d2h6 g7h6 g2g8 h8h7 c4d3 f7f5 d3f5,1962,79,94,13086,kingsideAttack mate mateIn4 middlegame morphysMate sacrifice veryLong,https://lichess.org/eRYdmxd3/black#50,
ZRb7P,r1bRRb1r/kpq3p1/p1p4p/8/PPQ5/3B4/2P3P1/5K2 b - - 0 26,b7b6 c4a6 c8a6 d8a8 a7b7 d3a6,2079,88,89,1033,long mate mateIn3 middlegame morphysMate sacrifice,https://lichess.org/YpMi5bYX/black#52,
Zdoo9,3r1r2/2R3R1/p4p1k/1p2p2p/5pPB/7P/bP3P2/6K1 b - g3 0 35,f8g8 g4g5 f6g5 h4g5,1916,81,86,722,endgame mate mateIn2 morphysMate short,https://lichess.org/foWJ404d/black#70,
ZkITa,8/5R1p/4rppk/p1B5/2n3PP/2P5/r4P2/6K1 b - - 0 29,c4e5 c5f8,1960,76,93,3519,endgame mate mateIn1 morphysMate oneMove,https://lichess.org/np3a1jte/black#58,
ZmwhF,r1b2rk1/p4ppp/1p2pB2/6R1/4q2Q/7P/PP3PP1/R5K1 b - - 0 20,e4h4 g5g7 g8h8 g7g5,2048,78,85,290,discoveredAttack discoveredCheck kingsideAttack mate mateIn2 middlegame morphysMate short,https://lichess.org/1DjA8uUC/black#40,
ZvqjR,6R1/8/4pB1k/p2pP3/3P1KP1/1p1b1P2/r7/8 b - - 0 41,d3h7 f6g5,1900,78,82,610,endgame master mate mateIn1 morphysMate oneMove,https://lichess.org/siWUaXra/black#82,
a2NdQ,1rb2Qk1/1q3pp1/pN2p2p/1p2P3/5b2/3R1P2/PP3BPP/3R2K1 b - - 0 26,g8f8 d3d8 f8e7 f2c5,1937,81,95,15541,mate mateIn2 middlegame morphysMate short,https://lichess.org/7qTWldTn/black#52,
a8tuG,7k/1Q4bp/1P4p1/8/8/3P1PK1/6rr/1B6 w - - 1 43,g3f4 h2h4 f4e3 g7d4,1974,84,92,4959,endgame mate mateIn2 morphysMate short,https://lichess.org/Tt3TTMnK#85,
aEH13,8/5B2/p6k/1pp2r2/4b3/6R1/P2BK3/7q b - - 2 49,h6h7 f7g8 h7h8 d2c3 f5f6 c3f6,2008,74,94,13283,endgame exposedKing long mate mateIn3 morphysMate,https://lichess.org/5f5bjwwU/black#98,
aEw3E,1k6/3b4/1P3P2/3PP3/p1r5/4R2p/2N2r1K/2R5 w - - 1 44,h2g3 f2g2 g3f3 d7g4,1902,80,87,1515,endgame mate mateIn2 morphysMate short,https://lichess.org/lBPVkoe1#87,
aHz5V,8/7p/1R1pk3/3r1pPB/4pP2/r1pb4/P2R1K1P/8 b - - 2 46,c3d2 b6b7 e4e3 f2g3 e3e2 h5f7,2075,74,94,7636,defensiveMove endgame long master mate mateIn3 morphysMate,https://lichess.org/mHEVgU03/black#92,
aKDEn,5r1k/R6p/6p1/3PB3/r4P2/8/3pp1PP/1b4K1 b - - 3 36,h8g8 a7g7 g8h8 g7g6 f8f6 e5f6,1924,75,86,494,discoveredAttack discoveredCheck endgame long mate mateIn3 morphysMate,https://lichess.org/6f1uQBsF/black#72,
aKGG2,r1b5/p2p2kp/4P3/4nr2/5n1B/2Q5/qP1N3P/2K3R1 b - - 2 24,g7h8 c3e5 f5e5 h4f6,1921,80,88,109,mate mateIn2 middlegame morphysMate sacrifice short,https://lichess.org/5a7sdFup/black#48,
aKfxx,4r3/3kPb2/p1pR4/PpB1K3/2p5/2P5/2P5/8 b - - 10 46,d7e7 d6d4,2076,81,91,1336,discoveredAttack discoveredCheck endgame master mate mateIn1 morphysMate oneMove,https://lichess.org/wqwPC2IE/black#92,
aOpyz,8/1R6/p5p1/3P1pk1/3P1bn1/2P5/PP2K1r1/R2Q4 w - - 5 32,e2f1 g4e3 f1e1 f4g3,1900,73,94,15948,endgame fork mate mateIn2 morphysMate short,https://lichess.org/thqHl9Ps#63,
aSJEx,8/1b3Q2/p3p1Nk/1p6/3p2P1/1P1Rb2P/P1r4K/8 w - - 1 53,h2g3 c2g2 g3h4 e3g5,1968,79,76,170,endgame master mate mateIn2 morphysMate short,https://lichess.org/ibjLaw6m#105,
aSjYL,4k1nr/1b1pbppp/p1r5/1p2N3/3B4/1B6/PP2QPqP/2R2RK1 w k - 0 18,g1g2 c6g6 g2h3 b7g2,1928,75,95,1510,discoveredCheck doubleCheck mate mateIn2 middlegame morphysMate short,https://lichess.org/2M6NARuJ#35,Sicilian_Defense Sicilian_Defense_Smith-Morra_Gambit_Accepted
aXHVl,r2q4/ppp4k/3p2pP/3P1R2/2PB3b/7B/PPK1b3/6R1 b - - 0 27,g6f5 h3f5 h7h6 d4g7 h6h5 f5g6,2030,74,96,3273,exposedKing long mate mateIn3 middlegame morphysMate,https://lichess.org/OwdFc5VQ/black#54,
aXgDA,4k3/p2r1p2/1p2p3/1bp1P1p1/4K1P1/2P1BR1r/PP2R3/8 w - - 2 29,f3h3 b5c6,1930,77,79,925,endgame master mate mateIn1 morphysMate oneMove,https://lichess.org/GLjFBZYX#57,
af19v,1r2r3/1p4R1/p2p1p1p/2nN3k/P1P5/KP6/1B6/8 b - - 0 34,f6f5 d5f4 h5h4 b2f6,2072,75,95,11499,endgame mate mateIn2 morphysMate short,https://lichess.org/Trvl5cdJ/black#68,
afij8,2r2rk1/1p3ppp/7q/4Q3/2b1PP2/P6R/1B4BP/n5K1 b - - 1 26,h6f6 e5f6 g7f6 h3g3 g8h8 b2f6,1953,76,94,1421,intermezzo long mate mateIn3 middlegame morphysMate,https://lichess.org/bvPVcDOv/black#52,
auaHw,1k6/1p6/p7/2p1b3/4Br1p/5P1P/PP5K/1R3R2 w - - 1 41,f1h1 f4g4 f3f4 e5f4,1947,82,93,550,discoveredAttack discoveredCheck endgame mate mateIn2 morphysMate short,https://lichess.org/rFyUwGSn#81,
bHxKh,r3r1k1/2p2p1p/1p1p4/2b3B1/p1b1P3/6R1/1R2BPPP/6K1 b - - 3 21,c4e2 g5e7 e2g4 g3g4 g8h8 e7f6,2140,82,65,83,discoveredAttack discoveredCheck long mate mateIn3 middlegame morphysMate,https://lichess.org/ORtnNFtW/black#42,
bODxD,8/8/7R/p3k2p/1b6/1B2KP2/P6r/8 b - - 1 48,h5h4 f3f4 e5f5 b3e6,2074,112,78,50,endgame mate mateIn2 morphysMate short,https://lichess.org/2grnWPkA/black#96,
bT3e3,3BB1b1/1R6/5k1p/p1p2pp1/P1P5/2bP2PP/3r4/5K2 b - - 10 47,f6e6 b7b6 e6e5 d8f6,2058,79,87,441,endgame master mate mateIn2 morphysMate short,https://lichess.org/Uf8cW6ec/black#94,
begit,6rk/pb2rp2/1p6/2p3BB/1PP5/P7/6PP/R4RK1 w - - 1 28,g5e7 g8g2 g1h1 g2g4 f1f3 b7f3,2009,76,94,525,discoveredAttack discoveredCheck endgame long mate mateIn3 morphysMate,https://lichess.org/nAE6KUJ0#55,
bfoNO,6r1/p3kp2/1p2p2p/1B2n2Q/P2B4/5b2/1qr2PPP/3R1RK1 w - - 0 29,d4b2 g8g2 g1h1 g2g4,1979,77,93,1247,discoveredAttack discoveredCheck kingsideAttack mate mateIn2 middlegame morphysMate short,https://lichess.org/IzTDyshF#57,
bnyTT,1r3rk1/3npp1R/p1p5/6N1/3P4/qP6/P1B5/1K4R1 b - - 2 30,f7f5 g5f7 g8h7 c2f5,2071,83,90,840,discoveredAttack discoveredCheck interference mate mateIn2 middlegame morphysMate sacrifice short,https://lichess.org/vWZbUJrn/black#60,
buiCz,4k3/p6p/2p3r1/N1p2p2/4pbb1/6P1/PPPR1P1P/6K1 w - - 0 22,g3f4 g4e2 g1h1 e2f3,2048,80,95,14867,discoveredAttack discoveredCheck endgame mate mateIn2 morphysMate short,https://lichess.org/WFWYpuLa#43,
c4Ga3,8/3p3k/p4p1p/1p1B1N2/7B/2r5/P1P1q2P/6RK b - - 3 28,c3c2 d5g8 h7h8 h4f6,1900,81,91,1327,endgame mate mateIn2 morphysMate short,https://lichess.org/5qVTZBsp/black#56,
cUal3,1r6/pp1R2pp/1kn1B3/8/2N2b2/2P5/P1K3PP/8 b - - 5 25,b6c5 d7d5 c5c4 d5f5,2048,76,85,126,discoveredAttack discoveredCheck endgame master mate mateIn2 morphysMate sacrifice short,https://lichess.org/ZJid25sL/black#50,
cVziN,r5k1/pp3pb1/2p2Np1/8/8/2B2n2/PPP1R3/1K6 b - - 1 24,g8f8 c3b4 c6c5 b4c5,1954,92,74,55,endgame master mate mateIn2 morphysMate short,https://lichess.org/p5at3W3a/black#48,
cavqu,5R2/6k1/2B3p1/3P1b2/7K/5P2/6r1/8 w - - 6 44,f8b8 g6g5 h4h5 f5g6,1952,123,73,58,endgame mate mateIn2 morphysMate short,https://lichess.org/E70hqiXC#87,
cdiHm,5BR1/1p1B3p/5p1k/4b1p1/8/6n1/r4PK1/8 b - - 1 45,h6h5 g2h3 g5g4 d7g4,2178,74,95,11082,endgame mate mateIn2 morphysMate short,https://lichess.org/OucMBuT3/black#90,
chiiW,2r5/5p2/p6R/3p1kp1/8/BP1pPPP1/P1bK4/8 b - - 2 30,c2b1 g3g4 f5e5 a3d6,2000,79,71,99,endgame mate mateIn2 morphysMate short,https://lichess.org/gtKvI91E/black#60,
cnLno,1r4k1/p4p2/1rpb2p1/q2p1p1p/3P3P/1PP1BP2/P1Q2P2/1K1R2R1 w - - 0 22,c2f5 b6b3 a2b3 b8b3 b1c1 a5c3 f5c2 d6a3,2198,77,92,2415,mate mateIn4 middlegame morphysMate queensideAttack sacrifice veryLong,https://lichess.org/XzOc9eHn#43,
cr8IS,8/3r2kp/6p1/2bP2K1/2N3P1/7P/8/3R4 w - - 2 49,h3h4 d7f7 h4h5 c5e7,1900,74,94,5230,endgame mate mateIn2 morphysMate quietMove short,https://lichess.org/R4FPVnTI#97,
cs0DL,r2q1r1k/pp3pp1/2n2n1p/2b5/7B/2PB1P2/P2QNP1P/2KR2R1 b - - 0 16,d8b6 d2h6 g7h6 h4f6,2055,75,95,3182,deflection kingsideAttack mate mateIn2 middlegame morphysMate sacrifice short,https://lichess.org/OioM6Eva/black#32,French_Defense French_Defense_Exchange_Variation
d5NEF,6k1/1p1Nbp1p/p4n1P/3p3q/3Q1Pp1/1P2P3/PBr5/4K1R1 b - - 5 28,h5h2 g1g4 g8h8 d4f6 e7f6 b2f6,2064,80,77,87,kingsideAttack long master mate mateIn3 middlegame morphysMate sacrifice,https://lichess.org/iNXeCdBp/black#56,
dEftP,3r1k2/7p/b1N5/4p1p1/2BbP3/5P2/r3K1PP/1RR5 w - - 0 29,e2e1 d4f2 e1f1 d8d1 c1d1 a6c4 d1d3 c4d3,2135,76,95,2636,deflection exposedKing mate mateIn4 middlegame morphysMate pin sacrifice veryLong,https://lichess.org/ugaSot9p#57,
dMuOu,r4kr1/1pN1bp1p/4p1b1/3p4/4qB2/4P3/PP3PPP/R2Q1RK1 w - - 4 20,c7a8 e4g2 g1g2 g6e4 g2h3 e4g2,2088,76,93,1558,attraction discoveredCheck doubleCheck kingsideAttack long mate mateIn3 middlegame morphysMate sacrifice,https://lichess.org/m07iEdrd#39,
dakQn,1r5r/R1Q3p1/2p1kp2/2b5/3P3p/3bP1P1/7P/6K1 w - - 1 32,d4c5 b8b1 g1g2 h4h3 g2f3 b1f1 f3g4 d3e2,1997,79,90,2031,endgame mate mateIn4 morphysMate veryLong,https://lichess.org/CtkTzgKB#63,
dbKTG,6k1/pR1R4/3p2p1/2p5/3b4/1P1Pn1PP/P7/2r1K3 w - - 6 32,e1d2 c1c2 d2e1 d4c3,1998,96,89,94,endgame mate mateIn2 morphysMate short,https://lichess.org/fBETYanz#63,
dcl1H,7k/3P2rn/1p5Q/pP2p3/P1B1b2P/5r1K/8/2R5 w - - 3 39,h3h2 f3f2 h2h3 e4f5,2174,79,86,152,master mate mateIn2 middlegame morphysMate short,https://lichess.org/MYflASrm#77,
dl9aS,2k3r1/p4p2/2p5/2p2p2/5bb1/2PP2P1/PP3P1P/R3R1K1 w - - 0 23,g3f4 g4e2 g1h1 e2f3,1998,75,97,2956,discoveredAttack discoveredCheck endgame mate mateIn2 morphysMate short,https://lichess.org/MrXQY4z5#45,
dtrNY,5r2/2q2P2/p5pk/1p1pn3/3BpR2/8/P1P2R2/7K b - - 1 47,e5f7 f4h4 h6g5 d4f6,1948,81,90,2471,endgame mate mateIn2 morphysMate short,https://lichess.org/6PmdtUbu/black#94,
e8tZM,2q2rk1/p4ppp/1p2p1b1/7B/8/1P4B1/PQ3P2/4K1R1 b - - 0 23,g6h5 b2g7 g8g7 g3e5 g7h6 e5f4,1936,79,84,181,attraction discoveredCheck doubleCheck endgame long mate mateIn3 morphysMate sacrifice,https://lichess.org/IDY6N8zh/black#46,
eHnA4,2rq1rk1/1p3ppp/p3pn2/3pB3/1b1P4/n1NR1Q1N/2P2PPP/2K1R3 b - - 1 18,d8b6 f3f6 g7f6 d3g3 g8h8 e5f6,2189,81,84,302,clearance kingsideAttack long mate mateIn3 middlegame morphysMate sacrifice,https://lichess.org/UOIK2juI/black#36,Caro-Kann_Defense Caro-Kann_Defense_Hillbilly_Attack
eSg4P,r3r1k1/pp3ppp/8/2q5/1b6/1QN3Pb/PP2BP1P/R2R2K1 w - - 4 18,e2f3 c5f2 g1f2 b4c5 d1d4 c5d4,1947,77,81,87,attraction kingsideAttack long mate mateIn3 middlegame morphysMate sacrifice,https://lichess.org/R7TYUmxa#35,Queens_Gambit_Declined Queens_Gambit_Declined_Queens_Knight_Variation
emRrv,6k1/N4ppp/1r6/3pPq2/3Pb3/Q4N2/PP3PPP/R4RK1 w - - 3 23,a3a5 f5f3 g2f3 b6g6 g1h1 e4f3,2146,72,94,8549,intermezzo kingsideAttack long mate mateIn3 middlegame morphysMate sacrifice,https://lichess.org/a2WjstLo#45,
etG7I,2b5/1p3r1Q/4pN1k/2Bpq3/1Pp5/6R1/6PK/8 b - - 1 34,f7h7 c5f8 h7g7 f8g7,1930,78,88,77,endgame mate mateIn2 morphysMate short,https://lichess.org/dJQbYPPh/black#68,
f9or0,6k1/1b4r1/p7/1p5Q/3p4/2B5/P5PP/1R3RK1 w - - 0 40,c3d4 g7g2 g1h1 g2g4 h5d5 b7d5 f1f3 d5f3,2195,79,86,142,discoveredAttack discoveredCheck endgame mate mateIn4 morphysMate veryLong,https://lichess.org/p3dH6lzk#79,
fAD7t,B5k1/p4ppp/3B1b2/2np3n/6P1/3b3P/1P1Nr3/2KR3R w - - 0 23,g4h5 c5b3 d2b3 f6b2,1988,80,94,13353,mate mateIn2 middlegame morphysMate queensideAttack sacrifice short,https://lichess.org/4g30Hkkk#45,
fHFKT,r1b1k2r/1p3pp1/p3p2p/8/1bP4B/4KN1q/P1B2P1P/3R2R1 b kq - 0 20,e8g8 g1g7 g8g7 d1g1 h3g2 g1g2 g7h8 h4f6,2020,77,90,573,attraction kingsideAttack mate mateIn4 middlegame morphysMate sacrifice veryLong,https://lichess.org/iJ5NpVGO/black#40,
fVrC3,r3r2k/pbBp1R1p/1p6/8/4P3/6RP/P1n2PP1/6K1 b - - 4 27,b7e4 f7f8 e8f8 c7e5 f8f6 e5f6,1949,74,96,9957,long mate mateIn3 middlegame morphysMate sacrifice,https://lichess.org/YBMdCEVG/black#54,
fYYpN,7k/5rp1/2P1b3/8/4B2K/1P2RP2/6r1/2R5 w - - 0 35,c6c7 f7f4 h4h5 e6f7 e4g6 f7g6,2063,75,95,1518,endgame long mate mateIn3 morphysMate,https://lichess.org/HsCg5r08#69,
fhdko,5kr1/1p3p1p/p4p2/3p4/3P1qb1/2N3P1/PPP2P1P/R3R1K1 w - - 0 22,g3f4 g4e2 g1h1 e2f3,2045,77,96,10309,discoveredAttack discoveredCheck endgame kingsideAttack mate mateIn2 morphysMate short,https://lichess.org/fNkBSXje#43,
fheMw,N2k4/1p3pp1/p1bb2q1/7r/7p/4PN1P/PPP2PP1/R2Q1RK1 w - - 0 17,d1d3 g6g2 g1g2 h5g5 g2h1 c6f3,2052,87,86,57,attraction deflection kingsideAttack long mate mateIn3 middlegame morphysMate pin sacrifice,https://lichess.org/gtGscn3K#33,Indian_Defense Indian_Defense_Other_variations
fqBJH,8/p4kbp/6p1/2p3N1/PpB5/1Pn3P1/5P1P/3rR1K1 b - - 2 31,f7f6 g5h7 f6f5 c4e6,2018,76,93,8700,endgame master masterVsMaster mate mateIn2 morphysMate short,https://lichess.org/TXXhF7qd/black#62,
fvXyA,r3r2k/7p/2p2R2/5n2/2pP2RP/5P2/pBP4K/8 b - - 1 34,f5e3 f6f8 e8f8 d4d5 c4c3 b2c3 f8f6 c3f6,2106,80,90,397,discoveredAttack discoveredCheck endgame mate mateIn4 morphysMate sacrifice veryLong,https://lichess.org/nqVtf0y5/black#68,
g2XXT,rn3rk1/ppp3pp/4p3/7n/3B1P1b/2N4P/PPP3R1/2K5 b - - 1 21,h5f4 g2g7 g8h8 g7g5 e6e5 d4e5 f8f6 e5f6,2195,105,66,34,discoveredAttack discoveredCheck kingsideAttack mate mateIn4 middlegame morphysMate veryLong,https://lichess.org/6npuQ3Oh/black#42,
g77XR,5R1R/5k2/rrp2p2/4n2p/1B2P3/P7/6p1/6K1 b - - 3 43,f7e6 f8e8 e6f7 e8e7 f7g6 h8g8 g6h6 b4d2,2081,77,91,991,endgame mate mateIn4 morphysMate veryLong,https://lichess.org/s88jN4yU/black#86,
gC4hx,2r5/1p1bppk1/2np1np1/7p/1P2P2P/5P2/1PKQB1P1/rN1R3R w - - 1 21,c2b3 c6d4 d2d4 d7a4,2190,75,93,3335,clearance master mate mateIn2 middlegame morphysMate sacrifice short,https://lichess.org/Phk9mEqt#41,
gE67s,r7/pp1nb1kp/2pp4/5N2/3Pn3/1BP5/PP1B4/6KR b - - 1 27,g7f6 h1h6 f6f5 b3e6,1979,77,95,410,mate mateIn2 middlegame morphysMate sacrifice short,https://lichess.org/VQdFI3Rl/black#54,
gHm0c,8/6k1/6p1/3B1b2/3P3K/2P2R1P/6r1/8 w - - 0 37,f3f4 g6g5 h4h5 f5g6,1939,75,94,15084,endgame fork mate mateIn2 morphysMate short,https://lichess.org/pTl76t2m#73,
glQp9,r4rk1/1b3ppp/p3pB2/1p6/2p1q2Q/2P3RP/PP3PP1/R5K1 b - - 7 22,e4h4 g3g7 g8h8 g7g5,2085,76,95,6179,discoveredAttack discoveredCheck kingsideAttack master mate mateIn2 middlegame morphysMate short,https://lichess.org/N9301w80/black#44,
gv2qw,5k2/2R1p2p/6p1/2BbPpP1/5n2/1P6/r6P/4R1K1 w - - 2 35,c7e7 f4h3 g1f1 d5g2,2048,80,92,3841,endgame master mate mateIn2 morphysMate short,https://lichess.org/iR1hDWhU#69,
h1O3r,2r1k2r/1pb2p2/p7/P2R2pp/BQ6/4pqP1/1P3P1P/2R3K1 b k - 1 33,b7b5 a5b6,2096,80,92,5318,discoveredAttack discoveredCheck enPassant mate mateIn1 middlegame morphysMate oneMove,https://lichess.org/r3iW2tAL/black#66,
h8DEe,3r4/ppN1kp1p/6p1/8/2P1nPb1/4KpP1/P2b3P/1R3B1R w - - 4 22,e3e4 f7f5 e4e5 d2c3,2028,80,91,4320,mate mateIn2 middlegame morphysMate short,https://lichess.org/YrSZJnnt#43,
hFNh1,5rk1/1r3p1p/p2p4/1p4B1/3p4/3P4/PPPK4/6R1 b - - 1 31,f8e8 g5e7 g8h8 e7f6,2030,79,88,444,discoveredAttack discoveredCheck endgame mate mateIn2 morphysMate short,https://lichess.org/hjS1BgAJ/black#62,
hHvQx,6B1/R6p/6pk/4P3/3pb1KP/2p2r2/8/8 b - - 3 39,g6g5 h4g5 h6g6 g8h7,1979,78,84,325,endgame mate mateIn2 morphysMate short,https://lichess.org/Dpkkmc4i/black#78,
hSGmd,R7/1p3kpp/1P3p2/8/2b2rP1/B3p3/7P/2R3K1 w - - 1 37,a3c5 f4g4 g1h1 c4d5,2098,77,95,2588,endgame mate mateIn2 morphysMate short,https://lichess.org/7IyzzJvj#73,
hVOHu,3r1rk1/1pqb1pp1/p1n1pQ1p/2p4P/6B1/1P2PN2/PBP2P2/2K3R1 b - - 0 24,g7f6 g4f5 c7g3 g1g3 g8h8 b2f6,1952,76,86,469,discoveredAttack discoveredCheck kingsideAttack long mate mateIn3 middlegame morphysMate,https://lichess.org/hZW1B3ms/black#48,
hYWIY,1r1r2k1/1b5p/p3P3/1p1p2B1/4p3/6RP/6PK/1B6 b - - 0 49,d8e8 g5e7 g8h8 e7f6,2128,89,90,210,discoveredAttack discoveredCheck endgame mate mateIn2 morphysMate short,https://lichess.org/megRfQs7/black#98,
hdOvX,8/P1p4p/1kp3p1/R1b2p2/P5b1/2P3P1/3P3K/2B1r3 w - - 5 38,a7a8q e1e2 h2h1 g4f3,1954,78,95,14735,endgame mate mateIn2 morphysMate short,https://lichess.org/Nx6Mwzqi#75,
hkRTK,r3k2r/4Ppp1/p4n1p/1p2pN2/8/P3B1P1/1PP2P1P/3R2K1 b kq - 1 20,g7g6 f5g7 e8e7 e3c5,1982,77,81,206,endgame mate mateIn2 morphysMate short,https://lichess.org/wuZ7m0JV/black#40,
hqfUW,8/8/1R6/2B3pk/1P2b3/4N2K/7P/6r1 w - - 1 54,c5f8 e4f5 e3g4 f5g4,1957,80,80,122,endgame mate mateIn2 morphysMate short,https://lichess.org/x9tDZwLj#107,
ht9co,1q1rk3/3nQ1b1/pP4p1/1b1B3p/8/4B1PP/P4P2/4R1K1 b - - 5 31,e8e7 e3c5 e7f6 c5e7 f6f5 d5e6,1947,92,64,36,discoveredCheck doubleCheck exposedKing fork long mate mateIn3 middlegame morphysMate,https://lichess.org/lcIB6NdS/black#62,
i5PoC,4Q3/5qp1/1R5p/4p1k1/4bp2/5r2/5P1P/7K w - - 6 46,e8f7 f3g3 f2f3 e4f3,1902,75,97,1190,discoveredAttack discoveredCheck endgame mate mateIn2 morphysMate short,https://lichess.org/P4anbT7j#91,
i9xx3,1q2r2r/1p1k4/p2b1Q2/P2pp2p/6bP/1BR5/1PP5/2K5 b - - 0 31,e8e6 b3a4 b7b5 a5b6,1917,79,84,311,discoveredAttack discoveredCheck enPassant mate mateIn2 middlegame morphysMate short,https://lichess.org/UtqnI1Gh/black#62,
iHnYr,rnbk1b1r/p4ppp/4pn2/1N6/2B1p3/8/PP1B1PPP/2KR2NR b - - 3 10,c8b7 d2a5 d8e8 b5c7 e8e7 a5b4,2031,76,95,7635,discoveredCheck doubleCheck exposedKing fork long mate mateIn3 morphysMate opening,https://lichess.org/vOPdl4Z8/black#20,Slav_Defense Slav_Defense_Slav_Gambit
iIltt,4bk2/p1Q3p1/1b3p2/5K2/P5P1/3P1N2/4r1r1/R4R2 w - - 3 34,c7f4 g7g6 f5f6 b6d8,2082,83,89,1433,master mate mateIn2 middlegame morphysMate short,https://lichess.org/12h0QnTF#67,
iMxzg,8/2R5/1p1r4/1Pk1r1p1/5p2/P2B1P2/2PK4/8 b - - 2 44,c5d4 c2c3 d4d5 d3c4,1908,79,84,641,endgame mate mateIn2 morphysMate short,https://lichess.org/8D7TdBIb/black#88,
iNvDQ,2rkr3/3n2pp/1qR2pb1/pP1Q4/1b6/5P2/P4KPP/5BNR w - - 0 23,c6b6 b4e1,1913,83,91,1215,mate mateIn1 middlegame morphysMate oneMove,https://lichess.org/ama0UDZ8#45,
idePC,3r3k/pp5p/2p5/3bNp2/3PpB1b/P1P4P/1P3PRK/8 b - - 7 29,e4e3 e5f7 d5f7 f4e5 h4f6 e5f6,1935,76,88,1411,clearance endgame kingsideAttack long mate mateIn3 morphysMate sacrifice,https://lichess.org/3loF0hzF/black#58,
ihX6f,1r1k1b1r/p1p2ppp/8/BB2P3/5P2/8/PP5P/3RK3 b - - 2 22,d8e7 a5b4 c7c5 b4c5 e7e6 b5d7,1969,75,93,276,endgame long mate mateIn3 morphysMate,https://lichess.org/saWB5A5f/black#44,
ijM4s,r1r3k1/1p1b1ppp/p1n1p3/3pPn2/3P4/1P1K1P2/1P1BN1PP/R4B1R w - - 2 16,g2g4 c6e5 d4e5 d7b5,2084,75,93,2510,clearance mate mateIn2 middlegame morphysMate sacrifice short,https://lichess.org/f5PzMLdv#31,French_Defense French_Defense_Other_variations
iqqXj,3r3k/ppQ4p/4B1pb/4P3/8/8/PP1rK2P/R6R w - - 4 26,e2f3 d8d3 f3g4 d2g2 g4h4 h6g5,2103,76,95,11866,exposedKing long mate mateIn3 middlegame morphysMate,https://lichess.org/bqXNhxoG#51,
it6Eb,3NR3/1p3r1p/3B1kp1/p1P2pRn/2p3bP/2Pr4/PP6/2K5 b - - 7 35,f7d7 d6e5,1981,170,12,45,mate mateIn1 middlegame morphysMate oneMove,https://lichess.org/p6Ob483e/black#70,
iuSnn,5rk1/p7/3p3p/2pPb3/2P2p1q/PP3Qr1/2B1RPP1/1R2K3 w - - 7 34,f3e4 h4h1 e1d2 e5c3,2106,83,91,2139,mate mateIn2 middlegame morphysMate short,https://lichess.org/fX7LCRoA#67,
j7dR6,1kb5/R7/7r/B2p4/3Pp3/2R1PnN1/5K2/8 w - - 3 60,a7c7 h6h2 f2f1 c8h3,2070,78,87,232,master mate mateIn2 middlegame morphysMate short,https://lichess.org/oeFbpkiA#119,
j9ePJ,8/7p/5R1k/3B1Pp1/3p4/p5K1/1q6/8 b - - 2 62,h6h5 d5f7,2132,87,81,274,endgame mate mateIn1 morphysMate oneMove,https://lichess.org/I9ME2mVK/black#124,
jCY8S,2r3k1/5p1p/3B4/2P2p2/3b1K2/2p5/5P1P/2R5 b - - 3 32,d4c5 c1g1 g8h8 d6e5 f7f6 e5f6,1993,77,89,225,endgame long master mate mateIn3 morphysMate,https://lichess.org/yHtao2zn/black#64,
jHprT,8/2RR1pk1/5N1p/2r1Pnp1/1Pb1K3/r6P/8/8 w - - 0 42,c7c5 a3e3 e4f5 c4e6,1947,78,95,18024,endgame mate mateIn2 morphysMate sacrifice short,https://lichess.org/qQ28AsiB#83,
jIuJL,6k1/1b1r2pp/p3p3/1pNr4/1P5Q/P7/5PqP/2R2RK1 w - - 0 28,g1g2 d5g5 g2h3 b7g2,2026,101,43,49,discoveredCheck doubleCheck mate mateIn2 middlegame morphysMate short,https://lichess.org/LefO1EDs#55,
jKhkE,8/1p4k1/4Bp2/1p2n2R/4bB2/P6P/1Pr3P1/6K1 w - - 1 47,g2g3 e5f3 g1f1 e4d3,1928,132,60,29,endgame mate mateIn2 morphysMate short,https://lichess.org/IJSNg5mV#93,
jNpXD,2k1rb1r/1p1n1ppp/p1p5/B3P3/3PQP2/6P1/1q5P/1R3B1K b - - 5 28,b2a2 e4c6 b7c6 f1a6,1920,79,89,519,deflection mate mateIn2 middlegame morphysMate queensideAttack sacrifice short,https://lichess.org/sRd0dIgf/black#56,
jUg8N,2r3k1/1b4P1/p6p/1pP1P3/5nP1/7P/PB1r4/1BR1R1K1 w - - 1 35,c1c2 f4h3 g1f1 b7g2,2112,79,86,311,mate mateIn2 middlegame morphysMate short,https://lichess.org/s6SP5ofe#69,
jYxKT,2r1br2/np4R1/p3pq1Q/3p4/PP1P3k/2PB4/5PPP/2R3K1 b - - 0 35,f6h6 g2g3 h4h5 d3e2 f8f3 e2f3,1904,76,89,926,long mate mateIn3 middlegame morphysMate,https://lichess.org/a2jxvtii/black#70,
jaS0E,1r5k/3R2R1/P4B2/8/4b3/K2p4/3Pr3/7q b - - 0 50,b8a8 g7g1,2004,84,91,1459,discoveredAttack discoveredCheck mate mateIn1 middlegame morphysMate oneMove,https://lichess.org/tKCKYESJ/black#100,
jeDbc,8/1bkn3p/p2bpp1B/1pp2N1B/3p1P2/1P2P3/P1PP1r1P/RN3R1K w - - 2 19,h1g1 f2g2 g1h1 g2g4 e3e4 b7e4 f1f3 e4f3,2185,75,92,5274,discoveredAttack discoveredCheck fork mate mateIn4 middlegame morphysMate veryLong,https://lichess.org/hwhMSnEE#37,Nimzo-Larsen_Attack Nimzo-Larsen_Attack_Polish_Variation
jeOtO,6rk/5p1p/p7/P1p1PP1b/3p4/1P1PN1r1/8/R1B1Q2K w - - 1 30,e3f1 g3h3 f1h2 h5f3,2029,76,94,12891,mate mateIn2 middlegame morphysMate short,https://lichess.org/NesPaTxt#59,
jhMmk,3r2r1/ppk5/1np1p3/8/3P2bb/1BN3P1/PPP2P1P/R3R1K1 w - - 0 21,g3h4 g4e2 g1h1 e2f3,1930,110,66,92,discoveredAttack discoveredCheck kingsideAttack mate mateIn2 middlegame morphysMate short,https://lichess.org/h7VJ9hBg#41,
jil6r,5r1r/ppp1Pp1k/7p/3P1Rp1/8/3B3P/P1P3P1/7K b - - 0 30,f8e8 f5g5 f7f5 d3f5,2017,78,86,338,discoveredAttack discoveredCheck endgame mate mateIn2 morphysMate short,https://lichess.org/kRQdYDPf/black#60,
jmUHd,8/8/1p4p1/p6p/4kP2/PB4P1/1P1R2K1/4r1b1 b - - 8 50,g1e3 b3c2,2059,86,90,3769,endgame master mate mateIn1 morphysMate oneMove,https://lichess.org/zSax6Cqg/black#100,
jrSVW,r3r1k1/1b1Q1ppp/8/6b1/8/2Pp3P/B6N/RN2K3 w - - 1 27,e1f2 e8e2 f2f1 b7g2 f1g1 g5e3,1947,77,86,70,exposedKing long mate mateIn3 middlegame morphysMate,https://lichess.org/roqU11F5#53,
k8vTt,8/p2k1R2/8/B1pPb3/5p2/1P1Kp3/P5r1/8 b - - 5 41,d7d6 d3e4 e3e2 a5c7,2102,76,93,7409,endgame mate mateIn2 morphysMate short,https://lichess.org/tyEaaV4A/black#82,
kBzY3,r7/3p1pp1/1npP4/1r1kPP2/pP1R2P1/R1B2K2/1P6/8 b - - 2 35,d5e5 d4d1,1982,77,80,498,discoveredAttack discoveredCheck endgame mate mateIn1 morphysMate oneMove,https://lichess.org/BfxHM2gP/black#70,
kIl4q,8/p7/b3k2p/2P3p1/4Kp2/P4P2/1N1r2PP/2R5 w - - 4 39,b2c4 a6b7 c5c6 b7c6,1906,75,94,2505,endgame master mate mateIn2 morphysMate short,https://lichess.org/GfH0rRsP#77,
kO0aa,2rq3r/5k2/1p2p1p1/p4p1p/1bBPpP2/6P1/PP1KQNP1/R6R w - - 3 27,d2e3 d8d4 e3d4 h8d8 c4d5 d8d5 d4e3 b4c5,2074,77,91,2137,attraction mate mateIn4 middlegame morphysMate sacrifice veryLong,https://lichess.org/7NQUj20M#53,
kPsE9,5rk1/4Qpb1/p3p1P1/2p5/2Pn4/8/Pr2bPB1/R3K2R w KQ - 0 22,g2e4 d4f3 e4f3 g7c3,2086,76,94,15112,clearance mate mateIn2 middlegame morphysMate sacrifice short,https://lichess.org/TSOhrq0U#43,
kRJ3B,5rk1/b7/B1pP1p2/4r3/1P2bNqp/P1Q1Pn1K/1B3P2/3R4 w - - 0 34,h3g4 e5g5 g4h3 e4f5,1911,204,5,9,master mate mateIn2 middlegame morphysMate short,https://lichess.org/hvgRQGH0#67,
kYdxt,4n1kr/1R4bp/6p1/6p1/2B5/8/Pq3PPP/6K1 b - - 4 28,g8f8 b7f7 f8g8 f7f3,1904,83,52,130,discoveredAttack discoveredCheck endgame mate mateIn2 morphysMate short,https://lichess.org/HSAARlEs/black#56,
katFA,8/4k3/2P1rb2/p2K1p2/1pR1pB1P/1P4P1/P7/8 w - - 1 51,f4e3 e6e5 d5d4 e5b5,1905,79,89,230,discoveredAttack discoveredCheck endgame mate mateIn2 morphysMate short,https://lichess.org/7uGC3Ag9#101,
kk2kP,5r2/1b3pkp/p3pNp1/1p2BnR1/8/7K/P1r5/6R1 b - - 3 35,g7h6 g5h5 g6h5 e5f4,1932,77,93,1227,mate mateIn2 middlegame morphysMate sacrifice short,https://lichess.org/BE13QM3y/black#70,
kshcs,r5k1/p1p3pp/1p1Np1r1/5q2/1P6/P2P1b2/2Q2PPP/4RRK1 w - - 0 20,d6f5 g6g2 g1h1 g2g5,1992,76,93,1194,discoveredAttack discoveredCheck kingsideAttack mate mateIn2 middlegame morphysMate short,https://lichess.org/WszUYC5e#39,
kvd4x,Rk1r1br1/2q5/1Nnp4/4pN1p/4Pp2/2PB1P2/6Pp/1R5K b - - 0 28,b8b7 d3a6,1901,77,94,4229,mate mateIn1 middlegame morphysMate oneMove,https://lichess.org/1ckIAGFs/black#56,
l1Mqh,r6r/pp1R1ppp/n1p2kb1/4p3/5P2/P1N1B1PB/1PP4P/2K5 b - - 0 18,h8d8 f4e5 f6e5 e3d4,1988,74,95,16251,attraction master masterVsMaster mate mateIn2 middlegame morphysMate short,https://lichess.org/0P7Nehb5/black#36,Czech_Defense Czech_Defense_Other_variations
l8WaI,7k/6p1/2R2bK1/p6p/Pp3P2/1B3P2/6r1/8 w - - 1 45,g6h5 g7g6 h5h6 f6g7,1964,79,86,215,endgame mate mateIn2 morphysMate short,https://lichess.org/PG7tSoMV#89,
lNfm7,8/2P2pkp/6p1/3b2b1/1R6/4P3/r5PP/2R3K1 w - - 1 31,c7c8q g5e3 g1f1 d5g2 f1e1 e3f2 e1d1 g2f3,1920,76,89,1496,endgame fork mate mateIn4 morphysMate veryLong,https://lichess.org/ClyxVTkG#61,
lR2vJ,5r2/ppp1k3/2b4R/8/2P1P1r1/1P4B1/P6P/4R2K w - - 3 26,g3c7 f8f1 e1f1 c6e4 f1f3 e4f3,1979,77,95,1208,deflection endgame long mate mateIn3 morphysMate sacrifice,https://lichess.org/XADZHk5l#51,
lRBsc,r3k1r1/1p3q2/p4p2/4pP1p/6n1/1P5K/PBQ3P1/2RR4 b q - 3 30,g4e3 c2c8 a8c8 c1c8 e8e7 b2a3,1983,79,96,2211,exposedKing long mate mateIn3 middlegame morphysMate sacrifice,https://lichess.org/thP6E7Ky/black#60,
lRlI4,8/4R3/3R4/1pB1kpP1/2p5/2P2P2/1r2b1K1/2r5 b - - 14 51,e5f4 c5e3,2012,81,77,363,endgame mate mateIn1 morphysMate oneMove,https://lichess.org/QRilDu8p/black#102,
lVCy1,1rb2b1r/pp3ppp/2n1kn2/2pNp1B1/2B1P3/8/PPP2PPP/2KR2NR b - - 7 12,f6e4 d5e3,1967,80,83,1442,discoveredAttack discoveredCheck master masterVsMaster mate mateIn1 morphysMate oneMove opening,https://lichess.org/ZhLmCCcU/black#24,Van_Geet_Opening Van_Geet_Opening_Other_variations
lcjYe,8/6k1/8/2b1p1KB/6P1/P3n3/1P3r2/1R2R3 w - - 1 45,e1e3 c5e7,1947,79,82,421,endgame mate mateIn1 morphysMate oneMove,https://lichess.org/AGwY7xzp#89,
lspiO,4rk2/R2R3p/1p3bp1/8/2b5/6P1/PP3KPN/8 w - - 3 28,d7h7 f6d4 f2f3 c4e2 f3f4 d4e3,2007,79,92,336,endgame long mate mateIn3 morphysMate,https://lichess.org/dL7ItZq0#55,
ltECQ,1r3kr1/p1p2pb1/3p3p/1P2n2q/5Q2/P1N1R1B1/1P3P1P/3R3K b - - 6 22,e5g4 f4d6 c7d6 g3d6,1925,79,90,1275,mate mateIn2 middlegame morphysMate sacrifice short,https://lichess.org/jBolg8IE/black#44,
ludSJ,2r1qrk1/5ppp/p7/6RP/4Q3/2B5/PP3P2/2K3R1 b - - 0 24,e8e4 g5g7 g8h8 g7g8,1958,87,82,137,discoveredCheck doubleCheck endgame mate mateIn2 morphysMate pillsburysMate short,https://lichess.org/y2QAYh2M/black#48,
lxgom,2r3k1/1b4p1/pp4qp/4np2/1PP1r3/3Q1N2/5PPP/R3RNK1 w - - 2 29,f3e5 g6g2 g1g2 e4g4 g2h3 b7g2,2116,76,93,7257,attraction discoveredCheck doubleCheck kingsideAttack long mate mateIn3 middlegame morphysMate sacrifice,https://lichess.org/1gbF7GEW#57,
m0mCv,r1b1k2r/pp2bpp1/2p2p1p/q7/4QP2/2NRB3/PPP3PP/2K1R3 b kq - 2 15,c8f5 e4e7 e8e7 e3c5,2031,76,94,15588,attraction discoveredCheck doubleCheck mate mateIn2 middlegame morphysMate pillsburysMate sacrifice short,https://lichess.org/4A2VZo8x/black#30,Zukertort_Opening Zukertort_Opening_Tennison_Gambit
mMnRs,2r2rk1/pp3pp1/3n3p/8/1b5B/3B3P/P4P1K/R5R1 b - - 5 25,c8c3 g1g7 g8g7 a1g1 g7h8 h4f6,2125,82,80,418,attraction long mate mateIn3 middlegame morphysMate sacrifice,https://lichess.org/FHHMn4Wz/black#50,
mUWjm,3k1b1r/3npQp1/pr3n2/2R1N3/4q2p/4B2P/5PPK/2R5 b - - 3 23,d7e5 c5c8 d8d7 c1c7 d7d6 e3c5,1921,75,94,14235,long mate mateIn3 middlegame morphysMate,https://lichess.org/RxGhlu0F/black#46,
mhh0e,2q1rk2/ppp2p1Q/2n2P1p/3N2p1/2Pb4/6N1/PPB1r1K1/R4R2 w - - 1 24,g2f3 g5g4 f3f4 d4e5,1945,97,76,73,mate mateIn2 middlegame morphysMate short,https://lichess.org/kNNHUNKI#47,
mufQS,r7/pp1k1p1Q/3q2p1/1b2B3/8/1P3N2/P3rbPP/2R2K2 w - - 0 28,e5d6 e2c2,2003,84,88,256,discoveredAttack discoveredCheck mate mateIn1 middlegame morphysMate oneMove,https://lichess.org/zvCL53Yh#55,
mxb9r,3Q4/5p2/p1k3r1/1p5p/1Pp3b1/P7/4KPrP/R3R3 w - - 8 32,e2f1 g2g1 f1g1 g4e2 d8g5 g6g5 g1h1 e2f3,2154,81,86,106,discoveredAttack discoveredCheck endgame mate mateIn4 morphysMate sacrifice veryLong,https://lichess.org/oSsKsaKR#63,
n13Pb,r2q1r2/p5R1/B3p2p/6p1/3PP2k/2R5/6P1/6K1 b - - 0 38,g5g4 c3h3 g4h3 g2g3 h4h5 a6e2 f8f3 e2f3,2166,76,94,9345,endgame mate mateIn4 morphysMate sacrifice veryLong,https://lichess.org/rjIZ7vve/black#76,
nMIBg,r5k1/ppp3pp/2bp4/4p1q1/4N3/3Pb3/PPPN1rPP/R2QR2K w - - 2 16,e4g5 c6g2 h1g1 f2e2,2086,78,87,622,discoveredAttack discoveredCheck kingsideAttack mate mateIn2 middlegame morphysMate short,https://lichess.org/mMU7Q873#31,Italian_Game Italian_Game_Giuoco_Pianissimo
nWst4,2kr3r/pp1n2b1/2p3p1/5p2/3q1B1P/2pB1Q2/P1P2PP1/1RK1R3 b - - 1 20,h8h4 f3c6 b7c6 d3a6,2147,76,94,2536,mate mateIn2 middlegame morphysMate queensideAttack sacrifice short,https://lichess.org/zqsbhhk8/black#40,
nrpry,r3k1r1/pppqnp1p/2bb3p/8/2BP4/3Q1N1P/PP3PP1/RN3R1K w q - 8 15,d3h7 d7h3 g2h3 c6f3,1991,78,56,75,deflection kingsideAttack mate mateIn2 middlegame morphysMate sacrifice short,https://lichess.org/fSZbPlsp#29,Ponziani_Opening Ponziani_Opening_Jaenisch_Counterattack
oBqyf,1k4r1/pp3B2/1bp2n1p/4p2r/P4n2/1P2N1P1/2P2PK1/2QR1R2 w - - 3 33,g2f3 e5e4 f3f4 b6c7 d1d6 c7d6,1903,75,95,14238,long mate mateIn3 middlegame morphysMate sacrifice,https://lichess.org/xijcNr22#65,
oY9je,r6k/pp4rp/2p2Nb1/8/3p3Q/3P4/PP1q2PP/4RR1K w - - 9 34,f6e4 d2g2 h1g2 g6e4 g2h3 e4g2,2116,75,94,3213,attraction discoveredCheck doubleCheck kingsideAttack long mate mateIn3 middlegame morphysMate sacrifice,https://lichess.org/rDP9Y07m#67,
ocT24,4rnk1/p1q2ppp/2p2B1b/7P/p2P2Q1/1P5P/P1P2P2/6RK b - - 5 23,c7d7 g4g7 h6g7 g1g7 g8h8 g7g1,1915,78,93,9035,discoveredAttack discoveredCheck kingsideAttack long mate mateIn3 middlegame morphysMate sacrifice,https://lichess.org/sxpMdV2u/black#46,
ofcPc,r1b1r1k1/ppp2p1p/8/6B1/3npK2/1R6/P1P2P1P/6R1 b - - 2 21,d4b3 g5e7 c8g4 g1g4 g8h8 e7f6,2013,83,91,2313,discoveredAttack discoveredCheck endgame long mate mateIn3 morphysMate,https://lichess.org/LxS0yjEL/black#42,
ofxJb,2r4r/pp3Bpp/8/6k1/5R2/4B2K/P5P1/8 b - - 10 36,h7h5 f4f1,1918,79,84,267,discoveredAttack discoveredCheck endgame mate mateIn1 morphysMate oneMove,https://lichess.org/fkyEAxBW/black#72,
ov3jI,r3Rrk1/1b1P1pbp/1p3qp1/1B2B2n/8/1Q5P/PP3PP1/R5K1 b - - 6 27,f6g5 b3f7 g8f7 b5c4 b7d5 c4d5,2035,78,92,530,attraction kingsideAttack long mate mateIn3 middlegame morphysMate pin sacrifice,https://lichess.org/Vd8Z2lZh/black#54,
p1VpS,r7/pNR5/4rbpp/1p1k4/8/3p1P2/P2BnKPP/2R5 b - - 2 30,e2c1 c7c5 d5d4 d2c3,1917,76,94,865,fork mate mateIn2 middlegame morphysMate short,https://lichess.org/DE97dr1t/black#60,
p20Oa,2k3R1/pp3p2/2p1pB2/3p1b2/5P2/P7/2P1q3/1R4K1 b - - 2 34,c8d7 b1b7 d7d6 f6e7,1937,82,92,3649,endgame mate mateIn2 morphysMate short,https://lichess.org/KSaar3pj/black#68,
p7pUN,r3r1k1/5p1p/6p1/p2p2BR/P7/1PK5/2P5/6R1 b - - 0 28,g6h5 g5e7 g8h8 e7f6,2057,79,95,13923,discoveredAttack discoveredCheck endgame mate mateIn2 morphysMate short,https://lichess.org/LA0vsfKm/black#56,
pJYpW,8/R4Rrp/7k/1Bp1b3/P7/8/4n2K/8 w - - 9 49,h2h3 e2g1 h3h4 e5g3,1916,76,83,238,endgame mate mateIn2 morphysMate short,https://lichess.org/Nhk9Yhzc#97,
pLSlr,r4r1k/1pn2p1p/2p1p3/3pb1q1/p5R1/1P2PQ2/PBPN1K1P/R7 b - - 1 20,g5h5 f3f6 e5f6 b2f6,2042,80,66,192,kingsideAttack mate mateIn2 middlegame morphysMate sacrifice short xRayAttack,https://lichess.org/NjhE9B35/black#40,
paGrR,2k5/pppb4/7p/6pK/Pr4P1/8/4Bn1P/R5R1 w - - 2 32,g1f1 b4b6 f1f2 d7e8 f2f7 e8f7,2110,77,95,2851,endgame long mate mateIn3 morphysMate quietMove sacrifice,https://lichess.org/Oizr9TiU#63,
pfPTL,rn2r1k1/ppq1bp1p/2p2ppB/8/8/1QPB4/PP3PPP/R3R1K1 b - - 5 17,b8d7 b3f7 g8f7 d3c4,2020,77,94,4213,attraction kingsideAttack mate mateIn2 middlegame morphysMate sacrifice short,https://lichess.org/Ht48VMzh/black#34,Caro-Kann_Defense Caro-Kann_Defense_Alekhine_Gambit
pifrD,r3k3/3pnp2/p3p3/nP5Q/8/4Bb2/P1B2PrP/R4RK1 w q - 0 28,g1h1 g2g4,2030,76,94,22659,discoveredAttack discoveredCheck mate mateIn1 middlegame morphysMate oneMove,https://lichess.org/s3AdM59h#55,
pvRQt,5b1r/p3kppp/2B1b3/B3N3/4P3/2K3P1/P4r1P/3R4 b - - 1 20,f2a2 a5d8,1962,86,83,142,mate mateIn1 middlegame morphysMate oneMove,https://lichess.org/EIquYFSC/black#40,
q0Tk8,r7/1r4b1/4pppp/3pNk2/1P1P2P1/B1K5/5P1P/R7 b - - 0 30,f5e4 a1e1 e4f4 a3c1,2027,84,92,1997,endgame mate mateIn2 morphysMate short,https://lichess.org/yMRAx7Zd/black#60,
q14IT,5rk1/1b1qbpp1/p1r1pn1p/1p1pB3/3P4/2PBR1Q1/PP3PPP/RN4K1 b - - 3 17,e7d6 g3g7 g8g7 e3g3 g7h8 e5f6,1963,75,89,1148,attraction deflection kingsideAttack long mate mateIn3 middlegame morphysMate sacrifice,https://lichess.org/zAj2TAii/black#34,Queens_Pawn_Game Queens_Pawn_Game_Other_variations
q3kQz,2k4r/1pp4p/p3p1pb/Q3p3/8/BPN1qP2/P1Pr2PP/R4K1R w - - 1 20,a3c5 d2f2 f1g1 f2f3 c5e3 h6e3,2162,79,90,324,discoveredAttack discoveredCheck long mate mateIn3 middlegame morphysMate sacrifice,https://lichess.org/CU1iWYzb#39,
qC7kl,b6k/6pp/8/2P3n1/2Q3P1/1P6/r7/4rRK1 w - - 3 41,f1e1 g5h3 g1f1 a8g2,2014,75,95,2429,endgame mate mateIn2 morphysMate short,https://lichess.org/idHLX5tH#81,
qE9vx,6rk/pp2b2p/4N1b1/3R4/2pnq3/2Q5/PPP2PPP/5RK1 w - - 2 27,d5d4 e4g2 g1g2 g6e4 g2h3 e4g2,2110,89,91,2029,attraction discoveredCheck doubleCheck kingsideAttack long mate mateIn3 middlegame morphysMate sacrifice,https://lichess.org/UF08vHed#53,
qJzp2,r3b3/pp4p1/2pBpkpp/8/2P3P1/P1KR3P/1P1R1r2/8 b - - 1 26,f2d2 d3f3 f6g5 d6e7,1997,80,89,365,endgame mate mateIn2 morphysMate short,https://lichess.org/grjQYBWK/black#52,
qMUiH,r6r/pppR3p/2n1N1k1/q7/6PB/4P3/2P2K1P/7b b - - 4 28,h7h5 d7g7 g6h6 g4g5 a5g5 h4g5,2101,77,95,6846,long mate mateIn3 middlegame morphysMate,https://lichess.org/IElyWB6c/black#56,
qTQXY,r5rk/1p3p1p/5p2/2Pp4/1P1Qp1bq/P5P1/3R1P1P/R5K1 w - - 0 29,g3h4 g4e2 g1h1 e2f3,1904,79,93,1143,discoveredAttack discoveredCheck endgame kingsideAttack mate mateIn2 morphysMate short,https://lichess.org/3DyGSmFX#57,
qb05L,8/1R5p/1R1k1p2/p1r1p1n1/B2pq3/8/2PP1P2/5K2 b - - 3 44,d6d5 b7d7 d5c4 a4b3,2160,80,91,1557,endgame mate mateIn2 morphysMate short,https://lichess.org/O9vBchfd/black#88,
qhgTC,7r/Q4ppp/2p1bk2/4P3/4n3/1Bq1B3/P1P3PP/3r1RK1 b - - 0 23,f6g6 a7f7 e6f7 b3f7,2081,75,95,10869,master masterVsMaster mate mateIn2 middlegame morphysMate sacrifice short xRayAttack,https://lichess.org/K8mz27jY/black#46,
qhiuY,6r1/p4RP1/2R1p1b1/qBk1r2p/P7/6P1/4PP1P/7K b - - 5 30,c5d5 f7d7 d5e4 b5d3,2044,82,78,575,mate mateIn2 middlegame morphysMate short,https://lichess.org/SFilp2an/black#60,
r4r83,8/4k3/1p1p3p/3Bp3/Pp2P3/1P1P1b1P/2r3rK/2R1R3 w - - 0 30,h2h1 g2g3,1924,85,89,1250,discoveredAttack discoveredCheck endgame mate mateIn1 morphysMate oneMove,https://lichess.org/qhxdG43z#59,
rE8ks,1r3k1r/2pQbppp/p3p3/qN2Pb2/2P5/P3BB1P/KPn2PP1/3R3R b - - 1 21,a6b5 d7e7 f8e7 e3c5 e7e8 f3c6,2024,74,95,16186,attraction long mate mateIn3 middlegame morphysMate sacrifice,https://lichess.org/xLv9UjvX/black#42,
rJ2dp,r4r2/1p3kb1/p3R2p/n2B1pp1/7B/2P4P/PP3PP1/4R1K1 b - - 3 28,g5h4 e6b6,1916,86,90,2407,discoveredAttack discoveredCheck master mate mateIn1 middlegame morphysMate oneMove,https://lichess.org/gXkI9YlE/black#56,
rlITN,r4br1/1b2k2p/p4p2/2p1p2B/2N2P1B/4P3/1P4PP/R4RK1 w - - 1 21,f4e5 g8g2 g1h1 g2g4 e3e4 b7e4 f1f3 e4f3,1971,83,68,49,discoveredAttack discoveredCheck kingsideAttack mate mateIn4 middlegame morphysMate veryLong,https://lichess.org/8uitnmI4#41,
rtMUg,rn2kb1r/5p2/1Bp1pp2/1B4N1/4N2P/8/PpPR1p2/1K5b b kq - 1 19,c6b5 e4f6 e8e7 b6d8,1942,78,90,201,mate mateIn2 middlegame morphysMate short,https://lichess.org/B6fPde5U/black#38,
s94ZP,8/pp3pR1/n1p1k3/7p/1PP3bK/2Br1r2/3P4/4R3 b - - 1 33,e6f5 g7g5 f5f4 c3e5,2070,80,88,212,mate mateIn2 middlegame morphysMate short,https://lichess.org/EVDZ9Oms/black#66,
sIgRL,3rr1k1/bb3p1p/p5p1/1pp2QB1/2n5/2P3RN/P5PP/5R1K b - - 0 30,g6f5 g5e7 g8h8 e7f6,2195,97,88,968,discoveredAttack discoveredCheck kingsideAttack mate mateIn2 middlegame morphysMate short,https://lichess.org/TyIquMFr/black#60,
sNZbp,6r1/3kq2p/pp1p1P2/7B/4b3/P1P5/2P3PP/R4RK1 w - - 0 26,f6e7 g8g2 g1h1 g2g4 f1f3 e4f3,2128,79,86,253,discoveredAttack discoveredCheck endgame long mate mateIn3 morphysMate,https://lichess.org/WTW2X9qz#51,
sbtR2,8/1p3pk1/p5p1/5b2/1P2N2K/P3RP2/6rP/8 w - - 0 37,e4d6 g6g5 h4h5 f5g6,1988,80,92,2774,endgame mate mateIn2 morphysMate short,https://lichess.org/kh2QT2K0#73,
sd0z9,5rk1/pp3p1p/2r1b3/3pPpB1/8/P2BP2P/3K4/6R1 b - - 1 23,f8c8 g5e7 g8h8 e7f6,1932,77,95,15680,discoveredAttack discoveredCheck endgame mate mateIn2 morphysMate short,https://lichess.org/2tOLgJkz/black#46,
sdrO2,r1b2r2/pp4p1/2n2bkp/8/2B1p3/1PP5/P4qPP/RN1QR1K1 w - - 0 17,g1f2 f6d4 f2g3 d4f2,1952,75,95,11199,discoveredCheck doubleCheck mate mateIn2 middlegame morphysMate short,https://lichess.org/7oi5AuNH#33,Caro-Kann_Defense Caro-Kann_Defense_Other_variations
sgelO,1n3k2/pp2bp2/3q4/4p3/2K4r/PN1QB3/1PP1PP2/R7 w - - 4 29,c4c3 d6b4 a3b4 e7b4,2008,74,95,12993,mate mateIn2 middlegame morphysMate sacrifice short,https://lichess.org/eu5xADMM#57,
slwa7,1rb2bnr/ppN1kp1p/2n1p1p1/4P3/2p1q3/2P1BN2/PP3PPP/3R1RK1 b - - 7 13,g8h6 e3c5,2126,81,85,1037,mate mateIn1 middlegame morphysMate oneMove,https://lichess.org/ZGaueQ34/black#26,Sicilian_Defense Sicilian_Defense_Old_Sicilian
suxCB,1r1q1bk1/2pn1pp1/1p1p3p/p4Q2/2P5/P1B3P1/1P3PBP/4R1K1 b - - 7 22,g7g6 f5f7 g8f7 g2d5,2023,80,92,148315,attraction kingsideAttack mate mateIn2 middlegame morphysMate sacrifice short,https://lichess.org/zkFOwqq4/black#44,
t3oHU,6rk/pp3p1p/2n5/1Bb5/3p4/8/PPP2PbP/R2Q1RK1 w - - 0 20,h2h4 g2f3 g1h2 c5d6 h2h3 f3g2,1928,72,96,15717,discoveredAttack discoveredCheck kingsideAttack long mate mateIn3 middlegame morphysMate,https://lichess.org/iZPdXXWZ#39,
tF5mt,7r/pp4p1/1n5p/2b5/5p2/3BkN2/PPP3PP/2K1R3 b - - 3 26,e3f2 e1e2 f2f1 e2d2,1964,75,93,2160,discoveredAttack discoveredCheck endgame mate mateIn2 morphysMate short,https://lichess.org/OIzBPQT0/black#52,
tX4PS,r4rk1/pb3ppp/1p2pB2/2b5/4q2Q/1BP3R1/PP3PPP/R5K1 b - - 8 20,e4h4 g3g7 g8h8 g7g5,2003,77,88,351,discoveredAttack discoveredCheck kingsideAttack master masterVsMaster mate mateIn2 middlegame morphysMate short,https://lichess.org/c21rMWFv/black#40,
tb75d,8/4R1P1/p3P3/2p2P1k/2P1PKN1/3r2r1/P7/4b3 w - - 5 44,g7g8q g3f3 f4e5 e1c3,2009,87,41,45,endgame mate mateIn2 morphysMate short,https://lichess.org/HO6ufl0G#87,
tjNS0,1r6/8/3pN1Bb/1ppPk2P/1nP5/4p3/4K3/5R2 b - - 1 49,b5c4 f1f5 e5e4 f5g5,2053,76,96,4391,discoveredAttack discoveredCheck endgame mate mateIn2 morphysMate short,https://lichess.org/oGi0yyD2/black#98,
tsTkn,8/5R2/p4R1k/3B2p1/2P5/1r4q1/6P1/6K1 b - - 3 39,h6h5 f7h7 h5g4 d5e6,1966,77,94,10506,endgame mate mateIn2 morphysMate short,https://lichess.org/Vv844k8j/black#78,
ttE4j,6rk/p7/2R2p2/8/1B1pP1bp/P7/1P3P1P/4R2K w - - 1 44,h1g1 g4e2 g1h1 e2f3,2186,78,93,1710,discoveredAttack discoveredCheck endgame mate mateIn2 morphysMate short,https://lichess.org/YDV6B1RI#87,
u126H,5rk1/4B3/p5r1/1p1PRp1p/2p3b1/2P5/P2R1P1P/6K1 w - - 4 30,e7f8 g4e2 g1h1 e2f3,2035,79,85,784,discoveredAttack discoveredCheck endgame mate mateIn2 morphysMate short,https://lichess.org/L3ebEtYs#59,
u1BsP,5kn1/7Q/4pp2/p2b4/P2b4/R7/5rPP/4R2K w - - 0 25,e1d1 d5g2 h1g1 f2d2 a3e3 d4e3,2007,76,85,119,discoveredAttack discoveredCheck long mate mateIn3 middlegame morphysMate,https://lichess.org/Mky5FgRC#49,
u6WVi,4r3/1pb2pR1/p1p5/5P2/7P/3B4/PPP3bk/3R1K2 w - - 0 32,f1f2 c7b6,1944,80,92,9231,endgame mate mateIn1 morphysMate oneMove,https://lichess.org/L1U4MQmk#63,
uE7gE,5kr1/pp3p2/5n1Q/8/2PPR3/7P/qb1B1P2/5K2 b - - 4 29,g8g7 h6h8 g7g8 d2b4,1995,78,95,12435,mate mateIn2 middlegame morphysMate short,https://lichess.org/PMdWSoew/black#58,
uGMSg,4rrk1/ppq1P1bp/6p1/3Q4/8/1P1n2nP/PBP3BK/1R2R3 b - - 0 28,f8f7 d5f7 g8f7 g2d5,2057,79,87,222,attraction kingsideAttack master mate mateIn2 middlegame morphysMate sacrifice short,https://lichess.org/o6eW1DHD/black#56,
uMVL3,4kb1r/1p2qp2/1rp1p1p1/p2p2Pp/P1nPPB1P/2NQ1P2/2P5/1NKR3R w k - 5 21,e4d5 e7a3 b1a3 f8a3,2082,77,97,2075,mate mateIn2 middlegame morphysMate queensideAttack sacrifice short,https://lichess.org/NipwH8e6#41,
uQS0x,2Q5/P5bk/6p1/4p3/1P2P2K/2P1B3/6rP/5b2 w - - 1 43,c8h3 g7f6 e3g5 f6g5,2001,250,22,10,endgame mate mateIn2 morphysMate short,https://lichess.org/2faM5A9G#85,
uXBWl,2r3k1/Q4bpp/7r/3p1p2/3BpP2/4Pq2/PP1K1P1P/5RR1 b - - 2 24,h6h2 g1g7 g8h8 g7g1,2027,103,68,49,discoveredAttack discoveredCheck kingsideAttack mate mateIn2 middlegame morphysMate short,https://lichess.org/puiiNBj6/black#48,
ubSiP,4Q3/1P3pbk/6p1/2B1P3/3p1Pb1/3q2Pp/r6P/4R1KB w - - 0 34,b7b8q d3g3 h2g3 h3h2 g1f1 g4h3 h1g2 h3g2,2113,80,94,11867,advancedPawn mate mateIn4 middlegame morphysMate sacrifice veryLong,https://lichess.org/oh1TiuGW#67,
usvR9,8/p5kp/n1B4p/1p2B3/1P4b1/P7/3q4/5RK1 b - - 3 39,g7g6 c6e8 g6g5 e5f6,2030,102,89,48,endgame mate mateIn2 morphysMate short,https://lichess.org/mDxkGnTa/black#78,
v1cAY,8/7k/p3R1p1/1p5K/2p1RP2/2N3rP/PP3b2/8 w - - 0 39,h5h4 g3g2,1911,77,83,292,discoveredAttack discoveredCheck endgame mate mateIn1 morphysMate oneMove,https://lichess.org/i7lAVTNQ#77,
v9J9q,3r2rk/1b2qp1p/p3p2b/4P2B/QP1N3P/P5P1/5P2/3R1RK1 w - - 1 26,g1h2 e7h4 g3h4 h6f4 h2h3 b7g2,1908,76,88,144,long mate mateIn3 middlegame morphysMate sacrifice,https://lichess.org/yb0xgf90#51,
vAmp7,r5r1/p1k2p2/1ppN4/4P2p/2P3b1/1P6/P2R1P1P/3R2K1 w - - 0 26,d1c1 g4e2 g1h1 e2f3,2042,80,95,15306,discoveredAttack discoveredCheck endgame mate mateIn2 morphysMate short,https://lichess.org/o6B6FD6W#51,
vD5y0,8/2p2pkp/3p2pr/3Pb3/8/2r5/1Q2BPP1/4RK2 w - - 3 32,f2f4 h6h1 f1f2 e5d4,2052,79,94,14166,endgame mate mateIn2 morphysMate short,https://lichess.org/NAcFUmlF#63,
vNMZh,2r5/5k1p/2r3p1/b1P2p2/P1R5/3KP2P/5PP1/2R5 w - - 7 37,d3d4 c8d8 d4e5 a5c7,1975,95,84,57,endgame mate mateIn2 morphysMate short,https://lichess.org/Em0l8Cys#73,
vbraR,6k1/2R2ppp/b3pn2/p3N3/P2B1P2/4P2R/3b2PP/1r4K1 w - - 2 22,g1f2 b1f1 f2g3 d2e1,2038,79,86,151,mate mateIn2 middlegame morphysMate short,https://lichess.org/IZ1eFpLG#43,
vmEnk,2kr2br/pp1n1p2/2pBp1p1/8/P1BP3P/5Q2/1qP2PP1/RR4K1 b - - 1 21,b2d4 f3c6 b7c6 c4a6,2082,76,95,12856,mate mateIn2 middlegame morphysMate queensideAttack sacrifice short,https://lichess.org/fFbnpliR/black#42,
wGJKe,2r1kb1r/3Rpppp/1pB5/4q3/6P1/2N4P/PPP5/2KR4 b k - 2 16,e7e6 d7c7,2048,84,78,158,discoveredAttack discoveredCheck mate mateIn1 middlegame morphysMate oneMove,https://lichess.org/ajuHfWpA/black#32,Blackmar-Diemer_Gambit_Accepted Blackmar-Diemer_Gambit_Accepted_Teichmann_Defense
wJUgQ,7r/8/1R6/2p1k3/4p1B1/N3P1K1/7p/4N3 b - - 0 46,h2h1q a3c4 e5d5 g4e6,1951,83,74,141,endgame mate mateIn2 morphysMate short,https://lichess.org/AR43cXYn/black#92,
wTsAm,4r1k1/p5r1/2p2bb1/2Pp4/8/P1N1P3/4QPqN/2R2RK1 w - - 0 30,g1g2 g6e4 g2h3 e4g2,2135,80,86,97,discoveredCheck doubleCheck master mate mateIn2 middlegame morphysMate short,https://lichess.org/WeLN4QvO#59,
wV9Bj,2kr3r/pp1n1pp1/2pBpnp1/8/3P4/2qB1Q2/P4PPP/1R3RK1 b - - 1 18,c3d4 f3c6 b7c6 d3a6,2110,76,96,6122,mate mateIn2 middlegame morphysMate queensideAttack sacrifice short,https://lichess.org/9B1tmENU/black#36,Caro-Kann_Defense Caro-Kann_Defense_Classical_Variation
wVcjF,5bk1/2p2p1p/p5pP/1p3bQ1/2r5/2P2P1N/PP2r1P1/2KR4 w - - 3 25,g2g4 c4c3 b2c3 f8a3,2032,80,92,568,mate mateIn2 middlegame morphysMate queensideAttack sacrifice short,https://lichess.org/eLkoa4hL#49,
wVuGA,2k1rb2/5pp1/pR1p3p/B1pP4/2b3B1/8/P4PPP/6K1 b - - 1 38,c8c7 b6b5,1971,83,90,3181,discoveredAttack discoveredCheck endgame master mate mateIn1 morphysMate oneMove,https://lichess.org/mmkEhqmY/black#76,
wbHNd,r3r3/p1p3Bp/bp6/8/8/1P3P2/P1k1n1PP/RR5K b - - 3 26,e2f4 b1b2 c2d3 a1d1 d3e3 g7d4,1976,77,95,6754,long mate mateIn3 middlegame morphysMate,https://lichess.org/pUdUspTU/black#52,
wciEs,2r2rk1/pp1N1pp1/1q2p2p/b7/3PQ2B/2P1R3/P4PPP/5bK1 b - - 1 21,b6c6 d7f6 g7f6 e3g3 g8h8 h4f6,1988,84,91,552,intermezzo kingsideAttack long mate mateIn3 middlegame morphysMate sacrifice,https://lichess.org/vHjWRP3V/black#42,
wdcC8,5B2/2R3pp/5pk1/4p3/3pP1P1/2n5/6PK/1r6 b - - 9 41,c3e4 c7g7 g6h6 g7g8,2141,82,86,88,discoveredAttack discoveredCheck endgame mate mateIn2 morphysMate short,https://lichess.org/0Qt4QHLx/black#82,
wnpbu,rnb4r/ppp1b2p/6q1/5k2/2P2Rp1/3P3Q/PBP3PP/R5K1 b - - 0 16,f5f4 a1f1 f4g5 b2c1,2019,78,95,14386,mate mateIn2 middlegame morphysMate short,https://lichess.org/mrTrXcve/black#32,Kings_Gambit_Accepted Kings_Gambit_Accepted_Abbazia_Defense
x2lU5,4rr1k/3R3p/1Q3p2/8/8/2b2b1P/P1P2PP1/6KR w - - 0 24,g2f3 f8g8 d7g7 g8g7 g1h2 c3e5 f3f4 e5f4,1955,80,93,5283,endgame mate mateIn4 morphysMate veryLong,https://lichess.org/SMNnLxCL#47,
x3QEa,8/5pk1/6p1/3B4/3bPP1p/6KP/3r2P1/2R5 w - - 0 40,g3h4 d2g2 e4e5 d4f2,2015,82,91,1436,endgame mate mateIn2 morphysMate short,https://lichess.org/fRxwHGr9#79,
x4vu5,6R1/2p1B2p/1p4pk/1b3p2/8/1BP3bP/P2r4/2R3K1 w - - 4 35,c1c2 g3h2 g1h1 b5c6 b3d5 c6d5,1923,77,91,228,exposedKing long mate mateIn3 middlegame morphysMate,https://lichess.org/Kqk5BflQ#69,
x6SZL,r3kb1r/pb3p2/4PP2/2p1n1B1/1pB5/2N3P1/PP3P1P/3RK2R b Kkq - 0 16,b7h1 e6f7 e5f7 c4b5 h1c6 b5c6,2165,83,80,104,advancedPawn attackingF2F7 long mate mateIn3 middlegame morphysMate,https://lichess.org/SSiPgN1d/black#32,Semi-Slav_Defense Semi-Slav_Defense_Botvinnik_Variation
xOasO,r4rk1/5pp1/pq1p3p/1pnP4/6bB/2Q2P1P/P1B1KP2/1RR5 b - - 0 24,g4h3 c3g7 g8g7 c1g1 h3g2 g1g2 g7h8 h4f6,2007,79,92,388,attraction kingsideAttack mate mateIn4 middlegame morphysMate sacrifice veryLong,https://lichess.org/wjgnyc7N/black#48,
xWELl,3r2k1/p5p1/2b3qp/2p2p2/NP2r3/1P2B3/2P1QPPP/R4RK1 w - - 1 29,a4c5 g6g2 g1g2 e4g4 g2h3 c6g2,2155,86,90,682,attraction discoveredCheck doubleCheck kingsideAttack long mate mateIn3 middlegame morphysMate sacrifice,https://lichess.org/pE8cGbgr#57,
xWI8S,3k3r/R3pp1p/6pb/1B1N1b2/3P1P1n/1P4K1/1P4rP/R7 w - - 5 23,g3h4 g6g5 f4g5 h6g5 h4h5 f5g6,1964,77,92,652,long mate mateIn3 middlegame morphysMate,https://lichess.org/vGfUCTIW#45,
xgPyL,7r/8/3b1p2/4k2p/2Bp2pP/p5P1/6PK/R7 b - - 1 37,h8c8 a1e1 e5f5 c4d3,2186,87,88,805,endgame mate mateIn2 morphysMate short,https://lichess.org/b30AhqNa/black#74,
xhkE8,8/R4pk1/7p/1p1p2p1/1P1P4/Q3PPK1/2r3PP/5b2 w - - 4 39,f3f4 c2g2 g3h3 g2g1,1962,83,92,1090,discoveredAttack discoveredCheck endgame mate mateIn2 morphysMate short,https://lichess.org/bDjUoWH6#77,
xtb5o,8/5R1k/5P2/K7/2rBb1P1/2P5/8/1r6 b - - 0 61,h7g6 f7g7 g6h6 d4e3,2048,74,93,428,endgame mate mateIn2 morphysMate short,https://lichess.org/oomrOPUx/black#122,
y4LzI,r2q2k1/1pp2p1p/p1np1b2/8/3B4/2N5/PPP1QP1P/2K3R1 b - - 1 21,g8h8 e2e8 d8e8 d4f6,1997,81,92,1641,deflection kingsideAttack mate mateIn2 middlegame morphysMate sacrifice short,https://lichess.org/Mu5cRlPo/black#42,
yB0Ug,1rr4k/1q3p1b/pn5Q/4b2P/3Bp3/1P6/2P4P/2KR2R1 b - - 4 31,b7c7 h6f6 e5f6 d4f6,2104,75,95,2484,mate mateIn2 middlegame morphysMate sacrifice short xRayAttack,https://lichess.org/oRJ3ouwN/black#62,
yFjZT,rr6/4qN1k/p2bBpp1/1p1Pp2p/2p1P3/2R3Q1/PP3PPP/6K1 b - - 1 32,d6b4 g3g6 h7g6 c3g3 g6h7 e6f5,1924,76,92,2642,attraction long mate mateIn3 middlegame morphysMate sacrifice,https://lichess.org/AzgDItq1/black#64,
yJ7Zu,8/6k1/6p1/R4b2/5R1K/8/8/1r6 w - - 14 82,h4g5 b1g1 g5h4 g6g5 h4h5 f5g6,2013,78,92,6607,endgame fork long mate mateIn3 morphysMate,https://lichess.org/36SQHSQl#163,
yNqbl,6k1/8/4p2p/3b4/3b2P1/8/1r1B4/1BR2K2 w - - 0 42,d2h6 d5g2 f1e1 d4f2 e1d1 g2f3,1901,75,87,232,endgame exposedKing long mate mateIn3 morphysMate,https://lichess.org/5G5g6ajb#83,
yfDP5,6k1/R3Rpp1/7p/8/5P1K/1P3b2/P4P1P/6r1 w - - 9 36,e7f7 g7g5 f4g5 h6g5 h4h3 f3g4,1938,74,95,2433,endgame long mate mateIn3 morphysMate,https://lichess.org/HyesDWrA#71,
ypyRh,5b2/pp3B2/8/4kpB1/4p2P/7q/PP1R1P2/6K1 b - - 6 35,e4e3 f2f4 e5e4 f7d5,2085,81,84,96,endgame mate mateIn2 morphysMate short,https://lichess.org/Cur0tgEs/black#70,
ysuOL,rn5r/ppp2ppk/7p/b2Np3/4P3/P4P1B/1PP2P1P/2KR2R1 b - - 5 15,c7c6 d5f6 g7f6 h3f5,2120,78,85,339,mate mateIn2 middlegame morphysMate sacrifice short,https://lichess.org/AnnKBrFr/black#30,Philidor_Defense Philidor_Defense_Other_variations
ytjYF,5r1r/1k6/p7/8/QPP5/6b1/P5P1/3R3K w - - 2 33,h1g1 g3h2 g1h1 h2f4 h1g1 f4e3,2074,74,93,1655,discoveredAttack discoveredCheck endgame long mate mateIn3 morphysMate,https://lichess.org/HrpTKRka#65,
z3gf2,2k5/p1q5/1p1b3Q/3p2p1/4b3/2P3PP/PP3r2/2KR1BR1 w - - 0 24,h6g5 c7c3 b2c3 d6a3,2197,76,95,1966,mate mateIn2 middlegame morphysMate queensideAttack sacrifice short,https://lichess.org/xx4gnob9#47,
z9JFX,rnr5/pp1b1R1k/4B2p/3P4/3B4/P5P1/1P2q2P/R5K1 b - - 2 29,h7g6 f7g7 g6h5 e6f7,1972,78,92,881,mate mateIn2 middlegame morphysMate short,https://lichess.org/OOQjO5Q0/black#58,
zJQwt,6k1/p1b3p1/3rp2p/1R2Kp1P/3P4/4B3/PP4P1/8 w - - 2 33,b5c5 d6c6,1994,74,93,2641,discoveredAttack discoveredCheck endgame master mate mateIn1 morphysMate oneMove,https://lichess.org/NvQIxGcO#65,
zLnko,r2qk3/pb1p1p1p/1p6/5p2/6r1/4P1PK/P1P2P1P/1R1Q1B1R w q - 1 24,f1g2 d8h4 g3h4 b7g2,2013,73,94,15904,mate mateIn2 middlegame morphysMate sacrifice short,https://lichess.org/3mPTL7m8#47,
zMbqJ,8/5kP1/4p3/2bp4/2bN1P2/2R3P1/1r6/2R1K3 w - - 1 58,d4e6 c5f2 e1d1 c4e2,1972,80,65,141,endgame mate mateIn2 morphysMate short,https://lichess.org/EaPIQSeK#115,
zO1hl,2kr1b1r/pR3pp1/B3p3/2qpP2p/3n1PQ1/4p1K1/P1P3PP/1R6 b - - 1 18,h5g4 b7f7,1919,76,94,9065,discoveredAttack discoveredCheck master mate mateIn1 middlegame morphysMate oneMove,https://lichess.org/4sXWp95h/black#36,Alekhine_Defense Alekhine_Defense_Scandinavian_Variation
zOdey,4r1k1/2p2pp1/1pn1q2p/p2P2r1/8/P1NBPb2/2Q2PPP/1R3RK1 w - - 1 21,d5e6 g5g2 g1h1 g2g4,1925,79,89,445,discoveredAttack discoveredCheck kingsideAttack mate mateIn2 middlegame morphysMate short,https://lichess.org/iBh0IRuH#41,
zY4Vv,2k5/1pq3rp/p2pN3/3Q1p2/2P1p3/1P3b2/P4PPP/b1B2RK1 w - - 6 23,e6c7 g7g2 g1h1 g2g7,1913,81,75,191,discoveredAttack discoveredCheck kingsideAttack mate mateIn2 middlegame morphysMate short,https://lichess.org/6R27Mjqy#45,
zYo9D,r4rk1/pp5p/5p2/3P1R2/1P1Q4/Pq4P1/1B5P/7K b - - 0 29,a8e8 f5g5 g8h8 d4f6 f8f6 b2f6,1992,75,96,13478,endgame long mate mateIn3 morphysMate sacrifice,https://lichess.org/tRVTerio/black#58,
zZE5m,8/7R/p1B3k1/2p2p1R/3r1rp1/Pp4K1/1PP5/8 b - - 7 53,b3c2 c6e8 g6f6 h5h6 f6e5 h7e7 e5d5 e8f7,2111,76,93,3457,endgame mate mateIn4 morphysMate veryLong,https://lichess.org/0pbHMJQm/black#106,
ziY5w,r3r1k1/pppq1Rbn/3p2p1/4p1Bp/2B1P2P/2N1P3/PPK3P1/5R2 b - - 0 18,d7c6 f7f8,1938,79,92,10509,discoveredCheck doubleCheck mate mateIn1 middlegame morphysMate oneMove pillsburysMate,https://lichess.org/Ncbl2VLo/black#36,Modern_Defense Modern_Defense_Other_variations
zp0xp,r6r/ppN2ppp/2n4q/4k3/B2p4/5PRb/P6P/4R2K b - - 1 26,e5f4 c7d5 f4f5 a4c2 d4d3 c2d3,2101,84,80,206,long mate mateIn3 middlegame morphysMate,https://lichess.org/5F11HIbr/black#52,
