PuzzleId,FEN,Moves,Rating,RatingDeviation,Popularity,NbPlays,Themes,GameUrl,OpeningTags
01hzW,3r4/1p5p/2kb3R/p4pP1/Prp2P2/K3P1N1/1P6/3R4 w - - 0 34,g3f5 b4a4 a3a4 b7b5 a4a5 d8a8,2124,103,49,18,attraction discoveredCheck doubleCheck endgame long mate mateIn3 pillsburysMate sacrifice,https://lichess.org/084UsBdW#67,
01iF8,5r1k/1p4pp/p5r1/3P4/3Bb2b/2Q5/PP4PP/R4B1K w - - 11 27,a1e1 f8f1 e1f1 e4g2 h1g1 g2f3,2001,78,90,828,discoveredAttack discoveredCheck fork long mate mateIn3 middlegame pillsburysMate,https://lichess.org/N2fOcxqm#53,
03DDF,5k2/R7/6pp/8/1B3p2/7P/4q1B1/7K b - - 1 40,f8e8 g2c6 e8d8 b4a5 d8c8 a7a8,2138,80,79,329,endgame exposedKing long master mate mateIn3 pillsburysMate,https://lichess.org/sLk0A4ie/black#80,
05DXA,3r1rk1/q3bppp/2p1p3/1p2B3/1n1P4/3B1P2/PPP2P1P/R5RK b - - 3 21,b4d3 g1g7 g8h8 g7g8 h8g8 a1g1 e7g5 g1g5,2176,79,91,3583,attraction discoveredCheck doubleCheck kingsideAttack mate mateIn4 middlegame pillsburysMate sacrifice veryLong,https://lichess.org/LxCZiFJa/black#42,
06Gr2,1r4k1/2p2ppp/8/p3rb2/P1K5/1B3P2/Rb1N2P1/3R4 w - - 2 28,a2b2 b8b4 c4c3 e5e3,2036,76,94,12854,master mate mateIn2 middlegame pillsburysMate short,https://lichess.org/n7KafKew#55,
06NfA,4r1k1/1p3p2/p3r1p1/3pq3/3R4/1PB3Pb/PQ2P2P/4R1K1 w - - 0 28,d4h4 e5e3 g1h1 e3f3 e2f3 e6e1 c3e1 e8e1,2020,89,60,30,discoveredAttack kingsideAttack mate mateIn4 middlegame pillsburysMate sacrifice veryLong,https://lichess.org/2GiOAs2B#55,
06l4B,1k6/1p6/1Qn5/PN1p4/5b2/7P/1Pr1KP2/8 w - - 0 34,e2d3 c6b4 d3d4 c2c4,2071,79,85,852,endgame mate mateIn2 pillsburysMate short vukovicMate,https://lichess.org/TZA9RwgR#67,
08Kbk,2r5/4kpBp/2r1p1pP/p2n2P1/1p6/5P2/PPPR4/1K1R4 b - - 0 25,d5e3 g7f6 e7f8 d2d8 c8d8 d1d8,1912,75,86,387,endgame long mate mateIn3 pillsburysMate,https://lichess.org/7QFaswiV/black#50,
09RYY,r1bq1rk1/p1pp1ppp/8/2pN1P2/2B1P3/6R1/PP4PP/n1B3K1 b - - 1 15,f7f6 d5e7 g8h8 e7g6 h7g6 g3h3,2006,79,56,59,discoveredCheck doubleCheck kingsideAttack long mate mateIn3 middlegame pillsburysMate sacrifice,https://lichess.org/KbXhYqrI/black#30,Scotch_Game Scotch_Game_Other_variations
09nfc,r1bq2k1/pppn2p1/4p1Qp/4P1b1/3P4/2PB4/P1P3PP/5RK1 b - - 0 15,d7f8 g6f7 g8h8 f7f8 d8f8 f1f8,2024,75,95,8850,deflection kingsideAttack long mate mateIn3 middlegame pillsburysMate,https://lichess.org/d65b5kxY/black#30,Rat_Defense Rat_Defense_Antal_Defense
0Bsf6,r4rk1/pp3ppp/5b2/3qB3/3P4/5PQB/bP5P/K2R2R1 b - - 1 23,a2b3 g3g7 f6g7 g1g7 g8h8 g7g8 h8g8 d1g1,1968,74,93,6683,attraction discoveredCheck doubleCheck kingsideAttack mate mateIn4 middlegame pillsburysMate sacrifice veryLong,https://lichess.org/oZsq3Gt2/black#46,
0BzgA,4b3/4R2p/6pk/2BBNp1n/p2P1b2/7P/Pr6/6K1 w - - 4 32,e7e8 f4e3 g1f1 h5g3 f1e1 b2b1,1997,76,95,1932,exposedKing long mate mateIn3 middlegame pillsburysMate,https://lichess.org/yWvDyuwY#63,
0GQFz,6k1/R7/p3N1B1/3p4/3P3P/6P1/3n1PK1/2r2b2 w - - 6 37,g2g1 d2f3 g1h1 f1h3,1923,88,86,115,discoveredAttack discoveredCheck endgame mate mateIn2 pillsburysMate short,https://lichess.org/PqC6731r#73,
0GlLE,r1bq1r1k/bpp3pp/p5n1/6RQ/3P4/1BN5/PP3PPP/R5K1 b - - 2 17,a7d4 h5h7 h8h7 g5h5,1989,77,88,1387,attraction kingsideAttack mate mateIn2 middlegame pillsburysMate sacrifice short,https://lichess.org/qUVDzKlG/black#34,Italian_Game Italian_Game_Giuoco_Piano
0H8LG,2k1r3/ppp2ppp/b7/3p4/P2P1b2/1BN1rP2/1PPK2PP/R2R4 w - - 4 21,c3d5 e3d3,2133,77,94,10954,discoveredCheck doubleCheck mate mateIn1 middlegame oneMove operaMate pillsburysMate,https://lichess.org/pW6rLvpM#41,
0Inzg,6rk/1Q4pp/5nrq/p4p2/1b1BpP2/4P1PP/PP1N3K/3R2R1 w - - 14 33,d2c4 f6g4 h2g2 h6h3 g2h3 g6h6 h3g2 h6h2 g2f1 h2f2,2017,80,88,1198,attraction mate mateIn5 middlegame pillsburysMate pin sacrifice veryLong,https://lichess.org/93uUcZ7r#65,
0K3Ll,2kr2r1/pb3p1p/1p2p3/1P6/2Pp4/P3PN2/4BPPP/BN3RK1 w - - 0 17,f3d4 g8g2 g1h1 g2g1 h1g1 d8g8 e2g4 g8g4,2136,76,92,6108,attraction discoveredCheck doubleCheck kingsideAttack mate mateIn4 middlegame pillsburysMate sacrifice veryLong,https://lichess.org/ZO0gdcpI#33,Horwitz_Defense Horwitz_Defense_Other_variations
0MUv0,1r4k1/2r5/p5p1/P4pN1/4pP2/B5PK/5b2/3R4 b - - 4 40,b8b7 d1d8 g8g7 a3f8 g7f6 d8d6,2065,81,84,146,endgame exposedKing long master mate mateIn3 pillsburysMate,https://lichess.org/YYkIIj3c/black#80,
0N9PM,7r/R2k2p1/1pp5/8/1PB2Bp1/2P3Pq/7P/7K b - - 5 32,d7c8 c4e6 c8d8 f4g5 d8e8 a7a8,1974,75,98,1176,endgame exposedKing long mate mateIn3 pillsburysMate,https://lichess.org/2rAJcTja/black#64,
0NitZ,2kr3r/pp5p/5pn1/5b2/8/1B1p2B1/PP3PPP/3R1K1R b - - 1 19,h8e8 d1c1 c8d7 c1c7,2020,79,91,2555,master mate mateIn2 middlegame operaMate pillsburysMate short,https://lichess.org/Xsq5JtJ7/black#38,Elephant_Gambit Elephant_Gambit_Other_variations
0PSj5,6k1/5p2/RP1pb2p/3r4/3b2p1/6Pn/4B1PP/1R2N1K1 w - - 5 35,g1h1 h3f2 h1g1 f2e4 g1h1 e4g3 h2g3 d5h5,2082,76,95,882,discoveredAttack discoveredCheck mate mateIn4 middlegame pillsburysMate sacrifice veryLong,https://lichess.org/ZJUeVIlg#69,
0Py9c,r2k3r/pppP2p1/8/2b4B/4n3/2P5/PP4PP/RNB2RK1 w - - 0 20,g1h1 e4g3 h2g3 h8h5,1903,82,90,1739,kingsideAttack mate mateIn2 middlegame pillsburysMate short,https://lichess.org/uaesFFWG#39,
0RKpE,2rr2k1/1pq2ppQ/p2bpBn1/2np4/5P2/PP2P2R/2PN2PP/R5K1 b - - 9 19,g8f8 h7h8 g6h8 h3h8,1956,78,77,283,mate mateIn2 middlegame pillsburysMate sacrifice short,https://lichess.org/ZC4qq9nA/black#38,
0RieZ,b1k3r1/P1p2p2/2qnp3/2N5/2nB4/5PP1/2P4P/RR4K1 b - - 7 32,c8d8 d4f6 d8e8 b1b8 d6c8 b8c8,1908,79,93,5757,long mate mateIn3 middlegame pillsburysMate,https://lichess.org/1aSlQMal/black#64,
0SgkP,8/p3r2p/1p4p1/8/2B1k2P/2PR1nP1/P4K2/8 b - - 2 48,f3e5 d3d4 e4f5 d4f4,2173,75,96,11878,endgame mate mateIn2 pillsburysMate short,https://lichess.org/wSKq60qd/black#96,
0ToqZ,2b1r1k1/pp4pp/2p5/8/P7/6P1/P1Q1qPBP/3R2K1 w - - 7 27,d1d2 e2e1 g2f1 e1f1 g1f1 c8h3 f1g1 e8e1,2197,79,85,114,attraction endgame mate mateIn4 pillsburysMate sacrifice veryLong,https://lichess.org/7xNYgVfx#53,
0WEM5,4rk2/p1p2p1Q/b1pp1b1P/7P/2PqB1P1/4R3/P4K2/RN6 b - - 4 25,d4a1 h7f7 f8f7 e4g6 f7g8 e3e8,2191,83,74,134,attraction deflection discoveredAttack long mate mateIn3 middlegame pillsburysMate sacrifice,https://lichess.org/lntbhB0n/black#50,
0YWYm,r3r3/ppp2R1p/6pk/3B4/P2q4/8/2P4P/R1B4K b - - 3 25,h6h5 d5f3 h5h4 f7h7,2026,74,96,14251,mate mateIn2 middlegame pillsburysMate short,https://lichess.org/Sr2zECTB/black#50,
0aazY,3r2k1/R4pp1/1pb4p/8/6q1/4Q1P1/PP1p1P1P/3R2K1 w - - 1 30,d1d2 g4d1 d2d1 d8d1 e3e1 d1e1,1945,76,68,204,endgame long mate mateIn3 pillsburysMate sacrifice xRayAttack,https://lichess.org/YUe9Fcbv#59,
0bFxt,r1r5/ppp2RB1/1bnk4/8/2B1n3/2P5/PP1N2PP/R5K1 w - - 9 23,g1h1 e4g3 h2g3 c8h8 g7h8 a8h8 f7h7 h8h7,1917,78,93,2809,mate mateIn4 middlegame pillsburysMate sacrifice veryLong,https://lichess.org/3dxdl7j4#45,
0cDoN,1R6/3K1p2/4pBk1/3pPpP1/r2P1n2/3P4/8/8 b - - 8 72,a4d4 b8h8 f4e2 h8h6,2063,79,91,188,endgame mate mateIn2 pillsburysMate quietMove short,https://lichess.org/VeszKNkZ/black#144,
0f64S,N4b1r/pp3ppp/5k2/4n3/8/5N2/PPb1PPPP/3RKB1R w K - 0 14,d1c1 e5f3 e2f3 f8b4 e1e2 h8e8,2082,76,94,953,long mate mateIn3 middlegame pillsburysMate,https://lichess.org/rNBwfMsx#27,Queens_Pawn_Game Queens_Pawn_Game_Chigorin_Variation
0ftFY,2r3k1/4pR1p/p5p1/1p6/8/1B2q1nP/PB4PK/8 b - - 0 37,e3e2 f7g7 g8h8 g7g8,2080,84,91,1436,discoveredCheck doubleCheck endgame mate mateIn2 operaMate pillsburysMate short,https://lichess.org/z5y0gTOJ/black#74,
0gZ7A,2kr4/B3bp2/p2p3p/4p3/6b1/5Nr1/P4RP1/1R2K3 b - - 1 26,d8d7 b1b8 c8c7 f2c2,2094,77,95,1909,mate mateIn2 middlegame pillsburysMate short,https://lichess.org/HYUfhpjA/black#52,
0hUri,3k2r1/pp2Rp1p/2bp4/8/8/2N2N2/PP3PnP/4R1K1 w - - 2 26,e1e2 g2e3 f3g5 g8g5,1945,76,94,1817,discoveredAttack discoveredCheck mate mateIn2 middlegame pillsburysMate short,https://lichess.org/9ONUWDNb#51,
0ibil,r3qr2/p2pbp1k/1p3p1p/1BpbnP1Q/7B/7R/PPP3PP/5RK1 b - - 1 19,f8g8 h5h6 h7h6 h4f6,2037,77,94,10907,discoveredAttack discoveredCheck mate mateIn2 middlegame pillsburysMate sacrifice short,https://lichess.org/8eJeBSby/black#38,Sicilian_Defense Sicilian_Defense_Closed
0ih5y,4R3/p5kp/1p6/2p2pp1/3b4/1B3PPK/P2r3P/5R2 w - - 8 36,f3f4 g5g4 h3h4 d4f6 h4h5 d2h2,1976,77,87,461,endgame long mate mateIn3 pillsburysMate,https://lichess.org/X8M4mDIO#71,
0kJRL,3r2k1/p1R1p3/2B4B/4Nb1p/6p1/6P1/PPn2P1P/6K1 w - - 3 30,c7e7 d8d1 g1g2 c2e1 g2f1 e1f3 f1e2 d1e1,1944,78,89,1274,discoveredAttack discoveredCheck hookMate mate mateIn4 middlegame pillsburysMate veryLong,https://lichess.org/PE9WtXxO#59,
0lOJh,2r3k1/1br2pp1/pq2p2p/1p6/4n3/P1NQP3/1P3PPP/1BRR2K1 b - - 5 22,e4c3 d3d8 c8d8 d1d8,1929,77,95,14941,kingsideAttack mate mateIn2 middlegame pillsburysMate sacrifice short,https://lichess.org/9EPnYsr8/black#44,
0lPiK,4r3/5k2/3p3p/P1bP1K2/2P3PP/8/R7/8 w - - 1 49,a5a6 c5e3 g4g5 h6h5 g5g6 f7g7 c4c5 e8e5,2074,74,96,1529,defensiveMove endgame mate mateIn4 pillsburysMate quietMove veryLong,https://lichess.org/tLoTZSOr#97,
0lmd4,2k3rr/1pp5/p1b1N3/4P2p/3p4/8/PPP2PPP/R4RK1 w - - 0 21,e6d4 g8g2 g1h1 g2g1 h1g1 h8g8,1998,85,87,76,attraction discoveredCheck doubleCheck endgame long mate mateIn3 pillsburysMate sacrifice,https://lichess.org/NGoqKhv4#41,
0oUPI,3rb2r/pRnk2pp/B1p2p2/4p3/8/4PPB1/P4KPP/3R4 b - - 5 23,d7c8 b7b8 c8b8 d1d8,2018,78,65,180,attraction deflection discoveredCheck doubleCheck mate mateIn2 middlegame pillsburysMate queensideAttack short,https://lichess.org/XJZCj92m/black#46,
0paT5,6rk/4pQ1p/3p1ppB/3Pq3/2p1PP2/7R/6PK/r7 b - - 0 35,e5e4 f7h7 h8h7 h6f8,1909,81,91,1447,discoveredAttack discoveredCheck endgame mate mateIn2 pillsburysMate sacrifice short,https://lichess.org/pPmKxDk9/black#70,
0rxzU,2n4r/2P3k1/p1Rp3b/1p1Pp3/1B2P2r/P2P1Bp1/6P1/4R1K1 w - - 10 37,b4d6 h4h1 g1h1 h6e3 f3h5 h8h5,1979,76,80,64,discoveredAttack discoveredCheck kingsideAttack long mate mateIn3 middlegame pillsburysMate sacrifice,https://lichess.org/8bWBjm5e#73,
0sAcK,r5k1/1b3p1p/p3pBp1/2q4r/2Q5/P7/5PPP/2RR2K1 b - - 0 27,c5f5 c4c8 a8c8 c1c8 b7c8 d1d8,1975,75,95,1812,long mate mateIn3 middlegame pillsburysMate sacrifice,https://lichess.org/aTIhBbJI/black#54,
0yhCd,3r1r1k/ppp1ppRp/8/1B6/3n4/2B2P1P/PPP2P2/2KR4 b - - 0 15,d4b5 g7g8 h8g8 d1g1,1945,83,92,4645,attraction discoveredCheck doubleCheck endgame mate mateIn2 pillsburysMate sacrifice short,https://lichess.org/n3l5FhDO/black#30,Alekhine_Defense Alekhine_Defense_Scandinavian_Variation
10Jgo,r3R3/pp3rk1/2pp1qNp/8/2PbB1b1/8/P1Q4P/1R5K w - - 0 26,e8a8 f6f1 b1f1 f7f1 h1g2 f1g1,2173,81,84,408,long mate mateIn3 middlegame operaMate pillsburysMate sacrifice,https://lichess.org/tog0NtM9#51,
10Trh,4r1k1/pb4pp/2pb4/2B2p2/2PP4/1P3Q1P/P4NPq/R4K2 w - - 0 25,a1e1 h2g1 f1g1 e8e1,2132,77,84,167,attraction deflection master mate mateIn2 middlegame pillsburysMate sacrifice short,https://lichess.org/KfH1mY7i#49,
110tL,r4rk1/pp2qppp/6R1/4B3/3P3P/2P1p3/P1KQ4/6R1 b - - 0 24,e3d2 g6g7 g8h8 g7g8,1950,75,96,2405,discoveredCheck doubleCheck endgame mate mateIn2 morphysMate pillsburysMate short,https://lichess.org/rL02rWWS/black#48,
11j3E,3r4/R3kpBb/2pp2p1/1p2p1P1/1P2Pn1P/1BKPq3/1PP5/8 b - - 10 33,d8d7 g7f6 e7f8 a7a8 d7d8 a8d8,1902,75,96,958,long mate mateIn3 middlegame pillsburysMate,https://lichess.org/ZA5uSGN1/black#66,
11wgm,6k1/p4r1p/1p1r4/2ppb1p1/4p3/2P1BbPq/PP3PNK/R3R1Q1 w - - 0 26,h2h3 d6h6 g2h4 g5g4 h3h2 h6h4,1987,79,86,64,deflection long mate mateIn3 middlegame pillsburysMate pin,https://lichess.org/v5PbtKux#51,
125dK,2k1r3/5R2/2R5/2B5/2p5/1qP5/p5P1/6K1 b - - 3 37,c8b8 c5d6 b8a8 c6a6,1974,75,96,2970,endgame mate mateIn2 pillsburysMate short,https://lichess.org/I3GzjrIr/black#74,
15U5K,rn3rk1/p2q1p1p/2p3pQ/3b4/B4B2/P1P5/2P2PPP/4R1K1 b - - 1 22,d7f5 h6f8 g8f8 f4h6 f8g8 e1e8,2089,82,89,1255,attraction kingsideAttack long mate mateIn3 middlegame pillsburysMate sacrifice,https://lichess.org/3EMux5aV/black#44,
17bJa,r2q1rk1/3nbpBp/p2p1n2/1p6/3PP3/1BNp1P1P/PPP5/2KR2R1 b - - 0 15,f6h5 g7f6 h5g7 g1g7 g8h8 g7g8 h8g8 d1g1,2155,75,93,12687,attraction discoveredAttack discoveredCheck doubleCheck kingsideAttack mate mateIn4 middlegame pillsburysMate sacrifice veryLong,https://lichess.org/O3GpYvld/black#30,Kings_Gambit_Accepted Kings_Gambit_Accepted_Cunningham_Defense
1BBJR,3r3k/p5p1/1pR3Bp/8/1P1B4/5NbP/r5P1/6K1 w - - 1 35,g6f7 a2a1 d4a1 d8d1 f3e1 d1e1,2089,77,94,5194,long mate mateIn3 middlegame pillsburysMate sacrifice,https://lichess.org/zkRzNyDx#69,
1Bz3S,4Bb1r/1pR2ppp/1P2pk2/8/3Pb3/4nN2/rq3PPP/3Q1RK1 b - - 5 21,e3d1 c7f7 f6g6 f7f4 g6h6 f4h4,2066,73,94,15702,discoveredAttack discoveredCheck long mate mateIn3 middlegame pillsburysMate,https://lichess.org/Nz1gMN1M/black#42,
1CtFA,3r4/pp3k2/3B2R1/4Pp1p/2P5/1PK3Rq/8/8 b - - 5 38,h3f1 e5e6 f7e8 g6g8,2171,108,85,29,endgame mate mateIn2 pillsburysMate short,https://lichess.org/JA82dUQb/black#76,
1Cuey,3r2r1/1p5p/1Q1b1k2/P1p1N3/B1Pp1n1n/3P1b2/7P/1R2R1K1 w - - 0 37,g1f2 f4h3 f2f1 g8g1,2038,76,90,865,mate mateIn2 middlegame pillsburysMate short,https://lichess.org/XMUAxQSq#73,
1Gxoc,6nr/1pN3p1/2npk2p/4P1B1/1p2P3/2bP4/r5PP/5RK1 b - - 0 18,e6e5 f1f5 e5d4 f5d5,2023,78,82,799,mate mateIn2 middlegame pillsburysMate short,https://lichess.org/CFwIJWj7/black#36,Bishops_Opening Bishops_Opening_Boi_Variation
1Igt6,3r1rk1/pp2qppp/2n5/2p5/8/2BB1P2/PPP2P1P/3R2RK b - - 5 19,d8d3 g1g7 g8h8 g7g8 h8g8 d1g1 e7g5 g1g5,2051,76,96,2166,attraction discoveredCheck doubleCheck kingsideAttack mate mateIn4 middlegame pillsburysMate sacrifice veryLong,https://lichess.org/ZkGlcLSy/black#38,
1Ms17,3r4/6R1/p3pp1p/1p1bPk1P/5P2/P3K3/1P2B3/8 b - - 2 31,f6e5 g7f7,1929,83,89,969,endgame mate mateIn1 oneMove pillsburysMate,https://lichess.org/3YRuY7g3/black#62,
1NuIx,8/p3r1k1/4N2p/2pB4/6p1/1P2P1P1/Pq5P/5RK1 b - - 1 30,g7h7 d5e4 h7h8 f1f8,1938,77,86,395,endgame mate mateIn2 pillsburysMate short,https://lichess.org/Vayo05UP/black#60,
1QENX,2r2r2/1p2n3/p2p3p/3Pp1k1/P1P1B3/1P5R/5pK1/7R b - - 3 39,f8f6 h3g3 g5f4 h1h4,2045,77,94,12448,endgame mate mateIn2 pillsburysMate short,https://lichess.org/Fb7esetH/black#78,
1Ty7A,r2q2k1/5r1p/1p2Q1p1/p2p2bn/3B4/2P5/PP1N4/2K1RR2 b - - 3 25,a8a7 e6e8 d8e8 e1e8 f7f8 f1f8,1950,78,94,9389,kingsideAttack long mate mateIn3 middlegame pillsburysMate,https://lichess.org/8JxE8X5Z/black#50,
1WPj2,4rrk1/1pp2ppp/p7/1q6/2nB4/2P3R1/PP2QP1P/1K5R b - - 9 25,e8e2 g3g7 g8h8 g7g8 h8g8 h1g1 b5g5 g1g5,2082,77,92,1099,attraction discoveredCheck doubleCheck kingsideAttack mate mateIn4 middlegame pillsburysMate sacrifice veryLong,https://lichess.org/GRw1XGg2/black#50,
1YXsR,r4rk1/2p2ppp/8/1p4b1/6R1/1P1n4/PBKN1P1P/R7 b - - 6 22,g5d2 g4g7 g8h8 g7g8 h8g8 a1g1 d2g5 g1g5,2166,78,78,115,attraction discoveredCheck doubleCheck mate mateIn4 middlegame pillsburysMate sacrifice veryLong,https://lichess.org/YJ5AdS6Z/black#44,
1YrNg,5r1k/p1B3pp/3P4/1NbB4/6b1/6P1/PP2r2P/4R2K w - - 5 29,e1e2 f8f1 h1g2 f1g1,1930,77,95,8289,mate mateIn2 middlegame operaMate pillsburysMate short,https://lichess.org/urAU3XTP#57,
1Ze97,2r3k1/5ppp/4p3/3pP3/1rbB1PP1/p7/3R3P/RKN5 w - - 0 34,b1c2 c4e2 d4c3 b4b2,2051,75,96,1047,discoveredAttack discoveredCheck epauletteMate mate mateIn2 middlegame pillsburysMate pin short,https://lichess.org/83eLYJ1Z#67,
1csAl,4r2k/1b2P1p1/p7/1pb1R3/3p4/6P1/PPB2P1P/6K1 b - - 5 32,c5e7 e5h5 h8g8 c2b3 b7d5 b3d5 g8f8 h5h8,1918,76,89,106,endgame mate mateIn4 pillsburysMate veryLong,https://lichess.org/2Sek97sr/black#64,
1dLRO,4r3/p1Q4p/2p2ppk/2P2b2/P7/1B3P2/1BP2PKP/4q3 w - - 4 26,b2f6 e1f1 g2f1 f5h3 f1g1 e8e1,2041,74,95,10593,attraction endgame long mate mateIn3 pillsburysMate sacrifice,https://lichess.org/q4MEvPEg#51,
1ewsm,4rrk1/p2bbppp/4qB2/2p5/3p4/3P1B2/PPPNQP1P/1K1R2R1 b - - 0 18,e6e2 g1g7 g8h8 g7g8 h8g8 d1g1 d7g4 g1g4,2029,79,75,230,attraction discoveredCheck doubleCheck kingsideAttack mate mateIn4 middlegame pillsburysMate sacrifice veryLong,https://lichess.org/ms7Ejprc/black#36,Ruy_Lopez Ruy_Lopez_Bird_Variation
1g8rj,6k1/6p1/1p1rn2p/2b5/2Q5/1P4P1/PBPq3P/1K2R3 w - - 9 35,e1e6 d2d1 b2c1 d1c1 b1c1 c5a3 c1b1 d6d1,1992,76,88,364,attraction endgame mate mateIn4 pillsburysMate sacrifice veryLong,https://lichess.org/CDrYdg6T#69,
1i37F,q5n1/2r2rNk/p4p1p/1p6/4b2Q/PB1p3R/1P1B3P/1N3K2 b - - 0 33,f7g7 h4h6 g8h6 h3h6,1954,75,95,1983,mate mateIn2 middlegame operaMate pillsburysMate sacrifice short,https://lichess.org/zCU2aRHd/black#66,
1j1AN,8/k7/ppQ5/3p4/2nP1b1P/8/PP1r4/2R1K3 w - - 0 43,c1d1 f4g3 e1f1 c4e3 f1g1 d2d1,1949,79,92,722,endgame exposedKing fork long mate mateIn3 pillsburysMate,https://lichess.org/DjfsgPMx#85,
1jdN9,6k1/pp3b1p/8/6pK/1PP2qB1/2Q1b2P/1P3r2/R2R4 w - - 2 30,h5h6 f4f6 c3f6 f2f6,1919,79,92,758,mate mateIn2 middlegame pillsburysMate short,https://lichess.org/523PmG3M#59,
1l0l5,4r3/Q5pp/1ppk4/2b5/5r2/3P4/PP1KN2P/n7 w - - 0 32,e2f4 c5b4 d2c1 e8e1,2049,75,95,802,endgame mate mateIn2 pillsburysMate short,https://lichess.org/83rpdFAu#63,
1lNrG,4r2k/p3pn1p/3bRppB/q1pR4/5P1Q/8/PP4PP/6K1 b - - 2 26,a5a2 h4f6 e7f6 e6e8 d6f8 e8f8,1923,77,94,3265,kingsideAttack long mate mateIn3 middlegame pillsburysMate sacrifice,https://lichess.org/7Yb5YsBo/black#52,
1lyqG,2rq1rk1/pb1nbppp/1p2pB2/3P4/2p5/2NQP3/PPB1NP1P/2KR2R1 b - - 0 15,c4d3 g1g7 g8h8 g7g8 h8g8 d1g1,2141,77,93,4176,attraction discoveredCheck doubleCheck kingsideAttack long mate mateIn3 middlegame pillsburysMate sacrifice,https://lichess.org/INWGuuKL/black#30,Queens_Gambit_Declined Queens_Gambit_Declined_Other_variations
1qMoI,r1b2k1r/ppp2P1p/2n3pB/8/4R3/2b2N2/PnP2PPP/4R1K1 b - - 1 16,f8f7 f3g5 f7f6 e4f4 c8f5 e1e6,2167,83,90,1103,clearance long mate mateIn3 middlegame pillsburysMate pin,https://lichess.org/p1NxGDAn/black#32,Scandinavian_Defense Scandinavian_Defense_Mieses-Kotroc_Variation
1uByj,8/5ppk/4b2p/PR6/2q1r3/6P1/1Q3P1P/5RK1 w - - 3 35,a5a6 c4f1 g1f1 e6h3 f1g1 e4e1,2074,76,97,3618,attraction endgame long mate mateIn3 pillsburysMate sacrifice,https://lichess.org/LYhxjW0m#69,
1wN1a,2kr2r1/ppp2p2/3p3p/1B6/P3PP1b/Q4N1P/1P3R1K/R1Bq4 w - - 1 25,c1e3 h4g3 h2g2 g3f4 f3g5 g8g5,1975,80,82,60,discoveredAttack discoveredCheck fork long master mate mateIn3 middlegame pillsburysMate,https://lichess.org/fSfO3q6n#49,
1xp6c,4r2k/8/R7/5p2/N4b1P/3P1n2/PP3P2/6RK w - - 1 36,g1g6 e8e1 h1g2 f3h4 g2h3 e1h1,2089,76,95,4309,endgame exposedKing long mate mateIn3 pillsburysMate,https://lichess.org/f6uKHxz7#71,
216PF,2r1r2k/pp3Q1p/3b2pB/5p2/4nP2/7R/PP2B1PK/4q3 b - - 3 32,e8g8 f7h7 h8h7 h6f8 e1h4 h3h4,2059,78,95,6643,discoveredAttack discoveredCheck kingsideAttack long mate mateIn3 middlegame pillsburysMate sacrifice,https://lichess.org/Gwymi1Q6/black#64,
21yvM,8/p7/1pB2k1p/1P3pp1/2br4/6P1/5P1P/R5K1 w - - 6 33,a1a7 d4d1 g1g2 c4f1 g2f3 d1d3,1929,76,96,1504,endgame long mate mateIn3 pillsburysMate,https://lichess.org/soetG3dV#65,
22TfY,r7/pb3p1p/1p3k2/4N3/1QB5/P3P3/5PrP/R4RK1 w - - 0 21,g1h1 g2g1 h1g1 a8g8 e5g4 g8g4,2123,85,46,57,attraction discoveredCheck doubleCheck long mate mateIn3 middlegame pillsburysMate sacrifice,https://lichess.org/qYUbMe3B#41,
26ITk,2r2rk1/1p3ppp/p7/3n4/P3p3/2B1P2P/q1QN1PR1/2R4K b - - 0 24,a2c2 g2g7 g8h8 g7g8 h8g8 c1g1,2083,82,80,293,attraction discoveredCheck doubleCheck kingsideAttack long mate mateIn3 middlegame pillsburysMate sacrifice,https://lichess.org/sVCbnnwn/black#48,
26keu,2kr4/pb5p/4p3/2B3r1/Q1P5/8/5PPP/1R3RK1 w - - 0 24,c5a7 g5g2 g1h1 g2g1 h1g1 d8g8,1957,100,66,54,attraction discoveredCheck doubleCheck long mate mateIn3 middlegame pillsburysMate sacrifice,https://lichess.org/v6swLDDv#47,
27HEf,r2q1rk1/pp3ppp/2np4/2p5/2P1Pn2/P2B1N2/1BP2P1K/R5R1 b - - 4 19,f4d3 g1g7 g8h8 g7g8 h8g8 a1g1 d8g5 g1g5,2089,82,92,2049,attraction discoveredCheck doubleCheck kingsideAttack mate mateIn4 middlegame pillsburysMate sacrifice veryLong,https://lichess.org/BZx22bAL/black#38,Scotch_Game Scotch_Game_Other_variations
28QF6,R5k1/1p4bp/2p1r3/6B1/4n3/1r5P/1P4P1/5R1K b - - 2 30,g7f8 f1f8 g8g7 f8g8 g7f7 a8f8,2073,77,94,13086,blindSwineMate long mate mateIn3 middlegame pillsburysMate,https://lichess.org/tv9zt55C/black#60,
2Blz2,r1b1rnk1/pp2q1p1/2p4p/3pP1PQ/8/2NBP3/PP5P/R4RK1 b - - 0 17,e7e5 h5f7 g8h8 f7f8 e8f8 f1f8,1911,76,92,973,deflection kingsideAttack long mate mateIn3 middlegame pillsburysMate,https://lichess.org/DHZ7Q2ym/black#34,Queens_Gambit_Declined Queens_Gambit_Declined_Exchange_Variation
2BxE0,4r2k/pp5p/6p1/2N4n/6bP/1B6/PPP4b/RNB2K2 w - - 1 22,c1h6 h5g3 f1g2 e8e2,1946,76,88,129,mate mateIn2 middlegame pillsburysMate short,https://lichess.org/xZLcs7nl#43,
2DVh6,r1r1n2k/1bp2Rqp/pp1P2p1/4Q1Bn/PPB5/8/2P3PP/3R3K b - - 2 29,g7e5 f7f8 h8g7 f8g8,2028,94,88,54,kingsideAttack mate mateIn2 middlegame operaMate pillsburysMate short,https://lichess.org/BDvz5etb/black#58,
2FOw3,1r3b1r/p1p1nppp/4k3/1N2P3/2P1BP2/Pn6/1P4PP/2BR2K1 b - - 4 18,b8c8 b5c7 c8c7 d1d6,2051,79,85,651,epauletteMate mate mateIn2 middlegame pillsburysMate sacrifice short,https://lichess.org/0tgZUGy8/black#36,Queens_Gambit_Declined Queens_Gambit_Declined_Albin_Countergambit
2FQwy,3rr3/k2q1p2/pp1pn2p/8/1PPb1B2/5B2/Q5P1/R4R1K b - - 2 30,d4a1 a2a6 a7a6 f1a1 d7a4 a1a4,2051,96,91,126168,attraction intermezzo long mate mateIn3 middlegame pillsburysMate sacrifice,https://lichess.org/D4t5q3Br/black#60,
2FvpJ,4rr2/1ppn3R/3p1bp1/p2N4/P3PP2/1B2K1k1/1PPR4/8 w - - 3 33,h7h2 e8e4 e3e4 d7c5 e4e3 f8e8 d5e7 e8e7 b3e6 e7e6,2116,79,90,715,attraction mate mateIn5 middlegame pillsburysMate sacrifice veryLong,https://lichess.org/U8eVCgnE#65,
2GMGn,7r/1bpNk3/pp2p1Q1/4P1P1/2PP2P1/3B2r1/PP6/6K1 w - - 5 38,g1f1 h8h1 f1f2 g3g2 f2e3 h1h3 e3f4 g2f2,1946,75,95,1086,endgame exposedKing mate mateIn4 pillsburysMate veryLong,https://lichess.org/jhOV0GcB#75,
2GwYG,2r1r1k1/1p3p2/3p1P2/4p1Rp/8/pBP5/P7/K7 b - - 0 36,g8h7 b3f7 e5e4 g5h5,2057,82,91,2294,endgame mate mateIn2 pillsburysMate short,https://lichess.org/6s5hAVDi/black#72,
2Kgtf,r1bqr1k1/p1p2pp1/1p3n1p/3Nb3/7B/P7/1P3PPP/R2QKBNR w KQ - 0 13,h4f6 e5c3,2000,76,96,12121,collinear discoveredCheck doubleCheck epauletteMate mate mateIn1 oneMove opening pillsburysMate,https://lichess.org/kU5NZsrF#25,Queens_Gambit_Declined Queens_Gambit_Declined_Harrwitz_Attack
2KxYN,6k1/p2q1pp1/1pr1b2p/3R1B2/5Q2/6P1/5P1P/4R1K1 b - - 0 30,d7d5 f4b8 c6c8 b8c8 e6c8 e1e8,1964,87,83,43,endgame long master mate mateIn3 pillsburysMate sacrifice,https://lichess.org/99xf237a/black#60,
2Or0U,4r2k/2b4p/p7/1p3P2/2p1BPR1/2P2K1P/PP4R1/3r4 w - - 6 39,e4c6 d1d3 f3f2 c7b6 f2f1 d3d1,1928,76,95,16047,endgame long mate mateIn3 pillsburysMate,https://lichess.org/HDz0mR1C#77,
2Qxul,2kr2r1/pp2pp1p/2np1p1b/q2N4/1P1PP3/P4b2/4BPPP/R2Q1RK1 w - - 0 15,b4a5 g8g2 g1h1 g2g1 h1g1 d8g8,2056,76,87,284,attraction discoveredCheck doubleCheck kingsideAttack long mate mateIn3 middlegame pillsburysMate sacrifice,https://lichess.org/wBP1YDl8#29,Sicilian_Defense Sicilian_Defense_Delayed_Alapin_Variation
2Rm7M,2kr1b1r/pp3ppp/2Q1Rn2/8/nq3B2/1P1B4/P1P2PPP/1K1R4 b - - 0 17,b7c6 d3a6 b4b7 e6c6,2060,79,88,462,intermezzo mate mateIn2 middlegame pillsburysMate pin queensideAttack short,https://lichess.org/qoknjzo9/black#34,Scandinavian_Defense Scandinavian_Defense_Mieses-Kotroc_Variation
2TBWl,r5r1/pp1N1k1p/8/2pb4/8/3B4/PPP2PPP/4RRK1 w - - 9 29,d7c5 g8g2 g1h1 g2g1 h1g1 a8g8 d3g6 g8g6,1992,76,86,113,attraction discoveredCheck doubleCheck mate mateIn4 middlegame pillsburysMate sacrifice veryLong,https://lichess.org/wA9T71QJ#57,
2XP87,7k/4q1p1/4B1Qp/1p2p3/p2pPbPP/3P3K/PP3R2/2r5 w - - 5 34,e6f5 e7h4 h3h4 c1h1 f2h2 h1h2,2058,71,95,13397,attraction endgame long mate mateIn3 pillsburysMate sacrifice,https://lichess.org/YdmwXydy#67,
2XmFk,3r1r1k/p1q2pp1/3b4/2p1nQPB/1pPp3R/7P/P2B1P2/R5K1 b - - 11 28,h8g8 f5h7 g8h7 h5f7,2104,75,96,3053,deflection discoveredAttack discoveredCheck kingsideAttack mate mateIn2 middlegame pillsburysMate sacrifice short,https://lichess.org/R5xSQifa/black#56,
2arPE,2r2r1k/1pq2pbp/p3p3/3pP3/3B2Q1/1PP3RP/6P1/2R3K1 b - - 4 27,g7e5 g4g7 e5g7 d4g7 h8g8 g7e5,2166,78,94,1851,discoveredAttack discoveredCheck long mate mateIn3 middlegame pillsburysMate sacrifice xRayAttack,https://lichess.org/u0jtUFVD/black#54,
2bNzJ,r3r1k1/pb6/3p4/2Q1P2K/8/2N3q1/PPP5/R3R3 w - - 0 29,e1g1 b7f3 h5h6 e8e6,1932,76,94,11213,mate mateIn2 middlegame pillsburysMate short,https://lichess.org/TP66H8Fa#57,
2ctTm,7k/p2n4/1p3p1B/2p1b2R/4K2P/3B2r1/PPP3r1/8 b - - 9 27,h8g8 d3c4 g8h7 h6f8 h7g6 h5h6,1919,76,91,511,discoveredAttack discoveredCheck exposedKing long mate mateIn3 middlegame operaMate pillsburysMate,https://lichess.org/8rfkUx1j/black#54,
2dbrB,5rk1/ppb3pp/2pqPn2/8/N7/1P1N3P/1PP1Q1P1/4R1K1 w - - 5 27,e6e7 d6h2 g1f1 h2h1 f1f2 f6g4,2142,81,44,53,discoveredCheck doubleCheck epauletteMate kingsideAttack long mate mateIn3 middlegame pillsburysMate,https://lichess.org/ANmhWQff#53,
2gzbw,r1b3k1/2R3p1/p5np/1p1Bn1NQ/8/P5P1/1q3r1P/6RK b - - 0 25,g8h8 h5h6 g7h6 c7h7,1915,109,32,59,kingsideAttack mate mateIn2 middlegame pillsburysMate sacrifice short,https://lichess.org/LnICLj2z/black#50,
2iBUl,2r5/2P2k1p/1n3bp1/pp1n1p2/1B6/KP2P3/P3QP1P/2RR4 w - - 0 31,b4a5 b5b4 a5b4 c8a8 e2a6 a8a6 b4a5 a6a5,1904,75,95,1026,mate mateIn4 middlegame pillsburysMate veryLong,https://lichess.org/zJ6Zy4Mx#61,
2k6nY,5r1k/2b3pp/8/1Q1nn1B1/8/8/PP4P1/7K w - - 0 30,b5d5 f8f1 h1h2 e5g4 h2h3 g4f2 h3h4 f1h1,2193,83,91,137,discoveredCheck doubleCheck endgame mate mateIn4 pillsburysMate veryLong,https://lichess.org/Fjv2vI6c#59,
2lIrf,4kr2/1p4pp/8/2p3b1/2N1P1b1/N1Pr2P1/PP5P/R3K2R w KQ - 2 23,h1f1 g5d2 c4d2 d3e3,2079,75,94,10951,mate mateIn2 middlegame pillsburysMate sacrifice short,https://lichess.org/6m8J0bPX#45,
2nUVc,4r2k/1R4R1/p5bp/1pbB2pN/8/6P1/P7/4K3 w - - 2 43,e1d2 c5b4 d2c1 e8e1 c1b2 e1b1,2064,76,95,1693,exposedKing long mate mateIn3 middlegame operaMate pillsburysMate,https://lichess.org/2fyZnXAG#85,
2oBZw,r2qr1k1/2pnbp1p/p5pB/1p2P3/P4Q2/2Np1BP1/1P5P/5RK1 b - - 0 21,a8b8 f4f7 g8f7 f3d5,2153,78,76,263,attraction discoveredCheck doubleCheck kingsideAttack mate mateIn2 middlegame pillsburysMate sacrifice short,https://lichess.org/c3sBZtXM/black#42,
2ph9n,6k1/1q1r1p1p/p3p1pB/1p1bP1Q1/8/8/P1r3PP/3R2RK b - - 5 30,d5e4 g5d8 d7d8 d1d8,2029,77,86,856,kingsideAttack mate mateIn2 middlegame pillsburysMate sacrifice short xRayAttack,https://lichess.org/Xnnklkyn/black#60,
2qkbW,4r1k1/p1p1qppp/1p1p1n2/5b2/2PQ4/1PN3P1/PB3P1P/R4K1R w - - 2 15,c3d5 f5h3 f1g1 e7e1 a1e1 e8e1,2023,79,80,189,long mate mateIn3 middlegame pillsburysMate sacrifice,https://lichess.org/JhucJNpr#29,Hungarian_Opening Hungarian_Opening_Other_variations
2rqio,r4r1k/p2nq1pp/2p2np1/8/2B5/1P3N1Q/PKP3P1/3R3R b - - 5 19,d7e5 h3h7 f6h7 h1h7 h8h7 d1h1 e7h4 h1h4,1980,75,95,7416,attraction kingsideAttack mate mateIn4 middlegame pillsburysMate sacrifice veryLong,https://lichess.org/mJ3JrVMa/black#38,
2tMuZ,r3nr1k/1pq3pp/2p2p2/p1N1pP1Q/P1B1R3/7P/1Pn2PP1/6K1 b - - 3 22,c2d4 h5h7 h8h7 e4h4,1955,83,76,99,attraction kingsideAttack master mate mateIn2 middlegame pillsburysMate sacrifice short,https://lichess.org/y7P46EGl/black#44,
2uSM0,4r3/R7/1p6/8/3P2k1/2P2bB1/PP3PrP/3R1K2 w - - 9 32,d1d3 g2g1 f1g1 e8e1,1928,76,95,7727,attraction endgame mate mateIn2 pillsburysMate sacrifice short,https://lichess.org/3lqVvVjc#63,
2w7kL,5Qk1/p4pp1/7p/8/8/4B3/q1r2PPP/3RR1K1 b - - 0 21,g8f8 d1d8 f8e7 e3g5,2072,79,81,80,discoveredCheck doubleCheck endgame mate mateIn2 pillsburysMate short,https://lichess.org/et1x0eUh/black#42,
2y5F9,r6r/pp3pk1/2p3p1/4p3/1PP1Pq1b/P7/1BQ2PP1/3R1RK1 w - - 0 31,c2d2 f4h2 g1h2 h4f2 d2h6 h8h6,1981,81,91,449,deflection discoveredAttack discoveredCheck kingsideAttack long mate mateIn3 middlegame pillsburysMate sacrifice,https://lichess.org/2Ku5vNzU#61,
2yoAl,3k1r2/2p5/3pBr1p/p1bP2p1/Pp4P1/1P3PKR/3B1nP1/7R w - - 13 35,h3h6 f2e4 f3e4 c5f2 g3h3 f6h6,2058,90,92,203,clearance interference long master mate mateIn3 middlegame pillsburysMate sacrifice,https://lichess.org/zBq3ztbp#69,
30TSc,r1b4r/pp1n1k1B/3P1p1Q/2p1q3/4Nn2/8/PP3PPP/R3R1K1 b - - 0 24,e5h5 e4g5 h5g5 e1e7,1906,84,87,104,clearance mate mateIn2 middlegame pillsburysMate sacrifice short,https://lichess.org/wKpsV0xL/black#48,
317S1,2b1r1k1/p1p2pp1/1p5p/3B4/Q7/2PR2P1/P3qP1P/5RK1 w - - 0 19,d3f3 e2f1 g1f1 c8h3 f1g1 e8e1,2022,78,91,2671,attraction kingsideAttack long mate mateIn3 middlegame pillsburysMate sacrifice,https://lichess.org/Kj6oMS0D#37,Hungarian_Opening Hungarian_Opening_Other_variations
33n8t,r6k/4q1pp/3pBrn1/1p1P2R1/p1p5/7Q/PPP5/2K3R1 b - - 3 31,a8f8 h3h7 h8h7 g5h5,1986,81,92,7862,attraction kingsideAttack mate mateIn2 middlegame pillsburysMate sacrifice short,https://lichess.org/0RnwxoqB/black#62,
34LRA,r5kr/Q4pp1/1R2b3/3p3p/3P4/2PB2Pq/P4P1P/4R1K1 b - - 0 19,a8a7 b6b8 e6c8 e1e8,2006,98,69,100,mate mateIn2 middlegame pillsburysMate short,https://lichess.org/0eQg2zs3/black#38,Russian_Game Russian_Game_Modern_Attack
34Rei,7k/4R3/1p2p2P/p6P/P3bP2/3rP3/1PrB4/2KR4 w - - 0 31,c1c2 d3a3 c2c1 a3a1,2065,75,94,4512,discoveredAttack discoveredCheck endgame mate mateIn2 pillsburysMate short,https://lichess.org/8MXTTd8u#61,
34jdy,4R1k1/5rp1/p7/1p1p3R/6n1/2r2p2/P6P/1B4K1 b - - 1 42,f7f8 h5h8 g8f7 h8f8,2137,85,91,1415,blindSwineMate endgame mate mateIn2 pillsburysMate short,https://lichess.org/Nz6jqMGK/black#84,
35vRu,2bk1b1r/r2npB1p/1pR5/p2Q2p1/5q2/8/P4PPP/2R3K1 b - - 7 23,c8b7 d5d7 d8d7 f7e6 d7e8 c6c8 b7c8 c1c8,2177,78,94,6377,attraction mate mateIn4 middlegame pillsburysMate sacrifice veryLong,https://lichess.org/aoJYiLV8/black#46,
36Mjg,4k2r/p4ppp/8/7b/1bBPnB2/1P5P/1Pr2PP1/R4KNR w k - 0 16,a1a7 c2f2,1910,77,94,3771,mate mateIn1 middlegame oneMove pillsburysMate,https://lichess.org/gDSPaURr#31,Slav_Defense Slav_Defense_Other_variations
38bIn,2r1r1kb/1p3p1p/B1R3pB/3Np3/4n3/8/PP3PPP/3R2K1 b - - 0 22,c8c6 d5e7 e8e7 d1d8 e7e8 d8e8,1904,76,88,1673,clearance kingsideAttack long mate mateIn3 middlegame pillsburysMate sacrifice,https://lichess.org/DQktjblZ/black#44,
38qG3,4r1k1/2q2p1p/p3nBpQ/1ppr4/8/2P3P1/PP2R2P/4R1K1 b - - 1 28,d5h5 h6g7 e6g7 e2e8 g7e8 e1e8,1911,82,81,73,kingsideAttack long mate mateIn3 middlegame pillsburysMate sacrifice,https://lichess.org/QaFeA1YE/black#56,
3AK3a,2k5/pbppQp1p/1p5n/2b1P3/2B5/2N5/PPP2r1P/R1B2R1K w - - 0 16,h1g1 f2g2 g1h1 g2g1,2080,75,95,1848,discoveredCheck doubleCheck kingsideAttack mate mateIn2 middlegame operaMate pillsburysMate short,https://lichess.org/4hlB93sc#31,Scotch_Game Scotch_Game_Lolli_Variation
3BAQy,7k/1r3rp1/7p/1p1pPn1q/2pP4/2P4P/2B3QK/5RR1 b - - 7 34,f5e3 g2g7 f7g7 f1f8 g7g8 g1g8,1907,80,95,1442,long mate mateIn3 middlegame pillsburysMate sacrifice,https://lichess.org/y1nt5wjL/black#68,
3Ch3a,r1b1r3/1p3pkp/1q3n2/1PnN4/Pb1N4/8/1BQ1BP1P/2KR4 b - - 1 21,f6d5 d4e6 g7g8 d1g1,2109,86,91,1306,discoveredCheck doubleCheck mate mateIn2 middlegame pillsburysMate short,https://lichess.org/6WCfcVSM/black#42,
3Ei1b,3R2R1/pp3p1k/2p2Bn1/5b2/1bP2PP1/1q6/6B1/7K b - - 0 29,f5g4 g8h8 g6h8 g2e4 g4f5 e4f5 h7h6 d8h8,2062,72,95,9474,exposedKing mate mateIn4 middlegame pillsburysMate sacrifice veryLong,https://lichess.org/Db1Z7xcr/black#58,
3F8ab,4r3/5pkp/2p3p1/R7/Rpb2b2/7P/2B3P1/6K1 w - - 0 35,a4b4 e8e1 g1f2 e1f1,2098,77,82,255,endgame mate mateIn2 operaMate pillsburysMate short,https://lichess.org/eQBakMv1#69,
3FRvF,8/8/b2k1p2/P2p2pp/3N4/2Pr2P1/5P1P/R5K1 w - - 1 28,a1a3 d3d1 g1g2 a6f1 g2f3 d1d3,2033,94,88,44,endgame long mate mateIn3 pillsburysMate,https://lichess.org/69fmuZUe#55,
3FngI,7r/1pbr1kp1/4p1p1/1RP2pP1/3P3P/2R1P1K1/6B1/8 w - - 1 38,g3h3 h8h4 h3h4 d7d8 g2f3 d8h8 f3h5 h8h5,2170,78,93,4113,endgame mate mateIn4 pillsburysMate sacrifice veryLong,https://lichess.org/Iq5oH9j4#75,
3HHxB,4r1k1/2q1rbp1/p6p/1p1pb2P/6P1/1PPB1Q2/P4RK1/4RN2 b - - 0 31,e5c3 f3f7 e7f7 e1e8 f7f8 f2f8,2008,80,94,13990,deflection kingsideAttack long mate mateIn3 middlegame pillsburysMate,https://lichess.org/h5mlVv5R/black#62,
3HyMN,3r4/1b2ppk1/p4npp/q1p5/2Q5/1P3NP1/P1R1PPBP/6K1 w - - 0 23,f3e5 a5e1 g2f1 e1f1 g1f1 d8d1,2197,74,94,13934,attraction kingsideAttack long master mate mateIn3 middlegame pillsburysMate sacrifice,https://lichess.org/mRazpk9j#45,
3NsJr,3r2k1/1ppr1p2/p1b1p3/2b1P1N1/8/2P2PB1/PP2K2R/7R w - - 3 23,g5e4 c6b5 c3c4 b5c4 e2e1 d7d1,1971,77,90,315,long mate mateIn3 middlegame pillsburysMate,https://lichess.org/X06Wx8KT#45,
3O0VK,r5r1/1p2kp2/p3ppb1/3q3p/3P4/2P1Q2P/PP3PPN/R4RK1 w - - 2 20,a1c1 d5g2 g1g2 g6e4,1905,80,77,354,attraction discoveredCheck doubleCheck epauletteMate kingsideAttack mate mateIn2 middlegame pillsburysMate sacrifice short,https://lichess.org/pyezL11d#39,
3QMSa,1rb2rk1/pp1p1pp1/7p/4q1b1/8/2PB1Q2/PP4KP/4RR2 b - - 3 22,e5c7 f3f7 f8f7 e1e8 f7f8 f1f8,1920,78,90,1295,kingsideAttack long mate mateIn3 middlegame pillsburysMate sacrifice,https://lichess.org/VQv7Mrep/black#44,
3QbqJ,1r2r1k1/5ppp/p7/3Pn3/1bPK4/3b1PB1/P3B1PP/2R4R w - - 0 28,e2d3 e5c6 d5c6 b8d8 g3d6 d8d6,2110,75,95,2193,long mate mateIn3 middlegame pillsburysMate sacrifice,https://lichess.org/qAur5wLY#55,
3TPvB,4rk2/pp3p1p/2n3p1/2p5/5B2/2P1nN1P/PP4P1/4R1K1 b - - 0 27,e3d5 f4h6 f8g8 e1e8,1974,79,84,433,deflection endgame mate mateIn2 pillsburysMate short,https://lichess.org/R0WbuD42/black#54,
3Ttq9,5r1k/1bp1b1pp/4Bp2/1p2p3/7N/3RB3/5PPP/n5K1 b - - 0 24,f8d8 h4g6 h7g6 e3d4 b7f3 d3f3 d8d4 f3h3 d4h4 h3h4,1981,75,95,7710,mate mateIn5 middlegame pillsburysMate sacrifice veryLong,https://lichess.org/glVSquLY/black#48,
3VqCM,r4rk1/1N3ppp/2n1pn2/8/4Q3/2B1P1R1/4KP1P/3R4 b - - 0 23,f6e4 g3g7 g8h8 g7g8 h8g8 d1g1 e4g3 g1g3,2066,75,89,827,attraction discoveredCheck doubleCheck mate mateIn4 middlegame pillsburysMate sacrifice veryLong,https://lichess.org/Zr4QEOIY/black#46,
3Vw5m,3r2k1/1p3rp1/2p1Bp2/p3bNq1/P3P3/1P1P3R/2P4P/5R1K b - - 5 29,g5d2 f5e7 g8f8 e7g6 f8e8 h3h8 f7f8 h8f8,1966,75,95,2114,kingsideAttack mate mateIn4 middlegame pillsburysMate pin veryLong,https://lichess.org/bJ1m3ty0/black#58,
3XCSt,4r2k/p4p1p/2p3pB/2q1p1Qn/4P3/1P3P2/P6P/3R3K b - - 6 28,c5f2 g5e5 e8e5 d1d8 e5e8 d8e8,1917,73,94,13033,endgame long mate mateIn3 pillsburysMate sacrifice,https://lichess.org/vAbBKHru/black#56,
3XntC,1k1r3b/p4R1p/1p2R1p1/3n4/8/1P1B2P1/P1K4P/8 w - - 7 36,d3e4 d5e3 c2b1 d8d1,1934,79,95,16560,endgame mate mateIn2 pillsburysMate short,https://lichess.org/FWpRitZt#71,
3XpMH,7k/1p5P/4b3/2p2Pp1/2P1B3/3R4/pq3P2/4NK2 b - - 0 34,a2a1q d3d8 h8h7 f5f6 e6f5 e4f5 h7h6 d8h8,2089,75,94,11014,discoveredAttack discoveredCheck endgame exposedKing master mate mateIn4 pillsburysMate veryLong,https://lichess.org/dv2rwCCG/black#68,
3ZfJJ,4k2r/p4p1b/1rp2p1p/q7/2pP2P1/1p2PPN1/PPP5/K1QR3R w k - 0 24,c2b3 a5a2 a1a2 b6a6,2059,76,86,180,attraction mate mateIn2 middlegame pillsburysMate sacrifice short,https://lichess.org/7P4HGv0E#47,
3bKWg,8/5R1p/4p1p1/4Bk2/2pP4/2P3KP/1P3PP1/5q1r b - - 11 44,f5g5 e5f4 g5h5 f7h7,1901,80,70,141,endgame mate mateIn2 pillsburysMate short,https://lichess.org/QvNjpCvN/black#88,
3dpEj,2r2rk1/pp3ppp/4p3/1Pn5/Q1b5/5K2/PB1q4/R5R1 b - - 5 23,c5a4 g1g7 g8h8 g7g8 h8g8 a1g1 d2g2 g1g2,2090,74,96,4518,attraction discoveredCheck doubleCheck mate mateIn4 middlegame pillsburysMate sacrifice veryLong,https://lichess.org/vNoTC6Ig/black#46,
3eAd3,r4rk1/3n1ppp/p1b1p3/1p2n3/1b1B1P2/1BN3R1/PPP4P/2KR4 b - - 0 20,e5c4 g3g7 g8h8 g7g8 h8g8 d1g1 c6g2 g1g2,2063,79,89,1538,attraction discoveredCheck doubleCheck kingsideAttack mate mateIn4 middlegame pillsburysMate sacrifice veryLong,https://lichess.org/Yq8FboUi/black#40,
3goBv,3r4/3r1pk1/p3p1pp/2p1P1b1/4K1P1/2B4P/PPP2R2/5R2 w - - 0 34,f2f3 d7d4 c3d4 d8d4,1911,198,50,9,endgame mate mateIn2 pillsburysMate sacrifice short,https://lichess.org/UyJgT9AB#67,
3jWWr,r3r3/ppp2p1k/2np4/4pN2/2B1P3/2PP4/PP3P2/1KR5 b - - 2 28,e8g8 c4f7 g8g2 c1h1 g2h2 h1h2,2116,77,81,339,endgame exposedKing long mate mateIn3 pillsburysMate,https://lichess.org/BKZYt0v2/black#56,
3kyq5,2krr3/Bpp3p1/7p/2PNbp1q/8/4Q2n/PP3P1P/2RR3K b - - 2 24,h3g5 d5b6 c7b6 c5b6 e5c3 c1c3,1911,76,97,1706,discoveredAttack discoveredCheck long mate mateIn3 middlegame pillsburysMate queensideAttack sacrifice,https://lichess.org/uqqn8jdr/black#48,
3lNdB,4r1k1/RR3pp1/3Qb2p/1p1p4/2qP4/2P3P1/1P3P1P/6K1 w - - 1 31,d6f4 c4f1 g1f1 e6h3 f1g1 e8e1,1964,75,96,1471,attraction endgame long master mate mateIn3 pillsburysMate sacrifice,https://lichess.org/mMTseeB0#61,
3s9Sz,r3r3/1p3R1p/3pN3/1p1P1kB1/8/3n4/PP4PP/4b1K1 b - - 2 27,f5g4 h2h3 g4h5 g2g4 h5g6 f7g7,1953,76,97,1061,long mate mateIn3 middlegame pillsburysMate,https://lichess.org/qtX72IZ1/black#54,
3tJYM,r2r2k1/pp3pB1/3Q2pp/q1p2P2/2b5/2N5/1PP1PP1P/2KR1BR1 w - - 1 17,d6f6 a5a1 c3b1 a1b1 c1b1 d8d1,2189,80,95,1876,attraction deflection long mate mateIn3 middlegame pillsburysMate queensideAttack,https://lichess.org/szrh4fgP#33,Queens_Pawn_Game Queens_Pawn_Game_Other_variations
3vSSD,2kr3r/ppp2p1p/1b2p3/P2nPpP1/1PN2n2/2P2N1P/3BK3/5R1R w - - 0 23,d2f4 d5c3 e2e1 d8d1,2001,81,67,96,mate mateIn2 middlegame pillsburysMate short,https://lichess.org/avoTrYq7#45,
3wj9r,1k5r/p1p2p1p/2Q5/8/8/2N2b2/PPP2PrP/3R1RK1 w - - 0 22,g1h1 g2g1 h1g1 h8g8 c6g6 g8g6,2058,76,85,206,attraction discoveredCheck doubleCheck long master mate mateIn3 middlegame pillsburysMate sacrifice,https://lichess.org/0KvIBDZe#43,
3xpiw,1r6/2n2R2/6pN/2p3k1/5P2/1q6/r2PBP2/2KR4 b - - 0 35,g5h4 d1h1 b3h3 h6f5 g6f5 f7h7,2124,84,90,858,long mate mateIn3 middlegame pillsburysMate pin sacrifice,https://lichess.org/Zze49gG9/black#70,
3y5uO,4r2k/p7/1p5P/b7/b1nNK3/P1pB2P1/2P5/1R5R w - - 9 32,e4d5 e8e5 d5c4 e5c5,2089,79,91,1452,master mate mateIn2 middlegame pillsburysMate sacrifice short,https://lichess.org/r0OZtAtF#63,
3zwki,rn3r1k/1p2Npp1/p3p2p/q1R1N3/8/BP1B4/P4PPP/4R1K1 b - - 0 20,a5a3 e5f7 f8f7 c5c8 f7f8 c8f8,1960,75,98,924,kingsideAttack long mate mateIn3 middlegame pillsburysMate sacrifice,https://lichess.org/WMWoqugd/black#40,
42Naa,4r3/p2p2pB/1p6/8/5BPk/7P/PqP3K1/5R2 b - - 2 28,b2c3 f4g5 h4g5 f1f5 g5h6 f5h5,2025,84,86,46,attraction endgame long mate mateIn3 pillsburysMate sacrifice,https://lichess.org/VT1PYQF8/black#56,
44UlH,r1b1qr1k/1pp3pp/1pnp1n2/6B1/2B1PR1N/8/PPP3PP/R2Q2K1 b - - 0 14,f6e4 h4g6 h7g6 f4h4,2007,76,94,2286,clearance kingsideAttack mate mateIn2 middlegame pillsburysMate sacrifice short,https://lichess.org/8IK5UyuW/black#28,Ruy_Lopez Ruy_Lopez_Schliemann_Defense
44jSx,2r2n1k/1q3pp1/3R3p/1p5P/2p3K1/P1R3P1/2Q2P2/1B5r b - - 7 43,c8c5 c2h7 f8h7 d6d8 h7f8 d8f8,2084,79,90,1547,long master mate mateIn3 middlegame pillsburysMate sacrifice,https://lichess.org/xb0l6CAM/black#86,
46tNX,rnb1k2r/1p1n2p1/p3N2p/2Q5/2B1p2B/2q5/6PP/3R1K1R b kq - 1 20,d7c5 e6c7 e8f8 d1d8,2161,76,94,1872,fork mate mateIn2 middlegame pillsburysMate short,https://lichess.org/gvXcNhlP/black#40,
47Jxz,2r3k1/1b2npp1/4pb1p/p1P4q/2P5/P2QBN2/3R1PPP/1B4K1 b - - 2 24,b7f3 d3d8 c8d8 d2d8,1903,75,95,1308,kingsideAttack mate mateIn2 middlegame pillsburysMate sacrifice short,https://lichess.org/ZMHfxm7Z/black#48,
49rXj,1rb2k1r/ppN1pp1p/6p1/1P6/3b4/8/2P2PPP/1RBR2K1 b - - 1 18,d4b6 c1h6 f8g8 d1d8,1977,77,91,2184,mate mateIn2 middlegame pillsburysMate short,https://lichess.org/hVxXvKdA/black#36,Sicilian_Defense Sicilian_Defense_Mengarini_Variation
4ABuT,3k4/p1p1n2p/Qp2p2r/3pP3/1P1Pb3/1NP3q1/P4RB1/R5K1 w - - 2 27,a6e2 g3h2 g1f1 h2h1 g2h1 h6h1,2050,77,89,105,exposedKing kingsideAttack long mate mateIn3 middlegame pillsburysMate sacrifice,https://lichess.org/VJjEL1V4#53,
4B2N2,r7/pp2kprp/2b1pp2/8/2Pq4/1P3N2/P3BPPP/2R2RK1 w - - 0 18,f3d4 g7g2 g1h1 g2g1 h1g1 a8g8 e2g4 g8g4,2069,79,86,321,attraction discoveredCheck doubleCheck kingsideAttack mate mateIn4 middlegame pillsburysMate sacrifice veryLong,https://lichess.org/NZSrbLDl#35,Yusupov-Rubinstein_System Yusupov-Rubinstein_System_Other_variations
4Bjhc,8/5b1p/4r3/1k6/2nn4/2PK4/q4QPP/1N5R w - - 0 41,f2a2 f7g6 d3d4 e6d6,2198,76,95,831,mate mateIn2 middlegame pillsburysMate sacrifice short,https://lichess.org/ma1hmPPl#81,
4IC3u,1k6/pPpr4/2Qp2nr/3Pp3/1P2P3/5bq1/P4RB1/2R3K1 w - - 0 30,c6d7 g3h2 g1f1 h2h1 g2h1 h6h1,2049,76,88,609,exposedKing long mate mateIn3 middlegame pillsburysMate sacrifice,https://lichess.org/ppmZwR4B#59,
4JoLM,2r4k/pb2qprp/1p2pQ2/8/3P4/2P5/P3BPPP/R4RK1 w - - 3 20,f6e7 g7g2 g1h1 g2g1 h1g1 c8g8 e7g5 g8g5 e2g4 g5g4,1966,77,88,799,attraction discoveredCheck doubleCheck kingsideAttack mate mateIn5 middlegame pillsburysMate sacrifice veryLong,https://lichess.org/jN81MA8T#39,
4KLw3,r4rk1/ppp2ppp/2np4/3B4/1bQ1P1R1/7P/PB2qP2/1K5R b - - 0 16,e2c4 g4g7 g8h8 g7g8 h8g8 h1g1,2153,77,93,13086,attraction discoveredCheck doubleCheck kingsideAttack long mate mateIn3 middlegame pillsburysMate sacrifice,https://lichess.org/xF9Xyy1Q/black#32,Danish_Gambit Danish_Gambit_Other_variations
4OPuj,r3qr1k/pp1R2bp/6p1/6N1/2B5/7Q/PP3PPP/6K1 b - - 6 23,h7h6 h3h6 g7h6 d7h7,1910,75,95,13308,mate mateIn2 middlegame pillsburysMate sacrifice short,https://lichess.org/Lpn5y1ll/black#46,
4OqpV,5k2/pp3R1p/3p1B2/1q2p2B/4P3/7P/Prr3PK/8 b - - 12 43,f8e8 f7h7 e8f8 h7h8,1956,135,79,39,discoveredAttack discoveredCheck endgame mate mateIn2 pillsburysMate short,https://lichess.org/OvnNxvgU/black#86,
4TJBX,2Q5/5rk1/Q2p3p/3Pp1q1/4P3/7P/5bPK/8 w - - 0 42,a6a8 f2g3 h2g1 g5e3 g1h1 f7f1,1920,76,92,249,endgame long mate mateIn3 pillsburysMate,https://lichess.org/gMYV6f6Y#83,
4TN2t,6kb/pq3p1p/4p1pB/3n4/4N3/1P3Q2/P1r2PPP/3R2K1 b - - 5 27,c2a2 e4f6 h8f6 f3f6 d5f6 d1d8 f6e8 d8e8,2055,75,95,1895,mate mateIn4 middlegame pillsburysMate sacrifice veryLong,https://lichess.org/2QphZlaY/black#54,
4XAN8,r3r3/ppp3p1/2n5/2k4p/5P2/N1B2qPb/P2R3P/2R3K1 b - - 7 25,e8e2 c3a5 f3c3 c1c3,1923,79,83,110,discoveredAttack discoveredCheck mate mateIn2 middlegame pillsburysMate short,https://lichess.org/1gfPFJYc/black#50,
4XmMF,7k/1pr1q1rp/4Bp2/p2Pn3/7Q/6R1/7P/4R2K b - - 1 37,a5a4 h4h7 h8h7 g3h3 h7g6 e1g1 e5g4 g1g4,2095,87,90,2032,attraction mate mateIn4 middlegame pillsburysMate sacrifice veryLong,https://lichess.org/LeHEDyhH/black#74,
4XpeW,3rrnk1/1bq2pp1/pp2pn1p/4R3/2PB4/1P4Q1/P3NPPP/1B1R2K1 b - - 6 24,f6d7 g3g7 g8g7 e5g5,1933,76,87,363,attraction discoveredCheck doubleCheck kingsideAttack mate mateIn2 middlegame pillsburysMate sacrifice short,https://lichess.org/Zpa6dzyW/black#48,
4Y9kP,3r3r/kpB3pp/4B3/2b2Rn1/8/p7/2P3PP/R4K2 b - - 5 23,g5e6 a1a3 c5a3 f5a5,1998,77,85,199,mate mateIn2 middlegame pillsburysMate sacrifice short,https://lichess.org/oUMRAy2r/black#46,
4aXg1,1k1r3r/2p5/1p4p1/1Nb5/3p3p/1P3B2/6PP/R5K1 b - - 3 30,b8c8 f3c6 d4d3 g1h1 c5a3 a1a3 d3d2 a3a8,2076,74,94,837,defensiveMove endgame mate mateIn4 pillsburysMate quietMove veryLong,https://lichess.org/fDyiQyTl/black#60,
4annm,3r3r/1pp2pp1/8/k1p1P2P/8/3P1B2/2PBKP1q/1R6 b - - 3 33,a5a4 b1a1 a4b5 c2c4 b5b6 d2a5 b6a7 a5c7,2141,78,75,185,deflection discoveredAttack discoveredCheck endgame mate mateIn4 pillsburysMate veryLong,https://lichess.org/mEm66BFO/black#66,
4bYzD,8/1k6/4RBp1/ppN3P1/8/2P4p/6rr/5K2 b - - 1 54,b7c8 e6c6 c8b8 f6e5 b8a7 c6a6,1952,75,95,5968,endgame exposedKing fork long mate mateIn3 pillsburysMate,https://lichess.org/LIQSUePw/black#108,
4dJcD,4Q1k1/5p1p/1p2b1p1/6B1/4q3/8/r1P2PPP/3R2K1 b - - 2 32,g8g7 e8h8 g7h8 g5f6 h8g8 d1d8,2068,79,92,607,attraction endgame long mate mateIn3 pillsburysMate sacrifice,https://lichess.org/Icu690el/black#64,
4eai7,2k4r/pp3p1p/2bp1nr1/8/2P5/1P2PN2/PB3PPP/R4RK1 w - - 0 21,f3d4 g6g2 g1h1 g2g1 h1g1 h8g8,2197,76,93,2234,attraction discoveredCheck doubleCheck kingsideAttack long mate mateIn3 middlegame pillsburysMate sacrifice,https://lichess.org/zJAdM88p#41,
4ei6s,3r3r/pp3kpB/1q2bb2/8/3nQ3/P1N5/1P3PPP/4RRK1 b - - 6 19,e6c4 h7g6 f7g8 e4e8 d8e8 e1e8,1943,74,94,12137,long mate mateIn3 middlegame pillsburysMate sacrifice,https://lichess.org/mESVsmzg/black#38,Caro-Kann_Defense Caro-Kann_Defense_Accelerated_Panov_Attack
4ekTc,8/p1R5/1pb2rpk/4p2p/2P3P1/r2BKP1R/8/8 b - - 0 35,b6b5 h3h5 g6h5 c7h7 h6g5 h7h5,1943,75,94,7576,endgame long mate mateIn3 pillsburysMate sacrifice,https://lichess.org/XnzprNRs/black#70,
4k37m,1r1q1rk1/p1p1nppp/2Qb1B2/1B1Pp3/4P3/5P2/PP3P1P/R5RK b - - 0 20,e7c6 g1g7 g8h8 g7g8 h8g8 a1g1,2082,86,92,867,attraction discoveredCheck doubleCheck kingsideAttack long mate mateIn3 middlegame pillsburysMate sacrifice,https://lichess.org/oUpOdthN/black#40,
4kiI0,6r1/8/8/7p/6b1/1R2k1B1/4pp1K/4N3 b - - 1 57,e3d2 g3f4 d2e1 b3b1,2034,91,76,65,endgame mate mateIn2 pillsburysMate sacrifice short,https://lichess.org/THB4nu54/black#114,
4mosh,1rb2rk1/p3Qppp/2B1p2q/4B3/4P3/8/P4PPP/3R2K1 b - - 2 19,h6h5 e7f8 g8f8 d1d8 f8e7 d8e8,2088,82,89,255,attraction kingsideAttack long mate mateIn3 middlegame operaMate pillsburysMate sacrifice,https://lichess.org/Cfa0vsRj/black#38,
4nLpO,6k1/pp1b2p1/3b2Bp/3p3P/4pr2/6K1/PPP1R3/3R4 w - - 0 28,d1d5 f4f3 g3g2 d7h3 g2h1 f3f1,2012,76,94,2181,discoveredCheck doubleCheck endgame exposedKing long mate mateIn3 pillsburysMate,https://lichess.org/20wIKOSk#55,
4pmyd,r4r2/1bpk4/pp1p2Pp/4p3/1bPn2PB/3PKN2/PP3P1R/R2Q1B2 w - - 4 19,f3d4 e5d4 e3d4 c7c5 d4e3 a8e8 h4e7 e8e7,2021,76,95,8647,attraction mate mateIn4 middlegame pillsburysMate veryLong,https://lichess.org/eWxhpdjD#37,English_Opening English_Opening_Kings_English_Variation
4qpvw,k3r3/pp6/1b1B4/7R/8/1B1P1pP1/PP2r2P/2R4K w - - 9 35,h5e5 e2h2 h1h2 e8h8 e5h5 h8h5,2076,75,94,13554,attraction long mate mateIn3 middlegame pillsburysMate sacrifice,https://lichess.org/bBY5UhsK#69,
4u8Iv,r5r1/1ppk3p/p1pb4/3b1N2/5p2/3P4/PPPN1PPP/R4RK1 w - - 0 21,f5d6 g8g2 g1h1 g2g1 h1g1 a8g8,2073,91,91,5254,attraction discoveredCheck doubleCheck kingsideAttack long mate mateIn3 middlegame pillsburysMate sacrifice,https://lichess.org/ziBkDtYQ#41,
4vXI4,2kr3r/ppp2pp1/2pbb3/8/P3P3/2NB1Pp1/1PP3P1/R2Q1RK1 w - - 0 16,f1e1 h8h1 g1h1 d6c5 e1e3 c5e3 f3f4 d8h8 d1h5 h8h5,2088,76,92,4445,kingsideAttack mate mateIn5 middlegame pillsburysMate quietMove sacrifice veryLong,https://lichess.org/SFS92Ont#31,Scotch_Game Scotch_Game_Other_variations
4zg88,4rr2/pp1k4/2p5/3p2b1/3P2b1/2NB4/PPP2PPP/R4K1R w - - 0 18,f2f3 f8f3 g2f3 g4h3 f1f2 g5h4 f2g1 e8g8 d3g6 g8g6,2122,74,94,9874,mate mateIn5 middlegame pillsburysMate sacrifice veryLong,https://lichess.org/n3EgG3Pg#35,French_Defense French_Defense_Exchange_Variation
515yh,2kr4/1b1p1p2/p3p3/1pb4n/4qP2/NBP4Q/PP1B2PP/R4R1K w - - 2 18,a1e1 e4g2 h3g2 h5g3 h2g3 d8h8,2077,76,89,159,fork long mate mateIn3 middlegame pillsburysMate pin sacrifice,https://lichess.org/6uxyCXuP#35,Sicilian_Defense Sicilian_Defense_McDonnell_Attack
527mf,r5k1/1ppr2pp/1bn1bp2/4p3/p1P1N3/PP3PP1/1n2Q1BP/RN5K w - - 0 20,e2b2 d7d1 g2f1 d1f1 h1g2 f1g1,2033,76,92,571,kingsideAttack long mate mateIn3 middlegame operaMate pillsburysMate,https://lichess.org/99GLE7qe#39,
54kjn,6rk/ppNb3p/3Pprqb/2P1B3/4PP2/8/PP2Q1P1/3R1RK1 w - - 0 28,f4f5 h6e3 g1h1 g6h6 e5h2 h6h2 h1h2 f6h6 e2h5 h6h5,1946,78,92,1087,attraction kingsideAttack master mate mateIn5 middlegame pillsburysMate sacrifice veryLong,https://lichess.org/AAbI8Uxc#55,
55jbG,r2q1rk1/ppp2ppp/3p4/3Pn3/2B5/P1B5/1P2KP1P/R5R1 b - - 1 18,e5c4 g1g7 g8h8 g7g8 h8g8 a1g1 d8g5 g1g5,2143,77,94,6686,attraction discoveredCheck doubleCheck kingsideAttack mate mateIn4 middlegame pillsburysMate sacrifice veryLong,https://lichess.org/Zt1JEVVO/black#36,Ponziani_Opening Ponziani_Opening_Jaenisch_Counterattack
57jsE,r3rk2/5ppB/1np2p2/pp4P1/3P1N1P/P3Rb2/1PP5/2K1R3 b - - 0 23,f6g5 f4g6 f7g6 e3f3,1921,79,84,67,mate mateIn2 middlegame pillsburysMate short,https://lichess.org/mcQo8Dfk/black#46,
58AtK,1r1rb1k1/p5b1/2p3pp/8/2N5/5R1B/P1P3PP/2K1R3 w - - 8 29,e1e7 b8b1 c1b1 d8d1,2013,108,0,22,attraction mate mateIn2 middlegame pillsburysMate queensideAttack sacrifice short,https://lichess.org/T7Ar4zqv#57,
58XPm,8/1p4k1/2b5/3QP3/1b1P1KP1/r7/5P1P/B7 w - - 3 37,d5e6 b4d2 f4f5 a3f3,2069,77,91,490,endgame mate mateIn2 pillsburysMate short,https://lichess.org/JKxEqTUR#73,
5Cu1u,b1r4r/3Nkp2/p1R4n/n1B5/1p2BP1p/7P/1PP3P1/5RK1 b - - 1 30,e7d7 f1d1 d7e8 c6c8,1936,79,70,279,deflection master masterVsMaster mate mateIn2 middlegame pillsburysMate short,https://lichess.org/fwBWVlaD/black#60,
5ElDo,rn2r1k1/1b3ppp/p7/1p1q4/5B2/2P2PQ1/P1P3PP/3R1RK1 b - - 1 19,d5a2 f4h6 g7g6 g3e5 e8e5 d1d8 e5e8 d8e8,2161,76,93,5811,clearance kingsideAttack mate mateIn4 middlegame pillsburysMate pin sacrifice veryLong,https://lichess.org/LpI0bLTh/black#38,Sicilian_Defense Sicilian_Defense_OKelly_Variation
5EvqU,5r2/3b3k/4pBpp/2ppP3/6P1/2P2PKQ/2q5/5R2 b - - 2 28,d7e8 h3h6 h7h6 f1h1 c2h2 h1h2,1907,82,67,78,attraction endgame long mate mateIn3 pillsburysMate sacrifice,https://lichess.org/w8wd5fNs/black#56,
5GE3y,r1bq3r/pp1k1ppp/3Q4/2p5/8/2P2B2/P4PPP/R1B1R1K1 b - - 0 15,d7d6 c1f4 d6d7 a1d1,2144,76,94,4606,mate mateIn2 middlegame pillsburysMate short,https://lichess.org/KyKpZZNe/black#30,Queens_Gambit_Declined Queens_Gambit_Declined_Semi-Tarrasch_Defense
5GIAy,6k1/3r3p/r2p2p1/3R1p2/PbP2P2/1q3BPP/1B2R1K1/8 b - - 1 34,g8f7 d5f5 g6f5 f3h5 f7g8 e2e8,2193,75,93,1789,long mate mateIn3 middlegame pillsburysMate sacrifice,https://lichess.org/XDezzSOM/black#68,
5GIMi,3r3r/p2R4/3b4/2p1k2p/1nP2P2/1P2p3/6BP/1K1R4 b - - 0 36,e5e6 g2h3 e6f6 d1d6,2194,79,85,909,deflection mate mateIn2 middlegame pillsburysMate short,https://lichess.org/oJrhYd7T/black#72,
5Gbjq,r2r2k1/pp4pp/2b3q1/2BnPB2/7R/P6Q/1P4PP/6K1 b - - 0 25,g6g5 f5e6 g8h8 h4h7,1998,79,92,1415,kingsideAttack mate mateIn2 middlegame pillsburysMate short,https://lichess.org/0SzPcfOs/black#50,
5Hkad,8/3k1b2/2R2p2/1p6/1B1pP3/P2P1PKr/7r/2R5 w - - 3 40,g3g4 f7h5 g4f5 h3f3,2045,78,95,13790,endgame mate mateIn2 pillsburysMate short,https://lichess.org/P11ep0dr#79,
5I5YY,5rk1/1p1Qn1p1/p4q1p/3pb2P/4P3/2P5/PPB3P1/3R1RKr w - - 1 29,g1h1 f6f1 d1f1 f8f1,2188,82,90,1273,kingsideAttack mate mateIn2 middlegame pillsburysMate short,https://lichess.org/dBJFbRDa#57,
5JA30,6k1/5p1p/1R4p1/1pB5/2p2PPP/P5K1/2Pr2b1/2b5 b - - 5 30,d2c2 b6b8 g8g7 c5f8 g7f6 b8b6 g2c6 b6c6,2098,84,90,795,endgame mate mateIn4 pillsburysMate veryLong,https://lichess.org/dVdpCDMY/black#60,
5LEvG,8/1k1p1p2/r2Bp2p/2Pr4/pR5P/1N6/5PK1/8 b - - 1 36,b7c6 b3a5 a6a5 b4b6,1967,81,92,1226,endgame mate mateIn2 pillsburysMate sacrifice short,https://lichess.org/RzGQzyDc/black#72,
5LPUe,8/4pp1p/3pbk1P/p1r1n1pR/1r2PPP1/2NB4/1PP2R2/2K5 b - - 0 27,e5g4 e4e5 d6e5 f4g5,2142,79,94,1013,discoveredCheck doubleCheck mate mateIn2 middlegame pillsburysMate short,https://lichess.org/cDGTpBxo/black#54,
5MDVa,8/1R3p2/2pkpB2/2b5/5P2/3P4/1Pr4r/3K1R2 b - - 0 37,c5e3 f6e7 d6d5 b7d7,2101,78,86,280,endgame mate mateIn2 pillsburysMate short,https://lichess.org/Tdk5naEN/black#74,
5Q5wT,r2q1rn1/pp4k1/3p2p1/1B1Pp3/1n2P1b1/2N2N2/PP5Q/R3K2R b KQ - 4 20,g4f3 h2h8 g7f7 h1h7,1906,79,93,1706,mate mateIn2 middlegame pillsburysMate short,https://lichess.org/mlLyMdM8/black#40,
5T50b,1Q2r3/P5pk/Q4b2/5P1p/7P/2r2K2/6P1/8 w - - 1 68,f3f2 f6d4 f2f1 c3c1,1936,76,94,2714,endgame mate mateIn2 pillsburysMate short,https://lichess.org/tWav2OSI#135,
5W4mA,kr6/8/2p1p2Q/3bP3/q5P1/PrR1B3/1P3P2/KR6 w - - 3 36,h6f4 a4a3 b2a3 b3b1,1945,80,93,1461,mate mateIn2 middlegame pillsburysMate sacrifice short,https://lichess.org/pwdyLzps#71,
5ZMK8,rnb1r1k1/p2p1ppp/8/2pP4/1p2P2q/8/PP1BK1PP/R2Q1BNR w - - 3 13,g1f3 c8a6 e2e3 e8e4,2147,76,92,2665,master mate mateIn2 opening pillsburysMate short,https://lichess.org/Kc8GpkGN#25,Nimzo-Indian_Defense Nimzo-Indian_Defense_Kmoch_Variation
5dMiQ,4rr1k/3b1pQp/p2q4/1p1Bbp2/3B4/2P4P/PP1N2R1/7K b - - 4 31,e5g7 d4g7 h8g8 g7f6 d6g3 g2g3,1990,79,84,515,discoveredAttack discoveredCheck fork long mate mateIn3 middlegame pillsburysMate,https://lichess.org/rbdHvQjP/black#62,
5iA9E,r3kr2/p6p/2pR4/1ppNp3/2BnP1bB/8/PP4PP/6K1 b q - 1 21,a8c8 d5c7 c8c7 d6d8,2098,78,78,782,mate mateIn2 middlegame operaMate pillsburysMate sacrifice short,https://lichess.org/6Dqs62qk/black#42,
5kFCg,6k1/4r1p1/p2qn3/1p1p2pQ/8/PPP3P1/7K/1B3R2 b - - 0 32,e6f8 h5h8 g8h8 f1f8,2195,79,94,4050,attraction deflection endgame mate mateIn2 pillsburysMate sacrifice short,https://lichess.org/cGgiZSfV/black#64,
5lFEM,2Q2bk1/1p1R1B2/p2p1p1p/3P1Pp1/5p2/7P/PP3qPK/4r3 b - - 1 30,g8g7 f7e6 f8e7 d7e7,2025,76,94,11598,discoveredAttack discoveredCheck endgame mate mateIn2 pillsburysMate short,https://lichess.org/FmWukspG/black#60,
5mxCF,1k2r1r1/ppp4p/2n2p2/3b4/2p4N/2P5/P4PqP/R1BQ1RK1 w - - 0 21,h4g2 g8g2 g1h1 g2g1 h1g1 e8g8 c1g5 g8g5 d1g4 g5g4,2176,77,93,3051,attraction discoveredCheck doubleCheck kingsideAttack mate mateIn5 middlegame pillsburysMate sacrifice veryLong,https://lichess.org/UvOmAhmM#41,
5pndC,8/pp1b2Q1/4k2P/8/4p3/2PnP3/PP3r2/2K5 w - - 1 35,c1d1 d3b2 d1c1 b2d3 c1b1 f2f1 b1c2 d7a4 c2d2 f1f2,2139,74,94,11172,endgame exposedKing mate mateIn5 pillsburysMate veryLong,https://lichess.org/a0tS3x4N#69,
5pwpx,r1b2rk1/pp2bppp/2n1p3/4B3/2B5/1Q5q/P2N1P1P/2KR2R1 b - - 7 17,h3b3 g1g7 g8h8 g7g8 h8g8 d1g1 b3g3 g1g3 e7g5 g3g5,2084,83,91,859,attraction discoveredCheck doubleCheck kingsideAttack mate mateIn5 middlegame pillsburysMate sacrifice veryLong,https://lichess.org/97j0FD5R/black#34,Queens_Pawn_Game Queens_Pawn_Game_Torre_Attack
5vT6V,r5rk/1b6/p4pBp/1p6/2pN4/P1P5/1P3PPP/3R1RK1 w - - 2 25,g6h5 g8g2 g1h1 g2g1 h1g1 a8g8 h5g6 g8g6,2070,78,86,91,attraction discoveredCheck doubleCheck kingsideAttack mate mateIn4 middlegame pillsburysMate sacrifice veryLong,https://lichess.org/bkpm5v6U#49,
5wA36,6k1/1b3p1p/6p1/7r/5PKb/B3P3/7P/3R4 b - - 11 36,h4f2 d1d8 g8g7 a3f8 g7f6 d8d6,2090,75,94,13063,endgame long mate mateIn3 pillsburysMate,https://lichess.org/kGvAp7gS/black#72,
5xVpp,r4r1k/pp1b2p1/1b1p1nB1/3Pq1B1/2P1NR2/P6P/2Q1K1P1/5R2 b - - 7 24,f6e4 f4f8 a8f8 f1f8,1988,81,76,137,kingsideAttack mate mateIn2 middlegame pillsburysMate short,https://lichess.org/lbkjCR0M/black#48,
5yIkd,r2qr1k1/ppp1bp2/3p1npB/3Np3/2B1P3/3P1Q1P/PPP3P1/R5K1 b - - 1 14,f6d5 f3f7 g8f7 c4d5 f7f6 a1f1,2173,80,91,2766,attraction kingsideAttack long mate mateIn3 middlegame pillsburysMate sacrifice,https://lichess.org/HP0a0QDb/black#28,Vienna_Game Vienna_Game_Stanley_Variation
5yJyc,6nr/4k1pp/2N1pp2/5bB1/1b6/5N2/PP4rP/K2R3R b - - 1 19,e7f7 f3e5 f6e5 c6e5 f7f8 d1d8,2107,104,81,58,long mate mateIn3 middlegame pillsburysMate sacrifice,https://lichess.org/ZaKzHJiu/black#38,
5yNfz,8/8/R2p3R/1kp2P1B/3b2P1/5b2/1r3P2/6K1 w - - 5 38,h6d6 b2b1 g1h2 d4e5 h2h3 b1h1,2059,84,91,429,endgame fork long mate mateIn3 pillsburysMate,https://lichess.org/trYQuc3X#75,
5yVo0,8/1kp1R2Q/1p6/3p4/3P2p1/1nPK2b1/r5P1/8 w - - 5 44,h7g8 b3c1 d3e3 a2e2,2103,77,87,809,endgame mate mateIn2 pillsburysMate short,https://lichess.org/OBuD7Mz8#87,
5ztWz,2Q3k1/5ppp/8/2b1B3/2b1B3/4P3/4rqPP/1R5K b - - 2 28,c5f8 c8f8 g8f8 e5d6 f8e8 e4c6 e8d8 b1b8,2019,74,96,2053,attraction mate mateIn4 middlegame pillsburysMate sacrifice veryLong,https://lichess.org/IMv2PQXr/black#56,
60gEd,r1b2r2/pp2Np1k/7R/1n2p1B1/2q3P1/8/PPP2PP1/2KR4 b - - 0 21,h7g7 g5f6 g7h6 d1h1,2152,75,95,8802,mate mateIn2 middlegame pillsburysMate sacrifice short,https://lichess.org/JuFKutEs/black#42,
60yI0,3r1k1r/4n1pp/2pN1p1q/Q3p3/2B3b1/6P1/PPPR3P/4KR2 b - - 0 20,d8d6 a5d8 d6d8 d2d8,2038,88,52,114,master mate mateIn2 middlegame pillsburysMate sacrifice short xRayAttack,https://lichess.org/GyG4oDDl/black#40,
61nRm,4Bk2/p5pp/2p2n2/4N3/1n3Pb1/8/PPP2bPP/R1Br1K1R w - - 1 19,f1f2 f6e4 f2e3 b4c2 e3e4 d1d4,2184,102,84,53,long mate mateIn3 middlegame pillsburysMate sacrifice,https://lichess.org/VPFG6PRv#37,Nimzowitsch_Defense Nimzowitsch_Defense_Kennedy_Variation
62nZo,8/8/p1BP4/4Rbk1/1p3p2/1P3P2/P5rr/3KR3 w - - 8 48,d6d7 g2d2 d1c1 d2c2 c1b1 c2b2 b1a1 b2a2,2184,76,86,153,discoveredCheck doubleCheck endgame exposedKing fork mate mateIn4 pillsburysMate veryLong,https://lichess.org/7CY3qrzS#95,
661ed,2k5/p5Np/1pn5/2b5/2K1p3/1PP3N1/P2r2PP/7R w - - 2 27,g3e4 c6e5 c4b5 a7a6 b5a6 d2a2 a6b5 a2a5,1958,77,95,796,attraction endgame mate mateIn4 pillsburysMate veryLong,https://lichess.org/jnTltweF#53,
666wU,r3r1k1/p4pp1/5q2/8/4Q3/4RN1b/P4P1P/4R2K w - - 4 23,e4h4 f6f3 e3f3 e8e1,1968,79,85,192,deflection mate mateIn2 middlegame pillsburysMate short,https://lichess.org/1eMTDxvy#45,
67VZk,b3rr1k/6pp/p7/4Np2/Pq1P4/1B2R3/2P2RPP/6K1 b - - 8 25,b4d4 e5g6 h7g6 e3h3 d4h4 h3h4,2024,81,96,4980,long mate mateIn3 middlegame pillsburysMate sacrifice,https://lichess.org/5ZeZll2e/black#50,
6AnqY,5rk1/5ppp/p7/6q1/8/1P5P/PBr5/3R2RK b - - 1 32,g5f4 g1g7 g8h8 g7g8 h8g8 d1g1 c2g2 g1g2 f4g5 g2g5,2020,80,92,2195,attraction discoveredCheck doubleCheck endgame mate mateIn5 pillsburysMate sacrifice veryLong,https://lichess.org/2b5hK9bO/black#64,
6Awtl,8/1pR3p1/p3pk2/6p1/5r2/3r3P/P2q2B1/Q6K b - - 1 33,f6g6 a1g7 g6f5 c7f7,1953,76,96,1747,endgame mate mateIn2 pillsburysMate short,https://lichess.org/ncF4SKtK/black#66,
6Dvbo,rk5r/ppp1R1pp/4B3/2q1N3/8/8/P4PPP/3R2K1 b - - 0 23,c5e7 e5c6 b7c6 d1b1 e7b4 b1b4,2169,77,95,13385,endgame long mate mateIn3 pillsburysMate sacrifice,https://lichess.org/pzFV2KRB/black#46,
6ElCi,3r1rk1/p4ppp/4b3/1pQ5/4N3/8/qPP2PPP/2KR1B1R w - - 2 17,c5a3 a2b1 c1b1 d8d1,2116,79,79,98,attraction deflection mate mateIn2 middlegame pillsburysMate queensideAttack sacrifice short,https://lichess.org/4y049DwU#33,Scotch_Game Scotch_Game_Other_variations
6Ippu,r3kb1r/1p2pp1p/p1q2np1/4Q3/8/2N1B3/PPP2PPP/2KRR3 b kq - 2 13,f8g7 e5e7 e8e7 e3c5,2054,75,96,1513,attraction discoveredCheck doubleCheck mate mateIn2 middlegame morphysMate pillsburysMate sacrifice short,https://lichess.org/wAVapFU2/black#26,Sicilian_Defense Sicilian_Defense_Open
6Jxbe,2rq4/4kr2/6R1/1B1p4/4n2Q/1PP5/1P4PP/6K1 b - - 4 27,e7f8 h4h6 f8e7 g6e6,2126,87,90,1505,mate mateIn2 middlegame pillsburysMate short,https://lichess.org/GcuLkwBU/black#54,
6MCYr,4r1k1/pp2bp1p/1np2p2/3r3Q/2q5/2B3R1/PP4PP/4R2K b - - 9 29,d5g5 g3g5 f6g5 h5g5 e7g5 e1e8,1961,90,72,51,kingsideAttack long mate mateIn3 middlegame pillsburysMate sacrifice,https://lichess.org/89UT6TJh/black#58,
6QJrS,1r4k1/2p2ppp/2B3q1/p1nPp3/8/Q5Pb/P1P2P1P/4R1K1 w - - 0 26,a3c5 g6e4 c5f8 g8f8 e1e4 b8b1 e4e1 b1e1,1974,74,95,5995,endgame mate mateIn4 pillsburysMate veryLong,https://lichess.org/hR0xcFCW#51,
6SXgD,4rr1k/qb4pp/8/8/8/2Q3P1/4RN1P/4R1K1 w - - 7 35,c3b2 a7f2 e2f2 e8e1 f2f1 e1f1,2011,75,95,10282,deflection long mate mateIn3 middlegame pillsburysMate,https://lichess.org/1pVzHMDH#69,
6SfdI,1n3rk1/3b1p1p/p4bpQ/1pqR4/4B3/1P6/PB3PPP/6K1 b - - 1 24,c5e7 d5h5 f8c8 h6h7 g8f8 h7h8 f6h8 h5h8,2033,74,96,12113,kingsideAttack mate mateIn4 middlegame pillsburysMate sacrifice veryLong,https://lichess.org/wQMTFILE/black#48,
6Sz3s,4k2r/p5pp/3bp3/4n3/1r5q/4Q3/PP2B1PP/R1B2R1K w k - 3 21,e3a7 h4h2 h1h2 e5f3 h2h3 b4h4,2124,80,93,195117,attraction discoveredCheck doubleCheck long mate mateIn3 middlegame pillsburysMate sacrifice,https://lichess.org/zgBwsXLr#41,
6T6SC,3r3k/pp2Q2p/2p2p1B/3r4/3q4/6P1/5P1P/4R1K1 b - - 4 29,d5d7 e7e8 d8e8 e1e8,1990,167,19,6,endgame mate mateIn2 pillsburysMate sacrifice short,https://lichess.org/D0Uq7gkn/black#58,
6TZJP,2r2rk1/1p3ppp/p4n2/3p4/4QP2/P1B1P3/1P5P/R5RK b - - 0 20,f6e4 g1g7 g8h8 g7g8 h8g8 a1g1 e4g3 g1g3,2165,77,96,2156,attraction discoveredCheck doubleCheck endgame mate mateIn4 pillsburysMate sacrifice veryLong,https://lichess.org/Eiady71v/black#40,
6WiiH,2R5/6Rp/2k2p1B/p4P2/r3p2P/3p4/2pK4/1r6 b - - 9 50,c6d5 g7d7 d5e5 c8c5,2056,140,33,14,endgame mate mateIn2 pillsburysMate short,https://lichess.org/wv85x1sB/black#100,
6WrCz,6k1/6p1/Q4p2/3rRK1r/P4n2/5Pb1/4R1P1/8 w - - 4 45,f5g4 h5g5 e5g5 d5g5,1993,81,90,448,collinearMove mate mateIn2 middlegame pillsburysMate short xRayAttack,https://lichess.org/1xDTpyZN#89,
6eXcp,r2q4/p1N3kp/2Qp2p1/5r2/3bnP2/8/PPP3PP/R1B2RK1 w - - 1 18,g1h1 e4g3 h2g3 f5h5,1934,98,46,90,kingsideAttack mate mateIn2 middlegame pillsburysMate sacrifice short,https://lichess.org/siSEpoTd#35,Philidor_Defense Philidor_Defense_Other_variations
6fnbt,8/2k5/p3Rp2/N5p1/3P2n1/1BPb2P1/PP4Kr/4R3 w - - 5 32,g2f3 h2f2 f3g4 d3f5 g4h5 f2h2,1966,77,87,643,fork long mate mateIn3 middlegame pillsburysMate sacrifice,https://lichess.org/cDYIlQMz#63,
6gvz5,3r2k1/pR3R1p/2nr2p1/2n5/2B5/1QP1q1P1/P6P/7K b - - 0 32,c5b3 f7g7 g8h8 g7h7,1983,78,94,5250,discoveredCheck doubleCheck mate mateIn2 middlegame pillsburysMate short,https://lichess.org/Tq11LWcU/black#64,
6hwPd,4rrk1/p4ppp/5n2/1PPbB3/1P3P2/2P5/4K2P/R5R1 b - - 0 20,f6d7 g1g7 g8h8 g7g8 h8g8 a1g1 d5g2 g1g2,1970,75,93,2193,attraction discoveredCheck doubleCheck mate mateIn4 middlegame pillsburysMate sacrifice veryLong,https://lichess.org/PVeSSymk/black#40,
6ioZv,rn4Q1/pp5p/2p3pk/8/4pr1q/1B2N1N1/PPPP1bPP/R1B4K w - - 4 19,d2d3 h4h2 h1h2 f4h4,2177,81,90,192,attraction kingsideAttack mate mateIn2 middlegame pillsburysMate sacrifice short,https://lichess.org/xUE1kHJ6#37,
6iq8H,5rk1/5p1p/pp2p1pQ/2n1P1P1/P3q3/2B2R2/1Pr3PP/5R1K b - - 8 27,c5d3 h6f8 g8f8 f3f7 f8e8 f7f8 e8d7 f1f7 d7c6 f8c8 c6d5 f7d7,1957,75,97,1268,attraction kingsideAttack master mate mateIn5 middlegame pillsburysMate sacrifice veryLong,https://lichess.org/KT19ZGMP/black#54,
6ivp8,3r1r2/p4pkp/b4Np1/3n1pP1/5P2/2P3Q1/PP1K1R2/R1Bq4 w - - 4 30,d2d1 d5e3 d1e1 d8d1,1940,80,74,101,discoveredCheck doubleCheck master mate mateIn2 middlegame pillsburysMate short,https://lichess.org/DEuGPP3H#59,
6jZVm,3r2r1/pbk4p/4p3/2P1n3/8/2P2N2/PP3PPP/3R1RK1 w - - 0 21,f3e5 g8g2 g1h1 g2g1 h1g1 d8g8 e5g6 g8g6,2068,81,91,2143,attraction discoveredCheck doubleCheck endgame mate mateIn4 pillsburysMate sacrifice veryLong,https://lichess.org/E03ownv7#41,
6kJVY,1k6/pr4pp/3R4/6r1/7q/2B2P2/PP4P1/2R3K1 b - - 2 31,h4g3 d6d8 b8c7 c3a5,2035,78,80,192,discoveredCheck doubleCheck endgame mate mateIn2 pillsburysMate short,https://lichess.org/PUbOTsBz/black#62,
6lMPy,5rk1/p2nq1pp/1p2p1r1/8/1P1N3Q/P2B4/5PbP/3R1RK1 w - - 2 25,h4e7 g2e4 e7g5 g6g5,1972,80,93,2410,discoveredAttack discoveredCheck kingsideAttack mate mateIn2 middlegame pillsburysMate short,https://lichess.org/wdOntMug#49,
6pozB,3r1rk1/p4ppp/1pN5/2b1p3/2b2B2/4KB1P/PP3PP1/R2Q4 w - - 2 27,e3e4 f7f5 e4e5 d8e8 c6e7 e8e7,2083,78,90,834,long mate mateIn3 middlegame pillsburysMate,https://lichess.org/IyBZktTX#53,
6qiOB,1rR2k1r/4b1p1/pB2p1B1/3bP3/7p/1P3P1P/P3q1P1/2R3K1 b - - 1 29,b8c8 c1c8 e7d8 b6c5 f8g8 c8d8,2032,75,95,3145,long mate mateIn3 middlegame pillsburysMate pin,https://lichess.org/1NLYp294/black#58,
6un2o,1r4k1/p5pp/2pb3r/3p1b2/3PpPn1/1N2P2P/PP2N1PK/R1B2R2 w - - 9 24,h2g3 d6e7 h3g4 e7h4 g3h2 h4f2,2045,72,94,10969,discoveredAttack discoveredCheck long mate mateIn3 middlegame pillsburysMate quietMove sacrifice,https://lichess.org/1h6lc1vC#47,
6zEQV,8/p3k1pp/2Qb4/8/2b3P1/2P5/P1K2r1P/R7 w - - 1 31,c2b1 c4d3 b1c1 d6f4 c1d1 f2f1,2005,75,95,7538,endgame long mate mateIn3 pillsburysMate,https://lichess.org/icniTLBC#61,
6zYXX,r5k1/1b3pp1/pq3n1p/4Q3/2P5/1P1B4/P4PPP/4R1K1 b - - 0 23,f6g4 e5e8 a8e8 e1e8,2076,256,0,5,mate mateIn2 middlegame pillsburysMate sacrifice short,https://lichess.org/JZR03yKv/black#46,
73K5c,r5rk/1bp2p2/p3p2p/4q3/1nBP4/2N2N2/1P3PPP/R4RK1 w - - 0 18,f3e5 g8g2 g1h1 g2g1 h1g1 a8g8 e5g6 g8g6,2089,83,91,1956,attraction discoveredCheck doubleCheck kingsideAttack mate mateIn4 middlegame pillsburysMate sacrifice veryLong,https://lichess.org/hnG925kN#35,Queens_Gambit_Accepted Queens_Gambit_Accepted_Saduleto_Variation
76DUs,2kr2r1/1pp1n2p/p1b5/6Q1/8/2N5/PPP2PPP/R4RK1 w - - 1 17,g5e7 g8g2 g1h1 g2g1 h1g1 d8g8 e7g5 g8g5,1955,142,44,24,attraction discoveredCheck doubleCheck mate mateIn4 middlegame pillsburysMate sacrifice veryLong,https://lichess.org/GtvBbgkN#33,Philidor_Defense Philidor_Defense_Other_variations
7B4hj,1k4rr/pP1q4/3b1pn1/3p3p/3P3K/P3BN2/3NBP2/2RQ2R1 w - - 3 25,g1g6 d7g4 g6g4 h5g4 e3h6 h8h6,2152,74,95,9063,discoveredAttack discoveredCheck long mate mateIn3 middlegame pillsburysMate sacrifice,https://lichess.org/SxB5gZr8#49,
7BHMf,3r2k1/pb4r1/7p/1pppq3/2P5/1P4R1/P1B2Q1P/5RK1 b - - 1 31,d5d4 f2f7 g8h8 f7f8 d8f8 f1f8 g7g8 g3g8,2023,84,91,1389,exposedKing mate mateIn4 middlegame pillsburysMate pin sacrifice veryLong,https://lichess.org/RqsYrEr6/black#62,
7CMf6,rb3rk1/1p3p1p/p1n2qpQ/2p5/3p3P/P2P2Pb/BPP2P2/RNB1R1K1 b - - 2 18,f6f3 h6f8 g8f8 c1h6 f8g8 e1e8,1954,76,95,13798,attraction kingsideAttack long mate mateIn3 opening pillsburysMate sacrifice,https://lichess.org/fOpY5IYs/black#36,Sicilian_Defense Sicilian_Defense_Closed
7DTIm,3r4/1k4bp/1R4p1/1BBr1p2/3p4/8/P4PPP/2K5 b - - 3 34,b7a8 b5c6 a8a7 b6b7 a7a6 b7a7,1964,76,90,720,discoveredCheck doubleCheck endgame exposedKing fork long mate mateIn3 operaMate pillsburysMate,https://lichess.org/wsbt6237/black#68,
7Epsm,1r4rk/5p2/p1p4p/2bp1p2/5q2/2PQ2Pb/PPBN1P1P/R4R1K w - - 0 23,g3f4 h3g2 h1g1 g2f3,1973,78,92,1462,discoveredAttack discoveredCheck fork mate mateIn2 middlegame pillsburysMate short,https://lichess.org/FB8mZFWG#45,
7FfBj,1n1r3r/N2kq1b1/1pQp1n1p/1B1Pp1p1/1P2P3/2N1P3/2P3PP/R5K1 b - - 0 25,b8c6 b5c6 d7c7 a7b5 c7c8 a1a8,2009,88,91,1316,long mate mateIn3 middlegame pillsburysMate,https://lichess.org/FO7qAZFE/black#50,
7JJvW,r3r1k1/p5pp/4b3/4Q3/3P4/6Pq/PP3P1P/R1B2RK1 w - - 1 19,e5c5 h3f1 g1f1 e6h3 f1g1 e8e1,2127,80,90,364,attraction long mate mateIn3 middlegame pillsburysMate sacrifice,https://lichess.org/awN6j6et#37,
7Jusu,4rrk1/pp5p/2pp1qpP/4nb2/2PB3Q/P7/1P3PP1/R3KB1R w KQ - 3 21,h4f6 e5f3 e1d1 e8e1,1932,76,94,3317,discoveredCheck doubleCheck mate mateIn2 middlegame pillsburysMate short,https://lichess.org/2ced98FX#41,
7QL6C,2r3k1/p4pp1/3p4/BB1Np3/3bP3/1K1P1b2/PPP2r2/7R b - - 0 25,c8c2 d5e7 g8f8 h1h8 f8e7 a5d8 e7e6 h8e8,1962,75,94,1549,mate mateIn4 middlegame pillsburysMate sacrifice veryLong,https://lichess.org/8CMGnlI2/black#50,
7R0Ve,2k1b3/1pp4K/p2pr3/5n2/3P1P2/2P4P/P1P5/1RB2B2 w - - 1 34,f1d3 e8g6 h7h8 e6e8,1962,78,87,105,endgame mate mateIn2 pillsburysMate short,https://lichess.org/tdXRkSAu#67,
7RdGP,r5rk/ppp1pQ1p/5ppB/3P4/Pq6/1Pn5/1KP2P2/R6R b - - 9 31,b4d4 f7h7 h8h7 h6f8 d4h4 h1h4,2088,76,95,9370,discoveredAttack discoveredCheck kingsideAttack long mate mateIn3 middlegame pillsburysMate sacrifice,https://lichess.org/O36Mcpwn/black#62,
7TyY2,5rk1/p2Q2pp/1p2pr2/1P1P2b1/4p3/P4pq1/BP1NnP1P/R2R3K w - - 0 31,f2g3 e2g3 h2g3 f6h6 h1g1 g5e3 g1f1 h6h1,1991,83,90,562,kingsideAttack mate mateIn4 middlegame pillsburysMate sacrifice veryLong,https://lichess.org/a7eBrBDr#61,
7UzxF,3r2k1/1pp2ppp/2n5/5b2/Pbq1n3/3Q1N2/PB2PPPP/RK3B1R w - - 8 17,d3c4 e4c3 b1c1 d8d1,2080,134,42,28,discoveredCheck doubleCheck master mate mateIn2 middlegame pillsburysMate queensideAttack short,https://lichess.org/XuW6E53v#33,Rat_Defense Rat_Defense_English_Rat
7VzSY,1k1r4/8/p1b4p/1p3pr1/3p4/Q7/P1P2PPP/4RRK1 w - - 0 30,a3a6 g5g2 g1h1 g2g1 h1g1 d8g8,2106,75,94,1953,attraction discoveredCheck doubleCheck endgame long mate mateIn3 pillsburysMate sacrifice,https://lichess.org/NBgjWoqz#59,
7Wspg,r4rk1/p1pb1ppp/1p1p4/n2P4/3BP3/2PB1q2/P6P/1K1R2R1 b - - 1 21,d7a4 g1g7 g8h8 g7g8 h8g8 d1g1 f3g2 g1g2,1986,132,93,29,attraction discoveredCheck doubleCheck kingsideAttack mate mateIn4 middlegame pillsburysMate sacrifice veryLong,https://lichess.org/drAPLlha/black#42,
7ZBx7,8/7p/3k1p2/p4b2/R4N2/2bBpP2/2P2rPP/3K4 w - - 7 30,d3f5 e3e2 f4e2 f2f1,2198,76,94,6547,advancedPawn endgame mate mateIn2 pillsburysMate short,https://lichess.org/a5gOaMsQ#59,
7aUXT,r4rk1/p4ppp/2p1pn2/3P4/2p5/P1B2P2/1P2KP1P/R5R1 b - - 0 19,f6d5 g1g7 g8h8 g7g8 h8g8 a1g1,2081,82,89,1576,attraction discoveredCheck doubleCheck endgame kingsideAttack long mate mateIn3 pillsburysMate sacrifice,https://lichess.org/aMxxSUYB/black#38,
7ar6z,6rk/Rb4qp/3p4/1p3p1R/8/2r1K1b1/1PN1B2P/5Q2 w - - 0 31,b2c3 g7c3 e2d3 g8e8,1931,76,93,2352,fork master masterVsMaster mate mateIn2 middlegame pillsburysMate pin short,https://lichess.org/q9BNAYEI#61,
7b0CI,6r1/p4p1k/1p3Bn1/5B2/2p5/2P5/Pq4NK/7R b - - 15 35,h7h6 h2g1 g6h4 h1h4,2024,79,92,3030,discoveredAttack discoveredCheck mate mateIn2 middlegame pillsburysMate short,https://lichess.org/vHn3PwdV/black#70,
7b2op,3r4/pb1r1kpR/1p2pp2/8/8/2P1PNP1/PP2KP1R/8 w - - 6 25,h7h8 b7a6 c3c4 a6c4 e2e1 d7d1,1927,75,97,849,endgame long mate mateIn3 pillsburysMate,https://lichess.org/Pe6l2Q7l#49,
7bjh7,k2r3r/p1Qp2p1/Ppp4q/2b5/5pp1/2N3B1/1PP3PP/R4RK1 w - - 3 23,g1h1 h6h2 g3h2 h8h2 h1h2 d8h8,1901,78,91,1160,attraction kingsideAttack long mate mateIn3 middlegame pillsburysMate sacrifice,https://lichess.org/nVkLmDVQ#45,
7cSjD,2r3k1/3bprb1/1q3n2/3BB3/p7/1P1Q4/N7/1K1R3R b - - 1 25,f6d5 d3h7 g8f8 h7h8 g7h8 h1h8,2028,78,92,3981,exposedKing long mate mateIn3 middlegame pillsburysMate sacrifice,https://lichess.org/niupZzYS/black#50,
7ceOo,1k1r2r1/ppp2p2/4b2p/QNb1N3/P7/3P2p1/1PP2P1P/R4RKq w - - 1 23,g1h1 e6d5 e5f3 d5f3 h1g1 g3f2,1941,76,93,2846,advancedPawn discoveredCheck doubleCheck kingsideAttack long mate mateIn3 middlegame pillsburysMate,https://lichess.org/41Ew4Ehb#45,
7hEaL,4k3/pR3Np1/8/2P1P2n/6bP/B4nr1/P6K/5R2 w - - 3 39,h2h1 g3h3 h1g2 h3h2,1954,78,96,14258,mate mateIn2 middlegame pillsburysMate short,https://lichess.org/mWwLRQ1f#77,
7iq1c,7k/6pp/1P3p2/P7/4pP2/P3R2b/3q1N1P/2rQ2K1 w - - 3 37,e3e1 d2e1 d1e1 c1e1,1915,75,93,4939,endgame mate mateIn2 pillsburysMate short xRayAttack,https://lichess.org/t88D3aZK#73,
7k9Th,2r3k1/5p1p/1p2bPp1/8/4PPP1/7P/rPK5/2R2B1R w - - 2 25,c2b1 a2a1 b1a1 c8c1,1918,76,95,2256,attraction deflection endgame mate mateIn2 pillsburysMate queensideAttack short,https://lichess.org/A4qRazwD#49,
7mPgL,5rk1/ppp1R2p/6pn/8/8/1PBB1P2/q1PP1K1P/8 b - - 4 26,h6f5 d3c4 f8f7 e7e8,1991,78,88,215,endgame mate mateIn2 pillsburysMate pin short,https://lichess.org/oqJDUIKC/black#52,
7n1Bx,r5r1/2pkb2p/p1bpNn2/1p6/8/2N5/PPP2PPP/R1BQ1RK1 w - - 2 18,e6d4 g8g2 g1h1 g2g1 h1g1 a8g8 c1g5 g8g5 d1g4 g5g4,2156,88,91,7521,attraction discoveredCheck doubleCheck kingsideAttack mate mateIn5 middlegame pillsburysMate sacrifice veryLong,https://lichess.org/WyogH4S6#35,Ruy_Lopez Ruy_Lopez_Closed
7pKkE,5rk1/pp2bppp/1q2pB2/2r1Q3/3N3P/8/PPP2PR1/1K1R4 b - - 0 17,c5e5 g2g7 g8h8 g7g8 h8g8 d1g1 e5g5 g1g5,1994,78,92,315,attraction discoveredCheck doubleCheck kingsideAttack mate mateIn4 middlegame pillsburysMate sacrifice veryLong,https://lichess.org/NiqqAlU7/black#34,Sicilian_Defense Sicilian_Defense_Chekhover_Variation
7rooA,2r1kb1r/ppqn1ppp/4p3/3Q4/3P2b1/3BP3/PP3PPP/R1B1K1NR w KQk - 0 11,d5g5 f8b4 c1d2 c7c1 a1c1 c8c1,2154,79,87,1267,long mate mateIn3 opening pillsburysMate pin sacrifice,https://lichess.org/43bs5jeg#21,Slav_Indian Slav_Indian_Other_variations
7wLXp,r6k/6bp/p2RQ1p1/q5Bn/8/2N5/Pr3PPP/4R1K1 b - - 2 21,g7c3 e6e8 a8e8 e1e8 h8g7 d6d7,1924,77,88,69,long mate mateIn3 middlegame pillsburysMate sacrifice,https://lichess.org/WZdU7BLO/black#42,
7xXcN,8/p4R2/6p1/3rBk2/3P4/6KP/r7/8 b - - 2 37,f5g5 e5f4 g5h5 f7h7,2046,80,90,1793,endgame mate mateIn2 pillsburysMate short,https://lichess.org/bsZRfGCo/black#74,
80BIe,2r2N2/1bq1bQpk/p3p2p/1p6/6NP/PBP5/1P4P1/5R1K b - - 0 32,c8f8 b3c2 b7e4 c2e4 h7h8 f7f8 e7f8 f1f8,1982,76,89,554,mate mateIn4 middlegame pillsburysMate veryLong,https://lichess.org/6AIpzPND/black#64,
80X0D,8/pp4kr/1n1R3p/2rpN3/7B/2P5/PP4PP/6K1 b - - 3 27,b6c4 h4f6 g7g8 d6d8,2114,84,90,866,endgame mate mateIn2 pillsburysMate short,https://lichess.org/niacKe3p/black#54,
8AVmp,r3k2r/3b1pb1/3p2p1/2pnP1N1/1p3B2/1q1P2NP/1PKQ4/3RR3 w kq - 0 24,c2b3 d7a4 b3a2 a4c2,1928,82,88,77,discoveredAttack discoveredCheck master masterVsMaster mate mateIn2 middlegame pillsburysMate short,https://lichess.org/tINN8MYt#47,
8CU4s,3N4/pB4kp/6p1/3p2K1/3PnP2/1P6/P2b3r/R6R w - - 6 43,g5g4 h7h5 g4f3 h2f2,1970,74,94,13766,hookMate master masterVsMaster mate mateIn2 middlegame pillsburysMate short,https://lichess.org/8drv2AqD#85,
8FDJv,6k1/p1R2p2/1p4p1/3Qr1Kp/3b1P2/6P1/P4r1P/8 w - - 2 31,f4e5 d4e3 g5h4 f2h2,1918,82,91,513,endgame master mate mateIn2 pillsburysMate short,https://lichess.org/AhpTkek9#61,
8FPVU,rn3k1r/pp2b1R1/2p2p2/3p1b1B/3P1B1P/P2N4/2P1KP2/6R1 b - - 0 25,h8h5 g7g8 f8f7 g1g7 f7e6 d3c5 e7c5 g8e8 c5e7 g7e7,2123,83,90,1102,exposedKing mate mateIn5 middlegame pillsburysMate sacrifice veryLong,https://lichess.org/HDei2ba5/black#50,
8GtWe,2r3k1/3bR1pp/p2q4/3P1p2/2p2P1P/2B1Q1r1/PP4R1/7K b - - 1 35,g3e3 e7g7 g8f8 g7g8 f8e7 g2g7,2170,75,95,1601,long mate mateIn3 middlegame pillsburysMate,https://lichess.org/ukwxuQsg/black#70,
8IqyW,r4k1B/p3R3/1p1N2pp/2pp4/3p1bq1/3P4/PPPQ2P1/4R1K1 b - - 0 23,f4d2 e7e8 a8e8 e1e8,2048,77,87,742,mate mateIn2 middlegame pillsburysMate short,https://lichess.org/otxfIo4P/black#46,
8JExa,4r3/6pk/b1p5/3p2B1/1b1K2N1/5r1P/PP6/R5Q1 w - - 0 30,g4e5 f3d3 e5d3 e8e4,2184,78,95,2180,epauletteMate mate mateIn2 middlegame pillsburysMate sacrifice short,https://lichess.org/PNFG0hCj#59,
8KAAQ,r4k2/6b1/8/2P5/1p2Q3/rN2B2P/P2R4/1K3q2 w - - 2 41,b3c1 a3b3 a2b3 a8a1 b1c2 a1c1,2047,76,92,3071,clearance long master mate mateIn3 middlegame pillsburysMate pin sacrifice,https://lichess.org/GvwSQiBJ#81,
8M5D8,7r/6p1/Nk1R4/4nB2/7p/B5r1/bP5K/8 b - - 6 35,b6b5 a6c7 b5a4 f5c2 a2b3 d6a6,2002,76,96,4891,long mate mateIn3 middlegame pillsburysMate,https://lichess.org/C3wuenqV/black#70,
8NCqJ,rn3r2/7p/p7/2k1Np2/1p3P2/bB2P3/5KPP/3R4 b - - 8 27,b8c6 e5d7 c5b5 d1d5,2069,76,94,6980,fork mate mateIn2 middlegame pillsburysMate short,https://lichess.org/BxZMLe4d/black#54,
8OIAM,r2q1rk1/pp4pp/2npb3/3Np3/2B2p2/P1R4R/1P1Q1PPP/6K1 b - - 1 18,e6h3 d5e7 g8h8 e7g6 h7g6 c3h3 d8h4 h3h4,2126,76,94,4430,discoveredCheck doubleCheck kingsideAttack mate mateIn4 middlegame pillsburysMate veryLong,https://lichess.org/Fu9mqoUw/black#36,Sicilian_Defense Sicilian_Defense_Open
8Ogk5,4r3/ppp2N2/3p1Bp1/2b5/6k1/1P6/1Pn2PK1/7R b - - 3 28,e8e2 f7h6 g4f4 h1h4,1908,76,95,17868,endgame mate mateIn2 pillsburysMate short,https://lichess.org/TGoKIGrc/black#56,
8OlTd,1r2r1k1/BpN2pbp/p2p2p1/4nb2/1Q6/2N5/P4PPP/2R1KB1R w K - 1 23,a7b8 e5f3 e1d1 e8e1,2175,87,88,101,discoveredCheck doubleCheck mate mateIn2 middlegame pillsburysMate short,https://lichess.org/7kZQS1GB#45,
8UMDM,5k1q/6p1/ppr2nB1/3pB3/3P4/5R2/PP4P1/4R1K1 b - - 16 33,h8h6 e5d6 f8g8 e1e8 f6e8 f3f8,2157,75,95,9322,long mate mateIn3 middlegame operaMate pillsburysMate sacrifice,https://lichess.org/x2Kqzzw9/black#66,
8UNOx,r1b4r/pp4p1/7p/2bQpkB1/3n4/P1NP4/1P3PPP/1R3RK1 w - - 1 17,f2f4 d4e2 g1h1 e2g3 h2g3 h6g5,1974,92,38,29,discoveredAttack discoveredCheck doubleCheck kingsideAttack long mate mateIn3 middlegame pillsburysMate,https://lichess.org/VFSdXb1M#33,Italian_Game Italian_Game_Two_Knights_Defense
8UUEO,r7/4kpRP/2p2n2/2Pp4/1b1P1P1P/1PqpP2B/Q7/N2K2R1 w - - 3 39,h7h8q c3a1 a2a1 a8a1,2077,75,93,8783,mate mateIn2 middlegame pillsburysMate short xRayAttack,https://lichess.org/GvgWBjBG#77,
8YYFM,5r1k/pQp3pp/8/4b3/7q/2N4P/PP1B2P1/4R1K1 w - - 1 24,b7e4 h4f2 g1h1 f2f1 e1f1 f8f1,2002,76,94,7268,fork long mate mateIn3 middlegame pillsburysMate sacrifice,https://lichess.org/8URfbmSi#47,
8gpZ5,6k1/6p1/p1rb2Qp/2r1pp2/P2p3N/3P2P1/4bP1P/5RK1 w - - 2 36,f1b1 c5c1 b1c1 c6c1 g1g2 e2f1 g2f3 e5e4 d3e4 c1c3,2069,75,97,1877,kingsideAttack mate mateIn5 middlegame pillsburysMate veryLong,https://lichess.org/O31nB8FT#71,
8h0xF,r4rk1/1p3p1p/p3q2Q/1b1pbp2/N2B4/1P6/P1P2K1P/6R1 b - - 1 25,g8h8 h6g7 e5g7 d4g7 h8g8 g7f6,1903,79,92,1108,discoveredAttack discoveredCheck fork long mate mateIn3 middlegame pillsburysMate sacrifice xRayAttack,https://lichess.org/ScLWIzRT/black#50,
8h9XF,3k2r1/p1p1bpBp/2B1p3/8/N7/1P6/P1br1P1P/R4KR1 w - - 5 25,g7h6 c2d3 f1e1 d2e2 e1d1 g8g1,2014,112,78,62,long mate mateIn3 middlegame pillsburysMate,https://lichess.org/O1LgOYvz#49,
8jwv3,2R5/5pk1/7p/6p1/B1N3P1/2r2b1K/7P/8 w - - 0 41,c4d6 f3c6,1970,78,93,3397,discoveredAttack discoveredCheck endgame mate mateIn1 oneMove pillsburysMate,https://lichess.org/xzoMY1si#81,
8kL4g,4r2k/pp2q2p/2n3pB/4b3/8/1B6/PP3QP1/4R2K b - - 4 27,e7c7 f2f6 e5f6 e1e8,1958,77,87,310,mate mateIn2 middlegame pillsburysMate sacrifice short,https://lichess.org/Ctdldnig/black#54,
8lRVQ,2R5/5pkp/3B2p1/p1P5/2rb1PK1/6P1/7P/8 b - - 2 35,a5a4 d6f8 g7f6 c8c6,1948,99,68,40,endgame mate mateIn2 pillsburysMate short,https://lichess.org/qb5q76Gq/black#70,
8oCSi,r6r/ppp2pk1/3p4/2b1P3/2B1P3/2PP1P2/PP2n2P/R2Q1b1K w - - 1 20,d3d4 h8h2 h1h2 a8h8,1927,81,53,80,attraction kingsideAttack mate mateIn2 middlegame pillsburysMate sacrifice short,https://lichess.org/EqE7nKs6#39,
8w9Zd,3r2k1/5ppp/1Bp5/1P4r1/4p3/P6b/2P1BPnP/R5KR w - - 6 25,b6d8 g2f4 e2g4 g5g4,1988,76,91,603,discoveredAttack discoveredCheck mate mateIn2 middlegame pillsburysMate short,https://lichess.org/GLL5LNtl#49,
903zy,r2r4/5p1p/p4Bp1/4p3/7k/5KRN/1p5P/5n2 b - - 1 36,h4h5 h3f4 e5f4 g3h3,2066,75,95,15181,clearance endgame mate mateIn2 pillsburysMate sacrifice short,https://lichess.org/HHrrT9Pi/black#72,
90qb6,3rr1k1/pp2Bp1p/2qP1Qp1/8/4R3/1P3P2/5P1P/6K1 b - - 4 22,d8d7 f6h8 g8h8 e7f6 h8g8 e4e8,2116,80,94,12358,attraction discoveredAttack endgame long master mate mateIn3 pillsburysMate sacrifice,https://lichess.org/w4Gn7KeV/black#44,
918hS,3r2r1/p1b5/1p1kp1Q1/3b1p2/1P1P4/P1N5/5PPP/R4RK1 w - - 2 26,g6h5 g8g2 g1h1 g2g1 h1g1 d8g8 h5g6 g8g6,2147,86,91,6857,attraction discoveredCheck doubleCheck kingsideAttack mate mateIn4 middlegame pillsburysMate sacrifice veryLong,https://lichess.org/11HjMwzq#51,
96bKm,r4rk1/pbpN1ppp/3bpn2/1N6/2PB4/8/PP3P1P/2KR2R1 b - - 4 17,f6d7 g1g7 g8h8 g7g8 h8g8 d1g1 b7g2 g1g2 d6g3 g2g3,2038,91,63,53,attraction discoveredCheck doubleCheck kingsideAttack mate mateIn5 middlegame pillsburysMate sacrifice veryLong,https://lichess.org/bgaua9rr/black#34,Scandinavian_Defense Scandinavian_Defense_Mieses-Kotroc_Variation
96mbU,2kr4/p4pBp/2p1b3/8/r7/4b1P1/1PPN3P/2KRR3 w - - 1 21,e1e3 a4a1 d2b1 a1b1 c1b1 d8d1,2087,79,80,164,attraction deflection long master mate mateIn3 middlegame pillsburysMate,https://lichess.org/VRR6neON#41,
9AdUz,r4rk1/p4ppp/2pbp3/q2pBQ2/3P4/1P3P1P/PNP2P1K/R5R1 b - - 0 19,e6f5 g1g7 g8h8 g7g8 h8g8 a1g1,2049,77,88,1053,attraction discoveredCheck doubleCheck kingsideAttack long master mate mateIn3 middlegame pillsburysMate sacrifice,https://lichess.org/dmaUGgu7/black#38,Caro-Kann_Defense Caro-Kann_Defense_Other_variations
9BHrf,r4bkr/1b3p2/p1pq1P1p/1B4p1/4Q3/2P3P1/PP4P1/3R1R1K b - - 0 26,d6g3 e4g6 f7g6 b5c4 g8h7 d1d7 f8e7 d7e7,1973,79,67,54,epauletteMate fork mate mateIn4 middlegame pillsburysMate sacrifice veryLong,https://lichess.org/xAOK225S/black#52,
9CvzW,2r5/5rpk/3p1pNp/1b3P2/3BP2R/6R1/PP1b2PP/6K1 w - - 16 30,a2a3 c8c1 g1f2 c1f1,1990,78,95,1473,mate mateIn2 middlegame operaMate pillsburysMate short,https://lichess.org/qx2QD9Aw#59,
9E2ai,Q2R4/5pkp/8/P5p1/4p1PK/2r1b3/6P1/8 w - - 0 48,h4g3 e3g1 d8d3 c3d3,2019,72,96,16446,discoveredAttack discoveredCheck endgame epauletteMate mate mateIn2 pillsburysMate short,https://lichess.org/FRdx366v#95,
9EVmu,8/2p2r2/2p2pkb/B3pR2/P1P1r1P1/7P/1PP1K3/5R2 w - - 0 34,e2d3 e4e3 d3d2 f7d7 d2c1 e3e1,1948,76,88,544,discoveredCheck doubleCheck endgame long mate mateIn3 pillsburysMate,https://lichess.org/SoywgbrQ#67,
9EnUp,R7/pp4kp/5pp1/2p2b2/2PB4/K2n1N2/P1r2PPP/7R w - - 0 23,d4e3 c2c3 a3a4 f5d7 a4a5 c3a3,1976,93,55,31,exposedKing long mate mateIn3 middlegame pillsburysMate,https://lichess.org/CSfZq79E#45,
9F1yv,r1b2rk1/ppp1np1p/5B2/2b1p2Q/2B5/8/PP1q1PPP/3R1RK1 b - - 3 15,d2f4 h5f7 f8f7 d1d8,2159,80,86,115,kingsideAttack mate mateIn2 middlegame pillsburysMate pin sacrifice short,https://lichess.org/vh2T5DaX/black#30,Scotch_Game Scotch_Game_Benima_Defense
9FHoL,5r2/pp2k3/2pbp2r/6p1/2PP2p1/4P3/PP3NP1/R1B2RK1 w - - 0 24,f2g4 h6h1 g1h1 f8f1,1931,81,88,82,attraction deflection kingsideAttack mate mateIn2 middlegame pillsburysMate short,https://lichess.org/zyqWpbhG#47,
9FPjB,N5k1/2P2p2/1p5p/5r2/p1Bb4/B2n4/PP4PP/2R3K1 w - - 5 34,g1h1 d3f2 h1g1 f2e4 g1h1 e4g3 h2g3 f5h5,2082,154,60,37,discoveredAttack discoveredCheck mate mateIn4 middlegame pillsburysMate sacrifice veryLong,https://lichess.org/UsWdV1NB#67,
9G4de,r1nr2k1/pp2pp1p/3q2pB/P2N4/2n1PQ2/7P/1bP2PP1/1R1R2K1 b - - 1 22,d6f4 d5f6 e7f6 d1d8,2077,75,77,185,discoveredAttack kingsideAttack mate mateIn2 middlegame pillsburysMate short,https://lichess.org/XpmggWjC/black#44,
9HA5o,4b3/p3bNk1/1q2P3/3pP3/P1nP4/1pPB4/5R2/2B3K1 b - - 7 38,b3b2 c1h6 g7g8 f2g2 e7g5 g2g5,1924,78,93,5097,exposedKing long mate mateIn3 middlegame pillsburysMate,https://lichess.org/fESI3c7m/black#76,
9Hd8Q,8/p1R3kp/6p1/2P2pB1/2Bb4/4pbP1/P6r/4K3 b - - 3 32,g7f8 c7c8 f8g7 c8g8,2008,76,97,1628,endgame mate mateIn2 operaMate pillsburysMate short,https://lichess.org/Ft4Q2SrH/black#64,
9Hpsx,1r5k/p5pp/2p5/4nbP1/1b3B2/2K5/PP2NN1P/R4B1R w - - 4 24,c3d4 b8d8 d4e5 d8d5,2132,84,90,476,master mate mateIn2 middlegame pillsburysMate sacrifice short,https://lichess.org/bLhEPAI8#47,
9IQIM,1R6/5B1k/4p1p1/3p1PBp/2b5/6bP/2r3P1/7K b - - 0 34,c2e2 f5g6 h7g7 b8g8,1958,78,90,750,endgame mate mateIn2 operaMate pillsburysMate short,https://lichess.org/fPyDUgL9/black#68,
9IQzV,1r6/3k1p2/Q1n1p3/3p2P1/3Pb1K1/2P5/4BP1q/R5R1 w - - 3 30,e2b5 f7f5 g5f6 b8g8,1967,135,61,63,mate mateIn2 middlegame pillsburysMate short,https://lichess.org/wgez6Znc#59,
9JclV,5rk1/4Qp1p/1q4p1/1p1p4/1Pp2B2/P5Pb/5b1P/3RR2K b - - 1 28,d5d4 e7f8 g8f8 f4h6 f8g8 e1e8,2079,75,97,780,attraction kingsideAttack long mate mateIn3 middlegame pillsburysMate sacrifice,https://lichess.org/Y9ryXAdF/black#56,
9KNsS,3r2k1/1pr3p1/p2Bb3/4nN1p/7b/3B4/PPPK3P/5RR1 b - - 10 28,d8d6 f5h6 g8h8 f1f8 e6g8 f8g8,1966,83,95,9148,long master masterVsMaster mate mateIn3 middlegame pillsburysMate pin,https://lichess.org/w3i1Cj1W/black#56,
9MegJ,3k1b2/ppp1P2R/7n/1B6/5Bp1/2p3pr/PPn3K1/8 b - - 0 24,f8e7 h7h8 h6g8 h8g8 e7f8 f4g5 d8c8 g8f8,2160,76,85,313,mate mateIn4 middlegame pillsburysMate pin veryLong,https://lichess.org/GfJjde1M/black#48,
9O7At,4r1r1/pbk4p/3p4/P1p2B2/8/3P4/1PPN1PPP/R4RK1 w - - 1 22,a1e1 g8g2 g1h1 g2g1 h1g1 e8g8 f5g6 g8g6,2065,78,88,179,attraction discoveredCheck doubleCheck kingsideAttack mate mateIn4 middlegame pillsburysMate sacrifice veryLong,https://lichess.org/DZ3APLDX#43,
9Oo0q,2rk1b2/pp1b2rp/4RNp1/5n2/5B2/1P3P2/P4P1P/3R2K1 b - - 0 23,g7e7 d1d7 e7d7 e6e8,1951,76,88,457,mate mateIn2 middlegame pillsburysMate sacrifice short,https://lichess.org/THsrwZq4/black#46,
9Qhd0,4r3/R3np2/p5p1/Bpk2n1p/2p5/2P2B2/P1P2P1P/6K1 b - - 5 29,f5h4 a5b4 c5b6 a7b7,2041,77,88,414,endgame mate mateIn2 operaMate pillsburysMate short,https://lichess.org/J1oX3sTY/black#58,
9Qin7,r1b2r1k/pp2q1pp/2p2p2/5PPQ/3Pp2P/1BP2n2/P1P1K3/R6R b - - 0 20,f6g5 h5h7 h8h7 h4g5 f3h4 h1h4,1950,74,94,14498,discoveredAttack discoveredCheck intermezzo kingsideAttack long mate mateIn3 middlegame pillsburysMate sacrifice,https://lichess.org/4cHQLTsP/black#40,
9Rfyq,rnb5/pp3R2/2p1p2p/3n2Q1/3qN1k1/8/PP4BP/7K b - - 1 28,h6g5 g2f3 g4h4 f7h7,2052,79,61,167,mate mateIn2 middlegame pillsburysMate short,https://lichess.org/97y9pERc/black#56,
9SSn0,2q3k1/1b1rBp1p/p4Qp1/5p2/p2p4/1n1P3P/B5P1/4R2K b - - 7 32,c8c2 f6h8 g8h8 e7f6 h8g8 e1e8,2088,77,94,9706,attraction kingsideAttack long mate mateIn3 middlegame pillsburysMate sacrifice,https://lichess.org/I7FpzuBC/black#64,
9SuoQ,5k2/p4pp1/8/2p5/3p3r/1P1P1bq1/PBPQ1RB1/6K1 w - - 3 26,b2a3 g3h2 g1f1 h2h1 g2h1 h4h1,2030,194,50,15,exposedKing long mate mateIn3 middlegame pillsburysMate sacrifice,https://lichess.org/z0rQIgBn#51,
9T2u9,1r3bk1/pr3p1p/2p1bQpP/6P1/1B1pPP2/P7/1Pq5/KR4NR w - - 0 28,b4f8 c2b1 a1b1 b7b2 b1c1 b2b1 c1d2 b8b2 d2d3 b1d1,2005,75,94,16025,attraction mate mateIn5 middlegame pillsburysMate sacrifice veryLong,https://lichess.org/JcZArlyY#55,
9Tf8T,2r1r2k/pp2q3/6pB/3Bpp2/2Pb1P2/1P1R3R/P5PP/7K b - - 2 32,e5f4 h6f8 e7h7 h3h7 h8h7 d3h3,1929,80,92,425,attraction discoveredAttack discoveredCheck exposedKing kingsideAttack long mate mateIn3 middlegame pillsburysMate,https://lichess.org/P8X7f6Nz/black#64,
9TflW,r1b1r1kb/pp3p1p/3q3B/3N2Qp/8/5P2/PPP1B1P1/2KR4 b - - 2 20,d6g6 d5e7 e8e7 d1d8 e7e8 d8e8,1935,75,88,592,clearance fork long mate mateIn3 middlegame pillsburysMate sacrifice,https://lichess.org/ZXPFn7TQ/black#40,
9UftJ,r3k2r/pp2bppp/2p2p2/q3n3/2B1Q3/4B2P/PPP2PP1/2KRR3 b kq - 9 16,e5c4 e4e7 e8e7 e3c5,2058,75,93,2474,attraction discoveredCheck doubleCheck mate mateIn2 middlegame morphysMate pillsburysMate sacrifice short,https://lichess.org/mpaukY1U/black#32,Caro-Kann_Defense Caro-Kann_Defense_Tartakower_Variation
9XlO0,4Rnk1/pp5p/2pN2p1/6B1/2Pb2q1/8/PP3Q1P/4RK2 b - - 0 23,d4f2 e8f8 g8f8 g5h6 f8g8 e1e8,2047,74,95,15589,attraction long mate mateIn3 middlegame pillsburysMate sacrifice,https://lichess.org/hInIRZZv/black#46,
9Y6Ry,8/3P2k1/r3K1P1/7P/8/6b1/8/3R4 w - - 1 50,e6e7 g3h4 e7e8 a6e6,1914,76,94,2517,endgame mate mateIn2 pillsburysMate short,https://lichess.org/vl9B5UqT#99,
9YHA1,6k1/p4p1p/2R3p1/2B2P2/5K2/1PP2P2/r5rP/8 b - - 2 28,g2h2 c6c8 g8g7 c5f8 g7f6 c8c6,2074,77,93,8378,endgame epauletteMate long mate mateIn3 pillsburysMate,https://lichess.org/TJlHFQi7/black#56,
9YzX1,5rk1/4Q1b1/p1b1p1p1/BppqP2p/3p1r2/3P2RN/PPP2N1P/5RK1 w - - 0 27,g3g6 d5h1 f2h1 f4f1,2011,76,95,12280,kingsideAttack mate mateIn2 middlegame pillsburysMate sacrifice short,https://lichess.org/AhICvgF3#53,
9eObg,2r4k/pb4p1/1p2Q1B1/3p4/1P3r1q/2P5/P5PP/4R1K1 b - - 3 27,h4f6 e6h3 f4h4 h3c8 b7c8 e1e8 f6f8 e8f8,2017,74,96,6694,fork mate mateIn4 middlegame pillsburysMate sacrifice veryLong,https://lichess.org/E6ytiucJ/black#54,
9efJF,4r1k1/1ppN1ppp/1p6/3P4/1n6/4q3/rB6/1K1R2R1 b - - 0 26,e3b3 g1g7 g8h8 g7g8 h8g8 d1g1 b3g3 g1g3,2088,71,94,12324,attraction discoveredCheck doubleCheck mate mateIn4 middlegame pillsburysMate sacrifice veryLong,https://lichess.org/38EAHaEI/black#52,
9gLhW,2kr4/Qp6/2b1pp2/2Bnq3/2B5/P1p5/2P3P1/1K1R4 b - - 1 25,d5c7 a7b8 c8b8 d1d8,2197,77,93,2128,attraction deflection mate mateIn2 middlegame pillsburysMate sacrifice short,https://lichess.org/qAscVBlV/black#50,
9gr3r,r4rk1/pp2bppp/2n1p3/2pP4/8/2B2N2/PPP2P1P/2KR2R1 b - - 0 17,e6d5 g1g7 g8h8 g7g8 h8g8 d1g1 e7g5 g1g5,2196,76,93,3327,attraction discoveredCheck doubleCheck kingsideAttack mate mateIn4 middlegame pillsburysMate sacrifice veryLong,https://lichess.org/r0BUE5ly/black#34,Caro-Kann_Defense Caro-Kann_Defense_Main_Line
9h92B,6k1/p2R1p1p/6p1/2B5/5PP1/5b1P/Pr6/6K1 b - - 0 33,b2a2 d7d8 g8g7 c5f8 g7f6 d8d6,2128,82,85,295,endgame long mate mateIn3 pillsburysMate,https://lichess.org/YNCkqDjj/black#66,
9mLyM,2r1r1k1/p2n1ppp/1bQ5/3p4/P7/1R3P2/3PNqPP/3K1B1R w - - 1 20,c6d7 f2e1 d1e1 c8c1,1987,76,93,1271,attraction mate mateIn2 middlegame pillsburysMate pin sacrifice short,https://lichess.org/EjlQ6leN#39,
9mW2Y,r1br2k1/1p3p1p/p3pRpQ/2p1q1Pn/8/3Pp1PP/PPP3B1/5RK1 b - - 1 22,d8f8 h6f8 g8f8 f6f7 f8e8 f7f8 e8d7 f1f7 d7d6 f8d8 c8d7 f7d7,2029,75,94,6798,attraction kingsideAttack mate mateIn5 middlegame pillsburysMate sacrifice veryLong,https://lichess.org/4iYP0Ohk/black#44,
9muIo,8/R6p/1p3k2/8/5PK1/1Brb3P/P7/8 w - - 2 40,a7b7 d3f5 g4h5 c3h3,1915,85,87,127,deflection discoveredAttack endgame mate mateIn2 pillsburysMate short,https://lichess.org/HYdwMCGI#79,
9muUn,3r2r1/1b1NQ3/p7/kpp1pB2/8/Pn2P3/5PPP/5RK1 w - - 0 42,d7c5 g8g2 g1h1 g2g1 h1g1 d8g8 f5g6 g8g6 e7g5 g6g5,2184,80,91,6553,attraction discoveredCheck doubleCheck mate mateIn5 middlegame pillsburysMate sacrifice veryLong,https://lichess.org/EB7KPOTl#83,
9qx2J,r2n1rk1/pp1b1pp1/3Pp2p/8/2P5/3B1qB1/PQK2P1P/R5R1 b - - 0 21,a8c8 b2g7 g8g7 g3e5,1919,78,86,378,attraction discoveredCheck doubleCheck kingsideAttack mate mateIn2 middlegame pillsburysMate sacrifice short,https://lichess.org/r6MVG40n/black#42,
9t4QN,1kr5/ppb5/2p2p2/1P4p1/P1QPr2n/6K1/5P2/2R1R3 w - - 2 35,g3h3 g5g4 h3h4 c8h8,1906,78,91,437,mate mateIn2 middlegame pillsburysMate sacrifice short,https://lichess.org/7dbaMgpY#69,
9tZ1X,r5k1/2R5/3p1b1p/3P4/4pPPN/6r1/2R5/2K5 w - - 0 34,h4f5 a8a1 c1d2 g3g2 d2e3 a1e1 c2e2 e1e2,2174,78,76,92,endgame exposedKing mate mateIn4 pillsburysMate veryLong,https://lichess.org/46bJgWHY#67,
9u9u1,2kr3r/ppqn1pp1/2p1p1p1/8/4NQ1b/1B1P4/PPP2PPP/R4RK1 w - - 6 18,f4f7 c7h2 g1h2 h4f2,1970,80,91,635,deflection discoveredAttack discoveredCheck kingsideAttack mate mateIn2 middlegame pillsburysMate sacrifice short,https://lichess.org/xLoB6j1P#35,Scandinavian_Defense Scandinavian_Defense_Valencian_Variation
9uxJM,r2q2k1/pbpnb1p1/1p2R2p/8/2BP4/P1P2P2/2P2P1P/R1B3K1 b - - 0 16,b7f3 e6h6 f3d5 c4d5 g8f8 h6h8,2097,80,61,85,discoveredAttack discoveredCheck fork long mate mateIn3 middlegame pillsburysMate,https://lichess.org/vnDsY8cN/black#32,Owen_Defense Owen_Defense_Other_variations
9vPlt,5r1k/1b1R2b1/pqnp2pp/6N1/2B4Q/1P5P/P1P2PP1/1K6 b - - 1 24,b6d4 h4h6 g7h6 d7h7,1920,78,92,3004,kingsideAttack mate mateIn2 middlegame pillsburysMate sacrifice short,https://lichess.org/YhkEJLhX/black#48,
A0AdR,k2rr3/1b3p1p/p7/1P6/5Q2/1BNq2P1/1P3P1P/R5K1 w - - 3 26,b5a6 d3d1 a1d1 d8d1 c3d1 e8e1,2096,77,94,8314,long mate mateIn3 middlegame pillsburysMate sacrifice,https://lichess.org/k6NWLZ8j#51,
AAmKc,b3r2k/2R5/1R4pp/5p2/3N1P2/4p1P1/r6P/6K1 w - - 0 43,b6g6 a2a1 c7c1 a1c1,1964,78,91,2051,endgame mate mateIn2 pillsburysMate short,https://lichess.org/Yr09OERO#85,
ABqaS,2kr3r/ppp1nppp/8/2b1Pb2/5P2/2P5/PP1NK1PP/R1B2B1R w - - 3 12,d2c4 f5g4 e2e1 d8d1,1900,76,95,14350,mate mateIn2 middlegame operaMate pillsburysMate short,https://lichess.org/gac8WUNV#23,Scotch_Game Scotch_Game_Other_variations
ABt1i,r2q1rk1/1pp2p1p/p2p1B2/3P3n/4PP2/8/P2n1P1P/R5RK b - - 1 19,h5g7 g1g7 g8h8 g7g8 h8g8 a1g1,2099,83,90,449,attraction discoveredCheck doubleCheck kingsideAttack long mate mateIn3 middlegame pillsburysMate sacrifice,https://lichess.org/UbHcDGc6/black#38,
AGkWl,r4rk1/p4ppp/qp1p4/n1pP4/4PP2/1QB5/P1K2P1P/R5R1 b - - 3 24,a5b3 g1g7 g8h8 g7g8 h8g8 a1g1,2199,90,91,4415,attraction discoveredCheck doubleCheck kingsideAttack long mate mateIn3 middlegame pillsburysMate sacrifice,https://lichess.org/kaqWCYX7/black#48,
AHNj4,r7/5pk1/pR1b2p1/2pP4/2P1P2r/P2B2Kb/5Q2/8 w - - 0 40,g3h4 a8h8 h4g5 h8h5,2103,87,77,127,endgame mate mateIn2 pillsburysMate short,https://lichess.org/XzVboBfN#79,
AIlsu,7r/ppqk4/2p1p3/8/1P1PQPPb/P3P3/1B3KPr/2R1R3 w - - 7 28,f2g1 h2h1 g1h1 h4f2 e4h7 h8h7,1978,82,92,2185,discoveredAttack discoveredCheck kingsideAttack long mate mateIn3 middlegame pillsburysMate sacrifice,https://lichess.org/OxXZObAy#55,
ANvMq,r4b1r/pp4p1/2p2n2/2Ppp1Np/k6P/Q2B4/2PB1PP1/5RK1 b - - 0 25,a4a3 d2c3 d5d4 f1a1,2032,81,91,892,mate mateIn2 middlegame pillsburysMate short,https://lichess.org/ujdH5wpe/black#50,
ARTCB,3r2k1/p1p4p/1p4r1/1PbNpp2/3n1p2/3Q1P2/PP4PP/R4RK1 w - - 1 22,d3c4 d4e2 g1h1 e2g3 h2g3 g6h6,1930,79,92,382,discoveredCheck doubleCheck kingsideAttack long mate mateIn3 middlegame pillsburysMate sacrifice,https://lichess.org/z9FmxNwj#43,
AX2na,q5k1/1b4Qp/pp1p1R2/3Np3/1Pr1P3/P2nB3/7P/5R1K b - - 0 29,g8g7 e3h6 g7h8 f6f8 a8f8 f1f8,2003,76,91,357,fork long master mate mateIn3 middlegame pillsburysMate,https://lichess.org/5no0wQGV/black#58,
AaiBJ,6k1/2rnrp1p/pq3RpB/1p1Qp3/8/1B4P1/PPP3PK/3R4 b - - 0 25,d7f6 d5f7 e7f7 d1d8 f6e8 d8e8,1956,79,85,393,clearance kingsideAttack long mate mateIn3 middlegame pillsburysMate pin sacrifice,https://lichess.org/tYGQrPfn/black#50,
AbYSh,6k1/Bp6/p1pR2B1/2PbpN2/8/2b5/r7/4K3 w - - 6 49,e1d1 d5b3 d1c1 a2a1,2004,77,77,179,master mate mateIn2 middlegame pillsburysMate short,https://lichess.org/mDa3xGHP#97,
AekSp,r1b1RNk1/ppq2pp1/7p/3p4/3P1b2/3B4/PPP1nPPP/R4K2 b - - 3 17,c7c6 f8d7,1982,91,84,169,discoveredAttack discoveredCheck mate mateIn1 middlegame oneMove pillsburysMate,https://lichess.org/Rkru3Ct0/black#34,French_Defense French_Defense_Exchange_Variation
AfuFd,6k1/p1R1R1p1/bp1p3p/8/3P1n2/2P2P2/PP1N3P/4K1r1 w - - 8 32,e1f2 f4h3 f2e3 g1e1,1996,79,92,572,endgame mate mateIn2 pillsburysMate short,https://lichess.org/n0bQcJic#63,
AhL4n,rn1r2k1/ppp2pp1/6b1/2P1n1Pp/5P1P/2N5/PP1KN1B1/R6R w - - 1 21,d2e3 e5g4 e3f3 d8d3,1940,76,87,607,mate mateIn2 middlegame pillsburysMate short,https://lichess.org/9RBpOPOC#41,
AhLMe,1k3rr1/RPp4p/3p4/1B1Pp3/1P2P1n1/6Pb/2P2Q1P/R5K1 b - - 0 27,f8f2 a7a8 b8b7 b5c6 b7b6 a1a6,2035,122,43,13,long mate mateIn3 middlegame pillsburysMate queensideAttack,https://lichess.org/NIEJgh2E/black#54,
AiWoc,2r2rk1/pp3ppp/8/8/1b1B4/2PP4/P1P4P/1K1R2R1 b - - 0 22,b4c3 g1g7 g8h8 g7g8 h8g8 d1g1,1939,78,91,1247,attraction discoveredCheck doubleCheck endgame long mate mateIn3 pillsburysMate sacrifice,https://lichess.org/LIofRnCj/black#44,
AkXdn,rn1r2k1/pp3p1p/5bp1/2p5/2N2Nb1/8/PPP4P/R1B1KB1R w KQ - 0 17,f1g2 f6h4 e1f1 d8d1,1974,82,86,75,mate mateIn2 middlegame pillsburysMate short,https://lichess.org/LLUlCpuD#33,Sicilian_Defense Sicilian_Defense_Kronberger_Variation
AkaAB,r4rk1/1p2b3/8/3ppbp1/2p3PP/1nP2N2/PP1N2B1/K2R3R w - - 1 27,d2b3 a8a2 a1a2 f8a8 b3a5 a8a5,1925,75,95,2560,attraction long mate mateIn3 middlegame pillsburysMate sacrifice,https://lichess.org/v4vzBtWY#53,
Al2L6,5k2/Q3Rp1p/3p1p2/5b2/8/6PK/1Pr4n/4R3 w - - 15 40,h3h4 h2f3 h4h5 c2h2,1996,116,46,25,endgame fork mate mateIn2 pillsburysMate short,https://lichess.org/CmaYeusf#79,
Al5qd,1k1Rr3/q3r3/pN2N3/bp5p/8/1B4P1/PP3PP1/3R2K1 b - - 5 29,e8d8 d1d8 b8b7 b3d5 b7b6 d8d6,1956,77,94,1799,exposedKing long mate mateIn3 middlegame pillsburysMate queensideAttack,https://lichess.org/F0lSrl9i/black#58,
AltTA,5rk1/2q2ppp/b1p2b2/p4P2/P6P/1rN1P3/1B1R2Q1/1K4R1 b - - 1 24,f6c3 g2g7 c3g7 g1g7 g8h8 g7g8 h8g8 d2g2 c7g3 g2g3,2123,83,90,1398,attraction discoveredCheck doubleCheck kingsideAttack mate mateIn5 middlegame pillsburysMate sacrifice veryLong,https://lichess.org/8nh0tgmx/black#48,
At0Zg,8/R7/Pr6/2p5/2KbBk2/3P4/8/8 w - - 1 41,e4b7 f4e5 b7h1 b6b4,1946,74,95,6288,endgame mate mateIn2 pillsburysMate short,https://lichess.org/kwSiDfTm#81,
AtC7U,5R2/7k/3Np2p/6p1/5P1K/4bP1P/6r1/8 w - - 0 40,f4g5 e3f2 h4h5 g2g5,2180,83,80,90,endgame mate mateIn2 pillsburysMate short,https://lichess.org/rUOlSK5g#79,
Au26R,r3k2r/5ppp/2b1p3/1pq5/3RPP1P/bp1Q2PB/1BP5/2KR4 b kq - 2 21,b3c2 d4d8 e8e7 d3d7 c6d7 d1d7,2051,79,69,223,blindSwineMate long mate mateIn3 middlegame pillsburysMate sacrifice,https://lichess.org/blBUhlO2/black#42,
Av2nh,1k3rr1/1b1pn2p/pp2p3/n1q5/2P1N3/P7/2BPQPPP/2R2RK1 w - - 0 23,e4c5 g8g2 g1h1 g2g1 h1g1 f8g8 c2g6 g8g6 e2g4 g6g4,2077,83,91,2869,attraction discoveredCheck doubleCheck kingsideAttack master mate mateIn5 middlegame pillsburysMate sacrifice veryLong,https://lichess.org/xyqjNkxg#45,
Av5s1,r1b1q1k1/pp1n1p1p/r5pB/8/2PQ4/2P5/5PPP/3R1RK1 b - - 3 19,d7e5 d4e5 e8e5 d1d8 e5e8 d8e8,2074,81,86,399,clearance kingsideAttack long mate mateIn3 middlegame pillsburysMate sacrifice,https://lichess.org/vX3ldQOD/black#38,Kings_Indian_Defense Kings_Indian_Defense_Zinnowitz_Variation
AvRkb,r7/4R1Rp/r1p1kp2/2Bb4/8/7P/p4PP1/6K1 b - - 1 33,e6f5 g2g4 f5f4 c5d6 f4f3 e7e3,1987,74,95,14423,endgame long mate mateIn3 pillsburysMate,https://lichess.org/EXommGw4/black#66,
AwaZU,r4rk1/p1p2ppp/8/1p1p4/q2B4/2P2P2/PK3P1P/R5R1 b - - 3 24,a4c4 g1g7 g8h8 g7g8 h8g8 a1g1,2066,79,92,1087,attraction discoveredCheck doubleCheck endgame kingsideAttack long mate mateIn3 pillsburysMate sacrifice,https://lichess.org/pY67mPh4/black#48,
AxsLS,4rrk1/Bb3ppp/p2p4/3P1P2/1RPq2B1/1P3RbP/2Q1K3/8 w - - 7 32,e2f1 e8e1 f1g2 e1g1,2122,131,0,17,mate mateIn2 middlegame pillsburysMate short,https://lichess.org/otFwwSAI#63,
Ay9mF,r4r2/2p2p2/p2p3b/6N1/3p2kP/3B4/PPP5/1K4R1 b - - 3 27,g4h4 g5f3 h4h5 d3f5 h6f4 g1h1 f4h2 h1h2,2178,75,96,2008,endgame master mate mateIn4 pillsburysMate quietMove veryLong,https://lichess.org/H0dkRXf0/black#54,
B2QWt,rnq3k1/4prbp/p4np1/1p1RB3/6P1/5P2/PPP4Q/2K2BNR b - - 0 17,f6d5 h2h7 g8f8 h7h8 g7h8 h1h8,2001,75,95,9933,kingsideAttack long mate mateIn3 middlegame pillsburysMate sacrifice,https://lichess.org/xgAf0sSs/black#34,Indian_Defense Indian_Defense_Other_variations
B3qpj,r1b1n1k1/pp3p1p/4p1pB/4Q3/2B3P1/8/q4P1P/3R2K1 b - - 0 24,a2c4 e5g7 e8g7 d1d8 g7e8 d8e8,2086,75,95,1082,long mate mateIn3 middlegame pillsburysMate sacrifice,https://lichess.org/X0pgLFn5/black#48,
B49sU,7r/6pk/1p3n1p/8/1Pb1p3/K3B1Q1/P1r2PPP/3R3R w - - 0 24,d1d2 h8a8,1907,175,85,76,mate mateIn1 middlegame oneMove pillsburysMate,https://lichess.org/7SqFOS4X#47,
B6f9X,1b3rk1/6pp/p7/3p4/1NnPn3/4P2P/6q1/1R1QB1K1 w - - 0 32,g1g2 c4e3 g2h1 f8f1,1928,75,95,5191,exposedKing mate mateIn2 middlegame pillsburysMate short,https://lichess.org/OH1mw9eI#63,
B7sZ5,1q4k1/2p3pp/1pBp4/3Pp3/1PP1P3/1Q2bbP1/1B3r1P/R6K w - - 9 30,h1g1 f2g2 g1f1 g2g1,2020,79,78,600,discoveredCheck doubleCheck kingsideAttack mate mateIn2 middlegame operaMate pillsburysMate short,https://lichess.org/bFqEX5nv#59,
BAO56,2b5/3p1Qrk/2pPp1Rq/1p2P2n/1p1P4/8/r1B2P1P/6RK b - - 0 32,g7f7 g6g7 h7h8 g7g8,1937,81,92,1706,discoveredCheck doubleCheck mate mateIn2 middlegame pillsburysMate short,https://lichess.org/C7440oCy/black#64,
BBeaS,2r2k2/1p3p2/p4R2/6P1/P2rb1q1/4Q3/1P1K1P2/R7 w - - 0 31,e3d4 c8c2 d2e3 c2e2,2172,81,85,298,endgame killBoxMate mate mateIn2 pillsburysMate short,https://lichess.org/tXP8wlEx#61,
BD9mt,r1b4R/4k1p1/p1p1p1p1/1q1p2N1/1B1P4/P2p2P1/1P4K1/8 b - - 1 27,e7f6 h8f8 f6g5 b4e7 g5h5 f8h8 h5g4 h8h4 g4f5 h4f4,2192,83,90,3364,endgame mate mateIn5 pillsburysMate sacrifice veryLong,https://lichess.org/CsqqGCfv/black#54,
BFN67,R7/5pk1/1P1b3p/7P/4R1K1/4P3/5r2/8 w - - 4 53,b6b7 f7f5 g4h4 f2h2,1951,80,84,463,endgame fork mate mateIn2 pillsburysMate short,https://lichess.org/mqtvCMBE#105,
BFOIe,3r2rk/pp4Rp/8/3p1P1n/2pB1R2/3q2Q1/PP4PP/6K1 b - - 0 25,h5g3 g7h7 h8h7 f4h4 g3h5 h4h5,2094,77,94,9997,attraction discoveredCheck doubleCheck long mate mateIn3 middlegame pillsburysMate sacrifice,https://lichess.org/EShZuSHc/black#50,
BHZRm,1krR4/pp4p1/4pn1p/2b1N2P/2P2B2/6P1/PP3r2/1K1R4 b - - 6 29,c8d8 e5c6 b8c8 d1d8,1996,78,83,150,discoveredCheck doubleCheck intermezzo mate mateIn2 middlegame pillsburysMate queensideAttack short,https://lichess.org/4BQmkO3h/black#58,
BJORE,5rk1/p4ppp/1n2pB2/2b1r3/3p4/3P1P2/PP3P1P/R5RK b - - 1 23,e5f5 g1g7 g8h8 g7g8 h8g8 a1g1 f5g5 g1g5,2095,77,92,9761,attraction discoveredCheck doubleCheck kingsideAttack mate mateIn4 middlegame pillsburysMate sacrifice veryLong,https://lichess.org/wn9uuzYW/black#46,
BNvTl,3r4/pp1b1kp1/4ppp1/2bpn3/3n1P2/8/PP1N2PP/RBB2RK1 w - - 0 17,f4e5 d4e2 g1h1 e2g3 h2g3 d8h8,2005,77,94,13199,discoveredCheck doubleCheck kingsideAttack long master mate mateIn3 middlegame pillsburysMate sacrifice,https://lichess.org/bY8qmKYl#33,French_Defense French_Defense_Tarrasch_Variation
BO26j,3r1kbQ/pp2p3/6p1/q1p1n3/4P3/2N2P2/1PP3P1/2K2B1R w - - 3 23,h8e5 a5a1 c3b1 a1b1 c1b1 d8d1,1904,77,82,98,attraction long master mate mateIn3 middlegame pillsburysMate queensideAttack sacrifice,https://lichess.org/citkriB3#45,
BPQSt,4rr1k/pp5p/6pQ/3q1b2/1b3N2/P5P1/1P5P/R1B2K1R w - - 0 24,f4d5 f5h3 f1g1 e8e1,2012,75,91,359,discoveredCheck doubleCheck mate mateIn2 middlegame pillsburysMate short,https://lichess.org/TqGq4Gik#47,
BPpwz,r2qr3/pp1b1pk1/5np1/3pp3/7B/1N5p/PPPQ1PP1/2KR3R b - - 1 18,h3g2 d2h6 g7h6 h4f6 g2h1q d1h1 d7h3 h1h3,2085,75,88,392,deflection discoveredAttack discoveredCheck mate mateIn4 middlegame pillsburysMate veryLong,https://lichess.org/tdRfDrfB/black#36,Scandinavian_Defense Scandinavian_Defense_Other_variations
BQYty,5Brk/1p3p1p/pb2pPpQ/4q3/3n1N2/3R4/5P1P/6K1 b - - 1 37,e5f6 h6h7 h8h7 d3h3 f6h4 h3h4,1945,78,91,1705,attraction long mate mateIn3 middlegame pillsburysMate sacrifice,https://lichess.org/PFnIgurU/black#74,
BRdu4,r1bq1k2/4p1b1/p6p/1p1r1ppB/1P6/5Q2/P4PPP/2R1R1K1 b - - 1 29,a8a7 f3d5 d8d5 c1c8 d5d8 c8d8,2199,80,81,250,long mate mateIn3 middlegame pillsburysMate,https://lichess.org/3FPV88OQ/black#58,
BS13n,6k1/8/pPbB2rp/2P2r2/3p4/R6P/5P2/R4K2 w - - 0 42,a3a6 c6b5 f1e1 g6g1 e1d2 f5f2,2090,76,93,5865,deflection endgame fork long mate mateIn3 pillsburysMate,https://lichess.org/TK6C8O8P#83,
BS8o2,3r3r/1k1N3p/p1pBp1p1/4P3/6B1/P5b1/2Pq4/1R3RK1 b - - 0 27,b7a8 d7b6 a8a7 f1f7 d8d7 f7d7,1985,75,89,790,exposedKing long mate mateIn3 middlegame pillsburysMate queensideAttack,https://lichess.org/s2eI7SiN/black#54,
BSm8p,2k4r/1p4p1/p1p1P3/2p2P2/7b/2PP1P2/P1PB1KPr/R2R4 w - - 1 26,f2g1 h2h1 g1h1 h4f2 d2h6 h8h6,1934,76,91,545,discoveredAttack discoveredCheck endgame kingsideAttack long mate mateIn3 pillsburysMate sacrifice,https://lichess.org/dVgMYfWc#51,
BTNEm,7r/2k2pbp/R4p2/2pP4/8/6P1/4nPBP/2R2K2 b - - 4 31,e2c1 d5d6 c7d7 g2h3 f6f5 h3f5 d7e8 a6a8,1918,76,95,4175,endgame exposedKing mate mateIn4 pillsburysMate veryLong,https://lichess.org/gEwZS5gK/black#62,
Bdk4X,8/2p4p/bp1pNr1k/p2Pn3/2PR4/2P4P/P5P1/3BK3 b - - 4 38,a6c4 d4h4 h6g6 d1h5 g6f5 h4f4,1923,77,92,1055,endgame exposedKing hookMate long mate mateIn3 pillsburysMate,https://lichess.org/eDSS3q74/black#76,
BetIS,8/pp2N1B1/1qp5/8/5Rk1/6P1/3r3P/7K b - - 12 40,g4g5 g7f6 g5h6 f4h4,2054,79,84,811,endgame master mate mateIn2 pillsburysMate short,https://lichess.org/iyLjcLL2/black#80,
Bgb2E,7r/4kPP1/p2ppb2/8/4b3/1N2BQ2/Nr6/1K1R4 w - - 0 28,b1a1 b2b1,2060,79,77,487,discoveredCheck doubleCheck master mate mateIn1 middlegame oneMove operaMate pillsburysMate,https://lichess.org/0ZXqFWmy#55,
Box4Y,r1b2rk1/p3bppp/1p2p3/2p5/2P3q1/1PB5/NP5P/1K3RR1 b - - 1 24,g4e2 g1g7 g8h8 g7g8 h8g8 f1g1 e2g4 g1g4 e7g5 g4g5,2153,78,94,3243,attraction discoveredCheck doubleCheck kingsideAttack mate mateIn5 middlegame pillsburysMate sacrifice veryLong,https://lichess.org/9vjBKF7w/black#48,
Bp3Qi,6k1/2p3pp/2p1b3/p1bpP3/P3p3/1P4P1/1BQ1PrKP/8 w - - 2 26,g2h1 f2f1 h1g2 f1g1,2052,80,92,7880,endgame kingsideAttack mate mateIn2 operaMate pillsburysMate short,https://lichess.org/jGzVPRU9#51,
BuVRo,r5k1/pp1Q3p/1q4pB/3p2P1/4n3/8/PP3bKP/5R2 b - - 1 29,f2d4 d7f7 g8h8 f7f8 a8f8 f1f8,2013,81,81,99,long mate mateIn3 middlegame pillsburysMate sacrifice,https://lichess.org/DYYVDsCO/black#58,
Bx75o,rq1b1rk1/5p1p/b1p1p1pQ/p4B2/P7/2N3P1/1P3P1P/R1B1R1K1 b - - 0 22,e6f5 h6f8 g8f8 c1h6 f8g8 e1e8,1917,75,94,4229,attraction kingsideAttack long mate mateIn3 middlegame pillsburysMate sacrifice,https://lichess.org/IoNCZsIU/black#44,
Bxg8K,r4r2/pp2RNbk/6pp/8/2B1NPb1/8/PP3PPP/n5K1 b - - 2 19,a8e8 e4f6 g7f6 f7g5 h7h8 e7h7,1947,75,95,14427,discoveredCheck doubleCheck long mate mateIn3 middlegame pillsburysMate sacrifice,https://lichess.org/kAbM2oeI/black#38,Grunfeld_Defense Grunfeld_Defense_Three_Knights_Variation
Byi5P,1k6/pp4Qp/1b6/1K6/2P1P3/5rP1/Pr5P/4R3 w - - 0 44,b5a4 b2a2 a4b4 a7a5 b4b5 f3b3,1907,77,92,641,endgame long mate mateIn3 pillsburysMate,https://lichess.org/yehNOYwN#87,
C0GE2,1r2r1k1/2q2pb1/3B4/2n5/4P3/2n2PQ1/2pN1K2/R6R b - - 0 32,c7b6 g3g7 g8g7 a1g1 g7f6 h1h6,1931,71,95,15828,attraction long mate mateIn3 middlegame pillsburysMate sacrifice,https://lichess.org/Y4S3Mik4/black#64,
C0ShE,4r3/p4k2/6pp/4b1K1/4B3/4nP1P/P5P1/1R5R w - - 0 31,g5h6 e8h8 h6g5 h8h5,1911,106,25,18,endgame mate mateIn2 pillsburysMate short,https://lichess.org/yDOlQS5w#61,
C2G1y,r3rk2/p4pbB/1p2b3/2p3N1/5Q2/4P3/Pq1B2P1/3K1R2 b - - 1 26,b2e5 f4f7 e6f7 f1f7,1900,75,94,5844,mate mateIn2 middlegame pillsburysMate sacrifice short,https://lichess.org/z7hYmsSn/black#52,
C3YBv,4Qbk1/5p1p/1n4p1/1P1q4/2p2B2/6PP/rP6/4R1K1 b - - 0 27,a2b2 e8f8 g8f8 f4h6 f8g8 e1e8,1903,71,96,17551,attraction long mate mateIn3 middlegame pillsburysMate sacrifice,https://lichess.org/0kCXL0uY/black#54,
C3dzd,6k1/1p2pp1p/4b1p1/6B1/1K1bQ3/2r5/r4PPP/5B1R w - - 0 23,e4d4 c3b3 b4c5 a2a5 f1b5 b3b5,1955,76,95,4235,long mate mateIn3 middlegame pillsburysMate,https://lichess.org/kUu4Xtz4#45,
C5lws,2r3k1/1b3p2/p7/1r2p1PR/8/3QBP2/2P2K2/q7 b - - 5 28,a1c3 d3h7 g8f8 h7h8 f8e7 h8f6 e7e8 h5h8 e8d7 f6f7 d7c6 h8h6,2136,83,91,637,deflection mate mateIn5 middlegame pillsburysMate veryLong,https://lichess.org/58M8kxft/black#56,
C6c41,2krq2r/Bpp5/3b3n/1N2p3/4p2p/1N4P1/PPR2PP1/2R3K1 b - - 1 24,h4g3 c2c7 d6c7 c1c7,2084,78,87,251,mate mateIn2 middlegame pillsburysMate queensideAttack short,https://lichess.org/gpkijpPI/black#48,
C7GPZ,2kr3r/pp5q/2p1p1p1/2b1PnQ1/5B2/2N5/PP4PP/R4R1K w - - 6 23,c3e4 h7h2 f4h2 h8h2 h1h2 d8h8 g5h4 h8h4,2100,75,95,3766,attraction kingsideAttack mate mateIn4 middlegame pillsburysMate sacrifice veryLong,https://lichess.org/ohH6jRf4#45,
C8yok,5R2/6k1/6N1/3p1Pp1/3Pb1P1/2B1b3/1Pr5/5K2 w - - 5 55,f8e8 e4d3 f1e1 c2c1,1939,77,86,810,endgame mate mateIn2 pillsburysMate short,https://lichess.org/pTbCYuHb#109,
C9pYF,rb3r1k/pp3p1p/6p1/8/3B4/1P3QqP/P2P2P1/2R2RK1 b - - 0 26,h8g8 f3f7 f8f7 c1c8 f7f8 f1f8,2147,84,52,56,kingsideAttack long mate mateIn3 middlegame pillsburysMate sacrifice,https://lichess.org/mkPk6Vjp/black#52,
CBKV2,5r2/2R2p1p/7k/1b2P1p1/1r2P1P1/5K2/5PBP/2R5 w - - 0 27,c7b7 b4b3 c1c3 b3c3,1999,80,85,383,endgame mate mateIn2 pillsburysMate short,https://lichess.org/a4acyKqQ#53,
CGlYl,2kr2r1/pbpp1p1p/1p3b2/6B1/8/2NB4/PPP2PPP/R4RK1 w - - 0 14,g5f6 g8g2 g1h1 g2g1 h1g1 d8g8 d3g6 g8g6 f6g5 g6g5,1996,77,87,541,attraction discoveredCheck doubleCheck fork mate mateIn5 middlegame pillsburysMate sacrifice veryLong,https://lichess.org/FTnbZWQo#27,Scotch_Game Scotch_Game_Other_variations
CK5hC,r4rk1/pp3ppp/2n5/2p5/2P2N1P/PP1K2b1/1B6/R5R1 b - - 0 21,g3f4 g1g7 g8h8 g7g8 h8g8 a1g1 f4g3 g1g3,2183,85,77,95,attraction discoveredCheck doubleCheck mate mateIn4 middlegame pillsburysMate sacrifice veryLong,https://lichess.org/TStIpIdb/black#42,
CKT4G,8/8/8/p1R5/2p5/r1p3kP/3pK3/3B4 b - - 3 49,g3h3 e2f2 c3c2 c5h5,2166,172,24,30,endgame mate mateIn2 pillsburysMate short,https://lichess.org/1wX63Lsq/black#98,
CL9Xu,8/3r1ppk/4p2p/1q2P3/1b3Q2/4Bb1P/5PP1/1R4K1 w - - 0 37,b1b4 b5f1 g1f1 d7d1,2027,78,87,215,attraction endgame mate mateIn2 pillsburysMate sacrifice short,https://lichess.org/JkJ6PMwL#73,
CRPct,4r1k1/5pp1/R2b1n1p/8/3q4/5Q2/4BPP1/4R2K w - - 1 26,e1d1 d4d1 e2d1 e8e1,1980,80,85,527,mate mateIn2 middlegame pillsburysMate sacrifice short,https://lichess.org/kZFsClfO#51,
CRgiv,2kr4/pp3R2/2p5/3n1p2/1q1p1B2/3B4/bPP1N1r1/3KR3 b - - 0 28,b4b2 d3f5 d8d7 f7f8,1969,79,93,864,mate mateIn2 middlegame pillsburysMate pin short,https://lichess.org/cXnqgea3/black#56,
CRjA6,7k/p3bQp1/4p1P1/6Np/7P/4PP2/r1r1NK2/8 w - - 5 36,g5e6 e7h4 f2f1 a2a1 f1g2 c2e2 g2h3 a1h1,1946,77,95,12631,deflection endgame mate mateIn4 pillsburysMate veryLong,https://lichess.org/iVM11FIf#71,
CSes6,5r2/2p2ppk/p7/1p2qPP1/6K1/1B3P2/P7/3R4 b - - 4 37,f8h8 g5g6 f7g6 d1h1 e5h2 h1h2,2009,74,95,14698,endgame long mate mateIn3 pillsburysMate,https://lichess.org/9XHdCPP1/black#74,
CT2Q0,2k2r1r/2p2q2/p5p1/1pbNp1Q1/4n3/8/PPB3PP/3R1R1K w - - 0 24,f1f7 h8h2 h1h2 f8h8 f7h7 h8h7 g5h4 h7h4,1987,95,55,38,attraction kingsideAttack mate mateIn4 middlegame pillsburysMate sacrifice veryLong,https://lichess.org/Kpyh3ZQS#47,
CTfxY,1r3k1r/1b2n3/5p2/1pB1qN1p/pP2P3/P2Q1p2/B5PP/3R2K1 b - - 3 29,b7e4 d3d8 b8d8 d1d8,2158,86,89,2076,mate mateIn2 middlegame pillsburysMate sacrifice short,https://lichess.org/gZuk9EF9/black#58,
CVhRe,r5rk/1b3p1p/p4p2/npp5/P5Q1/1B2P3/1PP2PPP/R4RK1 w - - 1 21,g4d7 g8g2 g1h1 g2g1 h1g1 a8g8 d7g4 g8g4,2077,79,84,181,attraction discoveredCheck doubleCheck kingsideAttack mate mateIn4 middlegame pillsburysMate sacrifice veryLong,https://lichess.org/7XViny8E#41,
CW7KT,1nrr1k2/p3Bp2/1p5p/2p5/2P2P2/1P2R3/P5BP/5bK1 b - - 1 26,f8e8 e7c5 e8d7 e3e7,2195,90,80,55,discoveredAttack discoveredCheck mate mateIn2 middlegame operaMate pillsburysMate short,https://lichess.org/QPU8rTBy/black#52,
CWFmo,3r2k1/R5bp/8/4pp2/8/6P1/1P2bP1P/2R3K1 w - - 0 24,c1c7 d8d1 g1g2 e2f1 g2f3 d1d3,2082,77,95,1698,endgame long mate mateIn3 pillsburysMate,https://lichess.org/cFSkNqSP#47,
CZ3XK,r4k2/ppp5/2np4/4pN2/4Bq2/2P2P2/PP3P2/1K5R b - - 4 22,f8g8 e4d5 g8f8 h1h8,1915,75,95,3093,endgame mate mateIn2 pillsburysMate short,https://lichess.org/h7YknMDJ/black#44,
CZ5Xd,r3r1k1/3pqppp/7b/2pP4/2b3P1/1R3N2/3NBP1P/3QK2R w K - 0 21,d2c4 e7e2 d1e2 a8a1 b3b1 a1b1,2144,82,85,456,fork long mate mateIn3 middlegame pillsburysMate pin sacrifice,https://lichess.org/VMKHedSl#41,
CZcZE,7r/ppp1R3/3P2k1/2b1P3/6b1/1BPP3P/PP1N1rPK/R7 w - - 1 23,d2e4 h8h3 h2g1 f2f1 g1f1 h3h1,2039,80,92,2001,attraction discoveredCheck doubleCheck long mate mateIn3 middlegame pillsburysMate pin sacrifice,https://lichess.org/N4coiFzL#45,
CbJXu,6k1/1R3p1p/3B2p1/2pP4/3b1K2/r5P1/2r2P1P/5R2 b - - 2 24,d4f2 b7b8 g8g7 d6f8 g7f6 b8b6,1960,75,95,6204,endgame long master mate mateIn3 pillsburysMate,https://lichess.org/wcMeARgY/black#48,
CcfzX,3r3r/p3Q1p1/1qp2nk1/4R2p/5BPP/2P2P2/P4PK1/8 b - - 1 24,d8d7 e5g5 g6h7 g5g7,1962,142,55,47,mate mateIn2 middlegame pillsburysMate short,https://lichess.org/ZMiwAO9W/black#48,
CdLzn,6k1/1p3pp1/1q2b2p/p7/1r6/2QB3P/5PP1/4R1K1 b - - 1 25,b4b2 c3c8 e6c8 e1e8,1917,78,84,113,endgame mate mateIn2 pillsburysMate sacrifice short,https://lichess.org/BQL7czZ4/black#50,
Cdm9Z,r5rn/ppq4k/2pb2Pp/5P2/3BpP2/8/PPP3B1/2KR3R b - - 0 24,h8g6 h1h6 h7h6 d1h1 g6h4 h1h4,1910,75,89,1198,attraction long mate mateIn3 middlegame pillsburysMate sacrifice,https://lichess.org/37ogszUB/black#48,
Ce97Z,2r3rk/5p1p/2b1qp2/4p3/8/2N1P2Q/5PPP/R4RK1 w - - 7 28,h3e6 g8g2 g1h1 g2g1 h1g1 c8g8 e6g4 g8g4,2119,73,93,8832,attraction discoveredCheck doubleCheck mate mateIn4 middlegame pillsburysMate sacrifice veryLong,https://lichess.org/H0pdMiXE#55,
CfyRZ,r4rk1/1ppn1p1n/3pqB2/p3pN1p/P3P3/1PPP3P/5P2/R3K1R1 b Q - 3 20,h7g5 g1g5 g8h7 g5h5 h7g6 h5h6,2179,80,90,892,hangingPiece hookMate kingsideAttack long mate mateIn3 middlegame pillsburysMate,https://lichess.org/t11l6N8z/black#40,
CjVpR,1rq2k1r/2p1pp1p/2Qbb3/8/2RR4/4B3/P4PPP/6K1 b - - 5 22,e6c4 e3h6 f8g8 c6e8 c8e8 d4g4,2193,78,25,63,long mate mateIn3 middlegame pillsburysMate sacrifice,https://lichess.org/1cKKvqOc/black#44,
CkIr8,4r2r/p1pk1pp1/3b1nq1/7p/3N4/2NPBB1K/PPP2PP1/R2QR3 w - - 0 24,c3e4 g6g4 f3g4 h5g4,2024,79,85,297,discoveredCheck doubleCheck mate mateIn2 middlegame pillsburysMate sacrifice short,https://lichess.org/YpXBbTQs#47,
Cl1nw,2k1r1n1/pp1n2p1/2pb4/3p4/3Pq3/3K1R1B/PPPN4/R1BQ4 w - - 2 22,d3c3 e4e3 f3e3 e8e3,2140,78,85,175,mate mateIn2 middlegame pillsburysMate sacrifice short,https://lichess.org/eoyQ3ojE#43,
CmU2E,r1b1kr2/ppb2pQ1/2p1p2p/8/2B5/4B2q/PPP1KP2/R5R1 b q - 0 20,c8d7 g7f8 e8f8 e3c5 c7d6 c5d6 f8e8 g1g8,2147,74,93,10755,attraction mate mateIn4 middlegame pillsburysMate sacrifice veryLong,https://lichess.org/vYcK6VJz/black#40,
Coqwr,4b2r/1p3p2/pn6/2pPP1k1/P3N3/3B2p1/1P4Pr/5RK1 b - - 2 31,g5g4 d3e2 g4h4 f1f4,2095,76,96,2077,mate mateIn2 middlegame pillsburysMate short,https://lichess.org/f6JwUqD0/black#62,
CpKyO,3qk2r/3bp2p/p2p1npQ/1p2n3/1P1NPPP1/P1r5/B1P5/R3K2R b KQk - 0 20,e5g4 h6g6 h7g6 h1h8 f6g8 h8g8,2117,87,90,1046,discoveredAttack long mate mateIn3 middlegame pillsburysMate sacrifice,https://lichess.org/AOexGZ9L/black#40,
Cqst8,7k/6p1/4pbQp/7P/1P2p3/4BbP1/5P1K/3r4 w - - 9 39,g3g4 f6e5 e3f4 e5f4 h2h3 d1h1,2017,96,81,52,endgame exposedKing long mate mateIn3 pillsburysMate,https://lichess.org/x62p5e6S#77,
CsVBL,8/8/p6p/2R3b1/4P1k1/1P1r1p2/P1R3KP/8 w - - 0 39,g2f2 g5h4 f2g1 d3d1,2069,80,65,154,endgame mate mateIn2 pillsburysMate short,https://lichess.org/KucG97FM#77,
CtSV3,3r2k1/1pp2pp1/7p/q7/2BP3P/PPb4Q/K1P2PP1/3R4 w - - 5 28,d4d5 a5a3 a2a3 d8a8 c4a6 a8a6,1919,85,85,38,attraction endgame long mate mateIn3 pillsburysMate sacrifice,https://lichess.org/0dXC7tao#55,
Cwtrs,r6r/1pp1kpp1/p1p2qn1/2b1p3/4P3/3P2P1/PPPN2PN/R1BQR2K w - - 3 14,d2f1 f6f1 e1f1 h8h2 h1h2 a8h8 c1h6 h8h6 d1h5 h6h5,2157,77,92,8567,attraction kingsideAttack mate mateIn5 middlegame pillsburysMate pin sacrifice veryLong,https://lichess.org/XjLS3rQ0#27,Ruy_Lopez Ruy_Lopez_Exchange_Variation
CyENa,2r5/pp3pk1/2np2p1/3N3n/2PbPP2/2Bp4/PP2b1BP/R3R2K w - - 6 21,g2f1 e2f3 f1g2 h5g3 h2g3 c8h8,2145,84,78,93,kingsideAttack long master mate mateIn3 middlegame pillsburysMate sacrifice,https://lichess.org/TqDtxzTn#41,
D1JVS,4q1rk/2Q4p/p1n1p1pB/2bpP3/p7/2PB3R/1r3PPP/5RK1 b - - 6 25,c5b6 c7h7 h8h7 h6f8,1912,79,81,292,discoveredAttack discoveredCheck kingsideAttack mate mateIn2 middlegame pillsburysMate sacrifice short,https://lichess.org/a8XjkXFv/black#50,
D2VWF,k1r3r1/pb2b1Qp/1p2pn2/1N6/8/4B3/PPP2PPP/3R1RK1 w - - 1 21,g7e7 g8g2 g1h1 g2g1 h1g1 c8g8 e7g7 g8g7 e3g5 g7g5,1939,76,85,581,attraction discoveredCheck doubleCheck kingsideAttack mate mateIn5 middlegame pillsburysMate sacrifice veryLong,https://lichess.org/Of9gxWHQ#41,
D3IY7,6k1/3pBp1p/p2Pp1p1/2pbP2P/3n1PP1/P7/1P1Kr3/1R3R2 w - - 15 37,d2d3 d5e4 d3c4 e2c2,1930,78,81,193,endgame mate mateIn2 pillsburysMate short,https://lichess.org/hs9riWJL#73,
D8O7M,5rk1/1rp1bppp/3p4/1p6/3B4/2P2P2/P4P1P/R5RK b - - 1 19,c7c5 g1g7 g8h8 g7g8 h8g8 a1g1 e7g5 g1g5,2004,90,59,57,attraction discoveredCheck doubleCheck endgame mate mateIn4 pillsburysMate sacrifice veryLong,https://lichess.org/Juy73cP6/black#38,
DC1D7,r1b2rk1/pp3p1p/1q4pQ/3pn1B1/8/3B4/PP3PPP/4RRK1 b - - 1 16,e5d3 h6f8 g8f8 g5h6 f8g8 e1e8,2123,77,88,445,attraction kingsideAttack long mate mateIn3 middlegame pillsburysMate sacrifice,https://lichess.org/1o0Zqty8/black#32,Sicilian_Defense Sicilian_Defense_Modern_Variations
DDQXm,2r3k1/pp1q1p1p/5p2/4r3/Q2n4/P2PP1Pb/5P1P/2R1R1KB w - - 0 25,a4d7 d4e2 e1e2 c8c1 e2e1 c1e1,2086,87,75,81,deflection kingsideAttack long mate mateIn3 middlegame pillsburysMate,https://lichess.org/rIpQ7Aiv#49,
DFbFA,r6k/2p3pp/b7/2P2r2/q2PN3/1p2QP2/1P4PP/1K1R3R w - - 0 27,e4c3 a4a1 b1a1 a6d3 c3a2 a8a2,2037,75,92,3491,discoveredAttack discoveredCheck long mate mateIn3 middlegame pillsburysMate queensideAttack sacrifice,https://lichess.org/Xnj9btEZ#53,
DGWbG,1k1rr3/p5q1/1NPb3p/1P3p2/Q7/R4p1P/P4P2/5R1K w - - 1 41,f1g1 g7g1 h1g1 e8e1,1905,79,86,1384,attraction mate mateIn2 middlegame pillsburysMate sacrifice short,https://lichess.org/RRx5OB2i#81,
DI08p,2r2rk1/pp2bpQp/3pp3/7n/2qBPP2/2N4P/PP3P2/1K1R2R1 b - - 0 18,h5g7 g1g7 g8h8 g7g8 h8g8 d1g1 e7g5 g1g5,2096,75,95,3054,attraction discoveredCheck doubleCheck kingsideAttack mate mateIn4 middlegame pillsburysMate sacrifice veryLong,https://lichess.org/kqXMaMTN/black#36,Sicilian_Defense Sicilian_Defense_Open
DI2Al,6r1/1bk3r1/p2pqQ2/2p5/5P2/1P2P3/P1P3PP/3R1RK1 w - - 0 27,f6e6 g7g2 g1h1 g2g1,1932,82,93,2918,discoveredCheck doubleCheck endgame master mate mateIn2 pillsburysMate short,https://lichess.org/86vPFpyN#53,
DIcb0,r3k1r1/p4pBp/4p3/P2N4/8/3b4/5bPP/1R1R3K b q - 0 19,d3b1 d5f6 e8e7 d1d7,1993,77,85,406,fork mate mateIn2 middlegame pillsburysMate short,https://lichess.org/jloQjNei/black#38,Sicilian_Defense Sicilian_Defense_Taimanov_Variation
DLrFs,r5r1/2p2R2/2n1B2k/1P2P2p/pP5n/P4P2/6qP/2BRKN2 b - - 2 34,h6g6 f7f6 g6h7 d1d7 c6e7 d7e7 g8g7 f6h6,1985,79,92,93,mate mateIn4 middlegame operaMate pillsburysMate veryLong,https://lichess.org/KgQRhlgQ/black#68,
DMhTR,4k3/2p4R/3p2P1/p2n1P2/3b4/1P3P2/r7/2K4R w - - 0 41,h1h4 d4e3 c1d1 d5c3 d1e1 a2a1,2046,79,98,1034,endgame exposedKing long mate mateIn3 pillsburysMate,https://lichess.org/7pDx1trp#81,
DN8WS,1r6/7p/2K1nk2/P4p2/1pP2P2/3p2P1/2bN3P/1R2R3 w - - 7 48,a5a6 c2a4 c6d6 b8d8,2001,79,79,319,endgame master mate mateIn2 pillsburysMate short,https://lichess.org/TaankRKA#95,
DOGRb,4k3/R5p1/2b5/4P2p/1BpN1KrP/2P5/8/8 w - - 2 37,f4f5 c6e4 f5e6 g4g6,1922,84,83,114,endgame mate mateIn2 pillsburysMate short,https://lichess.org/RxEN62od#73,
DTtx3,2r2rk1/6b1/6RQ/4q3/pp1N3P/3P4/PP6/1K1N4 w - - 1 34,d4e6 e5b2 d1b2 f8f1 b2d1 f1d1 h6c1 d1c1,1957,81,82,60,mate mateIn4 middlegame pillsburysMate sacrifice veryLong,https://lichess.org/33CbYERu#67,
DV618,2k5/1p2bPpp/8/P7/2n2P2/1brp4/4R1PP/1K5R w - - 0 29,e2e7 b3c2 b1a1 c3a3,1907,80,79,112,endgame master mate mateIn2 pillsburysMate short,https://lichess.org/Xip8IfBG#57,
DVNMF,4r3/3n2p1/p1kb4/1p1p4/6Q1/8/PPP1NPPq/R1B2K2 w - - 4 20,g4g7 h2h1 e2g1 h1g1 f1g1 e8e1,2099,76,95,14136,attraction long mate mateIn3 middlegame pillsburysMate sacrifice,https://lichess.org/hgfHs0n7#39,
DW9WI,r5r1/p7/1p2kB2/2p1P3/3pb3/8/PPP2PPP/RN3RK1 w - - 0 21,b1d2 g8g2 g1h1 g2g1 h1g1 a8g8 f6g5 g8g5,2140,77,94,3336,attraction discoveredCheck doubleCheck kingsideAttack mate mateIn4 middlegame pillsburysMate sacrifice veryLong,https://lichess.org/KafPG9lK#41,
DYXok,R5k1/7p/4K1p1/2B4r/3b4/8/8/8 b - - 11 59,g8g7 c5f8 g7h8 f8h6,1924,79,88,481,discoveredAttack discoveredCheck endgame master mate mateIn2 pillsburysMate short,https://lichess.org/STWJxB6v/black#118,
Db7U8,2r1k2r/5p1p/4pNp1/2b1P1B1/pp3P2/2P5/2K2P1P/3R4 b - - 3 26,e8f8 g5h6 f8e7 d1d7,1913,81,92,997,endgame hookMate mate mateIn2 pillsburysMate short,https://lichess.org/OSczSWdP/black#52,
Devzi,r5k1/2P3pp/4pr2/1B1p4/3b1p1q/5Qn1/3B1PPP/1R3R1K w - - 3 24,f2g3 h4h2 h1h2 f6h6 f3h5 h6h5,2008,76,87,253,attraction kingsideAttack long mate mateIn3 middlegame pillsburysMate sacrifice,https://lichess.org/4Qh41H6D#47,
DfYHw,Q7/2q3pk/P5pp/7r/7b/4B3/1P3PP1/5RK1 w - - 1 43,a6a7 c7h2 g1h2 h4f2,1965,90,74,136,deflection discoveredAttack discoveredCheck endgame mate mateIn2 pillsburysMate sacrifice short,https://lichess.org/MhSWNeww#85,
DjfZJ,5r1k/p1R3pp/8/4p3/3bN1b1/1P4P1/P6P/3R3K w - - 4 30,d1d3 f8f1 h1g2 f1g1,2033,77,94,9065,endgame mate mateIn2 operaMate pillsburysMate short,https://lichess.org/uzNwc93j#59,
DlfxM,5k2/5R1p/3KBp2/6p1/4b2r/3p3P/8/8 b - - 1 48,f8e8 f7g7 d3d2 g7g8,2023,76,95,4221,endgame mate mateIn2 pillsburysMate short,https://lichess.org/DkvB4kpc/black#96,
DrDr6,8/1b6/4p1p1/p1r4p/2p2P1P/1kBpKP2/1P6/R7 b - - 3 44,a5a4 e3d2 a4a3 a1a3,1930,72,95,12389,endgame master mate mateIn2 pillsburysMate quietMove short,https://lichess.org/wuSVr1Ls/black#88,
DrSkR,r1b2rk1/p5pp/2n5/q2N1PP1/2BpPp2/8/P1K5/R2Q2R1 b - - 0 23,c8a6 d5e7 g8h8 e7g6 h7g6 g1h1,1925,75,94,14243,discoveredCheck doubleCheck kingsideAttack long mate mateIn3 middlegame pillsburysMate sacrifice,https://lichess.org/UyzsWAZ2/black#46,
DtpqL,4R3/5k2/6p1/2P5/1B5P/P4PKP/1r6/6b1 w - - 3 49,e8e1 g1h2 g3g4 b2g2,1971,132,83,29,endgame master mate mateIn2 pillsburysMate short,https://lichess.org/1yDCnVkj#97,
DuL0D,Q4bk1/p4p1p/6p1/2q5/8/1P1pB2P/P1r2PP1/4R1K1 b - - 5 30,c5f5 a8f8 g8f8 e3h6 f8g8 e1e8,1927,76,95,15060,attraction endgame long mate mateIn3 pillsburysMate sacrifice,https://lichess.org/0Swz3aV5/black#60,
DuLea,2B2k2/1p4p1/p5R1/1b1P1p2/5b2/4r3/PBP3PP/1R4K1 w - - 0 31,b2c1 e3e1 g1f2 e1f1,1978,81,90,458,mate mateIn2 middlegame operaMate pillsburysMate short,https://lichess.org/enZZQije#61,
DvQEk,3rr3/p1Rp1p1p/kp4p1/4B3/1PP2P2/8/P6P/1K6 b - - 0 32,g6g5 b4b5 a6a5 e5c3 a5a4 c7a7,1946,91,82,79,endgame long mate mateIn3 pillsburysMate,https://lichess.org/AF94e5Fs/black#64,
E0vGn,RrB4k/1P4p1/3p1p1p/2p5/2r4P/6P1/8/6K1 b - - 1 40,b8b7 c8f5 b7b8 a8b8,1917,79,89,209,discoveredAttack discoveredCheck endgame mate mateIn2 pillsburysMate short,https://lichess.org/xMKitkuH/black#80,
E3dJV,r4rk1/pp3ppp/3bpn2/8/1PP1QP2/2B5/P4P1P/R5RK b - - 0 21,f6e4 g1g7 g8h8 g7g8 h8g8 a1g1 e4g3 g1g3,1974,75,93,3711,attraction discoveredCheck doubleCheck kingsideAttack mate mateIn4 middlegame pillsburysMate sacrifice veryLong,https://lichess.org/kPl4iO1Q/black#42,
E3r5G,2k2r1r/ppq3p1/2pbR3/7p/5Pn1/4B1PB/PPP4P/R3Q1K1 b - - 2 20,g4e3 e6e8,1926,78,83,565,discoveredCheck doubleCheck mate mateIn1 middlegame oneMove pillsburysMate,https://lichess.org/7EPryn2y/black#40,
E9Hed,r3n2k/2p1q1pp/7Q/1pb2r2/p2p2R1/P2P2R1/BPP1NP1P/2K5 b - - 3 22,e7e2 h6h7 h8h7 g3h3 f5h5 h3h5,1948,72,95,16247,attraction kingsideAttack long mate mateIn3 middlegame pillsburysMate sacrifice,https://lichess.org/f8zh4SUe/black#44,
E9KQT,1n6/1p3ppp/2k5/3r1bn1/Nb6/8/PP2KPPP/R4BNR w - - 0 17,g2g3 d5e5 e2d1 e5e1,2193,79,93,3403,mate mateIn2 middlegame operaMate pillsburysMate short,https://lichess.org/GMhbfkpV#33,Caro-Kann_Defense Caro-Kann_Defense_Panov_Attack
EAAIw,1Q3rk1/p4ppp/4p3/2bp1nB1/8/5N2/P4qPP/1RR4K b - - 0 19,f8b8 b1b8 c5f8 b8f8 g8f8 c1c8,1976,77,78,138,attraction long mate mateIn3 middlegame pillsburysMate,https://lichess.org/0gLk6Or7/black#38,French_Defense French_Defense_Advance_Variation
EB2LI,1r4k1/p1p2r2/2Q3p1/4B1R1/4b3/2P1n3/PP3P2/2K5 w - - 0 33,f2e3 f7f1 c1d2 b8b2,2093,79,88,672,deflection endgame mate mateIn2 pillsburysMate short,https://lichess.org/ZPOgJPBZ#65,
ED32l,5rk1/4B2p/pq1n2p1/3P4/2p3N1/8/P5P1/K2R3R b - - 0 27,f8b8 g4f6 g8f7 h1h7,1973,77,92,1626,deflection master masterVsMaster mate mateIn2 middlegame pillsburysMate short,https://lichess.org/EGmtyZMS/black#54,
EDt4u,6k1/pp3ppp/8/1b1p2bN/8/1NP2P2/PP2r1PP/3R2K1 w - - 3 25,d1d5 g5e3 g1f1 e2f2 f1e1 f2f1,2127,80,87,699,discoveredCheck doubleCheck endgame long mate mateIn3 operaMate pillsburysMate,https://lichess.org/a69FeDdl#49,
EElUo,1k1r4/1p3rp1/3p2pp/R2N2b1/4P3/2PP2Q1/4KB2/2q4R b - - 2 30,c1h1 f2a7 b8c8 d5b6 c8c7 a5c5,2175,81,85,111,long mate mateIn3 middlegame pillsburysMate pin queensideAttack,https://lichess.org/YDVJxKvj/black#60,
EIzS9,r4rk1/2p3pp/p1Qb1p2/1p2q3/1P2P3/4B2P/2PR1PP1/R5K1 w - - 0 21,a1a6 e5a1 a6a1 a8a1 d2d1 a1d1,1929,79,93,7055,long master masterVsMaster mate mateIn3 middlegame pillsburysMate sacrifice xRayAttack,https://lichess.org/M1BICJio#41,
ELdNl,2kr3r/8/BR2p2p/pN4bQ/8/4q3/PPP5/1K3b2 b - - 3 30,c8d7 h5f7 g5e7 b6d6,1937,74,98,522,fork mate mateIn2 middlegame pillsburysMate pin short,https://lichess.org/0KXBWgIC/black#60,
ELoQy,5rk1/1p2np1p/p3pBpQ/n2pP3/3P4/2R5/PP3PPP/3q1BK1 b - - 6 20,e7f5 h6f8 g8f8 c3c8,2064,76,94,2429,attraction kingsideAttack mate mateIn2 middlegame pillsburysMate sacrifice short,https://lichess.org/bG1224N8/black#40,
EN1KP,4r1k1/1p1b1p2/1N1p4/2p3pp/P3Q3/5PP1/3R1P1P/q4BK1 w - - 3 30,e4d5 a1f1 g1f1 d7h3 f1g1 e8e1,2069,77,84,106,attraction kingsideAttack long mate mateIn3 middlegame pillsburysMate sacrifice,https://lichess.org/eaKt8W4p#59,
ENxEy,r1bq1rk1/pp3pp1/2p4p/3p3Q/3P4/3B4/PPP3PP/4RRK1 b - - 1 15,d8b6 h5f7 f8f7 e1e8 f7f8 f1f8,2060,76,88,353,kingsideAttack long master mate mateIn3 middlegame pillsburysMate sacrifice,https://lichess.org/B3YFfxl5/black#30,Vienna_Game Vienna_Game_Stanley_Variation
ERRLh,5k2/1R2r3/4N1p1/3B4/3p4/5K2/8/3r4 b - - 9 54,f8e8 b7b8 e8d7 b8d8,2198,75,94,11764,endgame mate mateIn2 pillsburysMate short,https://lichess.org/9UFfHbpL/black#108,
ES0vK,1r3r1k/p1q4p/5Pp1/2b1p1P1/2B5/2pP3Q/PP6/2K2R1R b - - 1 28,b8b2 h3h7 c7h7 h1h7 h8h7 f1h1 b2h2 h1h2,1945,75,86,137,attraction mate mateIn4 middlegame pillsburysMate sacrifice veryLong,https://lichess.org/TewoZwRs/black#56,
EUS7S,2b3kr/R4p2/1p2N1pp/1B2P1q1/P2Pn3/4b3/1P2Q1PP/7K w - - 1 36,e6g5 e4g3 h2g3 h6g5 e2h5 h8h5,1939,76,96,14655,discoveredAttack discoveredCheck intermezzo kingsideAttack long mate mateIn3 middlegame pillsburysMate,https://lichess.org/gAR7SjGQ#71,
EVtrw,6k1/2p2pnp/3npBpQ/8/3P2P1/2qB4/r4P1P/1R4K1 b - - 1 26,d6e8 h6g7 e8g7 b1b8 g7e8 b8e8,2024,76,85,451,long mate mateIn3 middlegame pillsburysMate sacrifice,https://lichess.org/oX8adSV1/black#52,
EYZzo,B7/4PpRp/pk6/1p1P4/nK6/P7/1Pr5/1R1b4 w - - 2 34,b4b3 c2b2,1914,82,91,2758,discoveredCheck doubleCheck endgame hookMate mate mateIn1 oneMove pillsburysMate,https://lichess.org/ZSZGeQ3K#67,
Edg3U,6k1/5p1p/b5p1/8/PB1RKP2/6P1/2r4P/8 b - - 4 35,c2h2 d4d8 g8g7 b4f8 g7f6 d8d6,1927,73,95,14764,endgame long mate mateIn3 pillsburysMate,https://lichess.org/CaISHF5J/black#70,
EfILQ,2k4r/pp2R3/2p1p1n1/8/3b3r/2N4P/PPP1B1P1/3R3K w - - 3 21,e7e6 h4h3 g2h3 h8h3 h1g2 g6f4 g2f1 h3h1,1997,75,94,4509,fork mate mateIn4 middlegame pillsburysMate sacrifice veryLong,https://lichess.org/vs2gwhbb#41,
EjZRp,2kr2r1/pp3p1p/2b1p3/4p3/2B5/4P3/PP3PPP/2R2RK1 w - - 4 18,c4b5 g8g2 g1h1 g2g1 h1g1 d8g8,2070,76,87,228,attraction discoveredCheck doubleCheck endgame kingsideAttack long mate mateIn3 pillsburysMate sacrifice,https://lichess.org/h1YwCkdK#35,Queens_Gambit_Declined Queens_Gambit_Declined_Austrian_Defense
Emqwc,6rr/8/pPpkpP2/2Np4/P2P2b1/4P3/5R2/R5KN w - - 3 39,f6f7 g4f3 f2g2 g8g2 g1f1 h8h1,1992,78,82,51,discoveredAttack discoveredCheck exposedKing long mate mateIn3 middlegame pillsburysMate,https://lichess.org/KALDH467#77,
EnEHV,r4r1k/1pp3pp/p2bB3/3p2BQ/3N4/2Pn2q1/PP4P1/R3R2K w - - 3 22,e1e3 d3f2 h1g1 f2h3 h5h3 g3f2 g1h1 f2f1 a1f1 f8f1,2009,77,94,3165,clearance kingsideAttack mate mateIn5 middlegame pillsburysMate pin sacrifice veryLong,https://lichess.org/Kq6mBRlW#43,
EnRZu,r3k1r1/p1qpnp1Q/1p2pBB1/4P3/8/1P3b2/P1P2P1P/R3K1R1 b Qq - 0 18,g8g6 h7h8 e7g8 h8g8 g6g8 g1g8,2003,75,94,3094,long mate mateIn3 middlegame pillsburysMate xRayAttack,https://lichess.org/5IFRJ6mC/black#36,Owen_Defense Owen_Defense_Other_variations
Eo3sk,5r1k/p4ppp/3p4/8/2r5/1KB5/PP3n2/6R1 b - - 1 28,d6d5 c3g7 h8g8 g7d4 f2g4 g1g4,2095,75,93,9414,discoveredAttack discoveredCheck endgame long mate mateIn3 pillsburysMate,https://lichess.org/e4Y7zobz/black#56,
EprgX,8/2r1n1p1/2bRB1kp/4p3/4p1PP/4BP2/1P6/1K6 b - - 0 38,e4f3 e6g8,2017,85,91,2135,discoveredAttack discoveredCheck endgame mate mateIn1 oneMove pillsburysMate,https://lichess.org/BRHZsyxj/black#76,
EqFgo,5k2/5pp1/4p2p/5qr1/8/4Qbn1/2B2P1P/R3R1K1 w - - 0 31,c2f5 g3e2 g1f1 g5g1,1980,78,86,118,discoveredCheck doubleCheck mate mateIn2 middlegame pillsburysMate short,https://lichess.org/bHHM0xXt#61,
ErqAb,7r/r5k1/5p2/2bPB1pn/2N1P3/8/PPB3P1/R4R1K w - - 0 31,g2g4 h5f4,2040,104,78,83,discoveredAttack discoveredCheck mate mateIn1 middlegame oneMove pillsburysMate,https://lichess.org/tPIcu3BG#61,
Et7Yv,r5k1/1R5p/2p5/1PP2NB1/4p1PP/7r/1b2K3/8 b - - 0 35,a8a2 f5h6 g8h8 b7b8 h8g7 b8g8,2111,79,98,1072,endgame long mate mateIn3 pillsburysMate,https://lichess.org/752MFn1a/black#70,
ExzDx,r6r/pQ1bq2p/4kpp1/3pp3/8/1P1B4/5PPP/2RR2K1 b - - 0 25,h8b8 b7d5 e6d5 d3f5,2031,75,95,1379,discoveredAttack discoveredCheck mate mateIn2 middlegame pillsburysMate sacrifice short,https://lichess.org/oBkefffm/black#50,
Ey89P,2kr4/1pp2p2/p2P4/8/B1P2qn1/6p1/PP2QP1r/3RR1K1 b - - 2 24,d8h8 e2e8 h8e8 e1e8,1913,77,86,106,mate mateIn2 middlegame pillsburysMate queensideAttack sacrifice short,https://lichess.org/GkGFryDD/black#48,
EyqIP,2r1k2r/1b1p1p2/p3p1pP/1p4Bn/2q1P2P/bNN2P2/1PPQ4/2KR3R b k - 1 19,c4c3 d2d7 e8f8 d7d8 c8d8 d1d8,1987,76,93,1622,fork long mate mateIn3 middlegame pillsburysMate sacrifice,https://lichess.org/C3AITMw9/black#38,
EzMCF,2k2r2/p1p5/8/BPP1b1pp/8/4P1nP/P4rP1/R2Q2K1 w - - 2 28,d1d5 g3e2 g1h1 f2f1 a1f1 f8f1,2187,81,91,815,long mate mateIn3 middlegame pillsburysMate,https://lichess.org/slncYR8X#55,
F06GO,2r3k1/8/3p4/1R4N1/2K2pb1/5P2/1r2P1PB/5B1R w - - 3 29,c4d5 b2d2 d5e4 c8c4,1948,80,82,168,mate mateIn2 middlegame pillsburysMate short,https://lichess.org/JaAUboEa#57,
F2fjk,5rk1/p3Qppp/8/3B4/1b2b3/5P2/PPr3PP/2KR3R w - - 0 20,c1b1 c2c1 b1c1 f8c8 e7c5 c8c5 d5c4 c5c4,2178,78,93,2262,attraction discoveredCheck doubleCheck mate mateIn4 middlegame pillsburysMate queensideAttack sacrifice veryLong,https://lichess.org/Y00wBHjC#39,
F5z6e,3rq2r/p3p2k/1pp2Bpp/2n1Q3/2B2P2/2P5/P1P3PP/4R1K1 b - - 2 27,e7f6 e5e7 e8e7 e1e7,2163,79,91,939,collinearMove epauletteMate mate mateIn2 middlegame pillsburysMate short,https://lichess.org/KHcnQbJa/black#54,
F69f5,r5r1/pp1k2q1/2n1RN1p/2b2p2/5B2/8/P4PPP/4R1K1 b - - 4 24,d7d8 e6e8 g8e8 e1e8,1984,76,93,1326,mate mateIn2 middlegame pillsburysMate short,https://lichess.org/OZHvrxos/black#48,
F7yZc,r5k1/6BR/2pb2B1/1p6/2n5/p6P/6P1/7K b - - 5 43,b5b4 g7f6 a3a2 h7h8,1959,72,94,11294,endgame mate mateIn2 operaMate pillsburysMate quietMove short,https://lichess.org/PXzUcHpz/black#86,
F9s2K,r1b2rk1/pp1p1p1p/4p2B/2p1nP2/2P1P3/1P4R1/P5PP/7K b - - 3 20,g8h8 h6g7 h8g8 g7e5,1908,80,96,37787,discoveredAttack discoveredCheck endgame fork mate mateIn2 pillsburysMate short,https://lichess.org/JlXyfAQv/black#40,
FDWYz,8/6kp/4b3/1p4K1/pN1P4/2P3P1/5r1P/R7 w - - 5 37,d4d5 h7h6 g5h5 f2h2,1950,74,95,12228,endgame master masterVsMaster mate mateIn2 pillsburysMate short,https://lichess.org/Z82dVo3z#73,
FEopW,7r/2p2pk1/3q2p1/8/1P1pB3/2b1P1Pb/2QN1P2/2R3K1 w - - 2 30,e3d4 d6g3 f2g3 c3d4 g1h2 h3f1,2097,74,94,10527,discoveredAttack discoveredCheck intermezzo long mate mateIn3 middlegame pillsburysMate sacrifice,https://lichess.org/zwvpWTk1#59,
FGpiN,8/1p2kp2/1P2p2b/1bP1P3/1B3P1p/6pP/3rR1r1/R4K1N b - - 5 39,d2e2 c5c6 e7e8 a1a8,1922,80,86,489,discoveredAttack discoveredCheck mate mateIn2 middlegame pillsburysMate short,https://lichess.org/d30Pwa8n/black#78,
FH0Jd,2r2r2/1bpR4/2p2Pkp/p5p1/4B3/2P3P1/P1P3K1/7R b - - 0 30,g6f6 h1h6 f6e5 d7e7,2023,80,85,246,endgame mate mateIn2 pillsburysMate short,https://lichess.org/m61CHPU3/black#60,
FH6WW,2kr4/1pp2N1p/1bb3r1/p3Pn2/PPB2p2/2P5/R5PP/2B2R1K w - - 5 23,f7d8 f5g3 h2g3 g6h6,1966,78,93,10081,mate mateIn2 middlegame pillsburysMate sacrifice short,https://lichess.org/JjW2Jjy5#45,
FInap,2kr3r/1R1b1pp1/B1p1p2p/4N3/3P1P2/2n5/5PPP/6K1 b - - 2 23,d7e8 b7d7 c8b8 e5c6 b8a8 d7d8,2103,86,84,111,discoveredAttack discoveredCheck exposedKing fork interference long mate mateIn3 middlegame pillsburysMate,https://lichess.org/7NCPYEiP/black#46,
FLjcY,r3R1k1/pbp2p1p/6p1/2pq1r2/5B2/2PP4/P1P1QPPP/4R1K1 b - - 7 24,a8e8 e2e8 g8g7 e8f8 g7f8 f4h6 f8g8 e1e8,2140,75,93,6295,attraction kingsideAttack mate mateIn4 middlegame pillsburysMate sacrifice veryLong,https://lichess.org/ssMv8cu3/black#48,
FMHTT,1k1rr3/p3qppp/Qppb4/R5N1/6P1/P3B2P/1PP2P2/2K4R w - - 2 21,e3b6 e7e1 h1e1 e8e1 c1d2 d6b4,2195,85,86,150,discoveredCheck doubleCheck long mate mateIn3 middlegame pillsburysMate queensideAttack sacrifice,https://lichess.org/2gVCgx1u#41,
FOPp7,4rk2/1Rp5/p5n1/2bN2BR/P2n1P2/8/6PP/6K1 w - - 1 26,b7c7 d4f3 g1f1 e8e1,1950,80,92,2003,discoveredCheck doubleCheck mate mateIn2 middlegame pillsburysMate short,https://lichess.org/kt9EapFG#51,
FPuF7,6r1/kp6/p1PQ3b/3N4/P5qp/8/2P2P2/RR4K1 w - - 0 26,g1f1 g4c4 f1e1 g8g1,1931,75,94,5374,mate mateIn2 middlegame pillsburysMate short,https://lichess.org/6NjG21fM#51,
FQser,6k1/ppNP3p/3p2rb/3Pp3/P3P2q/B2B1Pn1/6P1/2RQ1RK1 w - - 1 26,f1e1 h4h1 g1f2 g3e4 e1e4 g6g2,2042,79,88,414,discoveredAttack kingsideAttack long mate mateIn3 middlegame pillsburysMate,https://lichess.org/VGeJ9IyX#51,
FSr7X,3r2k1/5ppp/1p2pb2/8/bPK1P3/3B1P2/3N2PP/6NR w - - 0 22,g1e2 d8c8,1997,80,87,1269,mate mateIn1 middlegame oneMove pillsburysMate,https://lichess.org/4Z8Fzd8e#43,
FZSCL,5r1k/1pp2R1n/1bbp3p/8/2B1P3/3P3P/2P1n1PN/B6K b - - 0 23,h8g8 f7g7 g8h8 g7g8,1971,84,84,91,discoveredCheck doubleCheck kingsideAttack mate mateIn2 middlegame operaMate pillsburysMate short,https://lichess.org/TlJvNMxD/black#46,
FcJbX,rn2r2k/pp1b2bp/6p1/2p1N1B1/1qB2Q2/8/P5PP/5RK1 b - - 2 21,e8e5 f4f8 g7f8 f1f8 h8g7 f8g8,2070,80,79,62,kingsideAttack long mate mateIn3 middlegame operaMate pillsburysMate sacrifice,https://lichess.org/Q0arm7Ge/black#42,
FdeRV,8/pp1R3p/7k/nP2B3/P1r2pPP/4pP2/3pK3/8 b - - 0 37,a5b3 d7d6,1980,82,92,436,endgame mate mateIn1 oneMove pillsburysMate,https://lichess.org/bysBB2lv/black#74,
Fh61p,r1b1q3/ppp1npp1/2n2k2/2P2P2/6Pr/P3B3/1Q6/3RR1K1 b - - 3 28,c6e5 b2e5 f6e5 e3g5,2033,75,96,2437,discoveredAttack discoveredCheck mate mateIn2 middlegame pillsburysMate sacrifice short,https://lichess.org/h0RllABe/black#56,
FhxtQ,4rrk1/1p1b2pp/pqn2p1Q/5P2/8/2pB2R1/PP4PP/5R1K b - - 1 24,e8e7 d3c4 d7e6 c4e6 g8h8 h6h7 h8h7 g3h3,1930,75,84,1576,attraction kingsideAttack mate mateIn4 middlegame pillsburysMate pin sacrifice veryLong,https://lichess.org/BdOsZcCH/black#48,
Fhztj,rn3k1r/ppp3pp/6B1/4N3/2Q1b2q/8/PPP2bPP/R1B2R1K w - - 2 16,b2b3 h4h2 h1h2 h7g6 c1h6 h8h6,2082,82,87,97,discoveredAttack discoveredCheck kingsideAttack long mate mateIn3 opening pillsburysMate sacrifice,https://lichess.org/1z8minM6#31,Kings_Gambit Kings_Gambit_Other_variations
Fk395,3r3r/Rp4pp/1k1b4/1Pp5/2P1pp2/8/1P1B1PPP/R5K1 b - - 1 24,d6e5 d2a5 b6a7 a5c7,1916,76,92,1398,discoveredAttack discoveredCheck endgame mate mateIn2 pillsburysMate sacrifice short,https://lichess.org/9X123V3T/black#48,
Fmoou,r3r3/1b2b3/p1n1pBkp/4P3/2p1N1R1/2P5/P4PP1/4R1K1 b - - 7 26,g6f5 e4g3 f5g4 e1e4,1993,77,92,4268,mate mateIn2 middlegame pillsburysMate sacrifice short,https://lichess.org/0TkkpSRD/black#52,
FoThN,b2r2k1/p4pp1/7p/8/8/2RBQ1P1/1q1r1P1P/4R1K1 b - - 1 27,b2c3 e3e8 d8e8 e1e8,1904,80,71,109,mate mateIn2 middlegame pillsburysMate sacrifice short,https://lichess.org/NxXIcmS6/black#54,
FqjWL,4k3/1p4R1/4B2p/pN1pP3/4b3/2r4P/r5PK/8 b - - 6 35,c3c2 b5d6 e8f8 g7g8 f8e7 g8e8,1957,83,93,156100,endgame exposedKing hookMate long mate mateIn3 pillsburysMate,https://lichess.org/rliVQ1Lm/black#70,
Fqp2Y,5k2/1R6/3B2p1/3B1p1p/3b4/6PK/4q2P/8 b - - 7 45,f8e8 d5c6 e8d8 b7b8,1912,76,95,6333,endgame mate mateIn2 pillsburysMate short,https://lichess.org/zRXMWafF/black#90,
FrJhy,q3r1kb/4p2p/5ppB/3p2N1/r2P4/4Q3/PR3PPP/6K1 b - - 1 24,a8a6 e3e7 e8e7 b2b8 a6c8 b8c8 e7e8 c8e8,2056,75,92,313,kingsideAttack mate mateIn4 middlegame pillsburysMate sacrifice veryLong,https://lichess.org/NFKmICmV/black#48,
FsQJ4,3r2k1/1p3ppp/n3b3/2p1b3/2P1nP2/P1B1P3/4K1PP/RN5R w - - 0 20,c3e5 e6g4 e2f1 d8d1,1951,81,89,744,mate mateIn2 middlegame pillsburysMate short,https://lichess.org/h9F4X7kr#39,
Fvhmo,R6r/2k2N1p/4p1p1/2bp4/3PbP2/8/1r3PPP/4KB1R w K - 0 21,a8h8 c5b4 e1d1 b2b1 d1e2 b1e1,1949,78,96,13726,long mate mateIn3 middlegame operaMate pillsburysMate,https://lichess.org/MvJ8RNrA#41,
FxWb7,1q6/p5p1/2Bp1b1p/k1pNr3/1P6/P7/2R4P/K7 b - - 0 32,c5b4 a3b4 b8b4 c2a2 b4a3 a2a3,2055,99,92,48,endgame long mate mateIn3 pillsburysMate,https://lichess.org/GoJriYFb/black#64,
G21yz,6k1/5p2/8/6B1/3b4/2n5/PrR2PP1/3K1B2 w - - 5 27,d1c1 b2b1 c1d2 b1d1,2133,77,94,11679,endgame mate mateIn2 pillsburysMate short,https://lichess.org/6FN52I0O#53,
G2o34,4rrk1/pp3Rpp/8/2p2p2/1qB5/8/PB2QPPP/3R2K1 b - - 0 19,e8e2 f7g7 g8h8 g7g8,1970,72,94,10212,discoveredCheck doubleCheck mate mateIn2 middlegame operaMate pillsburysMate short,https://lichess.org/nRMEDtkS/black#38,Zukertort_Opening Zukertort_Opening_Other_variations
G2q4d,R5k1/6pp/5n2/1pBp2R1/1P1Pp3/2K1P3/3r3r/8 b - - 1 35,g8f7 a8f8 f7e6 g5e5 e6d7 e5e7 d7c6 f8c8,1966,79,95,10914,endgame master mate mateIn4 pillsburysMate veryLong,https://lichess.org/kqx2Zd4J/black#70,
G42Jy,r7/1pb2P1Q/2k5/2p1q3/2Pp3p/7P/1R4P1/5N1K w - - 1 45,h7g8 e5h2 f1h2 a8a1 b2b1 a1b1 h2f1 b1f1,1982,76,88,146,endgame master mate mateIn4 pillsburysMate sacrifice veryLong,https://lichess.org/vPZ26kVc#89,
G4OCx,8/3P4/4R1pk/4p2p/4Pb1K/8/1B4r1/8 w - - 1 42,e6g6 h6g6 d7d8q g2h2,1946,76,88,643,endgame mate mateIn2 pillsburysMate short,https://lichess.org/inJD8Z58#83,
G5SXb,8/ppp5/5b1k/P7/1P1p1PP1/7p/2Q1r2P/4rRKR w - - 0 47,f1e1 e2e1 g1f2 f6h4 f2f3 e1e3,2087,89,86,139,endgame long master mate mateIn3 pillsburysMate,https://lichess.org/pUVyblHC#93,
G5zxj,3r1rk1/5ppp/p2bp3/3q4/5P2/1QB5/PP2R2P/4K1R1 b - - 2 25,d5b3 g1g7 g8h8 g7g8 h8g8 e2g2,2065,80,92,6269,attraction discoveredCheck doubleCheck long mate mateIn3 middlegame pillsburysMate sacrifice,https://lichess.org/OHq4oa9P/black#50,
G7QVH,3r2r1/1pk4p/p1b5/2bR4/2N5/1P6/PBP2PPP/5RK1 w - - 0 20,d5c5 g8g2 g1h1 g2g1 h1g1 d8g8 b2g7 g8g7 c5g5 g7g5,1972,77,90,1513,attraction discoveredCheck doubleCheck mate mateIn5 middlegame pillsburysMate sacrifice veryLong,https://lichess.org/87SgcUHc#39,
G83U9,8/p3rk1p/8/2Qb1pb1/8/1PP5/P4r1P/1N3K2 w - - 0 32,f1f2 g5h4 f2g1 e7e1,1948,77,89,443,endgame mate mateIn2 pillsburysMate short,https://lichess.org/d2mD8HJv#63,
GBj1A,3r2r1/1b2k2p/1b2pp2/1R6/3N4/1BP5/2P2PPP/5RK1 w - - 0 21,b5b6 g8g2 g1h1 g2g1 h1g1 d8g8,2036,83,91,736,attraction discoveredCheck doubleCheck long mate mateIn3 middlegame pillsburysMate sacrifice,https://lichess.org/stAXfjWM#41,
GGhF6,2kr3r/pp2b1pp/5p2/3N1Pq1/8/3R2BP/PPP3P1/1K1R4 b - - 0 23,e7c5 d5e7 c5e7 d3c3 e7c5 c3c5,1950,83,92,500,long mate mateIn3 middlegame pillsburysMate queensideAttack sacrifice,https://lichess.org/W537L1NM/black#46,
GGpK3,5k2/pR6/1p1B1p1p/2pP1Pp1/2Pb4/7P/P1B1q1P1/7K b - - 0 33,f8e8 c2a4 b6b5 a4b5 e8d8 b7b8,1970,75,96,1856,endgame exposedKing long mate mateIn3 pillsburysMate,https://lichess.org/xLcAGpsG/black#66,
GNUEH,6r1/8/1pp2k2/p2b4/7n/1PR2PB1/P4PKP/2R5 w - - 11 38,g2h3 d5e6 h3h4 g8h8,1949,81,49,170,endgame mate mateIn2 pillsburysMate sacrifice short,https://lichess.org/bMalK1Wl#75,
GO9QN,2r1k3/pp2np1p/8/1b6/3Q4/2B5/PP3PqP/2KR1R2 b - - 9 19,b5f1 d4d7 e8f8 d7d8 c8d8 d1d8,1930,76,98,1802,long mate mateIn3 middlegame pillsburysMate sacrifice,https://lichess.org/SlgWynqi/black#38,
GRk2h,3r2k1/pb3p1p/1pqrp1p1/2p3QP/4p3/1P2P3/PBPR1PP1/3R2K1 b - - 1 22,d6d2 g5d8 d2d8 d1d8 c6e8 d8e8,1963,78,88,79,kingsideAttack long master mate mateIn3 middlegame pillsburysMate xRayAttack,https://lichess.org/tBkaXFoW/black#44,
GSxrD,r3rqk1/1b3p1p/p2bpBp1/3p4/3P3Q/1B4P1/P4PK1/R3R3 b - - 4 25,d6e7 h4h7 g8h7 e1h1 f8h6 h1h6 h7h6 a1h1,1909,78,94,15400,attraction kingsideAttack mate mateIn4 middlegame pillsburysMate sacrifice veryLong,https://lichess.org/eVao7pcT/black#50,
GYdl6,4rk2/bb1pqnpB/pp6/P5P1/1P1P1Q2/N1P5/5P1R/R4K2 w - - 7 26,a3c4 e7e2 f1g1 e2e1 a1e1 e8e1,2004,104,78,43,fork long mate mateIn3 middlegame pillsburysMate sacrifice,https://lichess.org/WSFE288j#51,
GZaec,2r3k1/R5pp/5pb1/3p4/3N4/2n1PPB1/1r1K2PP/5B1R w - - 6 31,d2c1 b2b1 c1d2 b1d1,2020,81,92,2384,mate mateIn2 middlegame pillsburysMate queensideAttack short,https://lichess.org/uhN5XLi2#61,
GczUJ,5rk1/p1p2ppp/b2p4/3n4/2p3RP/7R/PB1K1PP1/r2N4 b - - 5 26,a1a2 g4g7 g8h8 g7g8 h8g8 h3g3,1942,75,94,2901,attraction discoveredCheck doubleCheck kingsideAttack long mate mateIn3 middlegame pillsburysMate sacrifice,https://lichess.org/KYCdyjdU/black#52,
Gg9R5,3R4/7p/8/8/8/2pnk3/2Bp2KP/r7 b - - 5 49,e3e2 d8e8 d3e5 e8e5,1900,79,92,1502,endgame mate mateIn2 pillsburysMate short,https://lichess.org/vIDVHLlF/black#98,
GgVGt,r1b2rk1/ppp2p1p/6pQ/3P4/8/3B4/q1P3PP/2B1R2K b - - 1 18,a2a5 h6f8 g8f8 c1h6 f8g8 e1e8,2025,79,82,79,attraction kingsideAttack long mate mateIn3 middlegame pillsburysMate sacrifice,https://lichess.org/RGbz6voI/black#36,Scotch_Game Scotch_Game_Schmidt_Variation
GiqOh,5Q2/5ppk/7p/2pP2bP/2P1K3/1r6/4r3/5R1R w - - 6 38,e4f5 g7g6 h5g6 f7g6 f5g4 e2g2,1903,95,66,33,endgame long mate mateIn3 pillsburysMate,https://lichess.org/2gK3CJNr#75,
GkPqm,1r3k2/2R3p1/4p2p/3b1p1P/3P1B2/6P1/5P1K/1rR5 b - - 1 28,b8b2 c7c8 f8e7 c1c7 e7f6 c8f8,2088,80,94,12226,endgame long mate mateIn3 pillsburysMate,https://lichess.org/nOJtojvE/black#56,
Gl8rx,2k2r2/pppb4/5np1/8/2PP4/4N1K1/PP3RPP/7R w - - 3 24,h1f1 f6e4 g3h4 f8h8,2149,78,77,118,endgame fork mate mateIn2 pillsburysMate short,https://lichess.org/5quYKYbv#47,
GmaIZ,4r1k1/pQp2pp1/3b3p/8/3N2q1/2P4b/PP3P1P/R1B2R1K w - - 3 21,f1g1 g4g1 h1g1 e8e1,1981,80,88,314,attraction kingsideAttack mate mateIn2 middlegame pillsburysMate sacrifice short,https://lichess.org/mYaplK8F#41,
Gnhcy,6k1/Q3Rb2/p6p/1p1rP1p1/1K3rP1/8/PPP4P/8 w - - 7 41,b4a3 f4a4 a3b3 d5d3,2038,75,94,5321,discoveredCheck doubleCheck endgame mate mateIn2 morphysMate pillsburysMate short,https://lichess.org/zuMmp6Fd#81,
Gp3uX,1r4k1/2R2R1p/6p1/8/1pB5/4P1PK/1bp2P1P/6r1 b - - 3 35,c2c1q f7g7 g8h8 g7h7,2011,80,93,2041,discoveredCheck doubleCheck mate mateIn2 middlegame pillsburysMate short,https://lichess.org/hWYq3MlX/black#70,
GqR0e,5rk1/6pp/r3Pn2/3P3P/2n4N/2BK1P2/q3N3/3R2R1 b - - 4 34,f6d5 g1g7 g8h8 g7g8 h8g8 d1g1,2162,76,89,617,attraction discoveredCheck doubleCheck long mate mateIn3 middlegame pillsburysMate sacrifice,https://lichess.org/siETwAfh/black#68,
GtaM5,6k1/5R1R/2P4p/1b2bN2/8/5P1P/r4K2/8 w - - 1 37,f2e1 e5c3 e1d1 b5a4 d1c1 a2a1,2066,76,95,982,endgame exposedKing long mate mateIn3 pillsburysMate,https://lichess.org/wWFkPxhF#73,
Gtmmy,2kn2r1/ppp2pr1/3b1p1p/3b1q2/1P1P4/2P2N1P/P2N1PP1/R2Q1BRK w - - 9 17,c3c4 f5h3 g2h3 g7g1,2052,79,84,486,kingsideAttack mate mateIn2 middlegame pillsburysMate pin sacrifice short,https://lichess.org/0A3XUfal#33,Scandinavian_Defense Scandinavian_Defense_Modern_Variation
GwqKI,2k1r3/pppb4/2pb4/5p2/1P1N3p/q1PPBQ1P/5PP1/2R3K1 w - - 3 24,d4f5 a3c1 e3c1 e8e1,1949,78,95,5673,mate mateIn2 middlegame pillsburysMate sacrifice short,https://lichess.org/e6ZXFAvY#47,
GxEu5,5rk1/5pp1/p3q2p/2b1N3/2P2P2/P5PP/1r3nBK/R2Q1R2 w - - 2 24,d1d5 e6h3 g2h3 f2g4 h2h1 b2h2,1941,89,88,49,discoveredCheck doubleCheck long mate mateIn3 middlegame pillsburysMate sacrifice,https://lichess.org/ocnB4j7f#47,
GxYKv,1r2k1r1/pb1pp2p/7p/p1P1bP2/1P6/P1PQ1N2/3N1PPq/R4R1K w - - 0 16,f3h2 b7g2 h1g1 g2f3 h2g4 g8g4,2104,79,94,6490,discoveredAttack discoveredCheck fork long mate mateIn3 middlegame pillsburysMate,https://lichess.org/YBDWegUi#31,Hippopotamus_Defense Hippopotamus_Defense_Other_variations
GyFXr,6k1/1bpR4/3b1B2/1p3B2/8/1P6/P3rP2/3K4 b - - 4 32,e2f2 f5e6 g8f8 d7d8,1909,80,93,398,endgame mate mateIn2 pillsburysMate short,https://lichess.org/vAz7hlFU/black#64,
H3QWC,N1k4r/p2R1pqp/2n1p3/2b5/2B5/5N2/P4PPP/3R2K1 b - - 0 22,h8d8 c4a6 c8b8 d7d8 c6d8 d1d8,1957,78,93,321,deflection exposedKing long mate mateIn3 middlegame pillsburysMate queensideAttack,https://lichess.org/oBpfLKT9/black#44,
H4w7i,4r1k1/1p3p1p/6p1/5p2/p4P2/P1QN2bP/1P1R2P1/5qBK w - - 15 41,d3f2 f1g1 h1g1 e8e1,1949,76,81,186,attraction kingsideAttack mate mateIn2 middlegame pillsburysMate sacrifice short,https://lichess.org/KsTrPiSl#81,
H59W0,3kr2r/p1p2p1p/2n5/5Bp1/3P4/1QPKbP2/5P1q/1R2R3 b - - 1 23,e3f2 b3b8 c6b8 b1b8,2010,78,82,434,mate mateIn2 middlegame pillsburysMate sacrifice short,https://lichess.org/bAcUIPwV/black#46,
H5tC4,2r3k1/pp5R/4NbB1/3p4/8/n7/P1P2rP1/2KR4 b - - 2 27,a3c2 g6f7 g8h7 d1h1 f6h4 h1h4,1945,77,96,1969,exposedKing long mate mateIn3 middlegame pillsburysMate sacrifice,https://lichess.org/3Ukx7KcE/black#54,
H69YD,r1b2kr1/1p1p1p1N/6p1/1p2Bn2/8/8/PP1K1PPP/n3R3 b - - 0 18,f8e7 e5c7 f5e3 e1e3,1917,77,93,596,discoveredAttack discoveredCheck epauletteMate mate mateIn2 middlegame pillsburysMate short,https://lichess.org/AoP04alM/black#36,Sicilian_Defense Sicilian_Defense_Lowenthal_Variation
H6lL3,4r1k1/p1R1Bp1p/1p4p1/5b2/5Q2/2P2P2/P1P2PKP/4q3 w - - 2 25,e7f6 e1f1 g2f1 f5h3 f1g1 e8e1,2149,75,94,9944,attraction endgame long mate mateIn3 pillsburysMate sacrifice,https://lichess.org/lekvJPHg#49,
HANdF,r1b4r/pp3p2/4n3/6p1/5Pkp/3BP1PR/P4KP1/7R b - - 1 24,g4h5 h3h4 g5h4 h1h4,1941,81,92,1702,master mate mateIn2 middlegame pillsburysMate sacrifice short,https://lichess.org/F5xesXBq/black#48,
HARLc,2b1r1k1/r3Bp1p/pqpp2p1/8/2P2P2/6P1/P5BP/Q3R2K b - - 0 19,b6c7 a1h8 g8h8 e7f6 h8g8 e1e8,1918,74,95,17608,attraction discoveredAttack kingsideAttack long mate mateIn3 middlegame pillsburysMate sacrifice,https://lichess.org/AWjdVYKV/black#38,Zukertort_Opening Zukertort_Opening_Sicilian_Invitation
HAgfA,r3r1k1/ppp2ppp/n4n2/3P1b2/1bPP1p1N/2K4P/PP1N2P1/R1BQ1B1R w - - 1 14,c3b3 e8e3 f1d3 e3d3 b3c2 d3c3,2117,83,86,573,discoveredCheck doubleCheck epauletteMate long mate mateIn3 middlegame operaMate pillsburysMate,https://lichess.org/znfUvqrM#27,Vant_Kruijs_Opening Vant_Kruijs_Opening_Other_variations
HGWzQ,3r1rk1/pp2bppp/8/8/1P3n2/P2Q1P1q/1BB2P1P/R5RK b - - 6 23,f4d3 g1g7 g8h8 g7g8 h8g8 a1g1 h3g2 g1g2 e7g5 g2g5,2009,79,88,377,attraction discoveredCheck doubleCheck kingsideAttack mate mateIn5 middlegame pillsburysMate sacrifice veryLong,https://lichess.org/DOReeAsQ/black#46,
HI1BI,2r2rk1/p4ppp/4pn2/3pB3/1b6/1PN2P1P/1P3P2/2KR2R1 b - - 4 18,f6d7 g1g7 g8h8 g7g8 h8g8 d1g1,2048,86,90,55,attraction discoveredCheck doubleCheck kingsideAttack long mate mateIn3 middlegame pillsburysMate sacrifice,https://lichess.org/AF7iam95/black#36,Caro-Kann_Defense Caro-Kann_Defense_Panov_Attack
HMYdl,2b4r/p1Q5/3Npkp1/2p1qp2/P1P4b/3P4/5PP1/R4RK1 w - - 2 29,a1e1 e5h2 g1h2 h4f2 c7h7 h8h7,1922,79,94,158,deflection discoveredAttack discoveredCheck kingsideAttack long mate mateIn3 middlegame pillsburysMate sacrifice,https://lichess.org/gHHVkyk4#57,
HMinM,3r3k/1p3p1p/p5bB/2p1q3/P1nb4/5Q2/4RPPP/3R2K1 b - - 5 26,e5f6 f3f6 d4f6 d1d8 f6d8 e2e8,1903,79,91,2930,kingsideAttack long master mate mateIn3 middlegame pillsburysMate,https://lichess.org/Hh4fyb1O/black#52,
HNZrH,3r2k1/Q4p1p/4p1p1/P7/4b1q1/2b1B3/5PPP/2R1N1K1 w - - 0 25,c1c3 g4g2 e1g2 d8d1 g2e1 d1e1,1959,76,96,1095,long mate mateIn3 middlegame pillsburysMate sacrifice,https://lichess.org/r6n4MEy5#49,
HOSdU,6k1/p4pp1/5n1p/3B4/r2bPK2/2r3P1/1N5P/3R3R w - - 0 28,b2a4 g7g5 f4f5 c3f3,2027,79,79,130,mate mateIn2 middlegame pillsburysMate short,https://lichess.org/vPnYexfu#55,
HPxnF,r1b3k1/1pq4p/p4ppB/2p1b3/2B5/2P2Q2/PP3PP1/4R2K b - - 2 21,g8h8 f3f6 e5f6 e1e8,1905,74,94,10053,kingsideAttack mate mateIn2 middlegame pillsburysMate sacrifice short,https://lichess.org/2RSB4jB3/black#42,
HUR2D,3r2k1/1b3Rp1/p1q4p/2p5/2P5/P1P3bP/B5P1/2Rr1Q1K w - - 2 28,c1d1 c6g2 f1g2 d8d1 f7f1 d1f1,2181,76,93,6374,deflection fork long mate mateIn3 middlegame pillsburysMate pin sacrifice,https://lichess.org/xCBBt73S#55,
HVsLM,1r5k/p3b1pp/3p1r2/3Bp3/2P2nPq/1P3PK1/PB6/R2QR3 w - - 0 26,g3h4 f6h6 h4g3 e7h4 g3h2 h4f2,2071,75,93,1984,discoveredAttack discoveredCheck doubleCheck long mate mateIn3 middlegame pillsburysMate,https://lichess.org/DXs28b01#51,
HWMfB,r3k2r/ppp3p1/5p1n/2bp2p1/4P1P1/3P1P2/PPP3P1/RNB2RK1 w kq - 1 17,g1h2 h6f5,2048,81,87,252,discoveredAttack discoveredCheck mate mateIn1 middlegame oneMove pillsburysMate,https://lichess.org/CDjx3ivJ#33,Ruy_Lopez Ruy_Lopez_Bird_Variation
HWzVf,2k5/pp1R3R/2p5/8/2P1p3/2P1bp2/2r5/4KB2 w - - 0 34,h7e7 f3f2 e1d1 c2c1 d1e2 c1e1,2044,80,92,298,advancedPawn endgame exposedKing long master mate mateIn3 pillsburysMate,https://lichess.org/ECotcXfx#67,
HYPR3,r2k3r/1pR3pp/pbb1Rnq1/5B2/8/5P2/PP4PP/3Q3K b - - 0 23,d8c7 d1d6 c7c8 e6e8,2048,83,92,489,discoveredCheck doubleCheck mate mateIn2 middlegame pillsburysMate short,https://lichess.org/F4dk4TTI/black#46,
HaMqD,2k2r2/p1p5/Ppnbp1r1/3p3R/7N/1P1PP1nP/2P3B1/3QBqKR w - - 6 27,g2f1 g3e2,1969,78,92,3400,discoveredCheck doubleCheck epauletteMate master mate mateIn1 middlegame oneMove pillsburysMate,https://lichess.org/oWCFonaM#53,
HduBb,3N2nr/p2r2p1/3b3p/2pk1pB1/4p2P/2P5/PP3P2/2KR3R b - - 3 23,d5e5 f2f4 e4f3 h1e1,1990,110,80,90,mate mateIn2 middlegame pillsburysMate short,https://lichess.org/cLPkdHVZ/black#46,
He6Ap,4r3/1Q4pk/5p1p/2N5/p2P1Pq1/2P4b/PP3P1P/4R2K w - - 3 39,e1g1 g4g1 h1g1 e8e1,1954,80,85,282,attraction endgame mate mateIn2 pillsburysMate sacrifice short,https://lichess.org/yhLx80MH#77,
HfWXD,5rk1/5p1p/P3p3/8/1PQb2pq/5B2/3r2PP/R4R1K w - - 0 33,f3c6 g4g3 h2h3 h4h3 g2h3 d2h2,2111,86,91,938,long mate mateIn3 middlegame pillsburysMate sacrifice,https://lichess.org/DXTHxW1O#65,
Hi7fT,8/6kp/6p1/6P1/3bN2r/3B2Nq/r2BR2P/1R1Q3K w - - 5 37,d2c3 h3h2 e2h2 a2h2,1962,76,95,10903,master mate mateIn2 middlegame pillsburysMate sacrifice short xRayAttack,https://lichess.org/lr1lE5yD#73,
Hia7a,r4rk1/1p2p1b1/6Q1/3PB3/pqP1p3/4P3/5PK1/7R b - - 1 35,f8f7 g6h7 g8f8 h7h8 g7h8 h1h8,2086,80,92,4515,exposedKing long mate mateIn3 middlegame pillsburysMate sacrifice,https://lichess.org/QW6ITeoU/black#70,
Hj5Wl,r3r1k1/2P2ppp/1pR5/pP1p4/P2N1Qb1/6Pq/5P1P/5RK1 w - - 7 26,c6b6 h3f1 g1f1 g4h3 f1g1 e8e1,2012,78,92,1628,attraction kingsideAttack long mate mateIn3 middlegame pillsburysMate sacrifice,https://lichess.org/Tb8YSNfv#51,
HjUE6,r5k1/4qrbR/p3pnQ1/3pB3/8/8/Pp3P2/1K5R b - - 3 27,f6h7 g6h7 g8f8 h7h8 g7h8 h1h8,1986,75,92,874,exposedKing long mate mateIn3 middlegame pillsburysMate sacrifice,https://lichess.org/e4D31ydf/black#54,
HjWya,r2q1rk1/1bpn1ppp/8/1p3P2/p3P2P/1PBP1N2/P1PR4/2K3R1 b - - 1 19,a4b3 g1g7 g8h8 g7g8 h8g8 d2g2 d8g5 g2g5,2177,75,94,1617,attraction discoveredCheck doubleCheck kingsideAttack mate mateIn4 middlegame pillsburysMate sacrifice veryLong,https://lichess.org/OSvKT1oG/black#38,
HnWgM,r7/1b1p2rp/pk1N4/1p2P3/P7/3BP3/2P2PPP/1R3RK1 w - - 3 28,a4b5 g7g2 g1h1 g2g1 h1g1 a8g8 d3g6 g8g6,2123,76,94,340,attraction discoveredCheck doubleCheck mate mateIn4 middlegame pillsburysMate sacrifice veryLong,https://lichess.org/kKaOjQMI#55,
HqUzS,rn1kr3/pBp2p1p/5q2/5b2/3P2p1/2P3b1/PP1KQ3/RNB3NR w - - 1 16,e2g2 f6g5 d2d1 e8e1,1951,82,53,116,mate mateIn2 opening operaMate pillsburysMate short,https://lichess.org/hFhvoUEI#31,Bird_Opening Bird_Opening_Froms_Gambit
HsKXD,2r2k1r/pb1qb1p1/1p1p1n1p/2p1pB1P/2P1PN2/3P1P2/PP1B1P2/2KR2R1 b - - 1 20,d7e8 f4e6 f8f7 g1g7,1955,78,89,1046,mate mateIn2 middlegame pillsburysMate short,https://lichess.org/qluzdSeP/black#40,
HsTUg,1r6/p1p2p2/3b4/6p1/3pBpk1/3P4/PPP2PK1/R7 b - - 4 33,f7f5 e4f3 g4h4 a1h1,1971,79,92,796,endgame mate mateIn2 pillsburysMate short,https://lichess.org/CLrC4cTd/black#66,
HsuON,6k1/3b1pp1/7p/r2p4/8/P2B2QP/4RPPK/2q5 b - - 3 34,a5a3 g3b8 c1c8 b8c8 d7c8 e2e8,1961,87,84,39,endgame long mate mateIn3 pillsburysMate,https://lichess.org/sfD6gi3j/black#68,
HvXpi,2b5/6Rp/3R4/4B3/3P4/3k4/P4nPK/3r4 w - - 1 38,d6d8 d1h1 h2g3 f2e4 g3f4 h1f1,1983,75,95,4566,endgame long mate mateIn3 pillsburysMate,https://lichess.org/UTgGMjmB#75,
HvYeO,5r1r/pp4n1/3P2k1/2P3p1/4B2q/6N1/PP3Q2/5RK1 b - - 0 34,g6h6 f2f6 f8f6 f1f6,2073,76,87,458,collinearMove mate mateIn2 middlegame pillsburysMate sacrifice short,https://lichess.org/EqEpIGQX/black#68,
I4lfI,6r1/5R2/5B1p/6k1/3P1N2/4rP1P/6bK/8 b - - 1 42,g5f4 f6h4,2114,87,91,2098,discoveredAttack discoveredCheck endgame mate mateIn1 oneMove pillsburysMate,https://lichess.org/JOzsVWWt/black#84,
I60J9,5Q1k/1bq3bp/p1p3p1/4p1B1/2B1P3/1P4Pn/P1P4P/3N1R1K b - - 0 28,g7f8 f1f8 h8g7 f8g8,2023,79,87,149,kingsideAttack mate mateIn2 middlegame operaMate pillsburysMate short,https://lichess.org/vFGpbf2w/black#56,
I81fM,r1bq3k/ppp1R1pp/1b1n4/6NQ/2B5/8/PP3rPP/RN5K b - - 1 17,h7h6 h5h6 g7h6 e7h7,1978,74,93,3445,kingsideAttack mate mateIn2 middlegame pillsburysMate sacrifice short,https://lichess.org/H5VBRMNz/black#34,Italian_Game Italian_Game_Classical_Variation
I8blF,2kr2r1/1pp2p1p/5q2/p1PpQ3/1P1P4/P4b2/5PPP/R4RK1 w - - 0 23,e5f6 g8g2 g1h1 g2g1 h1g1 d8g8 f6g5 g8g5,2054,74,93,6508,attraction discoveredCheck doubleCheck endgame kingsideAttack mate mateIn4 pillsburysMate sacrifice veryLong,https://lichess.org/2E4KB8an#45,
I9wCZ,8/p5p1/1p3k2/2b2n1p/2P1p2P/1P3KPR/P2r4/1Q6 w - - 0 42,f3e4 f5d6 e4f4 d2f2,2081,74,94,13288,endgame mate mateIn2 pillsburysMate short,https://lichess.org/sl4NyBSd#83,
IBXhV,2b3k1/1pp2p1p/3b2pB/5qN1/2QP4/pP1nr1P1/P1R2PBP/5K1R w - - 0 22,g2h3 f5h3 g5h3 c8h3 f1g1 e3e1,2147,82,84,579,long mate mateIn3 middlegame pillsburysMate sacrifice,https://lichess.org/YroLExh7#43,
IEiQY,3R4/Q4pkp/4B1p1/nb2b3/5r2/P6P/1P4PK/8 w - - 0 35,a7e7 f4f2 h2h1 f2f1,2077,77,93,2347,discoveredAttack discoveredCheck mate mateIn2 middlegame pillsburysMate short,https://lichess.org/WVBQz6ks#69,
IEsgO,2r4k/pp4pp/1b6/3Qp3/8/1NP3P1/Pr5P/R3R1K1 w - - 0 22,g1f1 c8f8 d5f3 f8f3,1955,78,68,251,mate mateIn2 middlegame pillsburysMate short,https://lichess.org/bU4heahX#43,
II1s8,rn1q1rk1/pbp2pp1/1p2p2p/2b5/3n4/2QB1PB1/PP1NN2P/5KRR b - - 3 20,d4e2 c3g7 g8g7 g3e5,1990,76,95,14999,attraction discoveredCheck doubleCheck kingsideAttack mate mateIn2 middlegame pillsburysMate sacrifice short,https://lichess.org/JHubgbJJ/black#40,
IJ9sb,rn3rkq/1b3p1p/p3p1pQ/1p2n1BN/4P2P/P7/1P3PP1/3R1RK1 b - - 2 23,e5g4 h6f8 g8f8 d1d8,2003,70,95,19419,attraction kingsideAttack mate mateIn2 middlegame pillsburysMate sacrifice short,https://lichess.org/3NUEjBYP/black#46,
IOKKX,2r2rk1/pp2bppp/1q2pB2/3p3P/8/2Q2P2/PPP2P2/2KR2R1 b - - 0 16,c8c3 g1g7 g8h8 g7g8 h8g8 d1g1,2080,77,76,210,attraction discoveredCheck doubleCheck kingsideAttack long mate mateIn3 middlegame pillsburysMate sacrifice,https://lichess.org/LXO3BNx9/black#32,Caro-Kann_Defense Caro-Kann_Defense_Exchange_Variation
IPDDI,r4rk1/pp1n1pRp/2p5/8/3Bn2P/8/PPP2P1P/1K1R4 b - - 0 18,g8h8 g7g8 h8g8 d1g1 e4g3 g1g3,2146,76,91,1088,attraction discoveredCheck doubleCheck long mate mateIn3 middlegame pillsburysMate sacrifice,https://lichess.org/62UGahop/black#36,Scandinavian_Defense Scandinavian_Defense_Mieses-Kotroc_Variation
IPIa0,7k/5p1p/7B/3b4/pp1Pq2b/4P3/5Q1K/2R5 b - - 1 33,h4d8 f2f6 d8f6 c1c8 f6d8 c8d8 e4e8 d8e8,1920,77,93,231,endgame mate mateIn4 pillsburysMate sacrifice veryLong,https://lichess.org/vTOxsPHw/black#66,
ISAC8,7r/p3Bk2/1p1p2p1/2pNn2r/2PbB3/6K1/PP3P2/R4R2 w - - 3 33,e7d6 h5g5 g3f4 g5g4,2041,75,94,4358,mate mateIn2 middlegame pillsburysMate short,https://lichess.org/pBwJU8BD#65,
ISD8B,6k1/2Q2p1p/1p4pr/1P6/2Pp4/5PPb/P3Pq1P/3RR2K w - - 5 34,e1g1 f2h2 h1h2 h3f1,1935,79,91,3467,discoveredAttack discoveredCheck endgame kingsideAttack mate mateIn2 pillsburysMate sacrifice short,https://lichess.org/L2sR2VPg#67,
ISW2u,5r1k/p1q3pp/1p2B2r/1P1p4/2PpR2b/3P4/P4PP1/3Q1RK1 w - - 2 27,e6d5 c7h2 g1h2 h4f2 d1h5 h6h5 e4h4 h5h4,2108,75,94,1823,deflection discoveredAttack discoveredCheck kingsideAttack mate mateIn4 middlegame pillsburysMate sacrifice veryLong,https://lichess.org/B8H99loP#53,
IToD4,r1b2Nk1/pp3p1p/2nb3Q/2p5/2q5/4B3/P4PPP/R3R1K1 b - - 0 19,d6f8 h6f8 g8f8 e3h6 f8g8 e1e8,1908,75,95,2650,attraction kingsideAttack long mate mateIn3 middlegame pillsburysMate sacrifice,https://lichess.org/WT93XglC/black#38,
IV7jr,r3Q3/1b2n1rk/p3pp1p/1P6/8/8/P4PPP/R4RK1 w - - 1 22,e8d7 g7g2 g1h1 g2g1 h1g1 a8g8,2085,83,91,484,attraction discoveredCheck doubleCheck long mate mateIn3 middlegame pillsburysMate sacrifice,https://lichess.org/VD48LMRE#43,
IVDR5,2r5/5kp1/pn3p1p/1p1b1N2/5p2/1PPB2P1/P4K2/4R3 b - - 0 37,c8c3 f5d6 f7g8 e1e8,1951,77,93,1235,endgame mate mateIn2 pillsburysMate short,https://lichess.org/C5r6OaQn/black#74,
IYRsb,8/p4rk1/5b2/2B2p1R/4pPp1/P2r4/4K3/7R b - - 8 34,f6d4 h5g5 g7f6 h1h6,1999,77,97,1074,endgame epauletteMate mate mateIn2 pillsburysMate short,https://lichess.org/Bv2BHChk/black#68,
Ia6z7,r4rk1/1p2nppp/4p3/p2pq2B/8/3Q3R/PP4PP/R6K b - - 3 20,e5b2 d3h7 g8h7 h5f7,1908,75,95,1131,deflection discoveredAttack discoveredCheck kingsideAttack mate mateIn2 middlegame pillsburysMate sacrifice short,https://lichess.org/aQoihwzC/black#40,
Ic03L,2r4r/1b2kppp/3R4/n1B1p3/4P3/8/PPP2PPP/1K1R4 b - - 4 19,b7e4 d6c6 e7e8 c6c8,2003,76,86,284,discoveredAttack discoveredCheck interference mate mateIn2 middlegame pillsburysMate short,https://lichess.org/ImRwh9AA/black#38,
IdKEk,2k1r1r1/1p4Q1/p1b2p2/7p/8/P1P5/2P2PPP/3R1RK1 w - - 4 26,g7f6 g8g2 g1h1 g2g1 h1g1 e8g8 f6g5 g8g5,2169,76,86,152,attraction discoveredCheck doubleCheck endgame mate mateIn4 pillsburysMate sacrifice veryLong,https://lichess.org/uoyHdXFX#51,
Ifas4,6k1/r2n1Q1p/pq1P2p1/1pp3B1/6B1/8/Pb4PP/4R2K b - - 0 22,g8f7 e1e7 f7g8 g4e6 g8h8 e7e8 d7f8 e8f8 h8g7 f8g8,2041,80,92,3186,mate mateIn5 middlegame operaMate pillsburysMate veryLong,https://lichess.org/ukY8I0uV/black#44,
IfrqK,rn1r2k1/pb3pp1/1p2p2p/4P3/3N1Pq1/6P1/1PQ4P/1BR1KR2 b - - 4 24,d8d4 c2c8 b7c8 c1c8 d4d8 c8d8,1990,78,77,79,long mate mateIn3 middlegame pillsburysMate sacrifice,https://lichess.org/WLvFzWQ2/black#48,
IhNHF,3q1rk1/5ppp/p2bpB2/1p1pQ3/2r5/2N2P2/PPP2P1P/R5RK b - - 0 18,d6e5 g1g7 g8h8 g7g8 h8g8 a1g1 e5g3 g1g3 c4g4 g3g4,1930,90,86,78,attraction discoveredCheck doubleCheck kingsideAttack mate mateIn5 middlegame pillsburysMate sacrifice veryLong,https://lichess.org/PGcqQs8K/black#36,Caro-Kann_Defense Caro-Kann_Defense_Exchange_Variation
Ihdl0,8/5p2/3p1kp1/P3r2p/8/4K3/5PbP/R1R5 w - - 11 34,e3f4 e5e4 f4g3 e4g4,1912,77,95,18117,endgame mate mateIn2 pillsburysMate short,https://lichess.org/GHkHuMPL#67,
IjtXE,r5r1/pb3k1p/3p4/1pp5/8/2b1P3/P2NNPPP/R4RK1 w - - 0 19,e2c3 g8g2 g1h1 g2g1 h1g1 a8g8,2159,76,93,1139,attraction discoveredCheck doubleCheck long mate mateIn3 middlegame pillsburysMate sacrifice,https://lichess.org/xAEoJRcG#37,
InvYG,2r1Rk2/5npQ/pp1p4/3q4/P7/2P2b2/1PB2P1P/4R1K1 b - - 0 31,c8e8 h7g8 f8g8 e1e8,2167,75,94,9705,attraction deflection mate mateIn2 middlegame pillsburysMate sacrifice short,https://lichess.org/6XlDYcJV/black#62,
IpLgK,rq5k/6pp/2p1B3/4p3/p3P2N/2NP4/2P2RPK/8 b - - 5 30,b8c7 h4g6 h7g6 f2f3 c7e7 f3h3 e7h4 h3h4,1987,74,94,8977,endgame mate mateIn4 pillsburysMate quietMove sacrifice veryLong,https://lichess.org/a1SqMkAS/black#60,
Iq4du,3r4/4R1pk/5p2/Q4Pb1/1P2K1Pp/2r2B1P/8/8 w - - 4 52,a5b6 c3c4 b6d4 c4d4,2033,200,39,13,endgame mate mateIn2 pillsburysMate short,https://lichess.org/5LEqvyvh#103,
IrHGV,r3k1nr/p1R2ppp/3p4/1B1P2B1/4n1q1/5N1b/P1P2R1P/3Q3K b kq - 2 20,e8f8 c7f7 f8f7 f3e5,1903,78,78,211,attraction discoveredCheck doubleCheck mate mateIn2 middlegame pillsburysMate sacrifice short,https://lichess.org/1hauDrLm/black#40,
IrehO,2r1r1k1/p2nbpp1/5n2/qp1N2BB/2pP4/4P3/PPQ2PP1/2K1R2R b - - 0 19,f6d5 c2h7 g8h7 h5f7,1961,90,88,85,deflection discoveredAttack discoveredCheck kingsideAttack mate mateIn2 middlegame pillsburysMate sacrifice short,https://lichess.org/wRpPfSns/black#38,Queens_Gambit_Declined Queens_Gambit_Declined_Exchange_Variation
IsTAc,r1b3k1/pp3pp1/4p2p/7r/8/P2BPqN1/1PQ2P1b/2RR1K2 b - - 1 19,h2g3 c2c8 a8c8 c1c8,2035,85,91,2721,mate mateIn2 middlegame pillsburysMate short,https://lichess.org/DzbYE2vo/black#38,Tarrasch_Defense Tarrasch_Defense_Other_variations
ItRB8,3r1rk1/2p2ppp/ppq5/2p5/2P5/P3P1Pb/1P2QP1P/R1BR2K1 w - - 2 19,e3e4 c6e4 e2e4 d8d1 e4e1 d1e1,2087,80,88,356,deflection kingsideAttack long mate mateIn3 middlegame pillsburysMate sacrifice,https://lichess.org/lGYN1WLF#37,
IufLj,4r1r1/pb1k4/n3p2Q/1pp2p2/3P4/2NB4/P4PPP/4RRK1 w - - 0 27,d4c5 g8g2 g1h1 g2g1 h1g1 e8g8 h6g7 g8g7,2075,76,86,148,attraction discoveredCheck doubleCheck kingsideAttack mate mateIn4 middlegame pillsburysMate sacrifice veryLong,https://lichess.org/bfMiG053#53,
IutKk,r1r2k2/4b2p/4p1pN/p2n2P1/3B3Q/P2p3P/1P3P2/K2b3R w - - 4 29,h4g3 c8c1 a1a2 d5b4 a3b4 a5b4 d4a7 a8a7,2020,75,87,226,discoveredAttack discoveredCheck mate mateIn4 middlegame pillsburysMate sacrifice veryLong,https://lichess.org/MhZHg37G#57,
IwxMa,3q1r2/4bkp1/1p2pp2/2pb2P1/r4P2/P2Q4/1P2BPP1/R3K2R b KQ - 0 24,a4f4 e2h5 f7g8 d3h7 g8h7 h5f7 f4h4 h1h4,2038,77,86,86,discoveredAttack discoveredCheck mate mateIn4 middlegame pillsburysMate sacrifice veryLong,https://lichess.org/RXeNLtpv/black#48,
J1eAk,r2q1rk1/pb2bpp1/1pn1p2p/8/3N2Q1/P1PBP1B1/5P1P/R3K1R1 b Q - 5 16,c6d4 g4g7 g8g7 g3e5,2090,84,90,838,attraction discoveredCheck doubleCheck kingsideAttack mate mateIn2 middlegame pillsburysMate sacrifice short,https://lichess.org/Wr8tpYv0/black#32,Queens_Indian_Defense Queens_Indian_Defense_Kasparov-Petrosian_Variation
J2Knp,2r5/2P5/2R2p2/4k1p1/4p3/4B1P1/4bPK1/8 w - - 0 39,g2h3 c8h8 h3g2 e2f3 g2f1 h8h1,1942,79,96,16422,endgame long mate mateIn3 pillsburysMate,https://lichess.org/AT0Vlb9c#77,
J6IEP,r2b1rk1/1p3ppp/8/pb6/4PP2/2B1P3/7P/2KR2R1 b - - 1 25,a8c8 g1g7 g8h8 g7g8 h8g8 d1g1 d8g5 g1g5,2019,76,95,3653,attraction discoveredCheck doubleCheck mate mateIn4 middlegame pillsburysMate sacrifice veryLong,https://lichess.org/jWpDpxA5/black#50,
J7UAX,7r/2p2pk1/p4qp1/1pbP4/5PN1/6Pn/P1B1r2P/1RQ2R1K w - - 5 33,g4f6 e2h2 h1h2 h3f4 f6h5 h8h5,2136,117,87,79,discoveredAttack discoveredCheck kingsideAttack long mate mateIn3 middlegame pillsburysMate sacrifice,https://lichess.org/iMy9TTPm#65,
JALE5,6r1/5R1R/p1rkp3/1pp3B1/8/2bP3K/P7/8 b - - 5 39,d6e5 g5f4 e5d4 f7d7 c6d6 d7d6,2068,81,90,3218,endgame long mate mateIn3 pillsburysMate,https://lichess.org/kgPC7LMo/black#78,
JB1Oq,r7/1pp2pp1/3pq1k1/4n1P1/4PP1R/pP6/P1P1BP2/2K5 b - - 0 23,e6d7 e2h5 g6h7 h5f7,1938,79,92,5790,deflection discoveredAttack discoveredCheck endgame mate mateIn2 pillsburysMate short,https://lichess.org/S7g9ItuC/black#46,
JEjk3,r4rk1/1pp1qppp/p2p4/8/4P1n1/1PBBR3/5P1P/2K3R1 b - - 0 18,g4f2 g1g7 g8h8 g7g8 h8g8 e3g3 f2g4 g3g4 e7g5 g4g5,2188,78,95,860,attraction discoveredCheck doubleCheck kingsideAttack mate mateIn5 middlegame pillsburysMate sacrifice veryLong,https://lichess.org/NR44BW4H/black#36,Center_Game Center_Game_Other_variations
JF6eQ,rn1qr2k/2p1b1p1/p2p2PB/8/3NP1n1/1B2Q3/PpP2P2/1R2K2R b K - 0 19,g4e3 h6g5,2006,77,83,215,discoveredAttack discoveredCheck mate mateIn1 middlegame oneMove pillsburysMate,https://lichess.org/XIuZPTFK/black#38,
JFNbx,2k4r/1pn1Qpb1/q5pp/8/4N1P1/4BP2/PrP4P/2KR3R b - - 1 23,a6a2 e7d7 c8b8 d7d8 h8d8 d1d8,1937,81,92,1742,long mate mateIn3 middlegame pillsburysMate queensideAttack sacrifice,https://lichess.org/fdT59jGl/black#46,
JGb8E,2kr4/1b6/pp2p1n1/6P1/P1pP4/1B5K/4nPP1/R4R2 w - - 0 30,b3c4 d8h8 h3g4 h8h4,1904,82,60,72,mate mateIn2 middlegame pillsburysMate short,https://lichess.org/mHxMvzQV#59,
JGybg,7r/pp4pp/8/8/R2k2b1/1B6/Pp3KPP/2r1R3 b - - 6 23,d4c3 e1e3 c3d2 a4d4,1980,93,72,126,endgame mate mateIn2 pillsburysMate short,https://lichess.org/E9ZOmS3Y/black#46,
JH6nx,8/6Rp/2p2p2/4p2k/2b1P1P1/2r1BP2/P7/6K1 b - - 0 32,h5h4 e3f2 h4h3 g7h7,1917,76,95,15665,endgame mate mateIn2 pillsburysMate short,https://lichess.org/ShJUeO1t/black#64,
JIhLx,r1b2r1k/ppp3pp/3b1qN1/4nPRQ/2B1p3/2p5/PPPP1P1P/R1B1K3 b Q - 1 14,e5g6 h5h7 h8h7 g5h5,2006,75,94,11111,attraction kingsideAttack mate mateIn2 middlegame pillsburysMate sacrifice short,https://lichess.org/xl5xKTiu/black#28,Ruy_Lopez Ruy_Lopez_Schliemann_Defense
JLmWD,2kr2r1/ppp2p2/2n2p2/3q3p/2BP4/4Pb2/P4PPP/2RQ1RK1 w - - 0 15,c4d5 g8g2 g1h1 g2g1 h1g1 d8g8,2081,75,94,9252,attraction discoveredCheck doubleCheck kingsideAttack long mate mateIn3 middlegame pillsburysMate sacrifice,https://lichess.org/ZjOfM4G6#29,Trompowsky_Attack Trompowsky_Attack_Other_variations
JMb4f,r2q1r1k/pp2p3/3p3B/2pB3R/4P3/3P4/PP4PP/n5K1 b - - 0 19,f8f6 h6f8 f6h6 h5h6,1908,78,87,595,discoveredAttack discoveredCheck kingsideAttack mate mateIn2 middlegame pillsburysMate short,https://lichess.org/dM5FRiOq/black#38,Sicilian_Defense Sicilian_Defense_Closed
JOstg,r5rk/p2P3p/1pb2p2/2p5/1b4Q1/2N1P3/PP3PPP/R4RK1 w - - 1 21,g4f5 g8g2 g1h1 g2g1 h1g1 a8g8 f5g4 g8g4,2199,85,91,1523,attraction discoveredCheck doubleCheck kingsideAttack mate mateIn4 middlegame pillsburysMate sacrifice veryLong,https://lichess.org/3pNJyZEG#41,
JP8Gr,2r5/pp3pk1/2n3b1/4p3/1PBbPnP1/P2P4/2P2P1K/1R1Q1R2 w - - 2 22,f1h1 d4f2 d1f3 c8h8 f3h3 h8h3,2027,78,91,1962,exposedKing long mate mateIn3 middlegame pillsburysMate,https://lichess.org/AznczjPf#43,
JPEm6,2kr2r1/1bp1q1Qp/pp2p3/4P3/1P1N4/P1P5/5PPP/R4RK1 w - - 0 21,g7e7 g8g2 g1h1 g2g1 h1g1 d8g8 e7g5 g8g5,2155,97,80,73,attraction discoveredCheck doubleCheck kingsideAttack mate mateIn4 middlegame pillsburysMate sacrifice veryLong,https://lichess.org/JZcUhbhn#41,
JRI5t,r2q1rk1/pp3p1p/4pB2/1B1pPn2/4n3/P6P/4KP2/R5R1 b - - 2 20,f5g7 g1g7 g8h8 g7g8 h8g8 a1g1 e4g3 g1g3,2047,81,92,431,attraction discoveredCheck doubleCheck kingsideAttack mate mateIn4 middlegame pillsburysMate sacrifice veryLong,https://lichess.org/O2KBNaT8/black#40,
JVjhv,4k3/5p1r/1R1pp1pp/B7/8/4P1KP/4BnP1/7q b - - 3 29,h1g1 b6b8 e8d7 e2b5 d7e7 a5d8 e7f8 d8f6,2000,74,95,5313,discoveredAttack discoveredCheck endgame mate mateIn4 pillsburysMate veryLong,https://lichess.org/dOKGUMOm/black#58,
JYHf2,4B1k1/2q1r1p1/4Rp1p/4p3/1b1pP1Q1/6R1/3rN1PP/6K1 w - - 11 31,e6e7 d2d1 g1f2 b4e1 f2f3 d1d3,1941,78,87,99,long mate mateIn3 middlegame pillsburysMate,https://lichess.org/B2i7ACwl#61,
JYlDu,5k2/3R1pRp/8/2rbB3/5P2/6P1/5K2/1r6 b - - 2 34,b1b3 g7g8 f8g8 d7d8,2006,80,92,146256,attraction endgame mate mateIn2 pillsburysMate sacrifice short,https://lichess.org/6l5eBCAs/black#68,
JZShC,8/p1r5/4p3/4R3/p5p1/1b1BK2k/8/8 b - - 1 53,g4g3 e5h5 h3g2 d3e4 g2f1 h5h1,1922,75,96,2013,endgame long mate mateIn3 pillsburysMate,https://lichess.org/SjOqe4w9/black#106,
JZypB,8/p6k/1pn2Bp1/6R1/3P4/3BP3/r6r/6K1 b - - 4 40,h2d2 g5h5 h7g8 d3c4 g8f8 h5h8,2130,87,73,91,endgame fork long master masterVsMaster mate mateIn3 pillsburysMate pin,https://lichess.org/NjG6b5IT/black#80,
JcPOX,4r1k1/pb2Bp1p/p2p2p1/q7/2PQ4/P1n4P/2P2PP1/3RR1K1 b - - 0 20,c3d1 d4h8 g8h8 e7f6 h8g8 e1e8,1932,76,93,1144,attraction discoveredAttack kingsideAttack long mate mateIn3 middlegame pillsburysMate sacrifice,https://lichess.org/1QWvF6U0/black#40,
JcZsw,4r1k1/p6p/1p4p1/3Pr3/3Q4/1P2NqPb/P2R1P1P/4R1K1 w - - 1 32,d2c2 f3g2 e3g2 e5e1 g2e1 e8e1,2179,82,82,373,kingsideAttack long mate mateIn3 middlegame pillsburysMate sacrifice,https://lichess.org/AijTo9RE#63,
JeyIe,r5kb/1p2pp2/pqb3pB/6P1/2B5/5P2/PPQ5/1K5R b - - 3 25,e7e6 c2g6 f7g6 c4e6 g8h7 h6f8,1963,79,94,5956,deflection discoveredAttack discoveredCheck long mate mateIn3 middlegame pillsburysMate sacrifice,https://lichess.org/57HLj57L/black#50,
JfCkq,r3k2r/6p1/p1p5/1p1pP3/8/1BP3Pb/PP1N1q1P/R2QR2K w kq - 6 22,e1g1 f2h2 h1h2 h3f1 d1h5 h8h5,2145,77,94,3656,discoveredAttack discoveredCheck kingsideAttack long mate mateIn3 middlegame pillsburysMate sacrifice,https://lichess.org/6kZ28a7h#43,
Jg5AM,2kr3r/Bp2bpp1/3p4/3N4/4P1b1/P3Rn1p/1PP5/R4B1K b - - 3 25,e7g5 d5b6 c8c7 e3c3,2095,79,94,9792,mate mateIn2 middlegame pillsburysMate short,https://lichess.org/8NN58bTg/black#50,
Jgl2d,1k6/p1p5/1p2R3/5B1R/1PP5/P1n2K2/6rr/8 b - - 3 33,h2h5 e6e8 b8b7 f5c8 b7c6 e8e6,2164,75,94,8743,endgame long mate mateIn3 pillsburysMate,https://lichess.org/igEAy5Uy/black#66,
JiUAY,3r4/r2P3R/p2R3p/1b3ppk/4p3/B7/5K1P/8 b - - 4 38,a7d7 h7h6 h5g4 h2h3 g4f4 a3c1 e4e3 c1e3 f4e5 h6e6,2121,84,94,15125,blindSwineMate endgame mate mateIn5 pillsburysMate veryLong,https://lichess.org/xC6snLUG/black#76,
JkdmO,2qr2k1/1b4p1/4p1p1/1P2P2p/3p1Q1P/r2B4/2P2P2/2K1R1R1 w - - 0 27,g1g6 a3a1 c1d2 c8c3 d2e2 a1e1,2047,75,88,374,long master mate mateIn3 middlegame pillsburysMate queensideAttack,https://lichess.org/9qATOCmz#53,
JnUZD,2r3b1/4R3/5kPp/p2p1N2/Pp4P1/3p3P/5BK1/1r6 b - - 3 46,d3d2 f2h4 f6g6 e7g7,2199,82,88,1410,endgame hookMate mate mateIn2 pillsburysMate short,https://lichess.org/T2Fx6dQf/black#92,
JvjJ7,8/1NKPk3/7r/7P/3p1b2/1p6/1P3p2/5R2 w - - 6 45,c7c8 h6c6,2105,80,74,445,endgame mate mateIn1 oneMove pillsburysMate,https://lichess.org/yXEBkeR1#89,
Jvkvj,8/p5pk/4r2p/4Qb2/8/6Pq/PPP2P1P/R1B2RK1 w - - 1 27,e5f4 h3f1 g1f1 f5h3 f1g1 e6e1,2056,72,93,12718,attraction long mate mateIn3 middlegame pillsburysMate sacrifice,https://lichess.org/3jtsul7N#53,
Jx1XY,6rr/1Qpkn3/p2b4/8/8/1P1P1pp1/1P3P1P/R3R1K1 w - - 0 29,h2g3 g8g3 f2g3 d6c5 d3d4 c5d4 e1e3 d4e3 g1f1 h8h1,2088,78,88,367,mate mateIn5 middlegame pillsburysMate sacrifice veryLong,https://lichess.org/a2Glw2p1#57,
Jx7IN,1k6/7R/P1BK4/2r5/7p/8/5b2/8 b - - 55 75,c5c3 a6a7 f2a7 h7h8,2158,84,90,1666,advancedPawn endgame mate mateIn2 pillsburysMate short,https://lichess.org/IW9XkeMJ/black#150,
JxAIu,1k3r2/pp6/1Q6/n1b1P3/2P5/1P3b2/P2NBPrP/R4RK1 w - - 0 21,g1h1 g2g1 h1g1 f8g8 b6g6 g8g6,1945,77,85,165,attraction discoveredCheck doubleCheck long mate mateIn3 middlegame pillsburysMate sacrifice,https://lichess.org/sWOj5Qju#41,
Jz0ed,rnb2r1k/pp3Bpp/2p5/2q3BQ/4p3/2P3N1/P1P1KbPP/R6R b - - 5 16,f2g3 h5h7 h8h7 h2g3 c8h3 h1h3,2079,78,90,258,discoveredAttack discoveredCheck intermezzo kingsideAttack long mate mateIn3 middlegame pillsburysMate sacrifice,https://lichess.org/3PUPJaKo/black#32,Scandinavian_Defense Scandinavian_Defense_Modern_Variation
K0768,r2qk1r1/pp3p1p/2n4b/4pN2/3pP3/3P4/PP1NBPbP/2RQ1RK1 w q - 0 14,f5h6 g2f3 h6g4 g8g4,1954,78,85,159,discoveredAttack discoveredCheck kingsideAttack mate mateIn2 opening pillsburysMate short,https://lichess.org/In6JzOtM#27,Zukertort_Opening Zukertort_Opening_Old_Indian_Attack
K0aAd,4krR1/pp1P4/2p1pB1p/2P5/1P6/P3p2q/8/5RK1 b - - 0 33,e8d7 f1d1 d7e8 d1d8 e8f7 d8f8,1960,77,97,1558,blindSwineMate endgame long mate mateIn3 pillsburysMate pin,https://lichess.org/reh5CxH0/black#66,
K4WFY,r1b2rk1/p1p2pnp/1p2pBpQ/4P3/6q1/5N2/P4P1P/3R1K1R b - - 1 21,g7f5 h6f8 g8f8 d1d8,1953,77,43,128,attraction kingsideAttack mate mateIn2 middlegame pillsburysMate sacrifice short,https://lichess.org/0yy13Jgp/black#42,
K4l51,r1bn3r/ppppkpBp/1q3R2/4p3/2B1P2Q/3P3N/P1P3PP/2bK4 b - - 0 16,b6b1 f6e6,2015,76,94,10601,discoveredCheck doubleCheck epauletteMate mate mateIn1 middlegame oneMove operaMate pillsburysMate,https://lichess.org/S5Mg2w6E/black#32,Vienna_Game Vienna_Game_Stanley_Variation
K5LGK,r3rnk1/ppp1qpb1/3p1n2/3Pp1Q1/2P1P3/2N2PB1/PP3P2/2K3RR b - - 4 18,f6h7 g5g7 g8g7 g3e5,1901,74,95,14349,attraction discoveredCheck doubleCheck epauletteMate kingsideAttack mate mateIn2 middlegame pillsburysMate sacrifice short,https://lichess.org/cszK4Ez7/black#36,Kings_Indian_Defense Kings_Indian_Defense_Smyslov_Variation
K79uA,r5r1/1b1nk2p/p2ppp2/1p6/3q4/P1N2N2/1P2BPPP/2R2RK1 w - - 0 20,f3d4 g8g2 g1h1 g2g1 h1g1 a8g8 e2g4 g8g4,2196,76,93,1459,attraction discoveredCheck doubleCheck kingsideAttack mate mateIn4 middlegame pillsburysMate sacrifice veryLong,https://lichess.org/S5MJIWZ5#39,
K8Jyx,r6k/pR4p1/2n1B2p/2p3NQ/8/q2P4/P1P2rPK/8 b - - 1 20,a3c1 h5h6 g7h6 b7h7,1947,83,92,3239,mate mateIn2 middlegame pillsburysMate sacrifice short,https://lichess.org/q3xiwKFW/black#40,
K9JLj,2kr1b1r/Bpp2ppp/5nb1/4q3/NPB3P1/1Q3P2/P7/2R2K2 b - - 0 22,e5g3 a4b6 c7b6 c4e6,1937,79,94,16390,discoveredCheck doubleCheck mate mateIn2 middlegame pillsburysMate queensideAttack sacrifice short,https://lichess.org/hTnDNV96/black#44,
KAWqb,4rb2/1pp2q1k/3p1BpP/5pQ1/p7/P1P2P2/1PP2P2/2K3R1 b - - 0 27,f8h6 g5h6 h7h6 g1h1,1921,80,93,1514,attraction endgame mate mateIn2 pillsburysMate sacrifice short,https://lichess.org/F4NBpjcU/black#54,
KBURO,3r2k1/6pp/p5r1/2pb4/4q3/2Q2N2/PP3PPP/R4R1K w - - 6 26,f3e1 e4g2 e1g2 d5g2 h1g1 g2f3,2040,78,86,166,discoveredAttack discoveredCheck fork long mate mateIn3 middlegame pillsburysMate sacrifice,https://lichess.org/bdPISD64#51,
KDVZv,4r1k1/pp3p2/5p1p/3B4/7N/P1Pn1PPb/4q2P/RQ5K w - - 4 25,b1a2 e2e1 a1e1 e8e1,1907,76,94,3078,kingsideAttack mate mateIn2 middlegame pillsburysMate sacrifice short,https://lichess.org/36HQozVW#49,
KDZJZ,2kr3r/ppp1qRp1/8/4B3/1bBPn1P1/8/P5P1/2RQ2K1 b - - 0 18,e7h4 f7c7 c8b8 c7c8 b8c8 c4e6,2144,75,94,6965,attraction discoveredCheck doubleCheck long mate mateIn3 middlegame pillsburysMate queensideAttack sacrifice,https://lichess.org/hmXfvE59/black#36,Scandinavian_Defense Scandinavian_Defense_Other_variations
KKEIp,2kr3r/pb2b1p1/1p1p1n2/2P1p2q/3n4/P1PPBNP1/2N1QRBP/R5K1 w - - 3 18,f3d4 h5h2 g1f1 h2h1 g2h1 h8h1,2008,76,95,7536,kingsideAttack long mate mateIn3 middlegame pillsburysMate sacrifice,https://lichess.org/oBsCijrP#35,Sicilian_Defense Sicilian_Defense_Old_Sicilian
KMVC9,5r2/p4kpQ/2pR2Bp/2P1P3/2b5/4n1Pq/PB6/6K1 b - - 1 31,f7e7 h7g7 f8f7 g7f6 f7f6 e5f6 e7f8 d6d8,2169,76,96,1390,exposedKing mate mateIn4 middlegame pillsburysMate sacrifice veryLong,https://lichess.org/Sy1Ccn9x/black#62,
KOK40,7B/6R1/p4p1p/1b3k2/p2r4/P5P1/5P1P/6K1 w - - 2 34,g7f7 d4d1 g1g2 b5f1 g2f3 d1d3,1902,73,95,13672,endgame long mate mateIn3 pillsburysMate,https://lichess.org/7PFYmmaV#67,
KQY2h,r3r2k/p1p2p1p/b6B/5pQ1/1p6/1Pq5/P4P1P/1K1R2R1 b - - 7 29,e8g8 g5g8 a8g8 g1g8 h8g8 d1d8,1951,75,96,3792,attraction kingsideAttack long mate mateIn3 middlegame pillsburysMate sacrifice,https://lichess.org/r05h1zdJ/black#58,
KQdDg,3r4/pbpn2kp/1p1ppbr1/7p/3PP3/2PB4/PPQ2PPP/R1B2R1K w - - 0 18,e4e5 b7g2 h1g1 g2e4 c1g5 g6g5,2072,76,97,1359,discoveredAttack discoveredCheck fork long mate mateIn3 middlegame pillsburysMate,https://lichess.org/A8n03b7s#35,Pirc_Defense Pirc_Defense_Other_variations
KTr8t,2b2nkQ/r5r1/p3pBP1/1q1pPp2/7N/2p5/2K2P2/R6R b - - 6 30,g8h8 h4f5 f8h7 h1h7 h8g8 f5h6 g8f8 h7h8 g7g8 h8g8,2048,74,94,10759,discoveredAttack discoveredCheck exposedKing mate mateIn5 middlegame pillsburysMate pin veryLong,https://lichess.org/PQKk71kB/black#60,
KUofx,2r2rk1/p3bppp/3p4/4BP2/1P2nP2/8/q1PQB2P/1NKR2R1 b - - 0 20,e4d2 g1g7 g8h8 g7g8 h8g8 d1g1 e7g5 g1g5,2166,74,94,3571,attraction discoveredCheck doubleCheck kingsideAttack mate mateIn4 middlegame pillsburysMate sacrifice veryLong,https://lichess.org/xTHP8qzz/black#40,
KWoFI,1k4rr/ppp1np2/2b1p3/2p4p/3PN3/3B4/PP2QPPP/R4RK1 w - - 0 20,e4c5 g8g2 g1h1 g2g1 h1g1 h8g8 d3g6 g8g6 e2g4 g6g4,2055,81,92,4535,attraction discoveredCheck doubleCheck kingsideAttack mate mateIn5 middlegame pillsburysMate sacrifice veryLong,https://lichess.org/YtICcNG4#39,
KaV4X,2r5/p1p2R2/6p1/1P1B2k1/2np3P/2r3P1/6K1/8 b - - 0 38,g5g4 d5e6 g4h5 f7h7,2050,86,81,73,endgame fork mate mateIn2 pillsburysMate short,https://lichess.org/hXw4X6cy/black#76,
KgzKQ,5k2/6R1/3pN1pB/pb1P1p2/2p5/7P/1P3qPK/4r3 b - - 3 35,f8e8 g7g8 e8d7 g8d8 d7e7 h6g5 e7f7 d8f8,2082,87,92,3200,endgame exposedKing hookMate mate mateIn4 pillsburysMate veryLong,https://lichess.org/GfJNnXx7/black#70,
KkZoR,8/5Qp1/8/2bpP3/4kPb1/N5P1/PP1B2K1/3r4 w - - 3 32,a3c4 g4f3 g2h3 d1h1,2011,78,88,839,endgame mate mateIn2 pillsburysMate short,https://lichess.org/M7MplGbU#63,
Km533,4r2k/p5rp/1ppQ4/3p4/1q1Pb3/1P2P3/P3BPPP/2R2RK1 w - - 7 28,d6b4 g7g2 g1h1 g2g1 h1g1 e8g8 e2g4 g8g4,2189,76,94,2441,attraction discoveredCheck doubleCheck kingsideAttack mate mateIn4 middlegame pillsburysMate sacrifice veryLong,https://lichess.org/SwTJGf3B#55,
Ktdri,4k3/6Rp/5p2/2NBp3/3pP3/6PP/2p1bPK1/1r6 b - - 0 36,c2c1q d5c6 e8d8 c5e6 d8c8 g7g8,2080,76,95,2891,endgame exposedKing long mate mateIn3 pillsburysMate,https://lichess.org/ZnLxNg8E/black#72,
Kte1b,r1b3rk/pp5p/5P2/4p3/3qNQp1/3B4/P2PK3/1R5R b - - 0 33,e5f4 h1h7 h8h7 e4g5 h7h6 g5f7 h6h5 b1h1,2094,76,83,122,attraction discoveredCheck doubleCheck mate mateIn4 middlegame pillsburysMate sacrifice veryLong,https://lichess.org/d21rAApW/black#66,
KuZF2,2k3rr/ppp2p2/2np4/2b5/2P2P1p/P1N2Bnq/1P3PPP/R2Q1R1K w - - 4 20,f2g3 h3h2 h1h2 h4g3,1911,126,76,45,attraction discoveredCheck doubleCheck intermezzo kingsideAttack mate mateIn2 middlegame pillsburysMate sacrifice short,https://lichess.org/0m4h4nXc#39,
KudiT,r5r1/p4Qbk/2p1pRpp/3p4/2qB4/2P5/P5PP/6K1 b - - 4 25,a8f8 f7g6 h7h8 g6h6 g7h6 f6h6,2007,78,88,623,deflection discoveredCheck doubleCheck long mate mateIn3 middlegame pillsburysMate sacrifice,https://lichess.org/yCEFAmf0/black#50,
KxHk5,r2q1r2/pp2n2k/3pQ2b/2p1n1p1/2B1P2N/2PP3R/PP3P1P/R6K b - - 4 20,d8d7 e6h6 h7h6 h4f5 h6g6 h3h6,1901,76,94,14429,attraction discoveredCheck doubleCheck exposedKing hookMate long mate mateIn3 middlegame pillsburysMate sacrifice,https://lichess.org/YOBv6sb1/black#40,
KzmgQ,4r1k1/4qp1p/2pr1np1/1p2P3/1P4b1/P1NR2P1/1Q3PBP/6K1 w - - 0 27,e5d6 e7e1 g2f1 e1f1 g1f1 g4h3 f1g1 e8e1,2174,85,91,2041,attraction kingsideAttack mate mateIn4 middlegame pillsburysMate sacrifice veryLong,https://lichess.org/RhGTkcmv#53,
L13iD,r4rk1/5ppp/8/2R5/8/1p3P1P/qBP5/2K3R1 b - - 1 24,b3c2 g1g7 g8h8 g7g8 h8g8 c5g5,2055,80,91,1652,attraction discoveredCheck doubleCheck endgame long mate mateIn3 pillsburysMate sacrifice,https://lichess.org/sw4WLruZ/black#48,
L1bS0,3r1k1r/p1p2pp1/2Q5/2N4p/6b1/P7/1PPN1PPP/R1B1qnK1 w - - 1 17,d2f1 e1f1 g1f1 d8d1,1901,79,92,1797,attraction kingsideAttack mate mateIn2 middlegame pillsburysMate sacrifice short,https://lichess.org/k60FOSnZ#33,Englund_Gambit Englund_Gambit_Hartlaub-Charlick_Gambit
L39HB,5rk1/p2n1ppp/4p3/1p1q4/8/2B1P3/PP3P2/2KR2R1 b - - 0 22,d5a2 g1g7 g8h8 g7g8 h8g8 d1g1,2147,79,85,296,attraction discoveredCheck doubleCheck endgame long mate mateIn3 pillsburysMate sacrifice,https://lichess.org/u6w3WDij/black#44,
L6EjT,6k1/pp5p/1b4p1/3bPP2/6Q1/3r3P/PP1q2P1/4RR1K w - - 3 32,f5g6 d2g2 g4g2 d3h3,2113,144,25,35,mate mateIn2 middlegame pillsburysMate pin sacrifice short,https://lichess.org/mV0BXUfX#63,
L6P49,8/1R2pk2/P1Rp2p1/3P2Kp/8/6P1/6r1/6b1 w - - 2 40,a6a7 g1e3 g5h4 g2h2,2063,78,89,358,endgame mate mateIn2 pillsburysMate short,https://lichess.org/qU9XuQ4P#79,
L7XdZ,5bk1/1R3p1p/6p1/4B1P1/1p3PK1/1P1r4/P6P/8 w - - 0 34,h2h4 f7f5 g5f6 h7h5 g4g5 d3g3,2126,82,88,424,endgame long mate mateIn3 pillsburysMate,https://lichess.org/1RTVQM2S#67,
L8q4D,rk5r/3R2b1/p3Bp2/1pB1p3/5PP1/4Kb2/PPP4n/3R4 b - - 3 29,f3d1 c5d6 b8c8 d7a7 c8d8 a7a8,2023,77,90,138,discoveredAttack discoveredCheck exposedKing long mate mateIn3 middlegame pillsburysMate queensideAttack,https://lichess.org/R6xjnknP/black#58,
L9BYX,4r1k1/5p1p/pB1Q2p1/1qN2b2/8/1B6/Pb3PpP/R5K1 w - - 0 25,a1d1 b5f1 d1f1 g2f1q g1f1 f5h3 f1g1 e8e1,2061,76,95,2488,advancedPawn attraction mate mateIn4 middlegame pillsburysMate promotion sacrifice veryLong,https://lichess.org/MAs27pNq#49,
LBzHI,1k4r1/pp1R1p2/2p4b/5Q2/P3N1nq/8/1P2PPB1/R4K2 w - - 1 24,a1d1 h4h1 g2h1 g4h2 f1e1 g8g1,2177,75,95,1996,long mate mateIn3 middlegame pillsburysMate sacrifice,https://lichess.org/jqquWvVt#47,
LD220,3r3k/2R3pp/pP2Q1b1/6q1/P2P3r/5P2/1B3P2/2R2K2 w - - 1 32,d4d5 g6d3 f1e1 h4h1,2078,77,93,9772,mate mateIn2 middlegame pillsburysMate short,https://lichess.org/gqzwRhps#63,
LERYN,8/3R3p/8/2b1Np2/5P2/1rk2K2/6PP/8 w - - 0 42,d7c7 c3d2 e5d3 b3d3,1905,73,95,17326,discoveredAttack discoveredCheck endgame mate mateIn2 pillsburysMate short,https://lichess.org/weYsxIBn#83,
LGG9m,5Rkr/8/5npp/2Bp1N2/8/4P3/2P1K2b/8 b - - 2 35,g8h7 f8f7 h7g8 f7g7,1914,80,82,151,endgame fork mate mateIn2 pillsburysMate short,https://lichess.org/wW4Gdaxl/black#70,
LHh1D,r7/p1R1pr1p/1p2k1p1/2p1PpB1/1nP5/7P/1P1R2P1/7K b - - 5 30,b4a6 c7c6 e6e5 d2d5 e5e4 c6e6,2060,86,68,114,endgame long master mate mateIn3 pillsburysMate,https://lichess.org/pL38FhO3/black#60,
LUVXt,2B1r1k1/8/p6p/NpPp4/1P1b1Pp1/4r1P1/R4KP1/R7 w - - 0 35,a5c6 e3f3,2159,77,94,8870,discoveredCheck doubleCheck mate mateIn1 middlegame morphysMate oneMove pillsburysMate,https://lichess.org/AOjtg6Po#69,
LXMH1,6k1/7p/3p2pB/2pP1P2/2qb1P2/p4B2/4R1KP/8 b - - 0 35,g6f5 e2e8 g8f7 f3h5 f7f6 e8e6,1935,79,91,4456,endgame long mate mateIn3 pillsburysMate,https://lichess.org/fGL2NuiU/black#70,
LZW8z,r3qrk1/1p3ppp/8/R4b2/2P5/1N3P2/nP1Q2PP/1K3B1R w - - 2 20,b1a2 e8a4 a5a4 a8a4,1904,76,95,16295,mate mateIn2 middlegame pillsburysMate sacrifice short xRayAttack,https://lichess.org/lQH6o6WA#39,
Lamw5,1r4k1/5ppp/2Q1p3/1B5b/P2P4/q1P5/1r3PPP/R5K1 w - - 0 22,a1a3 b2b1 b5f1 b1f1 g1f1 b8b1,2050,75,95,4692,attraction endgame long mate mateIn3 pillsburysMate sacrifice,https://lichess.org/qlSA1pYR#43,
LeA60,2r4k/6p1/p3pr1p/3b4/3P1p2/1RR4P/P1B2PP1/6K1 b - - 0 33,d5b3 c3c8 f6f8 c8f8,1923,248,64,25,endgame hangingPiece mate mateIn2 pillsburysMate short,https://lichess.org/gxEGFJTY/black#66,
LfT3O,1r3rk1/p7/3Np1p1/3pn3/5BR1/2b5/P1P3RP/3K4 w - - 4 25,f4e5 b8b1 d1e2 b1e1 e2d3 f8f3,1901,81,92,126394,long mate mateIn3 middlegame pillsburysMate,https://lichess.org/rYNpzinM#49,
Li4jq,3rnr1k/1b2b1pp/p3B3/1p4P1/7Q/4BpR1/PPq2N1P/5R1K b - - 1 23,c2e2 h4h7 h8h7 g5g6 h7h8 g3h3 e7h4 h3h4,2043,75,79,211,attraction kingsideAttack mate mateIn4 middlegame pillsburysMate sacrifice veryLong,https://lichess.org/PvnWuA9M/black#46,
LiBiv,r1r4k/pp5p/2ppQ1pB/2q4n/5R2/2b5/P5PP/5R1K b - - 1 24,c3d4 e6c8 a8c8 f4f8 c8f8 f1f8,1976,73,96,15297,kingsideAttack long mate mateIn3 middlegame pillsburysMate sacrifice,https://lichess.org/YIOoLlsU/black#48,
LirRJ,2R2b2/N2nkpp1/p3p3/B2n3r/3Pp3/7b/P3NP2/3K4 b - - 3 22,h3g4 a5d8 e7d6 c8c6,2042,81,83,145,epauletteMate master mate mateIn2 middlegame pillsburysMate short,https://lichess.org/JLLh2qke/black#44,
Llg3O,3r1rk1/2p2ppp/p4q2/1p6/7P/P1B2B2/1PP2P2/2KR2R1 b - - 1 24,f6f3 g1g7 g8h8 g7g8 h8g8 d1g1 f3g2 g1g2,2090,78,91,561,attraction discoveredCheck doubleCheck endgame mate mateIn4 pillsburysMate sacrifice veryLong,https://lichess.org/7sTDYf4c/black#48,
LlsU2,2k3rr/pp2bp2/2b2p2/P6p/8/5N2/1PP2PPP/1R1Q1RK1 w - - 0 18,f3d4 g8g2 g1h1 g2g1 h1g1 h8g8 d1g4 g8g4,2083,75,92,2758,attraction discoveredCheck doubleCheck kingsideAttack mate mateIn4 middlegame pillsburysMate sacrifice veryLong,https://lichess.org/4qswsm7g#35,Scandinavian_Defense Scandinavian_Defense_Blackburne_Gambit
LnyWl,8/q5k1/p2R3p/P1PB4/6PN/2r5/7K/8 b - - 8 45,a7c5 h4f5 g7h8 d6h6,1902,85,86,188,deflection endgame mate mateIn2 pillsburysMate short,https://lichess.org/mXeQ7zKl/black#90,
LqT0M,rnQ3k1/p4pp1/2pb3p/3b4/3P2r1/3B1qP1/PB2RP1P/5RK1 b - - 2 20,d6f8 c8f8 g8f8 b2a3 c6c5 a3c5 f8g8 e2e8,1909,80,93,593,attraction kingsideAttack mate mateIn4 middlegame pillsburysMate sacrifice veryLong,https://lichess.org/TxGtrmeV/black#40,
Lrm2i,r1b2r1k/p4Bpp/1qp5/6BQ/4P3/2N3b1/PPP3K1/5R2 b - - 0 17,c8e6 h5h7 h8h7 f1h1 g3h2 h1h2 e6h3 h2h3,1903,76,92,665,attraction kingsideAttack master mate mateIn4 middlegame pillsburysMate sacrifice veryLong,https://lichess.org/aIcZVYN6/black#34,Sicilian_Defense Sicilian_Defense_Classical_Variation
LsNqz,r1b4r/1p3pk1/1n1N2p1/p1pPq3/P1P4b/3B4/1PQ2PPN/R1B2RK1 w - - 1 22,b2b3 e5h2 g1h2 h4f2 c1h6 h8h6,1901,76,86,97,deflection discoveredAttack discoveredCheck kingsideAttack long mate mateIn3 middlegame pillsburysMate sacrifice,https://lichess.org/kRQpSezy#43,
M36vK,5r1k/5p2/p6P/3pQB2/2pP4/2qb4/4RKPP/8 b - - 3 34,f7f6 e5f6 f8f6 e2e8 f6f8 e8f8,2011,80,92,7086,clearance endgame exposedKing long mate mateIn3 pillsburysMate sacrifice,https://lichess.org/32rmV4jV/black#68,
M3rNk,k2r2r1/pR2R1p1/1b3pp1/1N1p4/6b1/2P3B1/5PPP/6K1 b - - 4 32,d8e8 b7a7 b6a7 e7a7,1915,89,68,103,mate mateIn2 middlegame pillsburysMate queensideAttack short,https://lichess.org/yUxdkqjq/black#64,
M4qpP,2k4r/pp2p3/2p1R1p1/5n2/2Pb4/1P1P1Q1r/P5RP/7K w - - 2 26,f3e4 f5g3 g2g3 h3h2,2070,79,95,14298,deflection master mate mateIn2 middlegame pillsburysMate pin sacrifice short,https://lichess.org/Lf9RTu7O#51,
M4ugV,8/5pkp/1nRN2p1/8/3b4/5P1P/3BK1P1/1r6 b - - 13 37,b6d5 d6f5 g6f5 d2h6 g7h8 c6c8,2155,81,78,200,endgame long mate mateIn3 pillsburysMate sacrifice,https://lichess.org/dwtSnCvD/black#74,
M9SXU,3r1k2/4Rppp/1rP5/3p4/3bn3/p7/P1Q3PP/4R2K w - - 5 27,c6c7 e4g3 h2g3 b6h6,2124,76,94,1164,mate mateIn2 middlegame pillsburysMate sacrifice short,https://lichess.org/HYlQSxrv#53,
MC8rI,2r3k1/Qb3pp1/p3q2p/1pn1p3/8/P1P2PP1/1PB2K1P/3R4 b - - 6 26,c8a8 a7a8 b7a8 d1d8 e6e8 d8e8,1959,77,96,7291,fork long master mate mateIn3 middlegame pillsburysMate sacrifice,https://lichess.org/iXiY3ZLl/black#52,
MD3Ap,r5k1/1p3pp1/p1b1p2p/6q1/PP4r1/6R1/5QPP/1B3R1K b - - 14 34,g4g3 f2f7 g8h8 f7f8 a8f8 f1f8,1937,134,70,19,long mate mateIn3 middlegame pillsburysMate sacrifice,https://lichess.org/Cf1kzOH0/black#68,
MEai8,r3r1k1/p4ppp/5b2/1Pp5/2B3b1/PN2q3/R1QN2PP/2K4R w - - 6 27,c2d3 e3e1 h1e1 e8e1 c1c2 g4d1 c2b1 d1b3,2033,85,89,65,deflection discoveredAttack discoveredCheck exposedKing mate mateIn4 middlegame pillsburysMate queensideAttack sacrifice veryLong,https://lichess.org/n9NMFD1f#53,
MFjDw,6k1/R6p/4p3/4bp2/6p1/1R4PK/P2r3P/8 w - - 0 33,h3h4 e5f6 h4h5 d2h2,2036,104,65,79,endgame mate mateIn2 pillsburysMate short,https://lichess.org/YEYkTt5s#65,
MFqkI,r5r1/pb3p1p/1p3k2/8/1N6/2N1P3/PP3PPP/3RK2R w K - 1 20,e1g1 g8g2 g1h1 g2g1 h1g1 a8g8,1998,84,75,501,attraction discoveredCheck doubleCheck long mate mateIn3 middlegame pillsburysMate sacrifice,https://lichess.org/kEZau9KP#39,
MG72p,8/pR2k3/6p1/3R4/5B2/5P1K/r5rP/5n2 b - - 7 55,e7e6 d5d6 e6f5 b7f7,1925,77,88,904,endgame mate mateIn2 pillsburysMate short,https://lichess.org/ypnLy6p4/black#110,
MGyMk,r4n1k/pp1b2p1/4p3/3pP2Q/3P4/2qBB3/P7/5RK1 b - - 3 28,h8g8 h5f7 g8h8 f7f8 a8f8 f1f8,2069,76,94,1137,deflection long mate mateIn3 middlegame pillsburysMate,https://lichess.org/B94ok4wL/black#56,
MOiAi,r5rk/2R2n1p/p3pb2/2N2p2/3Pb3/4P3/PP2BPPP/5RK1 w - - 0 22,c7f7 g8g2 g1h1 g2g1 h1g1 a8g8 f7g7 g8g7 e2g4 g7g4,2136,83,89,375,attraction discoveredCheck doubleCheck kingsideAttack mate mateIn5 middlegame pillsburysMate sacrifice veryLong,https://lichess.org/Xhg5LfAk#43,
MS7U0,4k3/R5p1/8/P1KB4/3n4/8/8/1r6 b - - 0 47,d4b3 c5d6 b3a5 a7a8 b1b8 a8b8,2084,85,90,984,defensiveMove endgame exposedKing long mate mateIn3 pillsburysMate,https://lichess.org/gMDM7jkG/black#94,
MSOJk,1R6/2p2p2/4R1pk/8/2p5/r1Bn1P2/5P1P/5K2 b - - 0 36,f7e6 b8h8 h6g5 h2h4 g5f4 h8f8,2044,84,35,51,endgame long mate mateIn3 pillsburysMate,https://lichess.org/qWeLlhvt/black#72,
MUKMj,2kr2r1/Qp3p2/2bbpp1p/8/1P6/P1N5/2P2PPP/3R1RK1 w - - 1 17,d1d6 g8g2 g1h1 g2g1 h1g1 d8g8,2113,82,77,98,attraction discoveredCheck doubleCheck kingsideAttack long mate mateIn3 middlegame pillsburysMate sacrifice,https://lichess.org/rm79IvEN#33,French_Defense French_Defense_Knight_Variation
MWvIr,8/5k2/2pR2P1/1pPb1p2/1P1Bp3/2K1P3/5r2/3r4 b - - 0 47,f7e7 d4f6 e7f8 d6d8,2007,108,88,50,endgame mate mateIn2 pillsburysMate short,https://lichess.org/EEANVGE0/black#94,
MYCue,r5r1/1b5k/4N3/pP6/P2p4/4P3/5PPP/R4RK1 w - - 0 26,e6d4 g8g2 g1h1 g2g1 h1g1 a8g8,2063,84,91,362,attraction discoveredCheck doubleCheck endgame long mate mateIn3 pillsburysMate sacrifice,https://lichess.org/VK7DegDC#51,
MfTXj,r1bq1b1r/ppp2Q1p/5n2/PN1pn1p1/1k2Pp1P/3B4/2PP2P1/R1B1K2R b KQ - 0 14,e5f7 c1a3 b4a5 a3c5,1965,75,95,3792,collinearMove discoveredAttack discoveredCheck mate mateIn2 middlegame pillsburysMate short,https://lichess.org/zYYrvdKx/black#28,Kings_Gambit_Accepted Kings_Gambit_Accepted_Blachly_Gambit
MfYsD,r4k1r/pp1Qbp1p/1qn1P1p1/3R4/5B2/7P/PP3PP1/1K1R4 b - - 0 19,a8d8 f4h6 f8g8 d7e7 c6e7 d5d8 b6d8 d1d8,2023,76,96,1933,deflection discoveredAttack mate mateIn4 middlegame pillsburysMate veryLong,https://lichess.org/qOxiMrQu/black#38,
MhGIM,2r2nk1/2p3p1/bp2p2p/p3P1q1/2pP3N/1P6/P1B2QPP/5RK1 b - - 1 21,c4b3 f2f7 g8h8 f7f8 c8f8 f1f8,1918,74,96,16872,deflection kingsideAttack long mate mateIn3 middlegame pillsburysMate,https://lichess.org/tN1ZHdFl/black#42,
MivuV,r2r2k1/p4pp1/np2p2p/4P3/1P1N2q1/5b2/P1Q3PP/1BRR2K1 b - - 1 23,d8d4 c2c8 a8c8 c1c8 d4d8 d1d8,2002,78,94,13617,long mate mateIn3 middlegame pillsburysMate sacrifice,https://lichess.org/mRX4xorF/black#46,
Mkxm2,8/Q2Nkpp1/2b2n2/4p2p/3nP3/5PPB/1r3K1P/3R4 w - - 3 31,f2f1 c6b5 d1d3 b5d3 f1e1 d4f3 e1d1 b2b1,1954,76,82,215,exposedKing mate mateIn4 middlegame pillsburysMate veryLong,https://lichess.org/0m5qLhgH#61,
MmVni,r1b1k2r/1p2R1pp/p7/2n5/2B2B2/8/PPP2PPP/2KR4 b - - 0 17,e8e7 f4g5 e7f8 d1d8,2114,81,57,117,mate mateIn2 middlegame pillsburysMate short,https://lichess.org/gHy01GKx/black#34,Sicilian_Defense Sicilian_Defense_Closed
MmlKm,3R1RBk/1pq1r1p1/p5bp/4p3/4P3/2P5/P1P3PP/7K b - - 4 26,g6e4 g8f7 h8h7 f8h8,2085,79,93,11817,discoveredAttack discoveredCheck endgame mate mateIn2 pillsburysMate short,https://lichess.org/aut9ZJdL/black#52,
MsIWV,4r1k1/p4p1p/3P2p1/2pB2q1/2P5/P6b/2Q2P1P/3R3K w - - 4 34,d1g1 g5g1 h1g1 e8e1,1940,79,84,1001,attraction endgame mate mateIn2 pillsburysMate sacrifice short,https://lichess.org/VxSd55zA#67,
MsKl0,rn3rk1/p4p1p/3p2pQ/2pb4/1p4q1/1P1B2P1/P1P2P1P/R1B1R1K1 b - - 0 17,g4f3 h6f8 g8f8 c1h6 f8g8 e1e8,2132,78,80,302,attraction kingsideAttack long mate mateIn3 middlegame pillsburysMate sacrifice,https://lichess.org/fBAnBGD1/black#34,Philidor_Defense Philidor_Defense_Exchange_Variation
MuimB,1Q4k1/4Rp1p/3p2p1/2pq2B1/8/6PP/r4b2/5K2 b - - 1 26,g8g7 b8h8 g7h8 g5f6 h8g8 e7e8,1926,74,97,2605,attraction endgame long mate mateIn3 pillsburysMate sacrifice,https://lichess.org/GcqiKTCu/black#52,
MwC9r,r1bq1rk1/2pn1p2/3p4/3Np1p1/1p2P3/3P2K1/BPP2PP1/R1B4R b - - 1 21,f7f6 d5e7 g8g7 e7f5 g7g6 h1h6,2003,81,89,315,discoveredCheck doubleCheck exposedKing hookMate kingsideAttack long mate mateIn3 middlegame pillsburysMate,https://lichess.org/kJg6UiHg/black#42,
MwqhZ,2k5/R3B2p/1pB1b1p1/1P2N3/7P/6n1/2nr4/6K1 b - - 9 40,g3f5 c6b7 c8b8 e5c6 b8c7 b7a6,2105,78,91,380,discoveredAttack discoveredCheck exposedKing long mate mateIn3 middlegame pillsburysMate,https://lichess.org/bhZ9MmoV/black#80,
Mwtlo,3r1rk1/pq3ppp/1n2p3/8/Q2B4/2P5/P4P1P/2KR2R1 b - - 6 19,b6a4 g1g7 g8h8 g7g8 h8g8 d1g1 b7g2 g1g2,2137,76,93,11018,attraction discoveredCheck doubleCheck master mate mateIn4 middlegame pillsburysMate sacrifice veryLong,https://lichess.org/jqabkhMj/black#38,Sicilian_Defense Sicilian_Defense_French_Variation
MxRaE,rr6/2Q2ppk/4b3/6P1/7P/2p5/1PP5/1K1R3R w - - 0 27,b2b3 b8b3 c2b3 e6f5 d1d3 f5d3 b1c1 a8a1,2032,80,91,181,endgame mate mateIn4 pillsburysMate sacrifice veryLong,https://lichess.org/SWOJV9GA#53,
MxWph,7r/5ppp/p4bb1/8/8/B1k1NK2/P7/2R5 b - - 1 37,c3d4 a3b2 d4d3 c1d1,1923,74,96,1217,endgame mate mateIn2 pillsburysMate short,https://lichess.org/9HrzfOa7/black#74,
MyGET,N4r1k/pp4pp/8/b7/6b1/1B3nP1/P1P4P/R1BK3R w - - 7 23,c1b2 f3g1 d1c1 f8f1,1981,73,94,13352,discoveredAttack discoveredCheck mate mateIn2 middlegame pillsburysMate short,https://lichess.org/SoqU1yaV#45,
N0R83,r4rk1/5p1n/2q1p2P/p2pB1p1/2pP2Q1/2p1R3/1PB5/R3K3 b Q - 0 26,c3b2 g4g5 h7g5 h6h7 g5h7 e3g3 h7g5 g3g5,2174,77,93,11031,advancedPawn kingsideAttack mate mateIn4 middlegame pillsburysMate sacrifice veryLong,https://lichess.org/CW7p2i40/black#52,
N0enT,5rk1/R5p1/p2P2rp/4p3/PP6/4B2b/3R1P1P/4K3 w - - 7 36,d6d7 g6g1 e1e2 h3f1 e2d1 f1d3,1912,77,92,1425,discoveredAttack discoveredCheck endgame long mate mateIn3 pillsburysMate,https://lichess.org/YSQXnBoK#71,
N19wc,2r1kr2/5pR1/1p1B1Qp1/3p2P1/1q1P2B1/8/5PK1/q7 b - - 5 44,b4e1 f6f7 f8f7 g7g8 f7f8 g8f8,1957,75,94,2521,attackingF2F7 long mate mateIn3 middlegame operaMate pillsburysMate sacrifice,https://lichess.org/a1R9fo3A/black#88,
N2HGQ,8/1p3R2/p7/4b3/1PB4R/P3k3/2n3rP/1K6 w - - 6 37,f7e7 c2a3 b1c1 g2g1 c4f1 g1f1,1986,78,93,4336,endgame exposedKing long mate mateIn3 pillsburysMate,https://lichess.org/RK8rqgGk#73,
N4ZnH,r5rk/pp1b4/3qpp1B/3nR2Q/3P4/2P5/P4PPP/R5K1 b - - 4 20,d7e8 h6f8 e8h5 e5h5,1943,82,93,1472,discoveredAttack discoveredCheck kingsideAttack mate mateIn2 middlegame pillsburysMate sacrifice short,https://lichess.org/3WFyFiI9/black#40,
NFynQ,r4r1k/4qppn/2pp2P1/1pb1pP2/p3P3/P2P1PN1/BPP5/2KR3R b - - 0 21,f7g6 h1h7 h8h7 d1h1 e7h4 h1h4,1956,76,95,4138,attraction kingsideAttack long mate mateIn3 middlegame pillsburysMate sacrifice,https://lichess.org/JqRxJjG8/black#42,
NHOJO,5k2/p1p3R1/3bb1BB/8/3n4/3P4/2r3P1/1NK5 w - - 3 33,c1d1 e6g4 d1e1 d6g3 e1f1 c2f2 f1g1 d4e2 g1h1 f2f1,2077,74,95,8999,exposedKing mate mateIn5 middlegame pillsburysMate veryLong,https://lichess.org/Qqhu0ZW2#65,
NJO1u,r2q1r2/1p3pBk/4pb2/7P/p5Q1/Pn6/KPp2P2/6RR b - - 2 26,c2c1q g4e4 h7g8 g7f6 c1g1 h1g1,2055,83,90,293,discoveredAttack discoveredCheck exposedKing long mate mateIn3 middlegame pillsburysMate,https://lichess.org/1dlMXZtZ/black#52,
NKczt,3r3r/pp3p2/2n1b1kN/2p1pNpB/4n3/2P4R/PP3PPP/R5K1 b - - 1 23,g6f6 h6g4 f6f5 h3f3,1939,79,76,616,epauletteMate mate mateIn2 middlegame pillsburysMate sacrifice short,https://lichess.org/cuTYcowF/black#46,
NL3pk,r4r2/3q1kpR/p1p5/1p2p2B/2P1P3/P3P3/1P6/2K4R b - - 1 24,f7g8 h7h8 g8h8 h5f7 d7h3 h1h3,2074,83,92,131865,attraction discoveredAttack discoveredCheck endgame long mate mateIn3 pillsburysMate sacrifice,https://lichess.org/m3dDjYbO/black#48,
NP9ft,8/3k1p2/8/1N1p4/P1bP2R1/1n2P3/1R3r2/K7 w - - 13 50,a1b1 f2f1 b1c2 f1c1,2040,76,91,421,endgame mate mateIn2 pillsburysMate short,https://lichess.org/lm0CgFPc#99,
NSdbg,4k2r/p4ppp/2p3q1/2b1PP1n/8/P1N5/1P1rQ1PP/R4R1K w k - 0 20,f5g6 h5g3 h2g3 h7g6 e2h5 h8h5,1932,75,87,370,discoveredAttack discoveredCheck intermezzo kingsideAttack long mate mateIn3 middlegame pillsburysMate sacrifice,https://lichess.org/HMPKtK9c#39,
NTvsn,3r3k/pp2n1pp/3rBp2/3P1P1Q/3R4/8/P1q3PP/3R3K b - - 1 25,e7c6 h5h7 h8h7 d4h4,1975,112,35,33,attraction kingsideAttack mate mateIn2 middlegame pillsburysMate sacrifice short,https://lichess.org/yosaYQhQ/black#50,
NUAEe,3r1k1R/p7/4p2p/1p2Bp1B/5P2/3p1K2/P5P1/2r1b3 b - - 1 39,f8e7 h8h7 e7f8 e5f6 d3d2 h7h8,2150,99,61,29,endgame long mate mateIn3 pillsburysMate,https://lichess.org/Z2aS9GQD/black#78,
NVhIT,rk5r/2RR4/3BPb2/3p1P2/2p5/p3P3/4K3/8 b - - 2 48,a8a6 c7c6 b8a8 c6a6,2051,75,65,183,discoveredAttack discoveredCheck endgame mate mateIn2 pillsburysMate short,https://lichess.org/MC2fjtCy/black#96,
NWA3Z,3r2r1/p1p1kp1p/1bB2p2/4p3/1P1q4/P2P1b2/2PQNPPP/R4RK1 w - - 5 18,e2d4 g8g2 g1h1 g2g1 h1g1 d8g8 d2g5 g8g5,2183,82,91,144,attraction discoveredCheck doubleCheck kingsideAttack mate mateIn4 middlegame pillsburysMate sacrifice veryLong,https://lichess.org/wDrB28T3#35,Kings_Pawn_Game Kings_Pawn_Game_Leonardis_Variation
NWK9Z,3r4/7R/p1p2kp1/4nb2/1P2pN2/P3P3/5P2/2R1K3 w - - 0 35,c1c5 e5f3 e1e2 d8d2 e2f1 d2d1 f1g2 d1g1,1940,76,90,313,endgame hookMate mate mateIn4 pillsburysMate veryLong,https://lichess.org/beXNV45p#69,
NXI2q,r3r3/p1p2kpp/4bn2/8/5Q2/3q2P1/PP3P1P/RNB2RK1 w - - 0 15,b1c3 d3f1 g1f1 e6h3 f1g1 e8e1,1991,82,79,49,attraction kingsideAttack long master mate mateIn3 middlegame pillsburysMate sacrifice,https://lichess.org/him7ZDeD#29,Hungarian_Opening Hungarian_Opening_Other_variations
NYKl8,r1b4r/6pp/p2Bp3/1pP5/k3p3/2K5/5PPP/4R3 b - - 1 35,b5b4 c3c4 a4a3 d6e5 b4b3 e1a1,2055,82,84,43,defensiveMove endgame long mate mateIn3 pillsburysMate,https://lichess.org/TFdjiZhO/black#70,
Na0RS,7k/6bp/3R2p1/2B2q1n/1Q5P/1KP2N2/1P3PP1/3b3r w - - 9 37,b3a2 f5b1 a2b1 d1b3 f3e1 h1e1 d6d1 e1d1,1949,80,77,61,discoveredAttack discoveredCheck mate mateIn4 middlegame pillsburysMate sacrifice veryLong,https://lichess.org/Zpeztu65#73,
NaZEz,2kr2r1/pbp2p2/1p2pp1p/1B6/3q4/2PP4/PP2QPPP/3R1RK1 w - - 1 17,c3d4 g8g2 g1h1 g2g1 h1g1 d8g8 e2g4 g8g4,2109,77,91,1191,attraction discoveredCheck doubleCheck kingsideAttack mate mateIn4 middlegame pillsburysMate sacrifice veryLong,https://lichess.org/GLE5jrkq#33,Scandinavian_Defense Scandinavian_Defense_Mieses-Kotroc_Variation
NcWDU,2r4r/pp3k1p/2nRR2B/5p2/2p5/5N2/Pb3PPP/6K1 b - - 3 19,c4c3 f3g5 f7g8 e6g6 h7g6 d6g6,1921,75,93,515,exposedKing long mate mateIn3 middlegame pillsburysMate sacrifice,https://lichess.org/iPXQNHBX/black#38,
NcjMu,4r1k1/4rppp/b1q5/p2p1QPB/1p1Pn3/1Pp1N3/P1P2PP1/R3K2R b KQ - 2 23,c6b5 f5h7 g8h7 h5f7,2140,81,91,165,deflection discoveredAttack discoveredCheck kingsideAttack mate mateIn2 middlegame pillsburysMate sacrifice short,https://lichess.org/E2imZuca/black#46,
NfJkP,1k6/1b3Q2/3p4/7p/1P1Npb2/6rP/1R3RP1/2r4K w - - 4 39,h1h2 g3h3 h2h3 c1h1,2128,76,92,930,attraction discoveredCheck doubleCheck mate mateIn2 middlegame pillsburysMate sacrifice short,https://lichess.org/Wo9rQF6f#77,
NfPWQ,3r1Nk1/1p4b1/2p3Qp/p3p3/P7/1bP1P1P1/1P3qPR/2K4R w - - 0 23,f8e6 f2d2 c1b1 d2d1 h1d1 d8d1,2015,76,94,6541,long mate mateIn3 middlegame pillsburysMate queensideAttack sacrifice,https://lichess.org/0oJiWqLt#45,
NfkpZ,3r1r1k/1p4pp/2b1Bp2/p1q1N1Q1/4P3/4PR2/PPP3PP/5RK1 b - - 0 22,f6g5 e5g6 h7g6 f3h3,1950,90,37,57,master mate mateIn2 middlegame pillsburysMate sacrifice short,https://lichess.org/kgggvGRg/black#44,
NgMQf,8/p1p2p1k/2n4p/3b3P/6N1/P1bP1N2/2P1KP2/1r3BR1 w - - 4 30,g4e3 c6d4 f3d4 b1e1,2043,75,94,11343,master mate mateIn2 middlegame operaMate pillsburysMate sacrifice short,https://lichess.org/k7J8fOIb#59,
NjB8U,6k1/5p1p/p4Qp1/1p4P1/5PKP/P1r5/1b6/8 w - - 7 39,f6a6 h7h5 g5h6 f7f5 g4g5 c3g3,1956,78,93,5679,endgame long mate mateIn3 pillsburysMate,https://lichess.org/l1wImZVg#77,
NjGIk,3kr3/1R1b4/p2Q4/5pp1/PP6/4PP1p/2r2K1P/8 w - - 7 32,f2g3 f5f4 e3f4 c2g2,2067,76,85,190,endgame epauletteMate mate mateIn2 pillsburysMate short,https://lichess.org/0NpCyJ14#63,
Njt8G,4rr1k/p5p1/2p4p/6bQ/1qBB4/3PpN2/P1P1K3/7R b - - 5 31,f8f3 h5h6 g5h6 h1h6,2050,90,73,51,mate mateIn2 middlegame pillsburysMate pin sacrifice short,https://lichess.org/uDWXUUPB/black#62,
Nkov0,r6k/pp5p/4bbr1/3p1p2/3PpP2/1P2P1Nq/PB1Q2RK/2R5 w - - 0 25,h2h3 g6h6 g3h5 h6h5 h3g3 f6h4 g3h2 h4f2,2052,78,88,102,discoveredAttack discoveredCheck exposedKing mate mateIn4 middlegame pillsburysMate veryLong,https://lichess.org/Ch5SPMtH#49,
NlR23,r1kq1b1r/pp1n2p1/2P2n1p/3Q1B2/5B2/8/PP3PPP/R3R1K1 b - - 0 20,f6d5 c6d7 d8d7 e1e8,2091,75,84,382,advancedPawn mate mateIn2 middlegame pillsburysMate pin queensideAttack short,https://lichess.org/MmP3pUB4/black#40,
NoCBg,1q5r/3RN1pp/4Ppk1/8/6P1/2b2bB1/P4P1P/6K1 b - - 2 29,g6h6 e7f5 h6g5 d7g7,1939,80,75,127,deflection discoveredAttack mate mateIn2 middlegame pillsburysMate short,https://lichess.org/P3nt76Tb/black#58,
NpIfy,2k1rr2/ppp4Q/8/3p2N1/3q2b1/4P1b1/PP4B1/R1B1R1K1 w - - 1 25,e3d4 e8e1 g2f1 f8f1 g1g2 f1g1,1907,74,96,1395,exposedKing hangingPiece long mate mateIn3 middlegame pillsburysMate,https://lichess.org/8yws55Fp#49,
NpMtX,2r3k1/3n2p1/p3p1Qp/1p1pP3/8/2qB4/6PP/5RK1 b - - 0 29,d7f8 g6f7 g8h8 f7f8 c8f8 f1f8,1939,75,87,130,deflection endgame long mate mateIn3 pillsburysMate,https://lichess.org/hdJVhlOE/black#58,
NpjWQ,4r2q/pbp3p1/1p1b2k1/5p2/2QP2n1/2P2PPN/P1P4K/R1B2R2 w - - 3 20,f3g4 h8h3 h2h3 e8h8 c1h6 h8h6,1980,79,93,1265,attraction long mate mateIn3 middlegame pillsburysMate sacrifice,https://lichess.org/F5dQDltv#39,
O3sav,8/1RRn4/5kbP/pp6/5PK1/1P1r4/P6P/8 w - - 5 41,c7d7 g6f5 g4h5 d3h3,1952,83,92,5972,endgame fork mate mateIn2 pillsburysMate short,https://lichess.org/AOCBy4PX#81,
O4zB9,1r1qkr2/4pp1p/3p2b1/2pN4/p2nB3/1P1P4/PP3Q2/2K1R2R b - - 0 26,a4b3 d5f6 e7f6 e4c6,1987,78,85,288,clearance discoveredCheck doubleCheck epauletteMate mate mateIn2 middlegame pillsburysMate sacrifice short,https://lichess.org/Jcwum1BP/black#52,
O5Pn0,7r/p4pk1/Rb5r/6p1/4R1P1/1P1B1P2/2P3K1/8 w - - 6 36,e4e5 h6h2 g2f1 h2h1 f1e2 h8h2,1998,84,90,6082,endgame long mate mateIn3 pillsburysMate,https://lichess.org/ukK1wgeE#71,
O6PMK,4rrk1/ppp4p/5np1/6N1/2B2PP1/4q2Q/PPP5/3K3R b - - 2 22,g8g7 h3h6 g7h8 h6h7 f6h7 h1h7,2139,84,82,257,long mate mateIn3 middlegame pillsburysMate sacrifice,https://lichess.org/CiU5pf3M/black#44,
O6r9I,4k3/r2p1pr1/pp1Bp3/8/8/2PB3R/P1P1KP1P/q6b b - - 1 22,f7f6 h3h8 g7g8 d3g6 e8d8 h8g8,2196,77,93,2031,long mate mateIn3 middlegame pillsburysMate pin,https://lichess.org/KIc7UBzh/black#44,
O97OL,2rkr3/1R1b3P/6Q1/p2p4/3b1p2/8/P2N1K2/7R w - - 2 40,f2f1 c8c1 f1g2 e8e2 g2f3 e2f2,1916,74,68,184,exposedKing fork long mate mateIn3 middlegame operaMate pillsburysMate,https://lichess.org/Mzl5bT4l#79,
OCMia,r3R2k/p5bp/6p1/3B2B1/3q4/6P1/PPb4P/4R2K b - - 1 24,a8e8 e1e8 g7f8 e8f8 h8g7 f8g8,2000,76,93,3820,long mate mateIn3 middlegame operaMate pillsburysMate,https://lichess.org/Op2l8BcJ/black#48,
OGfe6,8/2R3p1/2k3P1/2pN2B1/4P3/pqP5/1Pn5/1K6 b - - 7 50,c6d6 g5f4 d6e6 c7e7,1970,82,70,201,endgame hookMate mate mateIn2 pillsburysMate short,https://lichess.org/SA8YpOMF/black#100,
OH1VA,rqb2k1r/1p3p2/3b3p/1Q1PN1p1/PPP2n2/8/1B3PPP/4R1K1 b - - 2 21,h8g8 e5g6 g8g6 e1e8,1901,81,84,321,clearance master mate mateIn2 middlegame pillsburysMate sacrifice short,https://lichess.org/L0t3Ihms/black#42,
OKsFg,rnb1qr2/pp2bkp1/2p1p1Q1/3pPpP1/3P1P2/2N3P1/PPP1B3/R1B1K2R b KQ - 0 13,f7g6 e2h5 g6h7 h5f7,2010,78,75,112,collinearMove discoveredAttack discoveredCheck mate mateIn2 middlegame pillsburysMate short,https://lichess.org/wOHP9SDK/black#26,French_Defense French_Defense_Paulsen_Variation
ORwmH,3R4/5pbk/6p1/1Q2P1Kp/P4B2/6P1/1P2q3/2r5 w - - 1 40,b5e2 f7f6 e5f6 g7h6 g5h4 c1h1 e2h2 h1h2,2098,73,95,7639,endgame mate mateIn4 pillsburysMate veryLong,https://lichess.org/3WNWu6bP#79,
OSSpi,6k1/5p1p/p1r3p1/2p1R2P/P1Pp1B2/3PnR1K/3r4/8 b - - 15 35,d2d3 e5e8 g8g7 h5h6 g7f6 f4e3,2107,74,94,12472,discoveredAttack discoveredCheck endgame long mate mateIn3 pillsburysMate,https://lichess.org/eIiVJDBc/black#70,
OSrEj,8/ppN1kppp/8/1Bn2b2/3r4/P5B1/1P3bPP/R1K4R w - - 4 23,b2b4 f2e3 c1b2 d4d2 b2c3 d2c2,2089,84,89,55,exposedKing long mate mateIn3 middlegame operaMate pillsburysMate queensideAttack,https://lichess.org/ugakIldy#45,
OWh5E,r1bq2rk/8/p1pb1p1B/1p1nR2Q/3P4/2P5/PP3PPP/RN4K1 b - - 4 18,c8g4 h6f8 g4h5 e5h5,2062,79,95,13396,discoveredAttack discoveredCheck kingsideAttack master mate mateIn2 middlegame pillsburysMate sacrifice short,https://lichess.org/6rg963zu/black#36,Ruy_Lopez Ruy_Lopez_Closed
Oc66M,2k5/npp3pp/4p1q1/4r3/Q7/4Br2/PPP3PP/3R2K1 b - - 1 26,a7c6 a4a8 c6b8 a8b8 c8b8 d1d8,2103,82,91,2691,attraction long mate mateIn3 middlegame pillsburysMate queensideAttack sacrifice,https://lichess.org/Hp88XSUD/black#52,
Oe1Xb,k7/1pp1P1Q1/p7/2b1p3/2P1b3/1B5P/Pr6/6K1 w - - 0 35,g1f1 e4d3 f1e1 c5b4 e1d1 b2b1,2081,80,90,924,endgame exposedKing long mate mateIn3 pillsburysMate,https://lichess.org/aq7kYnjJ#69,
Oe3Hi,4rk2/pR3p1p/4b1p1/3N4/8/P5P1/5P1P/5K2 w - - 1 31,d5c7 e6h3 f1g1 e8e1,1925,85,90,1178,endgame mate mateIn2 pillsburysMate short,https://lichess.org/U7Rd1lRH#61,
OhmLh,r3r1k1/pB3ppp/2N2n2/2p5/2q3b1/2P2nP1/P1Q1PP1P/1RB2RK1 w - - 3 18,e2f3 c4f1 g1f1 g4h3 f1g1 e8e1,2004,76,86,114,attraction kingsideAttack long mate mateIn3 middlegame pillsburysMate sacrifice,https://lichess.org/HLUo43yZ#35,English_Opening English_Opening_Kings_English_Variation
OjPWL,5rr1/ppk5/2bnp3/2Q5/2pP4/P1P5/1PB2PPP/R4RK1 w - - 11 28,c2a4 g8g2 g1h1 g2g1 h1g1 f8g8 c5g5 g8g5,2052,84,92,584,attraction discoveredCheck doubleCheck kingsideAttack mate mateIn4 middlegame pillsburysMate sacrifice veryLong,https://lichess.org/gbN9lkdS#55,
OmGCF,3R4/2r2pkp/1R3np1/3B4/1p2p3/5PPb/4P2P/6K1 w - - 0 29,f3e4 c7c1 g1f2 f6g4 f2f3 c1f1,1977,78,92,913,endgame long master mate mateIn3 pillsburysMate,https://lichess.org/olYbqKoK#57,
OnlFQ,r1b1R3/p1q3k1/2p4p/2bB2p1/1P2Q1P1/2P4P/5pK1/4R3 b - - 1 35,f2e1q e8g8 g7f6 g8g6,2066,75,93,1171,killBoxMate mate mateIn2 middlegame pillsburysMate short,https://lichess.org/ELtqrMkj/black#70,
OnlZc,3rkr2/pR4Q1/4p1p1/2q5/4b3/2P3P1/PP3PP1/2K4R w - - 1 24,h1h7 c5e3 f2e3 f8f1,1977,126,16,40,mate mateIn2 middlegame pillsburysMate sacrifice short,https://lichess.org/6jRkCpq8#47,
OrFMd,5rk1/4r1b1/3p4/3P4/2Q1B3/2PK4/PP3q2/1R4R1 w - - 3 31,b1f1 f8f3 e4f3 e7e3,2066,80,68,106,mate mateIn2 middlegame pillsburysMate sacrifice short,https://lichess.org/i6gF1sID#61,
Ov2fd,r5r1/1b1pkp1p/p3pp2/2p5/2B1P3/P1N5/2P2PPP/R2Q1RK1 w - - 0 15,e4e5 g8g2 g1h1 g2g1 h1g1 a8g8 d1g4 g8g4,2151,77,94,1909,attraction discoveredCheck doubleCheck kingsideAttack mate mateIn4 middlegame pillsburysMate sacrifice veryLong,https://lichess.org/3fzE5jea#29,Sicilian_Defense Sicilian_Defense_Bowdler_Attack
OyGwx,2k2b1r/Qpp2pp1/5n2/1q2r2p/4p3/4B3/PP3PPP/3RR1K1 b - - 0 20,b5a6 a7b8 c8b8 d1d8,2155,77,95,1307,attraction mate mateIn2 middlegame pillsburysMate queensideAttack sacrifice short,https://lichess.org/ZzDHbDvM/black#40,
P0r9v,r4k1r/4R1p1/3BPp1p/1B1p4/3b2P1/5P1P/P1pp4/5R1K b - - 0 28,d2d1q e7e8,1921,91,71,90,discoveredCheck doubleCheck mate mateIn1 middlegame oneMove operaMate pillsburysMate,https://lichess.org/uk8hWYtE/black#56,
P4KJ1,2k1r3/p4ppp/2p5/2b5/2q3b1/4rP2/PPN1QKPP/R3R3 w - - 0 19,e2c4 e3f3,2103,75,94,11537,discoveredCheck doubleCheck master mate mateIn1 middlegame morphysMate oneMove operaMate pillsburysMate,https://lichess.org/hw2Zerv6#37,Sicilian_Defense Sicilian_Defense_Kramnik_Variation
P7d2t,rnbq1rk1/5ppp/p3pb2/1p1pB3/2pP2Q1/P1N1P2B/1PP1KP1P/R5R1 b - - 3 14,b8d7 g4g7 f6g7 g1g7 g8h8 g7g8 h8g8 a1g1 d8g5 g1g5,2154,80,94,5279,attraction discoveredCheck doubleCheck kingsideAttack mate mateIn5 middlegame pillsburysMate sacrifice veryLong,https://lichess.org/7q3nxBvQ/black#28,Queens_Pawn_Game Queens_Pawn_Game_Chigorin_Variation
P7jlq,r2br1k1/pp3ppp/2n5/8/2BP2b1/B1P5/P1P1N2R/2K2R2 b - - 7 20,g4e2 c4f7 g8h8 h2h7 h8h7 f1h1 d8h4 h1h4 e2h5 h4h5,2004,76,94,3381,attraction fork mate mateIn5 middlegame pillsburysMate sacrifice veryLong,https://lichess.org/iMyvN2YK/black#40,
P9iFl,5r2/p1P3pk/2Q4p/7n/6K1/6bP/PP4P1/RN2r3 w - - 4 28,g4h5 e1e5 h5g4 e5g5,2055,76,94,1614,endgame mate mateIn2 pillsburysMate short,https://lichess.org/88lPpAWc#55,
P9qdH,6rk/pp4rp/8/4pB2/PQ2Pb1q/2PR3P/6P1/5R1K w - - 5 35,f1g1 g7g2 g1g2 h4e1 g2g1 g8g1,2003,76,96,1130,long mate mateIn3 middlegame pillsburysMate sacrifice,https://lichess.org/p8VdFLZo#69,
PAc9w,r1r5/4kppp/4p3/1Q1p1b2/3P1b2/5N2/PPP2PPP/1K1R3R w - - 10 19,f3e5 f5c2 b1a1 a8a2 a1a2 c8a8 b5a4 a8a4,1932,77,95,2405,attraction fork mate mateIn4 middlegame pillsburysMate sacrifice veryLong,https://lichess.org/FMRdcvkA#37,
PAgi4,r7/2p1ppk1/6pb/3pPb1p/1r1P4/5NP1/PP1NBPP1/K2R3R w - - 2 22,d2b3 a8a2 a1a2 b4a4,2012,78,95,15365,attraction mate mateIn2 middlegame pillsburysMate sacrifice short,https://lichess.org/MTzUQBm5#43,
PBgiW,6k1/5pp1/8/3pR2p/3N1Pb1/b1BR2P1/2PK3P/1r6 w - - 2 29,e5d5 a3c1 d2e1 c1e3 d3d1 b1d1,1946,76,95,14372,discoveredAttack discoveredCheck long mate mateIn3 middlegame operaMate pillsburysMate,https://lichess.org/01OPkEew#57,
PC7SU,r5rk/1pp2p1p/p2b1p2/3b1N2/8/1P2P3/P2N1PPP/2R2RK1 w - - 8 22,f5d6 g8g2 g1h1 g2g1 h1g1 a8g8,2090,81,89,1336,attraction discoveredCheck doubleCheck kingsideAttack long mate mateIn3 middlegame pillsburysMate sacrifice,https://lichess.org/a2m1Rdie#43,
PCbDm,2kr3r/pbpp1ppp/8/q2Pp3/2B1N3/5N2/5PPP/1RR3K1 b - - 0 18,b7d5 e4d6 c7d6 c4a6,2118,77,77,166,discoveredCheck doubleCheck mate mateIn2 middlegame morphysMate pillsburysMate queensideAttack sacrifice short,https://lichess.org/OtHB2uJ1/black#36,Nimzowitsch_Defense Nimzowitsch_Defense_Kennedy_Variation
PEZ7k,3rk2r/1p3ppp/p3pn2/1bb5/4P3/1Q3PBN/PPPqN1PP/4RK1R w k - 9 18,g3f4 d2e2 e1e2 d8d1,2020,75,97,2955,clearance mate mateIn2 middlegame pillsburysMate pin sacrifice short,https://lichess.org/fUgHDfnA#35,Caro-Kann_Defense Caro-Kann_Defense_Other_variations
PEum5,r7/7k/p1n2rn1/1qp1p1BR/4P3/1BPP4/P1K5/6R1 b - - 10 40,h7g7 g5h6 g7h8 h6f8,1985,83,83,212,discoveredAttack discoveredCheck mate mateIn2 middlegame pillsburysMate short,https://lichess.org/5dUs5iOG/black#80,
PHYAR,2kr3r/ppp1b3/2n2p2/3q3p/2RN2p1/5PB1/PPQ3PP/5RK1 b - - 1 18,c6d4 c4c7 c8b8 c7c8,1938,77,84,92,discoveredCheck doubleCheck fork mate mateIn2 middlegame pillsburysMate short,https://lichess.org/XoV3eeQx/black#36,Scandinavian_Defense Scandinavian_Defense_Modern_Variation
PL07h,2r1r3/5N2/p3p2p/np1p2k1/3P2P1/1PP1b3/P1B3K1/5R2 b - - 0 28,g5g4 c2d1 g4h4 f1h1,1985,75,95,3371,mate mateIn2 middlegame pillsburysMate short,https://lichess.org/WS343miW/black#56,
POVfO,r2q1rk1/5ppp/8/p1b5/1ppB1P2/3Q1P2/PPP4P/2KR2R1 b - - 0 21,c4d3 g1g7 g8h8 g7g8 h8g8 d1g1 d8g5 g1g5,2003,83,81,78,attraction discoveredCheck doubleCheck kingsideAttack mate mateIn4 middlegame pillsburysMate sacrifice veryLong,https://lichess.org/XrBVm29V/black#42,
PPDWB,1r1q3k/pbp3rp/2Qp1p2/8/2B5/8/PPPN1PPP/4RRK1 w - - 3 18,c6a4 g7g2 g1h1 g2g1 h1g1 d8g8 c4g8 b8g8 a4g4 g8g4,2165,83,92,10719,attraction discoveredCheck doubleCheck kingsideAttack mate mateIn5 middlegame pillsburysMate sacrifice veryLong,https://lichess.org/dNYR6vMz#35,Scotch_Game Scotch_Game_Classical_Variation
PRgKd,3rkr2/ppp2pQp/2b1Bb2/7q/8/2P2P2/P3R1PP/R6K b - - 0 25,f6g7 e6f5 c6e4 e2e4 g7e5 e4e5,2094,84,81,145,discoveredAttack discoveredCheck epauletteMate long mate mateIn3 middlegame pillsburysMate,https://lichess.org/Ayn6mZxl/black#50,
PTPt2,3rr1k1/1Q3ppp/3B2n1/3P1N2/p7/2P5/q5PP/5RK1 b - - 0 24,a2c4 b7f7 g8f7 f5h6,2194,84,83,64,attraction discoveredCheck doubleCheck mate mateIn2 middlegame pillsburysMate sacrifice short,https://lichess.org/ACP8xLO4/black#48,
PTVgJ,4Q1rk/1pq5/p1p2P1p/3b4/1b1P2N1/P6P/4NK2/5R2 w - - 0 38,e8e3 c7h2 g4h2 g8g2,2106,84,37,91,mate mateIn2 middlegame operaMate pillsburysMate sacrifice short,https://lichess.org/pI0rzP6I#75,
PVT9Y,r7/p2r1k2/1pp1b2p/2K5/5N2/2N2P2/PP4PP/R3R3 w - - 0 26,c5c6 a8c8 c6b5 c8c5 b5b4 d7d4 b4a3 c5a5 c3a4 d4a4,2042,77,98,1116,fork mate mateIn5 middlegame pillsburysMate veryLong,https://lichess.org/mCPBogEW#51,
PXTYs,2r3k1/pp4pp/1b1BR3/8/1P6/P6P/3r2P1/4R2K b - - 2 28,c8c2 e6e8 g8f7 e8f8 f7g6 e1e6 g6h5 f8f5 g7g5 g2g4 h5h4 e6h6,1949,76,95,14490,endgame mate mateIn5 pillsburysMate veryLong,https://lichess.org/p2cZf2oG/black#56,
PZmuf,2k4r/2R5/1BBp4/4b3/4P3/2P3p1/1nr5/5K2 b - - 1 37,c8d8 c7a7 d8c8 a7a8,1916,82,75,92,discoveredAttack discoveredCheck mate mateIn2 middlegame pillsburysMate short,https://lichess.org/lkOnBmM3/black#74,
Pd6tU,4rrk1/ppp3pp/3b1q2/8/4Q3/7P/PPP2PP1/R1B2RK1 w - - 1 21,e4b7 f6f2 f1f2 e8e1 f2f1 e1f1,1937,77,89,86,kingsideAttack long mate mateIn3 middlegame pillsburysMate sacrifice,https://lichess.org/Xp3s2hiy#41,
Pd82U,r5r1/1p6/p3p3/P3k3/1Qp1b3/4B3/5PPP/R4RK1 w - - 1 31,b4c4 g8g2 g1h1 g2g1 h1g1 a8g8 e3g5 g8g5,2015,90,92,158057,attraction discoveredCheck doubleCheck mate mateIn4 middlegame pillsburysMate sacrifice veryLong,https://lichess.org/Tr0fb7MD#61,
Pi6nS,2r1k2r/1pq1n1Q1/p2pB3/8/4P2p/2n5/P1P4P/K4R2 b k - 1 25,h8g8 g7f7 e8d8 f7f8 g8f8 f1f8,1914,77,87,70,exposedKing long mate mateIn3 middlegame pillsburysMate sacrifice,https://lichess.org/wgB6xJVv/black#50,
PjbDh,r2kr3/2p1bQpp/p2pB3/1p4B1/3q4/8/PPP3PP/5R1K b - - 1 19,d4e5 f7e7 e8e7 f1f8,1950,78,90,1076,clearance mate mateIn2 middlegame pillsburysMate pin sacrifice short,https://lichess.org/8kJZyblf/black#38,Bird_Opening Bird_Opening_Froms_Gambit
PmcwV,8/R7/6k1/1p6/2b3P1/P2p1N1P/1P1Kr3/8 w - - 5 54,d2d1 c4b3 d1c1 d3d2 f3d2 e2e1,2011,77,96,1834,advancedPawn endgame exposedKing long mate mateIn3 pillsburysMate,https://lichess.org/iNO7HjtZ#107,
Ppvfd,4r1k1/R6p/2p5/6p1/2P1r3/1P2NqPb/P2Q1P1P/4R1K1 w - - 1 32,d2b2 f3g2 e3g2 e4e1 g2e1 e8e1,2145,76,96,2867,long mate mateIn3 middlegame pillsburysMate sacrifice,https://lichess.org/WBg81cu8#63,
Pr4N2,N7/p2kbrp1/8/1ppP4/4P2P/2P1n1K1/PP6/R6R w - - 3 31,h1e1 e7d6 e4e5 d6e5 g3h3 f7f3,2092,78,85,267,endgame long mate mateIn3 pillsburysMate,https://lichess.org/ycCkdkoT#61,
PrOVt,8/6B1/6p1/pp3k2/1b3R2/5KP1/r6P/8 b - - 1 55,f5g5 g7f6 g5h6 f4h4,1982,81,91,1313,endgame mate mateIn2 pillsburysMate short,https://lichess.org/SMxKcVWZ/black#110,
PrsIB,2r2rk1/4bppp/8/pp6/3BP2P/1P1Pn3/P1Q5/1K4RR b - - 0 23,e3c2 g1g7 g8h8 g7g8 h8g8 h1g1 e7g5 g1g5,2120,80,87,144,attraction discoveredCheck doubleCheck mate mateIn4 middlegame pillsburysMate sacrifice veryLong,https://lichess.org/czfvYcCN/black#46,
PwH6Z,b1r3k1/p5pp/4p1q1/2Nn4/3P1r2/PQ6/1P2BPPP/2RR2K1 w - - 5 26,e2d3 g6g2 g1g2 d5e3 g2h3 a8g2 h3g3 f4g4,1952,75,89,808,attraction discoveredCheck doubleCheck kingsideAttack mate mateIn4 middlegame pillsburysMate sacrifice veryLong,https://lichess.org/ZKjFaNjW#51,
PzJlT,5r2/p1k5/1pPb4/6B1/8/2PR4/P4KPr/5R2 w - - 1 31,f2g1 h2h1 g1h1 f8f1,1906,79,78,92,attraction deflection endgame mate mateIn2 pillsburysMate short,https://lichess.org/gYFoORox#61,
PzNlm,r3r1k1/pp3pp1/2p4p/3n4/4q3/P5B1/1P3QRP/5R1K b - - 3 29,d5e3 f2f7 g8h8 f7g7 h8g7 g3e5 g7h7 f1f7,2023,76,89,1318,attraction discoveredCheck doubleCheck mate mateIn4 middlegame pillsburysMate sacrifice veryLong,https://lichess.org/d5muJu9Q/black#58,
Q0LNp,6k1/1b2q1pp/p3p1r1/1p4Q1/1Pr5/P7/5PPP/RB3RK1 w - - 1 23,g5e7 g6g2 g1h1 g2g1 h1g1 c4g4,2018,80,82,652,attraction discoveredCheck doubleCheck long mate mateIn3 middlegame pillsburysMate sacrifice,https://lichess.org/yVVwhRnh#45,
Q1W0u,3R4/p5p1/q3B2p/1n1Q4/5Pk1/8/Pr3r1P/6KR b - - 3 34,g4h4 d5g5 h6g5 d8h8,1997,80,73,194,mate mateIn2 middlegame pillsburysMate sacrifice short,https://lichess.org/HQKoUjRo/black#68,
Q29Xc,b2rnrk1/2q1bp1p/p6Q/1p1p1pP1/3B1P2/P1N2R2/1PP4P/3R2K1 b - - 1 23,e7c5 h6h7 g8h7 f3h3 h7g6 h3h6,1988,76,93,6121,attraction kingsideAttack long mate mateIn3 middlegame pillsburysMate sacrifice,https://lichess.org/Utwhm2Fj/black#46,
Q724K,4rr1k/p5pp/3b4/8/6Q1/7P/PPq2PP1/R1B2RK1 w - - 0 19,b2b3 c2f2 f1f2 e8e1 f2f1 e1f1,2091,77,93,6226,long mate mateIn3 middlegame pillsburysMate sacrifice,https://lichess.org/LYfTDP2S#37,Caro-Kann_Defense Caro-Kann_Defense_Tartakower_Variation
Q9Gwc,6r1/2p5/R2b4/pr1p1p1p/P2Pk3/1P2B1P1/4K2P/5R2 b - - 0 29,b5b3 f1f4 d6f4 a6e6 f4e5 e6e5,2009,80,84,106,endgame long mate mateIn3 pillsburysMate sacrifice,https://lichess.org/xOSZ8Wlq/black#58,
Q9Rq8,8/P2k3p/4p3/1N6/PPB1P3/5bbP/3P2r1/7K w - - 0 34,a7a8q g2h2 h1g1 h2h1,2004,79,56,149,discoveredCheck doubleCheck endgame mate mateIn2 operaMate pillsburysMate short,https://lichess.org/dSlJDRFM#67,
QAzT9,1r2qrk1/ppp1bpBp/4b3/8/8/2N3R1/PPP2PPP/3R2K1 b - - 0 20,e7d6 g7e5 e6g4 g3g4,2078,83,90,1658,discoveredAttack discoveredCheck kingsideAttack mate mateIn2 middlegame pillsburysMate short,https://lichess.org/hG3iPLQ3/black#40,
QCOAZ,3Nk3/3np1bQ/8/pp1p4/5rP1/2r5/P4P2/2KR3R w - - 0 24,c1b2 f4b4 b2a1 c3c1,1951,77,82,248,discoveredCheck doubleCheck mate mateIn2 middlegame pillsburysMate short,https://lichess.org/KJUnvdhj#47,
QE6cl,5R2/P7/3B4/1kPb2pp/3p4/R3b2P/2r5/5K2 w - - 9 53,a7a8q d5c4 a3d3 c4d3 f1e1 c2c1,1911,75,88,1131,exposedKing long mate mateIn3 middlegame pillsburysMate,https://lichess.org/rzilmdbB#105,
QH22w,2k5/R7/3p4/Np1Bp3/4P3/1KP3b1/PP6/2q2r2 b - - 4 34,f1f2 d5e6 c8d8 a5c6 d8e8 a7a8,1934,76,85,215,endgame exposedKing long mate mateIn3 pillsburysMate,https://lichess.org/1rWgFAzB/black#68,
QHIge,2rq1rk1/3nbp1p/p3p1p1/1p4Pn/5P1Q/1P1BN2R/PB5P/R6K b - - 3 22,d7c5 h4h5 g6h5 d3h7 g8h7 h3h5 h7g6 h5h6,2071,78,78,86,attraction kingsideAttack mate mateIn4 middlegame pillsburysMate sacrifice veryLong,https://lichess.org/BRXRnQ2c/black#44,
QHXn8,4r2k/5Q2/3b2pp/5b2/5B2/2P3P1/P4P1P/4qBK1 w - - 1 28,f4d6 e1f1 g1f1 f5h3 f1g1 e8e1,1994,75,95,4449,attraction endgame long mate mateIn3 pillsburysMate sacrifice,https://lichess.org/bs2nZ8m2#55,
QHljr,1kr3r1/pp5p/2b1p3/4Pp2/1B1p4/P4N2/1P3PPP/2R2RK1 w - - 0 24,f3d4 g8g2 g1h1 g2g1 h1g1 c8g8,2004,75,93,2656,attraction discoveredCheck doubleCheck kingsideAttack long mate mateIn3 middlegame pillsburysMate sacrifice,https://lichess.org/oYf2VAMn#47,
QIwwy,6k1/R7/1p4p1/p2B3p/P2b1Br1/4pK2/3r4/8 b - - 3 53,g8f8 f4d6 f8e8 d5c6 e8d8 a7a8,1972,77,95,4375,endgame exposedKing long mate mateIn3 pillsburysMate,https://lichess.org/9w4y4qeQ/black#106,
QJlfa,7k/pp4p1/3Q3p/1P2pr2/PR1b3q/3P4/5rPP/4BRK1 w - - 0 26,e1f2 d4f2 g1h1 h4h2 h1h2 f5h5 b4h4 h5h4,2147,77,88,105,attraction mate mateIn4 middlegame pillsburysMate sacrifice veryLong,https://lichess.org/UZusDXzK#51,
QOlxQ,1r5r/p1k5/Bpp2p2/2b1p1p1/6q1/3Q3P/PBP4K/1R3R2 b - - 1 28,e5e4 b2e5 f6e5 f1f7 c5e7 f7e7 g4d7 e7d7,1949,76,89,1548,master mate mateIn4 middlegame pillsburysMate sacrifice veryLong,https://lichess.org/DjKAct3X/black#56,
QOuJf,4rrk1/2P3Bp/2p1q3/p7/3Q1Pb1/1P4P1/P2R1PBP/6K1 w - - 1 27,g7f8 e6e1 g2f1 e1f1 g1f1 g4h3 f1g1 e8e1,2018,79,81,103,attraction mate mateIn4 middlegame pillsburysMate sacrifice veryLong,https://lichess.org/RNcNOOHm#53,
QPb8W,r4br1/ppN3pp/3pk3/8/4P3/3P3P/PPn3P1/2B2RK1 b - - 0 17,e6e5 f1f5 e5d4 f5d5,1909,78,78,140,mate mateIn2 middlegame pillsburysMate short,https://lichess.org/FgY923tx/black#34,Kings_Gambit_Declined Kings_Gambit_Declined_Queens_Knight_Defense
QQWSq,r1bk1r2/pp5Q/3p2p1/3B4/3b1q2/2N5/PPP2PPP/R4RK1 w - - 1 21,h7g6 d4f2 g1h1 f4h2 h1h2 f8h8 g6h7 h8h7,2017,79,96,17015,attraction kingsideAttack mate mateIn4 middlegame pillsburysMate sacrifice veryLong,https://lichess.org/8cIHiYfZ#41,
QRV9c,2r3r1/p2k3p/1p1n4/nN3p2/4b3/B3P3/P3BPPP/2R2RK1 w - - 8 25,b5d6 g8g2 g1h1 g2g1 h1g1 c8g8 e2g4 g8g4,2198,83,91,1253,attraction discoveredCheck doubleCheck kingsideAttack master mate mateIn4 middlegame pillsburysMate sacrifice veryLong,https://lichess.org/CLFCzvHJ#49,
QSKTf,2r1r2k/p5p1/1p1p1p2/4nRp1/8/1BP3Q1/2P2KPP/q7 b - - 2 29,a1c3 g3h4 g5h4 f5h5,2031,85,72,116,mate mateIn2 middlegame pillsburysMate sacrifice short,https://lichess.org/rblJ5CxG/black#58,
QSnUI,r2qkb1R/1bpp2B1/p7/1p4P1/4P1B1/4nP2/PPP1N3/2KR4 b q - 0 22,d8g5 h8f8 e8e7 d1d7,2017,76,95,2835,mate mateIn2 middlegame operaMate pillsburysMate short,https://lichess.org/eWT7Yn4k/black#44,
QUH47,1k6/4N3/pR6/4pB1p/5b2/r7/1p4K1/8 b - - 1 44,b8c7 e7d5 c7d8 b6b8,1900,78,83,406,endgame mate mateIn2 pillsburysMate short,https://lichess.org/YMbm3qmb/black#88,
QUM83,8/RP6/6p1/5p1k/4bRpP/6K1/5P2/6r1 w - - 3 40,g3h2 g1h1 h2g3 h1h3,2155,78,93,7967,endgame mate mateIn2 pillsburysMate short,https://lichess.org/7pWkjSyu#79,
QUVzo,r2q1r1k/ppp4p/3p2b1/3Bn1N1/7Q/2N5/PPP2PP1/2K4R b - - 1 17,c7c6 h4h7 g6h7 h1h7,1910,82,74,162,kingsideAttack mate mateIn2 middlegame pillsburysMate sacrifice short,https://lichess.org/8TOSZLJG/black#34,Dutch_Defense Dutch_Defense_Hopton_Attack
QXNFh,6rk/p1p2prp/2p5/3p4/5bb1/3BR1P1/PPPN1P1P/R5K1 w - - 5 21,g3f4 g4f3 d3g6 g7g6 g1f1 g6g1,1961,75,97,1989,discoveredAttack discoveredCheck kingsideAttack long mate mateIn3 middlegame pillsburysMate,https://lichess.org/ptXhRfDs#41,
QXYy1,r3rk2/pp2n1pp/1b1B4/3B1bN1/2K5/2P5/PP1N4/R7 b - - 12 21,h7h6 g5h7 f5h7 a1f1 b6f2 f1f2 h7f5 f2f5,2126,75,91,662,mate mateIn4 middlegame pillsburysMate pin sacrifice veryLong,https://lichess.org/JVFtJgvl/black#42,
Qihcc,r1bq1rk1/p4pp1/1p2p1n1/3p2pB/2pP1P2/2P5/PPQN1PP1/R3K2R b KQ - 1 16,g6f4 c2h7 g8h7 h5f7 f4h5 h1h5,1962,76,89,341,deflection discoveredAttack discoveredCheck kingsideAttack long mate mateIn3 middlegame pillsburysMate sacrifice,https://lichess.org/a9UYGnvM/black#32,Queens_Pawn_Game Queens_Pawn_Game_Other_variations
QjtHS,5r1r/4b1p1/3pP3/p1pP2pp/1pPk2n1/1P4B1/1PB1K3/5R1R b - - 8 34,g4e3 f1d1 e3d1 h1d1,1944,76,85,600,mate mateIn2 middlegame pillsburysMate sacrifice short,https://lichess.org/Tq4Epdpj/black#68,
QpsNd,5rk1/r3qppp/3bpB2/3p4/Qp1P1P2/n1PN3P/5P2/2KR2R1 b - - 0 26,a7a4 g1g7 g8h8 g7g8 h8g8 d1g1,2082,76,93,7139,attraction discoveredCheck doubleCheck kingsideAttack long mate mateIn3 middlegame pillsburysMate sacrifice,https://lichess.org/reXWRyU7/black#52,
QrdJq,r5k1/6p1/4b3/1pB1p2Q/8/2Pqp3/1P4PP/5RK1 w - - 0 28,h5e5 d3f1 g1f1 e6c4 f1e1 a8a1,2104,81,82,137,attraction endgame long mate mateIn3 pillsburysMate sacrifice,https://lichess.org/DYG9Kr0n#55,
QsB6B,rr5k/5Rpp/4P3/p1nR2B1/8/K1b4P/B7/8 w - - 0 30,d5c5 c3b2 a3a4 b8b4,2141,79,66,103,mate mateIn2 middlegame pillsburysMate short,https://lichess.org/0CqX2JN6#59,
QtT0T,5rk1/pp2R1p1/1bpr1nQn/2qp4/8/2N3PP/PPB1RP2/6K1 b - - 8 27,f8f7 g6f7 h6f7 e7e8 f6e8 e2e8,2123,156,26,9,kingsideAttack long mate mateIn3 middlegame pillsburysMate sacrifice,https://lichess.org/p6aNYwVT/black#54,
QtztI,7Q/3r1pkp/5bp1/1p1q4/8/2B2P2/1P2R1PP/7K b - - 4 36,g7h8 c3f6 h8g8 e2e8,1957,210,41,10,endgame hangingPiece mate mateIn2 pillsburysMate short,https://lichess.org/dX6ICoKN/black#72,
Qv9bY,r4rk1/p1p2ppn/1p2pq2/3P4/2P5/2B2QR1/PP3P2/2K3R1 b - - 0 25,f6f3 g3g7 g8h8 g7g8,1940,78,93,2473,discoveredCheck doubleCheck kingsideAttack master mate mateIn2 middlegame morphysMate pillsburysMate short,https://lichess.org/jNjtJ2Su/black#50,
QveaB,rnbkr3/ppp3qp/8/7Q/2BbN3/8/PPP3PP/4R2K b - - 1 18,b8c6 h5e8 d8e8 e4f6 e8f8 e1e8,2075,76,97,1535,attraction discoveredCheck doubleCheck long mate mateIn3 middlegame pillsburysMate sacrifice,https://lichess.org/2QkeuaU7/black#36,Kings_Gambit_Accepted Kings_Gambit_Accepted_Kings_Knights_Gambit
Qxbfm,3r1r2/pkp3pp/2pbQ3/8/5q2/2P1RN1P/PP3PP1/4R1K1 w - - 4 23,f3d4 f4f2 g1h1 f2f1 e1f1 f8f1,1928,79,80,53,kingsideAttack long mate mateIn3 middlegame pillsburysMate sacrifice,https://lichess.org/lyGjanNY#45,
R0NWf,1r4k1/4Bp1p/6p1/p7/r4PP1/1P5P/3R3K/8 b - - 0 31,b8b3 d2d8 g8g7 e7f8 g7f6 d8d6,2028,78,88,58,endgame long mate mateIn3 pillsburysMate,https://lichess.org/p2reL6A4/black#62,
R6fI7,2r4r/p2b2pp/4pkn1/1p1p2N1/3P1P2/1NqB2P1/1b2Q2P/1K2R2R b - - 3 23,c3b3 e2e6 d7e6 e1e6,1971,79,91,1819,hookMate master mate mateIn2 middlegame pillsburysMate sacrifice short,https://lichess.org/6W5z1Dpu/black#46,
R91lm,r2k1b2/pbpp1p2/4p1r1/2p1P3/2Bn1Q2/2NP4/PPP2PPP/R4RK1 w - - 2 17,g1h1 b7g2 h1g1 d4f3 f4f3 g2f3,2070,75,93,9788,discoveredAttack discoveredCheck fork long mate mateIn3 middlegame pillsburysMate,https://lichess.org/Kt97tKY4#33,Carr_Defense Carr_Defense_Other_variations
R9pZz,r1bq1rk1/ppp2p1p/2n3pQ/8/3p4/2nB4/P1P2PPP/R1B1R1K1 b - - 1 14,d8d5 h6f8 g8f8 c1h6 f8g8 e1e8,2108,77,93,13032,attraction kingsideAttack long mate mateIn3 opening pillsburysMate sacrifice,https://lichess.org/CegrV8Sw/black#28,Russian_Game Russian_Game_Italian_Variation
RAfvr,3r3r/p1pqn1Np/1b1p4/6k1/7P/P7/1B3PP1/R3R1K1 b - - 0 22,g5h4 b2f6 h4g4 e1e4,1980,80,91,1699,mate mateIn2 middlegame pillsburysMate short,https://lichess.org/AFmH1Yyq/black#44,
RDlzW,6k1/1p2b2p/1Qp2pp1/4p3/2b1P3/2N2BP1/3r1n1K/1R6 w - - 2 37,b6b7 f2g4 h2g1 e7c5 g1h1 d2h2,1916,80,95,14334,discoveredCheck doubleCheck long mate mateIn3 middlegame pillsburysMate,https://lichess.org/SFFfAgVQ#73,
RFEla,4r1k1/6b1/p2p2Q1/2p2p1N/3q1P1P/P6r/1P3RP1/1R4K1 w - - 0 31,g6f5 d4f2 g1f2 g7d4 f2f1 h3h1,2123,76,93,7637,attraction long mate mateIn3 middlegame pillsburysMate sacrifice,https://lichess.org/VFOvrKEd#61,
RG6Kr,2q3k1/1br3b1/p1r1n1p1/1p1BPpP1/1P1P1P1Q/P6R/3nNK2/7R b - - 2 34,c6c2 h4h8 g8f7 h8g7 f7g7 h3h7 g7f8 h7h8 f8e7 h1h7 e6g7 h7g7,2077,74,93,12268,attraction exposedKing kingsideAttack mate mateIn5 middlegame pillsburysMate pin sacrifice veryLong,https://lichess.org/UndE69zW/black#68,
RGRgv,r3r1k1/1b4pQ/p4p1p/2p2B2/N7/1P4q1/P1P3Pb/3RR2K b - - 3 27,g8f8 h7h8 f8f7 d1d7 e8e7 e1e7,1958,76,88,124,fork long mate mateIn3 middlegame pillsburysMate,https://lichess.org/FMBB2pwQ/black#54,
RHfpO,r6k/6pp/8/4N3/n1B2R2/6P1/1P3PKP/3r4 b - - 5 28,a4b2 e5g6 h7g6 f4h4,2087,84,90,774,endgame master mate mateIn2 pillsburysMate sacrifice short,https://lichess.org/MmkrticH/black#56,
RHmpW,r5k1/1p2Qpb1/6pp/3P1b2/8/B3PN2/4qPPP/5RK1 w - - 0 19,a3d6 e2f1 g1f1 f5d3 f1e1 g7c3 e1d1 a8a1,2065,75,95,12859,attraction mate mateIn4 middlegame pillsburysMate sacrifice veryLong,https://lichess.org/xTxNQboK#37,Grunfeld_Defense Grunfeld_Defense_Three_Knights_Variation
RJroc,7Q/p2n1ppp/5k2/5b2/3P4/2b1P3/2r2PPP/R1K2B1R w - - 4 25,c1b1 c2e2 e3e4 f5e4 b1c1 e2e1,2156,86,91,824,discoveredAttack discoveredCheck exposedKing long mate mateIn3 middlegame pillsburysMate queensideAttack,https://lichess.org/NWpomdRm#49,
RLOhz,r1b1r1k1/pp3ppp/8/1NQ5/8/2P3Pq/1P1P1P1P/R1B2RK1 w - - 1 16,b5d6 h3f1 g1f1 c8h3 f1g1 e8e1,1986,77,95,15056,attraction kingsideAttack long mate mateIn3 middlegame pillsburysMate sacrifice,https://lichess.org/7Dy23PXT#31,Four_Knights_Game Four_Knights_Game_Spanish_Variation
RPnfY,6k1/p3R3/7p/6pP/8/3b1P2/PPrrN1PK/4R3 w - - 1 40,e2g3 d2g2 h2h3 g2h2 h3g4 h2h4,1974,76,96,5918,endgame epauletteMate long mate mateIn3 pillsburysMate,https://lichess.org/6gSjuMsw#79,
RS1j0,8/1pQ4p/4p1k1/1R4p1/1bP1b3/3n1rP1/4K2P/8 w - - 6 33,b5b7 d3c1 e2d1 f3f1,2160,78,92,997,endgame mate mateIn2 pillsburysMate short,https://lichess.org/xFjtCone#65,
RUH0x,7R/pp3p2/4r1k1/2P1Bbp1/4rP2/P5n1/1P5R/2K5 b - - 1 37,f5g4 h8g8 g6f5 g8g5,2034,77,95,1781,mate mateIn2 middlegame pillsburysMate short,https://lichess.org/HVnFWE6l/black#74,
RUTNk,5r1k/7p/bp1r1qp1/pNpBb3/P3p3/4P2P/Q2R1PP1/3R2K1 w - - 2 30,d5e4 f6f2 d2f2 d6d1 f2f1 d1f1,1953,75,90,138,deflection kingsideAttack long mate mateIn3 middlegame pillsburysMate sacrifice,https://lichess.org/aQ2C6ub1#59,
RWAD5,r2r2k1/2q3bp/p5pB/1p6/4P3/P4N1P/bPPQ1PP1/2KR3R w - - 2 20,d2f4 c7c2 c1c2 a8c8 f4c7 c8c7,1974,81,93,148340,attraction long mate mateIn3 middlegame pillsburysMate queensideAttack sacrifice,https://lichess.org/BnmCLd0u#39,
RWN7y,r2q1kR1/4prb1/3p2Q1/3P4/3B4/1P3P2/Pp4P1/1K5R b - - 0 25,f8g8 g6h7 g8f8 h7h8 g7h8 h1h8,1955,75,91,526,exposedKing long mate mateIn3 middlegame pillsburysMate sacrifice,https://lichess.org/CbaSfuYc/black#50,
RWTOu,4r3/p7/1p6/3Bqp2/8/2P1PR2/P3k2R/2K5 b - - 13 37,e2d3 e3e4,2067,89,92,3775,discoveredAttack discoveredCheck endgame master masterVsMaster mate mateIn1 oneMove pillsburysMate,https://lichess.org/DPHLFOge/black#74,
RZG01,4r1k1/1R3p1p/6p1/q7/6b1/P2P2P1/5PBP/Q5K1 w - - 1 26,a1f6 a5e1 g2f1 e1f1 g1f1 g4h3 f1g1 e8e1,2059,76,91,603,attraction endgame mate mateIn4 pillsburysMate sacrifice veryLong,https://lichess.org/MVZsvMKV#51,
RZZyA,6k1/5pp1/p4qn1/1p4B1/6P1/4QP2/PP4KR/3r4 b - - 4 34,f6d4 e3e8 g6f8 e8f8 g8f8 h2h8,2044,76,84,119,attraction endgame long mate mateIn3 pillsburysMate sacrifice,https://lichess.org/vyF2m1dL/black#68,
RaAUD,5rk1/1p3q1p/p2R2p1/8/2P1P1b1/2N1b1P1/PPQ3BP/7K w - - 3 30,c3d5 f7f1 g2f1 f8f1 h1g2 f1g1,1925,74,94,10010,kingsideAttack long mate mateIn3 middlegame operaMate pillsburysMate sacrifice,https://lichess.org/U0Vz70xt#59,
RdJDZ,r5r1/ppp2k1p/2b1N3/4np2/1P1q3p/P2B4/3R1PPP/3Q1RK1 w - - 1 24,e6d4 g8g2 g1h1 g2g1 h1g1 a8g8 d1g4 g8g4,2106,86,91,1542,attraction discoveredCheck doubleCheck kingsideAttack mate mateIn4 middlegame pillsburysMate sacrifice veryLong,https://lichess.org/JiTaFSJY#47,
ReCGU,r3n1kb/1bq1r3/2p3B1/p1PpP3/1p1B2P1/1P3P2/P6Q/2KR3R b - - 0 26,h8e5 h2h8 e5h8 h1h8,1955,82,81,130,kingsideAttack mate mateIn2 middlegame operaMate pillsburysMate sacrifice short,https://lichess.org/hK3KwVkm/black#52,
RecXD,7k/p2r1rb1/4pBQ1/3p2P1/2p5/2P1p1q1/PP2K3/7R b - - 1 32,h8g8 g6h7 g8f8 h7h8 g7h8 h1h8,1968,81,88,53,exposedKing long mate mateIn3 middlegame pillsburysMate sacrifice,https://lichess.org/PiaAf38N/black#64,
RkM1J,2kr2r1/1b1p1p1p/pq1QpP1p/2p5/2B5/1PP5/P4PPP/R4RK1 w - - 0 18,d6b6 g8g2 g1h1 g2g1 h1g1 d8g8,2122,81,87,628,attraction discoveredCheck doubleCheck kingsideAttack long mate mateIn3 middlegame pillsburysMate sacrifice,https://lichess.org/OxGHvRKU#35,Sicilian_Defense Sicilian_Defense_Taimanov_Variation
RmnAZ,1r2k3/1p1n1p2/p1p1p2b/2NpP3/1P1P1rp1/3PKN2/1P3PP1/R1R5 w - - 0 21,c1h1 f4e4,1918,80,91,3816,discoveredCheck doubleCheck epauletteMate master masterVsMaster mate mateIn1 middlegame oneMove pillsburysMate,https://lichess.org/c2Mfbm4W#41,
RoyDH,8/1p3N2/2p1Q3/2p1p3/2P1Pb1k/P4b2/1P5r/4K3 w - - 4 51,f7e5 f4g3 e1f1 h2h1,2065,82,92,7530,endgame mate mateIn2 pillsburysMate short,https://lichess.org/mvOwaq2d#101,
Rrgge,8/1p1r1pk1/2p4p/3n1P2/1P4RB/1r5P/6P1/4R1K1 b - - 2 38,g7f8 e1e8 f8e8 g4g8,2054,75,96,2758,attraction endgame mate mateIn2 pillsburysMate sacrifice short,https://lichess.org/HWzSBH1F/black#76,
RroN7,1rq4k/R4Nb1/6pp/1p1B4/2p1P1N1/3p3P/1P3PP1/6K1 b - - 1 36,h8h7 g4f6 g7f6 f7g5 h7h8 a7h7,2108,77,92,1278,discoveredCheck doubleCheck long master mate mateIn3 middlegame pillsburysMate sacrifice,https://lichess.org/GK7OZIKu/black#72,
RtIGw,r3k2r/ppb2pB1/2n1p3/2P5/2P1N3/4P3/P2R2K1/5R2 b kq - 0 21,h8g8 e4f6 e8e7 d2d7,1936,90,82,73,fork mate mateIn2 middlegame pillsburysMate short,https://lichess.org/Pbo0WrN6/black#42,
RwfBr,5r1k/r5pp/p3b3/1p1R1p1B/1Q2p2P/8/PPP2q2/1K1R4 b - - 3 26,e6d5 b4f8 d5g8 f8g8 h8g8 d1d8,2085,82,91,197,attraction hangingPiece long mate mateIn3 middlegame pillsburysMate,https://lichess.org/F5Rm3djx/black#52,
RyLQS,r4b1r/p2nqBp1/5k1p/1Pp5/8/R4QB1/5PPP/1N1b2K1 b - - 1 20,d1f3 a3f3 f6g5 h2h4 g5g4 f3f4,1933,80,93,2819,exposedKing long mate mateIn3 middlegame operaMate pillsburysMate,https://lichess.org/d71cCEpu/black#40,
S03VR,4R3/pp6/kb6/3RBpp1/1P1Pr1r1/5KP1/P7/8 b - - 0 35,b6d4 d5a5 a6b6 e8e6,2102,78,94,12206,endgame mate mateIn2 pillsburysMate short,https://lichess.org/UR3WRTC8/black#70,
S1wF3,5rk1/p4ppp/1rB1pn2/2b3B1/K7/2Pb1N2/PP4PP/R2N3R w - - 5 20,f3e5 b6a6 a4b3 f8b8 c6b5 b8b5,2085,78,77,120,long mate mateIn3 middlegame pillsburysMate,https://lichess.org/0qjeICZl#39,
S49vF,2kr2r1/ppp1np2/3p4/3b4/4Q3/3BP3/P1PN1PPP/5RK1 w - - 6 20,e4e7 g8g2 g1h1 g2g1 h1g1 d8g8 d3g6 g8g6 e7g5 g6g5,1910,79,89,213,attraction discoveredCheck doubleCheck kingsideAttack mate mateIn5 middlegame pillsburysMate sacrifice veryLong,https://lichess.org/CW6i6dnH#39,
S8Wmx,7k/1b4pp/pbn4q/3Bpr1r/4Np2/2PP1N2/PPQ1R1PP/5R1K w - - 12 25,d5c6 h5h2 f3h2 h6h2 h1h2 f5h5,1906,74,95,16559,attraction kingsideAttack long mate mateIn3 middlegame pillsburysMate sacrifice,https://lichess.org/T9c4vaJ2#49,
SAqJ0,1R6/5k2/1bR1r1p1/5pB1/4n3/1r3N1P/3P2P1/5K2 w - - 5 36,c6e6 e4g3 f1e1 b3b1,2018,75,93,2095,mate mateIn2 middlegame pillsburysMate short,https://lichess.org/ktgjvqpi#71,
SC3Z0,2k4N/ppp3pp/8/3P4/5rb1/1B1P2n1/PPP2bPP/RN3K1R w - - 4 20,h2g3 f2g3 f1g1 g4e2 b1d2 g3f2 g1h2 f4h4,1975,84,69,42,discoveredAttack discoveredCheck mate mateIn4 middlegame pillsburysMate veryLong,https://lichess.org/mbafNTTA#39,
SGF2k,2Q5/4ppkp/6p1/8/4b3/2b1P3/1r2KPPP/5BNR w - - 3 27,e2d1 b2b1 d1e2 b1e1,1936,77,94,12531,mate mateIn2 middlegame operaMate pillsburysMate short,https://lichess.org/yHPnK64u#53,
SIBjB,4r1kr/4n1p1/pqpBP2p/1p1p1p1P/7P/P1P1PR2/1PB5/2K3R1 b - - 0 31,e7c8 g1g7 g8g7 f3g3 g7f6 g3g6,2184,77,94,8257,attraction kingsideAttack long mate mateIn3 middlegame pillsburysMate sacrifice,https://lichess.org/4gxQiaS0/black#62,
SJ28t,r1bq1rk1/2p1bpBp/p3pn2/1p6/3PQ3/3B1N2/PPP2P1P/2KR2R1 b - - 0 14,f6e4 g7f6 e4g3 g1g3,1900,84,59,123,discoveredAttack discoveredCheck mate mateIn2 middlegame pillsburysMate short,https://lichess.org/7zz4gQrV/black#28,French_Defense French_Defense_Rubinstein_Variation
SJwpi,3r2k1/bp3ppp/p6q/8/1P2N1n1/P2p1RNP/1Br3P1/1R1Q3K w - - 2 25,b2a1 h6h3 g2h3 c2h2,1951,75,95,3151,kingsideAttack mate mateIn2 middlegame pillsburysMate sacrifice short,https://lichess.org/tCJRrfIA#49,
SKg77,3r1b1r/Rpk1nppp/2p1p3/BP2P3/5P2/4P3/3p2PP/R5K1 b - - 1 20,c7b8 a7a8 b8a8 a5c7,2060,81,91,1950,discoveredAttack discoveredCheck mate mateIn2 middlegame pillsburysMate queensideAttack sacrifice short,https://lichess.org/VPW2xV1R/black#40,
SPX4O,1r3rk1/p2q1ppp/8/3p4/3BB2P/8/PbPK1PR1/3R4 b - - 1 23,d5e4 g2g7 g8h8 g7g8 h8g8 d1g1 d7g4 g1g4,2058,75,94,9609,attraction discoveredCheck doubleCheck mate mateIn4 middlegame pillsburysMate sacrifice veryLong,https://lichess.org/KU1rg36g/black#46,
SRCn2,3Q4/p1R2pk1/6r1/3p2K1/3Pp3/P3P1P1/4b2P/1r6 w - - 1 38,g5f5 b1f1 f5e5 g6e6 e5d5 f1f5,2070,75,89,85,endgame long mate mateIn3 pillsburysMate,https://lichess.org/v0PpVTlQ#75,
SRe9H,3r2k1/5p1p/4ppbB/pQ2P3/1b4P1/4P2P/Pn3PB1/3K4 w - - 0 28,d1c1 d8d1 c1b2 d1b1,2060,79,85,87,master mate mateIn2 middlegame operaMate pillsburysMate queensideAttack sacrifice short,https://lichess.org/ORS94sFS#55,
SReDK,b7/5pk1/1bqN2p1/1p3P2/1Bp3Q1/2P1r2P/1P4P1/3R3K w - - 3 36,f5g6 c6g2 g4g2 e3h3,1970,75,92,321,mate mateIn2 middlegame pillsburysMate pin sacrifice short,https://lichess.org/ykRWzmTD#71,
STQBI,8/p2R1p2/1p3k2/5Np1/P1rB2P1/7P/r7/6K1 b - - 4 45,f6e6 d7d6,1925,79,84,1968,endgame hookMate master mate mateIn1 oneMove pillsburysMate,https://lichess.org/cc5NgXzJ/black#90,
SVsym,6k1/1q2r1P1/p4B2/5P2/P1P3Q1/1P1R4/2P2K2/6r1 b - - 2 45,g1g4 d3d8 e7e8 d8e8 g8f7 e8f8,1900,75,91,110,endgame exposedKing long master masterVsMaster mate mateIn3 pillsburysMate,https://lichess.org/lMLOu7Dy/black#90,
SX7yN,3r1rk1/ppq2ppp/1b2p3/4P2B/3pQ3/1P5R/PB4PP/7K b - - 1 22,c7c6 e4h7 g8h7 h5f7,1926,156,38,24,deflection discoveredAttack discoveredCheck kingsideAttack mate mateIn2 middlegame pillsburysMate sacrifice short,https://lichess.org/XpDD6Ou1/black#44,
SYwKD,5rk1/ppp3pp/3p4/3Np3/2PnP1b1/6Pn/PP1Q2BP/R1B2q1K w - - 15 22,g2f1 f8f1 h1g2 f1g1,1945,78,93,1151,kingsideAttack master mate mateIn2 middlegame pillsburysMate short,https://lichess.org/M0CVPoaX#43,
SbskR,8/3k4/R5bp/3P2p1/4p1K1/4P1P1/5r2/3R4 w - - 6 49,d5d6 g6f5 g4h5 f2h2,2034,88,75,103,endgame mate mateIn2 pillsburysMate short,https://lichess.org/N6RkFTjT#97,
SdMJY,3Q1b2/7k/8/6pp/2Q3K1/4r2r/PP6/8 w - - 0 60,g4g5 f8h6 g5f6 h3f3 c4f4 f3f4,2001,77,91,743,endgame long mate mateIn3 pillsburysMate,https://lichess.org/7cTusCuB#119,
SfnYj,7k/ppp3R1/7B/4n3/6b1/2PPK3/P1P1r3/R7 w - - 6 26,e3d4 e5c6 d4c4 g4e6 c4b5 e2e5 b5a4 e5a5,1956,78,93,252,endgame mate mateIn4 pillsburysMate veryLong,https://lichess.org/Ctj3H3Xu#51,
Shs41,7r/pQ1bk1b1/3p1qP1/4p3/2PpBP2/BP1P2P1/P5Kr/R4R2 w - - 3 31,g2f3 f6f4 g3f4 h8h3,1944,75,94,614,mate mateIn2 middlegame pillsburysMate sacrifice short,https://lichess.org/UHwuU2pG#61,
SkTKE,r5rk/ppp4p/2n2p2/1Bp1p3/4P2q/3Q2Pb/PPP2P1P/R4R1K w - - 0 18,g3h4 h3g2 h1g1 g2f3,2040,75,96,1600,discoveredAttack discoveredCheck fork mate mateIn2 middlegame pillsburysMate short,https://lichess.org/nFKNimRC#35,Englund_Gambit Englund_Gambit_Felbecker_Gambit
SmUl0,5rk1/ppN2ppp/4b3/2b1p2q/2B1Q3/P7/1PP3PP/R1B2K1R w - - 0 17,c7e6 h5d1 e4e1 f7e6 c1f4 f8f4,1955,77,93,3494,discoveredAttack discoveredCheck intermezzo long mate mateIn3 middlegame pillsburysMate pin,https://lichess.org/7qKHl22e#33,Bishops_Opening Bishops_Opening_Ponziani_Gambit
Sp9TM,3r2k1/p1p2ppp/2p5/2b2b2/4n3/1QP5/PP2K1PP/1R3B1R w - - 2 22,h2h3 d8d2 e2f3 d2f2,1922,76,95,12824,mate mateIn2 middlegame operaMate pillsburysMate short,https://lichess.org/lWhf2EjO#43,
Sq4rW,2r2k2/RR6/8/3Bbpp1/8/1P1b4/P4P1P/6K1 w - - 10 46,b7h7 c8c1 g1g2 d3f1 g2f3 c1c3,1929,78,87,107,endgame long mate mateIn3 pillsburysMate,https://lichess.org/iwghURFE#91,
Sq99V,4k3/1b3p1p/4pB1Q/1p1n4/r7/3N4/PP3PrP/2R1R1K1 w - - 0 24,g1g2 d5e3 g2h3 b7g2 h3g3 a4g4,2085,77,90,496,discoveredCheck doubleCheck long mate mateIn3 middlegame pillsburysMate,https://lichess.org/casZo2n8#47,
SqpzW,r4rk1/ppp2ppp/2n1bn2/8/4Q3/2BN4/PPP2P1P/2K3RR b - - 0 16,f6e4 g1g7 g8h8 g7g8 h8g8 h1g1 e6g4 g1g4 e4g5 g4g5,1991,76,87,1045,attraction discoveredCheck doubleCheck fork master mate mateIn5 middlegame pillsburysMate sacrifice veryLong,https://lichess.org/PtZi3zyS/black#32,Elephant_Gambit Elephant_Gambit_Paulsen_Countergambit
SrnKL,2r4k/1Qp2pp1/3qb2p/2B3b1/8/2PB3P/6P1/4R2K b - - 0 33,d6c5 b7c8 e6c8 e1e8 c5f8 e8f8,1934,78,94,12022,fork long mate mateIn3 middlegame pillsburysMate sacrifice,https://lichess.org/VDxX4fub/black#66,
Ss9Qy,3r1kn1/5pbQ/p3p1p1/4P1N1/1pP2PP1/5B2/P4q2/1K5R b - - 0 30,d8d2 h7g7 f8g7 h1h7 g7f8 h7f7 f8e8 f3c6 e8d8 g5e6 d8c8 f7f8 d2d8 f8d8,2075,76,90,262,attraction fork mate mateIn5 middlegame pillsburysMate sacrifice veryLong,https://lichess.org/LP7puFiH/black#60,
Stk8A,r3r2k/pp5p/3P1npQ/q1p2bN1/2B5/2P5/P4PP1/R4K1R b - - 6 21,a5c3 h6h7 f6h7 h1h7,1929,75,94,14314,kingsideAttack mate mateIn2 middlegame pillsburysMate sacrifice short,https://lichess.org/60u5pPsu/black#42,
SwK93,r1b2k1r/ppp2p1p/3p4/2q1b2Q/3p1N2/3P4/PPP2PPP/R1B1R1K1 b - - 4 15,e5f4 h5h6 f4h6 c1h6 f8g8 e1e8,2139,74,95,14099,long mate mateIn3 middlegame pillsburysMate sacrifice xRayAttack,https://lichess.org/Vlxroewq/black#30,Italian_Game Italian_Game_Other_variations
SxAXo,8/R1P5/2r5/4pk2/1P6/3b2P1/P4P1P/6K1 w - - 1 37,a2a4 c6c1 g1g2 d3f1 g2f3 c1c3,2144,75,94,705,endgame long mate mateIn3 pillsburysMate,https://lichess.org/ztc1ERpT#73,
SxDPA,5rk1/1qrnQp1p/6p1/1p6/2pN4/8/P4PPP/2B1R1K1 b - - 1 24,d7c5 e7f8 g8f8 c1h6 f8g8 e1e8,1921,75,97,3330,attraction long mate mateIn3 middlegame pillsburysMate sacrifice,https://lichess.org/NJl1FhWi/black#48,
Sy8Wk,5rk1/5p1p/3Q1np1/2p2b2/2q5/2P1BP2/2P2KPP/4R3 b - - 0 21,f6d5 d6f8 g8f8 e3h6 f8g8 e1e8,2136,79,88,202,attraction long master mate mateIn3 middlegame pillsburysMate sacrifice,https://lichess.org/MFTHeSB0/black#42,
T2b9N,2r2r2/p4B2/1b2Qn1p/5pk1/3P2p1/2P3Pb/P6P/4R1K1 b - - 0 30,c8c3 e6f5 g5f5 e1e5,2056,83,91,5651,attraction mate mateIn2 middlegame pillsburysMate sacrifice short,https://lichess.org/O464H6nR/black#60,
T2nB8,5R2/1p4p1/p4kp1/1bBpp3/8/2P2P2/6r1/2K5 b - - 7 38,f6g5 c5e7 g5h6 f8h8,2078,80,88,2010,endgame mate mateIn2 pillsburysMate short,https://lichess.org/Mqh77QGG/black#76,
T3J9t,2r2r2/7k/bq2p1pb/pN1p4/P4PP1/1P5Q/1BP5/2K2R2 b - - 1 24,b6c5 h3h6 h7h6 f1h1,1933,78,74,97,attraction mate mateIn2 middlegame pillsburysMate sacrifice short,https://lichess.org/Dlw6tvgE/black#48,
T3P1U,6k1/pp5p/3pN3/3P1r1b/1PQ5/8/P4bPP/4R1K1 w - - 0 25,g1f1 f2d4 e6f4 f5f4,2059,84,86,142,discoveredAttack discoveredCheck endgame mate mateIn2 pillsburysMate short,https://lichess.org/zJwxxtjB#49,
T44oP,5rk1/1p5p/3p2p1/p1p1b3/8/2PPN1qP/PP4P1/RN1Q2K1 w - - 1 19,e3f1 g3f2 g1h1 f2f1 d1f1 f8f1,2018,76,95,15595,deflection kingsideAttack long mate mateIn3 middlegame pillsburysMate,https://lichess.org/4z2A1NjD#37,Sicilian_Defense Sicilian_Defense_Other_variations
T6B0d,2kr4/1p3pr1/4p3/Q2b2qp/4n3/P3PB2/1P3PPP/3R1RK1 w - - 0 20,f3e4 g5g2 e4g2 g7g2 g1h1 g2g1 h1g1 d8g8,2120,82,79,68,attraction discoveredCheck doubleCheck kingsideAttack mate mateIn4 middlegame pillsburysMate sacrifice veryLong,https://lichess.org/WGgQoMU2#39,
T7ZMS,2b3Q1/kp3p2/3P3r/1B2n2p/5qn1/5N2/5PPP/R5K1 b - - 1 27,a7b8 g8c8 b8c8 a1a8,1900,81,92,657,attraction mate mateIn2 middlegame pillsburysMate queensideAttack sacrifice short,https://lichess.org/JFY26lYN/black#54,
T9TUN,3q3Q/p4p1p/1nk1b3/b7/8/B5P1/P3PP1P/r3NK1R w - - 0 22,h8d8 e6h3 f1g1 a1e1,1901,79,80,255,deflection mate mateIn2 middlegame pillsburysMate short,https://lichess.org/YamRHqzi#43,
TCBeb,r5r1/pp3p2/2k5/2pb1Q2/2p5/8/PPP2PPP/RN3RK1 w - - 4 22,b1c3 g8g2 g1h1 g2g1 h1g1 a8g8 f5g4 g8g4,2091,75,91,380,attraction discoveredCheck doubleCheck kingsideAttack mate mateIn4 middlegame pillsburysMate sacrifice veryLong,https://lichess.org/ZZOiJzDQ#43,
TEmi4,5r1k/6p1/pB3b1p/1p6/4Q3/PP4R1/6PP/2r3K1 w - - 1 34,g1f2 f6d4 f2e2 f8f2 e2d3 c1d1,1947,77,79,210,discoveredCheck doubleCheck endgame long mate mateIn3 pillsburysMate,https://lichess.org/1hKBJ1OE#67,
TI0Ik,1k1r3r/p2R1ppp/p1BB4/2n5/8/P5P1/1P3P1P/3K4 b - - 3 28,b8c8 d7c7 c8b8 c7b7 b8c8 b7b8,1902,79,92,606,discoveredCheck doubleCheck endgame exposedKing long master mate mateIn3 operaMate pillsburysMate queensideAttack,https://lichess.org/SusOqYok/black#56,
TJOIq,r4rk1/1pp2ppp/3p4/p2NpP2/3bn3/PB1q4/KPR5/2B5 b - - 7 26,f7f6 d5e7 g8h8 e7g6 h7g6 c2h2 d3h3 h2h3,1960,75,95,12760,discoveredCheck doubleCheck kingsideAttack mate mateIn4 middlegame pillsburysMate sacrifice veryLong,https://lichess.org/KQ7vCPFL/black#52,
TMz7a,2r3k1/5pbp/6p1/p4q2/3p4/7P/PP1BQPP1/4R1K1 b - - 2 27,c8c2 e2e8 g7f8 e8f8 g8f8 d2h6 f8g8 e1e8,2046,74,95,12410,attraction endgame mate mateIn4 pillsburysMate sacrifice veryLong,https://lichess.org/7I1lts1Q/black#54,
TO1Bt,1k2r3/pp3pp1/3b3p/3n4/P1pN2Q1/2P4P/1q1B2P1/RN5K w - - 0 23,g4d7 b2c1 d2e1 e8e1,2015,79,79,515,kingsideAttack mate mateIn2 middlegame pillsburysMate short,https://lichess.org/RlJl8Ijb#45,
TQdam,Q1b2rk1/3n1ppp/4p3/1p2B3/5P2/8/PP4qP/2KR2R1 b - - 0 18,g2a8 g1g7 g8h8 g7g8 h8g8 d1g1 a8g2 g1g2,2076,82,92,436,attraction discoveredCheck doubleCheck mate mateIn4 middlegame pillsburysMate sacrifice veryLong,https://lichess.org/cUZYHs12/black#36,Sicilian_Defense Sicilian_Defense_Modern_Variations
TSy26,2k5/1b1n1R2/p3N1B1/4P3/3p4/2q5/P1Q1K2r/8 w - - 4 32,f7f2 b7f3 e2f1 h2h1,1981,77,88,1308,mate mateIn2 middlegame pillsburysMate short,https://lichess.org/FohIlEgb#63,
TTWcJ,8/7R/3B1kp1/p2p1p2/3Pb3/2P1Q3/p4PPK/1q6 b - - 2 41,a2a1q e3g5 f6g5 d6e7 g5f4 h7h4,2067,76,89,416,attraction endgame long mate mateIn3 pillsburysMate sacrifice,https://lichess.org/5dvrTi2G/black#82,
TV02L,3r1knQ/1bp2pp1/p4q1p/np2N3/3P4/8/PPB2PPP/4R1K1 b - - 3 24,f6g5 e5d7 d8d7 h8g8 f8g8 e1e8,2035,80,91,425,attraction long mate mateIn3 middlegame pillsburysMate sacrifice,https://lichess.org/2YiTpgrC/black#48,
TZdbZ,r5k1/3n3p/pp4PR/2pb4/2r5/2B4P/PP5K/5R2 b - - 1 30,d7f8 g6h7 f8h7 h6g6,2061,130,33,21,advancedPawn master mate mateIn2 middlegame pillsburysMate short,https://lichess.org/FSRN2Gwp/black#60,
TaQDW,6k1/pp3ppp/8/2Pp4/b1nP2P1/P3rP1N/K4RBB/8 w - - 9 28,g2f1 a4b3 a2a1 e3e1,1965,80,91,907,mate mateIn2 middlegame pillsburysMate short,https://lichess.org/CwlWJ9BA#55,
TaX10,4r3/2k2p1p/5p2/1p1rbQ2/1Kp1N3/P1P4P/5PP1/2R5 w - - 2 28,e4f6 e5d6 b4a5 e8a8,1915,79,62,83,endgame mate mateIn2 pillsburysMate short,https://lichess.org/JCANOP2a#55,
Tadww,6k1/3R1p1p/3B2p1/8/p4K2/5P2/r3r1PP/8 b - - 2 33,e2g2 d7d8 g8g7 d6f8 g7f6 d8d6,2108,82,80,2046,endgame long mate mateIn3 pillsburysMate,https://lichess.org/tMgenpny/black#66,
Tbc38,2r2rk1/p3qppp/4n3/1p6/3B2Q1/5P2/PP3P1P/1K1R2R1 b - - 1 20,c8c4 g4g7 e6g7 g1g7 g8h8 g7g8 h8g8 d1g1 e7g5 g1g5,2112,78,93,12339,attraction discoveredCheck doubleCheck kingsideAttack mate mateIn5 middlegame pillsburysMate sacrifice veryLong,https://lichess.org/3LElgqyZ/black#40,
Te7mw,3kb3/1R6/p2Kp3/6p1/2P1B1n1/P4pr1/8/8 b - - 1 43,d8c8 b7a7 e8c6 e4c6 f3f2 a7a8,1987,81,79,67,capturingDefender endgame long mate mateIn3 pillsburysMate,https://lichess.org/D1xhsGPB/black#86,
ThKdt,2r2r2/np3p2/1q2pR2/1b1pP2p/pP1P2k1/P2BPN2/6KP/8 b - - 3 27,h5h4 f6f4 g4h5 f4h4,2085,75,94,8742,master masterVsMaster mate mateIn2 middlegame pillsburysMate short,https://lichess.org/8ukWmgtM/black#54,
Tj3mW,2r2rk1/1b2qpp1/p6p/1pbpR3/3B1PQ1/P1P5/1PB3PP/5RK1 b - - 0 27,e7c7 g4g7 g8g7 e5g5,2021,86,92,70854,attraction discoveredCheck doubleCheck kingsideAttack mate mateIn2 middlegame pillsburysMate sacrifice short,https://lichess.org/D7a2r0p5/black#54,
TmqF6,5r1k/p1Q5/3p4/2p5/1P2PNb1/P2P4/B1PK1b2/6r1 w - - 3 39,c7d6 f2e1 d2c1 e1c3,1907,80,90,708,discoveredAttack discoveredCheck mate mateIn2 middlegame pillsburysMate short,https://lichess.org/bxPzXAth#77,
TqUHT,rn5r/pp4R1/4k3/2n1P2p/6p1/1PB3P1/P4P1P/3R2K1 b - - 3 29,b8c6 d1d6 e6f5 g7f7 f5e4 f7f4,1916,77,80,84,exposedKing long mate mateIn3 middlegame pillsburysMate,https://lichess.org/EPQChoIT/black#58,
Ts8i3,6k1/1p2bp2/p7/4P1pP/3P4/r6K/4r2P/1R1R2B1 w - - 1 31,h3g4 e2e4 g4f5 e4f4,2165,79,80,245,endgame epauletteMate mate mateIn2 pillsburysMate short,https://lichess.org/NOIk6B0d#61,
TtCbK,2rq1r1k/1p4p1/p2p1p2/P2Bn3/1P3Rb1/4Q3/6PP/RN4K1 b - - 0 25,f8e8 e3h3 g4h3 f4h4,2007,78,84,266,mate mateIn2 middlegame pillsburysMate sacrifice short,https://lichess.org/dQuAJ4st/black#50,
TtazF,8/5P2/4k2p/3bP3/1P3b2/2P5/r6P/6K1 w - - 0 41,f7f8q f4e3 g1f1 d5c4 f1e1 a2a1,2172,76,94,1367,endgame long mate mateIn3 pillsburysMate,https://lichess.org/QjiQUOVf#81,
TvN1J,Nk1r4/pp4Bp/6p1/1B3b2/8/P7/1Pn1NPPP/5K1R w - - 1 23,g2g3 f5h3 f1g1 d8d1,2043,78,83,257,mate mateIn2 middlegame pillsburysMate short,https://lichess.org/O6hhS1U6#45,
TwjBS,r3r1k1/p2bQppp/8/8/8/2P3P1/P2P1P1P/R1B1K2R w KQ - 1 19,e7e8 a8e8 e1f1 d7h3 f1g1 e8e1,2009,77,82,222,endgame hangingPiece long mate mateIn3 pillsburysMate,https://lichess.org/8D7GmT7E#37,
Twu4s,r4k2/4pBbp/2Q3p1/2p2bN1/8/1P6/5PPP/r4RK1 w - - 1 28,g5f3 a1f1 g1f1 f5d3 f1e1 g7c3 e1d1 a8a1,1912,78,95,15077,attraction mate mateIn4 middlegame pillsburysMate veryLong,https://lichess.org/RlQFuVUH#55,
Txr0R,2r5/3r1kpp/1npbRp2/1p6/p2PN1P1/P1P2B1P/1P6/4R1K1 b - - 3 28,f7e6 e4g5,2023,77,94,501,discoveredCheck doubleCheck epauletteMate mate mateIn1 middlegame oneMove pillsburysMate,https://lichess.org/fqhcWZiy/black#56,
Tzp6g,2b1k1nr/p2pppbp/2p3p1/q7/4P3/2NQ2PB/P1P2P1P/1R4K1 b k - 0 13,a5c3 d3d7 c8d7 b1b8 d7c8 b8c8,2086,79,91,183,long mate mateIn3 middlegame pillsburysMate sacrifice,https://lichess.org/0wJ9mAJw/black#26,Sicilian_Defense Sicilian_Defense_Accelerated_Dragon
U0Pcf,2k4r/2p2R2/3p4/3Pp3/B1N1Pn2/P3KP2/8/1r6 b - - 2 50,h8h2 f7f8 c8b7 a4c6 b7a6 f8a8,1980,91,81,74,endgame long mate mateIn3 pillsburysMate,https://lichess.org/5e45Ofkx/black#100,
U18hy,2r3k1/1b1n2pp/1p1pp2r/p4p2/P2Pn3/2PBP2q/1BQN1PP1/5RRK w - - 0 21,g2h3 e4f2 h1h2 h6h3,2074,81,90,2436,discoveredCheck doubleCheck intermezzo kingsideAttack mate mateIn2 middlegame pillsburysMate short,https://lichess.org/8AaeZ2fk#41,
U3Sal,2k4r/pp2K1pp/2p3b1/4p3/2Bn4/N7/PPPP4/R1B4R w - - 2 18,d2d3 d4f5 e7e6 h8e8,2052,87,89,1450,mate mateIn2 middlegame pillsburysMate short,https://lichess.org/PAi8ZsIC#35,Italian_Game Italian_Game_Two_Knights_Defense
U5Snf,b1r1r3/2R5/1p2P2p/1P6/1k6/1B4P1/N1P4P/6K1 b - - 2 28,b4b5 b3c4 b5a4 c7a7,2146,89,76,72,endgame mate mateIn2 pillsburysMate short,https://lichess.org/98v5g9cy/black#56,
U67bD,r4rk1/pQp2ppp/3bb3/4B3/5P2/2P5/PP4qP/2KR2R1 b - - 1 19,g2b7 g1g7 g8h8 g7g8 h8g8 d1g1 b7g2 g1g2 e6g4 g2g4,2045,91,92,130337,attraction discoveredCheck doubleCheck kingsideAttack mate mateIn5 middlegame pillsburysMate sacrifice veryLong,https://lichess.org/DoRTbB9F/black#38,Russian_Game Russian_Game_Modern_Attack
UAKnq,3Q4/8/2p1pr2/1pkb4/8/P3R1P1/1P1r3P/3R3K w - - 3 36,h1g1 d2d1 e3e1 d1e1,2017,79,89,105,endgame hangingPiece mate mateIn2 pillsburysMate short,https://lichess.org/5HS3dvOP#71,
UAdkq,3rr1k1/1p3ppp/pQ3b2/8/P1B2BP1/4Nb1P/1Pn2P1R/5K2 w - - 1 24,g4g5 d8d1 e3d1 e8e1,2034,80,77,166,mate mateIn2 middlegame pillsburysMate sacrifice short,https://lichess.org/7tCrLIL5#47,
UBQUT,r2qr3/3n2p1/8/p4kB1/2BP4/5N2/Pb3P2/1K4RR b - - 1 30,d8b6 f3h4 f5e4 g1g4,2062,77,92,8215,mate mateIn2 middlegame pillsburysMate short,https://lichess.org/PwyZ8RS1/black#60,
UEuCP,r3k1n1/pp1n2q1/1bpBP3/2Nb3r/1P6/P2B4/1QP2RpP/R5K1 b q - 0 24,g7b2 e6d7 e8d8 f2f8,2012,87,89,82,advancedPawn mate mateIn2 middlegame pillsburysMate short,https://lichess.org/CVMyQsi9/black#48,
UG4uj,2k3r1/pppqbp1r/3p1n2/4p1Bb/1PB1P3/P1NP1PR1/2P2PK1/R5Q1 w - - 1 19,g5f6 d7h3 g2h3 h5f3 f6h4 h7h4,2013,76,95,4311,deflection discoveredAttack discoveredCheck long mate mateIn3 middlegame operaMate pillsburysMate pin sacrifice,https://lichess.org/LrSUrTYi#37,
UGxQC,7r/p1p3pp/2R5/3BR2k/7P/q7/1r3P2/2K5 b - - 2 32,h5h4 c6c4 h4h3 e5h5,2088,75,94,14624,endgame mate mateIn2 pillsburysMate short,https://lichess.org/tZpNYwPt/black#64,
UHjJb,r1k4r/ppp3pp/4Bn2/4N3/8/B1b5/P4PPP/3R2K1 b - - 2 17,c8b8 e5c6 b7c6 d1b1 c3b4 b1b4,2014,75,95,7223,long mate mateIn3 middlegame pillsburysMate queensideAttack sacrifice,https://lichess.org/y3xatsX1/black#34,Italian_Game Italian_Game_Evans_Gambit
UKI10,4Rrk1/5pbp/p2Q2p1/5P2/5P2/1b3B2/1r3BPP/1K1R4 w - - 0 24,b1a1 b2a2 a1b1 a2a1,1965,76,93,767,discoveredCheck doubleCheck fork mate mateIn2 middlegame operaMate pillsburysMate short,https://lichess.org/rmE2a28K#47,
UKSs1,r1b2rk1/p2n1ppp/1p4P1/3N3P/3p4/1B6/PPP2q2/1K1R3R b - - 0 20,f7g6 d5e7 g8h8 e7g6 h7g6 h5g6 f2h2 h1h2,1948,75,96,5609,discoveredAttack discoveredCheck doubleCheck kingsideAttack mate mateIn4 middlegame pillsburysMate veryLong,https://lichess.org/k6tHSliN/black#40,
UM60x,1Qn1k1r1/5p2/pN1p1q2/1p1Pp3/1P2P2p/6pb/P2NBbP1/R1B2R1K w - - 2 23,b6c8 h3g2 h1g2 h4h3 g2h3 g8h8 e2h5 h8h5 h3g2 h5h2,2113,82,91,5915,attraction kingsideAttack mate mateIn5 middlegame pillsburysMate sacrifice veryLong,https://lichess.org/9yn5o4Vb#45,
UP5ZS,r1b1r1k1/pp3ppp/2p2n2/8/1PP4P/P1Q5/1B2qPP1/2KRR3 b - - 1 17,e2f2 e1e8 f6e8 c3g7 e8g7 d1d8 g7e8 d8e8,1981,76,88,1169,kingsideAttack mate mateIn4 middlegame pillsburysMate sacrifice veryLong,https://lichess.org/y0TrFTOT/black#34,Semi-Slav_Defense Semi-Slav_Defense_Accelerated_Move_Order
URiv6,4k2r/1p2n1pp/p7/8/8/bB1b1PB1/Pr1N2PP/2KRR3 w k - 4 22,d2c4 b2c2 c1b1 c2c1,2189,80,83,185,discoveredCheck doubleCheck mate mateIn2 middlegame operaMate pillsburysMate queensideAttack short,https://lichess.org/MR7Z7FXR#43,
UVGA2,1bb2k2/pQ3pp1/1qn4p/2Nn4/3P4/7P/PPB2PP1/4R1K1 b - - 0 23,c8b7 c5d7 f8g8 e1e8,1904,74,95,11750,fork mate mateIn2 middlegame pillsburysMate short,https://lichess.org/M1f6MV1l/black#46,
UXomM,r4r2/pp2bp1R/2p1pk2/4B1p1/3P2n1/2PB4/PP2K1P1/7R b - - 1 27,g4e5 h1f1 e5f3 f1f3,2037,81,75,176,mate mateIn2 middlegame pillsburysMate short,https://lichess.org/ZPQIoJKL/black#54,
UaHum,1rr3k1/pN1K1ppp/8/3B1b2/3P1b2/5N2/PP3PPP/2R4R w - - 1 24,d7e7 c8e8,1943,80,91,8446,master mate mateIn1 middlegame oneMove pillsburysMate,https://lichess.org/zE39nGXo#47,
UaNdl,4r1k1/pp2pp1p/6pB/q1P1Q3/2P5/4R2P/P4bPK/3r4 b - - 1 24,f7f6 e5e6 g8h8 e6f6 e7f6 e3e8,2034,77,98,2419,discoveredAttack kingsideAttack long mate mateIn3 middlegame pillsburysMate sacrifice,https://lichess.org/UuoJ5e49/black#48,
UaWkh,r1b2Nk1/1p3Rb1/p1n3pp/8/3qP2Q/P2pn3/BP4PP/R5K1 b - - 0 22,g8h8 h4h6 g7h6 f7h7,1932,79,93,978,kingsideAttack mate mateIn2 middlegame pillsburysMate sacrifice short,https://lichess.org/J9p1ei7a/black#44,
UbV0t,1nkr3r/1ppqbR2/p2p3p/3Np3/Q1B1P3/2PPP3/PP4PN/6K1 b - - 0 18,d7a4 d5e7 c8d7 e7d5 d7c6 f7c7,1976,91,89,134,discoveredAttack discoveredCheck hangingPiece hookMate long mate mateIn3 middlegame pillsburysMate queensideAttack,https://lichess.org/hmi5Pdgd/black#36,Philidor_Defense Philidor_Defense_Other_variations
UbqAr,1r4k1/4Rpb1/2p3p1/p6p/4PB1P/5PN1/2KR2P1/r7 w - - 4 30,d2d7 b8b2 c2d3 a1a3 d3c4 b2c2,2131,84,91,1575,exposedKing long mate mateIn3 middlegame pillsburysMate,https://lichess.org/ppyyqX5R#59,
Ud12h,r2q1rk1/ppp1nppp/2N1p3/3b4/7P/1BBP4/PPP2P2/2KR2R1 b - - 3 17,e7c6 g1g7 g8h8 g7g8 h8g8 d1g1 d5g2 g1g2 d8g5 g2g5,2049,79,91,1538,attraction discoveredCheck doubleCheck kingsideAttack mate mateIn5 middlegame pillsburysMate sacrifice veryLong,https://lichess.org/mOMffO5L/black#34,Scandinavian_Defense Scandinavian_Defense_Modern_Variation
UdPPc,3brr1k/5ppp/pp3B2/2qN2R1/P7/8/1PP1Q1PP/4R2K b - - 0 23,e8e2 f6g7 h8g8 g7f6,2097,92,84,108,discoveredAttack discoveredCheck fork mate mateIn2 middlegame pillsburysMate short,https://lichess.org/dZ8MY70H/black#46,
Ufj8l,4r3/pp2B3/4BPk1/2pP4/5n1r/1P2b3/P4RP1/R5K1 w - - 19 44,f6f7 f4e2 g1f1 e2g3 f1e1 h4h1 f2f1 h1f1,2173,88,87,94,mate mateIn4 middlegame pillsburysMate pin veryLong,https://lichess.org/zMUpV2Ri#87,
UkNfo,r4r2/8/4p2n/pp3kR1/1b1B1P2/5N2/PP2K3/8 b - - 3 36,f5f4 d4e3 f4e4 g5e5,1996,82,84,67,mate mateIn2 middlegame pillsburysMate short,https://lichess.org/CqbYGhN5/black#72,
Ul0tN,5k2/8/7p/7N/2b3R1/4BP2/3b2PP/3r2K1 w - - 13 53,g1f2 d2e1 f2g1 e1h4,1917,76,93,1077,discoveredAttack discoveredCheck endgame mate mateIn2 pillsburysMate short,https://lichess.org/p6Ac7UdU#105,
UmlXo,3r3k/pbN2B1p/1p3bpP/6P1/n1P1nB2/4P3/2R1KP2/6R1 w - - 1 27,g5f6 e4c3 c2c3 a4c3 e2f1 d8d1,2047,75,96,2733,long mate mateIn3 middlegame pillsburysMate,https://lichess.org/348rAokb#53,
UoTo0,3k3r/4p1bp/1p1PB1p1/3P4/P3q3/1K6/3B4/2R5 b - - 0 29,e7d6 d2g5 g7f6 g5f6 d8e8 c1c8,1906,74,95,3991,endgame exposedKing fork long mate mateIn3 pillsburysMate,https://lichess.org/ctbt6YVQ/black#58,
UrguD,5B2/pN5p/8/7k/7P/1BP1bp2/PP2r3/R6K w - - 2 35,b3d1 e2e1 h1h2 e3f4 h2h3 e1h1,1944,80,93,2152,endgame exposedKing long mate mateIn3 pillsburysMate,https://lichess.org/4wpXZhfw#69,
UtOQJ,r5k1/5p1p/2N2p2/1P1p1q2/1b6/4PBPb/1R3P1P/3Q2K1 w - - 3 28,c6b4 f5f3 d1f3 a8a1 b2b1 a1b1 f3d1 b1d1,1950,78,85,62,fork mate mateIn4 middlegame pillsburysMate sacrifice veryLong,https://lichess.org/Rv4duYRw#55,
UvxxI,3rrbk1/ppp2p2/2n3bB/4p3/4P3/2P2PQ1/1PK1B3/q2R2NR b - - 2 25,d8d1 g3g6 f7g6 e2c4 d1d5 c4d5 e8e6 d5e6 g8h8 h6f8,1964,77,95,4642,discoveredAttack discoveredCheck kingsideAttack mate mateIn5 middlegame pillsburysMate sacrifice veryLong,https://lichess.org/hybfyV4G/black#50,
Uwp6V,k7/4Q3/1r1B1p2/pB2p3/4b1P1/2P5/PP4r1/3K4 w - - 9 39,b5e8 g2g1 d1e2 b6b2 e2e3 g1e1,2192,76,89,1083,endgame exposedKing long mate mateIn3 pillsburysMate,https://lichess.org/CgxCDHHz#77,
UwzQq,1rbqr1k1/p3bp1p/1p2p1pB/8/3PR3/1B3QR1/PP3PPP/6K1 b - - 0 20,c8b7 f3f7 g8f7 b3e6 f7f6 g3f3,2014,74,96,1602,attraction epauletteMate kingsideAttack long mate mateIn3 middlegame pillsburysMate sacrifice,https://lichess.org/CXdeQyrc/black#40,
Uwzat,6k1/5p2/7p/2bB4/PRp5/2Pb1KP1/2r5/R7 w - - 2 38,b4b7 c2f2 f3g4 d3f5 g4h5 f2h2,1928,76,98,1168,endgame long mate mateIn3 pillsburysMate,https://lichess.org/T5Crml6I#75,
UznSw,4rrnk/ppb2qp1/2p1R2p/3p4/3P2Q1/P6P/1PB2PP1/2B2RK1 w - - 11 28,e6g6 f7f2 f1f2 e8e1 f2f1 e1f1,1931,76,83,375,fork long mate mateIn3 middlegame pillsburysMate sacrifice,https://lichess.org/ePqB78KC#55,
Uzzlq,5rk1/Q2R1ppp/4R1n1/6b1/B7/1P5P/P4P1P/2r3K1 w - - 1 24,g1g2 g6h4 g2g3 c1g1,2008,99,85,63,mate mateIn2 middlegame pillsburysMate short,https://lichess.org/sho836sH#47,
V2jYP,1r3r1k/5ppp/3q1b2/p7/P2n2Q1/1B5P/1BPP4/1K1R2R1 b - - 0 26,d4b3 g4g7 f6g7 b2g7 h8g8 g7f6 d6g3 g1g3,2074,76,97,993,discoveredAttack discoveredCheck fork master mate mateIn4 middlegame pillsburysMate sacrifice veryLong xRayAttack,https://lichess.org/wZW4ISa1/black#52,
V2wWl,r1b2Q1k/pp4bp/2n3p1/q2B2B1/3P4/8/PPP3PP/5RK1 b - - 4 18,g7f8 f1f8 h8g7 f8g8,1990,77,88,1155,kingsideAttack mate mateIn2 middlegame operaMate pillsburysMate short,https://lichess.org/oIMNjkwQ/black#36,Kings_Gambit_Accepted Kings_Gambit_Accepted_Bishops_Gambit
V5Omk,Q7/4rppk/3b3p/8/3P4/4B2P/1q3PP1/2R3K1 w - - 2 40,a8d5 b2c1 e3c1 e7e1,2041,76,97,1246,endgame mate mateIn2 pillsburysMate sacrifice short,https://lichess.org/dd8cSwmj#79,
V6txY,r3r3/4b1p1/p4k1p/1p2np2/5P2/1B6/PPP3PP/3RR1K1 b - - 0 23,e5g4 e1e6 f6f7 e6h6 f7f8 h6h8,2048,76,94,9996,discoveredAttack discoveredCheck long mate mateIn3 middlegame pillsburysMate,https://lichess.org/QMjyT83T/black#46,
V7fBy,3rr2k/5ppB/1n5p/p1NP4/Pp6/1P3qP1/1BQ1bP1P/3RR1K1 w - - 1 29,d1d2 f3h1 g1h1 e2f3 h1g1 e8e1,2036,76,94,1872,attraction discoveredAttack kingsideAttack long mate mateIn3 middlegame pillsburysMate sacrifice,https://lichess.org/pZOJSZrw#57,
V8uit,4r3/1p1nb1k1/4Pp2/3R2pK/2P4P/1r6/5P2/5BR1 w - - 0 30,e6d7 e8h8 h5g4 h8h4 g4f5 b3f3 f5e6 h4e4 d5e5 e4e5,2090,75,94,735,endgame mate mateIn5 pillsburysMate veryLong,https://lichess.org/lZ75vETY#59,
VEITL,5r2/5pb1/4p2p/1R4pk/4BPP1/4P3/5PK1/8 b - - 0 39,h5g4 e4f3 g4h4 b5b1 g5f4 e3f4 e6e5 b1h1,2170,76,94,2712,endgame master mate mateIn4 pillsburysMate quietMove veryLong,https://lichess.org/Z8VDItSz/black#78,
VGeT9,2b1nrk1/2q3p1/p1p1p1Q1/2bpPp1N/5B2/7R/P1r2PPP/5RK1 b - - 1 21,c7f7 g6h7 g8h7 h5f6 h7g6 h3g3,2137,86,91,1230,attraction discoveredCheck doubleCheck kingsideAttack long mate mateIn3 middlegame pillsburysMate sacrifice,https://lichess.org/ZdmnqIAY/black#42,
VHdA5,3r1rk1/pp3b1p/5Qp1/2p5/4PN2/2N2P2/1PP3P1/q1K2B1R w - - 1 25,c3b1 a1b1 c1b1 d8d1,2084,79,95,4032,attraction mate mateIn2 middlegame pillsburysMate queensideAttack sacrifice short,https://lichess.org/MzxK82mL#49,
VKHuC,3r1rk1/ppq2ppp/2n5/2p5/4NPbb/PP2PB2/1BP1N2P/2K1R1R1 b - - 8 18,g4f3 g1g7 g8h8 g7g8 h8g8 e1g1 h4g3 g1g3 f3g4 g3g4,1993,79,88,527,attraction discoveredCheck doubleCheck fork mate mateIn5 middlegame pillsburysMate sacrifice veryLong,https://lichess.org/cGptQ321/black#36,Vant_Kruijs_Opening Vant_Kruijs_Opening_Other_variations
VKWCQ,1r4rk/pb2R2p/8/1N3Q2/3n4/8/PPP2PPP/5RK1 w - - 3 25,b5d4 g8g2 g1h1 g2g1 h1g1 b8g8 e7g7 g8g7 f5g4 g7g4,2104,75,94,2728,attraction discoveredCheck doubleCheck mate mateIn5 middlegame pillsburysMate sacrifice veryLong,https://lichess.org/6iP2yFls#49,
VMWYl,5r1k/pp5p/6p1/6P1/2Bb3P/P2PnP2/1P2R1K1/7R w - - 1 31,g2h3 f8f3 h3h2 d4e5 h2g1 f3f1,1948,123,85,41,endgame long mate mateIn3 pillsburysMate,https://lichess.org/lskPKMNc#61,
VMdBT,6k1/1b6/P7/6pp/1NpBp2r/2P2pK1/1P3P2/R4R2 w - - 0 36,f1d1 b7c8 d1h1 h4g4 g3h2 g4g2,2079,73,94,11046,endgame exposedKing long mate mateIn3 pillsburysMate,https://lichess.org/anlgO6SZ#71,
VN0Yt,r4rk1/pp3pBp/2n5/q1b5/1P2p3/P3P3/2P2P2/3RKBR1 b - - 0 17,c5b4 g7c3 a5g5 g1g5,2095,78,95,2900,discoveredAttack discoveredCheck kingsideAttack mate mateIn2 middlegame pillsburysMate short,https://lichess.org/et818pJG/black#34,Queens_Pawn_Game Queens_Pawn_Game_Krause_Variation
VO9TQ,r1bk3r/ppp3p1/3b1n1p/2n1Rp2/2BN1B2/8/PPP2PPP/2KR4 b - - 0 15,d6e5 d4c6 d8e8 d1d8,1958,77,94,9149,discoveredCheck doubleCheck mate mateIn2 middlegame pillsburysMate short,https://lichess.org/2hH4OnC4/black#30,Blackmar-Diemer_Gambit Blackmar-Diemer_Gambit_Lemberger_Countergambit
VQ6Rw,3R1bk1/7p/pq3pp1/1b1BR1B1/1p5P/1P4P1/P6K/8 b - - 1 37,g8g7 e5e7 f8e7 d8g8,2174,79,93,1498,mate mateIn2 middlegame operaMate pillsburysMate sacrifice short,https://lichess.org/RVgus5H2/black#74,
VTiT1,3r2k1/p1p2ppp/4P3/8/2p1QB2/b1q2N2/P1P3PP/1K5R w - - 5 25,f4e5 d8b8 e4b7 b8b7,2032,80,81,169,mate mateIn2 middlegame pillsburysMate short,https://lichess.org/Lb5QnLay#49,
VUpsQ,3r2r1/3k1p1p/P1b1p3/4P3/3p4/3B4/1P1N1PPP/R4RK1 w - - 0 23,a6a7 g8g2 g1h1 g2g1 h1g1 d8g8 d3g6 g8g6,2155,77,92,8549,attraction discoveredCheck doubleCheck mate mateIn4 middlegame pillsburysMate sacrifice veryLong,https://lichess.org/QtS3V8XV#45,
VYNgp,8/r3r3/3R2p1/pB2p2p/P3P2k/4PP2/6K1/8 b - - 6 48,g6g5 d6d1 g5g4 f3f4 e5f4 e3f4 g4g3 b5e2 e7e4 d1h1,1978,71,91,140981,endgame mate mateIn5 pillsburysMate quietMove veryLong,https://lichess.org/U0PhLV7o/black#96,
VatCX,6rk/1R4p1/5pQp/3PbP2/2B5/P2p4/3r2PP/6K1 w - - 0 31,d5d6 e5d4 g1f1 d2d1,1954,78,87,2508,endgame mate mateIn2 pillsburysMate short,https://lichess.org/4VM4vdMT#61,
Vbbuc,2r3k1/p4ppp/8/q7/8/2b1PP1P/1P3BP1/1QKR3R w - - 0 27,b1c2 a5a1 c2b1 c3b4,2045,75,93,1565,discoveredAttack discoveredCheck epauletteMate mate mateIn2 middlegame pillsburysMate queensideAttack short,https://lichess.org/R2c25TFG#53,
VbqxO,3r3k/6pp/p1p3q1/2R1P3/1P3P2/P3Q1Pb/2R4P/7K w - - 4 37,e3e1 g6e4 e1e4 d8d1 e4e1 d1e1,2046,79,88,268,endgame long mate mateIn3 pillsburysMate sacrifice,https://lichess.org/02V2D2q1#73,
VcJOn,3k4/3n1pp1/6qp/8/r4B2/2Q5/1r3PPP/4R1K1 b - - 1 30,b2b7 c3c8 d8c8 e1e8,2090,73,95,15140,attraction mate mateIn2 middlegame pillsburysMate sacrifice short,https://lichess.org/xdMAC2VX/black#60,
VcWCA,5k2/2r3p1/2bR1bBp/2P1p2P/r3Pp2/8/5BP1/3R2K1 b - - 8 45,c6e4 d6d8 f6d8 d1d8 f8e7 f2h4 e7e6 d8d6,2147,75,93,2474,master mate mateIn4 middlegame pillsburysMate sacrifice veryLong,https://lichess.org/i7n8PA4W/black#90,
VdA9E,r7/pbq1k3/1pn4p/3p1R2/3P4/P1PB4/6P1/4R1K1 b - - 2 29,e7d6 f5f6 d6d7 d3f5 d7d8 f6f8,2040,79,93,9438,long mate mateIn3 middlegame pillsburysMate,https://lichess.org/bpUahYey/black#58,
VdXH8,r4rk1/pp2bpBp/2p1b3/8/1PQ5/2P3R1/4qPPP/5RK1 b - - 2 19,e2c4 g7d4 e6g4 g3g4 e7g5 g4g5,1972,77,85,243,discoveredAttack discoveredCheck kingsideAttack long mate mateIn3 middlegame pillsburysMate,https://lichess.org/OdRtRfxH/black#38,Scandinavian_Defense Scandinavian_Defense_Modern_Variation
Vh5OC,5k2/2R2p2/1p3N1p/4B3/1P1p2P1/7P/P5bK/2q5 b - - 3 42,c1d2 c7c8 f8e7 c8e8,2011,115,29,57,endgame mate mateIn2 pillsburysMate short,https://lichess.org/74sNnOQD/black#84,
VnrZB,5rk1/1q3ppp/p2Qb3/8/P2B4/8/4rPPP/1R1R2K1 b - - 4 25,b7e4 d6f8 g8f8 d4c5 f8e8 b1b8 e6c8 b8c8,1953,75,97,2337,attraction mate mateIn4 middlegame pillsburysMate sacrifice veryLong,https://lichess.org/QS0K42PT/black#50,
VoChg,r2q1r1k/p1p2ppp/1p1p2P1/4bP1Q/2B1b3/B2R4/P1P4P/6K1 b - - 0 23,f7g6 h5h7 h8h7 d3h3 d8h4 h3h4,1922,75,94,1929,attraction kingsideAttack long mate mateIn3 middlegame pillsburysMate sacrifice,https://lichess.org/K9hiIwRR/black#46,
Vpagz,5rk1/pp4p1/3p3r/3P2q1/2P2pP1/5N1b/P7/R2Q2RK w - - 5 26,f3g5 h3f1 g5h3 h6h3,2020,77,93,1383,discoveredAttack discoveredCheck mate mateIn2 middlegame pillsburysMate short,https://lichess.org/TFk2SFgN#51,
VqQZb,4rBrk/pp3p1p/2q2p2/2p2P1Q/3pR2R/1P3nP1/P1P4P/5K2 b - - 13 26,f3h4 h5h7 h8h7 e4h4,1997,125,17,15,attraction intermezzo kingsideAttack master mate mateIn2 middlegame pillsburysMate sacrifice short,https://lichess.org/2IP1tgky/black#52,
VrIy1,8/pk3pbp/1p1r4/2rP1b2/1QP5/8/5P1P/1R4K1 w - - 2 37,b4c5 d6g6 g1f1 f5d3 f1e1 g7c3 e1d1 g6g1,2124,74,95,12724,endgame mate mateIn4 pillsburysMate veryLong,https://lichess.org/Uu1xykrl#73,
VrUhP,r4rk1/ppq2pp1/1np5/3b2PB/3P1P1R/P1P1p1P1/2Q5/2R1K3 b - - 2 20,e3e2 c2h7 g8h7 h5f7,1929,135,39,28,deflection discoveredAttack discoveredCheck kingsideAttack mate mateIn2 middlegame pillsburysMate sacrifice short,https://lichess.org/BsqS2VS6/black#40,
VsJVx,1r3rk1/1bp2pp1/pq3B2/4pN2/2p1P3/2b3NP/P1B1QP2/2KR3R w - - 1 25,c2b1 b6b1 c1b1 b7e4 b1c1 b8b1,2054,79,85,305,attraction discoveredCheck doubleCheck exposedKing long mate mateIn3 middlegame operaMate pillsburysMate queensideAttack sacrifice,https://lichess.org/HapbAUMX#49,
Vsnx5,rn1k4/pp2R2p/2p3p1/8/3b2b1/1BN3P1/PPP2r1P/R1B4K w - - 3 20,c1g5 g4f3 h1g1 f2g2 g1f1 g2g1,2138,78,94,3281,discoveredCheck doubleCheck kingsideAttack long mate mateIn3 middlegame operaMate pillsburysMate,https://lichess.org/0M9m9yzn#39,
VyZTU,3r4/p1ppk1r1/1p2p3/3bPp1Q/3P4/P1PB4/2P2PPP/R4RK1 w - - 0 23,c3c4 g7g2 g1h1 g2g1 h1g1 d8g8 h5g6 g8g6,2070,79,86,486,attraction discoveredCheck doubleCheck kingsideAttack mate mateIn4 middlegame pillsburysMate sacrifice veryLong,https://lichess.org/CvgJBz8K#45,
W0Iqj,1k6/ppp4p/2bp2p1/6q1/7b/1B3r1Q/PPP2PPP/3R1RK1 w - - 7 21,h3e6 g5g2 g1g2 f3g3,2019,72,94,15860,attraction discoveredCheck doubleCheck epauletteMate kingsideAttack mate mateIn2 middlegame operaMate pillsburysMate sacrifice short,https://lichess.org/zSqs55xL#41,
W0W89,r1q1kb1r/pp2pp1p/2b2np1/4Q3/8/2N1BN2/PPP2PPP/2KRR3 b kq - 2 13,f8g7 e5e7 e8e7 e3c5,2006,77,94,2257,attraction discoveredCheck doubleCheck mate mateIn2 middlegame morphysMate pillsburysMate sacrifice short,https://lichess.org/b8mbqbP9/black#26,Sicilian_Defense Sicilian_Defense_Closed
W1KOZ,2bk4/1p1pp1B1/8/5NpP/5nr1/8/1r6/2R4K b - - 3 35,e7e6 g7f6 d8e8 f5d6 e8f8 c1c8,2035,77,92,341,fork long mate mateIn3 middlegame pillsburysMate,https://lichess.org/MOc8lpXF/black#70,
W2wVE,5r2/8/2B4p/2P1p3/7P/1R2k3/1PK2p2/r7 b - - 5 40,e3e2 c6b5 e2e1 b3e3,1955,104,69,60,endgame mate mateIn2 pillsburysMate short,https://lichess.org/ALYHAOIg/black#80,
W5sFZ,4r3/1k3p1p/2pB1P2/5b2/1qP5/1P4P1/rQ5P/K2R2R1 w - - 0 28,b2a2 b4c3 a2b2 e8a8 d6a3 a8a3,1915,77,92,282,exposedKing long mate mateIn3 middlegame pillsburysMate pin,https://lichess.org/MXVsaVu3#55,
W7W5H,1B6/8/1R6/p1p2pkp/8/2P2P1P/6K1/q7 b - - 2 38,a1c3 h3h4 g5h4 b8g3 h4g5 f3f4 g5g4 b6g6,1941,76,89,145,attraction endgame mate mateIn4 pillsburysMate veryLong,https://lichess.org/BZ6CVpBY/black#76,
W9Z7H,4r3/1p2r3/p2b2pk/3p1p2/3N2K1/3B1N1P/P1R2P2/8 w - - 0 40,d3f5 e7e4 f5e4 e8e4,1907,96,54,72,mate mateIn2 middlegame pillsburysMate sacrifice short,https://lichess.org/D9CvSEpX#79,
WA2k4,8/8/1R6/p3rkp1/8/3r1B1P/PP4PK/8 b - - 2 41,d3e3 g2g4 f5f4 b6f6 e5f5 f6f5,1910,76,93,607,endgame long mate mateIn3 pillsburysMate,https://lichess.org/oSBNm0xk/black#82,
WClYW,r2q1rk1/pp3ppp/2pp4/3N2P1/2BpP3/3P4/PPP2K2/R1BR4 b - - 0 14,f7f6 d5e7 g8h8 e7g6 h7g6 d1h1,1921,79,93,6281,discoveredCheck doubleCheck kingsideAttack long mate mateIn3 middlegame pillsburysMate sacrifice,https://lichess.org/edfnm7lN/black#28,Italian_Game Italian_Game_Giuoco_Piano
WE2Qv,5rk1/p3q2p/3pBPpQ/2p5/3n1P2/P1pP4/1rP2P2/2KR3R b - - 0 20,g8h8 h6h7 e7h7 h1h7 h8h7 d1h1,2028,75,93,1668,attraction kingsideAttack long mate mateIn3 middlegame pillsburysMate sacrifice,https://lichess.org/WCQvcKw6/black#40,
WF9GR,8/3Nk1pp/1q2r3/pp1p4/4n3/P2Qb3/1PP1R1PP/7K w - - 2 28,d7b6 e4g3 h2g3 e6h6,1929,75,93,12851,endgame mate mateIn2 pillsburysMate sacrifice short,https://lichess.org/vN8csmlX#55,
WHUIy,7k/pR5N/1b3Np1/6Pp/2B3b1/8/P2r2KP/8 w - - 5 34,g2f1 d2d1 f1g2 d1g1,2036,76,96,1104,mate mateIn2 middlegame operaMate pillsburysMate short,https://lichess.org/xUy7bXiq#67,
WLsfZ,4k3/pR4bp/3B2p1/3B1p2/2P5/3n2P1/5r1P/6K1 b - - 1 32,g7d4 d5c6 e8d8 b7b8,2008,110,70,63,endgame master mate mateIn2 pillsburysMate short,https://lichess.org/k2hdmEJs/black#64,
WNDef,6k1/pp3p1p/4r1p1/6b1/8/P3q2P/1PQ1N1P1/3R1K1R w - - 2 26,d1d3 e6f6 f1e1 e3f2 e1d1 f2f1 h1f1 f6f1,1900,76,94,4297,mate mateIn4 middlegame pillsburysMate sacrifice veryLong,https://lichess.org/wqYfMK0S#51,
WO5K8,7r/3k2p1/2p5/2RbB1P1/p7/P5Kr/1P6/4R3 w - - 1 37,g3g4 d5e6 g4f4 h8h4,2095,81,92,1602,endgame master mate mateIn2 pillsburysMate short,https://lichess.org/06SHIrec#73,
WTmhA,r4r1k/1p1b2p1/p2q3p/2p1Rp1P/P1B5/2BP2Q1/1P3PP1/6K1 b - - 2 25,f5f4 g3g7 h8g7 e5e7,1959,79,94,2823,attraction discoveredCheck doubleCheck kingsideAttack mate mateIn2 middlegame pillsburysMate sacrifice short,https://lichess.org/LqpEMVIF/black#50,
WTpxv,r2q1rk1/pp2bpBp/4pn2/1B6/8/2N5/PP1nKP1P/R5R1 b - - 0 16,f6h5 g7f6 h5g7 g1g7 g8h8 g7g8 h8g8 a1g1,2103,75,94,914,attraction discoveredAttack discoveredCheck doubleCheck kingsideAttack mate mateIn4 middlegame pillsburysMate sacrifice veryLong,https://lichess.org/C3EsBzJg/black#32,Sicilian_Defense Sicilian_Defense_Alapin_Variation
WTyIo,2R1r3/k4ppp/p2Bb3/8/3P4/Q5P1/P4PBP/1q4K1 w - - 1 29,g2f1 b1f1 g1f1 e6h3 f1g1 e8e1,1913,74,94,12066,attraction long mate mateIn3 middlegame pillsburysMate sacrifice,https://lichess.org/ROvQYttq#57,
WUaVR,r1b2rk1/ppp2pp1/3p3p/7Q/8/1P1B3P/q1P3P1/3KRR2 b - - 0 25,b7b6 h5f7 f8f7 e1e8 f7f8 f1f8,1915,76,95,3428,kingsideAttack long mate mateIn3 middlegame pillsburysMate sacrifice,https://lichess.org/fIavuGBX/black#50,
WbZwN,1r4k1/p1p1qrb1/3p2Q1/8/2PB3R/P5P1/1P3P2/n4K2 b - - 3 26,a1c2 g6h7 g8f8 h7h8 g7h8 h4h8,1922,75,94,7009,exposedKing fork long mate mateIn3 middlegame pillsburysMate sacrifice,https://lichess.org/c0O9u6i7/black#52,
WdUzn,3r4/1p3k1p/p3R2B/3r2PP/1P1b2K1/P7/2p5/4R3 b - - 2 41,d4b2 g5g6 h7g6 h5g6 f7g8 e6e8 d8e8 e1e8,2148,76,94,10081,endgame exposedKing mate mateIn4 pillsburysMate veryLong,https://lichess.org/uoxS7Xct/black#82,
WenWY,8/1b3p1p/p2R4/1p2pkp1/6B1/P1n4P/1r3PP1/5K2 b - - 1 32,f5e4 g4f3 e4f5 g2g4 f5f4 d6f6,1941,74,95,9311,endgame long mate mateIn3 pillsburysMate,https://lichess.org/KwcXBBVl/black#64,
Wi2ym,3r1rk1/2p3p1/pp2p2p/2b3PP/4bB1R/2P5/PP6/2KQ1B2 w - - 2 22,d1b3 c5e3 f4e3 f8f1 b3d1 f1d1,2092,84,80,570,long mate mateIn3 middlegame pillsburysMate queensideAttack,https://lichess.org/dnMmP762#43,
Wkj7P,r2q1rk1/1b1n1ppp/pp1bp3/8/2PBPP2/3B4/PP1Q1K1P/R5R1 b - - 0 15,d6c5 g1g7 g8h8 g7g8 h8g8 a1g1 d8g5 g1g5,2080,81,89,230,attraction discoveredCheck doubleCheck kingsideAttack mate mateIn4 middlegame pillsburysMate sacrifice veryLong,https://lichess.org/khcj6UkR/black#30,Queens_Gambit Queens_Gambit_Other_variations
Wlju8,7r/3P2k1/b3p3/3pN1K1/3P1P1p/4P1p1/8/4B1R1 w - - 4 48,e5c6 a6e2 f4f5 h8h5 g5f4 h5f5,1969,75,81,157,endgame long mate mateIn3 pillsburysMate quietMove,https://lichess.org/sRXk367s#95,
WmLRR,5r2/2R5/3N3p/1k4p1/5nP1/1p4K1/1Bb4P/8 b - - 1 51,b5b4 b2c3 b4a3 c7a7,2040,75,87,350,endgame mate mateIn2 pillsburysMate short,https://lichess.org/Jqy8f3A3/black#102,
Wp3ge,2kr2r1/pbp4p/1p2p3/4pp2/P1P1P3/2PB4/4QPPP/1R3RK1 w - - 0 17,e4f5 g8g2 g1h1 g2g1 h1g1 d8g8 e2g4 g8g4,2046,83,86,282,attraction discoveredCheck doubleCheck kingsideAttack mate mateIn4 middlegame pillsburysMate sacrifice veryLong,https://lichess.org/glWqmyza#33,Kangaroo_Defense Kangaroo_Defense_Keres_Defense
WpguQ,4r3/2p4k/1r1b3N/1p2q3/1P4Q1/P2p1p2/6PP/R1B2RK1 w - - 2 31,f1f3 e5h2 g1f1 h2h1 f1f2 e8e2,1966,76,87,332,long mate mateIn3 middlegame pillsburysMate,https://lichess.org/qvMtHdsM#61,
WpoZA,k3r1r1/pb5p/1pRQ4/4P3/8/4P3/PP3PPP/5RK1 w - - 3 23,c6c7 g8g2 g1h1 g2g1 h1g1 e8g8 c7g7 g8g7 d6g6 g7g6,2050,77,93,1052,attraction discoveredCheck doubleCheck endgame mate mateIn5 pillsburysMate sacrifice veryLong,https://lichess.org/yAV4W2CD#45,
WqorW,4r1nk/1pqr1ppp/p1p5/4p1P1/2PPQ3/P1PR4/2B2P1P/R5K1 b - - 1 26,f7f6 e4h7 h8h7 d3h3,1920,79,66,352,attraction discoveredCheck doubleCheck kingsideAttack mate mateIn2 middlegame pillsburysMate sacrifice short,https://lichess.org/1mkTYYdE/black#52,
WtPUc,2k2r2/pppb4/6p1/2b1p2p/2P1Pn2/1Q3PK1/PP1N3P/R2R4 w - - 0 26,d2f1 h5h4 g3h4 f8h8 h4g3 h8h3,2097,79,82,378,attraction hookMate long mate mateIn3 middlegame operaMate pillsburysMate,https://lichess.org/8DK8gAu8#51,
Wvq08,rn2r3/ppp2pkp/6b1/2b3Q1/2P5/7P/PP2K1P1/R4BNR w - - 1 24,e2d2 c5b4 d2c1 e8e1,1961,93,58,74,mate mateIn2 middlegame pillsburysMate short,https://lichess.org/TAN0iTyj#47,
Ww8r5,rnb2r2/1p1pRNbk/2nP1qpp/p3B3/2B5/8/PP1Q1PPP/R5K1 b - - 4 18,c6e5 d2h6 g7h6 f7g5 h7h8 e7h7,2062,75,89,334,discoveredCheck doubleCheck long mate mateIn3 middlegame pillsburysMate sacrifice,https://lichess.org/nfZt1A6X/black#36,Sicilian_Defense Sicilian_Defense_Smith-Morra_Gambit
X1Pes,6r1/2p4p/5R2/2k5/1P2Bp2/P4K2/2P4r/8 b - - 0 24,c5b5 e4d3 b5a4 f6a6,2014,75,94,10175,endgame mate mateIn2 pillsburysMate short,https://lichess.org/jr92efB4/black#48,
X3GCZ,5rk1/1pq2p1p/1np3pQ/3P1p2/p7/1B6/P2B1PPP/4R1K1 b - - 0 23,a4b3 h6f8 g8f8 d2h6 f8g8 e1e8,2195,83,86,122,attraction endgame kingsideAttack long mate mateIn3 pillsburysMate sacrifice,https://lichess.org/3pukP7X1/black#46,
X5aWd,1k1r3r/1p3p2/p1bP4/2P1b3/6pp/P3B1P1/5P1K/1R1Q1R2 w - - 0 29,e3f4 h4g3 h2g3 h8h3 g3g4 c6d7 g4g5 d8g8,2007,79,74,93,attraction discoveredCheck doubleCheck mate mateIn4 middlegame pillsburysMate veryLong,https://lichess.org/pP3d9QQn#57,
X6xbe,r2q1rk1/pbp1b1pp/1p2p3/4P2B/P7/2P4R/2QB2PP/2R3K1 b - - 3 22,d8d5 c2h7 g8h7 h5f7 e7h4 h3h4,2077,85,54,53,discoveredAttack discoveredCheck kingsideAttack long mate mateIn3 middlegame pillsburysMate sacrifice,https://lichess.org/Ja4Eo5lH/black#44,
X7t0F,4rrk1/p1p2ppp/2p5/3p4/5Qb1/P1n3Pq/1PPP1P1P/RNB2RK1 w - - 1 16,b1c3 h3f1 g1f1 g4h3 f1g1 e8e1,2006,78,96,2640,attraction kingsideAttack long mate mateIn3 middlegame pillsburysMate sacrifice,https://lichess.org/I41gpURC#31,Italian_Game Italian_Game_Two_Knights_Defense
X82rv,r6k/ppR4p/2bP4/4q3/6r1/4PN2/PP3PPP/5RK1 w - - 0 26,f3e5 g4g2 g1h1 g2g1 h1g1 a8g8 c7g7 g8g7 e5g6 g7g6,1954,82,92,10766,attraction discoveredCheck doubleCheck endgame mate mateIn5 pillsburysMate sacrifice veryLong,https://lichess.org/37FHJ9L1#51,
X92ED,N1b2k1r/pp3pp1/7p/2b1P1B1/2B1n3/8/PqP3PP/R2Q1RK1 w - - 1 18,g1h1 e4g3 h2g3 h6g5 d1h5 h8h5,2062,78,93,2165,discoveredAttack discoveredCheck kingsideAttack long mate mateIn3 middlegame pillsburysMate,https://lichess.org/xUZlV3di#35,Kings_Gambit_Declined Kings_Gambit_Declined_Falkbeer_Countergambit_Accepted
XB0mJ,r1b2r1k/pp3ppp/1q3n2/6R1/6Q1/1P4P1/PBP2P1P/2KR4 b - - 5 22,f6g4 b2g7 h8g8 g7f6,1933,100,33,49,discoveredAttack discoveredCheck fork mate mateIn2 middlegame pillsburysMate short,https://lichess.org/kKPB7feg/black#44,
XBCgI,2kr2r1/pb1p1p1p/1p3n2/2p3B1/2P5/2N5/PP2BPPP/R4RK1 w - - 6 15,g5f6 g8g2 g1h1 g2g1 h1g1 d8g8 f6g5 g8g5 e2g4 g5g4,2196,78,83,206,attraction discoveredCheck doubleCheck kingsideAttack mate mateIn5 middlegame pillsburysMate sacrifice veryLong,https://lichess.org/WAkoViUJ#29,Englund_Gambit Englund_Gambit_Other_variations
XCUqN,8/p5pp/P1p1p3/2R1P3/knB3P1/5RK1/3r2P1/1r6 b - - 2 38,b1b2 f3a3 a4a3 c5a5,1915,81,93,1727,attraction endgame master mate mateIn2 pillsburysMate sacrifice short,https://lichess.org/P3xgrZqG/black#76,
XDLDO,2r2k2/p1r5/5Np1/1pn1p1B1/2Bp4/3P1b2/PPPK1P1P/4R3 w - - 0 26,c4b5 c5b3 a2b3 c7c2,1942,79,77,641,discoveredAttack mate mateIn2 middlegame pillsburysMate sacrifice short,https://lichess.org/7Pi9cUdD#51,
XDtob,k2r1r2/1R1p4/Bppq4/6pp/2P5/3nP2P/3P2P1/R5K1 b - - 3 29,d8b8 b7a7 a8a7 a6c8 d6a3 a1a3,1934,74,98,1630,discoveredAttack discoveredCheck exposedKing long mate mateIn3 middlegame pillsburysMate queensideAttack sacrifice,https://lichess.org/Z3UVZNcz/black#58,
XFg4p,2k4r/1bp3q1/pn2p3/2Qr2N1/8/2PB4/P4PPP/1R3RK1 w - - 3 22,g5e6 g7g2 g1g2 d5g5,2144,78,75,120,attraction collinearMove discoveredCheck doubleCheck epauletteMate master mate mateIn2 middlegame pillsburysMate sacrifice short,https://lichess.org/z2jVARsk#43,
XGjQa,rn3k1r/ppq2p1p/2pb4/5p1Q/3P1P2/8/PPP3PP/R1B1R1K1 b - - 1 16,d6f4 h5h6 f4h6 c1h6 f8g8 e1e8,2026,77,89,262,long mate mateIn3 middlegame pillsburysMate sacrifice xRayAttack,https://lichess.org/SFTjIpFY/black#32,Caro-Kann_Defense Caro-Kann_Defense_Classical_Variation
XHvrs,r4rk1/4bppp/5n2/1pp5/4P2P/qpBP4/2PQ1P2/3K2RR b - - 0 22,f6e4 g1g7 g8h8 g7g8 h8g8 h1g1 e4g3 g1g3 e7g5 g3g5,2190,77,85,121,attraction discoveredCheck doubleCheck kingsideAttack mate mateIn5 middlegame pillsburysMate sacrifice veryLong,https://lichess.org/5Nxz4f3k/black#44,
XJW7Q,r4r1k/3n1pRp/2n5/1ppp3P/p4q2/1P1P1Q2/PBPN4/2KR4 b - - 0 22,f4f3 g7g8 h8g8 d1g1 f3g4 g1g4,2020,78,75,256,attraction discoveredCheck doubleCheck kingsideAttack long mate mateIn3 middlegame pillsburysMate sacrifice,https://lichess.org/55AZxb9T/black#44,
XKIEo,8/4RQbk/2P4p/1P4p1/4K1P1/5P2/r3q2P/2R5 w - - 2 37,e4d5 e2d3 d5e6 a2e2,2140,117,64,72,endgame mate mateIn2 pillsburysMate short,https://lichess.org/NBnQimiR#73,
XL8nj,2r5/p4R2/2p3p1/1p4k1/8/2P2PB1/r4PKP/8 b - - 2 29,a7a5 g3f4 g5h5 f7h7,2065,81,83,367,endgame mate mateIn2 pillsburysMate short,https://lichess.org/CQCjkt1d/black#58,
XLezP,5rk1/pp4pp/1bp1r2q/3ppn1Q/8/1P1P1P2/PBPNR1PP/4R2K w - - 7 23,h5h6 f5g3 h2g3 e6h6,1921,78,66,234,intermezzo master masterVsMaster mate mateIn2 middlegame pillsburysMate short,https://lichess.org/Y8HQvzPa#45,
XMcV4,5r1k/ppb3pp/2n5/6Q1/2Bpp3/2P4P/PP4P1/R1B1qNK1 w - - 0 23,c3d4 e1f2 g1h1 f2f1 c4f1 f8f1,1929,77,94,14686,deflection kingsideAttack long mate mateIn3 middlegame pillsburysMate sacrifice,https://lichess.org/eG7h4wJ0#45,
XO6U7,r2q4/1p4kp/p4B1N/2bb4/8/1P4Q1/P1Pp2rP/RN3R1K b - - 3 24,g7h6 f6g7 h6h5 f1f5 d8g5 f5g5,2138,77,93,1454,exposedKing long mate mateIn3 middlegame pillsburysMate,https://lichess.org/cgrC63TT/black#48,
XQBJM,4rrk1/1pp2ppp/p1p5/8/2Q5/2B4P/1KP1q3/6RR b - - 1 21,e2c4 g1g7 g8h8 g7g8 h8g8 h1g1 c4g4 g1g4,2060,78,90,1226,attraction discoveredCheck doubleCheck endgame mate mateIn4 pillsburysMate sacrifice veryLong,https://lichess.org/sosSPAgI/black#42,
XSdY1,2kr2r1/pp3p1p/2b1p2p/2Q1P3/P2p4/1P3N2/3q1PPP/2R2RK1 w - - 0 18,f3d2 g8g2 g1h1 g2g1 h1g1 d8g8,2074,79,92,1766,attraction discoveredCheck doubleCheck kingsideAttack long mate mateIn3 middlegame pillsburysMate sacrifice,https://lichess.org/jj4lWp9Z#35,French_Defense French_Defense_Advance_Variation
XT2Ua,3r4/pbqr1kpp/4R3/3nR3/1Q6/1B6/PPP2PPP/6K1 b - - 6 22,d5b4 e5f5 f7g8 e6e8,2051,79,63,116,discoveredCheck doubleCheck mate mateIn2 middlegame morphysMate pillsburysMate short,https://lichess.org/UKm0o732/black#44,
XVWtc,r6r/ppp2p1p/n7/P3Nq2/2P2p2/1kR5/1P1BRKPP/8 b - - 3 29,b3b4 c3d3 b4c5 d3d5,2056,154,71,30,discoveredAttack discoveredCheck mate mateIn2 middlegame pillsburysMate short vukovicMate,https://lichess.org/CKXy8gKr/black#58,
XVykX,4r1k1/1b2q1pp/pQ1p4/3P1B1n/2P2p1b/5P1P/PP4PB/R2R2K1 w - - 3 27,d1d4 e7e1 a1e1 e8e1,2033,77,94,2118,kingsideAttack mate mateIn2 middlegame pillsburysMate sacrifice short,https://lichess.org/Moeb4bzT#53,
XX0KN,1rr3k1/5pbp/6p1/8/3N4/2N5/PnP3QP/1K1R3R w - - 0 26,d4c6 b2d3 c6b8 c8b8 g2b7 b8b7 c3b5 b7b5,2037,82,92,786,discoveredAttack discoveredCheck mate mateIn4 middlegame pillsburysMate sacrifice veryLong,https://lichess.org/6U8KkUR3#51,
XXVg6,1b2r1k1/p2Q1p1p/1p4p1/6r1/2P1q3/1P2N2P/P4PP1/3RR1K1 w - - 4 29,d1d4 e4g2 e3g2 e8e1,2192,75,95,1813,discoveredAttack kingsideAttack mate mateIn2 middlegame pillsburysMate pin sacrifice short,https://lichess.org/ke9z8BOB#57,
XXYJd,r5R1/p3k3/3p2p1/3P3p/4Pb2/2NBn1rP/PPP1R2K/8 w - - 4 26,g8a8 g3f3 h2g1 f3f1,2059,79,81,115,discoveredAttack discoveredCheck mate mateIn2 middlegame pillsburysMate short,https://lichess.org/QgdNS06q#51,
XY2Kx,5rk1/1p3p1p/p5pQ/3pR3/3Pb3/P6P/1q1B1PPK/8 b - - 1 30,b2d4 h6f8 g8f8 d2h6 f8g8 e5e8,1987,75,94,1491,attraction endgame long mate mateIn3 pillsburysMate sacrifice,https://lichess.org/WPVjsjbz/black#60,
XYI7C,3r4/1p3p1p/p5p1/P2N1P2/q6k/7P/1P1BBP2/n4KR1 b - - 0 29,d8d5 d2g5 h4h3 g1h1,2001,105,71,78,endgame mate mateIn2 pillsburysMate short,https://lichess.org/ryA68rAE/black#58,
XdBkk,r3k3/1p3p1N/p3pQ1P/q3P3/1nB1p3/3b4/PP4P1/2KR3R w q - 2 25,h1f1 b4a2 c4a2 a8c8 a2c4 c8c4,1967,76,97,2054,long mate mateIn3 middlegame pillsburysMate queensideAttack sacrifice,https://lichess.org/B4XNuFkF#49,
XgKTY,r4rk1/ppp2ppp/8/8/5q1n/2B4P/PP3PR1/6RK b - - 5 27,h4f3 g2g7 g8h8 g7g8,1925,80,88,424,discoveredCheck doubleCheck mate mateIn2 middlegame morphysMate pillsburysMate short,https://lichess.org/sfHBsuMG/black#54,
Xi7eL,5r2/1br5/3R3p/ppP3p1/1P1R1kB1/P1P1pp1P/7K/8 b - - 1 38,b7e4 d6e6 e3e2 d4e4,2089,78,88,1506,endgame mate mateIn2 pillsburysMate short,https://lichess.org/tpct9hke/black#76,
Xid67,1r1kr3/2p2pp1/2Qb2qp/1p6/3N4/P3B2P/5PP1/1R4KR w - - 8 30,b1b5 g6b1 b5b1 b8b1 c6c1 b1c1 e3c1 e8e1,1953,75,88,340,mate mateIn4 middlegame pillsburysMate sacrifice veryLong xRayAttack,https://lichess.org/U44jHCyD#59,
XjBoR,4r1k1/pp3p1p/3b1p2/2p5/8/1P1P4/P1PQ1PPq/1RB2K2 w - - 0 22,d2h6 h2g1 f1g1 e8e1,1994,78,69,150,attraction endgame mate mateIn2 pillsburysMate sacrifice short,https://lichess.org/NEnAeGmx#43,
XjrlY,6k1/7b/R6p/4N1p1/4n3/N4K1P/PP4P1/5r2 w - - 5 36,f3g4 f1f4 g4h5 f4h4,1944,77,93,10759,endgame mate mateIn2 pillsburysMate short,https://lichess.org/23ZW9hGx#71,
Xqqhk,q3r1k1/p2Q1p1p/6p1/8/5B2/6P1/PbP1bP1P/1R4K1 w - - 0 23,b1b2 a8h1 g1h1 e2f3 h1g1 e8e1,1974,79,91,2774,attraction endgame long mate mateIn3 pillsburysMate sacrifice,https://lichess.org/AGMQ6viv#45,
Xrg2W,6k1/4p2p/2p3pB/3P4/2B1K1P1/2b2r2/1q6/3R3R b - - 1 29,f3f2 d5c6 e7e6 c4e6 g8h8 d1d8 f2f8 d8f8,2065,76,84,224,discoveredAttack discoveredCheck mate mateIn4 middlegame pillsburysMate veryLong,https://lichess.org/xhyzwoKE/black#58,
XsrX5,r1b4k/pp3Bpp/2p5/2q3bQ/3r3P/8/PP3PP1/R4K1R b - - 0 17,c8g4 h5h7 h8h7 h4g5 g4h3 h1h3 d4h4 h3h4,1946,79,92,691,discoveredAttack discoveredCheck kingsideAttack mate mateIn4 middlegame pillsburysMate sacrifice veryLong,https://lichess.org/p3pD8qIq/black#34,Sicilian_Defense Sicilian_Defense_Old_Sicilian
XvZr9,4r2k/pp3pp1/2pB4/5b2/8/1QP5/PP2qPBP/3R2K1 w - - 4 29,d1d4 e2e1 g2f1 e1f1 g1f1 f5h3 f1g1 e8e1,2102,77,96,4997,attraction mate mateIn4 middlegame pillsburysMate sacrifice veryLong,https://lichess.org/aIPRE8Ui#57,
XxAqy,4r1k1/pp3p1p/8/5b2/3N1Q2/P1q5/5PrP/5RKR w - - 0 26,g1g2 c3h3 g2g1 h3f1 g1f1 f5h3 f1g1 e8e1,2132,116,83,25,attraction mate mateIn4 middlegame pillsburysMate sacrifice veryLong,https://lichess.org/snj1eheZ#51,
XzuKv,5rk1/5ppp/2p1p3/4B3/2rP4/P3K3/1P3PqP/6RR b - - 3 28,g2d5 g1g7 g8h8 g7g8 h8g8 h1g1 d5g2 g1g2,2069,78,92,434,attraction discoveredCheck doubleCheck endgame mate mateIn4 pillsburysMate sacrifice veryLong,https://lichess.org/e7z6FExC/black#56,
Y1hAK,4r1k1/1B3pbp/p5p1/1p3bP1/8/2Pn2B1/PP1R1P1P/5K1R w - - 2 27,b7a6 f5h3 f1g1 e8e1,1908,83,91,4785,mate mateIn2 middlegame pillsburysMate short,https://lichess.org/kKa2e1Zc#53,
Y28Tl,4r2k/6p1/3Q3p/5b2/5B2/P5P1/1P2qPBP/2R3K1 w - - 9 36,c1c7 e2e1 g2f1 e1f1 g1f1 f5h3 f1g1 e8e1,2035,85,85,84,attraction mate mateIn4 middlegame pillsburysMate sacrifice veryLong,https://lichess.org/bPCRKAqY#71,
Y30PX,r1b1B1k1/pp4pp/4p3/3pq3/8/3Q4/PbP3P1/1K3R2 b - - 3 24,b2a1 e8f7 g8h8 d3h7 h8h7 f1h1 e5h2 h1h2,2022,76,97,2501,attraction mate mateIn4 middlegame pillsburysMate sacrifice veryLong,https://lichess.org/5rWu1j5T/black#48,
Y3a9U,4rk2/pp2nppQ/1bq4p/8/5P2/2N3P1/PrB2P2/4R1KR b - - 7 28,c6c3 h7h8 e7g8 h8g8 f8g8 e1e8,2135,75,94,915,attraction deflection long mate mateIn3 middlegame pillsburysMate,https://lichess.org/KNMrp7t0/black#56,
Y6ggS,rn4k1/pQ4pp/2p5/3p1b2/3p4/1P6/1PP1rPqP/R1KN2R1 w - - 0 19,g1g2 e2c2 c1b1 c2c5 b1a2 c5a5,2025,78,87,94,discoveredAttack discoveredCheck long mate mateIn3 middlegame pillsburysMate queensideAttack,https://lichess.org/EhiSB4Jy#37,
Y9AsT,r1b2rk1/1p3ppp/p2pp3/6q1/3B4/5P2/P1P1NP1P/1R4RK b - - 0 23,g5d5 g1g7 g8h8 g7g8 h8g8 b1g1 d5g5 g1g5,2132,82,84,86,attraction discoveredCheck doubleCheck kingsideAttack mate mateIn4 middlegame pillsburysMate sacrifice veryLong,https://lichess.org/WmsMO1AP/black#46,
YButi,4k3/1b1p2pp/p7/1p2R1n1/1Bp5/1P3rP1/PKP4P/8 b - - 0 33,e8d8 b4a5 d8c8 e5e8,2122,77,87,604,endgame mate mateIn2 pillsburysMate short,https://lichess.org/MC27NOug/black#66,
YDlM4,3r1k2/pp3p2/2P3p1/8/4pP2/2b1KbNQ/P1r5/2R3R1 w - - 0 33,c1c2 d8d3 e3f2 c3d4 f2e1 d3d1,2075,77,83,139,long mate mateIn3 middlegame operaMate pillsburysMate,https://lichess.org/5iFEbQqB#65,
YDyQu,5r1k/6pp/8/1pQ5/3pNq2/PP1Pn1bP/1BP3P1/R5K1 w - - 1 31,b2d4 f4f1 a1f1 f8f1,1934,116,41,64,mate mateIn2 middlegame pillsburysMate sacrifice short,https://lichess.org/wZ9UIfLu#61,
YGyY2,8/P1bp2pk/6qp/2Bb1p2/4r3/2PB1N1P/1Q3PP1/5RK1 w - - 0 26,f3d4 g6g2 g1g2 e4g4,2089,87,79,97,attraction discoveredCheck doubleCheck kingsideAttack mate mateIn2 middlegame pillsburysMate sacrifice short,https://lichess.org/6nMUFci6#51,
YJm9u,r3k2r/1p3pp1/p3p3/2p1p1b1/P3Pq2/2NP1pN1/BPP2P2/R2QR1K1 w kq - 6 19,e1e3 f4g3 f2g3 g5e3 g1f1 h8h1,2008,79,92,1349,discoveredAttack kingsideAttack long mate mateIn3 middlegame pillsburysMate,https://lichess.org/ftzm874B#37,
YJqb3,6k1/p4R2/3N2p1/4p2p/P5b1/3Pb1P1/1r4BP/5K2 w - - 1 32,g2d5 b2b1 f1g2 b1g1,2193,77,85,293,endgame mate mateIn2 operaMate pillsburysMate short,https://lichess.org/KAb5MXup#63,
YKF05,r4k1r/ppp2pp1/7p/2b1P1qn/6b1/5pP1/PPP1B2P/RNBQR2K w - - 0 15,c1g5 h5g3 h2g3 h6g5,2046,84,91,1084,discoveredAttack discoveredCheck intermezzo kingsideAttack mate mateIn2 middlegame pillsburysMate short,https://lichess.org/4qJ2vcJz#29,Kings_Gambit_Accepted Kings_Gambit_Accepted_MacLeod_Defense
YKf1V,2r1r1k1/pb1qbp1n/1p4pB/3p3p/3P1Q2/1P3B1P/n1P1N1PN/4RRK1 b - - 7 27,c8c2 f4f7 g8f7 f3d5,2108,78,68,130,attraction discoveredCheck doubleCheck kingsideAttack mate mateIn2 middlegame pillsburysMate sacrifice short,https://lichess.org/oUmDTLKR/black#54,
YKkuQ,2r5/5k2/3Pb1p1/1N1R2P1/8/B2p4/rP3P2/1K6 w - - 4 33,d5d3 a2a1 b1a1 c8c1,1913,94,90,59,attraction endgame master mate mateIn2 pillsburysMate sacrifice short,https://lichess.org/hrwnANCx#65,
YMHbY,1r4k1/p2B1pp1/2QP2bp/4p3/P5P1/2P2P1P/1r3B2/5KR1 w - - 1 28,f2a7 g6d3 f1e1 b2e2 e1d1 b8b1,1919,75,97,1425,exposedKing long mate mateIn3 middlegame pillsburysMate,https://lichess.org/2zChBuiB#55,
YNYmJ,r2k1bnN/pbp2Bpp/1p6/n7/8/3P1PB1/PPq3PP/2R1R1K1 b - - 1 17,c2b2 e1e8 d8d7 c1c7,2042,78,94,15428,mate mateIn2 middlegame operaMate pillsburysMate short,https://lichess.org/qHhapd7A/black#34,Elephant_Gambit Elephant_Gambit_Other_variations
YRHIm,r1rn2k1/1p1qBp1p/6p1/3P4/P3R3/5N1P/5PP1/Q5K1 b - - 0 24,d7d5 a1h8 g8h8 e7f6 h8g8 e4e8,1967,75,88,396,attraction long mate mateIn3 middlegame pillsburysMate sacrifice,https://lichess.org/Lc0p8BoL/black#48,
YSLog,1r3rk1/p1p2pRp/3p4/3p4/4P3/2B2P2/PP1q1P1P/R6K b - - 0 20,g8h8 g7g8 h8g8 a1g1 d2g5 g1g5,2076,80,91,641,attraction discoveredCheck doubleCheck endgame kingsideAttack long mate mateIn3 pillsburysMate sacrifice,https://lichess.org/9l4v6CLJ/black#40,
YTbqM,2r1k2r/1b3p1p/p2pNP2/4P2Q/1p6/2qB4/P1Pb3P/1K1R2R1 b k - 0 24,b7d5 h5f7 e8f7 g1g7 f7e6 g7e7,2045,75,94,1702,attackingF2F7 attraction epauletteMate long mate mateIn3 middlegame pillsburysMate sacrifice,https://lichess.org/xKzx0bJ7/black#48,
YVaIr,8/pp3kr1/2p1R3/2bp4/4nP2/P7/1PB3PP/4R2K w - - 1 33,f4f5 e4g3 h2g3 g7h7 e6h6 h7h6,1970,81,78,99,endgame long mate mateIn3 pillsburysMate sacrifice,https://lichess.org/XQCiNiiW#65,
YVfyt,4Q3/5pkp/6p1/2b4q/5Pn1/2N3PP/Pr4B1/2R2R1K w - - 1 27,c3e4 h5h3 g2h3 b2h2,1973,78,88,536,master mate mateIn2 middlegame pillsburysMate sacrifice short,https://lichess.org/DbrdvXou#53,
YWGaW,r2qr1k1/ppp2R1n/3p3B/4n1bQ/P3P1b1/2NP4/BPP3PP/R5K1 b - - 0 17,g4h5 f7f8,1989,83,92,761,discoveredCheck doubleCheck mate mateIn1 middlegame oneMove operaMate pillsburysMate,https://lichess.org/6ummhYtj/black#34,Italian_Game Italian_Game_Two_Knights_Defense
YWbfJ,2k4r/p1q1bp2/b1p5/8/N2pQ1P1/6K1/PPP3P1/R3R3 w - - 0 23,g3f2 e7h4 f2g1 c7h2 g1h2 h4f2 e4h7 h8h7,2066,74,94,12126,discoveredAttack discoveredCheck mate mateIn4 middlegame pillsburysMate sacrifice veryLong,https://lichess.org/4jJewGkc#45,
Yb8om,5k2/1pq1nppQ/p4p2/2p2B2/5P2/1P4PP/P1Pr4/4R1K1 b - - 2 27,c5c4 h7h8 e7g8 h8g8 f8g8 e1e8,2121,78,91,460,attraction endgame long mate mateIn3 pillsburysMate sacrifice,https://lichess.org/KOj2y0EA/black#54,
YhIM9,8/p5k1/1pP1Q3/3p2b1/P2P4/3Pn1PK/8/5r2 w - - 3 41,g3g4 f1f3 h3h2 g5f4 h2g1 f3f1,1901,81,90,2281,endgame long master masterVsMaster mate mateIn3 pillsburysMate superGM,https://lichess.org/bBdjtrLw#81,
Yieyu,1r3r1k/1p3pRp/p1b1pn2/4B3/2P5/P4P2/2P1BK1P/1R6 b - - 0 21,f6d7 g7g8 h8g8 b1g1,2042,81,75,129,attraction discoveredCheck doubleCheck mate mateIn2 middlegame pillsburysMate sacrifice short,https://lichess.org/DqmgliGu/black#42,
YkfJt,r4r2/1p2bp1k/4b1pp/p2p1p2/Pq1B1P2/5NRQ/6PP/3R2K1 b - - 1 26,e7c5 h3h6 h7h6 g3h3,2037,75,93,8663,attraction mate mateIn2 middlegame pillsburysMate sacrifice short,https://lichess.org/lO159bv3/black#52,
Ykgcf,8/8/R4p2/5k2/3p3b/3P1n2/PP4R1/3r1K2 w - - 16 55,f1e2 d1e1 e2f3 e1e3,1928,78,84,487,endgame mate mateIn2 pillsburysMate sacrifice short,https://lichess.org/gt30JnFj#109,
YmYIR,r3kbr1/1pp2pp1/p1n1bB1p/1q6/2PpN3/3Q1N2/PP3PPP/3RR1K1 b q c3 0 14,d4c3 d3d7 e6d7 e4d6,2152,76,94,2176,discoveredCheck doubleCheck mate mateIn2 middlegame pillsburysMate sacrifice short,https://lichess.org/fZOI05Y0/black#28,Italian_Game Italian_Game_Scotch_Gambit
YntCe,3r1rk1/1p5p/2bNp1p1/p7/2P5/Q3R2P/PP1q1P1P/5RK1 w - - 3 25,d6b5 d2f2 f1f2 d8d1 e3e1 d1e1 f2f1 e1f1,2087,80,94,10619,clearance kingsideAttack mate mateIn4 middlegame pillsburysMate sacrifice veryLong,https://lichess.org/VY3ol0Ci#49,
YvFOe,3r1rk1/p4ppp/1n6/1p1B4/1b6/1P1P3P/PBP2P2/2KR2R1 b - - 0 19,b6d5 g1g7 g8h8 g7g8 h8g8 d1g1,2094,86,91,4562,attraction discoveredCheck doubleCheck kingsideAttack long mate mateIn3 middlegame pillsburysMate sacrifice,https://lichess.org/tQQIK1V9/black#38,Kings_Pawn_Game Kings_Pawn_Game_McConnell_Defense
Z1RvP,4k3/1b4p1/3Np3/3n4/Qq1B2n1/8/PPr4r/1K1R1R2 b - - 3 29,e8e7 f1f7 e7d6 f7d7,2107,79,66,148,master mate mateIn2 middlegame pillsburysMate sacrifice short,https://lichess.org/Kz32aeYq/black#58,
Z3XtD,rk2r3/pppBB1pp/5n2/4N3/8/2P5/P4PPP/4R1K1 b - - 12 25,e8e7 e5c6 b7c6 e1b1,2047,82,79,128,endgame mate mateIn2 pillsburysMate sacrifice short,https://lichess.org/42gmIW6w/black#50,
Z4RAB,r4r1k/1pq3pp/p1b1B1n1/2p2R1Q/P2bN1N1/3P3P/1PP3P1/R6K b - - 0 21,c6e4 h5h7 h8h7 f5h5,1966,76,88,1134,attraction kingsideAttack mate mateIn2 middlegame pillsburysMate sacrifice short,https://lichess.org/G0FlFqe9/black#42,
Z50uM,2kr3r/ppp5/8/6Pp/1P1N1p2/P3P2b/3QBq2/R5RK w - - 0 27,e2g4 h5g4 d2f2 h3f1 f2h2 h8h2 h1h2 d8h8,1919,75,94,3025,attraction discoveredAttack discoveredCheck exposedKing kingsideAttack mate mateIn4 middlegame pillsburysMate sacrifice veryLong,https://lichess.org/QkMxaDhi#53,
Z5IUt,7r/ppp1n1k1/1b6/5bNq/2pP4/2P1B1R1/PP4P1/5RK1 b - - 1 26,f5d3 g5e6 g7h7 g3g7,1949,77,95,13341,discoveredCheck doubleCheck mate mateIn2 middlegame pillsburysMate short,https://lichess.org/asvNOi14/black#52,
Z7kqn,2k5/1pp3N1/p1b1PP2/3pn1K1/6P1/1P2B3/6rr/3RR3 w - - 5 33,e6e7 g2g4 g5f5 c6d7 f5e5 g4e4 e5d5 d7c6 d5c5 h2c2,2134,89,89,481,mate mateIn5 middlegame pillsburysMate sacrifice veryLong,https://lichess.org/56Jess6d#65,
ZAWNL,2r3rk/pb3p1p/1p2pp2/7q/3N4/PP2P3/4QPPP/R4RK1 w - - 4 21,e2h5 g8g2 g1h1 g2g1 h1g1 c8g8 h5g6 g8g6,2040,79,86,436,attraction discoveredCheck doubleCheck kingsideAttack mate mateIn4 middlegame pillsburysMate sacrifice veryLong,https://lichess.org/F9FgXSRn#41,
ZHRnh,r4k2/1b3p1p/p1q1pp2/2b5/5Nr1/5N2/PPP1QPPP/3R1R1K w - - 10 18,f3d4 c6g2 f4g2 b7g2 h1g1 g2f3,2027,75,94,6101,discoveredAttack discoveredCheck fork long mate mateIn3 middlegame pillsburysMate sacrifice,https://lichess.org/jWEjBqMc#35,Sicilian_Defense Sicilian_Defense_Nyezhmetdinov-Rossolimo_Attack
ZJCA3,2kr4/ppp2p2/2n4p/3b4/8/P1Np4/P2N1PrP/R1B2RK1 w - - 0 18,g1h1 g2g1 h1g1 d8g8,2026,79,84,160,attraction discoveredCheck doubleCheck mate mateIn2 middlegame pillsburysMate sacrifice short,https://lichess.org/o0PjxS4q#35,Italian_Game Italian_Game_Anti-Fried_Liver_Defense
ZJNKw,5rk1/Q2R1R2/1p4p1/1P2p3/4P2b/5K1P/P7/5q2 w - - 1 43,f3g4 f1f4 f7f4 f8f4,2128,75,93,9257,collinearMove endgame mate mateIn2 pillsburysMate sacrifice short xRayAttack,https://lichess.org/bTGMNhUC#85,
ZJVK6,2kr1b1r/1pp1pppp/2n5/8/Q1b5/3qB3/P4PPP/3RR1K1 b - - 3 16,d3e4 a4a8 c6b8 a8b8 c8b8 d1d8,2002,173,0,10,attraction deflection long mate mateIn3 middlegame pillsburysMate queensideAttack,https://lichess.org/7qLk6rRP/black#32,Scandinavian_Defense Scandinavian_Defense_Modern_Variation
ZKkjK,6nr/1kp5/pp1bR3/5r2/P1P3N1/1PN5/6P1/R5K1 w - - 1 26,a1f1 h8h1 g1h1 f5f1,2053,78,78,103,attraction deflection mate mateIn2 middlegame pillsburysMate short,https://lichess.org/RqvpARz7#51,
ZRsjf,3rrq1k/pb4p1/1p2BPPB/2p5/3p4/nP1P4/1KQ2P2/3R2R1 b - - 1 29,a3c2 h6g7 f8g7 g1h1 b7h1 d1h1 g7h7 h1h7,2044,75,86,110,fork master mate mateIn4 middlegame pillsburysMate sacrifice veryLong,https://lichess.org/nGemUODN/black#58,
ZUE0B,r6r/1k3pb1/3Pp1bp/qp4p1/2pP2P1/2N2N1P/PP2Q1P1/K2RR3 w - - 1 29,f3e5 a5a2 c3a2 a8a2 a1a2 h8a8,2060,76,95,896,attraction long mate mateIn3 middlegame pillsburysMate sacrifice,https://lichess.org/lnqLYKfl#57,
ZV0Sw,1Q6/3P2kp/5bp1/8/2P3n1/1P3n2/P6r/3K4 w - - 7 41,d7d8q g4e3 d1c1 h2h1 d8d1 h1d1,2006,75,95,2851,endgame exposedKing long mate mateIn3 pillsburysMate,https://lichess.org/yHX784D4#81,
ZVMpB,r1b2bk1/pp3ppp/1n5B/4Q3/3rN3/8/PPq2PPP/R3R1K1 b - - 0 19,d4d5 e5g7 f8g7 e4f6 g8h8 e1e8 g7f8 e8f8,2038,75,87,100,kingsideAttack mate mateIn4 middlegame pillsburysMate sacrifice veryLong,https://lichess.org/ubI2BYid/black#38,
ZValv,7r/p4pk1/1p6/3b4/5P2/P2B1nPK/5P1P/2R2R2 w - - 5 30,h3g4 f3h2 g4g5 f7f6 g5f5 h8h5,1904,77,95,13935,endgame epauletteMate fork long mate mateIn3 pillsburysMate,https://lichess.org/oxWHJTVI#59,
ZW7EI,2kr2r1/qp3p1p/2B2p2/p1nb4/P2N4/2PP4/5PPP/1R1Q1RK1 w - - 1 21,d4b5 g8g2 g1h1 g2g1 h1g1 d8g8 d1g4 g8g4,2077,83,91,427,attraction discoveredCheck doubleCheck kingsideAttack mate mateIn4 middlegame pillsburysMate sacrifice veryLong,https://lichess.org/C7Iej03x#41,
ZXRcT,r2q1rk1/2p2ppp/1p2b3/p7/3B4/1PPn3P/P1KN1P2/3R2R1 b - - 1 18,d3c5 g1g7 g8h8 g7g8 h8g8 d1g1 e6g4 g1g4 d8g5 g4g5,2166,78,93,11560,attraction discoveredCheck doubleCheck kingsideAttack mate mateIn5 middlegame pillsburysMate sacrifice veryLong,https://lichess.org/iUk6z5wF/black#36,Scotch_Game Scotch_Game_Other_variations
Zc72M,8/R4pp1/4pkp1/8/5PP1/3n2KP/1r2P1B1/8 b - - 2 32,b2e2 g4g5 f6f5 a7f7,2007,77,93,2638,deflection endgame mate mateIn2 pillsburysMate short,https://lichess.org/yvaLlA2T/black#64,
Zdcro,r4k1r/pR2R3/2p5/2B1p3/4Pn2/3P4/PPPK3p/8 b - - 3 29,h2h1q e7e5 f8g8 e5g5 f4g6 g5g6,2103,82,90,1467,discoveredAttack discoveredCheck exposedKing long mate mateIn3 middlegame pillsburysMate,https://lichess.org/Vr3BIaOI/black#58,
ZeiMN,r3b1k1/7p/p3P3/3p1p1p/P4B2/2R5/6K1/8 b - - 0 37,e8a4 c3g3 g8f8 f4d6 f8e8 g3g8,2136,76,93,1941,endgame long mate mateIn3 pillsburysMate,https://lichess.org/u3q1d47k/black#74,
ZiDOD,8/1pp3R1/2p1k3/b2bNpB1/3P4/2P4P/2r3PK/8 b - - 6 41,a5c3 g7g6,1948,83,92,1815,endgame mate mateIn1 oneMove pillsburysMate,https://lichess.org/sRxuzu6z/black#82,
ZkhAq,2kr3r/ppp2p2/2np4/2b1p2p/2P1Ppbq/2NP1P2/PP1NB1PP/R2Q1R1K w - - 1 15,f3g4 h4h2 h1h2 h5g4,1993,79,92,279,discoveredAttack discoveredCheck intermezzo kingsideAttack mate mateIn2 middlegame pillsburysMate sacrifice short,https://lichess.org/6fdz0jDn#29,Kings_Pawn_Game Kings_Pawn_Game_Leonardis_Variation
Zlnre,8/4r1k1/1pR3Pp/2p2B2/2Pb2P1/R4K2/1r6/8 w - - 10 54,a3a6 e7e3 f3f4 b2f2,1944,76,96,3444,endgame master mate mateIn2 pillsburysMate short,https://lichess.org/gDO6NSJu#107,
Zn4s5,4rr1k/ppp2pp1/1b6/8/3PB1q1/2P2N1b/PPQ4P/R1B2R1K w - - 6 22,e4f5 g4f3 f1f3 e8e1 f3f1 e1f1,1962,78,57,99,kingsideAttack long mate mateIn3 middlegame pillsburysMate sacrifice,https://lichess.org/DY6JgVhx#43,
ZpLue,5bk1/4rppp/2p3n1/5R2/pPB2P2/P3P2R/KB5P/4q3 b - - 4 35,e7e3 c4f7 g8h8 h3h7 h8h7 f5h5,2064,76,90,635,attraction long mate mateIn3 middlegame pillsburysMate sacrifice,https://lichess.org/qRUWuMbw/black#70,
Zr34j,6k1/1p4bp/1P1N2p1/4p1nn/8/2B2KP1/r3R2r/2RQ4 w - - 6 34,f3g4 h5f6 g4g5 h2h5,1980,77,88,285,mate mateIn2 middlegame pillsburysMate sacrifice short,https://lichess.org/wD0LzZgh#67,
ZxcW0,6r1/3P3p/2B3rk/1P4q1/P4b2/3Q3P/4RPP1/R5K1 w - - 1 37,f2f3 g5g2 e2g2 g6g2 g1f1 g2g1 f1f2 g8g2,1918,113,89,67,blindSwineMate mate mateIn4 middlegame pillsburysMate sacrifice veryLong,https://lichess.org/sfHjElbP#73,
ZyYYG,3q2kr/4b2p/p3R1pB/5r2/1p6/1B3Q2/PPP3PP/6K1 b - - 2 26,f5f3 e6g6,2055,78,93,3318,discoveredCheck doubleCheck mate mateIn1 middlegame oneMove pillsburysMate,https://lichess.org/XhePpJ1t/black#52,
Zz8KD,r4k1r/ppp3p1/7q/2b1Pb2/3n4/3PB3/PPP3PP/RN1Q1RK1 w - - 3 16,e3h6 d4e2 g1h1 e2g3 h2g3 h8h6 d1h5 h6h5,1913,77,90,780,discoveredCheck doubleCheck kingsideAttack mate mateIn4 middlegame pillsburysMate veryLong,https://lichess.org/hOx2LgED#31,Italian_Game Italian_Game_Two_Knights_Defense
a3IPo,6k1/3N2pp/pp6/1r3r2/2b1p3/K2nP2P/3Q2P1/3R3R w - - 2 31,d2c3 b5a5 c3a5 f5a5,1905,77,94,2734,mate mateIn2 middlegame pillsburysMate short,https://lichess.org/ejHjxXYF#61,
a6l4M,8/1Q6/p2qpk1p/1P1p4/P7/2RBb3/5r1P/1N5K w - - 5 33,b7c7 f2h2,1939,79,76,524,mate mateIn1 middlegame oneMove pillsburysMate,https://lichess.org/VjxWNfRO#65,
a7me7,4r1k1/pp3pp1/1b4Qp/3B4/4nP2/1N4Pb/PP5P/R5K1 w - - 1 23,g1h1 e4f2 h1g1 f2d1 g6b6 e8e1,2133,76,93,10444,discoveredAttack discoveredCheck kingsideAttack long mate mateIn3 middlegame pillsburysMate sacrifice,https://lichess.org/am41xiZ6#45,
a8HJh,3r4/8/p1P2k2/2R1b3/1P4p1/P2p2P1/6PK/3R4 w - - 2 44,c6c7 d8h8 h2g1 e5d4 g1f1 h8h1,2021,77,88,192,endgame fork long mate mateIn3 pillsburysMate,https://lichess.org/RXh1CSos#87,
a9WBt,3r1nk1/p4p1p/1p1P1ppQ/2p2b1P/6q1/1B2B3/PP3PP1/4R1K1 b - - 0 25,d8d6 h6f8 g8f8 e3h6 f8g8 e1e8,1977,75,96,5664,attraction kingsideAttack long mate mateIn3 middlegame pillsburysMate sacrifice,https://lichess.org/Oc3i8DIP/black#50,
aBcZE,1r4r1/1p2kp1p/p1b2p2/2N1p3/P7/1P2P3/3N1PPP/3R1RK1 w - - 2 25,d2c4 g8g2 g1h1 g2g1 h1g1 b8g8,2179,78,87,495,attraction discoveredCheck doubleCheck kingsideAttack long mate mateIn3 middlegame pillsburysMate sacrifice,https://lichess.org/NNCGqFOH#49,
aEDtX,1k6/1p2pR2/pB1p3b/4r3/1P1N3p/6nP/P1P3P1/6K1 w - - 1 34,f7h7 e5e1 g1f2 e1f1,1968,80,89,4925,endgame hookMate mate mateIn2 pillsburysMate short,https://lichess.org/x8LV9vNv#67,
aHX9S,r6N/1bpp1Qpp/p2k4/K3p3/1P6/2Nq4/P2P2PP/R1B4R w - - 6 21,h1e1 d3b5 c3b5 a6b5 a5b5 b7a6 b5a4 a6c4,1981,74,94,15662,attraction discoveredAttack discoveredCheck mate mateIn4 middlegame pillsburysMate sacrifice veryLong,https://lichess.org/4jXZc5Qi#41,
aJMkB,3q1rk1/p4p1p/1p4pQ/5p2/3p1B2/1P1P4/PPr3PP/4R1K1 b - - 2 23,d8d5 h6f8 g8f8 f4h6 f8g8 e1e8,1990,74,95,3384,attraction endgame kingsideAttack long mate mateIn3 pillsburysMate sacrifice,https://lichess.org/Tbg0XfHs/black#46,
aKnVG,2rq1r1k/1n2bppp/p2p1n2/1p1P4/8/1PBQ1P1P/P1B2P2/RN2K1R1 b Q - 6 18,b7c5 d3h7 f6h7 c3g7 h8g8 g7f6 h7g5 g1g5,2114,75,87,229,discoveredAttack discoveredCheck fork mate mateIn4 middlegame pillsburysMate sacrifice veryLong,https://lichess.org/8Z2V1qF0/black#36,Philidor_Defense Philidor_Defense_Other_variations
aMTU5,4rrk1/ppp5/6PQ/3p4/3B2bb/2P2P2/PPP5/R3qK2 w - - 2 24,a1e1 e8e1 f1g2 g4f3 g2h3 e1h1,2199,77,90,237,exposedKing long mate mateIn3 middlegame pillsburysMate pin,https://lichess.org/2el1Gb4O#47,
aQkjL,8/7p/r7/8/2p5/B1R1b2P/3kN1P1/5K2 w - - 6 42,a3b4 a6f6 e2f4 f6f4,1946,75,94,4812,endgame mate mateIn2 pillsburysMate short,https://lichess.org/fj3mkoC0#83,
aRvQS,8/8/5p2/P3pk2/1R1b4/1P3K2/2r5/3R4 w - - 3 56,a5a6 e5e4 f3g3 d4e5 g3h4 c2h2,2003,74,96,6652,endgame exposedKing long mate mateIn3 pillsburysMate,https://lichess.org/u3Ct5NQi#111,
aTciq,3r3r/ppkn1pp1/2pRbn2/8/5B2/1PN3P1/P3PPB1/R5K1 b - - 2 21,f6h5 d6c6,1963,77,92,2564,discoveredCheck doubleCheck epauletteMate mate mateIn1 middlegame oneMove operaMate pillsburysMate,https://lichess.org/HqiufsuA/black#42,
aVoBJ,6k1/4RR2/6p1/8/3b2Pp/7P/r2r2B1/7K w - - 1 37,g2d5 d2h2,2060,82,84,399,endgame master mate mateIn1 oneMove pillsburysMate,https://lichess.org/kkGsf0Q5#73,
aWr0k,r1b2k1r/pppp2Rp/3n3B/3P1p2/8/2P5/P2n1PPP/4R1K1 b - - 3 20,d6f7 g7g8 f8g8 e1e8,2107,79,85,361,attraction discoveredCheck doubleCheck mate mateIn2 middlegame pillsburysMate sacrifice short,https://lichess.org/5eX0tK0n/black#40,
aa8G8,5rk1/2p2ppp/p7/5b2/2QP4/b3B2P/qrP2PP1/2KRNB1R w - - 4 17,c4a2 b2c2 c1b1 c2c1,2071,84,81,155,discoveredCheck doubleCheck mate mateIn2 middlegame operaMate pillsburysMate queensideAttack short,https://lichess.org/st9n4K8q#33,Elephant_Gambit Elephant_Gambit_Paulsen_Countergambit
aaPV7,6k1/8/3R2p1/p7/3br3/3p3P/P5P1/1R4K1 w - - 2 35,g1f1 e4f4 f1e1 d4c3 e1d1 f4f1,1970,74,95,14281,endgame long mate mateIn3 pillsburysMate,https://lichess.org/Aavhbmgl#69,
aal4K,3r2k1/pp4p1/2p1n1Qp/4q3/2P1B2P/8/P5P1/5R1K b - - 0 28,e6f8 g6f7 g8h8 f7f8 d8f8 f1f8,1980,75,89,264,deflection endgame long mate mateIn3 pillsburysMate,https://lichess.org/80ezkExS/black#56,
afG7p,1r4r1/p1p1qp1k/1p3Q1p/8/4b3/2PPP3/P4PPP/R4RK1 w - - 0 22,f6e7 g8g2 g1h1 g2g1 h1g1 b8g8 e7g5 g8g5,2002,81,92,1202,attraction discoveredCheck doubleCheck endgame kingsideAttack mate mateIn4 pillsburysMate sacrifice veryLong,https://lichess.org/F336mc7d#43,
ail2Z,8/ppkr1R1b/2p4p/4B1pB/4n3/P1P5/2P3PP/2K5 b - - 10 25,c7d8 f7f8 d8e7 f8e8,1928,77,83,143,endgame mate mateIn2 operaMate pillsburysMate short,https://lichess.org/tNBJ7gxy/black#50,
akjQF,1k4rr/2p1qp2/1pQp4/1BnP4/6pp/6P1/5P2/R5K1 b - - 5 35,c5b7 c6b7 b8b7 b5c6 b7c8 a1a8,1961,77,86,127,attraction long mate mateIn3 middlegame pillsburysMate queensideAttack sacrifice,https://lichess.org/4qz0Yqjw/black#70,
alFJI,r1b1kr2/2p4p/p4np1/1pq2pQ1/1b2P3/1BN5/PP1B2PP/2KR3R b q - 0 16,f6e4 g5d8 e8d8 d2g5 d8e8 d1d8,2133,80,80,233,attraction discoveredCheck doubleCheck exposedKing long mate mateIn3 middlegame operaMate pillsburysMate sacrifice,https://lichess.org/m36AvrRI/black#32,Nimzowitsch_Defense Nimzowitsch_Defense_Kennedy_Variation
alH6G,7k/p5p1/1p2p2r/2pb4/8/1P1B2qP/P3Q1P1/5RK1 b - - 2 30,h6f6 e2h5 h8g8 h5e8 f6f8 f1f8,1980,77,88,269,endgame long mate mateIn3 pillsburysMate,https://lichess.org/IgHR07eU/black#60,
am36O,5k2/3R3p/3pB3/2b3B1/p4P2/6P1/r5bK/8 b - - 5 46,a2e2 d7d8 f8g7 d8g8,2041,77,97,2994,endgame mate mateIn2 operaMate pillsburysMate short,https://lichess.org/Dt9jm1bt/black#92,
amMM1,6rk/ppp2Q1p/1q3npB/8/4PP2/PPb5/2P2P2/1K5R b - - 0 25,f6e4 f7h7 h8h7 h6f8,1951,76,81,361,discoveredAttack discoveredCheck mate mateIn2 middlegame pillsburysMate sacrifice short,https://lichess.org/IVaxYyyj/black#50,
aoE77,8/p7/1pR3k1/5p1p/6p1/1P2P1P1/P4P1P/3q1BK1 b - - 11 39,g6g5 f2f4 g4f3 h2h4 g5g4 c6g6,2043,77,96,3819,endgame long mate mateIn3 pillsburysMate,https://lichess.org/wC2EZ2lj/black#78,
arM8u,1k1r4/p1p2ppp/4b3/8/8/2n2Q2/qPPN2PP/2K2B1R w - - 0 19,f3c3 a2a1 d2b1 a1b1 c1b1 d8d1,2021,75,95,8032,attraction long mate mateIn3 middlegame pillsburysMate queensideAttack sacrifice,https://lichess.org/TH2L78nn#37,Kings_Gambit_Accepted Kings_Gambit_Accepted_Fischer_Defense
arfid,5nk1/1Qp2rpp/pp5r/2b1N2q/8/P1B2p1P/1PP3P1/3R1R1K w - - 0 28,e5f7 h5h3 g2h3 h6h3,1967,77,91,699,kingsideAttack mate mateIn2 middlegame pillsburysMate sacrifice short,https://lichess.org/HtCOR48q#55,
atYkP,r6r/3B3p/ppR2p2/1kp5/5b2/1N3P2/PP4PP/1K6 b - - 2 31,a8d8 c6c5 b5b4 a2a3 b4b3 c5c3,2047,77,94,9619,discoveredCheck doubleCheck endgame long mate mateIn3 pillsburysMate sacrifice,https://lichess.org/waAhm1lD/black#62,
awmwO,3rk1nr/4b3/p2B2pp/q1pbP3/4N1B1/3P1Q2/P1P3PP/5RK1 b k - 3 20,h8h7 f3f8 e7f8 f1f8,1960,77,94,10439,mate mateIn2 middlegame operaMate pillsburysMate sacrifice short,https://lichess.org/c91Dvslc/black#40,
ayWgR,4Q3/2b2pk1/2N3pp/1pP2b2/1P1K4/r4B2/5PP1/3R3q w - - 9 35,c6e7 h1d1 f3d1 a3d3,1900,82,89,206,mate mateIn2 middlegame operaMate pillsburysMate sacrifice short,https://lichess.org/yQneGQnf#69,
azyOl,1k6/1pp5/2nn2Np/2B3p1/p7/2P4P/qP3P2/2KRR3 b - - 1 25,c6a5 e1e8 d6c8 e8c8 b8c8 g6e7 c8b8 d1d8,2023,76,95,3542,attraction mate mateIn4 middlegame pillsburysMate queensideAttack sacrifice veryLong,https://lichess.org/9USrisk0/black#50,
b1K1m,8/1R6/1pB1pk2/1P6/5K2/2r5/2b5/8 w - - 10 55,b7b6 e6e5 f4g4 c2f5 g4h5 c3h3,1917,82,83,44,endgame long master mate mateIn3 pillsburysMate,https://lichess.org/5migCW3S#109,
b4GQn,2kr4/ppp4p/2p1b3/8/8/4Q3/qPP2PPP/2K2B1R w - - 0 16,e3a3 a2b1 c1b1 d8d1,1990,75,95,7366,attraction endgame mate mateIn2 pillsburysMate queensideAttack sacrifice short,https://lichess.org/H9elcFNN#31,Russian_Game Russian_Game_Stafford_Gambit
b5vJG,2kr1b2/pppqppp1/7n/8/3nRB1P/7b/PPP2P1P/RN1Q2KB w - - 0 13,c2c3 d4f3 h1f3 d7d1 f3d1 d8d1 e4e1 d1e1,2017,78,95,5674,discoveredAttack kingsideAttack mate mateIn4 middlegame pillsburysMate veryLong,https://lichess.org/qCoOuocq#25,Kings_Indian_Attack Kings_Indian_Attack_Other_variations
b6phL,2r2rk1/1p3ppp/8/p4P2/3n4/1QB4P/PP2q3/1K1R2R1 b - - 1 25,d4b3 g1g7 g8h8 g7g8 h8g8 d1g1 e2g4 g1g4,2056,78,92,8425,attraction discoveredCheck doubleCheck mate mateIn4 middlegame pillsburysMate sacrifice veryLong,https://lichess.org/xxRIHRAY/black#50,
b860H,r5r1/pp2k2p/2bqp2p/1B3p1Q/8/8/PP3PPP/3R1RK1 w - - 2 19,d1d6 g8g2 g1h1 g2g1 h1g1 a8g8 h5g4 g8g4,2119,79,91,110,attraction discoveredCheck doubleCheck kingsideAttack mate mateIn4 middlegame pillsburysMate sacrifice veryLong,https://lichess.org/FlKqQwun#37,
b9oqE,3r2k1/p4p1p/1p2pP2/2p5/1bPr1PP1/8/P1B2Q1P/2KR3b w - - 0 22,f2h4 b4a3 c1b1 d4d1 c2d1 h1e4 d1c2 d8d1,2124,77,95,1263,deflection exposedKing mate mateIn4 middlegame pillsburysMate pin queensideAttack veryLong,https://lichess.org/Wq2DMFNt#43,
bBI7e,5r2/2Rb1Npk/1p3p1p/pP2pP2/P2nP3/q7/B2Q2PP/7K b - - 5 31,d7e8 d2h6 g7h6 f7g5 h7h8 c7h7,1944,79,92,700,discoveredCheck doubleCheck long mate mateIn3 middlegame pillsburysMate sacrifice,https://lichess.org/LIqRz5ak/black#62,
bCBGl,2r5/p4N2/6p1/2p5/5BkP/3p2P1/r3pK2/4R3 b - - 1 35,d3d2 f7h6 g4h5 g3g4 h5h4 e1h1,2026,76,96,2684,endgame long master mate mateIn3 pillsburysMate,https://lichess.org/ZlOr2GQi/black#70,
bD70U,r4r2/4p3/2p1p3/3np3/p3Bk2/1P3P2/P1P5/2K3RR b - - 5 26,a4b3 c1d2 f8g8 h1h4 g8g4 g1g4,2165,72,95,11280,endgame long mate mateIn3 pillsburysMate,https://lichess.org/SkqhtugY/black#52,
bEaBV,2r1kb1r/pp2ppp1/2np3p/3N1P2/q3P1Q1/8/bPPB2PP/2KR1BNR w k - 4 13,f5f6 a4c2 c1c2 c6b4,2195,76,83,879,attraction discoveredCheck doubleCheck epauletteMate mate mateIn2 opening pillsburysMate queensideAttack sacrifice short,https://lichess.org/hXBtTu2a#25,Trompowsky_Attack Trompowsky_Attack_Other_variations
bF4Ah,3r3r/p1R1Q3/6p1/3qp1k1/4np2/7P/P4PP1/2B3K1 b - - 1 35,g5h5 g2g4 f4g3 e7h7 h8h7 c7h7,1928,84,92,150148,long mate mateIn3 middlegame pillsburysMate sacrifice,https://lichess.org/hZN8VEWb/black#70,
bFT3u,8/1P5p/3b2p1/1Krkp3/1R3pP1/5P1P/1B6/8 w - - 5 59,b5b6 d6c7 b6a7 c5a5,2007,77,93,12637,endgame mate mateIn2 pillsburysMate short,https://lichess.org/t8mJ4wqw#117,
bGAD6,2r5/1p1bkppp/p3p3/1Pb5/K7/6B1/PP1n1PPP/2R2BNR w - - 0 23,g1f3 a6b5 f1b5 c8a8,1970,79,95,14930,mate mateIn2 middlegame pillsburysMate short,https://lichess.org/aYxi1zDh#45,
bHH0v,8/2R2B2/2P5/4k3/4b1Kp/8/6r1/8 w - - 0 50,g4h4 e5f4 f7e6 g2h2 e6h3 e4f5 h4h5 h2h3,1991,78,92,665,endgame mate mateIn4 pillsburysMate veryLong,https://lichess.org/ZyLdu0UT#99,
bHZdL,2k5/2p2pp1/p2p3p/3N4/2Pq4/3N1bP1/4rR1P/2Q3K1 w - - 6 32,c1a3 d4f2 d3f2 e2e1,1915,80,70,111,mate mateIn2 middlegame pillsburysMate sacrifice short,https://lichess.org/oXcbc4nj#63,
bHgGh,r1b2rk1/pp3ppp/4pq2/2b1B2B/3p4/2NQ2P1/PPP2P2/2KR3R b - - 0 17,f6e5 d3h7 g8h7 h5f7 e5h5 h1h5,1936,78,88,273,deflection discoveredAttack discoveredCheck kingsideAttack long mate mateIn3 middlegame pillsburysMate sacrifice,https://lichess.org/S5Iqla5d/black#34,French_Defense French_Defense_Franco-Sicilian_Defense
bJlJ9,r5k1/1b3pp1/p3p2p/1p6/8/4qP1P/PPQ3P1/1BR4K b - - 0 30,a8c8 c2c8 b7c8 c1c8,1925,84,75,100,endgame mate mateIn2 pillsburysMate short,https://lichess.org/2QSI1HXy/black#60,
bJrOj,1k6/1bp2Qpp/6r1/8/1P3B2/4b2P/R5P1/4r2K w - - 4 37,h1h2 e3g1 h2h1 g1f2 h1h2 g6g2,2111,74,94,1974,discoveredAttack discoveredCheck long mate mateIn3 middlegame operaMate pillsburysMate,https://lichess.org/2xeYXBPU#73,
bMvNJ,r4b1r/p3npp1/2p1k1bp/4p3/N3P1P1/7P/PPP2P2/R1BR2K1 b - - 0 19,g6e4 a4c5 e6f6 d1d6,2163,79,75,201,fork mate mateIn2 middlegame pillsburysMate short,https://lichess.org/hoiPsXze/black#38,Italian_Game Italian_Game_Other_variations
bNCOI,6k1/1b1R2pp/p3p3/1pb1Pr2/6R1/P1N5/BPP2P1n/5K2 w - - 1 34,f1g1 c5f2 g1h2 f5h5 g4h4 h5h4,1967,76,95,9117,kingsideAttack long mate mateIn3 middlegame pillsburysMate sacrifice,https://lichess.org/YagjzOaH#67,
bOUT8,4Q1k1/3r1p1p/p1q2pp1/1pp5/3n1B2/3P4/PPP2PPP/4R1K1 b - - 7 27,g8g7 e8f8 g7f8 f4h6 f8g8 e1e8,1995,81,91,200,attraction endgame long mate mateIn3 pillsburysMate sacrifice,https://lichess.org/HLtaLHTo/black#54,
bP2VK,r5r1/pb2kp1p/1p1p4/2b1pn2/1PP1P3/P2P4/3N1PPP/R2Q1RK1 w - - 0 18,e4f5 g8g2 g1h1 g2g1 h1g1 a8g8 d1g4 g8g4,2191,77,94,2905,attraction discoveredCheck doubleCheck kingsideAttack mate mateIn4 middlegame pillsburysMate sacrifice veryLong,https://lichess.org/N1FgAD0f#35,Kings_Pawn_Game Kings_Pawn_Game_Leonardis_Variation
bQEXv,3rrk2/p4ppp/6bq/1Ppn4/5Q2/1B3P2/PP5P/R1BK2R1 w - - 0 26,f4h6 d5c3,1924,80,95,23828,discoveredCheck doubleCheck mate mateIn1 middlegame oneMove pillsburysMate,https://lichess.org/2iTK48s9#51,
bSLty,8/7k/P3p3/3b2Q1/3b1P2/6P1/7r/5K2 w - - 3 51,a6a7 d5c4 f1e1 d4c3 e1d1 c4b3 d1c1 h2h1,1904,75,84,78,endgame exposedKing mate mateIn4 pillsburysMate veryLong,https://lichess.org/Tj719hVn#101,
bWXqv,8/p1p1kp1p/2p1b1r1/7K/3p4/1P1PbNN1/P1P3PP/4R2R w - - 4 25,c2c3 g6h6,1914,80,65,411,mate mateIn1 middlegame oneMove operaMate pillsburysMate,https://lichess.org/8xgiTMM7#49,
bWhCk,r1br2k1/ppq2pbp/2nN2p1/3n4/5B2/2PB1N2/PP2QPPP/R3R1K1 b - - 0 15,d8d6 e2e8 g7f8 e8f8 g8f8 f4h6 f8g8 e1e8,2087,85,76,60,attraction kingsideAttack mate mateIn4 middlegame pillsburysMate sacrifice veryLong,https://lichess.org/Pcpo1pel/black#30,Sicilian_Defense Sicilian_Defense_Smith-Morra_Gambit_Declined
bZfOI,7k/R3R2p/5pb1/8/4pK2/3p2P1/5r1P/8 w - - 2 37,f4g4 g6f5 g4h5 f2h2,2188,98,70,82,endgame mate mateIn2 pillsburysMate short,https://lichess.org/BwuPG6BC#73,
bd8KL,4r1k1/p5p1/2pb3p/3p1p2/2P5/3Q4/PP3PPq/R1B1NK2 w - - 2 24,d3h3 h2g1 f1g1 e8e1,2089,75,95,1805,attraction deflection mate mateIn2 middlegame pillsburysMate sacrifice short,https://lichess.org/jlMvQSBx#47,
bdgWs,4r1k1/pp3Bp1/2p4p/8/4r1P1/4q1P1/P1P2Q2/5R1K b - - 0 30,g8h7 f7g6 h7g8 f2f7 g8h8 f7f8 e8f8 f1f8,2077,98,78,36,endgame mate mateIn4 pillsburysMate sacrifice veryLong,https://lichess.org/VnRjp6pQ/black#60,
behMk,2r3k1/3r1p2/7R/p2pB1N1/3P4/2pq2NK/P7/8 b - - 1 42,g8f8 e5f6 d3g6 h6h8 g6g8 g5h7 f8e8 h8g8,2197,75,93,6204,mate mateIn4 middlegame pillsburysMate pin quietMove veryLong,https://lichess.org/MFpi6ZzT/black#84,
bglJ0,6R1/8/8/4pp2/p1p2k2/B1Pb4/7r/4K3 b - - 1 46,e5e4 a3d6 f4e3 g8g3,1952,82,92,815,endgame mate mateIn2 pillsburysMate short,https://lichess.org/DDknWC24/black#92,
bhEEF,r1bq3k/pp3Qp1/6Rp/5n2/4p1P1/1B1p4/PP3P1P/6K1 b - - 0 23,d3d2 f7g7 f5g7 g6h6,2010,83,90,3134,deflection kingsideAttack mate mateIn2 middlegame pillsburysMate sacrifice short,https://lichess.org/zszbhZ1n/black#46,
bhUuY,7k/p2n3p/2n3p1/q1p2PB1/3Q2P1/P1N4P/BrP3K1/4R3 b - - 0 28,c5d4 e1e8 h8g7 e8g8,1911,79,94,14014,mate mateIn2 middlegame operaMate pillsburysMate short,https://lichess.org/kPkoxw7k/black#56,
blmnX,6r1/3p1r1k/2b2p2/1p1p2P1/p4R2/P5R1/1B3P2/6K1 b - - 0 36,f6f5 f4h4 h7g6 h4h6,1963,80,81,313,endgame mate mateIn2 pillsburysMate short,https://lichess.org/sHvKrLAJ/black#72,
bnGpe,8/5ppp/1kp1p3/2p1P3/r1br1P2/PK1B2P1/7P/R2R4 w - - 0 24,b3a4 c4a2 d3c4 d4c4,2096,74,94,10390,discoveredAttack discoveredCheck endgame master masterVsMaster mate mateIn2 pillsburysMate short,https://lichess.org/mG1f404y#47,
bnMuk,3r2k1/pQ3ppp/5r1q/8/1N6/P5N1/1P3bPP/2R2RK1 w - - 0 23,g1h1 h6h2 h1h2 f6h6 g3h5 h6h5,2009,78,91,300,attraction long mate mateIn3 middlegame pillsburysMate sacrifice,https://lichess.org/yTqUMF3v#45,
bt65c,r5rk/5p1b/p2pqP1Q/1p5B/7R/2P1p3/PP4PP/7K b - - 1 30,e3e2 h6h7 h8h7 h5f7,1971,75,94,1850,discoveredAttack discoveredCheck kingsideAttack mate mateIn2 middlegame pillsburysMate sacrifice short,https://lichess.org/xJ9PQ1yO/black#60,
busJZ,R7/1P3p1p/4p3/P1Bp4/3Pk1PK/5r1P/5b2/8 w - - 4 45,h4h5 f3h3 h5g5 f2h4 g5h6 h4f6,1967,77,93,921,discoveredAttack discoveredCheck endgame long master mate mateIn3 pillsburysMate,https://lichess.org/8QirVrNn#89,
bwdo1,3r2k1/2R1Rpp1/4b2p/1B6/1B3P2/Pr2K1P1/7P/8 w - - 5 42,e3e4 f7f5 e4e5 b3e3,1975,78,92,1074,mate mateIn2 middlegame pillsburysMate short,https://lichess.org/qXBGgW6A#83,
bxV3h,r5rk/2q4p/p1b1Np2/5p2/P2Q4/1P1B4/2PP1PPP/R4RK1 w - - 1 21,e6c7 g8g2 g1h1 g2g1 h1g1 a8g8 d4g4 g8g4,2179,77,60,159,attraction discoveredCheck doubleCheck kingsideAttack mate mateIn4 middlegame pillsburysMate sacrifice veryLong,https://lichess.org/DiR3gwzm#41,
by9eX,r5r1/p1nb2nR/1qp3P1/4p3/2k1N3/3Q1K2/PP4B1/R7 b - - 0 33,c4d3 g2f1 d3c2 h7h2 b6f2 h2f2,2031,81,79,61,long mate mateIn3 middlegame pillsburysMate,https://lichess.org/RyqLSijk/black#66,
c4bev,2r2rk1/1p3ppp/p2pp3/4n3/2P4b/1P6/PB1N1PRP/R6K b - - 2 21,e5d3 g2g7 g8h8 g7g8 h8g8 a1g1 h4g5 g1g5,1906,92,87,76,attraction discoveredCheck doubleCheck kingsideAttack mate mateIn4 middlegame pillsburysMate sacrifice veryLong,https://lichess.org/aUK4BKHF/black#42,
c4o6s,4rrk1/pp1n2p1/2pb1q2/3p4/3P2Q1/2N5/PPP2PP1/R1B2RK1 w - - 3 17,g4d7 f6f2 f1f2 e8e1 f2f1 e1f1,2021,75,85,209,kingsideAttack long mate mateIn3 middlegame pillsburysMate sacrifice,https://lichess.org/cZ4HOryG#33,French_Defense French_Defense_Knight_Variation
cE3lL,2b4R/r1rk1Bp1/1q2p1P1/p2pP1B1/1pp5/3P4/PPP5/R4K2 b - - 5 40,c8a6 f7e8 d7c8 e8c6,1911,76,94,10314,discoveredAttack discoveredCheck mate mateIn2 middlegame pillsburysMate short,https://lichess.org/JhO5gHbJ/black#80,
cG4fR,6r1/p3k3/5p2/N2Rpbbp/1PB4K/2P2P2/P6P/4R3 w - - 6 30,h4g3 g5e3 g3h4 e3f2 h4h5 g8h8,1988,72,94,10653,discoveredAttack discoveredCheck long mate mateIn3 middlegame pillsburysMate,https://lichess.org/snEGvFbD#59,
cJyLp,r4rk1/pp3p1p/1b4pQ/2Np2B1/1PnP4/P4q2/7P/R3R1K1 b - - 3 26,b6d8 h6f8 g8f8 g5h6 f8g8 e1e8,1972,76,95,1089,attraction kingsideAttack long master masterVsMaster mate mateIn3 middlegame pillsburysMate sacrifice,https://lichess.org/8oiEzFQ7/black#52,
cLNkT,7r/1pp5/p6b/3n1B2/kPN5/2P3p1/2K5/R7 b - - 1 31,a4b5 a1a5 b5c6 a5c5,2044,80,94,12910,endgame mate mateIn2 pillsburysMate short vukovicMate,https://lichess.org/xzwf1812/black#62,
cPLvw,2k2r1r/1pp3p1/p3p3/3nP3/3PB1P1/7P/P4b1K/1RR3B1 w - - 13 31,c1c5 h8h3 h2h3 d5f4 h3h2 f8h8 e4h7 h8h7,2011,85,76,43,attraction mate mateIn4 middlegame pillsburysMate sacrifice veryLong,https://lichess.org/xB1TpzBr#61,
cUyqU,4r1k1/2b2p1p/4N2B/pr3p1p/1p6/6R1/6PK/8 b - - 1 42,g8h8 h6g7 h8g8 g7e5,2171,76,92,7549,discoveredAttack discoveredCheck endgame mate mateIn2 pillsburysMate short,https://lichess.org/kmRhTCLg/black#84,
cWJCn,5r2/p1p2kpp/4R3/3B1p2/8/6P1/P1p2P2/1r2R1K1 b - - 3 29,f8d8 e6d6 f7f8 d6d8,1955,83,85,411,discoveredAttack discoveredCheck endgame mate mateIn2 pillsburysMate short,https://lichess.org/VvrOuuEZ/black#58,
cWRAR,8/4bpk1/p3p1p1/8/3PKP2/Pr4P1/1PR1N3/8 w - - 0 33,g3g4 f7f5 g4f5 g6f5 e4e5 b3e3,1911,79,91,330,endgame long mate mateIn3 pillsburysMate,https://lichess.org/LBROj7YK#65,
cWU16,r4bnr/2R1pp2/p3k3/3P4/2p3Pp/2P1P2P/P3K1PB/5R2 b - - 0 22,e6d5 f1d1 d5e6 c7c6,2009,79,94,7666,mate mateIn2 middlegame pillsburysMate short,https://lichess.org/fLZ8xyyN/black#44,
cX6A9,8/5k1p/1R3P2/1B2p3/4Pn2/5bN1/2r5/7K w - - 7 38,h1g1 f4h3 g1f1 c2c1,1952,79,96,16622,endgame mate mateIn2 pillsburysMate short,https://lichess.org/sFHhlsXm#75,
cXRa4,rn5r/pR4pp/3Nk2q/4p3/2P5/4b1P1/PP2B2P/1K1R4 b - - 0 22,b8c6 e2g4 e6f6 d6e4 f6g6 d1d6,2194,79,91,303,long mate mateIn3 middlegame pillsburysMate,https://lichess.org/O3F2UGe1/black#44,
cYALg,2kr3r/pp3Np1/1b6/3p4/7n/1NP5/PP4Pq/2RQ1R1K w - - 0 21,h1h2 h4f5 f7h8 d8h8 d1h5 h8h5,1913,72,95,15995,discoveredAttack discoveredCheck long mate mateIn3 middlegame pillsburysMate sacrifice,https://lichess.org/id4AY6sO#41,
cZ1v2,r1b2Rk1/pp1n2br/3p2QB/3p4/8/3P2P1/PqP4P/5R1K b - - 3 22,d7f8 g6f7 g8h8 f7f8 g7f8 f1f8,2017,80,91,1609,deflection exposedKing kingsideAttack long mate mateIn3 middlegame pillsburysMate sacrifice,https://lichess.org/C86S28mh/black#44,
cc5BD,r4rk1/5ppp/p1p5/8/8/2B2q2/PP3P1P/1K1R2R1 b - - 1 21,a8b8 g1g7 g8h8 g7g8 h8g8 d1g1 f3g2 g1g2,2116,76,83,143,attraction discoveredCheck doubleCheck endgame mate mateIn4 pillsburysMate sacrifice veryLong,https://lichess.org/OZReD0fn/black#42,
cd8nz,8/2R3Rp/5p2/3p1k2/3PP3/6BP/5PPK/rq6 b - - 0 33,d5e4 c7c5 f5e6 d4d5 e6f5 d5d6 f5e6 g7e7,1954,86,38,65,discoveredAttack discoveredCheck endgame epauletteMate mate mateIn4 pillsburysMate veryLong,https://lichess.org/vuchzdpL/black#66,
cj31x,4r1k1/1p3p1p/5Qp1/p4b2/q1r5/8/3B1PPP/3R1RK1 b - - 2 24,e8e6 d2h6 e6f6 d1d8 a4e8 d8e8,1977,76,89,1671,clearance long mate mateIn3 middlegame pillsburysMate quietMove sacrifice,https://lichess.org/6cswrefH/black#48,
coqwf,2k2rr1/p2p2qp/2b5/2p2Q2/4B3/2P5/PP3PPP/4RRK1 w - - 1 19,f5c5 g7g2 e4g2 g8g2 g1h1 g2g1 h1g1 f8g8 c5g5 g8g5,2161,76,93,5317,attraction discoveredCheck doubleCheck mate mateIn5 middlegame pillsburysMate sacrifice veryLong,https://lichess.org/n2IZNF16#37,Owen_Defense Owen_Defense_Other_variations
cp9vm,5k2/2R5/4B2p/3Pp1p1/4P1K1/5PP1/7r/5b2 w - - 0 42,d5d6 f1h3 g4h5 h3f5,2117,76,96,3704,collinearMove discoveredAttack discoveredCheck endgame mate mateIn2 pillsburysMate short,https://lichess.org/rDwM4Wei#83,
cpFwI,2kr2nr/B1p3pp/2Q1pq2/1N3b2/5b2/8/PP3PPP/2R2RK1 b - - 1 19,g8e7 c6c7 f4c7 c1c7,2100,81,87,733,mate mateIn2 middlegame pillsburysMate queensideAttack sacrifice short,https://lichess.org/KIv2a1MM/black#38,
cpjVy,r1Q2k1r/pp2b1p1/3p2B1/3Pp3/1B6/3P1p2/PP3P1q/2R1RK2 b - - 0 24,a8c8 c1c8 e7d8 b4d6 f8g8 c8d8,1913,77,93,2431,long mate mateIn3 middlegame pillsburysMate pin,https://lichess.org/lmNd5m2C/black#48,
cprc1,8/5p2/r3p3/4Pk1p/b1PB1PpP/1pK3P1/5R2/8 b - - 2 47,f5e4 f4f5 b3b2 f2f4,2084,74,96,3105,clearance endgame mate mateIn2 pillsburysMate short,https://lichess.org/zXPSj1lK/black#94,
cqXXc,2r5/p5p1/3b2k1/p2PnpP1/2p2B2/P1N1K1PP/1PR5/8 w - - 4 35,e3d4 d6c5 d4e5 c8e8,2001,74,94,9860,endgame epauletteMate mate mateIn2 pillsburysMate sacrifice short,https://lichess.org/hBZUtX3b#69,
criXH,3r2k1/p3Qpbp/6p1/3P4/P7/5q2/4RP2/2B3K1 b - - 1 27,d8d5 e7e8 g7f8 e8f8 g8f8 c1h6 f8g8 e2e8,1989,71,94,11377,attraction endgame mate mateIn4 pillsburysMate sacrifice veryLong,https://lichess.org/FjPEa9Ws/black#54,
csn36,2b1k2r/5ppp/1pR1p3/b2p2B1/3P1P2/4r3/P3B1PP/2R3K1 b k - 0 19,c8d7 c6c8 d7c8 e2b5 c8d7 c1c8,2136,76,95,4584,long mate mateIn3 middlegame pillsburysMate pin sacrifice,https://lichess.org/QTquou94/black#38,
ctMdW,6r1/B4R1p/b1pk4/7n/P1p1N2n/1p5r/1P5P/4R2K b - - 1 27,d6e6 e4g5 e6d6 e1e6 d6d5 f7d7,1905,109,70,31,discoveredCheck doubleCheck exposedKing long mate mateIn3 middlegame pillsburysMate,https://lichess.org/NQ7tLmxJ/black#54,
ctROD,6k1/p1p4b/5B1p/2Np2P1/P7/1P4R1/2r1r3/2K3R1 w - - 3 35,c1b1 c2b2 b1a1 b2a2,2143,79,83,485,discoveredCheck doubleCheck mate mateIn2 middlegame pillsburysMate short,https://lichess.org/DRjRXFgA#69,
cy6hf,k5rr/1pQ2p2/3N4/3b1p1p/8/8/PPP2PPP/R4RK1 w - - 1 20,c2c4 g8g2 g1h1 g2g1 h1g1 h8g8,2033,83,92,1489,attraction discoveredCheck doubleCheck long mate mateIn3 middlegame pillsburysMate sacrifice,https://lichess.org/LND6ftnA#39,
d3bMw,8/2R5/P4rkp/6p1/4b1Pn/4P1KP/8/R7 w - - 5 42,a6a7 f6f3 g3h2 f3f2 h2g1 f2g2 g1f1 e4d3 f1e1 h4f3 e1d1 g2g1,2163,79,94,3966,endgame mate mateIn5 pillsburysMate veryLong,https://lichess.org/PWvwPib8#83,
d3lmf,1k1r4/1pp2p1p/p7/3N4/3P4/5b2/PP2QPrP/3R1RK1 w - - 0 20,g1h1 g2g1 h1g1 d8g8,2110,79,87,344,attraction discoveredCheck doubleCheck mate mateIn2 middlegame pillsburysMate sacrifice short,https://lichess.org/HrRByd2n#39,
d48jW,3r1r1k/1p4pp/2ppBb2/p3nP1Q/P3PN2/4R3/2q3PP/R6K b - - 3 22,c2d2 h5h7 h8h7 e3h3 f6h4 h3h4,2056,78,92,181,attraction kingsideAttack long mate mateIn3 middlegame pillsburysMate sacrifice,https://lichess.org/4Hb9tkgg/black#44,
d4t4D,rn3b1r/ppNk1ppp/4bp2/8/3P4/1P6/1P2PPPP/R3KBNR w KQ - 3 11,c7a8 f8b4 e1d1 e6b3 d1c1 h8c8 a8c7 c8c7 c1b1 b4d2 e2e3 c7c1,1956,76,94,6230,mate mateIn5 middlegame operaMate pillsburysMate quietMove veryLong,https://lichess.org/76e3LEsT#21,Slav_Defense Slav_Defense_Other_variations
d52ai,1r1r3k/1p1P1Rp1/1pn1B1P1/7p/3p4/8/PP6/6K1 b - - 6 41,d4d3 f7f5 d3d2 f5h5,1913,81,53,104,endgame mate mateIn2 pillsburysMate short,https://lichess.org/RgBFcXjL/black#82,
d88j8,2k3r1/ppp2p2/3pb3/2PNp3/2PnP1n1/4B3/P4Pq1/R2QRK1N w - - 0 20,f1g2 g4e3 g2h2 g8g2,1938,75,95,15710,discoveredCheck doubleCheck master mate mateIn2 middlegame pillsburysMate short,https://lichess.org/FbXV9myM#39,
d9O0J,3R4/p1B3kp/2N5/2b3N1/6b1/1P6/P4r2/7K w - - 0 35,g5e4 g4f3 h1g1 f2g2 g1f1 g2g1,2147,85,85,230,discoveredCheck doubleCheck exposedKing long mate mateIn3 middlegame operaMate pillsburysMate,https://lichess.org/LKNvTtmP#69,
d9RMm,r2q1r1k/1p1n1p1p/p1pp3B/4Q3/4P3/1PNP3P/1PP2P1K/6R1 b - - 0 21,d7e5 h6g7 h8g8 g7e5 d8g5 g1g5,1950,78,92,601,discoveredAttack discoveredCheck fork long mate mateIn3 middlegame pillsburysMate,https://lichess.org/E5qApDJY/black#42,
dBlO9,r3k2r/1p1n1ppp/1q1Pp3/2p5/8/1P3P2/PBP2P1P/2KR2R1 b kq - 0 17,e8g8 g1g7 g8h8 g7g8 h8g8 d1g1,2160,81,79,720,attraction discoveredCheck doubleCheck kingsideAttack long mate mateIn3 middlegame pillsburysMate sacrifice,https://lichess.org/HazZttBH/black#34,Sicilian_Defense Sicilian_Defense_Modern_Variations
dBtM2,2krr3/ppp2ppp/4b3/8/2Pn2n1/1PN4P/P4PP1/3RKBNR w K - 1 13,h3g4 d4c2 e1e2 e6g4,1994,79,95,17426,discoveredCheck doubleCheck intermezzo mate mateIn2 middlegame pillsburysMate short,https://lichess.org/flE8HznJ#25,Scandinavian_Defense Scandinavian_Defense_Icelandic-Palme_Gambit
dDbtz,3rr1k1/1pp1qppp/1p4b1/3P4/1PP2NnP/P7/1B1Q1KP1/R4B1R w - - 0 20,f2g3 e7e3 d2e3 e8e3 g3g4 f7f5 g4g5 e3g3,2179,75,82,242,mate mateIn4 middlegame pillsburysMate sacrifice veryLong,https://lichess.org/TWFoMojY#39,
dDflQ,5r1k/ppp1n1pp/3P4/2P1p2q/1P4n1/PQ2b1PP/1B2NrB1/R4R1K w - - 1 26,d6e7 h5h3 g2h3 f2h2,2023,79,80,109,kingsideAttack mate mateIn2 middlegame pillsburysMate sacrifice short,https://lichess.org/SjnMmw7Q#51,
dFw7Q,r6k/1b1pPprp/p2P4/1p6/3Q4/8/P4PPP/R4RK1 w - - 1 32,d4b6 g7g2 g1h1 g2g1 h1g1 a8g8,1985,79,92,700,attraction discoveredCheck doubleCheck endgame long mate mateIn3 pillsburysMate sacrifice,https://lichess.org/HvrAXg5Q#63,
dGteL,rn4k1/pbppq2p/1p2p1p1/7n/2BQP3/P1BP4/1PP3PP/5R1K b - - 3 18,e7g7 c4e6 d7e6 d4d8 g7f8 f1f8,1933,80,87,83,kingsideAttack long mate mateIn3 middlegame pillsburysMate sacrifice,https://lichess.org/OQa6zUod/black#36,Owen_Defense Owen_Defense_Other_variations
dGu9a,6k1/8/p1P1N2R/1p1Bb1p1/1P2p3/2Pb2P1/r7/4K3 w - - 1 35,c6c7 e5c3 e1d1 a2a1,2031,80,91,917,endgame mate mateIn2 pillsburysMate short,https://lichess.org/qF1qJeNz#69,
dJEIt,8/RB6/P6p/2k2pp1/8/6P1/1r2bP1P/6K1 w - - 1 41,a7a8 b2b1 g1g2 e2f1 g2f3 b1b3,2068,82,88,51,endgame long mate mateIn3 pillsburysMate,https://lichess.org/FuoPDXYA#81,
dLlgz,6k1/pR1nr2p/2pp2pB/5b2/3Q4/6P1/P1P2P1P/4qBK1 w - - 5 24,d4d6 e1f1 g1f1 f5h3 f1g1 e7e1,2127,81,85,340,attraction long mate mateIn3 middlegame pillsburysMate sacrifice,https://lichess.org/gjMefKjU#47,
dNEpo,3rr1k1/1p3ppB/1qpb3p/4N3/p2P4/PbRQ4/1P3PPP/4R1K1 b - - 1 24,g8f8 e5g6 f7g6 d3f3 b3f7 f3f7 f8f7 c3f3 d6f4 f3f4,2124,76,96,1801,attraction mate mateIn5 middlegame pillsburysMate sacrifice veryLong,https://lichess.org/L7mEnAt8/black#48,
dOuR6,r1b3rk/4bR1p/p2qN1pB/2p5/1pn1P3/4R2Q/PPP3PP/7K b - - 1 26,c8e6 f7h7 h8h7 h6f8 e6h3 e3h3 e7h4 h3h4,2024,76,87,547,discoveredAttack discoveredCheck kingsideAttack mate mateIn4 middlegame pillsburysMate sacrifice veryLong,https://lichess.org/QCyCDlGv/black#52,
dUHpI,3Qr1kb/1b5p/pn2q2B/1pp2B2/8/1PP4P/P4Pp1/3R2K1 b - - 0 33,e6e7 d8e7 e8e7 d1d8 g8f7 d8f8,1948,85,92,123324,clearance kingsideAttack long mate mateIn3 middlegame operaMate pillsburysMate,https://lichess.org/pi1qXiRa/black#66,
dUnl1,4rb1r/pppk2p1/2n4p/3N4/5BR1/1BPq4/PP3PPP/3R2K1 b - - 2 20,d3e2 d5b6 d7e7 d1d7 e7f6 d7f7,2093,79,90,1304,discoveredCheck doubleCheck long mate mateIn3 middlegame operaMate pillsburysMate,https://lichess.org/sqKj3s1a/black#40,
dVnM7,r4k2/ppp3R1/1nb1Bp2/5P2/4N3/2P5/PP3P1r/2K3R1 b - - 4 28,c6e4 g7f7 f8e8 g1g8,1922,75,95,2825,mate mateIn2 middlegame pillsburysMate short,https://lichess.org/swSKUS2j/black#56,
dbBri,2k2rr1/pbpp4/1p6/7Q/3N1n2/P2B4/1PP2PPP/RN3RK1 w - - 5 19,h5h4 g8g2 g1h1 g2g1 h1g1 f8g8 d3g6 g8g6 h4g5 g6g5,2074,79,81,305,attraction discoveredCheck doubleCheck kingsideAttack mate mateIn5 middlegame pillsburysMate sacrifice veryLong,https://lichess.org/LMuRirW5#37,Russian_Game Russian_Game_Modern_Attack
dh7t1,8/p4R2/2p5/3p3k/3K4/1PbP1P1B/P1r3PP/8 w - - 4 50,d4c5 c3e5 c5b4 e5d6 b4a5 c2a2,1956,77,85,692,discoveredAttack discoveredCheck endgame long mate mateIn3 pillsburysMate,https://lichess.org/gRvHrwJS#99,
diqOd,r4rk1/ppp1bppp/2n2B2/8/2b5/2P2P2/PPP1QP1P/1K1R2R1 b - - 0 16,c4e2 g1g7 g8h8 g7g8 h8g8 d1g1,2075,75,95,1589,attraction discoveredCheck doubleCheck kingsideAttack long mate mateIn3 middlegame pillsburysMate sacrifice,https://lichess.org/Z93aUoIE/black#32,Alekhine_Defense Alekhine_Defense_Samisch_Attack
djMbE,6k1/pQ3p2/6p1/4p1Pb/4Pn1P/1P6/PBr2K2/RN1r1B1R w - - 3 25,f2g3 d1d3 f1d3 c2g2,2119,82,87,863,hookMate master mate mateIn2 middlegame pillsburysMate sacrifice short,https://lichess.org/D7JFxcCm#49,
dlINq,5k2/pq3ppQ/2n4p/7n/3r4/8/P4PPP/1B2R1K1 b - - 1 30,h5f6 h7h8 f6g8 h8g8 f8g8 e1e8,2103,76,95,3553,attraction long mate mateIn3 middlegame pillsburysMate sacrifice,https://lichess.org/qKhVVEds/black#60,
dnfG1,2r2rk1/1p3ppp/p1b1pB2/4P3/1bq2Q2/2p2P2/PP5P/R5RK b - - 1 21,c4f4 g1g7 g8h8 g7g8 h8g8 a1g1 f4g3 g1g3,2046,75,89,468,attraction discoveredCheck doubleCheck kingsideAttack mate mateIn4 middlegame pillsburysMate sacrifice veryLong,https://lichess.org/kiDkZWuO/black#42,
dqqvB,3r2r1/1p1n3k/p1b1p2p/5p2/5N2/1PRB4/P4PPP/5RK1 w - - 2 28,f4e6 g8g2 g1h1 g2g1 h1g1 d8g8 e6g5 g8g5,2081,79,90,822,attraction discoveredCheck doubleCheck mate mateIn4 middlegame pillsburysMate sacrifice veryLong,https://lichess.org/8yTJ3HiH#55,
dt3Hv,2r1k3/p3n3/Q1p2R2/3N4/B2p4/6q1/PPPK4/R6r b - - 7 25,h1a1 a6c8 e7c8 a4c6 e8d8 f6f8,1936,75,95,7265,exposedKing long mate mateIn3 middlegame pillsburysMate pin sacrifice,https://lichess.org/hBlx1vmJ/black#50,
dv3us,5k1r/p4pp1/2B1p3/1N5n/6Pq/3P4/P1P2PKb/1RBQ1R2 w - - 1 23,f1h1 h4h3 g2h3 h5f4,2054,94,78,63,attraction discoveredCheck doubleCheck mate mateIn2 middlegame pillsburysMate sacrifice short,https://lichess.org/AXkLEGxd#45,
e2r2a,r5rk/p4p1p/1p1R1p2/4p3/4b3/1B6/PPP2PPP/5RK1 w - - 2 19,b3d5 g8g2 g1h1 g2g1 h1g1 a8g8,2021,83,92,545,attraction discoveredCheck doubleCheck endgame kingsideAttack long mate mateIn3 pillsburysMate sacrifice,https://lichess.org/7lMmNQZU#37,
e5bwY,2rr1k2/1b1q1ppQ/p3pb1p/1p6/3N4/P3B2P/1P3PP1/1BR1R1K1 b - - 0 22,c8c1 h7h8 f8e7 d4f5 e6f5 e3c5,2048,76,94,5109,clearance discoveredCheck doubleCheck epauletteMate long mate mateIn3 middlegame pillsburysMate sacrifice,https://lichess.org/u5l9iXTN/black#44,
e7wTl,2r2r1k/p4pRp/1b2p3/2np4/P7/2BQPP2/5P1P/R6K b - - 0 25,c5d3 g7g8 h8g8 a1g1,2082,77,94,8174,attraction discoveredCheck doubleCheck mate mateIn2 middlegame pillsburysMate sacrifice short,https://lichess.org/uYofBDTn/black#50,
e8t0c,5r1k/pQ1Rr1pp/8/8/8/6bB/PPP3P1/7K w - - 3 27,b7a7 f8f1 a7g1 f1g1 h1g1 e7e1,1976,75,95,1303,attraction endgame long mate mateIn3 pillsburysMate,https://lichess.org/L7LcrLRV#53,
eAkX3,6k1/1R3p1p/6p1/2B5/1p3PP1/2b2K2/Pr5P/8 b - - 0 33,b2a2 b7b8 g8g7 c5f8 g7f6 b8b6,1916,76,95,2582,endgame long mate mateIn3 pillsburysMate,https://lichess.org/8s7BjNcS/black#66,
eBqkJ,2q3k1/4prb1/p2p2Q1/3P4/p2B2P1/2P5/1r3PK1/7R b - - 1 30,c8e8 g6h7 g8f8 h7h8 g7h8 h1h8,2025,75,97,437,exposedKing long mate mateIn3 middlegame pillsburysMate sacrifice,https://lichess.org/uRsqgpbZ/black#60,
eBxBO,4rnk1/3r4/p3p2q/1p1p4/3P4/P1P3R1/1P3Q2/1B3RK1 b - - 5 38,d7g7 f2f7 g8h8 f7f8 e8f8 f1f8 g7g8 g3g8,1951,72,95,15425,deflection exposedKing mate mateIn4 middlegame pillsburysMate pin veryLong,https://lichess.org/RqQonWlV/black#76,
eDVvO,3k4/R5p1/p1B5/4p2p/PB6/K1P5/2r1p2P/8 b - - 0 35,e2e1q b4a5 d8c8 a7a8,2019,75,95,853,endgame master masterVsMaster mate mateIn2 pillsburysMate short,https://lichess.org/th7a1Obx/black#70,
eDygL,r4rk1/1pp1qppp/3bp3/p2bB3/5P2/1Q1P4/PPP1B2P/1K1R2R1 b - - 0 19,d5b3 g1g7 g8h8 g7g8 h8g8 d1g1 e7g5 g1g5,2089,84,89,95,attraction discoveredCheck doubleCheck kingsideAttack mate mateIn4 middlegame pillsburysMate sacrifice veryLong,https://lichess.org/dGN1CtMs/black#38,
eF8JG,8/6bk/Q3R1p1/6Pp/5P2/P1r5/KPq5/1R6 w - - 4 50,e6e2 c2b3 a2a1 b3a3 b2a3 c3a3,1947,80,92,4022,deflection discoveredCheck doubleCheck endgame long mate mateIn3 pillsburysMate sacrifice,https://lichess.org/Rnmp4PX0#99,
eKkHl,5b2/8/p3pkp1/1p6/3B2r1/4K2R/2r4P/8 b - - 13 52,f6f5 h3f3 g4f4 f3f4 f5g5 d4f6 g5h6 f4h4,2083,77,95,13479,endgame mate mateIn4 pillsburysMate veryLong,https://lichess.org/njIejmOE/black#104,
eNVpv,rn1q1r2/pbpp2p1/1p2N2k/4Pp1P/1b1P2Q1/2n5/PPPB1PP1/R3K2R b KQ - 0 13,g7g5 h5g6,1909,84,89,1437,discoveredAttack discoveredCheck doubleCheck enPassant mate mateIn1 middlegame oneMove pillsburysMate,https://lichess.org/yCZx0jsE/black#26,French_Defense French_Defense_Normal_Variation
eP9DA,r4r1k/1b3p1p/5qPQ/p3pN2/1p2P3/PB1P4/2P3R1/6K1 b - - 0 38,f7g6 h6h7 h8h7 g2h2 f6h4 h2h4,1917,75,95,4859,attraction long mate mateIn3 middlegame pillsburysMate sacrifice,https://lichess.org/6iulFqmB/black#76,
eQ6gh,r1b1kbnr/3p1ppp/p1n1p3/2q3NQ/8/6P1/P1PBPP1P/3RKB1R b Kkq - 3 12,g8f6 h5f7 e8d8 g5e6 d7e6 d2a5,2081,79,96,2327,attackingF2F7 discoveredCheck doubleCheck long mate mateIn3 opening pillsburysMate,https://lichess.org/TIBvRusV/black#24,Zukertort_Opening Zukertort_Opening_Sicilian_Invitation
eSmfZ,r1k5/p1pnn2r/1p3Bp1/1B6/3P4/2P2P2/P1P4P/2K1R1Nb b - - 2 23,e7d5 b5a6 c8b8 e1e8,1957,76,93,5717,mate mateIn2 middlegame pillsburysMate queensideAttack short,https://lichess.org/NeGcNCmI/black#46,
eTijv,3q1rk1/1R6/1R1B3p/2pP2p1/p1Pbp3/P6P/5rPK/3Q4 w - - 2 39,d1h5 d8d6 b6d6 d4e5 h2h1 f2f1,2032,78,92,262,fork long mate mateIn3 middlegame pillsburysMate sacrifice,https://lichess.org/zSynlreM#77,
eWfZo,r6r/p2p1p1p/1p4p1/8/3RP2P/2P1k1B1/P1K1bnP1/4R3 b - - 3 26,f2e4 d4d3,1946,144,0,41,epauletteMate mate mateIn1 middlegame oneMove pillsburysMate pin,https://lichess.org/cab5lgb3/black#52,
ebclw,5k1r/p1p2p1p/4r3/QBb3p1/4npb1/3P4/PPP3PP/R1B2RK1 w - - 4 18,g1h1 e4g3 h2g3 e6h6,1980,78,88,107,mate mateIn2 middlegame pillsburysMate sacrifice short,https://lichess.org/ej9Di9Bs#35,Kings_Gambit_Accepted Kings_Gambit_Accepted_Cunningham_Defense
ecAaC,r4k1r/2R3b1/p2p2Q1/1p1Pq1P1/4p3/1P3pP1/P4PK1/3B3R w - - 0 36,g2g1 e5g3 f2g3 g7d4 g1f1 h8h1,2022,73,94,14619,clearance deflection kingsideAttack long mate mateIn3 middlegame pillsburysMate sacrifice,https://lichess.org/7jX41Nwj#71,
eczyN,rn4k1/ppNqrpp1/7p/3P4/6b1/2PB4/PP3QPP/4RRK1 b - - 0 20,d7c7 f2f7 e7f7 e1e8 f7f8 f1f8,1972,78,88,283,kingsideAttack long mate mateIn3 middlegame pillsburysMate sacrifice,https://lichess.org/VVDfHiSV/black#40,
efRDI,r5r1/p3Q2p/kpbp4/4p3/3P4/2P5/PP3PPP/R4RK1 w - - 2 20,e7d6 g8g2 g1h1 g2g1 h1g1 a8g8 d6g6 g8g6,2073,76,74,246,attraction discoveredCheck doubleCheck endgame mate mateIn4 pillsburysMate sacrifice veryLong,https://lichess.org/NhEwYoeP#39,
efsAR,r2qbrk1/pp4pp/4ppn1/3p3B/3P1N2/4P1P1/PPQ2PP1/R3K2R b KQ - 7 17,g6f4 c2h7 g8h7 h5f7 f4h5 h1h5,2025,76,68,121,collinearMove discoveredAttack discoveredCheck kingsideAttack long mate mateIn3 middlegame pillsburysMate sacrifice,https://lichess.org/nNaBDp51/black#34,Slav_Defense Slav_Defense_Modern_Line
ejzqL,2r1r1k1/1R3R1p/p2p2p1/2pNb1p1/2B1P1q1/4B3/1P1K4/8 b - - 3 34,g4e4 d5f6 e5f6 f7g7 g8h8 g7h7,2058,79,89,1019,discoveredCheck doubleCheck fork long mate mateIn3 middlegame pillsburysMate sacrifice,https://lichess.org/v9eFK469/black#68,
elrvm,7k/8/4Q2b/4p1q1/1P4P1/P1P1PP2/3r2K1/R3R3 w - - 3 35,g2g3 g5f4 e3f4 h6f4 g3h4 d2h2,1909,84,81,47,endgame long mate mateIn3 pillsburysMate sacrifice,https://lichess.org/MJfnlL5k#69,
emjVo,5rk1/1pp2p2/7p/5npr/1p1Pq1bP/4PNP1/PP2BP1K/R2Q1R2 w - - 0 25,f3d2 f5h4 d2e4 h4f3 h2g2 h5h2,2182,75,93,3920,discoveredCheck doubleCheck long mate mateIn3 middlegame pillsburysMate sacrifice,https://lichess.org/09ceg02O#49,
eooND,Q7/5pkp/4p1p1/4P1B1/4P3/5P2/1qr1b1PP/R5K1 b - - 3 30,e2f3 a8h8 g7h8 g5f6 h8g8 a1a8 b2b8 a8b8 c2c8 b8c8,2115,86,89,163,attraction endgame mate mateIn5 pillsburysMate sacrifice veryLong,https://lichess.org/a83H5dsL/black#60,
epWOp,1r4r1/pQ1nkpq1/4p3/3p4/1B6/5N2/P3KPPP/2R5 b - - 4 21,e7d8 b7c7 d8e8 c7c8 b8c8 c1c8,2105,91,79,103,exposedKing long mate mateIn3 middlegame pillsburysMate sacrifice,https://lichess.org/3BYre9iM/black#42,
epsVu,6r1/p3k3/Pp1Pp3/8/4N3/P2BqP2/6R1/5K2 b - - 0 34,e7d7 d3b5 d7d8 g2g8,1909,77,81,1071,endgame mate mateIn2 pillsburysMate short,https://lichess.org/vODHBLxi/black#68,
equYz,5rk1/p1p3p1/bp1pp2p/2b1p1PQ/4P3/2N2r2/PPPK3P/R6R w - - 1 18,g5h6 c5e3 d2d1 f3f1 h1f1 f8f1,1977,80,91,1782,long mate mateIn3 middlegame pillsburysMate,https://lichess.org/nkvxriAq#35,Italian_Game Italian_Game_Giuoco_Pianissimo
erTNC,r5k1/5p2/2p1pPp1/pbP5/1p3q2/1B6/PPQ2PP1/1K5R b - - 2 26,a8d8 c2g6 f7g6 b3e6 g8f8 h1h8,2039,78,67,129,deflection endgame kingsideAttack long mate mateIn3 pillsburysMate sacrifice,https://lichess.org/MPMo2Hts/black#52,
esXRI,4r1k1/pb1p1p1p/3P2p1/1pp2RQ1/6P1/2Pn4/PP1Nr2P/R4K2 w - - 6 24,f5f6 e2e1 a1e1 e8e1,1915,78,79,388,mate mateIn2 middlegame pillsburysMate short,https://lichess.org/qdjlo7s9#47,
exw4b,1k3r1r/ppp5/8/PP2p3/2Pb1pp1/3P1P2/6PP/1R2QR1K w - - 2 29,b5b6 h8h2 h1h2 f8h8 e1h4 h8h4,1905,76,97,10341,attraction endgame kingsideAttack long mate mateIn3 pillsburysMate sacrifice,https://lichess.org/zGBBfMKq#57,
eyGo8,3k4/8/2B1p3/1PBp1b2/P2P4/4bN2/2r3K1/6R1 w - - 8 33,g2f1 f5d3 f1e1 c2c1,2003,80,84,564,mate mateIn2 middlegame pillsburysMate short,https://lichess.org/8UUWuk2Z#65,
f2KWo,2kr4/pp3p2/2p3pp/2bqR3/3r1P2/8/PPQ3PP/2R3K1 w - - 0 22,e5d5 d4d1,2012,76,95,5219,collinear discoveredCheck doubleCheck endgame mate mateIn1 oneMove pillsburysMate,https://lichess.org/7bsMXycL#43,
f44q4,2kr3r/ppp2pp1/3Bb2p/1B2p3/6nP/NQ2P1q1/PP2K3/2R2R2 b - - 0 20,e6b3 c1c7 c8b8 c7c8 b8c8 f1c1 b3c4 c1c4,2043,77,80,116,attraction discoveredCheck doubleCheck mate mateIn4 middlegame pillsburysMate queensideAttack sacrifice veryLong,https://lichess.org/iMhOutNo/black#40,
f5edm,2kr3r/ppp2pp1/5n2/4B3/2NP2q1/1P2PbP1/P6P/2R2RK1 b - - 2 19,g4h3 c4b6 a7b6 c1c7 c8b8 c7c4 d8d6 e5d6 b8a7 c4a4,2189,78,84,101,discoveredAttack discoveredCheck mate mateIn5 middlegame pillsburysMate pin queensideAttack sacrifice veryLong,https://lichess.org/16tmO2yP/black#38,
f8alg,4r2k/p5bp/1p4p1/3R1p2/4n3/2P2KB1/PP3PPP/7R w - - 3 24,h1d1 e4g5 f3f4 e8e4 f4g5 e4g4,1976,75,95,2114,endgame exposedKing long mate mateIn3 pillsburysMate sacrifice,https://lichess.org/O76bXlNU#47,
fDfSG,r4rk1/2p1qppp/1p1bpB2/pP1b2P1/n6Q/P2P4/4PP1P/RN2K1R1 b Q - 7 17,e7d7 h4h6 g7h6 g5h6 d5g2 g1g2 d6g3 g2g3,2120,86,91,642,discoveredAttack discoveredCheck kingsideAttack mate mateIn4 middlegame pillsburysMate sacrifice veryLong,https://lichess.org/JxFCZY4w/black#34,Grob_Opening Grob_Opening_Other_variations
fElIb,2QN4/pp4k1/2p3p1/4p2n/4Pb2/P1P4P/6PK/r7 w - - 5 37,g2g3 a1a2 h2g1 f4e3 g1f1 h5g3 f1e1 a2a1,2034,76,95,12210,endgame mate mateIn4 pillsburysMate veryLong,https://lichess.org/2SBYBllx#73,
fGo8P,2kr4/ppp2p1p/1b5B/2p5/3PP3/1P3b2/P1PN1PrP/R4RK1 w - - 0 15,g1h1 g2g1 h1g1 d8g8 h6g7 g8g7,2037,76,92,2665,attraction discoveredCheck doubleCheck long mate mateIn3 middlegame pillsburysMate sacrifice,https://lichess.org/1nYsn0m3#29,Ruy_Lopez Ruy_Lopez_Classical_Variation
fHz5M,4r3/4b3/ppk5/2p1KPp1/2P4p/1P2B2P/P7/6R1 w - - 1 34,e3c1 e7d8,1968,76,85,784,discoveredAttack discoveredCheck endgame master mate mateIn1 oneMove pillsburysMate,https://lichess.org/pDcWBFHF#67,
fIbes,r2qkb1r/ppp3p1/5n1p/4n2b/8/3B1N1P/PPP3P1/RN1QR1K1 b kq - 1 13,h5f3 d3g6 e8e7 e1e5,2155,87,89,378,mate mateIn2 opening pillsburysMate pin short,https://lichess.org/J2yA6NJN/black#26,Kings_Gambit Kings_Gambit_Other_variations
fJ9ny,5rk1/5p1p/p1p2qpQ/3n1B2/8/P7/1rPB1PPP/R3R1K1 b - - 0 19,f6f5 h6f8 g8f8 d2h6 f8g8 e1e8,1935,77,92,967,attraction kingsideAttack long mate mateIn3 middlegame pillsburysMate sacrifice,https://lichess.org/YfF04h0R/black#38,
fNNSp,8/1b3pk1/p1q3p1/1pb1PR2/8/P1Pr2QP/B5P1/4R2K w - - 3 35,g3g4 c6g2 g4g2 d3h3,2106,79,75,241,fork mate mateIn2 middlegame pillsburysMate pin sacrifice short,https://lichess.org/o4Vki3Tj#69,
fNT37,k2r2r1/1pQ2p1p/p1b1pp2/1N6/P7/8/1P3PPP/R4RK1 w - - 3 21,c7b6 g8g2 g1h1 g2g1 h1g1 d8g8,2087,109,84,86,attraction discoveredCheck doubleCheck kingsideAttack long mate mateIn3 middlegame pillsburysMate sacrifice,https://lichess.org/ImGrdR8V#41,
fQaD4,4r3/pp1r2pk/6b1/1PRN1pPp/P2P3P/1B1QP3/1K6/4q3 b - - 5 40,f5f4 d3g6 h7g6 d5f4 g6h7 g5g6 h7h8 c5h5,2090,78,85,121,attraction discoveredAttack mate mateIn4 middlegame pillsburysMate sacrifice veryLong,https://lichess.org/q9V0BNiR/black#80,
fRdKv,rnb2rk1/1p3p1p/p5p1/2Q2NB1/5P2/2P5/q5PP/4RRK1 b - - 0 18,c8f5 c5f8 g8f8 g5h6 f8g8 e1e8,1915,75,99,837,attraction kingsideAttack long mate mateIn3 middlegame pillsburysMate sacrifice,https://lichess.org/hJjHZOc9/black#36,Philidor_Defense Philidor_Defense_Larsen_Variation
fUAZQ,2k3rr/ppp5/4p1N1/2b1p2n/4P3/3P1PP1/PPPN2K1/R4R2 w - - 4 20,g6h8 h5f4 g2h2 g8h8,1978,77,86,272,intermezzo mate mateIn2 middlegame pillsburysMate pin short,https://lichess.org/gSF6b5tF#39,
fUkI7,2kr1b1r/1b1np3/p1p1Rn1p/qp1N1Bp1/3P4/P4NB1/1PPQ1PPP/1K1R4 b - - 0 18,a5d2 d5b6 d7b6 e6c6,2090,82,92,2574,discoveredCheck doubleCheck mate mateIn2 middlegame pillsburysMate queensideAttack sacrifice short,https://lichess.org/980kL1du/black#36,Modern_Defense Modern_Defense_Two_Knights_Variation
fYCkM,1Q6/2p2ppk/3p3p/7R/4PP2/1BbP2P1/2P1K1P1/r1q5 w - - 3 36,b3f7 c1f1 e2e3 a1e1,2131,82,88,1539,endgame mate mateIn2 pillsburysMate short,https://lichess.org/tRVTz7Eq#71,
fYlA3,r4k1r/pqpQn1pp/1pn1Bpb1/6B1/4P2N/8/PP3PPP/R2R2K1 b - - 6 19,a8d8 h4g6 h7g6 d7d8 c6d8 d1d8,2182,83,84,279,long mate mateIn3 middlegame pillsburysMate,https://lichess.org/WnYHUFY2/black#38,Queens_Gambit_Declined Queens_Gambit_Declined_Marshall_Defense
fcnsm,3Q4/1p2p3/k2bBP2/2r5/K7/PP6/6P1/8 w - - 3 63,f6e7 b7b5 a4b4 c5c4,2011,74,96,3510,discoveredCheck doubleCheck endgame epauletteMate master mate mateIn2 pillsburysMate short,https://lichess.org/dM42iF0E#125,
fdEjI,3R4/6pk/1p1P1p2/1B2r2p/P4K2/7P/6P1/6b1 w - - 4 52,d6d7 g7g5 f4g3 e5e3,1914,96,56,85,endgame mate mateIn2 pillsburysMate short,https://lichess.org/ceTtaS5n#103,
fdN1B,5r2/6R1/7N/2kp2PP/2p1b3/n7/PP6/1KR5 w - - 8 40,b1a1 a3c2 a1b1 c2d4 b1a1 d4b3 a2b3 f8a8 g7a7 a8a7,2127,76,95,3702,discoveredAttack discoveredCheck endgame mate mateIn5 pillsburysMate sacrifice veryLong,https://lichess.org/OWQ9qv0g#79,
fdaPM,r1b2r1k/pp2NpQp/2p2R2/4B2q/4P3/3P4/P5PP/R6K b - - 0 18,h8g7 f6g6,2000,77,82,300,discoveredCheck doubleCheck epauletteMate mate mateIn1 middlegame oneMove pillsburysMate,https://lichess.org/IbxwXopN/black#36,Four_Knights_Game Four_Knights_Game_Spanish_Variation
feAW1,2k5/ppp5/q4rr1/n2p1bN1/3P1p1P/2P2Q2/PP1N2P1/K5RR w - - 2 27,f3f4 a5b3 d2b3 a6a2 a1a2 f6a6 b3a5 a6a5 a2b3 g6b6,2141,78,94,7888,attraction discoveredAttack mate mateIn5 middlegame pillsburysMate pin sacrifice veryLong,https://lichess.org/1eNRvLJj#53,
feGST,2k2rr1/1p6/p1b5/2q4Q/P2p4/2N1P3/1P3PPP/R4RK1 w - - 0 21,h5c5 g8g2 g1h1 g2g1 h1g1 f8g8 c5g5 g8g5,2125,87,79,130,attraction discoveredCheck doubleCheck mate mateIn4 middlegame pillsburysMate sacrifice veryLong,https://lichess.org/0nJoODuh#41,
feMuU,4r2r/1ppk1pp1/p7/3PpP1p/4N1q1/3P1N1P/PPP1QbP1/R1B4K w - - 2 19,h3g4 h5g4 f3h2 h8h2 h1h2 e8h8 c1h6 h8h6,2000,75,84,112,attraction discoveredAttack discoveredCheck kingsideAttack mate mateIn4 middlegame pillsburysMate veryLong,https://lichess.org/JXfr0rhK#37,
fg6hm,4rk2/pp1n3B/4QnNb/2p3p1/2P5/q6P/P4PP1/4R1K1 b - - 1 26,f8g7 e6e7 e8e7 e1e7,2199,81,95,11720,collinearMove mate mateIn2 middlegame pillsburysMate sacrifice short,https://lichess.org/OWGeMEPb/black#52,
fm7w5,r5r1/1b1nkpBp/pp2p3/2p5/2P5/P1N1P3/1P2BPPP/2R2RK1 w - - 1 19,g7h6 g8g2 g1h1 g2g1 h1g1 a8g8 h6g5 g8g5 e2g4 g5g4,2113,86,86,106,attraction discoveredCheck doubleCheck kingsideAttack mate mateIn5 middlegame pillsburysMate sacrifice veryLong,https://lichess.org/CC0kW83y#37,
fnaEC,rn1q1rk1/p3bppp/3p1B2/1pp5/3QP3/1BN2P2/PPP2P1P/2KR2R1 b - - 0 12,c5d4 g1g7 g8h8 g7g8 h8g8 d1g1,2043,78,92,3893,attraction discoveredCheck doubleCheck kingsideAttack long mate mateIn3 middlegame pillsburysMate sacrifice,https://lichess.org/0BeogFbz/black#24,Philidor_Defense Philidor_Defense_Other_variations
fprRD,4r3/5R2/6p1/8/6k1/4B3/2r2P1P/5K2 b - - 4 32,e8a8 f2f3 g4h5 f7h7,2127,77,94,2004,endgame mate mateIn2 pillsburysMate short,https://lichess.org/aZeReGlm/black#64,
fpsa4,2k2r2/pb3P1p/1pq1p3/2b3B1/1P6/2Nr2QP/P5P1/2R1R2K w - - 1 30,g3g4 c6g2 g4g2 d3h3,1923,76,96,2523,kingsideAttack mate mateIn2 middlegame pillsburysMate pin sacrifice short,https://lichess.org/wt62uXYA#59,
fq6EG,4r2k/p5pp/1p1p3q/3Q4/3P1b2/2P2N2/PP3PP1/R4K2 w - - 0 26,a1e1 h6h1 f3g1 h1g1 f1g1 e8e1,2168,75,94,9476,attraction deflection endgame long mate mateIn3 pillsburysMate,https://lichess.org/cm7I4GbU#51,
fqcjd,6k1/p7/4p1pb/1Q2P3/1PPrK2P/8/3r4/1R6 w - - 7 39,e4f3 d4d3 f3g4 d2g2,1975,77,86,307,endgame mate mateIn2 pillsburysMate short,https://lichess.org/8916YBQm#77,
frOEt,3r1r2/p3Npkp/2p1b1p1/8/8/3Q1P2/qPP3PP/2KR1B1R w - - 0 17,d3a3 a2b1 c1b1 d8d1,2181,83,91,1668,attraction deflection mate mateIn2 middlegame pillsburysMate queensideAttack sacrifice short,https://lichess.org/PJtJ6JGE#33,Sicilian_Defense Sicilian_Defense_Accelerated_Dragon
fs74B,2k1r3/1p6/p1pb4/6B1/6R1/2PP4/PP3PPq/R2B1K2 w - - 3 32,g4h4 h2g1 f1g1 e8e1,2047,76,94,8737,attraction mate mateIn2 middlegame pillsburysMate sacrifice short,https://lichess.org/Y5vEBOGE#63,
fs8t4,7r/bR6/p5k1/4p1p1/N2nP3/3P2P1/PP1B2P1/2R4K w - - 1 27,h1g1 d4e2 g1f1 e2g3 f1e1 h8h1,2160,84,87,103,discoveredCheck doubleCheck fork long mate mateIn3 middlegame pillsburysMate,https://lichess.org/hHA6Mkfm#53,
fupvt,4rq2/ppp3pp/8/4nkQ1/2Bb4/6R1/P3K3/8 b - - 7 30,f5e4 g3g4 f8f4 g4f4,2040,84,91,2470,mate mateIn2 middlegame pillsburysMate short,https://lichess.org/iBz8rdzy/black#60,
g0GvB,3r2k1/pb3pbp/1pq3p1/2p2pB1/2P5/2Pr2NP/PP2Q1P1/4R1RK b - - 1 27,d8d7 e2e8 g7f8 e8f8 g8f8 g5h6 f8g8 e1e8,2164,75,94,7838,attraction kingsideAttack mate mateIn4 middlegame pillsburysMate sacrifice veryLong,https://lichess.org/gQuXgHbU/black#54,
g4XY2,5rk1/ppR3bp/4p1p1/3pP2r/1Q3BnP/6P1/q5B1/5R1K b - - 3 24,g7e5 b4f8 g8f8 f4h6 f8g8 c7c8,2084,83,92,2901,attraction discoveredCheck doubleCheck kingsideAttack long mate mateIn3 middlegame pillsburysMate sacrifice,https://lichess.org/quemilPz/black#48,
g7fVM,4r1k1/pp3p1p/2p3p1/3p4/1P3bP1/P3rP2/2PK2P1/3R1Q1R w - - 2 28,c2c3 e3e2 d2d3 e8e3 d3d4 f4e5 d4c5 e3c3,2055,76,94,6119,deflection discoveredCheck doubleCheck endgame mate mateIn4 pillsburysMate veryLong,https://lichess.org/yTw9vfLt#55,
g7hbV,2r4k/p5pp/2p5/4N3/2B1p3/2P1br2/PP2K3/R7 b - - 2 24,e3b6 e5g6 h7g6 a1h1 f3h3 h1h3,2066,75,97,641,endgame long mate mateIn3 pillsburysMate sacrifice,https://lichess.org/arZRpOs6/black#48,
g9po8,rn2qb1r/pp1bpQpp/1n1p3k/2p4P/3P4/2P5/PP3PP1/RNB1K2R b KQ - 0 14,g7g5 h5g6,1905,82,88,685,discoveredAttack discoveredCheck doubleCheck enPassant mate mateIn1 oneMove opening pillsburysMate,https://lichess.org/sNc6nPvh/black#28,Sicilian_Defense Sicilian_Defense_Alapin_Variation
gAqBj,r1b5/1r4k1/5RBp/P5p1/3Bp3/3p4/8/6K1 b - - 5 47,a8b8 f6e6 g7g8 e6e8,2188,78,81,250,discoveredAttack discoveredCheck endgame master mate mateIn2 pillsburysMate short,https://lichess.org/xMELZJPb/black#94,
gBNdz,Q1R5/8/2p3k1/2Bb2p1/5p2/6Kp/8/r7 w - - 0 42,g3h3 a1h1 h3g4 h1h4,2038,104,71,44,endgame mate mateIn2 pillsburysMate short,https://lichess.org/8zPLxWel#83,
gEDB3,4r1k1/3R1p2/pq4p1/1p2bnNp/4Q3/2N4P/PP3PP1/6K1 w - - 0 28,e4d5 b6f2 g1f2 e5g3 f2f3 e8e3,2065,81,85,61,attraction kingsideAttack long mate mateIn3 middlegame pillsburysMate sacrifice,https://lichess.org/9ulnkjT5#55,
gHXWp,r1b5/pp4k1/7p/5r2/2p1N3/3p3q/PP2nP1K/R2Q1R2 w - - 0 27,h2h3 f5f2 h3h4 f2h2,2061,88,56,55,discoveredAttack discoveredCheck mate mateIn2 middlegame pillsburysMate short,https://lichess.org/omtEaMm8#53,
gK1ll,2k4N/ppp4p/1b6/4p1B1/4b2K/7q/PPP1nr2/R1Q2R2 w - - 0 23,h4h3 e4f5 h3h4 f2h2,2055,78,75,406,mate mateIn2 middlegame pillsburysMate short,https://lichess.org/WwAcyJ6r#45,
gNA1d,4n1k1/R4ppp/1r6/2R1p3/3pbP2/8/P2B1P1P/6K1 w - - 0 31,a7e7 b6g6 g1f1 e4d3 f1e1 g6g1,2019,77,91,638,endgame long mate mateIn3 pillsburysMate,https://lichess.org/8LrjaOuS#61,
gOZmI,r1bq1rk1/5ppp/2p1p3/pp1P4/7P/1PBQ1N2/PP3n2/1K1R2R1 b - - 0 17,f2d3 g1g7 g8h8 g7g8 h8g8 d1g1 d8g5 g1g5,2111,90,90,739,attraction discoveredCheck doubleCheck kingsideAttack mate mateIn4 middlegame pillsburysMate sacrifice veryLong,https://lichess.org/S5uJjBRu/black#34,Scandinavian_Defense Scandinavian_Defense_Valencian_Variation
gQ07Q,3r3k/rp1bnBpp/n4pN1/pq3P1Q/1P2P3/P2R4/6PP/5R1K b - - 7 25,e7g6 h5h7 h8h7 d3h3 g6h4 h3h4,2141,82,79,70,attraction kingsideAttack long mate mateIn3 middlegame pillsburysMate sacrifice,https://lichess.org/fg8lygi6/black#50,
gR97l,4r1k1/1pq1rpp1/p6p/8/4n2P/2PB1Q2/P5P1/4RRK1 b - - 1 25,e4c3 f3f7 e7f7 e1e8 f7f8 f1f8,2045,77,86,262,deflection long mate mateIn3 middlegame pillsburysMate sacrifice,https://lichess.org/kzFScgiv/black#50,
gRuqC,r1b5/bp6/p1n3kp/3Npr2/1PB1Np1q/P1PP2p1/3Q1PPP/R4R1K w - - 0 24,f2g3 h4h2 h1h2 f5h5,1914,78,90,517,attraction kingsideAttack mate mateIn2 middlegame pillsburysMate sacrifice short,https://lichess.org/2fvrBsYC#47,
gSsYh,r4rk1/p1p2ppp/1p6/8/3B4/7P/n1PK1P2/6RR b - - 1 22,a8d8 g1g7 g8h8 g7g8 h8g8 h1g1,2033,75,94,6613,attraction discoveredCheck doubleCheck endgame long mate mateIn3 pillsburysMate sacrifice,https://lichess.org/rnAz6MN8/black#44,
gTnE4,7r/2Q5/2Pp2k1/p3b3/6p1/3R1P2/Pr4P1/5K2 w - - 2 45,f1g1 h8h1 g1h1 b2b1 d3d1 b1d1,2085,82,89,195,attraction endgame long mate mateIn3 pillsburysMate sacrifice,https://lichess.org/0boHe2A0#89,
gXQnN,3r1r1k/5q1p/2R5/4b3/8/3Q3P/P1R2PP1/6K1 w - - 1 30,d3e2 f7f2 e2f2 d8d1 f2e1 d1e1,2123,77,92,3361,long mate mateIn3 middlegame pillsburysMate sacrifice,https://lichess.org/MRZJmklj#59,
gYtfy,1rr3k1/p4p2/4pPp1/q4n2/3p1PQ1/P7/BpP2B2/1K5R b - - 1 28,a5c3 g4g6 f7g6 a2e6 g8f8 h1h8,1968,74,96,14542,deflection long mate mateIn3 middlegame pillsburysMate sacrifice,https://lichess.org/YBNdJdS8/black#56,
gZjSg,6R1/pBp1k3/1p1b3B/4p3/4P3/2P5/PP1K4/3b1r2 b - - 4 32,d1f3 h6g5 e7e6 b7d5 e6d7 g8d8,2101,82,90,227,endgame exposedKing long mate mateIn3 operaMate pillsburysMate,https://lichess.org/6DFssaqB/black#64,
gbLCw,6k1/6p1/6Qp/1p5B/1b6/6P1/r1PrPP1P/2K4R w - - 0 31,h1d1 d2d1 c1d1 a2a1,2057,77,88,253,attraction endgame mate mateIn2 pillsburysMate short,https://lichess.org/PmQlShfR#61,
gbNp6,2kr3r/pp1n1pp1/2p2n1p/7P/1bBP1B2/5QN1/Pq3PP1/2R2K1R b - - 4 18,b4d2 f3c6 b7c6 c4a6 b2b7 c1c6,1956,78,91,1201,discoveredAttack long mate mateIn3 middlegame pillsburysMate pin queensideAttack sacrifice,https://lichess.org/JtBCtahy/black#36,Caro-Kann_Defense Caro-Kann_Defense_Two_Knights_Attack
ge3IG,8/R7/1p6/3p3B/k2P4/1pPq4/P4r1P/2K5 b - - 1 49,a4b5 h5e8 b5c4 a7c7,1979,77,93,4790,endgame mate mateIn2 pillsburysMate short,https://lichess.org/AJbcaoyP/black#98,
ggWSM,r4rk1/p4ppp/3bp3/3n4/3B2n1/P7/1P3P1P/2R3RK b - - 6 23,g4h2 g1g7 g8h8 g7g8 h8g8 c1g1 d6g3 g1g3 h2g4 g3g4,2131,77,93,12195,attraction discoveredCheck doubleCheck mate mateIn5 middlegame pillsburysMate sacrifice veryLong,https://lichess.org/TwxZfyKe/black#46,
ggiaI,5k2/7R/3B2p1/1r1N4/2b5/8/PPP3PK/3q4 b - - 0 34,f8e8 d5f6 e8d8 h7h8 c4g8 h8g8,1977,74,96,14953,endgame exposedKing long mate mateIn3 pillsburysMate,https://lichess.org/dXc8bvxx/black#68,
giPrq,8/1R3R2/1p3pkp/pBb2r2/P7/7P/6PK/2r5 b - - 0 37,c1c2 f7g7 g6h5 b5e8 h5h4 g7g4,1903,78,90,1696,endgame long mate mateIn3 pillsburysMate,https://lichess.org/6RPQLQMa/black#74,
glaIr,2k4r/1pp5/p4pp1/2Pp4/PP1B1bq1/1Q3N1r/3N1K2/4RR2 w - - 3 24,d4f6 h3h2 f3h2 h8h2,1903,78,90,431,mate mateIn2 middlegame pillsburysMate sacrifice short,https://lichess.org/g4oxID9W#47,
gm3YA,r4rk1/pp2bppp/2bppB2/7q/2B1P3/2N5/PPP1QP1P/1K1R2R1 b - - 0 15,h5e2 g1g7 g8h8 g7g8 h8g8 d1g1 e2g4 g1g4,2048,85,91,2201,attraction discoveredCheck doubleCheck kingsideAttack master mate mateIn4 middlegame pillsburysMate sacrifice veryLong,https://lichess.org/vZODVqxe/black#30,Sicilian_Defense Sicilian_Defense_Velimirovic_Attack
gnaxM,3r2k1/p7/8/4p2R/PP6/2rpn2P/6BK/6R1 b - - 0 39,d3d2 g2d5 g8f8 g1g8 f8e7 h5h7 e7d6 g8d8,2194,87,91,1309,deflection discoveredCheck doubleCheck endgame exposedKing mate mateIn4 pillsburysMate veryLong,https://lichess.org/aGRMnNUf/black#78,
gs9F2,4rrk1/pp3pp1/2p4p/3p2q1/3Pn1P1/2P2Q2/P1B3PP/4RRK1 b - - 6 20,e4d2 f3f7 f8f7 e1e8 f7f8 f1f8,2023,76,95,13948,deflection kingsideAttack long mate mateIn3 middlegame pillsburysMate sacrifice,https://lichess.org/T6822dLT/black#40,
gsVJB,8/2p3p1/1k1r3p/NP3Kb1/2P5/5P1P/6r1/1R1R4 w - - 1 40,a5b3 g7g6 f5e4 g2e2,2076,86,79,85,endgame mate mateIn2 pillsburysMate short,https://lichess.org/2xpZtKvL#79,
gsmDe,1r1r2k1/p1p2ppp/B7/b3P3/6b1/4P1P1/PP2NP1P/R1B1K2R w KQ - 2 15,e1f1 g4h3 f1g1 d8d1,2044,76,95,2769,mate mateIn2 middlegame pillsburysMate short,https://lichess.org/CKp9RY4G#29,English_Opening English_Opening_Anglo-Indian_Defense
gufIk,r5r1/5k2/p2pN2p/1pqb4/1n6/1B6/PPP1QPPP/R4RK1 w - - 0 21,e6c5 g8g2 g1h1 g2g1 h1g1 a8g8 e2g4 g8g4,2125,79,95,893,attraction discoveredCheck doubleCheck kingsideAttack mate mateIn4 middlegame pillsburysMate sacrifice veryLong,https://lichess.org/DtwfeG5X#41,
gxFOM,4B2k/7p/6p1/2R1P1r1/2N2b2/1P3Pn1/P4RP1/7K w - - 1 39,h1g1 g5h5 f2e2 h5h1 g1f2 h1f1,2050,80,81,329,epauletteMate long mate mateIn3 middlegame pillsburysMate,https://lichess.org/tY5Z3rbk#77,
gyanl,2r5/pp2kp1p/2n5/3p4/4b3/2P1P3/P2NBPrP/3R1RK1 w - - 0 18,g1h1 g2g1 h1g1 c8g8 e2g4 g8g4,2160,98,12,30,attraction discoveredCheck doubleCheck kingsideAttack long mate mateIn3 middlegame pillsburysMate sacrifice,https://lichess.org/VuanYHuf#35,Slav_Defense Slav_Defense_Other_variations
h1Xgv,3r2k1/ppp2p1p/2n3pB/2Pn4/4N3/3Q4/Pq3PPP/4R1K1 b - - 1 21,d5f4 d3d8 c6d8 e4f6 b2f6 e1e8,1995,75,95,16190,clearance kingsideAttack long mate mateIn3 middlegame pillsburysMate sacrifice,https://lichess.org/bPiqioqD/black#42,
h1rCh,r4rk1/ppq2ppp/3p4/4bQ1B/4P2R/1P5P/P1P3P1/7K b - - 5 21,c7c2 f5h7 g8h7 h5f7,2100,73,93,10002,deflection discoveredAttack discoveredCheck kingsideAttack mate mateIn2 middlegame pillsburysMate sacrifice short,https://lichess.org/LLvCKDpw/black#42,
h2Y25,r2q1r1k/ppp2R1p/1bn5/4B3/2BP4/3n4/PPP3PP/RN4K1 b - - 0 16,h8g8 f7g7 g8h8 g7g8,2106,74,94,11916,discoveredCheck doubleCheck kingsideAttack mate mateIn2 middlegame operaMate pillsburysMate short,https://lichess.org/uzYLpB0p/black#32,Kings_Gambit_Accepted Kings_Gambit_Accepted_Kings_Knights_Gambit
h6r4d,2r2r2/p3N1kp/1p6/n3Pp2/4P3/3P2P1/bPp2NB1/2KR3R w - - 0 24,e7c8 a5b3 c1c2 f8c8,1923,83,91,3334,intermezzo master mate mateIn2 middlegame pillsburysMate short,https://lichess.org/Tf6RoR7i#47,
hAWeE,1rb1rbk1/p1qp1p1p/2p1nBp1/8/2P5/2NB2PQ/PP3PK1/R4R2 b - - 2 21,d7d5 h3h7 g8h7 f1h1 f8h6 h1h6 h7h6 a1h1,1915,78,91,2062,attraction kingsideAttack mate mateIn4 middlegame pillsburysMate sacrifice veryLong,https://lichess.org/SZECk8aP/black#42,
hB9L8,r1b3nr/ppp1k2p/2n2p2/7Q/3P4/4R3/Pq1B1PPP/4KB1R b K - 2 14,e7f8 h5e8 f8g7 e3g3 c8g4 g3g4,2187,76,91,978,exposedKing long mate mateIn3 middlegame pillsburysMate,https://lichess.org/anwWLxTk/black#28,Elephant_Gambit Elephant_Gambit_Other_variations
hBoOL,6k1/7p/4P3/1p1p1p1R/2p5/2B1P3/r5r1/7K b - - 0 40,g2e2 h5g5 g8f8 c3b4 f8e8 g5g8,1951,75,93,681,endgame long mate mateIn3 pillsburysMate,https://lichess.org/sgMIs2y1/black#80,
hCcRz,4rrk1/R4p2/1p2bBp1/1Pb5/2Pp4/3B2Pq/2Q2P1P/5RK1 w - - 5 27,d3g6 h3f1 g1f1 e6h3 f1g1 e8e1,2042,75,95,10406,attraction kingsideAttack long master mate mateIn3 middlegame pillsburysMate sacrifice,https://lichess.org/CHT90nGP#53,
hDfix,1n3rk1/5ppp/1q3B2/p2r3Q/Ppp2P2/4P2B/5P1P/R5RK b - - 0 24,d5h5 g1g7 g8h8 g7g8 h8g8 a1g1 h5g5 g1g5,2158,82,91,968,attraction discoveredCheck doubleCheck kingsideAttack master mate mateIn4 middlegame pillsburysMate sacrifice veryLong,https://lichess.org/bvPAOn3w/black#48,
hFJl5,4r1k1/pp2nppp/3q4/8/3p1P2/P2Q3P/1r4P1/RB2R1K1 b - - 1 24,d6f4 d3h7 g8f8 h7h8 e7g8 h8g8 f8g8 e1e8,2091,79,87,332,attraction deflection mate mateIn4 middlegame pillsburysMate veryLong,https://lichess.org/bNw3Pw80/black#48,
hFOth,4r1k1/p4pp1/1pqb3p/1R1p4/P2P4/1Q2B2P/1P3PP1/6K1 w - - 4 27,b3d5 c6c1 e3c1 e8e1,1972,76,83,352,endgame mate mateIn2 pillsburysMate sacrifice short,https://lichess.org/mVKed5Pp#53,
hGWLV,r6r/ppN3p1/k1p5/7p/1R2nP2/1B4P1/PPKB2qP/8 b - - 6 27,a6a5 b4b5,2150,77,93,8816,discoveredCheck doubleCheck master mate mateIn1 middlegame oneMove pillsburysMate,https://lichess.org/2F9BjYim/black#54,
hH0dL,r1br4/pp3pk1/1b1p4/1B2P3/4nP2/2p5/P5PP/R2Q1R1K w - - 0 20,e5d6 e4g3 h2g3 d8h8 d1h5 h8h5,1972,77,84,401,kingsideAttack long mate mateIn3 middlegame pillsburysMate sacrifice,https://lichess.org/elG3J2Dq#39,
hKGOc,r2q1rk1/1pp2ppp/pnn1pB2/1Q6/3P4/P1N2P2/BP3P1P/2KR2R1 b - - 0 18,a6b5 g1g7 g8h8 g7g8 h8g8 d1g1,2168,81,88,923,attraction discoveredCheck doubleCheck kingsideAttack long master mate mateIn3 middlegame pillsburysMate sacrifice,https://lichess.org/vmRb0vqk/black#36,Alekhine_Defense Alekhine_Defense_Two_Pawns_Attack
hLMR0,rn3rk1/5p1p/p2p1qpQ/1p1P1B2/2p5/8/PPP2PPP/R1B1R1K1 b - - 0 16,f6f5 h6f8 g8f8 c1h6 f8g8 e1e8,1974,75,85,250,attraction kingsideAttack long mate mateIn3 middlegame pillsburysMate sacrifice,https://lichess.org/JcIFMDmp/black#32,Philidor_Defense Philidor_Defense_Exchange_Variation
hLviQ,r2q1rk1/3bbpBp/p2ppn2/2p5/4P2P/P2P1P1R/BPPK1P2/6R1 b - - 0 18,f6h5 g7f6 h5g7 g1g7 g8h8 g7g8 h8g8 h3g3,2037,83,84,75,attraction discoveredAttack discoveredCheck doubleCheck kingsideAttack mate mateIn4 middlegame pillsburysMate sacrifice veryLong,https://lichess.org/1kNoCBZy/black#36,Sicilian_Defense Sicilian_Defense_Bowdler_Attack
hNWYp,r6r/4bk2/3p1p2/p2P4/PpBpPp1P/1P6/2P3PK/R5R1 w - - 4 29,h2h3 h8h4 h3h4 f6f5 h4h5 a8h8,2181,86,88,521,discoveredAttack discoveredCheck endgame long mate mateIn3 pillsburysMate sacrifice,https://lichess.org/pxhauviC#57,
hNryq,2r1k2r/1pp2ppp/pn2N2b/2q1n3/6QB/4P3/PPP2P1P/2KR3R b k - 1 18,c5a5 e6c7 e8f8 g4c8 b6c8 d1d8,2101,81,96,4048,long mate mateIn3 middlegame pillsburysMate sacrifice,https://lichess.org/joOuMH73/black#36,Rapport-Jobava_System_with_e6 Rapport-Jobava_System_with_e6_Other_variations
hPQ7G,8/R5p1/3bN2p/2p5/1k2B1P1/5P2/P4r2/4n2K w - - 1 42,a7g7 f2f1,1955,79,77,224,endgame mate mateIn1 oneMove pillsburysMate,https://lichess.org/Sb2A8WQM#83,
hSXcI,8/5pk1/Q1p4p/1pPbN2n/3P4/1P3PK1/P2r4/8 w - - 4 39,g3g4 d5e6 g4h5 d2h2,2155,77,84,139,endgame mate mateIn2 pillsburysMate sacrifice short,https://lichess.org/OoseiHRu#77,
hUfKc,6k1/1pp4b/1p2P2Q/8/3B4/1P5P/2r3r1/1K1R4 w - - 0 28,d1g1 c2b2 b1a1 b2a2,2191,78,92,1060,discoveredCheck doubleCheck endgame mate mateIn2 pillsburysMate short,https://lichess.org/gD4VwyoL#55,
hW4Jw,k4r1r/1pB3pp/p3Bn2/8/1b1N4/4P3/3n1PKP/R2R4 b - - 5 26,f6e4 a1a6 b7a6 e6d5 a8a7 d4b5 a6b5 d1a1 b4a5 a1a5,2004,75,95,14968,mate mateIn5 middlegame pillsburysMate queensideAttack sacrifice veryLong,https://lichess.org/o9CfxTzq/black#52,
hXxc4,2k3r1/p1pb1R2/3b1B2/3N4/8/1P2Pp2/P1PP1P1p/2K4R w - - 3 23,h1h2 d6a3 c1b1 g8g1,1920,78,84,829,mate mateIn2 middlegame pillsburysMate short,https://lichess.org/3OMIj0Gi#45,
hbB5w,q7/5kp1/2r2p1p/1R2b3/3p2P1/P2Q3P/8/4R2K w - - 1 44,e1b1 c6c1,1902,76,95,1693,discoveredCheck doubleCheck endgame mate mateIn1 oneMove pillsburysMate,https://lichess.org/y6nINNbm#87,
heuJB,7k/pppb1Qp1/2np3r/8/3PB3/4q3/P5PP/5R1K b - - 1 24,h6f6 f7f8 f6f8 f1f8,2056,109,16,15,collinearMove mate mateIn2 middlegame pillsburysMate sacrifice short xRayAttack,https://lichess.org/8MIb89Jx/black#48,
hfrna,5rk1/5ppp/p5n1/1pp5/6QP/2P2NB1/Pr2q3/6RK b - - 0 30,g6e7 g4g7 g8g7 g3e5 g7h6 e5g7 h6h5 g1g5,2057,78,90,1037,attraction discoveredCheck doubleCheck fork mate mateIn4 middlegame pillsburysMate sacrifice veryLong,https://lichess.org/10zfQQx0/black#60,
hhRge,5nk1/pp4p1/5b2/5QN1/4r2P/2r5/Pq3PP1/K2R3R w - - 0 27,a1b2 e4b4 b2a1 c3c1,1983,79,93,1402,discoveredCheck doubleCheck mate mateIn2 middlegame pillsburysMate short,https://lichess.org/0WpvZT1j#53,
hiCls,r5k1/pp1b2p1/7N/5Qn1/3r4/3B4/PP4q1/1K3R2 b - - 0 28,g8h8 f5f8 a8f8 f1f8,1963,75,95,3395,mate mateIn2 middlegame pillsburysMate sacrifice short,https://lichess.org/0Tp7Gm6e/black#56,
hjaEB,2k4r/ppp2Rp1/2b5/8/1B1p4/PQ1P2q1/1P2P1B1/5RK1 w - - 0 23,f1f2 g3h2 g1f1 h2h1 g2h1 h8h1,2013,76,91,291,exposedKing long mate mateIn3 middlegame pillsburysMate sacrifice,https://lichess.org/p4AktD0e#45,
hljlE,r1r5/2K1b1pp/2P1pk2/3bNp2/PP3P2/4B3/6PP/R4B1R w - - 5 28,c7d7 c8d8 d7c7 e7d6 c7b6 d8b8,1933,76,92,806,long mate mateIn3 middlegame pillsburysMate,https://lichess.org/5C98p41S#55,
hmmeu,7k/1R6/p1p4N/P1P3p1/1P6/2b2pPP/3r1P1K/8 w - - 3 36,g3g4 c3e5 h2g1 d2d1,1949,79,89,227,endgame mate mateIn2 pillsburysMate short,https://lichess.org/WKYGix6W#71,
hnonG,7k/6bp/p5p1/3B2P1/Pr1pN3/3Pq1Qb/2P4P/5R1K w - - 0 34,g3c7 e3f3 f1f3 b4b1 f3f1 b1f1,1930,77,87,533,long mate mateIn3 middlegame pillsburysMate sacrifice,https://lichess.org/S1bA39KY#67,
hq46C,3r2k1/pp3p1p/4bQ2/q3p3/4P3/2N5/1PP2PPP/2K4R w - - 1 20,h1d1 a5a1 c3b1 a1b1 c1b1 d8d1,2186,82,84,196,attraction deflection endgame long mate mateIn3 pillsburysMate queensideAttack,https://lichess.org/BsV2r2CI#39,
hq8Zj,8/p1p1kpp1/3p4/8/2P1b3/1P4qr/P3PRB1/R2Q2K1 w - - 0 22,d1d4 g3h2 g1f1 h2h1 g2h1 h3h1,2022,76,88,82,exposedKing long mate mateIn3 middlegame pillsburysMate sacrifice,https://lichess.org/1kZWGerU#43,
hrCnz,4r1k1/p5b1/2b5/B4R1P/2P5/3K4/P2Nr3/6R1 w - - 7 38,f5g5 e8e3 d3c2 c6a4 c2b1 e2e1 g1e1 e3e1,1919,74,96,1559,mate mateIn4 middlegame pillsburysMate veryLong,https://lichess.org/SSsNv3m9#75,
hrNQR,3k4/1p2n2r/1b2B3/p4N2/3p1Bp1/5b2/PP3P1P/2R3K1 b - - 7 29,e7f5 f4g5 d8e8 c1c8 b6d8 c8d8,1911,76,95,2159,exposedKing long mate mateIn3 middlegame operaMate pillsburysMate,https://lichess.org/K5tg4Nuh/black#58,
hrVbd,q4r1k/p5pp/8/1pb1PPB1/6P1/2P5/PP5P/R2QRK2 w - - 0 27,f5f6 a8h1 f1e2 h1g2 e2d3 f8d8,1989,75,87,123,exposedKing long mate mateIn3 middlegame pillsburysMate,https://lichess.org/n8nOXBW1#53,
hs587,5Q2/5p1k/5Pp1/4P2p/2bP1n2/P6P/1B2r3/4K3 w - - 9 44,e1d1 c4b3 d1c1 f4d3 c1b1 e2e1 b2c1 e1c1,1908,79,96,11192,endgame exposedKing mate mateIn4 pillsburysMate veryLong,https://lichess.org/Nnop3Fpt#87,
hsAh3,1r6/3R2kp/b1p4p/p1q1p3/P3P3/1BN2P1R/2K3P1/8 b - - 5 38,g7g6 h3g3 g6h5 b3f7 h5h4 g3g4,2056,81,50,50,long mate mateIn3 middlegame pillsburysMate,https://lichess.org/7NsjqgJK/black#76,
htMYo,Nn3rk1/pp3ppp/5p2/8/1b1P4/1b6/1P2PPPP/R1K2BNR w - - 2 14,a1a7 f8c8 a8c7 c8c7 c1b1 b4d2 e2e3 c7c1,1939,75,96,1749,mate mateIn4 middlegame operaMate pillsburysMate quietMove veryLong,https://lichess.org/Q6DKMjM7#27,Slav_Defense Slav_Defense_Other_variations
htNAb,r7/6p1/5n1k/1p2R2p/1Bp2N2/2Pb2P1/6PP/6K1 w - - 12 41,e5b5 a8a1 g1f2 f6g4 f2f3 a1f1,1993,87,85,63,endgame long mate mateIn3 pillsburysMate,https://lichess.org/yswDefAH#81,
hu2Hd,3r2k1/1p3ppp/p1p1p3/1qP1n2P/4N1Pb/1P1rP2B/P1Q1K3/R1B3R1 w - - 1 22,a2a4 d3d2,1944,80,90,1405,discoveredCheck doubleCheck mate mateIn1 middlegame oneMove pillsburysMate,https://lichess.org/1t5pp6Fz#43,
hxoDi,4r1k1/1b5r/p3p3/1p2N2q/3P1pp1/P1P1p2P/1P4PK/2R2RQ1 w - - 0 37,f1f4 h5h3 g2h3 h7h3,2010,75,95,1592,mate mateIn2 middlegame pillsburysMate sacrifice short,https://lichess.org/06O3NTZk#73,
hxt0N,2R5/5p2/4pBpk/p2pP3/rb1P4/6P1/5PK1/8 b - - 3 35,h6h5 c8h8 h5g4 h8h4 g4f5 h4f4,2176,77,94,5599,endgame long mate mateIn3 pillsburysMate,https://lichess.org/2XEPMc95/black#70,
hyjTb,rn3q2/p1k3p1/3bB2p/7b/P2Pp3/4P3/3B1PPP/1R1R2K1 b - - 0 21,h5d1 d2a5 c7c6 d4d5 c6c5 b1c1 d1c2 c1c2,2088,77,93,5237,exposedKing fork mate mateIn4 middlegame pillsburysMate veryLong,https://lichess.org/GZ60kLbk/black#42,
i16XN,7R/2P5/8/pB1p1b1P/P7/4k3/7r/4K3 w - - 3 61,e1d1 h2h1 b5f1 h1f1,2053,118,42,60,endgame mate mateIn2 pillsburysMate short,https://lichess.org/15zxlN8n#121,
i1KQ0,3r2k1/1q3p1p/p3nQpB/1p6/8/1P1B3P/P5b1/4R1K1 b - - 3 36,g2h3 f6d8 e6d8 e1e8,1937,76,85,139,master mate mateIn2 middlegame pillsburysMate sacrifice short,https://lichess.org/48jMwmmj/black#72,
i3lkJ,3rr1k1/5p1p/pbp2Qp1/3b4/4N3/P1P5/1P4PP/4RKNR w - - 6 26,e4g5 d5c4 g1e2 c4e2 e1e2 d8d1 e2e1 d1e1,2114,78,94,2025,mate mateIn4 middlegame pillsburysMate veryLong,https://lichess.org/FGB3C36J#51,
i4Y2q,8/p1p2R1p/1p2p1p1/4P2k/8/5PB1/2q2PKP/4b3 b - - 2 30,e1f2 f7h7 h5g5 h2h4 g5f5 h7f7,1909,74,94,14555,endgame long mate mateIn3 pillsburysMate,https://lichess.org/6mfds0ni/black#60,
i6dUq,5r2/pR5p/3p4/2kB4/P2nP3/5p2/1P3K1P/8 b - - 0 36,d4e2 f2e3 f3f2 b7b5,2068,76,81,158,endgame master mate mateIn2 pillsburysMate short,https://lichess.org/mIfflQCi/black#72,
iBcBK,8/1p4rk/p1bRB3/8/P3pK2/2P5/2P3r1/7R b - - 1 34,h7g6 e6d5,1907,102,83,280,discoveredAttack discoveredCheck endgame mate mateIn1 oneMove pillsburysMate,https://lichess.org/AaKT5HyE/black#68,
iDyj0,r3r2k/1b1pq1p1/5pp1/ppR5/3Q4/1B2BP2/PP3P1P/6K1 b - - 1 29,g6g5 d4h4 g5h4 c5h5,1927,76,96,2715,kingsideAttack mate mateIn2 middlegame pillsburysMate sacrifice short,https://lichess.org/zqp2W4oG/black#58,
iEtHM,k7/1pB5/p2N1RP1/7r/8/3b1PK1/P3r3/2R1b3 w - - 5 33,g3g4 h5h4 g4g5 e2g2,2072,77,96,7141,master mate mateIn2 middlegame pillsburysMate short,https://lichess.org/LraHJcXT#65,
iIktV,2r1k3/8/p3P3/1b1p4/1Q6/4P1N1/PPP4r/2K5 w - - 1 30,b4f4 h2c2 c1d1 c2c1 d1d2 c8c2,2041,83,89,208,blindSwineMate endgame long mate mateIn3 pillsburysMate,https://lichess.org/KVbGd538#59,
iJ7um,5B2/p1k3R1/2pN4/4p3/P3P1p1/2r5/4K3/2b4q b - - 9 45,c7b6 d6c8 b6a5 g7a7,1962,79,86,252,deflection endgame mate mateIn2 pillsburysMate short,https://lichess.org/jH2RUq2Y/black#90,
iKpmu,rn2Q3/pp3rp1/3k4/3p4/8/3B4/PPP2qP1/4R2K b - - 1 26,f7f8 e8e7 d6c6 e1e6,2064,76,97,1069,mate mateIn2 middlegame pillsburysMate short,https://lichess.org/OUOsRHcW/black#52,
iM3vy,2r2B1r/pp4pp/2n1kp2/4pb1B/8/1N6/PP1R2PP/3R2K1 b - - 0 23,h8f8 b3c5 e6e7 d2d7 f5d7 d1d7,2008,76,96,1683,long mate mateIn3 middlegame pillsburysMate sacrifice,https://lichess.org/hP4JCkW6/black#46,
iMiQs,6R1/pp2N1k1/3B2pp/2p1b3/4B1n1/2PP4/2q5/6K1 b - - 6 33,g7f7 e4d5 f7f6 g8g6,1954,75,95,9436,mate mateIn2 middlegame pillsburysMate short,https://lichess.org/XYxfc0VO/black#66,
iMx86,r4rk1/1pp2ppp/3p4/p7/2BB4/2q2P2/P1P2P1P/2KR2R1 b - - 1 16,c3c4 g1g7 g8h8 g7g8 h8g8 d1g1,2141,80,93,12373,attraction discoveredCheck doubleCheck endgame kingsideAttack long mate mateIn3 pillsburysMate sacrifice,https://lichess.org/CzKEVo3w/black#32,Italian_Game Italian_Game_Other_variations
iNFXf,r6r/pp1R2Rp/2n1p3/4p3/4k3/4P2P/PP1KB3/8 b - - 2 25,a8d8 e2d3 e4f3 d7f7,1949,76,95,940,endgame mate mateIn2 pillsburysMate short,https://lichess.org/AXSkv6ax/black#50,
iNRKm,2k3K1/p1P2P1R/6r1/4b1P1/8/8/P7/8 w - - 5 63,g8f8 e5d6 f8e8 g6e6,2092,81,77,128,endgame mate mateIn2 pillsburysMate short,https://lichess.org/1jj68ZJy#125,
iPqMd,2r4r/qp3ppp/p2bp3/2p1k1B1/7P/8/PP3PP1/3R1RK1 b - - 1 23,h8d8 g2g4 c5c4 f1e1 a7e3 e1e3,2155,76,91,710,long master mate mateIn3 middlegame pillsburysMate quietMove,https://lichess.org/ttxbqosu/black#46,
iQmPx,r4rk1/5ppp/p2np3/1p1p4/4Q3/1PB5/P4P1P/1R4RK b - - 0 23,d6e4 g1g7 g8h8 g7g8 h8g8 b1g1 e4g3 g1g3,2022,75,87,113,attraction discoveredCheck doubleCheck endgame mate mateIn4 pillsburysMate sacrifice veryLong,https://lichess.org/FrdOJkzO/black#46,
iVICo,3r2k1/R2n3p/4p2p/4P3/3PK3/5N2/P1r2PPP/1Rb5 w - - 7 29,b1b7 d7c5 d4c5 c2e2,2075,74,94,652,mate mateIn2 middlegame pillsburysMate sacrifice short,https://lichess.org/SHGpXPp9#57,
iVX2p,r7/1b2kp2/p1q1pNp1/1p2P3/8/4b1Q1/PPP3Pr/3R1R1K w - - 0 21,g3h2 c6g2 h2g2 a8h8 f6h5 h8h5,2016,98,85,88,kingsideAttack long mate mateIn3 middlegame pillsburysMate pin sacrifice,https://lichess.org/Pv0eXjsI#41,
iYL2W,3kr1r1/Nb5p/1p2qp2/3P4/2P2R2/8/P1Q2PPP/5RK1 w - - 1 30,d5e6 g8g2 g1h1 g2g1 h1g1 e8g8 c2g6 g8g6 f4g4 g6g4,2154,78,93,3944,attraction discoveredCheck doubleCheck mate mateIn5 middlegame pillsburysMate sacrifice veryLong,https://lichess.org/XS6fxTq8#59,
iZk8K,3rnrk1/p3bpQp/2p5/q3B3/8/5P1P/PPP2P2/R5RK b - - 0 23,e8g7 g1g7 g8h8 g7g8 h8g8 a1g1 e7g5 g1g5,2034,83,69,67,attraction discoveredCheck doubleCheck kingsideAttack mate mateIn4 middlegame pillsburysMate sacrifice veryLong,https://lichess.org/XfJ2NlNZ/black#46,
icBeQ,3r1r2/1b3p2/4p1p1/3pP2p/1P3P1P/1kPB2P1/3K1P2/1R6 b - - 4 37,b3a4 d2c2 d5d4 b1a1,2093,76,86,213,endgame mate mateIn2 pillsburysMate short,https://lichess.org/9PZ6Q4am/black#74,
icFae,6k1/p1p3pp/2bP1r1r/8/5PKp/BP4P1/P1P2P2/R5R1 w - - 3 33,d6c7 f6g6 g4f5 h6h5,1950,77,93,3056,endgame mate mateIn2 pillsburysMate short,https://lichess.org/1x8pcgsD#65,
id2Et,r7/p4Qpk/1pp3pp/3p1B2/P7/4q1P1/3r3P/5R1K b - - 3 37,e3e2 f5g6 h7h8 f7f8 a8f8 f1f8,1934,88,86,41,endgame long mate mateIn3 pillsburysMate sacrifice,https://lichess.org/34D1yPlv/black#74,
id3Pi,r1r3k1/5R1p/2p2Bp1/8/1pB1PP2/4b3/p1K3PP/8 b - - 1 38,a2a1q f7g7 g8h8 g7g8,2074,79,86,394,discoveredCheck doubleCheck mate mateIn2 middlegame operaMate pillsburysMate short,https://lichess.org/cZTPjWu9/black#76,
idlaM,r1b1nk2/ppp2ppQ/3p4/6q1/3N2n1/2PB4/P1P2PPP/4R1K1 b - - 2 17,g5h6 h7g8 f8g8 e1e8,2157,89,90,366,attraction deflection mate mateIn2 middlegame pillsburysMate sacrifice short,https://lichess.org/gFyasgeo/black#34,Scotch_Game Scotch_Game_Schmidt_Variation
if9Ka,6k1/4Rpnp/8/2r2PPp/8/7B/r7/4R1K1 b - - 0 45,c5c2 e7e8 g7e8 e1e8 g8g7 f5f6 g7g6 e8g8,2194,77,99,561,endgame mate mateIn4 pillsburysMate sacrifice veryLong,https://lichess.org/q3nxWkfM/black#90,
ifDjC,2b2b2/1pk4r/r5p1/3P2K1/2P5/2N2N2/PP3PPP/R2Q3R w - - 1 30,d1e2 f8h6 g5h4 h6f4,2021,78,88,471,discoveredAttack discoveredCheck mate mateIn2 middlegame pillsburysMate short,https://lichess.org/VT7vRSYZ#59,
igxhd,3r3r/1p4pp/pk6/2R1p3/P4n1n/1P5P/8/2R2KB1 b - - 3 26,h4f3 c5b5,2028,75,94,6131,discoveredCheck doubleCheck mate mateIn1 middlegame oneMove pillsburysMate,https://lichess.org/vC0ZOdrA/black#52,
ijaD0,2kr2r1/pp2np2/4pq2/4Q3/8/P1p2b2/2P1BPPP/R4RK1 w - - 0 20,e5f6 g8g2 g1h1 g2g1 h1g1 d8g8 f6g7 g8g7,2074,86,92,1295,attraction discoveredCheck doubleCheck kingsideAttack mate mateIn4 middlegame pillsburysMate sacrifice veryLong,https://lichess.org/F7UZHA6w#39,
imIDb,1r3r1k/2p3bp/4b1p1/6Q1/4NP2/5P2/nPP1N3/1K1R3R w - - 0 24,g5h4 b8b2 b1a1 b2b1 a1b1 f8b8,2146,81,90,754,attraction discoveredCheck doubleCheck long mate mateIn3 middlegame pillsburysMate queensideAttack sacrifice,https://lichess.org/d4ArfWZa#47,
in1oy,r1b1k1r1/pppp1pBp/2n2Q2/5P2/2n1q3/8/P1P1N2P/3RK1R1 b q - 0 19,c6e5 f6d8 e8d8 g7f6 d8e8 g1g8,2084,79,92,322,attraction discoveredAttack long mate mateIn3 middlegame pillsburysMate sacrifice,https://lichess.org/FBFxd4qu/black#38,
iq5EV,6r1/7p/p2p1k2/3Q1p2/2P2b2/1P3B1q/P1R3P1/4rNKN w - - 2 33,d5g8 h3h1 g1h1 e1f1,2082,79,86,142,attraction deflection mate mateIn2 middlegame pillsburysMate sacrifice short,https://lichess.org/mLm7bx5m#65,
isLjC,6rr/ppk4p/2b1pp2/8/1n6/P3PQ2/1P3PPP/2R2RK1 w - - 0 24,f3f6 g8g2 g1h1 g2g1 h1g1 h8g8 f6g5 g8g5,2064,82,92,636,attraction discoveredCheck doubleCheck mate mateIn4 middlegame pillsburysMate sacrifice veryLong,https://lichess.org/Lxs60ELW#47,
isg32,3r3r/p1p1k1pp/1pn2p1n/3Rp3/2B1P3/P3B3/1PP2PPP/3R2K1 b - - 1 18,c6a5 d5e5 f6e5 e3g5 e7f8 d1d8,2087,80,81,349,deflection long mate mateIn3 middlegame pillsburysMate sacrifice,https://lichess.org/vs5Bbx0J/black#36,Vant_Kruijs_Opening Vant_Kruijs_Opening_Other_variations
itZ6O,r7/1R3p2/4pkp1/2N1B3/3P2p1/7P/2b2K2/r7 b - - 1 37,f6f5 b7f7 f5g5 e5f4 g5h5 f7h7,2085,81,89,374,endgame long mate mateIn3 pillsburysMate,https://lichess.org/8NDfzRBU/black#74,
itnlT,r5k1/1p3p1p/3pr3/8/P1Pb1p1q/1P1B1P2/3Q2PP/3RR1K1 w - - 2 25,g1h1 h4h2 h1h2 e6h6,1909,79,74,191,attraction kingsideAttack mate mateIn2 middlegame pillsburysMate sacrifice short,https://lichess.org/WkliZLcH#49,
iuYO3,r1b1r1k1/pp3p1p/2pQ2pB/4n3/4P1P1/5q1P/PPP2PB1/1K1R4 b - - 2 22,f3f2 d6e5 f2c2 b1c2 e8e5 d1d8 e5e8 d8e8,2022,75,94,1532,kingsideAttack mate mateIn4 middlegame pillsburysMate veryLong,https://lichess.org/EIbQluo7/black#44,
iug5K,8/2BP2p1/4Bb1k/5P2/5K1p/5P1P/8/3r4 w - - 0 44,f4g4 d1d4 f3f4 d4d3 d7d8q d3g3,1989,77,31,47,endgame epauletteMate long mate mateIn3 pillsburysMate,https://lichess.org/IA58UstN#87,
iwj0K,1rq1n2k/5R1p/3p2p1/2pB2B1/2P5/1rb5/1P4PP/R6K b - - 1 35,b3b2 f7f8 h8g7 f8g8,1940,79,78,172,mate mateIn2 middlegame operaMate pillsburysMate short,https://lichess.org/HKkgCice/black#70,
iwjCz,2r3k1/R5p1/p2p1bBp/3q4/P6P/8/6P1/5Q1K b - - 2 30,d5d2 f1c4 c8c4 a7a8 c4c8 a8c8 f6d8 c8d8,2006,76,76,122,endgame mate mateIn4 pillsburysMate sacrifice veryLong,https://lichess.org/loQbQASt/black#60,
ixted,1k1r2r1/pb2qp2/1b5p/n1p5/B3Q3/2N5/PPPP1PPP/R1B2RK1 w - - 0 18,e4e7 g8g2 g1h1 g2g1 h1g1 d8g8 e7g5 g8g5,2025,77,86,647,attraction discoveredCheck doubleCheck kingsideAttack mate mateIn4 middlegame pillsburysMate sacrifice veryLong,https://lichess.org/5tQML5Mu#35,Italian_Game Italian_Game_Two_Knights_Defense
j0D4U,r2q1rk1/ppp1bppp/3p1B2/1B2p3/4P3/2NP1n2/PPPQ1P1P/2KR2R1 b - - 0 11,f3d2 g1g7 g8h8 g7g8 h8g8 d1g1,2041,78,85,117,attraction discoveredCheck doubleCheck kingsideAttack long mate mateIn3 middlegame pillsburysMate sacrifice,https://lichess.org/XXH1p28x/black#22,Philidor_Defense Philidor_Defense_Other_variations
j2P2g,2r3r1/1b2kp1p/p3p3/1pP5/n2B4/P3PN2/3nBPPP/2R2RK1 w - - 3 21,f3d2 g8g2 g1h1 g2g1 h1g1 c8g8 d4g7 g8g7 e2g4 g7g4,2141,77,96,2596,attraction discoveredCheck doubleCheck kingsideAttack mate mateIn5 middlegame pillsburysMate sacrifice veryLong,https://lichess.org/bg89W9sB#41,
j448n,2rr2R1/p3k3/1p3p1p/n2B4/b1P2B1P/b7/P3R3/K7 b - - 3 30,e7d7 g8g7 a3e7 e2e7,1932,78,86,307,mate mateIn2 middlegame pillsburysMate short,https://lichess.org/6AFiUUnm/black#60,
j6xuG,r1b1k2r/ppQ1p1bp/2n3p1/2P4n/2B1p3/8/PqPB1PPP/3RK1NR b Kkq - 5 14,c6e5 c7d8 e8d8 d2a5 d8e8 d1d8,2045,85,88,82,attraction discoveredCheck doubleCheck long mate mateIn3 middlegame operaMate pillsburysMate sacrifice,https://lichess.org/S6nUVVXn/black#28,Queens_Pawn_Game Queens_Pawn_Game_Chigorin_Variation
j7QSY,r7/ppp1q1pk/2nb4/4pP2/2B2r2/PP3P2/1BP3Q1/2K4R b - - 1 24,f4h4 g2g6 h7h8 g6h5 h4h5 h1h5,1935,81,91,523,long mate mateIn3 middlegame pillsburysMate sacrifice xRayAttack,https://lichess.org/zetHtdrl/black#48,
j7nvz,3q1rk1/1n4pp/5p2/3Np2P/1pBbP1P1/1P6/3B4/3K3R b - - 0 27,d8a8 d5e7 g8h8 e7g6 h7g6 h5g6,2084,116,82,31,discoveredAttack discoveredCheck doubleCheck long mate mateIn3 middlegame pillsburysMate sacrifice,https://lichess.org/Mzus7WQv/black#54,
j8a3I,7r/2r3p1/p3b2p/1p1p3R/3P2k1/P3K3/1P5R/5B2 b - - 10 40,g7g5 f1h3 g4h5 h3f5,2054,74,94,9333,collinearMove discoveredAttack discoveredCheck endgame mate mateIn2 pillsburysMate sacrifice short,https://lichess.org/NWbrWYG5/black#80,
j9Dlw,2r4r/p4Rpp/2pkp3/8/N1P5/1P1N4/P1n1BKPP/2b5 b - - 2 23,h8f8 c4c5 d6d5 e2f3 d5d4 f7d7,1955,79,97,820,long mate mateIn3 middlegame pillsburysMate,https://lichess.org/qIY8dTbB/black#46,
jA6hm,r4k2/1pq1r1pQ/pnp1p2p/3p4/3P4/2PBR1P1/P1P2P2/7K b - - 1 24,c7d7 h7h8 f8f7 e3f3,2000,80,95,11836,epauletteMate mate mateIn2 middlegame pillsburysMate short,https://lichess.org/DeHHVkwS/black#48,
jAadk,2r2rk1/p3bppp/1p2N3/8/8/2BP3b/PP3P2/2KR2R1 b - - 0 24,h3e6 g1g7 g8h8 g7g8 h8g8 d1g1 e6g4 g1g4 e7g5 g4g5,2194,83,91,1585,attraction discoveredCheck doubleCheck mate mateIn5 middlegame pillsburysMate sacrifice veryLong,https://lichess.org/HDctEJad/black#48,
jDN1T,1k1r4/ppp3pp/8/2b2B1n/2P1Q3/7R/PP2K1qP/RN3r2 w - - 0 24,e4g2 h5f4 e2f1 d8d1,1984,75,96,10004,fork mate mateIn2 middlegame pillsburysMate sacrifice short,https://lichess.org/b9tqCOfy#47,
jESMW,8/p2r1k2/bp2N1R1/3p1P2/6p1/BP4P1/P5KP/7r b - - 7 48,h1a1 e6g5 f7e8 g6g8,2186,85,90,2074,endgame master mate mateIn2 pillsburysMate short,https://lichess.org/st1olYqr/black#96,
jFYGa,2r5/1p4R1/3pP3/1P1Bp3/4P2b/5k2/P7/6K1 w - - 9 41,e6e7 h4f2 g1h1 c8h8 g7h7 h8h7,2086,76,94,8110,endgame exposedKing long master mate mateIn3 pillsburysMate,https://lichess.org/Jqv60ukg#81,
jFioV,8/1p2p1k1/1p1p1pP1/r7/qN2P2P/1bP2P2/1P1Q4/1K2R2R w - - 3 30,b4c2 a4a2 b1c1 a2a1 c2a1 a5a1,1935,75,74,202,long mate mateIn3 middlegame pillsburysMate queensideAttack sacrifice,https://lichess.org/3p0hIAGY#59,
jLH7X,r5k1/1pp4p/3pN1b1/3Pp1Q1/1pP5/5P2/r5P1/2K4R w - - 2 32,h1h6 a2a1 c1d2 a8a2 d2e3 a1e1,2082,90,89,1187,endgame exposedKing long mate mateIn3 pillsburysMate queensideAttack,https://lichess.org/tAqFx4Gi#63,
jNKXu,5r1k/1p4p1/3p3p/3Pb3/4p2q/P1P1Q2P/1P4P1/4RNK1 w - - 5 40,e3e4 h4f2 g1h1 f2f1 e1f1 f8f1,2050,84,80,172,deflection endgame long mate mateIn3 pillsburysMate,https://lichess.org/6aTDb284#79,
jQl4m,R7/2Br2pk/7p/5p2/5P2/6P1/4bP1P/6K1 w - - 0 33,c7e5 d7d1 g1g2 e2f1 g2f3 d1d3,2008,76,95,14028,endgame epauletteMate long mate mateIn3 pillsburysMate,https://lichess.org/CjaNxk4p#65,
jRYPs,1r4k1/5p1p/p3b1p1/q7/3QP3/Pr1R1P2/1P2B1PP/K6R w - - 5 24,h1b1 a5a3 b2a3 b3b1,1995,77,88,632,mate mateIn2 middlegame pillsburysMate sacrifice short,https://lichess.org/UOXyBUX7#47,
jS0yR,rn2r1k1/pp3p1p/2p3pB/6Q1/3q4/8/P3bPPP/3RR1K1 b - - 1 18,d4e5 g5e5 e8e5 d1d8 e5e8 d8e8,1973,92,76,52,kingsideAttack long mate mateIn3 middlegame pillsburysMate,https://lichess.org/nWIzr8tf/black#36,French_Defense French_Defense_Exchange_Variation
jSyeJ,7k/7p/6p1/2PR2P1/5r1P/p3K3/Q1P2r2/2b5 w - - 9 44,e3d3 f2f3 d3e2 f3e3 e2d1 f4f1,2029,78,94,10284,endgame exposedKing long mate mateIn3 pillsburysMate,https://lichess.org/JTV0zXsN#87,
jTmFO,r2qrn2/1p3k2/2p3pB/3PpQ2/p7/7P/PPPN4/1K2N1RR b - - 0 24,g6f5 g1g7 f7f6 d2e4 f5e4 h1f1,2013,77,93,6657,exposedKing long mate mateIn3 middlegame pillsburysMate sacrifice,https://lichess.org/xlpRR4PI/black#48,
jWe28,r4rkn/pb4p1/1p1P1b1p/2p5/2P5/3Bq3/P1QN2PP/4RR1K b - - 1 22,e3d4 d3h7 g8f7 e1e7,2036,158,36,23,epauletteMate kingsideAttack mate mateIn2 middlegame pillsburysMate pin short,https://lichess.org/koT9EfRr/black#44,
jYM9X,3r1k2/1R1R4/2P3rp/b7/2B1p3/P6P/3p1P2/5K2 b - - 4 45,g6c6 d7f7 f8g8 f7g7 g8h8 g7h7,2031,83,92,200,discoveredCheck doubleCheck endgame exposedKing long mate mateIn3 pillsburysMate,https://lichess.org/wd4YlIqW/black#90,
jYYVv,r2q2kr/pp1n2bp/2pBp2Q/3p1p2/3P4/2P1PP2/PP3P1P/2KR2R1 b - - 13 20,d8f6 g1g7 f6g7 h6e6 g7f7 d1g1,1989,77,94,13542,deflection fork long mate mateIn3 middlegame pillsburysMate,https://lichess.org/HNakc5lY/black#40,
jhLYL,7r/2b3p1/1kP2pp1/p7/3P4/2P5/1P3RP1/RNB1r1K1 w - - 4 28,f2f1 h8h1 g1h1 e1f1,1962,75,93,2307,attraction deflection mate mateIn2 middlegame pillsburysMate short,https://lichess.org/hB8OMx60#55,
jhjW5,r5rk/pppq1p2/2n2N1p/8/1b1P3N/4P3/PP2BPbP/R2Q1RK1 w - - 1 18,f6d7 g2f3 h4g2 g8g2 g1h1 g2g1 h1g1 a8g8,2112,82,91,397,attraction discoveredAttack discoveredCheck doubleCheck kingsideAttack mate mateIn4 middlegame pillsburysMate sacrifice veryLong,https://lichess.org/927smCK3#35,Queens_Gambit_Declined Queens_Gambit_Declined_Chigorin_Defense
jj6Hz,4r1k1/p2b1ppp/3b1r2/8/7q/1PNPQ2P/P1P2PP1/R1B2RK1 w - - 3 25,e3g5 h4f2 f1f2 e8e1 f2f1 e1f1,2065,76,97,944,kingsideAttack long mate mateIn3 middlegame pillsburysMate sacrifice,https://lichess.org/RpLEBhTI#49,
jkYBr,1rk2r2/pb3Rp1/1pp1R3/5BB1/P2P4/q1P5/2P3PP/6K1 b - - 2 25,f8f7 e6c6,2029,79,78,498,discoveredCheck doubleCheck mate mateIn1 middlegame oneMove pillsburysMate queensideAttack,https://lichess.org/y82s8LDD/black#50,
jpepC,7k/R7/5p1K/3Bb1r1/1pP5/8/8/8 b - - 0 47,e5f4 a7h7,1959,77,94,6946,endgame master mate mateIn1 oneMove pillsburysMate,https://lichess.org/H3TY4TKD/black#94,
jpwb6,r4rk1/1p1nbppp/1q2p1n1/p2pP2B/2pP1N2/2P5/PPQ2PP1/R1B1K2R b KQ - 1 18,g6f4 c2h7 g8h7 h5f7 e7h4 h1h4 f4h5 h4h5,1917,74,94,15391,deflection discoveredAttack discoveredCheck fork mate mateIn4 middlegame pillsburysMate sacrifice veryLong,https://lichess.org/HDvKzMHM/black#36,Caro-Kann_Defense Caro-Kann_Defense_Advance_Variation
jqDUd,8/1R4k1/5pp1/4N2p/7q/2p4B/3p2K1/5n2 b - - 1 51,g7g8 h3e6 g8f8 e5g6 f8e8 b7b8,2138,81,74,213,endgame exposedKing fork long master mate mateIn3 pillsburysMate,https://lichess.org/YPsBq1aE/black#102,
jqijV,r7/p4R2/4p3/3bB2k/8/4K3/6r1/7R b - - 5 40,h5g6 f7g7 g6f5 h1h5 g2g5 h5g5,1964,79,93,784,endgame exposedKing long mate mateIn3 pillsburysMate,https://lichess.org/gKFLZosm/black#80,
jvP9D,R7/3k2p1/3p4/1N6/1PP1p2b/1B1KB1nr/7p/7R w - - 0 41,d3d4 h4f6 d4d5 h3h5 e3g5 h5g5,1994,77,91,1127,long mate mateIn3 middlegame pillsburysMate,https://lichess.org/s4PdT73a#81,
jw8Ge,r1b2r1k/pp4pp/2p3n1/4N3/2BR4/2N1n2P/PPP2RP1/7K b - - 0 22,f8f2 e5g6 h7g6 d4h4,1964,150,19,21,kingsideAttack mate mateIn2 middlegame pillsburysMate short,https://lichess.org/ReP6I7hI/black#44,
jy1FT,k2r2r1/pp3p2/5q1p/8/4b3/2N2Q2/PP3PPP/R4RK1 w - - 0 23,f3f6 g8g2 g1h1 g2g1 h1g1 d8g8 f6g5 g8g5,1975,93,82,66,attraction discoveredCheck doubleCheck mate mateIn4 middlegame pillsburysMate sacrifice veryLong,https://lichess.org/BSiuFj8A#45,
k3Zqj,r5r1/pQ2nk1p/5p2/1B1bp3/8/1P2B3/P1P2PPP/5RK1 w - - 1 24,b5c4 g8g2 g1h1 g2g1 h1g1 a8g8 e3g5 g8g5,1920,74,94,2546,attraction discoveredCheck doubleCheck kingsideAttack mate mateIn4 middlegame pillsburysMate sacrifice veryLong,https://lichess.org/LJWeaZNi#47,
k7MpG,4r1k1/ppn4p/2p5/4nR2/1PP5/P2rp2P/1B2R1B1/7K b - - 0 30,e5c4 g2d5 c6d5 e2g2,1995,75,94,2073,clearance mate mateIn2 middlegame pillsburysMate sacrifice short,https://lichess.org/h7MCWmXp/black#60,
k7jgY,6k1/1p3pbp/2q5/3B1b2/2pP4/2P5/r2BQPPP/4R1K1 b - - 0 21,c6d5 e2e8 g7f8 e8f8 g8f8 d2h6 f8g8 e1e8,2187,79,91,725,attraction mate mateIn4 middlegame pillsburysMate sacrifice veryLong,https://lichess.org/Bo9x6HBI/black#42,
k8svd,rn3rk1/ppp2p1p/6pQ/3p1b2/3P4/4B2P/P1P1qPP1/R3R1K1 b - - 1 16,e2c2 h6f8 g8f8 e3h6 f8g8 e1e8,2151,81,82,482,attraction kingsideAttack long mate mateIn3 middlegame pillsburysMate sacrifice,https://lichess.org/4G4WDZom/black#32,Russian_Game Russian_Game_Three_Knights_Game
k9nGC,6r1/7k/1p1p1rRp/pPpPn2q/P7/2P2p1P/2B1QP2/2K3R1 b - - 0 36,f3e2 g6g7 h7h8 g7g8,1985,77,94,5372,collinearMove discoveredCheck doubleCheck mate mateIn2 middlegame pillsburysMate short,https://lichess.org/tBPspnmd/black#72,
kE7uk,rn4k1/pp4pN/2p5/4p2R/8/3B1P2/P1P1K3/2q5 b - - 0 24,b8d7 d3c4 g8h8 h7g5,2108,78,84,187,discoveredAttack discoveredCheck endgame mate mateIn2 pillsburysMate short,https://lichess.org/adEUyEub/black#48,
kFJZ6,1B4k1/p7/1p6/6pp/5p1P/5PK1/PPR3P1/3r2b1 w - - 0 35,g3h3 g5g4 f3g4 d1d3 g2g3 d3g3,2168,82,91,1665,endgame long mate mateIn3 pillsburysMate,https://lichess.org/JgQRb34P#69,
kFUID,6r1/ppp1kp1p/r3b2n/4N3/1bP1N3/P3P2P/1B2KPP1/3R3R b - - 0 22,b4a3 e5c6 b7c6 b2f6 e7f8 d1d8,2189,75,92,4236,clearance long mate mateIn3 middlegame pillsburysMate sacrifice,https://lichess.org/5cwUadmp/black#44,
kGhjw,r7/2pb2r1/p1n1p3/1p2Pp1k/3P1P2/P1P4R/4B2K/R7 b - - 4 31,h5g6 e2h5 g6h7 h5f7,1923,81,75,94,discoveredAttack discoveredCheck mate mateIn2 middlegame pillsburysMate short,https://lichess.org/JBWzvu7L/black#62,
kIaVC,r1b2rk1/p1p2p1p/1q4pQ/1p2b1B1/8/2PB3P/P1P2RP1/4R1K1 b - - 2 19,e5g3 h6f8 g8f8 g5h6 f8g8 e1e8,2101,82,79,153,attraction kingsideAttack long mate mateIn3 middlegame pillsburysMate sacrifice,https://lichess.org/vjIPNsCj/black#38,Four_Knights_Game Four_Knights_Game_Italian_Variation
kJV5f,r4rk1/p1p2ppp/1pn1p3/3P4/2B1P3/1PB2q2/P1K2P1P/3R2R1 b - - 0 19,e6d5 g1g7 g8h8 g7g8 h8g8 d1g1 f3g2 g1g2,2102,78,84,176,attraction discoveredCheck doubleCheck kingsideAttack mate mateIn4 middlegame pillsburysMate sacrifice veryLong,https://lichess.org/NaFXoIMF/black#38,Queens_Gambit_Declined Queens_Gambit_Declined_Other_variations
kJZev,2rqr2k/pp1b2p1/n4b2/3BBRp1/2PpQ3/P1N3P1/1P5P/4R1K1 b - - 1 21,d4c3 e4h4 g5h4 f5h5,2015,75,94,15628,kingsideAttack mate mateIn2 middlegame pillsburysMate sacrifice short,https://lichess.org/ciJvwd6I/black#42,
kNFxC,r1b1R3/1pp5/5R2/1k2Np2/p6q/K1P1p3/PP2Bn2/8 b - - 3 37,b5c5 e5d7 c8d7 e8e5,1996,79,92,1883,clearance mate mateIn2 middlegame pillsburysMate sacrifice short,https://lichess.org/dtMQlcQb/black#74,
kNsiH,3r3r/pk4p1/2R5/2PB4/P4b2/2N5/3Q1P1q/R4K2 b - - 0 26,f4d2 a1b1 b7a8 c6c8,1967,177,35,20,discoveredCheck doubleCheck mate mateIn2 middlegame pillsburysMate short,https://lichess.org/7a3vjD31/black#52,
kQywJ,1b1r1rk1/5qpp/p1R1p3/1p6/3B4/1P2P2P/P1R1QPP1/6K1 w - - 3 25,d4b2 f7f2 e2f2 d8d1 f2e1 d1e1,2031,115,75,50,kingsideAttack long master mate mateIn3 middlegame pillsburysMate sacrifice,https://lichess.org/8WIoFYjV#49,
kTKun,4r1k1/pb3p1p/1p4p1/2r5/2NbPp1q/3B1P2/PPR1Q1PP/2R4K w - - 7 23,c4d6 h4h2 h1h2 c5h5,1926,76,99,1014,attraction kingsideAttack mate mateIn2 middlegame pillsburysMate sacrifice short,https://lichess.org/AdGovhbB#45,
kToGr,r4rk1/1p3ppp/p3p3/P2n4/1n6/3B1P1P/1BPP1P1K/R5R1 b - - 5 20,b4d3 g1g7 g8h8 g7g8 h8g8 a1g1,1974,149,76,53,attraction discoveredCheck doubleCheck kingsideAttack long mate mateIn3 middlegame pillsburysMate sacrifice,https://lichess.org/rCeF4h37/black#40,
kUKNy,1r6/1p1r4/1R6/PR6/1P2pkbp/1BP5/5PKP/8 w - - 0 41,b3e6 h4h3 g2f1 d7d1,1955,76,88,465,endgame mate mateIn2 pillsburysMate short,https://lichess.org/tS54yKzk#81,
kUlNw,r6r/pbp3p1/1p4k1/5pN1/5b1P/PBNP4/1PP2P1K/4RR2 w - - 0 27,h2h3 h8h4 h3h4 a8h8 g5h7 h8h7,2146,84,90,410,attraction long mate mateIn3 middlegame pillsburysMate sacrifice,https://lichess.org/z29gOU9I#53,
kXT6X,3qr1k1/Q4ppp/1n3B2/3p1b2/1b1P4/2r1PN1P/PP3PP1/R3KB1R w KQ - 0 15,f6d8 c3e3 e1d1 e3e1 f3e1 e8e1,2065,73,94,14161,discoveredCheck doubleCheck long mate mateIn3 middlegame operaMate pillsburysMate,https://lichess.org/2ui0A7iR#29,Queens_Gambit_Declined Queens_Gambit_Declined_Exchange_Variation
kYfae,Q2r3r/1ppk1p2/6p1/2p2b1p/2B4q/2P2P2/P5P1/3RR1K1 b - - 3 21,d7c6 a8a4 c6b6 d1b1 f5b1 e1b1,1909,78,92,1736,long mate mateIn3 middlegame pillsburysMate sacrifice,https://lichess.org/l0q3g6zA/black#42,
kZ3zr,6k1/pp3pp1/2n5/1B1N2bp/8/1Q1P1p2/PPP2PbK/R1B1r3 w - - 1 22,b5c6 e1h1 h2g3 h1h3,1923,79,95,14745,mate mateIn2 middlegame operaMate pillsburysMate short,https://lichess.org/t3JUpX9Y#43,
kZeMD,R4b1r/Rk2r1pp/1pnQqp2/2p5/2P5/1BB4P/5PP1/6K1 b - - 4 30,c6a7 a8b8 b7a6 b8b6,2179,81,90,1047,mate mateIn2 middlegame pillsburysMate short,https://lichess.org/sIRBVQet/black#60,
kd9Sa,1r5r/8/b2R4/6p1/6k1/6R1/1p4K1/1B6 b - - 3 48,g4h5 g3h3 h5g4 d6d4,2100,87,91,871,endgame mate mateIn2 pillsburysMate short,https://lichess.org/D9DK31ey/black#96,
kik1d,5r1k/ppp3p1/2nb3p/3Q4/3P3q/2P4P/PP1B2P1/4RNK1 w - - 1 21,d5e4 h4f2 g1h1 f2f1 e1f1 f8f1,2028,77,88,271,deflection kingsideAttack long mate mateIn3 middlegame pillsburysMate,https://lichess.org/8dX61LI5#41,
kokH7,3B1k2/p5R1/7p/5N2/6P1/4b1K1/1PP3rP/5b2 w - - 4 39,g3h4 g2h2 h4g3 h2h3,2146,77,83,148,endgame mate mateIn2 operaMate pillsburysMate short,https://lichess.org/FmCsSKhg#77,
kq11B,7b/R3Br2/2k1p1p1/P1N5/2P3n1/8/6K1/8 b - - 0 36,h8d4 a7a6 c6c7 e7d6 c7d8 a6a8,2168,77,95,3101,endgame exposedKing long mate mateIn3 pillsburysMate,https://lichess.org/b3ueSaz8/black#72,
kqXQV,8/5R1p/p6k/1p2b1pB/1B1rn2P/P6K/1P2r1P1/5R2 w - - 4 34,h5e2 e4f2 f1f2 d4h4,2033,80,91,511,discoveredAttack mate mateIn2 middlegame pillsburysMate sacrifice short,https://lichess.org/8f9Hy87Y#67,
kttp9,8/5p1k/1p2n3/2bRP3/8/1B3rNP/PPP5/7K w - - 17 42,g3e4 f3h3 h1g2 e6f4 g2f1 h3h1,2080,83,91,1281,endgame exposedKing fork long mate mateIn3 pillsburysMate,https://lichess.org/W4vQxf8d#83,
ky5CM,2r3k1/4bpp1/p3p3/4P1P1/4bP1P/1Pq1p3/1P2Q3/2KR2R1 w - - 0 29,b2c3 e7a3 e2b2 c8c3,1943,79,86,708,endgame intermezzo mate mateIn2 pillsburysMate pin queensideAttack short,https://lichess.org/ctdtsCn6#57,
kzBOM,5rk1/pQp3pp/3Rb3/8/1P2rp2/6P1/PBP2P1P/5qK1 w - - 0 23,g1f1 e6h3 f1g1 e4e1,1939,82,93,1659,endgame mate mateIn2 pillsburysMate short,https://lichess.org/XR9pWWRt#45,
kzBaI,4r1k1/1Q3pp1/3b3p/p7/3N4/q3B2P/5PP1/2R3K1 w - - 2 28,d4f5 a3c1 e3c1 e8e1,1923,77,92,1000,mate mateIn2 middlegame pillsburysMate sacrifice short,https://lichess.org/g8QaQZdw#55,
kzlkO,1k1r1b1r/pp4p1/7p/3N3P/2Rp1B2/8/P5P1/6K1 b - - 0 25,b8a8 d5b6 a7b6 c4a4,2149,77,96,2452,endgame mate mateIn2 pillsburysMate sacrifice short,https://lichess.org/DtVNnppg/black#50,
l2y9D,7r/p3k3/2p5/1p2p3/4P3/2PP2p1/PP1b2P1/R3RKNr w - - 2 28,e1d1 h8f8 f1e2 f8f2,2068,79,92,1087,endgame mate mateIn2 pillsburysMate short,https://lichess.org/x6LRQhwz#55,
l7zV6,4r3/R1bb1k2/6pp/3P3K/7P/1N3PP1/3B4/8 w - - 0 60,h5h6 e8h8 h6g5 h8h5,1903,78,95,14966,endgame mate mateIn2 pillsburysMate short,https://lichess.org/32I3fc8Y#119,
l8MLV,3rr1k1/ppp2qb1/6p1/3p2B1/3np2Q/2N4R/PPP2PP1/2K4R b - - 1 21,d4f5 h4h8 g7h8 h3h8 g8g7 h1h7,1967,78,95,14834,blindSwineMate exposedKing kingsideAttack long mate mateIn3 middlegame pillsburysMate sacrifice,https://lichess.org/gGs4X2ah/black#42,
l8p4e,6k1/p2r1pbp/6p1/1p1q4/3p4/1Pr5/P3QPPP/2BRR1K1 b - - 4 28,d4d3 e2e8 g7f8 e8f8 g8f8 c1h6 f8g8 e1e8,2154,77,91,4009,attraction kingsideAttack mate mateIn4 middlegame pillsburysMate sacrifice veryLong,https://lichess.org/1omjKU1t/black#56,
l9iQ6,r7/2R2ppp/4p1k1/6P1/1r2bP1P/p7/4B3/5RK1 b - - 0 31,a3a2 h4h5 g6f5 c7f7,2091,99,73,84,deflection endgame mate mateIn2 pillsburysMate short,https://lichess.org/2gj9SHG1/black#62,
lBWjI,r4rk1/3nbppp/q2p4/3P4/3BN3/8/P2R4/K5R1 b - - 0 25,a6b5 g1g7 g8h8 g7g8 h8g8 d2g2 e7g5 g2g5,2121,81,89,1201,attraction discoveredCheck doubleCheck mate mateIn4 middlegame pillsburysMate sacrifice veryLong,https://lichess.org/OrDkqCmx/black#50,
lEYAk,4rr2/npp2p1p/p2b4/3P1p2/P4P1B/5kR1/1PP4P/2KR4 b - - 13 31,f3f4 h4g5 f4e5 g3e3,1995,78,96,2375,epauletteMate mate mateIn2 middlegame pillsburysMate short,https://lichess.org/jiHBOXZG/black#62,
lGgck,2kr3r/pppbqpp1/1n6/4R3/1b2P1p1/6B1/PPQ1NPBP/2K4R b - - 0 16,e7f6 c2c7 c8c7 e5c5,2067,77,94,4398,attraction discoveredCheck doubleCheck epauletteMate mate mateIn2 middlegame pillsburysMate queensideAttack sacrifice short,https://lichess.org/8dLRnFUh/black#32,Grob_Opening Grob_Opening_Other_variations
lKVTv,4r1k1/ppb2p1p/2p2p1B/3q1P2/3pr3/2P2QP1/PP5P/4RRK1 b - - 3 23,d4c3 f3g4 e4g4 e1e8,1965,78,85,258,deflection kingsideAttack mate mateIn2 middlegame pillsburysMate sacrifice short,https://lichess.org/NqadZ5cF/black#46,
lM0BY,6k1/R4b2/5p1p/6p1/4PKP1/2rr3P/5PB1/1R6 w - - 0 34,f4f5 d3f3 g2f3 c3f3,2072,79,84,150,endgame mate mateIn2 pillsburysMate sacrifice short,https://lichess.org/ayaR0JW1#67,
lMUoV,4r3/ppB3Q1/1q6/k5Pp/Pb5P/r3nN2/K7/2R2R2 w - - 2 37,a2b2 b4c3 b2a3 e3c4 a3a2 e8e2 f3d2 e2d2 c1c2 d2c2,2048,80,90,253,discoveredCheck doubleCheck exposedKing fork mate mateIn5 middlegame pillsburysMate sacrifice veryLong,https://lichess.org/vSk3psls#73,
lNGWC,2k5/pp6/2p4p/3p3r/3Pp3/1PQ1Pbq1/P1R2RB1/6K1 w - - 0 32,c3b4 g3h2 g1f1 h2h1 g2h1 h5h1,1982,77,85,103,exposedKing long mate mateIn3 middlegame pillsburysMate sacrifice,https://lichess.org/2R66IPP9#63,
lNje2,2kr3r/p1p2p1p/1pn1p1p1/1BqpP3/2P2P2/3R4/2PQ1P1P/1K1R4 b - - 1 19,d5c4 b5a6 c8b8 d3d8 h8d8 d2d8 c6d8 d1d8,1936,79,92,2519,deflection mate mateIn4 middlegame pillsburysMate queensideAttack veryLong,https://lichess.org/NhrsAOIb/black#38,Owen_Defense Owen_Defense_Other_variations
lQboa,4r3/p2k1pBp/8/3b2r1/8/8/PP3PPP/3R1RK1 w - - 4 26,g7f6 g5g2 g1h1 g2g1 h1g1 e8g8 f6g5 g8g5,2033,76,78,128,attraction discoveredCheck doubleCheck endgame mate mateIn4 pillsburysMate sacrifice veryLong,https://lichess.org/JhG2kdSL#51,
lQhRS,4Q1k1/5pbp/3p2p1/2pq4/8/r3B2P/5PP1/4R1K1 b - - 1 24,g7f8 e8f8 g8f8 e3h6 f8g8 e1e8,2074,77,91,961,attraction endgame long mate mateIn3 pillsburysMate sacrifice,https://lichess.org/Ucf38zSh/black#48,
lTAsA,2rk1r2/1p5p/p4N2/3pn3/1b5N/1P4P1/bK2BP1P/R6R w - - 1 27,f6d5 e5d3 e2d3 f8f2 d3c2 f2c2,2036,94,89,38,long mate mateIn3 middlegame pillsburysMate sacrifice,https://lichess.org/rbSEQMNr#53,
lWM4Q,r4rk1/pp3pQp/4pR2/7b/3B4/2PB4/Pq4PP/R5K1 b - - 0 20,g8g7 f6g6,1916,76,96,4656,discoveredCheck doubleCheck epauletteMate mate mateIn1 middlegame oneMove operaMate pillsburysMate,https://lichess.org/akOUiQEr/black#40,
lZlxY,2rk1b1r/pp2pppp/5N2/1Bp1R3/5B2/5b2/PPP2P1P/R5K1 b - - 0 16,g7f6 a1d1 f3d1 e5d5,1919,83,69,118,mate mateIn2 middlegame pillsburysMate sacrifice short,https://lichess.org/NkhyLHta/black#32,Scandinavian_Defense Scandinavian_Defense_Gubinsky-Melts_Defense
ldpVQ,2bq2k1/1p2prb1/2pp1nQ1/3P4/2P1B2R/6P1/pB3P1P/6K1 b - - 3 21,f6e4 g6h7 g8f8 h7h8 g7h8 h4h8,1953,76,94,1851,exposedKing long mate mateIn3 middlegame pillsburysMate sacrifice,https://lichess.org/LhxSSzYk/black#42,
lfbfK,6k1/p1r3pp/1p2p2r/1PP2p2/3P1P1b/P1Q1Bq1P/5PRK/6R1 w - - 1 26,d4d5 f3h3 h2h3 h4f2,2061,84,92,237,discoveredAttack discoveredCheck mate mateIn2 middlegame pillsburysMate sacrifice short,https://lichess.org/LkQO0536#51,
lh51h,2k2rr1/pp6/2b1p3/2p1q2p/3P4/2P1PN2/PP3PPP/R4RK1 w - - 0 20,f3e5 g8g2 g1h1 g2g1 h1g1 f8g8 e5g4 g8g4,2077,75,91,709,attraction discoveredCheck doubleCheck endgame kingsideAttack mate mateIn4 pillsburysMate sacrifice veryLong,https://lichess.org/2vwdy76z#39,
ljdfr,1r3r1k/p4pRp/5B2/2qp1p2/8/5P2/P4P1P/4R2K b - - 2 25,b8b6 g7g8 h8g8 e1g1,1939,76,97,1359,attraction discoveredCheck doubleCheck endgame mate mateIn2 pillsburysMate sacrifice short,https://lichess.org/O9pFnCDv/black#50,
lkWGj,2k2r2/p1p3p1/Pp1q3p/7r/3p3b/1NPQ4/1P3PP1/R4RK1 w - - 3 25,d3d4 d6h2 g1h2 h4f2 d4h4 h5h4,2080,79,87,453,deflection discoveredAttack discoveredCheck kingsideAttack long mate mateIn3 middlegame pillsburysMate sacrifice,https://lichess.org/K3QSVyqU#49,
lpFGJ,6kQ/1br3p1/p2q1nN1/1p2pBR1/4P3/5P2/PP1p3P/7K b - - 1 33,g8f7 g6e5 d6e5 g5g7,2054,76,97,1147,discoveredAttack mate mateIn2 middlegame pillsburysMate short,https://lichess.org/ccgLQ0Al/black#66,
lpIqS,1k6/4Rp1p/1P1p2p1/4b3/8/4BP1n/2r3K1/5B2 w - - 5 37,g2h3 c2h2 h3g4 f7f5 g4g5 h2h5,2005,75,94,1184,endgame exposedKing long mate mateIn3 pillsburysMate,https://lichess.org/tpyVzVuz#73,
ludSJ,2r1qrk1/5ppp/p7/6RP/4Q3/2B5/PP3P2/2K3R1 b - - 0 24,e8e4 g5g7 g8h8 g7g8,1958,87,82,137,discoveredCheck doubleCheck endgame mate mateIn2 morphysMate pillsburysMate short,https://lichess.org/y2QAYh2M/black#48,
lv5Q8,7r/1b5r/1Q6/2R1kp2/8/3qBP2/PP4PP/7K b - - 5 29,b7d5 f3f4 e5e4 b6e6 d5e6 c5e5,2112,101,90,89,long master mate mateIn3 middlegame pillsburysMate pin sacrifice,https://lichess.org/aoCAj68G/black#58,
lvXDu,6k1/4pp1p/p5pB/4b3/1p2N3/6PP/P1R4K/4r3 b - - 2 30,f7f5 c2c8 g8f7 e4g5 f7f6 c8f8,2060,79,86,240,endgame long mate mateIn3 pillsburysMate,https://lichess.org/iquGskur/black#60,
lwOjv,1r1r2k1/p4ppp/3Rb3/2p1Q3/1p2P3/5P2/qPP3PP/2K2B1R w - - 0 19,d6a6 a2b1 c1b1 d8d1,1983,88,85,72,attraction mate mateIn2 middlegame pillsburysMate queensideAttack sacrifice short,https://lichess.org/LkFGVjqT#37,
m0iZ1,2kr3r/5p2/1p1p4/p3p3/P7/2PQ1PPb/2PN1q1P/R5RK w - - 6 24,d2e4 f2h2 h1h2 h3f1,1910,102,47,54,discoveredAttack discoveredCheck kingsideAttack mate mateIn2 middlegame pillsburysMate sacrifice short,https://lichess.org/fa7vGlPq#47,
m0mCv,r1b1k2r/pp2bpp1/2p2p1p/q7/4QP2/2NRB3/PPP3PP/2K1R3 b kq - 2 15,c8f5 e4e7 e8e7 e3c5,2031,76,94,15588,attraction discoveredCheck doubleCheck mate mateIn2 middlegame morphysMate pillsburysMate sacrifice short,https://lichess.org/4A2VZo8x/black#30,Zukertort_Opening Zukertort_Opening_Tennison_Gambit
m46Wr,3B3r/pb3k2/4p1p1/2p2P2/1pBb4/4n1NP/P1P1Q1qK/1R3R2 w - - 0 28,e2g2 e3g4 h2h1 h8h3,2113,77,94,3972,deflection master mate mateIn2 middlegame pillsburysMate pin short,https://lichess.org/y509WUf7#55,
m5cve,6k1/B5pp/p2r4/1pp1n2P/1bP3b1/8/P1K1N2P/1R3B1R w - - 0 29,c4b5 d6d2 c2b3 g4e6 b3a4 d2a2,2047,78,91,1825,deflection exposedKing long mate mateIn3 middlegame pillsburysMate,https://lichess.org/FM95hb2v#57,
m9QmN,3rkb2/1p6/p5P1/5Q2/5R2/1PP5/P1P2P1P/1K2q3 w - - 1 30,b1b2 e1c1 b2c1 f8a3 c1b1 d8d1,2087,76,85,367,attraction endgame long mate mateIn3 pillsburysMate sacrifice,https://lichess.org/bbcmWvmh#59,
mBj1s,r6r/2q2p2/3p2p1/2pPp1Pp/Bp1kP3/5Pn1/1P1B4/2RRK3 b - - 1 35,g3e4 d2f4 e4d2 d1d2,2058,83,91,1583,discoveredAttack discoveredCheck master mate mateIn2 middlegame pillsburysMate short,https://lichess.org/bohdeefI/black#70,
mCYVt,5k1r/2p2p2/1p1p4/p5R1/7B/7Q/6PK/q7 b - - 2 36,a1d4 h3c8 f8e7 g5e5,2100,78,81,443,discoveredCheck doubleCheck endgame mate mateIn2 pillsburysMate short,https://lichess.org/CRQ0Qt5q/black#72,
mEezl,2krr3/ppp4p/2b1p3/8/1RB2Q2/2P4P/P3NPq1/4K2R w K - 0 24,h1h2 g2f1 e1f1 d8d1,2173,76,93,1981,attraction mate mateIn2 middlegame pillsburysMate sacrifice short,https://lichess.org/d00urEUt#47,
mGKFv,Q7/ppp1k3/3p2r1/4p1n1/2B1P1b1/2PPb3/PP3RP1/5RK1 w - - 1 25,a8b7 g5f3 g2f3 g4f3 g1h2 e3f4 h2h3 g6h6,2040,76,88,648,discoveredAttack discoveredCheck kingsideAttack mate mateIn4 middlegame pillsburysMate pin sacrifice veryLong,https://lichess.org/WQ1YRccX#49,
mI2mD,Q7/5pkp/5rp1/2p5/1nPb4/1P4NP/2P1RPPq/2B2K2 b - - 6 28,h2g3 a8f8 g7f8 c1h6 f8g8 e2e8,1938,73,95,12375,attraction long mate mateIn3 middlegame pillsburysMate sacrifice,https://lichess.org/HuOj5FHM/black#56,
mIdkl,8/K2k4/1rbp2p1/2b1B3/2P5/8/6PP/3R3R w - - 1 31,e5d6 b6b7 a7a6 b7a7,1976,79,94,16668,discoveredCheck doubleCheck endgame mate mateIn2 operaMate pillsburysMate short,https://lichess.org/ANsLO1Qm#61,
mK1Xf,7k/p1R5/2p4K/5pr1/3b4/1B4P1/P7/8 b - - 0 44,d4e3 c7h7,1970,83,83,297,endgame mate mateIn1 oneMove pillsburysMate,https://lichess.org/Pq9tzZwD/black#88,
mNhJp,r2q3k/ppp2Bpp/3b2nQ/5R2/3Br3/8/PPP3PP/3R2K1 b - - 2 19,d6e5 h6h7 h8h7 f5h5,2182,77,94,14415,attraction kingsideAttack mate mateIn2 middlegame pillsburysMate sacrifice short,https://lichess.org/F5GAdSJF/black#38,Kings_Gambit Kings_Gambit_Other_variations
mOoS5,6bk/4R3/8/PB6/3pp3/K1P1n1P1/1P6/6r1 w - - 0 38,e7e4 e3c2 a3a4 g1a1,2002,77,73,138,endgame mate mateIn2 pillsburysMate short,https://lichess.org/b9gfIMgN#75,
mP3Ag,3rk3/pp3p2/5R1p/8/2NNp2r/2PnP1b1/PP2R1P1/6K1 w - - 16 31,d4f5 h4h1 g1h1 d3f2 h1g1 d8d1 e2e1 d1e1,2093,77,93,12120,attraction kingsideAttack mate mateIn4 middlegame pillsburysMate sacrifice veryLong,https://lichess.org/IFncLMTM#61,
mPuzG,1r1r4/5R2/3P2p1/p4k2/3p1P2/1B6/PP5P/6K1 b - - 1 28,f5g4 b3d1 g4h4 f7h7,2030,79,88,122,endgame mate mateIn2 pillsburysMate short,https://lichess.org/Zy5Ob8yv/black#56,
mS3IN,7k/6R1/5p1B/4p1pp/2N1b3/7K/4r2P/8 w - - 2 38,c4d6 e2e3,2056,77,94,5712,endgame master mate mateIn1 oneMove pillsburysMate,https://lichess.org/HBrzau7b#75,
mSCbr,r4rk1/pp3ppp/8/1P1p2q1/P5R1/3n3K/1BPPN3/R7 b - - 1 29,g5d2 g4g7 g8h8 g7g8 h8g8 a1g1 d2g5 g1g5,2143,76,96,1966,attraction discoveredCheck doubleCheck mate mateIn4 middlegame pillsburysMate sacrifice veryLong,https://lichess.org/18Z0nZa3/black#58,
mSHQK,r4B1k/pbpp4/1p3pr1/8/8/3P4/PPPQ1PPP/RN3RK1 w - - 2 18,f8e7 g6g2 g1h1 g2g1 h1g1 a8g8 d2g5 g8g5,2177,85,91,3725,attraction discoveredCheck doubleCheck kingsideAttack mate mateIn4 middlegame pillsburysMate sacrifice veryLong,https://lichess.org/mjUcWSfD#35,Italian_Game Italian_Game_Two_Knights_Defense
mUUQ7,r5k1/pp3ppp/1q2p3/1Q3b2/1b1N4/2r1P3/PP3PPP/R3KB1R w KQ - 0 15,b5b6 c3e3 e1d1 e3e1,2010,74,96,2031,discoveredCheck doubleCheck master mate mateIn2 middlegame operaMate pillsburysMate short,https://lichess.org/Gqjc95aq#29,Slav_Defense Slav_Defense_Three_Knights_Variation
mVypD,2r2rk1/pp3ppp/4p3/8/1P5P/P3KBq1/1B6/6RR b - - 4 26,g3d6 g1g7 g8h8 g7g8 h8g8 h1g1 d6g3 g1g3,1981,81,92,886,attraction discoveredCheck doubleCheck mate mateIn4 middlegame pillsburysMate sacrifice veryLong,https://lichess.org/21KIlRHM/black#52,
mXipc,5rk1/2N2bpp/1r6/p1b1Np2/2P1nP2/P7/1P1B2PP/R4R1K w - - 3 22,d2a5 e4g3 h2g3 b6h6,1993,77,94,7246,master mate mateIn2 middlegame pillsburysMate sacrifice short,https://lichess.org/Mw3Jxgli#43,
mYCll,7k/6p1/p2p4/R6p/1P6/4RBb1/4K3/1q6 b - - 13 51,b1b4 a5h5 h8g8 f3d5 g8f8 h5f5,1994,74,89,1867,endgame long mate mateIn3 pillsburysMate,https://lichess.org/htB9KuV7/black#102,
maYE7,8/3R3p/5ppk/8/8/8/2q1r1PP/2B3RK b - - 3 37,h6h5 g2g4 h5h4 d7h7,2036,75,98,2678,endgame mate mateIn2 pillsburysMate short,https://lichess.org/yM87UL1G/black#74,
mbI4F,3N4/6k1/p6p/1p4p1/2p5/P1P5/1P2r2r/KB3R2 b - - 7 39,e2b2 d8e6 g7h8 f1f8,1940,87,77,163,endgame mate mateIn2 pillsburysMate short,https://lichess.org/TmZKxMBR/black#78,
mcBkG,4r1k1/pR3pb1/8/5bBp/3P4/1Q4P1/PP3PBP/4q1K1 w - - 3 24,g2f1 e1f1 g1f1 f5h3 f1g1 e8e1,2040,98,47,25,attraction long mate mateIn3 middlegame pillsburysMate sacrifice,https://lichess.org/8qZ1g10w#47,
mcE92,3r4/p6k/1b5p/5p2/P1B2BpP/1P4P1/3r2PK/4R3 b - - 3 30,d2d1 e1e7 h7g6 h4h5 g6f6 e7f7,2067,75,95,1242,endgame long mate mateIn3 operaMate pillsburysMate,https://lichess.org/Wj8VooZY/black#60,
mcsUa,1k1r4/Rp2b1pp/5p2/4p3/4P3/4B3/1r3PPP/2R2K2 b - - 2 31,d8d3 a7a8 b8a8 c1c8,1934,78,87,840,attraction endgame mate mateIn2 pillsburysMate sacrifice short,https://lichess.org/5q63rC9T/black#62,
mdzWf,8/pq2kp2/5Npb/1Bp2b2/2P4P/1P4P1/PB5K/3R4 b - - 2 29,b7f3 f6g8 e7f8 d1d8,2028,77,93,3326,fork mate mateIn2 middlegame pillsburysMate short,https://lichess.org/Vtj2sVzI/black#58,
meBlY,N2k2n1/pp3pp1/6p1/3Bp3/4P1b1/2P2n2/PP1P1bPr/R1BK1R2 w - - 0 14,f1f2 f3d4 d1e1 d4c2 e1f1 h2h1,2042,78,92,4006,discoveredAttack discoveredCheck fork long mate mateIn3 middlegame pillsburysMate,https://lichess.org/hV54jH7H#27,Vienna_Game Vienna_Game_Stanley_Variation
ml157,6rr/3k1p2/pq3Q1p/2pb4/8/2NP4/PPP2PPP/R4RK1 w - - 0 19,f6b6 g8g2 g1h1 g2g1 h1g1 h8g8 b6g6 g8g6,2157,78,95,1525,attraction discoveredCheck doubleCheck kingsideAttack mate mateIn4 middlegame pillsburysMate sacrifice veryLong,https://lichess.org/JEIj6HzG#37,
mm3pa,3B2k1/5ppp/p1b1r3/1p1p4/1P1Q1b2/P7/B2n1PP1/3RRKNq w - - 8 30,d1d2 h1g1 f1g1 e6e1,2100,73,93,10462,attraction deflection mate mateIn2 middlegame pillsburysMate short,https://lichess.org/mQN801VE#59,
mnJ1Q,r1k5/p3ppbp/PpN3p1/8/2b2B2/2P5/1P3PPP/3R2K1 b - - 0 23,c4a6 c6e7 c8b7 d1d7,1930,95,51,69,endgame mate mateIn2 pillsburysMate queensideAttack short,https://lichess.org/MSEnqXFN/black#46,
motOY,3r2k1/1b3pp1/p6p/3B4/2r4q/P3b1N1/1P4PP/R2Q1R1K w - - 0 27,d1f3 h4h2 h1h2 c4h4,1950,77,49,98,attraction kingsideAttack mate mateIn2 middlegame pillsburysMate sacrifice short,https://lichess.org/3C4A0cT6#53,
mpyIC,r5r1/1bk4p/p3p3/2p1N3/2P5/8/P1P2PPP/RN3RK1 w - - 0 23,b1c3 g8g2 g1h1 g2g1 h1g1 a8g8 e5g4 g8g4,2099,79,92,2237,attraction discoveredCheck doubleCheck mate mateIn4 middlegame pillsburysMate sacrifice veryLong,https://lichess.org/gWHeg3Xd#45,
mrNP2,4r2k/5p2/R1ppr1p1/8/1P1P2b1/2P1B1p1/3Q4/1N3K2 w - - 1 33,e3f4 g4h3 f1g1 e6e1 d2e1 e8e1,2034,77,92,5687,exposedKing fork long mate mateIn3 middlegame pillsburysMate,https://lichess.org/b7oj1MBy#65,
mrW4G,4r1k1/1pp3pp/p2p4/3P1P2/1P1b3q/P1Qp1PpP/1B2r1B1/4RR1K w - - 5 27,c3d3 h4h3 g2h3 e2h2,1994,95,50,44,kingsideAttack mate mateIn2 middlegame pillsburysMate sacrifice short,https://lichess.org/gVgXw2OP#53,
mtRcX,3r2r1/1pkqpp1p/pNnp1p1b/8/4P3/3Q1b2/PPP1BPPP/3R1RK1 w - - 2 15,b6d7 g8g2 g1h1 g2g1 h1g1 d8g8,2103,78,87,351,attraction discoveredCheck doubleCheck kingsideAttack long mate mateIn3 middlegame pillsburysMate sacrifice,https://lichess.org/IuhLA9el#29,Sicilian_Defense Sicilian_Defense_Smith-Morra_Gambit
mtWCC,r3r1k1/2p1Bp1p/P1n1bQp1/3p4/P7/2N3Pq/5P1P/R2B1RK1 w - - 6 27,e7c5 h3f1 g1f1 e6h3 f1g1 e8e1,1985,77,87,217,attraction kingsideAttack long mate mateIn3 middlegame pillsburysMate sacrifice,https://lichess.org/0QVJkJCS#53,
mwgXt,6k1/3q1pbp/3p4/3P1N2/2p5/5P1P/1r1BQ3/4R1K1 b - - 1 33,d7f5 e2e8 g7f8 e8f8 g8f8 d2h6 f8g8 e1e8,2003,75,90,334,attraction endgame mate mateIn4 pillsburysMate sacrifice veryLong,https://lichess.org/Q441FJIX/black#66,
mxeag,1r1r2k1/p3pp2/2p1P1p1/8/6P1/q3B2P/2K5/1Q1R1R2 b - - 4 28,b8b1 d1d8 g8g7 f1f7,2173,80,94,2738,endgame hangingPiece mate mateIn2 pillsburysMate short,https://lichess.org/jCx7VYK9/black#56,
my8m4,4Q3/6bk/3B4/p2bP3/8/7P/r7/6K1 w - - 4 44,e5e6 g7d4 g1f1 d5c4 f1e1 d4c3 e1d1 c4b3 d1c1 a2a1,1993,78,95,14390,endgame exposedKing mate mateIn5 pillsburysMate veryLong,https://lichess.org/1frybmyA#87,
n3w0F,r5k1/1p4pp/1b1pb3/4p3/2PnPr1P/Pp3BK1/R1nN2P1/1Q5R w - - 0 27,d2b3 d4e2 f3e2 b6f2 g3h2 f4h4,2062,79,66,119,clearance deflection interference long master mate mateIn3 middlegame pillsburysMate sacrifice,https://lichess.org/y3vk7TVO#53,
n47OF,r2q2rk/4bQ1p/1p2p1pB/p7/3pp3/2P4R/PP4PP/3R2K1 b - - 3 26,d8e8 f7h7 h8h7 h6f8 e7h4 h3h4,1909,75,89,99,discoveredAttack discoveredCheck kingsideAttack long mate mateIn3 middlegame pillsburysMate sacrifice,https://lichess.org/9DHuXVXN/black#52,
n4gNR,6k1/2R5/p2p2p1/1p1P2P1/4rb2/5p2/PPP5/2K4R w - - 1 37,c1d1 e4d4 d1e1 f4g3 e1f1 d4d1,1944,76,92,2238,endgame long mate mateIn3 pillsburysMate,https://lichess.org/PmKcTzT8#73,
n6PFb,8/1p3pkp/3pb1p1/8/5P2/2r4P/rP1R2P1/1K3B1R w - - 0 22,d2d6 a2a1 b1a1 c3c1,1910,76,95,21195,attraction endgame mate mateIn2 pillsburysMate sacrifice short,https://lichess.org/DNGYv3Gd#43,
n8UZB,4rk2/pp4pp/2pb1n2/2P5/8/2N1Q3/PP3PPq/R1B1RK2 w - - 3 23,e3h3 h2g1 f1g1 e8e1,2024,75,96,2239,attraction deflection mate mateIn2 middlegame pillsburysMate sacrifice short,https://lichess.org/qa9QCWXn#45,
nAGT1,2r2k2/4Rp1p/8/4B3/4b3/1P6/P1P3rP/2K1R3 w - - 5 26,e5d6 c8c2 c1b1 c2b2 b1a1 b2a2,2147,80,93,13702,discoveredCheck doubleCheck endgame long mate mateIn3 pillsburysMate,https://lichess.org/TZsUDCu6#51,
nBE2q,4r1k1/p1p4p/1pKrb1p1/8/4P3/2N4P/PPP3B1/R1B4R w - - 1 19,c6c7 d6d7 c7c6 e8c8 c6b5 c8c5 b5b4 d7d4 b4a3 c5a5 c3a4 d4a4,2029,78,92,482,mate mateIn5 middlegame pillsburysMate veryLong,https://lichess.org/auldeWno#37,
nBOe7,rq5r/pp4pk/1bn3np/4PQ2/1PB4P/P4N2/5PP1/R3K2R b KQ - 0 21,c6e5 f3g5 h6g5 h4g5,1946,80,91,550,discoveredAttack discoveredCheck master mate mateIn2 middlegame pillsburysMate sacrifice short,https://lichess.org/yxv1HGut/black#42,
nECHO,r1b2rk1/ppq1ppnp/6pB/4P3/1nB5/1P3Q2/P4PPP/3R1RK1 b - - 0 19,c7e5 f3f7 f8f7 d1d8 g7e8 d8e8,2001,75,97,1455,kingsideAttack long mate mateIn3 middlegame pillsburysMate pin sacrifice,https://lichess.org/6RlUYipF/black#38,
nGVuV,3rk2r/pp2np1p/3Bb3/8/4P3/Q7/qPP2PPP/2KR1B1R w k - 2 15,d6e7 a2b1 c1b1 d8d1,2153,74,94,9871,attraction deflection mate mateIn2 middlegame pillsburysMate queensideAttack sacrifice short,https://lichess.org/I45sqYvC#29,Sicilian_Defense Sicilian_Defense_Open
nIUWE,4Qbk1/2q2p1p/2n3p1/3p1bB1/6nP/r1P5/r2N1PPN/4RRK1 b - - 7 24,g4h2 e8f8 g8f8 g5h6 f8g8 e1e8,2114,77,94,3897,attraction kingsideAttack long mate mateIn3 middlegame pillsburysMate sacrifice,https://lichess.org/hLVONvvV/black#48,
nIc8J,r4rk1/4bppp/1q2pB2/3p4/2pP4/1NPQ1P1P/PP3P2/1K1R2R1 b - - 0 19,c4d3 g1g7 g8h8 g7g8 h8g8 d1g1,2037,77,94,5515,attraction discoveredCheck doubleCheck kingsideAttack long mate mateIn3 middlegame pillsburysMate sacrifice,https://lichess.org/hkQendIx/black#38,
nLAiz,6k1/R7/2p1p3/1b2K3/4B1P1/2P2P2/p7/r7 b - - 3 47,b5c4 e5f6 a1d1 a7a8 d1d8 a8d8,1936,75,97,4769,endgame exposedKing long master mate mateIn3 pillsburysMate,https://lichess.org/0hXSx3hZ/black#94,
nMqFM,2kr4/ppp2ppp/8/1Nb2b2/5P2/2P5/PP2r1PP/R1B2K1R w - - 0 17,f1e2 f5g4 e2e1 d8d1,2014,135,15,13,mate mateIn2 middlegame operaMate pillsburysMate short,https://lichess.org/3UqQbyGQ#33,Kings_Gambit_Declined Kings_Gambit_Declined_Falkbeer_Countergambit
nNNww,5k2/2R4p/2b1B3/1p1pB1P1/1PpP1P2/2P2nK1/3Q4/5q2 b - - 4 42,f3d2 e5d6 f8e8 c7c8,2114,101,71,91,endgame mate mateIn2 pillsburysMate short,https://lichess.org/UlurMrh0/black#84,
nO35j,r1b1Qbk1/p2r1p1p/1pnq2p1/3B2B1/8/2P2N2/P4PPP/1R2R1K1 b - - 0 18,d6d5 e8f8 g8f8 g5h6 f8g8 e1e8,2062,77,94,2209,attraction kingsideAttack long master mate mateIn3 middlegame pillsburysMate sacrifice,https://lichess.org/Z1RItZQ4/black#36,Sicilian_Defense Sicilian_Defense_Hyperaccelerated_Dragon
nOyfh,r5k1/1pp3pp/8/3BNp2/P2n4/2R5/2P4K/4q3 b - - 0 28,g8h8 e5g6 h7g6 c3h3 e1h4 h3h4,1980,75,89,1123,endgame long mate mateIn3 pillsburysMate sacrifice,https://lichess.org/xCBHbknm/black#56,
nSeo0,3r3k/pp3Qpp/1b6/8/3q4/1B2r1BP/PPP3P1/R4K1R w - - 1 24,g3f2 d4d1 a1d1 d8d1 f2e1 e3e1,1929,76,92,2257,long mate mateIn3 middlegame pillsburysMate sacrifice,https://lichess.org/5hsijpK5#47,
nUkM8,6k1/3R1pp1/1B5p/2P5/1P2P1Pb/r4K1P/8/8 w - - 1 38,f3f4 h4g3 f4f5 a3f3,2034,75,96,1141,endgame mate mateIn2 pillsburysMate short,https://lichess.org/PqRQFJ6f#75,
nWOhL,6k1/5p1p/6p1/R4n2/5K2/B1r4P/P7/8 b - - 8 38,c3h3 a5a8 g8g7 a3f8 g7f6 a8a6 f5d6 a6d6,2080,75,95,1981,endgame mate mateIn4 pillsburysMate veryLong,https://lichess.org/NSKNLN0p/black#76,
nbd4B,1k5r/8/Q1Pr1p2/4pb2/8/4P1p1/PP4PB/3K3R w - - 0 32,d1e2 f5g4 e2f1 d6d1,2179,79,81,231,endgame mate mateIn2 pillsburysMate short,https://lichess.org/fu8mPQ02#63,
neOxn,8/2p2pkp/8/1BpPb1p1/P3P1PK/5r2/8/5R2 w - - 0 39,h4g5 e5f6 g5h5 f3h3,1996,76,89,564,endgame mate mateIn2 pillsburysMate short,https://lichess.org/91ZAkwgB#77,
ng421,r3b1k1/1R3p1p/3p2pB/p2Pb3/3pP1PP/3P4/q1r1BQ2/5RK1 b - - 2 25,c2e2 b7f7 e8f7 f2f7 g8h8 f7f8 a8f8 f1f8,1969,74,94,8129,kingsideAttack mate mateIn4 middlegame pillsburysMate sacrifice veryLong,https://lichess.org/FJIrJ3YU/black#50,
nhIZa,3k3r/R1p5/1pBpPb2/5Pp1/1p2Rp1r/7P/P1P3K1/8 b - - 5 38,h4h3 e6e7 f6e7 a7a8,1924,78,77,338,advancedPawn endgame mate mateIn2 pillsburysMate short,https://lichess.org/xxuSAV6i/black#76,
nhxMn,3r3k/ppp2Rp1/1b6/8/3PN1b1/3B4/PP4PP/6K1 b - - 0 23,d8d4 f7f8 h8h7 e4g5 h7h6 g5f7 h6h5 f8h8,2153,75,94,4508,discoveredCheck doubleCheck endgame mate mateIn4 pillsburysMate veryLong,https://lichess.org/XJSIjIAe/black#46,
nmVmM,2r1r3/pp6/2b4p/P1P1B1p1/1P4k1/5p1P/2B5/4R1K1 b - - 0 32,g4h3 c2f5 g5g4 g1f2 h3h4 e5f6 h4h5 e1h1,2190,74,93,9154,endgame fork mate mateIn4 pillsburysMate veryLong,https://lichess.org/kkZLQ1bP/black#64,
npz2D,2kr2r1/Qbp2p2/2n1p3/2R5/1qBP1Bpp/4P3/1P3PPP/2R3K1 b - - 4 25,c6a7 c5c7 c8b8 c7c8 b8c8 c4e6,2084,84,91,3784,attraction discoveredCheck doubleCheck long mate mateIn3 middlegame pillsburysMate queensideAttack sacrifice,https://lichess.org/iFibT92m/black#50,
ns4zy,N1Qk3r/p3bppp/2pp4/4p3/8/2q5/P3BPPP/1R3K1R b - - 0 18,d8c8 e2g4 f7f5 g4f5 c8d8 b1b8,2160,72,94,12152,exposedKing long mate mateIn3 middlegame pillsburysMate,https://lichess.org/LscLBZ6o/black#36,Sicilian_Defense Sicilian_Defense_Richter-Rauzer_Variation
nsj8x,2kr2r1/1pp2p2/p4nbB/2NP4/2P5/P6q/5PPP/R2Q1RK1 w - - 3 21,d1b3 h3g2 g1g2 g6e4 g2h3 e4g2 h3h4 g8g4,1984,78,80,136,attraction discoveredCheck doubleCheck fork mate mateIn4 middlegame pillsburysMate sacrifice veryLong,https://lichess.org/O7xpmjcH#41,
nucEL,r5r1/p2k1R1p/1p6/3pB1q1/1P2p3/P1P4b/3NP1B1/1R4K1 b - - 1 29,d7c6 b4b5 c6c5 f7c7,2060,84,80,165,epauletteMate mate mateIn2 middlegame pillsburysMate short,https://lichess.org/js5rZQ32/black#58,
nwweu,r4rk1/5ppp/p2qp1n1/1p1p3B/3P4/2P1R2R/PPQ2PPP/6K1 b - - 9 25,g6f4 c2h7 g8h7 h5f7 f4h5 h3h5,1956,76,88,113,deflection discoveredAttack discoveredCheck kingsideAttack long mate mateIn3 middlegame pillsburysMate sacrifice,https://lichess.org/LTrXLHDm/black#50,
nx6Yq,r4rk1/p5pp/1qpN4/3n4/8/Q1B1P2P/PPnK1P2/R5R1 b - - 7 22,c2a3 g1g7 g8h8 g7g8 h8g8 a1g1,2169,84,91,2834,attraction discoveredCheck doubleCheck kingsideAttack long mate mateIn3 middlegame pillsburysMate sacrifice,https://lichess.org/hIGUJuad/black#44,
o19Tv,3r2rk/ppp2p1p/2n2p2/8/2P4N/1P2Pb2/4BP1P/R2Q1RK1 w - - 2 19,h4g2 g8g2 g1h1 g2g1 h1g1 d8g8,2065,80,87,283,attraction discoveredCheck doubleCheck kingsideAttack long mate mateIn3 middlegame pillsburysMate sacrifice,https://lichess.org/k1asv1be#37,Scandinavian_Defense Scandinavian_Defense_Icelandic-Palme_Gambit
o4VGp,2b2rk1/p1R2pp1/4p2p/3pP3/3b4/3B1QPK/Pr1qN2P/5R2 b - - 9 25,d4e5 f3f7 f8f7 c7c8 f7f8 f1f8,1939,118,86,35,deflection kingsideAttack long mate mateIn3 middlegame pillsburysMate sacrifice,https://lichess.org/X4H7wKJ1/black#50,
o6cDC,3R4/2r3pk/5p2/4b3/6R1/1Br5/P5KP/8 b - - 0 33,c7a7 d8h8 h7h8 g4h4,2117,82,91,396,attraction endgame mate mateIn2 pillsburysMate sacrifice short,https://lichess.org/eTeKrr9A/black#66,
oB9vF,r2qr1k1/pPp2ppp/4b3/8/Q1P5/8/P3KPPP/b1B2BNR w - - 1 13,b7a8q e6g4,1978,79,87,159,discoveredCheck doubleCheck mate mateIn1 middlegame oneMove pillsburysMate,https://lichess.org/ylPdgj2j#25,Scandinavian_Defense Scandinavian_Defense_Icelandic-Palme_Gambit
oC1Pd,r4r1k/1p4pp/pN1p4/2pRbqBQ/P7/2P4P/1P3PP1/R5K1 w - - 13 25,b6a8 f5f2 g1h1 f2f1 a1f1 f8f1,2150,448,33,2,kingsideAttack long mate mateIn3 middlegame pillsburysMate sacrifice,https://lichess.org/sZlWUF0k#49,
oCcyc,4r1rk/p1pnq2p/b1p2p2/2Pp1P1Q/3P2PB/2P4R/P3p2P/4R1K1 b - - 0 28,e7e4 h5h7 h8h7 h4f6,2130,121,85,42,discoveredAttack discoveredCheck kingsideAttack mate mateIn2 middlegame pillsburysMate sacrifice short,https://lichess.org/4lt1Ybxa/black#56,
oG0cx,5rk1/r1q3pp/5p2/1ppBnPPQ/p2p4/3P2P1/PPPN1R2/6K1 b - - 1 26,g8h8 h5h7 h8h7 f2h2,1900,81,79,345,attraction kingsideAttack mate mateIn2 middlegame pillsburysMate sacrifice short,https://lichess.org/WPVJZOzH/black#52,
oGb5C,1rbr3k/pp2q1pp/1b3p2/3BpP1Q/8/1N1R4/PPP3PP/5R1K b - - 8 21,e5e4 h5h7 h8h7 d3h3,1931,78,88,231,attraction kingsideAttack mate mateIn2 middlegame pillsburysMate sacrifice short,https://lichess.org/PvyzrqVv/black#42,
oGsRx,r7/3bpp2/1p1p4/r1pk1PP1/2R1B2R/2P5/2PK4/8 b - - 1 31,d5c4 e4c6,1927,74,94,2393,discoveredAttack discoveredCheck endgame epauletteMate mate mateIn1 oneMove pillsburysMate,https://lichess.org/te0aunsa/black#62,
oHQWo,rqb1r1kb/p4p2/2p2npB/3pn1NN/1p3QP1/1B3P2/PPP5/1K1RR3 b - - 5 23,f6h5 f4f7 e5f7 e1e8,2086,87,91,3952,kingsideAttack mate mateIn2 middlegame pillsburysMate sacrifice short,https://lichess.org/dvHDIdih/black#46,
oJ7ei,r1b2rk1/p3bppp/2p5/3p4/N7/8/PB3P1P/1K1R2R1 b - - 7 19,a8b8 g1g7 g8h8 g7g8 h8g8 d1g1 c8g4 g1g4 e7g5 g4g5,2033,75,94,3309,attraction discoveredCheck doubleCheck mate mateIn5 middlegame pillsburysMate sacrifice veryLong,https://lichess.org/qW2jRnNv/black#38,
oJk83,r2q2k1/pppb1p2/6pB/8/6P1/1B1Q4/P1P2P2/b4K1R b - - 2 21,d7e6 d3g6 f7g6 b3e6 g8h8 h6f8 d8h4 h1h4,2064,97,89,51,deflection discoveredAttack discoveredCheck mate mateIn4 middlegame pillsburysMate sacrifice veryLong,https://lichess.org/yCpJxrK0/black#42,
oOZlw,7k/7r/4B3/1p6/1P2Rb1n/6N1/5P2/3r2KR w - - 15 45,g3f1 h7g7 e6g4 g7g4,2088,79,90,338,epauletteMate mate mateIn2 middlegame pillsburysMate short,https://lichess.org/O4ryS9ZZ#89,
oPIO3,r3r2k/pb2q1pp/1p1pB3/4nPPQ/2PR4/1P6/P6P/5RK1 b - - 0 25,d6d5 h5h7 h8h7 d4h4,2029,81,91,1839,attraction kingsideAttack mate mateIn2 middlegame pillsburysMate sacrifice short,https://lichess.org/MH5MjVSv/black#50,
oPu60,5R2/8/1r2p3/p5n1/P1P3k1/6pp/8/3B2K1 b - - 3 48,g4h4 f8f4,1927,84,92,3743,endgame mate mateIn1 oneMove pillsburysMate,https://lichess.org/3phY0JHI/black#96,
oQfFy,r1b4k/p1p3pp/3q1r2/2bB4/8/8/PPP2PPP/RN1Q1RK1 w - - 1 14,d5a8 c5f2 g1h1 d6h2 h1h2 f6h6 d1h5 h6h5,2100,76,84,249,attraction kingsideAttack mate mateIn4 middlegame pillsburysMate sacrifice veryLong,https://lichess.org/o8A6NJe2#27,Latvian_Gambit Latvian_Gambit_Other_variations
oQwBf,1r3r2/pp2R2p/1q3pk1/2p3p1/8/1P3B1R/P1PP1PPP/6K1 b - - 3 23,b8e8 f3h5 g6f5 h3f3,1994,83,71,113,endgame mate mateIn2 pillsburysMate short,https://lichess.org/LAma1HuI/black#46,
oXHo5,rn4k1/1bp2r2/1p1n2B1/p1q4p/2P2B1Q/1P6/P3N1PP/b4R1K b - - 0 21,f7g7 h4d8 d6e8 d8e8 c5f8 e8f8 g8f8 f4d6 f8g8 f1f8,2089,88,91,508,attraction discoveredCheck doubleCheck exposedKing kingsideAttack mate mateIn5 middlegame operaMate pillsburysMate veryLong,https://lichess.org/BCngQTXQ/black#42,
oYqZD,8/5k2/p5R1/1bBp4/1P3PP1/5B1K/3r1b1P/8 w - - 1 37,f4f5 b5f1 f3g2 d2d3 c5e3 d3e3,2171,80,88,1054,endgame long mate mateIn3 pillsburysMate pin,https://lichess.org/Dwhwjsyo#73,
oa1XM,r3k2r/pp1b1ppp/4p3/1B1p1n2/1B1P4/8/P1QK1P1P/2R4q b kq - 1 17,h1h2 c2c8 a8c8 c1c8,2044,77,85,240,mate mateIn2 middlegame pillsburysMate pin sacrifice short,https://lichess.org/fYR6YjxW/black#34,French_Defense French_Defense_Advance_Variation
oaMug,2r3k1/p4pp1/4P1n1/r6p/N4P1P/1P1Q2P1/2B3q1/2KR4 b - - 0 33,g6e7 d3d8 c8d8 d1d8,1996,76,94,897,mate mateIn2 middlegame pillsburysMate sacrifice short,https://lichess.org/mhILKLN5/black#66,
oaclW,4r1k1/pp2r2p/6p1/2N5/2Pn1p2/3BnP1b/P1PB1K1P/4R1R1 w - - 4 22,c2c3 e3d1 e1d1 e7e2 d3e2 e8e2,2006,80,89,1406,clearance long mate mateIn3 middlegame pillsburysMate sacrifice,https://lichess.org/wh3otDiK#43,
ocAVT,2k5/1pp5/p7/6B1/P2b4/N4bP1/1PPr3P/3R2K1 w - - 4 32,g1f1 d2d1,1932,115,83,120,endgame hangingPiece mate mateIn1 oneMove pillsburysMate,https://lichess.org/phS5yaPD#63,
ocFES,6k1/4Bp1p/3R2p1/2p5/1p1b1PP1/1P6/1r5P/5K2 b - - 0 25,b2b3 d6d8 g8g7 e7f8 g7f6 d8d6,1917,77,95,9382,endgame long mate mateIn3 pillsburysMate,https://lichess.org/27PVExPL/black#50,
oj01j,8/1p2R1b1/pk4P1/5K2/6P1/1B6/P1P5/5r2 w - - 7 49,f5g5 g7f6 g5h6 f1h1,1956,93,78,42,endgame fork mate mateIn2 pillsburysMate short,https://lichess.org/Z7lfrRNQ#97,
oj36q,2kr4/pbpp1p1p/1p3B2/8/8/2NB4/PPP2PrP/R4RK1 w - - 0 15,g1h1 g2g1 h1g1 d8g8 d3g6 g8g6 f6g5 g6g5,2170,76,94,7569,attraction discoveredCheck doubleCheck fork mate mateIn4 middlegame pillsburysMate sacrifice veryLong,https://lichess.org/vtaLPs3h#29,Scotch_Game Scotch_Game_Other_variations
ojOYm,2r1k1Q1/4r1b1/p3P3/1p1q1p2/8/2B4R/1P4PK/8 b - - 2 39,g7f8 g8f8 e8f8 h3h8,2049,76,93,831,attraction mate mateIn2 middlegame pillsburysMate sacrifice short,https://lichess.org/qSDep5K5/black#78,
ojPzw,6k1/5pp1/4b2p/3p4/8/r1qBR1QP/5PPK/8 b - - 14 34,d5d4 g3b8 c3c8 b8c8 e6c8 e3e8,2135,81,89,816,endgame long mate mateIn3 pillsburysMate,https://lichess.org/gTFyqz9j/black#68,
olLWb,r4r1k/1p4pp/p2Qp3/1Bp5/8/1Pb4P/q1P2PP1/1KBR3R w - - 0 21,b1a2 a6b5 c1a3 a8a3 a2a3 f8a8 d6a6 a8a6,2136,77,95,3153,attraction discoveredAttack discoveredCheck hangingPiece mate mateIn4 middlegame pillsburysMate veryLong,https://lichess.org/M2SIC18B#41,
omO4W,7R/5R1P/3r1p2/5bpk/p7/P3p3/1P6/2K5 w - - 0 52,h8e8 d6c6 c1d1 f5g4 d1e1 c6c1,2018,78,81,117,endgame long mate mateIn3 pillsburysMate,https://lichess.org/IQODnNPa#103,
onnxl,8/5p1k/p3p2p/1p4p1/4b1P1/1P3nBQ/3r1P1P/2R2K2 w - - 9 37,c1c7 d2d1 f1e2 d1e1,1981,74,94,12214,endgame mate mateIn2 pillsburysMate short,https://lichess.org/3fsuOybN#73,
op4p4,8/5R1p/4pBpk/3p4/1b1P2N1/4P3/5PPP/1r1q1NK1 b - - 2 34,h6h5 f7h7 h5g4 h7h4 g4f5 h4f4,1931,77,82,232,long mate mateIn3 middlegame pillsburysMate sacrifice,https://lichess.org/vXWU6RAl/black#68,
opaUG,8/2R5/1k4p1/8/R4PP1/3n1b1P/3r4/5K2 w - - 11 44,c7c3 d2d1,1915,91,74,167,endgame mate mateIn1 oneMove pillsburysMate,https://lichess.org/dzzZNP9C#87,
opdF3,2n4r/4k1pp/p7/1p3b2/3RnB2/1B2PP2/P6P/6K1 b - - 0 31,e4c5 f4g5 e7f8 d4d8,1943,81,71,466,mate mateIn2 middlegame pillsburysMate short,https://lichess.org/LM1YThF8/black#62,
orDQy,8/6Rp/5P2/p7/5kP1/PbP3r1/1P6/2K5 w - - 1 44,f6f7 f4e3 f7f8q g3g1 f8f1 g1f1,2017,74,93,9079,endgame long mate mateIn3 pillsburysMate,https://lichess.org/fXSJYsYK#87,
osrk0,6k1/pp1n4/2pqN2p/3b1r1N/3b4/3P3P/PP1Q2B1/4R2K w - - 0 27,d2h6 d5g2 h1g2 f5f2 g2h1 f2h2,2005,156,29,9,attraction exposedKing long mate mateIn3 middlegame pillsburysMate,https://lichess.org/YPWBkWLh#53,
ovlCP,6k1/Rp1b4/4Np2/5Pp1/1P4PK/3r3P/3B4/8 w - g6 0 34,h4h5 d7e8 h5h6 d3h3,1929,80,92,2091,endgame mate mateIn2 pillsburysMate short,https://lichess.org/GQlAjXsA#67,
ozTCR,r4rk1/1b3pp1/p1p4p/1p1p2bQ/3q4/P1NB1R2/1PP3PP/4R2K b - - 1 19,b7c8 h5f7 f8f7 e1e8 f7f8 f3f8,2069,87,91,757,kingsideAttack long mate mateIn3 middlegame pillsburysMate sacrifice,https://lichess.org/BjuUbixg/black#38,
p0KZx,rr6/2R4p/4p1p1/p3Pk2/8/1p3PB1/P4PKP/8 b - - 1 41,b3b2 c7f7 f5g5 g3f4 g5h5 f7h7,2114,93,65,54,endgame long mate mateIn3 pillsburysMate,https://lichess.org/beD736AM/black#82,
p1UCh,3k4/R1r2p1p/2N1p1p1/1B1p2P1/1p3b2/7P/6K1/8 b - - 3 39,d8c8 a7a8 c8b7 a8b8,1907,79,90,3073,endgame mate mateIn2 pillsburysMate short,https://lichess.org/wy8FsHu9/black#78,
p3BsJ,1r1r4/bp1b1ppp/p3p1n1/3nk3/4N3/BP1B4/P4PPP/3RR1K1 b - - 12 29,f7f5 a3d6 e5d4 d3b1,1938,79,77,106,discoveredAttack discoveredCheck fork mate mateIn2 middlegame pillsburysMate short,https://lichess.org/dGkpelMQ/black#58,
p4DLt,2kr2r1/pp3p2/2b5/4q2p/8/5N2/PP1N1PPP/R4RK1 w - - 0 19,f3e5 g8g2 g1h1 g2g1 h1g1 d8g8 e5g4 g8g4,1969,133,69,26,attraction discoveredCheck doubleCheck mate mateIn4 middlegame pillsburysMate sacrifice veryLong,https://lichess.org/4I5fgV9q#37,
p8TwY,3Q1bk1/pp3p1p/2p3p1/5q2/P7/4B1PP/1Pr2PK1/4R3 b - - 2 26,c2b2 d8f8 g8f8 e3h6 f8g8 e1e8,2029,79,90,429,attraction endgame long master masterVsMaster mate mateIn3 pillsburysMate sacrifice,https://lichess.org/UIFrY41t/black#52,
pBvXi,7R/p6p/bn2N1p1/6Pk/8/r6P/3r2B1/4R1K1 b - - 2 37,h5h4 e1e4 h4g3 e4g4,2081,80,88,137,mate mateIn2 middlegame pillsburysMate short,https://lichess.org/pqVYe8l6/black#74,
pDJAd,2r1k2r/p2n1pp1/2p1p3/4P1B1/Q3pPpP/PN2q3/1PP5/1K1R4 b k - 3 22,d7b6 a4c6 e8f8 c6c8 b6c8 d1d8,2014,196,0,13,long master mate mateIn3 middlegame pillsburysMate sacrifice,https://lichess.org/Dv8kTJjW/black#44,
pIDhT,6k1/5Rp1/6Qp/p3P1bP/P1pr2K1/6B1/2P3P1/7q w - - 8 35,g4f3 h1d1 f3f2 d4d2,1953,77,96,5566,endgame mate mateIn2 pillsburysMate short,https://lichess.org/oS3GG9jG#69,
pIic4,1k1r2r1/pp1n1p1p/4pp2/3q4/2BP4/4Qb2/P4PPP/2R2RK1 w - - 0 21,c4d5 g8g2 g1h1 g2g1 h1g1 d8g8 e3g5 g8g5,2024,74,94,13455,attraction discoveredCheck doubleCheck kingsideAttack mate mateIn4 middlegame pillsburysMate sacrifice veryLong,https://lichess.org/VkAaI4wz#41,
pOFkl,1R2BR2/r5p1/4p1k1/p2nnp1p/7P/2p3P1/5P2/5K2 b - - 1 35,g6h7 f8h8 h7h8 e8g6,1904,76,95,12407,discoveredAttack discoveredCheck endgame master mate mateIn2 pillsburysMate sacrifice short,https://lichess.org/1MVWwYDc/black#70,
pOoVO,5r1k/p2b1pRp/r2pp2B/8/4P3/1PQ2P2/q6P/2KR4 b - - 1 25,f8c8 g7g8 h8g8 d1g1 a2g2 g1g2,1915,76,95,1497,attraction discoveredCheck doubleCheck long mate mateIn3 middlegame pillsburysMate sacrifice,https://lichess.org/V4IOItuF/black#50,
pOsEk,r4r2/p5Rp/2nb4/1kn1p3/2B5/1Pp1B3/6PP/R5K1 b - - 3 24,b5b4 g7b7 c5b7 a1a4,2148,74,95,9097,mate mateIn2 middlegame pillsburysMate sacrifice short,https://lichess.org/roo8jTGF/black#48,
pRdme,4k3/1pr1n1r1/p4RB1/2b5/2P5/6P1/PP2R2P/1K6 b - - 8 26,e8d8 f6f8 d8d7 g6e8 d7d6 f8f6,2105,82,91,1068,exposedKing long mate mateIn3 middlegame pillsburysMate,https://lichess.org/5UXsPwqP/black#52,
pSvPy,1nb1r3/p4kpp/1p1Q4/2p5/5B2/1N4P1/PPP1qP1P/RN3RK1 w - - 0 16,d6b8 e2f1 g1f1 c8h3 f1g1 e8e1,2076,78,92,6088,attraction kingsideAttack long mate mateIn3 middlegame pillsburysMate sacrifice,https://lichess.org/cPj5jMAQ#31,Hungarian_Opening Hungarian_Opening_Other_variations
pUg5M,kr5b/8/3p3p/pr1P3P/1P2B1P1/PK1R4/3R4/8 w - - 0 48,b3c4 b5b4 a3b4 b8b4,2002,98,84,88,endgame mate mateIn2 pillsburysMate sacrifice short,https://lichess.org/gxdqUixD#95,
pZodV,r1b1r2k/pp3Bpp/8/8/1P1pp3/6P1/P4PP1/2KR3R b - - 1 21,e8e7 h1h7 h8h7 d1h1 c8h3 h1h3,1908,82,84,64,attraction endgame long mate mateIn3 pillsburysMate sacrifice,https://lichess.org/VzaRCPim/black#42,
pa19d,r1q5/1p2R1k1/p1p4r/3p1P1B/1P4n1/6B1/P1P5/R5K1 b - - 1 28,g7f6 g3h4 f6f5 a1f1 g4f2 f1f2,2092,74,94,13175,exposedKing long mate mateIn3 middlegame pillsburysMate,https://lichess.org/90b7rKB7/black#56,
pb5Xg,8/2R4B/2n4R/1bkp2N1/5pP1/2p5/K4r1P/8 w - - 1 44,a2b3 b5c4 b3a4 f2a2,2058,76,86,174,mate mateIn2 middlegame pillsburysMate short,https://lichess.org/FKKX4SHg#87,
pbghZ,3r1kb1/p3p1nQ/6p1/q1p1P3/6P1/2N2P2/1PP5/2K2B1R w - - 0 24,h7g6 a5a1 c3b1 a1b1 c1b1 d8d1,1947,75,94,11765,attraction long mate mateIn3 middlegame pillsburysMate queensideAttack sacrifice,https://lichess.org/9VhBiNjC#47,
pgQGM,2r4k/6rp/p1b2p2/1pn1Q3/8/2P1P3/PP3PPP/R4RK1 w - - 0 25,e5c5 g7g2 g1h1 g2g1 h1g1 c8g8 c5g5 g8g5,2064,99,58,33,attraction discoveredCheck doubleCheck endgame mate mateIn4 pillsburysMate sacrifice veryLong,https://lichess.org/lpksKLby#49,
pgS6u,3r2k1/p6p/4N3/4Q3/2Ppb1q1/P5P1/5P1P/3R2K1 w - - 7 37,d1d4 g4d1 d4d1 d8d1,1921,76,96,3693,endgame mate mateIn2 pillsburysMate sacrifice short xRayAttack,https://lichess.org/38zlIZ9c#73,
pnXi6,3kr3/p1p5/1p3p2/2bP1b2/4NQ1p/6Pq/PPB2P1P/5RK1 w - - 0 23,e4c5 h3f1 g1f1 f5h3 f1g1 e8e1,2134,75,95,622,attraction kingsideAttack long mate mateIn3 middlegame pillsburysMate sacrifice,https://lichess.org/On3S4UfK#45,
prjUk,2kr2rb/ppp4p/3pqp1n/1P6/2P2N2/4Pb2/P2B1PPP/R2Q1RK1 w - - 0 17,f4e6 g8g2 g1h1 g2g1 h1g1 d8g8 e6g5 g8g5,2099,77,95,5265,attraction discoveredCheck doubleCheck kingsideAttack mate mateIn4 middlegame pillsburysMate sacrifice veryLong,https://lichess.org/F65uDigR#33,Englund_Gambit_Complex Englund_Gambit_Complex_Englund_Gambit
pskJX,2k3rr/1p1nn3/1PpR4/3pB2q/3P2pp/1NP5/Q5PP/6K1 b - - 0 30,g4g3 a2a8 d7b8 a8b8 c8b8 d6d8,2155,78,95,1328,attraction discoveredCheck doubleCheck long mate mateIn3 middlegame pillsburysMate queensideAttack sacrifice,https://lichess.org/wc6J5ewC/black#60,
psn54,r3n2k/2p3pp/p7/2qBN2P/8/bP6/2P2P2/1K1R3R b - - 2 30,e8d6 e5g6 h7g6 h5g6,1974,74,95,17586,discoveredAttack discoveredCheck mate mateIn2 middlegame pillsburysMate sacrifice short,https://lichess.org/V96uSvrt/black#60,
pso9L,3r2k1/pPp2ppp/4rn2/5b2/1qP5/4QP2/PP1N2PP/2KR1BNR w - - 0 15,e3a7 b4d2 d1d2 e6e1 d2d1 e1d1,2181,86,76,132,long mate mateIn3 middlegame pillsburysMate sacrifice,https://lichess.org/B26nSind#29,Scandinavian_Defense Scandinavian_Defense_Portuguese_Gambit
pwPtD,r1b2k1r/pppp2Rp/3n1p1B/3P4/8/2P5/P2n1PPP/4R1K1 b - - 3 20,d6f7 g7g8 f8g8 e1e8,1992,76,96,8389,attraction discoveredCheck doubleCheck mate mateIn2 middlegame pillsburysMate sacrifice short,https://lichess.org/aKjmfC59/black#40,
pwc65,5rk1/5pp1/p4n1p/1p6/1P6/P3PQ2/1q1r2PP/1BR2RK1 b - - 3 23,f6d5 f3f7 f8f7 c1c8 f7f8 f1f8,2074,78,95,8604,kingsideAttack long mate mateIn3 middlegame pillsburysMate sacrifice,https://lichess.org/1WCgNlDG/black#46,
pzxqE,1r4r1/p3kp2/2pbpp2/1q1p4/N2Pb3/1P2PN1P/P4PP1/2RQ2KR w - - 3 19,a4c3 g8g2 g1g2 b8g8,1929,76,95,5273,attraction kingsideAttack master mate mateIn2 middlegame pillsburysMate sacrifice short,https://lichess.org/UHQPHp8h#37,
q01Za,5r1k/6rp/p7/1p1BNPb1/4P3/PKPq4/1P5R/7R b - - 0 37,d3g3 e5g6 g7g6 h2h7,1987,90,74,91,deflection mate mateIn2 middlegame pillsburysMate pin sacrifice short,https://lichess.org/4WHEmKYO/black#74,
q0TMq,3rr1k1/ppp2p1p/6p1/5b2/2Bn4/B1Q5/1P1K1PPP/q2R2NR w - - 0 16,d1a1 d4b3,1953,79,88,238,discoveredCheck doubleCheck mate mateIn1 middlegame oneMove pillsburysMate,https://lichess.org/1GjT28eg#31,Grunfeld_Defense Grunfeld_Defense_Stockholm_Variation
q0xK7,8/2r3k1/p5p1/2qb2b1/4p1P1/P2p2R1/1P4QP/1K1R3B w - - 2 37,g3d3 c5c1 d1c1 c7c1,1905,75,96,1117,mate mateIn2 middlegame operaMate pillsburysMate sacrifice short,https://lichess.org/dWo4gKY0#73,
q16Mu,2k5/1p3R1p/p3B3/2B1nPP1/4b3/1P6/r7/5K2 b - - 2 34,c8d8 f7f8 d8c7 f8c8,2161,80,95,14466,endgame master mate mateIn2 operaMate pillsburysMate short,https://lichess.org/FuHR6yaW/black#68,
q29mi,4rk1r/1p4bp/p1b1BRp1/3N4/8/4B3/PPP3PP/3R2K1 b - - 0 18,g7f6 e3h6 f6g7 d1f1,2009,141,0,14,mate mateIn2 middlegame pillsburysMate pin short,https://lichess.org/xaeurs4V/black#36,Sicilian_Defense Sicilian_Defense_Other_variations
q3HcN,6k1/pbqr1p1p/1pp3p1/4b1B1/3r3P/P3Q1P1/1P3P2/RB2R1K1 b - - 5 23,e5g7 e3e8 g7f8 e8f8 g8f8 g5h6 f8g8 e1e8,2083,75,93,460,attraction kingsideAttack mate mateIn4 middlegame pillsburysMate sacrifice veryLong,https://lichess.org/BYKAy2lt/black#46,
q5dko,6k1/5pp1/4rb2/2Pr3p/PPR2K1P/8/4NPP1/7R w - - 1 26,e2g3 g7g5 h4g5 f6g5 f4f3 d5d3,1938,76,87,81,endgame long mate mateIn3 pillsburysMate,https://lichess.org/1qrjjbaJ#51,
qBPLu,r2r2k1/2qbb1p1/ppnpR2p/7P/2Q2P2/1B6/P1PB2P1/1R4K1 b - - 0 26,b6b5 e6h6 b5c4 b3c4 d6d5 c4d5 d7e6 d5e6 g8f8 h6h8,2151,78,93,5673,discoveredAttack discoveredCheck kingsideAttack mate mateIn5 middlegame pillsburysMate sacrifice veryLong,https://lichess.org/sFygzsDA/black#52,
qCS4d,8/pb2k2p/1p6/1r1ppB2/K1r5/5P2/P2R2PP/3R4 w - - 3 28,a4b5 b7c6 b5a6 c4a4,1903,75,97,2546,endgame mate mateIn2 pillsburysMate short,https://lichess.org/tmMB9sUM#55,
qCdj7,r1b1r1k1/ppp2p2/6pR/6P1/8/2Bpp3/PPP2b2/2KR4 b - - 1 22,g8f8 c3f6 d3d2 c1b1 e3e2 h6h8,2035,76,95,10566,long mate mateIn3 middlegame pillsburysMate quietMove,https://lichess.org/jSmdagFZ/black#44,
qDMuG,3r2r1/p4p1p/1pp5/8/3BB3/3R3P/1PP1k3/1K6 b - - 9 35,c6c5 e4f3 e2e1 d3d1,1930,75,95,17474,endgame mate mateIn2 operaMate pillsburysMate short,https://lichess.org/6je9f2Mv/black#70,
qDaZt,3rr3/p1p1b3/PpPpk3/1PPRp1p1/4Pp2/1B3PpP/6P1/R5K1 b - - 0 57,b6c5 d5d6 e6d6 a1d1,2064,76,83,178,attraction discoveredCheck doubleCheck endgame mate mateIn2 pillsburysMate sacrifice short,https://lichess.org/nUmQzrfL/black#114,
qDe7Q,3r1k2/p3RB1p/6p1/2b2b2/2P5/5RP1/7P/7K w - - 1 33,e7c7 d8d1 h1g2 d1g1,1932,79,92,1553,endgame mate mateIn2 operaMate pillsburysMate short,https://lichess.org/uPAB6i5B#65,
qEuZz,Qnkr4/1pp2pNp/2q2n2/3b4/5P2/2B1r2P/1PP3P1/2KR1B1R w - - 3 19,c3f6 c6c2 c1c2 d5b3 c2b1 d8d1,2121,79,86,366,attraction discoveredAttack long mate mateIn3 middlegame pillsburysMate queensideAttack sacrifice,https://lichess.org/Yp9nFPel#37,Kings_Gambit_Declined Kings_Gambit_Declined_Falkbeer_Countergambit
qFiJW,2r2rk1/pp1n1ppp/4pn2/4B3/3PQP2/8/PPP4P/2KR2R1 b - - 0 18,f6e4 g1g7 g8h8 g7g8 h8g8 d1g1 e4g5 g1g5,2095,79,84,193,attraction discoveredCheck doubleCheck kingsideAttack mate mateIn4 middlegame pillsburysMate sacrifice veryLong,https://lichess.org/UiYQQqbk/black#36,Caro-Kann_Defense Caro-Kann_Defense_Classical_Variation
qFo9c,2k2b1r/ppp5/5p2/4pb2/2P3p1/1P2B1Q1/P3NPP1/5qK1 w - - 0 24,g1f1 h8h1 e2g1 f5d3 f1e1 f8b4 e1d1 h1g1,1968,75,94,11341,endgame mate mateIn4 pillsburysMate pin veryLong,https://lichess.org/liRHgQ54#47,
qLYoR,8/pp4k1/2pb1n1r/3p1BK1/3P3p/2N4P/PPP3P1/4RR2 w - - 4 27,f5g4 f6h7 g5f5 h6f6,2008,78,81,357,mate mateIn2 middlegame pillsburysMate short,https://lichess.org/5obpg4gI#53,
qPWKr,r4b1r/7k/6b1/p1PpPBR1/7p/4B2q/PP3P1P/3Q3K b - - 0 30,g6f5 d1h5 f8h6 h5f7 h6g7 g5g7,1956,76,97,2510,exposedKing long mate mateIn3 middlegame pillsburysMate,https://lichess.org/ktfrQLB9/black#60,
qQlWa,4Qbk1/5p1p/p2p4/2q4p/2B5/4B1Pb/7P/4R1K1 b - - 2 39,c5c4 e8f8 g8f8 e3h6 f8g8 e1e8,1918,78,79,118,attraction endgame long mate mateIn3 pillsburysMate sacrifice,https://lichess.org/TQAN19Fe/black#78,
qR86O,4rb2/1p6/1k6/3p4/R2N4/1P1K4/1P1B2r1/8 b - - 3 31,f8c5 d2a5 b6a7 a5c7,1902,78,92,5876,discoveredAttack discoveredCheck endgame mate mateIn2 pillsburysMate short,https://lichess.org/NOfNovTC/black#62,
qSQhH,r1b1k2r/ppp1n1pp/8/2q5/2B2Q2/8/PPP2PPP/2KR3R b kq - 0 16,h8f8 f4f8 e8f8 d1d8,2146,78,95,6166,attraction mate mateIn2 middlegame pillsburysMate sacrifice short,https://lichess.org/MflR4sxJ/black#32,Latvian_Gambit_Accepted Latvian_Gambit_Accepted_Leonhardt_Variation
qUNL6,2k2b1r/1pp2ppp/p1n2nq1/1N4N1/Q7/4B3/PP3PPP/3R2K1 b - - 5 16,a6b5 a4a8 c6b8 a8b8 c8b8 d1d8,2124,78,82,372,attraction long mate mateIn3 middlegame pillsburysMate queensideAttack sacrifice,https://lichess.org/Uf6svdWY/black#32,Scandinavian_Defense Scandinavian_Defense_Icelandic-Palme_Gambit
qUhAg,2br2k1/2Q2pp1/2p2b1p/p2p3N/8/P2B1P2/1qP3PP/4R2K b - - 1 26,b2c3 c7d8 f6d8 e1e8,2018,78,84,446,kingsideAttack mate mateIn2 middlegame pillsburysMate sacrifice short,https://lichess.org/jmtwFyqO/black#52,
qXAHb,4r1r1/1p5k/p6p/2pb4/2P2P1R/P1B1p3/1P5P/R1Q3K1 w - - 0 30,g1f1 d5c4 f1e1 g8g1,2160,82,86,667,mate mateIn2 middlegame pillsburysMate short,https://lichess.org/839DBueu#59,
qYxDA,r4bk1/5p2/3p2p1/3q3p/bp1N2PP/5P2/PP1Q4/1KR1R3 w - - 0 24,g4h5 d5a2 b1a2 a4c2,1963,83,91,3167,discoveredAttack discoveredCheck mate mateIn2 middlegame pillsburysMate queensideAttack sacrifice short,https://lichess.org/zujsxgA3#47,
qZLQW,r4r1k/4RBpp/3q4/pp6/4QR2/P6b/1P3P1P/4K3 b - - 1 34,d6d8 e4h7 h8h7 f4h4,1938,91,70,59,attraction mate mateIn2 middlegame pillsburysMate sacrifice short,https://lichess.org/Cu3akRBJ/black#68,
qgNfQ,5rk1/1p2R2p/3Q2p1/3P1b2/2Pq4/1P4P1/5rB1/4R1K1 w - - 9 36,d6e5 f2f1 g1f1 f5d3,1955,82,39,72,attraction discoveredCheck doubleCheck mate mateIn2 middlegame pillsburysMate sacrifice short,https://lichess.org/5E1MCEAz#71,
qhJ3J,r3r1k1/3n2p1/2p3p1/p7/2BPqB1R/1p2P3/5P2/2R2K2 b - - 5 32,g8f8 f4d6 e4e7 h4h8,1913,79,69,132,mate mateIn2 middlegame pillsburysMate pin short,https://lichess.org/HeSH43lr/black#64,
qks39,r7/pp1Nkp1p/2p5/8/3P1P2/1Q2Pb2/PP3PrP/R4R1K w - - 1 20,e3e4 g2g1 h1g1 a8g8,2002,80,91,991,attraction discoveredCheck doubleCheck mate mateIn2 middlegame pillsburysMate sacrifice short,https://lichess.org/z6ZHxdgD#39,
qmYiW,r5k1/1b3pp1/1p2p2p/p1p1N2q/2P3nP/P2Q2P1/1PBR1P2/6K1 b - - 3 26,h5e5 d3d8 a8d8 d2d8,1929,205,41,16,kingsideAttack mate mateIn2 middlegame pillsburysMate sacrifice short,https://lichess.org/huD8VJrO/black#52,
qnk2z,4rk2/ppp1n1pp/2n2q2/4NQ2/2BP4/B1P5/P1P3PP/4R1K1 b - - 0 19,f6f5 e5d7 f5d7 e1f1 d7f5 f1f5,2125,84,91,318,long mate mateIn3 middlegame pillsburysMate pin sacrifice,https://lichess.org/iDS4LNp8/black#38,Kings_Gambit_Declined Kings_Gambit_Declined_Falkbeer_Countergambit_Accepted
qo7Mk,7k/p4p1p/1bb4B/4Np2/5K2/2P5/P4r1P/R5R1 w - - 0 25,f4g5 b6d8 g5h5 f2h2,1921,80,91,1706,mate mateIn2 middlegame pillsburysMate short,https://lichess.org/3LrBvLoN#49,
qoGDg,6r1/1pp2B2/p1b1p3/6k1/3Nn1p1/8/PP4K1/5R2 b - - 3 36,g8f8 d4e6 g5h6 f1h1,1934,87,71,54,endgame fork master mate mateIn2 pillsburysMate short,https://lichess.org/YvZ3nE4h/black#72,
qqoRO,3r4/k5pp/PR3p2/1B2r3/8/4BK2/P6b/8 b - - 0 29,a7a8 b5c6 a8a7 b6b7 a7a6 b7a7,1976,78,95,2228,discoveredCheck doubleCheck endgame exposedKing long mate mateIn3 operaMate pillsburysMate,https://lichess.org/7YZOz20A/black#58,
qsVnM,2r3k1/p4pp1/3B4/4P2p/Q4P2/5qPb/P1R4P/2R4K w - - 6 36,h1g1 f3e3 g1h1 e3c1 c2c1 c8c1 a4d1 c1d1,2066,75,94,2853,mate mateIn4 middlegame pillsburysMate veryLong xRayAttack,https://lichess.org/PPmNfrke#71,
qw4GO,8/1R4k1/4Bn1p/2p1N1p1/5p2/2q4P/5PP1/6K1 b - - 1 35,g7f8 e5g6 f8e8 b7b8,1959,78,88,1304,endgame master mate mateIn2 pillsburysMate short,https://lichess.org/y5oaasqM/black#70,
r2erv,r4rk1/pp2bppp/2n1p3/4n3/2P5/1P1B1P2/PBKN1P1P/R5R1 b - - 9 14,e5d3 g1g7 g8h8 g7g8 h8g8 a1g1 e7g5 g1g5,2139,87,91,1717,attraction discoveredCheck doubleCheck kingsideAttack mate mateIn4 middlegame pillsburysMate sacrifice veryLong,https://lichess.org/LHGaJPQI/black#28,Scandinavian_Defense Scandinavian_Defense_Panov_Transfer
r4pqu,2brrk2/pp3QpB/1np2q1p/4NP2/3P4/2P5/PP4PP/4RRK1 b - - 0 22,f6f7 e5g6 f7g6 f5g6 c8f5 f1f5,1985,75,69,128,discoveredAttack discoveredCheck long mate mateIn3 middlegame pillsburysMate,https://lichess.org/8lfazS2c/black#44,
r5bAD,4kb1r/3rnpp1/7p/8/4N3/6B1/PPq2P1P/R3R1K1 b k - 1 23,e7d5 e4f6 e8d8 e1e8,1929,79,82,333,discoveredCheck doubleCheck mate mateIn2 middlegame pillsburysMate short,https://lichess.org/swKsjnRn/black#46,
r6l9Q,8/1r6/7P/3pB3/p1bP3R/4k3/2K5/8 w - - 6 53,h6h7 c4d3 c2c3 b7b3,2042,76,85,555,endgame master mate mateIn2 pillsburysMate short,https://lichess.org/M5V5NdSv#105,
rA0zi,4r1k1/3b1rBp/p1pQ4/1pR5/1P6/P5Pq/5P1P/5RK1 w - - 1 35,g7b2 h3f1 g1f1 d7h3 f1g1 e8e1,1952,77,93,6654,attraction long mate mateIn3 middlegame pillsburysMate sacrifice,https://lichess.org/BShyGbOf#69,
rBXF8,r6r/ppp2P1p/2kb2np/3N4/PPB5/5P1b/2P2P1P/R3R1K1 b - - 0 18,g6h4 c4b5 c6d5 a1d1,1914,75,94,10463,master mate mateIn2 middlegame pillsburysMate sacrifice short,https://lichess.org/rnqrKbUr/black#36,Four_Knights_Game Four_Knights_Game_Halloween_Gambit
rBZMn,2R5/6pk/2N2r2/3p3P/1p1P4/p1bN4/2P5/1K6 w - - 0 40,c6e5 a3a2 b1a2 f6a6 a2b3 a6a3,2184,85,52,69,advancedPawn attraction endgame long mate mateIn3 pillsburysMate,https://lichess.org/Pc17farw#79,
rCHsX,6k1/pp4pp/2p1r3/3n4/3B4/1P1r3q/P1K3R1/3Q2R1 b - - 5 31,d3d1 g2g7 g8f8 g7g8 f8e7 g1g7 e7d6 g8d8,2086,77,95,1439,epauletteMate mate mateIn4 middlegame pillsburysMate veryLong,https://lichess.org/EqbI6tQy/black#62,
rGHVU,3Q4/5pkp/1R2b1p1/8/2P1r3/6P1/P4P1P/4qBK1 w - - 1 36,b6b8 e1f1 g1f1 e6h3 f1g1 e4e1,1921,74,88,2699,attraction endgame long mate mateIn3 pillsburysMate sacrifice,https://lichess.org/TRd5FGHP#71,
rJ939,1k6/1p3p2/p3p2p/3pP3/1Krb4/3b2Q1/P5PP/3R3R w - - 5 31,b4b3 d3c2 b3a3 c4a4,1936,79,92,2095,endgame fork master mate mateIn2 operaMate pillsburysMate short,https://lichess.org/eCzGXiMC#61,
rMp6w,4r3/2R3pp/7n/r4p2/1pkN1B2/2p5/5PPP/R5K1 b - - 1 30,c4d4 a1d1 d4e4 c7c4,1981,83,92,8565,endgame mate mateIn2 pillsburysMate short,https://lichess.org/JqN1nsV6/black#60,
rNhnE,r1bq2k1/pp1n2p1/4p1Qp/3pP3/3P4/2PB4/PP4PP/5RK1 b - - 0 19,d7f8 g6f7 g8h8 f7f8 d8f8 f1f8,1998,79,92,3956,deflection kingsideAttack long mate mateIn3 middlegame pillsburysMate,https://lichess.org/hm753N7T/black#38,Queens_Pawn_Game Queens_Pawn_Game_Krause_Variation
rNkkw,3r1r1k/5R2/p2b2Bp/1p2B3/3p4/1P5P/P4qPK/3R4 b - - 5 35,h8g8 f7g7 g8h8 g7h7 h8g8 h7h8,1908,150,55,12,discoveredCheck doubleCheck exposedKing long mate mateIn3 middlegame operaMate pillsburysMate,https://lichess.org/2r6fwgyf/black#70,
rPCxC,1kr1N3/1b3pNp/p2p4/P7/2q5/3p3Q/1P3R2/R4K2 w - - 2 34,e8d6 c4c1 a1c1 c8c1,2000,78,84,614,mate mateIn2 middlegame pillsburysMate sacrifice short,https://lichess.org/fRHDPWDu#67,
rQQuI,1kr4r/p1qb4/3pp1pp/1P3nB1/N1Pb1P2/3B4/3Q2PP/1R3R1K w - - 0 25,b5b6 f5g3 h2g3 h6g5,1932,77,92,1225,discoveredAttack discoveredCheck kingsideAttack mate mateIn2 middlegame pillsburysMate short,https://lichess.org/H04eveGU#49,
rRtOd,5rk1/1p3ppp/3Br3/1N6/2P4q/1P1p1P2/P2P1bPP/1BR2Q1K w - - 3 24,d6f8 h4h2 h1h2 e6h6,1916,79,88,1500,attraction kingsideAttack mate mateIn2 middlegame pillsburysMate sacrifice short,https://lichess.org/TReuzYa1#47,
rSsuS,3r3r/2R5/1R1pkn1p/p4P2/1b2p1P1/4B3/P1P4P/7K b - - 0 29,e6d5 c2c4 d5e5 c7e7,1983,97,82,36,mate mateIn2 middlegame pillsburysMate short,https://lichess.org/PRK3ucdW/black#58,
rTHHU,r1b2k2/p4ppQ/2p1r3/6b1/3q1P2/3B4/PPP3PP/4RR1K b - - 2 19,e6h6 h7g8 f8g8 e1e8,2041,75,94,1586,attraction mate mateIn2 middlegame pillsburysMate sacrifice short,https://lichess.org/NbIENRg2/black#38,
rTmNY,3R4/3k1p1p/5Bp1/1p2P3/2b5/1r1p3P/5PPK/8 b - - 9 41,d7e6 g2g4 d3d2 d8d6,2015,78,89,1097,endgame mate mateIn2 pillsburysMate quietMove short,https://lichess.org/L5LsvfPe/black#82,
rVLYA,8/5pk1/pb6/4BP2/Pp2N3/3n1K2/1r3P2/2q3R1 b - - 1 41,g7f8 e5d6 f8e8 e4f6 e8d8 g1g8,1935,75,93,570,long master mate mateIn3 middlegame pillsburysMate,https://lichess.org/PXw8Pb4y/black#82,
rYc0i,r4qk1/4p2p/3p2p1/pBpP1r1n/P2b1P2/2N5/1PPBQ1PP/R4R1K w - - 7 22,a1e1 h5g3 h2g3 f8h6 e2h5 f5h5,2116,79,91,1382,kingsideAttack long mate mateIn3 middlegame pillsburysMate sacrifice,https://lichess.org/cgPFAblW#43,
rZDGR,8/1pp2r1k/p6R/6B1/5pRP/P7/6PK/3q1r2 b - - 7 39,h7g8 g5f6 f7g7 g4g7 g8f8 h6h8,2060,87,80,33,discoveredAttack discoveredCheck endgame exposedKing long mate mateIn3 pillsburysMate,https://lichess.org/gL9e6sAv/black#78,
rZtzH,3rr2k/1Q3p1p/p7/2b3R1/8/1P2p3/P5PP/4RK2 w - - 0 27,b7f7 e3e2 e1e2 d8d1 e2e1 d1e1,2011,79,81,238,advancedPawn endgame long mate mateIn3 pillsburysMate,https://lichess.org/WSY0whv9#53,
rdvBD,5rk1/1Qp2ppp/2Pp2q1/8/1P1NP3/6Pb/r4P1P/2R1R1K1 w - - 3 28,c1c2 g6e4 e1e4 a2a1 c2c1 a1c1 e4e1 c1e1,1970,74,96,7023,kingsideAttack mate mateIn4 middlegame pillsburysMate sacrifice veryLong,https://lichess.org/MDIqz8h6#55,
rh2ww,1r2r3/8/1p1p4/p1pPppkp/2P1P3/1PP3P1/3B1K1P/R7 b - - 0 35,g5g4 h2h3 g4h3 a1h1 h3g4 h1h4,2104,82,95,18876,attraction endgame long mate mateIn3 pillsburysMate,https://lichess.org/nqUS2ntB/black#70,
rhg7d,k2N4/2Rb2r1/3p1p2/p4q1p/8/P3BP1P/1P4P1/2R3K1 b - - 2 45,f5f3 c7c8 d7c8 c1c8,2006,76,95,814,mate mateIn2 middlegame pillsburysMate sacrifice short,https://lichess.org/uZe9HOAe/black#90,
rialM,8/2r5/8/p3p3/1rPbPp2/6kR/1p2B1P1/1R5K b - - 3 49,g3f2 e2d3 f4f3 h3f3,1969,86,82,144,endgame mate mateIn2 pillsburysMate quietMove short,https://lichess.org/R9Km71yA/black#98,
rlNwU,r5r1/pb2k2p/8/2p5/4N3/3P4/PP3PPP/R4RK1 w - - 2 24,e4c5 g8g2 g1h1 g2g1 h1g1 a8g8,2157,80,93,3276,attraction discoveredCheck doubleCheck endgame long mate mateIn3 pillsburysMate sacrifice,https://lichess.org/Tb3THTEp#47,
rndAC,1Q6/8/2b2k2/p5p1/P7/1P1r3K/5P1P/8 w - - 5 50,h3g4 c6d7 g4h5 d3h3,1934,83,82,197,endgame master mate mateIn2 pillsburysMate short,https://lichess.org/l38szQde#99,
rqDo7,2r1r1k1/1Q3ppp/p5q1/3P4/8/2N1nbP1/PP3P1P/1R2R1K1 w - - 0 25,e1e3 g6b1 c3b1 c8c1 e3e1 c1e1,1964,75,82,144,fork long mate mateIn3 middlegame pillsburysMate sacrifice,https://lichess.org/4UvBc0mp#49,
rrS1y,3r1rk1/1b2bp1B/p1q1pR2/6Np/1p1B2n1/1P6/PNP1R1PP/6K1 b - - 1 28,g8g7 f6g6,1938,81,91,1792,discoveredCheck doubleCheck epauletteMate mate mateIn1 middlegame oneMove operaMate pillsburysMate vukovicMate,https://lichess.org/APPIeQfO/black#56,
rsgvH,2kN4/pp4p1/7r/4P3/3n4/2bb4/PP3PPP/R5KR w - - 5 21,b2c3 d4f3 g2f3 h6g6,2070,89,89,72,endgame mate mateIn2 pillsburysMate sacrifice short,https://lichess.org/UAaBGuAM#41,
rt7W5,2k5/pppq1p1p/3p1p1r/3P3b/P1B1P3/1Q3NRP/1P3b1K/R7 w - - 0 23,g3g2 d7h3 h2h3 h5f3,1947,117,85,70,discoveredAttack discoveredCheck mate mateIn2 middlegame pillsburysMate sacrifice short,https://lichess.org/C79SbO8K#45,
rtjF7,7r/ppr3RP/4pp1B/5k2/7R/P1pP4/2K5/8 b - - 13 34,h8h7 h4h5,1921,83,90,1262,endgame master masterVsMaster mate mateIn1 oneMove pillsburysMate,https://lichess.org/TOm7njZ4/black#68,
s2sGM,6r1/1pk5/p1bpp2r/5pNp/2NP4/3BP3/1P3PPP/R4RK1 w - - 1 24,g5f7 g8g2 g1h1 g2g1 h1g1 h6g6 f7g5 g6g5,2161,87,89,543,attraction discoveredCheck doubleCheck kingsideAttack mate mateIn4 middlegame pillsburysMate sacrifice veryLong,https://lichess.org/ovCOjt7O#47,
s3zXC,8/2p3k1/p1p2r2/P2pN3/1PPPbbp1/7p/5P2/R3QRK1 w - - 3 34,e5g4 h3h2 g4h2 f6g6 h2g4 g6g4,2000,81,91,1668,advancedPawn long mate mateIn3 middlegame pillsburysMate,https://lichess.org/ihfiUG0v#67,
s89H5,6rr/2k5/p2q4/1p1PNp2/7b/P2P4/2P1QPP1/3RR1K1 w - - 1 26,e5f7 d6h2 g1h2 h4f2 f7h8 g8h8 e2h5 h8h5,1907,75,95,15251,discoveredAttack discoveredCheck mate mateIn4 middlegame pillsburysMate sacrifice veryLong,https://lichess.org/Mpp7fNz7#51,
s9Pwp,1r5r/pb2R3/6k1/3B2B1/8/2N3N1/PPP2bPP/7K w - - 3 27,e7b7 h8h2 h1h2 b8h8 b7h7 h8h7 g3h5 h7h5 g5h4 h5h4,2030,77,96,3224,attraction fork mate mateIn5 middlegame pillsburysMate sacrifice veryLong,https://lichess.org/7LdBzU3M#53,
sF19g,5k2/7R/2pNB3/8/2K5/1P2b3/6P1/2r5 w - - 7 49,c4b4 e3c5 b4a5 c1a1,1907,77,91,2998,endgame fork mate mateIn2 pillsburysMate short,https://lichess.org/D4yRByVd#97,
sIimB,5rk1/6p1/6K1/4P1Bp/1Q3P1P/p3r1q1/8/1R6 b - - 3 51,a3a2 b4f8 g8f8 b1b8,1946,79,91,465,attraction endgame mate mateIn2 pillsburysMate sacrifice short,https://lichess.org/1DbrWUZk/black#102,
sInSb,8/2R5/p3R2p/1b3k2/1P1b4/P5P1/3r1P1P/6K1 w - - 5 32,e6h6 d2d1 g1g2 b5f1 g2f3 d1d3,2085,98,86,172,endgame long mate mateIn3 pillsburysMate,https://lichess.org/mc1fHpcH#63,
sKMcE,3r1rk1/ppq2p1p/6p1/8/2pP2b1/Q5P1/PP1B1PBP/4R1K1 b - - 0 23,d8d4 a3f8 g8f8 d2h6 f8g8 e1e8,1926,73,95,15571,attraction kingsideAttack long mate mateIn3 middlegame pillsburysMate sacrifice,https://lichess.org/bGhxqq7x/black#46,
sKRRL,3r2nr/6R1/1k6/pp2P2p/P7/1P2K3/3N2B1/8 b - - 0 38,g8h6 g7b7 b6c5 b7b5,1929,79,79,87,endgame mate mateIn2 pillsburysMate short,https://lichess.org/sJUkyECm/black#76,
sKT0Y,5rk1/3p3p/pq2P1pb/1p3nN1/1pr4P/5Q2/PBP2P2/2R1R1K1 b - - 0 23,f5h4 f3f7 f8f7 e6f7 g8f8 e1e8,2018,76,95,15288,advancedPawn collinearMove kingsideAttack long mate mateIn3 middlegame pillsburysMate sacrifice,https://lichess.org/enjzlt4T/black#46,
sN4NN,r1q4r/p2p1pkp/1p3Np1/2b3B1/7R/6P1/1P3P1P/4R1K1 b - - 7 23,c8d8 g5h6 g7f6 h4f4,2065,82,92,3345,mate mateIn2 middlegame pillsburysMate sacrifice short,https://lichess.org/IZ4V9MnF/black#46,
sNVhJ,1k4rr/pbp2p2/1p3b1p/1P3Q2/P1pPN3/2q1P3/5PPP/R4RK1 w - - 0 22,e4c3 g8g2 g1h1 g2g1 h1g1 h8g8 f5g4 g8g4,2083,83,88,69,attraction discoveredCheck doubleCheck kingsideAttack mate mateIn4 middlegame pillsburysMate sacrifice veryLong,https://lichess.org/eELpcyVs#43,
sNuzK,1k4nr/pb3p2/1p3q1p/n5p1/3B4/6P1/5PBP/2RR2K1 b - - 1 25,f6e7 d4e5 e7e5 d1d8 b7c8 c1c8,2019,79,86,861,clearance long mate mateIn3 middlegame pillsburysMate queensideAttack sacrifice,https://lichess.org/Qlwr9r3J/black#50,
sO55k,1r3r2/6bk/2Q5/6pp/8/2N5/PPP1q3/1KRR4 w - - 0 38,c3e2 b8b2 b1a1 b2b1 a1b1 f8b8 c6b7 b8b7,2141,77,93,10575,attraction discoveredCheck doubleCheck mate mateIn4 middlegame pillsburysMate sacrifice veryLong,https://lichess.org/5zzllmvS#75,
sQCph,q2r2k1/4P1pp/pp6/4N2B/P7/5R2/3r3P/6K1 b - - 3 33,d8e8 h5f7 g8h8 e5g6 h7g6 f3h3,2144,81,85,92,endgame fork long mate mateIn3 pillsburysMate sacrifice,https://lichess.org/1VQ5gAdZ/black#66,
sQWOq,r5k1/pp1bQ1p1/4p2p/8/4B3/4q1P1/PP5P/5R1K b - - 3 22,d7c6 e7f7 g8h8 f7f8 a8f8 f1f8,1974,79,96,15867,endgame long mate mateIn3 pillsburysMate sacrifice,https://lichess.org/Hnib0XS3/black#44,
sVnBa,4r1r1/p1pk4/1p2p3/P1PbP3/8/8/2PQ1PPP/R4RK1 w - - 0 24,c2c4 g8g2 g1h1 g2g1 h1g1 e8g8 d2g5 g8g5,2172,76,94,2750,attraction discoveredCheck doubleCheck endgame mate mateIn4 pillsburysMate sacrifice veryLong,https://lichess.org/soSSvJBc#47,
saInx,1r4k1/p3pp2/r2p2pR/8/b1pNP1P1/q1P2P2/PP1R4/1KQ5 w - - 1 26,c1h1 a3a2 b1a2 a4c2,2045,82,92,1462,discoveredAttack discoveredCheck mate mateIn2 middlegame pillsburysMate queensideAttack sacrifice short,https://lichess.org/CGv5lYWb#51,
sbuuN,R7/4k1pp/2p2r2/1pb5/4n3/2P2N1P/PP2BnP1/5RK1 w - - 0 30,g1h2 f2g4 h3g4 f6h6 f3h4 h6h4,2057,77,89,1872,long mate mateIn3 middlegame pillsburysMate sacrifice,https://lichess.org/Uqm9A3lx#59,
shRCy,r1b2rk1/ppp3pp/1b6/5N2/1P3q2/P2B1R1P/2P3P1/5R1K b - - 0 25,f4g5 f5h6 g7h6 f3f8 g8g7 f1f7,1910,78,83,105,blindSwineMate discoveredAttack kingsideAttack long mate mateIn3 middlegame pillsburysMate,https://lichess.org/6PZVKsmt/black#50,
spjzR,rnbr2k1/p3Qpnp/1pp3pB/5q2/2P1N3/6P1/PP3PBP/4R1K1 b - - 0 21,d8e8 e4f6 f5f6 e7e8 g7e8 e1e8,2165,81,91,1972,fork long mate mateIn3 middlegame pillsburysMate sacrifice,https://lichess.org/B2f80Ney/black#42,
st9aL,4br1k/1pq3pp/8/2b1N3/2B1Q1P1/pP3P2/P7/2KR4 b - - 2 31,c5d6 e4h7 h8h7 d1h1 e8h5 h1h5,1981,78,88,88,attraction long master mate mateIn3 middlegame pillsburysMate sacrifice,https://lichess.org/BFpyORd4/black#62,
svnd6,3r1r1k/ppQ3pp/4R3/7b/4Np1B/PB3P2/1PP1qPKP/R7 w - - 1 26,a1f1 h5f3 g2g1 e2f1 g1f1 d8d1,2061,106,83,43,attraction long mate mateIn3 middlegame pillsburysMate sacrifice,https://lichess.org/ff92EZjb#51,
sxRbv,3R4/pP2rkp1/2BKp2p/4P3/4P3/1b4P1/p5P1/8 b - - 0 46,e7b7 c6e8 f7g8 e8g6,1955,123,41,24,discoveredAttack discoveredCheck endgame mate mateIn2 pillsburysMate short,https://lichess.org/9vWbLXmu/black#92,
syVEE,6nk/R6p/2B3p1/2pP4/2Nbp1K1/2N3P1/1PP3P1/5r2 w - - 3 27,c3e4 g8h6 g4h4 f1h1 h4g5 h1h5 g5f4 h5f5,1983,77,85,101,master masterVsMaster mate mateIn4 middlegame pillsburysMate veryLong,https://lichess.org/lomMTsxK#53,
t1Vyo,r4r2/pp4p1/2n2b2/2p2b2/P3p3/2P4k/1P2K1B1/RN2B1R1 b - - 3 27,h3h2 e2f1 e4e3 g1h1,1973,107,88,25,mate mateIn2 middlegame operaMate pillsburysMate short,https://lichess.org/sIYCHZaT/black#54,
t2jsm,3q1rk1/b2r1ppp/8/2pBB3/N2pP3/PP6/2P4P/3R2RK b - - 5 24,d7d5 g1g7 g8h8 g7g8 h8g8 d1g1 d8g5 g1g5,2114,75,95,2485,attraction discoveredCheck doubleCheck kingsideAttack mate mateIn4 middlegame pillsburysMate sacrifice veryLong,https://lichess.org/sBAxNk0s/black#48,
t35Ze,4r3/p2k4/Qqp3p1/3pb2b/6n1/2P5/PP4P1/R1BNKB2 w Q - 4 23,a6b6 e5c3,1918,81,87,1289,discoveredCheck doubleCheck epauletteMate master masterVsMaster mate mateIn1 middlegame oneMove pillsburysMate,https://lichess.org/ZuhLDbnE#45,
tBPGK,8/5pkp/2R2qr1/p2p1p2/3Npb2/P3P1rP/1P2Q1PK/6R1 w - - 0 26,c6f6 g3g2 h2h1 g2g1,1914,100,88,87,discoveredCheck doubleCheck fork mate mateIn2 middlegame pillsburysMate short,https://lichess.org/NgXb1R5Y#51,
tCA0O,5rk1/5p1p/pnq1p1p1/1p2B3/1Pr5/P6P/5QP1/3R1R1K b - - 5 28,c4c2 f2f7 f8f7 d1d8 c6e8 d8e8 f7f8 f1f8,2057,84,92,243,kingsideAttack mate mateIn4 middlegame pillsburysMate sacrifice veryLong,https://lichess.org/MdYrw3hm/black#56,
tCRLw,3rk1nr/p3pp1p/1bB3p1/6N1/5B2/1P6/P3K2P/5R2 b k - 0 21,e8f8 g5e6 f7e6 f4h6,1967,80,80,159,clearance discoveredCheck doubleCheck mate mateIn2 middlegame pillsburysMate sacrifice short,https://lichess.org/M3WEhsAx/black#42,
tD2kD,4r2k/2p2prp/p1qb1p2/8/7R/2P1NR1P/1PQ2PP1/6K1 w - - 6 28,f3f5 c6g2 e3g2 e8e1,2035,90,68,77,kingsideAttack mate mateIn2 middlegame pillsburysMate pin sacrifice short,https://lichess.org/K8sMUq9f#55,
tDG2L,r6k/bb2qprp/p3pQ2/4Np2/PP6/8/B4PPP/2R2RK1 w - - 10 24,f6e7 g7g2 g1h1 g2g1 h1g1 a8g8 e7g5 g8g5 e5g4 g5g4,2028,78,92,1717,attraction discoveredCheck doubleCheck kingsideAttack mate mateIn5 middlegame pillsburysMate sacrifice veryLong,https://lichess.org/aMcoLEDj#47,
tHnSg,r6k/p3nprp/8/3bN3/2p5/P2B4/5PPP/R4RK1 w - - 0 24,d3c4 g7g2 g1h1 g2g1 h1g1 a8g8 e5g6 g8g6,2103,76,94,11999,attraction discoveredCheck doubleCheck mate mateIn4 middlegame pillsburysMate sacrifice veryLong,https://lichess.org/XgOFEk0r#47,
tJIVh,1r3rk1/3q1pp1/2p1p3/ppP4B/3PQ3/2P1P2R/6PP/6K1 b - - 3 27,d7d5 e4h7 g8h7 h5f7 d5h5 h3h5,1907,75,85,125,deflection discoveredAttack discoveredCheck endgame kingsideAttack long mate mateIn3 pillsburysMate sacrifice,https://lichess.org/whyO7OMR/black#54,
tKyEk,r2k1r2/1pp3pp/pb1p3q/8/P3P3/1QN3Pb/1PP1B2P/R2R3K w - - 2 25,a4a5 h3g2 h1g2 f8f2 g2h1 f2h2,2075,79,90,1511,attraction kingsideAttack long mate mateIn3 middlegame pillsburysMate sacrifice,https://lichess.org/yN1km1dn#49,
tLyN8,r2kr3/pp5Q/2n1bp2/2p5/B1Pp1b2/8/PP3P1P/RN2RK2 w - - 5 21,h7b7 e6h3 f1g1 e8e1,2123,81,93,11122,deflection discoveredAttack mate mateIn2 middlegame pillsburysMate short,https://lichess.org/Nk9aFd6W#41,
tNX8p,5B2/5p1k/p1p1b2P/2P3K1/R7/P1P2r2/8/8 w - - 10 48,a4a6 f7f6 g5h5 f3h3,1908,79,92,2429,endgame mate mateIn2 pillsburysMate short,https://lichess.org/QM1t4W6M#95,
tOObf,1r6/5r2/3R4/2p1p3/ppP1Pnk1/3P1Bn1/PP3K2/1R6 b - - 6 41,g4h3 d6h6 f4h5 h6h5 g3h5 b1h1,2035,83,90,4859,long mate mateIn3 middlegame pillsburysMate sacrifice,https://lichess.org/re9HBLIZ/black#82,
tReRg,2rr4/ppqnbkp1/8/1P1p2P1/P7/2P1nQ2/5KB1/RN5R b - - 1 28,f7g8 f3d5 e3d5 g2d5 g8f8 h1h8,2111,78,85,479,kingsideAttack long mate mateIn3 middlegame pillsburysMate sacrifice,https://lichess.org/xze2PHMM/black#56,
tUNfd,5k2/p4p2/1p2pP1p/3bP1p1/3R2P1/7K/2r4P/3R4 w - - 1 38,d1a1 c2c3 d4d3 c3d3,1929,74,95,3401,endgame mate mateIn2 pillsburysMate short,https://lichess.org/INYsIgLt#75,
tVvD6,3rRk2/pp3p1p/6p1/n2p4/2rP1B2/P1P2P2/6PP/4R1K1 b - - 1 25,d8e8 f4h6 f8g8 e1e8,1965,76,93,5207,deflection endgame mate mateIn2 pillsburysMate short,https://lichess.org/14q2XMft/black#50,
tXCfo,r3r2R/ppp3k1/2b1p1NB/2bn4/8/2P5/PPP1QqP1/2KR4 b - - 3 23,g7g6 e2g4 g6f6 g4g5 f6f7 h8h7,2026,110,51,40,exposedKing long mate mateIn3 middlegame pillsburysMate,https://lichess.org/3nSAuRMz/black#46,
tb7fH,r1b4r/pp1k2pp/2p2p1n/3p4/1P3B2/1B6/P4PPP/3RR1K1 b - - 1 27,h8e8 d1d5 c6d5 b3a4 b7b5 a4b5 d7d8 e1e8,2042,77,88,134,mate mateIn4 middlegame operaMate pillsburysMate sacrifice veryLong,https://lichess.org/jp2g0QQX/black#54,
tfIq1,k2r4/5R2/2p5/q1b1Q3/p1P5/Pp2PNP1/1P3PP1/2K5 w - - 1 28,e5c7 a5c3 b2c3 c5a3 c1b1 d8d1,2082,73,94,9294,deflection endgame long mate mateIn3 pillsburysMate queensideAttack sacrifice,https://lichess.org/yTwfSQIv#55,
tfTzR,r1b2b1r/pppp1B1p/4nnp1/1P1kP1Q1/P1P2P2/3PK3/7q/R1B5 b - - 0 19,d5c5 c1a3 c5b6 a4a5 b6a5 a3c5 h2a2 a1a2,2079,74,93,2939,collinearMove discoveredAttack discoveredCheck mate mateIn4 middlegame pillsburysMate veryLong,https://lichess.org/MstkOA4j/black#38,
tgu12,6k1/2Q1R3/3p2p1/2p3N1/2bbP3/5P2/r2K2P1/8 w - - 0 28,d2e1 d4c3 e1d1 c4b3 d1c1 a2a1,1970,75,96,14302,endgame exposedKing long mate mateIn3 pillsburysMate,https://lichess.org/vss2uhYq#55,
thE2E,2kr3r/ppp1nppp/2nb4/3b4/6PN/5P1P/PPPBP3/R2QKB1R w KQ - 1 13,e2e4 d6g3 e1e2 d5c4 e2e3 e7d5 e4d5 h8e8,1997,79,89,1878,exposedKing fork mate mateIn4 middlegame pillsburysMate sacrifice veryLong,https://lichess.org/VAtdXpOz#25,Zukertort_Opening Zukertort_Opening_Vos_Gambit
tkR87,1r5k/2r1b1pp/bq3P2/n2BP3/2P1Q2P/pN4P1/K1P5/3R1R2 b - - 0 30,a5b3 f6g7 h8g7 f1f7 g7h8 f7h7,1905,76,87,836,advancedPawn attraction kingsideAttack long mate mateIn3 middlegame pillsburysMate,https://lichess.org/QLSLfDDQ/black#60,
tnI2K,2kr3r/1Rp4p/8/p5p1/2P5/P2pN1P1/2n1bPBP/1R4K1 b - - 2 25,c2e3 g2c6 d3d2 b7b8,2098,72,93,9408,mate mateIn2 middlegame pillsburysMate quietMove short,https://lichess.org/RizvS0ON/black#50,
tnzKF,r1bk3r/ppp5/3p3p/1B1N2pQ/3b4/2P3P1/PP3qP1/R2K3R b - - 1 17,d4c5 h5g5 h6g5 h1h8 f2f8 h8f8,1953,88,83,51,discoveredAttack long mate mateIn3 middlegame pillsburysMate sacrifice,https://lichess.org/5iiG9nVH/black#34,Englund_Gambit Englund_Gambit_Other_variations
tsZjK,4r1k1/2p2pp1/1p3n1p/8/1P1B2b1/PQ1P2P1/4qP1P/2R2RK1 w - - 0 21,c1c7 e2f1 g1f1 g4h3 f1g1 e8e1,1974,76,86,91,attraction kingsideAttack long mate mateIn3 middlegame pillsburysMate sacrifice,https://lichess.org/5Ky1jCV5#41,
ttGJV,3r1rk1/p1q1pRbp/2p3p1/8/2BB2b1/2P5/PP2Q1PP/3R2K1 b - - 0 17,g4e2 f7g7 g8h8 g7g8,2146,75,92,5162,discoveredCheck doubleCheck kingsideAttack mate mateIn2 middlegame operaMate pillsburysMate short,https://lichess.org/uFXGSZSU/black#34,Sicilian_Defense Sicilian_Defense_Accelerated_Dragon
tu20D,r4r1k/pbpp1pp1/1p1n1bQB/4q3/8/1BNP3R/PPP2PPP/R5K1 b - - 0 16,f7g6 h6g5,1935,78,95,3092,discoveredAttack discoveredCheck mate mateIn1 middlegame oneMove pillsburysMate,https://lichess.org/3AQy1aKE/black#32,Italian_Game Italian_Game_Two_Knights_Defense
tuMqv,5rk1/2p3pp/6n1/p2BppRQ/2p5/4B1K1/P1q3PP/1r6 b - - 1 26,g8h8 h5h7 h8h7 g5h5,1963,75,37,105,attraction kingsideAttack mate mateIn2 middlegame pillsburysMate sacrifice short,https://lichess.org/BwVGtAqD/black#52,
tuTMn,r1b2rk1/p1p3p1/8/1p2p3/3pp2Q/PPbP1K1R/2PN1P2/1RB5 w - - 0 25,f3e4 c8b7 e4e5 a8e8 h4e7 e8e7,1904,73,95,13941,long mate mateIn3 middlegame pillsburysMate,https://lichess.org/UEwCf88X#49,
tuZgk,3r4/4k3/3pb3/pB3p2/P1P5/4K1r1/3R2P1/3R4 w - - 0 35,e3f4 d8g8 d2d6 g8g4 f4e5 g4e4,2061,78,87,109,endgame long mate mateIn3 pillsburysMate quietMove,https://lichess.org/gT561H5i#69,
twrEC,r1b2rk1/1p2nppp/8/1pB1q2B/5R2/P1PQ4/1P4PP/5R1K b - - 2 22,e5c5 h5f7 g8h8 d3h7 h8h7 f4h4 c5h5 h4h5,1929,87,78,56,attraction kingsideAttack mate mateIn4 middlegame pillsburysMate sacrifice veryLong,https://lichess.org/zmlWr3uN/black#44,
u0oFE,8/1k5p/pp4p1/4B3/P1b2P1P/Rn5R/1P4r1/2K5 w - - 1 31,c1d1 g2g1 d1c2 g1c1,1964,83,91,2567,endgame mate mateIn2 pillsburysMate short,https://lichess.org/BG0qCgUK#61,
u1cZY,r3bb2/1RR5/3p1kp1/3P1pNp/7P/4P1P1/5rBK/8 b - - 2 36,a8a2 g5h7 f6e5 c7e7 f8e7 b7e7,2076,76,96,1305,epauletteMate fork long mate mateIn3 middlegame pillsburysMate sacrifice,https://lichess.org/NwwZv0d9/black#72,
u2sEL,3Q1bk1/5p1p/r2P2p1/1pq5/5B2/3p3P/5PP1/4R1K1 b - - 0 35,d3d2 d8f8 g8f8 f4h6 f8g8 e1e8,1984,89,83,47,attraction endgame long master mate mateIn3 pillsburysMate sacrifice,https://lichess.org/vz81v4Zf/black#70,
u2sqR,4r1k1/p1p2ppp/4b3/8/8/2N1Q1Pq/PP3P1P/RN3RK1 w - - 0 21,e3a7 h3f1 g1f1 e6h3 f1g1 e8e1,1990,76,93,147839,attraction long mate mateIn3 middlegame pillsburysMate sacrifice,https://lichess.org/1SBWe6yt#41,
u36y3,7r/1QbknR1p/1N2p3/3pq1pB/2p5/4P2P/2P3P1/7K b - - 7 26,d7d8 b7c8 e7c8 f7d7,2085,77,92,1120,mate mateIn2 middlegame pillsburysMate sacrifice short,https://lichess.org/xsajJbqC/black#52,
u3uqi,2b1rq2/pp3p1k/2pr1BpR/8/3PPQP1/5R2/PP5P/6K1 b - - 0 25,f8h6 f4h6 h7h6 f3h3,1971,79,79,356,attraction mate mateIn2 middlegame pillsburysMate short,https://lichess.org/k5hFH03U/black#50,
u5huF,6k1/R3R1p1/4bpK1/8/8/5P2/8/6r1 w - - 6 64,g6h5 g1h1 h5g6 h1h6,1925,86,88,104,endgame mate mateIn2 pillsburysMate short,https://lichess.org/iHooE68O#127,
u9OYy,rn2kr2/1b2Q1p1/p5Pp/2p5/1pB4P/1P2B3/q1P2P2/2KRR3 b q - 0 21,e8e7 e3g5,2075,85,87,2091,discoveredCheck doubleCheck master mate mateIn1 middlegame oneMove pillsburysMate,https://lichess.org/VbExWchA/black#42,
uCCzc,5rk1/p5pp/1p2r3/2b1Bp1q/2N1nP2/1P6/P5PP/2R1QR1K w - - 8 27,b3b4 h5h2 h1h2 e6h6 e1h4 h6h4,1952,75,93,2715,attraction kingsideAttack long mate mateIn3 middlegame pillsburysMate sacrifice,https://lichess.org/baOYeqOF#53,
uCD2r,5r2/5pkR/p4N2/4B1P1/1p6/qP1b1N2/P7/K1b5 b - - 0 32,g7g6 f3h4 g6g5 h7h5,1990,80,94,12363,mate mateIn2 middlegame pillsburysMate short,https://lichess.org/paty9CZg/black#64,
uCSiV,8/5p2/6k1/3b4/2N2K2/1PR3P1/5r2/8 w - - 3 39,f4g4 d5e6 g4h4 f2h2,1944,79,84,573,endgame mate mateIn2 pillsburysMate short,https://lichess.org/GXgBD0ip#77,
uCvzK,rn3k1r/ppP2Bp1/7q/3N1bN1/4P1n1/6B1/PPP2b1P/R2Q1R1K w - - 1 18,e4f5 h6h2 g3h2 h8h2,1926,75,95,1500,kingsideAttack mate mateIn2 opening pillsburysMate sacrifice short,https://lichess.org/2LmUBa1D#35,Petrovs_Defense Petrovs_Defense_Three_Knights_Game
uDjkp,2r2b1r/pp4pp/3PRnk1/8/1KB4q/2N1B3/PPb4P/6R1 b - - 5 20,g6f7 e6e7,1909,77,82,563,discoveredCheck doubleCheck epauletteMate mate mateIn1 middlegame oneMove pillsburysMate,https://lichess.org/F0QxzpTp/black#40,
uFoLt,2r2rk1/pp3pRp/4p3/2bn4/8/2B1PP1P/1P2BP2/1K1R4 b - - 0 19,g8h8 g7g8 h8g8 d1g1,1967,77,93,10317,attraction discoveredCheck doubleCheck mate mateIn2 middlegame pillsburysMate sacrifice short,https://lichess.org/Zr3DejzH/black#38,Slav_Defense Slav_Defense_Three_Knights_Variation
uGbX7,6rk/pp3Qp1/6Bp/2p5/4P1Pq/P5bP/1Bn5/5RK1 b - - 3 28,h4h3 f7g7 g8g7 f1f8,1913,79,91,2241,clearance mate mateIn2 middlegame pillsburysMate pin sacrifice short,https://lichess.org/huRdl6r6/black#56,
uGoWo,2k4r/p1p1p1bp/1p4p1/4n3/2B2B2/1P6/b1P2PPP/2KR4 b - - 3 18,h8d8 c4a6 c8b8 d1d8,2051,80,83,415,deflection mate mateIn2 middlegame pillsburysMate queensideAttack short,https://lichess.org/k7c9RSKf/black#36,Modern_Defense Modern_Defense_Other_variations
uKTeg,2R4Q/8/1K1k1pN1/5P2/2pbP3/r2b4/P7/8 w - - 0 45,b6b7 d3e4 c8c6 e4c6 b7c8 a3a8,1913,77,95,13939,endgame long mate mateIn3 pillsburysMate,https://lichess.org/3HYW6o0u#89,
uM1Ps,3r2k1/1pQ1bppp/pN2pn1q/8/1P1n4/P4bP1/1B2BP1P/2R1R1K1 w - - 0 20,c7e7 d4e2 e1e2 h6c1 b2c1 d8d1 e2e1 d1e1,2039,82,88,72,fork mate mateIn4 middlegame pillsburysMate sacrifice veryLong,https://lichess.org/G11AoUdJ#39,
uMcuj,4r1r1/kb6/pp2p2p/1p2P3/1PpP4/1P1N4/5PPP/2RQ1RK1 w - - 0 28,b3c4 g8g2 g1h1 g2g1 h1g1 e8g8 d1g4 g8g4,2046,77,92,7428,attraction discoveredCheck doubleCheck kingsideAttack mate mateIn4 middlegame pillsburysMate sacrifice veryLong,https://lichess.org/hvkUO56B#55,
uQ3nK,8/R7/4b1p1/2q1pp1Q/1p3Pk1/1P2P1P1/1B4BP/6K1 b - - 0 39,g4h5 a7h7 h5g4 h7h4,1960,89,91,122358,endgame mate mateIn2 pillsburysMate short,https://lichess.org/DKJMmUbi/black#78,
uQw14,r4rk1/pppn1ppp/8/2bP3n/5B2/2NP1K2/PPP1B1PP/R6R w - - 1 13,f4d2 d7e5 f3e4 f7f5 e4e5 a8e8,1946,73,96,16257,epauletteMate exposedKing long mate mateIn3 middlegame pillsburysMate sacrifice,https://lichess.org/rAntEcVx#25,Kings_Gambit_Accepted Kings_Gambit_Accepted_Modern_Defense
uVwsx,r1b3k1/1p3p1p/p1n1p1pB/4P1Q1/8/2qr2P1/P4P1P/3RR1K1 b - - 0 22,c6e5 g5d8 d3d8 d1d8,2040,79,82,339,kingsideAttack master mate mateIn2 middlegame pillsburysMate sacrifice short xRayAttack,https://lichess.org/COyKS85O/black#44,
ub5dd,q1kr1b1r/Bp1n1p2/p1B2n1p/1N2p1p1/Q7/3P2PP/PP2PP2/2R1K2R b K - 0 17,b7c6 a4a6 a8b7 c1c6,2010,76,83,407,mate mateIn2 middlegame pillsburysMate pin queensideAttack short,https://lichess.org/C0eu6uxc/black#34,English_Opening English_Opening_Anglo-Scandinavian_Defense
ubIHG,2r2k2/pp1b2bQ/5rpB/3P4/6P1/P4P2/1Pq5/1K1R1B1R w - - 0 24,b1a2 c2b2 a2b2 f6b6 b2a2 c8c2,2020,75,93,7356,attraction discoveredCheck doubleCheck long mate mateIn3 middlegame pillsburysMate sacrifice,https://lichess.org/Px0MTwcN#47,
ubJgY,r1b2rk1/pp3pp1/2p1p2p/8/4B3/5QP1/PqP3PP/3R1R1K b - - 1 20,a7a5 f3f7 f8f7 d1d8 f7f8 f1f8,1990,75,83,103,kingsideAttack long mate mateIn3 middlegame pillsburysMate sacrifice,https://lichess.org/lZPC7dyU/black#40,
ueNpx,4r1k1/5p1p/pq3bpB/3Qn1N1/8/2r4P/P1B2PP1/4R1K1 b - - 1 26,c3c2 d5f7 e5f7 e1e8,1964,76,96,2700,mate mateIn2 middlegame pillsburysMate sacrifice short,https://lichess.org/RqhVvB6C/black#52,
ugLB9,5k2/4bp2/6P1/3PQ3/1pP1B1br/1r4K1/8/7R w - - 0 42,g3f4 g4h3,1953,84,92,3308,discoveredAttack discoveredCheck master masterVsMaster mate mateIn1 middlegame oneMove pillsburysMate,https://lichess.org/X7Sazm1p#83,
ugoJ9,r3kb2/1b1p2p1/p4Np1/1pp5/3p1PPr/1B1P4/PPPBR3/2K3n1 b q - 0 21,e8d8 d2a5 d8c8 e2e8,2076,76,95,12301,mate mateIn2 middlegame pillsburysMate short,https://lichess.org/lf57EOup/black#42,
ui3Z4,4r1k1/pB2pp1p/1n4pB/4Q3/2r5/3q4/PP4PP/4R1K1 b - - 4 26,f7f6 e5e6 g8h8 e6f6 e7f6 e1e8,2048,77,94,6510,discoveredAttack long mate mateIn3 middlegame pillsburysMate sacrifice,https://lichess.org/gQnQaJsb/black#52,
uji1U,5r1k/pp3pRp/2n1bB2/8/8/P2r1P2/1P3P1P/R6K b - - 2 22,d3f3 g7g8 h8g8 a1g1 f3g3 g1g3 e6g4 g3g4,2021,75,87,264,attraction discoveredCheck doubleCheck mate mateIn4 middlegame pillsburysMate sacrifice veryLong,https://lichess.org/4AlCQUGw/black#44,
ukXq7,R7/3R1pk1/4p1p1/2b1N1np/5K2/6P1/P4r1P/8 w - - 8 36,f4g5 c5e3 g5h4 f2h2,2007,139,35,21,endgame mate mateIn2 pillsburysMate short,https://lichess.org/kt1Sxm3T#71,
ukijz,5R2/p5p1/3Npk2/3qNp2/5K2/P3B3/r4P2/8 b - - 5 38,f6e7 f8f7 e7d6 f7d7,1977,76,95,15194,endgame mate mateIn2 pillsburysMate sacrifice short,https://lichess.org/dEKYn6wy/black#76,
ukoUY,r4rk1/1p2qppp/5n2/p2Q1P2/3B4/P1P4b/2P1BP1P/2KR2R1 b - - 0 24,f6d5 g1g7 g8h8 g7g8 h8g8 d1g1 h3g2 g1g2 e7g5 g2g5,2194,77,85,407,attraction discoveredCheck doubleCheck kingsideAttack mate mateIn5 middlegame pillsburysMate sacrifice veryLong,https://lichess.org/cOBhrEFu/black#48,
ulHwO,r2kb1n1/1P1r4/2p2p2/7p/p2B4/P3R1P1/7P/3R2K1 b - - 0 30,d7b7 d4b6 d8c8 e3e8,1942,78,88,1217,deflection discoveredCheck doubleCheck mate mateIn2 middlegame pillsburysMate short,https://lichess.org/XvSE1pIA/black#60,
un0cO,2kr2r1/1b3p1p/pQ2p1q1/8/2Pb4/B1Pp4/P2P1PPP/R3NRK1 w - - 1 20,c3d4 g6g2 e1g2 g8g2 g1h1 g2g1 h1g1 d8g8,2172,78,86,459,attraction discoveredCheck doubleCheck kingsideAttack mate mateIn4 middlegame pillsburysMate sacrifice veryLong,https://lichess.org/1dxBiNMG#39,
uodpm,3qr1k1/1p3p1p/5np1/Q2p1b2/8/1N2bNP1/PPr4P/1K1R1B1R w - - 0 18,a5d8 c2c1,1932,103,48,79,discoveredCheck doubleCheck mate mateIn1 middlegame oneMove operaMate pillsburysMate,https://lichess.org/1VGWLi40#35,French_Defense French_Defense_Exchange_Variation
uoiK1,rn5k/3b1pp1/p6r/1p1N4/3P1Pq1/3B2P1/PPQ4P/4R1K1 b - - 0 24,d7e6 c2c8 e6c8 e1e8,2162,75,95,2131,mate mateIn2 middlegame pillsburysMate sacrifice short,https://lichess.org/4RQB6M8i/black#48,
uorlH,3r3r/4kp2/pPQ1p3/4bp2/7p/6P1/P3NP1P/2Rq1K1R w - - 2 27,c1d1 d8d1 f1g2 h4h3 g2f3 d1d3,1938,84,92,434,long mate mateIn3 middlegame pillsburysMate,https://lichess.org/r0gQjzDa#53,
uozwy,2kr2r1/Qbpp1p1p/8/2p2P2/8/2qB4/P1P2PPP/R4RK1 w - - 0 18,d3a6 g8g2 g1h1 g2g1 h1g1 d8g8,1984,95,85,69,attraction discoveredCheck doubleCheck kingsideAttack long mate mateIn3 middlegame pillsburysMate sacrifice,https://lichess.org/w6HC5eHD#35,Scotch_Game Scotch_Game_Classical_Variation
upib0,8/b4p2/6pk/p2P2p1/2P5/P4b2/1B1nrPKP/1R1B1R2 w - - 6 33,g2g1 a7f2 f1f2 e2e1 f2f1 e1f1,1904,75,80,101,long mate mateIn3 middlegame pillsburysMate sacrifice,https://lichess.org/57tdwwbX#65,
uq8XW,5rk1/1pq4p/2p3p1/5p1r/Pp3Pn1/5BPb/1B2Q2P/N3R2K b - - 1 29,c7b6 e2c4 f8f7 e1e8,2199,78,81,127,clearance mate mateIn2 middlegame pillsburysMate short,https://lichess.org/4UTzpA5u/black#58,
ursDP,2k4r/1pp1b1p1/p2p4/5p2/PPPPp1P1/3nP1K1/3BNP1r/RQ3R2 w - - 1 23,b1d3 h8h3 g3f4 h3f3,2086,82,90,1322,epauletteMate mate mateIn2 middlegame pillsburysMate short,https://lichess.org/Nryupdd8#45,
uwYZa,r1b2rk1/1p1n4/1q2p2p/1P1pn1bP/p2P2pN/P2B4/1BQ1N1P1/1R2K2R w K - 0 23,d4e5 b6f2 e1d1 f2f1 h1f1 f8f1,1912,78,92,1654,exposedKing long mate mateIn3 middlegame pillsburysMate sacrifice,https://lichess.org/FRn0tex9#45,
v01BA,rr4k1/4Rpp1/pp3q1p/8/1P6/6QP/Pn3PP1/1B2R1K1 b - - 4 31,b6b5 g3b8 a8b8 e7e8 b8e8 e1e8,1914,117,76,15,kingsideAttack long mate mateIn3 middlegame pillsburysMate sacrifice,https://lichess.org/DUZ1NujQ/black#62,
v3Vnh,3k2rr/p2p4/1p1q1p1p/3bpN1Q/8/8/PP3PPP/3R1RK1 w - - 6 24,f5d6 g8g2 g1h1 g2g1 h1g1 h8g8 h5g6 g8g6,2181,78,93,11800,attraction discoveredCheck doubleCheck kingsideAttack mate mateIn4 middlegame pillsburysMate sacrifice veryLong,https://lichess.org/4Rel2oCj#47,
v44qT,8/5Qp1/p1b3N1/1pp2pk1/5b2/1PKP4/PB3r2/8 w - - 0 38,g6f4 b5b4 c3c4 f2c2 b2c3 c2c3,1933,78,93,477,endgame fork long mate mateIn3 pillsburysMate,https://lichess.org/MQbzjbFv#75,
v5M7m,r1b2nk1/4b1p1/2n1p3/pp1pP1BQ/2pP4/q1P5/6PP/1BR2RK1 b - - 0 20,e7g5 h5f7 g8h8 f7f8 a3f8 f1f8,2170,77,96,1316,deflection kingsideAttack long mate mateIn3 middlegame pillsburysMate,https://lichess.org/uOZNSPQJ/black#40,
v6Kvu,r2q1rk1/ppp2pBp/1n2p3/8/4P3/3B4/PP1n1P1P/R5RK b - - 0 15,d2f3 g7f6 f3g1 a1g1,1900,75,94,5822,discoveredAttack discoveredCheck mate mateIn2 middlegame pillsburysMate sacrifice short,https://lichess.org/4E3MLOEO/black#30,Queens_Gambit_Declined Queens_Gambit_Declined_Marshall_Defense
v6ka7,5q1k/1br2r2/p4P1p/1p1p1Q2/2nP1P2/1N1B4/PP4R1/4R1K1 b - - 0 34,f7f6 f5f6 f8f6 e1e8 f6f8 e8f8,1900,75,96,16410,exposedKing kingsideAttack long mate mateIn3 middlegame pillsburysMate sacrifice,https://lichess.org/NA9Qosnb/black#68,
v8774,6r1/pb1p2qk/1p2p1np/n3P2N/2pP1rR1/B1P1K2Q/P1P3P1/7R b - - 1 27,f4g4 h5f6 h7h8 h3h6 g7h6 h1h6 h8g7 h6h7,2024,76,94,5873,deflection discoveredAttack epauletteMate fork hookMate mate mateIn4 middlegame pillsburysMate veryLong,https://lichess.org/0xKEamMz/black#54,
v8o7r,2k5/p1p2p2/1ppb2p1/8/4qB2/2P3P1/1P1RBP2/6K1 b - - 7 27,d6f4 e2a6 c8b8 d2d8,1928,80,89,173,endgame mate mateIn2 pillsburysMate short,https://lichess.org/eDzMFZlv/black#54,
v96YY,r4r1k/pbpRq2p/1pn1B1n1/6NQ/8/8/PPP2bPP/7K b - - 1 19,f2c5 h5h7 e7h7 d7h7,1917,81,79,64,fork mate mateIn2 middlegame pillsburysMate short xRayAttack,https://lichess.org/pRhJmBL0/black#38,
v9tH5,4r2k/6pp/n7/Pb2N3/1p1p1R2/1B6/1P4PP/6K1 b - - 4 30,a6c5 e5g6 h7g6 f4h4,2096,83,88,370,endgame mate mateIn2 pillsburysMate sacrifice short,https://lichess.org/2FXNMign/black#60,
vBPi5,5k2/1p3p1p/p4Nq1/8/P1r5/7P/5PP1/B3R1K1 b - - 4 37,c4c6 f6d7 f8g8 e1e8,2183,136,91,31,endgame mate mateIn2 pillsburysMate short,https://lichess.org/y1wpbixB/black#74,
vDgRo,r2q1rk1/2pn1ppp/1p2p3/p7/P3pP1b/1P2PN2/1BPPK1QP/R5R1 b - - 1 16,h4f6 g2g7 f6g7 g1g7 g8h8 g7g8 h8g8 a1g1 d8g5 g1g5,2020,77,87,409,attraction discoveredCheck doubleCheck kingsideAttack mate mateIn5 middlegame pillsburysMate sacrifice veryLong,https://lichess.org/q9Q0rztC/black#32,Bird_Opening Bird_Opening_Other_variations
vDoun,3r2k1/pp3p1p/2p1nQpB/4Rb2/8/2N4P/PqP2PP1/6K1 b - - 0 23,b2c3 f6d8 e6d8 e5e8,2055,92,70,104,kingsideAttack mate mateIn2 middlegame pillsburysMate sacrifice short,https://lichess.org/h69dO9GR/black#46,
vFIOY,r5k1/6nn/p5Qp/2pPq3/2P1B2P/P5P1/1r6/5RK1 b - - 1 35,h7f8 g6f7 g8h8 f7f8 a8f8 f1f8,2014,76,97,506,deflection exposedKing long mate mateIn3 middlegame pillsburysMate,https://lichess.org/rtsVvN9u/black#70,
vFbrW,8/1p2r3/p1b1Bnp1/5P1p/4p2k/P3B1PP/1P3K2/3R4 b - - 0 35,h4h3 d1h1 h3g4 h1h4,2047,80,88,457,endgame mate mateIn2 pillsburysMate short,https://lichess.org/jbN7VCJ2/black#70,
vG9zg,r1b2k1r/pppp2Rp/3n1p1B/3P2n1/8/2P5/P4PPP/4R1K1 b - - 3 20,d6f7 g7g8 f8g8 e1e8,2094,86,91,338,attraction discoveredCheck doubleCheck mate mateIn2 middlegame pillsburysMate sacrifice short,https://lichess.org/2eOL6NQD/black#40,
vH48P,3r2k1/pp3p2/4bR1p/4Q1p1/4P1qP/3PKNP1/P1r5/R7 w - - 2 28,f6h6 g4f3 e3f3 d8d3,1969,78,91,2407,attraction deflection mate mateIn2 middlegame pillsburysMate sacrifice short,https://lichess.org/quWqxZKx#55,
vHhN9,3r1rk1/p4p1p/2b3pP/4p3/2P4Q/1PP4R/P3NPq1/RN2K3 w Q - 5 25,h4f6 g2f1 e1f1 d8d1,2148,76,82,306,attraction mate mateIn2 middlegame pillsburysMate sacrifice short,https://lichess.org/kgcKjUJT#49,
vIAeV,r2q1rk1/5pQp/p2bp3/1p1pB2n/3P1P1P/2N5/PPP5/2KR2R1 b - - 0 17,h5g7 g1g7 g8h8 g7g8 h8g8 d1g1 d8g5 g1g5,2098,79,94,6363,attraction discoveredCheck doubleCheck kingsideAttack mate mateIn4 middlegame pillsburysMate sacrifice veryLong,https://lichess.org/Sp7aF9CC/black#34,Queens_Pawn_Game Queens_Pawn_Game_Chigorin_Variation
vIpU6,r1b2rk1/pp3pp1/4pBn1/3pn2Q/6P1/2P4R/3Nq2P/2K5 b - - 1 22,f8d8 h5h7 g8f8 h7h8 g6h8 h3h8,1939,90,55,45,kingsideAttack long mate mateIn3 middlegame pillsburysMate sacrifice,https://lichess.org/57Y3d1Lh/black#44,
vJmov,5r1k/2q3pp/b3Q3/p1p4r/2PpN2b/8/P4PPP/R1B2RK1 w - - 10 25,e6a6 c7h2 g1h2 h4f2,2159,76,93,11427,deflection discoveredAttack discoveredCheck kingsideAttack mate mateIn2 middlegame pillsburysMate sacrifice short,https://lichess.org/ewEkfdXk#49,
vM2cx,4rr2/1p3p2/p2p4/P1pPbRBk/1n4R1/7P/6P1/7K b - - 11 49,f7f6 g5f4,1971,81,79,712,discoveredAttack discoveredCheck master mate mateIn1 middlegame oneMove pillsburysMate,https://lichess.org/kQl6nEpC/black#98,
vN1Mh,5r1k/pp2QB2/5P1q/2p3r1/2Pb1R2/1P1p2PP/P6K/8 b - - 0 40,d4e5 e7f8 h6f8 f4h4 g5h5 h4h5 f8h6 h5h6,1904,75,96,2235,exposedKing fork mate mateIn4 middlegame pillsburysMate sacrifice veryLong,https://lichess.org/zq8nJlKt/black#80,
vPBT7,r4k2/3p2R1/1p2pP1P/4P2P/3p1P2/1Pb5/r7/1K1R1B2 w - - 1 31,h6h7 a2b2 b1c1 a8a1,1944,88,63,72,endgame mate mateIn2 pillsburysMate queensideAttack short,https://lichess.org/sZpbaewk#61,
vQF8i,2r2k2/1p6/p4Bp1/b3P3/b1Bp2P1/2P5/1P5R/6K1 b - - 1 34,c8c4 e5e6 d4d3 h2h8,1913,157,82,43,endgame master mate mateIn2 pillsburysMate short,https://lichess.org/SJKrCEj0/black#68,
vQTsP,rn3rk1/1p3bpp/2p5/q2pb2P/4nN2/1PN1P1P1/1BPQ4/2KR1B1R w - - 1 17,c3e4 a5a1 b2a1 a8a1,1906,78,91,312,mate mateIn2 middlegame pillsburysMate queensideAttack sacrifice short,https://lichess.org/yvtGIuUe#33,Nimzo-Larsen_Attack Nimzo-Larsen_Attack_Modern_Variation
vT8F0,Q7/p1pk2pp/1b1p4/8/1P3r1q/P7/1B3PPP/4RRK1 w - - 2 23,a8d5 b6f2 g1h1 h4h2 h1h2 f4h4,2193,75,94,2187,attraction long mate mateIn3 middlegame pillsburysMate sacrifice,https://lichess.org/bjHsAJVt#45,
vUesF,5R2/1kp4r/pp6/4p3/3pN3/1N2b1Pb/PPP4K/4R3 w - - 2 31,g3g4 h3f1 h2g3 h7h3,1910,76,93,4572,discoveredAttack discoveredCheck mate mateIn2 middlegame operaMate pillsburysMate short,https://lichess.org/geWDR9wa#61,
vVS7c,r4bk1/1p3p2/6pp/2n1Pb1n/1pP5/5P2/PP1Q2PP/1K1R1B1R w - - 2 22,b1c1 c5b3 a2b3 a8a1,1919,75,94,4364,mate mateIn2 middlegame pillsburysMate queensideAttack sacrifice short,https://lichess.org/OG9wb4ny#43,
vYCAS,5r1k/6p1/3b1B2/2p4p/2P1p3/1P2P2P/P1Q1R1Pq/3R2K1 w - - 1 33,g1f1 h2h1 f1f2 f8f6,2189,77,82,357,epauletteMate mate mateIn2 middlegame pillsburysMate pin short,https://lichess.org/CT20CDk2#65,
vYm04,r4rk1/1b2bp1p/1p2pB2/1pp4n/2PP4/1P5K/P4P1P/R5R1 b - - 2 26,h5g7 g1g7 g8h8 g7g8 h8g8 a1g1 b7g2 g1g2,1946,83,92,2312,attraction discoveredCheck doubleCheck kingsideAttack mate mateIn4 middlegame pillsburysMate sacrifice veryLong,https://lichess.org/J4E1bntu/black#52,
vZKGG,1k2r1r1/2bQ4/Bp6/3p4/P6p/1N3P1P/1PP2qP1/6RK w - - 4 33,d7d5 f2g2 g1g2 e8e1 a6f1 e1f1 g2g1 f1g1,2107,78,94,5055,mate mateIn4 middlegame pillsburysMate sacrifice veryLong,https://lichess.org/jYtsJo8L#65,
vZrdA,4R3/pp1r3p/2rN2pk/8/5B2/1n5P/1P4P1/6K1 b - - 5 34,g6g5 e8e6 h6h5 g2g4 h5h4 e6h6,1915,76,91,317,endgame long mate mateIn3 pillsburysMate,https://lichess.org/VHEu4Em2/black#68,
vaeeM,1nb2rk1/1ppq1ppp/3b4/3p4/3R3P/1P2PP2/rBP3Q1/1NK2B1R b - - 0 18,c7c6 g2g7 g8g7 d4g4 g7h6 b2g7 h6h5 g4g5,1957,80,90,1425,attraction discoveredCheck doubleCheck fork mate mateIn4 opening pillsburysMate sacrifice veryLong,https://lichess.org/sgDswDKk/black#36,Vant_Kruijs_Opening Vant_Kruijs_Opening_Other_variations
vaqDp,4rrk1/1pp5/7p/p2Q1np1/2P5/P1B4P/4BqP1/4R2K b - - 0 30,f8f7 d5f7 g8f7 e2h5 f7g8 e1e8 g8h7 e8h8,1934,75,96,2453,attraction deflection discoveredAttack exposedKing mate mateIn4 middlegame operaMate pillsburysMate sacrifice veryLong,https://lichess.org/MKWGLtLm/black#60,
vbxqs,3R4/1p1R3p/p3k1pP/P1p3B1/2Pb4/3p2K1/5r2/7r b - - 3 53,f2f1 d7e7 e6f5 d8d5 d4e5 d5e5,1909,74,89,214,endgame exposedKing long mate mateIn3 pillsburysMate,https://lichess.org/fE17pwqV/black#106,
vewBm,r2q2n1/pppk1B1r/2n4p/3Nb3/8/Q5Pb/PPP4P/3R1R1K b - - 6 18,h3f1 d5b6,1956,83,81,268,discoveredCheck doubleCheck mate mateIn1 middlegame oneMove pillsburysMate,https://lichess.org/mitvPpJl/black#36,Vienna_Gambit_with_Max_Lange_Defense Vienna_Gambit_with_Max_Lange_Defense_Knight_Variation
vex5Q,2bkr3/2b3Bp/5p2/3pn3/5n2/5K1P/PPP3P1/3R1B1R w - - 1 25,f3f4 e5g4 f4f3 e8e3,2166,76,93,8106,discoveredAttack discoveredCheck mate mateIn2 middlegame pillsburysMate short,https://lichess.org/W1SnVLo0#49,
vhUz3,r1b2rk1/pp3p1p/1q4pQ/1N1pn1B1/8/3B4/PPP2PPP/4R1K1 b - - 1 17,e5d3 h6f8 g8f8 g5h6 f8g8 e1e8,2192,75,95,1246,attraction kingsideAttack long mate mateIn3 middlegame pillsburysMate sacrifice,https://lichess.org/etxxJRX7/black#34,Queens_Pawn_Game Queens_Pawn_Game_Colle_System
vjfoO,r1b2rk1/1pq2p1p/p1n3pQ/3n2B1/2pN4/2P5/P1B2PPP/R3R1K1 b - - 1 16,c6d4 h6f8 g8f8 g5h6 f8g8 e1e8,2125,81,83,186,attraction kingsideAttack long mate mateIn3 middlegame pillsburysMate sacrifice,https://lichess.org/kzXIjeA4/black#32,Sicilian_Defense Sicilian_Defense_Kan_Variation
vlNUL,4rqk1/p1p3pp/1p6/2bP4/2P5/1PN3Pb/PB1Q1P1P/R5K1 w - - 7 21,a1e1 f8f2 d2f2 e8e1,2073,77,94,1444,kingsideAttack mate mateIn2 middlegame pillsburysMate pin sacrifice short,https://lichess.org/yV8Vq5Sb#41,
vmDZR,2r2r2/pp2pBk1/2np3Q/q4bN1/4P1p1/P1b1BP2/1PP5/1K1R4 b - - 2 24,g7h6 g5e6 h6h7 d1h1,1980,82,83,79,discoveredAttack discoveredCheck mate mateIn2 middlegame pillsburysMate short,https://lichess.org/9xLnk8q1/black#48,
vnI4o,4k1K1/p1r4P/1p3R2/3Bn1B1/3nP3/8/P6r/8 b - - 2 43,h2h7 f6f8 e8d7 f8d8,2057,80,88,984,master masterVsMaster mate mateIn2 middlegame operaMate pillsburysMate short,https://lichess.org/rXSM5m3d/black#86,
vnTSg,6k1/3B1pbp/1p6/8/3r1nP1/7r/1B6/R3R1K1 b - - 1 35,d4d3 a1a8 g7f8 a8f8 g8f8 e1e8,2039,77,88,121,attraction long mate mateIn3 middlegame operaMate pillsburysMate sacrifice,https://lichess.org/xBFTVNO8/black#70,
vqm9l,3r2k1/pp4p1/2p1p1B1/4q1n1/7Q/4P3/PP6/5RK1 b - - 0 28,d8f8 h4h8 g8h8 f1f8,2129,79,93,1277,attraction deflection endgame mate mateIn2 pillsburysMate sacrifice short,https://lichess.org/OAQDDzVw/black#56,
vtOZo,5rk1/2Q2ppp/7r/8/3pN1bq/1P4N1/P1P2RP1/4R1K1 w - - 1 27,e4d6 h4h2 g1f1 h2h1 g3h1 h6h1,1940,77,91,614,fork long mate mateIn3 middlegame pillsburysMate sacrifice,https://lichess.org/LwNmxApG#53,
vwOba,r1b2k2/pp1p1ppQ/2p5/6q1/8/2PB4/P1P2PPP/1K2R3 b - - 0 17,g5h6 h7g8 f8g8 e1e8,1919,77,95,19369,attraction endgame mate mateIn2 pillsburysMate sacrifice short,https://lichess.org/txtFGdHi/black#34,Scotch_Game Scotch_Game_Schmidt_Variation
vycrG,1r5k/1p2R1b1/3n2pp/p2B1pN1/5P2/3P3Q/6KP/2q5 b - - 9 38,c1f4 h3h6 g7h6 e7h7,1938,79,92,1706,mate mateIn2 middlegame pillsburysMate sacrifice short,https://lichess.org/HUxl9QcY/black#76,
vz0sz,8/2B1kp1R/2p1pb2/p7/p7/8/1r2r2P/5R1K b - - 3 36,f6e5 h7f7 e7e8 f7f8 e8d7 f1f7,1907,77,91,1051,endgame long mate mateIn3 pillsburysMate,https://lichess.org/vPXGTNWx/black#72,
w13G7,8/5QBk/1bp3rp/pp6/6P1/P1P1q1KP/BP6/R7 w - - 3 32,g3h4 e3f2 f7f2 b6f2 h4h5 g6g5,1930,77,95,10404,long mate mateIn3 middlegame pillsburysMate,https://lichess.org/T9O0n8Ek#63,
w8xbS,3r1r1k/p3b2p/7P/1Q2P1p1/8/1B2P1B1/PpPq1PP1/1K5R w - - 1 26,b5b7 d2c1 h1c1 b2c1q b1c1 e7a3 c1b1 d8d1,2058,76,94,12719,advancedPawn attraction master mate mateIn4 middlegame pillsburysMate promotion queensideAttack sacrifice veryLong,https://lichess.org/3sQoVPB6#51,
wASOx,4r1k1/ppq2pp1/1n5p/8/2p5/P1P2QPP/1r4P1/1B1R1RK1 b - - 1 25,e8e2 d1d8 c7d8 f3f7 g8h8 f7f8 d8f8 f1f8,1987,77,95,3089,deflection kingsideAttack mate mateIn4 middlegame pillsburysMate sacrifice veryLong,https://lichess.org/K8aVSvBP/black#50,
wBQ2l,2R1Bk2/8/r6p/4bN1P/p4p2/5n2/8/7K b - - 4 38,f3d4 e8g6,1952,78,90,965,discoveredAttack discoveredCheck endgame master mate mateIn1 oneMove pillsburysMate,https://lichess.org/4GpOBSex/black#76,
wDWSS,r5nr/1pp2p2/p1n4p/6p1/5P2/2NR1B2/PP3B1k/2K5 b - - 1 27,g8f6 d3d1 g5g4 d1h1,2051,76,84,353,mate mateIn2 middlegame operaMate pillsburysMate quietMove short,https://lichess.org/O9Vna7hS/black#54,
wEAyc,1rk4r/5ppp/PB1R4/1B2nPb1/2p5/5b2/1PP1Q2P/6K1 b - - 0 28,f3e2 b5d7 e5d7 d6c6,2054,83,85,111,mate mateIn2 middlegame pillsburysMate queensideAttack sacrifice short,https://lichess.org/WtqS7SL3/black#56,
wJJt1,1nk2b1r/Qpp1qppp/4p3/1P6/8/P1N5/5BPP/3R2K1 b - - 0 22,e7a3 a7b8 c8b8 d1d8,1935,76,86,154,attraction mate mateIn2 middlegame pillsburysMate queensideAttack sacrifice short,https://lichess.org/so4UIPZ4/black#44,
wKaoq,8/4k1B1/1R2P2p/3bK3/8/8/7r/8 b - - 1 38,d5a2 g7f6 e7f8 b6b8,2175,74,94,10004,endgame mate mateIn2 pillsburysMate short,https://lichess.org/mdvdIsia/black#76,
wM2I1,1k1q2r1/pp6/4p3/3pPp2/3P1b2/4N2K/PPQ2P2/2RR4 w - f6 0 28,d1g1 d8h4 h3h4 g8h8,2137,76,96,1639,attraction mate mateIn2 middlegame pillsburysMate sacrifice short,https://lichess.org/6p2568wT#55,
wS6R6,3qrr1k/2p3b1/p1p1B1pp/1n2P1N1/3PN3/P3P1PQ/1P5R/6K1 b - - 3 29,b5d4 h3h6 g7h6 h2h6 h8g7 h6h7,1914,76,88,403,exposedKing kingsideAttack long mate mateIn3 middlegame pillsburysMate sacrifice,https://lichess.org/vL40UY05/black#58,
wSbIy,r1b2rk1/ppp2pp1/7p/4p2n/P5P1/2P1q2P/1PB1NQ2/3R1RK1 b - - 1 20,e3h3 f2f7 f8f7 d1d8 f7f8 f1f8,1916,111,89,32,kingsideAttack long mate mateIn3 middlegame pillsburysMate sacrifice,https://lichess.org/VwGDz1zQ/black#40,
wY8Nx,1rb3k1/6nR/p1n1p1B1/1p4p1/6P1/2N1b3/PPP5/1K3R2 b - - 0 27,c6e5 h7h8 g8h8 f1f8,1914,77,94,13627,attraction mate mateIn2 middlegame pillsburysMate sacrifice short,https://lichess.org/diyKwXXx/black#54,
wYI5r,8/6p1/p5Pk/7p/P1P1P1br/5BN1/4nP1K/R1R5 w - - 1 41,h2g2 g4h3 g2h2 h3f1,2173,77,96,1728,discoveredAttack discoveredCheck mate mateIn2 middlegame pillsburysMate short,https://lichess.org/QWFbwJV1#81,
wZgU8,4k1r1/pb1p1p1p/1q3Q2/8/8/3BP1b1/P1PB1P1P/R4RK1 w - - 0 20,f6b6 g3d6 d3g6 g8g6,2047,88,82,73,discoveredAttack discoveredCheck mate mateIn2 middlegame pillsburysMate short,https://lichess.org/PMjcuJ0M#39,
wcLyT,5r1k/1p4p1/p1n3p1/5p2/2BP4/8/PP4PP/3R2K1 b - - 4 25,f8d8 d1d3 d8d4 d3h3 d4h4 h3h4,1973,76,96,7500,endgame long master mate mateIn3 pillsburysMate quietMove,https://lichess.org/Z9KsNt7H/black#50,
wcSj0,2r1r3/1k4p1/p3b2p/P3N3/QB1p4/3Pb3/1P2K1PP/4R3 w - - 3 36,e5c4 e6g4 e2f1 e8f8 b4f8 c8f8,1958,75,87,973,long mate mateIn3 middlegame pillsburysMate sacrifice,https://lichess.org/EFoO2dyS#71,
wcwY2,6Q1/1p1k1P2/p2r4/7p/6P1/1PpP4/P1Rbr1K1/8 w - - 3 41,g2h3 d6d3 h3h4 e2h2,2094,79,94,14139,endgame mate mateIn2 pillsburysMate short,https://lichess.org/RxrGbHXf#81,
weIFY,4rr1k/p5pp/3b1q2/8/3p2Q1/7P/PPPP1PP1/R1B2RK1 w - - 5 18,d2d3 f6f2 f1f2 e8e1 f2f1 e1f1,1911,80,92,1828,kingsideAttack long mate mateIn3 middlegame pillsburysMate sacrifice,https://lichess.org/M2wcZGxE#35,Ruy_Lopez Ruy_Lopez_Schliemann_Defense
wedpj,4r1k1/pp3pbp/2nN2p1/2qR1b2/8/1QP4P/PP3PpB/5BK1 w - - 0 21,d5c5 g2f1q g1f1 f5h3 f1g1 e8e1,1975,75,94,12967,advancedPawn attraction kingsideAttack long master mate mateIn3 middlegame pillsburysMate promotion,https://lichess.org/CGaFBEu0#41,
wi2gd,2kr4/ppp2p2/q3bQ1p/8/1P6/2N2NPP/1PP1PPB1/2K4R w - - 1 19,h1d1 a6a1 c3b1 a1b1 c1b1 d8d1,2114,74,93,1971,attraction deflection long mate mateIn3 middlegame pillsburysMate queensideAttack,https://lichess.org/Kz9vMuIz#37,
wmEDa,7k/pp3R1p/8/2b1r3/3Nr3/2P5/PP1R1KPP/8 w - - 3 27,f7b7 e5f5 f2g3 c5d6 g3h3 f5h5,1917,74,95,2684,endgame long mate mateIn3 pillsburysMate pin,https://lichess.org/UBz7q3W5#53,
ww4bG,r3k3/1pp2p1p/1b1pb1r1/pP6/P1P1PRpq/8/3N2PP/R1BQN2K w q - 1 19,c1b2 h4h2 h1h2 g4g3 h2h1 g6h6 d1h5 h6h5 f4h4 h5h4,2058,80,92,215,attraction kingsideAttack mate mateIn5 middlegame pillsburysMate sacrifice veryLong,https://lichess.org/yBXghj8b#37,
wyvED,5r2/p1p3k1/6p1/4P1Q1/1bP5/P2pPq2/1P6/R2K2R1 w - - 1 34,d1c1 f3f1 g1f1 f8f1,1955,76,96,2315,endgame mate mateIn2 pillsburysMate sacrifice short,https://lichess.org/yNnDUi3w#67,
x2hjs,2kr3r/ppp2pp1/5n1p/2b1pnNq/4N1b1/3P1P2/PPP1B1PP/R1BQR2K w - - 0 13,f3g4 h5h2 h1h2 h6g5,2159,75,94,5429,discoveredAttack discoveredCheck kingsideAttack mate mateIn2 middlegame pillsburysMate sacrifice short,https://lichess.org/a6V2kj4x#25,Scandinavian_Defense Scandinavian_Defense_Modern_Variation
x3LJN,r6r/2p1k1b1/pp1pB2q/3P4/1PP1N1p1/P4pP1/2Q4P/R4RK1 w - - 1 34,a1b1 g7d4 g1h1 h6h2 c2h2 h8h2 h1h2 a8h8,2165,78,95,8003,attraction kingsideAttack mate mateIn4 middlegame pillsburysMate sacrifice veryLong,https://lichess.org/8TgXGEAa#67,
x5udl,r2q3k/pp2b1pp/4Brp1/3pN3/3P1P2/3KP2Q/PP4P1/R7 b - - 2 26,d8d6 h3h7 h8h7 a1h1,2055,75,96,3424,attraction kingsideAttack mate mateIn2 middlegame pillsburysMate sacrifice short,https://lichess.org/VXTwFrBT/black#52,
x6s5W,r7/8/2nR2kp/2P1P1pN/2b3p1/1pB2P1P/8/6K1 b - - 1 47,g6h5 h3g4 h5h4 c3e1 h4h3 d6h6,2166,78,93,5270,endgame long mate mateIn3 pillsburysMate,https://lichess.org/Agsy9ong/black#94,
x7jm3,2k1r3/2p2p2/p7/8/1P1N1p2/2P4b/3R1PrP/5K1R w - - 2 31,d2e2 g2g1 f1g1 e8g8,2142,79,81,191,attraction discoveredCheck doubleCheck endgame mate mateIn2 pillsburysMate sacrifice short,https://lichess.org/QdONCj3N#61,
x8hxL,1r6/2R2p1p/4b3/p2pP3/5kPP/3PR3/rp3BK1/8 b - - 1 40,b2b1q c7c4 d5d4 c4d4,2027,83,81,68,mate mateIn2 middlegame pillsburysMate short,https://lichess.org/7aFd3Dud/black#80,
x9M9g,4k3/ppR5/b4p2/2N1pB2/2n1P3/5PK1/r7/8 b - - 5 39,c4e3 f5g6 e8f8 c5e6 f8g8 c7c8,2051,78,88,567,endgame exposedKing long mate mateIn3 pillsburysMate,https://lichess.org/HnzDi9AO/black#78,
xCeWs,4rr1k/1Q4p1/p1p2q1p/5R2/3b4/2NB4/PPP3PP/4R1K1 w - - 1 22,g1f1 f6f5 d3f5 f8f5,1918,82,91,6218,mate mateIn2 middlegame pillsburysMate short,https://lichess.org/ZG468bFR#43,
xDKdv,3r2k1/pr4b1/1q3pQ1/5N2/2b3P1/2B1P3/P2P1P2/R3K1R1 w Q - 3 28,c3f6 b6b1 a1b1 b7b1,2048,84,88,140428,mate mateIn2 middlegame pillsburysMate sacrifice short,https://lichess.org/hPGrJEpB#55,
xDiGt,r6r/B1k2pp1/Bp2p2p/1PbnP3/1P6/8/5PPP/2RR2K1 b - - 0 25,d5b4 c1c5 b6c5 b5b6 c7c6 d1d6,1960,75,88,779,long mate mateIn3 middlegame pillsburysMate sacrifice,https://lichess.org/JaM6xlm4/black#50,
xE1HY,6rk/pp3p2/2p4B/4p3/Pb2p3/6r1/2PR2P1/3K3R b - - 1 34,b4d2 h6f8 g3h3 h1h3 d2h6 h3h6,1905,75,96,6804,discoveredAttack discoveredCheck endgame exposedKing long mate mateIn3 pillsburysMate,https://lichess.org/f6i9rL3O/black#68,
xEhuR,6k1/5p1p/6p1/B5P1/P4P1P/r4K2/1b1R4/8 w - - 3 35,f3g4 h7h5 g5h6 f7f5 g4g5 a3g3,2170,77,97,1211,endgame long mate mateIn3 pillsburysMate,https://lichess.org/E0fttY0q#69,
xGgay,8/1q4k1/3p2r1/1prPpp2/PR3b2/3Q3P/1P3P2/1B1R3K w - - 0 36,d3f5 b7d5 d1d5 c5c1 d5d1 c1d1,2031,79,87,261,exposedKing long master mate mateIn3 middlegame pillsburysMate sacrifice,https://lichess.org/IyAMBsV4#71,
xGjeH,r3k3/1p3p1r/4pBp1/8/2Qp4/P3PPb1/1P5q/2RK1R2 b q - 1 29,d4e3 c4b5 e8f8 b5c5 g3d6 c5c8 a8c8 c1c8,2078,75,86,212,mate mateIn4 middlegame pillsburysMate sacrifice veryLong,https://lichess.org/YrFdzLaO/black#58,
xIqYf,3r4/1R5p/5kp1/p3b1n1/P7/4P1KB/R5PP/8 w - - 6 33,g3g4 h7h5 g4h4 g5f3 g2f3 g6g5 h4h5 d8h8 b7h7 h8h7 h5g4 h7h4,2033,75,95,12819,endgame mate mateIn5 pillsburysMate sacrifice veryLong,https://lichess.org/7uffUbYD#65,
xLg5S,r4r2/1bp2Np1/1p1p2kp/p2P1Bn1/2P5/2P5/P6P/4RRK1 b - - 1 26,g6f7 f5h7 g5f3 f1f3,1922,79,93,4687,discoveredAttack discoveredCheck master mate mateIn2 middlegame pillsburysMate short,https://lichess.org/0bJwlpjc/black#52,
xNUaM,5k2/1R2p3/3pNbp1/2pB3p/2P4P/6PK/3r1r2/8 b - - 1 38,f8e8 b7b8 e8d7 b8d8,2010,87,83,149,endgame mate mateIn2 pillsburysMate short,https://lichess.org/BMGOk3Bi/black#76,
xP41E,r6r/pp5p/2p1k1pP/2q1NbP1/4R3/2PB4/PP3Q2/1K1R4 b - - 0 30,c5f2 d3c4 e6e7 e5g6,2081,87,91,1722,discoveredCheck doubleCheck mate mateIn2 middlegame pillsburysMate short,https://lichess.org/Muvv7973/black#60,
xSMSB,8/7R/8/1B3p2/P6P/r5bK/5k2/8 w - - 2 50,h7d7 g3d6 b5d3 a3d3,2085,98,70,61,discoveredAttack discoveredCheck endgame mate mateIn2 pillsburysMate short,https://lichess.org/DCnmYHxd#99,
xTHeK,8/1b5p/p4Rp1/2rkn1B1/8/1B5P/1b1K2P1/8 b - - 3 38,d5d4 g5e3 d4e4 f6f4,2140,85,91,446,epauletteMate mate mateIn2 middlegame operaMate pillsburysMate short,https://lichess.org/UEv0v0IL/black#76,
xU9BO,8/RN6/2k2K2/1pP2B2/1P4p1/4r3/6P1/5n1r b - - 0 43,f1g3 b7a5 c6d5 a7d7,2043,83,90,1484,endgame mate mateIn2 pillsburysMate short,https://lichess.org/JdXBF1kM/black#86,
xaCun,7r/ppp1k3/4b1Q1/8/5qpb/8/PPP3PK/4RR2 w - - 0 25,f1f4 h4f2 g6h7 h8h7,1904,80,65,337,discoveredAttack discoveredCheck endgame mate mateIn2 pillsburysMate short,https://lichess.org/paJpuGDP#49,
xaZaT,4R1k1/1b3rn1/p5R1/Pp4pB/8/7P/1PPr1PP1/6K1 b - - 8 33,g8h7 g6h6 h7h6 e8h8,1996,74,95,16015,attraction mate mateIn2 middlegame pillsburysMate sacrifice short,https://lichess.org/CpPfLNtE/black#66,
xbTeQ,5r2/1bkpb3/p3p3/1p2P2p/3n2r1/2NB1N2/PPP1QPPP/R4RK1 w - - 7 19,f3d4 g4g2 g1h1 g2g1 h1g1 f8g8 d3g6 g8g6 e2g4 g6g4,2150,77,94,1879,attraction discoveredCheck doubleCheck kingsideAttack mate mateIn5 middlegame pillsburysMate sacrifice veryLong,https://lichess.org/5Vt6s7Yc#37,
xcJVP,3r2k1/2b2ppp/r1qp3B/p1p5/8/1P3PQ1/2PR2PP/3R2K1 b - - 9 29,g7g6 g3e5 d6e5 d2d8 c7d8 d1d8 c6e8 d8e8,1940,76,92,1011,kingsideAttack mate mateIn4 middlegame pillsburysMate sacrifice veryLong,https://lichess.org/VTlt4wGi/black#58,
xe2T8,2b3k1/p1p1Kr1p/2p5/8/2P3r1/P2B4/1P4PP/3R3R w - - 7 31,e7e8 f7f8 e8e7 g4g7,2031,77,94,3449,endgame mate mateIn2 pillsburysMate short,https://lichess.org/2W4VhMwE#61,
xecMZ,r4rk1/pp4pp/2p5/q2npbP1/4B2Q/3P4/PP2PP2/R3K1NR w KQ - 5 18,e1f1 d5e3 f2e3 f5h3,1921,76,95,1540,discoveredCheck doubleCheck mate mateIn2 middlegame pillsburysMate sacrifice short,https://lichess.org/a92Qpysi#35,Grob_Opening Grob_Opening_Grob_Gambit
xgDiA,rRb3k1/5ppp/8/p7/3PpB2/3nP1P1/1R1N1PKP/2r5 w - - 5 23,b8a8 d3e1 g2h1 e1f3 d2f1 c1f1 h1g2 f1g1,1903,76,89,2341,discoveredAttack discoveredCheck epauletteMate hookMate mate mateIn4 middlegame pillsburysMate veryLong,https://lichess.org/j0EGzPK2#45,
xiD9N,8/2p5/1p1p1n2/p2Pr3/P1PKP2k/3B2p1/8/6R1 b - - 0 47,e5g5 g1h1 h4g4 d3e2 g4f4 h1f1,1934,76,95,14616,endgame long master mate mateIn3 pillsburysMate,https://lichess.org/OvxfplrS/black#94,
xkMZ0,r1bq2k1/3n2p1/p1p1p1Qp/3pP3/8/2NBb3/PPP3PP/5R1K b - - 0 18,d7f8 g6f7 g8h8 f7f8 d8f8 f1f8,2033,76,94,13551,deflection kingsideAttack long mate mateIn3 middlegame pillsburysMate,https://lichess.org/GZlcCzbw/black#36,Sicilian_Defense Sicilian_Defense_Modern_Variations
xmZ4i,rk3b1r/1p3qp1/p1p2p1p/2P1Nb1P/4p3/1Q2P1B1/PP3PP1/2KR3R b - - 0 20,f7b3 e5c6 b8c8 d1d8,1906,78,86,287,discoveredCheck doubleCheck mate mateIn2 middlegame pillsburysMate queensideAttack short,https://lichess.org/CK0iu0ut/black#40,
xser2,3r3r/pk2Q3/1np4p/3b2p1/3P4/2P1P1BP/4q1P1/RR4K1 b - - 10 27,d8d7 e7d7 b7a8 a1a7,1931,81,92,6906,mate mateIn2 middlegame pillsburysMate pin short,https://lichess.org/2J7pjaY1/black#54,
xt5DF,r1r1n1k1/3b2pp/5p1Q/p2R4/Pq5P/1B4R1/1PP2PP1/1K6 b - - 0 25,g8h8 h6h7 h8h7 d5h5,2092,81,92,3771,attraction kingsideAttack mate mateIn2 middlegame pillsburysMate sacrifice short,https://lichess.org/G8yWHUcr/black#50,
xu6XC,2r3k1/pp4pp/2qb1r2/8/2P3n1/1Q3N2/PPB2P2/R1B1R1K1 w - - 2 24,f3d4 d6h2 g1f1 f6f2,1990,98,87,41,kingsideAttack mate mateIn2 middlegame pillsburysMate short,https://lichess.org/Buxaf9ou#47,
xuKWF,r5r1/1q3p1k/p1p1pBb1/4R2Q/3P2P1/2P4R/5P2/6K1 b - - 0 31,g6h5 e5h5 h7g6 h5h6,2079,90,91,3674,master mate mateIn2 middlegame pillsburysMate short,https://lichess.org/OUCas1Z0/black#62,
xv8hP,r1b3kr/pp4p1/2p1pnQp/3q4/3P4/B1PB4/P1P3PP/5RK1 b - - 1 17,d5g5 g6e8 f6e8 f1f8,2115,81,79,450,kingsideAttack mate mateIn2 middlegame operaMate pillsburysMate sacrifice short,https://lichess.org/zo3ORoJK/black#34,Caro-Kann_Defense Caro-Kann_Defense_Ulysses_Gambit
xwRQx,6k1/p2p2pp/2p5/2Rp1r2/3Ppq1P/BP1b4/P2P1P2/3QK1R1 w - - 0 22,d1g4 f4f2 e1d1 f2f1 g1f1 f5f1,1915,75,70,158,attackingF2F7 long mate mateIn3 middlegame pillsburysMate sacrifice,https://lichess.org/JKS4iWKO#43,
xyxdP,2rq1rk1/5ppp/p1n1pb2/1p6/4pPQ1/P1B1P2P/NP3P2/1K4RR b - - 3 21,a6a5 g4g7 f6g7 g1g7 g8h8 g7g8 h8g8 h1g1 d8g5 g1g5,1950,77,86,938,attraction discoveredCheck doubleCheck kingsideAttack mate mateIn5 middlegame pillsburysMate sacrifice veryLong,https://lichess.org/b9Yd2Q2H/black#42,
y0B8S,4rkr1/pp2bp1p/1nb3p1/4B2q/2p2Q2/2N2NP1/7P/4RRK1 b - - 5 26,b6d5 f4f7 f8f7 f3g5,2181,84,82,133,attraction discoveredCheck doubleCheck mate mateIn2 middlegame pillsburysMate sacrifice short,https://lichess.org/jaBYJG1O/black#52,
y0BHh,6k1/q3p2p/3p2pP/2nP1r2/r4PQ1/8/4B3/2R2R1K b - - 2 31,c5e4 c1c8 g8f7 g4f5 g6f5 e2h5 f7f6 c8f8,2053,83,92,1515,clearance mate mateIn4 middlegame pillsburysMate sacrifice veryLong,https://lichess.org/ZZT5klI5/black#62,
y0hnw,r2qnrk1/p1pn1pQp/1p2p3/8/8/1B1P1P2/PBP2P1P/R5RK b - - 0 16,e8g7 g1g7 g8h8 g7g8 h8g8 a1g1 d8g5 g1g5,2038,76,86,311,attraction discoveredCheck doubleCheck kingsideAttack mate mateIn4 middlegame pillsburysMate sacrifice veryLong,https://lichess.org/84A80t4m/black#32,Owen_Defense Owen_Defense_Other_variations
y9MWU,6k1/7p/2rb1pp1/PR1p4/8/r4N2/3KB2P/7R w - - 0 32,b5d5 d6b4 d2d1 a3a1,2128,81,85,98,mate mateIn2 middlegame pillsburysMate short,https://lichess.org/wcPCm9hJ#63,
yGIr7,7r/kp3R2/p1p1P3/5BN1/1b3B2/1Pn5/2P3P1/6K1 w - - 3 29,e6e7 b4c5 f4e3 c5e3 g1f1 h8h1,1974,76,96,2566,fork long mate mateIn3 middlegame pillsburysMate,https://lichess.org/oaDy6DrD#57,
yISDj,rn3rk1/ppp1Qp1p/1b3p2/3p3q/3p4/3B1N1P/PPP5/R1B1R1K1 b - - 0 19,h5f3 e7f8 g8f8 c1h6 f8g8 e1e8,2097,76,95,4639,attraction kingsideAttack long mate mateIn3 middlegame pillsburysMate sacrifice,https://lichess.org/XI1ZVvmD/black#38,
yJ3zM,3r4/1p5p/p1nR2pb/2p1pp2/6kP/2P3P1/PP3PK1/5B2 b - - 10 31,f5f4 f1e2 f4f3 e2f3 g4f5 g3g4 f5f4 d6f6,1926,83,92,134149,endgame mate mateIn4 pillsburysMate veryLong,https://lichess.org/GtJLrFr7/black#62,
yJo5i,4nk2/1p3ppQ/2p4p/3p4/1PnP3q/r4P2/2B2P1P/4R2K b - - 3 25,e8f6 h7h8 f6g8 h8g8 f8g8 e1e8,2171,77,94,8677,attraction long mate mateIn3 middlegame pillsburysMate sacrifice,https://lichess.org/WphJ6oe7/black#50,
yKlj4,r5k1/5pp1/P3b2p/3p4/3q4/1r1BR1K1/2R1Q1PP/8 b - - 3 34,a8a6 c2c8 e6c8 e3e8,1964,77,77,221,mate mateIn2 middlegame pillsburysMate sacrifice short,https://lichess.org/LGWQpJmv/black#68,
yN15S,1k1r2r1/3pQp1p/p3p3/1p2q3/4b3/P4N2/1PB2PPP/2R2RK1 w - - 0 22,f3e5 g8g2 g1h1 g2g1 h1g1 d8g8 e7g5 g8g5 e5g4 g5g4,2067,77,94,14324,attraction discoveredCheck doubleCheck fork mate mateIn5 middlegame pillsburysMate sacrifice veryLong,https://lichess.org/yJuoBDTP#43,
yOtv2,5rk1/1pp3pp/pbnp2q1/4p3/1P4bN/P1PP2P1/4Br1P/2RQRNK1 w - - 0 20,h4g6 f2f1 g1g2 f8f2,2102,78,96,3079,blindSwineMate discoveredCheck doubleCheck kingsideAttack mate mateIn2 middlegame operaMate pillsburysMate short,https://lichess.org/ZCTpGqvH#39,
yRuWc,3k4/p5Rp/6p1/4Rb2/8/4bNPP/P1r3K1/8 w - - 5 40,g2f1 f5d3 f1e1 c2c1,2071,83,95,16542,endgame mate mateIn2 pillsburysMate short,https://lichess.org/NxINp5pA#79,
yVOq9,r1b2rk1/pp3pp1/7p/3pb1qP/6n1/3B1QN1/P1P3K1/4RR2 b - - 3 26,e5g3 f3f7 f8f7 e1e8 f7f8 f1f8,2035,77,63,79,kingsideAttack long master mate mateIn3 middlegame pillsburysMate sacrifice,https://lichess.org/HdCLDvyG/black#52,
yYq0V,3r3r/1Pb3p1/4p1p1/1b1pn1q1/1k1p4/3B2B1/2P3PP/1R4K1 b - - 1 26,b4c3 g3e1 g5d2 b1b3,1953,91,80,88,mate mateIn2 middlegame pillsburysMate pin short,https://lichess.org/RGHtlET6/black#52,
yZ1yH,2b2r2/8/ppk3PP/3p1P2/2pPnK2/4P3/PPB5/7R w - - 0 40,h6h7 f8f5 f4g4 f5f1 g4h5 f1h1,1907,76,95,1698,discoveredAttack discoveredCheck endgame long mate mateIn3 pillsburysMate,https://lichess.org/IZH4wdbF#79,
yZTOO,2R5/4Bpkp/8/4P1p1/8/P3b1NP/1r4n1/7K b - - 1 35,g2h4 e7f8 g7g6 c8c6 f7f6 c6f6,2182,77,93,1183,endgame long mate mateIn3 pillsburysMate,https://lichess.org/yGjqE4ta/black#70,
yaCvX,8/pk2R3/1p6/1B1p3p/P2P4/2P4b/1r4rB/4K3 b - - 13 46,b7c8 e7e8 c8b7 e8b8,1951,82,93,2155,endgame mate mateIn2 operaMate pillsburysMate short,https://lichess.org/UHAHCrQw/black#92,
ydGWl,r1b4r/pk3ppp/2p1p3/8/R4B2/8/PKP2nPP/5B1R b - - 0 17,f2h1 a4b4,2040,79,84,374,master masterVsMaster mate mateIn1 middlegame oneMove pillsburysMate,https://lichess.org/8SmbXAHP/black#34,Sicilian_Defense Sicilian_Defense_Wing_Gambit
ygOk4,r3k2r/ppp2pp1/3p1n1p/2b3B1/2BnP1b1/8/PPP2PPP/RN1Q1RK1 w kq - 2 13,f2f3 d4e2 g1h1 e2g3 h2g3 h6g5,1930,93,86,37,discoveredAttack discoveredCheck doubleCheck kingsideAttack long mate mateIn3 middlegame pillsburysMate,https://lichess.org/7eXlyrU8#25,Bishops_Opening Bishops_Opening_Boi_Variation
ygr3P,r1b2Q1k/pp1q2bp/2n3p1/2pB2B1/P7/3P4/1PP3PP/5RK1 b - - 6 18,g7f8 f1f8 h8g7 f8g8,1901,94,81,82,kingsideAttack mate mateIn2 middlegame operaMate pillsburysMate short,https://lichess.org/Xah3jAwh/black#36,Sicilian_Defense Sicilian_Defense_McDonnell_Attack
yi27u,4Qbk1/5p1p/6p1/3r4/P1p2B2/8/1q3PPP/4R1K1 b - - 2 23,c4c3 e8f8 g8f8 f4h6 f8g8 e1e8,2029,77,90,2095,attraction endgame long master mate mateIn3 pillsburysMate sacrifice,https://lichess.org/xUU49z0y/black#46,
yjPNo,1k2r2r/ppp5/3b1p2/3n4/6Q1/2PP1N2/PP3PP1/R4K2 w - - 3 22,a1e1 h8h1 f3g1 h1g1 f1g1 e8e1,1935,75,89,1431,attraction deflection long mate mateIn3 middlegame pillsburysMate,https://lichess.org/ulM9TpDL#43,
ylSQ3,7k/1Bp4p/3b4/3N1pp1/8/6PK/4r2P/2R5 w - - 0 36,d5c7 g5g4 h3h4 d6e7 h4h5 e2h2,1934,78,92,147,endgame long mate mateIn3 pillsburysMate,https://lichess.org/a5EKV45l#71,
ynoD7,5r1k/pp5p/8/3Bn1B1/4K1b1/2r2NP1/Pq5P/R2Q1R2 b - - 3 23,e5f3 d1d4 f3d4 f1f8 h8g7 f8g8,2122,75,95,6090,long master mate mateIn3 middlegame operaMate pillsburysMate sacrifice,https://lichess.org/YVrb1RBg/black#46,
ywnd7,r3r1k1/pp1qBbQp/2ppn1pP/3Np3/4Pp2/1P1P4/1PP2PP1/R3K2R b KQ - 1 22,e6g7 d5f6 g8h8 h6g7 h8g7 h1h7,1954,74,94,14849,advancedPawn attraction discoveredAttack fork long mate mateIn3 middlegame pillsburysMate,https://lichess.org/K5hriYp4/black#44,
yxQaq,7k/1pp5/1b1p1N1r/p2P4/P3P3/2N3Pb/1P3P1K/R2R4 w - - 5 33,f6e8 b6f2 e8f6 h3f1 f6h5 h6h5,2016,78,89,1949,discoveredAttack discoveredCheck long mate mateIn3 middlegame pillsburysMate,https://lichess.org/neKZzGZ0#65,
yzBTF,8/1kp2R1R/p1p5/4b2N/4P3/2N4b/PPr5/7K w - - 0 26,f7e7 c2c1 c3d1 c1d1,1967,81,88,1091,mate mateIn2 middlegame pillsburysMate short,https://lichess.org/NpGg0WuW#51,
yzw19,4q2k/5pp1/1Qp1b2p/5B2/5n2/4R2P/2P3PK/r7 b - - 9 41,e8d7 b6b8 d7c8 b8c8 e6c8 e3e8,2076,78,82,107,fork long mate mateIn3 middlegame pillsburysMate,https://lichess.org/OXjSpjFM/black#82,
z0l9r,r1bq1r1k/pp2b1pp/n7/3B1pB1/3PnN1P/P4Q2/1PP2PP1/2KR3R b - - 0 16,e4g5 f4g6 h7g6 h4g5,2001,78,83,264,discoveredAttack discoveredCheck intermezzo kingsideAttack mate mateIn2 middlegame pillsburysMate short,https://lichess.org/pr1h6OSF/black#32,Dutch_Defense Dutch_Defense_Raphael_Variation
z2Y5D,r3r2k/5R1p/1p1pB1pB/pPpP4/1n1b4/7R/1P4PP/7K b - - 0 28,b4d5 f7h7 h8h7 h6f8,2114,76,96,2653,discoveredAttack discoveredCheck kingsideAttack master mate mateIn2 middlegame pillsburysMate sacrifice short,https://lichess.org/jTrDbZSf/black#56,
z6tBZ,8/p3kpp1/q6p/2rPpP2/1pP2P2/2b1Q3/P1P4P/1K1R2R1 w - - 0 30,f4e5 a6a2 b1a2 c5a5 a2b3 a5a3,1977,90,86,46,attraction endgame long mate mateIn3 pillsburysMate queensideAttack sacrifice,https://lichess.org/53jf9zdx#59,
z8CdV,2kr4/pp3ppp/1b3q2/1Pp2P2/P3K3/B1P1PQ1P/6B1/R3R3 w - c6 0 23,e4f4 b6c7 f4g4 h7h5 g4h5 d8h8 h5g4 h8h4,2035,76,97,2178,attraction killBoxMate mate mateIn4 middlegame pillsburysMate veryLong,https://lichess.org/NUcBQD9Y#45,
z9i4Q,3k4/R7/2ppBn2/4pPp1/1P2P3/2P1Bpb1/7r/6K1 b - - 1 42,f6e4 e3b6 d8e8 a7a8 e8e7 b6d8 e7f8 d8f6,1912,92,87,55,discoveredAttack discoveredCheck endgame exposedKing mate mateIn4 pillsburysMate veryLong,https://lichess.org/oJ7e26iE/black#84,
zBX8W,2r2bk1/1p3p1p/6p1/5b1n/pQ5N/2Pr4/PP1N1PP1/2KR3R w - - 2 23,b4b7 d3c3 b2c3 f8a3 b7b2 c8c3,2119,77,91,336,intermezzo long mate mateIn3 middlegame pillsburysMate pin queensideAttack sacrifice,https://lichess.org/q0AS037O#45,
zFybK,r5rk/pbp2p2/1p1b1p1p/8/2N5/1P1B4/P1P2PPP/3R1RK1 w - - 5 20,c4d6 g8g2 g1h1 g2g1 h1g1 a8g8 d3g6 g8g6,2157,77,93,9101,attraction discoveredCheck doubleCheck kingsideAttack mate mateIn4 middlegame pillsburysMate sacrifice veryLong,https://lichess.org/CuYCkKvL#39,
zGEkH,4kbnr/pR1b1ppp/4p3/3pP1B1/8/2r5/P4PPP/4KB1R b Kk - 0 14,f8c5 b7b8 d7c8 f1b5 e8f8 b8c8,2091,75,96,1946,long mate mateIn3 middlegame pillsburysMate pin,https://lichess.org/li7oKyX0/black#28,French_Defense French_Defense_Advance_Variation
zIAIv,r1b1k2r/3n3p/4pp2/3p2p1/5K2/5P2/P2NPbPP/2RQ1BNR w kq - 0 18,f4g4 h7h5 g4h3 g5g4 f3g4 h5g4 h3g4 d7e5 g4f4 h8h4 g2g4 h4g4,2065,74,94,16226,attraction discoveredCheck doubleCheck hookMate mate mateIn5 middlegame pillsburysMate veryLong,https://lichess.org/skHSfpTN#35,Queens_Pawn_Game Queens_Pawn_Game_Levitsky_Attack
zKuxN,3r2kr/ppq3p1/7p/3B4/6n1/5QPb/PPP2P1b/R1B1R2K b - - 0 22,g8h7 f3e4 g7g6 e4e7 c7e7 e1e7,2139,79,90,456,epauletteMate long mate mateIn3 middlegame pillsburysMate,https://lichess.org/WvCX65MZ/black#44,
zN22M,5B2/1p5p/2n3p1/3B2k1/2pP4/pqP1R1K1/7P/8 b - - 1 33,a3a2 h2h4 g5f6 e3f3,1953,78,81,128,endgame master mate mateIn2 pillsburysMate short,https://lichess.org/wggBFD2d/black#66,
zNXwo,1q3rk1/1p1b2rp/p2bp3/3p2pN/4n3/P1BQ4/1P3PPP/1BR1R1K1 w - - 8 29,c3g7 d6h2 g1f1 f8f2,1966,79,78,92,kingsideAttack master mate mateIn2 middlegame pillsburysMate short,https://lichess.org/LMHvgoMW#57,
zOT7r,3r2k1/1Q4p1/p6p/q3p1B1/2b2p2/2N2P2/1PP3PP/3K1B1R w - - 1 27,d1c1 a5a1 c3b1 a1b1 c1b1 d8d1,1962,79,77,79,attraction long mate mateIn3 middlegame pillsburysMate queensideAttack sacrifice,https://lichess.org/wRKYZdqo#53,
zW6di,r4rk1/5ppp/p7/1p6/5q2/2B2N2/PPP4P/1K4RR b - - 1 24,f4f3 g1g7 g8h8 g7g8 h8g8 h1g1 f3g2 g1g2,2099,76,87,328,attraction discoveredCheck doubleCheck endgame mate mateIn4 pillsburysMate sacrifice veryLong,https://lichess.org/UZ5qwzRO/black#48,
zWCUI,rn2k1nr/2p1bpp1/8/1p2N3/p3P3/P1P3Pb/BP1N1q1P/R1BQR2K w kq - 3 19,e1g1 f2h2 h1h2 h3f1 d1h5 h8h5,2016,78,91,3780,discoveredAttack discoveredCheck kingsideAttack long mate mateIn3 opening pillsburysMate sacrifice,https://lichess.org/6Yn4c5Of#37,Philidor_Defense Philidor_Defense_Other_variations
zX3Bz,5r2/1r1R1p1k/p3p2p/1ppbN3/2p3R1/b7/2B2PPP/6K1 b - - 7 25,h7h8 e5f7 f8f7 d7d8 f7f8 d8f8,1901,78,88,544,exposedKing kingsideAttack long mate mateIn3 middlegame pillsburysMate sacrifice,https://lichess.org/vPmg8tTI/black#50,
zZmgT,2k1r3/ppp5/5p2/2bR1q2/5Bp1/P1P1n1P1/1P3K2/5N1Q w - - 0 24,d5f5 e3d1 f2g2 e8e2,2037,77,95,621,discoveredCheck doubleCheck mate mateIn2 middlegame pillsburysMate short,https://lichess.org/vfCzb5Uv#47,
zeRR6,3rk3/p6R/n5NN/8/8/P3P3/b1p2PPP/2Br1RK1 w - - 3 35,h6f5 d1f1 g1f1 a2c4 f1e1 d8d1,2033,84,74,101,attraction long mate mateIn3 middlegame pillsburysMate,https://lichess.org/BPsalCxX#69,
ziY5w,r3r1k1/pppq1Rbn/3p2p1/4p1Bp/2B1P2P/2N1P3/PPK3P1/5R2 b - - 0 18,d7c6 f7f8,1938,79,92,10509,discoveredCheck doubleCheck mate mateIn1 middlegame morphysMate oneMove pillsburysMate,https://lichess.org/Ncbl2VLo/black#36,Modern_Defense Modern_Defense_Other_variations
zk9Zc,2r3k1/4qpp1/b3p3/2p1P1PB/2pr1P2/1p6/1P5R/1Q1R2K1 b - - 1 39,d4f4 b1h7 g8h7 h5f7 f4h4 h2h4,1977,75,96,6530,deflection discoveredAttack discoveredCheck long mate mateIn3 middlegame pillsburysMate sacrifice,https://lichess.org/cpjSvZA6/black#78,
zlzC5,1k1r4/p3qp2/5Q2/2p1p3/4b2p/3P4/PPP2PrP/R4R1K w - - 0 20,f6e7 g2g1 h1g1 d8g8 e7g5 g8g5,2000,79,93,533,attraction discoveredCheck doubleCheck endgame long mate mateIn3 pillsburysMate sacrifice,https://lichess.org/TFDxpR7v#39,
znuzx,7Q/pp1k3p/2qPp1pb/8/2r5/2N3PN/2K2P1P/3R3R w - - 3 23,d1d3 c6a4 c2b1 c4b4,1962,78,83,420,mate mateIn2 middlegame pillsburysMate pin short,https://lichess.org/XTJRIuwb#45,
zoRRD,r2q3k/pR5p/2npB1pB/8/4P3/2b2P2/P5P1/5KNR b - - 0 22,a8b8 b7h7 h8h7 h6f8 d8h4 h1h4,1956,98,89,68,discoveredAttack discoveredCheck long master mate mateIn3 middlegame pillsburysMate sacrifice,https://lichess.org/IFGiwioO/black#44,
zoYK4,6k1/R5pp/1p6/1b1pP3/1N1P4/1P2b1N1/1P5r/3K4 w - - 0 38,g3f5 h2h1 d1c2 h1c1,1925,75,97,1134,endgame master mate mateIn2 operaMate pillsburysMate short,https://lichess.org/wXJN6Ho9#75,
zopEC,2k3r1/2p2N1r/ppb1p3/7p/3P4/2P5/PP3PPP/R4RK1 w - - 0 21,f7e5 g8g2 g1h1 g2g1 h1g1 h7g7 e5g4 g7g4,2072,77,87,213,attraction discoveredCheck doubleCheck endgame kingsideAttack mate mateIn4 pillsburysMate sacrifice veryLong,https://lichess.org/5j3SVdvf#41,
zp1Zw,r4rk1/pppqbppp/3p1n2/3N4/4P3/1P5P/PBPKBP2/R5R1 b - - 6 17,f6d5 g1g7 g8h8 g7g8 h8g8 a1g1 d7g4 g1g4 e7g5 g4g5,2115,77,92,11142,attraction discoveredCheck doubleCheck kingsideAttack mate mateIn5 middlegame pillsburysMate sacrifice veryLong,https://lichess.org/EyyDFU3n/black#34,Philidor_Defense Philidor_Defense_Other_variations
zuqJa,r5r1/p6p/4b1n1/NBB1k3/1P2p3/2P5/P1n2RPP/6K1 b - - 11 32,c2a3 a5c6 e5d5 f2d2,2079,76,94,1687,mate mateIn2 middlegame pillsburysMate short,https://lichess.org/yaNsItA2/black#64,
zusYG,8/8/1R6/p1pk1p2/B3pKb1/6P1/PP2r3/8 b - - 7 45,d5d4 b6d6 d4c4 a4b3 c4b5 a2a4 b5b4 d6b6,1966,77,93,401,endgame mate mateIn4 pillsburysMate veryLong,https://lichess.org/Kh6LmW2T/black#90,
zvoa7,r1b1k2r/ppp1n1pp/8/3N2p1/1bB5/5P2/PP3PPP/2KRR3 b kq - 4 13,b4e1 d5c7 e8f8 d1d8,2110,79,86,656,fork mate mateIn2 middlegame pillsburysMate short,https://lichess.org/8R59yMLn/black#26,Englund_Gambit Englund_Gambit_Other_variations
