PuzzleId,FEN,Moves,Rating,RatingDeviation,Popularity,NbPlays,Themes,GameUrl,OpeningTags
02TGR,8/5pk1/R4pp1/8/8/2P1Q1Pr/1P3PK1/3q4 w - - 0 37,g2h3 d1h1 h3g4 h1h5 g4f4 h5f5,2069,77,91,1111,endgame long mate mateIn3 swallowstailMate,https://lichess.org/M1Lrs8jb#73,
07pIs,5r1r/pp1q1pk1/4bR1p/3pP1pQ/7P/3B2P1/PP4P1/5RK1 b - - 0 24,e6g4 f6g6 f7g6 h5g6,1936,86,71,104,mate mateIn2 middlegame sacrifice short swallowstailMate,https://lichess.org/KZQMpW3W/black#48,
0DD0A,2N1NQN1/8/4k2P/8/r1K5/1p1n1Q2/P1P2P2/R1B1qB1R w - - 1 33,c4b3 a4b4 f8b4 e1b4,1938,77,87,168,mate mateIn2 middlegame short swallowstailMate,https://lichess.org/pGmcXPZF#65,
0EIz1,4br1k/pp4R1/4pP1P/3p1pN1/2pP4/2P1P3/1P4Q1/q1K5 w - - 2 35,c1c2 e8a4 b2b3 a4b3 c2d2 a1d1,2104,94,63,49,endgame long mate mateIn3 swallowstailMate,https://lichess.org/ixi8ePbZ#69,
0hcnG,rn4Q1/7R/4p3/3pq1pk/p7/P2P4/1PP3PP/7K b - - 7 28,h5g4 h7h4 g4h4 g8h7 h4g4 h7h3 g4f4 h3f3,2185,74,94,11905,attraction endgame mate mateIn4 pin sacrifice swallowstailMate veryLong,https://lichess.org/4yQtN9G2/black#56,
0j6fY,4k2r/p2N1ppp/2Q1p3/q2p4/2PP1Pb1/8/P2K1PPP/5B1R w k - 1 16,d2e3 a5e1 f1e2 e1e2,2071,82,91,663,mate mateIn2 middlegame short swallowstailMate,https://lichess.org/f58oLadp#31,Queens_Pawn_Game Queens_Pawn_Game_Other_variations
0uJng,2b3k1/5p1p/1pp3p1/p3N3/P3PQ2/2N3nP/1PP2P2/3q2K1 w - - 2 29,g1g2 d1h1 g2g3 h1h3,1980,83,91,2382,endgame mate mateIn2 sacrifice short swallowstailMate,https://lichess.org/bNNKcd1M#57,
0zooC,2k5/1p4pp/2p5/3pp3/4q3/2Pr4/PPKBN3/R3Q3 w - - 9 39,a1d1 d3c3 c2c3 e4c4,2122,78,77,250,attraction discoveredCheck doubleCheck endgame mate mateIn2 sacrifice short swallowstailMate,https://lichess.org/57mrANQN#77,
13iFr,2r4r/ppq3kp/4Q1pR/1b3P2/2pP2p1/P3P1P1/5KP1/7R b - - 0 25,c8f8 h6g6 h7g6 e6g6,1906,77,95,3030,mate mateIn2 middlegame sacrifice short swallowstailMate,https://lichess.org/gUVyUS9k/black#50,
1HIV1,3Q4/prp2q1p/3p3k/3N3R/8/2P5/PP6/2K5 b - - 0 27,f7h5 d8f8 h6g5 f8f4 g5g6 f4f6,2180,80,88,194,endgame exposedKing long mate mateIn3 swallowstailMate,https://lichess.org/LvmWvt15/black#54,
1TmhL,4rk2/Q6R/1pb3p1/8/1P1B2P1/P3P2P/q2K1P2/8 w - - 1 36,d2d3 c6e4 d3c3 a2c2,1995,78,72,145,endgame mate mateIn2 short swallowstailMate,https://lichess.org/QT70gdJl#71,
1VwxP,2r2r2/3k4/2bp2p1/Q5P1/5q2/5P2/PPP4P/1K1RR3 b - - 0 28,f4f3 d1d6 d7d6 a5e5 d6d7 e5e7,2049,95,67,55,attraction long mate mateIn3 middlegame sacrifice swallowstailMate,https://lichess.org/907dVT3K/black#56,
1qoBz,r2q1b1r/1b2kppp/p2pp3/4n3/B2NR3/2P4Q/P1P2PPP/R1B3K1 b - - 0 15,b7e4 c1g5 f7f6 h3e6,2119,80,91,2595,deflection mate mateIn2 middlegame short swallowstailMate,https://lichess.org/3tIs89CW/black#30,Sicilian_Defense Sicilian_Defense_Other_variations
1r974,rn2k2r/ppp2ppp/4b3/3pp1q1/4P1n1/1P1P1KP1/PBP3BP/R2Q1NNR w kq - 1 11,h2h3 g5f6 f3e2 f6f2,1914,78,71,170,mate mateIn2 middlegame short swallowstailMate,https://lichess.org/cCvVNif0#21,Nimzo-Larsen_Attack Nimzo-Larsen_Attack_Classical_Variation
1u2s7,4r1k1/3n1p1p/q1p1p3/3p3N/p4RPQ/P6P/2r3B1/7K b - - 0 30,a6e2 h4g5 g8f8 f4f7 f8f7 g5g7,2047,76,94,8812,attraction long master mate mateIn3 middlegame sacrifice swallowstailMate,https://lichess.org/Z38L19S1/black#60,
1xGOx,6k1/5ppp/q7/2P1pP2/1n1pn3/2r5/1QB2PPP/2KR3R w - - 5 35,b2b4 a6a1 b4b1 c3c2 c1c2 a1c3,1983,76,87,330,attraction exposedKing long mate mateIn3 middlegame pin queensideAttack sacrifice swallowstailMate,https://lichess.org/VP6TwMWH#69,
1zVQz,r1bq3r/p7/1p1b1kB1/3pp1Q1/P1pPp2P/2P1P3/1P3PP1/R3K2R b KQ - 1 19,f6e6 g5f5 e6e7 f5f7,1964,77,91,287,mate mateIn2 middlegame short swallowstailMate,https://lichess.org/aYeYMKQU/black#38,
23L9g,r4rk1/pp1q2p1/4pbRR/2p4Q/4p3/8/PPP3PP/7K b - - 2 23,a8d8 h6h8 g8f7 g6g7 f7g7 h5h7,1944,78,91,1024,attraction discoveredCheck doubleCheck kingsideAttack long mate mateIn3 middlegame sacrifice swallowstailMate,https://lichess.org/ONuL7BIg/black#46,
24ral,6k1/2p5/5p1p/2Rp2p1/1P1Pr2q/4PK1P/2R1Q1P1/7r w - - 0 48,c5d5 e4f4 e3f4 h4f4,1945,84,92,5908,endgame mate mateIn2 sacrifice short swallowstailMate,https://lichess.org/XDAbONcE#95,
272ha,r2qkb1r/1b3p1p/pp1p1Np1/2n1pQ2/P1B5/5N2/1PP2PPP/R3K2R b KQkq - 1 14,e8e7 f6g8 h8g8 f5f7,1940,79,83,692,discoveredAttack mate mateIn2 middlegame sacrifice short swallowstailMate,https://lichess.org/kIRgo1W8/black#28,Sicilian_Defense Sicilian_Defense_Najdorf_Variation
28vrs,rnbq1b1r/ppp1k1pp/5P2/3np2Q/2B5/8/PPPP1PPP/R1B1K1NR b KQ - 0 7,d5f6 h5e5 c8e6 e5e6,1960,82,93,918,mate mateIn2 opening short swallowstailMate,https://lichess.org/KnnVofpN/black#14,Vienna_Game Vienna_Game_Other_variations
2BkLC,r7/p4p1Q/1p2p1p1/1b1r3k/1R6/P6P/2q2PPK/8 b - - 0 37,h5g5 h7h4 g5f5 h4f4,1945,83,92,2453,endgame mate mateIn2 short swallowstailMate,https://lichess.org/BKj9URWP/black#74,
2Ca2S,3Q4/1p6/p2P2k1/1q2K2p/1P6/P7/8/8 w - - 5 46,e5e6 b5f5 e6e7 f5f7,1902,76,95,2356,endgame mate mateIn2 queenEndgame short swallowstailMate,https://lichess.org/fCfQ6Qk2#91,
2Csyz,k3r3/pp3p2/6q1/3Q4/2pP1PK1/4P3/P4R1N/8 w - - 10 39,g4f3 e8e3 f3e3 g6d3,2072,76,94,2082,attraction endgame mate mateIn2 sacrifice short swallowstailMate,https://lichess.org/u9ayz3Tr#77,
2EiyY,3r1b1r/1pk1qpp1/p1np1n2/2p4p/N1PP4/1Q3BP1/PP2PP1P/R1B1R1K1 b - - 0 13,c6d4 b3b7,1930,77,84,206,mate mateIn1 middlegame oneMove swallowstailMate,https://lichess.org/9xcdaSUQ/black#26,English_Opening English_Opening_Kings_English_Variation
2FQZA,r6r/p4R1p/4Q1pb/4p1q1/6k1/2P5/PP2NP1P/4K2b b - - 5 23,g4h5 e6h3 g5h4 e2g3 h5g5 f7f5 g6f5 h3f5,1900,77,93,443,fork mate mateIn4 middlegame sacrifice swallowstailMate veryLong,https://lichess.org/1qagmrkE/black#46,
2lUQP,7r/p7/kpq5/5R2/3P1Qp1/1Pp3P1/P1P5/4R1K1 w - - 1 41,b3b4 c6h1 g1f2 h8h2 f2e3 h1e1 e3d3 e1e2 d3c3 e2c2,2169,76,93,4670,deflection endgame exposedKing mate mateIn5 swallowstailMate veryLong,https://lichess.org/dorVcpYf#81,
2nnzp,1Q6/5ppk/p1p3q1/3b4/3P3p/N6P/PP2RPr1/4RK2 w - - 1 26,e2e3 g2f2 f1f2 g6g2,2062,73,94,13633,attraction mate mateIn2 middlegame sacrifice short swallowstailMate,https://lichess.org/xW1tdtII#51,
2pf9r,8/1Q2kn2/p2p1p1p/8/5P2/3P3P/q5P1/6K1 b - - 1 28,e7e6 f4f5 e6f5 b7e4 f5g5 e4g4,1991,86,76,46,attraction endgame long mate mateIn3 swallowstailMate,https://lichess.org/tY68LEKW/black#56,
36N9K,5rkr/1p2R1p1/2qB2pp/3R3P/p7/P1P3Q1/5P2/2K5 b - - 1 28,c6d5 e7g7 g8g7 g3g6,1936,83,78,85,attraction endgame mate mateIn2 sacrifice short swallowstailMate,https://lichess.org/MI8Djn8n/black#56,
36Q0A,2Q5/5q2/4N1pk/4Pp1p/2bP1P1P/6R1/6PK/r7 b - - 0 47,c4e6 c8h8 f7h7 g3g6 h6g6 h8f6,2026,81,91,153,attraction endgame long mate mateIn3 pin sacrifice swallowstailMate,https://lichess.org/S2VZA61E/black#94,
39cR2,6rk/7p/pp3p2/2pP1Q2/6B1/4q1KR/PP5P/8 w - - 8 42,f5f3 g8g4 g3g4 e3g5,2030,83,88,604,attraction endgame mate mateIn2 pin sacrifice short swallowstailMate,https://lichess.org/gFJ4l1z1#83,
3EnI6,7r/8/7b/6p1/2p2r2/2q5/3k1PPP/1R3QK1 b - - 23 52,c3c2 f1e1 d2d3 e1e3,1902,81,92,2468,endgame mate mateIn2 short swallowstailMate,https://lichess.org/5RibXIzw/black#104,
3RbMF,2kr4/pp3pp1/2p1p1p1/8/qQ1P4/5N2/3B1PPP/r1KRR3 w - - 1 27,c1b2 a1a2 b2c3 a4c2,1979,72,94,12631,mate mateIn2 middlegame short swallowstailMate,https://lichess.org/ErTWT21S#53,
3Yx31,8/6k1/5Rp1/1pPK4/pB1P4/P6q/5P2/8 w - - 1 57,f6d6 h3f3 d5e6 f3f7 e6e5 f7f5,2178,77,93,1402,endgame long mate mateIn3 swallowstailMate,https://lichess.org/hgfIWo6E#113,
3aBeY,5Q2/7p/rr3NpP/kq3p2/3P4/1p2P3/P4PP1/2R3K1 b - - 0 36,b3a2 f8a3 b5a4 c1c5 b6b5 c5b5 a5b5 a3c5,2011,100,63,38,attraction endgame mate mateIn4 pin swallowstailMate veryLong,https://lichess.org/oa2aAUSZ/black#72,
3ehmY,8/p3r1k1/8/4p1Qp/4P3/3P4/q1r4P/6RK b - - 0 40,g7f7 g5g8 f7f6 g8g6,2092,77,94,1424,endgame mate mateIn2 short swallowstailMate,https://lichess.org/sJanpZ75/black#80,
3guFn,4R2Q/1pp3p1/5pk1/1K1q3p/1P1PN3/8/2P3PP/8 w - - 2 35,b5a4 d5a2 a4b5 a2a6 b5c5 a6c6,1930,75,90,1429,endgame long mate mateIn3 swallowstailMate,https://lichess.org/tEDWGJXG#69,
3hIeF,rn2k2r/ppp1bpp1/4p1p1/3pN3/3P4/2N1PP2/PPP1Q1P1/R1B2RKq w kq - 4 13,g1f2 e7h4 g2g3 h4g3 f2g3 h1h4 g3g2 h4h2,2075,75,93,7580,attraction mate mateIn4 middlegame sacrifice swallowstailMate veryLong,https://lichess.org/H3rsYDqY#25,Queens_Pawn_Game Queens_Pawn_Game_Colle_System
3jbh8,8/8/1Q3nk1/1p6/5q2/5P2/4PK2/5B2 w - - 0 44,b6b5 f6g4 f2g2 f4h2,2173,81,91,412,endgame mate mateIn2 pin short swallowstailMate,https://lichess.org/sriPejPz#87,
3wQ7v,6k1/Qp1B1ppp/4p3/4P3/1B1Pp1q1/4P3/PP2K1PP/7r w - - 3 26,e2d2 g4d1 d2c3 d1d3,1976,78,81,470,endgame mate mateIn2 short swallowstailMate,https://lichess.org/9FnrptfV#51,
3wn7y,7Q/pp2bkp1/5n1p/3pp3/q3P1P1/2B2K1N/3P1P1P/4R3 w - - 0 21,e4d5 a4g4 f3e3 g4e4,2028,81,91,938,fork mate mateIn2 middlegame short swallowstailMate,https://lichess.org/oyUYPEex#41,
47w70,r1bqk1nr/1pp3p1/1pnp3p/4pp2/2BNP3/3P3P/PPP2PP1/R1BQK2R b KQkq - 1 9,e5d4 d1h5 e8d7 h5f5 d7e7 f5f7,2108,76,95,15935,exposedKing interference long mate mateIn3 opening swallowstailMate,https://lichess.org/o9jOEUrn/black#18,Vienna_Game Vienna_Game_Max_Lange_Defense
4FTcs,5rk1/pp3p1p/1q6/6p1/2Br1B2/P4R1P/1P6/R2Q2K1 w - - 0 20,d1b3 d4d1 g1g2 b6g1,2000,79,76,197,discoveredCheck doubleCheck mate mateIn2 middlegame short swallowstailMate,https://lichess.org/Q2qoZgex#39,
4KqFf,r2q3r/1p3pk1/pbpp1n2/6Q1/4P2B/1BN2P2/PP3P2/6RK b - - 0 23,g7f8 g5g7 f8e7 g7f7,2052,78,82,309,fork mate mateIn2 middlegame short swallowstailMate,https://lichess.org/ogaNYHFk/black#46,
4MitH,8/5Q1p/p2k2p1/2P1pp2/5b2/PPN1q3/8/1K6 b - - 0 55,d6c5 f7c7 c5d4 c7c4,2105,97,88,64,endgame mate mateIn2 short swallowstailMate,https://lichess.org/NJDKPSIK/black#110,
4Suzl,3r1b1r/p1p1kppp/2Q1p3/3P4/8/4B2P/P1P1KPP1/7q b - - 0 16,g7g6 e3g5 f7f6 c6e6,1955,82,70,107,deflection endgame mate mateIn2 short swallowstailMate,https://lichess.org/eIkAAJS1/black#32,Scandinavian_Defense Scandinavian_Defense_Modern_Variation
4ebkB,8/1ppQ1Bp1/p2p3p/4q3/P2n4/3P1P2/1PPK3k/6R1 w - - 2 34,d7g4 e5e2 d2c3 e2c2 c3d4 c2c5 d4e4 c5e5,1907,80,92,203,endgame mate mateIn4 sacrifice swallowstailMate veryLong,https://lichess.org/kFZyR0sl#67,
4uE8A,2k4r/pp1n2p1/2p1Rp1p/8/3P3q/2NB1Qb1/PPP3P1/4R2K w - - 5 20,h1g1 h4h2 g1f1 h2h1 f1e2 h1e1,2008,259,33,15,kingsideAttack long mate mateIn3 middlegame swallowstailMate,https://lichess.org/OuAXR6RO#39,
4z2bT,6k1/5p2/4p1p1/4Q3/8/5qPK/5P2/5B2 w - - 4 38,e5e3 f3h1 h3g4 h1h5 g4f4 h5f5,2030,77,79,74,endgame fork long mate mateIn3 swallowstailMate,https://lichess.org/U2HMyVAA#75,
5DuBD,r1bq1b1r/ppp1k1p1/2N4p/7Q/2B1p3/8/PPPP1PPP/R1B3K1 b - - 0 11,b7c6 h5e5 c8e6 e5e6,2010,77,91,1804,mate mateIn2 middlegame short swallowstailMate,https://lichess.org/Th3hLI1H/black#22,Italian_Game Italian_Game_Rousseau_Gambit
5K5SA,5k2/1p2bp2/pN1p3p/4pp1B/1PQ1P3/1n4rP/q4PK1/7R w - - 0 24,g2g3 e7h4 g3g2 a2f2,2041,79,76,112,mate mateIn2 middlegame short swallowstailMate,https://lichess.org/94dMFLOi#47,
5MKAN,3bn2r/p5pk/qp2P2B/2p1p2Q/8/P7/1P3PPP/6K1 b - - 1 31,g7h6 h5f5 h7g7 f5f7,1990,78,88,294,endgame mate mateIn2 short swallowstailMate,https://lichess.org/1JZJ7Psk/black#62,
5XJIg,4q3/1p4pk/p2QK2p/5P2/3B2PP/8/1P6/1b6 w - - 1 49,e6d5 b1a2 b2b3 a2b3 d5c5 e8b5,1988,79,92,2711,endgame long mate mateIn3 swallowstailMate,https://lichess.org/zW9YR40L#97,
5isXM,r1q1r3/7Q/2p1pkp1/1pPp4/pP1PP1P1/7P/P7/2B3K1 b - - 0 36,e6e5 g4g5 f6e6 h7g6 e6e7 g6f6 e7d7 f6d6,2148,77,95,12102,deflection endgame mate mateIn4 swallowstailMate veryLong,https://lichess.org/PeyCyz10/black#72,
5jeNy,1r6/5p1p/8/2R4k/4pQ1P/5nP1/5PK1/1q6 b - - 8 39,h5g6 c5g5 f3g5 f4g5,1903,79,78,129,endgame mate mateIn2 sacrifice short swallowstailMate,https://lichess.org/dXKTQ1Gv/black#78,
5o4n8,Q1kr4/2b3pp/8/3P1p2/5q2/5N2/P4PPP/6K1 b - - 3 31,c7b8 a8a6 c8d7 a6e6 d7c7 e6c6,2099,75,95,2426,endgame exposedKing long mate mateIn3 swallowstailMate,https://lichess.org/Lp3pQdG5/black#62,
5u7M5,8/r4pkp/1q1p2p1/4b1N1/2Q5/1p2r2P/6P1/1B3R1K b - - 9 28,a7e7 f1f7 e7f7 c4f7 g7h6 f7h7 h6g5 h7g6 g5f4 g6g4,2037,81,90,1308,mate mateIn5 middlegame swallowstailMate veryLong,https://lichess.org/s9Sdvh2d/black#56,
653Bu,6k1/8/p1pQ4/6p1/2P1B2p/1P3PnP/Pq3KP1/8 w - - 3 40,f2e3 g3f1 e3d3 b2d2,2048,78,88,137,endgame mate mateIn2 short swallowstailMate,https://lichess.org/niYpb3Wo#79,
65s1A,1r6/p3pp1k/2p2npP/3p1BQ1/3q4/8/P1PK4/3R3R w - - 0 26,f5d3 f6e4 d2e2 d4f2,1981,77,92,297,fork mate mateIn2 middlegame short swallowstailMate,https://lichess.org/POjWPYaK#51,
6Aj8r,k2r1b2/1p5r/1Bp1qn2/Q7/4pP2/1P3bP1/P1P4P/R3R1K1 b - - 5 29,a8b8 a5a7 b8c8 a7a8 c8d7 a8d8,1954,77,93,1384,long mate mateIn3 middlegame queensideAttack swallowstailMate,https://lichess.org/yBxLvRz5/black#58,
6O1z0,5kr1/p1Q5/1p6/3P1Pnq/2P1n1p1/1P6/P6P/4R1RK w - - 1 31,f5f6 e4f2 h1g2 h5h3 g2f2 h3f3,1951,75,96,577,long mate mateIn3 middlegame sacrifice swallowstailMate,https://lichess.org/g3HqAYH4#61,
6zn2a,r1bqk2r/ppp3pp/2np3B/2b1pp2/2B1P3/3P3N/PPP2PPP/RN1QK2R b KQkq - 0 7,g7h6 d1h5 e8d7 h5f5 d7e7 f5f7,2115,77,95,14683,exposedKing long mate mateIn3 opening swallowstailMate,https://lichess.org/XgavJhkw/black#14,Bishops_Opening Bishops_Opening_Boi_Variation
796lY,r1bqkb1r/ppp3p1/2np3p/4pp2/2BPn3/2P5/PP1N1PPP/RNBQR1K1 b kq - 1 8,e4d2 d1h5 e8d7 h5f5 d7e7 f5f7,2167,76,92,2703,exposedKing long mate mateIn3 opening swallowstailMate,https://lichess.org/qXUXh2TZ/black#16,Italian_Game Italian_Game_Anti-Fried_Liver_Defense
79c3r,2kN4/pp6/2p3qp/3b4/8/8/PPPQ1P1P/3RRKr1 w - - 1 24,f1e2 g6g4 e2d3 g4c4 d3e3 c4e4,2118,77,94,4514,long mate mateIn3 middlegame swallowstailMate,https://lichess.org/IHAROqp7#47,
7AIkl,3r1r2/pppk1p2/2n2R1Q/3p1B2/2PP4/q3P3/2P3PP/6K1 b - - 1 21,d7e7 f6e6 f7e6 h6e6,1918,81,85,676,mate mateIn2 middlegame sacrifice short swallowstailMate,https://lichess.org/2eQUDdJQ/black#42,
7CNC6,r1b2rk1/1p6/p2qp2p/2N2p2/1Pnp3P/P2P2P1/6P1/R2QKB1R w KQ - 0 20,d3c4 d6g3 e1d2 g3c3 d2e2 c3e3,2067,77,95,15948,exposedKing long mate mateIn3 middlegame swallowstailMate,https://lichess.org/08rTSaCh#39,
7JMZY,8/p4pp1/3rp1p1/8/1R4k1/8/PPP3q1/1K2Q3 b - - 1 31,g4g5 e1h4 g5f5 h4f4,2059,83,91,799,endgame mate mateIn2 short swallowstailMate,https://lichess.org/IZairtlX/black#62,
7KJ7C,2k2Q2/n7/1p6/1Pp1r3/4n2r/2q5/5P2/R4K2 b - - 3 33,c8d7 a1a7 d7e6 f8f7 e6d6 f7d7,1927,75,88,117,exposedKing hangingPiece long mate mateIn3 middlegame swallowstailMate,https://lichess.org/QqSVbClw/black#66,
7SZbK,2R2b2/5Bkp/6p1/1p6/1P1P2K1/1Q2P1P1/5P1q/r7 w - - 1 32,c8f8 h2h5 g4f4 h5f5,2129,249,10,9,endgame mate mateIn2 short swallowstailMate,https://lichess.org/VlBSCI60#63,
7i6gK,2r3k1/1R3pb1/p5B1/1p4Bp/8/8/P5PP/qQKR4 w - - 3 23,g6c2 c8c2 c1c2 a1c3,1907,81,92,1715,attraction master mate mateIn2 middlegame pin sacrifice short swallowstailMate,https://lichess.org/R3Ik3h6X#45,
7ogqB,r1bqk1nr/ppp2pp1/2np3p/2b1p3/2B1P3/3P3P/PPP2PPN/RNBQK2R b KQkq - 1 6,f7f5 d1h5 e8d7 h5f5 d7e7 f5f7,1967,77,76,92,exposedKing interference long mate mateIn3 opening swallowstailMate,https://lichess.org/k8YO0Z08/black#12,Italian_Game Italian_Game_Giuoco_Pianissimo
7uhTo,3k4/6p1/bp5p/p1bp1Q2/P2R4/2PK3P/1PB3P1/4q3 w - - 3 36,c3c4 a6c4 d4c4 e1e3,2061,78,94,13761,endgame mate mateIn2 sacrifice short swallowstailMate,https://lichess.org/ca0Ep9Rx#71,
8E2W4,6r1/p6r/1p2k1p1/2p2b1p/3p1Q2/2PP4/qP1KR3/6R1 b - - 1 38,e6f6 f4e5 f6f7 e5e7,2115,77,91,1960,mate mateIn2 middlegame short swallowstailMate,https://lichess.org/TzXdkPyQ/black#76,
8L4Dh,6rr/5p2/1Q1p3q/3k1p2/P7/1P4P1/7P/3R2K1 b - - 1 31,d5e5 b6d4 e5e6 d4d6,1966,78,92,351,endgame mate mateIn2 short swallowstailMate,https://lichess.org/LxaxsoxD/black#62,
8PhqZ,4r1k1/1pp2pp1/pb3q1p/7Q/2B1P3/1P6/PBP3PP/3R1K2 w - - 3 25,f1e2 f6f2 e2d3 f2e3,1956,80,90,2281,mate mateIn2 middlegame short swallowstailMate,https://lichess.org/cvqzuMXH#49,
8QnwY,1k1r3r/p3q3/Qp1p3p/2pBnbp1/4p3/B1P5/P1P2PPP/1R3RK1 b - - 3 21,f5c8 b1b6 a7b6 a6a8 b8c7 a8a7 c8b7 a7b7,2086,76,91,180,mate mateIn4 middlegame queensideAttack sacrifice swallowstailMate veryLong,https://lichess.org/b6gtOn38/black#42,
8Vv4G,6k1/p2n1pp1/1p5p/7b/3PpB2/1QPB1q2/P2K3P/2R4R w - - 0 27,d3c4 f3f2 c4e2 f2e2,2064,87,83,106,fork mate mateIn2 middlegame short swallowstailMate,https://lichess.org/OXpIGF3H#53,
8XXN2,6k1/8/4r2b/1N6/1p1P1q1P/3Q4/1PP2K2/5R2 w - - 6 37,d3f3 e6e2 f2e2 f4d2,2065,110,84,33,attraction endgame mate mateIn2 pin sacrifice short swallowstailMate,https://lichess.org/ixMXkrSe#73,
8kMTd,1rb5/p2p1pp1/5k2/7Q/1p3P2/P3b1P1/6KP/8 b - - 1 32,b4a3 h5g5 f6e6 g5e5,1983,117,60,41,endgame mate mateIn2 short swallowstailMate,https://lichess.org/YmqaQYxy/black#64,
8opGR,2kr4/Np2qp2/1Q1pb2p/8/2P4p/P2P2r1/6B1/5RK1 b - - 1 26,c8d7 b6b5 d7c7 b5b7,2040,82,92,2486,mate mateIn2 middlegame short swallowstailMate,https://lichess.org/ZQALZ4mc/black#52,
8uAku,8/3qr1r1/1p1p1k1p/pP1Pb1pP/P1P1RpP1/5P2/2Q1R1K1/8 b - - 16 59,d7c7 e4f4 g5f4 c2f5,1945,86,87,59,clearance mate mateIn2 middlegame sacrifice short swallowstailMate,https://lichess.org/gHtQm9Fa/black#118,
8uVAP,7k/p3Qp1p/2p1pp2/8/5K2/2P1P3/P4q1P/7R w - - 0 32,f4e4 f2f5 e4d4 f5d5,1915,75,96,2297,endgame mate mateIn2 short swallowstailMate,https://lichess.org/A0WTUdMm#63,
8ySZw,rnb1k2r/pp1p1pPp/4p3/8/N7/8/PPPBKqPP/R2Q1BbR w kq - 1 11,e2d3 f2d4 d3e2 d4e4 d2e3 e4e3,2003,75,89,116,exposedKing fork long mate mateIn3 opening swallowstailMate,https://lichess.org/Sf9g20R3#21,Indian_Defense Indian_Defense_Reversed_Chigorin_Defense
8zyB4,Q2b1k2/p3qp2/3R4/2P1pp2/8/6p1/PP2B1PK/5R2 w - - 0 26,h2g3 e7h4 g3f3 h4f4,1923,79,87,938,endgame master mate mateIn2 short swallowstailMate,https://lichess.org/jqWO1lXv#51,
9Pj8X,3rr1k1/b1p3pp/B4p2/2Pb4/1P1N4/P3B1P1/3R1PqP/R2Q1K2 w - - 3 25,f1e2 e8e3 e2e3 g2e4,1997,79,84,307,attraction mate mateIn2 middlegame pin sacrifice short swallowstailMate,https://lichess.org/PKizSJta#49,
9RYSh,8/1p3Q2/2p5/4qkp1/Pb2pr2/6R1/5PK1/7R b - - 7 42,e5f6 g3g5 f5g5 f7h5,2193,85,85,79,attraction endgame mate mateIn2 pin sacrifice short swallowstailMate,https://lichess.org/YcI0lxep/black#84,
9S6xD,6rk/p4Q1p/7r/8/3N3q/1P3P2/1PP3P1/3R1RK1 w - - 1 27,d4f5 g8g2 g1g2 h4h2,1912,80,73,140,attraction mate mateIn2 middlegame sacrifice short swallowstailMate,https://lichess.org/4bUfYypz#53,
9V15V,5r1k/p5R1/7p/6p1/P2p2P1/2Q3KP/6B1/6q1 w - - 0 39,c3c7 f8f3 g3f3 g1e3,2078,74,94,12286,attraction endgame mate mateIn2 pin sacrifice short swallowstailMate,https://lichess.org/UGDmHQfe#77,
9Y7zK,7k/p1p3pp/1pP1B1r1/1P6/8/P3R3/Q3Kr2/4R2q w - - 0 37,e2f2 h1g2,1978,306,16,40,endgame mate mateIn1 oneMove swallowstailMate,https://lichess.org/RJECfHin#73,
9dZaj,2r5/1p2n2k/p1b3p1/3p4/3Q1Pq1/2P5/PP1K4/7R b - - 1 38,h7g8 d4h8 g8f7 h1h7 f7e6 h8e5 e6d7 e5e7,2088,77,87,123,endgame exposedKing mate mateIn4 swallowstailMate veryLong,https://lichess.org/XjzF81sj/black#76,
9f6lh,r3k1r1/p3n3/1p1Qp2p/2p2P1P/2P1P2q/2N1B3/PP4K1/3RR3 w q - 3 25,g2f3 h4g4 f3f2 g4g2,1970,76,93,2090,mate mateIn2 middlegame short swallowstailMate,https://lichess.org/JnUwPejE#49,
9pYJh,r7/ppp1b2k/3p3p/3Pp2B/2P2pr1/2N4q/PP3K2/R2Q1R2 w - - 0 28,h5g4 h3g3 f2e2 g3e3,2157,78,85,167,mate mateIn2 middlegame short swallowstailMate,https://lichess.org/0XQrpAAb#55,
A0WN1,2r1b2r/q3kpQ1/4R3/1p1pP2P/8/p3P1R1/2B3P1/6K1 b - - 0 34,e7e6 g7f6 e6d7 f6d6,2105,79,94,12591,mate mateIn2 middlegame short swallowstailMate,https://lichess.org/4ADnAXnk/black#68,
A6cF6,6k1/1q4p1/p1bp1r2/1pn1pP1R/4P3/P1NB4/1PP4Q/7K b - - 1 30,c5e4 h5h8 g8f7 h2h5 f7e7 c3d5 c6d5 h5e8,2000,76,76,141,master mate mateIn4 middlegame sacrifice swallowstailMate veryLong,https://lichess.org/R6nf1tNm/black#60,
APTEb,4Q3/1p2N1bk/p6p/2p5/4q3/6PP/P1P1KP2/8 w - - 4 39,e2d2 g7c3 d2c3 e4d4 c3b3 d4b4,2111,85,79,189,attraction endgame long mate mateIn3 sacrifice swallowstailMate,https://lichess.org/5Pn1U7V0#77,
AoOc1,rnb4r/pp1k4/2p1R1p1/2bp2B1/3P2P1/5Q2/2q2P1P/6K1 b - - 0 18,d7e6 f3f6 e6d7 f6f7 c5e7 f7e7,2092,83,86,267,long mate mateIn3 middlegame swallowstailMate,https://lichess.org/tH9q10ga/black#36,Grob_Opening Grob_Opening_Other_variations
AuaEo,r1b2Bk1/1pRP4/p4b2/P3p3/4Pp2/3Q1P1n/5Kp1/2RN2Nq w - - 2 38,g1h3 f6h4 f2e2 h1e1,1923,77,95,2877,mate mateIn2 middlegame short swallowstailMate,https://lichess.org/zYL9rqDa#75,
BBpW5,k3r3/1p5p/p5p1/2q2n2/8/5Q2/P3B1PP/3RKR2 w - - 10 30,f3d5 e8e2 e1e2 c5e3,1968,86,80,113,attraction mate mateIn2 middlegame sacrifice short swallowstailMate,https://lichess.org/NWBsHxUG#59,
BHi1c,8/p1b2K2/2Q5/2B1k3/4p1q1/8/8/8 b - - 16 57,c7b6 c6d6 e5f5 d6f6,1993,78,94,5036,endgame mate mateIn2 short swallowstailMate,https://lichess.org/tIPaFFLP/black#114,
BKkQ6,6rk/pp3p2/3p1P2/8/3RQ1N1/8/4RK1r/7q w - - 5 40,g4h2 h1g1 f2f3 g1g3,1991,75,90,349,endgame fork mate mateIn2 short swallowstailMate,https://lichess.org/Qr5q55mn#79,
BYBA0,rnbq1b1r/ppp1k1pp/5P2/3n3Q/2BPp3/8/PPP2PPP/R1B1K1NR b KQ - 0 8,d5f6 h5e5 c8e6 e5e6,2195,84,87,1418,mate mateIn2 opening short swallowstailMate,https://lichess.org/dgQhbBtJ/black#16,Vienna_Game Vienna_Game_Other_variations
BaAnR,5rk1/1pp3bp/3p2p1/p2P4/2P5/PP3K2/R1B1QP1q/5R2 w - - 1 29,f3e3 h2f4 e3d3 f4d4,2169,79,88,431,mate mateIn2 middlegame short swallowstailMate,https://lichess.org/0K3RK3uE#57,
BcgNt,6k1/p4p2/8/7N/3b2P1/1P3Q1P/P2q2K1/8 w - - 1 44,g2g3 d2e1 g3g2 e1g1,1996,76,95,12537,endgame mate mateIn2 short swallowstailMate,https://lichess.org/M1GLhkTL#87,
By4GR,5n2/pp5p/1npkbQp1/3pN3/3P2PK/1P1q3P/P7/8 b - - 7 43,d3e2 e5f7 d6d7 f6d8,2059,81,79,126,endgame mate mateIn2 short swallowstailMate,https://lichess.org/KXVvF93j/black#86,
C3w6z,5r2/ppp3k1/2np1q1P/6p1/2P1B3/1P4Q1/P2N1r2/2KR4 b - - 0 28,g7h6 g3h3 h6g7 h3h7,2018,81,83,211,mate mateIn2 middlegame short swallowstailMate,https://lichess.org/17XKfz25/black#56,
CAJDM,2kr1r2/2p5/Q3R3/3P3q/5P2/6P1/1B3b1p/7K b - - 0 36,c8d7 e6e7 d7e7 a6e6,2033,81,91,1547,attraction mate mateIn2 middlegame sacrifice short swallowstailMate,https://lichess.org/jIaDFAaG/black#72,
CBGkN,8/5p2/p3k1p1/4P1qp/2p5/P1BpKR2/1P5P/5R2 w - - 14 53,e3d4 g5e5 d4c4 e5d5 c4b4 d5b5,1909,78,94,14029,endgame long mate mateIn3 swallowstailMate,https://lichess.org/YDdYsePS#105,
CBRm3,1Q1kr3/3q1ppp/8/2p5/8/6B1/PPP2PPP/6K1 b - - 2 24,d7c8 b8b6 d8d7 b6d6,2044,74,95,13615,endgame mate mateIn2 short swallowstailMate,https://lichess.org/bxd2gGqu/black#48,
CLI70,1k4rr/ppp2pQ1/3p1n2/3P4/1P2P2q/5P2/PBB3P1/1R3RK1 w - - 3 21,g7f6 g8g2 g1g2 h4h2,2034,78,95,10634,attraction kingsideAttack mate mateIn2 middlegame sacrifice short swallowstailMate,https://lichess.org/HgnNjOaC#41,
CMUUL,6rr/1b3p2/p3p3/3p2P1/5k1P/1P5Q/P1P2K2/8 b - - 4 35,f7f5 h3g3 f4e4 g3e3,1944,79,91,1140,endgame mate mateIn2 short swallowstailMate,https://lichess.org/3vNARL3p/black#70,
CT3Ft,5Bk1/1b3p1p/4p1p1/3pP1PP/q2P4/2Q2P2/rp6/1K1R3R w - - 0 30,c3b4 a2a1 b1b2 a1a2 b2c3 a4c2,2131,75,93,2776,exposedKing long mate mateIn3 middlegame queensideAttack swallowstailMate,https://lichess.org/hNxUUULT#59,
CUm2n,r2q2nr/pQp2bpp/3p1k2/2b1P1NP/8/2K5/PP3PP1/nNB4R b - - 0 16,d6e5 b7f3 f6e7 f3f7 e7d6 f7e6,2168,75,94,1258,long mate mateIn3 middlegame swallowstailMate,https://lichess.org/Cu7tQzyO/black#32,Center_Game Center_Game_Normal_Variation
CWALP,rnbqkbnr/ppp3p1/3p3p/4p3/2B1P3/8/PPP2PPP/RNBQK1NR b KQkq - 1 6,b8c6 d1h5 e8d7 h5f5 d7e7 f5f7,2143,81,79,174,exposedKing long mate mateIn3 opening swallowstailMate,https://lichess.org/EDFe7RYI/black#12,Philidor_Defense Philidor_Defense_Other_variations
Cm5Ag,6r1/pp1k3p/3p4/8/7q/4B3/PP4KP/2RQR3 w - - 1 26,g2f3 h4g4 f3f2 g4g2,2100,82,91,401,endgame mate mateIn2 short swallowstailMate,https://lichess.org/4H7zPAIB#51,
CmXuA,r1bq1b2/pppk2pr/2np3B/4p2Q/2B1P3/8/PPP2PPP/RN2K2R b KQ - 0 9,h7h6 h5f5 d7e7 f5f7,1917,78,95,9116,mate mateIn2 opening short swallowstailMate,https://lichess.org/b2xWCdJv/black#18,Scotch_Game Scotch_Game_Other_variations
CvFPH,1r1q1r2/1b1n2p1/p3kbQ1/1pPp4/1P6/3B4/P2N1PPP/4R1K1 b - - 1 22,d7e5 d3f5 e6e7 e1e5 f6e5 g6e6,2190,85,90,2741,deflection long mate mateIn3 middlegame sacrifice swallowstailMate,https://lichess.org/DaJOZXeZ/black#44,
D8e7R,Q7/p1p2pkp/5np1/3N4/P5bq/1P6/RBPP1Pr1/5R1K w - - 2 22,h1g2 g4f3 g2f3 h4g4 f3e3 g4e4,2080,115,78,30,attraction long mate mateIn3 middlegame sacrifice swallowstailMate,https://lichess.org/U6MxUb0u#43,
DAdC1,1n2rk2/2R2p2/4pQ2/p2pP2q/7P/P4PP1/6K1/8 b - - 0 39,h5g6 f6h8 g6g8 c7f7 f8f7 h8f6,2001,78,91,342,attraction endgame long mate mateIn3 pin sacrifice swallowstailMate,https://lichess.org/9lNXiyZq/black#78,
DDRaV,r2q1bnr/pppk3p/2n3B1/3Q4/5p2/4P2P/PPP2PP1/RN2K2R b KQ - 0 11,f8d6 d5f5 d7e7 f5f7,2046,84,91,790,mate mateIn2 opening short swallowstailMate,https://lichess.org/KzdnPFAY/black#22,Queens_Pawn_Game Queens_Pawn_Game_Accelerated_London_System
DfihN,8/8/8/4p3/1P1p1q2/3Pk3/P5Q1/3K4 b - - 3 40,e3d3 g2c2 d3e3 c2e2,2041,77,88,2355,endgame mate mateIn2 queenEndgame short swallowstailMate,https://lichess.org/wTiIQI4R/black#80,
E0gQu,3nrr2/pp2qkp1/2pp2P1/8/4PP2/2P4Q/P4P2/4RK1R b - - 0 28,f7g6 h3h5 g6f6 h5f5,1923,76,95,3512,mate mateIn2 middlegame short swallowstailMate,https://lichess.org/WEmgX37s/black#56,
E1DCA,8/p3q3/4k3/P3p2K/2Q3p1/8/8/8 b - - 19 73,e6f5 c4g4 f5f6 g4g6,1918,77,71,203,endgame mate mateIn2 queenEndgame short swallowstailMate,https://lichess.org/oLv4guYZ/black#146,
E6AXV,r1b2b1r/ppp1k3/2nq1nQ1/1B4B1/4p3/3P4/PPP2PPP/R2K3R b - - 4 12,c6e5 g6e8,1944,79,91,4828,master masterVsMaster mate mateIn1 middlegame oneMove pin swallowstailMate,https://lichess.org/fXu4q8c4/black#24,Ruy_Lopez Ruy_Lopez_Schliemann_Defense
E8REZ,2k5/1p3p2/p1b4q/P3pP2/2PpPr2/3P1Nrp/4K2P/3Q1R2 w - - 0 37,h2g3 f4e4 d3e4 h6e3,1945,78,76,157,clearance endgame master mate mateIn2 sacrifice short swallowstailMate,https://lichess.org/RY44ThTi#73,
E9TAs,r1b2k2/pp3p1B/2p4q/3p2p1/2P2Pn1/1P3RK1/PB2Q1P1/R7 w - - 1 20,f3f1 h6h2 g3f3 h2f4,1977,79,76,179,fork mate mateIn2 middlegame short swallowstailMate,https://lichess.org/BQrLaQDm#39,
EHOfb,r1bq1rk1/1pp3p1/3p1nB1/4p3/2PP3Q/p7/PP4PP/5RK1 b - - 0 20,f8e8 f1f6 d8f6 h4h7 g8f8 h7h8 f8e7 h8e8,1943,88,87,81,kingsideAttack mate mateIn4 middlegame sacrifice swallowstailMate veryLong,https://lichess.org/3AUcPNWn/black#40,
ElqNT,7k/1p4pp/p7/8/3PB1P1/1PqKP3/P5Q1/2r3N1 w - - 5 33,d3e2 c1e1 e2f3 c3e3,1954,81,67,97,endgame master mate mateIn2 short swallowstailMate,https://lichess.org/RsToMxqO#65,
EtAl2,5r1k/7p/3p4/8/4p1RP/6BK/Q7/7q w - - 1 38,g3h2 f8f3 g4g3 f3g3 h3g3 h1f3,1905,75,94,2015,attraction endgame long mate mateIn3 pin swallowstailMate,https://lichess.org/HxMqjjZw#75,
FG1Ap,r4rk1/4n1p1/2p2p2/p1p1q3/3p3Q/3P3R/PPP1N3/6RK b - - 1 23,e5e2 g1g7 g8g7 h4h7,1994,79,91,472,attraction mate mateIn2 middlegame sacrifice short swallowstailMate,https://lichess.org/L6SEDcT0/black#46,
FQUTa,Qqkr3r/6pp/8/1B1np3/P3pp2/8/5PPP/2R3K1 b - - 3 32,d5c7 c1c7 c8c7 a8c6,2106,81,87,305,attraction mate mateIn2 middlegame pin queensideAttack sacrifice short swallowstailMate,https://lichess.org/kEomxbj6/black#64,
FX0Dm,8/1pp2p1k/p4pp1/3q4/3P4/2P1Q1Pn/PP3PK1/4N3 w - - 3 28,g2h3 d5h1 h3g4 h1h5 g4f4 h5f5,1925,76,92,1094,endgame long mate mateIn3 swallowstailMate,https://lichess.org/0fS2VQPs#55,
G1XWF,8/8/4P1pk/p7/3Q4/6KP/4q3/8 b - - 0 43,e2e6 d4h8 h6g5 h8h4 g5f5 h4f4,1907,73,95,17719,endgame long mate mateIn3 queenEndgame swallowstailMate,https://lichess.org/y74I8rr1/black#86,
GB6v8,r3k2r/p1p2p2/1p1pP3/8/2Pb2B1/1P5P/P2N1KPq/1R1Q1R2 w kq - 3 24,f2e2 h2e5 d2e4 e5e4 e2d2 e4e3 d2c2 e3c3,2061,80,91,1461,exposedKing mate mateIn4 middlegame swallowstailMate veryLong,https://lichess.org/uWvnWhEj#47,
GG0EI,6k1/1p3p2/p4q2/P2K3p/1P5P/3Q2P1/8/8 w - - 2 53,d3d4 f6e6 d5c5 e6c6,2069,76,94,11867,endgame master mate mateIn2 queenEndgame short swallowstailMate,https://lichess.org/SH0jy0Eb#105,
GGsPA,r1b1k2r/ppp2ppp/3b1q2/3p4/3P4/2NB1N2/PPP3Pn/R1BQK2R w KQkq - 0 10,f3h2 d6g3 e1d2 f6f4 d2e2 f4f2,2065,76,95,3041,exposedKing long master mate mateIn3 opening swallowstailMate,https://lichess.org/99SrjQ5x#19,Vienna_Game Vienna_Game_Vienna_Gambit
GKoov,4rk2/p1R2p1p/5Q2/1p2P3/3p4/6P1/P4PPK/1q6 b - - 2 32,b1g6 f6h8 g6g8 c7f7 f8f7 h8f6,2034,77,95,14046,attraction endgame long mate mateIn3 pin sacrifice swallowstailMate,https://lichess.org/ZRx52RuN/black#64,
GLfqY,r6r/p1qbk2p/1p2p3/2p2QN1/3b4/3P4/PP3PP1/2R1R2K b - - 0 20,e7d6 e1e6 d7e6 f5e6,1963,103,29,38,mate mateIn2 middlegame short swallowstailMate,https://lichess.org/cf4dF5l4/black#40,
GScZY,r1b1k2r/1p1p1pp1/2p4n/p3PP2/n3P2p/q1P2N1N/P1KBQ1PP/4RB1R w kq - 3 19,d2h6 a3b2 c2d3 b2c3,2165,79,97,695,mate mateIn2 middlegame short swallowstailMate,https://lichess.org/kgx2u8EZ#37,
GcL5T,2Q5/4k3/4N3/3pPp2/b6q/PN6/2K5/R1B3r1 w - - 1 36,e6c5 h4c4 c2b2 g1g2 c1d2 g2d2 b3d2 c4c2,1941,84,87,48,exposedKing mate mateIn4 middlegame sacrifice swallowstailMate veryLong,https://lichess.org/bccqUi7c#71,
Gcuzk,2N5/1Q6/1p1Pk2p/p6p/8/PP1Bq3/1BK2rP1/3R4 w - - 2 32,c2c3 e3e5 c3c4 e5c5,2015,75,94,1639,mate mateIn2 middlegame short swallowstailMate,https://lichess.org/kv2vXmZc#63,
GqIRN,r2q3r/4k2p/p2p1pp1/1p1QnpB1/6n1/1B6/PPP3PP/R3R2K b - - 1 20,f6g5 d5f7,2094,77,94,10279,mate mateIn1 middlegame oneMove pin swallowstailMate,https://lichess.org/Fl7VICkb/black#40,
HAEtk,2k4r/ppp2ppp/4bq2/8/3r4/P1NB1NbP/1PPK2P1/R2Q3R w - - 0 14,f3d4 f6f4 d2e2 f4f2,1932,75,98,851,fork mate mateIn2 middlegame short swallowstailMate,https://lichess.org/rdb0XgdR#27,Scandinavian_Defense Scandinavian_Defense_Boehnke_Gambit
HGUAk,8/8/1kn3RQ/1p4K1/6P1/4q3/8/8 w - - 4 56,g5f6 e3e7 f6f5 e7e5,2028,73,94,10911,endgame mate mateIn2 short swallowstailMate,https://lichess.org/w0AehVFw#111,
HNJOe,1rr5/3k1p1p/3p4/4Q1b1/4P3/3R2P1/1PP4P/qNKR4 w - - 3 24,e5g5 c8c2 c1c2 a1b2,1986,77,83,270,attraction mate mateIn2 middlegame sacrifice short swallowstailMate,https://lichess.org/dXcgIWt7#47,
HR0dS,r1b1k2r/pppp1p2/2n4p/8/1b1PN2q/2N5/PP2QPPP/R3KB1R b KQkq - 1 11,c6d4 e4d6 e8f8 e2e8 f8g7 e8f7,1991,74,95,9409,discoveredCheck doubleCheck long mate mateIn3 opening swallowstailMate,https://lichess.org/xd7gIb3q/black#22,Scotch_Game Scotch_Game_Goring_Gambit
HTsP3,rkbQ2nr/1p1pR2p/p7/3N2q1/4P3/4P3/P1Pn2PP/1R4K1 b - - 4 20,g8e7 b1b7 b8b7 d8b6,2002,81,92,146726,attraction mate mateIn2 middlegame pin queensideAttack sacrifice short swallowstailMate,https://lichess.org/fXMKtVDA/black#40,
HU1mB,7q/1p2p3/p2pQk1r/2pP3B/2P5/7K/P7/8 b - - 19 52,f6g5 e6g4 g5f6 g4f4 f6g7 f4f7,2056,76,77,127,endgame long mate mateIn3 swallowstailMate,https://lichess.org/jU2pRknN/black#104,
HkQST,rn1q1r2/ppp1b1p1/4k2p/7Q/4PP2/8/PPPP2PP/R1B2RK1 b - - 0 12,d8e8 h5d5 e6f6 d5f5,1946,78,84,155,mate mateIn2 middlegame short swallowstailMate,https://lichess.org/08Nk3per/black#24,Petrovs_Defense Petrovs_Defense_Cochrane_Gambit
Hlxkx,r2q1bn1/2pnp1p1/p6r/1p1Pk1pp/3Q4/2N4P/PPP2PP1/2KR3R b - - 1 17,e5f5 d4e4 f5f6 e4e6,1918,79,95,1757,mate mateIn2 middlegame short swallowstailMate,https://lichess.org/jFpFpARt/black#34,Goldsmith_Defense Goldsmith_Defense_Other_variations
HsvnB,5Q2/1kp4p/2r4r/2Bp4/3P1P2/2n1q1pP/6P1/R6K b - - 1 33,c6c5 f8a8 b7b6 a8a6,1953,77,62,99,endgame mate mateIn2 short swallowstailMate,https://lichess.org/SLBaqyUa/black#66,
HtlWS,N3kb1r/1p3pp1/p1n5/2P1p3/1P1p4/P4B1q/1BP1P1K1/R2Q1R2 w k - 2 20,g2f2 h3h4 f2g2 h4h2,2046,110,85,56,mate mateIn2 middlegame short swallowstailMate,https://lichess.org/HBwZlzUD#39,
I18dq,2r4R/4qkr1/pn2p3/1p3p1Q/1P3R2/P1pB4/6bP/6K1 b - - 3 30,f7f6 f4f5 e6f5 h5f5,2060,83,92,790,mate mateIn2 middlegame sacrifice short swallowstailMate,https://lichess.org/wwwz4zoN/black#60,
I7dLK,1k1r3r/p3q3/2Qbbpn1/4P3/3p2p1/3P2P1/PP1BN1BP/4K2R b K - 0 22,g6e5 c6a8 b8c7 a8b7,2094,80,94,9438,mate mateIn2 middlegame queensideAttack short swallowstailMate,https://lichess.org/kVVq8l86/black#44,
IF3bu,r6r/pp3p1N/2p4k/q3npN1/5Q1P/8/PP4P1/7K b - - 1 27,h8h7 g5e6 h6g6 f4g5,1996,79,87,366,discoveredAttack discoveredCheck endgame mate mateIn2 short swallowstailMate,https://lichess.org/vW5whrKS/black#54,
INX18,3R4/1r3pkp/4b1p1/6P1/4p2Q/7P/5PK1/q7 b - - 5 36,f7f5 h4h6 g7f7 h6f8,2010,78,88,492,endgame mate mateIn2 short swallowstailMate,https://lichess.org/m4410OD7/black#72,
IQK3u,q7/8/4pQpk/8/8/1P4PK/5P1P/2r5 b - - 4 32,a8d5 f6h8 h6g5 h8h4 g5f5 h4f4,2058,76,94,10352,endgame long mate mateIn3 swallowstailMate,https://lichess.org/Lci3cOr0/black#64,
Ikhwb,3Q1kr1/5p2/p3q3/1p1pP3/5R2/P1P4P/1P4r1/7K b - - 1 40,e6e8 f4f7 f8f7 d8f6,1998,75,96,7372,attraction endgame mate mateIn2 pin sacrifice short swallowstailMate,https://lichess.org/b5cv4RSJ/black#80,
Iz9pN,r4rk1/p2b2p1/4pp2/3pq3/2p5/7Q/P2N3R/6RK b - - 1 29,d7c6 g1g7 g8g7 h3h7,2015,79,77,209,attraction mate mateIn2 middlegame sacrifice short swallowstailMate,https://lichess.org/Lj9ws8Ti/black#58,
J1HM5,5rk1/pp4pp/2p5/2Pp4/1P1P2P1/PN1Q1Bb1/7q/R1B2K2 w - - 3 28,a1a2 h2h1 f1e2 h1e1,2091,96,80,65,mate mateIn2 middlegame pin short swallowstailMate,https://lichess.org/jc1ATe5Y#55,
J4jyd,rn2r1kQ/3n2p1/pp1qppN1/8/2R2P2/1P2bN2/PB4PP/7K b - - 3 21,g8f7 f3g5 f6g5 h8g7,1923,79,92,575,mate mateIn2 middlegame sacrifice short swallowstailMate,https://lichess.org/SSpF9hoB/black#42,
J5QNl,3Q4/2p5/1p3k2/2qb4/P3p1B1/6K1/8/8 b - - 6 59,f6e5 d8h8 e5d6 h8f6 d5e6 f6e6,1983,75,85,636,endgame long master mate mateIn3 swallowstailMate,https://lichess.org/qQnoWiBA/black#118,
J8Tko,1k4r1/pp3Q2/8/4P3/P7/4R3/1q2K3/7R w - - 0 39,e2f3 b2g2 f3f4 g2g4,1948,123,52,39,endgame fork mate mateIn2 short swallowstailMate,https://lichess.org/5gJWsLHd#77,
JDd27,rn2k2r/ppp2ppp/3p4/3nP3/1b1P1pbq/2NQ1N2/PPP1K1PP/R1B2B1R w kq - 2 9,c3d5 h4e1,1965,77,72,628,mate mateIn1 oneMove opening pin swallowstailMate,https://lichess.org/U0iuacD1#17,Vienna_Game Vienna_Game_Vienna_Gambit
JIHw4,r1bq3r/1ppk1Npp/p1nb3n/4p2Q/2B5/2P5/PP3PPP/RNB1K2R b KQ - 5 12,h6f7 h5f5 d7e7 f5f7,2102,83,85,278,fork mate mateIn2 opening short swallowstailMate,https://lichess.org/yWz3M0XT/black#24,Ponziani_Opening Ponziani_Opening_Spanish_Variation
JKHYB,4rr2/pbn5/1p3qkR/3p2N1/2pp2P1/P1P1Q3/1P1B1P2/2K5 b - - 2 32,g6h6 e3h3 h6g7 h3h7,2084,77,95,1468,mate mateIn2 middlegame short swallowstailMate,https://lichess.org/rGxAa7G8/black#64,
JRPG5,8/2p1kpQp/q1K5/p1PpP3/8/2P2P2/P1b3PP/RN5n w - - 4 26,c6d5 c7c6 d5d4 a6d3,2150,77,95,5111,endgame mate mateIn2 short swallowstailMate,https://lichess.org/vM6dFfy7#51,
JeEpQ,3r1rk1/5p2/4p1B1/p1q5/1p1p2Q1/6P1/PP3PK1/3R4 b - - 0 29,f7f5 g6f5 g8f7 g4g6 f7e7 g6e6,1997,78,92,568,discoveredAttack discoveredCheck endgame exposedKing long mate mateIn3 swallowstailMate,https://lichess.org/KrhCmKWm/black#58,
Jf9y3,r1bq1bnr/pppk3p/2np4/6pQ/2BPPB1P/8/PPP3P1/RN2K2R b KQ - 0 9,g5f4 h5f5 d7e7 f5f7,1967,79,69,209,mate mateIn2 opening short swallowstailMate,https://lichess.org/kGE3xZQL/black#18,Kings_Gambit_Accepted Kings_Gambit_Accepted_Fischer_Defense
Jlsfb,3r2k1/pp3ppp/8/3q4/1B6/4KP2/PPP3QP/RN3R2 w - - 0 22,b1c3 d5d4 e3e2 d4d2,1903,78,86,211,fork mate mateIn2 middlegame short swallowstailMate,https://lichess.org/SGugty3h#43,
JvCTC,8/2pr1p2/1p3k2/pQ5p/P1p1pPp1/2P1q3/6PP/5R1K b - - 1 35,e3d3 b5g5 f6e6 g5e5,1946,77,95,4908,endgame mate mateIn2 short swallowstailMate,https://lichess.org/BRDzA1xE/black#70,
K5wyj,2rkqQ2/1p2r3/p7/8/Pn6/6B1/3R3P/7K b - - 0 32,e7d7 d2d7 d8d7 f8d6,2058,75,95,12412,attraction master mate mateIn2 middlegame pin short swallowstailMate,https://lichess.org/7aS7skHY/black#64,
KGqMi,4q1r1/pp4Rk/1np1p2p/4P2Q/2PP3P/8/PP1B2P1/2K5 b - - 0 26,h7g7 h5h6 g7f7 h6f6,2069,78,88,962,endgame master mate mateIn2 short swallowstailMate,https://lichess.org/7BXAjTUW/black#52,
KHuYe,6k1/pp4pp/5q2/3P4/2P2pR1/1P1Q1P2/P3KR2/7r w - - 0 32,f2g2 f6e5 d3e4 e5b2 e2d3 h1d1 g2d2 b2d2,2028,76,82,210,endgame mate mateIn4 swallowstailMate veryLong,https://lichess.org/NC47gxL2#63,
KTijM,r6r/1p3pk1/4p3/PqPpPR1p/3B3P/P5P1/3Q2K1/8 b - - 0 28,a8g8 d2g5 g7f8 g5d8 b5e8 f5f7 f8f7 d8f6,2183,75,94,7331,attraction endgame master mate mateIn4 pin sacrifice swallowstailMate veryLong,https://lichess.org/pKR2Yntx/black#56,
KaExW,1k6/p1p3p1/2p5/4p1pP/1q6/8/2PKQP2/5R1R w - - 4 33,d2e3 b4f4 e3d3 f4d4,1959,78,88,177,endgame mate mateIn2 short swallowstailMate,https://lichess.org/J7aIVga5#65,
Kf1le,4k3/1pp2pp1/8/5r2/Q7/8/PPP1n1q1/1K1R4 b - - 6 29,c7c6 a4a8 e8e7 a8d8 e7e6 d8d6,1926,76,95,11355,endgame long mate mateIn3 swallowstailMate,https://lichess.org/Py1PghW7/black#58,
KkmmF,5rk1/p2p1rp1/1p1bp3/5p2/2Bpnq2/P6Q/1P4R1/1K5R b - - 11 28,f7f6 g2g7 g8g7 h3h7,2044,80,91,2052,attraction kingsideAttack mate mateIn2 middlegame sacrifice short swallowstailMate,https://lichess.org/q4k22qh4/black#56,
KmnpS,r4rk1/ppp1p3/6p1/5P2/3q4/2NB2b1/PPP3P1/R2QK2R w - - 1 20,e1d2 d4f4 d2e2 f4f2,2095,79,92,2550,mate mateIn2 middlegame short swallowstailMate,https://lichess.org/9hmuntjN#39,
Kt9ZX,2b3r1/pp5k/4p1qp/3p1pr1/6N1/2PQR2P/PP3PP1/4R1K1 w - - 3 25,g4e5 g5g2 g1f1 g2f2 f1f2 g6g2,1978,75,94,12810,attraction kingsideAttack long mate mateIn3 middlegame sacrifice swallowstailMate,https://lichess.org/9CquAj7x#49,
LE8kX,4k3/ppp2p1p/1bn5/8/1PQB4/P4P2/2PK1p1P/RN2qB1R w - - 1 19,d2d3 c6e5 d4e5 e1e3,1989,77,88,136,fork mate mateIn2 middlegame sacrifice short swallowstailMate,https://lichess.org/kwzMC2VE#37,
LLmMq,2k1Q3/1q6/4pB2/1p1pP2p/1Pr5/8/5PP1/6K1 b - - 2 41,c8c7 e8d8 c7c6 d8d6,1935,80,84,673,endgame mate mateIn2 short swallowstailMate,https://lichess.org/aONoDa2d/black#82,
Lf2A9,4r1q1/pp2pk2/4RnpQ/3P1RP1/8/7P/PP3P2/6K1 b - - 0 33,g6f5 e6f6 e7f6 h6f6,1924,126,0,10,endgame mate mateIn2 short swallowstailMate,https://lichess.org/qiEMms0j/black#66,
LjT8m,8/p7/4p1p1/1qrpQpk1/5P2/8/5KP1/8 b - - 0 35,g5h5 e5h8 h5g4 h8h3 g4f4 h3g3 f4e4 g3e3,2134,74,94,2831,endgame mate mateIn4 swallowstailMate veryLong,https://lichess.org/NjCZkb52/black#70,
LqYgq,3r2k1/5p1p/5Qp1/1p2P3/pP1P1KP1/P3R2P/8/5q2 w - - 4 44,f4e4 d8d4 e4d4 f1c4,2106,76,95,1103,attraction endgame mate mateIn2 sacrifice short swallowstailMate,https://lichess.org/aVoSpuft#87,
LxfJu,Q1kr4/p1p2ppp/3Rp3/8/1q6/2R3P1/P1PK1P1P/1r6 b - - 7 34,b4b8 c3c7 c8c7 a8c6,2044,75,96,2987,attraction endgame mate mateIn2 pin queensideAttack sacrifice short swallowstailMate,https://lichess.org/5LHIMb8P/black#68,
M9nHU,8/5pkp/6p1/3q4/3P4/4Q1P1/5P1K/8 w - - 10 60,h2h3 d5h1 h3g4 h1h5 g4f4 h5f5,2039,77,94,2556,endgame long mate mateIn3 queenEndgame swallowstailMate,https://lichess.org/2YpO3xrU#119,
MHDVS,3r2k1/pp3p1p/b2q2p1/P2B4/3Q4/5P1P/1B4P1/7K b - - 2 37,g8f8 d4g7 f8e7 g7f7,1915,80,95,17064,endgame mate mateIn2 short swallowstailMate,https://lichess.org/4dEq2TCw/black#74,
MHlcO,8/2P5/8/8/p2k1KP1/P7/6P1/4q3 w - - 0 47,c7c8q e1e5 f4f3 e5e3,1960,78,78,116,endgame mate mateIn2 queenEndgame short swallowstailMate,https://lichess.org/G25KFezu#93,
MT895,r1bqkb1r/2p4p/p1np1p1p/1p2N3/3PP3/1BP5/PP3PPP/RN1QK2R b KQkq - 0 9,f6e5 d1h5 e8d7 h5f5 d7e7 f5f7,2068,76,94,10454,exposedKing long mate mateIn3 opening swallowstailMate,https://lichess.org/cAAhMvMt/black#18,Ruy_Lopez Ruy_Lopez_Morphy_Defense
MbRVX,2k5/1p3pp1/p3p3/3r4/7r/P1NK2p1/1P1B2q1/R2Q1R2 w - - 0 24,c3d5 g2e4 d3c3 e4c4,1936,120,50,67,fork mate mateIn2 middlegame short swallowstailMate,https://lichess.org/KV4sCfF8#47,
MeJrf,1Q6/5pk1/4q1pP/8/8/1P3PK1/8/8 b - - 0 42,g7h6 b8h8 h6g5 h8h4 g5f5 h4f4,1975,77,94,14617,endgame long mate mateIn3 queenEndgame swallowstailMate,https://lichess.org/RY0xqDNI/black#84,
MtaBO,6k1/p4pp1/7p/4P3/1pr2P1b/1PPQ3P/3R2P1/q1KR4 w - - 3 33,d3b1 c4c3 d2c2 c3c2 c1c2 a1c3,2115,78,83,470,attraction endgame exposedKing long mate mateIn3 pin queensideAttack swallowstailMate,https://lichess.org/aDgiYezJ#65,
MtsjB,r2k1r2/2pnp2R/p3Q3/1p6/q2p4/3P4/1P2NPP1/1K6 b - - 3 29,f8f2 e6e7 d8c8 e7d7 c8b7 d7c7,2178,86,82,215,long mate mateIn3 middlegame swallowstailMate,https://lichess.org/rZbetMoE/black#58,
Mz8Hb,rn1q1bnr/pppbk1pp/8/4p2Q/2B1P3/7P/PPPN1PP1/R1B1K2R b KQ - 3 9,g8f6 h5e5 d7e6 e5e6,2065,76,95,1657,mate mateIn2 opening short swallowstailMate,https://lichess.org/6KotRBlu/black#18,Zukertort_Opening Zukertort_Opening_Old_Indian_Attack
N3hvP,r1bq3r/pppk1Npp/2np3n/2b1pp1Q/2B1P3/3P3P/PPP2PP1/RNB1K2R b KQ - 5 8,h6f7 h5f5 d7e7 f5f7,2186,78,83,214,fork mate mateIn2 opening short swallowstailMate,https://lichess.org/60Zr52FA/black#16,Italian_Game Italian_Game_Giuoco_Pianissimo
N4Mvo,rnbq1b1r/ppp1k1pp/5P2/3n3Q/2B1pP2/8/PPPP2PP/R1B1K1NR b KQ - 0 8,d5f6 h5e5 c8e6 e5e6,1921,79,95,8321,mate mateIn2 opening short swallowstailMate,https://lichess.org/7CX6eI8B/black#16,Vienna_Game Vienna_Game_Other_variations
NHYhi,3q1kR1/2r2p2/b2p1n1r/p3p3/Pp1pP3/1B1P3P/NPP3Q1/2K3R1 b - - 6 25,f6g8 g2g8 f8e7 g8f7,1924,80,91,1662,mate mateIn2 middlegame short swallowstailMate,https://lichess.org/DNzC6UGg/black#50,
NNVZi,4Q3/pp4kp/5pp1/8/1b5K/1P2R1P1/P4P1q/8 w - - 0 37,h4g4 h2h5 g4f4 h5f5,2009,77,95,18102,endgame mate mateIn2 short swallowstailMate,https://lichess.org/lKmHlHeI#73,
NRleS,r3k2r/p2bpp1p/6p1/2pn4/Q3B3/N1q3B1/P3KP1P/R4R2 w kq - 0 17,a4d1 d7g4 f2f3 c3e3,2004,76,86,383,mate mateIn2 middlegame short swallowstailMate,https://lichess.org/MKOINDuG#33,Sicilian_Defense Sicilian_Defense_Accelerated_Dragon
NW7jD,r2q1b1r/p1pnkppp/2Q1p3/2PpNP2/3P4/6PB/PP2P2P/R1B1K2b b Q - 0 15,d7e5 c1g5 f7f6 c6e6,1924,81,81,147,deflection mate mateIn2 middlegame short swallowstailMate,https://lichess.org/BpqAMesu/black#30,Queens_Pawn_Game Queens_Pawn_Game_Mason_Attack
Ncq0k,r5k1/p4ppp/1p4q1/3p4/3Nr3/2PK3P/PP1Q1PP1/R3R3 w - - 1 24,e1e3 e4e3 d3e3 g6e4,2077,79,87,864,attraction discoveredCheck doubleCheck mate mateIn2 middlegame short swallowstailMate,https://lichess.org/GOhpLNqZ#47,
NgYb7,r1bq3r/pppkb2p/5p2/7Q/2nP4/2N5/PP3PPP/R4RK1 b - - 1 14,d7c6 h5b5 c6d6 b5d5,1940,83,87,70,fork mate mateIn2 middlegame short swallowstailMate,https://lichess.org/1dd5yJDj/black#28,Philidor_Defense Philidor_Defense_Other_variations
Ngrwx,8/4bQpp/1Bp1p3/2Pb3k/3Pp3/4P1P1/5PK1/3q4 b - - 1 37,g7g6 f7h7 h5g4 h7h3 g4g5 h3h4 g5f5 h4f4,2155,75,96,2025,endgame fork mate mateIn4 swallowstailMate veryLong,https://lichess.org/mwSPrWrY/black#74,
NodEX,8/7p/8/2Q4k/1P2q1p1/8/6P1/6K1 b - - 1 37,h5h4 g2g3 h4h3 c5h5 h3g3 h5h2 g3f3 h2f2,1995,76,87,156,endgame mate mateIn4 queenEndgame swallowstailMate veryLong,https://lichess.org/tgJwZwkm/black#74,
NuC8k,8/p4pk1/1pP1r1pp/8/3Q4/P3r1P1/1P2qPK1/7R b - - 0 35,g7h7 h1h6 h7h6 d4h8 h6g5 h8h4 g5f5 h4f4,2023,74,94,763,attraction endgame mate mateIn4 sacrifice swallowstailMate veryLong,https://lichess.org/Gvlorhxx/black#70,
Nv7rB,4r1k1/2R2Rpp/1P6/8/3p2n1/8/1P2QKPP/q7 w - - 3 34,e2g4 a1e1 f2f3 e1e3,1910,76,97,755,endgame mate mateIn2 short swallowstailMate,https://lichess.org/1COXfRwB#67,
NvOwu,3Q4/8/p3p1pk/8/1P6/P4PPK/3pq3/8 b - - 2 47,d2d1q d8h8 h6g5 h8h4 g5f5 h4f4,1951,81,91,2348,endgame long mate mateIn3 queenEndgame swallowstailMate,https://lichess.org/oE5KdM6o/black#94,
O05DD,r7/pppQ1pk1/3p2p1/3Pp1b1/4P3/2NK4/PPP2q1P/3R1B2 w - - 2 28,d7g4 f2d4 d3e2 d4e3,2129,86,83,76,mate mateIn2 middlegame short swallowstailMate,https://lichess.org/ikCBpJ6r#55,
OKGeK,r1bqkbnr/ppp3p1/2np3p/4pp2/2BNP3/2P4P/PP1P1PP1/RNBQK2R b KQkq - 1 6,e5d4 d1h5 e8d7 h5f5 d7e7 f5f7,2077,76,92,2665,exposedKing interference long mate mateIn3 opening swallowstailMate,https://lichess.org/DQ6REoUi/black#12,Italian_Game Italian_Game_Anti-Fried_Liver_Defense
ONH1k,rnb1k2r/ppp2ppp/5n2/3Pb3/3q4/3B4/PPPK2PP/RNBQ2NR w kq - 0 9,g1f3 f6e4 d2e2 d4f2,2077,76,98,1515,mate mateIn2 opening short swallowstailMate,https://lichess.org/ynLilUeC#17,Kings_Pawn_Game Kings_Pawn_Game_Beyer_Gambit
OQK3T,8/5pkp/2P3p1/3Pp3/2Q1PbP1/pKn2P2/P4q2/5B2 w - - 0 47,b3c3 f2b2 c3d3 b2d2,1970,76,98,1135,endgame mate mateIn2 short swallowstailMate,https://lichess.org/VumZrtNH#93,
OVTQF,3b1k2/1p6/p6Q/2p1p3/4PpBp/1P3P1P/6PK/4q3 b - - 7 45,f8e7 h6g7 e7d6 g7d7,2181,75,94,1338,endgame mate mateIn2 short swallowstailMate,https://lichess.org/yroyoApD/black#90,
OjT9U,5Q2/1k1q3p/p3b1p1/1r2B1P1/2p1N3/8/PPP4P/2K5 b - - 0 38,d7d5 f8b8 b7c6 b8c7,1901,77,95,16619,endgame master masterVsMaster mate mateIn2 short swallowstailMate,https://lichess.org/Cjygsozq/black#76,
P43SH,1r5k/6p1/4b3/2Q1P2p/q7/4BN1P/3R1PP1/1K1R4 w - - 2 35,b1c1 a4a1 c1c2 e6f5 d2d3 a1b2,2190,77,95,439,exposedKing long mate mateIn3 middlegame swallowstailMate,https://lichess.org/V3TgGkwt#69,
PJ4fM,6Q1/1R4p1/5p1p/2q1pnk1/8/7P/6PK/8 b - - 6 48,c5e3 b7g7 f5g7 g8g7 g5f4 g7g4,1928,76,87,247,endgame long mate mateIn3 swallowstailMate,https://lichess.org/qbJgYZsP/black#96,
POebf,6k1/2P2p1p/qB4p1/3p4/5P2/b1nQP3/K4P2/3R4 w - - 4 36,a2b3 a6a4 b3c3 a4b4 c3c2 b4b2,2024,77,82,83,endgame exposedKing fork long master mate mateIn3 sacrifice swallowstailMate,https://lichess.org/xogVDLr8#71,
PVLLv,r2r3k/p3Npp1/7p/8/1P1Qp1n1/3P1q2/P1PK1P2/RNB1R3 w - - 3 27,d4c5 d8d3 c2d3 f3d3,1970,82,93,10354,mate mateIn2 middlegame sacrifice short swallowstailMate,https://lichess.org/2wUv7YY0#53,
Pcvet,2kr3r/ppp4p/8/2b3P1/2PqPp2/1Q1n1P2/PP2K1N1/R1B2R2 w - - 0 23,g2f4 d3c1 a1c1 d4d2,1947,78,92,2931,clearance mate mateIn2 middlegame short swallowstailMate,https://lichess.org/diXXy7rk#45,
PjpiQ,5r2/5pkp/6p1/p1p3N1/1p2Pp2/q7/2P1QK2/3R1R2 w - - 0 31,e2c4 a3g3 f2e2 g3e3,2054,77,96,5827,endgame fork mate mateIn2 short swallowstailMate,https://lichess.org/aZuwNj9n#61,
PnYoV,3Q4/1p4p1/pkb1p2p/4P3/5P2/2P3q1/PPK5/8 b - - 10 32,b6b5 a2a4 b5a4 d8d4 a4b5 d4b4,1944,74,90,206,attraction endgame long mate mateIn3 swallowstailMate,https://lichess.org/01Y6HsIp/black#64,
PvAnS,2k5/pp5q/n1p5/3pPpB1/P2P1n2/6Kr/1PPQ1P2/R6R w - - 1 34,h1h3 h7h3 g3f4 h3g4 f4e3 g4e4,2058,78,88,681,exposedKing long mate mateIn3 middlegame swallowstailMate,https://lichess.org/nQrZrDck#67,
Q7V8s,6k1/p1p2rp1/8/2p1rq2/2P2P2/1P2K3/P1Q1R3/3R4 w - - 0 37,f4e5 f5f4 e3d3 f4d4,1981,82,91,1306,endgame mate mateIn2 short swallowstailMate,https://lichess.org/8v0cmSmS#73,
QLTK8,6rk/p7/2R4p/2P1q1bQ/1P6/6N1/5P1K/3r4 b - - 6 39,d1d5 c6h6 h8g7 h6h7 g7f6 h5f7,2015,78,81,599,exposedKing long mate mateIn3 middlegame swallowstailMate,https://lichess.org/tUMPYncW/black#78,
QVeQU,7r/p4pk1/1p2b1p1/4P3/4PR2/1P1N2K1/2P2QP1/7q w - - 0 39,c2c4 h8h3 g2h3 h1h3,1917,79,79,82,endgame mate mateIn2 sacrifice short swallowstailMate,https://lichess.org/r1dHPleo#77,
QWE3U,rn1qkb1r/1b5p/p2pp3/1p4p1/2pNnp2/7Q/PPPPBPPP/RNB2RK1 b kq - 1 13,e6e5 e2h5 e8e7 h3e6,2004,77,88,226,mate mateIn2 opening short swallowstailMate,https://lichess.org/rcesdo8p/black#26,Sicilian_Defense Sicilian_Defense_Bowdler_Attack
Qet2L,B2q1k1r/p1p3p1/8/3b1p2/3P1Pnp/5K2/PPP3P1/RNBQ1R2 w - - 1 16,a8d5 d8d5 f3e2 d5e4 c1e3 e4e3,1965,75,94,5799,long mate mateIn3 middlegame swallowstailMate,https://lichess.org/UpIQox4r#31,Scandinavian_Defense Scandinavian_Defense_Boehnke_Gambit
QkrQO,7k/4N2p/R2pP1p1/2p5/3bQrP1/2qB2KP/8/8 w - - 0 31,g3f4 c3d2 f4f3 d2f2,1945,80,81,419,endgame mate mateIn2 short swallowstailMate,https://lichess.org/ITTGYy3n#61,
Qsr6m,8/1QP3kp/5p2/1p4K1/1P6/5P1P/8/4q3 w - - 0 58,g5g4 h7h5 g4h5 e1e5 h5g4 e5g5,2131,77,94,8606,attraction endgame long mate mateIn3 queenEndgame swallowstailMate,https://lichess.org/Aw6ffwmv#115,
RBwJy,r3k1nr/pppn1ppp/8/3P4/1b1P1pbq/2NQ1N2/PPP1K1PP/R1B2B1R w kq - 3 9,c3b5 h4e1,1919,77,95,9751,mate mateIn1 oneMove opening pin swallowstailMate,https://lichess.org/TJxQFzA3#17,Kings_Gambit_Declined Kings_Gambit_Declined_Falkbeer_Countergambit
RPYPq,1r4k1/p5Np/6p1/2p5/q5P1/3PQ3/1PK5/3R3R w - - 3 31,c2c3 a4b4 c3c2 b4b2,1945,83,92,1677,endgame mate mateIn2 short swallowstailMate,https://lichess.org/gtQo8cdq#61,
RSzpc,2r1r3/4k2Q/4P3/1pP2p2/pP4p1/P3q1P1/5R1P/6K1 b - - 0 49,e7e6 h7f5 e6e7 f5f6 e7d7 f6d6,1999,76,95,5540,endgame long mate mateIn3 swallowstailMate,https://lichess.org/Rf1m3wOJ/black#98,
RWdme,2r2k2/p4p2/4bBp1/8/4B2Q/2P4P/q4PP1/6K1 b - - 3 31,f8e8 e4c6 c8c6 h4h8 e8d7 h8d8,2093,80,90,1555,endgame long mate mateIn3 sacrifice swallowstailMate,https://lichess.org/EWZFp0I8/black#62,
RfYej,r1b4r/pp4k1/5b1p/6q1/2Qn4/6B1/PPP4P/4RRK1 b - - 1 21,c8h3 e1e7 f6e7 c4f7,2049,80,91,3644,mate mateIn2 middlegame sacrifice short swallowstailMate,https://lichess.org/td8HKR8L/black#42,
RiJ56,r3k1n1/3b4/p2q1p1r/1R1ppN1p/Q5p1/6P1/P1P2PP1/5RK1 b q - 2 23,d7f5 b5b8 e8f7 a4e8 f7g7 e8g8,2040,74,94,6822,discoveredCheck doubleCheck exposedKing long mate mateIn3 middlegame swallowstailMate,https://lichess.org/z1GLrvvl/black#46,
Rmkqz,rn2r1k1/p4ppp/2p5/2b2n2/2B1NP1q/3P4/PPP3PP/R1BQK2R w KQ - 1 13,e1e2 h4f2,1977,76,93,3039,mate mateIn1 middlegame oneMove pin swallowstailMate,https://lichess.org/Rw83kulA#25,Kings_Gambit_Declined Kings_Gambit_Declined_Falkbeer_Countergambit
RssrC,2r5/8/3pk3/3Rp3/4n3/1Q2B2P/2P2P2/q1KR4 w - - 15 45,b3b1 c8c2 c1c2 a1c3,2151,77,88,463,attraction mate mateIn2 middlegame pin sacrifice short swallowstailMate,https://lichess.org/5ZcVnOIs#89,
RyCdG,7R/Q7/4b1k1/8/P3pK1P/6P1/3q4/7B w - - 3 43,a7e3 d2d6 f4e4 d6d5 e4f4 d5f5,1987,75,96,15062,endgame long mate mateIn3 swallowstailMate,https://lichess.org/edm8YfZQ#85,
S3gIX,6k1/1b3ppp/p7/qp1PpPP1/1b2P3/1PrQ4/2PB3P/1K1R2R1 w - - 1 24,d3e2 c3c2 b1c2 a5a2 c2d3 a2b3 d2c3 b3c3,1998,85,92,139352,attraction deflection mate mateIn4 middlegame queensideAttack sacrifice swallowstailMate veryLong,https://lichess.org/J2GF6VnF#47,
SJun0,8/pp4rk/4p2p/8/2PP4/P4qr1/5P2/R1R2BKQ w - - 0 33,f2g3 f3e3 g1g2 e3g3,2175,74,95,8993,endgame mate mateIn2 short swallowstailMate,https://lichess.org/bOfWv7Rs#65,
SKbdw,r2q1b1r/1pp2Q1p/p1nk1p2/4pb2/2B3P1/2NP4/PPP2P1P/R3K2R b KQ - 0 13,f5g6 f7d5 d6e7 d5e6,2195,78,86,985,mate mateIn2 middlegame short swallowstailMate,https://lichess.org/pyRaUeFq/black#26,Bishops_Opening Bishops_Opening_Other_variations
SL7Dc,1k4rr/1Pp2p2/p1Bp3p/3P4/2N4q/2P1B3/1P4K1/R3Q3 w - - 1 27,g2f3 h4g4 f3f2 g4g2,2017,98,59,82,fork mate mateIn2 middlegame short swallowstailMate,https://lichess.org/4A1flgT3#53,
SMD6e,8/2Q3k1/4q1p1/3p4/6P1/2P3K1/8/8 b - - 10 46,g7h6 g4g5 h6h5 c7h7 h5g5 h7h4 g5f5 h4f4,1980,75,88,649,endgame mate mateIn4 queenEndgame swallowstailMate veryLong,https://lichess.org/MdtmmiLG/black#92,
SZ4N5,r1b1qr2/p2pbkR1/1pn2n2/3p3P/1p2Q2P/3B1N2/PBPN1P2/R3K3 b Q - 2 18,f7g7 e4h7,1938,80,92,1076,mate mateIn1 middlegame oneMove pin swallowstailMate,https://lichess.org/rDrGPWyl/black#36,Sicilian_Defense Sicilian_Defense_Wing_Gambit
SbvPP,8/pQ2kp2/3b1p1p/2p5/3p1P2/1P1P3P/P1Pq4/7K b - - 0 35,e7e6 f4f5 e6f5 b7e4 f5g5 e4g4,2072,75,85,206,attraction endgame long mate mateIn3 swallowstailMate,https://lichess.org/kZ5LxH33/black#70,
SnYln,r1bq3r/pppk1Npp/1bnp3n/4p2Q/2B1P3/2P5/PP3PPP/RNB2RK1 b - - 5 10,h6f7 h5f5 d7e7 f5f7,2076,78,91,2389,fork mate mateIn2 opening short swallowstailMate,https://lichess.org/HpN9gWFT/black#20,Italian_Game Italian_Game_Giuoco_Piano
Swtlr,rnbq1b2/pppkpQn1/5N2/6p1/3P4/4P1p1/PPP2PPr/R3KBNR b KQ - 0 12,d7c6 f7c4 c6d6 c4d5,1929,80,92,3530,mate mateIn2 middlegame short swallowstailMate,https://lichess.org/lBmd7J8r/black#24,Rapport-Jobava_System Rapport-Jobava_System_Other_variations
T63Fx,8/6kp/p1q2pp1/1p6/8/P3Q1Pn/BP3P1K/8 w - - 4 38,h2h3 c6h1 h3g4 h1h5 g4f4 h5f5,2077,75,96,1836,endgame long mate mateIn3 swallowstailMate,https://lichess.org/sWJhat5N#75,
T9YLQ,rnbqkbnr/ppp3p1/3p3p/4p3/2BPp3/8/PPP2PPP/RNBQNRK1 b kq - 1 6,b8c6 d1h5 e8d7 h5f5 d7e7 f5f7,2033,80,83,172,exposedKing long mate mateIn3 opening swallowstailMate,https://lichess.org/mPMpGwQF/black#12,Philidor_Defense Philidor_Defense_Other_variations
TAMsM,2r2r2/1b2b1p1/p4kB1/4R3/2p2P1Q/4B3/P3nKPP/q7 b - - 3 27,f6g6 h4h5 g6f6 h5f5,1930,76,94,1539,fork mate mateIn2 middlegame short swallowstailMate,https://lichess.org/flLCv8Tp/black#54,
TKPu4,3qrk2/5p2/p3p2P/4P3/3P2Q1/2r5/P5P1/5RK1 b - - 4 28,f8e7 f1f7 e7f7 g4g7,1902,74,96,17260,attraction endgame mate mateIn2 sacrifice short swallowstailMate,https://lichess.org/ZPzbfOTN/black#56,
TLgbX,5k2/1bq2r1Q/p2p1RB1/1p2p1p1/8/P1P5/2P3PP/7K b - - 0 28,f7f6 h7h8 f8e7 h8e8,1919,79,94,774,endgame fork mate mateIn2 short swallowstailMate,https://lichess.org/CHI0mxvv/black#56,
TRSPD,rnb4r/pp2kppp/2pNpn2/8/1Q6/3P4/q1P1KPPP/5BNR b - - 3 15,a2d5 d6f5 e7d7 b4e7,2026,75,95,15789,discoveredCheck doubleCheck mate mateIn2 middlegame short swallowstailMate,https://lichess.org/aIGfyPUt/black#30,Scandinavian_Defense Scandinavian_Defense_Gubinsky-Melts_Defense
Tgfyw,8/8/p7/P2K3q/k2P4/8/3Q4/8 w - - 1 64,d5c4 h5b5 c4c3 b5b3,1949,209,0,10,endgame mate mateIn2 queenEndgame short swallowstailMate,https://lichess.org/bJAMiG8x#127,
Tt65E,8/5Q1k/1p2p1p1/pP1p4/P2P2P1/6K1/8/3q4 b - - 5 47,h7h6 g4g5 h6h5 f7h7 h5g5 h7h4 g5f5 h4f4,1929,76,94,14388,endgame mate mateIn4 queenEndgame swallowstailMate veryLong,https://lichess.org/WSGurDAi/black#94,
TyPMY,5Q2/p4p1k/1p2p1pP/3q4/1P4n1/P3B1P1/5PK1/8 w - - 8 39,g2h3 d5h1 h3g4 h1h5 g4f4 h5f5,2088,83,91,1524,endgame long mate mateIn3 sacrifice swallowstailMate,https://lichess.org/VWkdFpmr#77,
UBiSp,1r1r4/2Q2p2/1p1p1kp1/p2P3p/7P/1P3KP1/P4P2/8 b - - 1 30,f6e5 c7e7 e5d4 e7e3 d4d5 e3e4 d5c5 e4c4,2137,79,89,216,endgame master mate mateIn4 queenRookEndgame swallowstailMate veryLong,https://lichess.org/bhp7wkIV/black#60,
UC6qO,r3rk2/2p2pRp/p2bp3/1q1P4/4P3/2Bn1P2/P5QP/5R1K b - - 2 27,d3f4 g7f7 f8f7 g2g7,2060,81,92,4488,attraction mate mateIn2 middlegame sacrifice short swallowstailMate,https://lichess.org/EvswpbQB/black#54,
UCcc0,r1b5/ppp4Q/2k1p1p1/3n1p2/8/2N4N/P1qBKPPP/3RR3 w - - 1 21,c3d5 c2c4 e2f3 c4g4 f3e3 g4e4,2096,75,95,3343,long mate mateIn3 middlegame swallowstailMate,https://lichess.org/m6QLCD90#41,
UDQKf,1k5r/p1p5/2p5/3P1Q2/8/5P2/PP1q2K1/R5R1 w - - 5 39,g2g3 d2h2 g3g4 h2h4,2123,88,80,86,endgame mate mateIn2 short swallowstailMate,https://lichess.org/t2Tg9uXY#77,
ULKLZ,5kr1/1p4RQ/p2b1r1p/3pp2B/P7/7P/6PK/4q3 b - - 0 35,g8g7 h7h8 f8e7 h8e8,1916,79,95,10534,endgame mate mateIn2 short swallowstailMate,https://lichess.org/KZ32FwmN/black#70,
UMutR,8/5k2/pp2p3/4P3/P2p1bP1/1P5K/4q1Q1/3R4 w - - 2 44,d1f1 e2d3 g2f3 d3h7 h3g2 h7h2,2004,76,85,139,endgame long mate mateIn3 swallowstailMate,https://lichess.org/Vk0e0zRb#87,
UX0Ix,r1bqkbnr/ppp3p1/2np3p/4p2Q/2BPP3/8/PPP2PPP/RNB2RK1 b kq - 1 7,e8d7 h5f5 d7e7 f5f7,1973,99,38,42,mate mateIn2 opening short swallowstailMate,https://lichess.org/sge9FY1P/black#14,Italian_Game Italian_Game_Anti-Fried_Liver_Defense
Uf4Ur,1qr2k2/2r1p1b1/3p4/pb3QN1/4P2P/PP3P2/2P5/2KR3R b - - 4 30,f8e8 f5f7 e8d7 d1d6 d7d6 f7d5,2178,78,96,911,attraction long mate mateIn3 middlegame pin sacrifice swallowstailMate,https://lichess.org/POYJpCSt/black#60,
UfLei,8/pnp3k1/1p1p4/3Pb3/1PP1P1rq/P1N5/4QPK1/2R4R w - - 0 29,g2f3 g4g3 f2g3 h4g3,1922,74,94,2781,mate mateIn2 middlegame sacrifice short swallowstailMate,https://lichess.org/I3JjH1g1#57,
UuM6r,rb3k2/2q2p1p/R5p1/3p2P1/4b2P/1P3N2/3Q2K1/5R2 w - - 1 30,a6a8 c7h2,2156,101,69,78,master mate mateIn1 middlegame oneMove pin swallowstailMate,https://lichess.org/4FBgxq9a#59,
V62C2,6nr/3b1pp1/5k2/2Q4p/4PP2/8/1PPK2PP/q6R b - - 2 25,a1h1 c5g5 f6e6 g5e5,2121,83,91,1061,endgame mate mateIn2 short swallowstailMate,https://lichess.org/HS3x7sZh/black#50,
VCqg1,7k/6q1/8/8/8/3Q2b1/P1P3P1/5R1K w - - 3 38,f1f3 g7h6 h1g1 h6h2 g1f1 h2h1 f1e2 h1e1,1955,76,82,82,endgame mate mateIn4 swallowstailMate veryLong,https://lichess.org/3kbnTAsy#75,
VKlBn,rnbq1b1r/ppp1k1pp/8/3B3Q/4n3/8/PPPP1PPP/RNB1K2R b KQ - 0 8,e4f6 h5e5 c8e6 e5e6,1961,78,93,1358,mate mateIn2 opening short swallowstailMate,https://lichess.org/5uSct2Vs/black#16,Russian_Game Russian_Game_Cochrane_Gambit
VPsaG,2r3q1/5k2/1p3Rr1/p2P3Q/5P1n/7P/PP4P1/4R1K1 b - - 0 44,f7f6 h5e5 f6f7 e5e7,2031,78,94,13150,endgame mate mateIn2 short swallowstailMate,https://lichess.org/BHw859ZB/black#88,
VTzTl,2k5/pp3Q2/4N1n1/3pP3/b1pPq3/P1P5/3BKP2/8 w - - 2 27,e2f1 e4h1 f1e2 a4d1 e2e3 h1e4,2017,76,91,187,endgame long master mate mateIn3 swallowstailMate,https://lichess.org/ftGjmtRx#53,
Vcl8e,7k/pp3Q2/2qp1P1B/3n4/6PP/2P5/PP2r2K/R4R2 w - - 1 37,h2h3 d5f4 h3g3 c6g2 g3f4 e2e4 f4g5 g2g4,1951,75,94,1632,mate mateIn4 middlegame sacrifice swallowstailMate veryLong,https://lichess.org/w2lnLqwB#73,
VoxLQ,r1b2rk1/pp4b1/2p1pp2/7Q/2P5/5P1R/PP3q1P/6RK b - - 1 23,e6e5 g1g7 g8g7 h5h7,1995,78,94,14648,attraction kingsideAttack mate mateIn2 middlegame sacrifice short swallowstailMate,https://lichess.org/j7NsVIMa/black#46,
WK57l,7r/1Q2N3/3p2k1/q3b1pp/2BpPp2/8/1P3PPP/r3R1K1 b - - 7 27,g6f6 e7g8 h8g8 b7f7,2046,75,94,16443,clearance mate mateIn2 middlegame sacrifice short swallowstailMate,https://lichess.org/PtoJx50B/black#54,
WKnzN,r1b1Nrk1/1p3qP1/p3p1Q1/3pp1p1/6P1/R1P2n2/5P2/3K3R b - - 0 23,f7g6 h1h8 g8f7 g7f8q,1905,77,94,10157,advancedPawn kingsideAttack mate mateIn2 middlegame promotion short swallowstailMate,https://lichess.org/99jxGT7p/black#46,
WPXuM,5k1r/3q2pp/5p2/3r4/2Q2B1n/7K/PP3P1P/3R1R2 w - - 7 28,h3h4 d5h5 h4g3 d7h3,2115,80,82,365,master mate mateIn2 middlegame short swallowstailMate,https://lichess.org/C8sQYmFi#55,
WYraD,r1bq3r/pppkb2p/4P2p/n6Q/3PP3/2P5/P5PP/RN3RK1 b - - 0 15,d7e6 h5f5 e6d6 f5d5,1965,79,76,101,fork master mate mateIn2 middlegame short swallowstailMate,https://lichess.org/KNVcopeq/black#30,Italian_Game Italian_Game_Evans_Gambit
WjHj3,r1b1k1nr/ppp2ppp/8/2bpP3/3N3q/5p1P/PPP1K1P1/RNBQ1B1R w kq - 0 9,d4f3 h4e4 c1e3 e4e3,2031,80,93,2957,mate mateIn2 opening short swallowstailMate,https://lichess.org/yOrVq8xh#17,Kings_Gambit_Accepted Kings_Gambit_Accepted_Modern_Defense
WzhdT,r1bqkbnr/ppp3p1/2np1p1p/4N3/2B1PP2/8/PPPP2PP/RNBQ1RK1 b kq - 0 6,f6e5 d1h5 e8d7 h5f5 d7e7 f5f7,2138,81,84,281,exposedKing long mate mateIn3 opening swallowstailMate,https://lichess.org/9mdmByho/black#12,Kings_Gambit Kings_Gambit_Other_variations
Wzib0,2r1r3/1p1k1p1p/pqn1pBpP/1PRpP3/5PP1/Q7/P7/2R2K2 b - - 0 30,a6b5 c5d5 e6d5 a3d6,1937,79,69,122,clearance mate mateIn2 middlegame sacrifice short swallowstailMate,https://lichess.org/TWCA2CuA/black#60,
XCvwZ,r1bqk2r/pppp2pp/2n5/2bQp3/8/2P2B2/PPK3PP/RN3R2 b kq - 2 12,d7d6 f3h5 e8d7 h5g4 d7e7 d5f7,2189,73,94,12150,exposedKing long mate mateIn3 middlegame swallowstailMate,https://lichess.org/TmKC8MIC/black#24,Kings_Pawn_Game Kings_Pawn_Game_Tayler_Opening
XEHTw,2r3R1/1p2kp2/p6B/1b1pPp1P/3P4/2P5/P2Q1PKP/1q6 w - - 7 30,g8c8 b1f1 g2g3 f1g1 g3f4 g1g4 f4e3 g4e4,1919,76,97,2493,endgame master mate mateIn4 swallowstailMate veryLong,https://lichess.org/FoBcBMzz#59,
XHmVi,r1b1k1nr/pppp1p1p/8/2b1P3/7q/8/PPP1K1PP/RNBQ1BNR w kq - 3 8,g1f3 h4e4 c1e3 e4e3,1946,78,96,7910,mate mateIn2 opening short swallowstailMate,https://lichess.org/3bveGXkv#15,Englund_Gambit Englund_Gambit_Other_variations
XUJlw,5Bk1/5p1p/2p1p1p1/3pP3/1PbQ1PB1/2P3P1/5K1P/q7 w - - 3 26,f8c5 a1f1 f2e3 f1e1 g4e2 e1e2,1926,76,95,1284,endgame long mate mateIn3 swallowstailMate,https://lichess.org/voLAbLvp#51,
Xa24t,8/5p2/4pk2/1P6/5b2/1P3P2/8/1QKBq3 w - - 4 82,c1b2 f4e5 b2c1 e1e3 c1c2 e3c3,2052,81,82,67,endgame long master mate mateIn3 swallowstailMate,https://lichess.org/4ourWlmB#163,
Xb9so,1kr5/1b6/7p/3p2p1/Q3n3/2q2N1P/P1P2PP1/2KRR3 w - - 0 29,a4b3 c3a1 b3b1 c8c2 c1c2 a1c3,2037,75,95,13776,attraction discoveredAttack long mate mateIn3 middlegame pin queensideAttack sacrifice swallowstailMate,https://lichess.org/Df1AnOQ3#57,
XfK3H,7Q/2p2r2/3p3k/p4p1p/1p1BqPn1/1P6/PKP5/8 b - - 7 35,f7h7 h8f8 h6g6 f8g8 h7g7 g8g7,1972,78,93,1659,endgame long mate mateIn3 swallowstailMate,https://lichess.org/XwCJrIiR/black#70,
Xt9YF,5k2/8/pp2pP1B/8/4q2n/8/5P2/3Q2K1 b - - 1 42,f8f7 d1d7 f7f6 d7g7 f6f5 g7g5,1910,85,85,41,endgame long master mate mateIn3 swallowstailMate,https://lichess.org/WHcmcmpl/black#84,
Y1nZw,r1b2rk1/1p1pn1p1/pq2pp2/7Q/2n1P1R1/2N4R/PPP3PP/7K b - - 3 18,b6f2 g4g7 g8g7 h5h7,1900,78,91,4528,attraction kingsideAttack mate mateIn2 middlegame sacrifice short swallowstailMate,https://lichess.org/lH2dm9Dl/black#36,Sicilian_Defense Sicilian_Defense_McDonnell_Attack
YJ5LP,6k1/1Qb1npp1/P1p5/3p1q2/3Pr3/P2KP1P1/3B1P2/2R1R3 w - - 5 32,b7c7 e4e3 d3e3 f5e4,1912,80,90,553,attraction discoveredCheck doubleCheck mate mateIn2 middlegame sacrifice short swallowstailMate,https://lichess.org/EJlYUxRo#63,
YTlwb,r1b1k2r/2q1ppQp/2p2np1/6N1/3P1N2/5P2/pK4PP/3RR3 b kq - 1 21,c7f4 g7f7 e8d7 f7e7,1976,82,62,115,attackingF2F7 mate mateIn2 middlegame short swallowstailMate,https://lichess.org/lQcJi3jN/black#42,
YXaEV,3q4/Q2B1p2/p2k2p1/1p5p/1P3P2/P5PP/7K/8 b - - 0 42,d8d7 a7c5 d6e6 c5e5,2117,76,94,1801,endgame mate mateIn2 queenEndgame short swallowstailMate,https://lichess.org/evTE6b0J/black#84,
YddBm,7r/1pp2pk1/p2p3q/3Pp1p1/4Pnp1/2P1QPK1/PP1R2P1/4R3 w - - 2 33,f3g4 h6h2 g3f3 h8h3 g2h3 h2h3 f3f2 h3g2,2143,77,83,165,endgame mate mateIn4 sacrifice swallowstailMate veryLong,https://lichess.org/tE1Uq8fn#65,
YoIdt,r1bq3r/pppk1Npp/1bnp3n/5p1Q/2BPP3/7P/PP3PP1/RNB1K2R b KQ - 5 10,h6f7 h5f5 d7e7 f5f7,2124,78,92,7867,fork mate mateIn2 opening short swallowstailMate,https://lichess.org/MqpOCg6R/black#20,Italian_Game Italian_Game_Classical_Variation
YqSkx,4r1k1/1b4qp/4Ppr1/p1pQ4/3P1B2/2P1R3/PP4P1/4R1K1 w - - 1 36,d5d7 g6g2 g1f1 g2f2 f1f2 g7g2,2161,82,83,116,attraction kingsideAttack long mate mateIn3 middlegame sacrifice swallowstailMate,https://lichess.org/dpCea6BJ#71,
ZZwLL,7k/3b1pp1/5rrp/2pB4/2Pq4/1P2R1PP/P5K1/4Q2R w - - 2 38,e1c3 g6g3 g2g3 d4f4 g3g2 f4f2,1974,74,96,16562,attraction long mate mateIn3 middlegame sacrifice swallowstailMate,https://lichess.org/VuCx9uCP#75,
ZbWuv,2r5/4ppbk/6p1/7p/8/1P3PP1/3R3P/qQKR4 w - - 3 38,d2c2 c8c2 c1c2 a1c3,1985,81,92,7239,attraction endgame mate mateIn2 pin short swallowstailMate,https://lichess.org/Jj7k0pVn#75,
ZdVFg,7k/1b5p/1p4q1/p3PN2/3p3P/P1P4K/1P4r1/4RQ2 w - - 9 39,f1f4 g2h2 f4h2 g6f5 h3g3 f5f3,2149,80,94,10547,deflection endgame long master mate mateIn3 sacrifice swallowstailMate,https://lichess.org/O25P7zRi#77,
ZhO9a,6r1/8/3N1bkp/6Nq/4Q3/p4P2/5PK1/8 b - - 8 47,g6g5 d6f7 h5f7 e4g4,2173,77,94,14642,endgame master masterVsMaster mate mateIn2 sacrifice short swallowstailMate,https://lichess.org/nVyg1hSJ/black#94,
Zi4iv,8/1p4pp/1k6/2p2b2/1NP5/1P2P3/P1Kn1rPP/q2RQB1R w - - 0 27,f1d3 d2c4 e1f2 a1b2,2134,83,91,5254,discoveredAttack discoveredCheck mate mateIn2 middlegame pin sacrifice short swallowstailMate,https://lichess.org/zcl0Inuz#53,
ZinEX,2br4/3qkp2/p7/1p4Q1/2pB4/P1K1P3/8/8 b - - 0 45,e7d6 g5c5 d6e6 c5e5,1935,75,94,1548,endgame mate mateIn2 short swallowstailMate,https://lichess.org/m5jMVcjK/black#90,
Zl3LM,5rk1/1pp4p/p7/3P2p1/P1p2N2/2N1P1K1/1P2Q1P1/1R2n2q w - - 0 29,b1e1 h1h4 g3f3 f8f4 e3f4 h4f4,2047,76,98,908,endgame exposedKing long mate mateIn3 swallowstailMate,https://lichess.org/XMQSpUv3#57,
ZlV3M,r3r2k/4P2p/p2p4/3Q4/2Pp3q/3P2b1/PP4P1/R1B2RK1 w - - 1 26,f1f3 h4h2 g1f1 h2h1 f1e2 h1e1,1951,78,96,9147,kingsideAttack long mate mateIn3 middlegame swallowstailMate,https://lichess.org/i6Ubct2J#51,
a2Qtr,8/5kp1/8/8/5PKQ/8/4q3/8 w - - 3 84,g4f5 e2e6 f5g5 e6g6,2040,75,93,8064,endgame mate mateIn2 queenEndgame short swallowstailMate,https://lichess.org/0g3dq6Rf#167,
a3Cd8,r6k/1R4pp/2P5/q1P5/1K1Pp3/2Q1P2P/8/8 w - - 3 39,b4b3 a5a2 b3b4 a2a4,1953,75,93,11752,endgame mate mateIn2 short swallowstailMate,https://lichess.org/cKCCgeyX#77,
a4wZp,r2q3r/pp1b1Q1p/2kb4/8/1P6/PnN3P1/3P1P1P/2B2K1R b - - 4 23,b3c1 f7c4 d6c5 c4c5,2147,104,73,75,mate mateIn2 middlegame short swallowstailMate,https://lichess.org/EyBltdMp/black#46,
a6XQ9,8/1p4k1/2r1p1P1/7Q/P2p2Rp/1Pr4P/5qPK/4R3 b - - 2 36,f2e1 h5h7 g7f6 h7f7 f6e5 f7f4 e5d5 f4d4,2175,77,94,9078,endgame exposedKing mate mateIn4 swallowstailMate veryLong,https://lichess.org/AhZw3wRf/black#72,
aAZB3,6Q1/p7/1p5k/2p1q1pP/2P5/3p4/6B1/6K1 b - - 5 63,h6h5 g8h7 h5g4 h7h3 g4f4 h3f3,2012,75,94,6535,endgame long mate mateIn3 swallowstailMate,https://lichess.org/AiqI23zq/black#126,
aG0El,3r3r/1pp2pp1/p2b1k1p/1B1P2q1/3RR3/2K4Q/PPP2PP1/8 b - - 0 26,a6b5 e4e6 f7e6 h3e6,2142,79,75,106,mate mateIn2 middlegame sacrifice short swallowstailMate,https://lichess.org/AvkW99rI/black#52,
aJfPo,5rk1/3P2pp/8/1p2K2q/pP1Qp3/P7/1P1R1P2/6R1 w - - 3 42,e5e4 h5f5 e4e3 f5f3,2147,76,80,109,endgame mate mateIn2 short swallowstailMate,https://lichess.org/arTxK2wz#83,
aPrG6,6k1/6r1/5R1Q/3p2p1/3P4/2r5/1q2RK1P/8 b - - 3 46,c3c2 f6f8 g8f8 h6h8 f8f7 h8e8 f7f6 e8e6,2130,78,85,155,attraction endgame exposedKing mate mateIn4 sacrifice swallowstailMate veryLong,https://lichess.org/WEkWmPXv/black#92,
aV7vm,3Q4/5pbk/6p1/1p6/1P4qp/4Bb2/5P1P/2RR1K2 w - - 4 34,f1e1 g7c3 c1c3 g4g1 e1d2 g1d1,2048,77,88,188,long master mate mateIn3 middlegame sacrifice swallowstailMate,https://lichess.org/vYe7MWnq#67,
aagIU,r1bqkbnr/ppp3p1/2np3p/4pp2/2B1P3/2P3N1/PP1P1PPP/RNBQ1RK1 b kq - 1 6,f5e4 d1h5 e8d7 h5f5 d7e7 f5f7,2019,81,91,4340,exposedKing long mate mateIn3 opening swallowstailMate,https://lichess.org/PyHRomr1/black#12,Bishops_Opening Bishops_Opening_Other_variations
aglxf,7k/1b3rrN/p3p1p1/4PpQ1/1p1p1P2/3P2R1/3q2PP/5RK1 b - - 0 32,g7h7 g5d8 h8g7 g3g6 g7g6 d8g5,2053,84,84,285,attraction discoveredAttack exposedKing kingsideAttack long mate mateIn3 middlegame sacrifice swallowstailMate,https://lichess.org/QfvMPyVQ/black#64,
ahKR7,r1b1r1k1/ppp2p2/3q1n2/3P2B1/2B3np/2NP1K1N/PPP3P1/R2Q1R2 w - - 0 17,g5f4 e8e3 f4e3 d6g3 f3e2 g3e3,2071,75,94,9222,exposedKing long mate mateIn3 middlegame sacrifice swallowstailMate,https://lichess.org/OL4A373g#33,Vienna_Game Vienna_Game_Stanley_Variation
aiY8J,1k4r1/1p6/2p5/4PP1p/4P2q/Q2P4/4R3/5K2 w - - 2 42,e5e6 h4h1 f1f2 h1g1 f2f3 g1g3,2103,74,93,10728,endgame exposedKing long mate mateIn3 swallowstailMate,https://lichess.org/xyG8ealB#83,
awOJk,1rr5/3q1p2/3kp1p1/p2pR1P1/1p1P1QR1/P1P5/1P3P2/6K1 b - - 7 32,b4c3 e5e6 d6e6 f4e5,1992,86,86,84,attraction discoveredCheck doubleCheck endgame mate mateIn2 sacrifice short swallowstailMate,https://lichess.org/nOB2N8KZ/black#64,
b1rhw,r3r3/pppq1p2/3p1k2/8/3b1P2/P5QP/P5P1/R4R1K b - - 1 25,d4a1 g3g5 f6e6 f1e1 a1e5 e1e5 d6e5 g5e5,2128,80,91,265,endgame exposedKing fork mate mateIn4 swallowstailMate veryLong,https://lichess.org/2EYPK4Jh/black#50,
b1xqp,8/5k1p/4pPp1/p1rp4/3P2P1/3KQ3/qr1N1P1P/7R w - - 0 30,d4c5 b2d2 e3d2 a2c4 d3e3 c4e4,1907,72,96,16009,endgame exposedKing long mate mateIn3 sacrifice swallowstailMate,https://lichess.org/uKwM0Jpx#59,
bF3Sw,8/Q7/2p5/1bk2p2/p6p/Pq2PP1P/1Bp3K1/8 b - - 5 66,c5d5 a7d7 d5c4 d7d4,1922,79,92,1430,endgame mate mateIn2 short swallowstailMate,https://lichess.org/em2ue0AU/black#132,
bPrnC,rnbq1b1r/ppp1k1pp/5P2/3n3Q/2BPp3/8/PPP2PPP/R1B1K1NR b KQ - 0 9,d5f6 h5e5 c8e6 e5e6,2048,77,80,165,mate mateIn2 opening short swallowstailMate,https://lichess.org/38KunZl1/black#18,Vienna_Game Vienna_Game_Other_variations
bQGWq,5r1k/pp4p1/7p/6b1/3n4/2N3QP/PP3P2/3RRK1q w - - 26 36,g3g1 f8f2 f1f2 h1f3,2197,77,95,1627,attraction mate mateIn2 middlegame pin sacrifice short swallowstailMate,https://lichess.org/BbFIjKmu#71,
bWxMz,r4rkQ/4q1p1/3pbp2/n1p1p1p1/4P3/2PP4/1B3PP1/R2BK2R b KQ - 5 23,g8f7 d1h5 g7g6 h5g6 f7g6 h8h5 g6g7 h5h7,2088,77,96,2141,attraction mate mateIn4 middlegame sacrifice swallowstailMate veryLong,https://lichess.org/AnWGRPHl/black#46,
bcypL,r4rk1/1p1bn1p1/3qpp2/1p1p3Q/P7/6RR/1PP3PP/6K1 b - - 1 20,a8a4 g3g7 g8g7 h5h7,1965,112,0,25,attraction kingsideAttack mate mateIn2 middlegame sacrifice short swallowstailMate,https://lichess.org/xRDjDIHg/black#40,
bwD8R,r4r2/6Qp/p2pp1p1/1pp3k1/8/5PK1/q5P1/7R b - - 5 32,h7h5 h1h5 g5h5 g7h7 h5g5 h7h4 g5f5 h4f4,1944,76,96,11042,attraction endgame mate mateIn4 pin sacrifice swallowstailMate veryLong,https://lichess.org/gAZsFiuI/black#64,
c19SB,r4rk1/1pp3p1/2np1p2/4p1q1/p7/2P4Q/2P4R/6RK b - - 1 29,g5f4 g1g7 g8g7 h3h7,2019,79,87,1228,attraction mate mateIn2 middlegame sacrifice short swallowstailMate,https://lichess.org/hjmEw0KP/black#58,
c2kTt,1r4r1/5p1k/pp1p3B/5q2/P1P3n1/7R/3Q1bPP/4R2K b - - 1 28,f2e1 h6f8 e1h4 h3h4 h7g6 h4h6 g4h6 d2h6,1921,73,95,12242,discoveredAttack discoveredCheck exposedKing mate mateIn4 middlegame swallowstailMate veryLong,https://lichess.org/9iToYHlq/black#56,
c601q,8/4Rp2/1p1k4/p1pp4/Pb1p1p2/1P1P1q1P/1PQ1R3/5K2 w - - 0 36,e2f2 f3h1 f1e2 f4f3 f2f3 h1e1,2150,127,47,34,endgame exposedKing long mate mateIn3 swallowstailMate,https://lichess.org/fUbHZWd2#71,
c8T5N,4r2k/1b1r2pB/1p2p3/2q1B3/1pPR1Pn1/7R/P1Q3PP/6K1 b - - 2 26,d7d4 h7g8 h8g8 c2h7 g8f7 h7g7,1991,75,96,800,attraction discoveredAttack discoveredCheck kingsideAttack long mate mateIn3 middlegame sacrifice swallowstailMate,https://lichess.org/38Ab2Lhl/black#52,
cVGRJ,1r3rk1/p2qp1bR/2n3p1/3pp3/2pP2P1/4QP2/PPB5/2K4R b - - 0 21,c6d4 h7g7 g8g7 e3h6 g7f6 h6g6,2033,78,87,189,attraction exposedKing kingsideAttack long mate mateIn3 middlegame sacrifice swallowstailMate,https://lichess.org/jId0MJFE/black#42,
cYQg4,r1k5/1bP2q2/p3p3/1pP1B3/1P3P2/2P2r1P/P3K3/3R4 b - - 7 38,b7c6 d1d8 c8b7 d8b8 a8b8 c7b8q,2013,78,96,1470,advancedPawn collinearMove endgame exposedKing long mate mateIn3 promotion queensideAttack swallowstailMate,https://lichess.org/ykAs6pK6/black#76,
cm1AH,1Q6/5p2/4p1kP/3pP2q/3P2K1/6P1/P2Q1P2/8 w - - 1 41,g4f4 h5f5 f4e3 f5e4,2136,89,74,45,endgame master mate mateIn2 queenEndgame short swallowstailMate,https://lichess.org/dnOES1CG#81,
cmdX6,2k3rr/pp1b1R2/4p2p/2NpP2q/3P3b/2PB1R2/PPQ3PK/8 w - - 7 23,c5d7 h4g3 h2g1 h5h2 g1f1 h2h1 f1e2 h1e1,1904,77,88,148,discoveredCheck doubleCheck mate mateIn4 middlegame swallowstailMate veryLong,https://lichess.org/igk1lOep#45,
cpasM,2r3k1/4q2p/4n1RQ/p2p1p2/5r2/3B3R/P6P/7K b - - 0 29,h7g6 h6h8 g8f7 h3h7 e6g7 h8g7 f7e6 g7e7,2156,76,96,2657,exposedKing mate mateIn4 middlegame swallowstailMate veryLong,https://lichess.org/Q1TcaA7l/black#58,
cyhX1,8/Pp3k2/6p1/3p4/1Q1PpK2/1P3qP1/5P2/8 w - - 5 43,f4e5 f3f6 e5d5 f6e6 d5c5 e6c6,2073,77,62,72,endgame long mate mateIn3 queenEndgame swallowstailMate,https://lichess.org/fygcHy2P#85,
cz0P0,8/8/4k3/1Q2p3/PK6/1P6/3q4/8 w - - 5 65,b4c5 d2d6 c5c4 d6d4,2098,79,85,190,endgame mate mateIn2 queenEndgame short swallowstailMate,https://lichess.org/j8rhkCFD#129,
dAIgN,r3k1nr/p4pBp/2p1p3/8/7q/2NP2b1/PPP4P/R2QK2R w KQkq - 0 14,e1d2 h4f4 d2e2 f4f2,2042,76,82,175,mate mateIn2 middlegame short swallowstailMate,https://lichess.org/rqgQjDL1#27,Caro-Kann_Defense Caro-Kann_Defense_Other_variations
dDxLP,3r1r2/p6p/1p2p1pk/q2P3N/8/4Q3/5PPP/3R2K1 b - - 4 33,h6h5 g2g4 h5g4 d1d4 g4h5 e3h3 h5g5 h3h4 g5f5 h4f4,2087,79,88,1750,attraction endgame mate mateIn5 swallowstailMate veryLong,https://lichess.org/z3udn8ui/black#66,
dFawS,4r3/p3rkpQ/1p1p1b2/8/6P1/4p2P/P5K1/5R2 b - - 0 32,e3e2 f1f6 f7f6 h7f5,1915,77,29,103,attraction endgame mate mateIn2 pin sacrifice short swallowstailMate,https://lichess.org/i34qyGIa/black#64,
dvf4m,3qkr2/8/p1Q5/1p3P2/4P3/P6P/6PK/8 b - - 15 54,e8f7 c6g6 f7e7 g6e6,1958,76,95,3726,endgame mate mateIn2 short swallowstailMate,https://lichess.org/S3KKslce/black#108,
ebzob,3qrk2/3b2pQ/p4bBp/8/2pP1B2/P6P/1P3PP1/6K1 b - - 0 23,d7f5 f4d6 d8d6 h7h8 f8e7 h8e8,2089,83,76,116,long mate mateIn3 middlegame sacrifice swallowstailMate,https://lichess.org/gfODovyN/black#46,
efawP,r1bRkrN1/1pp2p2/4p1p1/4P3/5Q2/p1P5/q4PPP/3K1B1R b - - 5 23,e8d8 f4f6 d8d7 f1b5 c7c6 f6e7,2086,78,94,146664,long mate mateIn3 middlegame swallowstailMate,https://lichess.org/JsHO64GB/black#46,
fEz5o,2b5/6rk/p2q1P1p/8/2QN3r/2P2R2/PP4P1/5R1K w - - 1 38,h1g1 g7g2 g1g2 d6h2,1952,75,94,205,attraction mate mateIn2 middlegame sacrifice short swallowstailMate,https://lichess.org/hpu7yCUf#75,
fGkUX,2b2Q2/2p4p/2PN4/1Pk5/1b6/2qB2P1/3K1P1P/5R2 w - - 0 31,d2e2 c8g4 f2f3 c3d2,1980,100,32,26,mate mateIn2 middlegame short swallowstailMate,https://lichess.org/uozbPctO#61,
fWmRP,8/5p1k/2PQp1p1/3p2P1/3P3p/4P1P1/5PK1/3q4 w - - 0 41,c6c7 h4h3 g2h3 d1h1 h3g4 f7f5 g5f6 h1h5 g4f4 h5f5,2093,77,94,2897,attraction endgame mate mateIn5 queenEndgame sacrifice swallowstailMate veryLong,https://lichess.org/HRnNnivT#81,
fZEMa,3r2r1/p1q1kp2/5p2/2pb1B2/6PQ/1P5P/P4P2/2b1R1K1 b - - 1 28,e7d6 h4f6 d5e6 e1e6 f7e6 f6e6,2104,82,91,1126,long mate mateIn3 middlegame swallowstailMate,https://lichess.org/OvB8GNOW/black#56,
fa8pv,8/8/5pkP/8/6K1/1P2Q1P1/8/7q w - - 1 54,b3b4 h1h5 g4f4 h5f5,2042,75,94,6480,endgame mate mateIn2 queenEndgame short swallowstailMate,https://lichess.org/H06TohvZ#107,
g2GVW,r1bqkbnr/ppp3p1/2np3p/4p2Q/2B1PP2/8/PPPP2PP/RNB2RK1 b kq - 1 7,e8d7 h5f5 d7e7 f5f7,2094,76,77,201,mate mateIn2 opening short swallowstailMate,https://lichess.org/yRjLGift/black#14,Kings_Gambit_Declined Kings_Gambit_Declined_Queens_Knight_Defense
g4Cw6,rn2kb1r/pp2qppp/8/3pn2Q/8/1BN4P/PPPP1P2/R1B1K2R w KQkq - 1 11,c3d5 e5d3 e1f1 e7e1 f1g2 e1f2,2015,80,88,90,discoveredCheck doubleCheck long mate mateIn3 opening swallowstailMate,https://lichess.org/XYuOYpy0#21,Vienna_Game Vienna_Game_Stanley_Variation
g74UA,6k1/1p6/2p5/1p3pp1/1B1P4/P1P2Q1K/1P2n1P1/6q1 w - - 0 34,f3e2 g1h1 h3g3 h1h4 g3f3 h4f4,1913,75,88,1272,endgame exposedKing long mate mateIn3 swallowstailMate,https://lichess.org/sqrYM59V#67,
gI5h0,8/8/P4pk1/3q4/2p5/4Q1PK/8/8 w - - 3 62,a6a7 d5h1 h3g4 h1h5 g4f4 h5f5,2052,80,89,480,endgame long mate mateIn3 queenEndgame swallowstailMate,https://lichess.org/xwZ7hqRz#123,
gtgvL,N1b2kr1/pp3p2/2np3b/7B/3PPp1P/5Q2/PPP3P1/R1B1q1KR w - - 5 18,f3f1 g8g2 g1g2 e1g3,1933,76,95,1117,attraction kingsideAttack mate mateIn2 middlegame pin sacrifice short swallowstailMate,https://lichess.org/Xemtxru7#35,Kings_Gambit_Accepted Kings_Gambit_Accepted_Kieseritzky_Gambit
h1nQv,r3k2r/ppp2ppp/2np1n2/8/3PP2q/2N2B1b/PPP3PK/R1BQ3R w kq - 0 12,g2h3 f6g4 h2g2 h4f2,2118,76,98,464,mate mateIn2 middlegame pin short swallowstailMate,https://lichess.org/27aN4sIj#23,Three_Knights_Opening Three_Knights_Opening_Other_variations
hGVcI,8/8/6Qp/4p1p1/7k/2p5/6PK/2q5 b - - 5 73,c3c2 g6h6 h4g4 h6h3 g4f4 h3f3,1998,77,95,1283,endgame long mate mateIn3 queenEndgame swallowstailMate,https://lichess.org/W9EdMIoQ/black#146,
hMbo1,2kr4/1p6/pP3p2/2Pp4/7q/2NQ1Rb1/6P1/R1B4K w - - 1 29,h1g1 h4h2 g1f1 h2h1 f1e2 h1e1,1942,78,89,316,long mate mateIn3 middlegame swallowstailMate,https://lichess.org/bi1buA7v#57,
hbCOx,6k1/1p5r/1p1q4/3p4/3P2r1/PQP2p2/1P3RP1/5RK1 w - - 4 37,f2f3 g4g2 g1g2 d6h2,1944,78,94,15617,attraction endgame mate mateIn2 sacrifice short swallowstailMate,https://lichess.org/fqZnVtdy#73,
hkGlx,8/3Q4/5q2/rp2p1pk/2p1Pp1p/2P2P1P/6RK/8 b - - 13 46,a5a3 d7h7 f6h6 g2g5 h5g5 h7f5,2073,88,92,224,attraction endgame long mate mateIn3 pin sacrifice swallowstailMate,https://lichess.org/qkEessK5/black#92,
hqSIv,8/3n2k1/4q1p1/8/3Q4/P4PKp/8/8 b - - 4 55,g7h6 d4h8 h6g5 h8h4 g5f5 h4f4,2120,77,94,4167,endgame long mate mateIn3 swallowstailMate,https://lichess.org/triGj8LD/black#110,
i0Kq2,3r2k1/pp3ppp/8/5b2/1QB1pPP1/P7/1PK4P/q5NR w - - 0 20,g4f5 a1d1 c2c3 d8d3 c4d3 d1d3,1921,77,93,1200,endgame long mate mateIn3 sacrifice swallowstailMate,https://lichess.org/8DyVokYs#39,
iNeB8,4r3/p3rkpQ/2b2p1p/n7/2pPP3/2P2R1P/P1BN2PK/4q3 b - - 1 30,e1d2 f3f6 f7f6 h7f5,1923,81,90,908,attraction mate mateIn2 middlegame pin sacrifice short swallowstailMate,https://lichess.org/2XBGXZ4r/black#60,
iXWAN,5rk1/5p1p/P5p1/2Q1P3/2P3K1/3PR1P1/8/3q4 w - - 7 44,g4h3 d1h1 h3g4 h1h5 g4f4 h5f5,1931,76,96,7634,endgame long mate mateIn3 swallowstailMate,https://lichess.org/Cpxevs1d#87,
ioPke,7r/1p1q1pk1/p7/3p2P1/1P1PpR2/P1Qbn1P1/6Br/2N1R1K1 w - - 0 33,e1e3 h2g2 g1g2 d7h3 g2f2 h3f1,1965,93,79,53,attraction exposedKing kingsideAttack long mate mateIn3 middlegame sacrifice swallowstailMate,https://lichess.org/VvKUZQYS#65,
j1zws,1k4r1/pp1Qb2r/5p2/8/1P2N2q/P4P2/1B4P1/3R1RK1 w - - 1 30,e4d6 g8g2 g1g2 h4h2,1929,77,93,9981,attraction mate mateIn2 middlegame sacrifice short swallowstailMate,https://lichess.org/PlRAAvLH#59,
j6K2m,rnQ2bnr/pp1pkppp/3B4/8/3PP3/8/P5PP/qN2KBNR b K - 6 12,e7d6 c8c5 d6e6 c5e5,2040,77,94,6038,mate mateIn2 opening short swallowstailMate,https://lichess.org/QpKXMi43/black#24,Sicilian_Defense Sicilian_Defense_Alapin_Variation
jHWhe,1rr2b1Q/p2p1P2/4p2k/3pP2p/3B4/1PPq4/P7/1R2K3 b - - 7 33,d3h7 d4e3 h6g6 h8f6,2018,78,95,12524,mate mateIn2 middlegame short swallowstailMate,https://lichess.org/EZ7UGZwt/black#66,
jJ48P,2r3k1/5p2/7R/3p2P1/bR2p3/P1P1P3/qP1Q1PP1/2K5 w - - 1 33,d2e1 c8c3 e1c3 a2a1 c1d2 a1d1,1952,78,92,189,endgame long mate mateIn3 queensideAttack sacrifice swallowstailMate,https://lichess.org/6fBDbIcX#65,
jKvr4,1rr3k1/p4p1p/1q3p2/4p3/8/3P1Q2/P1P2PPP/2KR2NR w - - 0 17,g1e2 c8c2 c1c2 b6b2,2001,74,94,16520,attraction mate mateIn2 middlegame queensideAttack sacrifice short swallowstailMate,https://lichess.org/YuADyJTl#33,Bishops_Opening Bishops_Opening_Berlin_Defense
jUGgn,4r3/ppr5/3kp1p1/1b1pN3/3P1Q2/2P3P1/1P3PP1/q1KR3R w - - 3 26,c1d2 a1b2 d2e3 b2e2,1936,77,95,15306,mate mateIn2 middlegame short swallowstailMate,https://lichess.org/6wCpyfif#51,
jYWpK,Q1kr3r/4qp2/4p2p/1np1bbp1/8/5B2/6PP/5RK1 b - - 5 30,e5b8 a8a6 c8c7 a6c6,2040,76,95,11733,mate mateIn2 middlegame short swallowstailMate,https://lichess.org/rSL5qFDg/black#60,
jbFsJ,6r1/1b3pPk/pp2p3/4PP1P/3Nn2Q/2r5/1P6/qBKR2R1 w - - 0 31,b2c3 a1a3 c1c2 a3c3,2045,83,83,70,mate mateIn2 middlegame queensideAttack short swallowstailMate,https://lichess.org/QVYSbMYk#61,
jkWBE,6rk/8/p3qR1p/1p1pP1bQ/8/P1P4P/1P6/7K b - - 1 43,e6e5 f6h6 h8g7 h6h7 g7f6 h5f7,1995,74,95,15675,endgame exposedKing long mate mateIn3 swallowstailMate,https://lichess.org/4kWl7cvv/black#86,
jrBuD,2r1rk2/1b1p1ppQ/pp2p2p/4q3/P7/2P3R1/4N1PP/5RK1 b - - 2 29,e5e2 f1f7 f8f7 h7g7,2121,79,87,367,attraction mate mateIn2 middlegame sacrifice short swallowstailMate,https://lichess.org/ugcXymYm/black#58,
jx5Tt,r1bqk1nr/pp1pp2P/2n5/3N4/2B5/4B3/P4PPP/b2QK1NR b Kkq - 0 11,g8f6 d5f6 e7f6 d1h5 e8e7 e3c5 d7d6 h5f7,2010,76,96,6601,mate mateIn4 opening swallowstailMate veryLong,https://lichess.org/1eekd6Jt/black#22,Sicilian_Defense Sicilian_Defense_Smith-Morra_Gambit
kAm3i,r1bqkbnr/ppp3p1/2np1p1p/4N3/2BPP3/8/PPP2PPP/RNBQ1RK1 b kq - 0 6,f6e5 d1h5 e8d7 h5f5 d7e7 f5f7,2066,74,93,13826,exposedKing long mate mateIn3 opening swallowstailMate,https://lichess.org/slZKwOZ0/black#12,Philidor_Defense Philidor_Defense_Other_variations
kBniA,3r1q2/pp2bkp1/2p1b1R1/4rp1Q/8/2PB4/P1K2P2/7R b - - 9 30,e7f6 g6g7 f7g7 h5h7,1978,77,95,18195,attraction discoveredCheck doubleCheck mate mateIn2 middlegame sacrifice short swallowstailMate,https://lichess.org/wYTHTTee/black#60,
kQIZB,Q7/2p1P1pk/3p4/2p2P1p/2P1BK2/6P1/P4q2/8 w - - 2 41,e4f3 f2d2 f4e4 d2d4,1951,78,93,2210,endgame mate mateIn2 short swallowstailMate,https://lichess.org/M7eSyYS3#81,
kentD,8/1p4kp/p2p2p1/3P4/4Q1P1/1Pq3K1/P6P/8 w - - 3 37,g3h4 g6g5 h4h5 c3h3 h5g5 h3h6 g5f5 h6f6,1911,77,89,600,endgame mate mateIn4 queenEndgame swallowstailMate veryLong,https://lichess.org/Zqs0Kw2M#73,
kgasi,8/p2N1kpp/bp1Q1bp1/3p4/3P4/1P2P2P/P2B2P1/1q2K3 w - - 9 27,e1f2 f6h4 g2g3 b1f1,1985,90,81,132,endgame mate mateIn2 short swallowstailMate,https://lichess.org/yd3xVYki#53,
kzuTG,2r1r3/ppk2NQ1/1q2p2p/P2p4/8/4P3/2P2PPP/R4bK1 b - - 0 27,b6b5 g7e5 c7d7 e5d6,1906,79,79,191,mate mateIn2 middlegame short swallowstailMate,https://lichess.org/xFZbiRz2/black#54,
l1zgR,2kr3r/2p2Rp1/7p/QpqPp3/4Pn2/P2P4/2P3PP/R6K b - - 3 23,c5b6 a5a8 b6b8 f7c7 c8c7 a8c6,2027,76,96,3374,attraction long mate mateIn3 middlegame pin queensideAttack sacrifice swallowstailMate,https://lichess.org/saOSxW52/black#46,
lH8xo,r1bqk2r/ppp4p/2np3b/3Bpp2/8/3P1Q2/PPP1NPPP/R1B1K2R b KQkq - 0 10,h6c1 f3h5 e8d7 h5f5 d7e7 f5f7,2005,80,76,166,exposedKing interference long mate mateIn3 middlegame swallowstailMate,https://lichess.org/i9VB7fIY/black#20,Kings_Pawn_Game Kings_Pawn_Game_Wayward_Queen_Attack
lJzsN,rq1b1r2/1p3p2/p3Rkp1/2p4p/P1Bp1pQN/3P3P/1PP3P1/6K1 b - - 1 28,f7e6 g4g6 f6e5 g6e6,2102,76,96,370,mate mateIn2 middlegame short swallowstailMate,https://lichess.org/QSNpZz4r/black#56,
lMza4,r3k3/pbq1b2r/1pp2nN1/3p1P2/3P4/2PB1p2/PP2Q1PP/4RRK1 w q - 0 23,f1f3 c7h2 g1f1 h2h1 f1f2 f6g4 f2g3 h1h2 g3g4 h7h4 g6h4 h2h4,1909,75,95,2232,kingsideAttack mate mateIn5 middlegame sacrifice swallowstailMate veryLong,https://lichess.org/luktY5if#45,
lWfb3,r4rk1/ppp2ppp/2p5/8/2B1P1Q1/2NP1K1P/PPP2bP1/R1B2q2 w - - 5 15,c1e3 f2e1 e3f2 f1f2,1955,96,69,44,discoveredAttack discoveredCheck mate mateIn2 middlegame short swallowstailMate,https://lichess.org/1uAvmfMD#29,Kings_Pawn_Game Kings_Pawn_Game_Busch-Gass_Gambit
lYkZF,1Q6/p3kp1p/2p1q3/1p2B3/4bP2/7P/P5PK/8 b - - 2 38,e6d7 e5f6 e7f6 b8e5 f6g6 e5g5,2087,79,87,681,attraction endgame fork long mate mateIn3 sacrifice swallowstailMate,https://lichess.org/PehcmNBR/black#76,
lqadQ,2r5/1p3k1Q/3K2p1/p3n2p/6pP/2Bb4/qP6/8 b - - 7 42,f7f6 h7e7 f6f5 e7e5,2067,79,94,11168,endgame mate mateIn2 short swallowstailMate,https://lichess.org/711Ytfom/black#84,
lsnqN,8/4k3/1p2p3/pP1pP1b1/P2P2P1/3Q4/1KB5/2q5 w - - 4 51,b2c3 c1a3 c2b3 a3a1 c3c2 a1c1,2124,75,95,5232,endgame long mate mateIn3 swallowstailMate,https://lichess.org/FEP9w9XB#101,
lviCD,2kr1b2/pp3p1q/3p1p2/3Np3/3nQ3/3K4/PPP2P2/R6B b - - 9 22,f6f5 d5b6 c8c7 e4b7,1916,80,88,2148,discoveredAttack mate mateIn2 middlegame queensideAttack short swallowstailMate,https://lichess.org/9YiV6zxT/black#44,
lxFnj,8/R2n4/4q1pk/1p1p4/3Q4/P1PP2PP/2P1r3/5K2 b - - 4 39,e2c2 d4h8 h6g5 h8h4 g5f5 h4f4,1929,79,93,1529,endgame long mate mateIn3 swallowstailMate,https://lichess.org/xZHn8if4/black#78,
m46Uu,Q7/5pk1/5p1p/2p5/3b1PP1/3R2KP/8/1q6 w - - 0 37,a8f3 b1e1 g3g2 e1g1,2035,79,95,16222,endgame master mate mateIn2 short swallowstailMate,https://lichess.org/mte9mQHr#73,
m8qSt,r1bqkbnr/ppp4p/2np4/4p3/2B1PN2/3P4/PPP2P1P/RNBQ1RK1 b kq - 0 8,e5f4 d1h5 e8d7 h5f5 d7e7 f5f7,2004,76,94,13689,exposedKing long mate mateIn3 opening swallowstailMate,https://lichess.org/imSPpQp8/black#16,Bishops_Opening Bishops_Opening_Other_variations
mBCEq,8/6k1/5p2/7p/4PK1P/3pQ1P1/3Pq3/8 w - - 0 57,e4e5 e2g4,1947,76,85,481,endgame mate mateIn1 oneMove queenEndgame swallowstailMate,https://lichess.org/N6aL0Ow1#113,
mCkWW,r4r2/ppp2k2/3pqpR1/4p1P1/P3P3/2PPPQ2/1P4K1/7R b - - 0 29,f7g6 f3h5 g6g7 h5h7,1914,78,89,1405,endgame mate mateIn2 short swallowstailMate,https://lichess.org/ws1NmtGL/black#58,
mYL4f,8/2Q3kp/1p2q1p1/1P1p4/6P1/6KP/8/8 b - - 3 47,g7h6 g4g5 h6h5 c7h7 h5g5 h7h4 g5f5 h4f4,1993,75,79,112,deflection endgame mate mateIn4 queenEndgame swallowstailMate veryLong,https://lichess.org/yWWZNgs2/black#94,
monXd,4rk2/pp3pRp/3pr3/2p2q2/5P2/2B3Q1/PPP3PP/5K2 b - - 2 24,f5c2 g7f7 f8f7 g3g7,1954,80,74,97,attraction endgame mate mateIn2 sacrifice short swallowstailMate,https://lichess.org/xBcsl6HY/black#48,
mwoeW,8/p5pk/4Q2p/5n2/4B3/2q2K1P/P5P1/8 w - - 2 33,f3f4 c3g3 f4f5 g3g5,2009,81,32,83,endgame mate mateIn2 sacrifice short swallowstailMate,https://lichess.org/oyPbGoyC#65,
n1QLj,6k1/5p1p/p4Pp1/2p1n1P1/1pP4P/1P1r2NK/PR3Q2/3q4 w - - 0 42,b2e2 d1h1 f2h2 d3g3 h3g3 h1f3,2027,75,89,299,attraction endgame long master mate mateIn3 pin sacrifice swallowstailMate,https://lichess.org/5FnNExmD#83,
n3KN9,2rr4/1nq2pk1/p1b5/1p2p1N1/1P4Q1/2P4P/P4PP1/2n1R1K1 b - - 2 32,c7d7 g5e6 g7f6 g4g5 f6e6 g5e5,1970,78,93,1928,discoveredCheck doubleCheck fork long mate mateIn3 middlegame sacrifice swallowstailMate,https://lichess.org/IIvTXvkr/black#64,
n8x1B,1r1r3Q/2R1kp2/5p1p/1p6/p3B3/4q2P/PP4PK/8 b - - 7 32,e7d6 h8f6 d6c7 f6c6,1959,79,95,14829,endgame mate mateIn2 sacrifice short swallowstailMate,https://lichess.org/31b5L20B/black#64,
nSSg7,8/ppk5/2p2Q2/5K2/1P3P2/2Pq4/8/8 w - - 7 42,f5e6 d3d7 e6e5 d7d5,2187,77,94,1390,endgame mate mateIn2 queenEndgame short swallowstailMate,https://lichess.org/AeyJGTBg#83,
nYufT,8/5p1k/2q3pp/2P4r/1P6/p1Q1R1PP/P4P2/6K1 w - - 1 45,g1h2 h5h3 h2h3 c6h1 h3g4 h1h5 g4f4 h5f5,1932,76,95,6863,attraction endgame master mate mateIn4 sacrifice swallowstailMate veryLong,https://lichess.org/kBP4t3GQ#89,
nwWXH,r1bqkbnr/ppp4p/2np4/4p3/2B1Ppp1/2PP3P/PP3PPN/RNBQ1RK1 b kq - 1 8,g4h3 d1h5 e8d7 h5f5 d7e7 f5f7,2078,75,94,10328,exposedKing long mate mateIn3 opening swallowstailMate,https://lichess.org/msYF4gan/black#16,Italian_Game Italian_Game_Other_variations
o5c00,3r1rk1/p4p1p/1p2pN2/5q1p/P1P5/2Q5/1P3PPP/4R1K1 b - - 6 25,g8g7 f6e8 g7g6 c3g7,2043,79,88,655,discoveredCheck doubleCheck endgame mate mateIn2 short swallowstailMate,https://lichess.org/Pf1F0rRa/black#50,
oQ1rj,3r4/3n1pk1/p2P2p1/1p1R4/8/1P2Q1P1/P4PBK/q7 w - - 7 35,d5d2 d8h8 g2h3 h8h3 h2h3 a1h1 h3g4 h1h5 g4f4 h5f5,2068,90,91,171,attraction endgame mate mateIn5 sacrifice swallowstailMate veryLong,https://lichess.org/mkzxiuqG#69,
oaCaW,r2qk1nr/ppp2p2/3p2n1/3PbNP1/4P2p/2N2Qp1/PPP5/R1B2RK1 b kq - 4 16,h4h3 f5g7 e8d7 f3f5 d7e7 f5f7,2116,94,73,39,long mate mateIn3 middlegame swallowstailMate,https://lichess.org/F0AxCCx4/black#32,Kings_Gambit_Accepted Kings_Gambit_Accepted_Greco_Gambit
odQhj,7Q/8/6k1/ppp3p1/3p2R1/P2P2KP/1PP2qP1/5r2 w - - 7 43,g3h2 f2g1 h2g3 f1f3 g3f3 g1e3,2110,75,95,8977,attraction endgame long mate mateIn3 pin sacrifice swallowstailMate,https://lichess.org/07awUr3A#85,
omTFe,4N3/5Qpk/5p1p/8/1p5b/3P1q2/PPP5/3RK1R1 w - - 3 35,e1d2 f3f4 d2e2 f4f2,1928,73,95,11675,endgame mate mateIn2 short swallowstailMate,https://lichess.org/grHaf1C4#69,
ovuA2,2k4r/2p2p2/p1P1p3/1p1pP3/PP2b2b/4PB2/1B2QKP1/2R2R1q w - - 7 31,g2g3 h4g3 f2g3 h1h4 g3g2 h4h2,2032,76,95,3691,attraction long mate mateIn3 middlegame sacrifice swallowstailMate,https://lichess.org/uMunNdKL#61,
pFzau,2krr3/1pp5/B1n4p/8/7q/2Q1BP2/PPP1K3/R4R2 w - - 3 24,c3c6 e8e3 e2e3 h4d4 e3e2 d4d2,2012,75,97,1709,attraction long mate mateIn3 middlegame sacrifice swallowstailMate,https://lichess.org/HGWNjIkU#47,
pK1ZI,rnbq1bnr/ppp1k1pp/8/4p2Q/2B1P3/8/PPPP2PP/RNB1K2R b KQ - 3 7,g8f6 h5e5 c8e6 e5e6,2057,84,91,4122,mate mateIn2 opening short swallowstailMate,https://lichess.org/K4TxOGdA/black#14,Kings_Gambit Kings_Gambit_Other_variations
pT7Sw,r4b1r/pb2kppp/8/qB1np3/8/2N5/PP3PPP/R1BQK2R b KQ - 5 13,d5c3 c1g5 f7f6 d1d7,2051,76,95,2427,mate mateIn2 middlegame short swallowstailMate,https://lichess.org/EgZkJ1VW/black#26,Benoni_Defense Benoni_Defense_Old_Benoni
pcRT8,2r2k2/pp4pQ/5b1p/8/5PP1/2r5/qP1B3P/1BKR4 w - - 0 28,b2c3 a2a3 c1c2 c8c3 d2c3 a3c3,1966,75,94,804,exposedKing intermezzo long mate mateIn3 middlegame swallowstailMate,https://lichess.org/kRtLa3Wn#55,
pg0KH,Q4k2/6qp/8/6b1/P2pR3/1P1P4/2r3PP/6K1 b - - 1 34,f8f7 a8e8 f7f6 e8e6,1969,78,72,175,endgame master mate mateIn2 short swallowstailMate,https://lichess.org/i7dbiQgX/black#68,
piUag,r3k3/1p5q/2pbp1b1/2Pp2p1/pP1P2P1/P3P2K/1B1Q1P2/2R2R2 w q - 1 25,h3g2 g6e4 f2f3 h7h2,1958,82,79,228,master mate mateIn2 middlegame short swallowstailMate,https://lichess.org/59BDrcZA#49,
pnYhs,rnbqk2r/ppp3p1/3p1b1p/3P2NQ/1P6/3B4/P1P3PP/RNB3K1 b kq - 1 14,e8d7 d3f5 d7e7 h5f7,1932,80,87,748,mate mateIn2 opening short swallowstailMate,https://lichess.org/loxRiEvb/black#28,Kings_Gambit_Declined Kings_Gambit_Declined_Petrovs_Defense
pwYRb,r2q2nr/pppk2pp/2b5/2b1Q3/4P3/8/PPPP2PP/RNB2R1K b - - 0 11,c5d6 e5f5 d7e7 f5f7,1985,77,83,1073,mate mateIn2 opening short swallowstailMate,https://lichess.org/clQ9P5ng/black#22,Bird_Opening Bird_Opening_Other_variations
q4MsM,2kr3r/p2bbp1p/1p6/1Pp1q1p1/Q1P2R2/P2P3P/6BK/5R2 b - - 1 26,g5f4 a4a6 c8c7 a6a7 c7d6 a7b6 d7c6 b6c6,2063,75,94,2159,deflection exposedKing mate mateIn4 middlegame queensideAttack swallowstailMate veryLong,https://lichess.org/69b9RgvU/black#52,
q9tMG,4Q3/8/1p2p1pk/p7/8/2P2PPK/3q3P/8 b - - 0 36,d2d5 e8h8 h6g5 h8h4 g5f5 h4f4,1985,76,96,6358,endgame long mate mateIn3 queenEndgame swallowstailMate,https://lichess.org/7hPLJYsz/black#72,
qIdYW,3r3r/5k2/3b4/6Q1/1P6/6p1/7P/qN3R1K b - - 3 37,f7e6 g5f5 e6e7 f5f7,2023,81,75,159,mate mateIn2 middlegame short swallowstailMate,https://lichess.org/MkO2pOqO/black#74,
qdILE,2k3rr/ppp2p2/4pp2/2P4q/3PQ3/3B4/PP3PP1/RN3RK1 w - - 3 18,f2f3 g8g2 g1g2 h5h2,1924,78,71,152,attraction kingsideAttack mate mateIn2 middlegame sacrifice short swallowstailMate,https://lichess.org/z3jMnyqo#35,Scandinavian_Defense Scandinavian_Defense_Modern_Variation
qkgaB,3r3r/p1qk1ppp/3b4/3QN3/3P4/4P3/P5PP/5RK1 b - - 6 23,d7c8 d5a8 c7b8 f1c1 d6c7 c1c7 c8c7 a8c6,2044,75,88,206,attraction exposedKing mate mateIn4 middlegame pin queensideAttack sacrifice swallowstailMate veryLong,https://lichess.org/3b5AE3Xu/black#46,
qx8UA,r1bq3r/pppk1Npp/2np3n/2b1p2Q/2B1P3/2P5/PP3PPP/RNB1K2R b KQ - 5 9,h6f7 h5f5 d7e7 f5f7,2124,76,94,9871,fork mate mateIn2 opening short swallowstailMate,https://lichess.org/pniWL49K/black#18,Italian_Game Italian_Game_Classical_Variation
r4Vtg,8/1p5Q/4p1p1/1Ppq4/1n1pk3/6PP/1P3P2/6K1 b - - 0 35,d4d3 h7h4 e4f5 h4f4,2083,74,95,7009,endgame mate mateIn2 short swallowstailMate,https://lichess.org/58Z3UFsr/black#70,
r4tiI,r3k3/1p3p2/p3p2B/3p1n1P/5P2/1Pq5/P4K2/R2Q1R2 w q - 4 28,a1c1 c3g3 f2e2 g3e3,1990,89,68,104,mate mateIn2 middlegame short swallowstailMate,https://lichess.org/YDTNIRLa#55,
r5sZD,r4r2/ppb1kp2/1qb1p2Q/5B2/8/8/PPP2PPP/3RR1K1 b - - 6 21,a8d8 e1e6 f7e6 h6e6,1957,81,91,2129,mate mateIn2 middlegame sacrifice short swallowstailMate,https://lichess.org/egPAES1n/black#42,
r7VZV,r3r1k1/pp4p1/1np4p/3p1P2/4q1P1/PP2P1RP/1BKQN3/R7 w - - 3 29,c2c3 b6a4 b3a4 e4c4,2015,100,89,36,mate mateIn2 middlegame sacrifice short swallowstailMate,https://lichess.org/m9RLyNCN#57,
rGoVa,r3rk2/1R3p2/p1n1pQ2/3pPn1q/P4PP1/2P4P/7K/5R2 b - - 0 29,h5g6 f6h8 g6g8 b7f7 f8f7 h8f6,2188,83,84,378,attraction long mate mateIn3 middlegame pin sacrifice swallowstailMate,https://lichess.org/f1yihwA8/black#58,
rIFES,8/7p/5ppk/N7/1p6/1Q2PqPK/8/8 w - - 0 67,b3b4 f3h1 h3g4 h1h5 g4f4 h5f5,2069,82,92,1238,endgame long mate mateIn3 swallowstailMate,https://lichess.org/hmLIcl4b#133,
rMt94,r1bqk1nr/ppp3p1/2np3p/2b5/N1BNp3/7P/PPP2PP1/R1BQ1RK1 b kq - 0 9,c5d4 d1h5 e8d7 h5f5 d7e7 f5f7,2056,79,76,80,exposedKing long mate mateIn3 opening swallowstailMate,https://lichess.org/BqVXRnt5/black#18,Three_Knights_Opening Three_Knights_Opening_Other_variations
rUcjL,6k1/7p/p2p2p1/2p2b2/2P1NP1P/3P2P1/P2QR1K1/qr6 w - - 11 40,e4d6 b1g1 g2f3 a1f1 e2f2 g1g3 f3g3 f1h3,2170,76,86,224,attraction endgame mate mateIn4 sacrifice swallowstailMate veryLong,https://lichess.org/0oALg7at#79,
rWrnF,5rk1/3Q2p1/4p1q1/8/P3npp1/2P2P1P/1P4K1/3R1R2 w - - 0 36,f3e4 g4h3 g2f2 g6g3 f2e2 g3e3,1986,75,97,2474,discoveredCheck doubleCheck endgame long mate mateIn3 swallowstailMate,https://lichess.org/FoSLlrii#71,
rZ84P,8/pp1Q2bp/6pk/8/2p3K1/3P1R2/PP4qP/8 w - - 7 41,g4f4 g2g5 f4e4 g5e5,2000,77,80,292,endgame mate mateIn2 short swallowstailMate,https://lichess.org/HGr3Lf3w#81,
rwGXu,r1r5/1kpq4/p1Rp1b1p/Qp1P1pp1/4b3/1P2B2P/P4PPN/2R3K1 b - - 0 24,e4d5 c6b6 c7b6 a5b6,1960,78,84,713,mate mateIn2 middlegame sacrifice short swallowstailMate,https://lichess.org/NH5ryRWu/black#48,
s16sI,r1bqk2r/ppp5/2np1p1p/2b1Np2/2B1P3/3P3P/PPP2PP1/RN1Q1RK1 b kq - 0 9,f6e5 d1h5 e8d7 h5f5 d7e7 f5f7,2019,78,79,154,exposedKing interference long mate mateIn3 opening swallowstailMate,https://lichess.org/ybt0LHwY/black#18,Italian_Game Italian_Game_Giuoco_Pianissimo
s1N14,8/1Q5p/3p2pk/3B4/1P3K2/P6P/3pq3/8 w - - 2 53,d5f3 e2e5 f4g4 e5g5,2092,75,95,9693,endgame mate mateIn2 short swallowstailMate,https://lichess.org/SEvZ50yu#105,
s2VQo,r1bqkbnr/ppp4p/2np2p1/4pP2/2B5/2P2Q2/PP1P1PPP/RNB1K1NR b KQkq - 0 6,g6f5 f3h5 e8d7 h5f5 d7e7 f5f7,2125,77,93,8081,exposedKing interference long mate mateIn3 opening swallowstailMate,https://lichess.org/WU3gS5eb/black#12,Kings_Pawn_Game Kings_Pawn_Game_Macleod_Attack
s5H1m,r1b5/pp1p2Q1/2n1kn2/8/2PP4/4R3/4KP1P/7q b - - 2 23,e6d6 g7g3 c6e5 g3e5 d6c6 e5c5,2047,77,94,3123,exposedKing long mate mateIn3 middlegame swallowstailMate,https://lichess.org/ALQGUUak/black#46,
sQpdW,6k1/2p1P2p/6pQ/3p4/1P1P4/q1KR1P2/6P1/r5NR w - - 1 32,c3d2 a3c1 d2e2 c1e1,1963,84,83,71,endgame master mate mateIn2 short swallowstailMate,https://lichess.org/vsTlCgzH#63,
sTxXb,8/pp6/3kp3/3p1p1P/8/1P1B1Q2/P1P2K1q/8 w - - 1 34,f2e3 d5d4 e3d4 h2e5 d4c4 e5c5,1983,84,48,41,attraction endgame exposedKing long mate mateIn3 swallowstailMate,https://lichess.org/NfySAuDt#67,
sYhEE,1R6/5p1k/2p3pp/8/4Q1P1/2qP3P/r1P2P2/3K3R w - - 0 29,d1e2 c3c2 e2f3 c2f2,1902,82,92,1731,endgame mate mateIn2 short swallowstailMate,https://lichess.org/XHpHUHp7#57,
sii22,r6Q/pb2qkp1/6P1/1pp2p2/3P2P1/P1P5/8/2K4R b - - 0 35,f7g6 h8h5 g6f6 h5f5,2057,78,86,444,endgame mate mateIn2 short swallowstailMate,https://lichess.org/opTXHuTL/black#70,
smk1E,r1bq1bnr/pp1pk1pp/2n5/4p2B/4P3/1Q3N2/Pp3PPP/RNB1K2R b KQ - 2 8,b2a1q c1a3 c6b4 a3b4 d7d6 b3f7,2123,80,54,57,long mate mateIn3 opening swallowstailMate,https://lichess.org/NwdGqvyY/black#16,Sicilian_Defense Sicilian_Defense_Open
stKWN,6k1/5pp1/q3p2p/3p4/2rP1P1P/2PK2P1/Pp1Q4/1R6 w - - 2 35,b1b2 c4c3 d3c3 a6c4,1970,76,93,4375,attraction discoveredCheck doubleCheck endgame mate mateIn2 sacrifice short swallowstailMate,https://lichess.org/5yirPlr7#69,
t1c2w,r4b1r/pp1kq1pp/8/1Q6/4P3/5P2/PP4PP/R3K2R b KQ - 1 24,d7e6 b5d5 e6f6 d5f5,2066,80,80,476,mate mateIn2 middlegame short swallowstailMate,https://lichess.org/lNlkNpm7/black#48,
t62bD,8/6pk/5pp1/7r/8/5qPP/3Q1P1K/4R3 w - - 7 42,e1e3 h5h3 h2h3 f3h1 h3g4 h1h5 g4f4 h5f5,1920,75,98,1507,attraction endgame mate mateIn4 sacrifice swallowstailMate veryLong,https://lichess.org/t6JKMcxz#83,
tFiet,r3k2r/ppp2pp1/2pb1q2/7p/4P1b1/P1NP1P2/1PP3P1/R1BQKB1R w KQkq - 1 11,f3g4 d6g3 e1d2 f6f4 d2e2 f4f2,1936,75,97,3077,exposedKing long mate mateIn3 middlegame swallowstailMate,https://lichess.org/Y3o48bbz#21,Petrovs_Defense Petrovs_Defense_Stafford_Gambit
tHX4c,6k1/2p2ppp/1n1q4/8/1r3P2/3K4/Q1P1B1PP/3RR3 w - - 2 25,d3e3 d6f4 e3d3 f4d4,1948,78,87,2022,mate mateIn2 middlegame short swallowstailMate,https://lichess.org/Mv3jYXSc#49,
tLiYY,r1bqrk2/p5p1/5bB1/1p1pp2Q/2pN1B1P/2PnP3/PP3PP1/R4K1R b - - 1 19,e5d4 f4d6 d8d6 h5h8 f8e7 h8e8,2146,77,94,10691,long mate mateIn3 middlegame sacrifice swallowstailMate,https://lichess.org/DMYOzIJI/black#38,Indian_Defense Indian_Defense_London_System
tMkdN,3r1r1b/6kP/1q1p2pQ/p2Bpp2/6P1/1P6/P4P2/6KR b - - 1 36,g7f6 h6h4 g6g5 h4h6 f6e7 h6e6,2186,81,82,225,long mate mateIn3 middlegame swallowstailMate,https://lichess.org/2krtvGrC/black#72,
tThJU,r1bqkbnr/ppp3p1/2np3p/4p2Q/2BPP3/8/PPP2PPP/RNB1K2R b KQ - 3 7,e8d7 h5f5 d7e7 f5f7,2159,83,87,2119,mate mateIn2 opening short swallowstailMate,https://lichess.org/IZ2bSR1J/black#14,Scotch_Game Scotch_Game_Other_variations
tUPDq,2kr3r/Qpp4p/P2pbp1b/6p1/1P2P3/8/5PPq/1RR1K3 b - - 0 27,h2g2 c1c7 c8c7 a7b7,2156,74,94,7018,attraction mate mateIn2 middlegame queensideAttack sacrifice short swallowstailMate,https://lichess.org/8Vd9cARS/black#54,
tXRCY,rn3rk1/ppp3p1/3pN2p/4p3/4n2q/2PPK2P/PP4P1/RNBQ3R w - - 2 12,e6f8 h4f4 e3e2 f4f2,1973,78,71,132,fork mate mateIn2 middlegame short swallowstailMate,https://lichess.org/hsP2UQAE#23,Kings_Pawn_Game Kings_Pawn_Game_Busch-Gass_Gambit
tadDE,r1b1kb1r/pp5p/2p3N1/3p1pBQ/3Pn3/1B6/PqP3PP/R4R1K b kq - 0 16,h7g6 h5g6 e8d7 g6f7 f8e7 f7e7,1971,79,90,922,exposedKing long mate mateIn3 middlegame swallowstailMate,https://lichess.org/7n0ADpO9/black#32,Caro-Kann_Defense Caro-Kann_Defense_von_Hennig_Gambit
talBg,3Q4/pp4bp/4bkp1/8/8/2P1P3/PP1K1P2/7q b - - 5 28,f6e5 d8d4 e5f5 d4f4,1934,76,95,15426,endgame mate mateIn2 short swallowstailMate,https://lichess.org/RDtFmKQ6/black#56,
tpmi1,r4k1r/p1N3pp/2n5/3Ppp2/Qbp1q1b1/4BN2/PP2K1PP/R4B1R w - - 2 16,a4c6 e4c2 e3d2 c2d2,1972,80,70,161,mate mateIn2 middlegame pin short swallowstailMate,https://lichess.org/XurhFj4l#31,Queens_Gambit_Accepted Queens_Gambit_Accepted_Central_Variation
tsswf,r5k1/4bp2/p3p2p/6pq/Np1P4/4NKP1/PP1Q3n/R3R1B1 w - - 4 30,f3e4 h5g6 e3f5 g6f5 e4e3 f5f3,1926,75,95,12285,long mate mateIn3 middlegame swallowstailMate,https://lichess.org/A2GV5jtG#59,
u6OE0,r2q1b1r/ppp3p1/3P1knp/4p1BQ/2B5/8/PPP3PP/R5K1 b - - 2 16,h6g5 a1f1 g6f4 h5f7,1926,87,67,63,mate mateIn2 middlegame short swallowstailMate,https://lichess.org/3AT46esf/black#32,Nimzowitsch_Defense Nimzowitsch_Defense_Williams_Variation
uLCE0,r1b4r/1p1p1Rpk/1p1N2qp/4p3/4P3/P4Q2/1PP3PP/5RK1 b - - 1 21,g6d6 f7g7 h7g7 f3f7,1919,76,94,16597,attraction mate mateIn2 middlegame sacrifice short swallowstailMate,https://lichess.org/XSaASojQ/black#42,
ub36w,6r1/1p1b1pkp/p3p3/1q1pP1Q1/3P4/8/P5BP/5RK1 b - - 1 34,g7f8 g5d8 d7e8 f1f7 f8f7 d8f6,2168,77,96,5921,attraction endgame long mate mateIn3 pin sacrifice swallowstailMate,https://lichess.org/MhST5yJ8/black#68,
ubTj6,8/5pk1/p3p1p1/8/2PQ4/1r3PKP/4r3/8 b - - 4 46,g7h6 d4h8 h6g5 h8h4 g5f5 h4f4,2017,158,41,15,endgame long mate mateIn3 queenRookEndgame swallowstailMate,https://lichess.org/uXMYXQd0/black#92,
uhSog,2rr2k1/1p3pp1/4p2p/pb2N3/3Pq2P/4B3/PP1K1P2/2R1Q2R w - - 10 24,f2f3 d8d4 e3d4 e4d4 e5d3 d4d3,1901,77,92,1415,exposedKing long mate mateIn3 middlegame swallowstailMate,https://lichess.org/3x0i5YQq#47,
ulL9m,8/4p1k1/1p2Bbpq/pPpPp2r/2P1P1KP/1P3Q2/7R/7R w - - 11 49,h2h3 h5g5 h4g5 h6g5,1948,79,91,1377,mate mateIn2 middlegame sacrifice short swallowstailMate,https://lichess.org/DQlc52ii#97,
usQzU,1kbr1r2/6pp/1R1p2q1/b7/P3n3/5N2/1Q4PP/1R2N1K1 b - - 0 32,b8c7 b6b7 c8b7 b2b7,1926,78,88,353,mate mateIn2 middlegame sacrifice short swallowstailMate,https://lichess.org/IS557XUT/black#64,
utoTX,1Q6/2Rrk2r/1p2p3/1P1nPp1p/3q2pN/6P1/5P1P/2R3K1 b - - 0 34,d5c7 h4g6 e7f7 b8f8 f7g6 f8f6,1927,76,90,1178,long mate mateIn3 middlegame sacrifice swallowstailMate,https://lichess.org/mj6AToNd/black#68,
uz1Sg,4r1k1/2p2ppp/pb6/3P4/3q4/6QP/PP1K4/R1BR4 w - - 0 26,g3d3 e8e2 d2e2 d4f2,2111,81,75,175,attraction mate mateIn2 middlegame pin sacrifice short swallowstailMate,https://lichess.org/E2BhAyT8#51,
v6tnW,3r1r2/pbp2Rk1/1p2p1p1/6Q1/2Pq4/3B4/P1P3PP/4R2K b - - 0 23,g7f7 g5g6 f7e7 g6e6,1919,78,92,381,mate mateIn2 middlegame short swallowstailMate,https://lichess.org/Vwz3aDXY/black#46,
vKZhg,1Q6/4q1p1/7k/p6p/6P1/5K1P/8/8 b - - 0 54,a5a4 b8h8 h6g5 h8h5 g5f6 h5f5,1958,75,94,12007,endgame long mate mateIn3 queenEndgame swallowstailMate,https://lichess.org/jZAXmTEf/black#108,
vLYKj,8/3r1p1k/4pQpp/p2q4/1p5R/6P1/5P1P/6K1 b - - 3 34,d7c7 h4h6 h7h6 f6h8 h6g5 h8h4 g5f5 h4f4,1998,76,95,4011,attraction endgame mate mateIn4 sacrifice swallowstailMate veryLong,https://lichess.org/wuvnJFfu/black#68,
vWDE7,8/8/4pqr1/p4pkp/1p2pRp1/1P4P1/P2QP2K/8 b - - 5 46,f6c3 f4f5 g5f5 d2f4,2187,78,93,658,attraction discoveredCheck doubleCheck endgame mate mateIn2 sacrifice short swallowstailMate,https://lichess.org/dDGv8jtV/black#92,
vZ7Mv,8/2Q3kp/4qpp1/2p5/6PP/5PK1/8/8 b - - 2 44,g7h6 g4g5 f6g5 h4g5 h6h5 c7h7 h5g5 h7h4 g5f5 h4f4,1938,81,91,2334,endgame mate mateIn5 queenEndgame swallowstailMate veryLong,https://lichess.org/6ASJBUgJ/black#88,
vjSso,1r3rk1/3p1pp1/2b5/pp2p3/4PP2/7Q/PPP1q3/1K4RR b - - 1 24,f7f6 g1g7 g8g7 h3h7,1913,113,40,12,attraction kingsideAttack mate mateIn2 middlegame sacrifice short swallowstailMate,https://lichess.org/DgRuxbOY/black#48,
vsIlL,4Q3/ppp3p1/2nb1qkp/5N2/2B5/3P3P/PPP2PP1/6K1 b - - 4 21,g6f5 e8e4 f5g5 e4g4,1963,78,93,3988,endgame mate mateIn2 short swallowstailMate,https://lichess.org/iENgg0Dp/black#42,
w05vC,rn3rk1/2p3pp/p2pNq2/1p2p3/4n2P/2NPK3/PPP3P1/R1BQ3R w - - 2 13,e6f8 f6f4 e3e2 f4f2,1926,76,94,834,fork mate mateIn2 middlegame short swallowstailMate,https://lichess.org/nPGSb9Dx#25,Petrovs_Defense Petrovs_Defense_Three_Knights_Game
wAH7r,r5k1/pp4p1/7p/2p1b3/2PpN3/P2P1r1P/1P3KPq/R2Q1R2 w - - 0 23,f2f3 h2f4 f3e2 f4e3,2047,78,98,1557,mate mateIn2 middlegame short swallowstailMate,https://lichess.org/nnOXOO7u#45,
wCMdi,r2q1r2/2p2pk1/1pP1pNp1/3P1R1p/p7/P1Q2b2/1P3PPP/2R3K1 b - - 0 25,g6f5 f6e8 g7g6 c3g7,2094,79,80,525,discoveredCheck doubleCheck mate mateIn2 middlegame short swallowstailMate,https://lichess.org/Ruge84Ab/black#50,
wIy0r,r1bqkbnr/ppp3p1/2np3p/4pp2/3NP3/1BP5/PP1P1PPP/RNBQK2R b KQkq - 1 6,e5d4 d1h5 e8d7 h5f5 d7e7 f5f7,2094,78,94,13614,exposedKing long mate mateIn3 opening swallowstailMate,https://lichess.org/HM3lVL9c/black#12,Italian_Game Italian_Game_Anti-Fried_Liver_Defense
wRSAx,2kn4/1bp1n3/p3p3/1q1pP3/3P1PQ1/2P1K1P1/1Pr5/RN2B2R w - - 0 30,b1a3 e7f5 g4f5 b5e2,1994,76,96,2654,mate mateIn2 middlegame sacrifice short swallowstailMate,https://lichess.org/RVVBY1Hb#59,
wTkPP,8/8/1ppq1r1p/3p4/6k1/4Q3/K3B1P1/8 b - - 11 50,g4h4 e3h3 h4g5 h3g4,1966,76,96,3657,endgame mate mateIn2 short swallowstailMate,https://lichess.org/W856kpdA/black#100,
wsnFk,2r4k/3P3p/p5p1/2r5/1p6/2PQ4/1P1R1PPP/q1KR4 w - - 1 30,d3b1 c5c3 b2c3 c8c3 d2c2 c3c2 c1c2 a1c3,1972,81,91,957,attraction endgame mate mateIn4 pin queensideAttack sacrifice swallowstailMate veryLong,https://lichess.org/eW9Lmiy0#59,
x52Sj,r3kbnr/pp3ppp/8/1Bq1p3/P4B2/4PP2/1PP4P/R2QK1Nb b Qkq - 1 11,e8e7 f4g5 f7f6 d1d7,1959,77,91,199,mate mateIn2 middlegame short swallowstailMate,https://lichess.org/5FMvhnGN/black#22,Queens_Pawn_Game Queens_Pawn_Game_Accelerated_London_System
x9EoN,3Nk3/ppp3pp/2n5/3Bp3/3P4/4K3/PPP1r3/RNBQ1q2 w - - 5 18,d1e2 f1f4 e3d3 f4d4,2053,140,0,9,mate mateIn2 middlegame short swallowstailMate,https://lichess.org/Zgq1jadu#35,Italian_Game Italian_Game_Two_Knights_Defense
xAPoT,6k1/5p1p/3r2p1/p7/2b5/4B1P1/6BP/1qQKR1R1 w - - 16 41,e3d2 d6d2 d1d2 b1d3,2000,75,94,2715,attraction mate mateIn2 middlegame pin sacrifice short swallowstailMate,https://lichess.org/AwMpdfi2#81,
xBsHX,R6Q/3r1k2/2pq4/3P1ppp/1p6/5P2/6PP/5K2 b - - 2 38,d6d5 a8f8 f7e6 h8f6,2153,78,90,1413,endgame mate mateIn2 short swallowstailMate,https://lichess.org/LAfIb4WM/black#76,
xH3eO,2r3k1/1p3p1p/p5p1/P2P4/4Pp2/3K1P2/1q6/R2Q1B2 w - - 2 30,a1b1 b2c3 d3e2 c3e3,2062,76,93,1507,endgame mate mateIn2 short swallowstailMate,https://lichess.org/dJOoH74N#59,
xjxLj,1q1n1b1r/1p1k2p1/pB2p3/3Q1B2/8/P7/1P3PPP/2r1R1K1 b - - 0 22,d7e7 b6d8 b8d8 d5e6,2029,79,88,977,mate mateIn2 middlegame pin short swallowstailMate,https://lichess.org/Xjsh3Ske/black#44,
xnvK0,6rk/pQ5p/2p2p2/4qP1r/8/4PR2/3P2P1/5RK1 w - - 1 36,b7c6 g8g2 g1g2 e5h2,1932,77,85,468,attraction endgame mate mateIn2 sacrifice short swallowstailMate,https://lichess.org/Fb1mjSyT#71,
xoXwx,8/p6k/1p5P/1Q1Rb1p1/2n5/2P3P1/PPK1q3/8 w - - 3 32,c2b3 e2b2 b3c4 b2c3,1939,76,95,3002,endgame mate mateIn2 short swallowstailMate,https://lichess.org/9gKNpi85#63,
yHYrq,3q2nr/1ppk1ppp/1rnp4/p5NQ/Pbb1P3/5NP1/2P2K1P/2B2B1R b - - 2 17,c4a6 f1h3 f7f5 h3f5 d7e7 h5f7,2100,78,92,2060,long mate mateIn3 middlegame swallowstailMate,https://lichess.org/Jg8A7iYB/black#34,Gedults_Opening Gedults_Opening_Other_variations
yXswx,2b4r/1p3k1q/2p5/1P1pPpr1/3P4/2PB1R2/5QP1/5RK1 w - - 1 30,f2e3 g5g2 g1g2 h7h2,1942,77,95,10675,attraction mate mateIn2 middlegame sacrifice short swallowstailMate,https://lichess.org/p1ipjmQV#59,
yhDzp,4rk2/2Bp1pp1/p2P2qP/1p4P1/2pQb3/P7/1PP5/2K2R2 b - - 0 38,g7h6 d4h8 g6g8 f1f7 f8f7 h8f6,2106,75,93,3149,attraction endgame long mate mateIn3 pin sacrifice swallowstailMate,https://lichess.org/ZE0wiSns/black#76,
yrDY7,1Q6/2p2pkp/6p1/8/3b4/2N1Pb2/PP3P1q/R1B1K1R1 w Q - 0 19,g1g3 d4c3 b2c3 h2h1 g3g1 h1g1 e1d2 g1d1,2093,74,95,10596,mate mateIn4 middlegame swallowstailMate veryLong,https://lichess.org/MhHD9SFD#37,Grob_Opening Grob_Opening_Other_variations
yufKV,8/8/p5pk/8/3Q4/5PK1/q4P2/8 b - - 5 43,a2e6 d4h8 h6g5 h8h4 g5f5 h4f4,1974,78,90,568,endgame long mate mateIn3 queenEndgame swallowstailMate,https://lichess.org/LcCKl8UO/black#86,
z3yUj,r2qk2r/1pp2p2/p1np3p/4pN2/1PB1P1n1/2PP1Qbb/P7/R1B1R2K b kq - 1 17,g3e1 f5g7 e8d7 f3f5 d7e7 f5f7,2149,122,84,35,long mate mateIn3 middlegame swallowstailMate,https://lichess.org/Gqx7dpUP/black#34,Italian_Game Italian_Game_Anti-Fried_Liver_Defense
zA1F9,4rk2/pp3p2/2p2P2/2P5/1P3RKQ/P6P/8/3q4 w - - 6 45,g4f5 e8e5 f5e5 d1d5,2170,76,94,2059,attraction endgame mate mateIn2 sacrifice short swallowstailMate,https://lichess.org/FqPXxvA7#89,
zI4p2,r1bq1b1r/pp4pp/3k4/3Qp3/2B5/P7/1P1P1PPP/n1B2K1R b - - 0 14,d6e7 d5e5 c8e6 e5e6,1968,78,87,304,mate mateIn2 middlegame short swallowstailMate,https://lichess.org/1jqKCFWG/black#28,Italian_Game Italian_Game_Two_Knights_Defense
zK4Yf,Q7/3N1p1k/8/5r2/3p1P1P/p1qK4/8/7R w - - 5 44,d3e4 c3e3 e4f5 e3e6 f5g5 e6g6,1961,75,92,1667,endgame fork long mate mateIn3 sacrifice swallowstailMate,https://lichess.org/pfhg8DFd#87,
zMIXt,2kr3r/B1p2pp1/2pp3p/4b3/4P1Pq/5Q1P/P1P5/1R3R1K b - - 3 20,c8d7 f3f5 d7e7 f5f7,1986,77,90,1939,mate mateIn2 middlegame short swallowstailMate,https://lichess.org/vTsjbNJY/black#40,
zTrZz,8/1kp1r2p/4p3/Q1p2q2/5B2/5b2/1P5P/R5K1 b - - 1 35,f5f4 a5a8 b7b6 a8a6,2174,75,94,5472,endgame mate mateIn2 short swallowstailMate,https://lichess.org/FS8i5Q7a/black#70,
zZsEa,8/4k3/4pp2/ppP1b3/1P3q2/1K2pN2/P1Q5/R2B4 w - - 0 43,f3e5 f4b4,1913,76,95,3360,endgame mate mateIn1 oneMove swallowstailMate,https://lichess.org/6k2JSHxH#85,
ztlkN,rq5r/1p1nR1pk/4Qnbp/1p1B4/P4P2/7P/1PPB2Pb/R6K b - - 0 22,h2f4 e7g7 h7g7 e6e7 g6f7 e7f7,1971,86,38,42,attraction long mate mateIn3 middlegame sacrifice swallowstailMate,https://lichess.org/PH5DqwcC/black#44,
