PuzzleId,FEN,Moves,Rating,RatingDeviation,Popularity,NbPlays,Themes,GameUrl,OpeningTags
004Ud,r1bqk2r/p3Bppp/3p4/1ppn4/4P3/4Q3/PPP2PPP/2KR1B1R b kq - 0 11,d5e7 f1b5 c8d7 d1d6 d7b5 d6d8,1714,77,94,3245,advantage interference long middlegame,https://lichess.org/pJ7nXTvE/black#22,Three_Knights_Opening Three_Knights_Opening_Other_variations
00Yuf,5rk1/n1q2ppp/1p1bpn2/1B1p1b2/NP1P4/P3PN2/3B1PPP/3Q1RK1 w - - 0 19,b5e2 f5c2 d1a1 c2a4,1885,71,95,16654,advantage interference middlegame short,https://lichess.org/1vvu6Sdh#37,Slav_Defense Slav_Defense_Quiet_Variation
00zDb,8/1pk1q3/1n3p2/2r2Pp1/p2QP2p/PB3P2/KP4P1/3R4 w - - 0 36,b3a4 c5c4 d4d3 c4a4,1851,79,94,242,advantage endgame interference master masterVsMaster short,https://lichess.org/QzK6TTSA#71,
01RXs,8/8/3r3p/p1P1k3/4pp2/PPKp4/6PR/8 b - - 0 40,d3d2 h2h5 e5e6 h5h6,1684,75,86,211,crushing endgame interference master rookEndgame short,https://lichess.org/67sQLB4C/black#80,
01mvq,4r1k1/pp3ppp/1q4b1/1Nb3B1/2Q5/2P4P/PP3PP1/R5K1 w - - 1 24,g5h4 e8e4 b5d4 e4h4,1803,74,95,7335,crushing interference middlegame short,https://lichess.org/9WWBV3nN#47,
03KsN,1r6/p4p2/2pk2p1/3p3R/2P2Q1P/3K4/Pq6/4r3 b - - 6 34,d6c5 h5d5 c6d5 f4c7 c5b4 c7b8,1828,75,93,233,advantage endgame interference long sacrifice,https://lichess.org/Uf06BpO5/black#68,
03Njs,2r4r/4qp2/p1p2k2/8/4p1Q1/6R1/PP3PPP/6K1 b - - 3 32,c8g8 g4f4 f6e6 f4e4 e6d7 g3d3 d7e8 e4c6,1701,91,74,62,advantage deflection endgame exposedKing interference veryLong,https://lichess.org/Oq2ZVfn7/black#64,
055lF,4rrk1/1p1n2p1/p2p2p1/3P1q2/1PP1p3/5N1P/P2Q1PP1/R3R1K1 w - - 0 21,f3g5 e4e3 e1e3 f5g5,1634,73,97,27135,advantage interference middlegame short,https://lichess.org/cmTYzD47#41,
05u06,4r1k1/4rpp1/2pq3p/ppNp4/3P4/P1P1R2b/1PQ2P2/1B2R1K1 b - - 1 31,e7e3 c2h7 g8f8 h7h8 f8e7 e1e3,1607,85,81,35,crushing interference kingsideAttack long middlegame,https://lichess.org/1PPZKYx0/black#62,
05uvR,2r2rk1/1p1n1ppp/p2p4/2qP3n/P7/1P1B3P/2P1N1PB/Q4R1K b - - 2 20,c5d5 f1f5 d5e6 f5h5,1682,78,85,66,advantage interference middlegame short,https://lichess.org/JAqzaXpX/black#40,
05zIn,3r3r/1p3pkp/p1pp2p1/6QP/4P1P1/1P1K1P2/2PR4/6q1 b - - 4 25,d6d5 h5h6 g7g8 g5d8,1728,75,85,270,endgame interference mate mateIn2 short,https://lichess.org/NbLbPiQD/black#50,
05zrE,2r1r3/1p1q1pk1/p4n2/P2ppbN1/2n5/B1P1P2B/1P2Q3/R4KR1 b - - 1 31,c4a3 g5e6 g7h8 h3f5,1657,77,94,3125,crushing discoveredCheck doubleCheck interference master middlegame short,https://lichess.org/ILbq2dAJ/black#62,
08vof,3r2k1/2q3pp/B2pp3/4np2/P1PBn3/6P1/r3PP1P/2RQ1RK1 w - - 5 21,a6b5 a2d2 d1e1 d2d4,1837,77,93,701,advantage interference master middlegame short,https://lichess.org/mQljAOkg#41,
093VW,7k/1p3r1p/2p4q/4P3/3P2p1/P2Q2P1/1PR3P1/5K2 w - - 1 34,c2f2 h6c1 f1e2 c1b2,1624,74,89,126,crushing endgame interference short,https://lichess.org/9gmNsZKJ#67,
09fPT,8/8/5np1/2Q1k2p/2K4P/8/6P1/1q6 b - - 5 51,e5f4 c5g5 f4e4 g5g6 e4e5 g6b1,1879,93,87,46,crushing endgame fork interference long master skewer,https://lichess.org/w7DgbmK0/black#102,
0AWGb,r1b2rk1/p1qn2pp/2p1pb2/3p4/8/1PN2N2/PBPQ1PPP/R3R1K1 b - - 1 14,e6e5 c3d5 c6d5 d2d5 g8h8 d5a8 c8b7 a8a7,1839,75,95,8243,crushing fork interference master middlegame veryLong,https://lichess.org/LwsAtKZc/black#28,Nimzo-Larsen_Attack Nimzo-Larsen_Attack_Other_variations
0BN1T,2b2r1k/N2n1p1p/p5p1/4b3/4B3/4B3/1qPKQ1PP/3R3R w - - 0 22,d1b1 e5c3 d2d1 b2b1,1603,74,86,318,crushing interference middlegame short,https://lichess.org/mtuXoyZ1#43,
0BYnD,2kr4/5p1p/p5pP/qpQ3P1/3R1P2/8/1P6/6K1 b - - 2 54,a5c7 d4d8 c8d8 c5f8 d8d7 f8f7 d7c6 f7c7,1714,75,99,971,attraction crushing endgame exposedKing interference pin veryLong,https://lichess.org/jIb3cEY1/black#108,
0DmDX,5rk1/pp3q2/3R4/6p1/2pPp3/2P1P3/PP2QP2/2K5 b - - 0 29,f7f2 d6g6 g8f7 e2f2,1687,96,89,27,crushing endgame interference intermezzo short,https://lichess.org/8t2pIZA5/black#58,
0EHIa,2R2R2/2p3rk/pr5p/2p1N1p1/3pP1P1/nP1P2K1/2P5/8 b - - 13 42,g7e7 f8h8 h7g7 c8g8 g7f6 h8h6 f6e5 g8g5,1841,76,97,4403,deflection endgame interference mate mateIn4 veryLong,https://lichess.org/dauqkE7M/black#84,
0Fec3,r3kb1Q/pp3p1p/2p1b3/8/5P2/4B3/qPP1B1PP/2KR3R w q - 1 15,h8f6 a2a1 c1d2 f8b4 c2c3 a1b2 d2e1 b4c3 f6c3 b2c3,1639,77,95,3452,advantage deflection fork interference middlegame veryLong,https://lichess.org/BCvPEu8k#29,Scotch_Game Scotch_Game_Other_variations
0Fv2T,r1bk3r/pp2q2p/2p3p1/3pb3/4p3/1P2Q3/1PPPNPPP/R1B2RK1 w - - 0 19,a1a7 d5d4 e2d4 a8a7,1837,76,78,178,advantage interference intermezzo middlegame short,https://lichess.org/fCQkwN3H#37,Italian_Game Italian_Game_Rousseau_Gambit
0HLf3,2kr4/2pr4/1p4p1/1Q1bPpqp/3R4/1P4P1/P4P1P/3R2K1 b - - 0 26,d5c6 b5c6 d7d4 c6a8 c8d7 d1d4,1765,74,96,3198,advantage interference intermezzo long middlegame queensideAttack sacrifice,https://lichess.org/Jwuxiicm/black#52,
0L6d1,2R5/p4R2/4p3/2kp4/3p3p/qP4bK/P1P5/8 b - - 11 36,c5b4 f7b7 b4a5 b7a7 a5b6 a7a3,1633,76,40,356,crushing endgame interference long skewer,https://lichess.org/MsTE9m5k/black#72,
0Mh5F,8/8/2k5/6rp/P2K4/1R4P1/8/8 w - - 3 54,d4c4 g5g4 c4c3 g4g3 c3c2 g3b3,1656,79,92,1539,crushing endgame interference long rookEndgame,https://lichess.org/cdQ9OgdQ#107,
0OEiy,5r2/7P/6k1/4r3/6K1/8/2R5/7R w - - 0 70,h7h8q e5g5 g4h4 f8h8,1726,77,96,8922,endgame interference mate mateIn2 queenRookEndgame short,https://lichess.org/RUPjkMwf#139,
0QUpY,2b1r1k1/1p4pp/p3p2q/3p4/5R2/P3QB1P/1P4P1/7K b - - 7 29,e6e5 f3d5 c8e6 e3e5,1897,76,85,126,advantage endgame interference short,https://lichess.org/ZaK9vUvV/black#58,
0Qa7b,r4rk1/pp1b1p1p/3q2p1/3N4/6n1/3B1N2/PPQ2pPP/2RR1K2 w - - 2 18,d3e4 d7b5 e4d3 d6d5,1891,75,94,15261,advantage deflection interference middlegame short,https://lichess.org/cUJZEygd#35,Queens_Gambit_Declined Queens_Gambit_Declined_Vienna_Variation
0S0I3,2kr1b1r/1p3ppp/p1p1pn2/8/3q4/2NPB1QP/PP3PP1/R3K2R b KQ - 2 14,d4d3 a1d1 f8d6 d1d3 d6g3 d3d8 h8d8 f2g3,1635,78,85,64,advantage interference middlegame veryLong,https://lichess.org/hOIOQQDs/black#28,St_George_Defense St_George_Defense_Other_variations
0SC89,8/3b1pk1/2p3q1/3p3p/3P3P/2P1NQb1/8/5RK1 w - - 0 34,e3f5 d7f5 f3f5 g3f2 g1f2 g6f5,1812,76,95,16755,attraction crushing discoveredCheck doubleCheck endgame exposedKing interference intermezzo long master,https://lichess.org/qeV5j637#67,
0SUAL,8/5b2/pr6/1p1k1p2/1KpPpP2/4P3/R3B3/8 b - - 6 39,b6h6 e2c4 b5c4 a2a5 d5e6 a5a6,1769,75,91,2107,crushing endgame interference long master sacrifice,https://lichess.org/0bZDzqs5/black#78,
0TH08,2r2r1k/3nb1pp/p7/1p1Qpq2/7P/P1P1B1P1/1P3P2/2KRR3 w - - 1 22,d5d7 c8c3 b2c3 e7a3 c1d2 f5d7,1772,75,92,1448,crushing deflection interference long master middlegame queensideAttack sacrifice,https://lichess.org/DqlKVhdi#43,
0TeCP,r5k1/p4p1p/6p1/3P4/4q3/1R6/PP2K3/R2Q4 w - - 0 27,b3e3 e4g2 e2d3 g2d5,1834,130,100,31,endgame equality interference short,https://lichess.org/vbNLULTR#53,
0TnOF,r3k2r/p4pp1/p1Q5/2b1q3/8/6Pp/PPP2P1P/3R3K b kq - 0 21,e8e7 d1d7 e7f8 c6a8 e5e8 d7d8 f8e7 d8e8,1778,82,76,79,crushing endgame interference pin veryLong,https://lichess.org/X3LPI089/black#42,
0ULs9,2r3k1/pp3p1p/6pP/1n1q2P1/3Pp3/PP2Q3/3BPP2/5K1R w - - 0 30,e3f4 e4e3 h1h4 e3d2,1628,75,89,950,advancedPawn crushing endgame interference short,https://lichess.org/fPpzRjqu#59,
0UdA1,r5k1/pp2Rpp1/2p5/6p1/2PP1KP1/4Q2q/PP3P2/8 w - - 0 25,f4g5 h3h6 g5f5 h6f6 f5e4 f6e7,1722,74,96,2839,crushing endgame interference long,https://lichess.org/6milZk6E#49,
0W0Uk,3r4/p7/5R1P/1k2P1K1/4b3/2R5/1P6/5N1r w - - 2 46,f1g3 d8g8 g5f4 h1h4 f4e3 g8g3,1614,75,92,668,advantage deflection endgame interference long,https://lichess.org/i18sgLt4#91,
0WJBy,rk5r/pp2b1p1/4Bn1p/8/7q/1P3P2/P1Q4P/2R4K b - - 3 32,a7a5 c2c7 b8a7 c7a5,1849,137,100,32,equality fork interference middlegame short,https://lichess.org/WhKGRDip/black#64,
0XZ72,8/5p1k/5qpb/4p2p/Pp1pP3/3P4/6PP/1R2Q1K1 w - - 0 32,b1b4 h6e3 g1h1 e3d2 e1e2 d2b4,1738,76,96,17608,crushing endgame interference long,https://lichess.org/mORFHjC3#63,
0Xpoo,3r1r2/3PRp1k/6pp/ppq2p2/8/1PP2P2/1P2QKPP/3R4 w - - 2 30,f2g3 f5f4 g3f4 c5g5 f4e4 g5e7,1862,77,93,464,attraction crushing endgame interference long,https://lichess.org/PRFUgq52#59,
0XxwW,2kr2nr/ppp1qpp1/2p1b2p/2b1P3/2B2B2/8/PPP1QPPP/RN3RK1 w - - 3 11,b1c3 e6c4 e2c4 d8d4 c4e2 d4f4,1751,76,95,8884,crushing interference long middlegame,https://lichess.org/bz9N7x4z#21,Italian_Game Italian_Game_Anti-Fried_Liver_Defense
0YL23,r1b1k2r/P2p1ppp/8/8/2n5/4P3/P1PNP1PP/1R2KB1R b Kkq - 0 14,c4d2 b1b8 a8a7 b8c8 e8e7 c8h8,1705,75,94,11579,crushing interference long middlegame skewer,https://lichess.org/aSNmOKk5/black#28,Polish_Opening Polish_Opening_Birmingham_Gambit
0Zg4N,1k1B3r/1p6/p2N2p1/8/QP1n4/2q4P/P5P1/5RK1 w - - 0 30,d8f6 d4e2 g1f2 c3f6,1656,78,93,3093,advantage discoveredAttack interference middlegame short,https://lichess.org/jlc4D7eo#59,
0Zmzr,4r1k1/3q1ppp/8/p3P1N1/PpPpB3/1P2b2r/4Q1K1/4RR2 b - - 3 29,e3g5 e4f5 d7c6 g2h3,1665,75,96,19276,advantage fork interference middlegame short,https://lichess.org/lLEVi9HQ/black#58,
0ZzWr,8/2N5/2p1R1p1/1pP1P1kp/5r2/1P3pK1/rP3R1P/8 w - - 2 36,f2f3 h5h4 g3f2 a2b2 f2e3 b2b3,1786,74,64,158,crushing endgame exposedKing interference long,https://lichess.org/TzDxw6uu#71,
0akhe,3r3r/pp4k1/2p2pp1/5b2/1Q2N2q/P4P2/1P2K1P1/4RR2 b - - 3 35,f5e4 b4e7 g7g8 e7d8,1650,75,94,535,crushing interference middlegame short,https://lichess.org/LjwpgxKI/black#70,
0atE3,R7/2Np1k1p/1r2p1p1/2p5/2P5/1n5P/3r1PP1/1R4K1 b - - 1 30,b6b7 c7b5 f7e7 b1b3,1748,78,93,852,advantage endgame interference master quietMove short,https://lichess.org/reVaa6a5/black#60,
0dacI,r6r/ppk3pp/5p2/5b2/1nP1N3/1P2P3/1P4PP/2KR1B1R w - - 2 19,e4d6 b4a2 c1d2 c7d6,1753,75,94,2531,advantage interference middlegame short,https://lichess.org/cfkPoaJY#37,Scandinavian_Defense Scandinavian_Defense_Panov_Transfer
0damp,8/2Q2p1k/7p/1P4p1/5K2/P5P1/8/3q4 w - - 0 44,f4f5 d1f3 f5e5 f3g3 e5d4 g3c7,1686,80,94,140,crushing endgame interference long queenEndgame skewer,https://lichess.org/EVXyWgYW#87,
0dwrX,r4k1r/2p2ppp/p1Nqpn2/3p4/Q2P4/P1PbP1P1/1P3PP1/RN2K1R1 w Q - 3 15,b1d2 d3b5 a4c2 b5c6,1621,77,95,15412,crushing interference middlegame short,https://lichess.org/3Vb75Yff#29,Queens_Pawn_Game Queens_Pawn_Game_Accelerated_London_System
0eOgh,rn1q1rk1/p4p1p/3p2p1/1bp5/1pP1n3/1B2B3/PR2NPPP/3Q1RK1 b - - 0 16,b5a6 d1d5 d8e7 d5a8 a6b7 a8a7 b8c6 a7b6,1833,76,93,5634,advantage fork interference middlegame trappedPiece veryLong,https://lichess.org/3fCqJI1X/black#32,Philidor_Defense Philidor_Defense_Larsen_Variation
0fRhk,3rk2r/1pp1nppp/2p1b3/p7/4Pq1P/2BP1P2/P1P2QP1/RN2K2R w KQk - 3 18,c3g7 f4c1 e1e2 c1c2,1793,74,74,185,advantage interference middlegame short,https://lichess.org/V3FJkK1W#35,Ruy_Lopez Ruy_Lopez_Classical_Variation
0h2jL,4r3/ppp5/2np1Qp1/5b2/2P2k1P/3p4/PP2r1P1/R4K2 b - - 0 25,d3d2 f6g5 f4e5 f1e2,1666,75,82,201,advantage endgame interference short,https://lichess.org/JeueRG6M/black#50,
0iJHa,5nk1/1b2b1p1/4p1n1/p2pP3/Pp1P4/1PrqBNN1/5PKQ/R6R w - - 3 36,a1d1 g6f4 g2g1 d3d1,1724,74,98,1045,crushing interference middlegame short,https://lichess.org/XQqh37NS#71,
0ic77,8/5p2/r3p1k1/4Pp1p/5P1K/6PP/3R4/8 b - - 0 42,f7f6 d2d6 a6a8 d6e6,1696,78,93,1020,crushing endgame interference rookEndgame short,https://lichess.org/D3rnmY4V/black#84,
0m7R6,5rk1/ppp3pp/3p1r2/3Pp2q/2P1B3/3K2P1/PP1QRP2/5R2 w - - 18 33,f1h1 f6f3 e2e3 h5h1 e4f3 f8f3,1815,76,93,537,advantage interference long middlegame,https://lichess.org/OcQfk3x0#65,
0oHfz,8/8/p5p1/1p3b2/2p5/PkP5/1P1R1K1P/8 w - - 0 37,f2g3 f5c2 d2d6 b3b2,1740,85,89,95,advantage endgame interference master quietMove short,https://lichess.org/YfwThVqx#73,
0ocsY,3k4/1q5p/8/4Q3/3p4/P7/1P6/K7 b - - 0 43,d4d3 e5h8 d8c7 h8h7,1799,73,95,17917,crushing endgame interference queenEndgame short,https://lichess.org/wlLP9syq/black#86,
0qEc2,6kr/4Bpp1/p6p/4p3/1QP3b1/N2PK1P1/PP4qP/R7 w - - 0 24,b4b8 g8h7 b8e5 g2e2 e3d4 e2b2,1715,75,93,797,advantage interference long middlegame,https://lichess.org/k18pQLnK#47,
0qQbp,6k1/5p2/4p1p1/1B4P1/pP3P2/P1PKQ3/7q/5n2 w - - 11 37,e3f3 h2d2 d3c4 f1e3 c4c5 d2c3,1651,75,92,2213,crushing deflection endgame interference long,https://lichess.org/VsKLjVUW#73,
0qUVS,7k/1p2q1pp/pb6/3B2N1/3p1P2/P7/P1r4P/4RR1K b - - 2 30,c2e2 g5f7 h8g8 f7e5 g8f8 e1e2,1767,75,96,5543,advantage discoveredAttack discoveredCheck interference long middlegame,https://lichess.org/InwTlytj/black#60,
0rzdS,8/1p3Q2/1P3p2/p5p1/P1P1Pbp1/3q4/1k3P2/3R1K1R w - - 3 45,f1g2 d3f3 g2g1 f3d1 g1g2 d1f3,1620,76,95,1357,crushing endgame interference long,https://lichess.org/OoRJg7ge#89,
0slnb,4r1k1/pb3p1p/6p1/1P1q2b1/P7/1PBp1PQP/2rP2P1/1R2R1K1 b - - 3 30,e8f8 e1e5 d5d6 e5g5 d6g3 g5g3,1782,79,78,448,advantage interference long middlegame,https://lichess.org/4INxDA6b/black#60,
0tP8D,4RR2/pp4rk/2p5/7p/8/7K/Pr6/8 b - - 5 35,b2g2 f8h8 h7g6 h3g2,1899,75,91,1878,advantage endgame interference rookEndgame short,https://lichess.org/6FosfeIL/black#70,
0uRie,1r4k1/1p2rpb1/pP5p/N2R1BpP/q3p3/4B1P1/4PP2/3R2K1 b - - 3 31,a4b4 e3c5 b4a5 c5e7,1873,77,93,1712,advantage fork interference master masterVsMaster middlegame short,https://lichess.org/d8FbiQ0J/black#62,
0vHHJ,r2qk2r/pp2bp1p/4bp2/4n3/3p1B2/5N2/PP2PPPP/R2QKB1R w KQkq - 4 11,f3d4 e7b4 f4d2 d8d4 d1a4 e5c6,1819,73,94,14345,crushing defensiveMove interference intermezzo long opening,https://lichess.org/NnGk7G88#21,Tarrasch_Defense Tarrasch_Defense_Schara_Gambit
0vn0T,1r1nr1k1/3q2p1/4p1B1/p2p4/2pP4/b1P2QP1/4RP1P/4R1K1 b - - 2 29,e8f8 f3h5 f8f6 h5h7 g8f8 h7h8 f8e7 h8g7 e7d6 g7f6,1697,75,93,1338,advantage deflection interference kingsideAttack middlegame veryLong,https://lichess.org/4UoOqL3R/black#58,
0weRI,2r2rk1/pp3p2/1q3n1p/3pN1p1/3n4/2N3P1/PP3QPP/R4RK1 w - - 2 18,f2f6 d4f3 g1h1 b6f6,1810,79,91,339,advantage discoveredCheck doubleCheck interference intermezzo middlegame short,https://lichess.org/iaoMajiy#35,French_Defense French_Defense_Exchange_Variation
0xD4K,3q3k/1p4b1/p1p4p/2P1pp2/1P1r4/PBQ4P/5PP1/4R1K1 w - - 2 30,c3e3 d4d3 e3e2 d3b3,1751,76,94,5307,crushing endgame interference short,https://lichess.org/VMB4ZO6v#59,
0xRwg,8/8/7R/5kp1/1r6/5K2/1P6/8 w - - 1 52,h6h2 b4b3 f3g2 b3b2,1857,76,97,600,crushing endgame interference rookEndgame short,https://lichess.org/c7QayWHh#103,
0zAGH,5rk1/1p5p/2p2p2/r2pp3/5BPP/3KP3/P6R/6R1 w - - 0 23,f4h6 a5a3 d3e2 a3a2 e2f3 a2h2,1703,75,93,401,advantage endgame interference long skewer,https://lichess.org/5fWZQaj4#45,
0zHnQ,1r3r2/ppk5/7R/5Bp1/3N4/2P5/Pn4PP/6K1 b - - 0 35,f8h8 d4b5 c7d8 h6h8,1781,75,75,151,crushing endgame interference short,https://lichess.org/JD0zwilV/black#70,
0zxPQ,r1b3k1/p5pp/1p2p3/3pN1r1/2PP1p2/5P1q/PP2Q1P1/2R1R1K1 b - - 1 24,c8a6 e5g4 h3h5 e2e6,1636,74,84,167,crushing discoveredAttack interference kingsideAttack middlegame quietMove short,https://lichess.org/1mnAPAz1/black#48,
10x78,r1b1r1k1/2q3p1/2pbp2p/pp4N1/1P1P2pP/P1PQ4/1B3P2/1K1R3R b - - 1 22,a5b4 d3h7 g8f8 h7h8 f8e7 h8g7 e7d8 g5f7 c7f7 g7f7,1751,76,92,2508,crushing deflection interference kingsideAttack middlegame veryLong,https://lichess.org/AEppHnPF/black#44,
123ae,3r3r/4Bpkp/4p1p1/6P1/1Q4P1/P7/KPP5/3n3q b - - 3 31,d8b8 e7f6 g7g8 b4b8,1755,74,89,94,endgame interference mate mateIn2 short,https://lichess.org/Lk97qOka/black#62,
13FGa,8/1R4R1/5rk1/p7/7p/8/5r1P/6K1 b - - 0 37,g6h6 g7h7 h6g5 b7g7 g5f5 g1f2,1888,75,86,86,crushing endgame exposedKing interference long rookEndgame,https://lichess.org/q3sQfl37/black#74,
13iZJ,rr4k1/2p1q1p1/1n2p1Pp/3pPp1P/1p1P4/1P1QP3/1KP3B1/R6R w - - 4 31,a1a6 b6c4 b3c4 a8a6,1659,75,84,261,crushing interference middlegame short,https://lichess.org/3hqheXfm#61,
157At,3qr1k1/p4pp1/b1N4p/2nB4/2P4P/P2n4/1rQ2PP1/1R4KR w - - 0 25,b1b2 e8e1 g1h2 d8h4,1803,76,90,355,interference kingsideAttack mate mateIn2 middlegame short,https://lichess.org/cNOtSGy7#49,
15Z8Y,r6r/2qnk1p1/3bppn1/p2pN3/2pP1P2/PpP1P1Q1/1P5P/R1B2RK1 b - - 1 28,g6h4 g3g7 e7e8 g7h8,1752,79,93,5091,crushing interference middlegame short,https://lichess.org/w7DixSjk/black#56,
15buv,r2q1rk1/pp3ppp/4pn2/n2p4/3P1B2/P1R1PP2/1PQ2P1P/4KB1R b K - 2 13,f6h5 f4c7 d8d7 c7a5,1673,75,94,5255,crushing interference master middlegame short,https://lichess.org/LTddOocO/black#26,Slav_Defense Slav_Defense_Exchange_Variation
171MH,r2qk2r/pp2bppp/2n5/3n4/2B3b1/4BN2/PP3PPP/R2QK2R w KQkq - 0 12,c4d5 d8a5 e3d2 a5d5,1730,75,92,1161,crushing interference opening short,https://lichess.org/CW79phlF#23,Caro-Kann_Defense Caro-Kann_Defense_Other_variations
17ryb,2r2rk1/pp3ppp/8/3pP1q1/3R2b1/8/PPQ3PP/1K3BNR w - - 1 17,c2d2 g4f5 f1d3 g5d2,1696,75,91,292,crushing interference middlegame short,https://lichess.org/12GL6E83#33,Sicilian_Defense Sicilian_Defense_Smith-Morra_Gambit
17sw1,rn3rk1/pp2qp1p/6p1/2pR4/5Q2/8/PPP1NnPP/2K2BN1 b - - 2 16,f2e4 d5e5 e7f6 e5e4,1607,75,96,14432,advantage interference middlegame short,https://lichess.org/hh1T57Gy/black#32,Indian_Defense Indian_Defense_Other_variations
188Sp,6rk/pp6/7b/2P1pnq1/PP1p1p2/3P1Q2/4KBP1/2R4R w - - 14 34,f3h5 f4f3 h5f3 g5d2 e2f1 d2c1,1898,77,91,1158,clearance crushing interference long middlegame,https://lichess.org/cySeY62m#67,
18GZJ,rnb1k1nr/pp3ppp/3Qp3/8/5B2/8/PqP1PPPP/3RKBNR b Kkq - 1 8,c8d7 f4e5 b2c2 e5g7,1700,77,92,2143,crushing interference opening short,https://lichess.org/7cI4PYb4/black#16,Benoni_Defense Benoni_Defense_Benoni_Gambit_Accepted
1AEw0,6k1/pN4b1/1p2p1p1/4P2p/5rq1/2NQ2P1/PP6/2K3R1 w - - 0 26,b7d8 f4d4 d3e3 d4d8,1697,75,94,2026,advantage interference middlegame short,https://lichess.org/S1gTBJlN#51,
1ALcX,2rqk2r/3nbppp/p2pb3/3Np1P1/2p1P3/1N2B3/PPPQ1P1P/1K1R2R1 w k - 0 16,b3a5 c4c3 d5c3 d8a5,1735,75,95,7237,advantage interference master middlegame short,https://lichess.org/DOEGdynV#31,Sicilian_Defense Sicilian_Defense_Najdorf_Variation
1AXrz,r1bqk1nr/ppp2ppp/2nb4/8/Q2pP3/3P1N2/PP3PPP/RNB1KB1R w KQkq - 0 7,f3d4 d6b4 b1c3 d8d4,1605,77,93,641,advantage discoveredAttack interference opening short,https://lichess.org/nS3Kv0YS#13,Zukertort_Opening Zukertort_Opening_Old_Indian_Attack
1AvvK,r5k1/1pq3p1/p1p1prB1/3p3Q/4P2P/2N2n2/PPP5/1K2R3 b - - 4 28,f3e1 h5h7 g8f8 h7h8 f8e7 h8g7,1746,75,94,316,advantage deflection interference kingsideAttack long master middlegame,https://lichess.org/GbVEkwMw/black#56,
1BtK6,r3r1k1/pp3pp1/7p/n7/1p4Q1/3B1N2/1qPK1PPP/3R3R w - - 2 20,d1b1 a5b3 d2d1 b2b1,1821,98,87,31,interference mate mateIn2 middlegame pin short,https://lichess.org/3I6GsemU#39,
1De4k,N2k1r2/pp6/6q1/3BQ3/2P5/1P2P3/P7/R4K2 w - - 1 30,f1e2 g6c2 e2e1 c2f2 e1d1 f2f1 d1c2 f8f2 c2c3 f1a1 c3d3 a1e5,1667,75,85,105,crushing endgame interference skewer veryLong,https://lichess.org/WnznHAXV#59,
1DeE6,2r5/p5pp/5k2/2r1R3/8/3K4/1P4PP/4R3 w - - 0 33,e5e7 c8d8 d3e4 f6e7,1653,75,94,9230,crushing endgame interference master rookEndgame short,https://lichess.org/1MOx7v65#65,
1EBex,r1b2rk1/1p4pp/2qpp3/1p3p2/4n3/B2QPN2/PPP2PPP/R2R2K1 w - - 2 19,a3d6 f8d8 f3d4 c6d6,1741,76,90,1058,advantage interference intermezzo middlegame short,https://lichess.org/euMWm8sw#37,Indian_Defense Indian_Defense_Other_variations
1ErNw,4r1k1/2q1rpp1/p6p/1pnb4/2p5/P1P1BP1P/1PQ3P1/RB2R1K1 b - - 2 26,e7e3 c2h7 g8f8 h7h8 f8e7 e1e3 d5e6 h8g7,1709,76,92,5436,advantage interference kingsideAttack middlegame veryLong,https://lichess.org/bG7JE2co/black#52,
1FeZY,3r2r1/1k2qp2/2pp1n2/1B2p1p1/4P1Pp/2PP1Pb1/1Q5N/R1B4K b - - 1 30,d8a8 b5a6 b7c7 b2b7 c7d8 b7a8,1628,76,82,192,advantage discoveredCheck doubleCheck interference long middlegame,https://lichess.org/GmKBc5s0/black#60,
1Fg2F,1r3k1r/2q2p2/b4b1p/2pP1R1Q/2P2p1P/3B4/P4PP1/4R2K b - - 4 27,c7d6 e1e6 f7e6 f5f6,1764,75,86,529,crushing interference middlegame sacrifice short,https://lichess.org/IM4iGFSh/black#54,
1Fgzz,r7/5Q2/p1p2p2/1pk1pNp1/4P3/P7/KP6/3q4 b - - 8 36,a8d8 f7a7 c5c4 f5e3 c4d3 e3d1,1780,83,52,75,crushing endgame fork interference long,https://lichess.org/abqqrW2Q/black#72,
1HCSa,2r1b1k1/ppBr2pp/5b2/Q7/8/8/P4PPP/4R1K1 w - - 11 23,c7g3 f6c3 a5f5 c3e1 f5e6 g8h8,1802,75,95,6387,advantage defensiveMove fork interference long middlegame,https://lichess.org/X5TnGC3H#45,
1ILGi,2r4r/pp1k2pp/4p3/3RP3/5B2/q7/P1B2PPP/2R3K1 b - - 0 19,e6d5 c2f5 d7e7 f4g5 e7f7 e5e6 f7g8 c1c8,1765,78,93,1704,crushing endgame exposedKing interference veryLong,https://lichess.org/rVSPIhyh/black#38,
1IWjQ,3r4/4k1p1/6P1/p7/1p1qp2Q/8/1P6/5B1K b - - 8 39,e7e6 f1h3 e6e5 h4g5 e5d6 g5d8,1835,84,56,36,advantage endgame exposedKing interference long,https://lichess.org/UDhowXjg/black#78,
1IkQN,5rk1/2q2p1p/3p2p1/pQ1Pp3/4P1B1/P1b3PP/5PK1/3R4 b - - 0 29,f8b8 b5c6 c7d8 c6c3,1804,81,80,52,advantage endgame interference short,https://lichess.org/vWcv4zWj/black#58,
1JEQp,r6q/pp2k3/6p1/3B1b2/2Pp1P2/3P4/PP4P1/n3Q1K1 b - - 1 32,e7d6 e1b4 d6d7 b4b7 d7d8 b7a8,1636,75,90,1804,advantage endgame exposedKing interference long,https://lichess.org/fB8oVL7s/black#64,
1MQeJ,1r4k1/1q3pp1/4p2p/1P1pb3/4n3/3Q1P1P/2B3P1/1RB3K1 b - - 0 28,e4c3 d3h7 g8f8 c1a3 f8e8 h7g8 e8d7 g8f7,1667,78,100,41,crushing deflection interference middlegame veryLong,https://lichess.org/gIYXYzB6/black#56,
1Mt1q,3q1rk1/p4pbp/2npp1p1/2B5/2P1P3/2N2QP1/Pr3P1P/2RR2K1 w - - 0 18,c5d6 c6d4 f3e3 d8d6,1889,78,91,162,advantage interference intermezzo middlegame short,https://lichess.org/YX9Di7k1#35,Modern_Defense Modern_Defense_Kotov_Variation
1N3RA,8/p4rpk/2p1R2p/3q4/2pP1b2/2P2P1P/PPQ2P2/6K1 b - - 4 30,f7f5 e6e5 f4e5 c2f5 g7g6 f5e5,1617,75,90,114,advantage endgame interference long,https://lichess.org/hpLG0byl/black#60,
1O6HL,r6r/kp2Rp1p/p2N4/4Q3/3p4/8/P1q2PbP/5BK1 b - - 5 28,g2c6 e5d4 a7b8 d4h8 b8a7 h8d4,1825,86,93,61,crushing interference long middlegame,https://lichess.org/FepxYdD8/black#56,
1O8yW,1r6/4kpp1/PbK5/1PpR4/2P2P2/3n4/8/8 b - - 3 45,d3f4 d5d7 e7e6 d7b7 b8c8 c6b6,1707,123,30,26,advantage endgame interference long,https://lichess.org/3gZMD75Z/black#90,
1P4i3,8/2p1k3/1p1pPb2/p5P1/P1P1Q3/8/q1KB4/8 w - - 1 46,c2d3 a2b1 d3e3 f6g5,1672,75,99,1008,crushing endgame interference short,https://lichess.org/1TNowM7w#91,
1QOXx,r2qr1k1/1b2ppbp/p4np1/np1p4/3P1B2/P3PN1P/BP1N1PP1/2RQK2R b K - 5 14,f6h5 f4c7 d8d7 c7a5,1698,76,92,1825,crushing interference middlegame short,https://lichess.org/ElknXJCV/black#28,Benoni_Defense Benoni_Defense_Old_Benoni
1Qbf9,r4rk1/3pqp2/p3p1pp/1p2P3/1n5P/5P2/PP1Q1P2/1BR1R1K1 b - - 0 20,e7h4 e1e4 h4h5 e4b4,1814,76,95,8498,advantage interference master middlegame short,https://lichess.org/YVUKPcYx/black#40,
1UI6a,r2q1r2/1ppb1pk1/p1nbp1pp/4N3/3PQ3/2PB2B1/PP3PPP/R3K2R w KQ - 2 14,e5g6 f7f5 e4e3 g7g6 g3d6 c7d6,1667,74,86,211,advantage interference long middlegame,https://lichess.org/Qa9eHPrk#27,Queens_Pawn_Game Queens_Pawn_Game_Accelerated_London_System
1Up1N,5rk1/2b1Rp1p/p2q2p1/1p3n2/3P4/1B3Q1P/PP3PP1/4R1K1 w - - 0 26,e7e8 d6h2 g1f1 h2h1 f1e2 f8e8,1611,77,93,432,crushing interference kingsideAttack long middlegame,https://lichess.org/8c8m1ast#51,
1UwQc,6k1/2pb1pp1/7p/P2P4/1p6/5P2/2P2B1q/R2Q1K2 w - - 0 32,a5a6 d7b5 f1e1 h2e5 e1d2 e5c3 d2c1 c3a1,1878,73,95,14888,advantage endgame exposedKing interference veryLong,https://lichess.org/f0AOOX26#63,
1WPtN,4r2k/pbq3p1/1p1p1n1p/8/3P1Pn1/2PB3P/PP1N2P1/R1B1Q1K1 w - - 1 23,e1g3 e8e3 d2f3 e3d3,1646,92,90,24,crushing interference middlegame short,https://lichess.org/oMxks38d#45,
1Wai4,r4r1k/pp2nppp/3b4/3p3n/3P4/2N1BP1q/PP3PR1/R2Q1BK1 b - - 13 20,h3f5 g2g5 f5e6 g5h5,1647,77,92,3530,advantage interference middlegame short,https://lichess.org/Y2ANda2B/black#40,
1Wmmx,r1bqkb1r/pp1p2pp/2n2p1n/4pPN1/2BpP3/8/PPP3PP/RNBQK2R b KQkq - 0 7,f6g5 d1h5 e8e7 c1g5 e7d6 g5d8,1690,75,93,140,crushing interference intermezzo long opening skewer,https://lichess.org/Dk1T9FTQ/black#14,Sicilian_Defense Sicilian_Defense_Smith-Morra_Gambit
1X4ZD,5k1r/r3q2B/p3Pp2/8/8/6Q1/PPP3P1/1K5R b - - 0 33,h8h7 h1h7 e7h7 g3b8 f8g7 b8a7,1899,75,95,6112,crushing endgame exposedKing interference long,https://lichess.org/SeomMu5u/black#66,
1XNRu,r4rk1/1pR2p1p/p3p1p1/q3B3/3b4/5K1P/PPQ2PP1/1BR5 b - - 0 25,d4e5 c7c5 a5d8 c5e5 d8f6 f3e4,1655,74,85,143,advantage defensiveMove interference long middlegame,https://lichess.org/0673ktqa/black#50,
1Xd0K,8/pq4k1/3R1Rp1/2p3Pr/4P3/2P3Q1/6P1/r5K1 w - - 3 31,g1f2 b7b2 f2e3 b2c3,1711,76,89,1853,crushing endgame interference short,https://lichess.org/1xPFv3S2#61,
1Xf0S,4r1k1/1p3ppp/pQp1q3/P7/1P2p3/6PP/1K3PB1/3R4 w - - 0 30,d1d8 e6f6 d8d4 f6f2,1631,233,0,4,advantage endgame interference short,https://lichess.org/rwqJGGn0#59,
1Xusq,rn2kbnr/pp3pp1/4p3/q1PpPb2/5P1p/2N1BN2/PPP3PP/R2QKB1R b KQkq - 2 8,f8c5 f1b5 b8c6 e3c5,1754,79,93,6457,crushing interference intermezzo opening short,https://lichess.org/NtzmB9jM/black#16,Scandinavian_Defense Scandinavian_Defense_Other_variations
1YSh2,r1b2r2/pp4kp/2p3p1/3QP1q1/8/2P1P3/PP2BPP1/3RK2R w K - 0 17,f2f4 g5g3 e1d2 c6d5,1695,77,76,86,crushing interference middlegame short,https://lichess.org/EYfnhxsb#33,Queens_Pawn_Game Queens_Pawn_Game_Accelerated_London_System
1Zo3O,2rq4/1R1r3k/2p4p/p4ppP/P3p3/1R1p2P1/3Q1P2/6K1 b - - 0 46,d7b7 b3b7 c8c7 d2a5 c7b7 a5d8,1714,75,97,2201,advantage endgame interference long,https://lichess.org/tTwPjpO2/black#92,
1bf5U,7r/5Qp1/pP2p1Bp/4p3/5P1k/P3K2b/2P3qP/R7 b - - 2 28,h8c8 f7e7 h4g4 e7e6 g4h4 e6e7,1794,77,88,55,crushing endgame fork interference long,https://lichess.org/Oc7Xm6oq/black#56,
1brNG,1r3rk1/p2b1pnp/nq2p1p1/3pP1NP/2pN1PP1/b1B5/PPP1Q3/2KR1B1R w - - 3 18,h5g6 a3b2 c3b2 b6b2 c1d2 b2d4,1698,75,95,13319,crushing interference long middlegame queensideAttack,https://lichess.org/QzdzHHM9#35,Sicilian_Defense Sicilian_Defense_McDonnell_Attack
1c4tf,2k2r2/pppqp1bR/2n3p1/3pP1N1/3P2n1/P1N3Q1/1PPB1r2/2KR4 b - - 3 17,g7h6 e5e6 d7d6 g3g4,1825,75,93,2862,advantage interference master middlegame short,https://lichess.org/MHVvhxVO/black#34,Dutch_Defense Dutch_Defense_Janzen-Korchnoi_Gambit
1cu33,3R4/p1p2p1k/2q3pr/2p1P3/5P2/1P1Q2Pp/P6P/5K2 w - - 1 38,d3d2 c6h1 f1e2 h1h2,1669,76,90,2818,crushing endgame interference short,https://lichess.org/QGgn4fRv#75,
1dMKn,3rr1k1/1ppq1p1p/p4Qp1/4p3/3n4/P2P3P/BPP2P1K/4R1R1 b - - 0 25,d4c2 g1g6 h7g6 f6g6 g8f8 g6h6 f8e7 e1e5,1777,75,96,1826,crushing interference kingsideAttack middlegame pin sacrifice veryLong,https://lichess.org/okwvlR6v/black#50,
1gsnw,4rk2/pp3rbQ/3p4/n3q3/4N3/4P3/PP2K3/5R1R b - - 3 24,e5e4 f1f7 f8f7 h1f1 f7e6 h7e4,1622,79,94,873,attraction crushing exposedKing interference long middlegame pin,https://lichess.org/5qNzAzps/black#48,
1hcaG,8/1kN2ppp/1n2p1b1/3pP3/8/4Q3/Pq3PPP/2R3K1 w - - 1 31,a2a4 b6c4 e3f4 b7c7,1818,77,92,2878,advantage endgame interference short,https://lichess.org/cpognMCz#61,
1hpQo,3rr1k1/ppp2p2/7R/4n3/3P1N2/4PqPK/P1Q5/8 b - - 5 28,g8g7 c2h7 g7f8 h7h8 f8e7 h8e5 e7d7 e5f5,1848,75,88,97,crushing interference middlegame veryLong,https://lichess.org/5k3yMaBk/black#56,
1iCEp,7k/pR4R1/2p4p/2P1K2q/1P2p3/P3P3/6P1/8 w - - 5 39,e5d6 h5d5 d6c7 h8g7,1804,77,95,14408,advantage endgame interference master queenRookEndgame short,https://lichess.org/5DuIflkB#77,
1kgW0,8/8/5k2/8/4B1n1/2N4q/PP4R1/6K1 w - - 4 36,a2a4 h3e3 g1f1 e3c1 f1e2 c1b2,1688,78,50,202,crushing endgame exposedKing interference long,https://lichess.org/K8Nkj9Xx#71,
1n1wc,r4rk1/p1q1bppp/4p1n1/2p5/2P5/5PN1/PBQ2P1P/3RR1K1 b - - 0 18,g6f4 b2e5 c7c6 e5f4,1734,75,94,5980,crushing interference middlegame short,https://lichess.org/KMc34eNI/black#36,Queens_Pawn_Game Queens_Pawn_Game_Krause_Variation
1nySK,rn5r/pp2q1k1/2pbB1p1/7p/3P2Q1/2P5/PP3PP1/R1B2K1R w - - 0 19,g4h3 h8e8 g2g4 e7e6,1642,74,89,267,advantage interference master masterVsMaster middlegame quietMove short,https://lichess.org/LmkCPVGZ#37,Caro-Kann_Defense Caro-Kann_Defense_Classical_Variation
1p57M,2r2rk1/1pp1bpp1/8/pN1qp3/8/P6P/1P1BQ2P/2R2RK1 w - - 0 19,b5c7 e7c5 d2e3 c8c7 e3c5 c7c5,1676,78,89,323,advantage interference intermezzo long middlegame,https://lichess.org/BKruCdYr#37,
1p8yF,2r3k1/R4ppp/4p3/2rnn3/8/P3P1P1/2P1KP1P/2Q3R1 w - - 3 26,c1b1 d5c3 e2f1 c3b1,1742,291,0,2,crushing fork interference middlegame short,https://lichess.org/or9VeeZb#51,
1pkSN,8/5pp1/3p3k/p2r4/6q1/8/P4PPK/1Q3R2 b - - 3 36,h6h5 b1h7 h5g5 h7g7,1758,75,93,3844,crushing endgame interference short,https://lichess.org/1octNpV9/black#72,
1rjD5,2r3rk/pp3pqp/4p3/3PnP2/3QNN2/1P5P/P7/5R1K b - - 4 31,c8c2 f5f6 g7f8 d4e5,1861,75,86,78,advantage interference master middlegame short,https://lichess.org/jVRGwsCm/black#62,
1sBZG,1r3rk1/pp4p1/2n1p2p/1BbN2q1/8/1Q2P3/PP3PPP/3RK2R w K - 0 16,d5f4 c5b4 e1f1 g5b5,1671,78,94,3447,advantage discoveredAttack interference middlegame short,https://lichess.org/CcKa5FZI#31,Queens_Gambit_Declined Queens_Gambit_Declined_Ragozin_Defense
1teFW,7k/4Q2p/p1p3p1/5K2/6P1/1P2R3/P6q/8 w - - 0 45,f5f6 h2f4 f6e6 f4e3 e6d6 e3e7,1785,75,96,2426,crushing endgame interference long,https://lichess.org/PwHnHuf9#89,
1u4Bn,r2k3r/pp3ppp/8/B2pP3/Q1n2P2/2P5/Pq4PP/1N3RK1 b - - 9 20,b7b6 a4c6 a8c8 c6d5 d8c7 d5c4,1833,79,87,291,advantage exposedKing interference long middlegame,https://lichess.org/TOnF8YFu/black#40,
1v2GO,3q1rk1/3nRp1p/Q2B1bp1/p7/3P4/2P2N1P/1r3PP1/R5K1 w - - 1 22,e7e1 b2b6 a6a5 b6d6,1685,76,79,268,advantage interference master middlegame short,https://lichess.org/Nol4BoFu#43,
1vWA4,r3k1r1/3p1p1R/p3p1p1/1p6/4b3/P1N2q2/BPP5/1K2Q3 b q - 3 30,e4f5 a2d5 f3f4 d5a8,1771,93,50,22,advantage interference middlegame pin short,https://lichess.org/fILFsLKS/black#60,
1wo0O,2kr1bnr/ppp3pp/2n5/4pq2/2Np2b1/3P2P1/PPPBNPBP/R2Q1RK1 b - - 1 10,g8f6 f2f3 g4h3 g3g4 f5e6 g2h3,1746,77,81,113,crushing interference long opening,https://lichess.org/yKM6yun1/black#20,Hungarian_Opening Hungarian_Opening_Other_variations
1wyD4,4r2k/pp5p/2p2r2/2P2P2/8/3P4/P5K1/1R3R2 w - - 0 31,b1b7 e8g8 g2f2 f6f5 f2e2 g8e8 e2d2 f5f1,1746,86,78,65,advantage deflection endgame exposedKing interference rookEndgame veryLong,https://lichess.org/Z5N4duds#61,
1x38K,8/p2q3p/2b1Np1k/2P3p1/2Q5/4PP1P/6PK/8 w - - 2 40,h3h4 c6d5 c4d4 d7e6,1653,76,96,10172,advantage endgame interference short,https://lichess.org/ALQIEOrZ#79,
1zEJs,r7/pp1k2qp/n1p5/3p4/5Q2/6P1/P1P2PKP/4R3 b - - 5 25,a8e8 f4f5 d7d8 e1e8 d8e8 f5c8 e8f7 c8b7,1620,76,79,109,advantage attraction endgame interference veryLong,https://lichess.org/47niWXbW/black#50,
1zHgy,2r2rk1/3qb2p/1np1p1p1/p2p2N1/3Q4/1P6/PB3PPP/2R2RK1 b - - 1 21,e7g5 d4h8 g8f7 h8h7 f7e8 h7g6 d7f7 g6g5,1809,76,85,101,advantage deflection fork interference middlegame veryLong,https://lichess.org/kJ7WbXaF/black#42,
1zUt7,3r1rk1/pp3ppp/1qp2n2/4B3/2P5/Pn3P2/1PQ1BPPP/R4RK1 w - - 1 17,a1b1 d8d2 c2c3 d2e2,1785,79,95,19446,advantage interference middlegame short,https://lichess.org/fd0s8Wdo#33,Old_Indian_Defense Old_Indian_Defense_Czech_Variation
1zaqK,N6r/pp1k2p1/3p3p/4p1qP/3pP3/3P4/PPP2Pn1/R2QK1R1 w Q - 0 18,e1f1 g2e3 f1e2 g5h5 e2d2 e3d1,1824,76,94,11994,crushing interference long middlegame,https://lichess.org/jgAEi5Id#35,Four_Knights_Game Four_Knights_Game_Italian_Variation
1zbIv,1r5k/6p1/p7/4Pp2/5P2/2P1q1Pp/P2R3P/3K1Q2 w - - 8 42,f1d3 e3g1 d1e2 g1h2 e2f3 h2h1,1771,76,93,369,crushing endgame exposedKing interference long,https://lichess.org/0tGr07Xu#83,
20JEL,3r1kr1/2p2p1p/p2b4/2p4q/4Q3/N1P3P1/PP5P/R3R1K1 b - - 0 22,d6g3 e4e7 f8g7 h2g3 d8d2 e7e5 h5e5 e1e5,1795,93,73,25,advantage fork interference intermezzo middlegame veryLong,https://lichess.org/kWZ8g5gI/black#44,
20cet,r4rk1/1q2bppp/p3p3/1p1p4/3Nb1n1/2R3B1/PPP1NPPP/R2Q2K1 b - - 1 20,e4g6 c3c7 b7b6 c7e7,1898,77,86,49,advantage interference middlegame short,https://lichess.org/GF4sd6pR/black#40,
23Zk0,6k1/1pR5/1p2pr2/4p3/1P2r1P1/P1P5/8/6RK w - - 0 32,c7b7 f6h6 h1g2 e4g4 g2f2 h6f6 f2e3 g4g1,1865,75,87,487,crushing deflection endgame exposedKing interference rookEndgame veryLong,https://lichess.org/9oLIB5cz#63,
241Vi,8/8/3k1K2/2p5/P1R5/5P2/3r4/8 w - - 3 53,f3f4 d2d4 c4c3 d4f4 f6g5 f4a4,1640,75,84,139,advantage endgame interference long rookEndgame,https://lichess.org/V71pNdjZ#105,
251gh,r3k2r/8/pqp1p1pp/3pP3/2pP4/2P1P1R1/PP1N3K/1Q6 b kq - 0 25,g6g5 b1g6 e8d8 g6f6 d8c7 f6g7 c7b8 g7h8,1792,75,95,14711,crushing endgame exposedKing fork interference veryLong,https://lichess.org/ZsVnKrao/black#50,
251om,r4r2/1p1b2k1/pn2p1B1/3pqnQ1/8/P1N5/1P3PP1/R4K1R b - - 5 22,e5f6 h1h7 g7g8 g6f7 g8h7 g5f6,1691,79,84,123,crushing discoveredCheck doubleCheck exposedKing interference long middlegame,https://lichess.org/xseoDFNS/black#44,
25UJQ,2k3r1/p1q2p1p/2p1b2B/2p1P1p1/2n1N3/6Q1/PP4PP/3R2K1 b - - 0 23,c4e5 e4d6 c8b8 g3e5,1684,92,86,88,crushing interference intermezzo middlegame short,https://lichess.org/JPoILBJp/black#46,
2787K,4rk2/1b3rpQ/p7/1pq5/2p1N2R/P3p3/1PP3PP/R5K1 b - - 1 28,b7e4 h7h8 f8e7 h4e4 e7d6 h8e8 e3e2 e4e3,1749,78,88,229,crushing deflection interference intermezzo middlegame veryLong,https://lichess.org/Poa9QRNW/black#56,
27N6H,3r4/1pk3pp/p4p2/4nb2/8/1B1p1P1P/PPP2BP1/2KR4 b - - 0 22,d3c2 f2b6 c7b6 d1d8 e5d3 c1c2,1876,75,95,7672,crushing deflection endgame interference long,https://lichess.org/hOJzma4F/black#44,
29asn,r1r4k/6pp/4Q3/3p4/8/7P/qBP2PP1/2KR3R w - - 1 30,e6d5 c8c2 c1c2 a8c8 c2d3 a2d5,1801,77,96,4240,advantage attraction interference long master middlegame sacrifice,https://lichess.org/yDFE6ypq#59,
2B9f3,6k1/3bpp1p/p2p2p1/1p1Bq3/1P2P3/2r2P2/P2Q2PP/3R3K b - - 2 23,g8g7 f3f4 e5f6 e4e5 d6e5 d2c3,1665,75,70,93,advantage endgame interference long,https://lichess.org/67hxtI1Y/black#46,
2D2AC,6r1/ppp2R2/3k4/3Pp1B1/P1q5/2N3Pb/1P5P/3RK3 b - - 0 32,g8g5 c3b5 d6c5 f7c7 c5b4 c7c4,1651,75,90,215,advantage deflection endgame interference long skewer,https://lichess.org/M2v77p1T/black#64,
2Ecei,1k5r/ppR1Np2/5p2/8/8/P3K2r/1P6/2R5 w - - 5 37,e3d4 h8h4 d4c5 b8c7,1849,75,93,444,advantage endgame interference master short,https://lichess.org/pIyEi0Wu#73,
2EiG4,r7/7p/p3Q2r/3Ppk2/8/1P4Pq/5P1P/5RK1 b - - 2 32,f5g5 f2f4 e5f4 g3f4 g5h5 e6h3,1824,75,95,7519,crushing endgame interference long,https://lichess.org/MWiManqo/black#64,
2Ex3z,7k/4r1n1/2ppP1Qp/p1p1p1br/2P1P3/PPN3R1/2K2P2/8 w - - 5 35,c3e2 e7e6 g6f7 e6f6 f7d7 f6f2,1844,75,89,478,crushing interference long middlegame pin,https://lichess.org/RkXowJCH#69,
2FIdX,5rk1/p2R1p1p/2p2Qp1/6n1/2PNp3/1P2P1PP/P4P1K/4q3 w - - 7 30,h3h4 g5f3 d4f3 e1f2 h2h3 e4f3,1844,75,94,3864,advantage endgame interference long sacrifice,https://lichess.org/WsoWY4Z7#59,
2G0jG,6k1/p2qr2N/2pb2b1/3p1r1N/2p1p1Q1/2P3R1/P5P1/R5K1 b - - 0 30,e7h7 g4g6 g8f8 g6g8 f8e7 g8h7,1810,76,95,7854,advantage exposedKing hangingPiece interference long middlegame,https://lichess.org/4nO9X4Aa/black#60,
2I0n0,2r2r2/pp2p1kp/1q1p2p1/2nP4/4P1P1/P2p1B2/1P1Q1P2/2R1K2R b K - 1 21,c5b3 d2h6 g7f7 h6h7 f7e8 c1c8 e8d7 c8f8,1801,75,94,18137,crushing deflection interference middlegame skewer veryLong,https://lichess.org/qOQofLYd/black#42,
2IPLK,2kr2r1/pp3p1p/4bp2/3p4/3q4/6Q1/PP3PPP/2R2RK1 b - - 3 18,c8d7 c1c7 d7e8 g3g8,1869,78,34,112,interference mate mateIn2 middlegame short,https://lichess.org/MDSvejeu/black#36,French_Defense French_Defense_Knight_Variation
2IrWq,3r4/8/2k5/N6p/PR4p1/7P/2r2PP1/3q1RK1 b - - 1 34,c6c5 b4b5 c5d6 f1d1,1807,71,96,19853,crushing endgame interference short,https://lichess.org/47uqljok/black#68,
2JItE,8/8/p2R1b2/3p1k2/P4P2/3pPK2/5P2/2n5 b - - 1 44,d5d4 e3e4 f5g6 e4e5 d3d2 d6d4 f6e7 d4d2,1852,74,84,289,crushing endgame interference veryLong,https://lichess.org/YTWSkUpK/black#88,
2KYZC,r4k1r/pp4bp/1q1pQnp1/8/5P2/2N5/PP4PP/R1B2R1K w - - 1 16,f1e1 a8e8 c1e3 e8e6 e3b6 e6e1 a1e1 a7b6,1663,74,89,281,advantage interference middlegame veryLong,https://lichess.org/WkzKOQpY#31,Sicilian_Defense Sicilian_Defense_Smith-Morra_Gambit
2MIm7,2rr2k1/p4pp1/1p6/8/3Pp1Qp/4P2P/PP1KBqP1/R6R w - - 4 22,a1c1 d8d4 e3d4 f2d4 d2e1 c8c1,1642,78,93,587,crushing deflection interference long middlegame sacrifice xRayAttack,https://lichess.org/SpM94Jtg#43,
2NETN,1r3rk1/pppq2p1/2n2n1p/8/1PPp4/P4B2/5PPP/RNQ1R1K1 b - - 0 20,f6g4 f3d5 g8h8 d5e6 d7d6 e6g4,1771,77,95,10563,advantage interference long middlegame,https://lichess.org/jEE6IaBw/black#40,
2NGL2,2r3k1/1p1q1pp1/p4n1p/3P1b2/P6P/1Q2B1P1/1P3PB1/3R2K1 w - - 1 27,d5d6 f5c2 b3b7 c2d1 b7d7 f6d7,1898,74,82,85,advantage fork interference long middlegame,https://lichess.org/3HUTuK1S#53,
2NeP9,2r3k1/1p5p/4p1pP/r2qBpQ1/p1nPp3/P1P3P1/1P3P2/2KR3R b - - 5 25,d5d7 g5f6 c8f8 f6h8 g8f7 h8h7,1823,77,93,908,crushing deflection interference kingsideAttack long middlegame,https://lichess.org/vJdCeDW5/black#50,
2Nz1l,8/p4Bkp/1p6/1Pp3K1/P2b4/1P4P1/6r1/5R2 w - - 1 38,g3g4 h7h6 g5f4 g7f7,1855,78,76,70,advantage endgame interference short,https://lichess.org/SByXbXVa#75,
2OZgq,r2q2k1/P4pp1/2Q1b2p/8/2p5/4P1NP/6PK/R7 w - - 2 40,g3e4 e6d5 c6d6 d5e4 d6d8 a8d8,1622,77,94,4851,crushing endgame interference long,https://lichess.org/RGPNEyjm#79,
2OZq9,3r2k1/1p3p1p/p3p1p1/q3b3/8/1P2B1PP/P1R1QP2/6K1 b - - 2 26,g8g7 c2c5 a5b6 c5e5,1658,75,94,656,crushing endgame interference master short,https://lichess.org/YRIdlxsv/black#52,
2PmYV,1q4kr/p3Qpp1/6b1/P2B2Kp/2P5/3P1P2/6P1/8 b - - 1 37,g6d3 e7f7 g8h7 f7h5,1666,78,96,9752,endgame interference mate mateIn2 short,https://lichess.org/PzHZdTZe/black#74,
2Q4Hf,r4r1k/pp4p1/2pp1qBp/8/2PP2bb/6N1/PPQ2PpP/R3R1K1 b - - 1 21,f6d4 e1e4 d4c5 e4g4,1681,73,96,24457,advantage interference middlegame short,https://lichess.org/NCLaQRDH/black#42,
2QEir,8/pp1k1p1p/2n3p1/3p1qn1/3P4/N1P1RP2/PP5Q/5K2 w - - 0 31,a3b5 f5b1 f1f2 b1b2 e3e2 b2b5,1773,78,94,1147,advantage endgame exposedKing fork interference long,https://lichess.org/J1yMCQCG#61,
2Qgs1,3R4/6kp/P2p3r/2p2p2/3r2P1/1P2nBK1/R6P/8 w - - 0 41,g4g5 f5f4 g3f2 h6h2 f2e1 h2a2,1690,75,84,253,crushing deflection endgame exposedKing interference long skewer,https://lichess.org/zJfYVwQT#81,
2Qqbf,1r2kb2/2Qn1r2/p7/1p2p1P1/3pP2P/qP1N4/P1PP1P2/R3K2R w KQ - 0 22,d3e5 f8d6 c7c6 d6e5,1754,75,96,7460,crushing interference middlegame short,https://lichess.org/qeU3O8oi#43,
2TW3r,3k3r/pp1n2p1/8/2bPq2p/4N3/4KP2/PP2Q2P/R6R w - - 3 24,e3d2 e5b2 d2e1 b2a1,1706,76,86,195,crushing interference middlegame short,https://lichess.org/W9QFs1xN#47,
2TXtu,2r1r1k1/1p2pp1p/pq1p2p1/2nPn3/2PN4/1P4P1/PR1Q1PBP/5RK1 w - - 3 19,h2h3 c5d3 b2c2 b6d4,1665,77,84,148,crushing discoveredAttack interference master middlegame short,https://lichess.org/3fOrIfN0#37,English_Opening English_Opening_Symmetrical_Variation
2VLDk,2r1r3/ppq1k1bp/2np1ppn/3Qp3/2B5/2P1B3/PP3PPP/RN2K2R b KQ - 3 17,e7f8 e3h6 g7h6 d5g8 f8e7 g8h7,1866,77,92,1371,crushing exposedKing interference long middlegame,https://lichess.org/f9oRtD0S/black#34,Sicilian_Defense Sicilian_Defense_French_Variation
2VLxn,5kr1/2p2p2/P2b3p/4q3/5p2/3P1B2/PP2KP2/R2QR3 w - - 1 30,e2d2 e5b2 d1c2 d6b4 d2d1 b2a1,1812,78,85,53,advantage interference long middlegame pin,https://lichess.org/3ZTHHB9x#59,
2VoPI,6k1/1pr1ppbp/3p1np1/q2P4/N2BP3/1P6/5PPP/3Q1RK1 b - - 0 22,f6e4 d4b6 a5b4 b6c7,1604,78,94,2782,advantage fork interference master middlegame short,https://lichess.org/7XXJaL9M/black#44,
2X6Ta,r3k1r1/1p6/2p5/3pqp1Q/1B6/P1P1P3/3n2PP/5RK1 b q - 0 26,e8d7 h5f7 d7c8 f7g8 c8c7 g8a8 e5e3 g1h1,1836,76,85,78,advantage interference middlegame skewer veryLong,https://lichess.org/eOS2tqbF/black#52,
2XEOV,r1B1k3/2q2p2/pb3Qp1/1p2p1P1/4P2r/8/PPP5/1K1R3R b q - 0 26,h4h1 d1h1 a8c8 h1h8 e8d7 f6f7,1727,74,93,1832,crushing deflection interference long middlegame,https://lichess.org/oQVJEpix/black#52,
2XV0y,6k1/p4q2/2p5/Qp2B1p1/3pP1K1/1P3r2/P6P/8 b - - 1 33,d4d3 a5d8 f7f8 d8g5 g8f7 g4f3,1633,76,92,266,crushing endgame exposedKing interference long,https://lichess.org/4nYvu0Rj/black#66,
2YWyX,8/3r1kp1/5p1p/2R1pK1P/6P1/5P2/8/8 b - - 12 67,f7g8 f5g6 g8f8 c5c8 f8e7 g6g7,1602,75,89,854,crushing deflection endgame interference long rookEndgame,https://lichess.org/SMpOWUsv/black#134,
2Yr1o,6k1/pr1bPp1p/6p1/8/5P2/8/PP4PP/2R3K1 b - - 0 25,b7b8 c1d1 d7e8 d1d8 b8b7 d8e8,1864,74,83,105,advantage endgame interference long,https://lichess.org/uT7Wlji8/black#50,
2Z5R5,5r1k/pp4rp/q7/3Q1p2/1b1p1N2/1P1PP1PP/P1K2P2/R6R w - - 0 27,d5d4 f8c8 c2d1 b4c3 d4d5 c3a1,1697,76,93,5424,advantage fork interference long middlegame,https://lichess.org/db068QpL#53,
2bV3w,r2br1k1/p4p2/1q6/n1pnpBPQ/8/P1PP4/1P3PP1/R3K2R b KQ - 0 24,g8f8 h5h8 f8e7 h8e5 b6e6 f5e6,1796,75,88,127,crushing fork interference long middlegame,https://lichess.org/LevRBOlp/black#48,
2d1fj,8/6p1/3pB1R1/1K3P2/1p1r4/1Pb4k/8/8 b - - 15 61,d4f4 f5f6 h3h4 f6g7 c3g7 g6g7,1655,75,88,497,advancedPawn crushing discoveredAttack discoveredCheck endgame interference long,https://lichess.org/oSqd5Hhy/black#122,
2e9cn,6kr/p4p1p/1p3p1Q/3r4/8/P7/1qP1nPPP/3RR2K b - - 3 24,d5d1 e1d1 e2d4 h6f6,1894,101,82,55,advantage endgame interference short,https://lichess.org/bZcNv2Hk/black#48,
2eSWK,r5r1/p2pkp1p/1p2pp2/q7/2P5/1P2PQ2/5PPP/2RR2K1 b - - 2 18,a5b4 d1d7 e7d7 f3b7 d7e8 b7a8,1846,75,93,824,attraction crushing endgame interference long sacrifice,https://lichess.org/WaVB9dxU/black#36,Nimzo-Indian_Defense Nimzo-Indian_Defense_Three_Knights_Variation
2h0In,2b4r/ppp3kP/7R/2p2pr1/2P5/3B4/PP1K3R/8 b - - 15 42,g5g2 h2g2 g7h6 g2g8 h8h7 g8c8,1833,280,0,2,advantage endgame interference long,https://lichess.org/i3lxNBb1/black#84,
2iMaK,5k2/r4rp1/pR5p/2pp1b1B/4p3/1P6/1PP5/2K3R1 b - - 1 28,f7f6 b6b8 f8e7 g1g7 e7d6 g7a7,1790,153,85,10,crushing deflection endgame interference long skewer,https://lichess.org/5iMHBTbE/black#56,
2iUhF,2rq1rk1/1b4bp/1p4p1/p4p2/P1Np4/1PpP2Q1/2P2PPP/1R2RBK1 w - - 2 22,c4d6 f5f4 g3h3 d8d6 h3e6 d6e6,1708,74,94,6494,crushing interference long master middlegame,https://lichess.org/PiPeYdeD#43,
2jD4q,r1b1k1nr/ppp2Npp/8/2bp4/2B1P3/2N5/PPQP1qPP/R1BK3R w kq - 0 9,h1f1 c8g4 c3e2 f2f1,1695,74,95,3991,interference mate mateIn2 opening short,https://lichess.org/DjIt0klC#17,Three_Knights_Opening Three_Knights_Opening_Other_variations
2jJxp,r1b5/4p1k1/7p/p1pP4/5q2/1P1BnP2/P2Q2P1/R3K2R w KQ - 2 22,e1f2 e3g4 f2e2 f4e5 e2f1 e5a1,1785,75,87,231,advantage interference long middlegame pin,https://lichess.org/iKqthnJC#43,
2k93D,rnbqkb1r/5ppp/p4n2/1Np1p3/8/1BN1B3/PPP2PPP/R2QK2R b KQkq - 0 10,a6b5 b3f7 e8e7 e3c5 e7f7 d1d8,1602,77,93,2471,advantage attackingF2F7 deflection interference long opening,https://lichess.org/NEUOSamO/black#20,Philidor_Defense Philidor_Defense_Exchange_Variation
2lS4o,r5k1/p1q3p1/4p1P1/1pp1N1R1/3P4/8/PPPK3Q/5r1b b - - 2 25,a7a6 h2h7 g8f8 h7h8 f8e7 h8g7,1681,75,87,261,crushing deflection interference long middlegame,https://lichess.org/SBPKjDrv/black#50,
2lywI,r4r1k/ppq3p1/2p2p1p/b7/P1NP1n2/BQ3B1P/5PP1/3R3K b - - 2 25,f8b8 a3d6 c7d8 d6f4,1829,77,93,1054,crushing interference middlegame short,https://lichess.org/IAkfJ5Tp/black#50,
2msph,3r2k1/p4pp1/1p6/2p5/2P2NQ1/q4PP1/P2K4/R6R w - - 6 35,d2e2 a3b2 e2f1 b2a1 f1f2 a1h1,1708,78,93,1574,advantage endgame interference long skewer,https://lichess.org/cp2Xzumj#69,
2mw3g,3q1r1k/p2b2bp/3Q1n2/2pB1p2/1r6/2N3PP/PPPB4/1R3R1K w - - 3 24,d5g2 b4d4 d6c5 d4d2,1731,77,87,66,advantage interference middlegame short,https://lichess.org/EX5vmn5m#47,
2oGg0,7k/8/2p1b2P/pp1p1BR1/3P1q2/PPP5/8/6RK w - - 1 38,f5e6 f4h4 h1g2 h4g5,1700,76,93,1144,advantage endgame interference short,https://lichess.org/gndSTKQO#75,
2oWLs,2r2k1r/p3qpp1/1pn4p/2ppPR2/3P2Q1/P1P1B3/4K1PP/R7 b - - 0 19,e7e6 f5f7 f8f7 a1f1 f7e7 g4g7 e7e8 g7h8,1664,74,95,9292,attraction crushing deflection interference middlegame sacrifice veryLong,https://lichess.org/iEoAEUGo/black#38,French_Defense French_Defense_MacCutcheon_Variation
2owf4,8/5k2/1rp2p2/5P2/4K3/1P4R1/7P/8 w - - 2 42,h2h4 b6b4 e4f3 b4b3 f3e2 b3g3,1631,77,84,86,crushing deflection endgame interference long rookEndgame skewer,https://lichess.org/ttEOB0yi#83,
2pfys,4kb1r/Qb3qpp/p6n/1p2p1r1/4P3/2N5/PPP2PPP/3R1RK1 b k - 1 20,f8b4 a7b8 e8e7 b8b7,1737,74,87,365,crushing interference middlegame short,https://lichess.org/jvKxxfQB/black#40,
2q1Fw,r4rk1/5ppp/1p1bp3/p2p4/Pn1P4/1Nq1BP1P/4BP2/R2QK2R w KQ - 0 20,e3d2 b4c2 e1f1 c3b3,1799,77,93,1198,advantage fork interference middlegame short,https://lichess.org/NZ3f517l#39,
2qTYH,k7/6R1/3r3p/PK4pP/8/8/8/8 b - - 18 45,d6f6 g7g6 f6f7 g6h6,1803,75,94,2891,crushing endgame interference rookEndgame short,https://lichess.org/3VpqiH07/black#90,
2qvg6,rnb2rk1/pp3ppp/1q2pn2/3p4/2PN4/1N4P1/PP2PPBP/R2QK2R w KQ - 3 10,e1g1 d5c4 b3d2 b6d4,1688,94,25,35,crushing interference opening short,https://lichess.org/9nU3u6hc#19,Queens_Gambit_Declined Queens_Gambit_Declined_Tarrasch_Defense
2rjWp,1n1r2k1/3r1ppp/p2b2b1/4p1q1/3N4/1P2PQPP/PB3PB1/R4RK1 w - - 0 19,d4c6 e5e4 f3e2 b8c6,1746,75,88,1667,advantage interference middlegame short,https://lichess.org/G69CaBkl#37,Queens_Gambit_Declined Queens_Gambit_Declined_Marshall_Defense
2smEj,3qrrk1/pp3pp1/2p5/3pN3/P2Pn1Qp/2P4P/1P3PP1/2R1R1K1 w - - 3 25,e5d7 f7f5 g4h5 d8d7,1823,75,93,1898,crushing interference middlegame short,https://lichess.org/IhXN2kCL#49,
2togW,r2q4/1pp1n3/p2k2p1/3Pp1QR/3nN3/5r2/PPP5/2K3R1 b - - 2 22,d6d5 g5e5 d5c6 e5c5 c6d7 c5d4,1819,75,90,360,advantage interference long middlegame,https://lichess.org/P4ddYs8d/black#44,
2uDwr,r1Nk3r/pp3ppp/4p3/3pn3/3N3q/8/PPP3PP/R2QKB1R w KQ - 1 14,e1e2 h4e4 e2d2 e4d4,1686,76,91,1260,advantage interference middlegame short,https://lichess.org/Apnt2loQ#27,French_Defense French_Defense_Classical_Variation
2ubEq,4r3/ppp3kR/5pB1/3p2p1/3P4/2P1q1b1/PP4P1/1Q3K2 b - - 5 30,g7g8 g6f7 g8f8 h7h8 f8f7 b1h7 f7e6 h8e8,1816,74,96,4018,crushing deflection endgame exposedKing fork interference sacrifice veryLong,https://lichess.org/458gLWjM/black#60,
2ulpT,6R1/Qp1k4/2p1p2r/5p1p/2KP4/2P1P3/P3qP1P/8 w - - 7 34,c4b4 e2b2 b4a4 b2a2,1866,75,89,868,crushing endgame interference short,https://lichess.org/FFD25OdU#67,
2w8R5,r1b2bnr/pp2kBp1/2p5/4q3/8/2NQB3/PPP3PP/R4RK1 w - - 3 16,a1e1 e5h2 g1f2 e7f7 f1h1 h2h1 e1h1 h8h1,1852,119,68,17,advantage interference kingsideAttack middlegame veryLong,https://lichess.org/5SCRrCwA#31,Philidor_Defense Philidor_Defense_Other_variations
2wlE6,3q1rk1/R3pp1p/5bp1/1r1b4/Q7/4PB2/3N1PPP/5RK1 b - - 1 23,b5b8 a7d7 d8e8 f3d5,1831,72,94,12958,advantage interference master middlegame short,https://lichess.org/Hnz2TTNV/black#46,
2xA2u,r6r/1ppkq1Q1/3p3P/p1bB4/5P2/6P1/PPP5/2KR4 b - - 6 34,c7c6 d5e6 d7d8 g7h8,1752,120,0,18,crushing interference middlegame pin short,https://lichess.org/kkFcci2m/black#68,
2xrdt,4r1k1/1pp2p2/3p1Np1/p5Q1/2P1q1P1/P4nPK/1P5P/5B2 b - - 5 29,g8f8 g5h6 f8e7 f6e4,1836,89,60,36,advantage endgame interference short,https://lichess.org/ndF54FLA/black#58,
2yz3r,3r1rk1/1p2bppp/6n1/3N4/5N2/6QP/qPP3P1/2KR3R w - - 0 24,f4g6 a2a1 c1d2 d8d5 d2e2 a1a6,1856,76,78,63,crushing interference long middlegame queensideAttack,https://lichess.org/c23kl3vi#47,
2zMWl,6r1/1pp5/1b5k/p2P4/1P1p1Q2/P2P3P/7K/6r1 b - - 21 60,h6h7 f4h4 h7g6 h2g1,1854,75,96,1200,advantage endgame interference short,https://lichess.org/yxMjTfTf/black#120,
30JTb,r1r3k1/5pb1/1p2p1qp/1N1p2p1/5P2/P3Q3/1P4PP/2R2RK1 b - - 0 21,c8c2 f4f5 e6f5 c1c2,1717,74,97,2185,advantage interference middlegame short,https://lichess.org/Vy7Q4Qes/black#42,
34qOe,8/p5pk/p6p/4P3/2p3P1/2P1QK1P/1P3R2/5r1q w - - 5 50,f3f4 h1h2 f4f3 h2h3,1815,74,83,267,crushing endgame interference master pin short,https://lichess.org/X4VBFXuO#99,
35PJn,r3r3/pp2kp2/4p1p1/3p4/5QP1/2P4R/Pq3P1P/2R3K1 b - - 2 31,e8h8 f4c7 e7f8 h3h8,1616,74,88,1567,crushing endgame interference short,https://lichess.org/OijCZnA6/black#62,
35yCr,3k1b1r/p4ppp/5n2/2p5/3p1Pb1/N7/PP1P1QPP/R1Bq1K1R w - - 2 17,f2e1 g4e2 f1f2 f6e4 f2g1 d1e1,1613,76,94,10604,deflection interference long mate mateIn3 middlegame,https://lichess.org/8LzRMwUr#33,Sicilian_Defense Sicilian_Defense_Closed
36CAC,3rk2r/pp2nppp/2n1q3/6B1/Q4b2/2N5/PP3PPP/R4RK1 w k - 0 14,g5f4 d8d4 a4b5 d4f4,1607,76,93,3254,advantage interference middlegame short,https://lichess.org/W29FePD0#27,Sicilian_Defense Sicilian_Defense_Alapin_Variation
36Gj7,2k1r3/ppp2q2/2n3Rp/3p1p1P/P2P1P2/2PBr2P/2PQ3K/6R1 w - - 6 30,g6g8 e3h3 h2h3 f7h5 h3g2 e8g8,1828,76,91,211,attraction crushing interference long master middlegame sacrifice,https://lichess.org/VyxlIehW#59,
36k33,3qkr2/3pbpQp/r7/p7/Pp1pPP2/1P2RN2/2P3PP/5RK1 w - - 0 21,f3d4 e7f6 g7h6 f6d4 h6a6 d4e3,1702,76,91,2011,advantage interference long middlegame pin,https://lichess.org/hQrHgw64#41,
37o68,rn3rk1/p4ppp/3Q4/1p1n3q/4N1bb/3B4/PP3PPP/R1B1R1K1 b - - 0 19,f8d8 e4f6 g7f6 d6d8,1685,75,86,483,crushing interference kingsideAttack middlegame short,https://lichess.org/pSQW2vqM/black#38,Kings_Pawn_Game Kings_Pawn_Game_McConnell_Defense
3802h,5rk1/5ppp/p2Ppbb1/4N3/QP3PP1/P7/5qBP/3R3K w - - 3 31,e5d7 g6c2 a4a6 c2d1,1828,91,64,35,advantage fork interference middlegame short,https://lichess.org/aEQWlTLt#61,
3932c,r1b1k1nr/pp3ppp/2p5/8/2RqP3/3P2P1/P2B3P/3QKB1R b Kkq - 1 15,d4b2 d2c3 b2b6 c3g7,1664,74,90,452,crushing interference middlegame short,https://lichess.org/9DClhYA6/black#30,Kings_Gambit_Declined Kings_Gambit_Declined_Falkbeer_Countergambit
39iES,2k2r2/pp1n4/1qp1p2Q/3pP3/6PP/b1P3B1/P1PK1P2/5R1R w - - 3 22,f1b1 f8f2 d2e1 b6b1 e1f2 b1h1,1875,78,95,2129,advantage interference long middlegame skewer,https://lichess.org/3H835h9l#43,
3Bbw4,5r1k/R5Rp/2p5/p3K2r/2P2P2/6P1/P7/8 w - - 5 48,e5d6 f8f6 d6c7 h8g7,1720,79,93,250,advantage endgame interference rookEndgame short,https://lichess.org/hSVTqZY3#95,
3CqJf,r1bk3r/1pp3p1/p2qBp2/8/3p2p1/8/PP3PP1/RNBQR1K1 w - - 2 19,e6g4 d6h2 g1f1 h2h1 f1e2 c8g4 f2f3 h1g2,1690,76,93,763,advantage interference kingsideAttack middlegame veryLong,https://lichess.org/uOIoUHz3#37,
3EBCi,2rnr1k1/ppp2ppp/4b3/3N4/4B3/P4P2/1PP3PP/1K1R3R w - - 5 23,d1d2 f7f5 e4d3 e6d5 d3f5 d5e6,1886,73,95,9463,crushing interference long middlegame,https://lichess.org/nLhksuJ6#45,
3FHTW,rn1q1rk1/p3bppp/b1p5/4P3/3Pp3/8/PPB2PPP/R1BQK1NR w KQ - 0 12,c2e4 e7b4 c1d2 d8d4,1694,75,89,89,advantage interference opening short,https://lichess.org/X2H4FpyQ#23,Danish_Gambit Danish_Gambit_Other_variations
3HchK,5r2/p5p1/4k1Q1/q3np2/2p1R3/2P4P/P5P1/7K b - - 1 38,f8f6 g6e8 e6d6 e4d4 d6c5 e8e5,1766,76,96,12888,crushing deflection endgame interference long,https://lichess.org/ibdA1uVs/black#76,
3IePC,k2r3r/pb1n3p/2Q5/3p2P1/1p1N4/1P3P2/q1P4P/2KR2NR w - - 2 25,c6b5 a2a1 c1d2 a1d4,1649,76,88,381,crushing interference middlegame queensideAttack short,https://lichess.org/q2sbUeI3#49,
3JRHM,r4r1k/ppq1b1pp/5p2/3BnN2/1P2p3/2P4Q/P3bPPP/R1BR2K1 w - - 4 24,d1e1 e2g4 h3g3 g4f5,1679,75,94,9939,crushing interference middlegame short,https://lichess.org/9eG9cwIq#47,
3LLcl,6k1/pp4bp/1q2p1p1/2pn1rB1/2Q5/2P5/PP3PPP/R4RK1 w - - 2 21,g5h4 f5f4 c4b3 f4h4,1728,75,78,78,advantage interference master middlegame short,https://lichess.org/uc90WGtV#41,
3LtN9,r2qkb1r/ppp2ppp/2bp4/4P3/3N1Pn1/8/PPP3PP/RNBQ1RK1 b kq - 0 9,c6d7 e5e6 f7e6 d1g4,1642,79,89,154,advantage interference master opening short,https://lichess.org/wzjSWqdw/black#18,Nimzowitsch_Defense Nimzowitsch_Defense_Mikenas_Variation
3NAC5,r1b2rk1/pp2b2p/4p3/2Pp1pp1/1q1Pn3/4PP1P/1BQNB1P1/R3K2R b KQ - 0 18,e4d2 b2c3 b4b3 c2d2,1891,76,88,1288,advantage interference intermezzo middlegame short,https://lichess.org/bq09Bzlb/black#36,Polish_Opening Polish_Opening_Other_variations
3NUgA,r6r/3bkp2/1q2pN2/2bpPP2/1p6/pP1P4/P3Q3/1K1N1R1R b - - 0 27,c5d4 f6d5 e6d5 f5f6 e7d8 h1h8,1827,78,91,244,advantage interference long middlegame sacrifice,https://lichess.org/kKyB0PVD/black#54,
3NYHD,3r2k1/1p1rbppp/8/3q4/Q4B2/7P/PP3PP1/R3R1K1 w - - 3 20,a1d1 d5d1 e1d1 d7d1 g1h2 d1d4 a4c2 d4f4,1816,75,84,228,advantage interference middlegame veryLong,https://lichess.org/Jm6VuZTy#39,
3Q5id,2r1rk2/6p1/p5p1/1p1Q4/1q1Pn3/4N3/PB3PK1/7R b - - 2 35,b4b2 h1h8 f8e7 d5e4,1694,78,94,6219,crushing interference master middlegame short,https://lichess.org/1aiDxTQy/black#70,
3R4ZF,1r3rk1/5pb1/R1p3pB/1p1pP3/1P1PqNp1/2P5/6KQ/R7 w - - 4 35,g2g3 e4f3 g3h4 g7h6,1715,75,93,481,crushing interference middlegame short,https://lichess.org/wSSWU3lD#69,
3RjEj,4r1k1/5pp1/4q3/2P5/1P3P2/5BPp/3RNK1P/3R4 w - - 3 33,d2d8 e6e3 f2e1 e3g1 e1d2 e8d8,1795,100,60,23,crushing endgame interference long master pin,https://lichess.org/m6tI7dpV#65,
3TNLa,6r1/2R2R2/4p2k/3p4/1n3P1K/3r2P1/8/6B1 b - - 11 54,d3g3 f7h7 h6g6 h4g3,1637,74,91,2025,crushing endgame interference master masterVsMaster short,https://lichess.org/VgbzpBlJ/black#108,
3TQLA,8/8/P3R3/3K4/8/3kp1P1/r7/8 w - - 2 53,g3g4 a2a5 d5c6 a5a6,1883,76,88,175,crushing endgame interference rookEndgame short,https://lichess.org/0yNJ1qRh#105,
3UGJt,8/3R2pk/2q4p/5p2/8/8/PQ4KP/3R4 w - - 1 39,g2f1 c6h1 f1f2 h1h2 f2f3 h2b2,1621,74,96,7791,advantage endgame exposedKing interference long skewer,https://lichess.org/dyEkgBAo#77,
3Ubox,2r4r/p2qbkpp/3ppp2/1R6/2n1PN2/5P1Q/P1P2B1P/3R2K1 b - - 0 23,d7b5 h3e6 f7e8 e6c8,1754,75,87,334,advantage interference master middlegame short,https://lichess.org/vBg6lMJY/black#46,
3Uzke,1R1bkr2/5pQp/4p1p1/3pP3/q1p5/7P/2nB1PP1/6K1 b - - 0 30,a4a7 b8d8 e8d8 g7f8 d8c7 f8f7,1662,76,97,851,advantage attraction deflection interference long middlegame,https://lichess.org/ZcQHdUgH/black#60,
3VhY0,1r6/1P3R2/3p4/B2r4/1P1P4/3K2p1/1P4k1/8 w - - 0 51,a5b6 d5b5 b6c7 b8b7,1779,76,55,68,advantage endgame interference short,https://lichess.org/WB2RnIL7#101,
3ViVg,4R3/1p4pk/2pp2rp/7r/5Pq1/P1P3P1/1P3QKP/7R w - - 7 28,f2c2 h5h2 h1h2 g4g3 g2f1 g3g1 f1e2 g1h2,1895,74,95,1542,advantage endgame interference sacrifice veryLong,https://lichess.org/nu15x5WM#55,
3VwzB,r1b1k2r/pp1n1ppp/3Bpn2/q1Pp4/8/3BP3/P1P1NPPP/1R1Q1K1R b kq - 5 11,d7c5 b1b5 a5d8 d6c5,1790,75,94,5875,crushing interference intermezzo master opening short,https://lichess.org/uw9h3MBy/black#22,Rapport-Jobava_System Rapport-Jobava_System_Other_variations
3Xw6I,r4r2/pp3pk1/1qnpb3/4p1B1/4PPn1/2PB3P/P1P1Q1P1/R4R1K b - - 0 17,f7f6 f4f5 f6g5 e2g4,1883,75,95,10930,advantage interference middlegame short,https://lichess.org/risAibOH/black#34,Sicilian_Defense Sicilian_Defense_Lasker-Pelikan_Variation
3YFRT,4Q3/2p3q1/2Ppk3/2p1p1p1/5p1p/2P2P1P/6PK/8 b - - 2 53,e6d5 e8d7 g7h8 d7c7,1826,74,84,733,crushing endgame interference queenEndgame short,https://lichess.org/LDxxtZKR/black#106,
3ZZ0o,r4rk1/5pb1/p4n1p/1ppPN3/Pq2N3/3Q4/1P2B1PP/R4RK1 b - - 0 22,f6e4 e5c6 c5c4 d3e4,1721,78,93,2247,advantage interference intermezzo master middlegame short,https://lichess.org/Dyj30xgA/black#44,
3a8yp,6k1/pp3bpp/1qpp1p2/5P2/2P2Q2/1P1Nr3/P5PP/3R3K b - - 5 32,d6d5 c4c5 b6a6 f4e3,1786,137,87,10,crushing endgame interference short,https://lichess.org/CoMjIK1k/black#64,
3cuVB,r1b2rk1/p5pp/2pb4/4q3/3p1p2/5Q2/PPP1NPPP/R1B2BK1 b - - 1 19,e5g5 f3c6 g5e7 c6a8 c8b7 a8a7,1818,76,92,2379,crushing fork interference long middlegame,https://lichess.org/0FS1GtTA/black#38,Scotch_Game Scotch_Game_Classical_Variation
3d9xo,2b1k2r/5p1p/2pp4/2q1P1Pp/4P3/rpB4P/1P3PQ1/2KR2NR w k - 0 22,e5d6 a3a1 c1d2 c5d6 d2e3 a1d1,1640,75,96,2160,crushing deflection interference intermezzo long middlegame pin queensideAttack,https://lichess.org/p5Gg8ayu#43,
3ezG5,r2q1rk1/1bpn2p1/1p5p/2nPpp2/p1P1P3/P1N2NQP/1PK3P1/3R1B1R w - - 0 18,f3e5 f5f4 g3f2 d7e5,1849,74,81,564,crushing interference intermezzo middlegame short,https://lichess.org/jGZ2stG7#35,Owen_Defense Owen_Defense_Other_variations
3iIu1,3r2k1/R4ppp/3n1b2/8/8/3P3P/5PP1/1R4K1 b - - 2 29,f6d4 a7d7 d8a8 d7d6,1679,75,95,7442,crushing endgame interference short,https://lichess.org/f3rZmHqT/black#58,
3ib1D,r4r1k/1pq3pp/pb2P1b1/3nN1B1/8/6P1/PPP4P/R2QR2K w - - 0 21,e5g6 h7g6 d1d5 f8f5 d5e4 f5g5,1651,75,90,895,advantage interference long middlegame,https://lichess.org/Cjiozevb#41,
3jG9w,r4rk1/6q1/p3R1b1/1p4B1/4p3/P7/1P3P2/R2Q2K1 w - - 0 29,d1g4 g6f5 g4g2 f5e6,1642,75,97,11864,crushing fork interference middlegame short,https://lichess.org/A099Dl3R#57,
3lZWp,3rk2r/6Q1/2p2p2/2N1p2p/1q1p1n1P/5P2/P4P2/4RRK1 b k - 0 27,h8f8 e1e5 f6e5 g7e5 e8f7 e5f4,1864,82,85,110,crushing exposedKing interference long middlegame sacrifice xRayAttack,https://lichess.org/FoHXsICH/black#54,
3lsqy,r1b1k2r/pp2ppbp/6p1/q3P2n/7P/2N5/PPP2PPB/R2QKB1R b KQkq - 0 12,g7e5 f1b5 e8f8 h2e5,1830,75,93,1371,crushing interference intermezzo master opening short,https://lichess.org/yteJ2UVA/black#24,Indian_Defense Indian_Defense_Other_variations
3mhQx,8/5ppk/2p3p1/2Pp4/6qP/8/2R4Q/4rRK1 w - - 0 41,h2g2 e1f1 g1f1 g4d1 f1f2 d1c2,1800,76,94,15691,attraction crushing endgame exposedKing interference long master pin,https://lichess.org/Ow6zwHFZ#81,
3n94B,r3r1k1/2q2pp1/p2p3p/1p3PbQ/1P1pN3/P2P3b/B1PK4/R5R1 w - - 7 26,e4g5 c7c3 d2c1 c3a1,1758,167,0,8,crushing interference middlegame short,https://lichess.org/M3alKXiV#51,
3nLMO,2q3r1/p1p2ppk/2p1n2p/3pPb2/N4P1P/1P2Q3/P1PR2P1/4R1K1 w - - 6 27,a4c5 d5d4 d2d4 e6c5,1864,76,94,7844,advantage interference master middlegame short,https://lichess.org/iZcxSdx1#53,
3nqRX,2r5/2r2pk1/1Q2p2p/2NpP2P/3P2PN/8/Pb2qPK1/3R3R w - - 15 30,a2a4 e2g4 g2f1 g4d1,1712,76,93,4961,crushing interference middlegame short,https://lichess.org/KwUkkUFO#59,
3nr0e,rn1qkb1r/p3pp1p/1p4p1/1b1Q4/3P4/4P3/PP3PPP/R1B1K1NR w KQkq - 0 10,d5a8 b5c6 a8a7 c6g2,1604,76,94,4110,advantage interference middlegame short,https://lichess.org/RWUfH0nN#19,Slav_Indian Slav_Indian_Other_variations
3o5I7,2r3k1/3p1ppp/1p6/3P4/2b1q3/1Q2P1P1/PP1K1P1P/R6R w - - 5 23,a1c1 e4d5 d2e1 d5h1,1884,203,82,7,crushing endgame interference short,https://lichess.org/y1BYUk2t#45,
3o67z,3r3r/Qpkq2pp/p1pp4/3npnN1/2P5/7P/P1PB2P1/2KR4 b - - 0 23,d8a8 d2a5 d5b6 a5b6 c7c8 a7a8,1697,79,94,407,interference long mate mateIn3 middlegame,https://lichess.org/0LtPBvsc/black#46,
3oYJI,r5k1/ppp2pp1/3p1q1p/2bP4/2P1Q2N/2P3rP/PP3P1K/R4R2 b - - 1 18,c5f2 h4f5 g3g5 f1f2,1721,76,82,207,advantage interference intermezzo middlegame short,https://lichess.org/co0kzbey/black#36,Four_Knights_Game Four_Knights_Game_Italian_Variation
3r7aH,r6r/pp1k1ppp/4p3/4q2b/4p1P1/1QP4P/PP3P2/R3K2R b KQ - 0 18,h5g6 b3b7 d7e8 b7a8,1697,76,93,463,crushing interference middlegame short,https://lichess.org/4sxUO9Pg/black#36,Caro-Kann_Defense Caro-Kann_Defense_Exchange_Variation
3rPpJ,5k2/pb4q1/1pnpPp1p/2p5/2P1QP2/8/P5PP/4R1K1 b - - 3 26,c6d4 e6e7 f8e8 e4b7 d4f3 b7f3,1700,75,100,668,advancedPawn crushing endgame interference long master masterVsMaster,https://lichess.org/8WRqkpbm/black#52,
3ueCw,5r2/3R2R1/p3kr2/1p6/6PP/P4P2/1b4K1/8 b - - 0 48,f6f3 g7e7 e6f6 g2f3,1768,75,96,11984,crushing endgame interference short,https://lichess.org/bmYXpMtu/black#96,
3wb6B,3r1r2/ppp2pkp/8/2n2p2/3q4/PPnp2P1/1Q1N1PBP/R3RK2 b - - 2 24,g7g6 d2f3 d4f6 f3e5 g6g7 b2c3,1740,76,94,10684,advantage interference long middlegame,https://lichess.org/5Gxnqr3H/black#48,
3xAry,4k2r/5ppp/pnq1p3/1p2R3/3P4/5rP1/PB3P1P/R2Q2K1 b k - 7 22,e8g8 d4d5 b6d5 d1f3,1678,75,95,8376,advantage interference middlegame short,https://lichess.org/XbSnRNnZ/black#44,
3xBSK,8/8/8/6K1/r5p1/4k1P1/8/5R2 b - - 4 57,e3e2 f1f4 a4a8 g5g4,1666,117,83,30,crushing endgame interference rookEndgame short,https://lichess.org/4JMjzjbg/black#114,
3xvAY,7r/1r1b1pk1/6q1/p1bNp1p1/2p1P1P1/P1N3Q1/1PR1R1K1/8 b - - 6 47,d7e6 g3e5 f7f6 e5e6 g6h6 e6f6 h6f6 d5f6,1862,75,84,147,advantage deflection interference middlegame veryLong,https://lichess.org/BY0DSxjA/black#94,
3yPku,2k3r1/1p4qp/p1p1p3/8/5Q1P/P7/1PP2P2/1K1R4 b - - 0 29,g8d8 d1d8 c8d8 f4b8 d8e7 b8b7,1614,75,92,343,attraction crushing endgame interference long,https://lichess.org/Ac0IqI6l/black#58,
3zmbj,r6r/2pRN1kp/pp4pR/1q2p1Pn/4P3/5P1B/PPP5/2K5 b - - 4 24,a8d8 e7f5 g7g8 d7d8 g8f7 d8h8,1708,263,71,7,advantage discoveredCheck doubleCheck interference long middlegame skewer,https://lichess.org/bzfugCMj/black#48,
40k6B,r2q1rk1/5p1p/2b1p1p1/p2pP3/2p2QN1/7P/2B2PP1/2R3K1 b - - 2 23,g6g5 g4f6 g8h8 f4g5,1685,74,97,2872,advantage interference kingsideAttack middlegame short,https://lichess.org/rQl4NnD8/black#46,
40kHS,3r4/p7/3pkp2/2P1n1p1/4K3/P3B1P1/5P2/3R4 w - - 1 33,c5d6 f6f5 e4d4 d8d6 d4c3 d6d1,1651,75,95,20739,crushing endgame interference intermezzo long skewer,https://lichess.org/KECMmeH4#65,
41m23,1r3rk1/2p3p1/4b2p/p1p5/P3Q3/2PR2Pq/1P3P1N/R5K1 b - - 2 24,b8b2 g3g4 h3h4 e4e6,1615,75,95,16753,advantage interference middlegame quietMove short,https://lichess.org/OAMAxcrc/black#48,
43OjA,6k1/1p1rq1p1/p3p3/3pB2p/b6P/2PB4/2P2PP1/1R2R1K1 b - - 3 26,e7h4 b1b4 h4d8 b4a4,1871,72,94,14687,advantage interference master middlegame short,https://lichess.org/pjFYPV2x/black#52,
43efA,4rk2/ppq2p1Q/6p1/3Bp3/3nP2R/1P3r2/P4PK1/R7 b - - 0 26,c7c2 h7h8 f8e7 h8e5 d4e6 g2f3,1642,107,0,13,advantage deflection fork interference long middlegame,https://lichess.org/dYRv7Qz2/black#52,
43yRu,3b4/5p1q/6r1/3p1k2/4p3/4Q2P/PP3PP1/4R1K1 b - - 2 41,d8b6 g2g4 f5e5 f2f4 e5f6 e3b6,1767,75,96,563,advantage endgame interference long,https://lichess.org/i6iNlSkO/black#82,
473V9,1q4rk/8/3pP1RP/2pP1P2/3pP2b/3B4/R5Q1/1r1K4 w - - 3 37,d3b1 b8b1 d1e2 b1a2 e2f3 a2g2,1635,76,100,111,advantage exposedKing interference long middlegame,https://lichess.org/kkAbGwUM#73,
47bUh,r1b1r1k1/2b2ppp/8/ppB5/1P1PP1Pq/P7/3N2PP/R2QKB1R w KQ - 1 20,g2g3 c7g3 e1e2 c8g4,1736,75,94,4537,crushing interference middlegame short,https://lichess.org/rBek5XmY#39,
47dLl,8/5ppk/1p2p2p/6n1/5q2/3R3P/r5P1/1Q4RK b - - 4 32,a2f2 d3f3 f4e4 f3f2 e4b1 g1b1,1818,74,94,10335,crushing discoveredAttack discoveredCheck endgame interference long,https://lichess.org/31OWcRrJ/black#64,
47y03,r1bq2k1/bp3p1n/p1p4p/3pr1pN/N7/1P2PQP1/P1PP1PBP/R4RK1 w - - 2 16,d2d4 g5g4 f3e2 e5h5,1850,76,95,17961,advantage discoveredAttack interference middlegame short,https://lichess.org/fEdWM6t7#31,Hungarian_Opening Hungarian_Opening_Other_variations
487qv,2r1k2r/p3B1p1/1p1qp3/3p3p/3Pn3/1NPQ2P1/P4RPP/4R1K1 b k - 0 23,e4f2 d3g6 e8e7 g6g7 e7e8 g7h8,1805,75,98,533,advantage exposedKing interference long middlegame sacrifice,https://lichess.org/bSbOR0L4/black#46,
48ION,6k1/5pp1/2P4p/8/1q3n2/8/5P2/2Q2BK1 b - - 1 39,b4b8 c6c7 b8c8 c1f4,1642,77,93,2014,advancedPawn crushing endgame interference short,https://lichess.org/rFPKBB1L/black#78,
48SPd,r5k1/1p1n1pb1/p2p2qp/2pPn1BR/P7/8/1PP3BP/R2Q3K w - - 0 27,g5f4 e5g4 d1e2 g6h5,1604,74,90,1711,advantage interference master middlegame short,https://lichess.org/dmI83vlR#53,
48eGi,r1b1k2r/bp1p1pp1/p2qp3/7p/1PP5/2QB3P/P4PP1/R1B2RK1 w kq - 0 17,c3g7 a7d4 g7g5 d4a1,1615,74,95,15191,advantage fork interference middlegame short,https://lichess.org/bgJ6wnVp#33,Sicilian_Defense Sicilian_Defense_Open
4Aafe,1r1q2k1/r4p2/4p3/3pP1p1/p1pP2Pp/2P5/P2Q1R2/5RK1 b - - 1 32,a4a3 f2f6 d8f8 d2g5,1680,75,94,1406,advantage endgame interference kingsideAttack short,https://lichess.org/H7igOVKs/black#64,
4BExs,3r2k1/p1p2ppp/Q3pn2/8/2Pq4/5P2/Pr1BBP1P/3RK2R w K - 6 17,d2a5 b2e2 e1e2 d4e5 e2f1 d8d1,1805,74,88,218,advantage attraction deflection discoveredAttack interference long master masterVsMaster middlegame sacrifice,https://lichess.org/KlLSbhhE#33,Zukertort_Opening Zukertort_Opening_Other_variations
4BNF8,r7/6k1/p1pN2n1/2Bnr1R1/2B2p2/2P5/P6K/R7 w - - 0 35,a1g1 a8h8 h2g2 e5g5,1699,75,93,10292,advantage interference middlegame short,https://lichess.org/Vy8fQjaX#69,
4C4xD,r1b2rk1/5p2/5P2/ppp3pQ/8/P1P4P/1PB3PK/4q3 b - - 7 31,e1e5 g2g3 c8f5 h5g5 f5g6 g5e5,1691,76,78,139,advantage defensiveMove endgame interference long,https://lichess.org/ylrPyKJm/black#62,
4CDOQ,1r4k1/Q6p/2p1p1p1/4b3/4N1n1/5q2/PP3P1P/R1B1R1K1 w - - 1 22,a7e7 e5h2 g1f1 f3h1 f1e2 h1e4,1716,75,87,120,advantage interference long middlegame,https://lichess.org/LKzmZuFg#43,
4CcCq,1rr3k1/pp1b1ppp/2nR4/1q3PP1/4P2P/5B2/PPP2Q2/1K5R b - - 0 23,c6e5 d6d5 b5c4 d5e5,1797,75,97,701,advantage interference middlegame short,https://lichess.org/6dTxC3TL/black#46,
4E7It,2r1kb1r/3Rppp1/p6p/q7/3N4/2N4P/P2Q1BP1/6K1 b k - 0 24,a5c3 d7d8 e8d8 d4c6 d8e8 d2c3,1856,76,90,90,advantage attraction discoveredCheck doubleCheck interference long middlegame sacrifice,https://lichess.org/ss8Hctlv/black#48,
4Es9h,2r1r1k1/p4ppp/8/1b2q3/2p1P3/P1B2PP1/2Q1B1KP/3R4 b - - 6 28,e5g5 d1d5 g5e3 d5b5,1785,75,90,174,advantage interference middlegame short,https://lichess.org/conHIvXK/black#56,
4EuEU,r3qrk1/pb3ppp/1p6/2pNb1Q1/P1B1P3/8/1P3PPP/3RR1K1 b - - 3 17,h7h6 d5e7 g8h8 g5e5,1695,81,77,44,crushing interference kingsideAttack middlegame short,https://lichess.org/lMr7iICE/black#34,Slav_Defense Slav_Defense_Other_variations
4F3QB,5rk1/pp2q3/4p3/1b2B1p1/3P2Pn/2PB2Q1/PP2R3/5K2 w - - 3 29,f1e1 h4f3 e1d1 b5d3,1718,77,95,4503,crushing interference master middlegame short,https://lichess.org/WmWV5wuO#57,
4FjdG,1r5r/4k1b1/pq2bp2/5pPp/2pR4/1PQ2N2/P1P1N1P1/1K5R b - - 1 27,f6g5 d4d7 e7d7 c3g7 d7c8 g7h8,1690,74,82,351,attraction crushing discoveredAttack exposedKing interference long middlegame sacrifice,https://lichess.org/SyZwGUpF/black#54,
4Fooc,1rbqnrk1/1p1n2bp/p2pp1p1/P1p5/2N1PP2/2N5/1PP1B1PP/R1BQ1RK1 w - - 2 15,c4d6 g7d4 g1h1 e8d6,1671,74,97,599,advantage interference intermezzo master middlegame short,https://lichess.org/LZoWrEJJ#29,Benoni_Defense Benoni_Defense_Old_Benoni
4G1SP,r6r/1p1k1ppp/p2Pp1b1/1qN1P3/6Pb/3P1Q2/PP3P2/R3R1K1 b - - 0 20,b5c5 f3b7 d7e8 b7a8,1687,77,95,3838,advantage interference middlegame short,https://lichess.org/FlLOkzym/black#40,
4GjY1,r6r/p1p1k3/5pp1/2Q1n2b/4P2P/7q/PPPB1P2/2K3R1 b - - 0 25,e7e6 c5d5 e6e7 d2b4 e7e8 d5a8,1661,75,87,182,advantage interference long middlegame,https://lichess.org/argC13CX/black#50,
4GooU,8/4K1p1/1R4P1/5rk1/8/8/8/8 w - - 0 54,e7e8 f5f6 b6b2 g5g6,1872,74,89,546,crushing endgame interference rookEndgame short,https://lichess.org/am2So1Gt#107,
4GsKa,8/6pp/4p3/7k/P2Pn1q1/4r3/5BP1/1Q3RK1 b - - 3 38,e4f2 b1h7 h5g5 h7g7,1616,75,84,89,crushing endgame interference short,https://lichess.org/VY1X7nUB/black#76,
4HMW9,8/pp6/8/4pkp1/2P4r/1P2K3/P2R3P/8 w - - 2 45,c4c5 h4h3 e3f2 h3h2,1655,76,93,122,crushing endgame interference master rookEndgame short,https://lichess.org/LFqaatFZ#89,
4ImkT,4Q3/6q1/6pk/p1b2pNp/7P/4P1P1/5P1K/8 b - - 7 67,c5e7 g5f7 h6h7 e8e7 h7g8 e7e8,1628,75,75,1265,crushing endgame interference long master masterVsMaster,https://lichess.org/nFeRYMen/black#134,
4KJPS,2kr4/pppq1p2/1n1b4/3PP3/2P2Br1/PPN3p1/6K1/R2Q1R2 b - - 1 26,d6e7 e5e6 f7e6 d1g4,1690,77,93,2152,advantage interference middlegame short,https://lichess.org/MwghMOYu/black#52,
4KpmF,r1bq1rk1/1p2npbp/p3p1p1/n2P4/5B2/2NB1N2/PP2QPPP/2RR2K1 b - - 0 13,e7d5 c3d5 e6d5 f4c7 d8f6 c7a5,1783,75,94,7221,crushing interference long middlegame,https://lichess.org/rcmXWlTH/black#26,Sicilian_Defense Sicilian_Defense_Smith-Morra_Gambit_Accepted
4MHK4,1q3bk1/5p1p/1r3np1/3PB3/2Q5/3P3P/5PP1/4R1K1 b - - 1 36,b8d8 e5c7 d8d5 c7b6,1860,77,86,67,advantage fork interference middlegame short,https://lichess.org/8NmfUTl8/black#72,
4MceU,4r1k1/pp3qbp/2p3p1/4Pb2/7P/4Q3/PPP2PP1/1K1RR3 b - - 0 19,g7e5 f2f4 f5e6 f4e5,1881,75,93,11471,advantage interference master middlegame short,https://lichess.org/Rvu97T61/black#38,Caro-Kann_Defense Caro-Kann_Defense_Gurgenidze_System
4MyEv,3rr1k1/pp2b1p1/1qnp3p/3R1p2/2P5/1P2PQ1P/P4PPB/3R2K1 b - - 0 27,c6b4 d5b5 b6c6 b5b4 c6f3 g2f3,1674,76,83,424,advantage interference long middlegame,https://lichess.org/JHkAdmeS/black#54,
4N9rf,2r2r1k/pp1b4/2n3pP/3q1pN1/8/P2BQ3/1P3PP1/R5KR w - - 4 22,a1d1 f5f4 e3e4 d5g5 e4g6 g5g6,1752,77,86,108,advantage discoveredAttack interference long middlegame,https://lichess.org/VuTgWKkM#43,
4O7L8,2k2r2/ppp4p/2r3p1/5b2/2BP4/P1Q2P2/q1P3PP/2KR3R w - - 5 23,c3b3 a2a1 c1d2 a1d4,1636,224,0,8,crushing interference middlegame queensideAttack short,https://lichess.org/iuKFxiMY#45,
4OIN8,2r1r1k1/pp1N1qbp/3n1p2/8/P4PQ1/4B3/1P4PP/R4RK1 w - - 2 24,a1d1 f6f5 g4f3 f7d7,1854,79,93,5040,advantage interference middlegame short,https://lichess.org/XOXbDIFK#47,
4OzHZ,5r1k/2q3p1/8/1p5B/p1pP4/2P4Q/6PP/6K1 b - - 2 36,f8f6 h5g6 h8g8 h3h7 g8f8 h7h8 f8e7 h8g7,1864,74,96,13840,crushing deflection discoveredAttack discoveredCheck endgame interference veryLong,https://lichess.org/zpQA04eJ/black#72,
4P26i,1rq1kbnr/1p1b1ppp/1Q2p3/1N6/4p3/8/PPP2PPP/2KR1BNR b k - 5 10,f8c5 b5c7 e8f8 b6c5,1821,75,88,116,advantage interference opening short,https://lichess.org/nHhcToQg/black#20,Queens_Pawn_Game Queens_Pawn_Game_Accelerated_London_System
4Q3CT,8/q4k1p/6pP/5p2/2BpbQ2/2p3P1/2P4K/8 b - - 2 49,f7e7 f4e5 e7d8 e5h8 d8c7 h8h7,1751,100,85,21,crushing endgame exposedKing interference long master,https://lichess.org/xxhiOAGx/black#98,
4Qo2S,1r4k1/p1pqrpb1/3p2p1/3P1n1p/2P5/1PNQ1BP1/P3N2P/2R2RK1 w - - 2 21,f1e1 e7e3 d3d1 e3f3,1824,76,88,176,advantage interference master middlegame short,https://lichess.org/W9fbl4hg#41,
4SGuK,6k1/pp4b1/2p4p/4pbp1/8/P1N1p2P/1PP2PBN/6K1 w - - 0 24,c3e4 e3e2 h2f3 f5e4,1691,75,87,839,advancedPawn crushing endgame interference short,https://lichess.org/KTlIqy4C#47,
4SSoS,4qr2/pp4k1/3p1b2/2p2Pp1/2P3QP/1P4P1/P5K1/5R2 b - - 0 37,e8e7 h4g5 f6g5 f5f6 f8f6 g4g5,1751,76,93,2609,crushing endgame exposedKing fork interference intermezzo long pin,https://lichess.org/vyEZAFW7/black#74,
4TxAC,1r6/7R/2p1k2p/3pb2B/1P6/2PK4/8/8 b - - 3 34,b8h8 h5g4 e6f6 h7h8,1739,83,68,45,crushing endgame interference master short,https://lichess.org/auvgfRoJ/black#68,
4UADv,1r5k/1p2r1p1/2nN1n1p/pQ6/1b2p3/8/P4PPP/1R1R2K1 w - - 0 31,d6f5 e7e5 b5b6 e5f5,1622,91,87,29,advantage interference middlegame short,https://lichess.org/colsMFLr#61,
4V58j,5br1/7k/1p3p1B/p3p2R/P2pP1r1/8/1PP5/1K5R b - - 0 32,g4g1 h6c1 h7g6 h1g1 g6h5 g1g8,1806,77,96,8316,crushing discoveredAttack discoveredCheck endgame exposedKing interference long master skewer,https://lichess.org/k4XRLjll/black#64,
4X6gX,3q1kn1/3bb2Q/p7/1p1P2p1/3rN3/1P6/P1P2PPP/R3R1K1 w - - 1 22,h7h8 d4e4 e1e4 e7f6 h8h5 f6a1,1825,72,96,20057,advantage fork interference long middlegame sacrifice,https://lichess.org/TEVp2RUY#43,
4XJdg,3r4/5P1p/6p1/p3K1Pk/P7/7r/2R5/5R2 w - - 2 43,f7f8q h3e3 e5f4 d8f8 f4e3 f8f1 c2c5 f1f5,1674,75,95,1627,advantage endgame interference master queenRookEndgame skewer veryLong,https://lichess.org/Tkr96X2t#85,
4Xr16,3r2k1/1b3pb1/2q2n1p/3p1Pp1/4p3/2N1Q2P/PPP2BP1/1R3R1K w - - 2 27,f1d1 d5d4 d1d4 d8d4 e3d4 e4e3 b1g1 e3f2,1837,75,89,220,advancedPawn advantage fork interference middlegame veryLong,https://lichess.org/63uSBqpu#53,
4YqQd,2rq1r1k/1p3ppp/2n1bn2/p1bp3N/8/P1NBP3/1P3PPP/1RBQ1RK1 w - - 6 14,d3c2 e6g4 f2f3 g4h5,1610,75,83,182,crushing interference opening short,https://lichess.org/oWlJb2MG#27,Queens_Gambit_Declined Queens_Gambit_Declined_Normal_Defense
4aqqg,8/8/1R4p1/p1p2p2/5P1P/1P3K2/1k1b4/8 w - - 1 63,b6b5 d2b4 b5b6 b2b3 b6g6 a5a4 h4h5 a4a3,1677,75,54,254,crushing endgame interference master quietMove veryLong,https://lichess.org/pgMmP3Ss#125,
4b2IJ,3r1rk1/p4ppp/3pb3/2p3q1/4P3/2NQ4/PPP2RPP/5RK1 w - - 4 20,c3b5 c5c4 d3c3 g5b5,1666,76,93,3465,crushing discoveredAttack interference middlegame short,https://lichess.org/UQMFpspF#39,
4bnFm,r6r/pp3kpp/b1nQ1B2/3p4/4q3/8/PPP2RPP/R5K1 b - - 0 20,g7f6 d6f6 f7e8 f6h8,1726,77,93,2051,crushing interference middlegame short,https://lichess.org/PFIb1cmx/black#40,
4ceZ7,6k1/6pp/4p2q/1Q6/p2R3P/2P5/PPK2r2/8 w - - 5 35,c2d3 h6d2 d3c4 d2e2 c4b4 e2b2,1673,75,90,1467,crushing endgame interference long,https://lichess.org/CASAlgXP#69,
4dIEb,8/8/6K1/4r3/5p2/5k2/2R2P2/8 w - - 5 59,g6f6 e5e2 c2c1 f3f2,1883,76,93,725,crushing endgame interference rookEndgame short,https://lichess.org/kLdQinaT#117,
4du0r,6k1/6p1/1P1bNp1p/8/p2P4/2q1P2P/4QKP1/8 w - - 1 37,e2a2 c3b3 a2e2 b3e6,1798,87,74,41,crushing endgame interference short,https://lichess.org/mafHL5sN#73,
4ej1N,3r4/pp3pk1/4bpp1/3r4/3N3R/2P1PK2/P4PP1/7R b - - 5 28,g7f8 d4e6 f7e6 h4h8 f8e7 h1h7 e7d6 h8d8,1759,74,96,4454,crushing deflection endgame interference master veryLong,https://lichess.org/9DUlrbHg/black#56,
4f02o,5Q2/ppprN1pk/5pq1/4p2p/1PPn4/5P1P/P5P1/5RK1 b - - 2 28,g6g3 f8g8 h7h6 g8h8 h6g5 h8g7,1751,75,84,1569,advantage deflection endgame interference long,https://lichess.org/9PCqbJWB/black#56,
4fAGs,2r1k2r/1bqn4/p2ppnQ1/1p5p/4P3/P1N2P2/1PP3B1/2KR3R b k - 0 20,e8e7 g6g7 e7e8 g7h8 e8f7 h8h6,1602,75,96,2168,advantage interference long middlegame,https://lichess.org/wOaYGk3B/black#40,
4fONg,7r/p3PR2/8/3p4/3k1Pp1/P5P1/7r/4RK2 w - - 1 48,e7e8q h2h1 f1e2 h8e8,1816,136,89,15,crushing endgame interference queenRookEndgame short,https://lichess.org/gAkyzkM8#95,
4fgqM,r2k4/2R2p1p/3p1Pp1/4p1P1/1p1bP2P/1b1P4/1P4B1/1KR5 w - - 18 37,g2h3 b3a2 b1c2 d8c7,1807,73,94,12882,crushing endgame interference master short,https://lichess.org/mh8e9ISu#73,
4g0Dg,4r1k1/1pp2ppp/1p6/3P4/3N4/5BP1/PPP4r/1K3R2 w - - 2 25,d4f5 h2f2 f1g1 f2f3,1867,81,72,79,crushing endgame interference master short,https://lichess.org/naGJYTbZ#49,
4iNfc,r1b1k1nr/ppp2pb1/5q1p/3N2p1/2B2p2/1P3P1P/P1P5/R1BQK2R b KQkq - 0 12,f6a1 d5c7 e8e7 c1a3 e7f6 d1a1,1759,76,83,254,crushing discoveredAttack fork interference long opening,https://lichess.org/Oo3XrgYr/black#24,Kings_Gambit_Accepted Kings_Gambit_Accepted_Fischer_Defense
4iX6H,rn1qk2r/p1pp1pQp/1p2p3/4P3/2PP4/2B5/PP3P1P/R3K1Nb b Qkq - 0 11,e8e7 g7f6 e7e8 f6h8,1751,75,94,2974,advantage interference middlegame short,https://lichess.org/u1LkQckB/black#22,English_Defense English_Defense_Other_variations
4ifYd,r1b3k1/2P2pp1/2R4p/pp6/8/4P1B1/5PPP/6K1 b - - 0 26,a5a4 c6b6 g8h7 b6b8 a8a7 b8c8,1829,76,91,1319,crushing endgame interference long,https://lichess.org/qm11vCTf/black#52,
4jo1G,r4rk1/p4pp1/2bp3p/1p2p1q1/4n2N/PB4P1/1PP1QP1P/R4RK1 b - - 0 19,e4d2 f2f4 e5f4 e2d2,1663,74,88,1723,advantage interference middlegame short,https://lichess.org/nezclSV6/black#38,Englund_Gambit_Complex_Declined Englund_Gambit_Complex_Declined_Other_variations
4kM56,3r4/1pp3k1/p7/6p1/1PP2p2/P1Nn1P2/5PK1/3R4 b - - 1 29,g7f6 c3d5 f6e5 d1d3,1723,77,95,10306,crushing endgame interference short,https://lichess.org/LoWdrA1B/black#58,
4lFBi,r5r1/pR1bk1p1/4pp2/3p3Q/3p4/6B1/P1qb1PPP/5RK1 b - - 0 17,d2c1 b7d7 e7d7 h5f7 d7c8 f7g8,1651,80,94,18032,advantage attraction interference long middlegame sacrifice,https://lichess.org/CGcxF3j0/black#34,French_Defense French_Defense_Advance_Variation
4mLUk,2r1k2r/5pp1/p1b1p2q/1p1pP3/1P1N1P2/P7/2P1Q1P1/R4RK1 w k - 1 24,a1e1 h6h2 g1f2 h2f4,1626,75,93,389,crushing interference kingsideAttack master middlegame short,https://lichess.org/Lz5aPVYg#47,
4neyn,r2q1rk1/1p1n1ppp/p7/2ppN3/P3nPQ1/2P5/1BP3PP/R4R1K w - - 2 16,e5d7 f7f5 g4f3 d8d7,1619,75,94,5412,advantage interference middlegame short,https://lichess.org/zJT3Uud3#31,French_Defense French_Defense_La_Bourdonnais_Variation
4nlm8,r1qr2k1/1p4pp/p1n1b3/2B1p3/4P3/4Q3/PP2B1PP/1K1R3R b - - 2 20,c6a5 d1d8 c8d8 c5b6 d8e8 b6a5 e8a4 e3a3,1865,74,95,1283,crushing interference middlegame veryLong,https://lichess.org/oszTowWV/black#40,
4oSEU,k7/1p3Q1p/2q2Pp1/3p1b2/PR6/2P5/1P2rPPP/2KR4 w - - 1 29,f7d5 e2c2 c1b1 c2d2 d5f5 d2d1,1618,74,88,140,crushing discoveredAttack discoveredCheck endgame interference long queensideAttack,https://lichess.org/ZrFtfVT3#57,
4pjpt,r4r2/4qkpQ/p2p1p1R/1pnPp3/4P3/2N2B2/PP6/1K6 b - - 0 25,f8h8 f3h5 f7f8 h7h8,1784,134,48,32,interference mate mateIn2 middlegame pin short,https://lichess.org/KOgSh3jk/black#50,
4qC7D,1kr5/ppp2Q2/qrn5/4p1Bp/3p4/3P1N1P/2PK1PP1/3RR3 w - - 22 33,f3e5 a6a5 d2e2 a5e5 e2f1 e5g5,1784,77,95,2135,advantage fork interference long middlegame,https://lichess.org/IgcvsJEY#65,
4qxM9,2k4r/ppp5/2b4p/4p3/6p1/1BP3P1/PP1r1RPP/5RK1 b - - 4 20,h8d8 b3e6 c6d7 f2d2,1862,82,92,917,crushing endgame interference short,https://lichess.org/EFkl64Cj/black#40,
4sfnm,rqb1k2r/pp1pppbp/2n2np1/1N6/3NPB2/1R3P2/P1PQ2PP/4KB1R b Kkq - 7 12,e7e5 d4c6 d7c6 b5d6 e8e7 f4e5,1675,74,87,461,advantage interference long middlegame,https://lichess.org/3sKDwTek/black#24,Sicilian_Defense Sicilian_Defense_Open
4tCV1,4nrk1/ppp2pp1/7p/4N3/3P2Q1/2P3R1/bq3PPP/4R1K1 w - - 2 26,e5d7 a2e6 g4h5 e6d7,1625,75,94,2315,advantage interference middlegame short,https://lichess.org/ArfYFeqJ#51,
4ufQz,2kr3r/1ppqb3/p2p1n1p/6N1/3PPBb1/1QP5/PP4PP/RN3RK1 w - - 0 16,g5f7 g4e6 c3c4 e6f7,1616,75,91,1807,advantage interference middlegame short,https://lichess.org/awZIxiML#31,Kings_Gambit_Accepted Kings_Gambit_Accepted_MacLeod_Defense
4umJC,7k/1p4p1/pp1p2R1/8/3P4/4rr1P/PP5K/6R1 w - - 0 27,g6g7 f3h3 h2g2 h8g7,1695,76,93,793,crushing endgame interference master rookEndgame short,https://lichess.org/17hjPLhO#53,
4usLg,r1b1k2r/pppn1p1Q/7B/8/3q4/2n5/P1K2PPP/4RB1R b q - 2 18,e8d8 h6g5 d7f6 h7h8,1609,75,94,3812,advantage interference middlegame short,https://lichess.org/dXbU4sdG/black#36,Elephant_Gambit Elephant_Gambit_Paulsen_Countergambit
4y78S,r4rk1/pp3p1p/5p2/4n3/P1P1Q3/2qPPB2/4KP1P/R6R w - - 3 21,f3h5 c3b2 e2f1 b2a1,1812,75,94,1100,crushing interference middlegame short,https://lichess.org/aVOoldvT#41,
4ydmP,3r4/1b2pk1p/p7/1p3p2/4Pq2/5P2/P2rR1QP/6RK b - - 3 37,d2d1 g2g7 f7e6 e4f5 e6d6 g1d1,1805,75,88,69,advantage discoveredCheck doubleCheck interference long middlegame,https://lichess.org/3IzpJ3FS/black#74,
4ygTk,r4rk1/pbq3p1/1p2p1P1/2b1pp2/2P2P2/2Q5/PP1RBP2/2K4R b - - 0 22,f8f6 h1h8 g8h8 c3h3 h8g8 h3h7 g8f8 h7h8 f8e7 h8g7,1725,75,99,546,attraction crushing deflection interference kingsideAttack middlegame sacrifice veryLong,https://lichess.org/igfo2qzr/black#44,
4zsry,r4k2/1b4b1/4p3/p3n2Q/P7/6P1/2P2P1P/5RK1 w - - 3 29,f1d1 b7f3 h5h3 f3d1,1698,76,83,207,advantage endgame fork interference short,https://lichess.org/xfMlM4Mm#57,
509eM,2r2kn1/2qbR3/3p4/3P1p2/pppQ4/5pPB/1PP4P/2KR4 b - - 0 28,f8e7 d4g7 e7d8 g7g8,1735,75,95,471,advantage interference middlegame short,https://lichess.org/ADq0tWsm/black#56,
50HwI,1r1r2k1/2p2p1p/p3p2q/3n4/QPRPb1P1/4PN2/3RBPP1/6K1 b - - 0 25,d5e3 g4g5 h6g7 f2e3,1755,75,88,406,crushing interference intermezzo middlegame short,https://lichess.org/qN1oYz3X/black#50,
50a3z,4r3/3n1kp1/1pp3p1/2Pp1pP1/3Prq2/3Q1N1P/2P2P2/1R1R2K1 w - - 0 27,c5b6 e4e3 d3d2 e3f3 d2f4 f3f4,1891,75,83,834,advantage interference long middlegame,https://lichess.org/fmg8f58z#53,
50cxk,r4rk1/2p2ppp/2pbb1nq/4p3/3pP3/P2P1N1P/1B3PPN/R2Q1R1K b - - 9 21,g6h4 b2c1 h6f6 c1g5 f6g6 g5h4,1881,74,96,1885,advantage interference long middlegame,https://lichess.org/ClZ3n0PS/black#42,
52dYK,r3k2r/ppN1b1pp/2p1pn2/6B1/8/5N2/PPP2PPP/R5K1 b kq - 1 16,e8f7 f3e5 f7f8 c7a8,1796,76,82,92,advantage interference middlegame short,https://lichess.org/8wsteKJ3/black#32,Bishops_Opening Bishops_Opening_Ponziani_Gambit
53uxK,r1b2rk1/pp1n1pp1/1q2P1np/1N1R4/2P2P2/1B6/P1P3PP/4QR1K b - - 2 21,f7e6 d5d6 b6c5 e1e6 g8h8 e6g6,1642,75,95,6519,advantage fork interference intermezzo long middlegame,https://lichess.org/2nrQ3zNs/black#42,
55EQl,5rk1/ppb2ppp/2p5/4pq2/PPB1b3/1QP4P/5PP1/3RR1K1 w - - 2 25,e1e3 e4c2 b3a2 c2d1,1623,75,89,423,crushing fork interference middlegame short,https://lichess.org/OMyxcUoJ#49,
55FEc,8/7p/2k1p3/4rpp1/PK6/R3P1P1/7P/8 w - - 6 40,a4a5 e5e4 b4b3 e4e3 b3c4 e3a3,1765,77,77,68,crushing deflection endgame interference long master rookEndgame skewer,https://lichess.org/QU67rUVq#79,
55GVB,3r3r/pkp3pp/2pb1n2/7q/Q7/3P1N2/PP2P2P/R1B3RK b - - 0 19,d6c5 g1g5 h5e8 g5c5,1724,76,91,2486,crushing interference middlegame short,https://lichess.org/50t5MTcG/black#38,Kings_Indian_Attack Kings_Indian_Attack_Other_variations
55Uom,2r3k1/1pr3p1/p3p1B1/1b1pP3/7Q/5N1P/P5PK/3q4 b - - 13 30,d1c1 h4h7 g8f8 h7h8 f8e7 h8g7 e7d8 g7f8 d8d7 f8d6,1793,81,96,22967,deflection interference mate mateIn5 middlegame veryLong,https://lichess.org/eN0Eywbq/black#60,
56uLi,8/pkp5/1p3Pq1/5R2/6B1/1P2n1K1/PBP5/5R2 w - - 1 30,f6f7 g6g4 g3f2 g4f5 f2e3 f5f1,1716,74,97,6124,crushing endgame exposedKing interference long skewer,https://lichess.org/Ooqg2hYQ#59,
57iKy,r4rk1/ppp2pbp/3p2p1/4Pb2/2P1N2q/1P2P2P/PB2B1P1/1R1Q1RK1 b - - 0 16,f5e4 f1f4 h4g5 f4e4,1654,76,85,952,advantage interference master middlegame short,https://lichess.org/sUEozGzn/black#32,Indian_Defense Indian_Defense_Wade-Tartakower_Defense
59TQj,8/1pk5/8/p2pPq2/P1pP4/2P2K2/1P3RR1/8 w - - 15 59,f3e2 f5d3 e2e1 d3b1 e1d2 b1b2,1690,80,94,2606,advantage endgame exposedKing interference long queenRookEndgame,https://lichess.org/BuHOjU7W#117,
59bc6,rnbqr1k1/ppp3bp/3p2p1/8/2PPp3/2N2N2/PP1QPPP1/2KR1B1R w - - 0 14,f3g5 e4e3 f2e3 d8g5,1839,75,94,9057,advantage interference opening short,https://lichess.org/nCa1exIl#27,Kings_Indian_Defense Kings_Indian_Defense_Other_variations
59v2t,8/3b2r1/p4k2/4p3/8/P5K1/3Q2P1/8 w - - 1 47,g3f3 d7c6 f3e3 g7g3 e3e2 g3g2,1748,75,97,2737,crushing endgame exposedKing interference long,https://lichess.org/oeF0Tvxm#93,
5AMKo,r1bqk1nr/1p1pbppp/p7/4Q3/4P3/8/PPP2PPP/RN2KBNR w KQkq - 1 8,e5g7 e7f6 g7g3 f6b2,1671,72,96,30577,advantage interference opening short,https://lichess.org/8xKJiX2j#15,Sicilian_Defense Sicilian_Defense_Smith-Morra_Gambit
5AMct,4rrk1/p1n4p/3p2p1/2pP1p2/4q2P/1PQ1PRP1/PB6/5RK1 b - - 4 28,e8e7 c3h8 g8f7 h8h7 f7e8 h7g6,1776,75,88,133,crushing deflection interference kingsideAttack long middlegame,https://lichess.org/0cVMV1Nq/black#56,
5ATHl,8/r2nkp1p/p2R4/1p3b2/8/5N2/PP3PPP/2KR4 w - - 5 23,f3g5 a7c7 c1d2 e7d6,1719,74,71,717,advantage endgame interference short,https://lichess.org/EgcoK6IK#45,
5BnWd,1r5k/p1pbn1q1/1p2pb1p/7Q/3PBB2/8/PPP2PPP/R5K1 b - - 0 25,b8g8 f4h6 g7g4 h6g7 h8g7 h5g4,1864,75,96,5616,attraction crushing discoveredCheck doubleCheck exposedKing interference kingsideAttack long middlegame,https://lichess.org/mtZf2uYr/black#50,
5Cz4b,r5k1/5ppp/p3b3/Pp2b3/1Q5P/R3B3/1P3PPK/3r4 w - - 5 27,e3f4 d1d4 b4c5 e5f4,1645,74,95,17000,advantage interference middlegame short,https://lichess.org/8evXwdTO#53,
5F97J,1r5r/3b1Rk1/p1nq2n1/2p1p1p1/2PpP1P1/3P3P/P5B1/R1B2QK1 b - - 1 28,g7g8 f7f6 d6e7 f6g6,1726,76,92,897,advantage interference kingsideAttack master middlegame short,https://lichess.org/3UjsP9Vc/black#56,
5Fcs8,7k/2R5/7p/1pp4K/2b2N2/6PP/3r4/8 b - - 3 40,d2d6 f4g6 h8g8 h5h6 d6g6 h6g6,1820,84,85,127,crushing endgame interference long,https://lichess.org/kSVCekc5/black#80,
5HP6l,1r6/R6R/1p3pk1/2p5/6p1/PP4P1/2P1r3/5K2 b - - 5 36,b8e8 a7g7 g6f5 h7h5 f5e4 f1e2,1679,76,85,147,crushing endgame interference long rookEndgame,https://lichess.org/rVCN7c8y/black#72,
5Hson,1r6/1P1Pp2k/5qpp/5p2/4p3/4P2P/5PP1/1R2R1K1 b - - 0 36,f6f8 e1c1 f8d8 c1c8 d8d7 c8b8,1607,74,98,1673,crushing endgame interference long queenRookEndgame quietMove,https://lichess.org/4BXAYnCX/black#72,
5IZMZ,r2q4/1p1bkp1Q/p2ppp2/4n3/3NP3/2N5/PP4PP/5R1K b - - 2 23,d8h8 d4f5 e7d8 h7h8,1742,77,87,224,crushing interference master middlegame short,https://lichess.org/AM9k5Dem/black#46,
5IbGj,8/1kp1R3/8/pb5P/5q2/P7/1PP5/1K2R3 b - - 2 39,f4g5 e7e5 g5h4 e5b5,1853,76,95,16406,crushing endgame interference short,https://lichess.org/dwACLfdz/black#78,
5Igt2,2b5/1p2r1k1/p1p1pq2/P1P1R3/1P1PRp1r/6p1/3Q2B1/6K1 b - - 1 43,f4f3 e5g5 g7f8 e4h4,1841,77,88,1725,crushing interference middlegame short,https://lichess.org/vzVdbaOd/black#86,
5Jjnk,r4r2/4p1bk/b2p3p/q1pPnp2/7N/2N3P1/PPQ2PBP/R3R1K1 w - - 0 20,h4f5 a6d3 c2d1 d3f5,1627,81,68,54,advantage interference middlegame short,https://lichess.org/pRTQzxc6#39,
5KKDZ,2kr3r/ppp2ppp/1qn2p2/5b2/3P4/2P2N2/P1P1BPPP/R2Q1RK1 b - - 0 12,h8e8 a1b1 b6a5 b1b5 a5c3 b5f5 c6d4 f3d4,1706,76,91,1416,advantage interference middlegame veryLong,https://lichess.org/vtxIbmYk/black#24,Scandinavian_Defense Scandinavian_Defense_Main_Line
5LMPm,r2q1rk1/6pp/4p3/4Pp2/2Nn1P2/8/6PP/1R1Q1RK1 b - - 0 26,a8c8 c4d6 c8c2 d1d4 d8a8 f1f2,1628,75,90,3868,advantage interference long middlegame,https://lichess.org/3ZaGpseq/black#52,
5LPgB,4r1k1/1b1p1pp1/6p1/p3p1N1/1p1q2P1/5P1Q/PP5P/4R2K b - - 2 28,d4d2 h3h7 g8f8 h7h8 f8e7 e1e5 e7d6 h8e8,1770,75,91,165,advantage deflection endgame interference kingsideAttack veryLong,https://lichess.org/nsKNrhQV/black#56,
5MJEP,rnbq1r2/ppp3k1/3p2pR/2nPppP1/2P1P3/2P2P2/P3B3/R1BQK1N1 w Q - 2 15,c1e3 f5f4 e3c5 d8g5,1746,76,93,7267,advantage interference middlegame sacrifice short,https://lichess.org/xgLSG95w#29,Kings_Indian_Defense Kings_Indian_Defense_Normal_Variation
5MsLr,3k4/5p2/1p3P2/3KPp2/PQ1P4/1P4r1/2q5/8 b - - 5 45,c2c7 b4f8 d8d7 f8f7 d7c8 f7c7,1823,76,86,332,crushing endgame exposedKing interference long,https://lichess.org/DEzZM9we/black#90,
5NCca,2k4r/1r4pp/p1Q1p3/q1p1P3/3b4/P2P4/1PR3RP/1K6 b - - 1 28,b7c7 c6a8 c8d7 g2g7,1895,77,87,258,interference mate mateIn2 middlegame short,https://lichess.org/K8y0Xc92/black#56,
5ODsN,2kr1q1r/ppp2ppp/8/5N1b/1n2Q1P1/2N1P2P/PPP5/R3KR2 b Q - 2 19,h5g6 f5e7 c8b8 e4b4,1880,74,95,18118,advantage interference middlegame short,https://lichess.org/2j0X5qdr/black#38,Scotch_Game Scotch_Game_Potter_Variation
5PMTk,rnbqr1k1/ppp1bpp1/6Np/3n3Q/2B5/8/PPPP1PPP/RNB1K2R w KQ - 6 9,c4d5 e7g5 e1d1 d8d5,1737,79,85,55,crushing discoveredAttack discoveredCheck interference intermezzo opening short,https://lichess.org/dw0naK0n#17,Russian_Game Russian_Game_Italian_Variation
5R83o,r1b1kbnr/ppp2pp1/2n5/2q1B2p/8/2P2N2/PP1NQPPP/R3K2R b KQkq - 2 11,f7f6 e5d6 g8e7 d6c5,1665,85,82,28,advantage discoveredAttack discoveredCheck interference middlegame short,https://lichess.org/TWpR8GtA/black#22,Queens_Pawn_Game Queens_Pawn_Game_Other_variations
5S2xy,1r1k1r1R/8/1qpp1pQ1/4pP2/4P1P1/1PN5/P1P5/2K5 b - - 6 32,f8h8 g6f6 d8d7 f6g7 d7c8 g7h8,1818,75,95,17835,crushing endgame exposedKing fork interference long,https://lichess.org/dA9LsUQd/black#64,
5TZlm,4r1k1/p7/6q1/3p1p2/8/2P2PPp/PPQ2K1P/5R2 w - - 2 32,f1e1 g6b6 f2f1 e8e1 f1e1 b6g1 e1e2 g1h2,1880,75,84,120,attraction crushing endgame interference veryLong,https://lichess.org/Whqd9pLo#63,
5W7In,2r2rk1/1b3pp1/p4bqp/1p1pp3/8/P3B1N1/BP2QPPP/1R2R1K1 w - - 2 24,b2b4 c8c2 e2d1 c2a2,1610,78,87,71,advantage interference middlegame short,https://lichess.org/oO7hmfyJ#47,
5WYEW,r4rk1/2pN1p2/2p1p2q/p2pP2p/3P2p1/2P3P1/PP2Q1PP/5RK1 b - - 1 27,f7f5 e5f6 f8f7 e2e6 a8d8 d7e5,1853,78,91,1338,crushing discoveredAttack enPassant endgame interference long,https://lichess.org/pytb8ZjF/black#54,
5XjwH,6r1/ppp4p/8/4R2k/1PP4P/5P2/PB4r1/7K b - - 2 35,h5h6 b2c1 h6g7 h1g2 g7f6 e5g5,1846,76,87,135,advantage endgame interference long,https://lichess.org/eqt7O2Jc/black#70,
5YfgT,4r2k/1p3pp1/p1p4p/4N2b/3r3q/5B1P/PP4Q1/4RRK1 b - - 1 24,f7f6 f3h5 h4h5 e5g6 h8h7 e1e8,1807,75,87,156,crushing discoveredAttack interference kingsideAttack long middlegame,https://lichess.org/yAp6C83w/black#48,
5Z9II,r3kb1r/4qppp/p5b1/2ppQ3/6P1/P3P2P/1P3P2/R1B1KB1R w KQkq - 2 15,e5d5 g6e4 d5c4 e4h1,1680,76,96,21931,advantage fork interference middlegame short,https://lichess.org/KfToyvFg#29,Queens_Pawn_Game Queens_Pawn_Game_Other_variations
5ZCrv,r2q1r2/1p1bnkpQ/p1pp1p1p/3P4/2P2P2/1PBB4/P5PP/4RRK1 b - - 3 22,f8h8 e1e7 d8e7 d3g6 f7f8 h7h8,1886,75,91,328,interference long mate mateIn3 middlegame sacrifice,https://lichess.org/UEbr6C8k/black#44,
5ZP0O,r1b1k1nr/1pqp1pp1/p1n1p2p/4P3/4N3/5N2/PP1Q1PPP/R3KB1R b KQkq - 0 12,c6e5 e4d6 e8e7 f3e5 c7d6 d2d6 e7d6 e5f7,1834,75,87,211,advantage attraction interference intermezzo opening veryLong,https://lichess.org/kIubu5rX/black#24,Sicilian_Defense Sicilian_Defense_Smith-Morra_Gambit_Accepted
5ZfSe,3qr1k1/3b1p2/p1n1pbBB/3p2N1/1p1P4/2r5/P3QPP1/R3R1K1 b - - 0 24,f6g5 g6f7 g8f7 e2h5 f7e7 h6g5,1895,77,92,2602,attraction crushing interference kingsideAttack long middlegame sacrifice,https://lichess.org/IOLD0FL8/black#48,
5aiTz,r2r2k1/pp3pp1/2pPpn1p/8/2P2qP1/P1BB3P/1PQ2P2/1K2R3 b - - 2 22,d8d6 c3e5 f4f3 e5d6,1663,74,98,2436,advantage fork interference middlegame short,https://lichess.org/GZXXyK0g/black#44,
5b2fq,r1b2rk1/ppq3p1/2pb3p/P2pp3/3P3N/2P3P1/1PQ1PPB1/R3R1K1 w - - 0 19,h4g6 c8f5 e2e4 f5g6,1694,76,72,68,advantage interference middlegame short,https://lichess.org/2nbV3ZkT#37,
5bCpK,8/1b1r2pk/pq5p/1pb1p3/4Pn2/PBQ3BP/5PP1/4RRK1 w - - 3 34,c3f3 d7d3 f3g4 d3b3 g3f4 e5f4,1752,76,86,1187,advantage interference long middlegame,https://lichess.org/AhYHTdoP#67,
5bLK6,8/3N1r2/7k/p1p1p3/2P5/1P3n1P/P7/3R2K1 w - - 0 37,g1f2 f3d4 f2e3 f7d7,1852,74,96,4056,advantage discoveredAttack discoveredCheck endgame interference short,https://lichess.org/4lVnqRnv#73,
5bu2w,5r1k/1pR3p1/q4n1p/4pP1P/p2p2P1/P2P1Q2/1P4K1/2R5 w - - 0 40,c7b7 e5e4 d3e4 a6b7,1677,75,95,1836,advantage endgame interference intermezzo master short,https://lichess.org/7BcGa1EP#79,
5cGN3,3r4/3P1pk1/b2qp1pp/3p4/1R4P1/7P/P2Q1PB1/6K1 b - - 0 36,d8d7 d2b2 d5d4 b4b6 d6e5 b6a6,1807,78,92,1949,advantage endgame interference long,https://lichess.org/qC8mbk3F/black#72,
5ccFE,r1q2k1r/ppp4p/3b4/3ppb1Q/8/1PNP4/1PP2PPP/R3R1K1 b - - 1 14,c7c6 h5h6 f8e7 h6g7 e7d8 g7h8,1604,74,97,299,advantage exposedKing fork interference long middlegame,https://lichess.org/mIdJmIU0/black#28,Italian_Game Italian_Game_Rousseau_Gambit
5dDSk,rnb1k1nr/1pqp1ppp/p3p3/2b5/3NP3/P1N5/1PP2PPP/R1BQKB1R w KQkq - 1 7,b2b4 c5b4 a3b4 c7c3 c1d2 c3d4,1663,74,94,13345,advantage discoveredAttack fork interference long opening pin,https://lichess.org/LfhEJvhR#13,Sicilian_Defense Sicilian_Defense_Kan_Variation
5dL31,r3k3/ppq1bn2/2b1p1Q1/3pP3/3P4/4P3/P2N2PP/5RK1 b q - 1 22,e7g5 g6g8 e8d7 f1f7,1781,80,86,46,crushing deflection interference middlegame short,https://lichess.org/gcvCkm91/black#44,
5dRHz,2b5/6p1/7k/2N5/3p2rP/1P1Bn3/P3PK1b/2R1R3 w - - 5 35,e1g1 g4f4 f2e1 h2g1,1763,74,95,8649,advantage interference master middlegame short,https://lichess.org/lYsprXJW#69,
5dXgX,7k/3b1qp1/5r2/Q7/1p1P1p2/1P3P1P/P5PK/4R3 b - - 0 33,f6f5 a5d8 h8h7 e1e7 f7g6 d8d7,1818,79,93,2036,crushing endgame interference long,https://lichess.org/Z5HsC580/black#66,
5dYaA,3R4/p3rkp1/8/2p2PP1/Pp6/1Pb2K2/2P1rP2/2R5 b - - 0 40,c3d4 g5g6 f7f6 d8f8 f6e5 f3e2,1619,77,91,2152,crushing endgame interference long,https://lichess.org/q3dfAeXN/black#80,
5e1yO,3r1r1k/pp4b1/6q1/2P2pPp/2Q2B2/3B4/PPP2PP1/2KR4 w - - 1 25,d1h1 d8d4 c4b3 d4f4,1633,74,95,23719,advantage interference middlegame short,https://lichess.org/73LWvN08#49,
5e8YQ,5rk1/p2q1rbp/1p1Bp3/2p2P2/1PP3P1/P2Q1b2/7P/3R1RK1 w - - 0 25,f1f3 g7d4 g1g2 d7d6,1632,83,71,38,advantage interference middlegame short,https://lichess.org/XO0ajAkE#49,
5eaKQ,r1b2rk1/1p3ppp/2n1pn2/2Pp4/p2N4/2q1B2P/P4PP1/RB1Q1RK1 b - - 1 15,g7g6 d4c6 b7c6 e3d4 c3c4 d4f6,1885,75,58,119,clearance crushing interference long middlegame,https://lichess.org/lcf0wjpF/black#30,French_Defense French_Defense_Knight_Variation
5ekOD,2r4r/pp3pkp/1q2p1p1/3pP1N1/2nP1P1Q/PpP4R/1P4PP/R5K1 b - - 6 23,h7h5 g5f7 g7f7 h4f6 f7e8 f6h8,1853,78,93,2197,attraction crushing interference long middlegame sacrifice,https://lichess.org/nEq8QiVg/black#46,
5hEf2,r2r4/1bq2kp1/4pN1p/p1p2p1Q/8/6P1/PPP2PP1/3RR1K1 b - - 3 22,f7f6 e1e6 f6e6 h5g6 e6e7 g6g7,1898,76,100,118,attraction crushing interference long middlegame sacrifice,https://lichess.org/7wxFEDMP/black#44,
5hzu2,4r3/5k1p/p7/1p1P1p2/5R2/P1P1B2r/1P3KR1/8 b - - 2 42,h3e3 f4f5 f7e7 f2e3,1620,74,97,1347,crushing endgame interference rookEndgame short,https://lichess.org/djp0teO1/black#84,
5iDGK,r1b2rk1/2p3pp/p7/3p4/B3p3/4R3/PqP1Q1PP/3R3K b - - 1 20,b2a2 a4b3 a2b2 b3d5,1645,77,77,74,crushing interference middlegame short,https://lichess.org/RAgZ9QdQ/black#40,
5isZC,8/8/5r1p/2k3p1/8/PRK3P1/5P2/8 w - - 11 51,b3b2 f6f3 c3c2 f3f2 c2b3 f2b2,1787,76,82,80,crushing endgame exposedKing interference long rookEndgame,https://lichess.org/hA9B2YX8#101,
5jRul,1r4k1/p2b1ppp/4pn2/3p4/3P4/2P1PP2/P2B2PP/1B2K2R w K - 1 19,e1g1 b8b2 d2c1 b2b1,1759,70,95,18561,advantage endgame interference short,https://lichess.org/FgqDffmg#37,
5l4vB,8/4k3/4P3/3pPBp1/p1p2p2/2P5/K7/8 w - - 1 54,a2a3 f4f3 a3a4 f3f2 f5h3 g5g4 h3g2 e7e6,1812,76,82,907,advancedPawn bishopEndgame crushing endgame interference veryLong,https://lichess.org/Eu9Uq3gO#107,
5lgX3,r6r/1ppbk3/p1nqpbQ1/3p2N1/3P3P/2P1P1P1/PP3P2/RN2K2R b KQ - 2 15,f6g5 g6g7 e7e8 g7h8,1812,75,97,3440,advantage fork interference middlegame short,https://lichess.org/rWKf79Pc/black#30,Queens_Pawn_Game Queens_Pawn_Game_Accelerated_London_System
5ogPp,r1bq1rk1/pp4bp/2p1p1p1/3n4/3P1B2/2PB3Q/PP2NPP1/2KR3R b - - 1 15,d5f4 h3h7 g8f7 e2f4,1648,74,95,15408,crushing interference intermezzo kingsideAttack master middlegame short,https://lichess.org/c6qg5LSH/black#30,Scandinavian_Defense Scandinavian_Defense_Modern_Variation
5pWqt,r4b1r/pp1k1ppp/8/3Q4/1p6/5pPq/P1P2P1P/R3R2K b - - 0 20,f8d6 d5b7 d7d8 b7a8,1738,75,90,846,crushing interference middlegame short,https://lichess.org/D4i32viy/black#40,
5pmrF,r1b3k1/ppq3p1/2nbpr2/3p2NQ/3P4/2P5/5PPP/RN3RK1 b - - 3 16,g8f8 h5h8 f8e7 h8g7 e7d8 g7f6,1710,78,100,58,advantage deflection interference long middlegame,https://lichess.org/sYv9YUiQ/black#32,Sicilian_Defense Sicilian_Defense_Wing_Gambit
5qLhw,8/5p1k/2N3bp/3P2p1/8/3q1pPP/5P2/4Q1K1 w - - 1 38,c6e7 d3e2 e1a1 e2e7,1653,90,100,29,crushing endgame interference master short,https://lichess.org/i3QQZzgb#75,
5rPwL,rnb1kb1r/pp3ppp/3p1n2/q2P4/5p2/2NB1N2/PPP3PP/R1BQK2R b KQkq - 0 8,f6d5 d3b5 b8c6 d1d5,1790,75,96,2393,advantage discoveredAttack interference opening short,https://lichess.org/msbS4KFy/black#16,Pirc_Defense Pirc_Defense_Other_variations
5tTA1,3r3r/pQpk2pp/4b3/1P2Pp2/3p1P2/2bP3K/2P2RBP/1q6 b - - 0 26,d8b8 g2c6 d7d8 b7b8 e6c8 c6b7,1798,76,88,97,advantage interference long middlegame,https://lichess.org/ujjIEBcy/black#52,
5tdnK,1rr3k1/5ppp/p7/2n1p1P1/2q3PP/Q3P1BB/1PP1K3/3R3R w - - 5 25,e2f2 c4c2 f2g1 c2d1,1842,75,76,80,crushing interference master masterVsMaster middlegame short,https://lichess.org/ZTztt6Tb#49,
5uSJZ,r2qr2Q/ppb1kp2/2p1R3/6p1/3p4/3B4/PPP2PPP/R5K1 b - - 0 19,f7e6 h8g7 e7d6 g7d4 d6e7 d4g7,1754,76,92,435,advantage interference long middlegame,https://lichess.org/eLOA9d16/black#38,
5v0p3,4r1k1/3n1p1p/q3rnp1/2p5/2P2B2/3Q1B1P/1R3PP1/1R4K1 b - - 0 27,d7e5 f4e5 e6e5 b2b6 a6a2 b6f6,1645,75,95,11740,advantage interference long middlegame,https://lichess.org/V58IppxJ/black#54,
5vE3E,2kr1bnr/ppp2pp1/4p1p1/4q3/8/P1NP4/1P1QBPPP/2KR3R b - - 1 14,h8h2 f2f4 e5d4 h1h2,1758,76,85,108,advantage interference intermezzo middlegame short,https://lichess.org/r0zvQR3x/black#28,Scandinavian_Defense Scandinavian_Defense_Other_variations
5vEzB,3qr1k1/pR5p/7B/2pp4/4n3/2PQ2Pb/2B2PNb/5K2 b - - 2 29,d8f6 d3d5 h3e6 d5e4,1664,75,91,1883,advantage interference middlegame short,https://lichess.org/UlMeXyJF/black#58,
5vScO,r1r3k1/p4ppp/3q4/4pb2/R2p4/2P2N2/PP3PPP/R2Q2K1 w - - 0 18,c3d4 f5c2 d1e2 c2a4,1640,74,91,3370,crushing fork interference middlegame short,https://lichess.org/7dbPNZvx#35,Sicilian_Defense Sicilian_Defense_Lowenthal_Variation
5vUKK,8/1p4bk/p1pp2pp/8/3BqP2/2P3P1/PP1Q3P/5K2 w - - 2 30,d4g7 e4h1 f1e2 h1h2 e2d1 h2d2 d1d2 h7g7,1895,78,93,2560,advantage endgame exposedKing interference master veryLong,https://lichess.org/RK4F2kFy#59,
5vh9Y,4r1k1/1pnbB2p/p2p2p1/2pP2Q1/P3P3/2b3N1/1r4PP/2R4K w - - 0 27,e7f6 c3d2 g5h4 d2c1 f6b2 c1b2,1655,75,94,1417,crushing fork interference long middlegame,https://lichess.org/rLglsn1U#53,
5wmdG,r3k2r/1q2ppbp/p2p1np1/1p1N4/3BP3/1Q6/PP3PPP/2R2RK1 b kq - 4 16,e8g8 c1c7 b7b8 d5e7,1790,78,89,312,crushing interference middlegame short,https://lichess.org/KOSHCTzg/black#32,Sicilian_Defense Sicilian_Defense_Smith-Morra_Gambit
5yqxa,2k5/1bp5/6q1/1P1P2r1/8/2N1Qp2/5R2/5K2 w - - 0 44,e3f3 g5g1 f1e2 g6c2 e2e3 c2c3,1664,80,81,38,crushing endgame exposedKing interference long,https://lichess.org/VXM7kq7l#87,
5zwl3,5kr1/3Q4/p3p1p1/1p5p/8/1PPP1PR1/P4q2/6RK w - - 7 42,g3g6 f2h4 h1g2 g8g6 g2f1 h4h3,1855,82,93,1541,crushing endgame exposedKing interference intermezzo long,https://lichess.org/QgQCZpwu#83,
61O0o,7r/k4p2/4p1p1/3p2P1/7p/2r1P3/3K1PP1/3R3R b - - 1 27,h8c8 d1a1 a7b6 h1b1 b6c7 d2c3,1602,76,94,13244,crushing endgame exposedKing interference long rookEndgame,https://lichess.org/1KHQbyBE/black#54,
62PrJ,2R2rk1/3bbppp/4p3/1B1pP3/Pn1P4/4PN2/6PP/2R3K1 b - - 0 21,d7c8 c1c7 e7d8 c7c8,1690,75,94,1616,advantage interference middlegame short,https://lichess.org/XcjeYYhu/black#42,
62Sml,rr6/3Q2pp/p1n5/2k5/2pb4/2P5/Pp3PPP/3R2K1 b - - 0 24,b2b1q c3d4 c5b4 d1b1,1705,76,78,190,crushing interference middlegame short,https://lichess.org/YKT4f79w/black#48,
62qnL,r3r1k1/p1R1Ppp1/1p5p/8/8/8/2P2PPP/3R2K1 b - - 0 27,a7a5 c7d7 g8h7 d7d8 e8e7 d8a8,1783,77,87,696,advantage endgame interference long quietMove rookEndgame,https://lichess.org/rWyXI6as/black#54,
63FZg,r2qr1k1/5pbp/ppnB2p1/2p5/4P3/5P2/PP1QN1PP/R2R2K1 w - - 1 20,e2c3 g7d4 g1h1 d8d6,1625,77,96,22411,crushing interference middlegame short,https://lichess.org/ElELV8iP#39,
64Lz1,3r4/pp4k1/2q5/4PNK1/3r4/P6Q/1P1p3P/8 b - - 1 40,g7f7 h3h7 f7e6 h7e7 e6d5 e7d8,1754,75,89,509,crushing endgame exposedKing interference long master,https://lichess.org/LBXZUxIB/black#80,
65Vsc,r6r/1p3pk1/4p1P1/3p2Q1/6RP/pP6/P1P2qPK/4R3 b - - 0 28,f2e1 g6f7 g7f7 g5g7 f7e8 g7h8,1714,75,93,1248,advancedPawn attraction crushing discoveredAttack discoveredCheck endgame interference long,https://lichess.org/H6TFSpyb/black#56,
65hSL,2r2k1r/ppN1p1bp/6p1/8/6N1/1P6/1P3PPP/2R2K2 b - - 0 21,h7h5 c7e6 f8f7 e6g5 f7e8 c1c8,1727,76,97,18890,advantage endgame interference long,https://lichess.org/0cp6FcGk/black#42,
66AE7,r3nr1k/2p3pp/p2p1q2/1p6/3Q4/1BP2P2/PP3P1P/2R1R1K1 b - - 0 19,f6f3 b3d5 f3f5 d5a8,1678,78,81,79,advantage fork interference middlegame short,https://lichess.org/9XYbSIfM/black#38,
68jps,5rk1/1n3r2/p1pp4/1p4p1/4PB2/3P2R1/PPP5/2K2R2 b - - 1 26,f7f4 g3g5 g8f7 f1f4,1833,244,100,2,advantage endgame interference intermezzo short,https://lichess.org/K0cJySSB/black#52,
68nNG,rn1qk1nr/pp2p1bp/2p3p1/4p3/3P2b1/5N2/PPP1B1PP/RNBQ1RK1 w kq - 0 9,f3e5 g4e2 d1e2 d8d4 c1e3 d4e5,1728,80,90,2035,advantage interference kingsideAttack long opening,https://lichess.org/qEXhSysW#17,Modern_Defense Modern_Defense_Three_Pawns_Attack
6AGEY,6k1/1pp5/3p2P1/p7/2P2p2/P1K1bq2/1PQ1R3/8 w - - 0 37,c3b3 e3d2 b3a2 f3e2,1873,81,83,79,advantage discoveredAttack discoveredCheck endgame interference master short,https://lichess.org/kypC6Rzg#73,
6AU4U,2rq1rk1/pp4p1/4b1p1/8/2pP1p2/P1R4P/1PQ2PPN/1R4K1 w - - 0 27,c2g6 e6f5 g6h5 f5b1,1709,74,97,4518,advantage fork interference middlegame short,https://lichess.org/B03f1ZtO#53,
6BXMY,r3k2r/pppq2b1/3pp3/6Np/3n2pP/2N3P1/PPP3P1/R2Q1RK1 b kq - 1 17,e8c8 f1f7 d7c6 f7g7,1630,250,0,3,advantage interference middlegame short,https://lichess.org/i7N21aZ5/black#34,Modern_Defense Modern_Defense_Other_variations
6DSwH,b6q/2Q2pk1/p3r1p1/1pR1p3/1P6/P1N1P3/5PP1/6K1 w - - 12 40,c5e5 e6c6 c7e7 c6c3 e5c5 c3c5,1869,78,89,65,crushing endgame interference long master,https://lichess.org/pUXIENPl#79,
6E9KS,8/1b3p1k/p1q3p1/1p2Qp1p/6rP/1B6/PPP3P1/4NRK1 w - - 5 28,f1f2 g4e4 e5g3 e4e1,1811,111,85,45,crushing interference kingsideAttack middlegame short,https://lichess.org/z0OiFhLh#55,
6EYNh,2rq1rk1/p2b1pp1/1p2p3/3pPnN1/1Q3B2/2N5/P4PPP/R4RK1 w - - 4 18,a1c1 c8c4 b4a3 c4f4,1725,79,93,1222,advantage interference master middlegame short,https://lichess.org/jfura4ym#35,French_Defense French_Defense_Advance_Variation
6Gcxc,r4k1r/ppp4p/3bQp2/1P1P1Nq1/P2p4/3P1P2/4K1P1/3R3R w - - 4 30,f5d6 g5g2 e2e1 g2h1,1852,77,80,132,advantage interference middlegame short,https://lichess.org/zvR3rGKi#59,
6HPqS,r5k1/pp3ppp/2bbp3/q1p3Q1/2P5/P6P/1PBrNPP1/2R2K1R b - - 0 22,b7b6 b2b4 c5b4 g5d2,1823,74,95,8769,advantage interference middlegame short trappedPiece,https://lichess.org/FAHgAjkt/black#44,
6IMWx,r7/pp4k1/2p1Qp2/2Pp2p1/1P1q3r/3B4/P4R2/5RK1 w - - 10 34,e6f6 d4f6 f2f6 h4g4 g1f2 g7f6,1731,75,99,1212,advantage exposedKing interference long middlegame,https://lichess.org/rrfCxEyS#67,
6JMhR,1r1r2k1/q4p1p/5p2/4P3/p2R1pQ1/2PN4/PP4PP/6K1 b - - 1 29,g8f8 e5f6 d8d4 g4g7 f8e8 g7g8 e8d7 g8f7 d7c8 f7a7,1853,76,86,106,crushing deflection endgame interference sacrifice skewer veryLong,https://lichess.org/TH3LOdYj/black#58,
6JnlJ,3r1r2/1b4kp/2q3p1/p2p1p2/P2pnP2/1P5P/2B2QP1/R2R1NK1 w - - 2 30,c2e4 d5e4 d1d4 e4e3 f1e3 d8d4,1890,75,84,182,crushing interference intermezzo long middlegame,https://lichess.org/v2dfVu66#59,
6Jzy3,8/1kr2p2/p2Qp3/1p1pPp2/P4R2/7P/2q2P1K/8 b - - 0 43,b5a4 f4b4 b7c8 d6f8 c8d7 f8f7,1730,76,93,262,crushing endgame interference long,https://lichess.org/5u01vAdy/black#86,
6K7st,1Qn1k2r/2Bb1p2/4p2p/6p1/2r1q3/8/1P3PPP/R2R2K1 b k - 0 21,c4d4 d1d4 e4d4 c7e5 d4d5 e5h8,1657,76,87,118,advantage fork interference long middlegame,https://lichess.org/ECRhmlXF/black#42,
6KdjL,2r1r1k1/pp1N1ppp/8/4b3/8/5Q1P/PP3PPq/R3RK2 w - - 2 24,d7e5 h2h1 f1e2 e8e5,1785,74,87,855,crushing interference intermezzo middlegame short,https://lichess.org/lZPlwWaz#47,
6L5o6,2r3k1/pR3rpp/3qp1n1/3p4/P1p5/2P1Q1P1/5P1P/R1N3K1 w - - 2 30,b7a7 d5d4 c3d4 f7a7,1889,74,95,14605,crushing interference intermezzo middlegame short,https://lichess.org/g1kp5WOf#59,
6LODW,4rk2/5ppQ/p4b2/7N/3pP3/3R1PP1/q6P/5K2 b - e3 0 32,d4e3 h7h8 f8e7 d3e3 a2e6 e3e6 f7e6 h8h7,1604,77,92,832,advantage endgame interference intermezzo master veryLong,https://lichess.org/COzRe1WD/black#64,
6OMlg,r1bq3r/pp2k1pp/2p2nn1/4R1B1/1bBP2Q1/2N5/PPP2PPP/R5K1 b - - 0 14,g6e5 g5f6 g7f6 g4g7 e7e8 g7h8,1770,76,95,766,advantage clearance exposedKing interference long middlegame,https://lichess.org/8nAE7xAK/black#28,Italian_Game Italian_Game_Two_Knights_Defense
6OiYY,8/6p1/2r1k1p1/8/6R1/3K4/P1P5/8 b - - 8 49,e6d5 g4g5 d5d6 g5g6,1705,161,25,15,crushing endgame interference rookEndgame short,https://lichess.org/DGvXiikL/black#98,
6Q2Dd,r6r/2p2kp1/2p4p/p1q2p2/P4Q2/3P1P1P/1PP1RP2/6K1 b - - 2 23,a8c8 e2e5 c5f8 e5f5,1749,76,50,80,advantage endgame interference short,https://lichess.org/fsdvVLHX/black#46,
6Q4iv,3r4/p2b2k1/1p3qp1/3BQ3/NbP2P1p/1P5P/P5P1/3R3K w - - 8 33,e5c7 b4d6 c7a7 f6f4,1614,75,93,1591,crushing interference master middlegame short,https://lichess.org/9AhzycIl#65,
6RCJp,8/p4Q1p/4p3/5p1k/8/4K3/5P2/7q b - - 0 40,h5g5 f7g7 g5h5 g7h7,1653,76,96,3618,crushing endgame interference queenEndgame short,https://lichess.org/xLYNmLNN/black#80,
6S3R2,2r1r3/4kp2/1p2qNpQ/p1p1P1B1/P2n4/3P4/6P1/4R1K1 b - - 8 32,e8h8 f6g8 e7d7 h6h8,1840,75,95,2060,advantage discoveredCheck doubleCheck interference middlegame short,https://lichess.org/Fuf7EHZN/black#64,
6Se89,3r4/5p2/4p1p1/5k1p/4N3/3nKP1P/3p2P1/3R4 b - - 3 56,d3b2 g2g4 f5e5 f3f4 e5d5 d1d2,1864,76,92,750,crushing endgame interference long,https://lichess.org/uiXQhOpZ/black#112,
6Trz8,2b5/4k1Q1/4p3/2qp3P/1p6/8/5PP1/5K2 b - - 5 43,e7d6 g7f8 d6c6 f8c8 c6b5 c8c5,1691,76,84,199,crushing endgame interference long,https://lichess.org/aHOMtkoD/black#86,
6VSI2,rn1qkb1r/2pb1ppp/4pn2/pp2N3/3P4/1Q2P3/PP3PPP/RNB1KB1R w KQkq - 0 9,f1b5 f8b4 c1d2 d7b5 d2b4 a5b4,1788,76,72,84,advantage interference intermezzo long opening,https://lichess.org/1oELZdru#17,Queens_Gambit_Accepted Queens_Gambit_Accepted_Accelerated_Mannheim_Variation
6Wj1d,r1b1k2r/ppp2pp1/2Nb1n1p/3B4/4P3/5P1q/PPPQ3P/RNB2RK1 w kq - 2 12,e4e5 d6c5 c6d4 f6d5,1752,75,97,8871,advantage interference opening short,https://lichess.org/tvpYjqi6#23,Italian_Game Italian_Game_Anti-Fried_Liver_Defense
6Wxse,rn4k1/ppnqp1b1/2p1p1pp/4Pr2/3P3Q/2N2N1P/PP3PP1/R1B2RK1 w - - 2 17,c1h6 f5h5 h4g4 h5h6,1891,150,100,22,equality interference middlegame short,https://lichess.org/AVMn4KvY#33,
6XeHI,2k3r1/1pp2p2/p1b4p/4P3/P3qP2/4P1P1/3PQ2P/RR4K1 w - - 1 25,g1f1 e4h1 f1f2 h1h2,1700,75,90,1517,advantage endgame interference short,https://lichess.org/YgJsfhVc#49,
6XlWv,3r1rk1/4q2p/6p1/p2N4/3Q4/1P2n3/PB6/1K5R b - - 2 27,d8d5 d4h8 g8f7 h1h7 f7e8 h7e7,1709,74,97,2110,crushing deflection interference long master middlegame skewer,https://lichess.org/JdV6tGfH/black#54,
6YupV,6rk/ppp4p/2np3q/2bNpPr1/4Q2N/2P4P/PP3PP1/3R1RK1 w - - 3 21,g1h1 g5g4 h3g4 h6h4 h1g1 g8g4,1889,76,93,931,advantage interference kingsideAttack long master middlegame sacrifice,https://lichess.org/45Y7KZgP#41,
6ZS7w,5rk1/1p3n1p/1Bp1p1p1/P3p3/2Q1P3/2N4P/5PPK/2q5 b - - 4 32,f7g5 b6e3 c1c2 e3g5,1712,77,86,875,advantage endgame interference master short,https://lichess.org/WNA3liJH/black#64,
6ZSg5,7r/1p2p1k1/p2p1pp1/3Q4/2P2P1n/1P2P2q/4RK1P/3R4 w - - 0 39,f2e1 h4f3 e1f2 h3h2 f2f3 h8h3 f3e4 h2e2,1649,77,96,2487,crushing deflection endgame exposedKing interference sacrifice veryLong,https://lichess.org/pTgYv9Mw#77,
6ZlfF,3r4/1b2b1kp/pq3p2/1r3Bp1/2pp4/1P1Q1PP1/P1R1P2P/3RB1K1 w - - 0 28,b3c4 b5f5 d3f5 d4d3 e1f2 d3c2,1695,76,93,591,advancedPawn advantage discoveredAttack discoveredCheck interference long middlegame sacrifice,https://lichess.org/MZyUQ0tN#55,
6bmKr,8/5pp1/7p/3N4/2p4P/6K1/2rk2P1/1R6 w - - 3 41,d5b4 c2c3 g3h2 c3b3 b1a1 b3b4,1661,75,85,155,crushing endgame interference long,https://lichess.org/aQ9rfDln#81,
6cNpd,2r3k1/pp5p/3pN3/3Pn1PR/4P3/6K1/Pr4P1/7R w - - 1 31,h5h7 c8c3 g3h4 g8h7,1746,76,87,183,crushing endgame interference short,https://lichess.org/OuvZWyEa#61,
6cT9J,2kr3r/2q1b1p1/1p1p2p1/1PnQp3/p3PP2/8/PP2B3/1K1R3R b - - 0 26,e5f4 d5a8 c8d7 e2g4 d7e8 h1h8,1818,78,93,5716,crushing exposedKing interference long middlegame,https://lichess.org/PMjO2zBD/black#52,
6fMwi,4r1k1/pp3p2/2p2n1p/3p1Bpb/3P1qP1/2P4P/PPQN1P2/R5K1 w - - 1 24,g4h5 e8e2 d2e4 e2c2,1747,74,86,648,advantage interference middlegame short,https://lichess.org/2SRcApEC#47,
6gFIq,5rk1/p1p2ppp/8/7q/2PP1Bnb/5N2/PP1N3p/R4Q1K w - - 1 18,d2e4 g4f2 e4f2 h5f3 f1g2 f3f4,1840,75,85,250,advantage discoveredAttack exposedKing fork interference long middlegame,https://lichess.org/xX2xd08z#35,Kings_Gambit_Accepted Kings_Gambit_Accepted_Cunningham_Defense
6hEnA,rnb1qrk1/pp4pp/2p5/2bNN3/8/1B2P2P/PPP5/R1BQ1RK1 b - - 0 13,e8e5 d5e7 g8h8 f1f8,1613,91,81,68,backRankMate deflection discoveredCheck doubleCheck interference mate mateIn2 middlegame short,https://lichess.org/HX0UuXKC/black#26,Englund_Gambit Englund_Gambit_Other_variations
6lJVR,8/2R5/1r4p1/1P6/2K2kP1/8/8/8 b - - 2 62,f4g4 c7c6 b6b7 c6g6,1840,87,83,50,crushing endgame interference rookEndgame short,https://lichess.org/xIiGmESO/black#124,
6nEn6,r5k1/3r2pq/p3R2p/1p1p4/1P2n3/7P/P3Q1PB/5RK1 b - - 0 33,e4f6 f1f6 g7f6 e6e8 a8e8 e2e8 g8g7 e8d7,1863,76,96,6053,crushing interference middlegame sacrifice veryLong,https://lichess.org/QBVv5y3B/black#66,
6nfEK,2k2b1r/ppN2ppp/8/q3nb2/8/2P2N2/PP3PPP/R2QK2R w KQ - 0 16,c7d5 e5d3 e1f1 a5d5,1830,76,92,1095,crushing interference middlegame short,https://lichess.org/29oyMlPj#31,Scandinavian_Defense Scandinavian_Defense_Main_Line
6ol8t,4rk2/ppp2ppp/2n5/4P3/6b1/5N2/PPP1BKPP/3R4 b - - 0 16,c6e5 f3e5 g4e2 e5d7 f8e7 f2e2,1806,82,86,84,advantage endgame interference intermezzo long,https://lichess.org/rFz7af1r/black#32,Blackmar-Diemer_Gambit Blackmar-Diemer_Gambit_Lemberger_Countergambit
6ow9U,rnb1k2r/pp3ppp/2pb4/6B1/2PQ2n1/2N2N2/P1q1PPPP/1R2KB1R w Kkq - 2 10,d4g7 d6e5 f3e5 c2c3 g5d2 c3e5 g7e5 g4e5,1810,79,85,550,advantage interference middlegame veryLong,https://lichess.org/nJOqRvu8#19,Old_Indian_Defense Old_Indian_Defense_Czech_Variation
6pr7P,4r1k1/1p2r1p1/p1bQ4/7p/P1P2P1P/1P4PK/7R/8 w - - 2 35,d6c5 c6d7 f4f5 e7e5 c5d4 d7f5,1668,75,76,103,advantage endgame interference long,https://lichess.org/gsMOcJNV#69,
6qXnY,3q1k2/3bRr1p/5PpP/p2pQ3/2pP4/2P3P1/P4PK1/8 b - - 10 40,f7e7 f6e7 d8e7 e5h8 f8f7 h8h7,1701,75,87,871,advancedPawn crushing endgame exposedKing fork interference long,https://lichess.org/6dxlDWBj/black#80,
6qjMY,1r6/1r6/2p5/p1kppQB1/2b5/2q3P1/2P2PBP/2R3K1 b - - 0 29,b7b1 g5e7 c5b6 c1b1,1736,79,93,2347,crushing interference master middlegame short,https://lichess.org/eX30JKqn/black#58,
6qp4b,6k1/5pp1/1p2p2p/q2p4/P4P2/1PrRP2P/6P1/1Q4K1 b - - 3 30,f7f6 b3b4 a5a4 d3c3,1613,74,92,3835,crushing endgame interference short,https://lichess.org/z2WtC75z/black#60,
6r3XW,8/1pp1qp1k/1r1p1b1p/1bnPp1r1/p3PpPQ/P1P4P/1PBN1P1K/1R2N1R1 b - - 2 30,g5f5 e4f5 f6h4 f5f6 h7h8 f6e7,1852,86,87,37,advancedPawn advantage discoveredAttack interference long middlegame sacrifice,https://lichess.org/SL4ODQs9/black#60,
6rCIK,r1bq1r2/1p2bpk1/p1p1p1pp/4N3/3PQ3/4P3/PP3PPP/1BR2RK1 w - - 2 17,e5g6 f7f5 e4f3 g7g6,1628,75,98,278,advantage interference middlegame short,https://lichess.org/HY31EN2o#33,Queens_Gambit_Declined Queens_Gambit_Declined_Three_Knights
6rgY1,r2q1rk1/1b1nppbp/p4np1/1p1p4/3P1B2/1B2PN2/PP1NQPPP/2R2RK1 b - - 3 12,d7b6 f4c7 d8e8 c7b6,1704,160,33,10,crushing interference middlegame short,https://lichess.org/WQlvapRY/black#24,Indian_Defense Indian_Defense_Other_variations
6rjzB,2b2b1r/3q3p/2kp1Q2/3Npp2/P3r3/8/1PP2PPP/R4RK1 b - - 2 19,f8g7 d5e7 c6b7 f6g7 h8e8 e7f5 d7g7 f5g7 e8g8 g7h5,1855,75,80,554,advantage defensiveMove interference middlegame pin veryLong,https://lichess.org/DoHY8MGC/black#38,Sicilian_Defense Sicilian_Defense_Lasker-Pelikan_Variation
6rpvj,1r3r2/p2bpk1p/3p1npQ/6P1/2pNP3/1Pq2P2/P1P5/2KR3R w - - 0 22,g5f6 c3a1 c1d2 a1d4,1774,75,94,6833,advantage interference middlegame queensideAttack short,https://lichess.org/KCjGfizk#43,
6sAPI,r3kb1r/p2npp1p/1p2b1p1/1BpqN3/3P4/2Q1P3/PP3PPP/R1B2RK1 b kq - 3 12,f8g7 b5c6 d5d6 c6a8,1729,75,95,4263,crushing fork interference middlegame short,https://lichess.org/6K1MfHOE/black#24,Queens_Pawn_Game Queens_Pawn_Game_Symmetrical_Variation
6sHss,1k1r4/1p5p/2r2p2/3np3/3q4/Q5PP/4PP2/RR4K1 b - - 8 33,d5c3 a3a8 b8c7 b1b7 c7d6 a8d8,1876,77,93,139,crushing deflection interference long middlegame,https://lichess.org/uhJU3jan/black#66,
6tGjH,8/2N2pp1/2K3p1/p3k3/1p2P1PP/5r2/8/2R5 w - - 0 36,c6b5 f3c3 c1b1 c3c7,1863,76,96,6281,crushing endgame interference master short,https://lichess.org/WAB0Jpi8#71,
6u7mq,2kr2r1/pp3p2/4p3/8/1P2qBQ1/P6P/5PP1/2R4K b - - 2 26,c8d7 c1c7 d7e8 g4g8,1693,74,89,440,endgame interference mate mateIn2 short,https://lichess.org/VeWznXWZ/black#52,
6uJfu,4rbk1/5p1p/3p2p1/1p1P2PP/1pp1PB2/5B2/rPP1Q3/qNK3RR w - - 1 26,h5g6 a1b2 c1d2 b2c2 d2e1 c2b1 e1f2 a2e2,1739,75,88,58,crushing discoveredAttack interference middlegame queensideAttack veryLong,https://lichess.org/zf4tRNNc#51,
6w1es,5bk1/1q3p1p/1r4p1/Q2Ppb2/7P/2P3P1/3N1PB1/R5K1 w - - 1 30,a5a2 b6b2 a2a5 b2d2,1635,76,94,1034,advantage interference middlegame short,https://lichess.org/Fi6FRXe7#59,
6wAAv,6k1/4bpp1/4p2p/p1p1P2P/4q3/P2R1N2/2Q1KPP1/r3B3 w - - 4 42,e2d2 e7g5 d2c3 a1a3,1851,76,91,338,crushing interference master middlegame short,https://lichess.org/mhciI0CE#83,
6xdCH,8/p7/kpp5/2b4p/4P2P/2P3Q1/Pq1K2P1/4R3 w - - 0 30,d2d3 c5f2 g3g8 f2e1,1827,76,93,2172,crushing endgame fork interference master masterVsMaster short,https://lichess.org/zH5ZbaL4#59,
6yZmc,r3k2r/pR1n1pp1/4p2p/2p1P3/P1p5/4PQ2/q2P2PP/5RK1 b kq - 2 17,h8f8 b7d7 e8d7 f3b7 d7d8 b7a8,1854,76,94,9619,attraction crushing interference long middlegame sacrifice,https://lichess.org/GXCvsfdX/black#34,Nimzo-Larsen_Attack Nimzo-Larsen_Attack_Indian_Variation
6zUnn,r3k2r/pp3pp1/1qp1b1n1/3pP2B/4p2P/P1N1b1B1/1PP2PP1/1R1QK2R w Kkq - 0 14,f2e3 b6e3 c3e2 h8h5 g3f2 e3h6,1638,77,89,2291,advantage defensiveMove fork interference long middlegame,https://lichess.org/BwDY5zg4#27,Van_Geet_Opening Van_Geet_Opening_Reversed_Nimzowitsch
6zjbn,6rk/pp2pp1p/2p3r1/4P3/2P5/7R/q1P1Q1PP/6RK b - - 0 24,g6g2 h3h7 h8h7 e2h5 h7g7 g1g2 g7f8 h5h6 f8e8 g2g8,1759,119,52,47,attraction crushing deflection endgame interference sacrifice veryLong,https://lichess.org/DIntCD7C/black#48,
6znwg,4rk2/pp3pb1/6p1/6N1/3nB2Q/P6P/4qPP1/1R4K1 w - - 2 28,b1b7 e2e1 g1h2 g7e5 g2g3 e1f2,1837,78,74,51,advantage interference long middlegame,https://lichess.org/YdU1HsoJ#55,
70juM,r1b1kbr1/ppp2R1p/2n5/3pP2n/3P3q/2N3p1/PPP1B1P1/R1BQN1K1 w q - 1 13,e2h5 h4h2 g1f1 h2h1 f1e2 h1h5,1636,75,94,736,advantage interference kingsideAttack long opening,https://lichess.org/z7yplVPk#25,Kings_Gambit_Accepted Kings_Gambit_Accepted_Schallopp_Defense
733ow,4r2k/p3q1pn/4b2p/2pB1p2/2Pp1B2/1P1P1Q2/P4PPP/R5K1 w - - 4 23,d5c6 e6d5 f3d1 d5c6,1840,75,92,1752,advantage interference middlegame short,https://lichess.org/qmQIwKO6#45,
73bFM,8/7p/p4R2/4k1P1/r7/4K3/P6P/8 w - - 1 44,f6f2 a4a3 e3d2 a3a2,1655,80,75,53,crushing endgame interference master rookEndgame short,https://lichess.org/25zOrgg1#87,
748C0,3r1rk1/1bp3p1/pq4p1/1p1pP3/6N1/1P5P/P1Q3P1/2R1R2K b - - 6 26,d8d7 e5e6 d7e7 c2g6,1656,94,31,41,crushing interference middlegame short,https://lichess.org/E6kxxm2F/black#52,
74CDy,rnbqk2r/pp6/4p1Qp/2ppP3/3P4/2P5/P1PK1PPP/R5NR b kq - 0 12,e8e7 g6g7 e7e8 g7h8,1723,76,81,81,advantage interference middlegame short,https://lichess.org/xldOngVg/black#24,French_Defense French_Defense_McCutcheon_Variation
74D3X,r1b2rk1/1p1p1ppp/p7/1B1P2q1/Q2p4/8/PPP2PPP/R4RK1 w - - 1 14,b5d7 b7b5 a4d4 c8d7,1685,75,91,2609,advantage interference intermezzo middlegame short,https://lichess.org/BwynDgdw#27,Sicilian_Defense Sicilian_Defense_Smith-Morra_Gambit
74uYR,8/8/1p5R/pk6/P2RKP2/2r5/1r6/8 b - - 0 46,b5c5 d4d5 c5b4 h6b6 b4a3 b6b2,1747,120,74,21,crushing deflection endgame interference long rookEndgame,https://lichess.org/UPpBw4C7/black#92,
75399,2r2rk1/1p4p1/p3p1q1/3nP1P1/3B1p1Q/2P4R/PP2p2P/4R2K b - - 1 28,f4f3 h4h8 g8f7 h3f3 f7e7 d4c5,1740,77,82,47,advantage interference long master middlegame,https://lichess.org/DCFfhk5X/black#56,
75ORm,2r1k1nr/1p3pbp/p3p1p1/1b1pP1B1/P2R4/1P3N2/2q2PPP/RN2Q1K1 b k - 0 16,b5e2 d4d2 c2c1 d2e2,1673,75,94,1809,advantage interference middlegame short,https://lichess.org/iEuOmrlO/black#32,French_Defense French_Defense_Knight_Variation
75Ruz,r3r2k/6pp/p5q1/1p6/2pp1P2/PP3QKP/B1P4R/R7 w - - 1 29,f3g4 e8e3 g3f2 g6c2 f2g1 c2c3,1785,76,77,76,crushing interference long middlegame,https://lichess.org/6JWQR6E6#57,
75UG3,8/8/1p6/p1pp3R/3P4/P1PR4/1P2r1r1/2K3k1 b - - 2 44,e2b2 d3d1 g1f2 c1b2,1639,74,96,15779,crushing endgame interference rookEndgame short,https://lichess.org/eO5KomMo/black#88,
766Lw,rn1q3r/p2b1kpQ/2p1pb2/1p1nN1B1/3P4/P7/1P3PPP/RB3RK1 b - - 2 19,f6e5 b1g6 f7f8 h7h8,1812,77,87,687,interference mate mateIn2 opening short,https://lichess.org/c7EI0R4j/black#38,
76Lk3,r5kr/1pqnb1p1/p3p1Q1/2ppP2p/P2P4/2P1P3/1P1N2PP/R4RK1 b - - 2 17,d7f8 g6f7 g8h7 f7h5 h7g8 h5f7,1777,76,86,173,crushing interference kingsideAttack long middlegame,https://lichess.org/fYKO0lkp/black#34,Caro-Kann_Defense Caro-Kann_Defense_Advance_Variation
78sJ2,r2r4/2Rnkp1p/p3p3/1p2N3/1b2p3/4P1P1/PP2KP1P/3R4 w - - 0 20,e5d7 b4d6 c7c6 d8d7,1696,76,93,1909,crushing endgame interference master masterVsMaster short,https://lichess.org/bKG3qQZM#39,
79rnx,4rr1k/6pp/3P4/1p6/8/8/2R1RpPP/5K2 b - - 0 36,e8e2 c2e2 h8g8 d6d7 g8f7 e2f2,1763,75,93,609,advancedPawn crushing endgame interference long rookEndgame,https://lichess.org/USD3rBZD/black#72,
7BqxF,5rk1/pb4b1/1pqp3p/2p2pp1/8/2P1B1NP/PP1Q3P/3R1RK1 w - - 0 24,g3f5 c6h1 g1f2 f8f5,1681,85,88,43,crushing interference intermezzo kingsideAttack middlegame short,https://lichess.org/gYtxC46T#47,
7CzSv,8/R5R1/3p3k/3r4/8/3rK2P/8/8 w - - 4 41,e3e4 d5d4 e4f5 d3f3 f5e6 f3e3 e6d7 h6g7,1848,75,85,113,crushing endgame interference rookEndgame veryLong,https://lichess.org/zYKtEI1o#81,
7D0I3,r1b2rk1/ppp4p/4Pqpb/3Nnp2/2P5/3B4/PP3PPP/R2QR1K1 b - - 1 14,f6g7 e6e7 f8e8 d5c7 e8e7 c7a8,1720,75,86,1160,advancedPawn advantage fork interference long opening,https://lichess.org/G1c76UaB/black#28,Horwitz_Defense Horwitz_Defense_Other_variations
7D6yF,6k1/2p3p1/1bp3p1/p2p4/P2P2q1/R4rn1/1P3P2/3Q1RK1 w - - 0 25,a3f3 g3e2 g1h2 g4f3,1669,75,81,136,crushing discoveredCheck doubleCheck endgame interference intermezzo short,https://lichess.org/1j1t5lT6#49,
7DYkn,8/R3k1pK/4P3/1pNp4/1P1P3p/4r3/6r1/8 b - - 3 47,e7f6 a7f7 f6g5 f7g7 g5f5 g7g2,1600,74,95,10504,crushing deflection endgame exposedKing interference long skewer,https://lichess.org/RTIROfkP/black#94,
7Dkll,r2qkb1r/pp1npbp1/2p1pn2/3p2PP/3P4/3B4/PPP5/RNBQK1NR b KQkq - 0 11,h8h5 h1h5 f6h5 g5g6 f7g8 d1h5,1631,78,96,14315,advantage interference intermezzo long opening,https://lichess.org/bxEnZZRm/black#22,Caro-Kann_Defense Caro-Kann_Defense_Advance_Variation
7DuGK,7r/ppq2pk1/2p1p1p1/4P1Q1/2Pr4/6R1/PP4PP/5RK1 b - - 2 29,c7d8 f1f7 g7f7 g5g6 f7e7 g6g7 e7e8 g7h8,1864,80,93,123,attraction crushing endgame interference sacrifice veryLong,https://lichess.org/bq5j0RMC/black#58,
7EleX,5k2/pb2r1p1/1p2p2q/6R1/3N1Q2/2P1p2P/PP6/6K1 b - - 1 34,e7f7 f4b8 f8e7 b8b7 e7f6 b7f3,1860,79,85,867,advantage endgame interference long,https://lichess.org/ZQmGNFL4/black#68,
7ErFF,r2q1rk1/1b4bp/p2n1pp1/1p1p4/3P1BP1/2N2N1P/PP1Q1P2/2R1R1K1 w - - 1 19,f4h6 d6c4 d2f4 g6g5 f4g3 g7h6,1844,75,96,9353,advantage interference long middlegame,https://lichess.org/xyfLmTGQ#37,Sicilian_Defense Sicilian_Defense_Old_Sicilian
7Fo2K,4r3/1p1q3p/p1rPp1p1/5pk1/P6R/1P2PP2/1Q3P1P/1R4K1 w - - 5 26,b2d4 e6e5 f3f4 g5h4,1860,74,93,563,advantage endgame interference short,https://lichess.org/6PhziOqF#51,
7Hb43,1k1r4/3r1p2/5Pp1/4p3/6P1/1R1p4/1P3P2/3RK3 b - - 1 33,b8c7 d1c1 c7d6 b3d3 d6e6 c1c6,1874,76,95,855,crushing endgame exposedKing interference long rookEndgame,https://lichess.org/5ce3HT6n/black#66,
7Jias,1k1r3r/pb2qp2/1p6/4P2p/P3p1p1/1BQ5/1P3PPP/R4RK1 w - - 2 22,c3g3 d8d3 g3f4 d3b3,1732,148,74,10,crushing interference middlegame short,https://lichess.org/47lWR6D5#43,
7Jlqc,1r3bk1/5ppp/2Q5/q4NP1/N6P/8/P2p4/5RK1 w - - 0 34,a4c3 f8c5 g1g2 a5c3,1611,79,96,28113,advantage interference master middlegame short,https://lichess.org/amuNWgaW#67,
7KUuA,1k1r1b1r/pp6/5R1p/2p1p1pQ/q1PnP3/4N3/PP4PP/R1B3K1 b - - 5 20,d4c2 b2b3 a4a5 e3c2,1612,77,93,3469,crushing interference middlegame short,https://lichess.org/uD74PtbW/black#40,
7Ky1L,rn1q1r2/pppbbkpp/5n2/3PP3/8/2N5/PPP3PP/R1BQKB1R b KQ - 0 10,f6g4 e5e6 f7g8 d1g4,1761,74,94,9249,crushing fork interference opening short,https://lichess.org/BY9lytKX/black#20,Russian_Game Russian_Game_Cochrane_Gambit
7MEh1,1K6/R5R1/3q2p1/6k1/8/8/8/8 w - - 5 66,b8c8 d6f8 c8c7 f8g7,1660,75,87,1162,crushing endgame interference queenRookEndgame short,https://lichess.org/uyLCl9rq#131,
7MZZr,N1b2b1r/pp2kp1p/2q5/4Pp2/2pQ4/8/PPP3PP/3R3K b - - 3 21,f8h6 d4h4 f7f6 h4h6,1872,75,96,5899,advantage interference middlegame short,https://lichess.org/sVa59JTm/black#42,
7Nxvv,6k1/1b4p1/pq3p2/1p2pP2/4p3/3P2R1/PPr1N1QK/8 b - - 1 32,e4d3 g3g7 g8f8 g7g8 f8e7 g2g7 e7d6 g7f6,1600,77,82,104,crushing deflection endgame interference veryLong,https://lichess.org/JuoMQe53/black#64,
7ObP4,8/1p5p/5K2/p2r1n2/k2P1P1p/P2R4/1B6/8 b - - 1 39,h7h5 f6e6 d5b5 d4d5 b5b2 e6f5 h4h3 d3h3,1828,77,79,970,crushing endgame interference quietMove veryLong,https://lichess.org/1tIikZHh/black#78,
7OlOk,r4r2/1Qpk2pp/p2p1n2/8/3q4/8/PP3PPP/2R1R1K1 b - - 1 26,f6d5 b7c6 d7d8 c6a8,1821,81,93,1976,crushing interference middlegame short,https://lichess.org/qU6igw7m/black#52,
7SkKF,8/6k1/3q3p/p1pP2rQ/1pP1Bb2/1P1R3P/P4P2/5K2 w - - 1 40,h5e8 g5e5 e8c8 e5e4,1747,73,95,20182,advantage endgame interference short,https://lichess.org/XtCFv0S3#79,
7TDnf,4r1k1/p4p2/bp1p2P1/2pPr3/4P1R1/6R1/P4KP1/8 b - - 0 42,e5e4 g6f7 g8f7 g3f3 f7e7 g4e4,1895,75,86,101,advancedPawn advantage attraction discoveredCheck doubleCheck endgame interference long,https://lichess.org/saQoioWt/black#84,
7TpQj,8/p2k3p/2rb4/3Q4/1P6/P5nP/2P1p1PK/R3Rr2 w - - 7 31,d5d6 c6d6 h2g3 d6d1 e1e2 d1a1,1830,73,96,18344,advantage endgame interference long,https://lichess.org/8rdWi5k6#61,
7UYd0,r1b2rk1/1pp1q1p1/p6p/4ppBQ/8/3B4/PPP2PPP/R3R1K1 b - - 0 17,h6g5 d3c4 c8e6 e1e5,1619,74,89,536,crushing interference middlegame short,https://lichess.org/jU0jPfAE/black#34,Four_Knights_Game Four_Knights_Game_Italian_Variation
7VNK7,2r1k2r/1p2Rppp/pQ2p3/3pP3/q7/5B2/5PPP/2R3K1 b k - 0 25,e8e7 b6d6 e7e8 c1c8,1776,78,94,13928,endgame interference mate mateIn2 short,https://lichess.org/x8i0GKCP/black#50,
7VQbK,6k1/pp3q1R/2p1p1p1/8/PP2KQ2/8/7P/8 b - - 0 49,f7h7 f4b8 g8g7 b8b7 g7h6 b7h7,1600,77,94,7527,crushing endgame exposedKing interference long queenEndgame,https://lichess.org/EYKoVhxP/black#98,
7VYmU,5rk1/6r1/2p5/3pPp1R/1PpP1Qp1/2Pq4/5PPK/1N6 b - - 2 38,d3b1 f4h6 g4g3 f2g3 b1e1 h6h8 g8f7 h5f5,1890,80,92,1347,crushing endgame exposedKing interference veryLong,https://lichess.org/jjwDZTkQ/black#76,
7YeJW,8/8/5k2/1K2p3/1P5R/5r2/8/8 w - - 0 51,b5b6 f3f4 h4h1 f4b4,1682,75,84,152,crushing endgame interference rookEndgame short,https://lichess.org/Ialj0P7O#101,
7Yqgx,r5r1/pbq4p/1p2pk1Q/3pn3/8/2N4P/PPP3B1/R5K1 b - - 1 24,g8g6 a1f1 f6e7 h6h7 e7d6 c3b5,1758,75,64,141,crushing interference long middlegame,https://lichess.org/AoNnvIdo/black#48,
7Z5Zs,3qr3/3n2pk/p2Bp1rp/1p1pP2Q/1P3PP1/P3P3/8/2R2RK1 b - - 0 30,d7b6 d6c7 d8a8 c7b6,1843,93,79,47,crushing interference middlegame short,https://lichess.org/paZRTt2C/black#60,
7ZaAk,r2q1rk1/1pp1bppp/5n2/p2P1bB1/PnPP4/1NN1p2P/1P2BPP1/R2Q1RK1 w - - 0 15,f2e3 f5c2 d1d2 c2b3,1795,75,95,5364,advantage interference middlegame short,https://lichess.org/XVtByMUd#29,Elephant_Gambit Elephant_Gambit_Paulsen_Countergambit
7aZy0,4b1k1/6pp/1bp1p3/3q1p2/PBRPp2P/1P2P3/5PP1/R5K1 b - - 2 32,b6a5 c4c5 d5b3 b4a5,1649,80,81,69,advantage endgame interference short,https://lichess.org/YeOzntnN/black#64,
7bWrN,r3r1k1/5ppp/4b3/pp2n3/2PqN3/1P1P3P/P3Q1P1/2KR1B1R w - - 0 18,e2f2 d4a1 c1d2 a1a2,1802,77,86,500,crushing interference middlegame queensideAttack short,https://lichess.org/ezC4x3rD#35,Kings_Gambit_Accepted Kings_Gambit_Accepted_Abbazia_Defense
7dGOS,1r1q1rk1/p1pn1ppp/2Qbpn2/5b2/2BP4/2N1PN2/PP3PPP/R1B1K2R w KQ - 5 10,e1g1 b8b6 c6a4 b6b4 a4a7 b4c4,1897,75,89,572,advantage interference long opening,https://lichess.org/GqinWuIS#19,Queens_Gambit_Accepted Queens_Gambit_Accepted_Old_Variation
7eCPx,r1bq1r2/ppp1bpk1/4p1p1/4N2p/3PQ2P/3B4/PPP2PP1/R3K2R w KQ - 2 13,e5g6 f7f5 e4f3 g7g6,1680,99,90,27,advantage interference middlegame short,https://lichess.org/JWkTAoaH#25,French_Defense French_Defense_Rubinstein_Variation
7ewGQ,6qk/4bp2/2Q2p1p/p2p4/1P4P1/P1P1r2P/4N3/2R3RK w - - 0 32,e2d4 e3h3 h1g2 g8g4 g2f1 g4f4 f1e1 f4c1,1817,76,85,237,crushing exposedKing fork interference middlegame veryLong,https://lichess.org/iTs9SybD#63,
7exLy,5rk1/6pp/R3p2n/8/3PP1P1/2QK1p1q/PR3P2/8 w - - 0 37,a6e6 h3f1 d3c2 f1f2,1749,79,92,1774,advantage endgame interference short,https://lichess.org/o7ly5jbd#73,
7fUVn,3r1r1k/2R3pp/6p1/4Q3/p7/P2p2RP/5qPK/8 b - - 1 44,f8f7 g3f3 f7c7 f3f2,1822,77,93,5389,advantage endgame interference short,https://lichess.org/WjjvWScD/black#88,
7i62x,6k1/3b3p/2pbpqnp/1p1p1p1Q/3P4/2P5/2BN1PPP/5RK1 w - - 0 27,h5h6 d6f4 h6h3 f4d2,1689,75,96,1103,advantage interference middlegame short,https://lichess.org/vkyK7yeY#53,
7jAlZ,4r1k1/2p2pp1/1p1p4/p5Np/P1PPr3/3Qp2P/1P2R1PK/5q2 b - - 11 29,e4d4 d3h7 g8f8 h7h8 f8e7 e2e3 e7f6 h8e8,1610,84,79,39,advantage deflection endgame interference kingsideAttack veryLong,https://lichess.org/m4UBAXTZ/black#58,
7k2CY,6k1/p5np/1p1p4/2pP1n2/2P2P2/2qB1K1Q/P4B1P/8 w - - 5 36,f3g4 h7h5 g4f3 c3d3,1744,78,87,57,crushing endgame interference short,https://lichess.org/z6H3evvw#71,
7kPzc,8/ppq1k1p1/4p3/1P1p2Q1/P2P4/4PK1R/2r3PP/4b3 b - - 6 33,e7d6 g5e5 d6e7 e5g7 e7d6 g7e5,1622,75,94,422,crushing endgame interference long,https://lichess.org/OPBNIK0W/black#66,
7kkvS,5r1k/pBp3pp/8/8/8/3R2P1/P1P1rbKP/3R4 w - - 0 22,d3d8 f2d4 g2h3 f8d8,1817,75,87,114,crushing discoveredAttack discoveredCheck endgame interference short,https://lichess.org/AFJHUssb#43,
7kuGL,r3k2r/ppp2ppp/5nN1/3P4/2B1p1P1/4P1qP/PPP5/RN1QK2R w KQkq - 1 14,e1e2 g3g2 e2e1 g2h1,1887,75,91,3146,advantage interference middlegame short,https://lichess.org/IWY6E2FF#27,Italian_Game Italian_Game_Two_Knights_Defense
7nsNm,rn1qkbnr/ppp3p1/3pb3/5p1p/2PPp3/2N1P2P/PP1B1PP1/R2QKBNR w KQkq - 2 7,f2f3 d8h4 g2g3 h4g3 e1e2 e6c4,1794,82,87,98,exposedKing interference long mate mateIn3 opening,https://lichess.org/RqtE6e5W#13,English_Opening English_Opening_Kings_English_Variation
7oPRW,r4rk1/5pp1/pq3b1p/2pP1b2/2B5/1P3N1P/2P1Q1P1/R4RK1 w - - 0 23,a1a6 a8a6 c4a6 c5c4 g1h1 b6a6,1635,72,96,23468,advantage discoveredAttack discoveredCheck interference intermezzo long middlegame,https://lichess.org/FGwib5bC#45,
7ouqd,rn1b1rk1/1p1b1ppp/p2P4/1p1Q4/4Np2/5N2/PPP3PP/R6K w - - 3 20,d5b7 d7c6 b7c8 c6e4,1729,78,80,55,advantage interference middlegame short,https://lichess.org/NjIzF1qT#39,
7qHWW,r1bk1r2/pp2qp2/1bp5/7R/8/2N2Q2/PPPP1PPP/R1B3K1 w - - 2 19,f3d1 c8g4 d1f1 g4h5,1803,74,95,7907,crushing interference middlegame short,https://lichess.org/9aEunWnd#37,Russian_Game Russian_Game_Three_Knights_Game
7qjLt,r5k1/ppp2pp1/2n4p/7q/3P4/P1P2N2/3BRPPP/R5K1 b - - 2 18,c6a5 e2e5 h5g6 e5a5,1604,76,98,2335,advantage interference middlegame short,https://lichess.org/R6zemH6D/black#36,French_Defense French_Defense_Exchange_Variation
7thrB,3r3r/pbp5/1pn3k1/3pPp2/3P1Rpq/2P3N1/PP1NQ1P1/5RK1 w - - 4 25,g3f5 h4h2 g1f2 h2f4,1744,77,92,933,advantage interference kingsideAttack middlegame short,https://lichess.org/NXqooQvW#49,
7ti0k,r5k1/ppp1rppp/3p4/2bP1Q2/7q/5P2/PB3P1P/R5RK b - - 2 19,g7g6 b2f6 h4f2 f6e7,1775,76,86,1316,advantage fork interference master middlegame pin short,https://lichess.org/ku0mBToq/black#38,Danish_Gambit Danish_Gambit_Other_variations
7txuV,r3k2r/pppnbpp1/4q1p1/3pP3/3B1P2/1PP3PP/P1QN4/2KR3R b kq - 0 20,h8h3 f4f5 g6f5 h1h3,1785,74,95,19311,advantage interference intermezzo middlegame short,https://lichess.org/Pv5ms7i2/black#40,
7u40U,8/6p1/3k1p2/p1b2P2/P1p1K1PP/2pp4/1P6/4B3 w - - 0 32,b2c3 c5f2 e1d2 f2h4,1813,76,93,62,bishopEndgame crushing endgame interference master short,https://lichess.org/iOfjNd5i#63,
7v3Lf,5rk1/1pq3pb/2p4p/p1b1p3/2P1P1PP/P7/1PQ3B1/R3K2R w KQ - 0 23,e1c1 f8f2 c2d3 f2g2,1829,74,94,5673,advantage interference middlegame short,https://lichess.org/ljrgzReq#45,
7vChr,r4k2/pp3pn1/6q1/3p3p/8/2P2Qb1/PP1N4/5RKR w - - 3 27,f3f6 g3f2 g1f2 g6f6,1628,77,92,1840,attraction crushing discoveredCheck doubleCheck interference master masterVsMaster middlegame short,https://lichess.org/iz6JUdSu#53,
7vO4M,r6k/ppp1nQp1/6pp/4q3/3Nr3/4P2P/PP4P1/4RR1K b - - 5 25,e4e3 e1e3 e5e3 d4e6 a8g8 f7e7,1733,77,94,2801,crushing interference long middlegame,https://lichess.org/coo8W0yM/black#50,
7wLzz,8/1p3rpk/p1p1r2P/2Pp4/3B4/P1P2K2/6R1/7R w - - 1 45,f3g4 e6g6 g4h3 g6h6 h3g3 h6h1,1887,75,94,7097,crushing endgame interference long skewer,https://lichess.org/UYJyybxd#89,
7xNOe,r3kbnr/1b2qppp/p7/1p3Q2/4P3/2NB4/PPP2PPP/2KR3R b kq - 2 12,g8f6 d3b5 a6b5 f5b5 f6d7 b5b7,1776,80,92,1331,advantage interference long middlegame,https://lichess.org/qHlL3XYD/black#24,Sicilian_Defense Sicilian_Defense_Closed
7xPVg,8/p5r1/R1P1kp2/6p1/3n4/3B1P2/5K2/8 b - - 8 38,e6d6 c6c7 d6c7 a6a7 c7d6 a7g7,1820,131,89,29,advancedPawn advantage attraction discoveredAttack discoveredCheck endgame exposedKing interference long skewer,https://lichess.org/CZEUWfnj/black#76,
7xrlm,r4r2/p3pk2/2p3p1/3pB3/3Pq3/6R1/P1PQ1PP1/5K2 b - - 6 26,f8h8 g3f3 f7e8 e5h8,1628,76,94,1383,advantage endgame interference master short,https://lichess.org/447UGL8B/black#52,
7yZw2,r1b1r3/p1p2p1p/k2p4/1p6/3Q4/3B3P/PPP3q1/R2K1R2 b - - 1 21,c8h3 d4a4 a6b7 a4b5 b7c8 b5e8,1783,74,91,906,crushing deflection interference long middlegame pin,https://lichess.org/q9gY86rm/black#42,
7zSWE,3q1k2/1b6/pp5Q/2b1P1p1/P7/2n2PB1/1P4PP/7K b - - 3 32,f8f7 e5e6 f7e7 h6g5 e7e6 g5d8,1738,77,90,339,crushing deflection endgame exposedKing interference long skewer,https://lichess.org/8jpx4g7C/black#64,
7zTq5,r1bq1rk1/4bpp1/p3p2p/np1p4/P2P4/4PNB1/BP3PPP/2RQ1RK1 b - - 1 15,c8d7 g3c7 d8e8 c7a5,1655,73,95,14318,crushing interference opening short,https://lichess.org/n3ZDCEbw/black#30,Queens_Pawn_Game Queens_Pawn_Game_Chigorin_Variation
81Kk0,5r2/P4p1k/4p1p1/4Q3/1P1P2K1/2P1R1P1/5P2/7q w - - 2 37,e3e1 f7f5 g4f4 g6g5 f4e3 h1e1,1738,75,88,123,advantage endgame interference long,https://lichess.org/PyU3tMLk#73,
81en1,2r1k3/1q3p1N/p2bp1pQ/1p1pP1Bn/8/2P5/PP3P2/1K5R b - - 0 29,d6e5 h6f8 e8d7 f8f7,1846,119,76,37,advantage deflection interference middlegame short,https://lichess.org/X6Y14kYH/black#58,
82Eg8,r1bqkb1r/ppp4p/5nN1/5nQ1/2B1p3/8/PPP2PPP/R1B2RK1 b kq - 3 12,h7g6 g5g6 e8d7 g6f5 d7e8 f5g6,1890,77,85,923,crushing exposedKing interference long master opening,https://lichess.org/gzcFcL3L/black#24,Three_Knights_Opening Three_Knights_Opening_Winawer_Defense
8307F,3r2k1/1bp3qp/1p6/pP6/r7/6PP/2Q2P2/2R1R1K1 b - - 3 35,d8d4 e1e8 g8f7 c2c7 f7e8 c7g7,1755,77,84,92,crushing deflection fork interference long middlegame skewer,https://lichess.org/j3YEeehc/black#70,
831Yv,6k1/ppQn1ppp/2p1b3/8/2P5/1Pq1PP2/P2rB1PP/R4K1R w - - 1 21,f1f2 d2e2 f2e2 c3b2 e2e1 b2a1,1712,112,100,24,attraction crushing interference long middlegame sacrifice,https://lichess.org/HEMbeHuX#41,
85Myf,4rr1k/1b6/p1q3pR/1p4N1/1P3pP1/P1pPQ3/B1P2K2/8 b - - 0 35,h8g7 h6h7 g7f6 e3f4,1796,78,95,16845,interference mate mateIn2 middlegame short,https://lichess.org/Y8fXgQzN/black#70,
85R9z,5rk1/1p1qp1bp/p3Rnp1/3p4/5B1P/2r2P2/PPPQ1P2/2K1R3 w - - 0 18,d2c3 f6e4 c3c7 d7e6,1826,74,76,257,advantage interference middlegame short,https://lichess.org/A1Ub58Xd#35,Indian_Defense Indian_Defense_Other_variations
86k3T,5r2/6R1/3ppk2/p7/P3P3/2r2P2/2P5/6RK w - - 3 34,f3f4 f8h8 h1g2 f6g7,1815,76,94,3371,crushing endgame interference rookEndgame short,https://lichess.org/mZcoOJR9#67,
87NQU,3r2k1/5p1p/1R3rn1/1P1P4/5B1q/2P2Q2/5P1P/6RK b - - 0 31,f6b6 f4g5 h4c4 g5d8,1819,75,95,17919,advantage fork interference middlegame short,https://lichess.org/9vwG9pD1/black#62,
87Oam,r7/7R/p5p1/6k1/3R4/2P3P1/bP3K1P/4r3 b - - 2 32,a8e8 h2h4 g5f6 d4f4 f6e5 f2e1,1628,75,96,2584,advantage endgame interference long,https://lichess.org/V8LgNcrY/black#64,
88XOM,5rk1/p2q1p2/5Rpp/8/3bN3/1Q1P2P1/P5KP/8 b - - 3 30,g8g7 f6d6 d7g4 d6d4 g4e2 e4f2,1851,76,93,595,advantage defensiveMove endgame interference long,https://lichess.org/EjIUn0x4/black#60,
88z0i,3r1rk1/pb3p1p/3q2p1/2pP2Q1/3p4/6P1/PPP3BP/R3R1K1 w - - 2 21,e1e7 f7f6 g5d2 d6e7,1632,75,92,411,advantage interference middlegame short,https://lichess.org/1UYJEAeT#41,
89pSV,r6r/p2kbR2/1pp3p1/2n1Q3/4P1q1/6N1/PPP3B1/R4K2 b - - 0 26,g4e6 a1d1 d7e8 e5h8,1799,76,97,1775,advantage interference middlegame short,https://lichess.org/mJW5RB50/black#52,
8ARyy,5kr1/pp3p2/1bp1p2q/4P3/P3R1bp/5N2/1P2BPP1/3Q2K1 b - - 1 26,h4h3 d1d6 f8g7 e4g4,1631,84,88,106,crushing interference middlegame short,https://lichess.org/PlV3zk0v/black#52,
8C9Lw,8/1R4p1/5p1k/5q2/7K/7p/7P/6R1 w - - 2 52,b7g7 f5h5 h4g3 h6g7,1718,81,86,298,crushing endgame interference queenRookEndgame short,https://lichess.org/HvXzGlvr#103,
8CHhI,r3r3/p1q1kp2/2p4Q/2n5/8/P7/3B1PPP/R5K1 b - - 0 26,e8h8 d2g5 e7d7 a1d1 d7c8 h6h8,1717,100,64,23,crushing interference long middlegame,https://lichess.org/2asMDtrI/black#52,
8CJDB,1r3rk1/1p3pp1/p2b3p/q3P3/6b1/2RBPN2/1P2QKPP/2R5 b - - 0 22,d6e5 c3c5 a5b6 c5e5,1661,75,92,2103,advantage interference middlegame short,https://lichess.org/BfZBgYLM/black#44,
8CykN,4rr1k/7p/p2b2n1/1p1p1pR1/7q/P1PP3P/BP1B2P1/R2Q2K1 w - - 2 25,a2d5 g6f4 d1f3 h4g5,1655,123,0,12,advantage interference middlegame short,https://lichess.org/XI9ZxVd4#49,
8Dmzf,5r1k/1p1r2p1/2q2p2/4p2p/p3P3/P1P3PQ/1P6/1B3RK1 b - - 0 32,f8d8 h3h5 h8g8 b1a2 g8f8 h5h8 f8e7 h8g7,1624,75,65,127,advantage deflection endgame interference veryLong,https://lichess.org/8JWEkdmP/black#64,
8EUVt,2kr3r/pq2N1b1/1p1pn1p1/1Pp1pp2/2P4p/P3PQP1/3P1PKP/1RB4R b - - 5 21,b7e7 f3a8 c8c7 a8a7,1677,76,93,360,crushing interference master middlegame queensideAttack short,https://lichess.org/2TnYJmyd/black#42,
8ErwY,r1b1k2r/ppp2ppp/2n2q2/8/1bp5/2P2N2/P4PPP/RNBQ1RK1 w kq - 0 10,c3b4 f6a1 d1e2 c8e6 c1b2 a1a2 b1c3 a2b3,1807,77,94,6132,advantage hangingPiece interference opening veryLong,https://lichess.org/6mSC6tcL#19,Scotch_Game Scotch_Game_Goring_Gambit
8FDTg,8/8/3k4/3P1rp1/7p/4KP2/8/3R4 w - - 21 61,e3e4 f5e5 e4d3 e5d5,1716,76,94,1281,crushing deflection endgame interference rookEndgame short,https://lichess.org/s9cPROZz#121,
8GG9x,1r4k1/p4ppp/4pb2/2P2q2/1B1Pb3/Pp2PN1P/5PP1/1R1Q2K1 w - - 4 23,b1b3 e4c2 d1e2 c2b3,1603,99,87,60,crushing fork interference master middlegame short,https://lichess.org/rRn2VgSc#45,
8GmGJ,r3kb1r/pp2pppp/1q1p1nb1/8/P1B5/4BQ2/1PP2PPP/RN2K2R b KQkq - 2 11,b6b2 c4b5 e8d8 f3b7 g6e4 e3b6 a7b6 b7b6,1790,77,78,129,advantage interference middlegame veryLong,https://lichess.org/icVR3nao/black#22,Sicilian_Defense Sicilian_Defense_Open
8IMc7,rnbq1k1r/ppNpbppp/8/4Q1n1/2B5/8/PPPP1PPP/R1B1K1NR w KQ - 1 9,g1e2 d7d6 e5e3 d8c7,1749,75,86,137,advantage interference opening short,https://lichess.org/bkxwfHOC#17,Vienna_Game Vienna_Game_Stanley_Variation
8Jjm1,r4r2/pp2k1pB/4p2p/3pqp2/7Q/7P/P4PP1/2R3K1 b - - 1 25,e7d6 h4b4 d6d7 b4b7 d7d8 b7a8,1606,77,95,26841,crushing endgame interference long,https://lichess.org/RWO1q6gz/black#50,
8Jolf,2r5/1p4Q1/p1k5/3P1p2/8/PP2PbP1/2q5/4K3 b - - 0 43,c6b5 g7b7 b5c5 b7c8 c5d6 c8c2,1747,78,93,410,crushing endgame interference long skewer,https://lichess.org/6xxrvRVo/black#86,
8MRTD,3r2k1/1pp1q2p/p5pP/3P1p2/1P2n3/1Q3B2/PB3PP1/6K1 b - - 2 33,e4d6 b3c3 d8f8 c3h8 g8f7 h8h7,1825,76,94,462,advantage deflection endgame interference kingsideAttack long,https://lichess.org/AbIELnTk/black#66,
8N3V6,1k2rb2/pppq3r/4p3/3p2B1/3Q3p/1P1RPP2/P1P3PP/R5K1 w - - 0 22,h2h3 f8g7 g5f6 e6e5 d4e4 g7f6,1803,79,85,38,advantage interference long middlegame,https://lichess.org/O8AxVbgV#43,
8Ndmd,2rq3r/3b2pp/p3kB2/1p6/1bn5/2N2Q2/P4PPP/2KR2NR b - - 0 19,d8f6 f3d5 e6e7 d5d7 e7f8 d7c8,1898,75,93,990,advantage exposedKing interference long middlegame,https://lichess.org/U8OMgqJf/black#38,
8PRjA,1r6/p1pk1P2/1p2p3/n3P3/3PQ3/6qr/P5P1/2R2RK1 w - - 0 34,f7f8q g3h2 g1f2 b8f8,1627,77,84,73,crushing interference middlegame pin short,https://lichess.org/wwD7RuiI#67,
8RHnI,r7/1b1q2kp/6p1/2pPQ3/1p6/1r1B4/5PPP/3R2K1 b - - 0 29,g7f8 e5h8 f8f7 h8h7,1811,77,81,69,advantage interference middlegame short,https://lichess.org/TgzzePBP/black#58,
8RbPL,r4k1r/p1p2ppp/1pnb4/1R5q/3P1pb1/2P2N2/P1P1B1PP/2B1QK1R b - - 1 14,h5g6 b5g5 g6c2 g5g4,1623,76,94,8417,advantage interference master middlegame short,https://lichess.org/HbjslhsB/black#28,Kings_Gambit_Accepted Kings_Gambit_Accepted_Bishops_Gambit
8RoUl,3r1rk1/3p1pp1/p1b1p3/1pb1q3/3NP2p/P1PQR3/1PB3PP/5R1K b - - 4 21,c5d6 d4f3 e5f4 e4e5 f4h6 e5d6,1875,73,95,8406,advantage interference long middlegame,https://lichess.org/FCO0sW7O/black#42,
8S9AX,3q1rk1/p1p2ppp/5b2/2Pp4/Q7/3bBNP1/Pr3PP1/RN3RK1 w - - 0 17,f1d1 d3c2 a4a5 c2d1,1817,74,94,7652,advantage fork interference master middlegame short,https://lichess.org/6DajtaCC#33,French_Defense French_Defense_Exchange_Variation
8SRyl,r3kbnr/3q1ppb/p6p/2pNP3/Q5PP/4B3/PPP2P2/2KR3R b kq - 0 16,d7a4 d5c7 e8e7 e3c5,1636,74,95,4151,fork interference mate mateIn2 middlegame morphysMate short,https://lichess.org/7PahOhfR/black#32,Caro-Kann_Defense Caro-Kann_Defense_Advance_Variation
8V7H4,r6r/3kbBpp/p2p1q2/np1QP3/5P2/7P/P5P1/2R3K1 b - - 0 27,f6f4 e5e6 d7d8 d5a8,1722,77,94,12806,interference mate mateIn2 middlegame short,https://lichess.org/uiKLZsHy/black#54,
8VyV3,1R4R1/p3rp2/5pkp/3p4/5P2/P4KP1/4r2P/8 b - - 3 39,g6f5 g3g4 f5e6 f3e2,1733,77,93,2216,crushing endgame interference rookEndgame short,https://lichess.org/6whk0E5C/black#78,
8WxY1,1rk2r2/3n4/1qpQp1B1/3b4/p2P4/P4N2/1PP2PP1/2KR3R w - - 7 25,f3e5 b6b2 c1d2 b2d4,1784,75,92,633,crushing interference middlegame queensideAttack short,https://lichess.org/uh3eJlI9#49,
8Xfed,r1b3k1/ppp2ppp/3q4/3p3r/6n1/2PBP2P/PP1N1PP1/R2QR1K1 w - - 1 14,h3g4 d6h2 g1f1 h2h1 f1e2 c8g4 d2f3 h1g2,1688,74,97,2117,advantage interference kingsideAttack middlegame veryLong,https://lichess.org/b9Ocbx1x#27,Queens_Pawn_Game Queens_Pawn_Game_Accelerated_London_System
8Y15k,r4r2/pp2pknQ/1q1pb3/4P3/5n2/N2B1N2/1BP2PP1/1R2K3 b - - 3 19,f8h8 f3g5 f7e8 h7h8,1710,77,93,3087,crushing interference master middlegame short,https://lichess.org/u0nuau4i/black#38,Sicilian_Defense Sicilian_Defense_Wing_Gambit
8ZnBH,5bk1/3R1ppp/pn2p3/1p2P3/1P6/P5P1/B2BrP1P/6K1 w - - 3 27,d7d8 b6d5 a2d5 e2d2,1816,74,92,813,advantage endgame interference short,https://lichess.org/FYAJce6h#53,
8d8Ja,6k1/4qp1p/8/p2p4/3P4/2P5/1Q3P1P/2K5 w - - 2 36,b2a2 e7e1 c1c2 e1f2 c2b3 f2a2,1723,76,78,310,crushing endgame exposedKing interference long queenEndgame,https://lichess.org/8cREhoG2#71,
8e0Rd,3r3k/ppp2Qbp/5np1/1N6/1PB1Pp2/P4P1P/1q3PRK/8 w - - 3 29,b5c7 d8d7 f7e6 d7c7,1775,75,95,18678,advantage interference middlegame short,https://lichess.org/6OzvjLDb#57,
8e2r1,rnbq2k1/1pp3bp/p2p1np1/6B1/4Pp2/2NP1Q2/PPP3PP/R4RK1 b - - 1 12,c7c6 f3f4 b8d7 f4d6,1818,74,84,98,advantage interference middlegame short,https://lichess.org/QepUMjHJ/black#24,Philidor_Defense Philidor_Defense_Other_variations
8e7FI,r3r1k1/2pb2pp/1p1p4/pP1Ppp2/2P1P1qP/b5PB/2Q1NP1K/1R3R2 b - - 2 27,g4f3 b1b3 f3h5 b3a3,1744,74,89,1100,advantage interference middlegame short,https://lichess.org/e0g7R9Cg/black#54,
8eEzt,5r1k/1pq3p1/7p/p1P3n1/P1Q5/2P1RB2/1P1r1PKP/4R3 w - - 9 31,e3e8 d2f2 g2f2 c7h2 f2e3 f8e8,1856,74,93,652,attraction crushing deflection interference long master masterVsMaster middlegame pin sacrifice,https://lichess.org/lM0S0z6L#61,
8esen,rn2kbnr/1b3ppp/p7/1ppN4/2p1P3/P3B1P1/1P3P1P/3RKBNR b Kkq - 2 11,g8f6 d5c7 e8e7 e3c5,1645,80,91,1311,fork interference master mate mateIn2 morphysMate opening short,https://lichess.org/6J9YfUBY/black#22,Slav_Defense Slav_Defense_Slav_Gambit
8f3oc,r3k2r/pR2nppp/2n1p3/1Q1pP3/8/q1P1PN2/P2N2PP/R5K1 b kq - 2 15,a3c3 b7e7 e8e7 b5b7 e7d8 b7a8 d8c7 a8h8,1745,77,93,793,attraction crushing interference middlegame pin sacrifice skewer veryLong,https://lichess.org/3SLl2noq/black#30,Caro-Kann_Defense Caro-Kann_Defense_Advance_Variation
8f7AJ,r5k1/pp3p1p/4n1p1/3pPp1P/1qbP4/4QN2/1P3PP1/2RR2K1 w - - 1 24,f3g5 f5f4 e3f3 e6g5,1706,75,90,439,advantage interference middlegame short,https://lichess.org/mTacFawK#47,
8fIl2,2r2r2/3p1k2/p3p1R1/1p2P3/5P2/1P6/P7/5R1K w - - 1 35,f1g1 f8h8 h1g2 f7g6,1686,75,96,1714,crushing endgame interference master rookEndgame short,https://lichess.org/0SDuTmYK#69,
8ffG7,8/5k2/8/5K1p/1P3P1P/p7/r7/1R6 w - - 0 52,b4b5 a2b2 b1a1 b2b5,1670,76,96,728,crushing endgame interference rookEndgame short,https://lichess.org/iFkGRmJQ#103,
8gEHH,6k1/pb1q1pp1/4r1rp/2B2Q2/2PpP3/1P1BbP2/P5PP/R4R1K w - - 7 24,f5h5 g6g5 h5h3 g5c5,1685,74,95,12358,advantage interference middlegame short,https://lichess.org/rtMtXPRc#47,
8gidR,r4r1k/p1p2pp1/2Pp1q1p/3P4/5pRP/3B1P2/P2Q1P1K/6R1 w - - 0 30,g4g7 f6h4 h2g2 h8g7 d2c3 f7f6 g1h1 h4g5,1864,74,94,9429,advantage interference middlegame veryLong,https://lichess.org/p8jIP70v#59,
8hwNt,2rr2k1/q4pp1/p7/1p1np1P1/7Q/P3PPK1/1P6/4R2R b - - 3 32,f7f6 g5g6 g8f8 h4h8 f8e7 h8g7 e7d6 g7a7,1899,75,95,7242,crushing deflection interference middlegame skewer veryLong,https://lichess.org/x6vbm6VH/black#64,
8hx4O,1r5r/p4pk1/bqnp1n2/2p1pPN1/4P3/2PP2P1/P2QB1K1/R6R b - - 0 31,b6b2 g5e6 f7e6 d2g5 g7f7 g5g6 f7e7 g6g7 e7d8 h1h8,1899,78,92,586,clearance crushing interference middlegame sacrifice veryLong,https://lichess.org/SOwXS6U6/black#62,
8ijBI,r2r2k1/pp3p1p/4p1p1/2BPn3/2B2QbP/2P5/P1Pq1RP1/R5K1 b - - 0 19,d2c3 c5d4 c3c4 f4e5 c4d4 e5d4,1640,76,94,3149,crushing interference long middlegame,https://lichess.org/iqRg9B6y/black#38,Pirc_Defense Pirc_Defense_Austrian_Attack
8kvIA,r3r3/pppk1ppp/3p4/1Q1P4/4nP2/2q5/P5PP/R3R1K1 b - - 3 19,c7c6 b5b7 d7d8 b7a8,1835,75,96,1347,crushing interference middlegame short,https://lichess.org/5Mbyz69F/black#38,
8l0I9,r7/p3kp1p/1pb1pR2/2p5/8/B1P5/P1P4P/3R2K1 w - - 1 28,d1f1 a8g8 g1f2 e7f6,1677,74,99,251,advantage endgame interference short,https://lichess.org/J5GDhecl#55,
8l7FY,4k1nr/1b3p2/pp2p3/2p1q1N1/8/1P1Q1PP1/P1P1P3/R4RK1 w k - 0 20,f3f4 h8h1 g1f2 h1h2 f2e1 e5a1,1768,75,89,304,advantage exposedKing interference kingsideAttack long middlegame,https://lichess.org/8hqZLpSU#39,
8mK4p,2rr4/pp1bbknQ/1qn1p1p1/3p2P1/3P1P2/2PB4/PP1N3P/R1B2R1K b - - 0 20,d8h8 d3g6 f7f8 h7h8,1622,77,94,1073,interference mate mateIn2 middlegame short,https://lichess.org/KGlAhgOk/black#40,
8mKfW,5r1k/p5pp/1p6/3Qpb2/4N2q/P4B2/6KP/R6R w - - 1 26,a1e1 f5h3 g2g1 h4e1,1868,79,85,1159,interference mate mateIn2 middlegame short,https://lichess.org/wjr9LnKF#51,
8mZrv,5k2/1qr2ppQ/4p3/1p1bP1R1/1P6/P7/5PP1/6K1 b - - 4 38,f7f6 h7h8 f8e7 g5g7,1799,78,76,622,deflection endgame interference mate mateIn2 short,https://lichess.org/5H5GWVDj/black#76,
8n4Jd,3qk3/8/8/p6Q/PpPp3p/1P1Pp1pP/6P1/3K4 b - - 2 82,e8f8 h5h8 f8e7 h8h4,1880,77,92,281,crushing endgame interference queenEndgame short,https://lichess.org/deQYRXhX/black#164,
8nhwP,r1b3k1/pp2qrpp/2pp4/5p1N/2P1P3/4P1Q1/PP4PP/3R1RK1 w - - 4 19,d1d6 f5f4 e3f4 e7d6,1674,75,71,1159,crushing interference intermezzo middlegame short,https://lichess.org/nEAUmYlH#37,Italian_Game Italian_Game_Schilling-Kostic_Gambit
8oajq,2r1n3/p3P1pp/1pp2p2/5k2/8/5N2/PP4PP/3R2K1 b - - 0 27,f5e6 d1d8 c8c7 d8e8,1611,76,97,2721,advantage endgame interference master short,https://lichess.org/e43U3FAC/black#54,
8pfYK,1r3n1b/p2b1P1p/2p2P1k/2N3p1/6P1/1PP4P/P1B5/5RK1 b - - 0 31,d7e6 c5e6 f8e6 f1e1 e6f8 e1e8 b8b7 e8f8,1817,75,86,72,advantage interference middlegame veryLong,https://lichess.org/R81IS2Z5/black#62,
8qbyX,4rr2/1p3pk1/p1n3p1/2P2q1p/1P1pN3/P2Q1P2/3B1P2/4RK1R w - - 1 29,f1e2 c6e5 d3d4 f5f3 e2f1 f3h1,1869,77,93,318,advantage interference long middlegame,https://lichess.org/ET8aD9JS#57,
8rDBl,3q1rk1/3b3p/1p1p3r/2nP1pp1/2PNpP2/P3Q2P/3R2P1/1R1B2K1 w - - 0 30,f4g5 f5f4 e3c3 d8g5,1678,75,87,525,crushing interference intermezzo master middlegame short,https://lichess.org/N3AktUir#59,
8sCqv,2kr1b1r/pppq2p1/2n4p/4pp2/2P5/1QNP3P/PP3PP1/R1B1R1K1 b - - 3 15,d7d3 e1d1 c6d4 d1d3 d4b3 d3d8 c8d8 a2b3,1650,76,95,22851,advantage interference middlegame trappedPiece veryLong,https://lichess.org/VmKw4kJq/black#30,Four_Knights_Game Four_Knights_Game_Italian_Variation
8tN3v,1k1r2r1/8/pp1qB1Q1/4R3/3P4/P1P2P2/1P2R2P/6K1 w - - 1 31,e6g8 d6g6 e2g2 g6b1 g1f2 b1b2,1601,80,93,2661,advantage endgame fork hangingPiece interference long,https://lichess.org/HHWfiq0j#61,
8te4A,r1b2rk1/2p3pp/p1p5/3pPp2/5q2/2PB1PnP/PP3RP1/R2Q1NK1 b - - 0 16,f4e5 f3f4 e5e7 f1g3,1610,74,96,18984,advantage interference middlegame short,https://lichess.org/Eu2cm211/black#32,Queens_Pawn_Game Queens_Pawn_Game_Chigorin_Variation
8tmEn,r1bqk1nr/pp1pbppp/8/4Q3/8/8/PPP1PPPP/RN2KBNR w KQkq - 1 7,e5g7 e7f6 g7g3 f6b2,1655,75,86,86,advantage interference opening short,https://lichess.org/eKegP9aA#13,Benoni_Defense Benoni_Defense_Old_Benoni
8uPqF,2k3r1/4q2p/2p1b3/pp5Q/3nN3/1PNP3P/PKP4R/8 w - - 0 34,e4c5 g8g5 h5h4 e7c5,1897,75,71,69,advantage interference middlegame short,https://lichess.org/H8jSWkKe#67,
8ujkG,6k1/5r1p/2qp2p1/p1p1b3/1pP5/1P1P2P1/PB1Q3P/5RK1 w - - 0 26,b2e5 f7f1 g1f1 c6h1 f1f2 h1h2,1782,116,83,15,attraction crushing endgame interference long,https://lichess.org/5zTIzmrv#51,
8v7j8,3r4/2q2ppk/p6p/3ppPb1/2r5/P1P2QP1/1P2RB1P/3R2K1 w - - 1 34,d1d5 e5e4 e2e4 d8d5,1627,76,94,13745,crushing interference intermezzo middlegame short,https://lichess.org/60HlsOd4#67,
8vVMU,r2q1r1k/pp2n1p1/1pn1R2p/5p2/3P4/Q1P2N2/PP3PPP/4R1K1 b - - 2 22,e7d5 e6d6 d8c7 d6d5,1834,74,94,12264,advantage fork interference middlegame short,https://lichess.org/0V1M5CMV/black#44,
8vkLy,5qk1/1p4p1/p1b1p2p/3pQ1n1/P2P1r2/1PN5/5PPP/R4RK1 w - - 4 24,c3e2 f4e4 e5g3 e4e2,1701,75,88,377,advantage interference middlegame short,https://lichess.org/DGkMaLKh#47,
8wYOS,4n3/5Qbk/p5pp/1p1RB3/5p2/P6P/1P3qPK/8 w - - 0 42,e5f4 e8f6 d5d3 f2f4,1646,74,99,812,advantage endgame interference intermezzo short,https://lichess.org/hDleMqLU#83,
8yRVn,1k2q3/2p1br2/pp2p3/4Q3/4N3/6P1/PPP2P2/3R2K1 w - - 3 32,e4g5 f7f5 e5e6 f5g5,1662,81,55,32,advantage endgame interference short,https://lichess.org/M6qbyE2i#63,
90UCn,r2q1rk1/3bbppp/p1pp1n2/n7/Np2PP2/1B2BN1P/PPP3P1/R2Q1RK1 b - - 1 15,f6e4 e3b6 d8e8 b6a5,1639,74,94,2501,advantage interference opening short,https://lichess.org/aN8LsY3w/black#30,Nimzowitsch_Defense Nimzowitsch_Defense_Kennedy_Variation
90w37,r2r4/pp3p1k/2p1bP1p/4q1P1/4P3/2P1Q1P1/P4RB1/R6K b - - 0 25,h6g5 f2f5 e6f5 e3g5 e5f6 g5f6,1776,105,80,33,crushing interference intermezzo long master middlegame sacrifice,https://lichess.org/Tewl9hST/black#50,
9262p,3rk2r/pp1n1p2/1q1Npp2/2b4p/7P/3Q1P2/PPP1N1P1/1K1R3R b k - 1 17,e8e7 d6c8 d8c8 d3d7 e7f8 d7c8 f8g7 c8d7,1858,76,87,215,advantage attraction deflection discoveredAttack interference middlegame veryLong,https://lichess.org/VyY5o5dv/black#34,Caro-Kann_Defense Caro-Kann_Defense_Main_Line
92aWC,8/5k2/5b2/8/4q3/6P1/2pQ1P2/2B2K2 w - - 4 45,d2f4 e4h1 f1e2 h1d1 e2e3 d1c1,1837,75,97,2429,crushing endgame interference long,https://lichess.org/Pvgwhta0#89,
953bP,2Q1R3/p2p1qbk/3Pn2p/5p2/6pP/2P3P1/4nP1K/4N3 b - - 2 35,e2c3 e8e7 f7f6 c8d7,1680,74,95,3618,crushing interference master middlegame short,https://lichess.org/ajCvq34R/black#70,
95Vfy,5r1r/1Qpkq1p1/3pp3/4p2p/3nP3/PB1P4/1Pn3PP/2R3K1 b - - 3 26,f8b8 b3a4 d4c6 a4c6 d7d8 b7b8,1669,74,97,3920,interference long mate mateIn3 middlegame,https://lichess.org/8YOzVnPI/black#52,
95ZFS,7k/2p5/p5Bp/1p5P/3P4/2P5/1r3r2/K5R1 b - - 7 37,h8g7 g6c2 g7f8 a1b2,1649,75,87,100,advantage discoveredAttack discoveredCheck endgame interference short,https://lichess.org/ZYoGEqsc/black#74,
95nzl,qr4k1/4Rpbp/6p1/3p3n/P2B4/1PQB2Pb/3NPP1P/6K1 w - - 1 29,d4g7 d5d4 d3e4 d4c3 g7c3 a8a6,1826,75,96,2318,advantage interference long master middlegame,https://lichess.org/9u5iiE8D#57,
98ue5,2rr4/ppp4k/4P2p/5p1q/3Qp3/4PpB1/PP3P2/2RRK3 w - - 1 28,d4d8 h5h1 e1d2 c8d8 d2c2 d8d1 c1d1 h1h5,1745,74,92,1847,advantage defensiveMove endgame interference intermezzo veryLong,https://lichess.org/wHE08BPJ#55,
98yJ3,8/8/3K4/2p5/1b3p1p/1Pk2B1P/6P1/8 w - - 4 57,f3d5 c5c4 d6c6 c4b3 c6b5 b3b2,1794,77,92,1957,advancedPawn bishopEndgame crushing discoveredAttack discoveredCheck endgame interference long,https://lichess.org/McylEAZr#113,
9DOJM,r4rk1/1q1pbppp/p3p3/1p3b2/3P4/1B2B1Q1/PP3PPP/2R2RK1 b - - 7 17,d7d5 c1c7 b7b6 c7e7,1771,76,89,111,advantage interference middlegame short,https://lichess.org/YlKX02hS/black#34,Sicilian_Defense Sicilian_Defense_Smith-Morra_Gambit
9EMzI,3r1rk1/pp4pp/3Rb3/2P2p2/4N1n1/2P3P1/PP3PBq/R2Q1K2 w - - 0 21,d6d8 e6c4 f1e1 h2g1 e1d2 f8d8,1842,76,87,133,advantage fork interference long middlegame,https://lichess.org/HuFEUSpq#41,
9FCLC,6k1/5pb1/6p1/3p1q1p/7P/1Q2P1P1/2rN1P2/3R2K1 b - - 1 39,g7c3 e3e4 d5e4 b3c2,1718,72,95,15150,crushing endgame interference short,https://lichess.org/GdPfC0e0/black#78,
9G70r,5r2/pp4k1/1n1p2b1/q1p3B1/2n1P1P1/2P4Q/P3NrB1/3RK2R b K - 3 26,a5a2 h3h6 g7f7 e1f2,1773,77,92,2942,crushing interference middlegame short,https://lichess.org/Cd7EuIkb/black#52,
9GS3j,r4rk1/4bp2/pp1qb1p1/8/1PPBQ3/PN3P2/5KP1/7R b - - 3 26,f7f5 h1h8 g8f7 h8h7 f7e8 e4a8,1732,76,82,67,advantage exposedKing interference kingsideAttack long middlegame,https://lichess.org/83hxyuY4/black#52,
9Gr9E,r2k2r1/pp2n2p/2p1PN2/2b1p3/2Bq1n2/8/PPPP2PP/R1B1KQ1R w KQ - 5 17,c2c3 f4g2 e1e2 d4c4,1717,75,94,11159,advantage interference middlegame short,https://lichess.org/1T9X24iW#33,Kings_Gambit Kings_Gambit_Other_variations
9HGmB,4r3/1b3pkn/1n4pp/1p2p3/1P2P1PQ/R4N1P/2q2P2/3R1BK1 w - - 0 25,d1d8 g6g5 h4g3 e8d8,1770,78,93,3999,advantage interference master middlegame short,https://lichess.org/62Nlca27#49,
9HL1i,3r2k1/5pp1/4p2p/q3n3/3rP3/3P2N1/5QPP/2R2R1K b - - 0 35,d4d3 c1c5 a5a7 c5e5 a7f2 f1f2,1733,110,11,36,advantage interference long middlegame,https://lichess.org/Tk9P7QWF/black#70,
9HckM,2kr4/ppp2pp1/8/2q1P2p/n4P2/3RK1PP/P1P3Q1/5R2 w - - 13 33,e3f3 c5c6 f3f2 c6c2,1893,76,85,127,advantage endgame interference short,https://lichess.org/8uf0010F#65,
9HfKP,r7/7k/pqbpprpP/1p5R/4PPQ1/3B4/2P1K3/6R1 b - - 9 26,b6d4 e4e5 c6e4 e5f6,1705,75,85,238,crushing interference middlegame pin short,https://lichess.org/vaUHKsxG/black#52,
9ICw8,4r2r/pbk3pp/1p1pB3/2b5/2P5/8/PP3PPP/R1B1R1K1 w - - 1 24,c1d2 h8f8 d2e3 e8e6 e3c5 e6e1,1722,79,83,78,crushing interference long middlegame,https://lichess.org/1obLaoMF#47,
9IuhC,1k3r2/b1p2q2/1pP2p2/pP2pQ1r/P3N3/3P3P/5P1K/1R4R1 w - - 7 37,f5g6 h5h3 h2h3 f8h8 h3g3 f7g6,1880,83,93,1666,advantage attraction interference long middlegame sacrifice,https://lichess.org/4pIsEqCT#73,
9MBWS,4q3/p1r5/1kp5/1pNp4/1P4p1/2P5/KP3Q2/8 b - - 1 44,e8f7 c5d7 b6b7 f2f7,1854,77,88,78,crushing discoveredCheck doubleCheck endgame interference short,https://lichess.org/9DRNwYu9/black#88,
9NDRK,8/pp2NQpk/2p5/3p3p/3P2q1/2P4n/PP5K/8 b - - 0 34,h3f4 f7g8 h7h6 g8h8 h6g5 h8g7 f4g6 g7g6 g5f4 g6g4,1700,77,91,327,crushing deflection endgame interference veryLong,https://lichess.org/L0G1x2GB/black#68,
9OsZi,8/p1r2pk1/1p1Rp3/PPn2p1p/5P2/2N2KPP/1P6/8 b - - 0 31,b6a5 d6c6 c7d7 c6c5,1655,74,98,1878,advantage endgame interference short,https://lichess.org/yxIO7YnZ/black#62,
9P3vk,r2q2k1/p3b1pp/1p1p4/2nPp3/2P5/1P3rP1/P3N2P/R1BQR1K1 w - - 0 20,e2d4 f3d3 d1e2 d3d4,1866,77,85,83,advantage interference middlegame short,https://lichess.org/Rvk5VJzw#39,
9Pnoa,1r1qr1k1/1bp2pp1/pp5p/4bQ2/3p4/2N5/PP3PPP/1B1RR1K1 b - - 1 19,d8h4 f5h7 g8f8 h7h8 f8e7 e1e5,1888,216,33,7,crushing interference kingsideAttack long middlegame,https://lichess.org/QtirgCyH/black#38,
9R9Dr,8/3r1p2/p1kB1K2/2P3P1/8/1P6/P7/8 b - - 0 58,d7b7 d6e7 b7b4 f6f7,1603,75,93,1265,crushing endgame interference master quietMove short,https://lichess.org/z8eNmtQZ/black#116,
9RSnl,2r4k/3bP1pp/p7/1p3p2/2n5/6B1/B5PP/R6K b - - 0 31,h8g8 a1d1 d7e8 d1d8 c8c6 d8e8,1855,76,80,60,advantage endgame interference long,https://lichess.org/XL7cQNPC/black#62,
9S24B,8/p5r1/4pk2/5p2/R4P1K/8/P7/8 b - - 4 31,e6e5 a4a6 f6e7 a6a7 e7e6 a7g7,1603,76,91,298,crushing endgame interference long rookEndgame skewer,https://lichess.org/T0oyyYzg/black#62,
9S6qi,1rb2r1k/q3bPp1/p2p1n1p/npp3N1/P3P2Q/2NP4/BPP3PP/R1B2RK1 w - - 1 16,g5e6 c5c4 g1h1 c8e6,1669,82,72,39,advantage discoveredAttack discoveredCheck interference middlegame short,https://lichess.org/Sz3KSlGJ#31,Sicilian_Defense Sicilian_Defense_McDonnell_Attack
9TOBi,r1r5/2q2bkp/1R3pp1/p1Ppp3/8/P1P1Q2P/4BPP1/4R1K1 w - - 5 28,c5c6 d5d4 c3d4 c7b6,1624,75,94,936,advantage interference master middlegame short,https://lichess.org/DHMjNyBf#55,
9TUPe,5kr1/pQpn4/3b4/8/6rp/8/5P2/4RK2 b - - 0 30,d7c5 b7c8 f8f7 c8f5 f7g7 f5g4,1766,75,94,2118,crushing endgame exposedKing interference long,https://lichess.org/7U3kL2WV/black#60,
9UUvz,r2k3r/ppp5/2npbNpq/3P4/4PRp1/1N6/PPP3PP/R4QK1 w - - 1 18,d5e6 h6h2 g1f2 h2f4,1647,75,94,2814,advantage interference kingsideAttack middlegame short,https://lichess.org/Zh9MVnJC#35,Kings_Gambit_Accepted Kings_Gambit_Accepted_Kings_Knights_Gambit
9VG6S,r1b2rk1/1pp1q1bp/6p1/p3N2n/P3Pp2/1P6/1BP1BPPP/R2Q1RK1 b - - 0 15,g7e5 d1d5 c8e6 d5e5,1731,75,94,756,advantage interference kingsideAttack opening short,https://lichess.org/4rqDHFO7/black#30,Nimzo-Larsen_Attack Nimzo-Larsen_Attack_Indian_Variation
9Vf46,3r2k1/p4p2/1p5p/2pq3n/3r3p/P4P2/1P2RQP1/4RNK1 b - - 1 29,g8g7 e2e5 d5d6 e5h5,1842,74,83,96,advantage interference middlegame short,https://lichess.org/yjOf5CC2/black#58,
9Vmrb,r1b4q/pp4k1/1bpN1p2/4p2r/3PP1p1/1QP5/PP3PPP/3R1RK1 b - - 0 19,h5h2 b3f7 g7h6 g1h2,1801,76,69,89,crushing interference middlegame short,https://lichess.org/GUOx72j3/black#38,Italian_Game Italian_Game_Two_Knights_Defense
9WE4Z,8/1k6/5B1b/3P3p/5p1P/4pP2/4K3/8 b - - 2 51,b7c8 f6g5 h6g7 g5f4,1754,75,95,6609,bishopEndgame crushing endgame interference short,https://lichess.org/bKMGCrOG/black#102,
9WfRk,8/p2r2p1/1p2k3/2p1P1Rp/4K1P1/1P5P/P7/8 b - - 0 33,h5g4 g5g6 e6e7 g6g7,1665,77,84,528,crushing endgame interference rookEndgame short,https://lichess.org/r48zZger/black#66,
9XpRz,3r2k1/2q3pQ/4pp2/p1p1p3/PpPn4/1P4P1/2B2P1P/4R1K1 b - - 0 28,g8f7 c2g6 f7f8 h7h8 f8e7 h8g7 e7d6 g7f6,1675,80,72,44,advantage deflection endgame interference veryLong,https://lichess.org/UxsgP9rf/black#56,
9YVMP,r3kb1r/1bqp2p1/p3Npp1/1p2R3/7B/2N2Q2/PP3PPP/R5K1 b kq - 0 17,c7e5 f3b7 a8b8 e6c7 e8f7 b7b8,1652,76,93,4620,advantage hangingPiece interference long middlegame,https://lichess.org/7KQPjnrl/black#34,Sicilian_Defense Sicilian_Defense_Smith-Morra_Gambit
9Yck8,6k1/4n1p1/7p/5p2/4p3/3p2PP/1r1N1PB1/2R3K1 w - - 2 38,d2c4 b2c2 c1d1 c2c4,1792,185,65,13,crushing endgame interference short,https://lichess.org/sQCpLmkW#75,
9Ze0Q,5rk1/6pp/4b3/2q4P/5Q2/3B1P2/1PP3P1/4RK2 w - - 5 30,f4e5 f8f3 g2f3 e6h3 f1e2 c5e5,1614,76,92,728,advantage endgame interference long sacrifice,https://lichess.org/Snc5hy2X#59,
9alEt,2rq1r1k/p2n1pp1/bb3n2/1Npp2B1/8/P2BPN2/1PQ2PPP/2R2RK1 w - - 3 17,b2b3 c5c4 d3f5 a6b5,1632,77,93,1244,advantage interference middlegame short,https://lichess.org/YrK8XvXV#33,Queens_Gambit_Declined Queens_Gambit_Declined_Modern_Variation
9budu,r3r3/1p1bk1p1/3p1p2/BPpP2p1/2PnP3/1B3P1P/5KP1/R2R4 w - - 11 39,d1d3 b7b6 a5c3 d4b3 a1a8 e8a8,1741,75,88,1438,advantage interference long middlegame,https://lichess.org/fo3W2sOg#77,
9by1W,r1bqr3/pppp4/3k4/8/3Qn3/2Pn1N2/P3N1P1/R4K2 b - - 6 24,d6c6 d4c4 c6d6 c4d3 d6e7 d3e4,1824,92,71,27,crushing exposedKing fork interference long middlegame,https://lichess.org/HHAm3ath/black#48,
9cybz,2r2r1k/p4qpp/1pp2p2/3p3n/1b1N1PQ1/1P1PB2P/1PP3P1/R4R1K w - - 2 26,d4e6 f6f5 g4f3 f7e6,1740,76,93,1630,crushing interference middlegame short,https://lichess.org/AeUfOySJ#51,
9eY9C,8/5p2/5kpp/P3R3/5K2/r3P2P/6P1/8 w - - 0 38,g2g4 g6g5 f4e4 a3a4 e4d5 a4a5,1657,95,83,37,crushing endgame interference long rookEndgame,https://lichess.org/c8NQdwet#75,
9etqL,5r2/ppqb1rkp/6p1/2pPp1Q1/P3N1P1/3B3P/1P3P2/R5K1 b - - 4 29,b7b6 d5d6 c7d8 g5e5 g7g8 d3c4,1865,74,94,12337,crushing interference long middlegame pin,https://lichess.org/vdGx4tpH/black#58,
9fPXA,2r3k1/pb1qbppp/1p2p3/3n2B1/3P4/1B2Q3/PP2NPPP/4R1K1 w - - 3 18,b3d5 d7d5 e2f4 d5g5,1882,77,93,2729,crushing interference middlegame short,https://lichess.org/fP2xfnfI#35,Queens_Gambit_Declined Queens_Gambit_Declined_Semi-Tarrasch_Defense
9fZQ9,3rkr2/1b6/p7/6Q1/2B1p3/5q2/1p6/1K4R1 b - - 5 36,b7d5 g5e5 e8d7 e5d5,1793,75,84,98,crushing interference middlegame short,https://lichess.org/78yipwlD/black#72,
9gTJo,r6r/pp3k1p/4p1p1/3b2q1/3Q2N1/5P2/PP6/R3K2R b KQ - 2 25,a8d8 g4h6 f7e8 d4h8,1781,76,96,6832,advantage interference middlegame short,https://lichess.org/CZvbS7y7/black#50,
9hDzF,r3r1k1/3b1ppp/2pp1q2/8/nP2P3/3Q2PP/2N2PB1/1R2R1K1 b - - 1 24,a4c3 e4e5 e8e5 d3c3 e5e1 c3e1,1780,75,95,2861,advantage interference long master middlegame,https://lichess.org/xcFUnuNN/black#48,
9jqIE,3qk1r1/3bbp1p/2p3pB/4p3/8/n1NQ3P/4NPP1/5K1R b - - 1 25,e7g5 h6g5 d8g5 c3e4 g5e7 e4d6 e8f8 d3a3,1825,78,92,1416,advantage interference middlegame veryLong,https://lichess.org/hLGPBF1D/black#50,
9jses,2k2r1r/1ppq2p1/p2p4/2b1p1Qn/2P5/1P3PPP/PB4BK/3R1R2 w - - 1 20,b2e5 f8f5 g5g4 f5e5 g4d7 c8d7,1798,75,93,286,advantage interference long middlegame,https://lichess.org/WJqpLOGb#39,
9luNh,8/1r3ppk/p3p2p/3p4/3P1Q2/br1qB2P/1PR2PP1/2R3K1 b - - 7 25,b3b2 c2c3 d3b5 c3a3,1757,77,94,5474,advantage interference middlegame short,https://lichess.org/UM24SwJ7/black#50,
9mjcI,2r1kr2/1b3qpp/p3p3/3P4/1Q2P3/8/P1P3RP/4R2K b - - 2 25,e6d5 e4d5 e8d7 b4b7,1748,79,82,46,advantage discoveredAttack discoveredCheck interference master middlegame short,https://lichess.org/JKv8Fbp2/black#50,
9nGoY,5rk1/5p2/2P2p1p/4p2b/Q1B1P3/2q2P2/Pr4PP/R4R1K w - - 0 20,a1c1 c3d2 f1g1 h5f3 c4f1 d2c1,1792,74,95,7743,crushing interference long middlegame,https://lichess.org/54VwRfHu#39,
9nJex,7r/5pk1/p2Nb1p1/B1Q1PpPp/3P1P2/8/3R1K1P/7q w - - 6 41,f2g3 h5h4 g3f2 h1h2,1643,75,88,1071,crushing deflection interference middlegame short,https://lichess.org/Vwkvo4ID#81,
9nReR,4r1k1/1q2rppp/p1n5/3n4/3P4/p1P2N1P/2Q2PP1/1B2RRK1 b - - 1 27,e7e1 c2h7 g8f8 h7h8 f8e7 f1e1,1691,76,94,13292,crushing interference kingsideAttack long middlegame,https://lichess.org/ZyB7hUFL/black#54,
9nS9D,1kr4r/p3qp1p/1p2bRp1/1Q1BP3/8/P7/1P4PP/2R3K1 w - - 2 33,c1f1 c8c5 b5b4 e6d5,1646,125,88,18,advantage interference middlegame short,https://lichess.org/eNmvhZG4#65,
9o9Tu,r6r/p3kb2/1q5p/1N2Q3/8/P2P4/1P1n1PPP/1R4K1 b - - 0 26,f7e6 e5g7 e7d8 g7h8,1720,83,63,54,crushing interference middlegame short,https://lichess.org/Iw5VhT10/black#52,
9oXfQ,8/4p3/3p1kp1/3P1p2/3R1P1P/4r2P/7K/8 w - - 3 42,h2g2 e3e4 d4d3 e4f4,1783,79,93,1480,crushing endgame interference master rookEndgame short,https://lichess.org/eUPeP06P#83,
9oZne,r2k4/1pp2p1p/pb1p2q1/1P1Pr3/P1B2p2/2P2Q1P/5PPK/R4R2 w - - 0 21,f3f4 e5e4 f4f3 e4c4,1821,76,91,1061,advantage interference middlegame short,https://lichess.org/wFfGhrkC#41,
9p6JK,2r1r3/R3Pkp1/1pN2p1p/1P6/8/p5P1/5P1P/6K1 b - - 1 33,c8a8 c6d8 f7g6 a7a8,1673,75,89,740,advantage endgame interference short,https://lichess.org/SYWFEVSQ/black#66,
9rI7Q,8/1pp1k3/8/3P4/P3P2K/5r2/1p5p/1B1R4 w - - 0 47,h4g4 f3c3 d1h1 c3c1 h1h2 c1b1,1783,74,91,1086,crushing endgame interference long quietMove,https://lichess.org/OdA4CAs2#93,
9rQar,5r2/5pk1/5n1p/1p4p1/8/3NP2P/1Pp2PP1/5RK1 w - - 0 32,f1c1 f8d8 d3e1 d8d1 c1c2 d1e1,1642,76,93,871,advantage endgame interference long pin,https://lichess.org/Lndy2ap2#63,
9rkKI,q6r/3k3p/1pnp1Q2/2b5/8/8/P4PPP/1R2R1K1 b - - 6 24,h8f8 f6g7 d7c8 g7f8,1758,74,87,627,crushing interference middlegame short,https://lichess.org/H1JAkylx/black#48,
9sqOa,rq2k3/pp3p2/2pbp1rp/3p2pN/3P4/3QPP2/PPP3PP/R3K2R b KQq - 3 16,d6h2 f3f4 g5f4 h1h2,1845,74,79,315,advantage interference intermezzo middlegame short trappedPiece,https://lichess.org/tG2KkE2E/black#32,Queens_Pawn_Game Queens_Pawn_Game_Accelerated_London_System
9v6Ci,4rr1k/pb4p1/5b1p/q1p2Q2/2Pp1B2/1P4P1/PNR2P1P/5RK1 w - - 3 29,b2d3 b7e4 f5h5 e4d3,1713,76,75,98,crushing interference middlegame short,https://lichess.org/FcDCw7S4#57,
9vVdw,rnb1k1nr/1pqp1ppp/p3p3/2b1P3/3N1P2/P1N5/1PP3PP/R1BQKB1R w KQkq - 1 9,b2b4 c5b4 a3b4 c7c3 c1d2 c3d4,1698,73,95,11744,advantage discoveredAttack exposedKing fork interference long opening pin,https://lichess.org/dzMhloce#17,Sicilian_Defense Sicilian_Defense_French_Variation
9vXGf,8/p3Qnkp/1p1p2p1/3P4/2P2K2/1P6/P5qP/R7 w - - 7 49,a1e1 g2f2 f4e4 f2e1,1890,74,77,144,crushing endgame interference short,https://lichess.org/MyxyigsA#97,
9vah1,2r4r/p2nkpQp/1p1p2p1/4p1P1/4Pn1q/2N2PN1/PPP4P/R3K2R b KQ - 0 17,h4g5 g3f5 e7d8 g7h8,1732,77,81,114,advantage interference middlegame short,https://lichess.org/T7ln4jVn/black#34,Modern_Defense Modern_Defense_Standard_Defense
9w8A1,1Q6/P1p3r1/2P2p1k/1P6/4q3/5RP1/4n1KP/8 b - - 0 41,e2g3 b8h8 h6g6 h2g3 e4e2 f3f2,1605,75,89,110,crushing endgame interference intermezzo long,https://lichess.org/yu6WepfP/black#82,
9y6Sv,2r4r/1kp1n2p/1p1pqpp1/Q7/3P4/B3P3/5PPP/1RR3K1 b - - 0 22,c8a8 c1c7 b7c7 a5b6 c7d7 b6b7 d7e8 b7a8,1720,118,88,32,attraction crushing interference master middlegame pin sacrifice veryLong,https://lichess.org/1uAxnuvl/black#44,
9yJKD,r4rk1/2p2ppp/p7/3pPR2/3b2q1/8/PP1N2PP/R4Q1K b - - 1 21,a8b8 f5f4 g4e6 f4d4,1796,74,95,3171,advantage interference middlegame short,https://lichess.org/FMhujwCL/black#42,
9yOwU,3r1rk1/pp3ppp/2pb1nq1/8/3NPP2/2Nb3P/PP1B2P1/2QRR1K1 b - - 0 22,d3e4 c3e4 f6e4 f4f5 g6g3 e1e4,1852,79,79,65,crushing interference intermezzo long middlegame,https://lichess.org/MVmFI4Hv/black#44,
A16ml,r6k/pp2Rpp1/2p2n1p/3p1B1n/3P4/2P2qNP/PPQ2P1K/8 b - - 1 22,a8e8 e7e8 f6e8 f5g4 f3f4 g4h5,1885,76,90,308,advantage interference kingsideAttack long middlegame,https://lichess.org/tQXCQjIa/black#44,
A1TMg,5Q2/2p4p/3p1p1k/4p3/2P5/1P5P/6PK/5q2 b - - 18 38,h6g5 f8g7 g5f4 g7f6 f4e3 f6f1,1893,74,87,1111,crushing deflection endgame interference long queenEndgame skewer,https://lichess.org/yPZyXe0n/black#76,
A3wBa,1k3r2/pppr2pp/3qn3/4p1B1/4Q3/2PP4/PP3PPP/R4RK1 w - - 1 16,g5h4 f8f4 e4e2 f4h4,1779,76,93,1115,advantage interference middlegame short,https://lichess.org/juJKEJDh#31,Zukertort_Opening Zukertort_Opening_Tennison_Gambit
A3xgB,2rr2k1/5pp1/p6p/3pp1q1/2n5/P1P4P/B4PP1/R2Q1RK1 b - - 0 29,c4d2 f2f4 g5f6 d1d2,1709,76,93,473,advantage interference middlegame short,https://lichess.org/QeeWpoA6/black#58,
A58ix,8/5pk1/p3p1p1/4Pn2/2b2N1r/6qP/P5B1/2Q2RK1 b - - 3 29,f5e3 f1f3 g3g5 c1e3,1713,89,83,26,advantage interference master middlegame short,https://lichess.org/jVm3SX5L/black#58,
A5TME,1r4r1/2pkbp2/R6p/2P1p3/3nQp2/6P1/5P1P/6K1 b - - 2 33,f7f6 e4d5 d7c8 d5g8,1812,74,88,80,crushing endgame interference short,https://lichess.org/kOc7MbU9/black#66,
A66cw,2r2k2/1bq1r1bQ/p4p2/1p3P1B/3Npn2/6R1/PPP3PP/5R1K b - - 9 30,b7d5 g3g7 e7g7 h7h8 f8e7 h8g7,1817,74,95,2149,advantage attraction deflection exposedKing interference long middlegame sacrifice,https://lichess.org/qvwqYKAR/black#60,
A82NY,5rk1/5pp1/1PNp4/3P4/5p2/7p/P3Q2P/3RK2q w - - 2 40,e2f1 f8e8 e1d2 h1d5,1611,76,90,190,crushing endgame interference pin short,https://lichess.org/JkJd0Ze8#79,
A8dt0,r4rk1/1pq3p1/p1n1pP2/3p2N1/2pP1n2/2P4P/P2N1P1K/1Q3BR1 b - - 0 26,f8f6 b1h7 g8f8 h7h8 f8e7 h8g7 e7d8 g7f6,1872,74,80,189,advantage deflection interference kingsideAttack middlegame veryLong,https://lichess.org/ygCdyoaA/black#52,
A8oTS,r2k2nB/1pp1b1R1/p1p5/4P3/4N2p/1P1P4/q1P3PP/5R1K b - - 0 26,d8d7 e4c5 d7c8 g7g8,1691,77,96,16616,crushing interference master middlegame pin short,https://lichess.org/NIzlf8eH/black#52,
A97xP,6rk/5p1b/p1q2P2/4P1p1/4p3/2P1B2Q/1r5P/3R1R1K w - - 2 37,d1d7 g5g4 h3g3 c6d7,1733,77,87,44,advantage interference master middlegame short,https://lichess.org/kZAxLJyb#73,
AAMbh,r5k1/3n1pp1/1pp1qb1p/3p4/3P1B2/2P2N1P/P2Q1PP1/1R4K1 w - - 0 20,g2g4 e6e4 b1e1 e4f3 e1e3 f3f4 e3e8 a8e8,1703,79,78,45,advantage fork interference middlegame veryLong,https://lichess.org/X8ejHXoU#39,
AAmlG,8/6p1/3k4/8/r1PK4/8/6R1/8 b - - 2 46,a4a7 g2g6 d6c7 g6g7,1655,76,96,6129,crushing endgame interference rookEndgame short,https://lichess.org/lzABW1Dk/black#92,
AELm1,r4rk1/pp1b2pp/2nb2q1/2ppP3/8/2P4P/PP2BPPN/RN1Q1RK1 b - - 0 13,d7h3 d1d5 h3e6 d5d6,1777,75,86,178,advantage interference middlegame short,https://lichess.org/nSj4RdyR/black#26,French_Defense French_Defense_Advance_Variation
AEjP6,4r1k1/p4pp1/2p5/q2pr1P1/1p4P1/3Q4/PPP1N3/1K5R b - - 1 26,g7g6 d3h3 g8f8 h3h8 f8e7 h8e5,1666,74,96,18035,advantage endgame interference long quietMove,https://lichess.org/RXKJSmlT/black#52,
AFiQw,r1q2r1k/6pp/b2p1n2/2p3B1/3Np3/1QP5/P1P2PPP/R3R1K1 w - - 0 19,d4e6 c5c4 b3b6 c8e6,1639,75,87,616,advantage interference master middlegame short,https://lichess.org/BVAbJW5u#37,Ruy_Lopez Ruy_Lopez_Schliemann_Defense
AGChY,r1b2kr1/1p3Npp/pq1Np3/3pPn2/3P4/Pp3Q2/3K1PPP/R4B1R w - - 1 17,f7g5 b6d4 f1d3 d4b2 d2d1 b2a1,1675,76,94,469,advantage exposedKing fork interference long middlegame,https://lichess.org/OhKNu6Bz#33,French_Defense French_Defense_Winawer_Variation
AHRIh,3r3k/1p3pp1/p1pn1q2/P2p1P2/3P1QPp/1PP2p1P/4rP2/R2B2RK b - - 4 38,e2f2 g4g5 f6f5 f4h4,1666,77,97,1264,advantage discoveredAttack interference master middlegame short,https://lichess.org/Mee1taWw/black#76,
AIwel,4rk2/3R2pB/1p2qp2/p1p1B3/PnQ2P2/1P4P1/8/6K1 b - - 0 33,e6d7 c4g8 f8e7 g8g7 e7d8 g7f6,1894,75,84,105,crushing deflection endgame interference long,https://lichess.org/RTTfHZP5/black#66,
ALF3C,6k1/pp3rp1/3r3p/3pP2q/8/2PB4/PPQ1KR2/4R3 w - - 6 32,e2e3 h5e5 e3d2 f7f2,1741,74,87,1138,crushing deflection interference middlegame short,https://lichess.org/7JhHPh1q#63,
AQI7r,1r3rk1/pp3p2/7p/3Bp1p1/b4q2/P1Q4P/5PP1/2R1R1K1 b - - 7 25,f8e8 e1e4 f4f5 e4a4,1797,74,83,169,advantage interference middlegame short,https://lichess.org/71xwgGCH/black#50,
AQu2Y,6r1/1pp5/3p1Q1k/p2P1p1p/P7/8/1P3Pr1/7K b - - 1 39,g8g6 f6h8 h6g5 h1g2,1730,76,89,97,crushing endgame interference queenRookEndgame short,https://lichess.org/aVxNaYCT/black#78,
ASuTt,6k1/5r1p/p2p2p1/2p1q3/1pP1p3/1P6/P2QR3/2KR4 w - - 2 46,d2d5 e5a1 c1c2 a1a2,1764,75,89,201,crushing endgame interference master short,https://lichess.org/hJIb3Tf9#91,
ATPzp,4rk2/p3rp1Q/1p2bq2/3p2p1/3P4/2PB4/PP2RPPP/5RK1 w - - 4 28,f1e1 e6f5 h7h5 f5d3 e2e7 e8e7,1652,74,89,236,advantage interference long middlegame,https://lichess.org/HItezJbU#55,
AUARC,2rR4/2P3p1/4k2p/B4b1P/4pp2/8/5K2/8 b - - 4 43,e6e5 a5c3 e5e6 d8c8,1670,74,90,1174,crushing endgame interference master short,https://lichess.org/OwAQ9gGm/black#86,
AUPUj,5rk1/5n2/1p2bq1p/2p2p1Q/1pP1pNpP/1P2P1P1/P2R1P2/6KB b - - 1 33,f7e5 d2d6 e6f7 d6f6,1707,73,94,8179,crushing interference middlegame short,https://lichess.org/X6ivTAO7/black#66,
AVbtX,r4r1k/pb3p2/1p2pp2/2bq3p/8/2PB3Q/PP3PPP/R1B2RK1 w - - 0 18,g1h1 f8g8 f2f3 d5d3 h3h5 d3h7,1829,74,88,177,advantage interference long master middlegame,https://lichess.org/ZUhhTWDM#35,Zukertort_Opening Zukertort_Opening_Tennison_Gambit
AVgAK,1R4R1/6p1/1p5p/3p2k1/1P4P1/7P/P3KQ2/2q3n1 w - - 4 41,e2d3 c1c4 d3d2 c4a2,1613,74,89,127,advantage endgame interference short,https://lichess.org/IMKMiu9y#81,
AVlHn,1Q2bk2/4bppp/4p3/1p2P3/5P2/P3BBK1/2q3PP/8 b - - 5 35,g7g6 f4f5 g6g5 f5f6 e7a3 e3g5,1896,75,92,215,crushing endgame interference long,https://lichess.org/7jobdlGb/black#70,
AXGsa,r2q1rk1/4b1p1/p4pPp/1nN1pP2/7P/2PPB3/P3Q3/R4RK1 w - - 1 24,c3c4 b5d4 e2g2 e7c5,1833,77,90,1219,advantage interference middlegame short,https://lichess.org/mFhvyzPv#47,
AXkR4,r3qr1k/pp4pp/8/3pn1P1/1P1N2Q1/P2PP3/2P5/R3K1R1 w Q - 2 24,g4g3 e5f3 d4f3 e8e3 e1d1 f8f3,1765,79,93,6635,advantage discoveredAttack exposedKing fork interference long middlegame sacrifice,https://lichess.org/SEFlUeYY#47,
AYGCL,1r3r1k/p1n3p1/6Qp/8/4B3/1PN3P1/P2q3P/1R3b1K b - - 1 27,h8g8 g6h7 g8f7 b1f1,1751,75,84,362,crushing interference middlegame short,https://lichess.org/jIqYhy0C/black#54,
AYhda,4r3/5kp1/2n1r1Np/p1P4P/1p1pP1P1/3R2K1/PP6/4R3 b - - 0 37,e6e4 d3f3 f7e6 e1e4,1804,77,34,122,crushing endgame interference intermezzo short,https://lichess.org/kKd4ImB2/black#74,
AZTLI,7r/5pp1/4p3/3n4/1P1Q2k1/P6q/8/5RK1 b - - 1 31,g4g5 d4g7 g5h4 g7h8,1633,76,94,1980,crushing endgame interference short,https://lichess.org/XD5XWgTz/black#62,
AZgku,r3k2r/p3nppp/2p1p3/3p4/B2P4/q2b4/P2B1PPP/2RQK2R b Kkq - 3 14,a8c8 c1c3 a3a2 c3d3,1636,75,94,2600,advantage interference middlegame short,https://lichess.org/0ks9U2a0/black#28,Queens_Pawn_Game Queens_Pawn_Game_Accelerated_London_System
AbSSJ,5k2/1p1q3p/8/1p1p2pB/3B1P2/6b1/2PP4/1N1Q1K2 w - - 0 25,f4g5 d7h3 f1e2 h3h5,1619,79,95,27328,crushing endgame interference short,https://lichess.org/zUipwhqH#49,
AbWQ5,6k1/1pr1rppp/1n1N2q1/p2nP3/P2P4/5Q2/1B4PP/1R3R1K w - - 0 27,b2a3 c7c3 f3f2 c3a3,1600,76,88,807,advantage interference middlegame short,https://lichess.org/W0Yu10Jq#53,
AbvNP,r1b1kb1r/ppp2ppp/2n5/4p3/Q1B1q3/5N2/PP3PPP/RNB1K2R w KQkq - 2 10,c1e3 f8b4 b1c3 e4c4,1706,114,65,17,advantage interference opening short,https://lichess.org/0qV6J0iU#19,Scandinavian_Defense Scandinavian_Defense_Kiel_Variation
AcIHZ,r5k1/pq2b1p1/1p5p/2p1N3/2P1nP2/1P6/P1Q3PP/3R2K1 b - - 0 29,a8f8 d1d7 b7a8 d7e7,1649,84,84,45,advantage interference middlegame short,https://lichess.org/BX3pzUb3/black#58,
AcfEo,1Rb3r1/8/4p2k/1P2P2p/3PBp2/5P2/6r1/1R4K1 w - - 0 41,g1f1 g2g1 f1e2 g8g2 e2d3 g1b1,1876,76,85,64,crushing endgame exposedKing interference long,https://lichess.org/g9PqrmbO#81,
Ade1f,r6r/ppp1kpQp/6R1/3qp3/4Np2/8/PPP4R/2K5 b - - 0 29,d5e4 g7f6 e7e8 f6h8 e8e7 h8f6,1883,75,83,261,crushing endgame interference long master,https://lichess.org/kix0DD1w/black#58,
Adgl3,r2q1rk1/1p1b2pp/p1n1p3/3pP3/1Pp3Pb/P1P2N2/2Q2P1P/RBB1K2R b KQ - 4 16,f8f3 c2h7 g8f8 h7h8 f8e7 h8h4,1781,77,91,922,advantage interference kingsideAttack long middlegame,https://lichess.org/3FlJJksK/black#32,French_Defense French_Defense_Advance_Variation
Aelra,4r3/pp2Bkb1/1n1p2qp/2pP2pQ/8/2P5/PP1N1PPP/4R1K1 w - - 2 25,h5f3 g7f6 d2e4 e8e7,1869,77,95,3810,advantage defensiveMove interference middlegame short,https://lichess.org/2UnegeT7#49,
AfP7c,6k1/1p4p1/p2p1q2/2pP2p1/P7/5B2/1P5K/2R3R1 w - - 0 37,f3g4 f6f2 h2h1 f2h4 h1g2 h4g4,1873,76,84,738,crushing endgame exposedKing interference long,https://lichess.org/MxwnsIP8#73,
AgPLM,4kbnr/1Q3ppp/p3p3/1p6/4B3/P1q1K3/5PPP/R6R w k - 4 20,e4d3 f8c5 e3e2 c3b2 e2d1 b2a1,1631,76,80,179,crushing exposedKing interference long middlegame,https://lichess.org/gPz2xZdi#39,
AhIel,1r3k2/pp4q1/2pQ1n1N/2Pp4/1P2P3/8/P5PP/b6K b - - 2 32,f8e8 d6b8 e8d7 b8b7 d7e6 b7g7,1794,82,78,57,crushing endgame exposedKing hangingPiece interference long skewer,https://lichess.org/R0p9dD5r/black#64,
Ahcyc,r4rk1/3p2bp/b1q3p1/1p2ppBn/4P3/1PN1QPP1/PNP4P/1K1R3R w - - 0 20,g5h6 f5f4 e3d2 g7h6,1641,75,89,1714,advantage interference middlegame short,https://lichess.org/NoKLsdEj#39,
Ahuzt,5rk1/5pbp/1p1p2p1/2qP4/Pp6/5N1P/3Q1PP1/1R4K1 w - - 0 25,b1b4 g7c3 d2h6 c3b4 f3g5 c5c1 g1h2 c1f4,1816,95,88,20,crushing endgame fork interference veryLong,https://lichess.org/giunkYVm#49,
AiUr5,3r1r1k/1p2p1bp/4N1p1/N3ppPn/4b3/1Q5P/PPP2P2/2K4R w - - 0 22,f2f3 e4d5 b3b6 d8d6 b6b5 d5e6,1856,75,87,289,advantage interference long middlegame,https://lichess.org/CQzlawAY#43,
AieqG,4r1k1/p2q2bp/6pN/1p2p3/2Q5/2Pr2P1/PP3PK1/R3R3 b - - 1 31,g8f8 c4g8 f8e7 g8g7,1743,75,92,2592,crushing deflection interference master masterVsMaster middlegame short,https://lichess.org/Tl3CzyGB/black#62,
AiiZ7,r7/3r1pkp/bq3np1/1NpPR3/2B5/5P2/1PPQ2PP/3R2K1 w - - 1 24,d2d3 a6b5 c4b5 c5c4 d3d4 b6b5,1858,75,88,901,advantage discoveredAttack discoveredCheck interference intermezzo long middlegame,https://lichess.org/zNyHCwTd#47,
Aj7Jo,r1b1k1nr/pp1p1ppp/1qn1p3/1Nb5/4P3/2N5/PPP2PPP/R1BQKB1R w KQkq - 3 7,c3a4 c5f2 e1e2 b6b5,1817,75,95,9567,advantage attackingF2F7 interference opening short,https://lichess.org/luXc2Hoo#13,Sicilian_Defense Sicilian_Defense_Taimanov_Variation
AlkvZ,5rk1/pp2rRb1/3p2P1/2pP3p/q3P2P/P1P1Q3/1B6/2K3R1 b - - 0 32,e7e4 f7g7 g8g7 c3c4 g7g8 e3e4,1855,75,95,1763,crushing discoveredAttack discoveredCheck exposedKing interference kingsideAttack long middlegame sacrifice,https://lichess.org/9UYpWzE4/black#64,
AlubG,rr4k1/p4pp1/2p1p2p/B6P/1pNP2P1/1qn5/1P1KQP2/R3R3 w - - 6 30,b2c3 b3c3 d2d1 c3a1,1620,79,94,2828,advantage interference master middlegame short,https://lichess.org/j4wNMpRg#59,
An105,r4r2/1p3q1k/7P/2BbQ3/p7/8/1P6/5RK1 w - - 1 37,c5f8 f7g6 g1f2 a8f8,1708,75,96,3255,crushing endgame interference intermezzo short,https://lichess.org/Ix1ZIzDh#73,
An7xg,2r1r1k1/2qn1ppp/pp2p3/4P3/PBP5/2Q5/5PPP/3R1RK1 b - - 4 22,d7e5 b4d6 c7c4 c3e5,1769,77,95,17445,advantage interference intermezzo middlegame short,https://lichess.org/pEvCfliS/black#44,
AnV24,8/7p/p4kp1/P3Rp2/4PK2/r5P1/5P1P/8 w - - 16 51,e4f5 g6g5 f4e4 a3a4 e4d5 a4a5,1634,77,87,238,crushing endgame interference long rookEndgame,https://lichess.org/7cIv7KaV#101,
AqODh,1r5r/p3n1pp/2pQk3/3pP3/8/8/q5PP/2R4K b - - 1 26,e6f7 c1f1 f7e8 d6b8,1846,77,93,1416,advantage endgame interference short,https://lichess.org/YGPDvTB0/black#52,
ArT4D,6k1/1p1q2pp/2p2pn1/2Pp1Nn1/1P1P4/2NQ2PP/4RKP1/7r w - - 5 27,h3h4 g5e4 c3e4 d7f5 d3f3 f5f3,1736,77,91,1868,crushing interference long middlegame,https://lichess.org/njHoAzzT#53,
AtkJu,rn1k3r/ppb5/2pq2b1/3p4/3P2Bp/2P4P/PP3PP1/R2QRNK1 b - - 3 23,b8d7 e1e6 d6f4 e6g6,1622,76,92,1976,advantage interference middlegame short,https://lichess.org/O3wtRzo2/black#46,
AuBCE,8/5p1k/3P2pb/1N2P3/P2P4/5qPp/2Q4P/5K2 w - - 3 39,f1e1 f3h1 e1e2 h1h2,1685,76,88,140,crushing endgame interference short,https://lichess.org/02I1kvAN#77,
AvHQJ,5rk1/6p1/2p5/3p2RQ/p2Prq1P/Pp6/1P6/K2R4 b - - 0 38,f4f3 g5g7 g8g7 d1g1 g7f6 h5f3,1832,76,94,1114,attraction crushing endgame interference long sacrifice,https://lichess.org/mAMxNSHp/black#76,
Ax5rV,r2q2k1/ppp3rp/2npPnp1/3Np3/2P1p3/7P/PP1QBPP1/2KR3R b - - 2 18,c6d4 e6e7 g7e7 d5f6,1885,75,85,518,advancedPawn advantage interference kingsideAttack middlegame short,https://lichess.org/yj93kVK0/black#36,Kings_Indian_Defense Kings_Indian_Defense_Normal_Variation
AyQ3x,2rq3r/1p1N1pk1/p3p1np/2b1Pbp1/Q2p4/P1N3BP/1PP2PP1/R3KB1R w KQ - 1 18,c3e2 b7b5 a4b3 d8d7,1709,75,92,1473,crushing interference middlegame short,https://lichess.org/BlGxM1CF#35,Caro-Kann_Defense Caro-Kann_Defense_Advance_Variation
Az9ww,2r2rk1/ppq1nppp/8/2p1N3/4P1Q1/2P5/PP3PPP/R4RK1 w - - 0 18,e5d7 f7f5 e4f5 c7d7,1771,75,86,74,advantage interference middlegame short,https://lichess.org/gY2sBUfv#35,Scotch_Game Scotch_Game_Classical_Variation
B07oQ,7r/pp4pk/2p2q2/4QB1p/8/1P2P3/P1P3pP/6K1 b - - 0 32,h7g8 e5e8 f6f8 f5e6 g8h7 e8h5,1608,74,90,738,endgame interference long mate mateIn3,https://lichess.org/ovbRJq93/black#64,
B0akX,N2k3r/1p2pp2/p2pbn1p/4b1p1/4P3/1N1Q3P/1qPKBPP1/3R3R w - - 4 19,d1b1 e5f4 d2e1 b2b1,1688,77,95,20271,crushing interference middlegame short,https://lichess.org/4KqHWseI#37,Sicilian_Defense Sicilian_Defense_Morphy_Gambit
B0gQF,4r3/1b2N1bk/p5p1/1pq1p1Qp/5p2/1P5P/P1PR2PK/3R4 b - - 0 35,e8e7 d2d6 b7e4 g5e7,1858,79,92,1815,advantage interference intermezzo middlegame short,https://lichess.org/gv00YxRk/black#70,
B1tJP,4r3/p1r3qp/1p1b1kp1/5RR1/2pPB3/8/PP4QP/7K b - - 0 37,g6f5 g5f5 f6e6 d4d5 e6d7 g2g7,1857,74,95,15217,crushing interference long middlegame,https://lichess.org/1GBe7VrF/black#74,
B1tQ4,rn1q1rk1/1bpp1pp1/p3p3/1p1n2bQ/3P4/3B2B1/PPPN1PP1/R3R1K1 b - - 1 14,g7g6 d3g6 d5f6 h5g5 f7g6 g5g6,1798,76,86,204,advantage interference kingsideAttack long middlegame,https://lichess.org/GRgFZ2MU/black#28,St_George_Defense St_George_Defense_Other_variations
B4hu5,8/8/7R/6p1/8/pR4kP/P1r3r1/7K b - - 2 41,g3f2 h6f6 f2e1 b3b1 e1e2 h1g2,1707,76,87,465,crushing endgame interference long rookEndgame,https://lichess.org/wQWvOpS0/black#82,
B5Bit,r3r1k1/1p3ppp/p7/q4b2/3Pp3/PPR5/1B3PPP/3QR1K1 b - - 0 19,h7h6 c3c5 a5b6 c5f5,1626,75,94,102,crushing interference middlegame short,https://lichess.org/sAvfIxaf/black#38,Nimzo-Larsen_Attack Nimzo-Larsen_Attack_Indian_Variation
B5Y1s,2r3kr/pp1Q1pp1/7p/4P3/4p1n1/2P3P1/PP4q1/R2K1N1R b - - 3 23,g8h7 d7f5 h7g8 f5c8,1602,75,93,3289,crushing fork interference middlegame short,https://lichess.org/JKCKERVE/black#46,
B6GIx,3r3r/1p1n1pk1/p1p2q2/Q7/3PN3/P2BP1Pp/1P3P1K/5R2 b - - 1 27,f6f3 a5g5 g7f8 g5d8 f8g7 d8g5,1771,90,73,44,crushing fork interference long middlegame,https://lichess.org/atOm3UFw/black#54,
B7JLL,2r1k2r/pp1nb1p1/q3p1p1/2p2p2/2NPp3/1QP1P1BP/PP3PP1/R4RK1 b k - 5 17,b7b5 c4d6 e7d6 b3e6,1725,81,86,76,advantage discoveredAttack fork interference middlegame sacrifice short,https://lichess.org/9a621aLr/black#34,Queens_Pawn_Game Queens_Pawn_Game_Other_variations
B7KBn,8/5rp1/3k4/6R1/2pK4/7P/6P1/8 b - - 2 45,f7c7 g5g6 d6d7 g6g7,1849,76,97,151,crushing endgame interference rookEndgame short,https://lichess.org/HR3PxFtJ/black#90,
B7Stt,1nq2b1k/5p1p/2r5/p2bP2p/1p1P1P2/PP4P1/1B1QN2P/R4RK1 w - - 11 32,a1d1 c6c2 d2d3 c2b2,1774,76,93,5453,advantage interference middlegame short,https://lichess.org/189EJxKW#63,
B90oi,5r1k/p1R3pp/b7/2Q2p2/7q/7P/PPP1rPP1/2R3K1 b - - 2 22,h4f6 c7c6 f6d8 c6a6,1643,74,95,9961,advantage interference middlegame short,https://lichess.org/RIeGiE0L/black#44,
BA3tP,1r3rk1/p2b1ppp/8/3P4/3Bnq2/Q1P5/P3BPPP/3R1K1R w - - 7 20,c3c4 e4d2 f1g1 f4d4,1601,104,88,34,advantage discoveredAttack interference middlegame short,https://lichess.org/dWxycj2x#39,
BA6Iv,r2r2k1/pp3ppp/1nn1p3/2b4q/4BP2/1QN1P2P/PP5K/R1B3R1 b - - 4 21,d8d7 g1g5 h5h4 g5c5,1792,82,73,58,advantage interference middlegame short,https://lichess.org/k0bPujNv/black#42,
BASSL,2kr3r/ppp2pp1/5q1p/3B4/8/2PP4/PP3bPP/RNBQ3K w - - 1 14,d5f3 h8e8 c1d2 d8d3,1856,74,88,475,advantage interference middlegame quietMove short,https://lichess.org/dXmDYjyU#27,Italian_Game Italian_Game_Two_Knights_Defense
BCJ21,r1b2rk1/pp2qppp/4p3/2p1P3/6P1/P2B4/1PP1Q2P/2KR3R b - - 0 16,b7b6 e2e4 g7g6 e4a8 c8b7 a8a7 e7g5 c1b1 b7h1 d1h1,1732,76,94,6153,crushing interference middlegame veryLong,https://lichess.org/HKm6ab9k/black#32,Van_Geet_Opening Van_Geet_Opening_Dunst-Perrenet_Gambit
BCjl4,4r1k1/1R4p1/8/p2N3p/2PB3P/3KP1b1/r5P1/8 b - - 1 35,g3e5 d5e7 g8h7 d4e5,1654,79,94,15910,crushing endgame interference master short,https://lichess.org/PjLsMqX8/black#70,
BClVy,4r1k1/8/6Q1/2q5/4r3/2P5/PP4PP/R6K b - - 0 27,g8f8 a1f1 f8e7 g6e4,1883,75,89,118,crushing endgame interference short,https://lichess.org/BcPizyeY/black#54,
BCoD9,rn4k1/1p3ppp/p7/3P4/4q3/P5P1/1PP4P/R2QK2R w KQ - 0 19,d1e2 e4h1 e1f2 h1h2,1681,94,88,21,advantage endgame hangingPiece interference short,https://lichess.org/Q5m7QDGY#37,
BDsvh,3k4/ppp5/2nnQ3/4P3/4NBq1/2P3P1/PP2r3/2KR4 w - - 4 26,e5d6 g4e6 d6c7 d8c8 e4d6 c8c7,1692,75,87,129,advantage interference long middlegame,https://lichess.org/pJraK3qz#51,
BEdVR,3r2k1/pb2R1p1/1q3p1p/1pnP4/2pQ2P1/6BP/PPB2P2/6K1 b - - 0 26,b7d5 g3c7 b6c6 c7d8,1702,74,100,248,advantage fork interference master middlegame short,https://lichess.org/5llxRZro/black#52,
BFL8X,1r4k1/p1p3bp/3p4/4p3/8/1PNP1pP1/P1PK1P1r/R2QR2q w - - 2 23,e1h1 g7h6 d2e1 h2h1,1716,74,80,102,interference intermezzo mate mateIn2 middlegame pillsburysMate short,https://lichess.org/NQ0bP8UP#45,
BFh5O,8/3b1kpp/pb1pr3/8/1p2p3/1P3P2/PB1RK1PP/3R4 w - - 0 30,d2d6 d7b5 e2d2 e6d6,1765,80,93,7153,crushing endgame interference intermezzo short,https://lichess.org/jwyiJr82#59,
BFiLI,r1b2rk1/3qpp2/3p2p1/2pPb3/4P1p1/2N4P/PP2B2K/R1BQ1R2 w - - 0 21,c1f4 g4g3 h2g3 d7h3 g3f2 e5f4,1780,76,95,5915,attraction crushing deflection discoveredAttack interference long middlegame,https://lichess.org/2l8xh5qt#41,
BFkJb,2rrq1k1/R4ppp/1Q1ppbn1/8/1B2P3/1B5P/1PP2PP1/5RK1 w - - 4 26,b4d6 c8c6 b6a5 c6d6 b3a4 e8f8,1728,75,85,98,advantage defensiveMove interference long middlegame,https://lichess.org/ur0OyxDf#51,
BG4fv,5q2/5p1k/1R2p2p/1P1n1p2/8/4PPQP/6P1/6K1 w - - 0 41,b6d6 f5f4 g3f2 f8d6,1627,75,97,4981,advantage endgame interference master short,https://lichess.org/9fkX0AY8#81,
BGg5T,8/pp6/4k3/3p1p1q/5P2/3BPn2/P3KP2/2RR4 w - - 5 31,d1h1 f3g1 e2d2 h5h1,1813,112,86,33,crushing discoveredCheck doubleCheck endgame interference short,https://lichess.org/XKMnvq3N#61,
BHVIP,1r3rk1/p2n1pbp/2bp2p1/q1p3P1/2PpPP2/3P2NP/P5B1/R1BQ1RK1 w - - 1 18,h3h4 a5c3 c1d2 c3d3 f1f3 d3c4,1784,74,85,284,advantage interference long master middlegame,https://lichess.org/Nmd922El#35,Pirc_Defense Pirc_Defense_Other_variations
BHdDW,1k1rr3/1pQ2pp1/p4n1p/5P2/1q6/3P4/6PP/R1R3K1 b - - 0 27,b8a7 a1a6 a7a6 c1a1 a6b5 c7b7 b5c5 a1c1 c5d4 b7b4,1804,76,89,980,attraction crushing deflection interference middlegame pin sacrifice veryLong,https://lichess.org/iYZLryqx/black#54,
BI7XG,rn2kb1r/3b1ppp/1p2pq2/pB6/3P4/1Q2PN2/PP3PPP/R1B1K2R w KQkq - 0 11,f3e5 f8b4 c1d2 d7b5 d2b4 a5b4,1666,75,91,265,advantage interference long master middlegame,https://lichess.org/UULhmaqm#21,English_Opening English_Opening_Anglo-Indian_Defense
BJ8Rr,2r5/pp2p1kp/4b1p1/q2p4/3P1rP1/2P3Q1/P1PKB3/R6R w - - 0 20,g3f4 a5c3 d2d1 c3a1,1600,81,76,37,advantage interference middlegame short,https://lichess.org/2O2WDlWN#39,
BL6pX,8/4kppp/p1n5/3R4/Pp3P2/1Pr1BK1P/6P1/8 w - - 3 31,d5c5 c6d4 f3e4 c3c5,1610,76,92,589,advantage endgame interference master pin short,https://lichess.org/6Js4qsKf#61,
BLSuH,r4rk1/5ppp/4b3/2Q5/2N4q/Pp2P3/1B3PP1/R2R2K1 b - - 2 22,e6c4 d1d4 h4f6 c5c4,1701,74,95,8264,crushing interference intermezzo middlegame short,https://lichess.org/EiWq4WDt/black#44,
BLaie,4rrk1/4q1b1/p1p1P3/3p1pp1/1PpP4/P3QN2/4RPP1/1R4K1 w - - 0 28,f3g5 f5f4 e3f3 e7g5,1884,77,92,1635,crushing interference intermezzo middlegame short,https://lichess.org/0kdfT0TF#55,
BM3Bz,r4rk1/2p1nppp/pp6/n3p3/4P2q/2PBBP2/PPQ3RP/R6K b - - 1 19,b6b5 e3g5 h4h3 g5e7,1639,74,82,125,crushing interference middlegame short,https://lichess.org/n5iqAXRB/black#38,Philidor_Defense Philidor_Defense_Other_variations
BMEIf,rn3rk1/pppq1ppp/3pb3/2n3B1/1PB5/2P2N2/P1P1QPPP/R3K2R b KQ - 0 11,c5a4 c4b5 c7c6 b5a4,1738,78,79,59,crushing interference middlegame short,https://lichess.org/Yr9xLtA4/black#22,Russian_Game Russian_Game_Three_Knights_Game
BNC1x,r5k1/pp2q1b1/6n1/3PpRB1/2p1Q2p/7P/PPP3P1/7K b - - 0 27,e7d6 f5f6 g7f6 e4g6,1888,76,93,979,advantage discoveredAttack interference kingsideAttack master middlegame sacrifice short,https://lichess.org/15cz5BrQ/black#54,
BNVrC,r3k1nr/ppp2ppp/4p3/3P4/4p3/2q1B3/P1P2PPP/R2Q1RK1 b kq - 0 12,e8c8 e3d4 c3c4 d4g7 g8e7 g7h8,1661,76,93,2791,advantage interference long middlegame trappedPiece,https://lichess.org/4VRYBvCf/black#24,Zukertort_Opening Zukertort_Opening_Tennison_Gambit
BNusc,r6r/p4kp1/2p1p3/2b5/4P1Q1/P7/2PB1qB1/3KR3 b - - 4 27,f7e7 g4g7 f2f7 d2g5 e7e8 g7h8,1830,76,96,3961,advantage interference long middlegame,https://lichess.org/qI1yexFg/black#54,
BOGRP,8/5kpp/4p3/5p2/1B1p1P2/p2P4/P1r3PP/1R5K w - - 0 32,g2g3 c2b2 b1c1 b2b4,1668,75,95,18025,advantage endgame interference short,https://lichess.org/KvEeGSnD#63,
BOLWx,r1b2br1/ppk1qNp1/2p1p2p/2n1P2Q/2B2P2/8/PPP3PP/R1BR2K1 w - - 3 16,c1e3 g7g6 h5e2 e7f7,1683,221,100,16,equality interference middlegame short,https://lichess.org/GBEWSJl9#31,
BOO99,r4rk1/1b1nqp1p/pp1p4/2p3pP/PPB1P3/R7/3N1PP1/3Q1K1R b - - 0 20,b7e4 a3e3 d7e5 e3e4,1821,78,92,1550,advantage interference middlegame short,https://lichess.org/pO3R4Bjt/black#40,
BSlzF,r1b1kb1r/p1p2ppp/2n2n2/1p2p1q1/3P4/2N5/PPP1BP1P/R1BQKR2 b Qkq - 0 9,g5g2 e2f3 g2g6 f3c6 c8d7 c6a8,1677,75,93,460,advantage fork interference long opening,https://lichess.org/3q1Ya4aR/black#18,Italian_Game Italian_Game_Two_Knights_Defense
BTLpE,8/2k5/p1pb1p2/Pp1p1Q2/1P1P2P1/5KPq/4RP1r/4B3 w - - 10 44,f5f6 h3g2 f3e3 g2e4 e3d2 d6b4,1713,82,79,33,crushing endgame interference long,https://lichess.org/UoA8Upg8#87,
BU6mj,r4rk1/p1p5/1p1pp2p/6p1/2PP4/2PB1q2/P1Q2PRP/7K b - - 0 22,f8f7 d3e4 f3f4 e4a8,1622,75,75,991,advantage endgame fork interference short,https://lichess.org/xrcnte5s/black#44,
BUG1R,r1q2rk1/p4ppp/b1n5/1p6/Qb1N4/6B1/PP3PPP/RNR3K1 w - - 0 17,a4d1 f8d8 b1d2 d8d4,1780,77,91,2792,advantage interference opening short,https://lichess.org/0USsa2AA#33,Sicilian_Defense Sicilian_Defense_Bowdler_Attack
BUvCy,r6r/pp2k1Qp/2npbpp1/8/2q1P3/8/P4PPP/1R3RK1 b - - 1 22,e6f7 b1b7 e7e8 g7h8,1635,75,95,4137,advantage interference master middlegame short,https://lichess.org/VPTnc88X/black#44,
BVyxK,4rrk1/pp4q1/2b4p/8/3p2BP/1P2p1QN/P6K/4R3 b - - 1 36,g7e5 g4e6 g8h7 g3e5,1717,75,86,761,crushing discoveredCheck doubleCheck interference middlegame short,https://lichess.org/deOdZqsk/black#72,
BWgEK,rn2k2r/p3q1pp/2BpP3/5p2/Q7/6P1/P1Pn3P/4R1K1 b kq - 0 22,b8c6 a4c6 e8d8 c6a8 d8c7 a8a7,1840,76,72,100,crushing exposedKing fork interference long middlegame,https://lichess.org/RuZdaikA/black#44,
BZ7mI,4rk2/1p1R4/p1p2p1p/2P1bB1P/1P2P1P1/P3q3/6Q1/7K w - - 2 45,f5g6 e3e1 g2g1 e1h4 h1g2 h4g4,1784,75,94,1751,crushing endgame exposedKing interference long,https://lichess.org/iycHDhnu#89,
BamuL,r4rk1/4pp2/p2pb1P1/q7/4PP2/8/1QP1N3/2KR2R1 b - - 0 22,a8b8 g6f7 g8f7 g1g7 f7e8 b2b8,1898,74,99,270,advancedPawn attraction crushing discoveredCheck doubleCheck interference long middlegame,https://lichess.org/Sjuu2GSE/black#44,
Bc9dO,2kr3r/1ppq3p/1pnp1p2/4pPp1/6b1/2PP2P1/PP1B1PBP/R1Q2RK1 b - - 0 15,d7f5 f2f3 g4h3 g3g4 f5d3 g2h3,1755,79,93,1218,advantage interference long middlegame,https://lichess.org/OaSaaM9S/black#30,Kings_Pawn_Game Kings_Pawn_Game_Leonardis_Variation
Bdubu,8/8/1Np5/3p4/1P2bkp1/1N4R1/1r3P2/5K2 w - - 1 43,b6a4 b2b1 f1e2 e4f3 e2d2 b1b3,1633,78,95,4299,advantage endgame interference long,https://lichess.org/fafInj79#85,
Bfao0,5r2/5pkp/p1n3N1/3p2Q1/q1pP4/P1P5/2r2PP1/2RK3R b - - 0 26,c2f2 d1e1 f7g6 g5h6 g7f7 e1f2,1879,75,87,249,advantage interference long middlegame sacrifice,https://lichess.org/qP4DnpAJ/black#52,
BgUgC,r2q1rk1/pp1nbppp/2p1pn2/3p1b2/5P2/1P1PP2P/PBPNN1P1/R2QKB1R w KQ - 3 9,g2g4 f6g4 h3g4 e7h4 e2g3 h4g3 e1e2 f5g4,1808,77,93,2544,advantage clearance exposedKing interference opening sacrifice veryLong,https://lichess.org/68i8ED5b#17,Nimzo-Larsen_Attack Nimzo-Larsen_Attack_Classical_Variation
Bh86A,rnb2r1k/p6p/1p2pNq1/2b1Pp2/3p4/3B1Q2/PPP2PPP/R3R1K1 b - - 1 20,g6f7 f3a8 c8b7 a8a7 b8c6 a7a4,1666,74,82,379,advantage hangingPiece interference long middlegame,https://lichess.org/wfMny13J/black#40,
BhncB,r3k2r/2q1bppp/4pn2/p2pN1B1/8/3Q4/PPP2PPP/R3R1K1 b kq - 0 15,f6e4 d3b5 e8f8 e5d7 f8g8 g5e7,1633,78,95,19654,advantage deflection interference long middlegame,https://lichess.org/lm4E458G/black#30,French_Defense French_Defense_Tarrasch_Variation
Bidl4,r4k2/ppp2p1p/8/5pQ1/3qr3/5P2/P3B1PP/R3K2R w KQ - 0 21,a1d1 e4e2 e1e2 a8e8 e2f1 d4d1,1845,76,76,148,attraction crushing deflection exposedKing interference long middlegame sacrifice,https://lichess.org/Esk3SjMA#41,
BiyCp,3r2k1/p2q1p1p/p4np1/4p3/1Np1P3/P1P2PP1/6BP/R2nQ1K1 b - - 3 28,a6a5 b4d5 f6d5 a1d1,1746,77,92,2189,advantage interference middlegame short,https://lichess.org/z4L4YOpi/black#56,
BkK8i,r4k2/pp3pb1/3p2p1/2pN4/2P1P3/3P1K2/PP2B1pq/R2Q1R2 w - - 0 23,f1g1 h2h3 f3f2 g7d4 f2e1 d4g1,1747,76,95,13201,crushing interference long middlegame skewer,https://lichess.org/jsKgRVYH#45,
BkXvS,r3k2r/q3bpp1/p4n1p/2N1QP2/6P1/8/PpP4P/1K1RR3 b kq - 4 22,e8f8 c5d7 f8g8 e5e7,1799,76,93,328,crushing deflection interference master middlegame short,https://lichess.org/9SlDjsYw/black#44,
Bknfm,r4rk1/1p2np1p/pq2p1p1/3pP3/3P4/P1BQ3P/1nB2PPN/5RK1 w - - 0 20,c3b2 b6b2 f1b1 b2a2 c2b3 a2a3,1679,77,88,200,advantage interference long middlegame,https://lichess.org/hS2YvTvC#39,
BkwCN,N5k1/pp3pbp/1n1p2p1/3P4/2Pp2q1/P5P1/1P2rP1P/R2Q1RK1 b - - 1 20,b6a8 f2f3 g4c8 d1e2,1665,78,97,27753,advantage interference middlegame short,https://lichess.org/KzhphvU1/black#40,
BlkqZ,r5k1/1p2qppp/2p2b2/p1Bp4/4r3/2P2QRP/PP3PP1/3R2K1 b - - 1 21,e4e1 g1h2 f6e5 c5e7,1799,87,56,62,advantage interference middlegame short,https://lichess.org/T4P9OiUn/black#42,
BmsvI,2r1r1k1/2q4p/pp4p1/8/PnpQ3R/7P/1P3PP1/5RK1 b - - 3 33,g8f8 d4h8 f8f7 h4h7,1855,74,93,10289,advantage interference middlegame short,https://lichess.org/56knBA7L/black#66,
BnJPC,8/2r2k2/4p1p1/1RP1PpPp/2Qp1P2/p7/P3K1qP/2B5 w - - 1 63,e2d3 g2f1 d3d4 c7d7 d4c3 f1c1,1778,83,74,30,advantage endgame exposedKing interference long master,https://lichess.org/O4y2Meky#125,
Bnhdb,r1b1r1k1/pp3pp1/2p1p2p/4B2P/2P1Rb1q/1P1B4/P4PP1/R2Q1K2 w - - 8 20,e4f4 h4h1 f1e2 h1h5,1665,75,95,485,advantage interference middlegame short,https://lichess.org/Roryn0tW#39,
Boy2q,3rr1k1/pp4pp/2pRb3/5p2/5P2/P1N1p2P/1PP2KP1/3R4 w - - 0 23,f2e3 e6d5 e3f2 d8d6,1624,75,97,2379,crushing discoveredAttack discoveredCheck endgame interference short,https://lichess.org/1ndslwzk#45,
BpU8V,r1b4k/pppnq1bp/6p1/8/3P1r2/1B2P3/PPP1QPP1/R3K1NR b KQ - 3 14,f4h4 e2c4 d7f6 h1h4,1739,74,97,263,advantage interference middlegame short,https://lichess.org/dpaIxHqo/black#28,Queens_Pawn_Game Queens_Pawn_Game_Modern_Defense
BpfLK,r5r1/1p1bkp2/3qpp1Q/pP6/P1pP3N/2P4P/2B2P2/R6K b - - 0 29,g8h8 h4g6 f7g6 h6g7 e7d8 g7h8,1740,78,84,46,advantage interference long middlegame sacrifice,https://lichess.org/hQIo0t8P/black#58,
Bpvhr,4rk2/2q3bQ/2p2p1B/1p1p1B2/p2P4/P1P5/1P2n1PP/7K b - - 3 29,e2d4 h7h8 f8e7 h8g7 e7d8 g7f6,1614,85,85,35,advantage deflection exposedKing interference long middlegame pin,https://lichess.org/dJ0PlJsq/black#58,
Bt8ky,3rr1k1/pp1n1p2/1q3n1Q/2bp2N1/6P1/2NB4/PPP2P1P/5RK1 b - - 0 17,d7e5 d3h7 f6h7 h6h7 g8f8 h7h8 f8e7 h8e5,1784,76,90,1784,crushing interference kingsideAttack middlegame veryLong,https://lichess.org/fureLJbv/black#34,Sicilian_Defense Sicilian_Defense_Marshall_Counterattack
BuNhD,5rk1/pb5p/2q3p1/2p1Rp2/3p1P2/P5b1/1P3P1P/2QR1BK1 w - - 0 27,f2g3 c6h1 g1f2 h1h2 f2e1 h2g3 e1d2 g3f4,1686,75,84,273,advantage deflection interference kingsideAttack middlegame veryLong,https://lichess.org/gDcCFhNZ#53,
Bv4pg,r7/3b2Q1/3kq2P/3pN3/pppP4/8/PP6/2KR4 b - - 4 35,a8g8 e5f7 d6e7 g7g8,1773,76,93,2155,crushing endgame interference short,https://lichess.org/gTu03Vve/black#70,
Bv9Bj,2r2rk1/1p2ppb1/3q1npp/3n1b2/N2P4/P2N4/BP3PPP/R1BQR1K1 w - - 1 19,d3e5 f5c2 d1f3 c2a4,1852,74,97,1052,advantage interference master middlegame short,https://lichess.org/IX5HyCEm#37,Caro-Kann_Defense Caro-Kann_Defense_Panov_Attack
BvFxx,r1b2rk1/pp2q1pp/2pb1n2/3p4/3P1N2/1Q2PBP1/PP1B3P/R4RK1 b - - 2 15,f6e4 f4d5 c6d5 b3d5 c8e6 d5e4,1796,75,96,3107,advantage interference long middlegame,https://lichess.org/kqyihQ5Z/black#30,English_Opening English_Opening_Anglo-Dutch_Defense
BxEin,6k1/1p2r2p/p5p1/2nP4/P1PNq3/1P4PP/6K1/2RQ4 w - - 4 35,g2h2 c5d3 c1c2 e4d4,1888,91,76,24,advantage endgame interference short,https://lichess.org/Hm85I549#69,
Bxf6t,7k/r6r/8/1Q6/p7/6K1/8/8 b - - 0 49,a4a3 b5b8 h8g7 b8a7,1808,79,95,19531,crushing endgame interference queenRookEndgame short,https://lichess.org/T7zoJU9p/black#98,
Bxg8C,r7/1p1q1rpk/p1p4p/5N2/PP2Q3/2P4P/5RP1/6K1 b - - 5 29,a8e8 f5e7 h7h8 f2f7,1700,76,97,9992,advantage discoveredAttack discoveredCheck endgame interference short,https://lichess.org/S8kr3gkI/black#58,
BxlbA,r6r/pQpRnkpp/5p2/4p3/8/P7/1B3q1P/3R3K b - - 1 25,a8b8 d7e7 f7e7 b7c7 e7e8 c7b8,1735,77,93,859,advantage attraction interference long middlegame,https://lichess.org/tM2YH79t/black#50,
ByU8U,6Q1/1Bp1kpp1/2P2qnp/4p3/8/P3Bb2/1P3P1P/K7 b - - 0 34,f3c6 e3c5 e7e6 b7c6,1744,84,83,95,crushing endgame interference intermezzo short,https://lichess.org/7WrEKdK4/black#68,
Byuns,r1b1k1nr/2p2ppp/1bpp1q2/p7/P3P3/1N3Q2/1PPB1PPP/R3KB1R b KQkq - 1 10,f6b2 d2c3 b2c2 c3g7,1804,74,88,348,advantage interference master opening short,https://lichess.org/bwQjeUBS/black#20,Scotch_Game Scotch_Game_Classical_Variation
BzQ7e,r2qkb1r/ppp2pp1/5nnp/4p3/3N1Pb1/1B6/PPP3PP/RNB1QRK1 w kq - 0 11,f4e5 d8d4 c1e3 d4e5,1784,77,94,11778,crushing hangingPiece interference opening short,https://lichess.org/9Yc98BSF#21,Scotch_Game Scotch_Game_Scotch_Gambit
BzhtV,r5kr/p2qnR1p/1p1Np1p1/4b3/8/8/PPPP1QPP/R1B3K1 w - - 0 18,d6e4 e5d4 e4f6 g8f7 f6d7 d4f2,1833,79,94,16372,advantage interference long middlegame pin,https://lichess.org/TPWnCgNP#35,Sicilian_Defense Sicilian_Defense_Other_variations
C21FY,r2qkb1r/p1p2ppp/1p3n2/3P4/3P2b1/PQ6/1P3PPP/RNB1KB1R b KQkq - 0 9,f6d5 f1b5 g4d7 b3d5 d7b5 d5b5,1747,75,84,386,crushing interference intermezzo long opening,https://lichess.org/KMcdSXzS/black#18,Queens_Pawn_Game Queens_Pawn_Game_Chigorin_Variation
C25LB,r1b1k1nr/p2p1ppp/2p5/8/4P3/2p1BN2/Pq1N1KPP/R2Q3R b kq - 3 12,c3d2 e3d4 b2b4 d4g7,1780,72,95,10971,crushing interference middlegame short,https://lichess.org/oE5I3fn5/black#24,Sicilian_Defense Sicilian_Defense_Old_Sicilian
C2qFu,8/2k2r2/p2p1Nn1/1ppP1p2/5P2/1P1P2PP/P2K4/6R1 w - - 1 28,f6e8 c7d7 g1e1 g6e7 e1e6 d7e8,1767,80,93,942,advantage defensiveMove endgame interference long trappedPiece,https://lichess.org/bzJT87Rl#55,
C4GSm,1r6/k1pQ4/4p3/2q1P3/p4PP1/1Pp5/P7/K2R4 b - - 0 37,a4b3 d7a4 a7b7 a4b3 b7a8 b3a4,1625,74,96,1709,advantage endgame exposedKing interference long,https://lichess.org/MmfaV6vS/black#74,
C5cVH,3qkb1r/2r3pp/2p2p2/4pbN1/8/1QP5/PP3PPP/R1B1R1K1 b k - 0 17,f6g5 e1e5 c7e7 c1g5 e7e5 g5d8,1746,84,93,3171,crushing fork interference intermezzo long middlegame,https://lichess.org/VCNZ00LF/black#34,Ruy_Lopez Ruy_Lopez_Spanish_Countergambit
C6J4E,r4rk1/pp1n2b1/2p2q2/3p3Q/3P4/2N1PP2/PP3P1P/2KR2R1 b - - 6 18,f6f3 g1g7 g8g7 d1g1 g7f6 h5f3,1720,76,96,2272,attraction crushing exposedKing interference kingsideAttack long middlegame sacrifice,https://lichess.org/8HeC2v2x/black#36,Queens_Pawn_Game Queens_Pawn_Game_Torre_Attack
C6ZRr,8/p7/8/1p5p/1P3Pkp/P3K3/6P1/8 b - - 0 47,g4g3 f4f5 g3g2 f5f6 h4h3 f6f7 h3h2 f7f8q h2h1q f8f3 g2h2 f3h5,1803,83,79,42,advancedPawn crushing endgame interference pawnEndgame promotion quietMove veryLong,https://lichess.org/uyPNnMPM/black#94,
C6lVy,8/3R2pp/8/4Pk2/3K1P2/6r1/8/8 b - - 1 45,f5f4 d7f7 f4g4 f7g7 g4f5 g7g3,1885,76,87,69,crushing deflection endgame interference long rookEndgame skewer,https://lichess.org/USzsJD7k/black#90,
C7FXV,2k4r/pp4pb/2p1pp1p/8/1b1rP3/5PB1/PP2BKPP/2RR4 b - - 1 20,h8d8 c1c6 b7c6 e2a6 c8d7 d1d4 d7e7 d4b4,1896,75,95,5315,advantage fork interference middlegame sacrifice veryLong,https://lichess.org/SGSDNl04/black#40,
C7TOT,r2qk2r/pQ1n1ppp/3ppn2/5b2/2BP4/4P3/PP3PPP/R1B1K1NR w KQkq - 0 10,c1d2 f5e4 b7a6 e4g2 g1e2 g2h1,1671,75,94,1534,crushing interference long opening trappedPiece,https://lichess.org/vLB6nIL6#19,Queens_Gambit_Accepted Queens_Gambit_Accepted_Old_Variation
C7ay6,rnb1k1r1/ppp2p1p/3b4/3PN2n/2BP1ppq/2N5/PPP3P1/R1BQ1RK1 w q - 0 11,c1f4 g4g3 e5f3 h4f4,1763,74,95,13665,advantage discoveredAttack interference middlegame short,https://lichess.org/Aoe04Xkk#21,Kings_Gambit_Accepted Kings_Gambit_Accepted_Kieseritzky_Gambit
C7n9v,7r/8/8/2Pk4/3P1Pp1/PR1K4/7P/8 w - - 2 45,b3b2 h8h3 d3d2 h3h2 d2c3 h2b2,1673,355,67,1,crushing endgame interference long rookEndgame,https://lichess.org/t8m9nmmr#89,
C87oB,r6r/3bqpkp/3p2p1/2pPn1P1/1pP1Pp1Q/1P3P2/2BN3P/R5RK b - - 2 25,h7h5 g5h6 g7f8 a1a8,1814,101,23,24,crushing enPassant interference master middlegame short,https://lichess.org/vcaYKBcq/black#50,
C8HMJ,r5k1/2rbb1pp/3pq3/1p2ppP1/4P2P/1PB1QP2/P7/1K1R1B1R w - f6 0 23,e4f5 e6f5 f1d3 c7c3,1658,74,89,1771,advantage interference middlegame short,https://lichess.org/6Kd0xPrL#45,
C8tRm,r3kr2/p7/3pR3/7p/2p1P2Q/3P4/Pq4PP/n6K b - - 1 23,e8d7 h4e7 d7c8 e7f8 c8b7 f8e7,1792,95,52,35,advantage endgame interference long,https://lichess.org/5vOir0Iu/black#46,
C96OC,r2br1k1/pb3p1p/6p1/1q1p4/8/2RpB2N/PP3PPP/3Q1RK1 b - - 1 27,b5b2 c3b3 b2a2 b3b7,1692,75,92,2230,advantage interference middlegame short,https://lichess.org/s0PSeqw8/black#54,
C9Rwr,1qB1r1k1/5ppp/ppP2n2/8/bP1N1n2/P6P/3Q2P1/2R3RK b - - 0 28,e8c8 c6c7 c8c7 d2f4,1632,76,94,4350,advancedPawn advantage interference middlegame short,https://lichess.org/k8O4Cb07/black#56,
CA4w9,rn2k1r1/ppb1qp1N/2p1p2Q/8/8/P7/1PP2PPP/1K1R3R b q - 0 21,b8d7 d1d7 e8d7 h7f6 d7c8 f6g8,1612,76,70,174,advantage attraction fork interference long middlegame sacrifice,https://lichess.org/3NKf7DyN/black#42,
CBave,r4rk1/pb3ppp/1p1bp3/3pN3/P1PP2Pq/1P1B1R1n/1B4KP/R2Q4 w - - 1 20,f3h3 d5c4 e5f3 h4g4,1776,76,84,334,crushing discoveredAttack discoveredCheck interference middlegame short,https://lichess.org/b9FCuXJh#39,
CC1mw,1nrqr1k1/p3bppp/1p2p1n1/3pPb2/1P1P4/PN2BN1P/4BPP1/R2Q1RK1 w - - 2 19,e2b5 f5c2 d1e2 c2b3,1676,74,89,606,advantage interference middlegame short,https://lichess.org/n04K1ruU#37,
CC3RU,8/3k4/1p2R3/5p2/5P1p/2Br2r1/PP6/4R1K1 w - - 1 30,g1f2 d3f3 f2e2 d7e6,1815,76,92,2801,crushing endgame interference short,https://lichess.org/4yylGQVy#59,
CCJBV,1r6/3R2pk/2Pn3p/3pp3/1P1p2K1/3P1P2/4P2P/8 b - - 4 41,d6b5 d7b7 b8c8 b7b5,1877,74,84,218,crushing endgame interference master short,https://lichess.org/Pe5FSzM0/black#82,
CCUe4,r5rk/1p4qp/p3p2Q/3pNp2/3Pn3/2P3PR/PP5P/R5K1 b - - 0 22,e4g5 h6g5 g7g5 e5f7 h8g7 f7g5,1737,71,95,19206,attraction crushing fork interference long middlegame sacrifice,https://lichess.org/QUOMiPTE/black#44,
CDL9J,r2qkbnr/p6p/2p1b1p1/P1p5/2P1p1P1/4P2P/R2B1P2/3QKBNR w Kkq - 1 20,f2f4 d8h4 e1e2 e6c4,1796,76,95,10117,interference mate mateIn2 middlegame short,https://lichess.org/CCdAaCyj#39,
CDhGj,5rk1/1p3ppp/2q1pn2/p7/P2p4/2r2P1B/P4P1P/1R1Q2RK b - - 1 22,c3f3 h3g2 f6e4 d1f3,1851,74,86,493,crushing interference intermezzo middlegame short,https://lichess.org/LnxyCH66/black#44,
CDoXc,6k1/Q6R/3p3p/3P1np1/2K2PP1/8/P3r3/2r5 w - - 15 41,c4b5 e2b2 b5a4 b2a2 a4b3 a2a7,1626,77,94,3323,crushing endgame interference long skewer,https://lichess.org/rz1f2DWL#81,
CEUA4,1k5r/1p6/2p2Q2/P1Pp4/3P1P2/6P1/1q1KR2P/8 w - - 0 39,d2e1 b2c1 e1f2 h8h2 f2f3 c1f1,1711,76,91,1064,crushing endgame exposedKing interference long,https://lichess.org/anqOtgRX#77,
CEq94,6k1/3n1ppp/2p1q3/P7/3P4/B7/P1P1rQPP/R5K1 w - - 1 28,f2g3 e2e3 g3h4 e3a3,1650,73,95,14779,advantage endgame interference short,https://lichess.org/rrY9ZP29#55,
CFcqs,5r1k/1p1r3p/p4pQ1/3P3R/8/3B3P/PP1q2PK/8 b - - 11 35,f8f7 h5h7 f7h7 g6e8 h8g7 e8d7,1824,113,78,29,crushing endgame interference long sacrifice,https://lichess.org/NrC3uEuS/black#70,
CGa90,1r1r2k1/1p3qbp/p2pp1p1/2p4n/P1P1PB2/1P1Q1P2/4N1PP/1R1R2K1 w - - 4 22,f4d6 g7d4 e2d4 d8d6 d4f5 d6d3,1844,79,92,5947,advantage interference intermezzo long middlegame,https://lichess.org/TAMgbkiu#43,
CIV0y,5r1k/6bp/6p1/1Bq1Pp2/3p1P2/1P6/2b1Q1PP/R2R2K1 w - - 0 26,d1c1 d4d3 e2f2 c5b5 c1c2 d3c2,1667,77,93,4810,advancedPawn advantage discoveredAttack discoveredCheck interference long middlegame,https://lichess.org/IGkRXVLB#51,
CJFj4,4rrk1/1p2qb1p/p1p3n1/P1Pp2p1/3Q1p2/1PR1PP2/4BNPP/3R2K1 b - - 1 32,f4e3 f2g4 g6e5 c3e3 e5g4 e3e7,1850,72,95,17153,advantage interference intermezzo long middlegame,https://lichess.org/1MmHEYYS/black#64,
CK3Dn,r3kb1r/pp3ppp/5n2/q1Ppn3/8/2N1B3/PP3PPP/R2QKB1R b KQkq - 3 11,f8c5 f1b5 e5c6 e3c5,1668,75,97,4069,advantage interference intermezzo middlegame short,https://lichess.org/IK21uTbz/black#22,Caro-Kann_Defense Caro-Kann_Defense_Panov_Attack
CKDAc,7r/ppb2p2/1q2p1k1/3p1p1r/3P4/2P1QNP1/PP3PK1/R6R b - - 7 31,h5h1 e3g5 g6h7 a1h1,1658,89,88,65,interference intermezzo mate mateIn2 middlegame short,https://lichess.org/GJiqZgdJ/black#62,
CKLKK,2r1r2k/1bP2ppB/p3p2p/1p6/1q6/1P2P3/P1Q2PPP/2RR2K1 w - - 3 23,d1d7 f7f5 e3e4 h8h7,1880,170,0,5,advantage interference middlegame quietMove short,https://lichess.org/Y53aqgUi#45,
CKqIw,r4rk1/1p3p1p/2p3pB/8/p2RP1Q1/2q3P1/P1P4P/2KR4 w - - 0 22,h6f8 c3a1 c1d2 a1d4 d2e2 d4c4,1641,76,98,1497,advantage endgame interference long queensideAttack,https://lichess.org/mHKxIiwP#43,
CLS7Z,3r1r1k/2q1b1pp/p3Qnn1/3p4/2B5/1P5P/PB2N1P1/R4R1K w - - 2 24,c4a6 d8d6 e6e3 d6a6,1601,76,96,23881,advantage interference middlegame short,https://lichess.org/Zp7Iv0MD#47,
CM7mp,r1bq2nr/ppp1k1pp/2np4/6Q1/3pPP2/8/PPP3PP/RNB1K2R b KQ - 1 12,g8f6 g5g7 e7e8 g7h8 e8f7 h8d8,1830,75,84,183,advantage interference long opening,https://lichess.org/F4sINjCI/black#24,Scotch_Game Scotch_Game_Haxo_Gambit
CN6Pz,4rrk1/p1pq2p1/2n1p1QB/2p3N1/2nP4/7P/P4PP1/1R4K1 b - - 3 28,f8f6 g6h7 g8f8 h7h8 f8e7 h8g7 e7d8 g7f6,1617,77,93,4986,crushing deflection interference kingsideAttack middlegame veryLong,https://lichess.org/d3VwmE1A/black#56,
CNb0o,8/5k2/1pK5/4R3/2P5/8/8/1r6 b - - 7 59,f7f6 e5b5 b1c1 b5b6,1807,294,0,1,advantage endgame interference rookEndgame short,https://lichess.org/g03ojqu1/black#118,
CNwQH,1k1nr3/1p2n3/p1q5/2Np4/3P2Q1/7P/PPP5/2K1R3 b - - 0 34,e7g8 c5d7 b8a7 e1e8,1705,76,93,664,advantage interference middlegame short,https://lichess.org/vSRWptyf/black#68,
CPTPK,5rk1/p4p1p/2Q3p1/5q2/4Nb2/5P1R/PP4K1/8 b - - 2 32,f8c8 e4f6 g8f8 f6d7 f8e7 c6c8,1851,76,93,165,advantage endgame interference long,https://lichess.org/mlY1Ot8B/black#64,
CPYoB,3r1q1k/ppp3pp/1bn5/3Q3B/5r2/PPP2N1P/4RPP1/R5K1 w - - 3 22,d5b5 f4f5 b5c4 f5h5,1883,76,94,9096,advantage interference middlegame short,https://lichess.org/tv0TAKya#43,
CPu39,r3k1n1/1bqp2p1/pp2pp2/5P2/2P1P3/2N1BKb1/PP2B2r/2RQ1R2 b q - 1 20,g3h4 e3f4 c7c5 f4h2 c5f5 f3g2,1833,84,66,49,advantage defensiveMove fork interference long middlegame,https://lichess.org/a1ZvgB3m/black#40,
CQiqi,r2qkb1r/1b1p1p2/p3P3/1p2P1pp/8/1B2BQ2/PP3PPP/R4RK1 b kq - 0 18,b7f3 e6f7 e8e7 e3g5,1753,76,82,81,advancedPawn attackingF2F7 interference mate mateIn2 middlegame short,https://lichess.org/tHPhcr9N/black#36,Sicilian_Defense Sicilian_Defense_Nyezhmetdinov-Rossolimo_Attack
CSLZj,2qr2k1/1p2bppp/p1n1b3/7Q/2p5/2P3P1/2P1NPBP/RR4K1 w - - 0 21,b1d1 d8d1 a1d1 e6g4 h5d5 g4e2,1773,82,93,415,advantage interference kingsideAttack long middlegame,https://lichess.org/53z197MA#41,
CSgCx,2kr2r1/pp2bp2/4p2p/8/3q4/6Q1/5PPP/2R3K1 b - - 5 27,c8d7 c1c7 d7e8 g3g8 e7f8 g8f7,1756,71,96,21141,attackingF2F7 endgame interference long mate mateIn3,https://lichess.org/E6IMY585/black#54,
CTQyz,r1bqr1k1/1ppn2pp/8/p4p2/2nP1P2/2N5/PPB2BPP/R1Q2RK1 b - - 4 16,d7f6 c2b3 c8e6 d4d5 f6d5 b3c4,1827,78,93,1953,crushing interference long opening pin,https://lichess.org/87GsdAs2/black#32,Queens_Gambit_Accepted Queens_Gambit_Accepted_Old_Variation
CTzmd,3r2k1/1b3pp1/p4q1p/8/2P3Q1/4R2P/PP1p1PP1/3B2K1 b - - 1 26,f6b2 e3b3 b2e5 b3b7,1722,77,94,16614,advantage endgame interference short,https://lichess.org/VW2HIXAS/black#52,
CYY6X,4N1k1/5ppp/3p2n1/p1b5/5Pb1/PP1QP3/1B4q1/1K3R2 w - - 2 28,e8g7 g4e2 d3c3 g2f1,1732,76,89,168,advantage fork interference master masterVsMaster middlegame short,https://lichess.org/qNgbASMU#55,
CZ7xK,2r5/p4k1p/npr3p1/3pBP2/3P1P2/P2K4/2P4P/1R4R1 w - - 1 26,g1g2 c6c3 d3e2 c3c2 e2f1 c2c1 b1c1 c8c1 f1f2 c1c2 f2g3 c2g2,1818,80,87,180,advantage deflection endgame interference veryLong,https://lichess.org/J9RUR5G9#51,
CZ9VQ,2rr2k1/pp3ppp/2b1pn2/8/2P2q2/2Q2N2/PP3PPP/2R1RNK1 w - - 7 21,f3e5 f6e4 c3e3 f4e5,1824,76,91,2546,crushing interference middlegame short,https://lichess.org/Wnkys54D#41,
CaVfT,1Q6/6p1/1K2k2p/4P3/3q4/1R6/8/8 w - - 3 69,b6a6 d4a4 a6b6 a4b3,1629,76,94,4766,crushing endgame interference master short,https://lichess.org/Cfgq68Mq#137,
CcKA8,1k6/pp6/2p2p1r/8/6B1/2B1P1b1/PP3P1r/3R2K1 w - - 0 30,f2g3 h2h1 g1f2 h6h2 f2f3 h1d1,1776,74,86,728,crushing endgame exposedKing interference long,https://lichess.org/1konT28Z#59,
CdT8P,1r3r1k/R5p1/Rp1q3p/1P2pp2/2Pp4/3P1QP1/5PKP/8 w - - 2 26,a7b7 e5e4 d3e4 b8b7,1817,75,95,6762,advantage endgame interference short,https://lichess.org/8uhj0jvP#51,
CdxJv,7r/5pk1/3b2p1/2pP4/p1Q1P3/P3N1q1/1rB1KR1p/5R2 b - - 1 37,h2h1q f2f7 g7h6 f1h1,1695,78,95,14645,crushing interference master middlegame short,https://lichess.org/DB4lNJEy/black#74,
Cdzb4,r4r1k/1b6/p3p3/3p3Q/3N1b1p/1PP5/P5PP/6K1 b - - 2 29,h8g7 d4e6 g7f6 e6f4,1810,75,57,65,crushing endgame fork interference short,https://lichess.org/aIKtvrQE/black#58,
Cg4rc,8/1r6/3Q4/4P1p1/k7/8/1p6/3bK3 b - - 31 60,b2b1q d6a6 a4b4 a6b7 b4c5 b7b1,1760,75,88,307,crushing endgame interference long skewer,https://lichess.org/iYuqBnCQ/black#120,
Ch9Pi,2r4r/1p1k3p/p1q1p2b/2p1Q3/3pN3/2P1P3/PP5P/R3K2R b KQ - 0 21,h6e3 e5g7 d7d8 g7h8,1740,74,100,155,advantage interference middlegame short,https://lichess.org/dJ95aKtk/black#42,
ChVih,3n2r1/1p1k1p2/5b2/2q1pP1p/3p4/BQ1P2PP/4N2K/5R2 b - - 1 28,c5c6 f1c1 c6f3 b3b5 d8c6 b5b7,1684,83,79,44,advantage deflection exposedKing interference long middlegame,https://lichess.org/9ypQr0iH/black#56,
CiHZV,6Q1/pb2kr2/1p2pp2/q2p4/8/1P1PK3/5PPP/1R5R w - - 4 29,g8b8 d5d4 e3e2 a5a2 e2f1 a2b1,1854,75,84,168,crushing endgame interference long,https://lichess.org/EKy9cXu5#57,
CjMJG,7k/3q1pbp/bp3np1/p1p5/P3pN2/1QP1P2P/BP3PPB/6K1 w - - 7 27,f4d5 c5c4 b3b6 d7d5,1819,77,93,3619,advantage interference middlegame short,https://lichess.org/g9WPCbco#53,
CjWro,3k1r2/2qbp3/p2p2Q1/3P2P1/1p6/5P2/PP1r4/1K1R1B1R w - - 1 24,f1d3 d2d3 d1d3 d7f5 g6g7 f5d3,1622,75,96,1320,advantage attraction fork interference long middlegame pin sacrifice,https://lichess.org/u3N4hjvm#47,
CjdhK,8/2k5/p2p1q2/2pP1P2/2p1Q3/2P5/PK6/8 b - - 0 42,c7b6 e4e6 f6g5 e6d6,1749,76,94,259,crushing endgame interference master queenEndgame short,https://lichess.org/DdTESx19/black#84,
CkUQZ,r4qk1/pp5p/2b1p1p1/5rB1/3Q4/8/PP3PPP/2R1R1K1 w - - 1 23,g5h4 f5f4 d4e3 f4h4,1630,74,61,279,crushing interference middlegame short,https://lichess.org/mxSEsp4G#45,
CkW2l,5k2/5p2/2N5/8/5b2/P6p/1PP5/1K1n2B1 w - - 0 34,c6d4 f4e3 g1h2 e3d4,1875,74,85,264,crushing endgame interference short,https://lichess.org/ADTMY1we#67,
CkXfI,5rk1/pp3pbp/2p2rp1/3qN3/1P1P4/P5Q1/1B2RP2/4R1K1 w - - 6 31,e5d3 f6f3 g3g2 f3d3 g2d5 c6d5,1704,74,93,692,advantage interference long middlegame,https://lichess.org/iCyF2MHI#61,
CkvV5,8/4k3/2pNppq1/2Pp4/P2P4/4r3/7Q/R4K2 w - - 0 43,a1a2 g6b1 f1f2 b1a2 f2e3 a2h2,1632,87,80,37,crushing endgame exposedKing interference long master skewer,https://lichess.org/TYgeS9qb#85,
Clrv1,rn1kr3/pp3pp1/2p3b1/4n1Pp/2P1pN1P/2B5/PP2BP2/R3K2R w KQ - 1 15,f4h5 e5f3 e1f1 g6h5,1868,77,91,2199,advantage interference intermezzo master middlegame short,https://lichess.org/2loWptMi#29,Slav_Defense Slav_Defense_Diemer_Gambit
CnW4t,r2q1rk1/1pbb1ppp/p5n1/4P3/P2PN3/1P2B3/5PPP/R2Q1RK1 b - - 2 19,g6h4 e3g5 d8e8 g5h4,1808,76,96,12337,advantage interference opening short,https://lichess.org/dn9QVJyT/black#38,
CnkyM,r5k1/pp1b1pp1/nq1b3p/3B2B1/1P1P4/P4N1P/5PP1/2R1Q1K1 w - - 0 22,g5e7 a8e8 f3e5 e8e7 d5f7 e7f7,1898,76,92,496,advantage interference long middlegame,https://lichess.org/6v45sNlF#43,
CoJH6,2kr4/1pprbppp/4b3/2P1p3/4q3/Q3B3/PP2BP2/R3K1R1 b Q - 4 19,d7d4 a3a8 c8d7 e2b5 c7c6 a8b7 d7e8 b5c6 e4c6 b7c6,1786,75,86,588,crushing deflection fork interference middlegame veryLong,https://lichess.org/pLrjII08/black#38,Alekhine_Defense Alekhine_Defense_Scandinavian_Variation
Cq1ps,6k1/1R5R/2pK4/p5r1/P4r2/8/1P6/8 w - - 5 41,d6c6 f4f6 c6c7 g8h7,1761,76,93,2168,crushing endgame interference rookEndgame short,https://lichess.org/iATxY4nd#81,
CqG2H,2r5/8/8/k7/3Q2PK/1r6/8/8 b - - 3 51,c8b8 d4a7 a5b4 a7b8,1660,77,93,797,crushing endgame interference master queenRookEndgame short,https://lichess.org/n3iQLQoC/black#102,
CqNks,r3k2r/pp3ppp/2p5/4b2q/2P1B1b1/4B1PP/PPQ2P2/R3K2R b KQkq - 0 15,g4f3 g3g4 h5h4 e4f3,1818,197,0,11,advantage interference middlegame short,https://lichess.org/ROzzJwYJ/black#30,Semi-Slav_Defense Semi-Slav_Defense_Chigorin_Defense
Cr5tp,r1bqr1k1/pp1n1pp1/2nbp2p/3p2NQ/3P4/2PB4/PP3PPP/R1B1RNK1 b - - 1 13,h6g5 h5h7 g8f8 h7h8 f8e7 c1g5 d7f6 h8g7,1701,78,94,3957,advantage interference kingsideAttack opening veryLong,https://lichess.org/vOeazClJ/black#26,Caro-Kann_Defense Caro-Kann_Defense_Exchange_Variation
CtinD,r2r2k1/1p2bpp1/2p4p/p1n1P3/P1PN1P2/6Pq/1PQB3P/2KR3R w - - 3 22,d4f5 c5d3 c1b1 h3f5,1791,76,95,7748,crushing interference middlegame short,https://lichess.org/8glXlfSO#43,
Cv8lZ,5n2/p7/1p1p1k2/2pP1pNP/2P2K2/5P2/P3r3/6R1 w - - 1 39,h5h6 f8g6 f4g3 f6g5,1801,75,78,165,crushing deflection endgame interference short,https://lichess.org/39tyRKFO#77,
CxpwW,2r2rk1/p2q1ppp/4b3/3pP3/2pQ4/8/PP4RP/5RK1 b - - 2 27,e6h3 g2g7 g8g7 e5e6 f7f6 e6d7,1856,76,97,1799,advancedPawn advantage discoveredAttack discoveredCheck interference long middlegame sacrifice,https://lichess.org/owHHo4Zm/black#54,
CyTjo,2kr3r/ppp1np2/2np1qpb/2P1p1Np/2Q1P3/1NP1B2P/PP3PP1/R4RK1 w - - 5 16,g5f7 d6d5 e4d5 f6f7 e3h6 h8h6,1758,75,93,3258,crushing interference intermezzo long middlegame,https://lichess.org/5E6MxEom#31,Philidor_Defense Philidor_Defense_Other_variations
CypTF,8/3r1k2/3b2p1/3bp1pp/2p5/1pB2P1P/1P1NR1K1/1B6 w - - 0 36,c3e5 d7e7 b1e4 e7e5 e4d5 e5d5,1870,79,70,70,advantage interference long middlegame,https://lichess.org/3qx844ro#71,
CzJIY,3r1rk1/5ppp/4pn2/pp4q1/1Q6/PPP3BP/5PPK/3R3R w - - 0 22,b4a5 f6g4 h3g4 g5h6 g3h4 h6h4 h2g1 d8d1,1718,78,96,19462,interference mate mateIn4 middlegame sacrifice veryLong,https://lichess.org/2wZCEwGv#43,
D03kq,4r1k1/1q3ppp/3p1P2/2pP2P1/2b5/2B2Q2/1P4K1/3R4 w - - 3 32,f6g7 c4e2 f3f4 e2d1,1880,74,95,9707,crushing endgame fork interference short,https://lichess.org/2QHiDeLS#63,
D10c9,2kr3r/qp3p2/p1n3pp/4Pp2/N1bP4/6P1/PB5P/RQ1R2K1 b - - 0 22,c6d4 b2d4 d8d4 a4b6 c8c7 d1d4 a7b6 b1b6 c7b6 d4c4,1779,110,83,16,advantage interference intermezzo middlegame queensideAttack veryLong,https://lichess.org/bmV3SqRC/black#44,
D2plL,r1b3rk/pp2q2p/2p1pn2/2PpNpn1/3P1R1Q/2NBP3/PP4PP/R5K1 b - - 1 16,e7g7 h4g5 g7g5 e5f7 h8g7 f7g5,1620,72,95,18422,attraction crushing fork interference long middlegame sacrifice,https://lichess.org/P2AlaesU/black#32,Dutch_Defense Dutch_Defense_Queens_Knight_Variation
D3nQz,5r1k/pp2N1pp/3P4/P3p1q1/1PP1p3/4Q1nn/3N2P1/R3R1K1 w - - 0 29,g2h3 g3e2 g1h1 g5e3 e1e2 e3e2,1827,75,88,493,crushing discoveredCheck doubleCheck interference kingsideAttack long middlegame,https://lichess.org/Fi9FOcif#57,
D40Rv,6k1/2q2pbp/2p3p1/1p2p3/3P4/r1B2P1P/2P2PK1/1R2Q3 b - - 0 24,e5d4 e1e8 g7f8 c3b4 c6c5 b4a3,1729,75,85,875,crushing endgame interference long,https://lichess.org/DBYDB9dy/black#48,
D4tcv,3r2k1/pq2b1p1/4p1P1/1pp2p2/8/2B1P3/PPQ4R/2K5 b - - 1 25,e7g5 h2h8 g8h8 c2h2 h8g8 h2h7 g8f8 h7h8 f8e7 h8g7 e7d6 g7b7,1808,75,99,464,attraction crushing deflection endgame interference sacrifice skewer veryLong,https://lichess.org/KNgHunJz/black#50,
D5dVL,r4rk1/p1q3p1/2bb2Qp/1pp2pN1/5P1P/2P1P3/PP4P1/2KR3R b - - 1 21,f8f6 g6h7 g8f8 h7h8 f8e7 h8g7,1644,75,94,2320,crushing deflection interference kingsideAttack long middlegame,https://lichess.org/4kqrhFSM/black#42,
D5rzE,r1b1k1nr/pppp1pp1/7p/2b1N3/2BPP2q/8/PPP3PP/RNBQK2R w KQkq - 1 8,g2g3 h4e4 e1d2 e4d4 e5d3 d4c4,1765,79,93,2270,advantage deflection exposedKing fork interference long opening,https://lichess.org/nuvlCXms#15,Kings_Gambit_Declined Kings_Gambit_Declined_Queens_Knight_Defense
D6EhO,4rrk1/1p1nqbbp/p5p1/2p5/2P1N3/BP3B2/P5PP/1R1Q1RK1 w - - 0 24,e4d6 g7d4 g1h1 e7d6,1676,75,94,15729,crushing interference middlegame short,https://lichess.org/hN7tk1gW#47,
D87JI,1k6/1p6/2pr2p1/p7/nqP3PP/4P3/P1Q1BP2/1KR5 w - - 5 31,b1a1 d6d2 c2b3 d2e2 b3b4 a5b4,1795,85,88,32,crushing endgame interference long,https://lichess.org/WX9bux13#61,
D8bgd,8/5Q2/pkn1R1p1/1p5q/2p5/2P2K2/PP3PP1/8 w - - 14 42,f3e4 h5e2 e4f4 e2f2 f4g5 f2f7,1770,81,91,779,crushing endgame interference long skewer,https://lichess.org/yrEMz579#83,
D8zHV,r1b1kb1r/p3pppp/2pp4/6q1/8/2NQ4/PPP1B1PP/R3K2R b KQkq - 1 11,g5g2 e2f3 g2g5 f3c6 c8d7 c6a8,1660,74,95,13534,advantage fork interference long middlegame,https://lichess.org/RoWUKKyS/black#22,Sicilian_Defense Sicilian_Defense_Classical_Variation
D9Awi,r2qk1nr/ppp2ppp/4b3/4P3/1bP5/4pN2/3B1PPP/RN1QKB1R w KQkq - 0 10,d2b4 e3f2 e1e2 e6c4 e2f2 d8d1 f1c4 d1h1,1777,77,93,304,advancedPawn advantage attackingF2F7 deflection interference opening veryLong,https://lichess.org/nXWG8IQ9#19,Queens_Gambit_Declined Queens_Gambit_Declined_Albin_Countergambit
D9zvi,r2k3r/1p1n4/p2R3R/2p5/2P5/2P2q2/P1Q2P2/5K2 b - - 2 29,d8c7 d6d7 c7d7 c2d2 d7c8 h6h8 c8c7 h8a8,1699,91,85,56,attraction crushing interference middlegame sacrifice skewer veryLong,https://lichess.org/b5a3Dexi/black#58,
DBBd9,1r1q1rk1/pp2bpp1/7p/n2pN3/Q7/2PP4/PP3PPP/R1B2RK1 w - - 0 15,e5d7 b7b5 a4g4 f7f5 g4g3 d8d7,1608,75,100,306,advantage interference long middlegame,https://lichess.org/MtgbMsI4#29,Italian_Game Italian_Game_Anti-Fried_Liver_Defense
DBK9d,2kr3r/pp3pp1/1qp1pn2/7p/PnPP4/1Q3B1P/1P1B2P1/4RRK1 b - - 4 22,b6d4 d2e3 d4d6 c4c5 d6c7 b3b4,1649,75,94,1020,crushing defensiveMove interference long middlegame,https://lichess.org/laSnDAYX/black#44,
DBdzS,1r5r/p2kp3/3pqp1p/2Q5/1p2NR2/3P2P1/PP2n2P/5R1K b - - 2 30,e2f4 c5a7 d7d8 a7b8,1811,78,93,11413,advantage interference middlegame short,https://lichess.org/Lk0uVepx/black#60,
DBvar,2r1r3/pp3Q1k/1b2P1p1/2pp3p/4qP2/P3P3/1P3BPP/3R3K b - - 4 29,h7h6 f2h4 b6d8 f7e8 d8h4 e8c8,1855,75,93,1237,crushing interference long middlegame quietMove,https://lichess.org/E0ABv7NX/black#58,
DCCIm,rn2k2r/pp3ppp/4bp2/3q4/8/2P1P3/P3BPPP/R2QK1NR b KQkq - 0 10,d5g2 e2f3 g2g6 f3b7 b8d7 b7a8,1632,74,86,733,advantage interference long middlegame trappedPiece,https://lichess.org/L1USJygA/black#20,Trompowsky_Attack Trompowsky_Attack_Other_variations
DDvz2,rn1qk1nr/ppp1p1b1/6p1/4p2p/3P2b1/5N2/PPP1B1PP/RNBQ1RK1 w kq - 0 9,f3e5 g4e2 d1e2 d8d4 c1e3 d4e5,1873,77,95,13578,advantage interference kingsideAttack long opening,https://lichess.org/tsQmEbtg#17,Modern_Defense Modern_Defense_Other_variations
DGLcw,3r4/1p3k2/p1pr1pp1/4p3/4PP2/1P2P3/1PP3R1/6RK w - - 0 24,g2g6 d8h8 h1g2 f7g6,1642,77,90,157,crushing endgame interference rookEndgame short,https://lichess.org/MAF3Ivpn#47,
DH6Lg,1k5r/1p2Qn2/p2p4/8/6p1/2qnN2P/P4PPK/R6R w - - 0 28,e7f7 c3e5 h2g1 e5a1,1883,77,93,687,advantage interference master masterVsMaster middlegame pin short,https://lichess.org/nqabi8u9#55,
DJGUE,8/1q4kp/1p4p1/pP1pQ1P1/3Pp2n/2P5/1P6/6K1 b - - 3 42,g7f8 e5h8 f8f7 h8h7 f7e6 h7b7,1646,75,91,549,crushing endgame exposedKing fork interference long skewer,https://lichess.org/11HBfKLa/black#84,
DJgIo,3r1k1Q/p7/7p/2Pb2Nq/3Pp2P/4P1P1/P6K/8 b - - 4 54,f8e7 h8e5 e7d7 e5d5,1619,75,89,82,crushing endgame interference short,https://lichess.org/Ruhvgru2/black#108,
DKIgW,r3k2r/pp1qbppp/3p4/2pPp3/3n2b1/P2P1NP1/1PPB1PBP/R2Q1RK1 b kq - 0 11,d7f5 f3d4 c5d4 f2f3 g4h3 g3g4 f5g6 g2h3,1610,74,94,13698,advantage interference middlegame veryLong,https://lichess.org/J2wSrAF2/black#22,Sicilian_Defense Sicilian_Defense_Closed
DL6T0,2kr3r/pp1q2p1/4pp2/6p1/2Pp2P1/2P2Q2/P5P1/1R3RK1 b - - 1 22,b7b6 f3a8 c8c7 a8a7 c7d6 b1b6 d6e7 b6b7 d7b7 a7b7,1783,74,100,197,crushing deflection endgame exposedKing interference pin queensideAttack veryLong,https://lichess.org/S9qsl37s/black#44,
DLBra,2rr2k1/2p2ppp/p3p1n1/1q2N3/3p4/B2P4/3P1PPP/R1RQ2K1 b - - 0 20,g6e5 c1c5 b5d3 c5e5,1613,76,97,3166,advantage interference middlegame short,https://lichess.org/b5ZYnqHl/black#40,
DMPKY,1r3qk1/p2b2p1/2p4p/2p1R3/2PpBP1Q/3P3P/PP3P2/6K1 w - - 0 26,e5e7 g7g5 f4g5 f8e7,1804,77,93,2085,crushing endgame interference short,https://lichess.org/iGBNZfJa#51,
DNQBP,8/4b1pk/4q2p/p3Pp2/1pQ1pP2/3rN2P/PP4PK/5R2 b - - 5 32,e6d7 e5e6 d7d8 e3f5,1858,74,85,388,advantage endgame interference master short,https://lichess.org/4l9dNlYy/black#64,
DNSEb,3r4/pk2q1p1/1pp1PB1p/5Q2/N7/1n6/5PPP/4R1K1 b - - 0 30,e7f6 e6e7 f6f5 e7d8q,1733,82,68,49,advancedPawn crushing endgame interference promotion short,https://lichess.org/AygPeJ96/black#60,
DNTqf,1r3rk1/p4pp1/2p2qnp/2pp4/6Q1/2NP4/PPP2PPP/4RRK1 w - - 1 18,c3a4 b8b4 g4d1 b4a4,1716,74,75,969,crushing interference middlegame short,https://lichess.org/r4TRpdps#35,Sicilian_Defense Sicilian_Defense_Old_Sicilian
DOB9F,4r1k1/7p/p3q1p1/P7/3Q3P/2B3P1/5P1K/8 b - - 8 51,e6e7 d4h8 g8f7 h8h7,1843,75,85,466,crushing deflection endgame interference master short,https://lichess.org/9OeTr7TP/black#102,
DOCgy,2kQ4/p4qp1/7p/3rP3/1p1pQ3/1Pp5/P5PP/4R2K b - - 0 34,d5d8 e4a8 c8c7 a8a7,1804,77,82,129,crushing endgame interference short,https://lichess.org/QSoT0B2i/black#68,
DONPA,5rk1/N1p3p1/1p5p/1P4n1/2P3Q1/P2q3P/5PP1/R5K1 w - - 0 30,a1d1 g5f3 g2f3 d3d1,1845,74,89,655,advantage endgame interference short,https://lichess.org/MEoWIAyC#59,
DPiaU,2r2bk1/5p1p/P5p1/1Q6/1P1q3P/4NP2/3K1PP1/R6R w - - 0 29,b5d3 f8b4 d2e2 d4b2 e2f1 b2a1,1800,75,96,1184,crushing exposedKing interference long middlegame,https://lichess.org/cMXMyoYm#57,
DPpwp,1R6/3p2p1/p1bBpp1p/4Pk1P/5P2/7K/6r1/8 b - - 9 37,f6e5 b8f8 f5e4 h3g2,1679,75,88,105,advantage endgame interference master short,https://lichess.org/AoBHNOzy/black#74,
DRI6M,5k2/p2bR3/2p2pp1/2pr1P2/3p2r1/BP1P4/P1P2K2/4R3 w - - 0 29,f5g6 d5f5 f2e2 f8e7,1848,75,86,71,crushing endgame interference master short,https://lichess.org/qtCtsy1Z#57,
DSHmC,4r1k1/5ppp/p7/8/8/1P3P1P/P4QP1/2BqN1K1 w - - 1 34,c1d2 e8e2 f2g3 e2d2,1790,82,80,36,advantage endgame interference short,https://lichess.org/iNviXHV0#67,
DSMLg,r2n4/2p3rk/q4p1p/pRRPpP1P/Q3P1p1/6N1/5PK1/8 b - - 3 44,d8b7 c5c6 a6a7 c6f6,1751,75,85,1809,crushing interference middlegame short,https://lichess.org/5lDsUCzA/black#88,
DSSzR,1k1r2r1/pppqn2p/6n1/b2P2pQ/3B4/1PNPP3/P4PPP/2R2RK1 b - - 6 17,e7d5 c3d5 d7d5 c1c5 d5f7 c5a5,1897,76,95,5978,advantage clearance interference long middlegame,https://lichess.org/rov1KUae/black#34,Nimzo-Larsen_Attack Nimzo-Larsen_Attack_Classical_Variation
DSjA9,Qn1qkb1r/p1p2ppp/8/4P3/2b5/2p5/P1PP2PP/R1B1K1NR w KQk - 0 10,d2d3 c4d5 a8a7 d5g2,1745,77,93,624,advantage interference middlegame short,https://lichess.org/6ENiSIJc#19,Vienna_Game Vienna_Game_Vienna_Gambit
DTb0u,3q1r2/p1pk2p1/1r1b2bp/3Q4/2P1n1P1/4RN1P/PP3P2/R1B3K1 b - - 6 23,d8a8 f3e5 d7c8 d5a8,1627,76,87,88,crushing fork interference master middlegame short,https://lichess.org/QkbHXWV8/black#46,
DTvtK,rnbqk2r/ppp1bp1p/5n2/3BP3/5Q2/8/PPPP2PP/RNB2R1K b kq - 0 10,f6d5 f4f7 e8d7 f7d5 d7e8 d5f7,1719,76,78,223,attackingF2F7 crushing interference long opening,https://lichess.org/uno0aiJy/black#20,Kings_Gambit_Accepted Kings_Gambit_Accepted_Muzio_Gambit
DUnFa,8/pp5r/4r2k/5RpP/1B3pP1/P3pK2/8/8 b - - 9 50,e6e7 f5f6 h6g7 b4e7,1651,89,90,38,crushing endgame interference short,https://lichess.org/BkU1L88q/black#100,
DVZ8s,r4rk1/ppp2pp1/3qb2p/6N1/2Pn1p2/3P4/P1P2QPP/R1B2RK1 w - - 0 15,c1f4 d6f4 f2f4 d4e2 g1f2 e2f4,1622,86,84,44,attraction crushing fork interference long middlegame sacrifice,https://lichess.org/H190at1M#29,Kings_Gambit_Accepted Kings_Gambit_Accepted_MacLeod_Defense
DW1BT,8/p2k1pp1/1ppP1p2/7p/1Q1R2P1/P6P/1Pb2q2/2K5 b - - 4 39,h5g4 d4d2 f2g1 c1c2,1600,74,98,2808,advantage endgame interference short,https://lichess.org/Buy9Qg9s/black#78,
DWLW2,3q1rk1/p4p2/1r4pQ/4pb2/4p3/1PP5/P4PPP/RN3RK1 w - - 0 19,b1d2 g6g5 h6h5 d8d2,1688,76,94,2441,advantage interference middlegame quietMove short,https://lichess.org/zDiUpCp2#37,Sicilian_Defense Sicilian_Defense_Accelerated_Dragon
DYXcX,r4rk1/p1pb1pbp/2p3p1/3pP3/1q1NnP2/3B4/PBP3PP/1R1Q1RK1 b - - 1 18,e4d2 c2c3 b4a5 d1d2,1652,75,95,13168,advantage interference middlegame short,https://lichess.org/0xdIio5X/black#36,Philidor_Defense Philidor_Defense_Nimzowitsch_Variation
DYfgr,3k3N/1pq2rp1/p2pQ3/b3pP1p/2PpP3/7P/1P4P1/5R1K b - - 1 30,f7e7 e6g8 e7e8 h8f7 d8d7 g8g7,1730,75,89,116,crushing endgame exposedKing interference long,https://lichess.org/HhvmIs5x/black#60,
DYtWF,2k3r1/pp1b4/4p3/3pPnN1/2p5/P1q1B2Q/2P1K3/R6R w - - 0 30,e3f4 f5d4 e2f1 c3a1,1729,75,96,8854,crushing interference middlegame short,https://lichess.org/6GbpeqIL#59,
DZnX0,r3k2r/pq1bnppp/1p2p3/1B1pP3/P2N4/8/3Q1PPP/2R2RK1 b kq - 2 17,d7b5 d4b5 e8g8 c1c7 b7a6 c7e7,1633,73,96,12282,advantage interference long middlegame,https://lichess.org/Pe1OzY2G/black#34,French_Defense French_Defense_Advance_Variation
DZv51,6k1/6p1/4p2p/3n4/4qp2/P4RPP/3Q1PK1/8 w - - 2 42,d2d3 d5e3 f2e3 e4d3,1856,76,92,574,advantage endgame interference master short,https://lichess.org/60PsKBeJ#83,
Da2Wm,r1bk2nr/pppp1pq1/8/2PNp3/3nP3/5QP1/PPP3B1/RNB2RK1 w - - 3 14,f3f7 d4e2 g1f2 g7f7 f2e2 f7h5,1681,78,94,12044,advantage exposedKing interference intermezzo kingsideAttack long opening,https://lichess.org/73AJEezM#27,Kings_Pawn_Game Kings_Pawn_Game_Other_variations
Dar7x,4r1k1/7p/2p3p1/1pBnqp2/rP6/4PQ1P/5PP1/1R2R1K1 b - - 5 26,d5c3 c5d4 e5e4 d4c3 e4f3 g2f3,1747,76,93,1351,crushing interference long middlegame,https://lichess.org/ldzUY1HR/black#52,
DawSx,5r1b/pq4kp/6p1/4Q3/1P6/P5P1/5R1K/8 b - - 0 45,g7g8 f2f8 g8f8 e5h8 f8f7 h8h7,1678,76,81,193,attraction crushing endgame interference long,https://lichess.org/YEJ4SEUa/black#90,
DdXFk,7k/pr3Rp1/Q2b4/7p/3P4/1PP3qP/P5P1/5R1K w - - 7 31,h1g1 g3h2 g1f2 b7f7,1752,78,93,5943,advantage endgame interference short,https://lichess.org/6mBuw2oJ#61,
DdiaO,r5rk/3b1q1p/1ppb1p2/p7/3NR2Q/1P4P1/P4PBP/4R1K1 w - - 6 26,e4e2 g8g4 h4h6 g4d4,1716,75,94,202,crushing interference master masterVsMaster middlegame short,https://lichess.org/rgqArJZb#51,
DdpmR,r2q1rk1/5pp1/pp2pn1p/n2pB3/P2Q4/5P2/BP3P1P/2RR2K1 b - - 1 20,b6b5 e5c7 d8d7 c7a5,1732,73,94,11836,advantage interference middlegame short,https://lichess.org/uoEhGlhA/black#40,
DdqmO,8/8/p6k/3p1K1P/pr1P1R2/8/RP4r1/8 w - - 3 53,f4h4 g2g5 f5f4 b4d4,1649,79,93,2612,crushing endgame interference rookEndgame short,https://lichess.org/aaXgP5L3#105,
Derv7,r1b2bkr/pp4pp/3ppn2/2p3Nq/2Q2P2/7P/PPPP2P1/RNB2RK1 w - - 1 14,g5e6 d6d5 c4d3 c8e6,1808,80,93,15493,advantage interference intermezzo middlegame short,https://lichess.org/ImQxBdRn#27,Sicilian_Defense Sicilian_Defense_Old_Sicilian
DfoKN,2r1kb1r/1bq2ppp/p4n2/8/2B5/1Q2B3/PPP2PPP/2KRR3 b k - 6 16,c7c4 e3c5 b7e4 b3c4,1882,76,91,1600,crushing discoveredAttack discoveredCheck interference intermezzo master middlegame pin short,https://lichess.org/Nw7gpUVU/black#32,Sicilian_Defense Sicilian_Defense_Kan_Variation
Dg5gL,3r1k2/1p1q2pQ/1nr2pB1/1p2P3/1P1p4/P7/5PPP/4R1K1 b - - 4 28,f6e5 h7h8 f8e7 h8g7 e7d6 g7e5,1893,79,93,965,deflection interference long master mate mateIn3 middlegame,https://lichess.org/TJ1ch2BB/black#56,
DgqC9,6rk/5prp/p1pbpp2/2pp1P1Q/4q2N/1P2P2R/P3R1PP/6K1 b - - 3 23,e4g4 h4g6 f7g6 h5g4,1605,75,98,772,advantage interference middlegame pin short,https://lichess.org/FJ1a3dxj/black#46,
DhMhp,r1b1k1nr/pp3ppp/2p5/2P1q3/Q7/2N1B3/P4PPP/R4R1K b kq - 0 16,e5c3 e3d4 c3d3 d4g7,1898,74,94,1026,advantage interference middlegame short,https://lichess.org/Gdu4zpmU/black#32,Nimzowitsch_Defense Nimzowitsch_Defense_Scandinavian_Variation
DhWll,r1b2qk1/4b2p/pnn1prpP/3pB3/3P4/2PQ1N1B/P3NP2/R3K1R1 b Q - 3 19,f6f3 g1g6 g8f7 d3f3,1762,80,67,46,advantage interference intermezzo kingsideAttack master middlegame short,https://lichess.org/8gkReAzx/black#38,
DhuNM,5r2/1Qpk1q2/P1p1p2r/2Pp4/3Pp1p1/4P1P1/1R3P2/1R4K1 b - - 2 29,f7f3 b7c7 d7c7 b2b7 c7d8 b7b8 d8e7 b1b7 e7f6 b8f8,1658,159,48,12,attraction crushing deflection endgame interference sacrifice veryLong,https://lichess.org/sDYF8jwT/black#58,
Diq5z,4N3/1b1k1r2/2p5/R2p1p2/3r3P/6P1/5P2/4R1K1 w - - 0 42,h4h5 d4e4 e1b1 d7e8,1821,75,93,1762,advantage endgame interference short,https://lichess.org/l6dfyBbe#83,
DlFD8,2k5/4R3/p1q5/8/1P6/P5P1/1Q4KP/8 w - - 3 38,g2f1 c6h1 f1f2 h1h2 f2f3 h2b2,1721,75,95,10020,advantage endgame exposedKing interference long skewer,https://lichess.org/ZHVmgeZr#75,
DlQQA,2k2r2/1p6/p1p3QR/3p4/4p1p1/2q1P1P1/P2R1P2/2K5 w - - 0 37,d2c2 c3a1 c1d2 f8f2,1677,75,89,1686,endgame interference mate mateIn2 short,https://lichess.org/S41eJUhy#73,
DlXTB,1Q2R3/p4rk1/1pq3p1/2p3Pp/2Pp2nP/1P4P1/P4B2/6K1 b - - 1 39,f7f2 e8g8 g7f7 b8f8 f7e6 g8g6,1880,76,94,11624,crushing deflection endgame interference long,https://lichess.org/yaUZLLUu/black#78,
Dle5f,rnb1r1k1/ppp3pp/3q4/8/4p3/2PB4/PPQP1PPP/R1B2RK1 w - - 0 13,f1e1 e4d3 e1e8 g8f7 c2a4 c8d7 a4b3 f7e8,1756,77,95,10433,advantage fork interference middlegame sacrifice veryLong,https://lichess.org/nyC9bCo2#25,Russian_Game Russian_Game_Three_Knights_Game
DlsMb,1r1q1rk1/p4p1p/2pQ2p1/2N2p2/4P2P/2P5/b1P2PP1/2KR3R w - - 0 17,d6d8 b8b1 c1d2 f8d8 c5d3 b1d1 h1d1 f5e4,1775,77,93,2577,advantage interference intermezzo middlegame queensideAttack veryLong,https://lichess.org/EHgt9zDZ#33,Sicilian_Defense Sicilian_Defense_Richter-Rauzer_Variation
Dm5nc,3r3k/ppp3b1/2b4p/6PR/2B1q3/2P1Pp2/PP3Q2/2K4R w - - 2 26,h1h4 d8d1 c1d1 e4b1 d1d2 b1b2,1704,75,51,109,attraction crushing interference long master middlegame queensideAttack sacrifice,https://lichess.org/HC4pYilI#51,
DpjVc,n1k2r1r/1ppbq3/3p3b/1N5p/8/P1Q1P3/5PPP/2R1KB1R b K - 0 23,c7c6 c3a5 d7g4 a5a8 c8d7 a8b7,1890,72,94,14704,advantage deflection interference long middlegame pin queensideAttack,https://lichess.org/dxeBCL4c/black#46,
Dpotj,6r1/p1p2kPp/3rpn1B/1p3P2/2p1R1P1/2P5/P6P/2R3K1 w - - 1 24,e4f4 e6e5 g4g5 e5f4,1816,74,93,1282,advantage endgame interference short,https://lichess.org/XmRNqXz0#47,
Dr1y0,6r1/1p3p1k/q2p2rb/p1nPp3/4P2Q/BP2R3/P1B2P2/6RK w - - 7 34,g1g6 a6f1 h1h2 g8g6 e3g3 f1f2,1802,75,84,120,crushing interference intermezzo kingsideAttack long middlegame,https://lichess.org/8LJXkSx0#67,
Ds1kv,r4rk1/1p3ppp/p3p3/3p2q1/3Nn3/2P4Q/PP3PPP/3R1RK1 b - - 1 18,e4d2 f2f4 g5d8 d1d2,1745,77,92,2114,advantage interference middlegame short,https://lichess.org/ZFkNW5fK/black#36,Nimzowitsch_Defense Nimzowitsch_Defense_Declined_Variation
DsZp8,8/3bk3/4pnpp/4Qp2/5P1P/2Pq1NK1/1P4P1/2B5 w - - 1 36,c1e3 f6e4 g3h2 d3e3,1689,75,96,8268,advantage endgame interference master masterVsMaster short,https://lichess.org/xbVEHLEB#71,
DsgRm,6k1/R5p1/7p/1pK4P/5P2/2p5/P4r2/8 w - - 0 35,c5b5 f2b2 b5a4 b2a2 a4b3 a2a7,1876,75,88,145,crushing endgame interference long rookEndgame skewer,https://lichess.org/C2WJjFTL#69,
DteIa,8/8/1p6/p4Q1k/2P3r1/P7/6r1/7K b - - 3 44,g4g5 f5h7 h5g4 h1g2,1863,239,43,6,crushing endgame interference queenRookEndgame short,https://lichess.org/lJ5t8xki/black#88,
Du3As,3rnk1r/p6p/4qpR1/3p1N2/3P3Q/1Pp1P3/Pb4PP/5RK1 b - - 0 34,c3c2 h4h6 f8f7 g6g7 e8g7 h6g7 f7e8 g7h8,1665,75,97,786,advantage exposedKing interference middlegame sacrifice veryLong,https://lichess.org/sODOTugS/black#68,
DuGp9,1r5r/p1pbqkb1/Q2p1n2/4p2p/4P1p1/2PPB3/PP1NNPPP/2KR3R w - - 2 18,c1b1 d7b5 a6a5 b5d3 b1a1 d3e2,1635,77,93,1824,advantage fork interference long middlegame,https://lichess.org/6fZqVfhL#35,Bishops_Opening Bishops_Opening_Other_variations
DuWRB,5r1k/2P4r/6Q1/3Pp3/4PpPq/BP3Pn1/4RKP1/2R5 w - - 7 35,e2c2 g3e4 f2f1 h4h1 f1e2 h1g2 e2d3 g2f3 d3c4 h7c7,1836,78,86,366,crushing deflection discoveredCheck doubleCheck interference middlegame veryLong,https://lichess.org/KaPQlYPO#69,
DukQL,5k1r/5pp1/p2q3p/4pPb1/2PrB3/1P2QR1P/P5P1/4R2K w - - 2 27,e3c3 g5d2 c3c2 d2e1,1640,75,87,1274,crushing fork interference middlegame short,https://lichess.org/RaFgR7QG#53,
DuyUX,8/7R/2P2Kp1/4p1P1/5k2/8/8/2r5 w - - 1 51,c6c7 c1c6 f6f7 c6c7 f7g6 c7h7 g6h7 f4g5,1743,74,97,1129,crushing endgame interference rookEndgame veryLong,https://lichess.org/mBAzGwNB#101,
Dv1gN,2r2rk1/1q2ppbp/ppnp2p1/3N4/1PP1P3/P3BP2/4Q1PP/2R2RK1 w - - 2 20,d5b6 c6d4 e2d3 b7b6,1712,77,79,64,advantage interference intermezzo middlegame short,https://lichess.org/thyGGUy3#39,
DvJp0,r3kb1r/pp3pp1/n3pnbp/qNpp4/3P1BPP/3BPP2/PPP5/R2QK1NR w KQkq - 4 10,c2c3 g6d3 d1d3 c5c4 d3c2 a5b5,1762,78,79,59,crushing interference long middlegame,https://lichess.org/yoQr3Gd8#19,Rapport-Jobava_System Rapport-Jobava_System_Other_variations
DvUsp,5rk1/6pp/3q3b/p1pPr3/PpP1Pp2/1P5R/2B1Q1PP/5RK1 w - - 3 38,h3h5 f4f3 f1f3 e5h5 f3f8 d6f8,1824,77,87,101,advantage interference long middlegame,https://lichess.org/atgbI1BR#75,
DwVJD,r5k1/p3rppp/1pb3q1/2p1PN2/2P5/1P4P1/P4Q1P/3RR1K1 b - - 4 39,e7e8 d1d6 g6g4 d6c6,1772,75,92,1834,crushing interference middlegame short,https://lichess.org/qx9Z8A6Z/black#78,
DwXyK,r4kr1/pb3p1Q/1p5p/5B2/2pPp2B/q1P1P3/3K4/3R3R w - - 2 29,h1g1 a3b2 d2e1 g8g1,1639,76,95,18849,interference mate mateIn2 middlegame short,https://lichess.org/eFxdBeHx#57,
Dx1bf,r6r/pp1k1ppp/2q3n1/3p1pB1/1Q1P4/1PP2N2/P5PP/R5K1 b - - 7 19,h8f8 f3e5 g6e5 b4e7 d7c8 e7f8,1652,75,95,399,crushing exposedKing fork interference long middlegame sacrifice,https://lichess.org/LU5zadY8/black#38,
DxAnE,2r3k1/pp4p1/r7/3PQp2/q7/2P1P2P/1K1N1P2/3R3R w - - 1 29,d1a1 a6b6 b2c1 a4a1,1784,75,95,4502,advantage deflection interference master middlegame short,https://lichess.org/Ju2wWr3i#57,
DxlRQ,r2q1rk1/4bppp/p1n1pn2/1p1p4/3P1B2/P2QPN2/1P2NPPP/2R2RK1 b - - 1 13,c6a5 f4c7 d8e8 c7a5,1776,74,95,13669,advantage interference middlegame short,https://lichess.org/AETulc0w/black#26,Slav_Defense Slav_Defense_Exchange_Variation
E0rUr,7k/p4p2/4ppBp/1p5Q/K2b2P1/N1q1p2P/P7/R7 w - - 0 32,a3b5 c3c4 a4a3 d4c5 a3b2 c4b5,1716,76,94,2807,advantage endgame interference long,https://lichess.org/nRIzQmaU#63,
E19NB,r3k1nr/ppp2pbp/3q2p1/3Ppb2/QnP5/4BN2/PP3PPP/RN2KB1R b KQkq - 2 9,c7c6 c4c5 d6d8 a4b4,1652,73,94,12750,advantage interference middlegame pin short,https://lichess.org/H5DD7x49/black#18,Modern_Defense Modern_Defense_Other_variations
E1GcP,r4k2/pbq2pp1/1p2p2r/2b3Q1/1P1N1P2/2P5/PB4nP/1BR2RK1 b - - 0 24,c5d4 c3d4 c7d6 d4d5 f7f6 g5g2,1882,79,93,2271,advantage interference long middlegame,https://lichess.org/RAfKcfho/black#48,
E1Xpb,1kr5/1b1pn3/B2b3p/4p1p1/Q3P1q1/2P5/1PKN4/R7 b - - 3 30,b7a6 a4a6 d6c5 a6b5 b8c7 b5c5,1874,75,85,79,advantage exposedKing interference long middlegame,https://lichess.org/Ba0gzQTU/black#60,
E1ctP,3r4/2Q3pk/5q1p/pp3N2/4P3/7P/PP3PP1/6K1 b - - 4 33,h7g6 f5e7 g6h7 c7d8,1647,76,96,3398,crushing endgame interference short,https://lichess.org/d1j59khL/black#66,
E1hYv,5k2/2p1b3/n5R1/1p1P2p1/1P6/1K5P/1P6/8 b - - 4 50,a6b4 d5d6 c7d6 b3b4 f8f7 g6h6,1714,75,76,144,advantage endgame interference long,https://lichess.org/GSZj4S1K/black#100,
E1lBH,5rk1/qp2Rpp1/p6p/8/N2B1n2/1P4pP/P5B1/3R3K b - - 4 28,a7b8 d4e5 b8c8 e5f4,1632,78,94,3539,advantage interference master masterVsMaster middlegame short,https://lichess.org/AFLkeBii/black#56,
E47oY,7r/1r6/3R4/4p3/4Pk1p/2P3p1/1P2RKPP/8 w - - 0 38,h2g3 h4g3 f2e1 h8h1 e1d2 b7b2 d2d3 h1d1 d3c4 b2e2,1615,74,90,89,crushing deflection endgame interference rookEndgame veryLong,https://lichess.org/4reGLOST#75,
E4w1w,4rk2/pb1N3p/1p1q1b2/2p5/2Pp1PQ1/7P/PP4P1/1B2rRK1 b - - 3 28,f8f7 g4h5 f7e7 f1e1,1781,76,88,93,crushing interference middlegame short,https://lichess.org/80QK3zTt/black#56,
E684h,1r3b1k/7p/b3Q1p1/p2p4/3N1P2/2q5/PP1R2P1/1K5R w - - 1 29,h1d1 a6d3 b1a1 c3d4 e6e5 d4e5,1782,79,93,4884,advantage interference long middlegame pin queensideAttack,https://lichess.org/rPxrmL6U#57,
E6FsG,8/1pk5/2p1pPb1/4N3/3PP3/r1p1Q3/q1P5/4K2R w - - 4 35,h1h2 a2b1 e1f2 b1c2 f2g3 c2e4,1852,76,88,163,advantage endgame exposedKing interference long,https://lichess.org/t3HtUR8X#69,
E6VRt,r4rk1/1ppq1pp1/p4n1p/3pP3/1P4b1/P5Q1/BBP3PP/R3R1K1 b - - 0 20,f6e4 e1e4 d5e4 e5e6 f7e6 g3g4,1870,76,76,67,advantage interference long middlegame sacrifice,https://lichess.org/WxtHZdNC/black#40,
E6aJx,5k2/1p2q2p/p2p2p1/8/3Q4/4p2P/PP4P1/6K1 b - - 0 37,e3e2 d4h8 f8f7 h8h7 f7e6 h7e7 e6e7 g1f2,1883,78,90,1120,advantage endgame exposedKing interference queenEndgame veryLong,https://lichess.org/vrdYMfmb/black#74,
E6juL,r5k1/1q2bppp/pBnp4/1p2p3/2b1P3/5N2/PPPQ1PPP/R3R1K1 w - - 4 17,b6a5 b5b4 a2a3 c6a5 a3b4 a5c6,1803,73,95,11026,advantage interference long middlegame quietMove,https://lichess.org/5wEEojbH#33,Sicilian_Defense Sicilian_Defense_Other_variations
E7pFQ,2r5/4k3/1p4P1/p4K2/2P5/8/6R1/8 w - - 5 47,g2g4 c8c5 f5f4 c5c4 f4f3 c4g4,1712,77,95,14614,crushing endgame interference long rookEndgame,https://lichess.org/NQYktivD#93,
E7yKE,3rr1k1/ppp1qppp/2n2n2/6N1/2P3b1/P1B5/1PQ1BPPP/R3R1K1 b - - 6 15,g4e2 c3f6 e7f6 c2h7 g8f8 h7h8 f8e7 e1e2,1640,96,73,24,advantage interference kingsideAttack master middlegame veryLong,https://lichess.org/fTL9e0xh/black#30,Scandinavian_Defense Scandinavian_Defense_Modern_Variation
E9Aqy,r4r1k/5p2/p1p2p1p/q1b1p3/3pQ2N/3P2P1/P1KN1P1P/3R3R w - - 4 26,d1a1 a5c3 c2d1 c3a1,1670,94,74,23,advantage interference middlegame short,https://lichess.org/Ya1K5WeK#51,
E9EB5,1nr2rk1/5pb1/2p3p1/p3P2p/Np2PBnq/1P6/1PP1Q1P1/2KRRN2 b - - 3 20,g4f2 g2g3 h4e7 e2f2,1722,92,83,64,advantage interference middlegame short,https://lichess.org/KPvkUSfU/black#40,
ECZQ5,r2qkb1Q/1bpn1pp1/4P3/1p2P1p1/2pP4/2P1B3/Pp4PP/RN3RK1 b q - 0 18,b2a1q e6f7 e8e7 e3g5 d7f6 e5f6,1788,79,92,4611,advancedPawn attackingF2F7 crushing interference long middlegame,https://lichess.org/XP6e4dp2/black#36,French_Defense French_Defense_Normal_Variation
EENb3,5rk1/1p2bppp/1Qp5/7q/1P2P1n1/r2B1R1P/2P1N1P1/1R4K1 b - - 0 21,g4e5 f3f5 e7g5 f5e5,1649,75,85,465,advantage interference middlegame short,https://lichess.org/XS6MKkcC/black#42,
EEjbD,r3k1nr/pp3ppp/2pbq3/8/8/4P3/PP2QPPP/RNB2RK1 w kq - 2 12,b2b3 e6e5 g2g3 e5a1 c1b2 a1a2,1698,77,93,1303,crushing interference long middlegame trappedPiece,https://lichess.org/atk7zmgs#23,Queens_Pawn_Game Queens_Pawn_Game_Zukertort_Variation
EFRpT,4kr2/5pp1/3p4/n1p1p1P1/1pP1P3/qP1PP3/2K2QP1/3R1R2 w - - 3 27,d1a1 a3b3 c2d2 b3b2 d2e1 b2a1,1724,76,93,406,advantage endgame interference long,https://lichess.org/WFe577ct#53,
EFe0X,r2qr1k1/1p3ppp/2n1p3/pN1p4/P2PnQ2/5N2/1PP2PPP/R3R1K1 w - - 1 18,b5c7 e6e5 d4e5 d8c7,1765,75,94,4455,advantage interference middlegame short,https://lichess.org/pWciJ87M#35,Caro-Kann_Defense Caro-Kann_Defense_Exchange_Variation
EGbzT,6k1/2p3r1/5R2/3p4/4pR2/4P2P/2P4K/r7 b - - 6 47,a1g1 f6f8 g8h7 f4h4 h7g6 h2g1,1635,76,94,2632,crushing endgame exposedKing interference long rookEndgame,https://lichess.org/dAJfLm8G/black#94,
EHBTM,2r3k1/2P3pp/8/p3N3/1p3PP1/3K4/b6P/2R5 w - - 0 33,e5d7 b4b3 d3c3 c8c7,1813,75,93,751,advantage endgame interference master short,https://lichess.org/1GLepsqA#65,
EHEpa,r1bqk2r/pp2b1pp/4p3/2ppQ3/8/3P2P1/PPP2PBP/RN2K2R w KQkq - 1 12,e5g7 e7f6 g7g4 f6b2,1759,76,93,2096,advantage interference middlegame short,https://lichess.org/eYvN6bhu#23,Sicilian_Defense Sicilian_Defense_Old_Sicilian
EHGMY,6r1/p3q2k/4p3/1p1pPr1p/2pP2RP/2P1P3/PPQ4K/6R1 w - - 0 33,g4g8 e7h4 h2g2 h7g8 c2f5 e6f5,1664,76,91,406,crushing endgame interference long,https://lichess.org/dxL24jTB#65,
EHbe9,r6r/5pkp/p2b2q1/2pQn3/3p4/1P1P2BR/2P2P2/5K1R b - - 3 30,g6e6 g3e5 d6e5 h1g1 g7f8 d5a8,1719,101,88,31,advantage interference long middlegame,https://lichess.org/WP6ab8VC/black#60,
EHl2C,6rk/pp1b2rp/2pbpq2/3p1p1B/2PP1P2/2N1P1R1/PP2QP2/6RK w - - 1 25,g3g7 f6h4 h1g2 g8g7,1688,89,100,37,crushing interference intermezzo middlegame short,https://lichess.org/Ohhpxb63#49,
EI1v6,6k1/5pp1/p3p3/1p2P1K1/1P6/P2Q3R/6rr/8 w - - 5 36,g5f4 g7g5 f4e4 g2g4 e4f3 h2h3 f3g4 h3d3,1854,76,94,1361,crushing endgame interference queenRookEndgame skewer veryLong,https://lichess.org/F1zkoVK2#71,
EIDds,rn6/p5Q1/4p3/1B1k2p1/3qN3/3r1P2/5KP1/3R3R w - - 3 29,f2e2 d4e3 e2f1 d3d1,1765,77,80,195,deflection interference mate mateIn2 middlegame short,https://lichess.org/wZ1A3JVr#57,
EJBVI,r3k2r/pp3Np1/2p1p1pn/3n2N1/3PQ1P1/2q3bP/P1P2PK1/R6R w kq - 0 19,f7h8 d5f4 g2f1 c3a1,1710,77,96,19073,crushing interference middlegame short,https://lichess.org/26tzX1Wa#37,Caro-Kann_Defense Caro-Kann_Defense_Karpov_Variation
EKHB5,1k6/1pp5/p7/2P5/4N2R/P2p1r1P/1P1K3R/1r6 w - - 5 42,d2c3 d3d2 c3d2 b1b2 d2c1 b2h2 h4h8 b8a7,1870,76,83,220,advancedPawn advantage attraction deflection discoveredAttack discoveredCheck endgame exposedKing interference skewer veryLong,https://lichess.org/qJTiBLks#83,
EKLZP,3r1k2/5pRp/1p2pn2/2b5/2P5/2Q5/1B3PPP/3qN1K1 b - - 0 27,f8g7 c3f6 g7f8 f6h8 f8e7 b2f6 e7d6 h8d8,1682,75,96,5895,crushing deflection interference middlegame veryLong,https://lichess.org/McrSb91S/black#54,
ELGes,2rqr1k1/1p1bppbp/p2p2p1/n2N4/8/1PP1BP1P/1PN1Q1P1/3RR1K1 b - - 4 21,d7e6 e3b6 d8d7 b6a5,1626,75,68,286,advantage interference master middlegame short,https://lichess.org/17RrFek5/black#42,
ELI5c,5q2/p5k1/1p1pp2p/2p3p1/1PP1P3/P2P2PP/R3Q1K1/r7 b - - 4 36,f8f6 e4e5 f6e7 a2a1,1731,75,93,941,crushing endgame interference master short,https://lichess.org/nUEeNB81/black#72,
EMfIf,3r2k1/2RP2p1/5p1p/4p3/r5P1/7P/5PK1/3R4 b - - 0 41,a4a8 d1c1 g8h7 c7c8 d8d7 c8a8,1728,76,93,284,advantage endgame interference long quietMove rookEndgame,https://lichess.org/r5Deww6J/black#82,
ENM4b,r5k1/1pq1bp1r/p1n5/4pQ1n/3p2N1/1P1P4/P1P3PP/2BR1RK1 b - - 2 24,a8f8 g4h6 g8h8 f5h5,1718,77,93,1859,advantage interference kingsideAttack master middlegame short,https://lichess.org/OkafB9GA/black#48,
ENMQ8,5nk1/p1B2p1p/6pQ/2pPp3/2P1P3/2b5/q4PPP/1R4K1 w - - 0 25,b1c1 c3d2 h6h3 d2c1,1642,107,60,18,advantage endgame fork interference short,https://lichess.org/v6AVKfdJ#49,
EPwnJ,r3k1nr/ppp1qpQp/3b4/8/8/8/PPP2PPP/RNB1K2R w KQkq - 1 11,c1e3 d6e5 g7g4 e5b2 b1d2 b2a1,1662,74,95,14718,crushing interference long middlegame trappedPiece,https://lichess.org/7DK75pzw#21,Scotch_Game Scotch_Game_Other_variations
EQFga,8/2R2p1p/8/1p6/1b1p1P2/7P/2Pk4/5K2 w - - 8 42,f1f2 b4c3 c7f7 d2c2,1753,74,97,1419,crushing endgame interference quietMove short,https://lichess.org/gFUzwqvi#83,
EQXDh,r4r2/pppk3p/3p3q/8/2P3P1/1Q3PP1/8/4R1K1 b - - 3 28,f8e8 b3b5 c7c6 b5b7 d7d8 b7a8,1741,92,87,19,crushing endgame interference long,https://lichess.org/WXPY2bsV/black#56,
ER7vJ,1r4k1/6p1/b3p2p/pqp4P/3P1rP1/2Q2N2/PPP5/2KR3R w - - 0 25,g4g5 f4f3 c3f3 b5b2 c1d2 b2d4,1820,74,88,126,crushing deflection interference long middlegame queensideAttack,https://lichess.org/fYKe6rrd#49,
ESXgv,6k1/6r1/Rp5R/2p1K3/1r6/5P2/8/8 w - - 0 45,a6b6 g7g5 e5f6 b4b6 f6g5 b6h6 g5h6 c5c4 h6g5 c4c3,1675,75,91,510,crushing endgame interference intermezzo quietMove rookEndgame veryLong,https://lichess.org/mgif7tVk#89,
ETk4p,2k3rr/2q1p3/p1p1Pp2/2p2P1b/2P4p/1P1P3Q/P1N2RP1/2R3K1 w - - 4 27,c2e3 g8g3 h3h4 g3e3,1620,75,86,869,crushing interference middlegame short,https://lichess.org/K2lGd1ES#53,
EUX0h,r1br2k1/pp3ppp/4p3/q3N3/2BnnB2/P3R3/QP3PPP/5RK1 b - - 6 19,e4d2 b2b4 a5b6 a2d2,1899,80,93,4689,advantage discoveredAttack interference middlegame short,https://lichess.org/CsQC8keu/black#38,Indian_Defense Indian_Defense_Normal_Variation
EUv7U,r2q1k1r/p4ppp/1p3b2/2np1N2/5B2/2N5/PP2QPPP/R5K1 b - - 7 18,c5e6 f4d6 f8g8 c3d5,1891,74,85,291,advantage interference master middlegame short,https://lichess.org/do3yZqr1/black#36,Sicilian_Defense Sicilian_Defense_Alapin_Variation
EW5tl,8/4r1p1/2Pk4/3B2KP/2P5/8/8/8 b - - 0 46,e7c7 g5g6 c7e7 d5f7 e7e4 g6g7,1810,179,82,5,crushing endgame interference long quietMove,https://lichess.org/O9ZZ9PJH/black#92,
EW6tg,r4r1k/p6p/2N1Q1p1/3n4/5p2/5P1K/P2q2PP/1B2R3 b - - 2 30,d5e3 e6e5 h8g8 c6e7 g8f7 e5f4,1814,76,89,318,advantage interference long middlegame,https://lichess.org/Xup2LpWb/black#60,
EX1PP,r6r/pp2ppk1/3p2p1/3P1PP1/6Q1/6N1/P4RK1/1q6 b - - 0 26,a8c8 f5f6 e7f6 g5f6 g7h7 g4h3 h7g8 h3c8,1733,77,88,117,crushing endgame interference veryLong,https://lichess.org/5k1EcGDA/black#52,
EZX0g,5k2/1p5q/6p1/Q7/5p2/P7/6P1/6K1 b - - 2 41,h7g7 a5a8 f8e7 a8b7,1862,76,90,294,crushing endgame interference queenEndgame short,https://lichess.org/puLmewbb/black#82,
EZfRS,r1b2rk1/pp2qpp1/2n1pn1p/8/1PP1NB2/3B1N2/P3QPPP/R5K1 b - - 0 15,c6b4 f4d6 e7d8 d6b4,1891,73,93,13104,advantage interference master middlegame short,https://lichess.org/EQCzhqQc/black#30,Scandinavian_Defense Scandinavian_Defense_Marshall_Variation
EZmpY,6rk/7p/p4b2/2pN4/2Pn1Bq1/8/PP5Q/5R1K b - - 4 30,d4f3 h2h7 h8h7 d5f6 h7g6 f6g4,1892,77,92,1733,attraction crushing fork interference long master middlegame sacrifice,https://lichess.org/PLP4GCNY/black#60,
EbG3Q,6k1/N3pp1p/1B4p1/3r4/8/8/P1r2PPP/1R4K1 w - - 0 26,a2a4 c2b2 b1e1 b2b6,1895,75,95,5865,advantage endgame interference master short,https://lichess.org/ggoEporO#51,
EbTuT,5rk1/pp3ppp/4b3/4Q3/1q6/5N2/PP3PPP/4R1K1 b - - 4 21,e6g4 e1e4 b4b6 e4g4,1714,72,95,17314,crushing endgame interference short,https://lichess.org/CjGly5Fc/black#42,
EcbfM,2kr2r1/1p3p1Q/p1p5/q7/1b1P2b1/2N3P1/PP2NP1P/3RR1K1 w - - 3 20,d1d3 g4f5 h7f7 f5d3,1816,77,93,10181,advantage fork interference middlegame short,https://lichess.org/n7MqCvUm#39,
EdBlb,1r6/q3kpp1/5np1/8/p1QPP2P/b1B2P2/PP4P1/1K5R b - - 2 25,a3b2 c3b4 e7d8 b1b2,1637,77,81,324,advantage interference middlegame short,https://lichess.org/B7fGqe7Z/black#50,
Eddo3,4k3/R4N2/1r2p3/3pPn2/4r3/2K5/1P1R4/8 w - - 4 51,d2h2 e4c4 c3d3 b6b3 d3d2 b3b2,1816,80,64,45,crushing endgame exposedKing interference long master,https://lichess.org/2Ais3vM6#101,
EdtCO,4rrk1/pbp3bp/1pnq2p1/4ppN1/1nP5/PN1P1B2/1P3PPP/R1BQR1K1 b - - 0 16,b4d3 f3d5 g8h8 d1d3,1707,77,85,1208,advantage interference intermezzo middlegame short,https://lichess.org/veLuXR3T/black#32,Kings_Pawn_Game Kings_Pawn_Game_Leonardis_Variation
EeQti,2r2rk1/1pq2pp1/p3p2p/P2p4/1P1N4/n3P3/1RP1QPPP/5RK1 b - - 2 23,c7c3 b2b3 c3c4 b3a3 c4e2 d4e2,1729,103,72,20,advantage interference long middlegame,https://lichess.org/eThgRUgs/black#46,
EfP2T,7r/3qrpk1/1p1p1Rp1/pPpPp2P/P3P3/4Q1P1/1P4K1/5R2 w - - 3 47,h5g6 d7h3 g2f2 g7f6,1615,75,94,648,advantage endgame interference master short,https://lichess.org/fkRycJ5W#93,
EfSse,1kr1r3/pp1q1p2/6p1/8/1P1P3p/1Q1Nb3/6PP/3R1R1K b - - 6 35,f7f5 d3e5 d7e7 b3e3,1888,73,95,7621,advantage discoveredAttack interference middlegame short,https://lichess.org/BlQ4TLdz/black#70,
EfZIq,8/8/8/1p1p1kR1/1P1P4/2r4r/1K6/6R1 b - - 4 38,f5f4 g1g4 f4f3 b2c3,1605,77,92,2461,crushing endgame interference rookEndgame short,https://lichess.org/8m3KxeGy/black#76,
EgrlA,r6r/p5pk/2Q4p/Pp2p3/3p4/b1PP1P2/P2B1P1q/1K1R2N1 b - - 2 24,d4c3 c6e4 g7g6 e4b7 h7g8 b7a8,1709,77,81,105,crushing interference long middlegame,https://lichess.org/pJdC2Squ/black#48,
EiZo4,2r5/p2q1k1p/2pPp1p1/4B3/5P1Q/7P/6PK/8 b - - 7 38,f7g8 h4f6 c8f8 f6h8 g8f7 h8h7,1745,78,92,1183,advantage deflection endgame interference long,https://lichess.org/OG60PmUa/black#76,
EkhSe,8/6pk/7p/8/Q2P4/P7/K2q4/8 w - - 2 52,a2b3 d2d1 b3b4 d1d4,1859,76,93,598,crushing endgame interference queenEndgame short,https://lichess.org/wF97orMo#103,
EkjlD,r5k1/2p2qbp/p1np2p1/1p1N1n2/2P2P2/6P1/PP1Q1B1P/2R2RK1 w - - 2 21,c4b5 c6d4 d2d3 f7d5,1874,76,93,1978,advantage interference middlegame short,https://lichess.org/yQ4YOvsy#41,
Emx1s,r1rk4/1b1q1Rb1/p2pp1Q1/1pn5/4P3/P1NP4/1P6/1K5R b - - 7 29,d7f7 g6f7 c8c7 f7g8 d8d7 g8g7,1601,75,95,7414,advantage exposedKing hangingPiece interference long master middlegame,https://lichess.org/oEEWFtBy/black#58,
En4wG,rnb4k/p1p1N2p/1p5r/2P3pq/1P1Pp1p1/P3P1PN/5PKP/R1BQ3R w - - 0 17,e7c8 g4h3 g2f1 h5d1,1779,81,70,66,discoveredAttack interference mate mateIn2 middlegame short,https://lichess.org/KrXSkqK7#33,Vant_Kruijs_Opening Vant_Kruijs_Opening_Other_variations
EoufV,7r/2R2p2/4p1k1/3p2p1/3P2P1/2P1P1K1/5R1P/1r6 w - - 7 35,c7f7 b1g1 g3f3 g6f7,1789,73,96,19557,crushing endgame interference rookEndgame short,https://lichess.org/iYvJRMmg#69,
EpFfo,8/8/5k2/p7/P1p1qpQP/1pP5/1P4P1/3K4 w - - 5 40,g4e2 e4b1 d1d2 b1b2,1719,80,93,6041,crushing endgame interference queenEndgame short,https://lichess.org/1E6EsmnJ#79,
EpTBu,2R5/p5kp/6p1/1P2p2n/P3q3/3p2P1/3Q3P/5K2 w - - 0 36,c8c3 e4h1 f1f2 h1h2 f2e3 h2g3 e3e4 h5f6,1718,74,94,2915,deflection endgame exposedKing interference mate mateIn4 veryLong,https://lichess.org/soNJPpsm#71,
Epeib,1r4k1/p5p1/r6p/q2p4/3R1P2/8/PPP2QPP/1K1R4 w - - 2 24,f2f3 a5a2 b1c1 a2b2 c1d2 b2d4,1601,78,90,57,crushing endgame interference long queensideAttack,https://lichess.org/m4v3nn6f#47,
EqGXu,r3rk2/1q3pbQ/3p4/1p6/p3B3/2P4P/PP4P1/R4RK1 b - - 0 28,b7e4 f1f7 f8f7 a1f1 f7e6 h7e4,1629,75,97,4142,attraction crushing interference long middlegame sacrifice,https://lichess.org/KKNySzU9/black#56,
EtBVC,r4rk1/2qn1ppp/1p2p3/1B1pPb2/3P4/P4N1P/5P2/1RBQ1RK1 w - - 0 19,b1b3 f5c2 d1d2 c2b3,1624,78,81,57,advantage fork interference middlegame short,https://lichess.org/4HYH2znM#37,
EtMRc,r3k2r/1p1q1pb1/p3p1p1/2p1Pn1p/2P1NP2/1P3n2/P5PP/R1B1QRK1 w kq - 0 17,f1f3 d7d4 c1e3 d4e4,1821,77,94,12172,advantage fork interference master middlegame short,https://lichess.org/ScStzpEi#33,Sicilian_Defense Sicilian_Defense_Closed
EtelR,1r2k2r/p4pp1/2Qbp2p/3nP3/3P2q1/P4NB1/1P3PPP/2n4K b k - 0 24,e8e7 c6d6 e7e8 d6b8 e8d7 b8h8,1824,78,94,12681,advantage interference long middlegame skewer,https://lichess.org/cjaVEobK/black#48,
EtzAI,1k1r4/2p2p2/p2p4/1p3nqp/3P2n1/1B1N1Q2/PPP5/R4R1K w - - 6 29,f3f5 g5h4 h1g2 g4e3 g2f3 e3f5,1647,75,99,1656,crushing exposedKing fork interference long middlegame,https://lichess.org/0spx3EuD#57,
EuCRs,6k1/1p2q1pp/2pp4/1p1n1P2/6Pr/P2P2Q1/1P1B1RK1/8 b - - 2 33,h7h5 f5f6 d5f6 g3h4,1823,75,96,872,advantage endgame interference short,https://lichess.org/6KlQwfQt/black#66,
EuNDy,6rk/6r1/8/1ppQ4/5P1P/6P1/7K/8 b - - 1 74,g7g3 d5h5 h8g7 h2g3,1641,77,94,10079,crushing endgame interference queenRookEndgame short,https://lichess.org/bH3I3mbO/black#148,
EuRmF,5rk1/2p4p/1p1p2p1/pPq1pr2/P5nP/3N2P1/1P1RRP2/4Q1K1 b - - 5 29,c5c4 e2e4 c4f7 e4g4,1606,74,95,18002,advantage interference master middlegame short,https://lichess.org/3qtUx8h1/black#58,
EuTFT,r5k1/pp1qp1bp/3n2p1/2pPprB1/P1N5/2P5/1P2QPPP/R4RK1 w - - 0 16,g5h4 d6c4 e2c4 f5f4 c4c5 f4h4,1740,75,95,10166,crushing interference long middlegame,https://lichess.org/bUziiK7v#31,Sicilian_Defense Sicilian_Defense_Canal_Attack
EuXWZ,r4rk1/pp1b4/4pqB1/3p4/8/2N3Q1/1P3PP1/R5K1 b - - 2 30,f6f4 g6f7 g8f7 g3f4,1709,83,89,87,attraction crushing discoveredCheck doubleCheck interference middlegame short,https://lichess.org/M3Ryr8bJ/black#60,
EudJR,2b2rk1/p4ppp/2p1p3/2b1P3/4pP2/2P5/P1PKQ1PP/1rB2R2 w - - 0 16,e2e4 f8d8 d2e2 c8a6 c3c4 d8d4 e4c6 a6c4,1714,74,82,133,advantage interference middlegame veryLong,https://lichess.org/KOMRUU52#31,French_Defense French_Defense_La_Bourdonnais_Variation
EvgCU,4r1k1/1b5p/p1B2pp1/8/1P1p1P2/P1p1r1PP/R5QK/8 b - - 0 37,b7c6 g2c6 d4d3 c6c3,1662,74,84,310,crushing endgame interference short,https://lichess.org/2P6By7Xy/black#74,
EviaP,3r4/8/pq3pk1/1p2pNr1/2p1P1P1/2PP1P2/P1BR2K1/7R b - - 5 42,c4d3 h1h6 g6f7 c2b3 f7e8 h6h8 e8d7 d2d3,1840,75,88,76,crushing interference middlegame veryLong,https://lichess.org/0KQfyeEq/black#84,
Ew6hR,1r2kb1r/ppp1qppp/2n3b1/1Q1p4/3P2P1/2P1BN1P/P1P2P2/R3KB1R w KQk - 3 13,b5d5 g6e4 d5b3 e4f3,1629,75,96,10056,advantage interference middlegame short,https://lichess.org/w3aFBtgJ#25,Russian_Game Russian_Game_Classical_Attack
EwKnM,3k4/pp5p/2pp3n/4q3/2B2p2/5P2/PPP5/2KRR3 b - - 1 27,e5f6 e1e6 f6g5 d1d6 d8c7 e6h6,1881,76,85,123,advantage endgame exposedKing interference long,https://lichess.org/iENIlMka/black#54,
Ewb9M,r1bq2nr/pppkb1pp/2n1p3/4PpNQ/3p1P1P/3P4/PPP3P1/RNB1KB1R w KQ - 4 9,g5f7 d8e8 f1e2 g7g6 h5f3 e8f7,1665,74,87,629,crushing interference long middlegame,https://lichess.org/9nsEbAmY#17,Scandinavian_Defense Scandinavian_Defense_Other_variations
EwxEy,1r1q1r1k/1bp1b1pp/p7/3n1p2/Pp1pN3/1B1P2Q1/1PPB1PPP/R3R1K1 w - - 0 19,e4g5 f5f4 g3h3 e7g5,1680,74,83,603,crushing interference master middlegame short,https://lichess.org/gPeackjb#37,Ruy_Lopez Ruy_Lopez_Morphy_Defense
ExMQ6,6rk/p2b1r1q/4p2p/1p1pP1p1/2p1pPB1/P1P1P2Q/1P4PP/1R3RK1 w - - 4 25,g4e6 g5g4 h3g3 d7e6,1699,77,90,1292,advantage interference intermezzo middlegame short,https://lichess.org/yBvo5QIM#49,
EzSKN,r4rk1/1b2bppp/p1qp1n2/2p2P2/2P5/2N5/PPQ3PP/R1B1NR1K b - - 2 17,f6e4 c3d5 f8e8 c2e4,1748,77,93,830,advantage interference middlegame short,https://lichess.org/6gDa7q3y/black#34,Sicilian_Defense Sicilian_Defense_Moscow_Variation
F1YrF,3rkb1r/p1Qb2pp/5n2/3qN3/8/2P5/PP3PPP/RNB2RK1 w k - 1 14,c1g5 f8d6 c7c4 d5e5,1768,77,89,93,advantage interference opening short,https://lichess.org/lNSLw3wc#27,Ponziani_Opening Ponziani_Opening_Neumann_Gambit
F1vLm,r4rk1/ppp3p1/2n4p/3p1R2/3P4/2P1q3/PPQN4/2K4R b - - 0 18,c6e7 f5e5 e3g3 e5e7,1743,75,88,880,advantage interference middlegame short,https://lichess.org/kWACiXCR/black#36,Queens_Pawn_Game Queens_Pawn_Game_Accelerated_London_System
F2DtG,r1b1k2r/1q2bppp/3p1n2/p2Pp3/Pp2P3/1B2BQ2/NPR2PPP/2R3K1 b kq - 3 17,e8g8 c2c7 b7b8 c7e7 c8g4 f3g3,1641,75,93,7068,crushing interference long middlegame,https://lichess.org/GMUoiIpO/black#34,Sicilian_Defense Sicilian_Defense_Alapin_Variation
F2tIk,3rk3/5p2/p7/6p1/3qN1P1/3N4/P3Q2K/8 b - - 0 32,d4d3 e4d6 e8d7 e2d3,1859,75,97,92,crushing doubleCheck endgame interference intermezzo short,https://lichess.org/46PvJXJD/black#64,
F31FS,2rq1rk1/3b1pbp/p2p1np1/n3p3/2P1P3/P1N1B3/2N1BPPP/1R1Q1RK1 b - - 0 16,d7e6 e3b6 d8d7 b6a5,1680,78,94,2554,advantage interference opening short,https://lichess.org/Wmhuhpoj/black#32,Sicilian_Defense Sicilian_Defense_Other_variations
F4jBJ,4r1k1/ppb2p2/2p2Q1p/8/PPP5/6P1/3q1PBP/R5K1 w - - 0 23,b4b5 c7e5 f6f5 e5a1,1739,76,94,2628,advantage endgame fork interference short,https://lichess.org/dsqRyKVO#45,
F6HJq,r2q2r1/bppbkp2/p2P3Q/2p5/1P2PP2/P1N3RP/6P1/2n3K1 b - - 0 24,c7d6 c3d5 e7e8 g3g8,1610,77,94,2952,interference mate mateIn2 middlegame short,https://lichess.org/rvqO75UM/black#48,
F6hr9,3r1rk1/pp4pp/2p1b2q/5p2/4N3/1P1PP1Q1/P1P3PP/R4RK1 w - - 0 18,e4d6 f5f4 e3f4 d8d6,1662,75,92,2241,advantage interference middlegame short,https://lichess.org/Bv3uzKvE#35,Italian_Game Italian_Game_Giuoco_Pianissimo
F9JPx,2k3r1/pp1b1p2/2p1pn2/3p3p/2PP1P2/2N1P1r1/PPKBB1qb/4QR1R b - - 1 20,f6g4 e2g4 g3g4 f1f2 h2g3 f2g2 g3e1 g2g4,1719,75,94,11220,advantage interference middlegame veryLong,https://lichess.org/2lOyxFN9/black#40,
FALFL,r1b1r1k1/pp3pp1/7p/2Q5/q7/4PN2/5PPP/2RR2K1 b - - 0 21,c8g4 d1d4 a4b3 d4g4,1652,75,93,6379,advantage interference master middlegame short,https://lichess.org/1duWhqvR/black#42,
FAZ8t,r2q1k1r/ppp2pp1/7p/3B3b/8/5P2/PPP1Q1PK/R1B1R3 b - - 0 16,d8d5 e2e7 f8g8 e1e5 d5c6 e5h5,1753,78,93,1212,clearance crushing interference long middlegame,https://lichess.org/V1rTrKMg/black#32,Italian_Game Italian_Game_Anti-Fried_Liver_Defense
FCVJW,r5k1/2p2rp1/p1p1N2p/3p1p2/1PnP4/P5QP/2Pq1PP1/4RRK1 w - - 6 23,e6c7 f5f4 g3f3 f7c7,1645,75,97,2502,advantage interference intermezzo middlegame short,https://lichess.org/EJcFDKNg#45,
FDF00,5rk1/pp1bppbp/3p1npB/8/3NP1P1/2q2P2/P1P4Q/2KR3R w - - 0 19,h6g7 c3a1 c1d2 a1d4,1758,74,87,393,crushing interference master masterVsMaster middlegame queensideAttack short,https://lichess.org/HzJJ6Os5#37,Sicilian_Defense Sicilian_Defense_Dragon_Variation
FDgGV,4R3/3r1ppk/pqp4p/1p6/3P4/Q1P3P1/P4P1P/6K1 w - - 1 26,e8e7 b5b4 c3b4 d7e7,1625,79,94,1758,crushing endgame interference master short,https://lichess.org/gBLWrNmO#51,
FDjHU,1rb1r1k1/1p3p1p/pq1p2p1/3P4/P3P1PP/2Np1P2/1P2Q2R/R3K3 w Q - 0 22,e2f2 d3d2 e1e2 b6b2,1795,78,92,2509,advancedPawn crushing interference middlegame short,https://lichess.org/rguGq6eQ#43,
FFI9j,r4r2/pp2k3/2pbn1p1/4p1q1/2Pp2N1/1P1PPQP1/PB3PK1/R6R w - - 5 22,f3e4 e6c5 f2f4 g5g4,1824,76,91,570,advantage interference middlegame short,https://lichess.org/tsEqj1J9#43,
FGW9q,8/8/1p2r3/1P4p1/P3p3/2R1K1k1/8/8 b - - 0 45,g5g4 c3c6 e6e7 c6b6 e7a7 b6a6,1888,77,78,68,advantage endgame interference long rookEndgame,https://lichess.org/5QQWAL0z/black#90,
FGZvw,r2qr3/ppp2kpQ/3p1b2/nP3N2/3P4/2P5/P4PPP/1R2R1K1 b - - 0 20,e8h8 f5h6 f7f8 h7h8,1788,89,87,115,interference mate mateIn2 middlegame pin short,https://lichess.org/pELPStdf/black#40,
FGncG,r1b2bk1/p3p2p/2p3p1/q3P3/1p2NQn1/3B4/PPP3PP/1K4NR b - - 1 18,a5e5 d3c4 e7e6 f4g4,1740,77,88,159,advantage interference middlegame short,https://lichess.org/11BQKGJv/black#36,Pirc_Defense Pirc_Defense_Austrian_Attack
FIK3S,8/7R/1k3PK1/p7/2B5/5r1P/P4r2/8 w - - 3 43,f6f7 f2g2 g6h6 f3h3,1600,76,94,1690,endgame interference mate mateIn2 short,https://lichess.org/I90yFWaw#85,
FJBvR,5rk1/1b3ppp/p3pn2/1p1qN3/r2P4/2P1BP2/P1R3PP/3Q1RK1 b - - 0 20,a4a2 c3c4 b5c4 c2a2,1634,76,89,130,advantage interference intermezzo master middlegame short,https://lichess.org/58g3kuXa/black#40,
FL86z,8/4p1k1/2QqP1p1/1Pp2pKp/r4P2/6P1/4R2P/8 b - - 1 34,d6c6 b5c6 a4a6 c6c7 a6c6 e2d2 c6c7 d2d7 c7c8 d7e7,1836,75,88,1283,advancedPawn crushing endgame interference quietMove veryLong,https://lichess.org/4m8eVxaS/black#68,
FLCLx,rn2r1k1/4bppp/p2p1n2/q2N1P2/1p6/4B2P/1PPQ1PP1/2KR1B1R w - - 2 15,d2b4 a5a1 c1d2 f6d5 d1a1 d5b4,1634,75,95,15885,advantage interference long middlegame queensideAttack,https://lichess.org/4ZAjLPxp#29,Pirc_Defense Pirc_Defense_Other_variations
FM3IU,1Q6/1p4bk/6p1/r5qp/p1b5/P1P5/1P6/KRN4R w - - 2 38,b8b7 c4d5 b7b4 d5h1,1703,75,87,174,crushing fork interference middlegame short,https://lichess.org/nTwVHeQr#75,
FMAED,r1b1k1nN/ppp3pp/8/2bp4/2B1P3/2N5/PPQP1qPP/R1BK3R w q - 0 10,h1f1 c8g4 c3e2 f2f1,1626,74,98,7113,interference mate mateIn2 opening short,https://lichess.org/1vGmovmF#19,Italian_Game Italian_Game_Blackburne-Kostic_Gambit
FMIZ5,rn2k2r/pp1qppb1/2p3p1/3pP1N1/3P1P2/6NR/PPP1Q3/R1B1K3 b Qq - 0 18,h8h3 e5e6 f7e6 g5h3,1859,79,92,917,advantage interference intermezzo middlegame short,https://lichess.org/Lr14EhNf/black#36,Indian_Defense Indian_Defense_Other_variations
FMPzy,r1b1r1k1/pp3ppp/2p5/5p2/2BP1P1q/2N1PKN1/PPQ3P1/3R4 w - - 2 27,d1h1 e8e3 f3e3 h4g3 e3d2 g3g2,1847,75,92,297,advantage attraction deflection interference long middlegame,https://lichess.org/QmSjTnAt#53,
FMUzT,4r1k1/p4r1b/1pp2p2/2b5/2Q2BPP/8/PPP2P2/5RK1 w - - 3 34,f4h6 e8e4 c4a6 e4g4,1649,75,83,130,advantage interference middlegame short,https://lichess.org/xrvsoYBH#67,
FNVP2,4q2k/3rN1pp/p4p2/2B1b3/6P1/1P1bQ2P/P7/3R2K1 b - - 6 30,e8e7 c5e7 e5d4 d1d3 d4e3 d3e3,1634,75,94,566,advantage interference long middlegame,https://lichess.org/ZtWFFtJN/black#60,
FNjnZ,2kr2r1/1b3pp1/1pq1p2p/p7/3P1Q2/1Bn2N2/PP3PPP/R3K2R w KQ - 0 22,b2c3 c6c3 e1e2 b7a6 e2d1 c3a1 f4c1 a1c1,1820,77,91,1805,advantage fork interference middlegame veryLong,https://lichess.org/W8K9jRNk#43,
FNk5L,8/6p1/8/8/P4Pk1/6P1/1bpB2K1/8 w - - 2 41,a4a5 b2c3 d2c1 c3a5,1618,77,97,7592,bishopEndgame crushing endgame interference short,https://lichess.org/zVmvqWz9#81,
FNu7T,1br3k1/1p1q1p2/2r2n2/3pnNN1/p7/B3PPP1/PP4KP/1Q2RR2 w - - 1 31,f3f4 c6c2 f1f2 d7f5,1860,84,77,41,crushing interference middlegame short,https://lichess.org/DiBCvF8A#61,
FOUpO,r4rk1/pp3p2/2p4Q/4Pqp1/8/2P1RNPn/PP3P1P/6RK w - - 0 28,g3g4 h3f2 h1g2 f2g4 h6g5 f5g5 f3g5 g4e3,1743,78,93,1040,advantage fork interference middlegame veryLong,https://lichess.org/rTjKeu6E#55,
FOty4,5k2/1q3pQr/4pP1P/p2p3R/2nP2p1/8/P1P5/4K3 b - - 1 36,h7g7 h6g7 f8e8 g7g8q e8d7 g8f7,1783,75,97,2122,advancedPawn crushing deflection endgame interference long promotion,https://lichess.org/UfRZG8VO/black#72,
FP10m,r3k2r/1b3p2/p1p1p1Bp/1p2P1pQ/1q6/4P3/1PP2PPP/R4RK1 b kq - 1 20,f7g6 h5g6 e8d7 g6g7 d7c8 g7h8,1878,112,82,41,advantage exposedKing interference long middlegame,https://lichess.org/BUere8mE/black#40,
FSkCX,1r2r1k1/p4ppp/1p6/1b4q1/1Pp5/P4RP1/3PN3/3Q1RK1 b - - 8 32,e8f8 f3f5 g5d8 f5b5,1868,145,100,34,equality interference middlegame short,https://lichess.org/Nd1e5ueV/black#64,
FTLKf,3r4/kpQ4p/p1p5/8/1P3PP1/P4R1P/2q1n2K/3R4 w - - 0 39,c7d8 e2d4 h2g3 c2d1 d8d4 d1d4,1894,75,95,1427,advantage discoveredAttack discoveredCheck endgame interference long,https://lichess.org/eMMq7W2F#77,
FUS7g,r1b2rk1/p3nppp/4p3/8/N2pq3/1P1Q4/P1P1BPPP/R3K2R b KQ - 1 16,e4g2 e2f3 g2g5 f3a8,1611,75,95,11202,advantage fork interference middlegame short,https://lichess.org/0XyhzSap/black#32,Benoni_Defense Benoni_Defense_Benoni_Gambit_Accepted
FVFkZ,r3k1r1/1pp2pQ1/p1np1n2/2b1p3/2B1P3/2P5/PP1P1PPq/RNB1RK2 w q - 1 13,g7f6 h2g2 f1e2 g2e4 e2d1 e4c4,1876,76,96,3274,advantage fork interference long middlegame,https://lichess.org/jmIZtOx1#25,Kings_Pawn_Game Kings_Pawn_Game_Busch-Gass_Gambit
FVdmS,7r/7q/5Q2/3p2p1/P2P1pk1/6P1/1P1BR2P/4K3 w - - 0 49,g3f4 h7b1 d2c1 b1c1 e1f2 h8h2,1693,74,96,3499,endgame exposedKing interference long mate mateIn3,https://lichess.org/OKWL7mgB#97,
FVduo,2r2rk1/pp5n/4p3/3p1q1b/5P2/2QN4/P1P2K1P/6R1 b - - 14 35,g8f7 g1g7 f7e8 c3c8,1886,76,96,1137,interference mate mateIn2 middlegame short,https://lichess.org/defXX86l/black#70,
FW0y0,7R/p1p2rk1/1p1p1n2/6p1/P1PP4/2P5/5pK1/7R w - - 0 43,g2f2 f6h7 f2g2 g7h8,1835,75,97,344,advantage discoveredAttack discoveredCheck endgame interference short,https://lichess.org/Qxzj7Hyr#85,
FWxR1,r3k2r/1p3p2/p1q1b2p/6p1/1BP1p3/P3PnP1/3R1Q1P/3R3K b kq - 1 27,f3d2 f2f6 e8d7 d1d2 d7c8 f6h8,1779,77,94,6241,crushing interference intermezzo long middlegame,https://lichess.org/vrUykV09/black#54,
FXY1L,r2q1rk1/p4bpp/1pn5/2p5/4P3/2N3QP/PPP2PP1/3RR1K1 b - - 3 17,d8f6 d1d6 f6e5 d6c6 e5g3 f2g3,1838,75,96,2644,advantage interference long middlegame,https://lichess.org/m2s10OVK/black#34,Alekhine_Defense Alekhine_Defense_Other_variations
FY2Ig,3n1rk1/pp2q1p1/4pb1r/1QNp3p/1P1P3P/P3PNP1/6K1/2R4R w - - 10 25,c5d7 a7a6 b5a4 b7b5 a4a6 e7d7,1643,76,93,1024,advantage interference long middlegame,https://lichess.org/s6V9Foik#49,
FY8ET,6k1/R4p2/3p2pp/3q4/2p5/4K2P/4NRP1/8 w - - 0 38,a7f7 d5d3 e3f4 g8f7,1837,75,95,765,crushing endgame interference short,https://lichess.org/NkWX4lDY#75,
FZzem,2r3k1/6p1/1R6/5pP1/4pN1P/4P1R1/P4nPK/4r3 w - - 1 35,g3h3 f2g4 h2g3 e1e3,1801,76,95,16985,endgame epauletteMate interference mate mateIn2 short,https://lichess.org/MeJXO4DD#69,
FbyaD,r4k2/ppq3p1/2n3p1/2p3n1/2Q1pp2/1BP2b2/PPNR3P/6K1 b - - 5 27,c6a5 c4g8 f8e7 g8g7,1644,77,95,13997,crushing deflection interference middlegame short,https://lichess.org/9EKhZmzq/black#54,
FcpVT,r4r2/pp1q2k1/2p1b2p/3PP1bQ/3Bpp2/8/PP2N1PP/3R1RK1 b - - 0 22,e6g4 e5e6 g7h7 h5g4,1752,112,59,19,crushing discoveredAttack discoveredCheck interference middlegame short,https://lichess.org/32GmSGrG/black#44,
Fd5A6,3q2k1/2br2pp/2p1p3/2P2p2/1P2pP2/4P3/1B3QPP/R5K1 w - - 8 30,h2h3 d7d2 f2e1 d2b2,1706,73,96,16663,crushing endgame interference short,https://lichess.org/XBlzGOx5#59,
FdFz4,r2qr1k1/pp3p2/8/3pn2Q/8/P4P2/1P5P/1B3R1K b - - 0 26,g8f8 h5h8 f8e7 h8e5 e7d7 b1f5,1823,75,76,98,advantage interference long middlegame,https://lichess.org/rbOvyVgX/black#52,
FeNhN,8/pr5k/2p1QBpp/5p2/5q2/2P2P2/PP3R1P/4K3 w - - 7 39,e6e8 f4c1 e1e2 b7b2 e2d3 c1d1,1707,74,85,338,crushing endgame exposedKing interference long,https://lichess.org/QHa5uVFa#77,
FemP9,2r1qbk1/1pp3p1/p4r1p/2PPn3/1P2pN2/P3B2P/5PP1/R2Q1RK1 w - - 1 22,f4h5 e5f3 g2f3 e8h5,1805,75,74,80,advantage interference middlegame short,https://lichess.org/HnHX2YUs#43,
Ff387,3k4/pp2q2p/1bp5/8/5Q2/4P1P1/PP1r3P/R2N2K1 b - - 4 23,d2b2 f4b8 d8d7 b8b7 b6c7 b7b2,1676,74,91,714,advantage endgame exposedKing interference long,https://lichess.org/IpMfMbxe/black#46,
FfrTm,rn1qkb1r/pQ3ppp/6n1/8/b1p5/P1N5/1PP2PPP/R1B1K1NR w KQkq - 0 12,b7a8 a4c6 a8a7 c6g2,1824,77,92,2913,advantage interference opening short,https://lichess.org/jadpI7WZ#23,Sicilian_Defense Sicilian_Defense_Bowdler_Attack
FfyF1,1rq3k1/3nrppp/p2p2b1/2pPp3/1P2P1P1/2PQ1N1P/2B2P2/R3R1K1 w - - 1 22,a1a6 c5c4 d3e3 c8a6,1615,76,94,6510,advantage interference intermezzo middlegame short,https://lichess.org/wtYY63pH#43,
FhnXu,r4rk1/p4pp1/Pp1p3p/2Pn1q2/8/1Q3N2/5PPP/R3R1K1 b - - 0 25,d6c5 e1e5 f5f6 b3d5,1777,86,67,28,advantage interference middlegame short,https://lichess.org/WErZQ7Qf/black#50,
FlRd1,1r5k/4pr2/1p3pQ1/p1p2NBP/2q3P1/5b2/P7/1R2R1K1 w - - 0 33,f5e7 c4g4 g1f2 g4g2 f2e3 f7e7,1823,77,82,77,crushing exposedKing interference long middlegame,https://lichess.org/dqCWIhj5#65,
Flvlz,r1b2qk1/np2r1p1/p2p3p/1p1P1n2/1P6/PBQ2N1P/1B3PP1/R4K1R w - - 4 20,g2g4 f5e3 f1g1 f8f3,1711,74,93,2722,crushing discoveredAttack interference middlegame short,https://lichess.org/P6HVwMpE#39,
FmIg3,4r1k1/ppp1rppp/8/3P4/2PqN3/1P1PR3/P2KB3/R5Q1 w - - 1 22,e2f3 d4b2 d2e1 b2a1,1724,80,92,5757,advantage interference middlegame short,https://lichess.org/2hPKP5J0#43,
FmYGB,6rk/3PR1b1/p1Q4p/1p5q/5p2/P4Pp1/6P1/3R2K1 w - - 0 37,d7d8q h5h2 g1f1 h2h1 f1e2 h1g2 e2d3 g8d8,1732,76,85,245,crushing deflection interference middlegame veryLong,https://lichess.org/05vTMUdN#73,
Fnhi3,2r2rk1/6p1/7p/2q1Pp2/2pp4/7P/1P1Q1PP1/R3R1K1 w - - 0 31,a1a5 c4c3 b2c3 c5a5,1890,78,95,16145,advantage endgame interference short,https://lichess.org/unnbCVlc#61,
FqyES,1r5r/pbp1kppp/5n2/1QpP3P/2P1p2R/2q1P1N1/P3BPP1/1K1R4 b - - 7 23,b7a6 g3f5 e7d8 b5b8,1787,75,81,61,crushing interference middlegame short,https://lichess.org/jJZeF5sO/black#46,
Fr5gx,r1b2r1k/p7/1pp4p/2q1P1pP/5p2/3B1Q2/PPP5/1K4RR b - - 0 26,c5e5 f3c6 e5g7 c6a8 c8b7 a8a7,1766,76,96,1447,advantage interference long middlegame,https://lichess.org/oA41iaq7/black#52,
FrSUW,5rk1/QR4pp/8/3pp1q1/1Bb1p3/P2nP2P/5PP1/6K1 b - - 2 28,f8d8 b4e7 g5g6 e7d8,1660,76,98,819,advantage fork interference middlegame short,https://lichess.org/iQ2fSVeX/black#56,
FrU0e,r1bq1rk1/3nbpp1/p3pn1p/1p1pB3/3P4/3BPN2/PPQ2PPP/1NR2RK1 b - - 5 14,d7b6 e5c7 d8e8 c7b6,1868,72,95,13909,advantage interference opening short,https://lichess.org/aPLwRZwQ/black#28,Slav_Defense Slav_Defense_Exchange_Variation
Frows,4k1Q1/p3b3/1n4p1/3pP3/1p1P1P1r/3q4/PPRB4/1K6 b - - 1 30,e8d7 e5e6 d7d6 d2b4,1755,75,88,923,interference mate mateIn2 middlegame morphysMate short,https://lichess.org/TLmDodK8/black#60,
FsUOf,8/p3k2Q/3p4/1p1q2p1/3p2P1/2P5/PPK5/8 b - - 5 38,e7e6 h7g8 e6e5 g8g5 e5e4 g5d5,1766,75,94,196,crushing endgame interference long queenEndgame,https://lichess.org/Mgiu7dwN/black#76,
Ftaug,r1bqkbr1/ppp2p2/2n2P1p/3p4/3p3p/5Q2/PPPN1PPP/2KR1BNR b q - 3 11,c8g4 d1e1 e8d7 f3d5,1645,78,89,487,advantage interference opening short,https://lichess.org/0JdnRvjH/black#22,Center_Game Center_Game_Other_variations
FtulB,2kr4/1pp2p1Q/p1n1b1p1/2Np2B1/1P1q3P/P7/2PK1PP1/3R3R w - - 5 21,d2e2 e6g4 f2f3 d8e8 e2f1 d4d1,1755,131,86,8,crushing deflection interference long middlegame,https://lichess.org/TNH9t71Y#41,
FuD14,6rr/p2bk3/3p1pB1/3PpP2/3qP3/3P1K2/P2Q4/2R4R w - - 6 35,f3e2 g8g6 f5g6 d7g4 e2f1 h8h1,1879,74,95,2355,crushing interference long middlegame sacrifice,https://lichess.org/3zH3BcDN#69,
Fug7f,4rk2/pp1q1p2/5Q2/4n3/2Pp4/P6P/1P3PP1/1R4K1 b - - 0 27,d4d3 f6h8 f8e7 h8e5,1703,77,94,6004,advantage endgame interference short,https://lichess.org/SdkrSBjf/black#54,
Fv8Yt,7k/3B1Qpp/1b1q2p1/8/7P/6PK/8/8 b - - 4 35,h7h5 d7e6 d6b8 f7g6,1704,76,85,57,crushing endgame interference master masterVsMaster quietMove short,https://lichess.org/6ZOYEJxT/black#70,
FvBuW,5k2/1q5p/1pp5/5p2/2P1pP2/2Q1K2P/P7/8 b - - 5 42,b6b5 c3h8 f8f7 h8h7,1635,76,94,440,crushing endgame interference queenEndgame short,https://lichess.org/kAToVDYv/black#84,
FwQbX,1b1rn3/pp2kpp1/2p4p/2P5/1P2Pp2/P1Nr4/2K3PP/2B1R2R b - - 1 25,b8e5 c3d5 c6d5 c2d3,1757,76,89,90,advantage interference middlegame short,https://lichess.org/8pkUO6tk/black#50,
FwjV2,8/4Rp1p/8/5N2/1pP5/1P1kp1K1/r3r2P/8 b - - 3 49,e2h2 e7e3 d3c2 g3h2,1608,74,93,2575,crushing endgame interference short,https://lichess.org/cJnhke59/black#98,
FxMPt,r5k1/pp1b1pp1/1b1Bp2p/4P1q1/8/P7/1PQ1BPPP/3R2K1 w - - 4 22,d6c7 d7c6 g2g3 b6c7,1829,74,91,168,advantage interference middlegame short,https://lichess.org/qhWRAPDO#43,
Fxf7T,3r3r/Qpk2q2/2p1p2p/3nP1p1/8/7P/PP3PP1/2RR2K1 b - - 3 24,d8a8 c1c6 c7c6 d1c1 c6d7 a7b7 d7e8 b7a8,1657,76,94,1195,attraction crushing deflection interference middlegame pin sacrifice veryLong,https://lichess.org/zOnBbzL8/black#48,
FyJxn,3rr1k1/pp1qb1pp/5p2/2pb4/3N4/2PQ2BP/PP3PP1/R3R1K1 w - - 0 18,d4b5 c5c4 d3f1 d7b5,1658,75,90,1786,advantage interference middlegame short,https://lichess.org/G9oq430Q#35,Ruy_Lopez Ruy_Lopez_Steinitz_Defense
FyyTI,3rq2k/p4Rpp/1p6/3Q4/1P2r3/2P3Pb/PB5P/R4BK1 w - - 3 26,d5b3 h3e6 b3c2 e6f7,1897,80,85,60,advantage fork interference middlegame short,https://lichess.org/z6W2299U#51,
FyzdZ,6k1/KR5R/6p1/5r2/r7/8/6PP/8 w - - 1 46,a7b8 f5f8 b8c7 g8h7,1733,74,95,12637,crushing endgame interference master rookEndgame short,https://lichess.org/gl2EioYP#91,
G09bl,3r1k2/1q3r2/4p2Q/2p1P1pP/2Pp4/1P3RP1/8/6K1 b - - 0 42,f8e8 h6h8 e8d7 f3f7,1854,100,71,16,crushing deflection endgame interference short,https://lichess.org/7dbcF8RY/black#84,
G0IoC,8/6Q1/1kp5/p3p1P1/Nr2P3/K7/1P6/2q5 b - - 2 43,b6b5 g7b7 b5c4 b7c6 c4d3 c6c1,1811,77,93,2058,crushing deflection endgame interference long skewer,https://lichess.org/dCUEXPtL/black#86,
G0Mwa,rn1qkbnr/p2bpppp/1p6/1Bp1Q3/8/8/PPPP1PPP/RNB1K1NR w KQkq - 2 6,e5d5 d7b5 d5a8 b5c6 a8a7 c6g2,1643,76,94,15851,advantage interference long opening sacrifice,https://lichess.org/UsbP5Ojd#11,Sicilian_Defense Sicilian_Defense_Other_variations
G0ayn,r1b2rk1/1p5p/p1nNpPB1/3p2Q1/3q1P1P/P7/6P1/3R1R1K b - - 0 23,d4f6 g6f7 g8h8 g5f6,1777,78,93,668,discoveredCheck doubleCheck interference intermezzo kingsideAttack mate mateIn2 middlegame short,https://lichess.org/I5TGR0um/black#46,
G0q7D,8/5pk1/p4r1p/1p1Q2pP/2p5/2P3P1/PP2qPK1/3R3R w - - 6 34,d1d2 f6f2 g2h3 e2h5,1756,77,87,185,endgame interference mate mateIn2 short,https://lichess.org/2E2A3yOh#67,
G169O,2r4r/5k2/p7/1p1qp1Q1/8/8/PPP5/1K3R2 b - - 2 30,f7e6 f1f6 e6d7 g5g7 d7d8 g7h8,1663,75,92,207,crushing endgame interference long,https://lichess.org/tUHd0P78/black#60,
G1Iuw,2kr1b1r/ppp2ppp/5n2/3Ppq2/1n4b1/P1N1BN2/1PP1BPPP/R2Q1RK1 b - - 0 10,b4c2 e2d3 e5e4 d3c2,1871,75,87,125,advantage interference opening short,https://lichess.org/fSFiFRtK/black#20,Scandinavian_Defense Scandinavian_Defense_Portuguese_Gambit
G3LpY,2r1rbk1/3q1p1p/5Qp1/pp1pP2P/2pB2b1/P1P5/1P3PP1/3RRBK1 b - - 2 25,f8g7 f6g7 g8g7 e5e6 g7g8 e6d7,1775,77,93,453,advancedPawn advantage discoveredAttack discoveredCheck interference kingsideAttack long middlegame sacrifice,https://lichess.org/LwgiPc4n/black#50,
G4N12,r1b2k1r/p2pq1p1/2p2P1p/1p5Q/N1B5/8/PPP2PPP/R5K1 b - - 0 17,e7f6 a1e1 g7g6 h5c5 d7d6 c5c6,1835,133,57,30,advantage deflection interference long middlegame quietMove,https://lichess.org/yLutbM9w/black#34,Italian_Game Italian_Game_Giuoco_Pianissimo
G5ZoX,r2q1rk1/2b2ppp/1n3n2/pPp1p3/P2pP3/2P2N2/1B1NQPPP/R4RK1 w - - 2 16,d2c4 d4d3 e2d1 b6c4,1734,79,93,2832,crushing interference master middlegame short,https://lichess.org/nH5YbINN#31,Queens_Pawn_Game Queens_Pawn_Game_Symmetrical_Variation
G5mK5,r2qkbnr/pp3ppp/2p1p3/3p1b2/QnPP1B2/N3PN2/PP3PPP/R3KB1R b KQkq - 1 7,f8d6 f4d6 d8d6 c4c5 d6e7 a4b4,1638,77,94,4960,advantage interference long opening,https://lichess.org/CTzGp43D/black#14,Queens_Pawn_Game Queens_Pawn_Game_Accelerated_London_System
G6J9d,2kr3r/Qppq1pp1/4b3/4P2p/3pP3/7P/1PP3P1/2KR1B1R b - - 0 17,d7c6 a7a8 c8d7 d1d4 d7e7 a8a3,1739,76,93,2891,advantage interference long middlegame queensideAttack,https://lichess.org/UyAPPa9j/black#34,Russian_Game Russian_Game_Stafford_Gambit
G6VdM,rr6/1b3kbQ/p1qp2p1/2p3B1/4p3/1P1P3P/2P3P1/4R2K b - - 1 26,b8g8 e1f1 f7e6 h7g6 e6d7 g6f7 d7c8 f7g8,1887,82,91,1002,advantage deflection interference middlegame veryLong,https://lichess.org/KsG9fO8c/black#52,
G8G4K,2kr3r/ppp3p1/4pq2/2P1p2b/P1P1p3/2Q1P1Pp/1B2BP1P/R4RK1 w - - 5 20,c3c2 h5e2 c2e2 d8d2 e2g4 d2b2,1790,78,78,72,advantage interference long middlegame,https://lichess.org/dDQNYMIp#39,
G9Eby,1k1rr3/bp3pq1/2pP1n2/4Q3/N5pp/P3P3/1P2BPPP/1K1R3R w - - 1 30,e5f4 e8e4 f4f5 e4a4,1729,74,93,1238,advantage interference middlegame short,https://lichess.org/ASlmRe5D#59,
G9UrS,2r2rk1/6pp/4R3/8/1q6/1P1p2Q1/1PP2PPP/3KR3 w - - 0 29,c2d3 b4b3 d1e2 b3e6,1630,76,90,320,crushing endgame interference master short,https://lichess.org/ADffbDcW#57,
G9clr,r4rk1/1p6/p1p1p3/P1Pp3B/3P4/2P1p3/4K1q1/R2Q3R w - - 2 27,e2d3 g2e4 d3e2 f8f2 e2e1 e4h1,1848,77,83,118,interference long mate mateIn3 middlegame,https://lichess.org/Fbi3aMGq#53,
G9fme,8/q4kp1/p1Q1p2p/1p3P1P/n7/5BP1/5P2/6K1 b - - 0 41,e6f5 f3d5 f7e7 c6e6 e7d8 e6g8 d8c7 g8g7,1769,100,61,21,crushing endgame interference veryLong,https://lichess.org/iMKpmD8b/black#82,
GAEpz,r2q1rk1/1p1nbppp/p1n1p3/3p4/N2P1B2/P2QPN2/1P3PPP/2R2RK1 b - - 0 13,c6a5 f4c7 d8e8 c7a5,1709,73,96,22026,advantage interference master middlegame short,https://lichess.org/vQ6SIxIO/black#26,Slav_Defense Slav_Defense_Exchange_Variation
GAqzD,r1b2rk1/1p2bppp/p2p1n2/q4P2/3Q4/1BN1B3/PPP3PP/R4RK1 b - - 0 13,c8f5 c3d5 f6d5 f1f5,1896,75,92,1777,crushing interference intermezzo master middlegame short,https://lichess.org/Yr50D8NI/black#26,Sicilian_Defense Sicilian_Defense_Najdorf_Variation
GBNG8,8/pp1k2p1/2p2b2/2P1P2q/P1P2R2/2B3Pp/2B4P/4K3 b - - 0 43,f6e5 c2f5 d7d8 c3e5,1836,80,70,43,advantage endgame interference intermezzo short,https://lichess.org/eOw5DRJt/black#86,
GBeD7,6rk/1b5p/1q2pb2/pp1nN2P/3P1Br1/5Q2/PP2R1P1/1B1R2K1 b - - 1 36,d5f4 e5f7 h8g7 f3g4 g7f7 g4f4,1749,81,73,51,advantage fork interference long middlegame,https://lichess.org/B9Lih4cI/black#72,
GBgK8,2kr2r1/Qp6/p1p4p/3p1p2/4pP1q/P1P5/2P3PP/1R3RK1 b - - 2 27,g8g7 a7a8 c8d7 a8b7 d7d6 b7g7,1796,75,94,4092,crushing deflection endgame interference long queensideAttack skewer,https://lichess.org/dITiPCSM/black#54,
GCJUU,2r3k1/2r3p1/1n2qpQ1/p2p2p1/1ppP4/4PP1N/PP4P1/2R1R1K1 b - - 2 30,c4c3 h3g5 e6e8 g6h7 g8f8 h7h8 f8e7 h8g7 e7d6 g7f6,1640,75,92,2114,crushing deflection interference kingsideAttack master masterVsMaster middlegame veryLong,https://lichess.org/H8oDKarr/black#60,
GCaJl,r3kbr1/3q1p2/p2pp2p/1p1nP2b/2pPQ2N/P1P5/1PB2PPB/R4R1K w q - 2 24,f1g1 g8g4 e4e1 g4h4,1735,77,92,4120,advantage interference middlegame short,https://lichess.org/zr8OYem2#47,
GCxt2,3rr2k/p4ppp/2q5/4b3/6Q1/2PbB2P/PP3PP1/RN1R3K w - - 2 27,e3d4 e5d4 c3d4 d3e2 g4f4 e2d1,1893,76,87,151,advantage fork interference long middlegame,https://lichess.org/I0oM2TNm#53,
GDjo5,3r1rk1/p1p2p1p/1p1np1p1/7P/3P1QP1/2q5/P2NRP2/4R1K1 b - - 0 23,g8g7 h5h6 g7g8 f4f6 d6e8 f6d8,1673,74,90,291,advantage interference long middlegame,https://lichess.org/YhRJqL62/black#46,
GFSC9,r5k1/2p2ppp/3p1r2/1p2p3/6Rb/3PBP1q/PPP1QP1P/6RK b - - 10 18,g7g6 g4h4 h3h4 e3g5 h4h3 g5f6,1623,74,88,116,advantage fork interference long middlegame sacrifice,https://lichess.org/11UYLbHA/black#36,Ruy_Lopez Ruy_Lopez_Berlin_Defense
GFm4v,8/1b1Nqk2/8/6p1/3QP1P1/6K1/8/8 b - - 2 38,b7e4 d7e5 f7e6 d4e4 e7d6 e4f5 e6d5 f5g5,1805,76,90,1192,crushing endgame exposedKing interference intermezzo veryLong,https://lichess.org/JqN9S9l4/black#76,
GGHPK,r3k2Q/p5p1/1p2p1P1/1qpbP3/4r3/P4R2/2P2B2/R5K1 b - - 9 33,e8d7 f3f7 d7c6 h8a8,1742,99,86,37,interference mate mateIn2 middlegame short,https://lichess.org/QFoDxVdU/black#66,
GGhWq,2r4r/p1q3k1/1pn1Q3/7p/3P3N/2P5/PP4P1/1K5R b - - 8 31,c7f7 h4f5 g7g8 e6c8,1881,76,87,132,advantage interference middlegame short,https://lichess.org/fXYb2gBr/black#62,
GH4O0,r2q3r/pQ2pkbp/2npbnp1/8/4P3/N4N2/PB3PPP/R3R1K1 b - - 0 12,d8d7 f3g5 f7g8 b7a8 d7c8 a8c8,1644,75,84,90,advantage interference long middlegame,https://lichess.org/3JvbOE2R/black#24,Sicilian_Defense Sicilian_Defense_Modern_Variations
GH7mU,r4bnr/1b1R4/1q2p1k1/1Np1Pppp/2Q5/4P2P/PP3PPB/R5K1 b - - 0 20,b7a6 d7d6 f8d6 c4e6,1814,118,80,36,crushing interference middlegame sacrifice short,https://lichess.org/HbYpZUKV/black#40,
GHLyj,r5k1/pp3p2/1q3nbp/2p1r1p1/2B1p3/1NP1Q2P/P1PR1PP1/3R2K1 b - - 1 20,a8e8 d2d6 b6c7 d6f6,1609,74,96,3168,advantage interference middlegame short,https://lichess.org/EVHcWaEd/black#40,
GJTAL,1q3nk1/4bpp1/p3pPp1/n2pP3/P1pP2PP/2Q2BBK/1r1N4/R7 b - - 0 30,g7f6 e5f6 e7b4 c3b2,1632,74,96,5407,advantage interference middlegame short,https://lichess.org/JrF1Wy8K/black#60,
GJheO,2r2rk1/pp1nnpb1/4p1p1/6Pp/4N2P/3PQPB1/Pq2NK2/RR6 b - - 1 20,b2a3 g3d6 a3a4 d6e7,1839,75,88,105,advantage interference middlegame short,https://lichess.org/qxAXeUXo/black#40,
GJwaw,3R1b2/pbp2p1k/1p2pQp1/4P3/5P2/1P6/P1q3PP/5R1K w - - 2 25,f6g5 f8e7 g5g4 e7d8,1757,75,86,142,advantage endgame interference master short,https://lichess.org/RLYGbYI9#49,
GMXNc,r1b1k2r/ppp2pp1/2p5/8/4PBpq/3P3P/PPP1NbP1/R2Q1R1K b kq - 3 13,g4h3 g2g3 h4h5 f1f2,1645,75,94,1255,advantage interference middlegame short,https://lichess.org/uOXgCfSS/black#26,Petrovs_Defense Petrovs_Defense_Stafford_Gambit
GNEDq,r5kr/pp1b4/1q4pB/2bpPR1Q/8/3B4/PP4PP/R3K3 b Q - 0 19,g6f5 h5g5 g8f7 g5g7 f7e8 g7h8,1732,78,96,22593,crushing exposedKing interference kingsideAttack long middlegame,https://lichess.org/1Uka4maB/black#38,French_Defense French_Defense_Steinitz_Variation
GNHRv,r2n1r1k/1ppq2pp/p2p1p2/5n2/2B2PQ1/8/PPP3PP/R1B1R1K1 b - - 3 19,d8f7 c4e6 d7e8 g4f5,1831,74,96,18037,advantage interference middlegame short,https://lichess.org/c8swpXYP/black#38,Ruy_Lopez Ruy_Lopez_Cozio_Defense
GOOM0,5rk1/1p4p1/pq2p1Q1/3pP3/1P1P3R/P4r1P/5PP1/6K1 b - - 1 28,f3f2 g6h7 g8f7 g1f2,1888,77,93,13426,crushing endgame interference short,https://lichess.org/QRNI6v0V/black#56,
GP2YC,4r1k1/p4pp1/1pp3qp/8/2PP1n2/1Q3P1P/PP3BP1/6RK w - - 0 26,f2e3 f4d3 b3c2 e8e3,1818,144,0,13,crushing endgame interference short,https://lichess.org/nlOo4iuq#51,
GQho7,r5k1/p5p1/7p/q2n1p2/4N3/3P1P2/1KP1QP1P/3R3R w - - 0 22,d1a1 a8b8 b2c1 a5a1,1801,76,90,1973,crushing deflection interference middlegame short,https://lichess.org/Lyhh2YLT#43,
GRCNC,r2qr1k1/ppp2pbp/6p1/2n1p3/2P1B3/1P2PQ1P/P4PP1/R1B2RK1 w - - 1 14,e4b7 e5e4 f3e2 c5b7,1695,76,89,2439,advantage interference intermezzo middlegame short,https://lichess.org/eceytIK9#27,Modern_Defense Modern_Defense_Other_variations
GS3DZ,6k1/3r3p/4pPp1/1p1qP3/1BbP1RP1/2P3K1/r6Q/7R w - - 1 37,h2h6 d5g2 g3h4 g2h1 h4g5 h1h6,1630,75,64,492,crushing interference long middlegame,https://lichess.org/XqctUZmM#73,
GSNjc,r5k1/1p3ppp/p1p2q2/4P2b/P7/2PB4/2PQ2PP/5RK1 b - - 0 20,f6e5 f1f5 e5e7 f5h5,1706,74,95,7418,crushing endgame interference short,https://lichess.org/88FE3nsv/black#40,
GSvss,2r3k1/3q3p/p1p2RpP/4Q3/3p4/P7/6P1/7K b - - 0 35,c8f8 f6f8 g8f8 e5h8 f8e7 h8h7,1733,76,73,79,attraction crushing endgame interference long,https://lichess.org/v9AqP9zT/black#70,
GTMcM,rn1qkb1r/pp1b1pp1/4P2p/1Bp5/4p3/4B3/PPP2PPP/R2QK1NR b KQkq - 0 9,d7b5 e6f7 e8e7 e3c5 e7f7 d1d8,1613,76,90,333,advancedPawn attackingF2F7 crushing deflection interference long opening,https://lichess.org/7kq59Ngg/black#18,Richter-Veresov_Attack Richter-Veresov_Attack_Other_variations
GU25q,6rk/4qprp/2b2p2/1pp2P2/2p1P2R/2P4P/R3Q1P1/5N1K b - - 1 33,g7g2 h4h7 h8h7 e2h5 h7g7 a2g2 g7f8 h5h6 f8e8 g2g8,1729,76,95,13305,attraction crushing deflection discoveredAttack interference kingsideAttack middlegame sacrifice veryLong,https://lichess.org/52rCtIdH/black#66,
GVodq,8/8/1Rn1k2R/8/4pP2/3r3P/2r2P2/6K1 b - - 4 46,e6d5 b6b5 d5d4 h6d6 d4c4 d6c6 c4b5 c6c2,1873,75,93,12648,advantage endgame interference skewer veryLong,https://lichess.org/Gi2U32lo/black#92,
GW3sl,4rbk1/1b3pp1/p5p1/3pN3/3P4/P1q1R2P/5PPB/3Q2K1 b - - 1 28,c3b2 e3b3 b2a2 b3b7,1615,77,79,213,advantage interference middlegame short,https://lichess.org/Vg8ueBB2/black#56,
GXuaN,2r2r1k/5pp1/8/p3p3/Pp1Nn3/1P2P3/5PPP/2R2RK1 w - - 0 27,d4c6 e4c3 c1c2 c8c6,1791,75,96,9202,crushing endgame interference short,https://lichess.org/OPDrVnPG#53,
GZRXx,6k1/1pp2p1p/2q3p1/3p4/6b1/pPB1rN2/P2K2PP/1N1R3R b - - 2 27,c6c5 c3d4 c5b4 d2e3,1850,75,100,82,advantage fork interference middlegame short,https://lichess.org/0VmaQnDz/black#54,
Gakwd,r3k2r/pp4pp/2n3n1/7Q/4N2q/4P2P/PP3P1R/R1B1K3 w Qkq - 1 17,e4d6 e8d7 h5d1 h4b4 c1d2 b4d6,1653,77,93,345,advantage defensiveMove interference long middlegame,https://lichess.org/jYzX64jW#33,Grob_Opening Grob_Opening_Keene_Defense
GbIyv,8/1K6/4k3/6p1/1p6/1P1R2P1/r7/8 w - - 1 44,b7c6 a2c2 c6b5 c2c3 d3d2 c3b3,1738,75,98,1460,advantage endgame interference long rookEndgame,https://lichess.org/KRs65wi2#87,
GeKyr,3r2k1/2q4p/3b2n1/2pP4/PpB1p3/1P3r1P/6Q1/5RRK b - - 3 38,f3g3 g2g3 d6g3 d5d6 g8h8 d6c7,1746,76,90,234,advancedPawn advantage discoveredAttack discoveredCheck interference long middlegame sacrifice,https://lichess.org/DjFQ2T3P/black#76,
GeQWi,2rk1br1/1Qp1n3/3p1B1p/3Nn3/8/6P1/PPq4P/4RRK1 w - - 1 22,f6e5 c2c5 d5e3 c5e5,1759,75,89,466,advantage interference master middlegame short,https://lichess.org/eMtap6Ci#43,
Gf7bD,4r1k1/3R1p2/1p2pp2/p1b1N2p/8/6P1/PPP2P1P/6K1 w - - 0 25,e5f7 e8e7 d7d8 g8f7,1698,77,94,760,advantage endgame interference short,https://lichess.org/GxSXrwqD#49,
Gfg6K,1r2qrk1/bp4p1/P1p4p/3pNn2/6Q1/2PP4/3N1PPP/R4RK1 w - - 3 23,f1e1 a7f2 g1f2 f5e3 f2e3 e8e5,1893,75,88,616,advantage attraction discoveredAttack discoveredCheck interference kingsideAttack long middlegame sacrifice,https://lichess.org/J5LN5Foz#45,
Gg2vF,2n2rk1/q4p1p/2Rp2p1/pB6/P1Qb4/6BP/5PP1/6K1 b - - 4 29,c8e7 c6c7 a7b6 c7e7,1794,74,97,3058,crushing interference master middlegame short,https://lichess.org/pgFLDkmO/black#58,
Ghhj5,1rb4r/pp2kppp/4pn2/1N2B3/2B5/8/PP3PPP/R5K1 b - - 0 17,c8d7 e5d6 e7e8 d6b8,1635,75,79,93,advantage fork interference middlegame short,https://lichess.org/BUc1M8JI/black#34,Sicilian_Defense Sicilian_Defense_Smith-Morra_Gambit
Gifid,8/8/6p1/8/1Rk1p3/4P3/r5rP/1R5K b - - 0 49,c4d3 b1b3 d3c2 h1g2,1868,75,91,878,crushing endgame interference rookEndgame short,https://lichess.org/oRwsJ1pP/black#98,
GjJD7,6rk/2p4p/p1q1b3/Pp1pPp2/1P1P1P2/2P3Pr/1BQ4R/2K3R1 b - - 9 48,h3g3 h2h7 h8h7 c2h2 h7g7 g1g3,1787,79,93,72,attraction crushing interference kingsideAttack long middlegame sacrifice,https://lichess.org/dkU8tTcV/black#96,
GjujN,r4rk1/pp1q1pp1/1p1pb3/7Q/4P2P/1PNP2p1/1PP3P1/R4RK1 w - - 0 20,c3e2 e6g4 h5g5 g4e2,1606,105,80,52,advantage interference middlegame short,https://lichess.org/na3Ja77e#39,
Gkt4K,rn2kb1r/pp2pppp/2p5/q2P3b/8/2N4P/PP1Q1PP1/R3KBNR b KQkq - 0 13,c6d5 f1b5 b8c6 d2d5,1751,76,92,1196,advantage interference intermezzo opening short,https://lichess.org/pnrIHqdT/black#26,Slav_Defense Slav_Defense_Other_variations
GoD1v,r3r1k1/p1p2p1p/3b2pB/4q1Q1/2p1P3/2P4P/PP3PP1/3RR1K1 w - - 6 26,d1d5 e5h2 g1f1 h2h1 f1e2 e8e4 e2f3 h1e1,1612,77,93,4288,crushing deflection interference kingsideAttack middlegame veryLong,https://lichess.org/TLtcjHsi#51,
GoDyk,4r3/1k6/2p3pp/R2b1pb1/1p1p3N/1P1P2BP/2P1r1P1/R5K1 b - - 4 37,g5h4 a5a7 b7c8 a7a8 c8d7 a1a7 d7e6 a8e8,1727,97,48,64,crushing deflection interference middlegame veryLong,https://lichess.org/D2YfE6wK/black#74,
GoUpQ,rn2kb1r/ppp1pppp/6q1/5b2/8/2NP4/PPP1BPPP/R1BQK2R b KQkq - 0 8,g6g2 e2f3 g2g6 f3b7 b8c6 b7a8,1617,75,92,1644,crushing interference long opening trappedPiece,https://lichess.org/VFrDWBTO/black#16,Scandinavian_Defense Scandinavian_Defense_Modern_Variation
Gowwh,7k/3R2R1/2r2K1p/4P2r/5P2/8/8/8 w - - 3 52,f6f7 h5f5 f7e8 c6c8 e8e7 h8g7 e7e6 g7g6,1743,75,99,215,crushing defensiveMove endgame interference rookEndgame veryLong,https://lichess.org/eiZtPPww#103,
GqLUN,5r2/1p4pk/p1p4p/4p3/4Pn2/1PN3QP/P1q3PK/4R3 b - - 1 27,f4g2 e1e2 c2c1 e2g2,1704,74,96,2119,advantage endgame interference short,https://lichess.org/rAsC4bGQ/black#54,
GriXz,8/3n1pb1/pN2r1p1/P1pk3p/1p5P/3PB1P1/1P3PK1/2R5 b - - 1 28,d7b6 c1c5 d5d6 a5b6 e6e3 b6b7,1886,85,79,38,advancedPawn advantage endgame interference intermezzo long,https://lichess.org/KOTAwQUa/black#56,
GtCDi,r3r1k1/1pp2pp1/5q1p/n7/2PpN1b1/P2P2P1/R1Q2PBP/5RK1 b - - 1 18,f6f5 f2f3 g4h3 g3g4 f5f4 g2h3,1650,75,91,2498,advantage interference long middlegame,https://lichess.org/pZg0gie2/black#36,Kings_Knight_Opening Kings_Knight_Opening_Normal_Variation
GtwKy,5k2/2q2rpQ/p5Bp/1p6/4p3/2P1P2P/5PP1/1b4K1 b - - 7 39,f7f6 h7h8 f8e7 h8g7 e7d6 g7f6,1743,76,95,2217,advantage deflection endgame interference long,https://lichess.org/TZCuclVv/black#78,
GuH45,r5k1/p5pp/1p2Np2/3q4/1P1p4/P5P1/1Q4KP/4R3 w - - 2 24,g2f1 d5h1 f1f2 h1h2,1863,76,86,250,crushing endgame interference short,https://lichess.org/iJQhjNvm#47,
GxY97,r4k1r/pp3p2/1n1q1ppp/3P4/8/1B3Q1P/PP3PP1/R3R1K1 b - - 0 20,a8d8 e1e6 f7e6 f3f6,1720,77,93,2721,crushing interference master middlegame sacrifice short,https://lichess.org/53IIuUJe/black#40,
GyrKC,r4r2/pp2q1b1/2pp2kp/8/1PP1pPb1/6Q1/P3P1BP/1R3RK1 b - - 1 20,e7e6 f4f5 f8f5 g3g4,1645,75,91,1872,crushing fork interference middlegame pin short,https://lichess.org/lGAI4VW0/black#40,
GzTvc,r3r1k1/1p2q2p/3R2p1/5p2/2P1pQ2/1P2P3/P5PP/5RK1 w - - 4 25,a2a4 g6g5 f4g3 f5f4 f1f4 e7d6,1706,77,93,1296,crushing endgame interference long,https://lichess.org/6Zjmdvs9#49,
Gzazm,r2q1r2/pp3kpQ/5b1p/3p4/3P4/7P/PPB2PP1/4R1K1 b - - 3 21,f8h8 c2g6 f7f8 h7h8,1741,75,93,1560,interference mate mateIn2 middlegame short,https://lichess.org/oTrA2cVj/black#42,
H01Fh,5Q2/pp6/2p4k/3p3n/7n/1B1P3q/P1P1N1rP/1R5K b - - 1 27,h5g7 f8h8 h6g5 h8g7 h4g6 g7g6 g5g6 e2f4 g6f5 f4h3,1764,78,94,8704,attraction crushing deflection exposedKing fork interference middlegame sacrifice veryLong,https://lichess.org/wXqTKmfB/black#54,
H0xw8,5B2/1p5R/p1b1kPp1/6P1/3p2K1/P4r2/8/8 b - - 2 44,d4d3 h7e7 e6d5 g4f3 d5d4 f3f2,1727,76,89,72,advantage defensiveMove endgame interference long,https://lichess.org/wKWVA8JD/black#88,
H1bh5,r5k1/1bpn1pp1/1p1p1q1p/8/1PP1P2P/5PB1/3QB1PK/2R5 b - - 0 23,a8a1 e4e5 d7e5 c1a1 e5g4 f3g4,1615,75,93,3062,crushing interference long master middlegame,https://lichess.org/A1msU5ld/black#46,
H1dAA,5qk1/1b2b2p/p3p1p1/4P3/1p1P4/7Q/PPr1N1PP/5RK1 b - - 1 24,f8g7 h3e6 g8h8 f1f7 g7h6 e6e7 h6e3 f7f2,1844,82,74,51,advantage defensiveMove interference kingsideAttack middlegame veryLong,https://lichess.org/8IpH2aIV/black#48,
H1gLy,r6r/2pkpp1p/1pn2bp1/1P6/5P2/6P1/P3KPB1/1R5R b - - 0 19,c6a7 h1d1 d7c8 g2a8,1867,76,92,2051,advantage interference middlegame short,https://lichess.org/FXB2MFtB/black#38,Kings_Indian_Defense Kings_Indian_Defense_Normal_Variation
H2iQZ,2kr4/p1p2p2/2p1b2p/3r1qp1/1N6/Q5BP/5PP1/4R1K1 b - - 3 23,d5d1 a3a6 c8d7 e1d1,1712,77,84,280,crushing interference master middlegame short,https://lichess.org/bjtgXkjv/black#46,
H4tkh,r6r/pp2k3/q1b1p3/3pPn1p/8/5QN1/P4PPP/R4RK1 b - - 1 21,f5g3 f3f6 e7d7 f6g7 d7d8 g7h8,1816,75,95,6650,crushing fork interference long middlegame,https://lichess.org/nnUelkg5/black#42,
H6AIn,5k2/p2P1p1p/1p4p1/2q5/8/1P3P1P/P2Q1KP1/8 w - - 1 47,f2e1 c5g1 e1e2 g1g2 e2e3 g2d2 e3d2 f8e7 d7d8r e7d8,1630,81,93,1509,crushing endgame exposedKing interference queenEndgame veryLong,https://lichess.org/qH5VWYAS#93,
H6XHH,r1rq1nk1/1b4b1/3p2p1/1P1Pp2p/p1N1P2P/1nN1BP2/KPQ1B1R1/7R w - - 2 26,c4b6 b3d4 c2d2 d8b6,1792,77,84,92,advantage interference middlegame short,https://lichess.org/qYILpDM9#51,
H9Lj6,8/p1p3k1/8/3PK2Q/8/2q2PP1/8/8 w - - 7 54,e5f4 c3d4 f4f5 d4d5 f5g4 d5h5,1713,78,90,1274,crushing endgame interference long queenEndgame,https://lichess.org/ZCocA3qN#107,
HAhFn,r2qr1k1/1p3pp1/1Pp2np1/p1P5/N6P/2B1p1b1/P3B1P1/R2Q1RK1 w - - 2 21,c3f6 g3f2 g1h1 d8f6,1690,76,95,23083,crushing interference intermezzo middlegame short,https://lichess.org/9YNLkGBA#41,
HBIc9,rnb1k2r/pp1p1pbp/6p1/4q3/2PNN3/4Q3/PP2PPPP/R3KB1R b KQkq - 0 10,e5d4 e4f6 e8d8 e3d4,1825,80,95,20753,crushing discoveredCheck doubleCheck interference intermezzo master opening short,https://lichess.org/cHf21Dbn/black#20,Indian_Defense Indian_Defense_West_Indian_Defense
HBXzn,r4bk1/q2n1p1p/p2Q2p1/5N2/4Pp1P/2P2P2/b1P1B3/2KR2R1 w - - 2 25,d6d7 f8a3 c1d2 a7d7,1718,78,95,15563,crushing interference intermezzo middlegame short,https://lichess.org/frFk3WZR#49,
HCOk8,3r1r1k/1p3pbp/p4q2/7Q/6R1/1Bp3BP/P1P3PK/8 b - - 9 25,d8d4 g4g7 f6g7 g3e5 f7f6 e5d4,1895,76,96,2567,advantage fork interference long middlegame pin sacrifice,https://lichess.org/8pAGWEHc/black#50,
HDAIP,r1b2rk1/2p1n1pp/p1Pq4/3Pp3/4p2N/3Q4/4BPPP/R2R2K1 w - - 0 22,d3e4 f8f4 e4c2 f4h4,1796,76,81,134,advantage interference middlegame short,https://lichess.org/px4RXr8q#43,
HEOvo,2r5/1q3p1k/bp1p1bp1/3Pp3/Q3P2P/P7/1P3P2/R1N1K2R w KQ - 1 26,c1e2 c8c4 a4b3 c4e4,1714,78,91,1618,crushing interference middlegame short,https://lichess.org/g8MIYJEp#51,
HFLgY,r2qk2r/p1pbbppp/2pp1n2/4P3/2B5/8/PPP1QPPP/RNB1K2R b KQkq - 0 9,f6g4 e5e6 f7e6 e2g4,1806,75,93,2140,advantage interference opening short,https://lichess.org/Ra2pRkzk/black#18,Ruy_Lopez Ruy_Lopez_Berlin_Defense
HGfUM,2rr2k1/2q2ppp/p3p3/3b4/Pp6/1P2BP2/1bP1N1PP/1R1RQ2K b - - 9 24,c7c2 d1d2 b2c3 d2c2 c3e1 c2c8 d8c8 b1e1,1867,76,92,1271,advantage interference middlegame veryLong,https://lichess.org/s7YyyCUX/black#48,
HHC6M,3k2r1/r5Np/p4P2/1pp4B/4R3/1P4b1/P1P5/7K b - - 4 34,g8g7 e4e8 d8d7 f6g7,1606,78,93,199,advancedPawn crushing endgame interference intermezzo short,https://lichess.org/aPF2lHLM/black#68,
HHF2L,2r3k1/1p1bp2p/p2p1npQ/8/4P1P1/1Nq2P2/P1P4R/2KR4 w - - 2 23,b3d4 c3a1 c1d2 a1d4,1839,77,94,12098,crushing interference middlegame queensideAttack short,https://lichess.org/AUrggJMU#45,
HIHdm,1rb2rk1/6qp/2p3p1/p2pn3/N2Q4/8/PPP1BPP1/2KR3R w - - 0 20,f2f3 b8b4 d4c3 b4a4,1839,77,93,1669,advantage interference master middlegame short,https://lichess.org/DditQRxR#39,
HIfaB,2k1rb1r/ppp1ppp1/2n1qn2/3p4/3P1P2/1PN1PRpP/P1P1B1P1/R1BQ2K1 b - - 2 12,h8h3 f4f5 e6d7 g2h3,1822,77,94,12935,advantage interference intermezzo middlegame short,https://lichess.org/4jYW1bG4/black#24,Bird_Opening Bird_Opening_Other_variations
HJC75,r2q1rk1/pp2n1bp/2np2p1/5p2/2P1PB2/2N5/PP2B1PP/R2Q1RK1 w - - 0 14,f4d6 g7d4 g1h1 d8d6,1607,77,95,19003,advantage interference intermezzo middlegame short,https://lichess.org/ASvQmPIo#27,Queens_Pawn_Game Queens_Pawn_Game_Anglo-Slav_Opening
HKQwi,r2q2r1/1b2pk2/p2p1bpB/2pP2Q1/6P1/p7/NP6/1K2RR2 b - - 2 30,d8b6 e1e7 f7e7 g5f6 e7d7 f6f7 d7c8 f7g8,1783,92,47,21,attraction crushing interference middlegame pin veryLong,https://lichess.org/rDpZ3MCE/black#60,
HL3t6,8/3k3p/2R1p1p1/p3P3/Pr2rPP1/4K2P/8/2R5 w - - 2 35,e3d3 b4d4 d3c3 d7c6,1788,75,97,3797,crushing endgame interference rookEndgame short,https://lichess.org/ecIUBDFO#69,
HLKnQ,2rqk2r/p3bp1p/4p3/1b1n1p2/1pP1N3/1Q1B1NP1/PP3P1P/1K1RR3 w k - 0 21,e4d2 d5c3 b2c3 d8d3,1875,76,93,1436,advantage discoveredAttack interference master middlegame queensideAttack short,https://lichess.org/q3RSINcc#41,
HLbAu,2kr4/pp2rp1p/6q1/2p5/5B1P/4PR2/P4K2/1R5Q w - - 0 32,f3g3 d8d2 f2e1 g6b1,1677,80,94,19071,crushing interference middlegame short,https://lichess.org/ooinCwVq#63,
HMIXx,r1bq1k1r/ppp1b3/2p2p2/6pB/P2PP3/2P3P1/1P4PK/RN1Q1R2 w - - 1 17,e4e5 g5g4 h2g1 h8h5,1710,76,96,12190,crushing interference middlegame pin quietMove short,https://lichess.org/m8QyaJcf#33,Russian_Game Russian_Game_Stafford_Gambit
HNWAA,r4r1k/ppq3bp/2n1pp2/3p1p1N/3Pn2N/P1P2P1P/1P4P1/R1BQ1RK1 b - - 0 16,e4g3 c1f4 c7f7 h5g3,1899,92,0,40,advantage interference middlegame short,https://lichess.org/Om1UAblN/black#32,Caro-Kann_Defense Caro-Kann_Defense_Exchange_Variation
HQT4R,r1bq1rk1/pp2npbp/2npp1p1/1N6/2B1PP2/2N5/PPP3PP/R1BQ1RK1 w - - 3 10,b5d6 g7d4 g1h1 d8d6,1831,75,87,1062,advantage interference intermezzo opening short,https://lichess.org/Asod1X8H#19,Sicilian_Defense Sicilian_Defense_Closed
HTuZ4,8/8/8/5pk1/1p1K4/1P1R2P1/2r5/8 w - - 2 39,d4d5 c2c3 d3d4 c3b3,1677,99,64,26,crushing endgame interference rookEndgame short,https://lichess.org/FzervBNK#77,
HUXGp,r4rk1/p1p3pp/1pb5/2q1R2B/2P4n/2P1Qp2/P4P1B/3R2K1 b - - 1 25,c5c4 d1d4 c4a2 d4h4 a2b1 e3e1,1749,82,74,81,advantage interference long middlegame,https://lichess.org/iJsYaEN6/black#50,
HW5My,3r1r2/q5k1/p2p2p1/1p2P3/4P2Q/P1P5/1P5P/3R3K b - - 0 35,f8h8 h4f6 g7g8 f6d8,1622,76,86,189,advantage endgame interference short,https://lichess.org/7GOghBMz/black#70,
HWd2j,rn1qk2r/pQp2ppp/3b1n2/1b6/8/2N5/PPPP1PPP/R1B1K1NR w KQkq - 0 9,b7a8 b5c6 a8a7 c6g2,1798,79,88,58,advantage interference opening short,https://lichess.org/ZqnGw1s3#17,Scandinavian_Defense Scandinavian_Defense_Modern_Variation
HYv13,5r2/6k1/p1R1R1pp/1p6/6P1/P2r3P/1n4K1/8 b - - 2 36,d3f3 e6g6 g7f7 g2f3,1743,79,92,846,advantage endgame interference short,https://lichess.org/BPRNcFaK/black#72,
HZLyK,5r2/1pp2rpk/p6p/3N3Q/8/P1P3BP/2q3PK/3R4 w - - 7 30,g3e5 f7f5 h5g4 f5e5,1817,76,94,11698,crushing interference middlegame short,https://lichess.org/JGJb0RCC#59,
Hasa7,5k2/7p/1q1p1pp1/2n5/8/2Q2P1P/5BPK/8 b - - 1 45,b6c7 c3f6 f8e8 f6h8 e8d7 h8h7,1785,76,87,71,advantage endgame exposedKing interference long,https://lichess.org/PwC7eaGS/black#90,
HcrQQ,b3k3/p1q2pR1/1p2p2r/1P6/1BP1p3/3pP1p1/P7/5RK1 b - - 7 41,g3g2 g7g8 e8d7 f1f7,1657,75,85,165,deflection endgame interference mate mateIn2 pillsburysMate short,https://lichess.org/2aQW1Gn7/black#82,
HdsUQ,4r3/pp3kpp/5p2/2q5/5P2/2P1R1P1/1P2QK1P/8 w - - 2 32,f2f3 c5h5 f3f2 h5h2,1715,76,92,330,advantage endgame interference short,https://lichess.org/PZhGxeSA#63,
HerXJ,r5k1/3R1ppp/1pq2b2/2p1p3/8/1PP1B2P/1P1Q2P1/6K1 b - - 4 23,g7g6 d7d6 c6c7 d6f6,1730,76,93,2102,advantage endgame interference short,https://lichess.org/QUyOAB3d/black#46,
HezBI,2r3k1/r5pP/b3ppQ1/3p4/P1q2P2/4P3/2pb2PK/R7 b - - 0 36,g8f8 h7h8q f8e7 h8g7 e7d6 g7a7,1720,75,89,759,advancedPawn advantage deflection interference long middlegame promotion skewer,https://lichess.org/J8t93Wc8/black#72,
HfI8h,3r3r/Qpk1q1pn/2ppp3/4p3/4P3/N2P3P/PP3PP1/R5K1 b - - 0 18,d8a8 a3b5 c6b5 a1c1 c7d7 a7b7 d7e8 b7a8,1700,76,92,2740,crushing deflection interference middlegame sacrifice veryLong,https://lichess.org/FUtwOVwD/black#36,Philidor_Defense Philidor_Defense_Other_variations
HhHIW,1k4n1/pp1r1p1r/4p1pp/3pP3/P2P4/b2qBQ2/3N2PP/1R1R2K1 b - - 5 21,g8e7 b1b3 d3c2 b3a3,1634,75,94,7187,advantage interference middlegame short,https://lichess.org/yhcpiCiz/black#42,
HiuxE,3r1rk1/p1p3p1/2NB4/5pp1/8/5Q2/qP4PP/5R1K b - - 0 24,c7d6 c6e7 g8f7 f3f5 f7e8 f5f8,1799,76,93,557,crushing endgame interference long,https://lichess.org/x86zc6iU/black#48,
Hj6S1,7r/4ppk1/6p1/3P2Rb/2p1B2P/Pp2Q3/8/q1K3R1 w - - 1 33,e4b1 a1a3 c1d2 a3b2 d2e1 b2b1,1816,75,90,114,crushing exposedKing interference long middlegame,https://lichess.org/aCcLNFwl#65,
HjBR0,1r5r/p3kp2/4p2p/8/5Q2/5P2/3N2PP/q4R1K b - - 4 28,a1a2 f4c7 e7f8 c7b8,1701,77,88,93,crushing endgame interference short,https://lichess.org/ZGpA188u/black#56,
HjFdO,8/1p3qbk/p2Q1prr/3N1R2/2P1P3/1P6/P5P1/5RK1 w - - 2 34,e4e5 g6g2 g1g2 f7g6 g2f2 g6f5,1681,99,76,26,advantage attraction interference long middlegame sacrifice,https://lichess.org/iyKEIq1Y#67,
HjZxS,8/p1k1b1p1/8/3p4/3qpQ2/1P1B4/P1P5/1K6 b - - 1 35,c7b6 f4b8 b6c6 d3b5 c6c5 b8a7,1740,75,91,145,crushing endgame exposedKing interference long,https://lichess.org/Ix6sWKJn/black#70,
HllrF,rn4k1/pp1bBppp/4p3/q2p4/3Pn3/PQR1PN2/5PPP/4KB1R b K - 0 14,e4c3 e7b4 a5b6 b3c3,1611,74,92,920,advantage interference intermezzo middlegame short,https://lichess.org/qqVTrTUH/black#28,Queens_Gambit_Declined Queens_Gambit_Declined_Modern_Variation
HnQuS,1r1q1rk1/1b3ppp/pp6/3npP1Q/P6b/2NB4/1PPB2PP/R4R1K b - - 5 18,d5c3 f5f6 g7g6 h5h4,1825,78,93,2112,advantage interference middlegame short,https://lichess.org/39f3tZs8/black#36,Sicilian_Defense Sicilian_Defense_Sozin_Attack
HopuQ,8/5pk1/7p/3Q2p1/3P1K2/3q3P/6P1/8 w - - 0 53,f4e5 d3g3 e5e4 g3g2,1884,76,93,8655,crushing endgame interference queenEndgame short,https://lichess.org/Y7Zz4tb3#105,
HqGMA,r2q1rk1/1Q1n1bpp/p3pp2/b2p3P/3P2P1/P3BN2/1PP2P2/2KR1B1R w - - 1 18,f1a6 a8b8 b7c6 b8b6 c6a4 b6a6,1687,76,90,3514,advantage interference long middlegame,https://lichess.org/4LgTqnvc#35,Scandinavian_Defense Scandinavian_Defense_Mieses-Kotroc_Variation
HrGik,8/6pp/5p2/1R2k3/6P1/3r3r/PP4K1/2R5 b - - 5 34,e5f4 c1c4 f4e3 g2h3,1681,75,96,5956,crushing endgame interference rookEndgame short,https://lichess.org/vVzQlP12/black#68,
HrI4w,r5k1/2pn1pp1/1pppbq1p/8/1PP1P3/2r2PB1/PR1QB1PP/5RK1 b - - 6 19,e6c4 e4e5 d7e5 d2c3,1739,84,60,53,advantage interference master middlegame short,https://lichess.org/YQQDotok/black#38,
Hsayk,3q1r2/5kpQ/1pb1pp1p/p5r1/n1P5/P2B2R1/2P2PPP/BR4K1 b - - 6 24,f8h8 d3g6 f7e7 h7g7,1660,75,87,193,crushing deflection interference middlegame short,https://lichess.org/UFLRXn7d/black#48,
Hsv0a,rn5r/pp2ppk1/2pp1qb1/6N1/6QP/8/P3BP2/R4RK1 b - - 0 21,g6h5 g5e6 g7h7 g4h5 h7g8 h5g4,1867,80,92,1172,crushing discoveredCheck doubleCheck interference long middlegame,https://lichess.org/9KIFIjpb/black#42,
Htq0m,1r2r1k1/4Bpp1/p2p2qp/2p5/3n1P2/PP5P/2P2QP1/3RR1K1 b - - 1 26,d4c2 f4f5 g6h5 f2c2,1754,74,93,213,advantage interference intermezzo middlegame short,https://lichess.org/y7BXQU50/black#52,
HuV4Z,r4rk1/pp3p2/3b1p1Q/3p1q2/8/2P5/PP3PPP/RN2R1K1 w - - 0 18,b1d2 d6f4 h6h4 f4d2,1604,82,82,52,advantage interference middlegame short,https://lichess.org/wCHdgrZd#35,French_Defense French_Defense_Exchange_Variation
Hv91c,4rrk1/p4pp1/5n1p/1P2N3/1QB1bP2/2P1q3/P2R2PP/4KR2 w - - 2 29,d2e2 e3c1 e1f2 c1f4 f2g1 f4e5,1805,76,95,8640,crushing exposedKing fork interference long middlegame,https://lichess.org/MbDIir8Q#57,
Hvowj,3rkbnr/1pp4p/4bpp1/p7/1nP5/N1B1PN2/PP3PPP/R3KB1R w KQk - 0 11,a3b5 b4c2 e1e2 e6c4,1854,76,96,4613,fork interference master mate mateIn2 morphysMate opening short,https://lichess.org/xSwHMIAw#21,Queens_Gambit_Declined Queens_Gambit_Declined_Albin_Countergambit
HwlRc,3r2k1/1pNb1ppp/7r/p3N1q1/PnPPn3/8/1Q2BPPP/R4RK1 w - - 7 22,f2f4 g5h4 e5f3 h4f4,1814,76,91,469,crushing interference middlegame short,https://lichess.org/MaTWJmY1#43,
HwzB0,2r3k1/b4p2/P1p3p1/2Q5/1B3P1p/4P2P/1q4P1/2R3K1 w - - 3 33,c5a7 b2c1 g1h2 c6c5 b4a5 c1e3,1834,91,81,40,advantage endgame hangingPiece interference long,https://lichess.org/O4KbkSQz#65,
Hx0VD,6r1/2p1kp1p/p1pbpR2/8/3P4/2P4r/PP1B2N1/R5K1 w - - 1 24,a1f1 d6h2 g1f2 e7f6,1833,79,95,18952,crushing interference middlegame short,https://lichess.org/hiKt3385#47,
HxF4Z,r1r5/4kpR1/3bp3/p2p4/Pn5P/8/1P6/3B1R1K b - - 2 36,c8g8 f1f7 e7e8 g7g8 e8f7 g8a8,1683,90,80,64,crushing interference long middlegame skewer,https://lichess.org/HN0I4Jli/black#72,
Hxuck,r6r/pp1kpp1p/1qbp4/5PQ1/8/7P/PPP3P1/R1B1R2K b - - 2 18,f7f6 e1e7 d7e7 g5g7 e7d8 g7h8,1810,81,75,44,attraction crushing interference long middlegame sacrifice,https://lichess.org/ZyXjLlxE/black#36,Sicilian_Defense Sicilian_Defense_Closed
Hxwe7,r2q1rk1/1p1nnpbp/3Bp1p1/pN1p4/P2P4/2P2B2/5PPP/R1Q1R1K1 b - - 3 19,d7b6 d6c7 d8d7 c7b6,1628,75,82,146,advantage interference middlegame short,https://lichess.org/4PBp8kSd/black#38,Mieses_Opening Mieses_Opening_Other_variations
Hz7GB,8/1pr5/p7/3Bpk2/1P1p1bp1/P7/6R1/6RK w - - 4 45,g2g4 c7h7 h1g2 f5g4,1678,75,96,500,advantage endgame interference short,https://lichess.org/KFm6BRga#89,
I0jCb,4rnn1/2Q2p1k/7p/4pPPN/4P2P/1p4K1/1P2q3/6R1 b - - 1 38,e2h5 g5g6 f8g6 c7f7 h7h8 f5g6 e8e7 g6g7 h8h7 f7h5,1860,82,87,46,advancedPawn crushing discoveredAttack endgame fork interference master pin veryLong,https://lichess.org/aEwUpqik/black#76,
I0oAh,5r2/ppp1q1kp/3p2p1/3P1b2/P1Pb1N2/1R4P1/1Pn3BP/2B2Q1K b - - 7 23,c2e1 f4e6 f5e6 f1e1,1650,75,94,2729,crushing fork interference middlegame short,https://lichess.org/VSkt5qr7/black#46,
I2Loj,8/pp3k1Q/6p1/2P2p2/PP4nB/3p1qP1/8/6K1 b - - 1 46,f7e6 h7e7 e6d5 e7b7 d5c4 b7f3,1795,75,87,163,crushing endgame interference long skewer,https://lichess.org/D9MgIB2I/black#92,
I2QX5,r1bqkb1r/ppp1p1p1/7p/3pP1B1/8/2PB4/P1P2PPP/R2QK2R b KQkq - 1 10,h6g5 d3g6 e8d7 d1d5,1744,78,95,14691,discoveredAttack epauletteMate interference mate mateIn2 middlegame short,https://lichess.org/3a5X1fK6/black#20,Indian_Defense Indian_Defense_Omega_Gambit
I2mn6,r4k2/1q3p2/1p6/pPppr3/P1B4P/1P2P3/K5Q1/6R1 b - - 3 34,a8e8 g2g7 f8e7 g7e5,1603,76,93,1018,advantage endgame interference master short,https://lichess.org/7ka7fqay/black#68,
I4vpU,r3k2r/1pp2ppp/p1q1b3/7R/8/B1bB4/P1P1QPPP/5RK1 b kq - 1 16,e8c8 h5c5 c6b6 c5c3,1648,76,92,1111,crushing interference master middlegame short,https://lichess.org/dd6foBtk/black#32,Four_Knights_Game Four_Knights_Game_Other_variations
I51Rk,r2kr3/pp1q2b1/2nP1n1p/1N2B1p1/2Q5/8/PP3PPP/2KRR3 b - - 7 19,c6e5 c4c7 d7c7 d6c7 d8e7 e1e5,1648,76,85,615,advancedPawn crushing discoveredCheck doubleCheck exposedKing interference long middlegame,https://lichess.org/ishQ80Bp/black#38,Sicilian_Defense Sicilian_Defense_Smith-Morra_Gambit
I63jo,r3r1k1/5pp1/3p4/1P2nPP1/nP2P3/q1N5/2QKN3/3R3R w - - 5 30,d1a1 e5c4 d2e1 a3a1,1708,77,94,458,advantage interference master middlegame short,https://lichess.org/UFIKKvPm#59,
I6S6M,5rk1/3nnpp1/1p2p2p/3pP3/2pP2P1/2q1BN2/2P2P1P/1R1Q2K1 b - - 2 23,f8a8 e3d2 c3a3 d2b4 a3a7 b4e7,1679,74,87,290,advantage interference long master middlegame,https://lichess.org/D0tTJFDN/black#46,
I6T0O,r4kr1/ppq3bQ/2p2pBB/4p3/6b1/8/PPPR1P1P/6K1 b - - 1 29,a8d8 h6g7 g8g7 h7h8 f8e7 h8g7,1871,78,93,11051,attraction crushing deflection exposedKing interference long middlegame,https://lichess.org/xHYAWeCV/black#58,
I98yJ,5rk1/p1p2pp1/1p2p2p/4R3/B7/P1Pr2Q1/3q1PPP/R5K1 w - - 10 24,g3g4 d2c3 e5e1 d3d4 g4e2 d4a4,1895,75,81,117,advantage fork interference long middlegame,https://lichess.org/HO3ZdYVo#47,
I9u1F,5rr1/pb1pk2p/np2pp2/2p5/q1P2QN1/P1P1P3/4BPPP/1R1R2K1 w - - 10 21,d1d6 e6e5 f4f5 e7d6,1722,77,92,1838,crushing interference middlegame short,https://lichess.org/otQ6co5l#41,
IAJZu,2kr2nr/ppp2pp1/6b1/q2P2Pp/1b1p4/2N4P/PPP1QPB1/R1B2RK1 w - - 0 14,c3b5 d4d3 c2d3 a5b5,1764,75,82,74,advantage interference master opening short,https://lichess.org/qlzmzCWk#27,Scandinavian_Defense Scandinavian_Defense_Main_Line
IAWC6,r1b3r1/pppp4/2q2p1p/8/4R1pk/1P6/P1PP1Q1P/5R1K b - - 1 25,h4g5 f2f5 g5h4 f1f4 d7d6 f5f6 h4h5 f6f7 g8g6 h2h3 c6e4 f4e4,1757,200,0,5,advantage clearance fork interference middlegame veryLong,https://lichess.org/OE8jBMUU/black#50,
IAWtN,r6r/p1p1kpp1/3b3p/4p1P1/4q2P/2P5/PP3K2/RNBQ3R w - - 0 22,b1d2 d6c5 f2f1 e4h1,1775,100,7,23,crushing interference middlegame short,https://lichess.org/OT4lfsEG#43,
IAkB2,r3kb1r/1p2pppp/p7/2p1q2n/8/3P3P/PPP1NPR1/R1BQK3 b Qkq - 0 13,e7e6 g2g5 e5h2 g5h5 h2h1 e1d2,1623,74,88,261,advantage interference long middlegame,https://lichess.org/ClEZGhVo/black#26,Sicilian_Defense Sicilian_Defense_Modern_Variations
IB5aA,5r1k/2p1b1pp/p2p4/1p6/2nP1pQ1/2Pq3P/PP1N1PKN/3R3R w - - 8 24,d2f3 c4e3 f2e3 d3e2 g2g1 e2d1,1695,77,96,10520,advantage interference long middlegame sacrifice,https://lichess.org/xteP3jdj#47,
ICse6,5rk1/pppq2pp/3p4/3N1n2/3b2Q1/8/PPPBRPPP/6K1 b - - 2 18,d7f7 g4f5 f7f5 d5e7 g8f7 e7f5,1661,73,95,13878,attraction crushing fork interference long master middlegame sacrifice,https://lichess.org/NLurmvcD/black#36,Italian_Game Italian_Game_Scotch_Gambit
ICy8F,3qr1k1/p1rn1pp1/1p5p/3pp3/Q2P1B2/P1P4P/1P3PP1/2R1R1K1 w - - 0 22,d4e5 c7c4 a4d1 c4f4,1666,75,99,864,advantage interference middlegame short,https://lichess.org/7g0KBiyd#43,
ID1w8,r1r3k1/1b1q1pb1/p2np1p1/1pRp3p/3P1B2/1P1QP1P1/P3NPBP/2R3K1 b - - 2 21,d6e4 c5c7 d7d8 c7b7 c8c1 e2c1,1868,75,88,555,collinearMove crushing interference long master middlegame,https://lichess.org/4JN6vDgI/black#42,
IDD1F,7q/4k3/p2pP1p1/2p2b2/5P2/4QPK1/Pr3R1P/4R3 w - - 3 37,f2b2 h8h3 g3f2 h3h2 f2f1 f5h3 b2g2 h2g2,1607,78,93,1305,deflection endgame interference mate mateIn4 veryLong,https://lichess.org/rhQD3Tkk#73,
IDz2W,7k/pp3prB/1b1p1Q2/8/8/8/PP4r1/4R2K b - - 0 30,h8h7 f6h4 h7g6 h1g2,1818,76,95,16081,crushing endgame interference short,https://lichess.org/xfpTutDm/black#60,
IE1CL,4R3/pppk2r1/8/3b1p2/8/1P6/P5PP/5R1K w - - 2 25,f1e1 d5g2 h1g1 g2e4 g1f1 d7e8,1788,76,96,14116,crushing discoveredAttack discoveredCheck endgame interference long,https://lichess.org/U0kOFHX9#49,
IER2L,2r4r/2q3kp/6p1/2P5/1P1Q4/5NPP/5P2/6K1 b - - 2 33,g7f7 f3g5 f7e7 d4g7 e7e8 g7h8,1653,76,85,89,crushing endgame interference long,https://lichess.org/nU0MEYQI/black#66,
IEXqv,3R4/5ppk/4r3/8/Pb4q1/1P1QP3/5PP1/6K1 b - - 1 36,g7g6 d8d4 g4g5 d4b4,1897,75,93,387,advantage endgame interference short,https://lichess.org/eLPNz9Du/black#72,
IEq8o,r2q1rk1/1p3pb1/p1np3p/6pb/2B5/2N2PB1/PPP3PP/R2QR1K1 w - - 0 17,g3d6 g7d4 g1h1 d8d6,1806,76,95,8419,advantage interference intermezzo opening short,https://lichess.org/0YfGWWSH#33,Modern_Defense Modern_Defense_Standard_Line
IF0oM,3R1bk1/pp3p2/4r1pp/3N4/8/1P4P1/1P3P1P/6K1 b - - 4 26,e6d6 d5e7 g8g7 d8d6,1670,75,92,223,advantage endgame interference master masterVsMaster pin short,https://lichess.org/ibWzHhAJ/black#52,
IHaAn,1k1r3r/2p1n1qp/1p4p1/1N4B1/8/3b4/PP4PP/R2Q1R1K w - - 0 21,d1a4 d3b5 a4b5 d8d5 b5e2 d5g5,1857,76,81,63,advantage interference long middlegame,https://lichess.org/8SVJwgr0#41,
IHkk9,3r3r/ppp2pkp/4pn2/5p2/1P1P3Q/PqP1R2R/5PPP/6K1 b - - 7 23,f6g4 h4g5 g7f8 g5d8 f8g7 d8g5,1664,77,74,80,crushing interference long middlegame,https://lichess.org/6D7BZ2DG/black#46,
IJ7Sy,3b4/1p4r1/p2k1p2/2rNpPpp/2PPR3/P7/7P/1R5K b - - 0 31,e5d4 e4e6 d6d7 b1b7,1773,101,52,19,crushing endgame interference short,https://lichess.org/RZumJFRb/black#62,
IJGLT,1k6/q3bN2/1nQNp3/2p1P3/1pPp4/3P4/n4PK1/8 b - - 1 47,a2c3 c6e8 b8c7 e8e7,1697,74,88,466,crushing interference master middlegame short,https://lichess.org/agcEJDlv/black#94,
ILDGt,2rq1rk1/1p1nbppp/p3pn2/3p1b2/1P1P4/P1N1PN1P/3BBPP1/R2Q1RK1 w - - 1 13,c3a4 f5c2 d1e1 c2a4,1717,75,98,1282,advantage interference middlegame short,https://lichess.org/VGYvoWhx#25,Slav_Defense Slav_Defense_Other_variations
IMNt4,8/5K2/1p3p2/p1p1kP2/P1P1p1P1/1P2R2P/5r2/8 w - - 0 36,f7g6 f2f3 e3e2 f3h3,1815,78,92,1197,crushing endgame interference master rookEndgame short,https://lichess.org/rUIuWIkz#71,
IMpQb,r5k1/p4p1p/3p2p1/3q4/1pp2P2/6P1/PPQB3P/3R1K2 w - - 0 25,d2b4 d5h1 f1f2 h1h2 f2f3 h2c2,1693,79,96,18850,crushing endgame exposedKing interference long skewer,https://lichess.org/L3GUeJRL#49,
INEbz,3rr1k1/pp2qpp1/3b1np1/1NnPp3/2P5/P3BN1P/2Q2PP1/3R1RK1 b - - 1 20,d6b8 d5d6 e7d7 e3c5,1620,76,71,905,advantage interference middlegame short,https://lichess.org/VKcP1VcB/black#40,
IO8OG,8/2R5/1r3p2/1P2p1p1/2P1k3/8/5P2/2K5 b - - 0 34,e4f3 c7c6 b6b8 c6f6,1722,85,76,42,crushing endgame interference rookEndgame short,https://lichess.org/lctVlbu5/black#68,
IP7XY,3rrk2/1bq3p1/p1pbppQ1/7R/8/1P6/PBP2PPP/R5K1 b - - 7 22,e6e5 h5h8 f8e7 g6g7 e7e6 g7g4,1740,75,82,118,crushing deflection interference long middlegame,https://lichess.org/ZlOculnp/black#44,
IPuFY,6k1/6p1/7p/5p2/1p2p3/1N2Q2P/1Pq1R1P1/3r2K1 w - - 2 32,g1h2 c2c7 g2g3 d1d3 e3g1 d3b3,1835,77,87,92,crushing endgame interference long,https://lichess.org/Ja30Cvqt#63,
IQXQe,2rq1rk1/pb4pp/1pn1pb2/4N3/3PBB1P/2P5/PP3P2/R2QK2R w KQ - 0 16,d1c2 c6d4 e4h7 g8h8 e5g6 h8h7 g6f8 h7g8,1799,74,68,194,advantage interference middlegame sacrifice veryLong,https://lichess.org/Kh5B0T7R#31,Queens_Pawn_Game Queens_Pawn_Game_Chigorin_Variation
IRdSJ,r1bqkbnr/1pp1p1pp/p1n2p2/3p4/3P1B2/3BPQ2/PPP2PPP/RN2K1NR b KQkq - 1 5,h7h5 d3g6 e8d7 f3d5,1780,77,88,385,epauletteMate interference mate mateIn2 opening short,https://lichess.org/3bgT0H6Y/black#10,Queens_Pawn_Game Queens_Pawn_Game_Accelerated_London_System
ISeP4,6k1/r4pbp/4b1p1/8/1P2p3/5N1P/1P2BPP1/1K1R4 w - - 0 24,f3d4 e6a2 b1c2 a7c7 c2d2 g7d4,1726,74,97,78,advantage endgame interference long,https://lichess.org/Wl2veiNl#47,
IUwVf,r6r/pppb1kp1/8/4P2p/3qP3/3PpQ1P/PPP3P1/R4R1K b - - 0 16,f7g8 f3f7 g8h7 f7h5 h7g8 h5f7,1847,75,91,379,crushing interference kingsideAttack long middlegame,https://lichess.org/07pKXs87/black#32,Russian_Game Russian_Game_Three_Knights_Game
IV9k1,1r5r/2p1qpkp/3p2p1/p1nPp2P/4PnP1/2P1NP2/P1BQ1K2/1R5R b - - 0 23,e7f6 h5h6 g7f8 b1b8,1650,76,88,563,crushing interference middlegame short,https://lichess.org/DcH1B5M8/black#46,
IVK4W,2r4r/pQ1Rnkp1/4q1p1/4P1P1/5P1p/P6P/1P6/1K5R b - - 2 29,c8b8 d7e7 e6e7 e5e6 f7f8 b7b8,1657,75,85,135,crushing fork interference long master middlegame pin sacrifice,https://lichess.org/lipjsBT0/black#58,
IViQV,8/pk5q/4P3/3Q1p2/3p4/1P2b3/P1P1K2P/6r1 b - - 6 41,b7c8 d5a8 c8c7 a8a7 c7d6 a7h7,1811,75,90,239,advantage endgame exposedKing interference long skewer,https://lichess.org/tHfTmXIR/black#82,
IWi2w,rnq1k2r/pp2ppb1/2p3p1/3n4/1PNPP3/P4Np1/1B3PKP/R2Q3R w kq - 0 15,h2g3 d5f4 g3f4 c8g4 g2f1 h8h1,1610,75,94,5303,crushing deflection interference long middlegame sacrifice,https://lichess.org/rFkb9b80#29,Queens_Pawn_Game Queens_Pawn_Game_Other_variations
IXv4a,6rk/pp2Q1pp/2p3b1/6N1/5PP1/2P5/2q4P/4R1K1 b - - 0 31,a7a5 f4f5 h7h6 f5g6,1858,75,85,99,advantage endgame interference short,https://lichess.org/VDxmE5eW/black#62,
IZL5B,2r2rk1/1b3p2/1p4p1/p2p2q1/2nP4/2PQ2P1/5PB1/B3RRK1 b - - 1 35,c4d2 f2f4 g5g4 d3d2,1897,76,96,2622,advantage interference middlegame short,https://lichess.org/69PwJUfL/black#70,
IZsh2,7Q/ppq1kp2/4ppr1/4r1b1/8/2P1B2P/PP2BP2/3R1R1K w - - 4 27,e2h5 g6h6 h8g8 h6h5,1740,75,83,136,advantage interference middlegame short,https://lichess.org/sWfHkQRa#53,
IaHwE,1rr5/p1k5/2n1Q2p/4P1p1/P4p2/qP3N2/6PP/3R3K b - - 0 26,a3b3 d1d7 c7b6 e6b3,1773,92,70,28,crushing interference intermezzo middlegame short,https://lichess.org/6Ir8tSXp/black#52,
IbBur,6k1/p3N2r/2p4p/2bq3Q/4p3/2Pn2P1/PP4KP/5R2 b - - 5 35,c5e7 h5e8 g8g7 e8e7,1697,74,87,197,crushing endgame interference short,https://lichess.org/CFdrNYjX/black#70,
IbfRJ,4k3/p3p2Q/3p2p1/8/P3qnK1/1P4P1/7P/1R6 w - - 3 43,g3f4 e4g2 g4h4 g2h2,1899,75,96,11848,crushing endgame interference short,https://lichess.org/AXO5nbJ2#85,
IdRv0,r2k3r/p2p1ppp/b2q1n2/2p5/3n4/2PQB3/PP3PPP/R3KBNR w KQ - 1 14,d3a6 d4c2 e1e2 d6a6,1607,76,96,4021,crushing fork interference intermezzo middlegame short,https://lichess.org/DK4tKzin#27,Benoni_Defense Benoni_Defense_French_Benoni
IeY1V,2kr3r/Qpp2p1p/5n2/8/2P4p/3n1P2/PP3PqP/3R1K1R w - - 1 19,f1g2 d3f4 g2f1 d8d1,1730,77,97,2378,discoveredAttack interference mate mateIn2 middlegame short,https://lichess.org/XOFzDE2d#37,
Ieaxn,r2q1rk1/1b2bpp1/p1n1pn1p/1pp5/4N3/P1NPBP2/BPP1Q1PP/R4RK1 w - - 6 16,e4c5 c6d4 e2f2 e7c5,1782,77,86,69,advantage interference intermezzo middlegame short,https://lichess.org/PLWjZA74#31,Sicilian_Defense Sicilian_Defense_Other_variations
IfFCS,r1b1k2r/p2qppb1/1ppp2pp/8/2PP2nN/2NBP1P1/PPQ2PP1/1K3R1R b kq - 1 14,c8b7 h4g6 f7g6 d3g6 e8d8 g6f5 d7e8 f5g4,1814,75,87,907,advantage interference middlegame veryLong,https://lichess.org/dNsnb9WY/black#28,Queens_Pawn_Game Queens_Pawn_Game_Other_variations
IfVcW,r6q/ppp1bpk1/3p1Nn1/5QR1/2B1P3/3P4/PPP2KP1/5R1r b - - 2 22,e7f6 g5g6 f7g6 f5d7 g7h6 f1h1,1797,74,60,150,crushing interference long middlegame sacrifice,https://lichess.org/h5roRhTs/black#44,
Igcmi,Qn3k1r/5ppp/pqn5/2bpB3/8/P2B1P2/4KPPP/R3R3 w - - 4 18,e5b8 b6b2 e2d1 b2a1 d1d2 a1b2,1773,77,87,230,advantage interference long middlegame,https://lichess.org/XkjPH3VI#35,Tarrasch_Defense Tarrasch_Defense_Two_Knights_Variation
Ihn9v,2r2rk1/p4p1p/1p2p1p1/6P1/3PBn1q/1P3P2/PB1Q3P/6RK b - - 0 27,f8d8 g1g4 h4h3 d2f4,1777,76,91,1583,advantage interference middlegame short,https://lichess.org/NQgRvtJe/black#54,
IiAei,1r1q1r1k/p1pb2pB/2n1pp2/3nP3/3P4/P4N2/2Q2PPP/R1B2RK1 w - - 1 20,f3h4 f6f5 h4g6 h8h7 g6f8 d8f8,1888,75,88,407,advantage interference long opening quietMove,https://lichess.org/wBxLQx5i#39,
IiXqa,6k1/3n1pp1/1P5p/p3p3/q2pP3/2rB1P1P/3Q2P1/1R4K1 b - - 0 30,g8f8 d3b5 a4a3 b5d7,1701,77,77,92,crushing endgame interference short,https://lichess.org/rhIKW2I2/black#60,
Iilz5,6k1/pp2q1p1/2p3p1/3nP3/3pNrP1/1P5P/P3Q1K1/R1B5 w - - 0 26,g2g3 e7e5 c1f4 e5f4 g3g2 d5e3 g2g1 f4e4,1772,75,94,1315,advantage interference middlegame veryLong,https://lichess.org/pPasGYfZ#51,
IjrF5,1r3r2/3bpk1p/p2p1npQ/6P1/3NP3/1Pq2P2/2P5/2KR3R w - - 0 23,g5f6 c3a1 c1d2 a1d4,1653,80,96,22173,crushing interference middlegame queensideAttack short,https://lichess.org/ef8pXoQk#45,
ImaO3,2r1r2k/pp3B1p/2n2p2/2P5/1P4Q1/P6P/5PPb/R3RKNq w - - 1 24,f7e8 h1g1 f1e2 c8e8 e2f3 e8e1 g4c8 h8g7,1691,75,94,2138,advantage defensiveMove deflection interference intermezzo middlegame veryLong,https://lichess.org/iPdDgDuj#47,
Imv2l,6r1/1b2kp2/p3p3/1p2N2P/3q4/3B3R/P1Q2P2/4R1K1 w - - 1 29,h3g3 g8g3 g1f1 b7g2 f1e2 d4e5,1658,76,83,100,advantage interference long middlegame pin,https://lichess.org/zi6Y9PXK#57,
Imv7b,8/8/8/5p2/8/PP2Nk2/2P2r1p/1K2R3 w - - 0 58,a3a4 f2e2 e1h1 f3e3,1790,75,84,843,crushing endgame interference short,https://lichess.org/NnsF6v9Y#115,
In3xK,Q1kr4/1pq2p2/P1p5/4p1Pp/P1P4P/3r1P2/2K5/5R2 b - - 1 33,c7b8 a6b7 c8c7 a8a5 c7d7 c2d3,1806,76,88,252,advancedPawn advantage endgame interference long queensideAttack,https://lichess.org/uGapQUBe/black#66,
IqaDV,r2q1rk1/bpp3p1/4b2p/pP1npp2/Pn6/2NP1NP1/3QPPBP/1RB2RK1 w - - 0 16,f3e5 d5c3 d2c3 a7d4 c3d2 d4e5,1681,79,82,49,advantage interference long middlegame,https://lichess.org/RZZ5GG9l#31,English_Opening English_Opening_Kings_English_Variation
Iqlp4,3r1bk1/2pq2pp/1p2bp2/r3p3/p3N2P/P1QPN1P1/1P2PPB1/2R3K1 b - - 0 26,a5b5 e4f6 g7f6 g2c6 d7d4 c6b5,1736,85,89,59,advantage clearance fork interference long middlegame sacrifice,https://lichess.org/T3sDyaj4/black#52,
Iqu5T,6rk/p7/8/4pQ1p/4p2q/4R2P/PP4r1/4R2K b - - 0 35,h4f4 f5h5 h8g7 h1g2 g7f8 g2h1,1769,78,93,3227,crushing defensiveMove endgame interference long,https://lichess.org/cbj2Ex7I/black#70,
IrDlW,6k1/5p2/2Q3pp/3P1q2/2p1Nb2/2P2N2/1r4PP/4R1K1 w - - 1 33,f3d4 f4e3 g1h1 f5e4,1723,76,91,817,crushing interference master middlegame short,https://lichess.org/ZhAEcx6H#65,
IrFSH,6k1/1p1b2qp/2p1p1p1/pn1pP1N1/3P3Q/1PP2P2/P1B4P/6K1 b - - 0 27,b5c3 g5h7 g7h7 h4d8 g8g7 d8d7,1880,75,89,89,advantage endgame interference kingsideAttack long sacrifice,https://lichess.org/XnAbWo4Y/black#54,
IsLr8,r1bq1rk1/pp3p2/2n1p1pp/2npP3/2p2P1N/2P1P1B1/PPQ3PP/RB2K2R w KQ - 4 16,h4g6 c5d3 e1d1 f7g6,1669,74,94,2500,advantage interference intermezzo middlegame short,https://lichess.org/zimjZjp0#31,Horwitz_Defense Horwitz_Defense_Other_variations
ItbEx,2br2k1/p4qp1/2p2p1p/4pP2/6QR/3B3P/r1P3P1/5R1K b - - 3 23,g8h8 d3c4 f7f8 c4a2,1622,76,93,145,crushing fork interference middlegame short,https://lichess.org/db1C70F3/black#46,
IuMos,2kr3r/Qpp1qppp/8/1B2n3/4PP2/2N5/PPP4P/2Kb3R b - - 0 19,e5c6 b5c6 b7c6 a7a8 c8d7 h1d1,1861,275,82,5,advantage interference long middlegame queensideAttack,https://lichess.org/ZztK9blF/black#38,
IvLAt,8/5p2/2k1p1p1/4P1Pp/p3q2P/P1Q5/5P1K/8 b - - 29 54,c6d5 c3a5 d5d4 a5a4,1613,76,96,2854,crushing endgame interference master queenEndgame short,https://lichess.org/tbJQOHjc/black#108,
IvMqa,rn1q1rk1/p1p2ppp/1p1bp3/8/3PbB2/1BP5/PP2N1PP/R2Q1RK1 b - - 3 12,d8h4 f4d6 c7d6 f1f4 h4h6 f4e4,1891,74,88,347,clearance crushing interference long opening,https://lichess.org/vRXfg72e/black#24,Owen_Defense Owen_Defense_Other_variations
Ivk1t,r4r1k/2p3pp/3p4/pp4q1/3P4/1QNb1P2/PP3RPP/R5K1 w - - 0 22,c3d5 d3c4 b3e3 g5d5,1800,82,93,602,advantage interference middlegame short,https://lichess.org/wNK0kqYJ#43,
IwMF6,r2q3r/1p2kp1p/p3B2Q/4bp2/PP2p3/6R1/2P2PPP/5RK1 b - - 0 24,f7e6 g3g7 e5g7 h6g7 e7e8 g7h8 e8f7 h8h7,1764,74,94,9942,advantage interference middlegame sacrifice veryLong,https://lichess.org/FCFStMPY/black#48,
IxShO,r5k1/p1qb1ppp/3b4/1p2n2Q/2p5/2P1B3/P3NPPP/R4RK1 w - - 0 19,e3f4 d7g4 h5h4 g4e2,1770,107,20,18,advantage interference middlegame short,https://lichess.org/3E1TXBEm#37,Queens_Gambit_Declined Queens_Gambit_Declined_Marshall_Defense
Ixode,r2q1rk1/1p3pp1/p2p3p/3Ppn2/PP2N3/3PPR1P/6P1/R3Q1K1 b - - 0 20,f5h4 e4f6 g7f6 e1h4,1734,73,95,18170,crushing interference middlegame short,https://lichess.org/xxsZRbYb/black#40,
IxyHn,1k1r3r/1p1n1p1p/p7/4p3/4P2Q/nPq1N3/P1PR1PPP/2KR4 w - - 4 27,d2d7 c3a1 c1d2 d8d7 d2e2 d7d1,1622,77,94,8497,crushing interference intermezzo long middlegame queensideAttack,https://lichess.org/v3NsqpG8#53,
Iycee,5r1k/5r1p/2p1Q3/ppp1pP2/P2q4/1P1P1P2/2P3PK/R6R w - - 3 30,a1e1 d4h4 h2g1 h4e1,1628,77,88,69,crushing endgame interference short,https://lichess.org/suUiSgKG#59,
Iyec7,rnb1k2r/pp3ppp/1q2pn2/1Nb5/4P3/2N5/PPP2PPP/R1BQKB1R w KQkq - 2 8,c3a4 c5f2 e1e2 b6b5,1639,77,95,4661,advantage attackingF2F7 interference opening short,https://lichess.org/n8v6O9VH#15,Zukertort_Opening Zukertort_Opening_Other_variations
Iz2Eh,r1bkr3/ppp2QN1/7p/3pq3/1P6/3B4/P1P2bPP/2BK3R w - - 0 18,g7e8 c8g4 d1d2 f2e3 d2e1 e3c1,1875,76,83,79,advantage deflection discoveredAttack discoveredCheck interference long middlegame skewer,https://lichess.org/bLwxJbHc#35,Scotch_Game Scotch_Game_Classical_Variation
Iznm3,rn2k2r/ppp2ppp/4b3/6q1/2pP4/2N5/PP2BPPP/R2QK2R b KQkq - 1 10,g5g2 e2f3 g2h3 f3b7,1636,75,87,229,advantage interference middlegame short,https://lichess.org/JsTHb1Aa/black#20,Queens_Gambit_Declined Queens_Gambit_Declined_Other_variations
Izuch,R5R1/p2r2k1/1pr3p1/6B1/3b3P/2p3PK/P7/8 b - - 1 38,g7f7 a8f8 f7e6 g8g6 e6d5 f8f5 d5e4 f5f4,1690,74,86,755,crushing deflection endgame interference master veryLong,https://lichess.org/95M82drP/black#76,
J08ZS,1q1r4/r2k1p1Q/pp6/2p5/2B2b2/7P/PPP3P1/4R1K1 b - - 0 26,d7c8 h7f5 a7d7 c4a6 c8c7 f5f4,1633,74,96,1749,advantage deflection exposedKing interference long middlegame queensideAttack,https://lichess.org/h7jLkQd7/black#52,
J3Of9,4k3/p5b1/r3P3/1p3pB1/5P2/6P1/2PK4/4R3 w - - 0 33,d2d3 a6d6 d3e3 d6e6,1898,80,81,56,crushing endgame interference master short,https://lichess.org/RnR5k3j8#65,
J3dhv,r2qk3/ppp2p2/3bbprp/8/3Q3B/4P3/PPP2PPP/R3KB1R w KQq - 1 13,e1c1 g6g4 f2f4 g4h4,1667,75,94,1287,advantage interference middlegame short,https://lichess.org/Iae01muZ#25,Englund_Gambit Englund_Gambit_Hartlaub-Charlick_Gambit
J3rGk,2r1br2/4kpRp/2q2p2/p1p1pP1B/P1QpP3/1P6/2PK2PP/8 b - - 0 27,c6e4 c4e6 e7d8 e6d6 e8d7 d6f8 d8c7 f8c5,1837,76,95,8758,advantage fork interference middlegame pin veryLong,https://lichess.org/ae6BLWou/black#54,
J4hGK,2Rr1rk1/3P4/5N1p/pp6/8/4K3/PP5P/8 b - - 3 38,g8g7 f6e8 g7f7 c8d8,1690,80,93,44,advantage endgame interference short,https://lichess.org/UC2qhmaJ/black#76,
J4nqj,2r2rk1/p1q2pp1/1p2p2p/2P5/3PnN2/3Q2P1/P4PKP/1RR5 b - - 3 24,c7b7 c5c6 c8c6 d3e4 c6c1 e4b7,1738,76,92,1799,advantage interference long middlegame,https://lichess.org/zLHhPO8Z/black#48,
J5kfl,8/pp2qrbk/1n5p/3p1Rp1/3Pp1P1/1BP1B2Q/PP5P/6K1 w - - 0 28,f5g5 f7f3 h3h5 f3e3,1626,76,94,5177,crushing interference middlegame short,https://lichess.org/VNrVFr0e#55,
J8T8S,r5k1/p5p1/2R4p/8/3P4/4b1PP/PB3rPK/R7 w - - 3 27,a1b1 a8b8 c6c3 e3d4 c3c8 b8c8,1656,76,94,7268,advantage endgame interference long,https://lichess.org/kWip9hUZ#53,
J9TtY,4r3/8/3B2Q1/pp6/k1p5/1n4PP/1P3PK1/4r3 w - - 7 38,h3h4 e8e6 g6f5 e6d6,1639,75,92,8554,crushing endgame interference short,https://lichess.org/KfsoQml0#75,
J9zF3,3q1rk1/Rpr4p/3p4/2p1p3/4Qp2/1PPP3P/1P3PP1/5RK1 w - - 2 22,a7b7 d6d5 e4e5 c7b7,1809,76,95,536,advantage endgame interference intermezzo short,https://lichess.org/K5ejK868#43,
JAsL0,rnb1k1nr/ppp2ppp/3b4/8/8/1N1B4/PPP1QPqP/RNB1K2R b KQkq - 1 8,c8e6 d3e4 g2h3 e4b7,1614,75,96,4292,advantage interference opening short,https://lichess.org/SRcO06H2/black#16,Elephant_Gambit Elephant_Gambit_Paulsen_Countergambit
JDDdr,7k/pp1q1R1p/7r/7Q/2NpP3/3P2b1/PP4P1/7K w - - 1 27,h5h6 d7f7 c4d2 g3f4 h6h4 f4d2 h4d8 h8g7,1895,77,92,527,advantage defensiveMove endgame hangingPiece interference veryLong,https://lichess.org/JgiFQUxO#53,
JDdyG,r3kbr1/pp3p1p/2b2Q2/q1p5/8/2PP3P/P1PK1PP1/R5NR b q - 1 14,g8g2 a1e1 e8d7 f6f7 d7c8 f7f8,1784,74,96,20358,advantage interference long middlegame,https://lichess.org/eV7kd4uF/black#28,Sicilian_Defense Sicilian_Defense_Bowdler_Attack
JEB0s,4rrk1/p1q3p1/2pb2QB/5p2/2pP4/P4N2/1P3PP1/R6K b - - 0 24,c7d7 f3g5 f8f6 g6h7 g8f8 h7h8 f8e7 h8g7 e7d8 g7f6,1620,75,87,286,advantage deflection interference kingsideAttack middlegame pin quietMove veryLong,https://lichess.org/yLvZxUHp/black#48,
JEC3R,5r1k/pppqb1pp/3p4/5r1n/3P1pR1/1B1P3P/PP1NQP2/R3K3 b Q - 0 17,e7f6 b3e6 d7a4 e6f5,1629,75,88,522,advantage fork interference middlegame short,https://lichess.org/PBoOLYVx/black#34,Italian_Game Italian_Game_Two_Knights_Defense
JEFqU,8/1k1Rbp2/1P2p1p1/K6p/1r3P1P/5P2/8/8 b - - 1 44,b7c6 d7c7 c6d6 a5b4,1617,78,74,60,advantage endgame fork interference short,https://lichess.org/IXOrhUBH/black#88,
JFJEv,r4rk1/1p3pp1/p3p2p/3pNbq1/P1PPn3/3B4/1P3PPP/R2Q1R1K b - - 2 17,e4d2 f2f4 g5e7 d1d2,1689,74,94,2138,advantage interference middlegame short,https://lichess.org/kmayP8Zw/black#34,Queens_Pawn_Game Queens_Pawn_Game_Accelerated_London_System
JFmcL,5qk1/pp2pNbp/2np4/3Q1b2/8/P7/R1P3PP/2B3K1 w - - 7 23,f7d6 e7e6 d5d1 g7d4 g1h1 f8d6,1697,75,82,771,advantage defensiveMove interference long middlegame,https://lichess.org/1BaJjuKC#45,
JGnfV,r6r/1ppk4/p6p/2nP1qp1/1P1Qp1n1/2N5/P1P2PPb/R1B2R1K b - - 1 21,h2g3 d4g7 d7e8 g7h8 e8f7 h8a8,1876,76,72,272,advantage interference long middlegame skewer,https://lichess.org/3CoxuELf/black#42,
JHXhh,8/8/4K3/1R4P1/1p2k3/6r1/8/8 b - - 2 46,b4b3 b5b4 e4e3 b4b3 e3f4 b3g3,1779,75,100,99,crushing endgame interference long rookEndgame,https://lichess.org/ztPjOeJq/black#92,
JHd4F,3r2k1/1b3ppp/pq2p3/1p6/1b2PB2/1B4Q1/P4PPP/5RK1 b - - 0 25,b7e4 f4c7 b6c6 c7d8,1859,75,86,452,advantage fork interference middlegame short,https://lichess.org/hbXpjTZX/black#50,
JHdpy,1kqrr3/p1p2ppp/QbP2n2/8/5B2/P1N5/1P3PPP/R4RK1 w - - 1 21,a6a4 d8d4 a4b5 d4f4,1636,74,88,1752,advantage interference middlegame short,https://lichess.org/wUmOG61N#41,
JIZsz,1r3k2/2q2p2/5P1p/p5p1/2pPQ3/2P3RP/6PK/8 b - - 0 38,a5a4 e4h7 f8e8 h7g8 e8d7 g8f7,1743,76,85,101,crushing deflection endgame interference long,https://lichess.org/NPBfwVgJ/black#76,
JJsGk,5bk1/1pq1r1p1/5p1P/3P1B2/p2pp2P/P2P4/1rPQK3/2R3R1 w - - 0 30,f5e6 e7e6 d5e6 c7h2 e2d1 h2g1,1622,76,95,1630,advantage interference long middlegame sacrifice,https://lichess.org/CXyh5yZp#59,
JL99Q,5rk1/6pb/p2P3p/1pq1bp1P/4p3/1Q6/PP3PP1/3RR1K1 b - - 0 33,g8h8 d1d5 c5c6 d5e5,1895,74,85,694,advantage interference middlegame short,https://lichess.org/y5V3IqnU/black#66,
JMLfX,2kr2r1/pppq1p1p/3p4/4P1p1/3Q1n2/8/P4PPP/B2RR1K1 b - - 0 20,d6e5 d4a7 d7d1 a7a8 c8d7 e1d1,1811,76,89,95,advantage interference intermezzo long middlegame queensideAttack sacrifice,https://lichess.org/njWDZCyu/black#40,
JNHIv,r3k2r/5p1p/p2ppqpn/1pp5/3NP3/1P1P4/PPQ2PPP/R3K2R b KQkq - 0 16,c5d4 c2c6 e8e7 c6b7 e7f8 b7a8,1633,75,86,305,advantage fork interference long middlegame,https://lichess.org/mKKVYNuk/black#32,Sicilian_Defense Sicilian_Defense_Closed
JNMxC,r2q1rk1/1p1n1p1p/p2p4/2pBpPb1/P7/5Q2/1PP2PP1/1K1R3R b - - 0 19,a8b8 f3h5 d7f6 h5g5,1600,77,93,451,crushing interference kingsideAttack master masterVsMaster middlegame short,https://lichess.org/61f6JgdP/black#38,Benoni_Defense Benoni_Defense_Semi-Benoni
JNk1I,5r1k/pp1R4/6r1/7p/1Pn4q/P1Q5/2P2PP1/5RK1 b - - 6 29,h8g8 d7d4 h4g5 c3c4,1736,75,87,354,advantage interference master middlegame short,https://lichess.org/UBUtZhWx/black#58,
JO3DX,3rr2k/pppq1p2/6pP/4n3/7Q/2P1P1N1/PP2KP2/R6R w - - 5 26,a1d1 d7b5 c3c4 b5b2 e2f1 d8d1,1761,75,95,2417,advantage deflection interference long middlegame,https://lichess.org/yH7205YP#51,
JOazH,6k1/pr2qpb1/Qpp2r2/3p1Pp1/3P4/4P1R1/PP3P2/1B4RK w - - 0 29,g3g5 f6h6 h1g2 e7g5 g2f1 g5e7,1761,75,84,329,crushing discoveredAttack exposedKing interference long middlegame,https://lichess.org/WjwkgW66#57,
JOdjg,8/8/8/5K2/1R5P/5k2/1p4r1/8 b - - 0 51,g2h2 b4b3 f3f2 b3b2 f2g3 b2h2,1670,75,98,915,crushing endgame interference long rookEndgame,https://lichess.org/xoRjcvNR/black#102,
JOvDN,r3k3/p2bpp2/2pp2nQ/8/4P3/1Bq5/P1P1K1PP/R6R w q - 2 20,h6e3 d7g4 e2f2 c3f6 f2g1 f6a1,1671,77,78,52,crushing exposedKing interference long middlegame,https://lichess.org/reRAznHS#39,
JOwGc,r1b2rk1/pp4qR/2p3B1/4p1Q1/5P2/8/PP4PP/2n4K b - - 1 29,g7f6 g6f7 g8h7 g5f6 f8f7 f6f7,1815,75,90,148,crushing discoveredCheck doubleCheck interference long middlegame,https://lichess.org/TGNkJiGR/black#58,
JPN3P,1r3rk1/4ppb1/p4npp/4n3/1p5Q/4B2N/PPq1BPPP/3RR1K1 b - - 1 20,c2b2 e3d4 b2a2 d4e5,1706,75,95,3333,advantage interference master masterVsMaster middlegame short,https://lichess.org/SI29MW0i/black#40,
JR8Tl,r1b2rk1/ppp2ppp/3p1b2/3P4/2Pq2B1/1QN3P1/PP3P1P/R1B1R1K1 b - - 0 17,c8g4 e1e4 d4d3 e4g4,1659,76,82,132,advantage interference middlegame short,https://lichess.org/jKikaNdS/black#34,Russian_Game Russian_Game_Other_variations
JSjM8,r3kr2/1p2p2R/pq1p2Q1/2pP4/4P3/1PN5/P7/n3KN2 b - - 0 26,e8d7 g6e6 d7c7 e6e7 c7b8 e7f8,1829,73,95,15642,crushing deflection interference long middlegame,https://lichess.org/uIiDuyji/black#52,
JSxui,2r3k1/6p1/1p3p1p/p4q2/3P1P2/8/PBr1RQ1P/5R1K w - - 4 30,f2e3 c2e2 e3e2 c8c2 e2f3 c2b2,1725,75,75,154,advantage clearance interference long middlegame,https://lichess.org/svIOACwu#59,
JT2mt,4q1r1/p2R4/2p1p2k/2b1Pp1p/5Pr1/2P1P2R/PP4PP/3Q3K b - - 2 30,g4g2 h3h5 e8h5 d7h7 h6h7 d1h5 h7g7 h1g2,1844,74,93,3097,advantage attraction deflection interference middlegame sacrifice veryLong,https://lichess.org/BwoOUgiY/black#60,
JTLzv,r3b1qk/pp2b3/2n1p1B1/3pP1rP/1P1P4/P3P2Q/3N4/2R2R1K b - - 0 25,e8g6 h5g6 h8g7 f1f7 g7g6 h3e6,1684,77,94,455,crushing discoveredAttack discoveredCheck exposedKing interference kingsideAttack long middlegame,https://lichess.org/gEPgv7lx/black#50,
JTXTN,6k1/1b6/1p1r1p2/1p2p3/p3P3/P2PQPq1/1P2K1Pp/3R3R w - - 2 39,e3h6 g3g2 e2e1 g2h1 e1f2 h1d1 h6g6 g8f8,1714,76,91,209,crushing endgame interference skewer veryLong,https://lichess.org/I0kPVGIl#77,
JUAQG,5k2/p2q3p/1p4p1/3pQ3/8/2P5/PP4PP/6K1 b - - 1 28,a7a5 e5h8 f8e7 h8h7,1778,78,88,322,crushing endgame interference queenEndgame short,https://lichess.org/G9S3uEd6/black#56,
JUmaY,1r1q3r/1p3pp1/2pp2k1/p7/1PPP2R1/P3P1PQ/7K/2R5 b - - 5 28,g6f6 c1f1 f6e7 g4e4 e7f8 h3h8,1749,79,75,58,endgame exposedKing interference long mate mateIn3,https://lichess.org/Az2pzjI1/black#56,
JUuW9,r2qkbnr/ppp2pp1/4p2p/3pP3/3n4/2NB1P1P/PPP2P2/R1BQK1R1 b Qkq - 1 9,d8h4 g1g4 h4h3 g4d4,1672,75,87,555,advantage interference opening short,https://lichess.org/IcHFimtC/black#18,Nimzowitsch_Defense Nimzowitsch_Defense_Scandinavian_Variation
JXCgX,2r3k1/pp4pp/4q3/3p4/3P2P1/1P1Q2K1/PB3rP1/7R b - - 1 23,c8f8 d3h7 g8f7 g3f2,1657,74,90,491,advantage endgame interference short,https://lichess.org/uRJ6v79J/black#46,
JXeGb,3r2rk/5p1p/R3pR2/1p2b2N/7q/1P1p3P/P2P2B1/3Q3K w - - 1 33,f6f7 g8g2 h1g2 d8g8 g2f3 h4h5,1851,78,81,82,attraction crushing exposedKing interference long middlegame sacrifice,https://lichess.org/FQFpJYFm#65,
JXwqG,3Q4/p4p1p/5kp1/3p4/8/2P5/PP3qPP/7K b - - 2 32,f6e5 d8e7 e5f4 e7f7,1857,75,92,1008,crushing endgame interference queenEndgame short,https://lichess.org/PkxiFDNr/black#64,
JYnni,4r2k/3q3p/p5pP/1p2B1Q1/8/P7/1P4PK/1B3r2 b - - 0 37,e8e5 g5e5 h8g8 b1a2 g8f8 e5h8 f8e7 h8h7,1828,83,88,39,crushing endgame hangingPiece interference veryLong,https://lichess.org/PT25uoSM/black#74,
JbMlP,1k2r3/p1R5/1p6/4K3/8/P1R4P/8/5r2 w - - 8 50,e5d4 f1d1 d4c4 b8c7,1775,75,86,70,crushing endgame interference rookEndgame short,https://lichess.org/q9UnvSqq#99,
JcPPS,4k3/1p2r2p/p1p2p2/5Qp1/8/P2p1P1R/1Pq2PKP/8 b - - 1 35,c2c4 f5c8 e8f7 h3h7 f7g6 h7e7,1698,77,95,14825,crushing deflection endgame exposedKing interference long skewer,https://lichess.org/AZBFdoYm/black#70,
JdeLI,3rr1k1/pp3p2/4b2p/2p3p1/3RQ1P1/2P1N1qP/PP1KP3/6NR w - - 0 24,d4d8 e8d8 d2c2 g3e1 g1f3 e1h1,1822,77,92,1358,advantage interference long middlegame,https://lichess.org/thuCCPHF#47,
Jfhsl,r6r/pppk2Q1/1b1pq2p/nP1nP3/5B2/P2P4/2P2PPP/R4RK1 b - - 0 18,e6e7 e5e6 d7e8 g7h8 e7f8 h8f8,1627,75,92,3649,advantage interference long middlegame pin,https://lichess.org/ddijOpvM/black#36,Vienna_Game Vienna_Game_Stanley_Variation
Jg63o,r1bq2rk/pp2pp2/2n5/3p2n1/3P3B/2PB3P/PP3P1K/R2Q1R2 b - - 1 21,d8d7 d1h5 h8g7 h5g5 g7f8 g5h6,1668,78,93,1366,advantage exposedKing interference kingsideAttack long middlegame,https://lichess.org/yaQkUa7j/black#42,
JgO16,r5k1/pp2r1pp/2qnp3/2p4R/6P1/1QP1R1B1/PP3P1P/6K1 w - - 6 24,e3e6 c5c4 b3c2 e7e6,1669,77,80,1076,crushing interference intermezzo middlegame short,https://lichess.org/IhyhcdtO#47,
JgcSZ,4r1k1/5p1p/pq1B2p1/1p1b4/5Q2/2P4P/P1P2RP1/6K1 b - - 1 25,e8d8 d6c7 b6c6 c7d8,1889,80,74,41,crushing endgame fork interference short,https://lichess.org/57jWTNtF/black#50,
JgvK9,2k4r/ppp1n1pp/4p1q1/1PPr4/8/5Q1P/P4PP1/R1B2RK1 w - - 0 20,c1a3 d5d3 f3f4 d3a3,1743,75,96,20456,advantage interference middlegame short,https://lichess.org/TCflGl8T#39,
JhDt8,k7/2Q3p1/1p4b1/pP1pN3/P2P4/5p1q/5K1B/8 w - - 5 32,e5c6 h3g2 f2e3 g2e2 e3f4 e2h2,1851,75,97,1598,crushing endgame exposedKing interference long,https://lichess.org/lXFfew3G#63,
Ji6K6,2r2rk1/1bq1bppp/p1np4/3Qp3/1pN1P2P/4BP2/PPP3P1/1K1R1B1R w - - 2 16,c4b6 c6d4 d5c4 c7b6,1654,75,90,810,advantage interference middlegame short,https://lichess.org/rFqdaIMK#31,Sicilian_Defense Sicilian_Defense_Kalashnikov_Variation
JiTPL,7k/p4qp1/2pp1n1p/5B2/1rP1pP2/2NnP1QP/P2P2R1/6K1 b - - 8 30,b4c4 f5e6 f7e7 e6c4,1696,75,84,350,crushing interference middlegame short,https://lichess.org/fCWh4R1N/black#60,
Jikd8,1k3n1r/2p5/2P1pp1p/QPq4P/P6N/6K1/6P1/7R w - - 0 35,h4f3 h8g8 g3h2 c5h5 h2g1 h5f3,1618,78,95,25230,advantage endgame exposedKing interference long pin,https://lichess.org/BeyvS0pM#69,
Jjbbn,3r2k1/2r1q1p1/5pP1/4p2Q/4P3/1P1nB2P/2p3P1/R5K1 b - - 0 36,e7b4 h5h7 g8f8 h7h8 f8e7 h8g7 e7e8 g7c7,1709,78,92,9265,crushing deflection interference middlegame skewer veryLong,https://lichess.org/xCwhWkau/black#72,
Jnbbj,r5k1/1bq5/p2R2P1/2p2p2/NpP1r1Pp/1P5P/P2Q4/R5K1 w - - 0 31,g4f5 e4d4 d2h6 d4d6 h6h7 c7h7,1783,77,74,71,advantage interference long middlegame,https://lichess.org/JdxYx4Z6#61,
JnzgV,6k1/2pB1p1p/pp1p2p1/3P4/2PQ4/8/P1q1rPPP/3R2K1 w - - 1 29,d7g4 e2e4 d4a1 e4g4,1812,73,94,16386,advantage endgame interference short,https://lichess.org/2eBoO1RD#57,
JoQWe,2r3k1/p1qn1p1p/1p2pbB1/3b4/1P4Q1/4P3/P4PPP/2RR2K1 b - - 0 25,c7c1 g6c2 g8f8 d1c1,1694,74,96,8050,advantage discoveredAttack discoveredCheck interference intermezzo master middlegame short,https://lichess.org/cQBT4jbZ/black#50,
JoSOL,4BB2/6p1/8/1P1k3P/3bp1b1/6K1/8/8 b - - 2 53,g4e2 e8f7 d5e5 f8g7,1716,87,100,56,bishopEndgame crushing endgame interference master short,https://lichess.org/4Vn4uW0D/black#106,
Jobpz,r1bq1rk1/p2p1pbp/1p3np1/3N2B1/2PpPp2/3P4/PP1Q2PP/2KR1B1R w - - 0 12,d2f4 f6d5 c4d5 f7f6 g5h6 g6g5 f4g3 g7h6,1888,74,94,7157,crushing interference middlegame veryLong,https://lichess.org/UN87Xpcr#23,English_Opening English_Opening_Symmetrical_Variation
Joy99,2r5/1q2rpk1/p3p1p1/4P1QN/1P6/2P5/P3p1RP/7K b - - 3 43,g7f8 g5h6 f8e8 h5f6 e8d8 h6f8 d8c7 f8e7,1755,75,76,114,advantage deflection endgame interference veryLong,https://lichess.org/vI0mGcqh/black#86,
JpWvI,8/4K3/1R6/4k2P/1p3r2/8/8/8 b - - 7 54,f4h4 b6b5 e5f4 b5b4 f4g5 b4h4 g5h4 h5h6,1661,85,63,75,crushing endgame interference rookEndgame veryLong,https://lichess.org/0ZKcBzaG/black#108,
JpfJQ,5knQ/ppq2pp1/6b1/3r4/8/P7/1PP1R2P/2K2R2 b - - 4 29,g6d3 e2e8 f8e8 h8g8 e8d7 f1f7,1778,77,92,687,attraction crushing deflection interference long master middlegame sacrifice,https://lichess.org/72w2ZqTV/black#58,
JpfrY,1k1r4/1ppr1q2/p2b1pNp/8/1P6/P2Q2PP/2PR1P2/3R2K1 w - - 7 29,d3e4 f6f5 e4f3 f7g6,1760,75,93,2736,crushing interference middlegame short,https://lichess.org/Y3r3G82H#57,
Jq544,1r3r2/pbp2pk1/1p2p1p1/4P2q/2Q3R1/P1N5/1PP2RP1/6K1 b - - 3 26,f8h8 f2f7 g7f7 c4c7 f7g8 c7b8,1736,75,95,3865,advantage attraction interference long middlegame sacrifice,https://lichess.org/NuW0qY4m/black#52,
Jq717,1r6/3Q4/1kp5/P2p4/3P4/K1P1n3/8/1q6 b - - 0 43,b6a5 d7a7 a5b5 a7b8 b5c4 b8b1,1619,76,84,83,crushing endgame interference long skewer,https://lichess.org/Oz3cvNNH/black#86,
JrDMN,r4rk1/pp1n1pp1/1q2p2p/2PpP3/5P2/P1B1nN1Q/1PP3PP/3R1RK1 b - - 0 17,b6c5 c3d4 c5c2 d4e3,1676,76,83,173,crushing interference middlegame short,https://lichess.org/gplb09Tu/black#34,Caro-Kann_Defense Caro-Kann_Defense_Advance_Variation
JrG6q,k2r1b1r/1p4pp/pq3p2/P1p5/2P5/3n4/1PN1R1PP/R1B2QK1 b - - 0 24,b6c6 e2d2 f8d6 d2d3,1783,80,86,53,advantage interference middlegame short,https://lichess.org/DlGW7vHB/black#48,
Jrh7a,1r3r2/2p2p2/p3k2Q/3p4/8/2P5/1P1R1PPP/qBK5 b - - 0 29,e6d7 d2d5 d7c8 h6f8,1630,78,94,5441,crushing endgame interference short,https://lichess.org/Dik1dzhp/black#58,
JsAeo,1r4k1/2p1bppb/r2p3p/1qpNpP2/2NnP1P1/1P1PQ2P/1KP2B2/R6R w - - 2 27,d5c7 b5b3 c2b3 b8b3 b2c1 a6a1,1649,75,94,4398,crushing deflection interference long middlegame sacrifice,https://lichess.org/3JEcAKOe#53,
JsQpo,r3r1k1/2q1bppp/p5b1/3p4/1n1B1R1P/1N4Q1/1PP3P1/3BR2K w - - 0 23,f4f7 c7g3 f7g7 g8f8 e1f1 e7f6 f1f6 f8g7,1683,79,90,923,advantage interference master middlegame veryLong,https://lichess.org/LteWVTh0#45,
Jt1HG,1r4rk/5Q1p/4N3/7P/p7/2P4q/PP2RP2/5K2 w - - 7 35,f1e1 g8g1 e1d2 b8b2,1766,86,90,2034,endgame interference mate mateIn2 short,https://lichess.org/AnPPV1nE#69,
JuWt4,8/p1p3Q1/1p2p3/4P1k1/1Pq4p/P6P/6P1/6K1 b - - 4 38,g5f5 g7f6 f5e4 f6h4 e4d5 h4c4,1653,74,95,9583,advantage endgame interference long queenEndgame,https://lichess.org/a0pfGXJf/black#76,
JwF6Q,rnbk1b2/pp4p1/4p3/2ppq3/6B1/1PN5/P1PPNP1r/R2Q1RK1 b - - 1 14,f8d6 f2f4 e5f6 g1h2,1648,80,83,73,advantage interference middlegame short,https://lichess.org/HkzCV7OH/black#28,Duras_Gambit Duras_Gambit_Other_variations
JwY5v,rnbq2nr/pp1pb1kp/4p3/7Q/3pP3/8/PPPB1PPP/RN2KB1R b KQ - 5 8,g8f6 d2h6 g7g8 h5g5 g8f7 g5g7 f7e8 g7h8,1677,77,93,1166,advantage interference opening veryLong,https://lichess.org/DWERGS96/black#16,Sicilian_Defense Sicilian_Defense_Other_variations
JxJoa,6k1/5p2/1p4p1/p7/P3PR2/1P3RPK/8/3q4 w - - 11 49,f4f7 d1h1 h3g4 h1h5 g4f4 g8f7,1714,75,91,335,crushing endgame interference long master queenRookEndgame,https://lichess.org/OY2wU9hH#97,
JxcMv,1n1k3r/3p1ppp/1Q6/4P2n/1p4q1/3B1b2/5PPP/2B2RK1 b - - 0 19,d8e7 b6d6 e7e8 d6b8 e8e7 b8d6,1887,75,89,74,crushing interference long middlegame,https://lichess.org/bqtUYrky/black#38,Danish_Gambit Danish_Gambit_Other_variations
JzLXG,1k2r3/1rpq3p/p4p2/1p2p3/4Q3/1PRP4/PP3PPP/3R2K1 w - - 9 28,c3c6 f6f5 e4f3 e5e4 d3e4 d7c6,1730,75,80,269,advantage endgame interference long,https://lichess.org/vJj16RwH#55,
JzxzP,5bk1/pr5p/4p1p1/6PP/8/2PB2B1/K1Q2P2/4q3 b - - 2 35,e1h1 d3e4 h1h5 e4b7,1691,77,95,11263,advantage endgame fork interference short,https://lichess.org/xedov5oA/black#70,
K09Ni,1r3kr1/2p3p1/2bp2QP/q4P2/1b2P3/Np6/1P6/2K1R2R b - - 0 33,b4a3 h6g7 f8e7 g6e6 e7d8 e6g8,1722,75,96,5051,advancedPawn crushing interference long middlegame,https://lichess.org/xSg6dIwh/black#66,
K0NrM,4rrk1/pp3ppp/2p3b1/3pPPB1/3b4/3B3P/PPP3P1/R3RK2 w - - 1 19,f5g6 f7g6 f1e2 e8e5,1895,79,86,1228,advantage discoveredAttack discoveredCheck interference master middlegame short,https://lichess.org/4DkQtB3H#37,Alekhine_Defense Alekhine_Defense_Samisch_Attack
K2795,2r3r1/5pk1/p3q1p1/3pN3/3Pn1R1/8/P5QP/6RK w - - 9 32,e5g6 e6g4 g2g4 e4f2 h1g2 f2g4,1732,75,85,756,advantage attraction fork interference long master middlegame sacrifice,https://lichess.org/lGsPHfca#63,
K2diL,8/8/8/3Nkpp1/7r/4K3/R6P/8 w - - 2 46,d5e7 h4h3 e3e2 h3h2,1827,76,94,838,crushing endgame interference master short,https://lichess.org/8ZE2A7m2#91,
K2oAW,3r1r1k/2q2ppn/p7/5N2/B1pnP2Q/8/PPP2RPP/R5K1 w - - 2 26,f5e7 g7g5 h4h3 c7e7,1817,76,92,983,advantage interference middlegame short,https://lichess.org/lKGqOAPw#51,
K3AsI,r1bqkbnr/pp2pppp/8/3P4/1n2N3/8/PP3PPP/R1BQKBNR b KQkq - 0 7,b4d5 f1b5 c8d7 d1d5,1678,75,49,214,advantage interference intermezzo opening short,https://lichess.org/QGjkODp0/black#14,Sicilian_Defense Sicilian_Defense_Alapin_Variation
K5XC1,8/1B3kp1/4p3/p1PpP1KP/b2Pp3/4P3/8/8 b - - 0 44,a4b5 c5c6 a5a4 c6c7 b5d7 b7c6 d7c8 c6a4,1871,76,93,538,advancedPawn bishopEndgame clearance crushing endgame interference master veryLong,https://lichess.org/cBQNoejV/black#88,
K61po,r4rk1/p3q2p/2p3p1/PpPp1p2/1P6/1Q1BPnP1/1B3PKP/5R2 b - - 6 26,f3d2 b3c3 d2f1 c3h8 g8f7 h8h7 f7e6 h7g6,1827,98,41,27,advantage deflection interference kingsideAttack middlegame sacrifice veryLong,https://lichess.org/JpfjOphk/black#52,
K62U6,2r3k1/1b2q1pp/p2p1r2/4p3/1Np1np2/P1P2B1P/1P3PP1/R2Q1RK1 b - - 3 20,f6g6 b4d5 e7e6 f3e4,1629,75,97,12773,advantage interference middlegame short,https://lichess.org/hZBsO4fb/black#40,
K6RX7,6r1/2pb1p1k/1np2p1p/p1q1pPr1/4P2R/2P4R/P1QNB1PP/7K b - - 11 25,g5g2 h4h6 h7g7 h1g2,1772,74,92,2411,crushing interference middlegame short,https://lichess.org/vxgtGaSu/black#50,
K8mJ9,2K5/5p2/1R3P2/4rk2/8/8/8/8 w - - 2 91,c8d8 e5e6 b6b2 f5f6,1817,75,94,684,crushing endgame interference rookEndgame short,https://lichess.org/ctJza7V8#181,
K99H2,2kr1bnr/ppp2ppp/2q5/8/1nb5/P1N1PN2/1P2QPPP/R1B1KB1R w KQ - 1 12,e2c4 b4c2 e1e2 c6c4,1693,76,96,6715,fork interference intermezzo mate mateIn2 opening short,https://lichess.org/APWduSUS#23,Queens_Gambit_Declined Queens_Gambit_Declined_Albin_Countergambit
K9xva,r5rk/1p3pb1/pQ5p/4p3/PPB1P3/5q1P/2P2P2/R3R1K1 w - - 3 21,g1f1 f3h1 f1e2 h1e4,1822,75,84,188,crushing interference middlegame short,https://lichess.org/b3r4Gi0s#41,
KA7u2,r2qr1k1/pb3pp1/1p1p1n1p/8/1bPPN3/3Q1N2/PPB2PPP/R3R1K1 b - - 0 16,b4e1 e4f6 d8f6 d3h7 g8f8 h7h8 f8e7 a1e1,1676,75,93,905,advantage clearance interference kingsideAttack middlegame veryLong,https://lichess.org/m48hGcsm/black#32,Nimzo-Indian_Defense Nimzo-Indian_Defense_Three_Knights_Variation
KDJWQ,2R5/5Qpk/p2p1n1p/1b1Pp3/8/5NqP/6P1/6K1 w - - 4 35,f7e6 b5d7 e6d6 d7c8,1716,76,94,2491,crushing endgame fork interference short,https://lichess.org/3gY7rxAR#69,
KEP1K,r1b3k1/p1p3p1/2p4p/4N2r/5p1q/3P1Q2/PPP2PP1/R1B1R1K1 w - - 4 18,g2g3 h4h2 g1f1 c8h3 f1e2 h5e5,1851,77,90,98,advantage interference kingsideAttack long middlegame,https://lichess.org/Szrg8X63#35,Four_Knights_Game Four_Knights_Game_Italian_Variation
KFdDX,4k3/2bq4/p1p5/1p1p2Q1/3P2P1/1P6/P4P1r/R5K1 b - - 3 46,h2h7 g5g8 e8e7 g8h7,1893,82,91,2780,crushing endgame interference short,https://lichess.org/omletZXl/black#92,
KGHkN,r4qk1/2p4p/1pn3p1/8/p1P3n1/2NB2P1/PPQ2P1P/4R1K1 w - - 2 22,d3g6 c6d4 g6h7 g8h8 e1e4 d4c2,1893,80,83,65,advantage defensiveMove interference long middlegame,https://lichess.org/5JzNykeZ#43,
KGhy6,1n2rrk1/p3n1pp/1p3p2/2pp1N2/5P2/2P5/PP4PP/R1B1R1K1 w - - 0 21,f5e7 g8f7 c1e3 e8e7,1653,75,88,139,advantage defensiveMove interference intermezzo middlegame short,https://lichess.org/9wACODmb#41,
KIFbQ,1k1r4/1p2p3/1Pp1Pp2/1PN2Prp/3p1Rb1/3B2b1/P7/5R1K b - - 0 36,c6b5 c5d7 b8a8 f4d4,1635,75,78,1828,crushing interference master middlegame short,https://lichess.org/0wnN6kYZ/black#72,
KKWu4,5rk1/p4pp1/1p3b1p/1P6/PqP1B3/R2Pp1Pb/2p1RP1P/2Q3K1 w - - 0 28,f2e3 f6b2 c1c2 b2a3,1752,74,88,543,advantage fork interference middlegame short,https://lichess.org/TnhWpNog#55,
KLw9p,rnb1kb1r/pp3ppp/5p2/q1P4Q/4p3/2N5/PPP2PPP/R3KBNR b KQkq - 2 7,f8c5 f1b5 c8d7 h5c5,1673,76,94,2695,advantage interference intermezzo opening short,https://lichess.org/MYhDL1gO/black#14,Richter-Veresov_Attack Richter-Veresov_Attack_Other_variations
KMJGC,6k1/1pq3pp/p1bpp3/4P3/5r2/P1PB3Q/2PK4/6R1 b - - 0 28,d6e5 h3h7 g8f8 h7h8 f8e7 g1g7 e7d6 g7c7,1891,77,93,265,crushing deflection endgame interference skewer veryLong,https://lichess.org/j6qaI92M/black#56,
KMTLg,1r3rk1/p3qppp/Q3p3/8/P7/2N1K3/1P4PP/3R3R w - - 5 22,d1d2 e7g5 e3e2 g5g2 e2e1 g2h1,1608,77,94,2262,advantage exposedKing fork interference long middlegame,https://lichess.org/4AYK0tCT#43,
KNdlN,8/p4p2/1pR1bk1p/8/1P2rN2/P5P1/5K2/8 b - - 8 47,e4c4 f4d5 f6e5 c6c4,1642,75,98,982,advantage endgame interference master pin short,https://lichess.org/X3ObWkJc/black#94,
KNw5m,2r3k1/7p/p3p1R1/P4p2/1p1P1P1q/4n2P/2r2PQ1/6RK b - - 0 29,g8f8 g6g8 f8e7 g2g7 e7d6 g7e5 d6c6 g8c8,1701,76,93,359,crushing exposedKing fork interference middlegame veryLong,https://lichess.org/1gtPOqgi/black#58,
KO5xe,r3r1k1/1pBnqpbp/2p3p1/p3p3/2Q1P3/5B2/PPP2PPP/3RR1K1 b - - 9 21,d7c5 c7d6 e7e6 c4c5,1737,75,94,4755,crushing interference middlegame short,https://lichess.org/XqSLySs1/black#42,
KOFwO,8/2p3p1/7p/4R3/5R1k/7P/PP1r2r1/2K5 b - - 10 37,h4h3 e5e3 h3h2 f4h4 h2g1 e3e1 g1f2 c1d2,1798,75,86,332,crushing endgame interference rookEndgame veryLong,https://lichess.org/vHL2z6Hr/black#74,
KP6p7,8/8/3k4/2p2K2/2Pp4/3P1R2/8/4r3 w - - 5 64,f5f6 e1e3 f3f2 e3d3,1723,75,88,212,advantage endgame interference rookEndgame short,https://lichess.org/zUZ7fSIa#127,
KPEw1,r4r2/1p2p1k1/2p2p2/p2qN1p1/3Pn1Q1/P3P2P/1P4P1/2R2RK1 w - - 0 26,e5d7 f6f5 g4e2 d5d7,1616,74,96,2362,advantage interference middlegame short,https://lichess.org/vffEH2AR#51,
KPNOm,r2q1rk1/ppp2ppp/2p5/2b2b2/3Nn3/4BN2/PPP2PPP/R2QR1K1 b - - 4 11,d8f6 d4f5 f6f5 e3c5 e4c5 e1e5 f5f6 e5c5,1608,75,84,113,advantage clearance discoveredAttack interference middlegame veryLong,https://lichess.org/aGxXozSb/black#22,Four_Knights_Game Four_Knights_Game_Spanish_Variation
KSJxC,r5r1/p2k1p1p/2pp2q1/4p3/2P2B1b/1Q3P2/PP2R1PP/R5K1 b - - 0 26,e5f4 b3b7 d7d8 b7a8 d8c7 a8a7,1721,75,89,167,crushing interference long middlegame,https://lichess.org/bw9cMbuD/black#52,
KTubU,8/7k/6p1/7p/p3q2P/6P1/1QK2P2/8 w - - 6 55,c2c1 e4e1 c1c2 e1f2,1601,75,99,916,crushing endgame interference master queenEndgame short,https://lichess.org/PLxwUDU9#109,
KUNIl,2q5/p2k1p1r/5Pp1/2p1Qb2/6p1/2Pp2P1/P4P1P/4R1K1 b - - 7 39,h7h8 e5d5 d7c7 d5c5 c7b8 e1b1,1710,298,86,5,advantage endgame exposedKing interference long,https://lichess.org/4tiTVHRK/black#78,
KUW5f,r3k2r/p4ppp/b1p1p3/3PN3/3q4/P7/3B1PPP/R2QK2R w KQkq - 0 17,e5c6 d4e4 d2e3 e4g2 e1d2 g2d5,1672,78,92,2177,advantage interference long middlegame,https://lichess.org/W0Nlekxm#33,Horwitz_Defense Horwitz_Defense_Other_variations
KVEvF,5r2/r1P5/1R5p/2P3pk/p2QP1P1/5b1q/5P2/R5K1 b - - 0 49,h5g4 d4d7 g4h4 b6h6 f3h5 h6h5,1886,116,38,14,crushing interference long middlegame,https://lichess.org/Y8gi2s3R/black#98,
KW8qa,6Q1/6b1/7k/p6p/1p6/3B2RP/P4q2/3K4 b - - 28 56,f2g3 g8h7 h6g5 h7g7,1800,76,95,7351,crushing deflection endgame interference short,https://lichess.org/dfddhcJX/black#112,
KWGdB,r1k2br1/pppq4/2p5/8/4P2Q/2N5/PPP2PPP/R1B3K1 w - - 1 19,c1f4 g8g4 h4h3 g4f4 h3d7 c8d7,1766,75,88,241,advantage interference long middlegame,https://lichess.org/jTDL2HIf#37,Ruy_Lopez Ruy_Lopez_Schliemann_Defense
KXOue,r3q2k/4n1rp/4p2b/pp1pnp1B/2pP1P2/P1P1K1B1/1P1N1R1P/R2Q4 w - - 0 27,d4e5 d5d4 c3d4 e7d5 e3e2 e8h5,1835,74,83,169,advantage interference long master middlegame,https://lichess.org/vOs7dxP1#53,
KXgOb,5rk1/2qnppbp/PpBp1np1/8/1p1P4/4P3/5PPP/R1BQK2R w KQ - 1 16,d1f3 d6d5 e1g1 c7c6,1782,79,93,2547,advantage interference master middlegame quietMove short,https://lichess.org/cBlaWTTo#31,Kings_Indian_Defense Kings_Indian_Defense_Semi-Classical_Variation
KYOAV,8/pp2k2r/2prp1np/5pp1/PR1P4/4NR1P/1P3PP1/5K2 b - - 6 30,e7f6 e3g4 f6g7 b4b7,1652,79,79,52,advantage endgame interference pin short,https://lichess.org/7xV3DEMu/black#60,
KZAsE,5r2/p4p1k/1p3p1p/nQ2p3/6RN/7P/P1qr1PP1/5RK1 b - - 2 33,a5c6 g4c4 c2d3 b5c6,1712,75,92,1977,advantage interference middlegame short,https://lichess.org/fBeVsMMU/black#66,
KZfT8,3rk2r/3p1ppp/p2Bp3/Pp1bP3/8/2P1K2q/2BQ3P/R5R1 w k - 3 25,g1g3 h3h6 e3e2 h6h2 e2d1 h2g3,1864,76,94,390,advantage exposedKing fork interference long middlegame,https://lichess.org/gn9PXaOx#49,
KaOp2,2rr2k1/1p2ppbp/p7/8/P3P3/1bP5/3BBPPP/2R1K2R w K - 3 18,a4a5 d8d2 e1d2 g7h6 d2e1 h6c1,1827,74,95,14356,attraction crushing interference long master masterVsMaster middlegame sacrifice skewer,https://lichess.org/wVaKV5NH#35,Slav_Defense Slav_Defense_Other_variations
Kbfa9,2r3k1/pp1b1ppp/8/P3n3/8/Q1rP4/4B1PP/R5K1 w - - 7 29,a3a2 c3c2 a2b1 c2e2,1790,74,93,1907,advantage interference middlegame short,https://lichess.org/ToiSqBGd#57,
Kbty5,r3r1kb/1p3p1p/p2p2pB/3Pp3/P6q/4Q2P/BPb2PP1/2R2RK1 b - - 1 21,c2a4 c1c4 h4d8 c4a4,1850,75,95,11022,advantage interference middlegame short,https://lichess.org/TLfmwr4B/black#42,
KcLvw,r4rk1/p1p2ppp/5n2/2b5/7Q/qRNRB3/P4PPP/6K1 b - - 4 22,a3a5 b3b5 a5a6 e3c5,1847,81,72,39,advantage interference middlegame short,https://lichess.org/2aXhDu7x/black#44,
KdhPq,6k1/5pp1/1rN4p/1q1pn3/3Pn3/4P3/1PQ2PPP/1KR5 w - - 0 26,d4e5 b6c6 c2c6 e4d2 b1c2 b5c6,1791,75,94,4705,advantage endgame interference intermezzo long sacrifice,https://lichess.org/S04aCrlc#51,
KeQlh,rnb2rk1/p2p1ppp/1p2P3/2p3q1/8/2N1P3/PP3PPP/R2QKB1R b KQ - 0 10,d7e6 d1f3 g5e7 f3a8 c8b7 a8a7,1749,75,95,534,advantage interference long middlegame trappedPiece,https://lichess.org/oAK24J0j/black#20,Indian_Defense Indian_Defense_Seirawan_Attack
Kgp9N,r2r2k1/1q2bpp1/3ppn1p/8/Np2P3/1P2Q1B1/P4PPP/2R1R1K1 b - - 1 20,d6d5 c1c7 b7b5 c7e7,1694,73,95,13027,advantage interference master middlegame short,https://lichess.org/f8Z6vVnR/black#40,
KhN8b,5r1k/2q3p1/p5Q1/1pb1PN2/2p2r2/2P3K1/PP6/R3R3 b - - 0 31,f4f5 e1h1 h8g8 g6h7 g8f7 h7f5,1696,78,81,43,advantage interference long middlegame,https://lichess.org/jOwqVdcd/black#62,
KhTmO,5rk1/2Q2ppp/3p1q2/2nP4/8/1P3b2/P2PP2P/2RK3R w - - 0 19,h1f1 f3e2 d1e2 f8e8 e2d1 f6f1,1614,76,94,3159,attraction crushing deflection interference long middlegame sacrifice,https://lichess.org/5geqNH5O#37,
KjYIo,r1bqr1k1/1pp1bppp/5n2/4N3/1nPp4/1Q1P2P1/3NPPBP/1RB2RK1 b - - 2 13,e7d6 e5f7 g8f7 c4c5 c8e6 b3b4,1816,76,86,639,advantage discoveredAttack discoveredCheck interference long master masterVsMaster opening sacrifice,https://lichess.org/GJ4JQ9Os/black#26,Reti_Opening Reti_Opening_Advance_Variation
Kk4V6,8/1Qp2p1k/p1rb2pp/1b6/1P6/P5P1/7P/3R2K1 w - - 10 35,d1d5 c6c1 g1f2 b5c6 b7a6 c6d5,1695,74,99,657,advantage clearance endgame fork interference long,https://lichess.org/yRkOnHu5#69,
Kl2Ey,4q1k1/pR3p1p/2p3p1/2P1bpB1/3r4/3nN1PP/P4PQ1/6K1 b - - 6 32,d3c5 b7e7 e8c8 e7e5,1633,74,81,188,advantage interference middlegame short,https://lichess.org/vLr6YnAe/black#64,
Kl61D,5Q2/6r1/1p5k/5P1p/2PP4/2K4p/P5r1/8 b - - 2 38,h3h2 f8h8 h6g5 h8g7 g5f5 g7g2,1647,80,93,3602,crushing deflection endgame interference long queenRookEndgame skewer,https://lichess.org/JTbXf8qO/black#76,
KmC3O,r4B1k/ppp5/1n1p4/3bP2B/3P4/2P4q/PPQ5/RN3RK1 w - - 1 21,c2g6 h3h1 g1f2 a8f8,1687,76,98,386,advantage interference middlegame short,https://lichess.org/xZkfOKXB#41,
KmaV4,7k/2q2pp1/2p4p/3pbN2/1Q6/6P1/r1P4P/5R1K b - - 0 29,a2c2 b4f8 h8h7 f5e7 c7b8 f8f7,1818,75,91,2281,advantage endgame interference long,https://lichess.org/ZQZHgyav/black#58,
KnTgM,1q1r3k/p7/bp3p2/2p1bNpB/8/7P/PP3BP1/3Q2KR w - - 0 30,d1b1 a6d3 b1c1 d3f5,1703,76,86,278,advantage interference middlegame short,https://lichess.org/DXVL6JPv#59,
Knl2L,r7/pp3r2/4k3/1Q1p1q2/2PPp3/7P/PP4P1/3R2K1 b - - 0 28,a7a6 b5b6 e6d7 b6b7,1676,75,95,2641,advantage endgame interference short,https://lichess.org/M5hOpi9j/black#56,
Knogv,5rk1/5ppp/pb2q3/1p6/1P6/P3rNQ1/6PP/R2R3K b - - 1 28,g7g6 d1d6 e6b3 d6b6,1820,78,91,245,advantage interference middlegame short,https://lichess.org/KnMV7mzg/black#56,
KnsZc,2r4r/p4p2/np2pkp1/6P1/3N1P2/8/PP3K2/2RR4 b - - 0 25,f6g7 d4e6 f7e6 d1d7 g7g8 c1c8,1629,76,80,1069,clearance endgame interference long mate mateIn3 sacrifice,https://lichess.org/4HQdVQxi/black#50,
KoX4G,8/1k5p/2p5/1pp2p2/1P3P2/P4qr1/1NQ5/2BKR3 w - - 5 36,e1e2 g3g1 d1d2 f3f4 e2e3 g1g2,1846,75,82,145,crushing endgame exposedKing interference long,https://lichess.org/E8ta175S#71,
Kp8LF,3r1rk1/pp3pp1/7p/2pP4/P1P3n1/1q4P1/3Q2BP/1R3R1K b - - 1 29,b3c4 f1f4 c4a6 f4g4,1717,75,78,104,advantage interference middlegame short,https://lichess.org/FDMmjj6w/black#58,
KqScW,rnb1kb1r/ppp3p1/3p4/8/4pPp1/1P2P1p1/PBPPB1P1/RN1Q1K2 w kq - 0 13,e2g4 h8h1 f1e2 c8g4,1837,80,83,124,interference intermezzo mate mateIn2 middlegame short,https://lichess.org/Iqyim7mH#25,Nimzo-Larsen_Attack Nimzo-Larsen_Attack_Dutch_Variation
KqaxV,2kr1b2/pb3pp1/1p3q2/2pp2Nr/5P2/1P1P2K1/P1PQN1B1/R4R2 w - - 5 24,f1h1 h5g5 f4g5 f8d6 e2f4 f6g5,1749,75,92,3012,advantage interference intermezzo long middlegame sacrifice,https://lichess.org/2M7Iby0U#47,
KqkOd,2r1k3/4n2p/8/R3Q3/P1q5/5rP1/2P2K1P/4N3 w - - 0 33,f2f3 c4f1 f3e3 f1e1,1679,77,82,253,advantage endgame interference short,https://lichess.org/ZlEVsoXa#65,
KrHej,1r4r1/p2q1p1k/1bpp3p/6pn/1PQ1P3/2N2PB1/P4PKP/1R1R4 w - - 3 22,d1d6 h5f4 g2f1 d7d6,1649,89,83,40,advantage interference intermezzo middlegame short,https://lichess.org/I0gawHAj#43,
Ksbo4,3r2k1/3r1ppp/p3p3/1p6/1P1P1P2/Pq2B1Q1/R4R1P/6K1 w - - 5 31,f2g2 b3b1 g1f2 b1a2 f2f3 a2d5,1749,75,84,69,advantage interference long middlegame,https://lichess.org/VmkeODpm#61,
Ksy3s,r2q3k/6pp/Q2P1rb1/5p2/1PB1p3/4P1P1/1PP2PP1/2KR3R w - - 1 25,a6b5 a8a1 c1d2 f6d6,1821,77,95,14603,advantage interference middlegame short,https://lichess.org/dZcV0jl0#49,
KtUK0,rn2k2r/pp3ppp/2p1p3/2PpP1q1/3P4/1KNQnP2/PP2N2P/R6R b kq - 4 16,a7a5 f3f4 g5e7 d3e3,1715,80,92,4684,advantage interference middlegame short,https://lichess.org/EQsN3KWK/black#32,Queens_Gambit_Declined Queens_Gambit_Declined_Baltic_Defense
KulM7,r5k1/pp3ppp/2p5/2P2q2/3P1n2/1Q5P/PP2RPP1/4K2R w K - 1 21,b3f3 f5b1 e1d2 b1b2,1799,76,93,587,crushing endgame interference short,https://lichess.org/viTJPmDz#41,
KvBHT,5r1k/p1r3np/4ppq1/p2p4/5PPQ/1P3P2/2P2R1P/6RK b - - 7 39,c7c2 f4f5 e6f5 f2c2,1872,76,89,132,advantage interference intermezzo middlegame short,https://lichess.org/FFf6aXTc/black#78,
KxSd0,8/p4r2/3k3p/R5p1/3PK3/P5P1/8/8 b - - 3 37,h6h5 a5a6 d6d7 a6a7,1645,79,84,84,crushing endgame interference rookEndgame short,https://lichess.org/OJxzlueb/black#74,
Kya1L,r1bqkr2/pp2bpQp/2npp1p1/4P3/2P5/2P2N2/P4PPP/R1B1KB1R w KQq - 2 15,e5d6 e7f6 g7h6 f6c3 c1d2 c3a1,1656,73,97,16181,crushing fork interference long middlegame,https://lichess.org/4clcnyk3#29,Sicilian_Defense Sicilian_Defense_Hyperaccelerated_Fianchetto
KzzFo,3b2k1/1pp2pp1/2n3bp/3qP3/1P6/N1P2NBP/P3Q1PK/8 w - - 1 29,a3b5 g6d3 e2d1 d5b5,1618,75,96,9350,crushing interference master middlegame short,https://lichess.org/RKZ4LEgP#57,
L1aNT,6k1/3b1p1R/4p3/4r1pP/6K1/3B2P1/4PP2/8 w - - 3 34,h5h6 f7f5 g4g5 g8h7,1630,77,95,4899,advantage endgame interference master short,https://lichess.org/tLC9E3ET#67,
L1mfW,2b5/1P6/2Pp4/3P4/3P1K2/7k/6p1/8 b - - 0 47,c8g4 b7b8q g2g1q b8h8 h3g2 f4g4,1885,81,92,40,advancedPawn crushing deflection endgame interference long promotion,https://lichess.org/iA6MDndG/black#94,
L21IX,5r2/pp6/8/5k2/6p1/5n2/PP1B1PR1/6RK w - - 2 38,g2g4 f8h8 h1g2 f5g4 d2c3 h8h2 g2f1 f3g1,1824,75,83,106,advantage endgame exposedKing interference veryLong,https://lichess.org/ZWrWwnQ8#75,
L2ZgK,r2q1k2/ppp2rpQ/4p3/4P3/3P3P/Pb4P1/1P3PK1/1BR5 b - - 0 24,d8d4 h7h8 f8e7 c1c7 d4d7 c7d7,1723,87,62,24,crushing interference long middlegame,https://lichess.org/dbKfjYEY/black#48,
L3ekG,r4rk1/pp2bppp/3p1n2/2nP4/1q2PB2/2NB1Q2/PP4PP/R4RK1 w - - 1 15,a1b1 b4d4 f4e3 d4d3 e3c5 d3f3 g2f3 d6c5,1762,76,93,1260,advantage interference middlegame veryLong,https://lichess.org/GP6v9k2h#29,Pirc_Defense Pirc_Defense_Other_variations
L4CDJ,r1bqkb1r/pp2pp1p/5np1/n2P4/3N4/2NB4/PPP2PPP/R1BQK2R b KQkq - 0 8,f6d5 d3b5 c8d7 c3d5,1758,77,94,7642,crushing interference intermezzo opening short,https://lichess.org/l9mbNnAT/black#16,Sicilian_Defense Sicilian_Defense_Open
L4heK,3r2k1/pb2qp1p/1p4p1/3p4/3N4/4P3/PPR1BPPP/2R3K1 b - - 4 20,d8d7 e2b5 d7d8 c2c7 e7f8 c7b7,1676,139,89,21,crushing interference long middlegame,https://lichess.org/gfpPWBsD/black#40,
L4jIR,1r2r2k/ppb2ppp/2pq2b1/2Nn4/2BP2Q1/P1P3P1/3B1P1P/R4RK1 w - - 1 22,c5d7 f7f5 g4f3 d6d7,1815,74,88,882,advantage interference middlegame short,https://lichess.org/KZNuMDQZ#43,
L5CHt,1r5r/2p2pp1/p1Bk1b1p/q3RQ2/8/2P3PP/8/4R1K1 b - - 0 29,f6e5 f5d7 d6c5 e1e5,1702,74,93,1320,crushing deflection interference middlegame short,https://lichess.org/d6x1DJD3/black#58,
L5kKJ,r3k2r/1bq2pp1/p4nBp/1ppp2N1/8/2P1P1P1/PPQ2PP1/2KR3R b kq - 3 16,f7g6 c2g6 e8d7 g6g7 d7c6 g7f6,1717,75,96,5414,advantage exposedKing fork interference long middlegame,https://lichess.org/4wLCMz3z/black#32,Indian_Defense Indian_Defense_London_System
L6m4n,r3k2r/pQp1b2p/4p1b1/3q1p2/2Nnp3/2P1B2P/PP2BPP1/2KR3R w kq - 0 18,b7d5 d4e2 c1d2 e6d5,1684,78,89,1704,advantage hangingPiece interference intermezzo master middlegame short,https://lichess.org/rPNlddd1#35,Nimzowitsch_Defense Nimzowitsch_Defense_Williams_Variation
L7FfP,8/p3n3/2B1k1rQ/1K1P1pp1/2P5/8/P3q3/8 b - - 0 36,e6f6 h6f8 f6e5 f8e7 e5d4 e7e2,1891,74,99,221,crushing deflection endgame interference long skewer,https://lichess.org/iSVTRAJG/black#72,
L7S2w,r3k1r1/1p5p/p3p3/3q1b1Q/8/8/PP4PK/2R2R2 b - - 5 24,e8d7 h5f7 d7d8 f7g8,1874,79,86,228,crushing interference middlegame short,https://lichess.org/7j9z2A80/black#48,
L7vRf,8/5kpp/Rn1r4/3Ppp2/1N2p3/4P2P/5PPK/8 b - - 4 32,f7e7 b4c6 e7f7 a6b6,1694,76,86,881,crushing endgame interference short,https://lichess.org/r181LObA/black#64,
L8JtS,6k1/5p2/3r2p1/bp1P4/8/P5Pq/1B3Q2/3R2K1 w - - 0 38,f2f4 a5b6 b2d4 d6d5,1703,75,91,1624,crushing endgame interference short,https://lichess.org/L9sWEChL#75,
L8jFn,1k1rr3/p1p1bp1p/1p1p2q1/3P4/3p4/1P1P2P1/1PPB3P/R2Q1RK1 b - - 1 21,h7h5 a1a7 b8a7 d1a1 a7b7 a1a4 d8a8 a4c6 b7b8 c6e8,1685,75,93,2262,attraction crushing interference middlegame queensideAttack sacrifice veryLong,https://lichess.org/AOoZu2nb/black#42,
L8sWj,5b1r/3k1ppp/1pR1p3/3p1b2/3P1P2/4P3/PP4PP/5RK1 w - - 1 19,f1c1 f8c5 d4c5 d7c6,1681,74,95,15115,advantage endgame interference short trappedPiece,https://lichess.org/3POLAmGz#37,
L9DNf,4r1k1/p5p1/5Rp1/3q4/1P1P3Q/4r3/6P1/6KR b - - 0 36,g7f6 h4h8 g8f7 h1h7 f7e6 h8e8 e6f5 e8e3,1881,75,80,64,crushing deflection endgame exposedKing interference skewer veryLong,https://lichess.org/7ttubixR/black#72,
LCPzS,r2q1rk1/ppp1n1p1/4b3/3pB2p/2P5/P1P1P2P/5PP1/R2QKB1R w KQ - 1 14,d1h5 f8f5 h5g4 f5e5,1637,93,85,42,advantage interference middlegame short,https://lichess.org/vVX0Pf4m#27,Queens_Gambit_Declined Queens_Gambit_Declined_Other_variations
LDB2b,8/1p6/8/kp6/6P1/4p3/4K1P1/8 b - - 0 47,a5a4 g4g5 b5b4 g5g6 b4b3 g6g7 b3b2 g7g8q b2b1q g8a8 a4b3 a8b7,1676,75,87,115,advancedPawn crushing endgame interference pawnEndgame promotion quietMove veryLong,https://lichess.org/5hw13ohw/black#94,
LDGxq,r1bk2B1/p2p2Qp/2pb4/1p6/4PPnq/2Pp4/PP1P2PP/RNB2RK1 w - - 1 14,h2h3 d6c5 g1h1 g4f2 h1h2 h4f4 g2g3 f2g4 g7g4 f4f1,1724,75,93,666,advantage discoveredAttack interference kingsideAttack middlegame veryLong,https://lichess.org/5ZLrHOQn#27,Ruy_Lopez Ruy_Lopez_Bird_Variation
LEdo6,r4r2/1ppbk1pQ/4pq1p/p2pRB2/3P4/1PP1R1P1/P4PKP/8 b - - 14 29,f8h8 e5e6 d7e6 e3e6 f6e6 h7g7 e6f7 g7e5 e7d8 e5h8,1672,75,90,897,crushing deflection fork interference middlegame sacrifice veryLong,https://lichess.org/pagb70Ob/black#58,
LGncK,2r3r1/3qk2p/p4pNB/2bQp3/3p4/P6P/1P3PP1/4R1RK b - - 0 28,h7g6 e1e5 f6e5 h6g5 e7e8 d5g8,1851,77,86,101,advantage interference long middlegame sacrifice,https://lichess.org/ySeTfcRD/black#56,
LGzH4,4r3/2p1P3/6q1/p4b1k/6p1/PPQ2N1P/2P2PK1/4R3 w - - 0 39,c3c4 g4h3 g2f1 g6g2 f1e2 e8e7,1739,75,88,317,crushing discoveredCheck doubleCheck endgame fork interference long,https://lichess.org/ILOfSLon#77,
LIBCz,r2q1bnr/1p1b2k1/p1n1p2p/3pP2P/3P4/p1P3Q1/5PP1/RNB1K2R b KQ - 2 15,g7f7 g3g6 f7e7 c1a3 c6b4 a3b4,1748,76,86,134,interference long master mate mateIn3 middlegame,https://lichess.org/hUD9b8Vx/black#30,French_Defense French_Defense_Wing_Gambit
LIlJV,r5r1/4kp2/p2pb3/6q1/P3Q3/2N5/1P4P1/R4RK1 b - - 2 27,g5e5 e4b7 e7f8 b7a8,1766,90,80,26,crushing interference middlegame short,https://lichess.org/bWcfl7Ky/black#54,
LJNWX,r1bqk1nr/2p1b1Bp/p1pp4/3P1p2/8/1P2Pp2/P1P2PPP/RN1Q1RK1 b kq - 0 10,f3g2 d1h5 e8d7 h5f5 d7e8 f5h5,1829,76,85,94,advantage exposedKing interference long middlegame,https://lichess.org/DUqTVU72/black#20,Nimzo-Larsen_Attack Nimzo-Larsen_Attack_Modern_Variation
LK72d,r5rk/1pq2p2/2p5/3p1Np1/1P2nP1P/P3P3/1KQ3R1/6R1 b - - 0 35,g5f4 g2g8 a8g8 g1g8 h8g8 c2g2 g8f8 g2g7 f8e8 g7g8 e8d7 g8f7,1698,84,50,54,advantage attraction deflection exposedKing interference middlegame veryLong,https://lichess.org/RqWDIlAn/black#70,
LKZuH,6kb/1q1r4/pp4p1/2p3Bn/3p1P2/1P4PP/P1Q4K/4R3 b - - 0 32,h5f6 c2g6 d7g7 g6f6,1751,79,79,60,crushing interference middlegame short,https://lichess.org/TczYhEo7/black#64,
LLFf8,r1b2rk1/pp2ppbp/6p1/8/2B1q3/1Q6/P4PPP/1RBR2K1 b - - 1 14,b7b6 c4d5 e4f5 d5a8 c8e6 a8d5,1845,135,87,16,advantage fork interference long middlegame,https://lichess.org/Ji2xakN6/black#28,Grunfeld_Defense Grunfeld_Defense_Exchange_Variation
LMsHQ,r4rk1/p4pp1/2p5/2Ppb3/8/3B1qPP/P1Q3R1/5R1K b - - 0 35,f3h5 f1f5 h5h6 f5e5,1691,76,78,97,advantage interference middlegame short,https://lichess.org/PPxMO8FX/black#70,
LOQpi,r1bq1rk1/3nbppp/4pn2/p7/1pRP1B2/1P1B1N2/P2NQPPP/5RK1 b - - 0 14,d7b6 f4c7 d8e8 c7b6,1681,77,95,13409,crushing interference middlegame short,https://lichess.org/m2JMotIO/black#28,Indian_Defense Indian_Defense_London_System
LPAwE,r2q3r/p1p1k2p/2P1pp2/1p4p1/2b1N3/P3PQ2/1P3PPP/2R1K2n b - - 2 19,c4d5 f3f6 e7e8 f6h8 e8f7 h8h7,1761,94,82,25,crushing interference long middlegame,https://lichess.org/DcSMmG4X/black#38,
LQBYL,6k1/pRpr2p1/4p2p/5r2/6Q1/5P2/P1q2P1P/6RK b - - 0 23,c2f2 b7b8 f5f8 g4e6 d7f7 b8f8 g8f8 e6c8 f8e7 c8c7,1808,74,87,666,advantage attraction endgame fork interference pin skewer veryLong,https://lichess.org/9PbInzRA/black#46,
LQJFs,1Q4R1/3r3p/5qpk/pp6/2rn1p2/P5NP/1P3PP1/4R1K1 w - - 2 34,g3e4 d4e2 g1h2 c4e4,1716,162,82,12,advantage discoveredAttack interference kingsideAttack middlegame short,https://lichess.org/ynuQofuu#67,
LS8GQ,rn1qk2r/p1pp1pQp/1p2p3/4P3/3P1P2/2BB4/P1P4P/R3K1Nb b Qkq - 0 11,e8e7 g7f6 e7e8 f6h8,1807,75,95,2566,crushing interference middlegame short,https://lichess.org/L64u6shE/black#22,Owen_Defense Owen_Defense_Other_variations
LSOkQ,6k1/1p3p1q/p7/2Q5/8/1P6/P1P5/1K6 b - - 0 33,f7f5 c5c8 g8f7 c8b7,1739,76,87,410,crushing endgame interference queenEndgame short,https://lichess.org/cDgqU1Hz/black#66,
LTdaD,2k3nr/ppp1p3/1q6/3R3p/5bp1/1P6/P1Q2PPP/3R2K1 b - - 11 25,g8f6 c2f5 e7e6 f5f6 e6d5 f6h8,1628,76,92,108,crushing deflection fork interference long middlegame,https://lichess.org/ciDnDMiH/black#50,
LUQdO,1rq2r1k/4b1pp/pB1p4/Q2Bn1P1/2p4P/P7/1PP1RP2/2K4R w - - 2 27,b6d4 b8b5 a5c3 b5d5,1799,76,74,81,advantage interference middlegame short,https://lichess.org/ft3Fkf5I#53,
LUqLS,r6k/p4p2/1p1pq2p/3bP3/3P1Q1B/P6P/2B3r1/R4K2 b - - 2 30,d6e5 h4f6 h8g8 f4h6 e6f6 h6f6,1745,76,91,787,advantage interference long middlegame,https://lichess.org/dY6wjX11/black#60,
LVZTk,r5kr/1p2pNb1/pp2P1pp/1q1N4/8/5Q2/PPn1KPPP/3R3R w - - 2 20,f3d3 c2d4 e2f1 b5d5,1613,80,93,1441,crushing interference master middlegame pin short,https://lichess.org/PLq6pSCR#39,
LX4Np,3rr3/pp3pk1/3P3p/2p3p1/8/1BPQRP2/P5q1/3RK3 w - - 1 27,d3e2 g2g1 e1d2 d8d6 e3d3 e8e2,1678,79,91,456,crushing exposedKing interference long middlegame,https://lichess.org/TOLMRiij#53,
LXx8I,3q1rk1/p3ppbp/3p1np1/7r/Q3P3/2P1B3/PP2NPPP/R4RK1 w - - 5 15,e3a7 h5a5 a4c2 a5a7,1805,75,58,246,advantage interference middlegame short,https://lichess.org/V8k3wUtn#29,Sicilian_Defense Sicilian_Defense_Old_Sicilian
LY1LT,8/pp5p/1kp3p1/8/3Q4/2P5/Pq4PP/7K b - - 2 35,b6a5 d4a7 a5b5 a7b7 b5c5 b7b2,1747,77,94,1635,crushing endgame interference long queenEndgame skewer,https://lichess.org/lbwN3Nzd/black#70,
LYgOb,1k1r3r/1pp2ppp/1q1bp3/1N1n4/2PP4/3K2BP/1P2QP2/R6R w - - 3 24,b5d6 b6b3 d3d2 b3b2,1613,76,85,358,advantage interference master middlegame short,https://lichess.org/PdJ6bbDC#47,
LZGgu,4r1k1/p1p2ppp/1bp1q3/8/5R2/2Nr4/PP1B2PP/R2Q3K w - - 0 21,d1c2 d3d2 c2d2 b6e3 d2e1 e3f4,1601,76,94,4320,advantage fork interference long middlegame sacrifice,https://lichess.org/wQW5ktM8#41,
LaQL1,r1b1k2r/2qn1pp1/p3p3/1p1P4/2pPN2p/P1N5/1PP1BPPn/R2Q1RK1 b kq - 1 17,h4h3 d5d6 c7b6 g1h2 h3g2 h2g2,1708,75,95,13187,crushing interference long opening,https://lichess.org/8oqjrcO8/black#34,Indian_Defense Indian_Defense_Reversed_Chigorin_Defense
LaYF8,5rk1/4bpp1/R6p/8/6n1/2Q2NP1/1P2qP1P/1R4K1 w - - 1 25,a6a4 e2f2 g1h1 g4e3 c3d2 f2f3,1784,74,93,634,crushing interference long middlegame quietMove,https://lichess.org/LwVUHrGW#49,
LbRL7,r2qkbnr/ppp2pp1/8/3pn2p/4p1b1/1PN1P1P1/PBPPNPBP/R2QK2R w KQkq - 4 8,c3e4 e5f3 e1f1 d5e4,1685,75,85,243,advantage interference intermezzo opening short,https://lichess.org/yw9WGGMQ#15,Hungarian_Opening Hungarian_Opening_Other_variations
LcXrH,5r2/pp1R2pk/2n5/5r2/8/2P3R1/PP3P1P/6K1 b - - 3 29,f5f2 g3g7 h7h6 g7h7 h6g6 d7g7 g6f6 g1f2,1779,119,80,16,crushing endgame interference veryLong,https://lichess.org/wYhyV9SL/black#58,
LclRu,4rbk1/5ppp/n5n1/1q6/4N1Q1/1N3PB1/PP3PKP/3R4 w - - 13 34,d1d7 f7f5 b3d4 b5d7,1895,76,95,6685,crushing fork interference master middlegame short,https://lichess.org/2p9kYTX8#67,
LdBsC,r3k2r/p2Rp2p/5pp1/8/8/q7/n1PN1PPP/1Q2KB1R b Kkq - 0 17,e8d7 b1b7 d7e8 b7a8,1829,77,58,333,crushing interference master middlegame short,https://lichess.org/5xu1qpeZ/black#34,Sicilian_Defense Sicilian_Defense_Hyperaccelerated_Pterodactyl
Lh14Y,1r2kb1r/pppn1ppp/2n1p3/1B5q/3P4/1Q2Pb1P/PP1N1PP1/R1B1K2R w KQk - 0 11,d2f3 f8b4 c1d2 h5b5,1788,75,96,12143,crushing interference master opening short,https://lichess.org/Eq621wiE#21,Queens_Pawn_Game Queens_Pawn_Game_Chigorin_Variation
LhAqR,2r1r1k1/pb3pp1/1pp1qn1p/3p3P/3B1Pn1/PP1PP1P1/4Q1B1/2RN1RK1 b - - 4 22,f6h5 f4f5 e6d6 e2g4,1869,76,94,1869,advantage interference master middlegame short,https://lichess.org/nh4zazpb/black#44,
LhjWl,r3r3/pp1nkpQ1/1q1bb3/8/3p1P2/1P1B4/P2P2PP/RN2R2K b - - 0 21,e8g8 e1e6 e7e6 d3c4 e6e7 g7f7 e7d8 f7g8,1731,78,91,755,advantage attraction interference middlegame pin sacrifice veryLong,https://lichess.org/DdiNpppa/black#42,
LhvGC,2q2r1k/1r4p1/3p1b1p/R1pN4/4PP1P/3Q2P1/PPP5/1K3R2 w - - 1 32,a5b5 c5c4 d3e2 b7b5,1804,101,84,38,advantage interference middlegame short,https://lichess.org/TJi3biIZ#63,
LiQ65,r6r/4kp2/b5p1/2pPp1P1/2N1R2R/pP1n2PB/7P/6K1 b - - 1 36,a3a2 d5d6 e7f8 h4h8 f8g7 h8a8 a2a1q h3f1,1659,76,88,288,advantage interference middlegame skewer veryLong,https://lichess.org/Ai2ZANR7/black#72,
LkUDd,k2rr1q1/pp4p1/1np1ppp1/4N1P1/3P1Q1P/2P5/PP3P2/1K1RR3 w - - 8 24,e5g6 g8h7 f4e4 f6f5 e4e2 h7g6,1658,75,83,116,advantage interference long middlegame pin,https://lichess.org/NRLK5HVO#47,
LlijQ,5rk1/5ppp/5b2/2p5/1nN1QP2/3q3P/1P4P1/2B1RK2 w - - 11 28,f1g1 f6d4 g1h2 d3c4,1709,76,88,86,crushing interference middlegame short,https://lichess.org/6mf2kZT5#55,
Llwpq,rn2k2r/4bppp/p2p1n2/q2N1P2/1p3B2/8/1PPQ1PPP/2KR1B1R w kq - 2 14,d2b4 a5a1 c1d2 f6d5 b4b7 a1a5,1851,78,91,1606,advantage interference long middlegame queensideAttack,https://lichess.org/7Pja8d9t#27,Philidor_Defense Philidor_Defense_Exchange_Variation
Lm9az,r5kr/pp4p1/2pqpn2/6N1/4R1p1/3P2P1/PPP1QP2/R5K1 w - - 1 19,e4e6 d6d5 g5e4 d5e6,1720,77,92,407,advantage interference middlegame short,https://lichess.org/pik5JmlT#37,
LmgTv,5r1k/p5p1/4Q1Pb/3p4/1P1P4/2Pq4/P3N3/RN4K1 w - - 0 35,b1a3 h6e3 g1h1 d3e2 e6h3 e3h6,1726,162,76,13,crushing defensiveMove interference long middlegame,https://lichess.org/Rs6iVZg0#69,
LpABy,r1bq3k/p4p1p/2pp2rB/7Q/4Pp1b/2N4P/PPP3P1/R4R1K w - - 0 20,f1f4 g6h6 h5h6 h4g5 h6h5 g5f4,1735,82,70,59,advantage fork interference long middlegame sacrifice,https://lichess.org/4bC0r5Ty#39,
Lpcrr,1r1b1r2/5pk1/R2p1p2/4p2p/1qN1P3/5P2/QP4PP/R5K1 w - - 0 29,c4d6 d8b6 g1h1 b4d6,1711,74,71,155,advantage interference intermezzo master middlegame short,https://lichess.org/u6oRBKVo#57,
Lrk7M,b6r/Q2k4/3p4/2qPp3/5b2/3B4/8/R4K2 b - - 1 34,c5c7 d3b5 d7d8 a7a8 c7c8 a8c8 d8c8 a1a8 c8c7 a8h8,1827,75,100,268,attraction crushing interference middlegame skewer veryLong,https://lichess.org/NKafnOUl/black#68,
LsBXv,2b1kb1r/4n2p/1B1p1p2/1P1Pp3/2P1P3/1R1B1nNq/Q5KP/3N4 w k - 2 32,g2f3 c8g4 f3f2 h3h2 f2e1 h2a2,1663,76,94,13730,crushing interference long middlegame skewer,https://lichess.org/VI4E5iQ7#63,
Lsdw0,1rq1r1k1/3b1p2/1p4p1/1P2b3/1BpN4/2P1PQPp/R6P/5RK1 b - - 0 27,f7f5 f3d5 d7e6 d5e5,1639,76,90,1751,crushing interference kingsideAttack master middlegame short,https://lichess.org/vSjDkgSy/black#54,
LsrIj,3r2bk/6pp/8/6q1/3p4/5B2/1P2QP1P/4RK2 w - - 2 31,e2e7 g8c4 f3e2 g5e7,1638,77,78,124,crushing endgame interference short,https://lichess.org/wj1QoDu2#61,
LuWTp,r3k2r/pp1q1p1p/4p1pB/3p1n2/8/1PQ5/P4PPP/2R3K1 b kq - 1 19,e8e7 h6g5 f7f6 c3f6 e7e8 f6h8,1852,76,96,2634,crushing interference long middlegame,https://lichess.org/cHwEwULd/black#38,
LwP2i,8/5Kp1/5p2/5Pk1/6Pp/5R1P/8/6r1 w - - 4 57,f7g7 g1g3 f3f1 g3h3,1639,82,81,42,crushing endgame interference master rookEndgame short,https://lichess.org/wd7xWSHa#113,
Lx8NC,5R2/pp4kp/2b3p1/4r3/3r4/2P1P2P/8/5RK1 w - - 0 35,e3d4 e5g5 g1f2 g7f8,1671,79,93,4033,crushing endgame interference short,https://lichess.org/SwVlGgsl#69,
Lx9Zn,r1bq1rk1/pp5p/5p2/2p5/3ppBP1/2P1K3/PP1N3P/R2Q1B1R w - - 0 15,c3d4 d8d4 e3e2 c8g4 e2e1 g4d1,1609,75,96,5460,advantage interference long middlegame skewer,https://lichess.org/2i284llk#29,Ponziani_Opening Ponziani_Opening_Ponziani_Countergambit
LxnM4,r4rk1/pp1nRppp/2p5/5q2/5B2/6PP/PP1Q1PK1/R7 b - - 0 19,d7c5 e7e5 f5f6 e5c5,1640,75,96,1234,advantage interference middlegame short,https://lichess.org/kBL6jHIa/black#38,
LyPsF,1k2r3/p5p1/1p1b1p2/1QpP3p/7P/5P2/1PP3q1/1KBR4 b - - 1 28,e8e7 b5c6 g2h2 f3f4 e7c7 c6d6,1893,75,93,1569,crushing endgame interference long quietMove,https://lichess.org/4qG55YLW/black#56,
Lz8WL,r3k2r/p4pbp/1p6/1PqNn2P/2p2B2/4P3/P2Q1PP1/1R2K2R w Kkq - 2 21,b1d1 e5d3 e1f1 c5d5,1797,76,90,1900,crushing interference middlegame short,https://lichess.org/WHXt0tAZ#41,
Lzd2l,6rk/1b2bp2/pq1p4/1p6/1P1pPPrP/P2P1Q2/5B1K/2R3R1 b - - 3 32,g4g1 f3h5 h8g7 c1g1 g7f8 h5h6 f8e8 g1g8,1729,75,96,9434,crushing deflection exposedKing interference intermezzo kingsideAttack middlegame veryLong,https://lichess.org/8pOHOe1N/black#64,
LzyHk,1r1q1rk1/1p3pp1/pN5p/P3p1b1/4P1Q1/3P3P/2P2PP1/R4RK1 w - - 3 20,b6d7 f7f5 e4f5 d8d7,1689,75,90,203,advantage interference middlegame short,https://lichess.org/qGDSbigm#39,
M167h,1q1k1rR1/2p5/4N1Qb/1r1p4/p2P4/2P2P2/1P3P2/1K6 b - - 5 31,d8c8 g8f8 h6f8 g6e8 c8b7 e8b5,1732,75,95,2154,crushing fork interference long middlegame,https://lichess.org/TpadmbcL/black#62,
M2GU3,8/2p2Qpk/p7/4P1B1/2PP3P/q1r3P1/P7/5RK1 w - - 5 36,f7f8 c3g3 g1f2 a3f8 f2g3 f8f1,1842,74,96,1296,crushing endgame exposedKing interference long skewer,https://lichess.org/UuUex0vL#71,
M2U6D,2r4r/pp4k1/3p1qpp/5p2/2P1pP1R/1Q6/P1P3PP/3R2K1 b - - 4 24,f6h4 b3b7 g7g8 b7c8 g8f7 c8h8,1728,75,96,1953,crushing endgame interference long skewer,https://lichess.org/dZoznrd8/black#48,
M3lkj,8/r6p/2p1P2R/3k1P1K/8/8/8/8 b - - 0 54,d5d6 e6e7 d6e7 h6h7 e7f6 h7a7,1643,76,83,76,advancedPawn attraction crushing discoveredAttack discoveredCheck endgame interference long rookEndgame skewer,https://lichess.org/Q8yc5kZ4/black#108,
M3tdZ,rn2kbnr/pp3ppp/4p3/8/3Pq3/8/PP1BBPPP/R2QK2R b KQkq - 1 11,e4g2 e2f3 g2g6 f3b7 b8d7 b7a8,1741,76,94,2884,advantage interference long opening trappedPiece,https://lichess.org/9i7M4wQQ/black#22,Queens_Gambit_Declined Queens_Gambit_Declined_Baltic_Defense
M4SKD,1r2qrk1/pp1R1ppp/4p3/1Q2P3/4b3/4BN2/P4PPP/2R3K1 w - - 3 20,f3d4 a7a6 b5a4 b7b5 a4a6 e8d7,1876,77,87,108,advantage interference long middlegame,https://lichess.org/FK78zMyQ#39,
M4UhJ,8/p3k1p1/1p2p3/3p4/3P2B1/P3R2P/5nPK/2r5 w - - 0 36,g4e6 c1h1 h2g3 f2e4 g3f4 e7e6,1811,76,89,150,advantage endgame interference long,https://lichess.org/ECJ7r1R4#71,
M4j0C,r1b1k2r/1p1p4/p1n1p1p1/2p1qpP1/2P3p1/2NP4/PP2BKP1/R1BQ1R2 w kq - 0 15,f1h1 g4g3 f2e1 h8h1,1735,75,97,1940,crushing interference master opening short,https://lichess.org/fHQeLN5a#29,Mieses_Opening Mieses_Opening_Other_variations
M5F6E,r6r/1pN1k1pp/p2q4/4n3/3nP1b1/1B6/P2Q2PP/2R2R1K b - - 3 22,h7h6 c7d5 e7d8 d2d4,1831,77,93,6239,crushing interference middlegame short,https://lichess.org/MK4mV33q/black#44,
M5nZz,1r1r1B2/ppk4p/3p4/2PQp3/P1B1P1b1/2P2P2/2q3P1/5K2 b - - 2 26,d8f8 d5d6 c7c8 d6f8,1654,77,94,649,crushing endgame interference master short,https://lichess.org/JvcXzuOv/black#52,
M6WyA,2rk2r1/1p6/4qB2/pBbp4/P6P/1Q1p4/1P3pP1/R4R1K b - - 0 29,e6f6 b3d5 d8c7 d5c5 c7b8 c5f2,1875,80,76,51,advantage exposedKing fork interference long middlegame,https://lichess.org/RAzrtEvD/black#58,
M6Y4t,8/1p4kq/p1r5/3pQp2/8/P2B3P/5PP1/6K1 b - - 5 35,g7f8 e5b8 f8e7 b8b7 e7d6 b7h7,1637,76,100,128,crushing endgame exposedKing fork interference long skewer,https://lichess.org/Yr1rlwfK/black#70,
M8Vhn,r1b2rk1/pppp1ppp/3b4/8/4q3/1BP3P1/PP3P1P/R1BQ1RK1 b - - 1 13,b7b6 b3d5 e4g6 d5a8,1614,75,87,2320,advantage fork interference middlegame short,https://lichess.org/fsUqmSTa/black#26,Four_Knights_Game Four_Knights_Game_Italian_Variation
M9p8N,5r1k/b1p2pp1/B2p1q1p/8/3PP3/2P3Q1/P1r3PP/R3R1K1 w - - 2 22,e4e5 d6e5 a6d3 c2c3,1731,75,79,130,advantage interference middlegame pin short,https://lichess.org/IfFJIMXE#43,
MA0Zi,r3kr2/2p5/3p2Q1/p2P4/2P5/P3p2P/Pq4P1/3K1R2 b - - 0 32,e8d7 g6e6 d7d8 f1f8,1749,75,98,4676,endgame interference mate mateIn2 short,https://lichess.org/cTlcp2WJ/black#64,
MA971,3r2k1/p5p1/1pp1p1qp/5b2/QP1P1B1b/P3RP1P/6P1/3R2K1 w - - 2 46,g1h1 f5c2 a4c6 c2d1,1609,75,96,11705,advantage fork interference middlegame short,https://lichess.org/CYgXVf8l#91,
MAONc,3rr1k1/p3qpp1/1p5p/2p2Q2/2b5/P1P4P/6P1/1B2RR1K b - - 1 27,e7e1 f5h7 g8f8 h7h8 f8e7 f1e1,1610,75,84,108,advantage interference long middlegame,https://lichess.org/nK2PFMrN/black#54,
MAkeC,2k4r/pp4b1/2qp2p1/5p2/2P2P2/3P1NP1/PP1Q3P/4R1K1 w - - 3 25,f3g5 g7d4 g1f1 c6h1 f1e2 h8h2 e2d1 h2d2,1888,81,69,43,crushing endgame interference kingsideAttack skewer veryLong,https://lichess.org/Ue2W4un2#49,
ME1iV,4r2k/pQ4pp/5n2/8/2P5/q1b5/5PPP/1R3RK1 b - - 3 22,a7a5 b1b3 a3c5 b3c3,1800,75,83,82,advantage interference middlegame short,https://lichess.org/UbJMAwLl/black#44,
ME9S1,r1b2rk1/pp1p4/2n1p3/q1p2B2/2PP2p1/2P1PN2/P1QK1P2/R5R1 b - - 0 16,e6f5 g1g4 g8f7 c2f5,1711,76,77,98,crushing interference intermezzo kingsideAttack middlegame short,https://lichess.org/SFZGiV3Z/black#32,Nimzo-Indian_Defense Nimzo-Indian_Defense_Leningrad_Variation
MF5Nm,rnbqr1k1/ppp2p1p/3b2pQ/3pN1B1/3P4/2PB4/P1P2PPP/R3K2R b KQ - 3 10,f7f6 d3g6 e8e7 g5f6,1626,75,96,3983,advantage interference middlegame short,https://lichess.org/vB4HvoMG/black#20,Elephant_Gambit Elephant_Gambit_Other_variations
MFAAv,r4rk1/p1b3pp/b1q2B2/2p5/4N1Q1/P7/3P1PPP/1R2R1K1 b - - 0 24,f8f6 e4f6 c6f6 e1e6 f6f7 e6a6,1678,76,95,16999,advantage clearance interference long middlegame pin,https://lichess.org/W306Ah6O/black#48,
MIBvC,8/4kpRR/4p3/2p2p2/2Pr4/8/3rKPPP/8 w - - 2 50,e2e3 d4d3 e3f4 d2f2 f4g5 f2g2,1835,74,75,131,crushing deflection endgame exposedKing interference long rookEndgame,https://lichess.org/qlWMEazV#99,
MIYJp,r1bQ1bk1/pp3p1p/4r1p1/2pN4/2P5/qP2P1P1/P4P1P/2R2RK1 b - - 5 19,e6d6 d5e7 g8g7 d8d6 f8e7 d6e7,1779,81,92,96,advantage interference kingsideAttack long middlegame,https://lichess.org/58EZbkql/black#38,
MJDKd,r3kr2/1p2p3/1q1p1b1R/p1pP2p1/P4p2/1B1P4/1PP1QPP1/2K4R b - - 7 22,e8d7 e2e6 d7c7 h6f6 e7f6 e6e7 c7b8 e7f8,1746,76,94,5554,crushing interference middlegame sacrifice veryLong,https://lichess.org/d5DnDWG6/black#44,
MJLeH,1k2r3/1p2P3/5p1p/q1p2Q2/2Pb1PP1/1P5P/2K5/3RR3 w - - 1 32,c2d3 a5c3 d3e4 e8e7 e4d5 e7e1 d1e1 c3e1,1612,76,94,2237,advantage endgame interference veryLong,https://lichess.org/4sJVHTF3#63,
MKsUD,8/1p4r1/5k2/1R6/4pK2/1P6/8/8 b - - 9 43,g7h7 b5b6 f6e7 b6b7 e7d6 b7h7,1733,77,94,1390,crushing endgame exposedKing interference long rookEndgame skewer,https://lichess.org/miVTgjcJ/black#86,
ML6hG,4r1k1/2p2pp1/1pN2r2/pP5p/2P1P1n1/P7/2Q2PBq/3RRK2 w - - 5 34,e1e2 f6f2 e2f2 g4e3 f1e2 e3c2,1895,74,88,229,advantage fork interference long middlegame sacrifice,https://lichess.org/FSQnT2nt#67,
MLGlF,r6k/1p1b1Qp1/p2q3p/3p4/8/P1N4P/1P4P1/5RK1 w - - 0 26,c3d5 d7e6 f7c7 d6d5,1630,72,95,16485,crushing endgame interference intermezzo short,https://lichess.org/tj7QIc6l#51,
MLhj7,3r2k1/ppp2ppp/3q1n2/1N1P4/1nQ5/8/PP3PPP/3RN1K1 b - - 2 20,d6e7 d5d6 c7d6 c4b4,1615,75,93,2301,advantage interference middlegame short,https://lichess.org/iqQQ8pbv/black#40,
MLpia,r1b1r1k1/2q3p1/1p3b1p/p1p5/2PN1p2/4PQ2/PR1PKPBP/7R w - - 0 24,f3a8 c8g4 f2f3 e8a8,1647,77,96,16427,crushing discoveredAttack interference middlegame short,https://lichess.org/a0r9scIs#47,
MNZiU,3r4/1p2p3/2q1knQ1/8/3p1R2/1P3PP1/4P1KP/8 b - - 0 32,c6b5 f4e4 e6d7 e4d4,1659,75,93,1143,advantage endgame interference master pin short,https://lichess.org/IejPQO32/black#64,
MNz1P,r5k1/pp2n1p1/2pq1r2/3p1p2/3P1b2/2N2N1R/PPP2QP1/4R2K b - - 4 23,g8f7 f3e5 f7g8 f2f4,1770,74,95,6818,crushing discoveredAttack interference middlegame short,https://lichess.org/iI5uFsAU/black#46,
MPxZL,6k1/p1r3pp/1p1Np1q1/3bP3/P4Pp1/1P2Q1P1/7P/2R3K1 b - - 2 30,c7c2 f4f5 e6f5 c1c2,1649,74,86,854,crushing endgame interference short,https://lichess.org/d6cQPKnE/black#60,
MRG8z,2bk2r1/6r1/1pp1pq1p/3n2pR/3P1pPP/BP1B1P2/P4QK1/7R w - - 2 34,a3d6 d5e3 g2h3 f6d4,1784,75,95,813,advantage interference middlegame short,https://lichess.org/VPP4VvIm#67,
MRGkp,1r5r/p2kqppp/Qpn1p3/3pP3/1B3P2/P7/2P3P1/1R2R1K1 b - - 2 20,c6b4 a6a7 d7e8 a7b8,1859,75,93,1783,crushing interference master middlegame short,https://lichess.org/0JwfQ2nA/black#40,
MRXdF,6k1/p3qp1p/4b1p1/1Q1pP3/3B4/r6P/5PP1/4R1K1 b - - 4 27,a7a6 b5b8 g8g7 b8d6 e7e8 d6a3,1715,75,88,175,advantage endgame interference long,https://lichess.org/DoOmMpAI/black#54,
MSImJ,4r1k1/1q5p/p3r1pQ/2p1pp1N/2Pn1P2/7R/PP3K2/4R3 b - - 1 33,e5f4 h5f6 g8f7 h6h7,1802,76,79,133,advantage deflection interference master middlegame short,https://lichess.org/H3LHAyE0/black#66,
MSSHq,8/3qr1kp/6p1/1pP2pP1/p4R1P/2Q4K/PP6/8 b - - 2 38,g7f8 c3h8 f8f7 h8h7,1636,77,75,102,advantage endgame interference short,https://lichess.org/WrLgn2EC/black#76,
MTFLC,r2qkb1r/2pb1pp1/1p5p/pB1pP3/3P4/1Q3P2/PP4PP/R3K1NR w KQkq - 0 13,g1e2 f8b4 e1f2 d7b5,1661,80,85,65,advantage interference middlegame short,https://lichess.org/vxE1cnoG#25,Queens_Gambit_Declined Queens_Gambit_Declined_Marshall_Defense
MTNoA,2r3k1/5pp1/pp2bq1p/3p4/P7/Q7/2N3PP/4RB1K w - - 1 29,f1d3 c8c3 a3a1 c3d3 a1f6 g7f6,1859,76,94,2504,advantage interference long middlegame,https://lichess.org/PSVi5qsi#57,
MUOcb,1r3rk1/3PRp1p/3q2p1/2p5/1p2p3/1Q1bN1P1/5PBP/2R3K1 w - - 1 30,e3d5 c5c4 c1c4 d6d5,1728,76,94,1294,advantage interference middlegame short,https://lichess.org/38PGbiS2#59,
MUjPf,1k1r1r2/4Q1p1/p3p1b1/3pP2p/q1pR1P1P/6P1/1PP1B3/2KR4 w - - 2 29,b2b3 a4a1 c1d2 a1d4,1779,74,80,477,crushing interference middlegame queensideAttack short,https://lichess.org/5Anm9Kt0#57,
MWux0,1r3k1r/pp4bp/3P2pn/3p1qN1/8/1Q2BP2/PP3P1P/2KR3R w - - 0 22,b3d5 b8c8 c1d2 f5d5,1764,78,97,23410,crushing interference intermezzo middlegame short,https://lichess.org/vL34OdRB#43,
MZCgh,r3nrk1/pp1n1pp1/2p4p/3Pq3/4P1b1/P1NB3P/1P2N1P1/R1Q2RK1 b - - 0 18,g4h5 f1f5 e5d6 f5h5,1624,76,87,1796,advantage interference master opening short,https://lichess.org/HxlZEUwH/black#36,Queens_Gambit_Declined Queens_Gambit_Declined_Exchange_Variation
MaSsw,1k1r4/ppp5/8/P6p/1P1P3q/4PQr1/2P3P1/R4RK1 w - - 1 25,f3f6 g3g2 g1g2 d8g8 g2f3 h4f6,1800,76,75,95,attraction crushing endgame interference long sacrifice,https://lichess.org/MmklsfOE#49,
MboIm,2r5/p4bk1/1p2p1B1/3p4/3P2Rp/2r2P1P/P5P1/4R1K1 b - - 1 33,c3c1 g6c2 g7f8 e1c1,1868,78,94,488,advantage discoveredAttack discoveredCheck endgame interference short,https://lichess.org/6AJRJWfW/black#66,
MfOix,3q4/r5pk/bpp2pNp/p1n1pQ2/4P3/2P3R1/P1B2PPP/6K1 b - - 4 32,a6c8 g6f8 h7g8 f5h7 g8f8 h7h8 f8e7 g3g7,1831,128,13,15,crushing deflection discoveredCheck doubleCheck interference middlegame sacrifice veryLong,https://lichess.org/8VdKWWNa/black#64,
MgZ4n,2k5/q6r/1np1pBQ1/3pP3/1p1P4/1P3PN1/2PK1P1p/6rR b - - 4 35,g1h1 g6g8 c8b7 g8h7 b7b8 h7a7 b8a7 g3h1,1862,75,97,5130,crushing exposedKing interference master middlegame veryLong,https://lichess.org/NuYkqpFX/black#70,
MiE5k,r6r/ppp2k2/4b1n1/2p1n1Q1/4Pp2/1P3P2/P3B2P/3R2RK w - - 2 29,e2c4 h8h2 h1h2 e5f3 h2g2 f3g5,1787,77,93,686,advantage attraction fork interference long middlegame sacrifice,https://lichess.org/LDjCtXdK#57,
MiIqW,r2q3r/3n1kb1/2Q1bnp1/1N1p3p/3Pp3/BP2P3/P2N2PP/R4RK1 b - - 2 18,d8b6 b5d6 f7g8 c6a8,1680,78,92,1073,advantage interference master middlegame short,https://lichess.org/2aoHYxKl/black#36,Zukertort_Opening Zukertort_Opening_Kingside_Fianchetto
MjShB,5rk1/pq2n3/Pp1RN1p1/3nPp1p/3P4/6P1/1PrB1PK1/4Q2R w - - 7 31,e6f8 d5f4 g2f1 b7h1,1653,76,94,3889,deflection discoveredAttack discoveredCheck doubleCheck interference mate mateIn2 middlegame short,https://lichess.org/OxMp7VMv#61,
MjelY,R1R5/5prk/2pp1b2/2p2p2/6r1/1P3NP1/P2P1K2/8 b - - 3 40,g4g3 c8h8 h7g6 f2g3,1639,75,94,2517,crushing endgame interference short,https://lichess.org/d64PGUAV/black#80,
MkeRO,2kr4/1p2n1p1/p4pq1/4n3/QPP1R2P/3p4/5PBP/R5K1 w - - 0 24,b4b5 e5f3 g1h1 g6e4,1681,76,88,1330,advantage interference kingsideAttack master middlegame pin short,https://lichess.org/wjLspdXE#47,
MlFWN,8/8/8/2p3p1/2Pp4/2k5/4B3/3K4 w - - 4 46,d1e1 d4d3 e2g4 c3c4,1807,77,95,17283,bishopEndgame crushing endgame interference short,https://lichess.org/nO5bQD6H#91,
Mlde3,2b2r2/5kr1/pp2p1q1/3pRp2/1P1P1P2/2R5/1PP1Q1PP/6K1 b - - 4 31,f8g8 c3c7 f7e8 c7c8 e8d7 c8g8,1720,76,90,3381,crushing interference long middlegame,https://lichess.org/XJUoMBpQ/black#62,
MmILm,2kr2nQ/ppp2p2/3b3p/8/1Pq5/8/PBP2PPP/3R1K1R w - - 0 17,f1g1 d6h2 g1h2 c4h4 h2g1 d8d1,1870,103,62,18,attraction interference kingsideAttack long mate mateIn3 middlegame sacrifice,https://lichess.org/ZU8rBI7N#33,Italian_Game Italian_Game_Anti-Fried_Liver_Defense
Mnldo,4rr1k/p6p/3N2p1/8/5q2/1P3b1P/PbP2QP1/3R1RK1 w - - 0 26,f2f3 b2d4 g1h1 f4d6 f3f8 e8f8,1771,75,76,150,advantage interference long master middlegame,https://lichess.org/ozrYMcuD#51,
MoB24,3k4/1q4r1/1p2p2Q/1Pp2p1p/P1P1n3/6P1/5P1P/5RK1 b - - 1 35,h5h4 h6h8 d8c7 h8g7,1827,75,86,145,crushing endgame interference short,https://lichess.org/aWPQpxfu/black#70,
MpiLU,3Rr2k/2pR2pp/2p1q3/2B5/p3pP2/2P5/PP4PP/6K1 b - - 2 25,h7h6 d7e7 e8d8 e7e6,1898,76,93,245,advantage endgame interference short,https://lichess.org/qLOpYHzU/black#50,
MrVtX,r5k1/pp2p2p/2p1prp1/2n1q2P/2P3Q1/2P5/P1BB2P1/R3K2R w KQ - 0 20,g4e2 e5g3 e1d1 f6f2 e2e3 g3g2,1703,75,91,1898,crushing interference long middlegame,https://lichess.org/uTQUfsuB#39,
MrXtQ,6k1/1r4rB/8/2p1q1P1/8/pP1p3Q/P1P5/1K5R b - - 0 36,g8f8 h3c8 f8e7 c8b7,1613,198,43,9,crushing endgame interference short,https://lichess.org/mOR8kyuM/black#72,
Ms4Qd,8/1R6/p6r/P6p/1P1Pk2K/8/8/8 b - - 0 47,e4d4 b7b6 h6h7 b6a6 d4c4 a6b6,1714,76,85,177,crushing defensiveMove endgame interference long rookEndgame,https://lichess.org/cuQDEZCu/black#94,
MsTCY,2b3rk/p1b2prp/1p3p1N/2pp3Q/3PqP1N/2P1P2P/PP5K/4R1R1 b - - 4 28,g7g1 h6f7 h8g7 e1g1 g7f8 g1g8,1687,77,94,3702,advantage interference intermezzo kingsideAttack long master middlegame,https://lichess.org/beVvp4jd/black#56,
MuFQr,4r1k1/ppp3bp/3p4/3Pnq2/2P2p2/5P1R/PP2NKP1/2RQ4 w - - 4 20,e2d4 e5d3 f2f1 g7d4,1881,72,94,17209,crushing discoveredAttack fork interference middlegame short,https://lichess.org/DSwKbuJX#39,
Mw4gW,6k1/Rrq3pp/2p2b2/2nNp3/8/4PN2/Q4PPP/6K1 b - - 0 25,b7a7 d5f6 g8f8 a2g8 f8e7 g8g7 e7d6 f6e8,1856,74,95,1226,crushing deflection discoveredCheck doubleCheck interference middlegame veryLong,https://lichess.org/avLM1OEa/black#50,
MwLHa,r1b1k2r/pp3ppp/2n1pn2/2bp4/5B2/3BPN2/1qPN1PPP/1R1Q1RK1 b kq - 3 11,b2c3 b1b3 c3a5 b3b5 a5d8 b5c5,1703,75,93,1455,advantage interference long opening,https://lichess.org/wcBKoGA0/black#22,Queens_Pawn_Game Queens_Pawn_Game_London_System
MwMNK,4r1k1/ppp1rpp1/1b1p4/3P1q1P/1P3P2/P1N3P1/2RB3K/3Q1R2 w - - 1 27,c2a2 e7e2 c3e2 f5h5 h2g2 e8e2 d1e2 h5e2,1834,75,98,607,crushing interference master middlegame sacrifice veryLong,https://lichess.org/maFTpGUS#53,
MwOtX,r2kr3/pQpq1pbp/2p1bn1p/8/2PP3P/1P3P2/PB4P1/RN3RK1 b - - 0 20,d8e7 b2a3 e7d8 b7a8,1720,76,89,1287,crushing interference middlegame short,https://lichess.org/waldPD1H/black#40,
MxxHL,R6R/5p2/2p1rk1p/4p1p1/1p2P3/2rn1P1P/6PK/6B1 b - - 3 37,f6e7 a8a7 e7f6 h8h6 f6g7 h6e6,1835,77,95,11274,crushing deflection endgame interference long master masterVsMaster pin,https://lichess.org/ZC8frQVJ/black#74,
MyO5g,4r1k1/1p2qp1p/1bpR2pP/p1p1P3/5PQ1/4B3/6P1/6K1 b - - 3 32,b6c7 d6d7 e7f8 d7c7,1874,74,86,344,advantage endgame interference short,https://lichess.org/T2WHywAK/black#64,
N0e60,r2r3k/p4pp1/4p2p/2pq3P/PpNb2Q1/1B3P2/1PP5/2KRR3 w - - 2 31,c4e5 d4e3 c1b1 d5e5,1866,77,93,1888,advantage interference master middlegame short,https://lichess.org/oZg9FdxG#61,
N1f7N,6k1/5p1p/q3p1p1/6P1/1QPp1n1P/rP6/P2R1P2/K2R4 w - - 0 30,d2d4 a3a2 a1b1 a2a1 b1c2 a6a2 c2c3 f4e2 c3d3 a1d1,1672,74,93,2542,crushing endgame fork interference veryLong,https://lichess.org/ovGOjC4V#59,
N1lDM,8/8/2P3r1/8/8/1P1K1kp1/P7/2R5 w - - 8 49,b3b4 g6d6 d3c2 d6c6,1857,87,88,51,crushing endgame interference rookEndgame short,https://lichess.org/8ejbcKG7#97,
N21NS,r1b2rk1/p3bp1p/2pp1p2/4p3/4PP2/2NQ4/PqP1B1PP/R4R1K b - - 1 13,b2a3 c3d5 a3d3 d5e7,1895,76,91,1950,advantage interference middlegame sacrifice short,https://lichess.org/IpGpg78y/black#26,Sicilian_Defense Sicilian_Defense_Old_Sicilian
N25sm,r3r3/1p2kp2/2p4Q/p5P1/4pq2/7P/PP3P2/3RR1K1 b - - 1 27,e8h8 e1e4 f4e4 h6f6 e7f8 f6h8,1772,76,93,236,crushing endgame interference long sacrifice,https://lichess.org/zWUyzcbw/black#54,
N26Fp,r4rk1/5pp1/6p1/p2Q3n/3N4/2p2P2/PP4qR/1K5R b - - 1 27,g2g3 h2h5 c3c2 d4c2 g6h5 d5h5 f7f5 h5h7 g8f7 h7f5,1871,106,79,42,advantage interference middlegame veryLong,https://lichess.org/molg3Wfm/black#54,
N27W3,3r2k1/2b3q1/2p1Rr1p/p1Pn4/1p5P/6P1/PP3PB1/2Q1R1K1 b - - 2 33,g7f7 g2d5 c6d5 e6e7 f7g6 e7c7,1798,74,95,1911,advantage interference long middlegame,https://lichess.org/CwfraTDa/black#66,
N3aRG,r2qnrk1/3b1pbp/6p1/2PQ4/1n2N1P1/pP2B1NP/P4P2/2KR1B1R w - - 1 19,d5d7 b4a2 c1d2 d8d7,1647,76,92,1756,advantage interference intermezzo master masterVsMaster middlegame queensideAttack short,https://lichess.org/3PShJqTW#37,
N3ob0,5r1k/5q1p/p1p2r2/6p1/2pP1p1R/2P4P/PP2Q1P1/5RK1 w - - 0 33,h4h5 f4f3 f1f3 f7h5,1729,75,89,118,advantage endgame interference short,https://lichess.org/w4T8YJMe#65,
N3xI1,r1b1q1k1/ppp2rbp/1n3np1/4p1N1/3P4/1QP1P3/PP4PP/RNB2RK1 w - - 0 12,g5f7 c8e6 b3c2 e6f7,1828,76,94,7666,advantage interference master middlegame short,https://lichess.org/cfQN4HEL#23,Indian_Defense Indian_Defense_Other_variations
N4pxS,r4r2/p2k3p/1bp5/3p4/6Q1/6B1/PP1q2PP/3R3K b - - 1 25,d7d8 g3h4 d8c7 g4g7 c7c8 g7f8,1659,80,75,65,crushing exposedKing interference long middlegame,https://lichess.org/qdhRlICw/black#50,
N57rG,4rk2/R7/p5p1/2N5/1p3P2/6K1/1P2b3/8 b - - 5 38,e8e3 g3f2 e3e8 c5d7 f8g7 d7e5 g7g8 f2e2,1632,75,93,2269,crushing defensiveMove discoveredAttack discoveredCheck endgame exposedKing interference veryLong,https://lichess.org/rwDMOxiP/black#76,
N5MRm,4rrk1/p7/2p1Rn1p/3p2p1/8/1P1B3P/P1P3P1/4R1K1 w - - 1 23,g1f1 f6e4 f1g1 e8e6,1721,76,94,1146,crushing discoveredAttack discoveredCheck endgame interference short,https://lichess.org/ztHjyKgF#45,
N5nrw,8/1p6/p7/7p/1R3k2/8/PPr2r2/1K4R1 b - - 3 35,f4e3 g1g3 e3d2 b4d4 d2e1 g3g1 e1e2 b1c2,1804,74,98,1179,crushing endgame interference rookEndgame veryLong,https://lichess.org/nYCo2qZZ/black#70,
N7O96,1R6/8/8/R7/3k2K1/p3r1P1/r7/8 b - - 9 48,a2g2 b8b4 d4c3 a5a3 c3b4 a3e3,1802,76,91,447,advantage endgame interference long master rookEndgame skewer,https://lichess.org/ugUnJqiG/black#96,
N7sj8,8/pp3pNp/3r4/8/4kP2/P1B3K1/1P5P/8 w - - 5 33,c3e5 d6g6 g3h4 f7f6 e5c3 g6g7,1739,78,92,2133,advantage endgame interference long,https://lichess.org/rmz7z4xs#65,
N8QOZ,4r2k/7p/p3q2b/1p6/5p2/P1P1p1P1/1PN1Q2P/3R3K w - - 0 37,g3f4 e6e4 e2g2 e3e2 d1e1 e4c2,1764,76,93,7921,advancedPawn crushing endgame interference long,https://lichess.org/zvRzBbSU#73,
N9q6P,r4rk1/ppp2qb1/3p3p/4n3/2P3bP/2N3N1/PP1Q2P1/2K1RB1R b - - 1 19,e5c4 f1c4 f7c4 e1e4 c4c5 e4g4,1818,77,93,1015,advantage interference long middlegame,https://lichess.org/y0U3ULj1/black#38,
NDpNY,2rqr1k1/pb4pp/1p3n2/3pNp2/3pnP2/B1PQP1P1/P1B4P/2R2RK1 w - - 0 18,c3d4 c8c3 d3e2 c3a3,1615,74,83,214,crushing interference master middlegame short,https://lichess.org/AY0RvqIm#35,Queens_Gambit_Declined Queens_Gambit_Declined_Exchange_Variation
NFZud,3rnrk1/1p2q1b1/p6p/2p1pbN1/P6Q/3P3P/1PPB2B1/R4RK1 b - - 0 24,h6g5 d2g5 e8f6 f1f5,1620,74,93,4613,advantage interference middlegame short,https://lichess.org/cbs72fmK/black#48,
NHI6M,5rk1/1pp3Bp/1p6/1P1p4/3q4/5pQP/P4rn1/6K1 b - - 0 29,f2e2 g7d4 g8f7 g3f3 g2f4 f3f4,1824,74,85,580,crushing discoveredAttack discoveredCheck endgame fork hangingPiece interference long,https://lichess.org/itmmav26/black#58,
NJG0Q,8/1b3Qpk/7p/p1p2P1P/P7/1Pq5/2P1pP2/R3K1R1 w - - 1 32,e1e2 b7f3 e2f1 c3a1,1690,76,94,230,endgame interference mate mateIn2 short,https://lichess.org/7NwuqMNB#63,
NJHLD,5rk1/2p5/pp2q2p/4P1P1/1Pb2r2/P5Q1/5RP1/3R2K1 b - - 0 28,f4f2 g5h6 g8f7 g3f2 f7g6 f2f8,1897,75,88,151,crushing discoveredAttack discoveredCheck endgame exposedKing interference intermezzo long skewer,https://lichess.org/woUL2Us1/black#56,
NKyt6,2r2k1r/8/p4q2/1p3np1/6Q1/P2R1P2/1PP5/1K2R3 b - - 2 34,f5e7 e1e7 f8e7 g4d7 e7f8 d7c8,1713,75,95,15452,advantage attraction exposedKing interference long master middlegame sacrifice,https://lichess.org/lPyEgpJH/black#68,
NM0UM,1r4k1/5pPp/2p2P2/4p3/4N2q/2BP1Q2/r1P2R2/6K1 w - - 4 32,f2h2 b8b1 g1g2 a2c2 c3d2 c2d2 e4d2 h4g5,1741,75,92,3695,crushing exposedKing interference middlegame veryLong,https://lichess.org/Xrfaqg7u#63,
NMWFb,2q3k1/4Q1p1/p3p3/1p1pP1P1/3P4/1P2B3/r4PK1/8 b - - 0 40,a2c2 g5g6 c2c7 e7h4 g8f8 h4h8 f8e7 h8g7,1862,75,95,648,clearance crushing deflection endgame interference quietMove veryLong,https://lichess.org/X0887Cja/black#80,
NN24C,r3k2r/3pb1pp/ppR5/5p2/Q1Pp3q/3P2N1/PP3PPP/R5K1 b kq - 0 18,d7c6 a4c6 e8f7 c6d5 f7f8 d5a8,1830,77,91,537,crushing exposedKing fork interference long middlegame,https://lichess.org/JQd2nUQK/black#36,Sicilian_Defense Sicilian_Defense_Old_Sicilian
NNeEs,2r2b2/5pkp/2N1p1p1/1p1nP3/1p1B1P2/1P3KPP/P1R5/8 w - - 11 32,f3e4 d5c3 e4d3 c8c6,1784,75,85,904,advantage endgame interference master short,https://lichess.org/Cpq4Qzz8#63,
NQ7Zo,2kr1br1/pp2pp1p/2p2pb1/3q4/3N1BP1/3B3P/PP3P2/2RQ2KR b - - 1 18,d5d4 c1c6 b7c6 d3a6 c8d7 d1d4,1771,72,95,14903,crushing discoveredAttack interference long middlegame queensideAttack sacrifice,https://lichess.org/JpLqrDx4/black#36,Caro-Kann_Defense Caro-Kann_Defense_Two_Knights_Attack
NRtlo,r2q4/3k2b1/b3p1P1/p1pNP3/5P2/8/PP1B4/n2K3Q b - - 0 27,e6d5 h1d5 d7c8 d5a8 c8c7 a8a6,1625,77,92,2004,crushing exposedKing fork interference long middlegame,https://lichess.org/lh4h1IYP/black#54,
NS0rs,8/p1r3pk/4R2p/5N2/3P1p2/r7/5P2/6RK w - - 0 31,e6g6 a3h3 h1g2 h7g6,1680,75,86,1754,advantage endgame interference short,https://lichess.org/BT26Cx8r#61,
NSLtu,b1rr1k2/5p1Q/1q2ppB1/ppN5/1P1P3P/P7/3b2PB/6K1 b - - 1 36,b6a7 c5e6 f8e8 h7g8 e8d7 g8f7,1804,76,94,6888,crushing deflection interference long middlegame pin,https://lichess.org/SLh0pPVb/black#72,
NSVP1,8/6P1/8/8/2k1PK1R/r6p/1p6/8 b - - 0 59,b2b1q g7g8q c4c3 h4h3,1737,88,55,39,advancedPawn crushing endgame interference promotion short,https://lichess.org/JMmIfBen/black#118,
NSeql,r7/pp2k2R/4P3/2p2B2/1q1p1b2/5P2/P5P1/3KR3 b - - 8 32,e7d6 h7d7 d6c6 f5e4 c6b5 d7b7 b5a5 b7b4,1682,75,91,3127,crushing deflection endgame interference skewer veryLong,https://lichess.org/ZUVxtJmD/black#64,
NSjAO,7Q/p2R1pp1/4pk1p/7P/8/2P1KN2/1q3Pn1/3R4 w - - 0 29,e3e4 b2e2 e4d4 e2d1 d4c5 d1d7,1805,76,94,309,advantage endgame fork interference long skewer,https://lichess.org/g7zkxlSy#57,
NSuOy,Qn2k1nr/p2b1ppp/3bp3/8/2q5/4P3/PP1B1PPP/RN2K1NR w KQk - 1 11,b1c3 d7c6 a8a7 c6g2,1608,75,93,2051,advantage interference opening short,https://lichess.org/tYPtcFIU#21,Queens_Pawn_Game Queens_Pawn_Game_Other_variations
NTDuD,r5k1/ppq3p1/5r2/n2p2Np/3P1pbP/R1PQ1N2/4KPP1/7R b - - 5 22,a5c4 d3h7 g8f8 h7h8 f8e7 h8g7,1729,77,93,895,advantage deflection interference kingsideAttack long master middlegame,https://lichess.org/M8pdYebN/black#44,
NTMDM,r7/1pp1q1k1/p4n2/4pB2/P4p1r/1P6/1B2Q1P1/4RNK1 w - - 0 32,b2e5 e7c5 f1e3 c5e5,1839,78,93,1647,advantage interference middlegame short,https://lichess.org/OuZgb57J#63,
NTggj,2rqkb1r/4p3/p3P2p/1p2n1B1/5Qn1/1BNb4/PP3PPP/3RK1NR b Kk - 0 21,h6g5 f4f7 e5f7 e6f7 e8d7 d1d3 d7c6 d3d8,1875,81,74,55,advancedPawn advantage attackingF2F7 interference middlegame sacrifice skewer veryLong,https://lichess.org/RwNuE8zU/black#42,
NU4mB,r3k2r/5p1p/p2Q1p2/q7/2p1p3/2P5/PPN3PP/R5K1 b kq - 0 24,a5e5 d6c6 e8e7 c6b7 e7f8 b7a8,1724,76,84,389,advantage endgame fork interference long,https://lichess.org/83ljeLOY/black#48,
NU8ol,rn2k2r/ppp2ppp/3q3n/3p4/3Pp1b1/2P1PPP1/PP1N2P1/R2QKBNR w KQkq - 1 9,f3g4 d6g3 e1e2 h6g4 d1e1 g3e3 e2d1 g4f2 d1c2 e3e1 a1e1 f2h1,1843,75,87,367,crushing deflection exposedKing fork interference intermezzo opening veryLong,https://lichess.org/vexSMn8Z#17,Englund_Gambit Englund_Gambit_Other_variations
NVQKn,4r1k1/pp6/2pp1pqB/8/2P1P1bR/2Q5/P5K1/5R2 w - - 0 44,c3f6 g4f3 g2f3 g6f6,1850,79,93,2592,advantage attraction discoveredCheck doubleCheck interference intermezzo master middlegame short,https://lichess.org/0tvwCAgy#87,
NVVVP,r6r/p1p1q1pk/1p1bpn1p/8/4N2N/4BQ1P/PP3PP1/R5K1 b - - 11 23,f6e4 f3e4 h7g8 e4a8,1862,75,74,119,crushing interference middlegame short,https://lichess.org/5SN8odYA/black#46,
NVaa7,3r4/3r2p1/1Bp1pp2/5k1p/pRP1nP1P/P4NP1/4P1K1/3n1R2 b - - 1 33,d8b8 f3d4 f5g4 f1d1,1706,77,93,3609,crushing interference master middlegame short,https://lichess.org/x6n1QdNe/black#66,
NVcyb,Qnb2k1r/5B1p/p1n3p1/4P3/4P3/8/PqP3PP/1N3R1K b - - 0 19,c8b7 f7b3 f8g7 a8b7,1888,75,82,109,advantage discoveredAttack discoveredCheck interference middlegame short,https://lichess.org/AUuFshdk/black#38,Sicilian_Defense Sicilian_Defense_Wing_Gambit
NVmJu,r1r3k1/1p3pp1/p6B/5Q2/3pP3/8/qPP2P1P/1NK4R w - - 1 21,f5g5 c8c2 c1c2 a8c8 c2d1 a2b1,1785,76,86,132,attraction crushing deflection interference long middlegame queensideAttack sacrifice,https://lichess.org/ZI63ODCJ#41,
NVuSx,4k3/3q3p/3Pp1p1/1p6/3Q4/2P1K3/7P/8 b - - 4 38,d7b7 d4h8 e8d7 h8h7,1606,79,93,352,crushing endgame interference queenEndgame short,https://lichess.org/3QkZtnM3/black#76,
NWGuQ,rnb1k1nr/5pp1/2pp1q2/1p5p/p2bP3/P6P/BPP1NPP1/R1BQ1RK1 b kq - 1 12,d4e5 f2f4 e5b2 e4e5 f6e7 c1b2,1891,75,86,231,advantage interference intermezzo long opening,https://lichess.org/g1vz0Tdy/black#24,Kings_Pawn_Game Kings_Pawn_Game_McConnell_Defense
NWjna,b7/q3rpk1/2p1p1p1/p5QN/P6P/2P3P1/1P2K1B1/3n4 b - - 0 30,g7f8 g5h6 f8e8 h5f6 e8d8 h6f8 d8c7 f8e7,1886,80,92,2450,crushing deflection interference middlegame veryLong,https://lichess.org/XjhPoreF/black#60,
NWnJJ,r1b1R1kr/1p4p1/2p2nN1/p2p3p/3q4/2N2Q1P/PP3PP1/R5K1 b - - 3 20,f6e8 g6e7 g8h7 f3h5,1828,81,96,17885,anastasiaMate interference kingsideAttack mate mateIn2 middlegame short,https://lichess.org/shMdRHh3/black#40,
NXJqH,r1b1kb1r/p1p2ppp/2pp1n2/8/6q1/2P1B3/PPQNBPPP/R3K2R b KQkq - 5 12,g4g2 e2f3 g2h3 f3c6 c8d7 c6a8,1613,74,94,11397,advantage fork interference long middlegame,https://lichess.org/uK4W5Ye4/black#24,Ponziani_Opening Ponziani_Opening_Jaenisch_Counterattack
NYRkD,2kr3r/pp3pp1/1npbp1p1/5q2/3P4/6PP/PPP1QPB1/R1BR2K1 b - - 2 16,h8h3 g3g4 f5f6 g2h3,1783,76,95,14214,advantage interference intermezzo master middlegame short,https://lichess.org/XTpSczwU/black#32,Scandinavian_Defense Scandinavian_Defense_Main_Line
NZXBn,R7/6pk/7p/p3r3/PpB4P/5p2/1PP2n2/2K5 b - - 1 26,e5h5 c4g8 h7g6 a8a6 g6f5 a6a5,1747,74,94,6435,crushing endgame interference long,https://lichess.org/73mB5NGN/black#52,
NZaPF,r1bq1rk1/p4ppp/1bp5/n3p3/4n3/2NB1Q1P/PPPP1PP1/R1B2RK1 w - - 0 14,d3e4 f7f5 e4c6 e5e4 f3e2 a5c6,1786,77,94,9561,advantage interference intermezzo long opening,https://lichess.org/zbumiIU2#27,Italian_Game Italian_Game_Two_Knights_Defense
NaILr,2r2r1k/6pp/8/8/1p1N1qP1/pP5P/PnP1Q3/N1KR3R w - - 5 28,e2d2 b2d3 c1b1 f4d4,1819,75,85,142,crushing interference middlegame pin queensideAttack short,https://lichess.org/h40QGNRa#55,
Nb3dZ,r2q1r2/p2k2p1/1p1Bp1p1/2p1PnN1/2PnQ3/7P/PP4P1/3R2K1 b - - 11 24,d8g5 e4b7 d7e8 b7a8 g5d8 a8d8,1600,75,88,305,advantage interference long middlegame,https://lichess.org/MEzMp1Al/black#48,
NbN7a,2r3k1/5pbp/2P3p1/3p1qP1/3Q1B1P/1P6/1PR5/2K5 w - - 2 36,d4a4 d5d4 c1b1 f5f4,1656,76,76,88,crushing endgame interference quietMove short,https://lichess.org/UGwjt6FH#71,
Nbp6d,br3rk1/b1p1qpp1/p2p3p/1p2N3/3PP1Q1/2P5/PP3PPP/R1B1R1K1 w - - 0 16,e5d7 f7f5 g4g3 e7d7,1634,75,93,599,advantage interference middlegame short,https://lichess.org/eluE1GSG#31,Italian_Game Italian_Game_Anti-Fried_Liver_Defense
NcZcp,3q1rk1/1p2bppp/pn4b1/3pB3/3N4/1B6/PP3PPP/2Q1R1K1 b - - 0 20,e7f6 e5c7 d8d7 c7b6,1758,76,90,1156,advantage interference master middlegame short,https://lichess.org/ArAkjsSE/black#40,
Ne9R5,5k1r/2p2p2/1pBb1Qp1/p2N4/3P3r/P3P2P/1P2qPK1/2R4R w - - 5 32,c1e1 h4g4 h3g4 e2g4 g2f1 h8h1,1717,76,95,20128,deflection interference long mate mateIn3 middlegame sacrifice,https://lichess.org/qUvadlCd#63,
NeVNm,r1b1k2r/pp2bppp/4pn2/qN1p4/1n1P1B2/P3P3/5PPP/R2QKBNR w KQkq - 0 10,a3b4 e7b4 e1e2 a5b5,1750,75,84,265,advantage interference opening short,https://lichess.org/XW5X8hJK#19,Indian_Defense Indian_Defense_Normal_Variation
NejXw,2r3k1/p2R2b1/1p3qNr/n3pP1p/2b1B3/2P3Q1/P5P1/4R1K1 b - - 3 34,c8d8 g6e7 g8h7 d7d8,1761,78,85,49,crushing interference master middlegame short,https://lichess.org/0m4KpT7u/black#68,
NexJ7,2k1r3/2bq4/8/2Q5/4p1pp/6P1/2P2P1P/R5K1 b - - 6 35,h4g3 a1a8 c8b7 c5a7 b7c6 a7a4 c6d6 a8a6 d6e7 a4e4 e7f8 a6f6,1827,83,81,43,crushing endgame exposedKing interference veryLong,https://lichess.org/6AP24ozs/black#70,
NfQFG,1rb1kb1r/p1q2pp1/2p4p/n3p3/B3Q3/8/PPPP1PPP/RNB1K2R w KQk - 1 12,e1g1 b8b4 e4e2 b4a4,1725,75,95,7718,advantage interference opening short,https://lichess.org/VvyDRQ9b#23,Italian_Game Italian_Game_Two_Knights_Defense
Nhf1D,r4r2/p7/1ppkp3/3p4/3QN1P1/6KP/PPq5/3R4 b - - 1 31,d6c7 d4g7 c7c8 g7f8,1887,83,77,35,crushing endgame interference short,https://lichess.org/V6JiaOUL/black#62,
Nk7bk,r4rk1/pppq2pp/5R2/6N1/1b1P4/3Q1PK1/PP5P/R7 b - - 0 22,f8f6 d3h7 g8f8 h7h8 f8e7 h8g7 e7e8 g7f6,1861,120,83,24,advantage deflection interference middlegame veryLong,https://lichess.org/qw7TeqLH/black#44,
NkRvi,r4rk1/1p1qbppp/3p4/2pPpb2/1p2B3/3P2PP/PP1BQP1K/R4R2 b - - 2 18,f5h3 e2h5 f7f5 h5h3,1896,163,100,17,equality interference middlegame short,https://lichess.org/KJ299nLY/black#36,
Nmqgc,r5r1/2k5/1pppQ2p/2p1b3/3p1q2/6P1/1PP2P1P/R4RK1 b - - 1 28,f4f8 a1a8 f8a8 e6f7 c7b8 f7g8,1638,75,99,857,crushing interference long middlegame,https://lichess.org/oO8OiWjF/black#56,
NnMPj,6r1/1N2P3/1p4r1/p2P4/2Pk4/1P3K2/P7/4R3 w - - 4 42,e7e8q g6f6 f3e2 g8e8,1606,76,96,6963,advantage endgame interference short,https://lichess.org/T39SoFYF#83,
Nolso,r2qk2r/ppbn4/2p1pnQp/2Pp2p1/3P3B/2N1P3/PP3PPP/R3K2R b KQkq - 1 14,e8e7 g6g7 e7e8 g7h8 e8f7 h8d8 c7d8 h4g3,1644,75,67,137,advantage defensiveMove interference middlegame veryLong,https://lichess.org/ZsHLVSr9/black#28,Queens_Gambit_Declined Queens_Gambit_Declined_Baltic_Defense
NpGr3,1k1r3b/qpNb4/B2P1pp1/4p3/3n4/8/P1QB1PP1/1R2K3 w - - 7 30,c2g6 d7f5 g6f7 f5b1,1714,79,94,383,advantage fork interference master middlegame short,https://lichess.org/omAWLHqp#59,
NqceS,3r1b1r/pp3kpp/8/2q1pP2/2Qnp1P1/7P/PPP5/R1B1KB1R b KQ - 4 18,f7f6 g4g5 f6e7 c4c5,1874,75,87,288,crushing interference master middlegame short,https://lichess.org/Q4eeXX12/black#36,Caro-Kann_Defense Caro-Kann_Defense_Advance_Variation
NrhrH,6k1/ppp5/6p1/3P1q2/2Q5/8/PP6/2K5 b - - 2 39,f5e5 d5d6 g8h7 d6c7,1860,75,84,238,advancedPawn crushing discoveredAttack discoveredCheck endgame interference queenEndgame short,https://lichess.org/ruZ2YOv8/black#78,
NrmTi,5kB1/8/7p/1r1p1P2/1np5/4PK2/1P4RP/8 w - - 1 51,f3f4 b4d3 f4g4 f8g8,1825,83,77,53,crushing endgame interference master short,https://lichess.org/KWmoukzg#101,
NsSWx,r1q2rk1/npp3pp/8/p1N1pp2/8/P1PP1Q2/1P3PPP/R4RK1 w - - 2 17,c5b7 e5e4 d3e4 c8b7,1771,76,92,1647,advantage interference intermezzo middlegame short,https://lichess.org/BfjulIC8#33,Kings_Pawn_Game Kings_Pawn_Game_Tayler_Opening
Nsrps,Nn1r2k1/6b1/2q3pp/pp6/P3p1PN/2p4P/1PKBB3/R4Q1R w - - 0 25,b2c3 d8d2 c2d2 c6c3 d2d1 c3a1,1837,76,93,417,attraction crushing interference long master middlegame,https://lichess.org/kKZadQmJ#49,
NtSBT,3r2k1/5p1p/5qp1/Q7/3b3r/4B2P/B5P1/1R3N1K w - - 3 37,e3g5 h4h3 f1h2 h3h2 h1h2 d4e5 h2g1 f6g5,1775,77,92,191,advantage attraction interference middlegame veryLong,https://lichess.org/LajbBKrf#73,
NuFvl,8/8/5k2/7p/6bP/3B1pP1/1r3P2/4RK2 w - - 5 42,d3e4 g4h3 f1g1 b2e2 e1d1 e2e4,1800,77,92,1872,crushing endgame interference long,https://lichess.org/fr037Xzp#83,
NutDC,2kr4/Qpq2p2/p3p3/3P4/3R4/6r1/PP6/K2R4 b - - 0 31,e6d5 a7a8 c7b8 d1c1 c8d7 d4d5 d7e6 d5d8,1705,76,89,192,advantage deflection endgame interference veryLong,https://lichess.org/gMNuQGkZ/black#62,
Nw7ga,2kr4/pp1b2p1/2pq4/3p2PB/3P4/P3QR2/1PP5/1K6 b - - 0 30,g7g6 f3f6 d6h2 h5g6,1615,74,85,1815,crushing endgame interference master short,https://lichess.org/ASYfcUI7/black#60,
NxDP7,5k2/2q2p1p/4RQpP/1b1p4/r7/8/5PP1/6K1 b - - 0 36,a4a1 f6a1 f7e6 a1h8 f8e7 h8h7 e7d6 h7c7,1735,97,75,29,crushing endgame interference veryLong,https://lichess.org/xI1KyZbi/black#72,
Ny2Ju,8/6bk/p3q1rp/4P3/1p2Q2P/5N2/1P3PP1/6K1 b - - 4 32,e6g4 f3g5 h6g5 e4g4,1720,76,95,6020,advantage endgame interference short,https://lichess.org/obJ7ha6y/black#64,
NyBHZ,Qn3rk1/p4ppp/2pbp3/7q/2BP1Pn1/2N5/PPPB1P2/R3RK2 w - - 0 16,c3e4 h5h1 f1e2 h1e4,1892,75,86,313,advantage interference middlegame short,https://lichess.org/vgET3qQk#31,Scandinavian_Defense Scandinavian_Defense_Main_Line
NzS81,3rqr2/1p1b1kpQ/p2Ppb1p/n2n4/8/PP3N2/5PPP/RBB1R1K1 b - - 0 22,f8h8 b1g6 f7f8 h7h8,1617,75,86,116,interference mate mateIn2 middlegame short,https://lichess.org/QXbgQ9Ll/black#44,
O0t9B,r1bqk2r/pp1p1ppp/2n1p3/8/3P4/P1nB1N2/2Q2PPP/R1B1K2R b KQkq - 1 10,d8a5 c1d2 c6b4 c2c3 b4d3 c3d3,1662,74,96,13138,advantage interference long opening,https://lichess.org/9b4VgWkf/black#20,Sicilian_Defense Sicilian_Defense_Alapin_Variation
O1PFN,8/r2b2kp/p3pbp1/1p1B4/3PN3/4P3/1P3PPP/2R3K1 w - - 0 26,d5c6 a7c7 e4c5 c7c6,1700,75,95,10280,advantage endgame interference short,https://lichess.org/gvczU4Dp#51,
O20iC,5r1k/p1p3pp/1p6/4Q3/2Bn3q/8/PPP2PPP/R3R1K1 w - - 1 21,g2g3 d4f3 g1f1 h4h3 f1e2 f3e5,1893,86,48,29,crushing fork interference long middlegame,https://lichess.org/ABcdYqEw#41,
O2hDK,8/1k1q4/1p6/4p3/4P3/3K4/1Q5P/8 w - - 5 46,d3e3 d7h3 e3d2 h3h2,1740,77,82,101,crushing endgame interference queenEndgame short,https://lichess.org/cxRT3Fnk#91,
O3icd,6k1/1pp2pb1/5qpp/2pP4/2P3P1/pP5P/P2Q1P2/2K1R3 w - - 1 23,f2f4 f6a1 c1c2 a1a2,1747,75,95,2715,crushing endgame interference queensideAttack short,https://lichess.org/H43cyLQf#45,
O3sUT,3r3r/2Q2kp1/6p1/1B1P3n/4P3/2b2PPq/P4K1P/7R b - - 1 29,f7f6 c7c3 f6f7 c3c7 f7g8 c7d8,1623,76,84,295,crushing hangingPiece interference long middlegame,https://lichess.org/BHS5R7zd/black#58,
O4eLg,2rq2k1/pp3p2/7R/3pr3/1P4P1/P2Q4/2P2PK1/8 b - - 0 27,d8c7 d3h7 g8f8 h7h8 f8e7 h8f6 e7e8 h6h8 e8d7 f6f7,1804,76,91,217,advantage deflection endgame interference veryLong,https://lichess.org/LA55jse6/black#54,
O4yXS,2kr4/1pp5/p3pn1p/1q2p1p1/1P2P1P1/2PR1N1P/2Q2P2/2K4R b - - 0 21,d8d3 c3c4 b5d7 f3e5 d7d4 e5d3 d4a1 c2b1,1815,81,91,132467,advantage endgame fork interference veryLong,https://lichess.org/IjLx2UYz/black#42,
O5Zm5,3qk2r/2p2ppp/p1N1b3/2Pp4/P2P4/1rP5/3nQPPP/R4RK1 b k - 1 20,d8g5 f2f4 g5f6 e2d2,1792,76,91,3611,advantage interference middlegame short,https://lichess.org/Qn0QWAfW/black#40,
O6DAG,2kr3r/Rpp1ppbp/4b3/8/1P6/2P2B2/3q1PPP/3Q1RK1 b - - 0 15,d2d1 a7a8 c8d7 f1d1 e6d5 d1d5,1627,76,94,3132,advantage interference intermezzo long master middlegame queensideAttack,https://lichess.org/cG0N5gbo/black#30,Alekhine_Defense Alekhine_Defense_Scandinavian_Variation
O6J1T,8/R5p1/8/8/P4krb/7K/5P2/8 b - - 3 47,h4f2 a7f7 f4g5 f7g7 g5f6 g7g4,1754,74,96,6551,crushing deflection endgame interference long skewer,https://lichess.org/2JosGFov/black#94,
O6aA6,4r1k1/pp4p1/4q1pp/3r4/1P1P1P2/4P1R1/1B1Q3K/6R1 w - - 0 29,g3g6 d5h5 h2g2 e6g6,1728,75,100,179,crushing interference intermezzo middlegame short,https://lichess.org/wKyqWSMr#57,
O9YAG,6k1/1pp5/p2p1bq1/3Pp3/2P1Ppb1/5N2/PP3QK1/4R3 w - - 0 30,g2f1 g4h3 f1e2 g6e4,1733,74,88,124,crushing endgame interference master short,https://lichess.org/vtFsBDxn#59,
O9xuh,r3r1k1/1p3p1p/1q4p1/2p1n3/1PPnN3/6PP/3Q1PB1/1R3RK1 w - - 1 24,d2h6 e5f3 g1h1 e8e4,1873,76,92,3022,crushing discoveredAttack interference kingsideAttack master masterVsMaster middlegame short,https://lichess.org/57uSYehZ#47,
OA8vl,2r2rk1/1b2npbp/ppq3p1/3pP3/NP3P2/PB6/5BPP/R2Q1RK1 w - - 5 22,a4b6 d5d4 d1g4 c6b6,1644,75,85,305,crushing interference intermezzo middlegame quietMove short,https://lichess.org/hIR5NyXh#43,
OAR0r,7k/6p1/4Q2p/7P/1p2PK2/1P4P1/5q2/8 w - - 8 65,f4e5 f2g3 e5d4 g3c3 d4d5 c3b3 d5d6 b3e6,1686,75,89,1459,crushing endgame interference queenEndgame veryLong,https://lichess.org/yGKePqD9#129,
OAmfV,1r5r/2p1kppp/2Bbp3/p6b/8/2P1BP1P/P4P2/1R1R2K1 b - - 1 17,d6e5 e3g5 f7f6 d1d7 e7f8 b1b8,1854,75,96,2606,crushing interference long middlegame,https://lichess.org/9OuqePL3/black#34,Zukertort_Opening Zukertort_Opening_Lemberger_Gambit
OBB9S,8/5pk1/3b2p1/3Pp2p/Pp1p3P/3P4/2r1BPP1/R4K2 w - - 0 39,a4a5 b4b3 e2d1 b3b2 a1b1 c2c1 b1b2 c1d1,1754,112,53,15,advancedPawn crushing endgame interference veryLong,https://lichess.org/IH6MP60y#77,
OBDwz,5rk1/1p3ppn/1b2q2p/pPpRPn2/2P5/P6P/1BQ2PP1/5RK1 b - - 4 24,f5d4 b2d4 c5d4 d5d6 e6e5 d6b6,1616,75,94,1836,advantage interference long middlegame,https://lichess.org/5NW6WCps/black#48,
OBFca,6r1/1p4rk/p3p2p/P1pnP3/5PB1/5K1R/8/7R b - - 0 50,g7g4 h3h6 h7g7 f3g4,1611,74,100,892,advantage endgame interference short,https://lichess.org/wEoM3mVT/black#100,
OBSUQ,2kr3r/p3qppp/1p2bn2/4pB2/8/1NP2Q2/P1P2PPP/3R1RK1 b - - 3 18,e6f5 f3a8 c8c7 a8a7,1744,152,46,15,crushing interference middlegame queensideAttack short,https://lichess.org/6tn1qLts/black#36,Sicilian_Defense Sicilian_Defense_Godiva_Variation
OBgYf,3k4/3n4/pp6/3bP1r1/3P1p2/1P4P1/P4K2/2R1R3 w - - 0 31,e5e6 f4g3 f2e3 d5e6,1877,77,93,8585,advantage endgame interference master short,https://lichess.org/NyX9blTz#61,
ODSHq,4k1r1/1br2q2/p3pP1Q/3pPN2/8/P7/P4P1K/1R6 b - - 4 30,g8g6 f5d6 e8d7 d6f7 g6h6 f7h6,1652,76,97,2086,advantage fork interference long middlegame,https://lichess.org/xui2zgDf/black#60,
OECkS,r1r3k1/1p3ppp/1q2pn2/p2pNb2/1b1P1B2/4P2P/3NBPP1/R2Q1RK1 w - - 0 15,d2b3 f5c2 d1c1 c2b3,1638,76,95,19185,advantage interference middlegame short,https://lichess.org/tWEOU0n1#29,Indian_Defense Indian_Defense_Other_variations
OEGJC,6k1/5p1p/6p1/R5b1/4P1P1/p1r2PK1/5N2/8 w - - 0 43,a5g5 f7f5 e4f5 a3a2,1891,71,94,14532,advancedPawn crushing endgame interference short,https://lichess.org/yyLKk5Y2#85,
OFFP7,1kr5/1p3q1p/1Q2bpp1/2r1p3/3pPP2/2nP2NP/6P1/RR1B2K1 b - - 0 32,c3b1 b6a7 b8c7 a7c5,1815,79,95,17813,crushing interference master middlegame queensideAttack short,https://lichess.org/TO00Rtsb/black#64,
OFylq,r1b1kb1r/2p2ppp/p1n1p3/3qP3/Q1pP4/5N2/P4PPP/R1B1KB1R w KQkq - 2 11,f1c4 f8b4 c1d2 d5c4,1861,75,95,16051,crushing interference intermezzo middlegame short,https://lichess.org/wTrKTe4p#21,Queens_Gambit_Accepted Queens_Gambit_Accepted_Bogoljubov_Defense
OGTTS,r3k2r/3P1pbp/p2Q2p1/8/P2qP3/8/5PPP/2B2RK1 b - - 0 18,e8d8 c1g5 f7f6 d6d4,1781,79,80,79,crushing interference middlegame short,https://lichess.org/wYwt4W4E/black#36,Grunfeld_Defense Grunfeld_Defense_Exchange_Variation
OHeaL,3r3r/Q5bk/p4pp1/7p/P3P1q1/1P2B3/5P2/2RRK3 b - - 3 35,g4e4 a7g7 h7g7 c1c7 g7f8 d1d8,1806,76,95,17033,attraction crushing interference long middlegame sacrifice,https://lichess.org/pazvfPg4/black#70,
OHmDJ,4r1k1/ppp2pp1/3p1b1p/1q1P4/5BP1/7P/PPPQ2B1/1K1R4 w - - 0 23,c2c3 e8e2 d2c1 e2g2 d1d2 g2d2,1635,74,82,226,advantage interference long middlegame,https://lichess.org/usjOOnj9#45,
OJ6JE,R1nkr3/3q4/1p6/1P3p1p/2pP1PpP/4r1P1/6K1/Q1R2B2 w - - 0 32,c1c4 d7d5 g2h2 e3e2 h2g1 d5c4,1895,80,91,973,crushing interference long middlegame,https://lichess.org/utCVgUkF#63,
OKK5M,r1b3k1/p1q3p1/2n1pr2/1p1p1pNQ/3P4/P5PP/1PP2P2/4RRK1 b - - 3 23,g8f8 h5h8 f8e7 h8g7 e7d6 g7f6,1842,76,82,122,advantage deflection interference long middlegame,https://lichess.org/UKRKDbu8/black#46,
OKmmY,r1b2rk1/p4pbp/1ppp2p1/8/3P4/1Bq1BN1P/P1P1KPP1/R2Q3R w - - 0 16,d1d2 c8a6 e2d1 c3a1 d2c1 a1c1,1817,75,96,10424,crushing interference long middlegame,https://lichess.org/OXbUUVA0#31,Ruy_Lopez Ruy_Lopez_Other_variations
OLmHy,3rrk2/p4ppQ/5b1p/1q1p4/4N3/1P6/P3RPPP/4R1K1 b - - 0 25,d5e4 h7h8 f8e7 e2e4 e7d6 e4e8,1806,74,93,735,advantage deflection interference intermezzo long middlegame,https://lichess.org/DZU4JApo/black#50,
OMqdl,5r2/6k1/p2p2PR/1p1qp3/2p4Q/2P5/1P3P1K/8 b - - 4 53,d5f3 h6h7 g7g6 h4h6 g6f5 h6f8,1614,77,94,12785,crushing endgame exposedKing interference long,https://lichess.org/v4qTEtkQ/black#106,
ONEbB,r3k2r/pp1b1ppp/1b3q2/3Q4/8/2N1P3/PP3PPP/R3K1NR w KQkq - 1 12,d5b7 d7c6 b7a6 c6g2,1717,72,95,22286,crushing interference middlegame short,https://lichess.org/kqFUMCMt#23,Queens_Gambit_Declined Queens_Gambit_Declined_Pseudo-Tarrasch_Variation
ONFuD,2r1r1k1/1p3ppp/2b5/1pb4q/3N4/P3BP2/1P3QPP/2RR2K1 b - - 10 25,c5a7 d4c6 a7e3 c6e7 g8f8 f2e3,1818,75,95,621,advantage interference intermezzo long middlegame,https://lichess.org/coLacTS3/black#50,
ONMYO,rn3rk1/1Q1b1ppp/p2pq3/4pN2/5PP1/8/PPP1B2P/1NK4R w - - 2 18,b7a8 d7c6 a8a7 c6h1 f5e7 g8h8,1711,76,87,266,advantage fork interference long middlegame,https://lichess.org/HlADS1w9#35,Sicilian_Defense Sicilian_Defense_Scheveningen_Variation
OP18W,6k1/R4p2/6p1/2P4p/6P1/1P5P/P4RK1/r3r3 w - - 0 32,a7f7 e1g1 g2h2 g1h1 h2g3 a1g1 g3f4 g8f7,1718,77,92,164,advantage endgame interference rookEndgame veryLong,https://lichess.org/JXKk24kR#63,
OPdoe,rnb1k2r/pp1p1ppp/1q2pn2/1Nb5/4P3/2N5/PPP2PPP/R1BQKB1R w KQkq - 5 7,c3a4 c5f2 e1e2 b6b5,1706,80,87,272,advantage attackingF2F7 interference opening short,https://lichess.org/31R40hrk#13,Sicilian_Defense Sicilian_Defense_Gaw-Paw_Variation
OQKqX,1q4k1/3b1p2/p4Pp1/2p1p1P1/2PpP3/3P4/P5BQ/6K1 w - - 2 31,g2f3 b8b1 g1g2 b1a2 g2g3 a2h2,1652,76,94,1077,crushing endgame exposedKing interference long,https://lichess.org/Q8TDHaR0#61,
OQSgZ,6B1/p7/3k1N2/4n1P1/8/6K1/P5P1/4r3 b - - 2 50,e1e3 g3f4 e3e2 f6e4 d6e7 f4e5,1797,91,82,53,crushing defensiveMove deflection endgame exposedKing interference long,https://lichess.org/RLyZ2Td3/black#100,
OQypV,B3r1k1/5p1p/p2p2p1/1p2qb2/1P6/P1N2Q2/6PP/5RK1 w - - 1 29,a8b7 e5d4 g1h1 e8e3 f3d5 d4c3,1822,76,85,117,advantage clearance interference long middlegame,https://lichess.org/b50pg9Tq#57,
OR2Ys,2r3k1/p1r5/1p2p1B1/n2b4/3P4/1P4R1/P4PPP/3R2K1 b - - 2 28,c7c1 g6c2 g8f7 d1c1,1695,74,88,332,advantage discoveredAttack discoveredCheck interference middlegame short,https://lichess.org/PeXKIUlL/black#56,
OTxhm,2r5/p6p/2k3p1/8/1R1p2n1/3K4/3B1rPP/7R b - - 5 30,c8d8 h1c1 c6d6 b4d4,1619,75,92,956,crushing endgame interference short,https://lichess.org/aLFT2361/black#60,
OWM78,r6k/1p1b2pp/1p2p1pP/1Pp1P3/3pN3/5P1Q/8/r1K2B1R w - - 3 31,c1d2 a8a2 d2d3 d7b5,1718,76,88,271,interference mate mateIn2 middlegame short,https://lichess.org/hzV0Has3#61,
OXTbJ,r7/p1pr1kpp/b1Nb1p2/8/2pB4/2P5/PPP3PP/3RR1K1 w - - 12 25,c6a7 c7c5 d4f2 a8a7 d1d6 d7d6,1742,74,93,1486,crushing interference intermezzo long middlegame,https://lichess.org/0NFKXSj3#49,
OXsip,r2k3r/pp1R3p/5npb/3q4/8/B1P2Q2/5PPP/RN4K1 b - - 2 21,d5d7 f3f6 d8c7 f6e5 c7c8 e5h8,1624,75,91,244,advantage exposedKing fork hangingPiece interference long middlegame,https://lichess.org/bXR2prHH/black#42,
OYHcX,r3kb1R/2q2pp1/p3p1p1/1pppn1B1/7Q/2P1PN2/PP3PP1/2K5 b q - 1 20,e5f3 h8f8 e8d7 f8f7,1699,100,60,20,crushing deflection interference middlegame short,https://lichess.org/vbqS2xKk/black#40,
OZI6N,2r2rk1/5ppp/1qp1p3/p5PP/B3b3/4P3/1PP1Q3/2KR2R1 b - - 2 23,b6b4 d1d4 b4c5 d4e4,1692,74,96,24098,crushing interference middlegame short,https://lichess.org/tR3pOUzP/black#46,
OZhEs,3r4/5k2/3p2R1/p4p2/P2P4/5PK1/1r5B/6R1 w - - 1 35,g3h3 d8h8 h3g3 f7g6,1853,75,95,10050,crushing endgame interference short,https://lichess.org/NYEQCNvG#69,
OZyzq,r2q1rk1/4ppb1/2p1b1p1/PpP1P1Q1/3p3P/2PB4/P2B1PP1/R3R1K1 w - - 0 22,h4h5 d4c3 e1e3 c3d2,1866,90,86,28,advancedPawn advantage interference middlegame short,https://lichess.org/IlTCcltT#43,
Oaanr,r1bkr3/ppqnb1p1/2p5/3p1pNQ/2PP1P2/2P5/P5PP/R1B1R1K1 b - - 11 20,d7f6 g5f7 d8d7 h5f5,1642,77,96,2429,discoveredAttack interference mate mateIn2 middlegame short,https://lichess.org/YrLn5eme/black#40,
OafYO,r6r/4Bk1p/p4np1/1b1q4/8/8/P2N1RPP/Q5K1 b - - 0 20,f7e7 a1f6 e7d7 f6g7 d7c8 g7h8,1632,75,90,1222,advantage exposedKing interference long middlegame,https://lichess.org/uMD0Fhkm/black#40,
OarDP,5r2/1p5k/2p1b3/p7/P1pP4/1P2Pr2/4KP2/R6R b - - 3 30,h7g7 a1g1 g7f6 e2f3,1608,76,93,2170,advantage endgame interference short,https://lichess.org/xbyHoKTh/black#60,
ObB1q,4r1k1/p6r/1p1BN1n1/2p2N2/2Pp4/3P4/PP3PP1/4R1K1 w - - 1 29,g1f1 h7h1 f1e2 e8e6,1631,76,59,432,crushing interference master middlegame short,https://lichess.org/jwkd8NHY#57,
Oc5Jh,2r1k3/pb1n3p/1p1bp2n/1Bpp1q2/3P4/2P4P/PP3B2/RN3QRK w - - 4 20,b5d3 f5f3 g1g2 f3h3 h1g1 h6g4,1737,95,65,27,crushing exposedKing interference kingsideAttack long middlegame,https://lichess.org/Im2q6ofN#39,
OcMsO,r1bq1rk1/pp4pp/2p5/2PpN3/3P3b/2PBpP2/P1QK2P1/R6R w - - 0 18,d2e3 d8g5 e3e2 g5g2 e2d1 g2h1,1630,77,71,83,crushing interference long middlegame,https://lichess.org/9snlg49k#35,Queens_Gambit_Declined Queens_Gambit_Declined_Harrwitz_Attack
Ocfdg,r1b1k1nr/pp1p1ppp/1qn1p3/1Nb5/4P3/2N3P1/PPP2P1P/R1BQKB1R w KQkq - 3 8,c3a4 c5f2 e1e2 b6b5,1818,74,87,118,advantage attackingF2F7 interference opening short,https://lichess.org/oUikIPnE#15,Sicilian_Defense Sicilian_Defense_Taimanov_Variation
OdFku,r5k1/1R4p1/1P3p1p/b7/p1pP4/P3P1P1/2K2PP1/8 b - - 0 36,g8h7 b7a7 a8b8 a7a5,1732,75,91,603,advantage endgame interference short,https://lichess.org/8F3G4kCH/black#72,
OdGoj,r2r1k2/pbq2pp1/4p1B1/1P2N2Q/P3P3/2p3P1/5P1P/5RK1 b - - 6 28,f7g6 h5h8 f8e7 h8g7,1621,76,73,203,crushing deflection interference middlegame short,https://lichess.org/MyJOIbIh/black#56,
OeGGB,3qkb1r/2pnpppp/1rB1bn2/8/Q7/8/PPPP1PPP/RNB1K1NR w KQk - 3 10,d2d3 b6c6 a4c6 e6d5 c6a4 d5g2,1723,76,94,1489,advantage interference long opening sacrifice,https://lichess.org/CupwbMNZ#19,Scandinavian_Defense Scandinavian_Defense_Other_variations
OgyU3,6k1/r6p/4p1pr/1p1pN2q/p1pPnPR1/P1P1P3/1P4QP/6RK w - - 0 28,e5f3 h5g4 g2g4 e4f2 h1g2 f2g4,1653,75,83,181,advantage attraction fork interference long middlegame sacrifice,https://lichess.org/rDBf0zRl#55,
OhNUa,r6r/2pk2b1/1p1p3p/3P1p2/pq3PpP/1P4B1/2QN2P1/1K2R3 b - - 2 30,a4b3 c2c6 d7c8 c6a8 c8d7 a8c6,1898,74,96,1419,crushing interference long middlegame,https://lichess.org/FalblJ1v/black#60,
OhO9x,2kr4/Qpp3pp/1r3nq1/4p3/2Pp4/5B1P/PP3PP1/2KR3R b - - 0 23,e5e4 a7a8 c8d7 d1d4 b6d6 d4d6,1643,76,93,1703,crushing interference long middlegame queensideAttack,https://lichess.org/SrFl0oBO/black#46,
OhtGq,1k4r1/ppq5/3b4/4p2p/4Q2B/3P4/PPP2PP1/R5K1 w - - 1 25,a1e1 g8g4 e4d5 g4h4,1675,74,95,13596,advantage endgame interference short,https://lichess.org/M8ICqx9S#49,
OjZyd,k2r2r1/3nbp2/q3p3/p2pP1pN/PnbP4/4BN2/1R4PP/1BRQ2K1 w - - 4 26,f3d2 c4e2 d1e1 e2h5,1888,74,94,7371,crushing interference master middlegame short,https://lichess.org/vFbHSMhS#51,
OjigT,2r2rk1/5p2/p5qp/1p1p2p1/5b2/PP1R4/1B2QPPP/4R1K1 w - - 0 28,d3d5 c8c2 e2e7 c2b2,1670,78,94,6852,crushing interference middlegame short,https://lichess.org/ut00jL9j#55,
Ol4z7,4Rnk1/ppp3pp/4Q3/2PP1rP1/3q4/3N4/7P/3K4 b - - 5 44,f5f7 e8f8 g8f8 e6c8 f8e7 c8c7,1848,74,83,182,attraction crushing endgame interference long pin sacrifice,https://lichess.org/Fnj84H8t/black#88,
Om5cS,8/3k4/2p5/b3Q3/1q2P2p/2NP3P/2PK1r2/6R1 w - - 1 38,d2e3 a5b6 d3d4 b4c3 e3f2 b6d4 e5d4 c3d4,1757,74,88,327,crushing deflection endgame fork interference veryLong,https://lichess.org/lIFVUklP#75,
Om7po,r2qk2r/pp2bppp/1nn1p1b1/3pP3/3P2PP/2N2N2/PP2BP2/R1BQ1RK1 b kq - 0 13,e7h4 g4g5 g6h5 f3h4,1764,74,94,4897,advantage interference intermezzo middlegame quietMove short,https://lichess.org/JGcpXizZ/black#26,Sicilian_Defense Sicilian_Defense_Alapin_Variation
OmXOa,1rr5/3kP2p/p2P4/5p2/8/5K2/Pp2R2P/1R6 b - - 5 29,d7d6 b1d1 d6c7 e2c2 c7b6 c2b2,1810,74,95,1983,crushing endgame exposedKing interference long rookEndgame,https://lichess.org/XDt2YPPC/black#58,
On9T2,2r1k2r/1pq3N1/3p4/p2Pn1Qp/2P1p2P/1P6/P4PP1/1K1R4 b - - 2 28,e8f7 g7e6 c7e7 g5g7 f7e8 g7h8,1725,88,84,70,clearance crushing exposedKing interference long master middlegame,https://lichess.org/UCmpZwXn/black#56,
OnxbE,8/2p1q1kp/6p1/1P6/3Q4/4p1P1/6KP/8 b - - 3 37,g7f8 d4h8 f8f7 h8h7 f7f6 h7e7,1633,125,82,19,crushing endgame exposedKing interference long queenEndgame,https://lichess.org/SJpsNLYF/black#74,
Oo0vt,r2q1rk1/1ppbb1p1/p3p1Qp/3nPp2/1P4P1/P1NBP3/1B3P1P/R4RK1 b - - 0 16,d7e8 g6e6 e8f7 e6f5 g7g6 f5e4,1781,75,82,83,advantage interference kingsideAttack long middlegame,https://lichess.org/xpDqUART/black#32,Queens_Gambit_Accepted Queens_Gambit_Accepted_Old_Variation
OobHG,8/2R1Pkpp/5n2/p3p3/1p6/1p4PB/P3q2P/5R1K w - - 2 33,f1f6 g7f6 h3e6 f7e8 e6d7 e8e7,1735,78,91,127,crushing endgame hangingPiece interference long,https://lichess.org/wzw9KvIS#65,
Oov1W,rn2k2r/pp2qppp/2p1b3/8/1bBP4/1P3P2/P2BNKnP/RNQ4R b kq - 1 12,g2h4 d2g5 f7f6 g5h4,1742,75,88,528,advantage interference opening short,https://lichess.org/S5TMd0tH/black#24,Caro-Kann_Defense Caro-Kann_Defense_Maroczy_Variation
Op5MQ,4q3/4k3/3pP2p/2p2P2/8/1Q6/1p6/4K3 b - - 1 47,e8h8 b3b7 e7f6 b7b2 f6f5 b2h8,1894,74,97,988,crushing endgame interference long queenEndgame skewer,https://lichess.org/U2vEWvEX/black#94,
OqCdE,1r5k/2r3p1/3p3p/6b1/4Pp2/P2N1P1P/BP1q2P1/1Q2R2K w - - 16 39,e4e5 c7c2 e1g1 d2d3,1830,105,81,31,crushing interference middlegame short,https://lichess.org/R1v6zhLv#77,
OqFF0,8/1p3k2/4R3/1P3p2/2r4r/2K5/4R2P/8 w - - 0 35,c3d3 h4d4 d3e3 f7e6,1880,74,96,605,crushing endgame interference rookEndgame short,https://lichess.org/YaopqJ0L#69,
Or1kO,1rb1kb1r/p1q2pp1/2p4p/n3p3/B3Q3/8/PPPP1PPP/RNB1K2R w KQk - 1 12,d2d3 b8b4 e4e2 b4a4,1792,72,96,18446,advantage interference opening short,https://lichess.org/8Ie0kv8W#23,Italian_Game Italian_Game_Two_Knights_Defense
Ot43a,2r2rk1/3p1ppp/3Pp3/1Q6/1P4n1/2q5/P3RPBP/5RK1 b - - 0 25,c3d4 e2e4 d4d6 e4g4,1690,74,96,9528,crushing interference master middlegame short,https://lichess.org/wfW3qdSl/black#50,
OuIkG,r5k1/5r1p/5pp1/1pb1p3/8/PR1R1Q2/1BqP2PP/5K2 b - - 9 32,a8e8 d3c3 c2d2 c3c5,1665,76,100,504,advantage interference middlegame short,https://lichess.org/3543UemN/black#64,
OvOdt,1r1q1rk1/p1p2pp1/b1n1pn1p/8/Q1pP4/2N1PN2/PP3PPP/R3KB1R b KQ - 4 13,c6b4 a2a3 a6b7 a3b4 b7f3 g2f3,1638,75,89,1123,crushing interference long middlegame,https://lichess.org/JTTjneAL/black#26,Queens_Gambit_Declined Queens_Gambit_Declined_Ragozin_Defense
OwlOk,2r5/5pp1/4kn2/p1r2p1p/8/1PNPP2P/P2KP3/2R2R2 w - - 2 22,c3a4 f6e4 d3e4 c8d8 d2e1 c5c1,1619,76,95,3675,crushing deflection endgame interference long sacrifice,https://lichess.org/6Xc7Y6yF#43,
Owyes,3r2r1/Qpkb1p2/3p4/p2P2qp/P3P3/3P3P/5RP1/R6K b - - 1 28,d8a8 f2c2 c7d8 a7a8,1691,77,94,877,advantage interference middlegame short,https://lichess.org/xmjuPWst/black#56,
Oxhqh,r1b1k1nr/pp1p2pp/4p3/2b2p2/qnP5/PN2P3/1P1B1PPP/R2QKB1R w KQkq - 0 11,b3c5 b4c2 e1e2 a4c4 c5d3 c2a1,1605,74,96,21555,crushing discoveredAttack fork interference long opening,https://lichess.org/9f7ynMC4#21,Horwitz_Defense Horwitz_Defense_Other_variations
OyTav,2rq1rk1/p1n1bppp/1p2b3/2p1p3/NP1n4/P2PBNP1/4PPBP/2RQ1RK1 w - - 1 14,f3e5 e6b3 d1e1 b3a4,1682,80,95,13181,crushing interference master middlegame short,https://lichess.org/urjIp1Tg#27,English_Opening English_Opening_Symmetrical_Variation
OybGw,r3rbk1/2p2p1p/6p1/p3p1BP/P2pP3/1P1P2Q1/1Pq2PP1/R3KN1R w KQ - 0 25,a1c1 f8b4 f1d2 c2c1 e1e2 c1h1,1792,75,96,2373,advantage interference long middlegame skewer,https://lichess.org/COriAlb0#49,
Ozdtu,2kr3r/1b2qp2/4p1p1/1NnpP2p/5P2/Q7/PPP3PP/R4R1K b - - 2 21,b7a6 b5d6 c8b8 a3c5,1675,75,84,84,advantage interference middlegame queensideAttack short,https://lichess.org/UVtCup8j/black#42,
OzksR,4r3/p1r1p1kp/3pRnp1/2qP1p2/2p5/1P3B2/PQ3PPP/4R2K w - - 0 24,e6f6 c4c3 b2c2 g7f6,1857,76,87,236,crushing interference middlegame short,https://lichess.org/xEGRRlGZ#47,
Ozy0p,4k1r1/p2p2q1/bp2p1p1/8/2r5/5PQ1/2B3PP/2RR2K1 b - - 1 31,d7d5 g3b8 e8e7 b8a7 e7f6 a7a6,1797,75,93,1279,advantage exposedKing fork interference long middlegame,https://lichess.org/fFNfc7IF/black#62,
P0oMN,r4r2/pp4kp/2pp1pP1/7n/4P3/3qNQPP/b6K/4RR2 b - - 0 23,d3b5 e3f5 g7h8 f3h5,1613,76,100,138,crushing interference master middlegame short,https://lichess.org/nq6bDbHo/black#46,
P1SV4,3q1rk1/2r2ppp/1n1p4/2nPpP2/p5Pb/Pp5Q/1P3P1N/RBBR2K1 b - - 1 26,h4g5 f5f6 e5e4 c1g5,1678,75,91,432,advantage interference middlegame short,https://lichess.org/eWjt0UZ3/black#52,
P1iW2,5r1k/pp4pp/8/2pP4/4P2q/P3QP1b/1P3R2/6RK w - - 2 31,e3g5 h3g2 h1g2 h4g5,1699,76,95,16493,attraction crushing discoveredCheck doubleCheck endgame interference master short,https://lichess.org/xULx8aXV#61,
P3Ydd,7r/p4kbp/3p4/8/1p2Q3/5BP1/PP3PKP/2q5 b - - 4 30,c1b2 f3h5 f7f6 e4f4 f6e6 f4f7 e6e5 f7g7,1845,76,93,7842,crushing endgame exposedKing interference veryLong,https://lichess.org/wU6rYWCK/black#60,
P3so6,1r5q/pp2kp2/3p1p1r/Q1p1n1p1/4P3/1BP5/P5P1/3R1RK1 b - - 7 27,a7a6 a5c7 e7f8 c7b8 f8g7 b8h8,1709,76,63,1149,crushing interference long middlegame,https://lichess.org/LvwxNvV0/black#54,
P48bo,4r1k1/pRp2ppp/5q2/4r2b/2B1Q3/2P4P/P1PB1P2/5RK1 w - - 1 19,e4g2 h5f3 g2g3 f3b7,1734,71,95,18912,advantage fork interference middlegame short,https://lichess.org/4qhXmNJ0#37,Four_Knights_Game Four_Knights_Game_Italian_Variation
P5Wud,2r2rk1/pp3ppp/3ppq2/8/4PP2/2N3PP/PKP1Q3/3R3R b - - 0 19,c8c3 e4e5 d6e5 b2c3,1888,82,84,59,advantage endgame interference short,https://lichess.org/ZqywWDGC/black#38,
P6cGI,2kr4/Rpp3p1/1n1rppNp/8/2q5/Q7/5PPP/5RK1 b - - 1 24,d6d1 a7a8 b6a8 a3a8 c8d7 f1d1,1669,78,94,279,crushing interference long middlegame queensideAttack sacrifice,https://lichess.org/dJPwX34r/black#48,
P75k5,r3q1k1/1p2n1pp/n2pP3/p1p2r2/5B2/P4N2/1P3PPP/R2QR1K1 w - - 0 19,f4d6 f5d5 d1b3 d5d6,1647,75,94,16985,advantage interference middlegame short,https://lichess.org/eo812w3y#37,Queens_Pawn_Game Queens_Pawn_Game_Franco-Sicilian_Defense
P7qxY,2r3k1/3b1ppp/p4n2/1p2p3/1P2P3/Pq1BQP2/1B4PP/5RK1 w - - 1 24,f1b1 c8c2 b2c1 b3b1 d3c2 b1c2,1731,75,94,6165,crushing interference long middlegame,https://lichess.org/8Xxm0zZ0#47,
P8TOG,8/8/2k5/pNb2pK1/Pp3r1p/1P6/2R4P/8 b - - 1 52,f4f2 b5d4 c6d5 c2f2,1720,76,96,6419,crushing endgame interference master pin short,https://lichess.org/V2DaERpo/black#104,
PA0u9,2r4r/p2kbppp/1p2p3/3pP3/3Q1Pq1/4B3/PP1N1K1P/R6R w - - 4 17,a1c1 e7h4 f2f1 c8c1,1664,74,85,139,interference mate mateIn2 middlegame pillsburysMate short,https://lichess.org/SK49fwrr#33,French_Defense French_Defense_Advance_Variation
PBAZg,r1bq1rk1/p1p2ppp/1pn1pn2/1N1p4/3P1Q2/P4N2/1PP1PPPP/R3KB1R w KQ - 0 9,b5c7 e6e5 d4e5 d8c7,1852,79,92,2118,advantage interference intermezzo opening short,https://lichess.org/DdKN4Dqy#17,Rapport-Jobava_System Rapport-Jobava_System_Other_variations
PBwg7,3B2k1/5q2/1p1b2pp/pPpN1n2/P1PpQ3/7P/6K1/8 b - - 1 38,g6g5 d5f6 g8g7 e4f5,1669,74,87,895,crushing endgame interference short,https://lichess.org/6tUCBLME/black#76,
PCx3z,3r1rk1/2q1b1p1/2p1pnP1/1p3pB1/1P1P4/2P2Q1P/6P1/R4RK1 b - - 3 25,f6e4 f3h5 e4g5 h3h4 f8f6 h4g5 f6g6 h5g6,1691,75,96,3751,advantage interference middlegame quietMove sacrifice veryLong,https://lichess.org/ta3byHOv/black#50,
PD9Ly,5rk1/pp4pR/4p1p1/3p2P1/3Pn1K1/4QNP1/Pq3r2/7R b - - 1 26,f2f3 h7h8 g8f7 e3f3 e4f6 g5f6 b2d4 f3f4,1653,75,65,144,crushing interference intermezzo middlegame veryLong,https://lichess.org/M9FPmA5C/black#52,
PFT9g,r2q1rk1/pb3pbp/1pn3p1/2p1p3/8/BPNnP1P1/P2P1PBP/R2QNRK1 b - - 3 14,f7f5 g2d5 g8h8 e1d3,1644,78,94,5690,advantage interference middlegame short,https://lichess.org/JhuXHW5k/black#28,English_Opening English_Opening_Symmetrical_Variation
PG32m,2kr4/1pqr1pp1/p3pn1p/8/2PR1B2/P5P1/1P2QP2/1K1R4 b - - 3 26,c7c6 e2e5 d7d4 e5b8 c8d7 d1d4,1843,75,96,180,crushing interference intermezzo long master middlegame queensideAttack sacrifice,https://lichess.org/h2FojPXz/black#52,
PHHhq,r1q2r1k/pQ2b1pp/3pNn2/2p5/4P3/2P1BRP1/PP5P/R5K1 w - - 3 19,b7b3 c5c4 b3b5 c8e6,1673,75,85,157,crushing interference middlegame short,https://lichess.org/DF3T6yCL#37,Sicilian_Defense Sicilian_Defense_Closed
PJGwl,r2k1r2/pp1b4/q7/6Q1/4pN2/2P3P1/P6P/bN2K2R b K - 3 19,d8c7 g5c5 c7d8 c5f8,1606,80,95,23486,advantage interference middlegame short,https://lichess.org/znepVqE8/black#38,Englund_Gambit_Complex Englund_Gambit_Complex_Soller_Gambit
PKAP1,8/7Q/3q1k2/p1pP3p/PpP2p2/1P2pK2/6P1/8 b - - 3 64,d6e5 h7h8 f6f5 h8h5,1802,84,94,47,crushing endgame interference queenEndgame short,https://lichess.org/3mMyDgcl/black#128,
PLEYf,3r3r/1p1k3p/p1p2qp1/8/4Ppb1/PB1P4/2PQ1KPP/R6R w - - 2 21,h2h3 f6d4 f2f1 d4a1,1836,80,80,38,crushing interference middlegame short,https://lichess.org/ejY7LP6O#41,
PLUU8,N2k3r/p2n2pp/1p3n2/8/2N2p2/2qBP2P/P3KPb1/R2Q3R w - - 0 18,d1d2 f4f3 e2d1 c3a1,1806,75,98,1627,crushing interference middlegame short,https://lichess.org/9ZwAVwyd#35,Dutch_Defense Dutch_Defense_Other_variations
PLaRB,5r1r/p1p2p2/3p2pk/3B1P2/2PQ4/1q4Pp/5P1P/4RK2 b - - 0 32,f8e8 d4h4 h6g7 f5f6 g7g8 e1e8,1693,76,93,5139,endgame interference long mate mateIn3,https://lichess.org/Uuv0yuOA/black#64,
PM70h,r4rk1/2q1bppp/2p2n2/pp2pQP1/4P3/1BP5/PP3P1P/RN1R2K1 b - - 0 15,f6h5 d1d7 c7b8 d7e7,1856,76,79,231,advantage interference middlegame short,https://lichess.org/TeKDjqJl/black#30,Philidor_Defense Philidor_Defense_Steinitz_Variation
PP0Cw,r2r1k2/pp2ppb1/bnn3pp/2p1P1N1/5P2/1BP1N3/PP4PP/R2RB1K1 w - - 0 18,g5f7 d8d1 a1d1 c5c4 b3c2 f8f7,1691,77,92,4242,advantage interference long middlegame,https://lichess.org/aNusFXll#35,Pirc_Defense Pirc_Defense_Austrian_Attack
PP7Zi,1r1r2k1/1bq1bp1p/p3pnp1/2Ppn3/4P3/P1Q2NN1/BB3PPP/R4RK1 w - - 0 21,f3e5 d5d4 c3d2 c7e5,1621,75,87,323,advantage interference intermezzo middlegame short,https://lichess.org/EEqlumQJ#41,
PPY60,4r1kr/p1p1bqp1/8/2n1Q2p/7P/4B3/1PP2P1P/2KR2R1 b - - 5 23,e7d6 g1g7 f7g7 e5e8 g8h7 e8h5,1716,75,93,817,advantage deflection fork interference long middlegame,https://lichess.org/d8CeapgV/black#46,
PQ2X0,3R4/5ppk/p1r4p/2p2P2/P2p2PP/5r2/5P2/4R1K1 b - - 0 31,f3f4 e1e8 f4g4 g1f1 g7g5 e8h8 h7g7 d8g8 g7f6 h8h6 f6f5 h6c6,1899,77,97,2163,advantage defensiveMove deflection endgame interference quietMove rookEndgame skewer veryLong,https://lichess.org/TS0J7poe/black#62,
PQ7oK,r2qrk2/p4p2/2pp1b2/2p1p2Q/6N1/1P1P4/P1P1PP2/RN2K3 b Q - 2 21,f6h4 h5h8 f8e7 h8h4,1755,77,94,4304,advantage interference middlegame short,https://lichess.org/2q67FOlp/black#42,
PQDxh,2N2rk1/1p6/p2p2nb/3Pp2p/4K2q/5P2/PP2B1P1/2RQNR2 w - - 1 25,e4d3 h4d4 d3c2 f8c8 c2b1 c8c1 d1c1 h6c1,1622,75,91,2599,crushing exposedKing fork interference middlegame skewer veryLong,https://lichess.org/8QP9S8al#49,
PRYf3,5rk1/5ppp/Q1N1p3/8/1b6/1b4BP/1P1q1PP1/4R1K1 w - - 3 27,e1e2 d2c1 g1h2 b3c4 a6b7 c4e2,1840,72,95,12892,advantage fork interference long master middlegame,https://lichess.org/BvfSMTpY#53,
PSmWi,r3r1k1/1b3p1p/p3p1p1/1p1pB3/4q3/1BQ5/P4PPP/1R1R2K1 w - - 2 25,e5h8 d5d4 c3g3 g8h8 d1e1 e4f5,1878,80,85,49,crushing interference long middlegame,https://lichess.org/5996hpIK#49,
PTKVn,r1b1k2r/pp1p1ppp/1qn1pn2/1Nb5/4P3/P1N5/1PP2PPP/R1BQKB1R w KQkq - 3 8,c3a4 c5f2 e1e2 b6b5,1703,76,94,451,advantage attackingF2F7 interference opening short,https://lichess.org/UJ8j4jIF#15,Sicilian_Defense Sicilian_Defense_Four_Knights_Variation
PTOiw,r2r2k1/p3Rp1p/2pq2p1/5bQ1/B1Pp4/3P4/PP3PPP/R5K1 w - - 7 30,h2h4 f7f6 g5d2 d6e7,1602,76,94,11008,advantage interference middlegame short,https://lichess.org/HQmi6WiP#59,
PToi8,r6r/3p2Qp/bqnk1p2/p1b2p2/4P3/1BP2PP1/PP5P/2KR3R b - - 3 22,d6c7 d1d7 c7b8 g7h8,1685,75,92,1041,advantage interference middlegame short,https://lichess.org/rpojW9Js/black#44,
PURVY,r6r/b2bkppp/4p3/3PP3/1p6/1Pp1N3/2P1K1PP/R6R b - - 0 21,a7e3 d5d6 e7d8 a1a8,1750,74,92,3146,crushing endgame interference short,https://lichess.org/81LfQuOA/black#42,
PUVQJ,1r6/p2rkppp/Bq2p3/3n4/2P5/Q4P2/5P1P/3RR1K1 b - - 4 26,d5b4 d1d7 e7d7 a6b5 d7e7 a3b4,1654,80,94,140,advantage attraction interference long middlegame,https://lichess.org/616c6vKX/black#52,
PV3RB,2kr2nr/ppp3pp/3b1p2/3Nq2b/8/P7/1PPBBPPP/R2QR1K1 w - - 0 16,e2h5 e5h2 g1f1 h2h1 f1e2 h1h5,1619,75,89,201,advantage interference kingsideAttack long opening,https://lichess.org/JcrxUwYV#31,Englund_Gambit Englund_Gambit_Hartlaub-Charlick_Gambit
PWLj1,r2q2kr/5p2/3p1PB1/p2Pb1Q1/1pP1P2P/8/P5P1/5R1K b - - 0 33,g8f8 g6f7 f8f7 g5g7 f7e8 g7h8,1773,75,84,165,advantage attraction interference long middlegame sacrifice,https://lichess.org/n4LK2KUW/black#66,
PX2ou,4k3/4q1p1/7p/7P/1pQ1pP2/4P3/2K5/8 b - - 9 59,e7b7 c4g8 e8d7 g8g7,1611,76,88,443,crushing endgame interference queenEndgame short,https://lichess.org/AuoIyiY3/black#118,
PX6Gh,2k4r/ppp2ppp/3rP3/q4n2/5P2/1Q3P1P/PP3B2/2KR3R b - - 0 22,d6e6 d1d5 a5a6 d5f5,1741,75,92,2514,advantage interference middlegame short,https://lichess.org/aCXJNcwu/black#44,
PXEC7,5r1k/1p4pp/p1pq4/P2n4/1P2R3/1QPn1N1P/3N2P1/6K1 b - - 1 25,d5f6 e4d4 f6d5 d4d3,1764,76,85,492,crushing interference master middlegame short,https://lichess.org/eTg1mqRj/black#50,
PXLkH,7k/pp6/5p2/P3p3/7p/5qN1/5P1P/3RRK2 w - - 0 41,g3e4 f3h1 f1e2 h1e4,1663,145,67,15,advantage endgame interference short,https://lichess.org/tQ06AXiU#81,
PYCul,7r/k4p1P/p3p3/2p1n1q1/P2p4/1R6/1PP1Q3/1K6 b - - 1 42,h8h7 e2e4 f7f5 e4e5,1659,73,96,11607,advantage endgame interference master short,https://lichess.org/TFqSSFDC/black#84,
PYd7d,8/R3k1pp/4P3/2pK1P2/8/5n1P/6r1/6b1 b - - 8 51,e7f6 a7f7 f6g5 f7g7,1767,75,97,1474,advantage deflection endgame interference short,https://lichess.org/rNeCY6AG/black#102,
PYdVQ,2r1r2k/p5p1/P1p2q1p/BN1R1p2/7P/2P1b1P1/2Q2nB1/1R4K1 w - - 0 29,d5f5 f2e4 g1h2 f6f5,1865,76,61,139,advantage discoveredAttack discoveredCheck interference intermezzo master masterVsMaster middlegame short,https://lichess.org/L93k9QpM#57,
PZrOW,rn1qk2r/pQp2pbp/4pnp1/1b4B1/3P4/7N/PPP2PPP/RN2K2R w KQkq - 0 10,b7a8 b5c6 a8a7 c6g2 h1g1 g2h3,1797,77,87,81,advantage fork interference long middlegame,https://lichess.org/GEku3dR1#19,Scandinavian_Defense Scandinavian_Defense_Marshall_Variation
PalIc,2krr3/p2q1p2/2p3p1/8/4p1P1/1Q3P1P/PP6/2R2B1K b - - 1 25,d7c7 f1a6 c8d7 b3f7 e8e7 c1d1,1752,74,94,5051,crushing endgame exposedKing interference long,https://lichess.org/OHCP9Fl1/black#50,
PapgV,2k3r1/1q3p2/8/4p2p/1P4pP/2P1Q1P1/P3KP1n/3R4 b - - 0 30,g8d8 e3c5 b7c7 d1d8 c8d8 c5f8 d8d7 f8f7,1679,106,52,34,advantage attraction endgame exposedKing interference pin veryLong,https://lichess.org/113SnBeB/black#60,
ParPh,r5k1/1pN2p2/p1n3p1/5p2/2Pb1Q2/qP1N3P/P4PP1/3Rr1K1 w - - 0 26,d3e1 d4e5 f4e3 e5c7,1640,75,78,420,advantage interference master middlegame short,https://lichess.org/Q1rMYi2T#51,
PbFHz,8/2p1k1Q1/1p1p4/1P1q2p1/8/7P/6PK/8 b - - 2 45,e7e6 g7g8 e6e5 g8g5,1608,76,99,1293,crushing endgame interference queenEndgame short,https://lichess.org/dfkr2WBl/black#90,
PbYlW,r2q1rk1/2R3pp/p2Pppn1/1p6/8/5P2/PB3P1P/3QR1K1 b - - 0 18,a8c8 c7c8 d8c8 d6d7 c8d8 e1e6,1602,75,89,1453,advancedPawn crushing interference long middlegame,https://lichess.org/ulAaiQrS/black#36,Sicilian_Defense Sicilian_Defense_Smith-Morra_Gambit
PbZDU,8/1p6/p1bk2pp/2Nnpp2/8/P4P2/1P3KPP/3R4 w - - 1 38,c5b3 c6a4 d1d3 e5e4 f3e4 f5e4 d3g3 e4e3 f2e1 a4b3,1734,74,97,1991,advantage endgame interference veryLong,https://lichess.org/9R7h4kkd#75,
PeWc3,r4r2/p2n1N1k/1p3n1p/q4b2/2B4Q/6R1/5PP1/2R2K2 b - - 3 27,a5d2 f7g5 h7h8 h4h6 f5h7 g5f7 f8f7 h6d2,1864,74,93,10615,crushing deflection discoveredAttack interference middlegame pin veryLong,https://lichess.org/q7Yv4Oh2/black#54,
PgZGW,r5r1/ppb2p1k/3q1p1p/3p3Q/3Nb3/2P3NP/PP3PP1/3RR1K1 w - - 8 24,g3e4 d6h2 g1f1 h2g2 f1e2 g2e4,1617,79,95,26751,advantage interference kingsideAttack long middlegame,https://lichess.org/Io7lHutf#47,
Pify0,r4qk1/p1bn2pp/2p3p1/1pPp4/3P2P1/B1P2N1P/P2Q1P2/4R1K1 w - - 4 21,f3g5 c7f4 d2e2 f4g5 e2e6 f8f7,1673,79,94,13818,advantage interference long middlegame,https://lichess.org/jod0CRHk#41,
Piu3Y,4r1k1/2p2pp1/ppP4p/8/3r2q1/1PQ5/PKP3BP/5R2 b - - 3 29,d4d1 g2f3 g4f4 f1d1,1628,75,100,623,advantage endgame fork interference short,https://lichess.org/qqsBsVvm/black#58,
PjWZH,1k1r3r/1n1q2b1/QP5p/8/3p4/6PP/2Pp2B1/5RK1 b - - 0 31,d7e7 a6a7 b8c8 a7a8 c8d7 a8b7 d7e8 g2c6,1802,78,83,44,crushing deflection exposedKing interference middlegame veryLong,https://lichess.org/PNdgP64k/black#62,
Pja88,8/p7/1p6/1Pp5/k2p2B1/8/3K4/8 w - - 0 46,g4e2 a4b4 d2d3 b4b5,1759,76,83,241,bishopEndgame crushing endgame interference master masterVsMaster short,https://lichess.org/GWEtNIL1#91,
Pk8iN,5r1k/p1p4p/1p6/2q3p1/P1R5/8/Q5pP/5R1K w - - 0 31,h1g2 c5d5 g2g1 f8f1 g1f1 d5h1 f1f2 h1h2,1749,75,95,13597,attraction crushing endgame interference veryLong,https://lichess.org/NfXd4qPa#61,
Pkcti,8/5pkp/2Pp2p1/p2P4/2P1Q3/7n/P4PP1/1Nq2K2 w - - 1 34,f1e2 h3g1 e2d3 c1b1,1730,76,86,258,advantage endgame interference master short,https://lichess.org/slYYiSuK#67,
Pkux5,3qkb1r/pQB1pppp/5n2/3p1b2/8/4P3/PP3PPP/n2K1BNR b k - 0 12,d8c8 f1b5 f6d7 b7c8,1605,76,93,254,interference mate mateIn2 opening short,https://lichess.org/suPntBJA/black#24,Slav_Defense Slav_Defense_Exchange_Variation
PlXfe,1nkr1r2/pq2bpBp/1pp1p1p1/8/2B5/P3Q2P/1PP2PP1/2KRR3 b - - 5 23,f8g8 c4e6 f7e6 e3e6 b8d7 e6e7,1638,76,95,19040,crushing exposedKing interference long middlegame queensideAttack,https://lichess.org/9OmstzAG/black#46,
PmA3J,5k2/2b3p1/5p1p/2P2P2/pPBp1P2/r5P1/7P/2R3K1 w - - 0 36,b4b5 a3c3 c1a1 c3c4,1628,75,90,1636,crushing endgame interference short,https://lichess.org/bzRGcQ26#71,
Pmnuc,3r4/n2k2Qp/1P6/8/P3nP2/3q4/1B1p2PP/3R2K1 b - - 0 41,d7c6 g7c7 c6d5 c7d8,1658,78,93,2734,crushing fork interference middlegame short,https://lichess.org/xYOySlsB/black#82,
PnWvK,r3k2r/1bq1bppp/pp1pp3/1P6/2PQn3/B1R2NP1/P3PPBP/3R2K1 w kq - 1 16,d4g7 e7f6 g7h6 f6c3,1760,74,95,7154,advantage fork interference master middlegame short,https://lichess.org/AQGjKWb8#31,English_Opening English_Opening_Anglo-Indian_Defense
Pob5v,4rk2/1q4bQ/2n2p2/3B1Pp1/p1pP4/P1P5/5B2/6K1 b - - 2 41,b7d7 h7g8 f8e7 g8g7 e7d8 g7f6,1826,76,98,632,advantage deflection exposedKing interference long middlegame,https://lichess.org/RivZsP6a/black#82,
PosQ2,r2q1k1r/pp2b2p/8/4P1p1/1n1p1B2/1Q4P1/PP5P/RN3RK1 b - - 0 21,g5f4 f1f4 f8e8 b3f7 e8d7 f4d4,1740,74,95,17965,crushing exposedKing interference long middlegame,https://lichess.org/TTYkDOUi/black#42,
PpE1p,r1b1k2r/4q3/p1n1p2p/1pppPpb1/5pPP/P1NP1N2/BPP2Q1K/4R1R1 w kq f6 0 20,h4g5 h6g5 h2g2 f5g4,1668,76,93,645,advantage discoveredAttack discoveredCheck interference middlegame short,https://lichess.org/ktAM4PWk#39,
PqCl2,r1bqkbnr/pp2pppp/8/3P4/1n2p3/2P5/5PPP/RNBQKBNR b KQkq - 0 7,b4d5 f1b5 c8d7 d1d5 d7b5 d5b5,1720,75,96,1934,advantage interference intermezzo long opening,https://lichess.org/59lEsQyD/black#14,Sicilian_Defense Sicilian_Defense_Mengarini_Variation
PqD2O,2rq1rk1/1b2bpp1/pn2p2p/1p1p4/1P1PNB2/P3P2P/3NBPP1/2RQR1K1 b - - 0 17,c8c1 d1c1 d5e4 f4c7 d8d5 c7b6,1649,74,96,12360,crushing interference long middlegame,https://lichess.org/UI67VOMO/black#34,Slav_Defense Slav_Defense_Other_variations
Ps97p,r6r/ppp4p/3p1k2/4n3/3qP3/2N3QP/PPP4K/5R2 b - - 1 18,f6e7 g3g7 e7d8 g7h8,1686,79,95,16109,crushing interference middlegame short,https://lichess.org/J3cJefv2/black#36,Kings_Gambit_Accepted Kings_Gambit_Accepted_Kings_Knights_Gambit
Psht5,r6r/4k3/3Nbp2/2pp3p/7Q/1q2B3/5PPP/2R3K1 b - - 2 32,e7d6 h4g3 d6c6 c1c5 c6d7 g3g7 d7e8 g7h8,1886,229,67,11,crushing interference middlegame veryLong,https://lichess.org/3hE5PzIv/black#64,
PtV0e,3b4/p4ppk/7p/1p1N4/2p1q3/P1P1P1PP/1P1Q1P2/6K1 w - - 1 31,g1h2 e4d3 d2e1 d3d5,1725,75,90,621,crushing endgame interference short,https://lichess.org/JUjmip9F#61,
Puc1f,8/8/5p2/7p/4BK1P/3k2P1/8/3b4 b - - 1 52,d3d2 e4f3 d1c2 f3h5,1865,75,80,82,bishopEndgame crushing endgame interference short,https://lichess.org/VxFvHZ7Z/black#104,
Pv9Ih,3r4/7k/1p4p1/p2N1pqp/3Q4/P3P1P1/1P3P2/6K1 b - - 2 35,f5f4 d5f6 h7g7 d4d8 g5f6 d8f6,1880,77,96,1444,crushing discoveredAttack endgame interference long,https://lichess.org/QtapbnL0/black#70,
PvuIU,8/Q1k1q3/2bp2pp/3n4/3P4/4p3/6PP/5RK1 b - - 1 32,c6b7 f1c1 c7d8 a7b8 d8d7 b8b7,1644,79,93,238,advantage endgame interference long,https://lichess.org/x4YmOESF/black#64,
Pxw3B,1Q6/p1pk4/4p1q1/2R5/3P4/3KPrP1/PP6/8 w - - 1 34,d3c4 g6c2 c4b5 c2b2,1636,106,68,43,crushing endgame interference short,https://lichess.org/Mbaq88ow#67,
Py3qv,2r1qk2/3R1pbQ/6P1/p1p4p/4P2P/8/P1P5/1K1R4 w - - 3 34,g6f7 c8b8 b1c1 g7b2 c1d2 e8d7 d2e2 d7g4,1765,75,94,934,crushing endgame interference veryLong,https://lichess.org/J2U9PsPV#67,
Q010M,N1bk2nb/pp1p1p2/2n5/8/3PP1p1/4BNp1/PqP1B3/R2QK3 w Q - 0 15,f3g5 b2c3 e3d2 c3d4,1842,121,26,15,advantage deflection fork interference middlegame short,https://lichess.org/oYvBAUzB#29,Kings_Gambit_Accepted Kings_Gambit_Accepted_Tartakower_Gambit
Q0M1q,8/8/1p6/1P6/2kb4/4p3/4Kp2/7R w - - 2 61,h1h5 d4c5 h5h1 c4b5,1788,75,94,1464,crushing endgame interference quietMove short,https://lichess.org/rXAz1I4N#121,
Q1KTd,8/8/p1r1pkp1/1prbRp1p/5K1P/P1PB4/2PBR1P1/8 w - - 9 33,g2g3 c5c4 f4e3 f6e5,1749,78,93,867,advantage deflection interference middlegame short,https://lichess.org/boaZ8LIA#65,
Q3SFC,r1b2r1k/pp1n1ppP/2n1p3/3pP2P/3P1B2/8/q1P1QP2/2KR1BNR w - - 1 16,h5h6 a2a1 c1d2 a1d4 d2e1 d4f4,1821,76,96,3915,crushing fork interference long opening,https://lichess.org/Equ5j6oK#31,Caro-Kann_Defense Caro-Kann_Defense_Campomanes_Attack
Q3W4t,1k4r1/pq3p2/1p3b1p/8/8/2PR2P1/PP3P1P/3Q2K1 b - - 0 28,h6h5 d3d7 b7c6 d7d6 c6e4 d6f6,1655,76,94,8114,crushing endgame interference long,https://lichess.org/hbW0iGrH/black#56,
Q4WO8,3r3r/4bppp/1Qpkpn2/1B6/2PPq3/4B3/PP2KP1P/R7 b - - 0 18,d8b8 c4c5 d6d7 b6a7 d7e8 a7b8,1743,76,91,95,advantage interference long middlegame pin,https://lichess.org/YYuyFNBA/black#36,Nimzowitsch_Defense Nimzowitsch_Defense_Scandinavian_Variation
Q5DFB,2r4Q/1p2kp2/6p1/p4p1p/7P/1Pr5/P1P3q1/1K2R3 b - - 3 36,e7d6 h8e5 d6c6 e5c3 c6b6 c3c8,1814,78,93,161,crushing endgame exposedKing interference long skewer,https://lichess.org/HpDXCs7R/black#72,
Q5Yq7,3r3r/p3kbQp/5p2/4p3/4Nb2/1Pq2N1P/P5P1/5R1K b - - 3 28,c3d3 g7f6 e7f8 f6h8 f8e7 h8f6,1603,76,94,4919,crushing interference long middlegame,https://lichess.org/YPsn04EK/black#56,
Q5iMq,r3r1k1/p1q2p1p/2bpp1p1/2b4n/2P3N1/3B3P/PQ3PPB/1R2R1K1 b - - 4 21,f7f5 g4h6 g8f8 b2h8 f8e7 h8h7,1781,76,91,880,crushing interference kingsideAttack long middlegame,https://lichess.org/jcOal4BP/black#42,
Q7GUW,r3k1nr/1p1n3p/p1p2ppb/3b4/3P2P1/1PNBPNqP/P2BK3/R2Q3R w kq - 0 16,c3d5 g3g2 e2e1 g2h1 d3f1 c6d5,1653,76,94,7382,crushing interference long middlegame,https://lichess.org/gEba2H5g#31,Slav_Defense Slav_Defense_Other_variations
Q9FxW,6r1/8/1p2N3/4Rp1k/1PP5/4K2P/3r4/8 b - - 2 42,d2g2 e6f4 h5g5 f4g2,1719,75,87,571,advantage endgame fork interference short,https://lichess.org/OFAxlSSt/black#84,
QC1hA,8/p2R3K/2P4p/8/1Pk2p2/8/r7/8 b - - 0 42,c4b4 d7b7 b4a3 b7a7 a3b2 a7a2 b2a2 c6c7,1885,81,93,405,advancedPawn crushing endgame interference rookEndgame veryLong,https://lichess.org/f59AP1Ku/black#84,
QEN3F,8/8/6pk/5p2/3rqP2/3p2P1/3Q3P/3R1K2 w - - 2 51,d1e1 e4h1 f1f2 h1h2 f2e3 d4e4,1699,76,65,128,crushing endgame exposedKing interference long,https://lichess.org/cuc6s8gv#101,
QFJHF,r6k/3q2pp/8/1ppP4/4rN2/P4QP1/1P5P/5RK1 b - - 1 33,a8e8 f4e6 h7h6 f3e4,1767,76,91,315,crushing endgame interference short,https://lichess.org/wM25BFHI/black#66,
QH9cJ,r3r1k1/1pp2ppp/p7/2nP4/4P3/2N3q1/PP1BQ1P1/5RK1 b - - 1 24,e8e5 d2f4 g3d3 f4e5 d3e2 c3e2,1763,75,100,452,advantage fork interference long middlegame,https://lichess.org/V5xOdhMC/black#48,
QHCOm,5rk1/1p3ppp/p3b1q1/3pQ2N/8/2p2R1P/6PK/8 b - - 1 35,c3c2 f3g3 f7f6 e5e6,1785,84,78,95,advantage endgame interference short,https://lichess.org/sXHrZIur/black#70,
QHGlP,rnbqk2r/pp2pp2/2p3pp/2P5/2BbN3/8/PP3PPP/R1BQK2R b KQkq - 1 10,f7f5 e4d6 e7d6 d1d4,1811,75,93,6363,crushing interference opening short,https://lichess.org/X29kyByA/black#20,Grunfeld_Defense Grunfeld_Defense_Other_variations
QHQ1g,rnbQ4/pk1p4/1pp1p3/3nP3/3P4/q4NB1/3N1PPP/2R1KB1R w K - 0 25,d2c4 a3c1 e1e2 c1c4,1725,78,88,1602,crushing hangingPiece interference middlegame short,https://lichess.org/eHOvmDFc#49,
QHc69,8/p7/P1p5/8/3k2R1/8/2r2rP1/R5K1 b - - 7 49,d4e3 a1a3 e3e2 g4e4 e2d1 a3a1 d1d2 g1f2 d2d3 f2f3,1794,79,93,406,crushing defensiveMove endgame interference rookEndgame veryLong,https://lichess.org/xU37S5xc/black#98,
QIW8H,1k5r/1p5r/p3p1q1/P1RpP3/5P2/5QP1/1P3R1P/7K w - - 6 34,h2h4 h7h4 g3h4 h8h4 f2h2 g6b1 h1g2 b1b2,1643,76,71,113,crushing endgame exposedKing interference sacrifice veryLong,https://lichess.org/FWP1XAZK#67,
QJCkm,2r3k1/p3ppbp/qp4p1/3PP3/2r2P2/1Q2B3/P2R2PP/1R4K1 w - - 1 22,b1d1 c4c3 b3b4 c3e3,1659,74,95,19293,advantage interference master middlegame short,https://lichess.org/EPjXUJj3#43,
QJELI,4r2k/p2n3p/3N4/6Bq/3PN3/6P1/PP3P2/4RK2 w - - 3 25,d6e8 h5h1 f1e2 h1e4 e2f1 e4h1,1773,76,76,70,advantage endgame fork interference long,https://lichess.org/PIB4TETM#49,
QJinE,2k4r/1pp2p2/p1q1b2p/R2r2p1/3pN3/1P1P1R1P/1PPQ1PP1/6K1 w - - 4 24,c2c4 d4c3 b2c3 d5a5,1894,77,86,205,crushing enPassant interference middlegame short,https://lichess.org/lPu4By6w#47,
QLJLy,8/7k/1Pq5/7p/6p1/6P1/PQ5P/5K2 w - - 0 50,b6b7 c6h1 f1f2 h1h2 f2e3 h2b2,1776,76,100,1224,crushing endgame exposedKing interference long queenEndgame skewer,https://lichess.org/ylcB4GMf#99,
QMGxo,rn3rk1/ppp2ppp/3p1b2/5P2/5Bnq/2N2Q2/PPP2PPP/2KR1B1R b - - 6 12,g4f2 g2g3 h4g4 f3f2,1870,78,96,14198,advantage interference intermezzo opening short,https://lichess.org/U8pHgGBN/black#24,Philidor_Defense Philidor_Defense_Exchange_Variation
QMVMc,3rkb1r/3q1ppp/R3p1B1/4P1N1/8/8/1P3pPP/3Q1R1K b k - 0 19,d7d1 g6f7 e8d7 f1d1,1868,75,78,313,attackingF2F7 crushing interference intermezzo master masterVsMaster middlegame short,https://lichess.org/nwsoiLQ7/black#38,French_Defense French_Defense_Advance_Variation
QNOsa,3n2k1/6pp/4pn2/p1qpp2N/Pp5Q/1B1P3P/1PP2rPK/3R4 b - - 1 27,g8f7 d3d4 e5d4 h4f2,1769,75,91,328,advantage interference middlegame pin short,https://lichess.org/eaUXoZkA/black#54,
QO79x,2r3k1/3b1pp1/1B6/3pqN2/6P1/PP3Q2/1PKb1P2/R5R1 w - - 2 33,c2d2 e5b2 d2e1 b2a1 f3d1 c8c1,1741,75,96,3578,crushing exposedKing interference long middlegame pin,https://lichess.org/sA5tfUwH#65,
QPbSM,r2qkb1r/1ppb3p/p5B1/4p1pQ/3n4/3P4/PPP2PPP/RNB1K2R b KQkq - 0 13,h7g6 h5g6 e8e7 c1g5,1603,75,86,738,interference mate mateIn2 opening short,https://lichess.org/0HYWIp9d/black#26,Ruy_Lopez Ruy_Lopez_Morphy_Defense
QRNRi,3k2r1/p7/1p1pp3/P4r2/8/3Pq1Pp/2Q2P1P/2RR1K2 b - - 2 29,g8f8 c2c8 d8e7 c1c7 e7f6 c8f8,1612,75,98,1097,crushing deflection endgame exposedKing interference long,https://lichess.org/kyQY7rbl/black#58,
QStbf,3b1rk1/2q3p1/4p3/1R1pP1p1/1Pr4p/2P3QP/4NPP1/R5K1 w - - 0 33,g3e3 c4e4 e3d3 c7e5,1716,75,89,1033,crushing interference middlegame short,https://lichess.org/HX1T40SL#65,
QTI5s,5rk1/pp2rpp1/2pp1q1p/5P2/nP2P1Q1/2P2N2/P5PP/2R1R1K1 b - - 3 23,a4c3 e4e5 d6e5 c1c3,1669,169,0,10,advantage interference intermezzo middlegame short,https://lichess.org/fNoWEv1W/black#46,
QTp0P,r1b2rk1/ppq3p1/2p1P1Q1/3p1Bp1/1b1P4/8/PP3PPP/R4RK1 b - - 0 24,f8f6 g6h7 g8f8 h7h8 f8e7 h8g7 e7d8 g7f6,1708,77,96,19410,crushing deflection interference kingsideAttack middlegame veryLong,https://lichess.org/MCSf1qYZ/black#48,
QUm6K,r6k/2p3pp/p2b1rb1/1pp5/7Q/2N4P/PPP2PP1/3R2K1 w - - 0 24,c3e4 f6f4 h4g3 f4e4,1833,76,85,82,advantage interference middlegame short,https://lichess.org/1rtBOi8Y#47,
QVDqQ,8/ppbq1r2/2pn2kp/5pp1/PPPP2P1/5QNP/1B4K1/4R3 b - - 2 35,f5g4 f3d3 d6f5 h3g4,1885,78,86,184,advantage interference intermezzo master middlegame short,https://lichess.org/60NpslRV/black#70,
QVfvT,8/5p1p/5k2/7r/3PK3/3R3P/8/8 w - - 16 49,d4d5 h5h4 e4e3 h4h3 e3d2 h3d3,1819,76,97,1445,crushing endgame interference long rookEndgame,https://lichess.org/oFaBjY6M#97,
QXg1i,rn2kbnr/pQ3p1p/8/2p1p3/8/3PB1P1/PPP1qP2/R5K1 b kq - 0 16,g8f6 b7c8 e8e7 e3c5,1818,78,91,1648,interference mate mateIn2 middlegame short,https://lichess.org/607rBffD/black#32,Sicilian_Defense Sicilian_Defense_Other_variations
QXpKN,2kr1b1r/pRp1pppp/B4n2/8/8/2N2n2/P2BKP1P/7R b - - 1 15,f3d2 b7b2 c8d7 b2d2,1793,77,94,7078,crushing discoveredAttack discoveredCheck interference master middlegame short,https://lichess.org/L8yEJQ87/black#30,Scandinavian_Defense Scandinavian_Defense_Main_Line
QYTBg,3r2k1/1p4p1/5p1p/p1p2p1P/P1Pq1B2/6P1/1PQ4R/R3K3 w Q - 0 28,a1d1 d4g1 e1e2 g1h2 e2e3 h2c2,1629,76,96,5321,crushing endgame exposedKing interference long skewer,https://lichess.org/RDgFMnkk#55,
QYZu0,3r2k1/2Q2pp1/2Np1b1p/1p6/8/1PP5/1q3PPP/5RK1 b - - 1 25,b2c3 c6e7 g8h7 c7d8,1632,77,95,13778,crushing endgame interference short,https://lichess.org/QqWuBfkr/black#50,
QYbpi,6rk/p4Q1p/2p1p1r1/q2p4/3P3b/7P/PPP1NPP1/R4RK1 w - - 3 20,e2f4 g6f6 f7h5 f6f4 h5e5 f4f6,1773,75,89,137,advantage interference long middlegame,https://lichess.org/a2IQKRT5#39,
Qc9Ol,4r1k1/5pp1/P6p/8/8/8/PQP3q1/KR6 b - - 0 38,e8a8 b2b7 g2c2 b7a8,1850,76,85,59,crushing endgame interference short,https://lichess.org/5IQJG6wh/black#76,
Qcvzs,3r1rk1/pp1q1ppp/3pbn2/2p5/4P3/2NQ2P1/PPP2PBP/3R1RK1 w - - 6 14,c3b5 c5c4 d3d6 d7b5 d6d8 f8d8 d1d8 f6e8,1689,75,94,7863,crushing interference middlegame veryLong,https://lichess.org/TzFcmzdr#27,Russian_Game Russian_Game_Three_Knights_Game
QeXB1,r2r4/5pk1/p3p3/Pp5Q/5q2/2P2P2/1P6/R2R3K w - - 3 36,d1g1 g7f6 g1g4 f4f3,1879,76,91,495,crushing defensiveMove endgame interference master short,https://lichess.org/HFMCkuw4#71,
Qedup,r7/pp3RQp/4p3/8/4k3/5P2/qr4PP/6K1 b - - 0 29,e4d5 f7d7 d5c6 d7c7 c6b5 c7b7,1712,74,88,131,advantage deflection endgame interference long,https://lichess.org/6cf0iK28/black#58,
Qeg7y,3r2kr/R5b1/1p2p1pp/3bPp2/1q6/8/PPQ2PPP/4RBK1 b - - 0 22,g8h7 a7g7 h7g7 c2c7 g7g8 c7d8,1746,76,89,184,advantage attraction interference long middlegame sacrifice,https://lichess.org/MdY7tRCA/black#44,
Qf673,5r1k/6bp/6p1/1p1B1b2/p4P2/P1q5/1R2Q1PP/5R1K w - - 1 34,b2b5 f5d3 e2f3 d3b5 f3c3 g7c3,1635,77,94,1464,advantage fork interference long master middlegame,https://lichess.org/t1sAB3fE#67,
QfyGY,r3kb1r/1p2nqpp/pQ6/3p4/3p4/8/PPP2PPP/1K1R1B1R b kq - 5 16,e7c6 d1e1 f8e7 b6b7 e8g8 b7c6,1668,75,94,1798,advantage fork interference long middlegame,https://lichess.org/8VZjhZ08/black#32,Sicilian_Defense Sicilian_Defense_Marshall_Counterattack
Qg2AC,2r4r/1p3k2/3p1pp1/p2qb3/6QP/1P1P2R1/1PP5/1K2R3 b - - 0 31,e5g3 g4d7 f7f8 d7c8 f8g7 e1e7,1739,74,88,249,crushing endgame interference long,https://lichess.org/OOtjQNZT/black#62,
Qg2Ik,1r3r2/p2bpk1p/3p1npQ/3N4/2pNP3/5P2/qPP3P1/2KR3R w - - 2 20,d5f6 a2b2 c1d2 b2d4 d2e2 d4f6,1646,75,93,906,advantage fork interference long middlegame,https://lichess.org/ZcVp5vBe#39,
Qg6N2,r1b3k1/pp1n2pp/2p1p2r/3p4/2PPp1Q1/4P2P/PP1B1qB1/R5RK b - - 1 17,f2d2 g2e4 g7g6 g4e6,1750,76,92,1181,crushing interference kingsideAttack middlegame short,https://lichess.org/8WjN1Xz0/black#34,English_Opening English_Opening_Anglo-Dutch_Defense
QgtG7,1r2r3/3k1p1p/p1q1p3/1b2R1P1/3B1PQP/2Pp4/5R1K/8 b - - 14 28,b5c4 e5c5 c6e4 c5c4,1637,74,86,470,crushing interference middlegame short,https://lichess.org/BPclQmCC/black#56,
QhT3K,4k1r1/pp2n1Pp/4Q3/4P3/3q4/8/P4P2/R5RK w - - 0 27,a1c1 d4h4 h1g2 g8g7 g2f3 g7f7 e6f7 e8f7,1810,76,85,97,advantage endgame exposedKing interference veryLong,https://lichess.org/dS5ee8G9#53,
QhY8t,rn4k1/1b3pp1/4r2p/pp2q3/6Q1/2P5/PP2NPPP/R2B1RK1 w - - 2 20,e2d4 e6g6 d4f3 g6g4 f3e5 g4g2,1873,74,94,7091,advantage interference kingsideAttack long middlegame,https://lichess.org/D9Yn2MYx#39,
QhZiv,2r2k2/2q2ppQ/pp2p2p/3p4/1bbP1P2/4P3/1B4PP/1BR3K1 b - - 3 31,b4d2 b2a3 f8e8 h7g8 e8d7 g8f7,1731,77,87,71,crushing deflection interference long middlegame,https://lichess.org/R26WEvxe/black#62,
Qi2QL,2kr1bR1/ppp5/4bq2/5N1r/4P2p/5P1B/PPP1Q2P/2KR4 b - - 7 23,e6g8 f5e7 c8b8 d1d8,1673,74,95,18927,backRankMate deflection discoveredCheck doubleCheck interference mate mateIn2 middlegame short,https://lichess.org/Co0nukJe/black#46,
QiAf8,3r1k1r/pp3pp1/5q1p/2pBb3/Q3P1P1/8/PP1N1P2/R4R1K w - - 5 24,f2f4 f6h4 h1g2 h4g4 g2f2 g4f4,1819,76,89,1332,crushing exposedKing interference kingsideAttack long middlegame,https://lichess.org/QrjDZCul#47,
QiMYY,5rk1/q2bbp2/4p1p1/3pP2p/5PP1/1Q6/PP4PR/1K5R b - - 0 27,h5h4 g4g5 g8g7 h2h4,1717,76,92,967,advantage interference middlegame quietMove short,https://lichess.org/PQZPwb2U/black#54,
Qk4bG,rnbqk2r/pp2ppb1/5np1/3P3p/3N3P/2N1P3/PP3PP1/R1BQKB1R b KQkq - 0 8,f6d5 f1b5 b8d7 c3d5,1872,77,93,5967,crushing interference intermezzo opening short,https://lichess.org/EKrt6291/black#16,Grunfeld_Defense Grunfeld_Defense_Three_Knights_Variation
QnVgW,2kr4/pp3pp1/2b2n1p/4p3/4P3/P1N2PP1/1P1rRKBP/4R3 b - - 4 25,c8c7 c3d5 f6d5 e2d2,1818,76,91,1548,crushing interference master middlegame short,https://lichess.org/jneBGYIT/black#50,
QoVwZ,r1b1kb1r/pp3ppp/1q2p3/n2pPn2/3P1P2/2N2N2/1P4PP/R1BQKB1R b KQkq - 1 10,a5b3 f1b5 c8d7 d1b3,1616,75,88,3038,crushing interference opening short,https://lichess.org/kK0ZcpKx/black#20,French_Defense French_Defense_Advance_Variation
Qp52z,4rrk1/ppp2qp1/2n2p1p/8/3PP1Q1/2P2PPR/PP1K2P1/7R b - - 4 23,f6f5 h3h6 f7a2 h6h8 g8f7 g4f5,1695,75,83,1089,crushing interference kingsideAttack long middlegame pin,https://lichess.org/japsG4t9/black#46,
QqLfQ,rn2r1k1/5ppp/1qp5/3p2Pn/p2P1b1P/P1RQBP2/1PB5/1K4NR b - - 2 21,f4e3 d3h7 g8f8 h7h8 f8e7 c3e3,1842,78,91,827,crushing fork interference long middlegame,https://lichess.org/UP4N0VKG/black#42,
QrgQk,r2q3r/2pbk3/p3p3/4Pp2/8/3B2N1/PP4Q1/R5K1 b - - 2 23,f5f4 g3f5 e6f5 g2g7 e7e8 g7h8,1656,75,93,1274,clearance crushing interference long middlegame sacrifice,https://lichess.org/lED3RdKu/black#46,
QruOR,r1b2r2/1p3pk1/6q1/pP1Q4/2P4R/3P4/6PP/1R5K b - - 0 28,c8e6 d5e5 f7f6 e5e6,1660,75,92,3144,crushing deflection interference middlegame short,https://lichess.org/btpPmIlP/black#56,
QsTgY,5q2/1k6/1pn5/5p2/5B2/6P1/8/3RR1K1 b - - 3 41,f8f6 d1d7 b7a6 d7d6 f6b2 d6c6,1855,74,94,4834,crushing endgame interference long,https://lichess.org/REEnMgNQ/black#82,
Qt59P,2kr3r/1b4pp/4pn2/pp1qB3/2p1p3/P1P2P2/P4QPP/3R1RK1 b - - 1 23,d5d1 f2c5 c8d7 f1d1,1639,76,94,5148,crushing interference intermezzo middlegame short,https://lichess.org/GQaprxIC/black#46,
Qtc0c,6r1/2pk1p2/3p4/p1pPp3/2P1P3/P1B2K2/5Prp/R6R w - - 2 30,c3d2 g2g1 a1e1 g1e1 d2e1 g8g1 h1h2 g1e1,1688,77,96,5460,clearance crushing endgame interference veryLong,https://lichess.org/6y9PFVEc#59,
Qv0Uh,Nn5r/pb1k4/1p1b3p/2p2pp1/2B5/4K1P1/PP3PP1/3R2NR w - - 1 18,c4d5 h8e8 e3d2 b7d5,1756,75,95,1108,advantage interference middlegame short,https://lichess.org/UMlkbJbF#35,Queens_Gambit_Declined Queens_Gambit_Declined_Modern_Variation
QvJ2c,1k6/pp6/8/6N1/6n1/2P2pP1/2r2P1P/4R1K1 w - - 7 38,g5e4 c2e2 e1a1 e2e4,1685,74,90,2057,crushing endgame interference master short,https://lichess.org/L6bzdDZq#75,
QvlsC,1r4k1/5pbp/3p2p1/2pb4/3N4/2PBPP1P/rPK3P1/1R5R w - - 0 26,d4b5 c5c4 d3e2 b8b5,1653,75,88,215,crushing interference middlegame short,https://lichess.org/XW21Rssb#51,
QvuvQ,1B1q3r/5kp1/p4npp/3b4/PQ6/8/1P3PPP/4R1K1 b - - 0 22,d8b8 e1e7 f7g8 b4b8,1738,73,96,13277,crushing endgame interference intermezzo master short,https://lichess.org/uDLClPUB/black#44,
QwAIA,5r1q/1b2kpb1/p2p2p1/1p2p1P1/1N1pP1Q1/3P1B1r/PPP2R1P/5R1K b - - 6 26,b7c8 b4c6 e7e8 g4c8,1794,79,91,418,interference mate mateIn2 middlegame short,https://lichess.org/QqLU0qau/black#52,
QwlRt,r3b1k1/2Q2pp1/4p2p/6q1/2P5/5P2/4B1PP/1R3K2 w - - 10 33,b1b8 a8a1 f1f2 g5h4 g2g3 h4h2,1684,75,93,301,crushing endgame interference long,https://lichess.org/jKUnK8ua#65,
QxuZ7,3r2k1/p2n1ppp/2BP1q2/2p5/P7/1r2P1PP/4QP2/3R1RK1 w - - 3 23,e2a6 b3b6 a6a7 b6c6,1801,77,93,4194,advantage interference middlegame short,https://lichess.org/chfMLJe8#45,
Qy43l,r1bq1rk1/3pnppp/p3p3/1pb5/4PB2/1B3N2/PP3PPP/2RQ1RK1 b - - 3 12,d8b6 c1c5 b6c5 f4d6 c5b6 d6e7,1652,74,90,333,advantage interference long opening sacrifice,https://lichess.org/bnvzdhWc/black#24,Sicilian_Defense Sicilian_Defense_Smith-Morra_Gambit_Accepted
Qyoq0,5rk1/ppq1rp1p/2pb1np1/3p2N1/3P4/2PB2N1/PPQ2PK1/R6R w - - 2 17,c2d2 d6f4 d2d1 f4g5,1708,83,40,89,advantage interference middlegame short,https://lichess.org/iunPZqhq#33,French_Defense French_Defense_Knight_Variation
QyvZH,5R2/p2R4/bp4rk/8/8/2P4r/2P2K2/8 b - - 5 40,h3g3 f8h8 h6g5 f2g3,1686,76,92,2242,crushing endgame interference short,https://lichess.org/QiXDH5PX/black#80,
Qz08h,r3k2r/1bq2p2/pp1bpp2/3p4/3P2Q1/2PN2P1/3P2BP/R3R1K1 b kq - 0 21,e8e7 e1e6 f7e6 g4g7 e7d8 g7h8,1797,79,92,1346,advantage interference long middlegame sacrifice,https://lichess.org/ICpI8iRq/black#42,
QzKRj,7k/pp1r3r/1q1P2p1/4Pb2/1PQR4/4R3/P5P1/6K1 b - - 4 34,f5e6 c4e6 b6d4 e6e8 h8g7 e8d7 g7h6 d7h3,1892,74,98,443,advantage exposedKing interference master middlegame sacrifice veryLong,https://lichess.org/pEOSIDps/black#68,
QzLlN,r6r/2pqkp1p/p1p1b3/3pP3/8/6Q1/PB3PPP/RN4K1 b - - 0 18,h8g8 b2a3 e7d8 g3g8,1760,74,95,2224,crushing interference middlegame short,https://lichess.org/815ThJhm/black#36,Danish_Gambit_Declined Danish_Gambit_Declined_Sorensen_Defense
Qzhvk,6r1/p2r1q1k/1p2p1p1/3bB1Qp/3P3P/P1P2PR1/6pK/6R1 b - - 1 44,d5f3 e5f4 f7f8 g3f3,1827,75,91,3207,crushing interference intermezzo master middlegame quietMove short,https://lichess.org/yv3htmjS/black#88,
R0kcz,1r3rk1/p2bbpp1/2pq1n1p/8/B1Q1p3/2N5/PPPP1PPP/R1B2RK1 w - - 5 16,c3e4 f6e4 c4e4 b8b4 c2c4 b4a4,1621,75,93,3001,advantage interference long middlegame,https://lichess.org/SBEoijRG#31,Italian_Game Italian_Game_Two_Knights_Defense
R1bDH,4r1k1/pp4r1/2p4R/5N2/1P5R/1P5P/2P1p1PK/8 b - - 3 40,e2e1q h6h8 g8f7 f5d6 f7e6 h8e8,1615,76,89,259,crushing deflection endgame exposedKing fork interference long,https://lichess.org/TJCLXJL8/black#80,
R1ztP,2r5/8/p4k2/1p1Ppp2/1Q1p3q/7P/PPP5/2K3R1 b - - 3 28,h4f4 c1b1 e5e4 b4d4,1739,81,71,48,crushing defensiveMove endgame interference short,https://lichess.org/mRIJqKct/black#56,
R2i6v,2k2r2/p7/Ppp1p3/2b5/3qp3/3B1Q2/2P1KPP1/R6R w - - 0 34,f3e4 f8f2 e2d1 d4a1,1748,75,89,1805,interference mate mateIn2 middlegame short,https://lichess.org/7pF3nvdC#67,
R5MyJ,1r2k2r/1pQ1npbp/p5p1/3q4/1P1p4/P5P1/3B1P1P/R3R1K1 b k - 1 21,d5d8 e1e7 d8e7 c7b8 e8d7 b8b7,1724,79,91,48,crushing deflection interference long middlegame,https://lichess.org/YNnFn9QZ/black#42,
R5bQn,3r1rk1/bpp2p2/p6p/P3pN1B/1P2Q3/2PP2P1/3q2K1/R6R w - - 1 28,g2f3 d8d3 f3g4 d2g5 g4h3 g5h5,1796,90,89,34,advantage deflection interference long middlegame,https://lichess.org/OHdqfu2l#55,
R6D74,2rr1k2/pp2R2p/6p1/3n4/2P5/1P6/P2K1PPP/4R3 w - - 0 25,c4d5 d8d5 d2e3 f8e7,1641,75,96,4985,advantage endgame interference rookEndgame short,https://lichess.org/wiRbGhe1#49,
R6ePw,6rk/pp2q1rp/4p2Q/4NpB1/3Pp3/2P4P/PP3RPK/8 b - - 0 25,e7g5 h6g5 g7g5 e5f7 h8g7 f7g5,1612,75,92,1495,advantage attraction endgame fork interference long master,https://lichess.org/cvbs4OgP/black#50,
R7kxK,8/Q1rk1r2/3p2p1/1B2pp2/7q/2P5/1P6/1K2R3 b - - 0 33,d7d8 a7b8 d8e7 b8c7,1691,75,97,5312,crushing deflection endgame interference short,https://lichess.org/vZGbcWKF/black#66,
R96pV,2kr2nr/pp3pp1/2b1p3/3pn1Pp/PQp5/2PP2qP/1P1BP1B1/R4KNR b - - 1 15,c4d3 d2f4 g3h4 f4e5 d3e2 g1e2,1817,76,94,12339,advantage interference long middlegame,https://lichess.org/GbvkogH3/black#30,Saragossa_Opening Saragossa_Opening_Other_variations
R9alp,3rk2r/2pb1pp1/1p4qp/pB1QP3/8/P1P1P3/5PPP/R3K2R w KQk - 1 17,a1d1 c7c6 b5d3 c6d5,1865,74,86,704,advantage fork interference middlegame short,https://lichess.org/XkrFC8I6#33,Queens_Gambit_Declined Queens_Gambit_Declined_Exchange_Variation
RAwYi,8/6p1/2k4p/1R1p4/1pr2P2/2b2PP1/2K4P/3R4 w - - 12 38,b5d5 c3d4 c2d2 c6d5,1728,76,78,342,advantage discoveredAttack discoveredCheck endgame interference short,https://lichess.org/WfISIG8u#75,
RDOQR,r4rk1/1pp3p1/1pn5/4pqRQ/8/P2PP2P/1PP5/2KR4 b - - 2 22,f5f3 g5g7 g8g7 d1g1 g7f6 h5f3,1823,75,90,87,attraction crushing interference kingsideAttack long middlegame sacrifice,https://lichess.org/DVex7Y0d/black#44,
RE0pK,rn2r1k1/pp3ppp/2p5/8/2Pq2n1/1P1PpRP1/P1Q1P1NP/1N3RK1 b - - 5 20,b8d7 f3f4 d4e5 f4g4,1729,76,93,4781,crushing interference middlegame short,https://lichess.org/yJqxq8af/black#40,
RE4rc,rnbq3r/pp4pk/2p4p/3p3Q/3P4/6N1/PPP3PP/4RRK1 b - - 1 21,h8f8 f1f8 d8f8 e1e8 f8f4 e8c8 f4e3 g1f1,1767,77,93,9998,advantage interference middlegame veryLong,https://lichess.org/ZhV9THnr/black#42,
REDP0,r6r/pQpk1Bp1/2nb4/3P4/4p1p1/2P3Pq/PP3P1P/R1B2NK1 b - - 0 18,c6e5 f7e6 d7e8 b7a8 e8e7 c1g5,1668,75,95,3766,interference long mate mateIn3 middlegame,https://lichess.org/PyKwC1vE/black#36,Ponziani_Opening Ponziani_Opening_Other_variations
REO2s,4rr2/6k1/p2p4/2pN1p2/2Pb3q/3Q1R1P/P5P1/5R1K b - - 1 34,e8e1 f3g3 g7h8 f1e1,1730,79,0,58,crushing interference middlegame short,https://lichess.org/J2RV4fLj/black#68,
REWDp,R7/1r4pk/5q1p/5p2/4p2P/1P2P1Q1/5PPK/8 w - - 1 40,a8b8 f5f4 e3f4 b7b8,1798,99,92,61,advantage endgame interference short,https://lichess.org/Ln7OoSZq#79,
RF8Wd,r1b1kb1r/pp3ppp/2n1p1n1/1Np5/2P1P3/4BN2/PPP2PPP/3RK2R b Kkq - 2 9,a8b8 b5c7 e8e7 e3c5 e7f6 c7e8,1707,76,89,1288,interference long mate mateIn3 middlegame,https://lichess.org/DcQ8e4xH/black#18,Sicilian_Defense Sicilian_Defense_Closed
RGhSW,4rrk1/Bp3ppp/3q4/8/5n2/1B1P1P1b/P1PQR2P/4R1K1 w - - 1 21,e2e8 d6g6 g1f2 g6g2 f2e3 f8e8,1657,77,92,2004,advantage interference long middlegame,https://lichess.org/5FxyB0N9#41,
RH9uM,r1b1k2r/pp1pq2p/2p2bpB/4p3/2B5/2N2Q2/PP4PP/n4RK1 b kq - 1 17,f6g7 c4f7 e8d8 h6g7,1784,81,95,17735,crushing interference middlegame short,https://lichess.org/IeDA2pMC/black#34,Italian_Game Italian_Game_Other_variations
RHDW3,3r2k1/2p2pp1/5q1p/1BP5/Q2Pb3/7P/P4PP1/2R3K1 w - - 9 30,c1d1 f6g6 b5f1 e4c2 a4b5 c2d1,1839,75,80,125,advantage endgame fork interference long,https://lichess.org/87z1Eg3B#59,
RJ1GY,2kr1b1r/1p4p1/p3p1q1/2p5/5P2/1PBP2Pp/P3QRbP/4R1KN b - - 2 24,d8d3 f4f5 e6f5 e2d3,1891,74,88,1563,advantage interference intermezzo middlegame short,https://lichess.org/GDcaXkcx/black#48,
RJlJB,1rbqr1k1/2p2pb1/3p1n1p/1p1P2p1/3QP3/1BN3BP/1PP2PP1/R3R1K1 w - - 2 18,d4d2 b5b4 c3e2 f6e4,1652,75,94,4832,advantage interference master masterVsMaster middlegame short,https://lichess.org/oD8NAAjz#35,Ruy_Lopez Ruy_Lopez_Closed
RJqlD,8/3kq3/p2p3Q/1pnP4/6Pp/P7/1PP3B1/1K1Rr3 w - - 0 35,h6d2 e1e2 d2c3 e2g2,1698,73,95,23209,advantage endgame interference short,https://lichess.org/eLYznzPx#69,
RKfxh,r6r/3k1ppp/2p2n2/4N3/2Q1P3/2P4P/P4qPK/R1n5 b - - 0 22,d7c7 c4c6 c7d8 c6a8,1887,105,84,23,advantage interference middlegame short,https://lichess.org/UTA8tvR2/black#44,
RMK5W,8/pp2rk2/5ppB/8/2Q5/8/PqP3P1/4rR1K b - - 5 34,f7e8 c4c8 e8f7 c8f8 f7e6 f1e1,1652,75,94,9713,crushing endgame exposedKing interference long,https://lichess.org/asrGWy46/black#68,
RMW5z,r5k1/5p1p/q3p1p1/b2p4/Q2Pn3/4P3/2R2PPP/R5K1 b - - 1 30,e4d6 c2c6 a6e2 c6d6,1652,76,93,9676,advantage interference master middlegame short,https://lichess.org/1OQRni0w/black#60,
RNkPl,2kr2r1/1pq1b2p/p1bpp2Q/5p2/2P1N3/6P1/PP2PPBP/2R2RK1 w - - 0 17,e4f6 g8g6 h6h7 g6f6 g2c6 b7c6,1871,75,94,1934,advantage interference long middlegame,https://lichess.org/EafFc2D0#33,Hungarian_Opening Hungarian_Opening_Sicilian_Invitation
RNmtn,rn3rk1/p2p1pp1/1p2p2p/8/4N2q/3Bb3/PPP1QP1P/R3K1R1 b Q - 1 15,e3f4 g1g4 h4d8 g4f4,1636,75,92,557,advantage interference middlegame short,https://lichess.org/6Z3da6yP/black#30,Horwitz_Defense Horwitz_Defense_Other_variations
ROmu0,r1b1kr2/ppp2Npp/2n5/2qpp3/2B4R/6P1/PPPP2K1/RNBQ4 w q - 0 13,d1h5 f8f7 d2d4 c5c4,1680,76,93,922,advantage interference middlegame short,https://lichess.org/Z1qa6ud1#25,Italian_Game Italian_Game_Two_Knights_Defense
RP47l,r4rk1/pb1q1pp1/1p5p/2pP3n/5P2/2NP3P/PPQB2PK/4RR2 b - - 0 18,b7d5 c3d5 d7d5 e1e5 d5a2 e5h5,1634,85,91,36,crushing interference long middlegame,https://lichess.org/GJcVXOAr/black#36,Philidor_Defense Philidor_Defense_Exchange_Variation
RPvsf,2k2r1r/ppq2pp1/2p1p1p1/2P5/1P1P4/P4Qn1/2BB2P1/R4RK1 w - - 0 22,d2f4 c7f4 f3f4 g3e2 g1f2 e2f4,1870,119,63,13,advantage attraction fork interference long middlegame sacrifice,https://lichess.org/QvNMKi50#43,
RRQYK,rnbqkbnr/p6p/4p3/1B1pPpp1/P2P4/1pP3B1/1P3PPP/RN1QK2R b KQkq - 1 13,c8d7 d1h5 e8e7 h5g5 e7f7 g5d8,1689,75,88,267,crushing deflection exposedKing interference long middlegame skewer,https://lichess.org/sSn8xFby/black#26,French_Defense French_Defense_Normal_Variation
RSS7C,r1bk3r/ppqp1Qpp/2nbp3/2p5/4N3/3P4/PPP2PP1/R1B2R1K b - - 5 15,h8f8 c1g5 c6e7 f7f8,1739,136,83,18,interference mate mateIn2 opening short,https://lichess.org/NJHgKleV/black#30,Sicilian_Defense Sicilian_Defense_Old_Sicilian
RUQ17,1r2q2k/1p1R2pp/p2Q2n1/4p3/P2p4/3P3P/1PP3P1/6K1 b - - 0 22,g6f8 d7e7 e8c8 d6e5,1721,75,94,2759,crushing endgame interference short,https://lichess.org/t9WCjmnY/black#44,
RWhKs,3r4/p7/1p2pk1Q/2P5/8/5PP1/6K1/3q4 b - - 3 50,f6e5 h6g5 e5d4 g5d8 d4c5 d8d1,1808,74,95,7441,crushing endgame interference long skewer,https://lichess.org/iuq2kwEh/black#100,
RXjJk,3rr1k1/2q2ppp/p7/2pp4/5Pn1/PP1Q2N1/1B4PK/R4R2 w - - 2 23,h2g1 e8e3 d3d2 e3g3 f1f3 g3f3,1626,75,91,2665,advantage interference long middlegame,https://lichess.org/jwiaTaf6#45,
RYe2p,r4rk1/ppqnBppp/2p1p3/8/3PNn2/2P5/PP3PP1/2RQR2K b - - 1 16,f8e8 e7d6 c7d8 d6f4 d8h4 f4h2,1639,74,96,21875,advantage interference long middlegame,https://lichess.org/h3vpETEL/black#32,Caro-Kann_Defense Caro-Kann_Defense_Main_Line
RZ1bM,1r3r2/p1qb3k/2pN3p/n4p2/BP6/P2P2Q1/2P2PPP/R5K1 w - - 4 23,b4a5 f5f4 g3f3 c7d6,1660,75,92,3133,crushing interference middlegame short,https://lichess.org/YsgU19mr#45,
RZfZN,r6r/4k2B/b2qp1Q1/3p1PP1/8/1P2R3/P6P/bN5K b - - 0 30,e6e5 g6g7 e7d8 g7h8 d8c7 h8a8,1784,76,94,848,advantage exposedKing interference long middlegame skewer,https://lichess.org/mUTO566G/black#60,
RZgFS,3q4/1Rp1rppk/p5bp/2P5/1P6/4NQ1P/P1Pr1PP1/R5K1 w - - 1 29,a1c1 g6e4 f3g3 e4b7,1754,75,68,1107,advantage fork interference middlegame short,https://lichess.org/jykKKDW8#57,
Rbk8g,3r2k1/5ppp/p1R5/1p6/3b4/Pb1B2P1/7P/4RK2 b - - 2 30,h7h5 c6d6 d8c8 d6d4,1895,74,95,6674,crushing endgame interference master short,https://lichess.org/4vGbWNsa/black#60,
RcPCs,3r3r/1pp2kp1/p7/1b2R2p/5R2/P5PB/5P1P/6K1 b - - 2 25,f7g8 h3e6 g8h7 e5h5 h7g6 e6f7,1611,75,99,374,endgame interference long mate mateIn3,https://lichess.org/rLg3rgWd/black#50,
RcY2Z,r2qk2r/2p1bppp/p4n2/1p1Bp1B1/3PP3/2P2QP1/PP5P/5RK1 b kq - 1 17,f6d5 f3f7 e8d7 f7d5 d7c8 d5a8,1779,76,93,849,attackingF2F7 crushing interference long middlegame,https://lichess.org/izGKbX2h/black#34,Scandinavian_Defense Scandinavian_Defense_Other_variations
Re8GZ,5bk1/1p4pp/p3p3/3pN3/3P4/7P/Pqr1N1P1/R2Q2K1 w - - 0 19,e2f4 c2d2 d1e1 b2d4 g1h1 d4f4,1870,89,69,52,advantage fork interference long middlegame,https://lichess.org/hOenkFmL#37,
ReNAf,Q7/p3r1pp/1p1qb1k1/5pN1/1P1P2n1/Pn1B4/1B3PPP/4R1K1 w - - 6 29,g5e6 d6h2 g1f1 h2h1 f1e2 e7e6,1682,75,88,1707,crushing interference kingsideAttack long middlegame,https://lichess.org/hgzQXgx0#57,
ReYKG,8/3Q2p1/1p4p1/1k5p/8/8/KPqp4/8 b - - 1 50,b5c4 d7c6 c4d3 c6g6 d3e2 g6c2,1721,186,82,7,crushing deflection endgame interference long queenEndgame skewer,https://lichess.org/XDRdFqMY/black#100,
RebDH,5rk1/Bq2bppp/p3b3/4Q3/3p1n2/3P1P2/1N3RPP/2R3K1 b - - 0 29,f4d3 b2d3 b7a7 c1c7 a7b6 c7e7 b6b1 d3e1,1899,85,88,44,advantage defensiveMove interference middlegame veryLong,https://lichess.org/iXUB5nhQ/black#58,
Rfzbj,r1b1kb1r/pp3ppp/1qn1p3/3n4/2p1BP2/PP2PN2/1BP1Q1PP/RN3RK1 b kq - 1 11,d5e3 e4c6 b7c6 b2d4 c6c5 d4e3,1754,76,92,243,advantage interference long middlegame,https://lichess.org/6nnXO6Fo/black#22,Bird_Opening Bird_Opening_Other_variations
Rgpdk,8/pp3q1k/2p1p3/2P4p/3Pp1pN/P3r3/1P5Q/3R3K w - - 0 34,h1g1 e3h3 h2e5 h3h4,1747,76,93,880,advantage endgame interference master short,https://lichess.org/Yo9vgCVH#67,
RiuSS,r2q1rk1/1b3pbp/p1npp1p1/1pB2P2/4P3/1BN5/PPP3PP/1R1Q1RK1 w - - 0 15,c5d6 g7d4 g1h1 d8d6,1856,79,92,3758,advantage interference intermezzo middlegame short,https://lichess.org/6tIX2Uwk#29,Sicilian_Defense Sicilian_Defense_Hyperaccelerated_Pterodactyl
RkZ7p,2r3k1/q5p1/2p1P1p1/3p1r2/3Pn3/7Q/P6R/2R3K1 b - - 2 36,g8f8 h3h8 f8e7 h8g7 e7e6 g7a7,1775,77,92,1296,crushing deflection interference long middlegame skewer,https://lichess.org/jB378FCR/black#72,
RkorD,8/5rk1/p1QP4/1p3q2/4R1p1/2P5/PP6/4K3 w - - 3 41,e4e2 f5b1 e1d2 b1b2,1666,109,100,38,crushing endgame interference short,https://lichess.org/MducDEn0#81,
RnY6o,qr4k1/p4ppp/3b1nb1/6N1/2QP1p2/2P5/PP4PP/R1B2RK1 w - - 11 21,c1f4 b8b2 g5f3 d6f4,1885,74,95,3235,advantage interference intermezzo middlegame short,https://lichess.org/JlkLM3aq#41,
Rnha2,1r5r/pQ2n1k1/4Bb1p/1N6/8/2P3P1/P6P/5K2 w - - 1 28,b7a6 b8b6 a6a4 b6e6 a4g4 g7f7,1867,157,67,7,advantage defensiveMove interference long middlegame,https://lichess.org/8tEEjkva#55,
Rnume,3Q1rk1/6p1/1pq1p1r1/p3Q3/P1P2p1p/6P1/1P3p1P/2RR2K1 w - - 0 31,g1f2 f4g3 f2e1 c6h1 e1d2 f8d8,1685,76,88,834,crushing discoveredCheck doubleCheck interference long master middlegame,https://lichess.org/YSnOU11m#61,
RpDBw,2kr1b1r/1b5p/1q1p2p1/1BpP1p2/5P2/P2Q4/1P4PP/R1B1R1K1 w - - 0 20,b2b4 c5c4 c1e3 b6b5,1612,73,97,20492,advantage discoveredAttack discoveredCheck interference middlegame short,https://lichess.org/l3Lu5kwH#39,
RqTmh,r1b2rk1/5ppp/1p3n2/1Bq1p3/3p4/5P2/PPPBQ1PP/R4RK1 w - - 4 17,c2c3 d4d3 e2e3 c5b5,1600,77,94,5721,advantage discoveredAttack discoveredCheck interference middlegame short,https://lichess.org/ne336xoC#33,Sicilian_Defense Sicilian_Defense_Lasker-Pelikan_Variation
RrmGr,r4r2/pppq2b1/1n1pk1Q1/4p1p1/2PP4/2N1P3/PP1B4/2K2R2 b - - 0 21,f8f6 d4d5 e6e7 g6g7,1706,136,79,23,crushing interference middlegame pin short,https://lichess.org/yVhH0hMM/black#42,
RsXuH,1r4k1/p4ppp/3R4/4p3/8/P1q1BN2/2P2PPP/2K4R w - - 1 24,h1d1 c3a3 c1d2 a3d6,1609,72,96,19441,crushing endgame interference queensideAttack short,https://lichess.org/MtwJ8PDE#47,
Rsg2P,3r2k1/p1p1qpp1/8/2b1pPN1/4P1n1/8/PP1BQ1KP/R7 w - - 3 27,h2h3 d8d2 e2d2 g4e3 g2h1 e7g5,1784,75,95,977,crushing interference long middlegame pin sacrifice,https://lichess.org/YdF8xtPd#53,
Rsoc4,2r4k/1R4p1/p6p/3Q4/1p1N1p2/1Pq5/2P3r1/2KR4 w - - 5 43,d5g2 c3a1 c1d2 a1d4 d2e1 c8e8,1813,76,97,2611,crushing endgame interference long,https://lichess.org/WTPrNm6E#85,
RtXac,rb5r/1p1k1p2/2p5/p1P4p/P2P1q2/2N5/1P3P1P/R2QR1K1 w - - 0 20,c3e4 f4h2 g1f1 h2h1 f1e2 h1e4,1604,100,86,36,crushing interference kingsideAttack long middlegame,https://lichess.org/RBdaEiW9#39,
RusMc,5k2/1p1q3p/3Pp1p1/p4p2/Pb1QN3/1P3PP1/6KP/8 b - - 1 34,f5e4 d4h8 f8f7 h8h7 f7f6 h7d7,1737,104,88,43,crushing endgame exposedKing interference long skewer,https://lichess.org/ZjMHrDSu/black#68,
RwFzi,r2q1rk1/pbpp1ppp/1p6/3NP3/6Pn/6B1/PPP2P1P/R2Q1BK1 b - - 3 15,c7c6 d5f6 g7f6 g3h4,1701,75,95,1121,advantage interference master masterVsMaster middlegame short,https://lichess.org/G9uG0WlW/black#30,Ruy_Lopez Ruy_Lopez_Berlin_Defense
RxLg5,6rk/1p3R1p/p1n5/3p4/3P2r1/q1P1Q3/P6P/4R2K b - - 2 28,a3a2 f7h7 h8h7 e3h3 h7g6 h3g4,1844,76,96,2639,attraction crushing interference long middlegame sacrifice,https://lichess.org/NnKDt7rc/black#56,
RxQ2q,r4rk1/pp3ppp/2p2b2/3P3R/4P3/2P5/PqB3PP/R2Q3K b - - 2 21,b2c3 e4e5 g7g6 e5f6,1774,84,88,45,advantage interference middlegame short,https://lichess.org/GPLl5Hg0/black#42,
RxSXJ,5rk1/4n2p/q3p1pP/3pB1Q1/p1rP2P1/P4p2/1P6/1K3R1R b - - 1 31,e7c6 g5g6 h7g6 h6h7 g8f7 f1f3,1812,75,95,2999,advancedPawn crushing interference kingsideAttack long middlegame sacrifice,https://lichess.org/mttCXMTO/black#62,
Rzq9O,r3k2r/pp3ppp/4p3/8/3PQB2/P1q4P/5PP1/2KR3R w kq - 0 19,e4c2 c3a1 c1d2 a1d4 d2e2 d4f4,1666,79,95,13061,advantage exposedKing fork interference long middlegame,https://lichess.org/yq9gqt6r#37,Indian_Defense Indian_Defense_Spielmann-Indian
S1KqO,1r6/Rpq2k1p/2Bp2p1/3P1p2/3Q2n1/8/PP4P1/6K1 b - - 0 40,f7f8 d4h8 f8f7 h8h7 f7f6 h7c7,1623,77,88,52,crushing endgame exposedKing interference long skewer,https://lichess.org/OGD93epA/black#80,
S1LKN,r4r2/1b2kP2/1n2p2B/p1bpP2p/8/1P6/P3N1PP/3R1R1K w - - 3 27,h6f8 a8f8 e2f4 f8f7 f4g6 e7e8,1812,77,86,182,advantage defensiveMove interference long middlegame,https://lichess.org/0U3EroiO#53,
S1p0G,r1bqk2r/ppp1bppp/2n5/8/4n3/1QN5/PPP1N1PP/R1B1KB1R b KQkq - 1 9,c6d4 b3a4 c8d7 a4d4,1692,76,95,22271,advantage interference opening short,https://lichess.org/qOMKcjKG/black#18,Center_Game Center_Game_Other_variations
S2Xzn,rnbqk2r/ppp1b3/4pp2/4N2p/2PPp3/4P1BR/PP3PP1/R2QKB2 w Qkq - 0 13,h3h5 e7b4 e1e2 h8h5,1841,88,53,47,advantage interference intermezzo middlegame short,https://lichess.org/kmUOgb8p#25,Queens_Gambit_Declined Queens_Gambit_Declined_Other_variations
S43hP,r1bk1bnr/ppNp1ppp/8/8/5B2/8/PqP1PPPP/R2QKB1R w KQ - 1 13,c7a8 f8b4 f4d2 b4d2 e1d2 b2d4 d2c1 d4a1,1680,78,84,271,advantage attraction interference opening veryLong,https://lichess.org/60kXG9HK#25,Englund_Gambit Englund_Gambit_Main_Line
S4JAx,2b5/3q1rkp/3p2p1/2pPp3/1pP1p2Q/pP5P/P2N3K/R5N1 w - - 0 31,d2e4 f7f4 h4g5 f4e4,1724,77,94,1084,advantage interference master middlegame short,https://lichess.org/6nzV3YDG#61,
S5U96,2k4r/pbppn2p/1p6/n7/4P3/2PB1N2/qP1Q2PP/2KR3R w - - 1 16,d3b1 a5b3 c1c2 b7e4,1715,75,97,1060,crushing fork interference master masterVsMaster middlegame short,https://lichess.org/4c8DPen3#31,Owen_Defense Owen_Defense_Other_variations
S5jm5,rr4k1/1Rn2ppp/n3p3/p2pP1N1/2pP4/2P4P/P1KN1PP1/1R6 w - - 1 24,f2f4 a6b4 c3b4 b8b7,1766,75,97,2570,advantage interference middlegame short,https://lichess.org/ePJcl9JK#47,
S7VRe,2rr4/p3kp2/1p2pQp1/4P3/2b4R/5P2/P4qPP/6RK b - - 4 36,e7d7 f6f7 d7c6 h4c4,1772,75,87,93,crushing interference middlegame short,https://lichess.org/XR2ilQco/black#72,
S7ZvP,r3k2r/3q3p/p1pbppp1/8/3PQPnN/6P1/PP5P/R1B2RK1 w kq - 0 17,h4g6 f6f5 e4g2 h7g6,1634,75,94,1900,advantage interference intermezzo middlegame short,https://lichess.org/gSxwoDGo#33,Queens_Pawn_Game Queens_Pawn_Game_Other_variations
S7oRJ,8/1P5k/1K4p1/6p1/8/4q3/7p/1Q5R w - - 8 85,b6a5 e3a7 a5b4 a7b7 b4a3 b7b1 h1b1 g5g4,1819,76,93,1029,crushing defensiveMove endgame interference veryLong,https://lichess.org/UkoCbfcC#169,
S9RJn,8/6Qp/6p1/P4p1k/4pP2/6r1/7K/5r2 b - - 11 65,g3g1 g7h7 h5g4 h7g6 g4f3 g6g1,1692,75,94,14019,crushing deflection endgame interference long queenRookEndgame,https://lichess.org/KLef4oKh/black#130,
SAgxv,r1bqkb1r/pp2pppp/8/3P2P1/1n2p3/2P5/PP3P1P/R1BQKBNR b KQkq - 0 9,b4d5 f1b5 c8d7 d1d5 d7b5 d5b5,1628,78,94,326,crushing interference intermezzo long opening,https://lichess.org/bXF38q68/black#18,Caro-Kann_Defense Caro-Kann_Defense_Exchange_Variation
SAtGs,r1bqr1k1/ppb2p1p/4n1p1/2p1p3/P2pP1Bn/1P1P1NN1/2P2PPP/R1BQ1R1K b - - 1 19,h7h5 g4e6 c8e6 c1g5 f7f6 g5h4,1874,76,82,174,advantage interference long master middlegame,https://lichess.org/7psWyNTv/black#38,Nimzo-Larsen_Attack Nimzo-Larsen_Attack_Modern_Variation
SCHIC,r3r2k/1pp2pp1/p6p/7n/2nq4/P1N4P/BPP3PQ/3R1R1K b - - 7 25,d4c5 d1d5 c5c6 d5h5,1641,75,85,433,advantage interference middlegame short,https://lichess.org/PiswneFK/black#50,
SD909,3r1r2/pp3p2/3p2pk/2pP3p/4Pp2/1PP2N1b/P1B2P2/R5RK w - - 1 28,f3g5 h3g4 f2f3 h6g5,1699,75,82,302,advantage interference master middlegame quietMove short trappedPiece,https://lichess.org/F52BLXqx#55,
SD97g,2r2r2/pp1q1kpp/3p4/2Q5/5N2/5N2/bPP2PPP/2KRR3 w - - 1 19,c5d6 c8c2 c1c2 f8c8 c2d2 d7d6,1649,74,96,19059,advantage attraction interference long middlegame queensideAttack sacrifice,https://lichess.org/j5XR4SGn#37,Italian_Game Italian_Game_Hungarian_Defense
SH2PC,2kr3r/ppp3p1/2n1p2q/8/1P1P4/P4QP1/1BP1R1BP/6K1 b - - 2 27,c6d4 f3b7 c8d7 b2d4 h6c1 g2f1,1715,83,83,60,advantage defensiveMove interference intermezzo long middlegame,https://lichess.org/aV0M36ui/black#54,
SHO9p,8/p1r5/1p6/4pk2/P6P/1P3K2/2P4R/8 w - - 4 42,h4h5 c7c3 f3f2 c3c2 f2g3 c2h2 g3h2 f5g5,1839,78,76,42,crushing endgame exposedKing interference rookEndgame veryLong,https://lichess.org/v55Z3T2F#83,
SHVnZ,r1br2k1/p5pp/2p5/q2p4/2nQ4/P5P1/1P2NPBP/1R3RK1 b - - 0 20,c4d2 b2b4 a5a3 d4d2,1609,109,86,29,crushing interference middlegame short,https://lichess.org/PbWxmbG1/black#40,
SICTG,2r2rk1/1b1qppbp/p2p2p1/8/3n4/2QB1N1P/P2N1PPB/3RR1K1 w - - 0 20,c3a3 c8c3 a3b4 c3d3,1886,184,25,16,advantage interference middlegame short,https://lichess.org/AluxqfkB#39,
SKEg9,r3kb1r/1b1q1p1p/4p1pP/1Np1P3/1n1p1P2/1P3N2/PB1PQ1P1/R3K2R w KQkq - 1 21,e1g1 d4d3 e2f2 d7b5,1821,77,95,17185,advantage interference master masterVsMaster middlegame short,https://lichess.org/BUlz4K2W#41,
SKLJT,3Rr1k1/p4ppp/2q2n2/1p6/2p1p3/4P2P/PPBQ1PP1/6K1 b - - 1 27,g7g6 d8d6 c6c5 d6f6,1746,75,92,1213,crushing endgame interference master masterVsMaster short,https://lichess.org/jeSeWUtU/black#54,
SKuJK,6r1/1R6/2pb4/1p3k2/1PpP4/2P1R3/5Br1/5K2 b - - 1 48,d6f4 b7f7 f5g5 f1g2 f4e3 f2e3,1617,102,74,27,crushing endgame interference long,https://lichess.org/3am55hqJ/black#96,
SM0Li,r1b1k2r/ppp2ppp/2p2n2/8/2q5/4P1P1/PP1P1KBP/RNBQ3R w kq - 0 9,d1b3 f6g4 f2e1 c4c1 e1e2 c1c5,1622,74,90,242,advantage interference long opening,https://lichess.org/48LQnIkZ#17,English_Opening English_Opening_Kings_English_Variation
SMD5w,8/6bk/p2p2p1/4p1Q1/5r1P/1pP3RK/1Pq5/4R3 w - - 5 49,e1g1 g7f6 g5g6 c2g6 g3g6 f4h4 h3g3 h7g6,1832,105,66,38,crushing endgame interference veryLong,https://lichess.org/DIwNkDAX#97,
SMZmQ,4r1k1/p4p2/2p3p1/2PprnP1/1q6/1PN2P2/P1R2K2/5Q1R b - - 4 28,f5d4 f1h3 g8f8 h3h8 f8e7 h8e5,1778,74,91,1156,crushing interference kingsideAttack long middlegame quietMove,https://lichess.org/8uAYRS82/black#56,
SMhB4,r1b4r/4kB1p/p3pn2/1p4Q1/4P3/8/Pq4PP/R4R1K b - - 4 21,e7f7 e4e5 f7e8 g5f6,1740,74,98,1153,crushing interference middlegame short,https://lichess.org/ihKgK76C/black#42,
SN1bn,r3r3/p1p3Q1/1qk1p3/2bp4/8/1P6/P1PN1PPP/R3R1K1 w - - 3 22,e1e2 c5d4 g7g4 d4a1 e2e6 e8e6,1823,76,93,711,advantage fork interference long middlegame,https://lichess.org/eysyr7of#43,
SNXuY,5rk1/5pp1/8/1p4P1/p2PpN2/br2B3/2K2P2/2R4R w - - 4 33,c1b1 f8c8 c2d2 a3b4 d2e2 c8c2 e2d1 b3b1 d1c2 b1h1,1704,75,74,78,crushing exposedKing interference middlegame skewer veryLong,https://lichess.org/AdGUfXXP#65,
SNlZ1,6k1/4q2p/p1b3pP/3p1p2/3Q1B2/1BP5/PP3PKP/4r3 b - - 2 29,g8f8 d4h8 f8f7 h8h7,1867,77,92,2836,crushing endgame interference short,https://lichess.org/jj4W41kU/black#58,
SOhpu,4r1k1/p3rppp/2R2p2/3n4/1qNP4/5QP1/5PKP/5R2 b - - 3 24,b4b5 c6c5 b5a6 f3d5,1772,76,87,656,crushing interference master middlegame short,https://lichess.org/ylosmE8H/black#48,
SPJl4,r3kb1r/pp3ppp/5n2/q2p4/P2Q4/2P2N2/P4PPP/1R2KB1R b Kkq - 0 13,f8c5 f1b5 e8f8 d4c5,1767,76,89,358,advantage interference middlegame short,https://lichess.org/AfxZ1RYv/black#26,French_Defense French_Defense_Knight_Variation
SPYuA,5nr1/ppp1k3/2n5/3p1PPQ/3qp3/1P5P/1P2R2K/5R2 b - - 0 34,g8h8 f5f6 e7d7 h5h8,1631,78,94,171,advantage interference middlegame short,https://lichess.org/y5HJQpe9/black#68,
SQP1U,5rk1/6p1/p3b2p/1pb1B3/4B3/1P3P2/P5PP/3R3K w - - 1 28,e5d6 f8d8 e4d5 d8d6 d5e6 d6e6,1601,77,94,157,advantage endgame interference long,https://lichess.org/LZB3FUtc#55,
SRBiA,r1b3k1/pp4pp/8/4q3/2P2p2/3PrP2/P2QN1PP/R3K2R w KQ - 1 20,e1f2 e3e2 d2e2 e5d4 f2f1 d4a1,1794,80,93,6114,crushing fork interference long middlegame sacrifice,https://lichess.org/NCOOejEQ#39,
SRcXN,7k/pq6/6Qp/8/5P2/2p2K2/P1P5/8 w - - 2 44,f3g4 b7g2 g4f5 g2c2 f5f6 c2g6,1602,77,96,1121,crushing endgame interference long queenEndgame,https://lichess.org/ZsTrpIau#87,
SRfgr,1r5r/1qpkn2p/b1p2Qp1/3pP3/6P1/1PN5/P6P/2KR2NR b - - 0 27,b7b4 e5e6 d7c8 f6h8,1647,74,88,227,crushing interference middlegame short,https://lichess.org/IizxTBty/black#54,
SRgCP,2q3k1/p1r3pQ/4p2p/3pP3/2p4P/6P1/2B3PK/8 b - - 18 45,g8f7 c2g6 f7f8 h7h8 f8e7 h8g7 e7d8 g7f8 d8d7 f8d6,1787,74,94,3853,deflection endgame interference mate mateIn5 veryLong,https://lichess.org/AFPFJZ3Y/black#90,
SSEWS,4rk2/1pp2p2/p1q5/3prP1Q/1P2p3/P7/7P/5RRK b - - 3 28,e4e3 h5h8 f8e7 h8e5,1806,79,91,1464,advantage endgame interference short,https://lichess.org/ftWVwT6Y/black#56,
STXAK,r3k2r/ppqn1p1p/3bpp2/3p4/8/2BB1Q1P/PPP2PP1/2KR3R w kq - 0 15,c3f6 d6f4 c1b1 d7f6 g2g3 f4e5,1636,75,87,314,advantage interference intermezzo long middlegame,https://lichess.org/boptpMoA#29,Scandinavian_Defense Scandinavian_Defense_Main_Line
STntb,2kr3r/Qpnq2pp/P1p2p2/8/1P6/3p4/5PPP/R2R2K1 b - - 0 21,c7b5 a7a8 c8c7 a8b7 c7d6 d1d3,1840,79,92,2039,crushing interference long middlegame queensideAttack,https://lichess.org/IfPMvata/black#42,
SUGzc,r3r1k1/ppqb1ppp/4p3/3P4/2B3Q1/2B5/PP3PPb/R2R3K b - - 1 20,h2e5 d5d6 c7d8 c3e5,1670,81,90,50,advantage interference middlegame short,https://lichess.org/wHB60dj1/black#40,
SVBwN,2r3k1/1b3p1p/p3q1p1/1p1pn1B1/3Q1P1P/3BP1P1/PP6/5RK1 b - - 0 24,e5g4 f4f5 e6e5 d4g4,1724,79,94,3515,crushing discoveredAttack interference middlegame short,https://lichess.org/dJ1USh7i/black#48,
SVcsX,2N2k2/2B4p/2b1Bpp1/1p6/1b2P3/p3KP2/6PP/8 w - - 0 36,e3d4 c6d7 e6d5 d7c8,1711,98,80,48,advantage endgame interference master short,https://lichess.org/vqRDq1Kv#71,
SWKT9,rn2kbnr/pppb1ppp/8/3q4/3N4/2PB4/PP3PPP/RNBQK2R b KQkq - 0 7,d5g2 d1e2 f8e7 d3e4 g2h3 e4b7,1739,78,94,1783,crushing interference long opening,https://lichess.org/MP9Ajmff/black#14,Elephant_Gambit Elephant_Gambit_Paulsen_Countergambit
SYPyy,r4rk1/pbpn1pbp/1p5q/3P2p1/2P5/3B2NP/PPQ2Pp1/R1BR2K1 b - - 0 19,h6h3 d3f5 g5g4 f5d7,1721,73,95,14309,advantage interference master middlegame short,https://lichess.org/JVqi7MqV/black#38,Scandinavian_Defense Scandinavian_Defense_Other_variations
Sadxx,r1b1r1k1/pp3ppp/8/8/8/P4P2/1Pn1NKPP/3R1B1R w - - 3 17,e2d4 e8d8 f1d3 c2d4,1777,79,83,93,advantage interference middlegame short,https://lichess.org/uBEHcnSK#33,Sicilian_Defense Sicilian_Defense_Taimanov_Variation
Scsdl,rn3rk1/5ppp/p2p4/1Pp2q2/4b3/1B6/PP4PP/R1BQR1K1 b - - 0 16,f5g6 e1e4 g6e4 b3d5 e4e5 d5a8,1724,100,85,29,advantage fork interference long middlegame sacrifice,https://lichess.org/GthUAusW/black#32,Philidor_Defense Philidor_Defense_Exchange_Variation
SdC9c,r1b2rk1/p3qpp1/1pp1p2p/4P3/8/P2BQNPP/1PP3P1/1R5K b - - 0 22,c6c5 e3e4 g7g6 e4a8 c8b7 a8a7 f8a8 a7b6,1631,75,96,6269,advantage interference middlegame veryLong,https://lichess.org/LQapZpYh/black#44,
Sdutw,r1b1k1nr/ppp2ppp/2p5/4q3/8/4B3/PPP2PPP/RN1Q1RK1 b kq - 1 10,e5b2 e3d4 b2b4 d4g7,1730,77,84,110,crushing interference middlegame short,https://lichess.org/T7jEhqlj/black#20,Ruy_Lopez Ruy_Lopez_Other_variations
SdwHU,r3k2r/pp1np2p/2p3q1/5R2/3PN1np/2N1P1P1/PPP1Q3/5RK1 b kq - 0 21,h4g3 f5g5 g6h6 g5g4,1751,74,85,182,advantage interference middlegame short,https://lichess.org/pLzWGVTg/black#42,
SeIwm,3r1r1k/pbp2pp1/1p2pq1p/7R/2PP2P1/1P1B2P1/PB2Q3/6K1 b - - 1 23,f6f3 h5h6 g7h6 d4d5 f7f6 e2f3,1775,75,95,1651,crushing discoveredAttack discoveredCheck interference kingsideAttack long middlegame sacrifice,https://lichess.org/cqzidsmY/black#46,
SepUX,3r1rk1/p7/bp1q1p2/5pN1/8/1P1p4/P2Q1PPP/3RR1K1 b - - 0 26,f6g5 d2g5 g8f7 g5f5 f7g7 f5g5,1733,76,47,107,advantage exposedKing interference long middlegame,https://lichess.org/nGIQtt0g/black#52,
SfDnt,5rk1/5ppp/5P2/2p5/P2P4/p1Q4P/q5P1/B1KR2R1 w - - 1 33,f6g7 f8b8 c3c2 a2a1 c1d2 a1d4,1771,76,83,68,crushing endgame exposedKing interference long quietMove,https://lichess.org/Ypt5stBm#65,
SfK7f,4r2r/6k1/p3q3/4Nn1p/5Q2/N4R2/PPP2P2/2K5 b - - 7 31,e6e5 f4g5 g7h7 g5h5 f5h6 f3f7 e5g7 f7g7,1814,79,93,709,advantage exposedKing interference middlegame pin veryLong,https://lichess.org/uH108V4i/black#62,
SfMuI,r4rk1/1pq2pp1/p4n1p/2pP1Q1b/P1B5/2N4P/1P1B1PPb/R3R2K b - - 3 18,h5g6 f5g6 f7g6 d5d6 g8h7 d6c7,1657,75,94,1055,advancedPawn advantage discoveredAttack discoveredCheck interference long middlegame sacrifice,https://lichess.org/Ttn1ubfw/black#36,Queens_Gambit_Accepted Queens_Gambit_Accepted_Other_variations
SfqAl,r2q1r2/5kpQ/p3p3/3pP3/2p5/b1P4P/2B2PP1/5RK1 b - - 0 27,f8h8 c2g6 f7f8 h7h8 f8e7 h8g7,1756,74,52,132,interference long mate mateIn3 middlegame,https://lichess.org/SICJYQ8D/black#54,
Sg12r,3q2k1/1p3r1p/p2p2pB/3Qp3/n3P3/7P/P5P1/3R3K b - - 2 31,a4b6 d5e6 b6d7 d1d6 d8e7 e6d5,1755,288,24,8,crushing discoveredAttack endgame interference long master,https://lichess.org/yOHJ6gBX/black#62,
SgtPb,4r1kr/pp3ppB/1qp5/7p/5P2/1PN3PP/P3Q3/1K2R3 b - - 3 30,g8h7 e2h5 h7g8 e1e8,1771,80,67,114,discoveredAttack endgame interference mate mateIn2 short,https://lichess.org/4QmYbyCq/black#60,
Sh0Wv,r1b1kb1r/pp3ppp/4pn2/qN6/1n2PB2/P7/5PPP/R2QKBNR w KQkq - 0 13,a3b4 f8b4 e1e2 a5b5,1796,76,93,775,advantage interference opening short,https://lichess.org/C7jxInTc#25,Sicilian_Defense Sicilian_Defense_Alapin_Variation
Sh6uo,r5k1/2p2qbp/3p1n1B/3Pp1Q1/2b1P1P1/2P2P2/1R1K4/3R2N1 w - - 2 25,d1b1 f6e4 f3e4 f7f2 d2d1 f2g1,1775,76,93,618,advantage clearance interference long middlegame sacrifice,https://lichess.org/alaOgvl1#49,
ShabU,4r2r/pp3Qpk/2pq4/8/1P5p/P1B2R1P/2P1n1P1/R6K b - - 6 32,e2g3 f3g3 d6g3 f7h5 h7g8 h5e8,1834,74,96,5675,crushing interference long middlegame sacrifice,https://lichess.org/wgz9qQwr/black#64,
Shsil,n6r/p1k4p/4rq2/P1Q5/7P/4P3/2P3P1/R3K2R b KQ - 2 27,e6c6 c5a7 c7c8 a7a8 c8c7 a8a7,1695,75,83,109,crushing exposedKing interference long middlegame,https://lichess.org/JHz5PZ2C/black#54,
SiiTo,r2q2k1/p1p3bp/1pn1r1pB/8/3Pp3/2P2N2/PP1Q1PP1/R3K2R w KQ - 0 18,f3g5 g7h6 h1h6 e4e3 f2e3 d8g5,1748,74,79,96,advantage interference long middlegame,https://lichess.org/UxamkxY3#35,French_Defense French_Defense_Rubinstein_Variation
Siiau,4b3/8/2pP1kp1/1pP2p1p/pP5P/P4KP1/B7/8 b - - 0 49,f6e5 a2f7 e8d7 f7g6,1708,80,63,127,bishopEndgame crushing endgame interference short,https://lichess.org/Bu9wYF77/black#98,
SkT98,r1b2k2/1pq2nbQ/p3B3/2p1P1N1/P5P1/3P4/1P5P/6K1 b - - 0 29,f7g5 h7g8 f8e7 g8g7 e7e6 g7c7,1808,77,93,2121,advantage deflection exposedKing fork interference long middlegame skewer,https://lichess.org/08fJvte4/black#58,
SmHmb,5q1k/pp5p/6r1/3p4/2pPp3/P1P1Q2P/BP6/4R1K1 w - - 0 35,g1h2 f8d6 h2h1 g6g3 e3f2 g3h3,1650,76,71,156,crushing endgame interference long,https://lichess.org/6UCWeCrN#69,
SmSH4,r5k1/1b1nn1qp/3p2p1/2pP4/1pP3P1/pPN2P2/P2Q4/2K1RB1R w - - 0 22,c3e4 g7a1 c1c2 a1a2 c2d3 a2b3,1778,74,88,1276,crushing deflection exposedKing interference long middlegame queensideAttack,https://lichess.org/1AON5M9C#43,
SnFRI,3r1rk1/4bp1p/p5p1/1p1NP3/2p1Q3/P4N2/1PP2qPP/R6K b - - 3 22,e7c5 d5f6 g8g7 f6g4 d8d4 g4f2 d4e4 f2e4,1799,104,35,15,crushing interference middlegame trappedPiece veryLong,https://lichess.org/CZv2KmTa/black#44,
SoNrP,r1b1k2r/ppp2pp1/3bp2p/3n4/3B4/2P5/Pq3PPP/RN1QKBNR w KQkq - 0 14,c3c4 d6b4 b1d2 b2d4,1829,74,98,1883,advantage interference opening short,https://lichess.org/ZgQ3HXVH#27,Scandinavian_Defense Scandinavian_Defense_Other_variations
Sp9jV,2k2rr1/pppq1p2/1bnp1Q1p/4pN2/1PB1P3/2PP4/P4PPP/R4RK1 w - - 3 18,f5h6 g8g6 f6f5 g6h6 f5d7 c8d7,1793,75,84,106,advantage interference long middlegame,https://lichess.org/8vdAe7SU#35,Bishops_Opening Bishops_Opening_Vienna_Hybrid
SpLvB,r2q1r1k/ppp3pp/2nbb3/4Pp2/2PQ4/5N1P/PP3KP1/RNB2B1R w - - 3 12,d4d1 d6c5 f2e1 c5f2 e1e2 e6c4 e2f2 d8d1,1621,76,89,1820,advantage deflection interference opening veryLong,https://lichess.org/kd4jUJ36#23,Indian_Defense Indian_Defense_Budapest_Defense
SpoWq,1k3b1r/pp6/5P2/q1p1P1p1/3nQ2p/1P1P4/1P2K1B1/2R4R w - - 1 28,e2f2 a5d2 f2g1 d2c1 g1h2 c1f4 e4f4 g5f4,1756,75,94,7808,advantage exposedKing interference master middlegame veryLong,https://lichess.org/OTofDMXw#55,
SqBof,2r2bnr/pp2nkpp/5p2/1B2p3/4Q2N/P1P5/qP1P1PPP/1RB1K2R w K - 9 14,b5a4 c8c4 d2d4 c4a4,1765,146,100,28,equality interference opening short,https://lichess.org/9kRYmeh7#27,
Sr2J1,8/4rkp1/p6p/2q2B2/1p4P1/4P3/1P3Q1P/6K1 b - - 2 34,c5e3 f5e6 f7e6 f2e3,1682,77,95,16320,attraction crushing discoveredCheck doubleCheck endgame interference intermezzo short,https://lichess.org/xoOcdZry/black#68,
StECp,3rr1k1/pq2bppp/5n2/Q5B1/8/1PP5/P4PPP/RN3RK1 w - - 1 16,b1d2 d8d5 a5a4 d5g5,1741,74,95,3463,advantage interference middlegame short,https://lichess.org/7rMN5zqs#31,Sicilian_Defense Sicilian_Defense_Lowenthal_Variation
SugYx,r1b1k1nr/pp1p1ppp/1qn1p3/1Nb5/4P3/2N5/PPP2PPP/R1BQKB1R w KQkq - 4 7,c3a4 c5f2 e1e2 b6b5,1772,78,93,2365,attackingF2F7 crushing interference opening short,https://lichess.org/drqqS4Un#13,Sicilian_Defense Sicilian_Defense_Taimanov_Variation
Sv7hX,8/pp1bp1k1/6pq/4P3/2rN2n1/2N3p1/PPP1Q3/1K1R4 b - - 4 24,c4c7 e5e6 d7e8 e2g4,1636,74,82,156,crushing interference middlegame short,https://lichess.org/jeZL1otD/black#48,
SwiZ0,8/2p1R1Rk/ppp2r2/8/8/3P3p/PPP2r2/6K1 b - - 0 34,h7h6 g7h7 h6g6 e7g7 g6f5 g1f2,1777,72,95,16953,crushing endgame exposedKing interference long rookEndgame,https://lichess.org/0Vafh8Q9/black#68,
SxQns,2r2rk1/p4ppp/b4n2/1ppqN3/8/1P1R1N2/P4PPP/2RQ2K1 b - - 1 22,d5e6 d3d6 e6f5 d6a6,1613,73,94,22727,advantage interference middlegame short,https://lichess.org/napPoVaR/black#44,
SxYU9,4r3/3kP1r1/1R6/2p5/8/PP6/5K2/4R3 w - - 9 48,a3a4 g7f7 f2e3 f7e7 e3d2 e7e1,1807,82,81,37,crushing endgame exposedKing interference long rookEndgame,https://lichess.org/qmjHrj3z#95,
SyhCq,r2q1r2/pp1b2k1/2P2p2/4n1p1/3Q4/3B2R1/P1P3PP/5RK1 b - - 0 23,d7c6 g3g5 f6g5 d4e5 f8f6 e5g5,1706,78,73,93,crushing deflection interference long middlegame,https://lichess.org/TRnFCwTK/black#46,
Sz0Zn,5rk1/4p2p/3pp1pQ/1p6/p1r1P2P/P4q2/1P6/K5RR b - - 1 25,f3f4 g1g6 g8f7 h6f4,1865,74,94,10957,crushing endgame interference short,https://lichess.org/IR22jmL2/black#50,
T0jNL,5Q2/pp1k1p2/4pP2/6K1/6P1/7q/8/8 b - - 0 43,h3h7 f8g7 h7e4 g7f7,1876,75,93,2750,crushing endgame interference queenEndgame short,https://lichess.org/zy3sbLt6/black#86,
T1KB7,6k1/1R3n2/p3q3/4b3/8/1P2B1p1/P5P1/3Q2K1 w - - 6 41,b7d7 e5d6 d1d3 e6d7,1856,80,92,460,advantage endgame interference master quietMove short,https://lichess.org/SVx8JXhW#81,
T2UBB,4rk2/1q2p1rp/p2pPNp1/2n3Q1/1p3P2/4R3/PP3P1P/2R3K1 b - - 3 29,h7h6 g5h6 e7f6 h6h8 f8e7 h8g7,1798,76,92,950,crushing deflection interference long middlegame sacrifice,https://lichess.org/25HELI8q/black#58,
T2uPC,2r3kr/1p4p1/4p3/4P2p/2qP4/P7/4nQPP/R1B2R1K b - - 7 23,e2c1 f2f7 g8h7 f7h5 h7g8 h5f7,1805,108,53,17,crushing interference long master middlegame,https://lichess.org/HJuQKWkp/black#46,
T7Rqc,2k3r1/p1p1n1rp/2pqb3/3pp2Q/8/1NP1PNP1/PP3P1P/R3K1R1 w Q - 1 19,f3e5 g7g5 h5e2 g5e5,1682,75,94,2075,advantage interference middlegame short,https://lichess.org/q60z4rR3#37,Queens_Pawn_Game Queens_Pawn_Game_Mason_Variation
T84Bp,r1bq3r/pp5p/2pp2pk/4n1N1/5Q1P/3P2n1/PP4P1/RN3RK1 b - - 3 21,g3h5 g5f7 h6g7 f4h6 g7g8 f7d8,1804,75,95,18345,crushing discoveredCheck doubleCheck fork interference long middlegame,https://lichess.org/7UyPupzJ/black#42,
T8qus,3r2k1/1b5p/p3p1p1/2npPn2/P2N2R1/6P1/3KBP2/R7 w - - 2 27,e2d1 c5e4 d2e1 f5d4,1842,81,77,50,advantage interference middlegame short,https://lichess.org/sLRohdEY#53,
TAFVU,r4k2/1p3p1Q/2p1b1p1/6N1/p3p3/2Pq4/PP4P1/K6R b - - 7 28,a8d8 g5e6 f7e6 h7h8 f8e7 h1h7 e7d6 h8d8,1775,75,95,3397,crushing deflection endgame interference veryLong,https://lichess.org/ErP7GU6c/black#56,
TAGhq,r4r2/pp2Npbk/3p2pp/q1p4n/2P1PQ2/P1P1B2P/1P3PP1/2KR3R w - - 1 16,f4h4 g7f6 h4g4 f6e7,1665,76,95,15811,advantage interference middlegame short,https://lichess.org/3oNIPdUu#31,Sicilian_Defense Sicilian_Defense_Closed
TBghY,8/P7/7k/5ppq/P7/7n/3Q3R/6K1 w - - 2 55,g1g2 h5g4 g2f1 g4g1 f1e2 g1h2,1702,75,88,458,advantage endgame exposedKing interference long,https://lichess.org/VqsbzFRy#109,
TBpBb,2r1r1k1/1p1n1pp1/1pppq2p/3N4/2PQP3/P4P1P/1P4P1/R3R1K1 w - - 0 19,d5b6 c6c5 d4d5 d7b6,1745,75,80,143,advantage interference intermezzo middlegame short,https://lichess.org/UlZN71ti#37,Vienna_Game Vienna_Game_Anderssen_Defense
TCLnr,8/1pp2pk1/p2p1np1/3P3p/PPPq1P2/3Br2P/5QP1/3R1K2 b - - 12 36,d4b6 c4c5 b6b4 f2e3,1614,163,85,7,advantage endgame interference short,https://lichess.org/oAVOYkhY/black#72,
TCtUi,3Qn1k1/6p1/p3rp1p/4p2q/2P5/3P1N1P/5PP1/4R1K1 w - - 0 31,f3d4 e6d6 d8a5 d6d4,1694,78,85,64,advantage endgame interference short,https://lichess.org/EJKcpKLt#61,
TD2hj,r3k2r/5ppp/2ppb3/p1q5/2B1PQ2/P1B1n3/1PP3PP/2KR1R2 b kq - 2 19,e6c4 c3d4 c5b5 d4e3,1826,153,100,32,equality interference middlegame short,https://lichess.org/R6askW97/black#38,
TE70w,5n2/1b3rkB/4Q2p/p2p1Nq1/P1pP3b/2P4P/5PP1/4R1K1 b - - 6 33,f7f5 e6g8 g7f6 g8f8,1895,76,95,4580,deflection interference mate mateIn2 middlegame short,https://lichess.org/mbXYarBt/black#66,
TEeEB,6k1/p4pp1/P2p3p/8/1pqN4/3p1P1P/1Q3PP1/6K1 w - - 0 32,g2g4 c4c3 b2b1 c3d4,1759,80,82,82,crushing endgame interference short,https://lichess.org/8bbHRk2L#63,
TEkcR,2r3k1/5ppp/p7/4p2P/1P4P1/1b2BP2/1P2Q3/qBK4R w - - 3 26,c1d2 a1b2 d2e1 b2b1 e1f2 b1h1,1793,75,96,3386,crushing exposedKing interference long master middlegame skewer,https://lichess.org/lk3uxVHw#51,
TF8o3,4rk2/1p6/p3bNQ1/4q3/6Pp/5P2/P4KB1/8 b - - 3 42,e6f7 f6d7 f8e7 d7e5 f7g6 e5g6,1628,78,95,30298,advantage endgame fork interference long master,https://lichess.org/DmEfzw7u/black#84,
TGpho,5rk1/2Q1p1np/4bppB/1p6/1q6/1P3B2/6PP/R5K1 b - - 1 30,b4b3 c7e7 e6f7 e7f6,1720,96,67,42,crushing interference master middlegame short,https://lichess.org/ZeVyEdt1/black#60,
TJ0qj,r4rk1/p4ppp/2pqp3/3p3n/3QP3/2N2P1P/PPP2P2/R4R1K b - - 1 18,h5f4 e4e5 d6b8 d4f4,1644,74,95,16782,advantage discoveredAttack interference middlegame short,https://lichess.org/BmDpraqk/black#36,Sicilian_Defense Sicilian_Defense_Modern_Variations
TJp2p,8/4Q3/2p5/4k2p/1K6/8/5P2/7q b - - 3 43,e5d4 e7c5 d4e4 c5c6 e4d3 c6h1,1760,75,94,771,crushing endgame interference long queenEndgame skewer,https://lichess.org/tUyqMYQg/black#86,
TL6ZJ,3r1r2/1p3pk1/p1bqp1p1/4p2P/4P1Q1/P2B4/2P3P1/1R3R1K b - - 0 28,f8h8 f1f7 g7f7 g4g6 f7e7 g6g7 e7e8 g7h8,1629,75,90,1944,advantage attraction interference middlegame sacrifice veryLong,https://lichess.org/H4qFD6qP/black#56,
TLqeF,rnbqk2r/pp3ppp/2pbp3/P7/NnP5/5N1P/1P1B1PP1/R2QRBK1 b kq - 2 15,e8g8 c4c5 d6e7 d2b4,1730,74,95,17559,advantage interference opening short,https://lichess.org/q0oBs32V/black#30,Scandinavian_Defense Scandinavian_Defense_Main_Line
TLvxZ,r1q2rk1/pp3pbp/6n1/1B1p4/Q4Pn1/6R1/P1N5/2B2R1K b - - 2 23,a7a6 b5d7 c8d8 d7g4,1746,75,86,73,advantage interference middlegame short,https://lichess.org/HrfldTjI/black#46,
TMFw8,Q7/1r3kpp/2p5/3p4/1r2pP2/2q1P2P/PP1R1RP1/1K6 w - - 5 28,a8c8 b4b2 d2b2 c3e1 b1c2 e1f2,1817,77,93,627,crushing endgame interference long queensideAttack sacrifice,https://lichess.org/64baNcJW#55,
TMwdm,2r3k1/1p3rp1/3ppp1R/P7/8/8/6QK/4q3 b - - 0 42,g8f8 h6h8 f8e7 g2b7 c8c7 b7c7,1618,79,96,21164,endgame fork interference long mate mateIn3,https://lichess.org/wLyhvzDK/black#84,
TOEoL,r5k1/pp1b1p1p/3q2p1/3Pr3/7Q/5BP1/PP2PP1P/2RR2K1 w - - 7 26,e2e4 g6g5 h4h5 g5g4 h5h4 g4f3,1686,75,94,5982,advantage interference long middlegame,https://lichess.org/tqp7b6xY#51,
TOdPS,8/R1p5/8/1P2b2p/4p2r/P4k2/2R2P2/4K3 w - - 0 42,a7c7 h4h1 e1d2 e5f4 d2c3 f4c7,1741,76,94,4485,crushing endgame fork interference long,https://lichess.org/BGJIpIZh#83,
TPBHH,qn4rb/4kp2/4p3/1PP1P3/3QNP1P/8/6P1/5K2 b - - 2 32,a8a2 d4d6 e7e8 d6b8,1760,77,54,72,advantage endgame interference short,https://lichess.org/9jhFzjuK/black#64,
TRO1W,5rk1/p1p1q2p/2p1P1p1/5r2/nPB3Q1/P7/5PPP/R3R1K1 w - - 3 26,f2f3 f5f4 g4g3 f4c4,1751,77,93,2187,advantage interference master middlegame short,https://lichess.org/y2L7pAUL#51,
TRkx9,3r2k1/ppn2pbp/2p3p1/1qN1P3/1P3P2/P4RPP/3r2BK/1R2Q3 w - - 7 26,c5e4 d2e2 e1f1 e2e4,1689,73,95,17245,advantage interference middlegame short,https://lichess.org/hugW5nRV#51,
TSOCU,r2r4/1pp2k2/2n1p3/1pP5/1P2qBp1/P1Q3P1/8/R2R2K1 b - - 1 35,d8h8 d1d7 c6e7 d7e7 f7e7 c3g7 e7e8 g7h8,1866,75,96,4140,advantage attraction interference middlegame sacrifice veryLong,https://lichess.org/K7qMc5TM/black#70,
TTYnr,2rqr3/3bk1pQ/p3pbBp/1p1n4/3N4/P1P5/1P1B2PP/4RRK1 b - - 5 23,e8h8 d4f5 e7f8 h7h8,1841,77,91,1885,interference mate mateIn2 middlegame pin short,https://lichess.org/rnQPUehG/black#46,
TVR91,5rk1/6bp/2p4q/3rppR1/1P2N3/2PPQ2P/6P1/5R1K w - - 0 36,e4g3 f5f4 e3f3 h6g5,1719,77,83,342,advantage fork interference middlegame short,https://lichess.org/aMFkEYrR#71,
TW7hW,3r2k1/1p4p1/p4q1p/2p2pnQ/3n4/P7/1B3PPP/2RR2K1 w - - 0 25,c1c5 d4f3 g2f3 d8d1,1740,78,70,78,crushing discoveredAttack interference middlegame short,https://lichess.org/fOFMAGPk#49,
TXaJy,r3k1r1/p1p2p1p/2pp1p2/4p3/1PQ1P2q/P1P3P1/2P2P1P/R5K1 b q - 1 15,e8d7 c4f7 d7c8 f7g8 c8b7 g8a8 b7a8 g3h4,1681,77,94,2375,crushing endgame interference veryLong,https://lichess.org/1wAB0hXh/black#30,Three_Knights_Opening Three_Knights_Opening_Other_variations
Ta3hN,6k1/2q2ppp/3pnP2/p1p3B1/1p2r3/2P4P/PP1Q1PP1/4R1K1 b - - 2 25,e6g5 d2g5 e4e1 g1h2 g8f8 g5g7 f8e8 g7g8 e8d7 g8f7 d7c6 f7c7 c6c7 f6f7,1821,75,86,282,advancedPawn crushing deflection endgame interference kingsideAttack master sacrifice veryLong,https://lichess.org/OIRxnbBV/black#50,
TahpE,r3k2r/5pb1/2p2qp1/p2p4/1p3pPP/3NPQ2/PPP4R/2K3R1 b kq - 2 22,h8h4 g4g5 f6e7 h2h4 e7e3 f3e3,1748,75,92,1147,advantage interference intermezzo long middlegame,https://lichess.org/z9iuzWxH/black#44,
TbTk6,8/8/p2pk2p/2p3p1/2P1KpP1/1P3P1P/P3n3/4B3 w - - 0 34,h3h4 e2g3 e4d3 g5h4,1641,75,86,844,advantage endgame interference short,https://lichess.org/IYHIqnqJ#67,
TcA6S,rn3rk1/pp4pp/8/3p1p2/1B1P3q/3Q4/PP4P1/R3R1K1 b - - 1 18,f8d8 b4e7 h4g4 e7d8,1818,76,89,2190,crushing fork interference middlegame short,https://lichess.org/TLoRdqAz/black#36,Russian_Game Russian_Game_Classical_Attack
TcIVN,2b1rr1k/6qp/1p2Pbp1/p2B4/P2p3Q/3P4/1PPBR1PP/4R2K w - - 2 31,d2g5 f6g5 h4g5 f8f5 g5g3 f5d5,1600,76,79,98,advantage clearance interference long middlegame,https://lichess.org/nQGLvtQ0#61,
TdJYJ,3rr2k/p5p1/1pp2p2/8/P3P3/2QB1N1q/5P2/2RNK3 w - - 1 33,d3e2 h3h1 e2f1 e8e4 d1e3 h1f3,1635,75,89,646,advantage interference long middlegame,https://lichess.org/exSkwoOL#65,
TeKme,2k4r/1pp1b1p1/p1n1p3/5p2/1P1P1Pp1/P1B1P3/4BKPq/R2Q1R2 w - - 2 20,f1h1 e7h4 f2f1 h2h1,1888,77,84,247,interference mate mateIn2 middlegame short,https://lichess.org/opY1owgj#39,
Tewcd,1br3k1/1p4pp/8/B7/4q3/P3p1P1/1P2Q2P/3R2K1 b - - 2 34,c8c2 d1d8 g8f7 e2h5 g7g6 h5h7,1611,74,89,182,crushing endgame fork interference long,https://lichess.org/Q65mAvlN/black#68,
TgHVS,4r1k1/pnq3pp/2p3b1/1p1n4/6PN/2PP1p1P/PPBB1QPK/R7 w - - 0 25,h2h1 e8e2 f2f3 e2d2,1642,75,94,17475,advantage interference middlegame short,https://lichess.org/jU5YXU6c#49,
Th0gv,2rq1rk1/p3bppp/8/3pB3/2p1n3/1P2PN2/PQP2PPP/R2R2K1 w - - 0 17,e5g7 c4c3 b2c1 g8g7,1721,75,84,104,advantage interference middlegame short,https://lichess.org/vkam37q7#33,Queens_Pawn_Game Queens_Pawn_Game_Symmetrical_Variation
Th2Ou,r1b2rk1/p1q2ppp/3b1n2/3Pp3/8/3B2P1/PP1NQP1P/R1B2RK1 b - - 0 13,f6d5 e2e4 d5f6 e4a8 c8b7 a8a7,1898,78,91,1191,advantage interference long master opening,https://lichess.org/CrXjNeHM/black#26,French_Defense French_Defense_Tarrasch_Variation
Thfuk,2r1rq1k/5p1p/p4Pp1/3N2Q1/1Pn5/P7/2P3PP/R4R1K w - - 1 30,f1f3 e8e5 g5f4 e5d5,1769,75,87,139,advantage interference middlegame short,https://lichess.org/GKRoASco#59,
TjWcy,rn2k1nQ/ppp2p2/4p2B/7P/8/1BPP2q1/PKP3r1/3R2N1 b q - 5 20,g2g1 d1g1 g3g1 h6g7 b8d7 h8g8,1822,75,86,320,advantage interference long master middlegame pin quietMove,https://lichess.org/d2amRn6J/black#40,
TjYQp,r1k3r1/1bq4N/2nRp3/1QP2p2/p3B1P1/2P2NK1/PP3P2/7R w - - 0 31,e4c6 g8g4 g3h2 c7h7 f3h4 h7h4,1835,75,87,501,interference long mate mateIn3 middlegame pin,https://lichess.org/kGQJwCPR#61,
TjnM6,r1b1k2r/p1pp1ppp/2p5/4P3/4n2q/4P3/PPP1B1PP/RN1Q1RK1 b kq - 0 10,e8g8 f1f4 h4e7 f4e4,1624,74,95,15781,advantage interference master middlegame short,https://lichess.org/XCGFV3Z2/black#20,Scotch_Game Scotch_Game_Classical_Variation
Tk4R2,r6r/pb3kbQ/1q2p1p1/4PRB1/3p4/3B4/PPP3P1/R3K3 b Q - 0 22,e6f5 d3c4 f7f8 g5e7 f8e7 h7g7 e7d8 g7h8,1792,77,93,2215,attraction crushing deflection interference middlegame pin veryLong,https://lichess.org/RfqbRW4A/black#44,
Tlsh7,3r1r1k/ppp3b1/2n3Qp/3bp1P1/7P/2P2N2/PP3P2/2K3NR b - - 0 18,d5f3 g5h6 d8d1 c1c2 g7f6 g1f3,1744,77,81,433,crushing interference long middlegame,https://lichess.org/sYYto4ap/black#36,Kings_Pawn_Game Kings_Pawn_Game_Leonardis_Variation
TlwoH,3n1q1k/p3N1pp/1p3r2/4Q3/2P1p3/7P/PP3PP1/4R1K1 w - - 2 29,e1f1 f6e6 e5b8 e6e7,1645,75,94,943,advantage endgame interference short,https://lichess.org/ba4CDoAW#57,
Tn8ub,8/3n1pk1/6p1/7p/4p3/R3P2P/2q1BPP1/4BK2 b - - 7 33,d7c5 a3c3 c2a2 c3c5,1644,76,94,16455,advantage endgame interference short,https://lichess.org/2FYeoP13/black#66,
TnYPp,rn1qkbnr/pppb3p/3p1p2/6N1/1PPpP3/7P/P4P2/RNBQKB1R b KQkq - 0 8,f6g5 d1h5 e8e7 c1g5 g8f6 g5f6,1617,80,89,138,advantage exposedKing interference intermezzo long opening,https://lichess.org/Pymag2o3/black#16,Center_Game_Accepted Center_Game_Accepted_Other_variations
Tnk4H,7r/8/3R4/3Npk2/4p1n1/P3Pn2/1PP4p/3K1R2 b - - 1 41,h2h1q d5e7 f5g5 d6g6 g5h5 f1h1,1675,124,86,22,crushing interference long middlegame,https://lichess.org/cS2g2NbS/black#82,
ToZCE,r2qk2r/p3bppp/1p2pn2/8/2NB2N1/1P6/P3BPbP/R2QK2R w KQkq - 0 14,h1g1 e7b4 c4d2 d8d4,1641,76,86,629,advantage interference opening short,https://lichess.org/T769B5J3#27,Indian_Defense Indian_Defense_Knights_Variation
TpTRC,r1bqk2b/p1p2p1Q/1p1pp3/1B2P3/3P1P2/4n3/PPP5/R3K1N1 b Qq - 1 17,e8e7 h7h4 f7f6 h4h7 e7f8 h7h8,1695,75,96,2993,crushing interference long master middlegame,https://lichess.org/2DMcYCJN/black#34,Rat_Defense Rat_Defense_Small_Center_Defense
TpxgF,rnbqkb1Q/ppp2r2/5p2/3p4/P6P/4R3/1PK2PP1/2B3N1 b q - 1 20,f7e7 h8h5 e8d7 h5d5 d7e8 d5h5,1774,75,94,1526,crushing exposedKing interference long middlegame,https://lichess.org/qOcNQOlW/black#40,
TqkUw,8/1p1r3k/6pp/1PQp1q2/4p3/P3PnPP/5PK1/3R1R2 w - - 1 32,a3a4 f3g5 f1h1 f5f3 g2g1 f3d1,1875,79,75,81,clearance crushing endgame interference long,https://lichess.org/WPQA6ajX#63,
TrH48,3r2k1/p4pb1/4p1p1/qpB1P3/4Q3/2Pr4/P4PP1/2R2RK1 b - - 0 21,d3c3 c5b4 a5a4 c1c3,1768,75,95,18671,advantage fork interference intermezzo middlegame short,https://lichess.org/67QJ6FYR/black#42,
TrLG0,rn2k1nr/ppp2pp1/3bpqbp/3p4/3P1NPP/2N2P2/PPP1P3/R1BQKB1R w KQkq - 4 8,f4g6 d6g3 e1d2 f6d4,1802,77,93,6544,epauletteMate interference mate mateIn2 opening short,https://lichess.org/R53YPnic#15,Queens_Pawn_Game Queens_Pawn_Game_Chigorin_Variation
TrYyB,r3kb1r/1p3p1p/p1n2p2/2qN1Q2/8/3pP2P/PPP2PP1/1R3RK1 b kq - 0 16,d3c2 d5f6 e8e7 f5c5,1765,75,96,1732,crushing discoveredAttack interference middlegame short,https://lichess.org/FyFiH2WV/black#32,Queens_Pawn_Game Queens_Pawn_Game_Accelerated_London_System
Ts621,5r1k/p2P1Bp1/1p5p/2p5/8/P1N3QP/1P3RPK/2q1r3 w - - 1 30,g3d6 e1h1 h2g3 c1g5 g3f3 f8f7,1728,75,85,153,advantage interference long middlegame,https://lichess.org/gC2TvnWA#59,
Ts6gM,2kr3r/p1b2pp1/2Q3p1/3n4/3q4/1N4PP/PP3P2/2R2RK1 b - - 2 22,d4f6 c6a8 c8d7 a8d5,1890,76,99,556,advantage interference middlegame queensideAttack short,https://lichess.org/7lwhgIGg/black#44,
TsInW,8/1kp5/3p4/3Pp3/P1P1R3/5r2/1K6/8 w - - 3 40,e4g4 f3f4 g4g3 f4c4,1793,74,69,268,crushing endgame interference rookEndgame short,https://lichess.org/3HNEK8xJ#79,
TsT41,8/1r4p1/3k4/pp4R1/3PK3/P6P/8/8 b - - 5 45,b5b4 g5g6 d6c7 g6g7,1804,75,83,83,crushing endgame interference master rookEndgame short,https://lichess.org/wbwVwv4u/black#90,
TsoQE,r3r1k1/p4p1p/6p1/1pbpPpq1/8/2P3BP/1PQ1R2K/RN6 w - - 4 26,e2g2 f5f4 g3f2 g5e5 f2c5 f4f3,1641,78,94,8116,crushing discoveredAttack discoveredCheck interference long middlegame sacrifice,https://lichess.org/nC2RZUot#51,
Tw96Q,4r1k1/p4p1p/1pq5/4r3/1P4p1/P3R1P1/2P2P1P/3QRK2 w - - 0 26,e3e5 c6h1 f1e2 e8e5 e2d2 e5d5 d2c1 d5d1,1751,74,95,3004,advantage endgame interference intermezzo skewer veryLong,https://lichess.org/1oUDkZd0#51,
Twgbl,r4k1b/7P/2p3Q1/p1Pqr3/Pp2pN2/8/5PP1/4R1K1 b - - 2 36,d5f7 g6d6 f8g7 d6e5,1613,74,96,1790,advantage interference middlegame short,https://lichess.org/lYNJpk0Q/black#72,
Txax4,r1b1k3/ppp4r/3p1q1p/1N2bpp1/2Q5/6P1/PPP3PP/3RKB1R b Kq - 5 16,f6f7 b5c7 f7c7 c4g8 e8e7 g8h7,1755,75,95,7816,advantage exposedKing fork interference long middlegame sacrifice,https://lichess.org/7VcRL8GI/black#32,Scotch_Game Scotch_Game_Other_variations
TyhQb,8/8/4k3/4r3/6p1/5pP1/2R2P2/6K1 w - - 6 55,c2d2 e5e1 g1h2 e1e2 d2d4 e2f2,1642,74,100,213,crushing endgame interference long rookEndgame,https://lichess.org/pi6wEUVU#109,
Tynjk,1rb1kb1r/p1q2pp1/2p4p/nB2p3/4Q3/7P/PPPP1PP1/RNB1K2R w KQk - 1 12,b5a4 b8b4 e4e2 b4a4,1603,74,91,3219,advantage interference opening short,https://lichess.org/hkgqmzDt#23,Italian_Game Italian_Game_Two_Knights_Defense
Tz6Wi,7Q/1r6/1kpq3p/6p1/4p3/7P/3p2P1/1R5K b - - 3 43,b6c5 h8c3 c5d5 c3d2,1754,142,38,22,crushing endgame interference short,https://lichess.org/QxBl3PQH/black#86,
TzWwu,r1b2bk1/1pq2ppp/p1pp2n1/r7/5P2/1P1BBN1P/2P2QP1/3R1RK1 b - - 2 20,c8f5 e3b6 c7d7 b6a5,1659,75,96,8736,advantage fork interference middlegame short,https://lichess.org/hkjvQVg1/black#40,
TzjHa,6r1/pp2kp2/2p4r/3pP1Nq/3P2R1/2P2Q1P/PP6/6RK w - - 1 33,g5f7 h5h3 f3h3 h6h3 h1g2 g8g4 g2h3 g4g1,1755,77,95,6491,advantage exposedKing interference middlegame skewer veryLong,https://lichess.org/6nL9vVbc#65,
TzwwI,r2qk2r/ppb2p2/2p3p1/4Pb1p/4pP2/6P1/PPP1Q1BP/R1B2RK1 w kq - 0 18,g2e4 d8d4 c1e3 d4e4,1682,77,96,24384,crushing interference kingsideAttack middlegame short,https://lichess.org/yYERmrjA#35,Nimzowitsch_Defense Nimzowitsch_Defense_Kennedy_Variation
U07rN,2r4r/pp3kpp/5qn1/3pBp1Q/8/5N2/5PPP/5RK1 b - - 0 22,f6e7 h5f5 f7g8 f5c8,1859,78,91,1649,crushing interference master middlegame short,https://lichess.org/9U2dcq0y/black#44,
U1ETk,2r3k1/2q1bppp/pr1p4/3RN3/1Pp1P3/P1Q4P/2P2PP1/3R2K1 b - - 0 25,d6e5 d5d7 c7c6 d7e7,1673,75,92,1141,crushing interference middlegame short,https://lichess.org/NkZRN7B4/black#50,
U1jtY,r5r1/p2nkp2/bp2p2p/2qp1BpN/3R4/4Q3/PPP3PP/1K2R3 b - - 0 22,a8c8 f5e6 c5c2 b1a1 f7e6 e3e6 e7d8 e6g8,1862,77,93,8583,advantage interference middlegame sacrifice veryLong,https://lichess.org/jgwFxIMN/black#44,
U2YWU,rn3rk1/pp3ppb/2p1p2p/2P5/3P3q/4P3/PP2N1BP/R2Q1RK1 b - - 0 17,h7e4 f1f4 h4g5 f4e4,1616,75,96,8449,advantage interference middlegame short,https://lichess.org/p3hXJHWN/black#34,Scandinavian_Defense Scandinavian_Defense_Valencian_Variation
U30Lr,r3r3/ppqnkp2/2pbbn1Q/3pN3/3P4/2NB1R2/PPP2PPP/R5K1 b - - 2 20,e8h8 e5g6 f7g6 h6g7 e7d8 g7h8,1769,75,88,113,advantage interference long middlegame sacrifice,https://lichess.org/Q80fnBbr/black#40,
U3mb3,2kr2r1/pp2pp2/2p1b2b/2R1N2p/3PP3/1P1B3P/P2q1PPQ/5RK1 w - - 1 24,d4d5 h6f4 h2h1 f4e5,1625,74,94,5355,advantage interference middlegame short,https://lichess.org/bv48jeRA#47,
U3vyX,2k1r3/pppn4/8/7P/2PP2Q1/1Pq2PP1/P3K3/3R3R w - - 1 30,e2f2 c3c2 f2g1 c2d1 g1g2 e8e2 g2h3 d1h1,1711,78,95,18939,deflection endgame interference mate mateIn4 veryLong,https://lichess.org/Bd3d4iUL#59,
U5C5i,1r2r2k/4P1bp/1qb3p1/2pn2N1/2B2P2/8/1P4PP/R2QR1K1 w - - 0 27,c4d5 g7d4 g1h1 c6d5,1802,77,92,4755,advantage interference intermezzo master masterVsMaster middlegame short,https://lichess.org/IMoA3WXi#53,
U7OlG,5R2/3rr3/4kp1R/1p1p2pP/3P2P1/4P1K1/4bP2/8 b - - 2 48,e7h7 f8f6 e6e7 h6h7 e7f6 h7d7,1851,74,96,4877,crushing endgame interference long skewer,https://lichess.org/IZPAQAg6/black#96,
U7b4A,r1b1r1k1/pp3p1p/5npQ/3Bn3/4N3/7R/P4qPP/3R3K b - - 3 22,f6e4 h6h7 g8f8 h7h8 f8e7 h8e5 c8e6 d5e6,1874,210,82,10,crushing fork interference middlegame veryLong,https://lichess.org/UHyHKNZo/black#44,
U7lf0,rnb1kb1r/pp3ppp/4pn2/q1P5/8/2N1BN2/PPP2PPP/R2QKB1R b KQkq - 3 7,f8c5 f1b5 c8d7 e3c5,1897,75,88,171,crushing interference intermezzo opening short,https://lichess.org/al5BIVNz/black#14,Scandinavian_Defense Scandinavian_Defense_Main_Line
U8WrM,1B6/8/4pp2/p1K4p/8/1P4P1/5k2/8 w - - 0 39,c5b5 e6e5 b5a5 f2g3 b3b4 h5h4 b4b5 h4h3 b5b6 h3h2 b6b7 h2h1q,1779,76,92,2154,advancedPawn bishopEndgame crushing endgame interference master masterVsMaster promotion quietMove veryLong,https://lichess.org/BgJxfkbN#77,
UAdnq,1k1r3r/p1q2pp1/1p2p3/RPbpP1Pp/3N1P2/2P1B2P/2Q3K1/4R3 b - - 0 25,b6a5 d4c6 b8a8 e3c5,1632,79,94,15398,crushing discoveredAttack fork interference middlegame short,https://lichess.org/HQqNibi7/black#50,
UAhl9,5rk1/p4pp1/b6p/2q1r3/3pB3/5P2/PP1Q2PP/2R1R2K b - - 2 22,c5d6 c1c6 d6b8 c6a6,1730,74,64,111,advantage interference master middlegame short,https://lichess.org/FgR0gE4F/black#44,
UC9Qt,r1bqkb1r/1p1p1p2/p3p2p/4B1p1/1n2n3/1Q6/PPP1BPPP/RN2K1NR b KQkq - 1 11,f7f6 e2h5 e8e7 b3b4,1634,80,82,63,crushing interference opening short,https://lichess.org/XCWfZK5Y/black#22,Sicilian_Defense Sicilian_Defense_Other_variations
UCIoA,r6r/1p1k2p1/6q1/p2Q2P1/P5P1/2P5/1P2R3/K7 b - - 0 40,g6d6 d5b7 d7d8 b7a8,1757,74,88,614,crushing endgame interference short,https://lichess.org/pyJ2WM0c/black#80,
UCv7P,8/1R6/2K2P2/1P6/p1k5/5r2/8/8 w - - 5 69,f6f7 f3f6 c6d7 f6f7,1708,82,93,12105,crushing endgame interference rookEndgame short,https://lichess.org/ZgKJHquK#137,
UD69H,r7/1b1k1Q1p/pq1p4/1P6/4r3/P7/BPP3PP/R6K b - - 2 28,e4e7 a2e6 d7d8 f7f8 e7e8 f8f6 d8c7 f6f7 c7b8 f7e8,1809,75,83,87,advantage interference middlegame veryLong,https://lichess.org/Wo8Z6FGv/black#56,
UEhZu,3qk2r/1pr1bppp/p2p4/3P1b2/3Q4/1P4P1/P4PBP/R1B2RK1 w k - 1 16,d4g7 e7f6 g7h6 f6a1 c1g5 f7f6,1642,74,95,2563,advantage fork interference long middlegame trappedPiece,https://lichess.org/vu4ovFG2#31,English_Opening English_Opening_Kings_English_Variation
UF8TS,3r1rk1/p1p2p1p/2p1b1p1/8/2Pq4/3B1Q2/P1P3PP/4RR1K b - - 4 19,e6c4 e1e4 c4d5 e4d4 d5f3 d4d8,1791,75,96,5455,advantage interference long middlegame,https://lichess.org/CHyHwgCN/black#38,
UG2EE,5rk1/Rp6/5qp1/1r2pp2/3p4/3P1Q1P/1P6/2B2R1K w - - 4 36,a7b7 e5e4 d3e4 b5b7,1711,78,92,3318,advantage interference intermezzo middlegame short,https://lichess.org/AgmPVZRt#71,
UG3n7,6k1/p1p1rpn1/bp3Q1p/n3N1p1/2PP3B/qB5P/P4PP1/3R2K1 b - - 3 25,g5h4 c4c5 a5b3 f6e7,1891,74,90,178,advantage interference middlegame short,https://lichess.org/SA6JWC5x/black#50,
UGi8G,r4rk1/3bqppp/p3p3/2pp4/3P2n1/1PNQPN2/1PP2PPP/R4RK1 w - - 0 15,a1a6 c5c4 b3c4 a8a6,1641,76,87,704,advantage interference intermezzo middlegame short,https://lichess.org/K9ms8QVX#29,Queens_Pawn_Game Queens_Pawn_Game_Chigorin_Variation
UGj32,6rk/ppp1b1qp/2n1R3/4N3/3r4/3PQ1PP/PPP2P2/R5K1 b - - 6 24,e7g5 e3g5 g7g5 e5f7 h8g7 f7g5,1636,75,95,3816,advantage attraction fork interference long middlegame sacrifice,https://lichess.org/JntQAftM/black#48,
UI5M0,3R4/8/4p3/p1r5/2P5/2K1k3/8/8 b - - 10 57,e6e5 d8d5 c5c8 d5e5 e3f4 e5a5,1607,79,11,49,crushing endgame interference long rookEndgame,https://lichess.org/jyJ39vbb/black#114,
UI5p4,5r2/4prk1/2ppq1p1/pp1nP3/3P2P1/P2N1P2/1P1Q2K1/R6R b - - 1 29,f7f3 d2h6 g7f7 g2f3,1770,75,94,11666,crushing interference middlegame short,https://lichess.org/IEFdH4jN/black#58,
UIjdj,8/ppp5/3r2k1/6P1/6K1/3P1R2/PP6/8 w - - 9 37,f3h3 d6d4 g4f3 d4d3,1603,333,82,7,crushing endgame interference rookEndgame short,https://lichess.org/KuBX7oBd#73,
UJ2q4,rbb2rk1/1pq3p1/p3pn1p/3p4/3N1P2/P2P4/BPPBQ1PP/R4RK1 w - - 0 18,d4e6 c7b6 d2e3 b6e6,1875,74,96,1057,advantage interference middlegame short,https://lichess.org/q63egQ37#35,Sicilian_Defense Sicilian_Defense_Bowdler_Attack
UJ6Rl,8/1b4kp/p3B1p1/8/1q3b2/3Q4/P4BPP/6K1 b - - 3 33,b7e4 f2d4 g7f8 d3e4,1627,76,95,4426,advantage endgame interference master short,https://lichess.org/7th1LSzJ/black#66,
UJzOF,1r3rk1/pppq2p1/3p1b1p/4n3/2P1B3/P2P2P1/1P2N2P/R2Q1RK1 b - - 0 16,e5g4 e4f5 d7e7 f5g4,1692,75,96,10487,crushing interference middlegame short,https://lichess.org/FUC442Dj/black#32,English_Opening English_Opening_Kings_English_Variation
UMYNm,8/8/8/3kp3/3p4/3K1PrP/R5P1/8 w - - 7 42,h3h4 e5e4 d3c2 g3g2,1616,76,94,263,crushing endgame interference rookEndgame short,https://lichess.org/F4VHZQ2N#83,
UMhZ0,r1bq1rk1/7p/2n3p1/1p1p1pN1/pPpP4/2P5/P2QBPPP/R3R1K1 w - - 0 19,d2e3 f5f4 e3d2 d8g5,1814,76,91,2013,advantage interference middlegame short,https://lichess.org/q5tE2TO3#37,Queens_Pawn_Game Queens_Pawn_Game_Franco-Sicilian_Defense
UN2Mn,2kr4/p1p5/8/1R1p4/3Pp2p/PQ5b/1KBq1p2/8 b - - 1 38,f2f1q b5b8 c8d7 b3d5 d7e7 d5d8 e7e6 d8e8,1888,76,83,77,crushing interference middlegame veryLong,https://lichess.org/hAWQoJ21/black#76,
UNHBM,r4rk1/ppqbpp1p/1n4p1/3pP3/1P6/2P1BPnP/4P1P1/RNQ1KBR1 b Q - 0 15,c7e5 e3f4 e5e6 f4g3,1707,77,88,1049,advantage interference middlegame short,https://lichess.org/3ETJbjGI/black#30,Clemenz_Opening Clemenz_Opening_Other_variations
UO50G,8/p5p1/3k4/6R1/1p1PK3/2r3P1/P7/8 b - - 1 41,c3c7 g5g6 d6d7 g6g7,1631,77,92,2459,crushing endgame interference master rookEndgame short,https://lichess.org/qGXCWtau/black#82,
UOKkb,r4rk1/1b1q1p1p/pp2p1p1/3n2B1/P2b4/N7/1P2BPPP/1QR2RK1 b - - 1 18,d7a4 c1c4 a4a5 c4d4 d5c3 b2c3,1627,76,91,1309,advantage interference long middlegame,https://lichess.org/tuKIL9Qm/black#36,Sicilian_Defense Sicilian_Defense_French_Variation
UQSih,8/2q1kp1R/3pn1p1/1P2p1P1/1Qr1P3/P3BP2/2P5/1K6 w - - 1 35,b4b3 c4c3 b3b4 c3e3,1762,74,97,3316,advantage endgame interference master short,https://lichess.org/QK85BFgf#69,
UR1F3,r7/pp3pk1/2n1R3/3p1Q2/3P4/2q5/2P2PPP/2KR4 w - - 0 29,e6f6 c3a1 c1d2 a1d4,1622,78,92,1017,advantage endgame interference short,https://lichess.org/F3tei7Q0#57,
USKPh,8/p3rpk1/1p1Qp1p1/7p/qP5P/P4BP1/5PK1/8 b - - 8 37,e7e8 f3c6 a4c2 c6e8,1678,74,96,2576,advantage endgame fork interference short,https://lichess.org/54tBo06u/black#74,
UTJb1,2rqkb1r/1b3ppp/1n2p3/1Nnp4/4P1P1/1B2BP2/PPPQ3P/1K1RR3 b k - 1 16,d5e4 d2d8 c8d8 b5c7 e8e7 e3c5,1809,74,95,295,advantage interference long master middlegame,https://lichess.org/ab8HoSkG/black#32,Sicilian_Defense Sicilian_Defense_Najdorf_Variation
UUNcY,r3qrk1/ppp2p1p/3p2p1/8/8/2b1PB1P/P4PPB/R2QK2R w KQ - 2 17,e1e2 e8b5 d1d3 b5b2 e2f1 b2a1,1670,77,97,4442,advantage interference long master middlegame,https://lichess.org/PMWBbrks#33,London_System London_System_Other_variations
UVogq,r2r2k1/1bq2p1p/4p1p1/p2Pb3/PpP1B3/4BQP1/5P1P/2R1R1K1 b - - 1 22,f7f5 d5d6 b7e4 d6c7,1629,77,94,9181,advancedPawn crushing interference master middlegame short,https://lichess.org/sRWjXoUi/black#44,
UWCMb,r1b1k2r/p4ppp/2p2q2/4p3/3N4/2Q5/PPP2PPP/2KR3R b kq - 0 16,e5d4 h1e1 c8e6 c3c6,1645,75,95,18827,crushing interference middlegame pin short,https://lichess.org/5zTg9Xsv/black#32,Sicilian_Defense Sicilian_Defense_Lasker-Pelikan_Variation
UWIfx,2b5/p4pk1/2p2pp1/8/2P3P1/1P2PB2/P5Pq/3Q1K2 w - - 0 35,f3c6 h2h1 f1e2 c8g4 c6f3 h1g2,1685,74,91,2058,crushing endgame interference long pin,https://lichess.org/n3WyiFXE#69,
UWcz9,5rk1/1R2bppp/p2ppn2/8/q2NP3/4BP2/P5PP/2Q3K1 b - - 0 19,f6d7 d4c6 e7f6 b7d7,1668,77,93,1782,advantage interference middlegame short,https://lichess.org/DyPNBEG9/black#38,English_Opening English_Opening_Symmetrical_Variation
UWkqi,r4rk1/ppp3p1/3p4/5p1Q/8/7R/PPq2PPP/3R2K1 b - - 1 23,c2b2 h5h7 g8f7 h7f5,1612,79,94,21220,crushing endgame interference short,https://lichess.org/r0HiLs2o/black#46,
UYhqq,4r1k1/5p1p/2q3p1/p7/1p1Rn3/5N1P/PP3PP1/3Q2K1 b - - 0 31,e4f6 d4d6 c6c4 d6f6,1692,74,97,2286,advantage endgame interference master short,https://lichess.org/dACauWlY/black#62,
UZLaK,r1bqr3/pp3kpp/3b1n2/2pP4/2BQ4/8/PPP2PPP/RNB2RK1 w - c6 0 13,d4h4 e8e4 f2f4 e4c4,1881,77,83,55,advantage interference opening short,https://lichess.org/NQXdQgfP#25,Italian_Game Italian_Game_Scotch_Gambit
UagxB,8/2p5/p1P1k2K/P6P/5p1P/8/8/8 w - - 0 46,h6g7 f4f3 h5h6 f3f2 h6h7 f2f1q h7h8q f1f6 g7h7 f6h4,1770,75,92,196,advancedPawn crushing endgame interference pawnEndgame promotion veryLong,https://lichess.org/aIg8Xzgm#91,
UampZ,6k1/R4p2/1K2q1p1/1P5p/3Q4/2r1P1P1/8/8 w - - 2 55,b6a5 c3a3 a5b4 e6b3 b4c5 a3a7,1651,74,91,2390,crushing endgame interference long,https://lichess.org/Q5zAvmE9#109,
UbV1e,3r1rk1/pp4pp/2p5/4P2R/2Q1Nqn1/4p3/PP6/2K4R b - - 1 24,f8f7 e4f6 g4f6 c4f4,1649,86,87,42,advantage discoveredAttack interference middlegame short,https://lichess.org/ul19mpKY/black#48,
UcWan,r1b2rk1/1p1qnpbp/p2pp1p1/2p1n1B1/P1B1P3/2NP1Q2/1PPN1PPP/R3R1K1 w - - 4 12,f3f4 f7f6 g5h6 g6g5 f4g3 g7h6,1870,76,93,4488,advantage interference long middlegame,https://lichess.org/3MSg1Xnk#23,Sicilian_Defense Sicilian_Defense_Old_Sicilian
Ud4q0,r1br1k2/p3ppb1/5np1/q7/2p1PB2/2N2P2/PP2N2Q/R3K2R b KQ - 5 20,f6h5 f4c7 a5b4 c7d8,1603,74,91,476,advantage fork interference middlegame short,https://lichess.org/xE477wgg/black#40,
UdaCM,4b1Q1/p1p1k3/3p1q2/1p1Bp3/1b2p3/3P3P/PPP1KPP1/3R3R w - - 4 24,g2g4 f6f3 e2f1 f3h1 f1e2 h1f3,1666,75,90,3156,advantage interference long middlegame,https://lichess.org/Zsek1V0Y#47,
UdwvX,8/1p4k1/1p1p4/3N1ppr/2P1rP2/6K1/P1R4P/3R4 w - - 0 30,f4g5 e4g4 g3f3 h5h3 f3f2 h3h2 f2e3 h2c2,1607,77,82,132,advantage endgame exposedKing interference skewer veryLong,https://lichess.org/PbF7IlgK#59,
UeAeK,8/8/4k3/p4p2/P2K1Pp1/R5P1/5r2/8 w - - 4 42,d4c5 f2f3 a3a1 f3g3,1668,74,86,375,advantage endgame interference rookEndgame short,https://lichess.org/MHlc0emV#83,
UelpD,6rk/pp5p/2pBpr1q/3p4/2PP2B1/1P2Q2n/P4P2/6RK w - - 0 28,e3h6 h3f2 h1g2 g8g4,1697,76,96,7427,crushing interference kingsideAttack master middlegame short,https://lichess.org/mO3s1Ngs#55,
Ugf0D,8/3p1p2/4kPn1/5N2/r2PK3/8/7R/8 w - - 4 50,h2f2 d7d5 e4f3 e6f5,1643,75,55,199,advantage deflection endgame interference short,https://lichess.org/pYg3SPx2#99,
UhSvh,r6k/ppN1bp1p/5p2/2p4P/8/1P1b2R1/PQ3P2/2KBq3 b - - 5 28,a8d8 g3e3 e1b4 e3e7,1666,76,95,13312,advantage interference middlegame pin short,https://lichess.org/8axv8e8t/black#56,
UiHeK,r3k3/ppq2p1p/4p3/3pN2r/5P2/1P3Bn1/PQ4KP/R2R1b2 w q - 2 23,g2g3 h5h3 g3f2 h3h2 f2f1 h2b2,1680,76,93,2069,crushing deflection interference long middlegame skewer,https://lichess.org/sWtiFRMg#45,
UjT6d,3r1rk1/2RP4/2q1p2p/1p4p1/2p4P/2b3B1/2P1BPb1/3Q1RK1 b - - 1 27,c6e4 f2f3 e4e3 g1g2,1821,74,87,193,advantage interference middlegame short,https://lichess.org/BDGi7T25/black#54,
UjsXx,rk2qb1r/1b1p4/3PP1p1/p1Q2n1p/1n3P2/3B1N1P/PP4P1/1KR4R b - - 0 25,b4d3 c5c7 b8a7 c7a5 a7b8 a5c7,1808,102,82,22,advantage exposedKing interference long middlegame queensideAttack,https://lichess.org/soJOAGO1/black#50,
Uke28,2kr1b1r/pp3ppp/4p3/4Pn2/1qN5/1PQn1N2/PB3PPP/R4RK1 b - - 1 19,d3b2 c4d6 c8b8 c3b4,1796,77,91,4518,crushing discoveredCheck doubleCheck interference middlegame short,https://lichess.org/yAOXxUUH/black#38,French_Defense French_Defense_Tarrasch_Variation
Ukwen,r2q1rk1/1b1n1ppp/p3pn2/1p1p4/1b1P1B2/1B2PN2/P2N1PPP/2RQ1RK1 b - - 5 13,d7b6 f4c7 d8e7 c7b6,1701,98,91,31,advantage interference middlegame short,https://lichess.org/vsrDNKbd/black#26,Queens_Pawn_Game Queens_Pawn_Game_Other_variations
UnsCX,1r3rk1/3n1ppp/p2p4/2pP4/1pP5/1P1B3q/P1Q2P2/3RR1K1 b - - 1 25,b8e8 d3f5 h3h4 f5d7,1833,75,93,6445,advantage interference middlegame short,https://lichess.org/nLgEh6jn/black#50,
Uomr8,r5r1/1p2n3/2p4R/p2pk1B1/2P1P1R1/bP1P4/4KP2/8 b - - 0 31,e5d4 g5f6 d4c5 f6e7,1854,77,91,1010,advantage interference middlegame short,https://lichess.org/gnfCMJig/black#62,
Up8pl,6k1/p1p1q1bp/1pP1bnp1/1P3p2/N3p3/2Q1P3/PB2rPPP/3R2K1 b - - 0 22,f6g4 d1d8 g7f8 c3h8 g8f7 h8h7 f8g7 h7g7,1818,74,95,5574,deflection interference kingsideAttack master mate mateIn4 middlegame veryLong,https://lichess.org/pKYYvPuN/black#44,
UprrF,6k1/4bpp1/4p1np/3pP3/3P4/2PbB1P1/r2N1P1P/3Q2K1 w - - 0 34,d2b3 d3c2 d1e1 c2b3 e1b1 b3c4,1726,75,93,1927,advantage defensiveMove interference long middlegame,https://lichess.org/fBQfny9C#67,
UpxNo,3qr1k1/pp1bbpp1/4pn1p/n2P4/3P1B2/P4N2/1P1N1PPP/1BQ2RK1 b - - 0 15,e6d5 f4c7 d8c8 c7a5 c8c1 f1c1,1858,74,87,2070,advantage interference long middlegame,https://lichess.org/QMMwD2ZN/black#30,Indian_Defense Indian_Defense_Other_variations
Uq6oJ,r2q1b1r/pk2pppp/3N1n2/Q2Pn3/8/5P2/PP2BP1P/4K2R b K - 1 20,e7d6 e2a6 b7b8 a5d8,1695,75,95,18716,interference mate mateIn2 middlegame short,https://lichess.org/d9V8t3DU/black#40,
Uq7SJ,8/6p1/1p5p/p7/1k4PP/1P2RK2/1b6/8 w - - 3 37,f3e4 b2c3 e3f3 b4b3,1805,75,92,2961,advantage endgame interference quietMove short,https://lichess.org/GXbuYR1P#73,
UqjF9,5rk1/1b1p2pp/p3p1q1/1p6/1P2P3/P2BQ2P/4NrP1/RR5K w - - 1 28,e2g3 f8f3 g2f3 g6g3 e3f2 g3f2,1879,74,88,137,advantage interference long middlegame sacrifice,https://lichess.org/nt4PUju9#55,
Urp77,5Q2/1k3p2/4pPp1/3p4/2p2P2/5PK1/8/7q b - - 2 38,h1h7 f8g7 h7h1 g7f7 b7b6 f7e6,1677,77,94,14422,crushing endgame exposedKing interference long queenEndgame,https://lichess.org/7uZGktTK/black#76,
UsZHS,3r2k1/pp3pbp/6p1/qP2p3/P1b1N3/6BP/3p1PPN/1Q1R2K1 w - - 4 30,h2f3 c4d3 b1a2 d3e4,1820,75,86,601,advantage interference master middlegame short,https://lichess.org/hrkbIrDC#59,
UtWFj,2q3k1/p2R1pb1/bp1Bp1pp/8/Q2Pp3/1P2P2P/P4PP1/6K1 w - - 8 32,d6e7 b6b5 a4a5 c8d7,1673,100,71,46,advantage endgame interference short,https://lichess.org/18ufSd0d#63,
Uu2Du,2kr1b1r/ppp1p3/4qp2/3p1NB1/6np/3P3K/PPP1P1B1/RN1Q1R2 w - - 0 17,g5f4 e6f5 e2e4 g4f2 h3h2 f5f4,1894,75,96,2099,advantage discoveredCheck doubleCheck exposedKing hangingPiece interference long opening,https://lichess.org/7opdUu51#33,Bird_Opening Bird_Opening_Dutch_Variation
Uu783,3rrk2/pb4p1/7b/7p/5p2/1BNpP3/PP4P1/3RR1K1 b - - 0 32,f4e3 e1f1 f8e7 f1f7 e7d6 d1d3,1777,75,87,1042,advantage interference long middlegame,https://lichess.org/VL3KPF5k/black#64,
UuJan,5r1k/p5p1/3q1r1p/3BRn2/2pp2QP/3P2P1/5P2/4R1K1 w - - 0 31,d5c4 f5e3 f2e3 d6e5,1765,75,93,873,advantage interference middlegame short,https://lichess.org/bU3oAs3s#61,
Uuhvx,2rqk2r/3nbpp1/p2pb3/3Np1P1/2p1P3/1N2B3/PPPQ1P2/2KR2R1 w k - 0 18,b3a5 c4c3 d5c3 d8a5,1712,75,96,2926,advantage interference master middlegame short,https://lichess.org/gJPsN3Ri#35,Sicilian_Defense Sicilian_Defense_Najdorf_Variation
UvEb8,8/p4pk1/r4bp1/4n3/2P1N3/1P2P3/P3K3/B6R w - - 3 45,e4f6 a6a2 e2d1 a2a1,1805,76,95,5556,crushing endgame interference short,https://lichess.org/HFDs1twW#89,
Uw98G,2kr4/1p3p1p/1P3prb/R3p3/3P4/6PP/1P3P2/3R1K2 b - - 0 36,e5d4 a5a8 c8d7 d1d4,1625,74,87,498,crushing endgame interference intermezzo master short,https://lichess.org/cBTSxfh5/black#72,
UwCLX,3r2k1/ppp2pp1/3r3p/4q3/4P3/1P6/P1PR1QPP/2KR4 w - - 5 20,d2d6 e5a1 c1d2 d8d6,1703,76,85,76,crushing endgame interference intermezzo short,https://lichess.org/Jvh281zr#39,
UwnoC,r3qrk1/1p4pp/2p5/p3p3/2Q2pb1/PP1PbRP1/1B2P1BP/5R1K b - - 3 19,g8h8 f3e3 g4e6 e3e5 e6c4 e5e8,1784,75,93,2905,advantage interference long middlegame,https://lichess.org/2JNsmsFM/black#38,English_Opening English_Opening_Kings_English_Variation
UxA85,4r2r/p4Qpk/2pB2n1/6Pp/qP1P3N/2P4P/P7/R5K1 b - - 0 30,g6h4 f7h5 h7g8 h5e8,1805,76,79,84,crushing fork interference middlegame short,https://lichess.org/9NeJKLdy/black#60,
UxF3Q,r7/ppp2pk1/3p1nnr/1N1Pp3/4P2q/6R1/PPP1B1Q1/2KR4 b - - 7 21,f6e4 g3g4 h4f2 g2e4,1879,77,93,764,advantage interference intermezzo middlegame short,https://lichess.org/ZmZ5d9dQ/black#42,
Uxr7b,r4n1k/4b2b/1q2pp1B/1B1pN3/Pp1P4/7P/1Qr2P1K/6R1 b - - 3 32,e7d6 h6g7 h8g8 g7f6 f8g6 b2c2,1681,76,93,1305,advantage discoveredAttack discoveredCheck exposedKing interference kingsideAttack long middlegame,https://lichess.org/ZeBocMJE/black#64,
UyPdk,5k2/6p1/5p1p/1N3P2/4P1P1/pR2K2P/Pb5r/8 w - - 3 32,e3f4 b2e5 f4e3 h2h3 e3d2 h3b3,1820,75,86,133,crushing endgame interference long,https://lichess.org/vwvoCL8Q#63,
UzNbo,8/5pp1/6k1/8/P3Q3/5P2/KP4qp/8 b - - 7 36,g6h5 e4h7 h5g5 h7g7 g5f4 g7g2,1854,76,91,150,crushing endgame interference long queenEndgame skewer,https://lichess.org/gvx2jM9h/black#72,
UzSfe,2k1r1nr/1pp3p1/p1p2pq1/8/4Pb2/2BP1N2/PPP1KP2/R2QR3 w - - 2 20,e1h1 e8e4 d3e4 g6e4 e2f1 h8h1,1664,74,87,2642,crushing interference long middlegame sacrifice,https://lichess.org/oCUBdIVC#39,
UzXLl,r1bqkb1r/pp2pppp/5nn1/3P4/4N3/6B1/PP3PPP/R2QKBNR b KQkq - 0 9,f6d5 f1b5 c8d7 d1d5 d8a5 e4c3,1682,74,95,11731,crushing defensiveMove interference intermezzo long opening,https://lichess.org/RxOnns7p/black#18,Sicilian_Defense Sicilian_Defense_Alapin_Variation
V120i,1q6/5kp1/6p1/p2p4/1B1N4/4PP2/P3KP1r/2R4R w - - 1 28,d4c6 b8b5 e2e1 h2h1,1633,75,87,1146,crushing endgame interference short,https://lichess.org/2MG97u8l#55,
V1gyG,5rk1/2p4p/1p1p2p1/p2P4/2P2qb1/3R2N1/PP1Q1Pp1/6K1 b - - 0 33,f4c4 d3d4 c4a2 d4g4,1662,173,100,27,endgame equality interference short,https://lichess.org/uElC9mdm/black#66,
V3MmO,3q2r1/p4p1k/1pb1p2p/3PRn2/P1p5/2P2pP1/3R1P1P/3Q2K1 b - - 0 34,c6a8 d5e6 d8f6 e6f7 g8f8 e5e8 f8f7 e8a8,1829,76,82,95,advancedPawn clearance crushing interference middlegame veryLong,https://lichess.org/LYCagWDr/black#68,
V5CIe,6k1/2q2pp1/4pP1p/p2p3P/8/P1P2Q1N/5PK1/1r6 b - - 0 29,b1b3 f3g4 g8f8 g4g7 f8e8 g7g8 e8d7 g8f7,1763,76,57,93,advantage deflection endgame interference pin veryLong,https://lichess.org/5yOsScUw/black#58,
V5Rls,3r1r2/5pk1/p4pqp/1Nb5/2P3b1/1B4Q1/PP3PPP/R4RK1 w - - 0 22,b5c7 c5d6 f2f4 d6c7,1735,75,89,1663,advantage interference middlegame short,https://lichess.org/XoEC3578#43,
V5SZp,r4r1k/ppnb2pp/5q2/3p4/8/1PN2P2/P2Q2PP/1K1R1B1R w - - 0 18,c3d5 d7f5 f1d3 c7d5,1707,77,92,938,crushing interference intermezzo master middlegame short,https://lichess.org/lugxCIg8#35,Sicilian_Defense Sicilian_Defense_French_Variation
V6vmc,2kr3r/p4p1p/2R1b2p/4Q3/8/3q3P/5PP1/6K1 b - - 0 23,c8d7 c6c7 d7e8 e5h8,1716,76,95,16528,endgame interference mate mateIn2 short,https://lichess.org/v0Xam5bs/black#46,
V7jQQ,5k2/2N1rpp1/p2p4/1p6/4nP2/6P1/PPP1K2P/3R4 w - - 4 34,c7d5 e4c3 e2d2 c3d5,1656,77,94,7121,advantage discoveredCheck doubleCheck endgame interference short,https://lichess.org/Dj0VZyDH#67,
V84rd,4r1k1/1pq1Bppp/p3p3/5r2/4Q3/1NP4P/PP3PP1/4R1K1 w - - 3 22,e7h4 f5f4 e4e2 f4h4,1609,75,76,144,advantage interference middlegame short,https://lichess.org/459acqJm#43,
V91Ce,r5qk/1pp2p1p/p4Pr1/4p2Q/1PPBb3/P5PP/5P2/3R1RK1 w - - 0 24,d4e5 g6g5 h5h6 g5e5,1816,75,94,8085,advantage interference middlegame short,https://lichess.org/zBSyLotp#47,
V9KCW,4k1q1/4n1Q1/p1r3n1/1p2p1N1/1Pp5/2P1B3/P5PP/5RK1 w - - 1 33,g7h6 g6f4 h6h7 g8g5 e3f4 e5f4,1767,74,95,9509,crushing discoveredAttack interference long middlegame,https://lichess.org/Rys8qdKG#65,
VAhJS,r6r/p3kp1p/1pQ1p2p/3pP3/8/7P/q1P2PP1/3N1RK1 b - - 1 19,a2a3 c6b7 e7f8 b7a8,1821,75,89,721,advantage endgame interference short,https://lichess.org/DZmmOzsW/black#38,
VC5IW,2r3k1/3q2pp/4p2P/1p2B1Q1/p7/1P6/2P2PP1/2K5 b - - 0 26,g7g6 g5f6 c8f8 f6h8 g8f7 h8h7,1817,76,90,1287,crushing deflection endgame interference long,https://lichess.org/SGLbngCJ/black#52,
VCaXh,rn2kbnr/pp3ppp/4p3/q1PpP3/6b1/2N1BN2/PPP2PPP/R2QKB1R b KQkq - 2 7,f8c5 f1b5 b8c6 e3c5,1731,74,84,303,crushing interference intermezzo opening short,https://lichess.org/KOxrk5mT/black#14,Caro-Kann_Defense Caro-Kann_Defense_Advance_Variation
VCxXz,r3r1k1/1pp4p/4n3/4P3/p7/1PqP1Q2/P1P3PP/2KR2NR w - - 3 20,d3d4 c3a1 c1d2 a1d4,1706,75,88,146,advantage interference middlegame queensideAttack short,https://lichess.org/syaCPEGI#39,
VETIX,Q4Q2/7p/8/3b2K1/4k3/8/8/6q1 w - - 5 58,g5f6 g1g6 f6e7 g6e6 e7d8 d5a8,1811,75,93,475,crushing endgame interference long,https://lichess.org/vkjmaKvM#115,
VEZhA,1rbq2k1/p4pbp/2Bp1np1/2pP4/Q4B2/5N1P/PP3PP1/R5K1 w - - 4 18,a1e1 b8b4 a4a7 b4f4,1613,74,95,1084,advantage interference master middlegame short,https://lichess.org/0cxyILmk#35,Benoni_Defense Benoni_Defense_Classical_Variation
VFS3k,4r3/R7/1q2p1k1/3p1p2/2pP1Q1p/2P1P3/5PP1/6K1 w - - 16 36,a7c7 e6e5 f4h4 b6c7,1892,80,86,64,advantage endgame interference short,https://lichess.org/Ld2Y4dUx#71,
VGw6m,2Q3k1/pp3r1p/2pb1qn1/5p2/8/1PP4P/1P4P1/4RR1K b - - 9 31,g8g7 e1e6 f6g5 e6d6,1860,75,86,333,advantage interference master middlegame short,https://lichess.org/WWXMcSeC/black#62,
VHh9C,2r2rk1/1b3ppp/1p6/1N2q3/4p1Q1/P3P3/P4PPP/R4RK1 w - - 2 23,g4d7 b7c6 d7d4 e5b5,1697,76,96,10295,crushing interference middlegame short,https://lichess.org/elVQYaUb#45,
VIBiE,1k3r2/2p5/bpn3q1/p4pP1/P1pP1Q2/1P5P/4R1P1/4R1K1 b - - 1 27,c4b3 e2e6 g6g7 e6c6,1652,76,94,2577,crushing interference master middlegame short,https://lichess.org/lUelXt1t/black#54,
VIjsN,6k1/1p3rp1/p2PK2p/2P5/P3R2P/5r2/8/3R4 w - - 1 52,d6d7 f3f6 e6e5 f7e7 e5d5 e7d7,1642,75,76,148,crushing endgame interference long rookEndgame,https://lichess.org/nIkrRgQj#103,
VJS1b,1r2k3/5RRp/4p1p1/2p5/2P5/2K5/1r3PPP/8 w - - 4 32,c3d3 b8b3 d3e4 b2e2 e4f4 e2f2,1632,76,94,5429,crushing endgame interference long rookEndgame,https://lichess.org/O7rBzmB7#63,
VJsik,rn2kbnr/pb1ppppp/2p5/1p1P4/1q2P3/2N5/PPPB1PPP/R2QKBNR w KQkq - 4 6,c3b5 b4e4 g1e2 c6b5,1680,75,94,2165,advantage interference intermezzo opening short,https://lichess.org/U1ROqfe5#11,Kings_Pawn Kings_Pawn_Other_variations
VKLrX,3r1r2/5ppk/1p1N3b/1Pp1p1q1/2P1Pn2/P1B2Q1P/5PP1/R4RK1 w - - 1 29,d6f5 d8d3 f5e3 d3c3,1663,76,89,132,advantage interference middlegame short,https://lichess.org/2NOzdFQw#57,
VKZFK,r6r/pppk4/5q1p/2p1B2Q/3p4/3P3P/PPP3P1/R5K1 b - - 0 20,f6g5 h5f7 g5e7 f7d5 d7c8 e5h8,1786,75,90,1694,crushing endgame interference long,https://lichess.org/B5zfdWs7/black#40,
VKrcI,8/8/p3r2p/kp1RP1p1/3K2P1/8/7P/8 b - - 0 41,a5a4 d5d6 e6e8 d6a6,1611,75,96,17506,crushing endgame interference rookEndgame short,https://lichess.org/R1Qo6jP9/black#82,
VKuKV,2R5/6k1/1r1p4/2pP4/8/3K4/2P5/8 b - - 5 48,g7f7 c8c6 b6b2 c6d6,1886,75,96,3278,crushing endgame interference rookEndgame short,https://lichess.org/v7ZrhDTF/black#96,
VNGfk,r5k1/p2b3p/4p3/1p1pP1q1/2pPnrP1/2P1Q3/PPB5/R3B1RK w - - 0 24,c2e4 g5h6 h1g2 f4g4,1708,74,85,220,crushing interference kingsideAttack master middlegame short,https://lichess.org/XwdQGpg7#47,
VNkqU,rn3rk1/pp3ppp/2p2P1n/8/2B5/2N1BNPb/PqP1QK1P/R6R w - - 0 17,f6g7 h6g4 f2g1 b2a1,1646,76,86,140,advantage interference middlegame short,https://lichess.org/TyVgVqop#33,Kings_Gambit_Accepted Kings_Gambit_Accepted_Cunningham_Defense
VOPVv,r2qk2r/1p1bbppp/p3p3/n2pP3/P7/4BN2/4BPPP/1QR2RK1 b kq - 9 19,e8g8 e3b6 d8e8 b6a5,1642,75,95,29893,advantage interference opening short,https://lichess.org/XoeJZGze/black#38,French_Defense French_Defense_Advance_Variation
VOZ3m,3k4/1r6/p3Rpp1/2qPn3/2P2b2/2Q4P/P4P2/4R1K1 w - - 2 31,e6a6 f4d2 c3g3 d2e1,1770,79,63,51,advantage interference middlegame short,https://lichess.org/DMHTB1pR#61,
VPIVY,r5k1/p4ppp/5n2/1ppq4/3p4/3P1PQ1/PPPB3P/4R1K1 b - - 3 23,f6h5 e1e5 d5a2 e5h5,1877,75,90,1347,advantage endgame interference short,https://lichess.org/Gv8ZSDqX/black#46,
VPofj,3r2k1/2p1bppp/1p2p1q1/p2rP1N1/3PN3/P1P1Q3/1P4PP/5RK1 b - - 2 23,f7f5 e5f6 g7f6 g5e6,1797,76,87,70,advantage enPassant interference middlegame short,https://lichess.org/18BB8g45/black#46,
VURAW,5rk1/2qn1pbp/rp1p1np1/1P1pp3/2b1P3/2N1BNPP/5PB1/2RQR1K1 b - - 0 17,a6a7 c3d5 f6d5 e4d5 d7c5 c1c4,1757,76,92,2169,advantage interference long middlegame,https://lichess.org/s5cBn71E/black#34,Kings_Indian_Defense Kings_Indian_Defense_Fianchetto_Variation
VUpTs,4rr1k/p2R2p1/1p2Bb1p/7q/8/5P2/PP2QP1P/6RK w - - 6 23,d7d3 f6e5 g1g2 e8e6,1768,125,77,9,advantage interference middlegame short,https://lichess.org/o0tFkJik#45,
VVIyV,r7/1ppr3n/4pk1R/pq3p2/8/2PPBB2/2PK1P2/7R b - - 5 31,f6e5 d3d4 e5d6 e3f4 d6e7 h6h7,1612,76,90,548,crushing interference long middlegame,https://lichess.org/6XuIM3Am/black#62,
VVeUR,4r1k1/5pp1/p1n4R/2pp4/1p6/3PqN2/PPP2KQ1/7R w - - 2 29,f2f1 e3c1 f1f2 c1c2 f2g3 c2g2 g3g2 g7h6,1860,74,88,445,advantage exposedKing interference middlegame veryLong,https://lichess.org/5oGnSrhq#57,
VW8qt,2k5/p2r1p2/2Q3p1/7n/2pq4/6PP/PPP4K/5R2 b - - 0 30,d7c7 c6a8 c8d7 f1f7,1694,125,73,31,crushing endgame interference short,https://lichess.org/hMT23DBH/black#60,
VWRmN,2r5/p1p1n1pp/1rn3k1/2p5/3qPB2/Q2P4/PPP3PP/R4R1K b - - 4 17,b6b2 c2c3 d4d3 a3b2,1779,75,85,368,advantage interference intermezzo master middlegame short,https://lichess.org/C78uZSMw/black#34,Kings_Gambit_Declined Kings_Gambit_Declined_Classical_Variation
VYBNd,r4rk1/p1b2p1p/1pn4q/2P3p1/3P4/1Q2PRP1/P3N2P/5RK1 b - - 1 23,h6g6 f3f6 g6h5 f6c6,1726,76,94,3019,advantage interference master middlegame short,https://lichess.org/yy39z0Tx/black#46,
VYpVE,6k1/2p5/3p2K1/1Ppqb3/6Q1/8/8/6R1 b - - 3 51,d5f7 g6h6 g8f8 g4c8 f8e7 c8c7,1646,76,88,388,crushing discoveredAttack discoveredCheck endgame exposedKing interference long master,https://lichess.org/g12Ueyuf/black#102,
VYxrH,8/6Q1/8/6k1/4K1p1/4n2r/8/8 b - - 2 64,g5h4 g7h6 h4g3 h6e3,1688,77,90,46,crushing endgame interference short,https://lichess.org/iWp3DWwF/black#128,
VZvkx,3r1k2/p4rpQ/3N1p1p/4pP2/1q1p4/R7/PPPR2PP/6K1 b - - 0 29,b4d2 h7h8 f8e7 a3a7 e7d6 h8d8,1652,82,79,47,crushing deflection endgame interference long,https://lichess.org/Ao9Etd2U/black#58,
Vajei,1r1qk2r/pp3pp1/8/2p1b3/1PPp2B1/P2P4/4PR2/1RBQ2K1 w k - 0 22,c1f4 d8h4 g4f3 e5f4,1694,76,93,1294,advantage interference middlegame short,https://lichess.org/pFAdMfOY#43,
Vb8f8,r1bqr1k1/ppp3pp/2n5/8/4n3/2PB1QP1/PPK3P1/RN4NR b - - 4 16,d8e7 d3c4 c8e6 f3e4,1828,76,94,1231,advantage interference opening short,https://lichess.org/AQ57fH8H/black#32,Queens_Pawn_Game Queens_Pawn_Game_Accelerated_London_System
VbMYf,r2qkb1r/4p3/b7/2pp4/4p3/1R2P2P/4BP2/3QK1R1 b q - 2 26,h8h3 e2h5 h3h5 d1h5 e8d7 h5d5 d7c7 d5c5,1661,77,77,77,crushing interference middlegame veryLong,https://lichess.org/qJnIPysR/black#52,
VcYAC,4q3/3k4/4P1np/1p1p1pN1/pPpP1P2/P1P3Q1/4K3/8 b - - 0 46,d7d6 g5f7 d6e6 g3g6 e6e7 f7e5 e8g6 e5g6,1761,81,73,55,crushing discoveredAttack endgame interference veryLong,https://lichess.org/tUZkja7a/black#92,
VdAq1,3k2r1/1b1r1R1p/p2b4/1pp5/8/2N2N2/PPP2PPP/4RK2 w - - 5 22,f3e5 b7g2 f1e2 d6e5 f7d7 d8d7,1744,74,100,389,advantage interference long middlegame,https://lichess.org/5dj8Xdt8#43,
Ve8kq,3r2k1/1pp1q1bp/4b1p1/1P2p3/2P5/r3B1P1/5QBP/1R3RK1 b - - 5 24,e6c4 e3c5 e7d7 c5a3,1600,75,53,894,advantage fork interference master masterVsMaster middlegame short,https://lichess.org/9TxRa703/black#48,
VetYC,2krr3/pp3ppp/2p3b1/3p4/1P1P1Q2/1B3P2/1qP3PP/4BRK1 b - - 7 21,g6c2 e1g3 e8e7 f4b8 c8d7 b8b7 d7e8 b7c6,1889,166,88,7,advantage deflection interference middlegame queensideAttack quietMove veryLong,https://lichess.org/zAtcgIbg/black#42,
VfZ5m,4r2k/p2R1p1p/5Pp1/4P3/1P3b2/P1P4P/6K1/8 b - - 3 47,f4e5 d7e7 e8c8 e7e5,1802,76,95,7691,crushing endgame interference master short,https://lichess.org/ICroJCyO/black#94,
VgLv6,r2q1rk1/1p2ppbp/1nn3p1/pN1p1b2/2PP1B2/P4N1P/1P2BPP1/R2Q1RK1 b - - 1 13,d5c4 f4c7 d8d7 c7b6,1655,75,85,126,advantage interference middlegame short,https://lichess.org/o1haQvNY/black#26,Alekhine_Defense Alekhine_Defense_Normal_Variation
VgOgl,5rk1/2p2pp1/1nPpb2p/4p1q1/1P2P3/r1NB1P2/4Q1PP/1R2R2K w - - 0 27,c3b5 a3d3 e2d3 e6c4 d3c2 c4b5,1670,86,81,34,advantage interference long middlegame sacrifice,https://lichess.org/BHVrS2hg#53,
VgoLO,r3k2r/pp1b2p1/2n3Q1/4p1N1/1Pq1P1p1/P7/2P2PP1/R4RK1 b kq - 2 19,e8d8 g5f7 d8c7 g6d6 c7c8 f7h8,1765,76,87,2110,crushing exposedKing fork interference long middlegame,https://lichess.org/P04uUxqi/black#38,Bishops_Opening Bishops_Opening_Other_variations
ViM5k,3r3k/pp4p1/2p2n1p/1q6/8/2P5/PPB2QPP/5R1K w - - 4 27,b2b3 d8d2 f2f3 d2c2,1688,75,94,7662,crushing endgame interference short,https://lichess.org/y0itgIrm#53,
VikYU,1k4rr/pp3p2/4p2q/1PQ2p2/P1P5/5KP1/2B4P/R3R3 w - - 1 29,e1e2 h6h5 f3f2 h5h2 f2e1 h2h1,1795,75,73,103,crushing interference long middlegame,https://lichess.org/de9PDbeu#57,
VjEcW,r3k2r/p2q1ppp/1p6/1Q1nP3/3PN3/8/P3K2P/RR6 b kq - 3 23,a8d8 e4d6 e8e7 b5d5,1638,75,93,2195,advantage interference middlegame short,https://lichess.org/Zm3skFwq/black#46,
Vkxn8,3r1rk1/pp3pp1/1q5p/8/1n1pNnQN/1P1P3P/1P3PP1/R3R1K1 b - - 7 20,f4d3 h4f5 g7g6 f5h6 g8g7 h6f5,1673,79,81,73,advantage interference kingsideAttack long middlegame pin,https://lichess.org/rytzhZu0/black#40,
VmaMr,5r1k/pbp3pp/1p6/2q5/P7/1QP2P2/6PP/4R1RK w - - 4 30,e1e6 b7d5 b3c2 d5e6,1630,75,79,482,advantage endgame fork interference short,https://lichess.org/cydlWvOA#59,
VmkoT,2bb2rk/8/2pR1r2/1p6/3p3R/2p4P/P1B2PP1/6K1 b - - 1 38,h8g7 h4h7 g7f8 d6d8,1639,87,87,111,interference mate mateIn2 middlegame short,https://lichess.org/JUEBczuf/black#76,
VmuYO,3q1k2/pp5p/2p3pP/5p2/8/1PQ5/P1P5/1K6 b - - 1 31,d8e7 c3h8 f8f7 h8h7 f7f6 h7e7 f6e7 h6h7,1722,76,86,202,advancedPawn crushing endgame exposedKing interference queenEndgame veryLong,https://lichess.org/ApDoVIex/black#62,
VnFCy,2r1k3/3q1r2/3p4/p1pP4/B6Q/7P/5PP1/6K1 b - - 8 37,c5c4 a4d7 e8d7 h4g4 d7c7 g4c4,1676,78,95,12648,attraction crushing endgame exposedKing interference long master,https://lichess.org/NhOIVbfx/black#74,
Vp6hV,r3kb1r/1q3ppp/4Pn2/1Nn5/5PP1/P3BQ2/1PP4P/2KR3R b kq - 0 17,b7f3 b5c7 e8e7 e3c5,1682,75,95,1859,fork interference mate mateIn2 middlegame morphysMate short,https://lichess.org/NiPchtb4/black#34,Sicilian_Defense Sicilian_Defense_Kan_Variation
VpOiX,r6r/pQ2k3/8/4n3/8/2N5/PPP3Pq/4KR2 b - - 0 26,e5d7 c3d5 e7d8 b7a8,1620,75,88,1146,advantage interference middlegame short,https://lichess.org/65jnhE0o/black#52,
Vppjo,1r2qrk1/1p4p1/pNpp1p1p/4p1n1/3PP1Q1/2P4P/PP3PP1/R3R1K1 w - - 0 20,b6d7 f6f5 e4f5 e8d7,1897,75,95,5730,advantage interference middlegame short,https://lichess.org/7R8wuNdr#39,
VqEza,5rk1/p4p1p/1pn3p1/q7/4p2B/1QP1P3/P4PPP/3R2K1 b - - 0 20,c6e5 d1d5 a5a6 d5e5,1654,74,95,19060,crushing endgame interference short,https://lichess.org/SKZznCY1/black#40,
Vrw3r,1r2r3/pb4p1/1p3k1p/4pPP1/3n3P/4Q3/P6K/4R3 b - - 0 29,h6g5 e3g5 f6f7 g5g6 f7e7 e1e5,1605,74,91,390,advantage endgame interference long,https://lichess.org/2evMNJg3/black#58,
Vt8WL,8/4rp1k/6pp/2q5/5P2/4R1P1/4QK1P/8 w - - 14 49,f2f3 c5h5 f3f2 h5h2,1853,93,68,29,crushing endgame interference short,https://lichess.org/ucJJxvhi#97,
Vtxqr,2krr3/ppp2p2/2np2p1/8/3P4/2N1Pq2/PP1Q3P/R3KB1R w KQ - 0 20,f1g2 e8e3 c3e2 f3g2 d2e3 g2h1,1625,77,93,4658,advantage interference long middlegame,https://lichess.org/WO0TWEHc#39,
VuZVE,2k2r2/ppqn1rQN/2pb4/3pp3/8/2P3P1/1P1B1P1P/1R2R1K1 w - - 6 25,g7h6 f8h8 h7g5 h8h6,1669,75,92,723,crushing interference middlegame short,https://lichess.org/14IZu6L3#49,
VukMo,r1b4r/ppqn2p1/2p1pkPp/8/2PPQb2/3B1N2/PP3P1P/R3K2R b KQ - 0 15,d7b6 f3e5 f6e7 e4f4,1714,76,89,180,advantage interference master middlegame short,https://lichess.org/EHOK8gjO/black#30,Caro-Kann_Defense Caro-Kann_Defense_Main_Line
VusJo,rn3rk1/ppp1bppp/4p3/7b/3N4/3PB2P/PPP1BPq1/R2QKR2 b Q - 1 11,h5g6 e2f3 g2h2 f3b7,1896,76,96,1068,advantage interference opening short,https://lichess.org/k0dacfXB/black#22,Alekhine_Defense Alekhine_Defense_Scandinavian_Variation
VvDnJ,r2qk2r/pp1b1pp1/3p4/3PP3/3P2P1/1QN5/PP4n1/R1B2RK1 w kq - 0 21,g1g2 d8h4 c1f4 h4g4 g2f2 g4f4,1798,75,92,623,advantage exposedKing interference long middlegame,https://lichess.org/e6ZOqH4G#41,
VvWcM,5rk1/1p2qpp1/p4n1p/3Pp3/Pn6/1PrPB2P/4QPP1/2R2RK1 b - - 1 18,c3d3 e3c5 e7d8 c5b4 d8d5 b4f8,1666,75,87,545,advantage interference long middlegame,https://lichess.org/JHFBerUZ/black#36,Kings_Knight_Opening Kings_Knight_Opening_Normal_Variation
VxFfH,3rkr2/6p1/1pQ1p2p/4P3/3P2q1/2P3Pn/PP3P1K/R4R2 b - - 0 28,d8d7 f2f3 g4f5 g3g4 f5f4 h2h3,1797,77,93,1479,advantage interference long middlegame,https://lichess.org/7PszpSPN/black#56,
Vyodg,5r1r/1Qpkp3/p2p4/3Pp3/N1p1qbp1/P5B1/1PP3PP/1K1R4 b - - 5 33,f8b8 a4b6 d7e8 b7b8,1706,78,96,3823,crushing interference master middlegame pin short,https://lichess.org/QYPnl3UR/black#66,
VzdK2,8/6k1/pp2P1p1/2pq1pp1/6Qn/1P2P2P/P4P2/2R3K1 w - - 0 32,c1d1 h4f3 g1g2 d5d1 g4f3 d1f3,1708,77,93,1668,advantage endgame interference long,https://lichess.org/1O72irEK#63,
W08Hc,r1b1k1nr/pp3ppp/1qn5/2bp4/3N4/2N1B1P1/PP2PP1P/R2QKB1R w KQkq - 3 9,c3a4 b6b4 e3d2 b4d4 a4c5 d4c5,1817,76,92,7380,advantage deflection interference long opening,https://lichess.org/M0MN9KIn#17,Tarrasch_Defense Tarrasch_Defense_Rubinstein_System
W0MWN,r5kr/pp5p/1q3ppB/3Pp3/2B3PQ/2P4K/PPn4P/RN5b b - - 1 20,c2e3 d5d6 e3c4 h4f6 b6e3 h6e3,1753,77,93,5342,crushing discoveredAttack discoveredCheck interference long middlegame sacrifice,https://lichess.org/QaoyI8Pd/black#40,
W0nuE,2r2r1k/pbpn2pB/1p1b3p/3pN3/1P1P4/P5qP/1BQ3P1/4RR1K w - - 6 23,f1f8 c8f8 e5g6 h8h7 g6f8 h7g8,1756,77,76,246,advantage interference long middlegame,https://lichess.org/hSDLHD8w#45,
W2GFZ,3r1k2/3b1ppQ/2p2q1p/1p1p4/3P4/4r3/1PB3PP/2R1R1K1 b - - 1 29,d8e8 h7h8 f8e7 e1e3 d7e6 h8h7,1839,77,73,115,advantage interference long middlegame,https://lichess.org/HU1AWQ7M/black#58,
W2sSw,3r1rk1/p1p1q3/2p1Rn1p/6p1/N6B/8/PPP1QbPP/R5K1 w - - 0 18,g1f2 f6e4 f2g1 e7e6,1842,72,95,19582,advantage discoveredCheck doubleCheck interference middlegame short,https://lichess.org/TvJryS4v#35,Scotch_Game Scotch_Game_Schmidt_Variation
W30x3,rnbqkbnr/ppp1p2p/5p2/3p4/3P4/3BPQ2/PPPB1PPP/RN2K2R b KQkq - 0 6,h7h5 d3g6 e8d7 f3d5,1697,75,97,4331,epauletteMate interference mate mateIn2 opening short,https://lichess.org/Rv2FSJOS/black#12,Queens_Pawn_Game Queens_Pawn_Game_Zukertort_Variation
W3Ra6,1Q3rk1/p5pp/4q3/2P5/3P3P/8/1P4P1/6KR w - - 2 33,b8a7 e6e1 g1h2 e1h4,1699,81,74,48,crushing endgame interference short,https://lichess.org/cUp64Ui9#65,
W3yyH,5r1r/2pk4/Q2p3n/3R3p/4qpp1/8/PPP3PP/1K1R4 b - - 1 29,f8b8 d5d6 c7d6 a6d6 d7e8 d6b8,1659,76,93,896,crushing interference long middlegame sacrifice,https://lichess.org/oD6CKTto/black#58,
W4PnT,3r1k1r/p3np1p/2nNbbpP/4p3/2P1P3/2N1B3/Pq3PP1/R2QKB1R w KQ - 0 15,c3a4 b2b4 e3d2 b4d6,1712,75,96,3605,advantage interference middlegame short,https://lichess.org/AUTPo2do#29,Sicilian_Defense Sicilian_Defense_Kalashnikov_Variation
W4kNF,8/1b2q2r/p3p1k1/3p4/4P1QR/2p3P1/P6K/8 b - - 9 38,g6f6 e4e5 f6f7 h4h7,1873,75,92,1871,crushing endgame interference short,https://lichess.org/jGF3Bn3B/black#76,
W57If,r1b3k1/1pq3p1/p1n1prB1/3p3Q/2pP4/2P5/PP3PPP/R4RK1 b - - 2 21,g8f8 h5h8 f8e7 h8g7 e7d6 g7f6,1810,75,97,1085,advantage deflection interference long middlegame,https://lichess.org/y7QGwGVy/black#42,
W5EYJ,3q2r1/1p3p1k/p3b1rp/3p1p1N/5Q1P/2P2P2/PP4P1/3RR2K w - - 5 36,d1d2 g6g4 f3g4 d8h4 h1g1 h4e1,1835,75,95,5079,advantage fork interference long middlegame sacrifice,https://lichess.org/ckvhSOzJ#71,
W5mbD,2r2rk1/5ppp/pQ1R4/1p6/1N2P3/Pb3P1P/4qP2/5RK1 b - - 0 24,e2f3 d6d3 f3e4 d3b3,1761,75,94,1516,advantage interference middlegame short,https://lichess.org/LH9mBZ4w/black#48,
W5oDg,6k1/2r2pp1/2p3qp/1p1pP3/1rn2P2/4P1PQ/4R2P/3R1BK1 b - - 5 39,b4b1 f4f5 g6g5 d1b1,1715,75,94,2838,advantage interference middlegame short,https://lichess.org/npNtFfJw/black#78,
W6GNR,2kb4/2rb1p1p/6p1/K7/2pB4/2P2P2/P4P1P/1R5R w - - 9 33,d4b6 c7a7 a5b4 d8b6,1641,74,98,693,advantage deflection discoveredAttack endgame interference pin short,https://lichess.org/sG2p9dX9#65,
W8iAX,2r5/p3QP1p/1p2p3/3p4/3k4/3q4/P1p2KPP/4R3 b - - 0 33,c2c1q e7f6 e6e5 f6e5 d4c5 e1c1,1870,78,92,478,crushing endgame interference long master masterVsMaster,https://lichess.org/GrHgxRX7/black#66,
W8sfq,6k1/5pp1/Q7/6Pp/1p1q3P/3P4/PK6/8 w - - 3 36,b2b3 d4c3 b3a4 c3a3 a4b5 a3d3,1694,78,89,2544,crushing endgame exposedKing interference long queenEndgame,https://lichess.org/6eQGjamf#71,
WA3AC,6k1/p4p1R/2p2Qp1/3p1b2/5P2/2P5/PP2r1K1/4r2R w - - 5 29,g2f3 f5e4 f3g4 e2g2 g4h4 e1h1,1700,74,89,197,endgame interference long mate mateIn3,https://lichess.org/StbtZknb#57,
WBZ9X,4r1k1/q5pQ/P3rp1p/3pn3/1p6/3B4/1PP3PP/R3R2K b - - 2 28,g8f7 e1e5 e6e5 d3g6 f7e6 g6e8,1881,73,94,13390,crushing interference long middlegame sacrifice skewer,https://lichess.org/XxppcMPv/black#56,
WBaGf,r1b1k1nr/pp1p1ppp/1qn1p3/1Nb5/4P3/2N5/PPP2PPP/R1BQKB1R w KQkq - 5 7,c3a4 c5f2 e1e2 b6b5,1754,76,84,114,attackingF2F7 crushing interference opening short,https://lichess.org/ZllMMGtF#13,Sicilian_Defense Sicilian_Defense_Taimanov_Variation
WFnXJ,1r6/p2r4/2qk2pR/3p1p2/1P1Qp3/4P1P1/PP4P1/1K3N2 b - - 2 35,c6c4 h6g6 d6c7 d4a7 c7c8 g6g8 d7d8 g8d8 c8d8 a7b8,1807,75,95,1540,attraction crushing endgame interference veryLong,https://lichess.org/gzyDE7oH/black#70,
WG9l9,2r1r1k1/R4ppp/1p1b4/3Pp3/1P5q/3QRP2/2PPKP2/2B5 b - - 0 22,d6b4 e3e4 h4f6 e4b4,1669,75,95,2334,crushing interference middlegame short,https://lichess.org/6pmv46pw/black#44,
WGrgD,r4r1k/pp4p1/1bp1b2q/3pP3/3P4/2PB2R1/P1Q2PPP/R5K1 b - - 6 21,f8f7 g3g6 h6h4 g6e6,1896,75,89,1374,advantage interference middlegame short,https://lichess.org/6kub24aT/black#42,
WGriz,rr4k1/pp1q1pbp/4b1p1/2P1p3/P2pN3/B1nP2P1/2Q1PPBP/2R2RK1 b - - 9 21,c3a4 c5c6 b7c6 c2a4,1761,180,0,8,advantage interference intermezzo middlegame short,https://lichess.org/zFWwE8zo/black#42,
WH0eu,R7/p2r4/1ppkp3/6p1/1PPP1pp1/P2K2n1/6R1/8 b - - 1 43,d7f7 c4c5 b6c5 b4c5 d6e7 a8a7 e7f6 a7f7,1794,76,92,2497,advantage endgame interference veryLong,https://lichess.org/67R83u3f/black#86,
WH4s3,8/3p1R2/2bP4/3k1p2/8/5r2/4K3/B7 b - - 7 71,d5e6 f7f6 e6d5 e2f3,1606,75,97,6735,crushing endgame interference short,https://lichess.org/Hhiklaph/black#142,
WHgOT,8/6r1/8/1p3R2/5P1P/5K2/rpk3P1/5R2 b - - 2 49,b2b1q f5c5 c2b2 c5b5,1601,87,79,120,advantage endgame interference queenRookEndgame short,https://lichess.org/sxbi20RQ/black#98,
WIfv3,4r1k1/nP3p2/P6p/2Rb2p1/8/6P1/5K1P/8 b - - 3 36,d5e4 c5e5 e8b8 e5e4,1779,76,95,13190,advantage endgame interference short,https://lichess.org/KpGuo2u5/black#72,
WIjjp,4kbQ1/2rb1r2/4p1p1/p5P1/2qPP3/P1N1B1N1/1PR3R1/2K5 w - - 9 30,c3d5 f7f1 g3f1 c4f1 c1d2 f1g2,1790,81,93,2375,advantage interference long master middlegame sacrifice,https://lichess.org/iF7z5yTm#59,
WJ5Yh,r1bqkb1r/pp3ppp/3pp3/5n2/1PB1N3/5QB1/P5PP/3R1RK1 b kq - 1 17,f8e7 e4d6 e7d6 g3d6 f5d6 c4b5 c8d7 d1d6,1795,134,85,11,advantage interference intermezzo middlegame sacrifice veryLong,https://lichess.org/QWOg6cuR/black#34,Indian_Defense Indian_Defense_Other_variations
WJIq8,3Q4/6p1/3k4/3p4/K7/8/pq4P1/8 b - - 1 60,d6c5 d8c7 c5d4 c7g7 d4c4 g7b2 a2a1q b2a1,1820,79,93,995,crushing endgame interference master queenEndgame skewer veryLong,https://lichess.org/VyFIFAAa/black#120,
WJWde,3r2k1/2p2pp1/p3b2p/1p6/2q1PQ2/P1N5/1PB3PP/5R1K w - - 0 23,f4f2 d8d2 f2e1 d2c2,1694,76,86,476,crushing interference middlegame short,https://lichess.org/H7UGv9c1#45,
WJofg,5r1k/pppq2b1/3p3N/3Pp1n1/2P1P1b1/2N3P1/PP2Q2P/R5K1 w - - 0 24,h6g4 g5f3 g1g2 d7g4 a1f1 f3h4,1826,76,94,128,advantage interference intermezzo kingsideAttack long middlegame pin,https://lichess.org/GcfO2FiB#47,
WKh2z,2kr4/2n5/2Q5/5p2/p7/3pP2P/KR6/5q2 b - - 5 41,d3d2 c6b7 c8d7 b2d2,1608,76,93,130,crushing endgame interference master short,https://lichess.org/cCi0jSW2/black#82,
WL6yD,3r2k1/ppp1q1pp/2n1b3/4Pp2/Q4B2/8/PPP2PPP/1K3B1R w - - 0 16,f1b5 d8d4 c2c4 d4f4,1814,77,73,121,crushing interference middlegame short,https://lichess.org/fN8D30Ko#31,Center_Game Center_Game_Normal_Variation
WM7vK,4k3/p3r3/1p2p2q/8/Q4R2/3p4/4PPK1/8 b - - 4 43,e8d8 f4d4 d8c7 a4a7 c7c6 a7e7,1767,75,95,6564,crushing endgame exposedKing interference long master skewer,https://lichess.org/MVQ1oGmV/black#86,
WNOl4,r1b1k1nr/pp2ppbp/6p1/q3P3/8/2N2N2/PP3PPP/R2QKB1R b KQkq - 2 10,g7e5 f1b5 e8f8 f3e5,1667,75,95,7700,advantage interference intermezzo opening short,https://lichess.org/pivQ8LHB/black#20,Zukertort_Opening Zukertort_Opening_Sicilian_Invitation
WOFcB,r1r3k1/2qbn1b1/3p3p/1p4p1/3PPp1P/1NP2Q2/B5P1/R1B2NK1 b - - 0 27,c7c3 b3c5 a8a2 f3c3 a2a1 c3a1,1880,77,92,1403,advantage discoveredAttack discoveredCheck interference intermezzo long master middlegame,https://lichess.org/F0bZ8ZqU/black#54,
WQ3kI,r1bq1rk1/3pn1pp/p1nQpp2/1p6/4P3/1B2BN2/PP3PPP/R4RK1 b - - 1 13,c6a5 e3b6 d8e8 b6a5,1678,75,92,1481,crushing interference master middlegame short,https://lichess.org/j6bZ6XBz/black#26,Sicilian_Defense Sicilian_Defense_Smith-Morra_Gambit_Accepted
WQV25,1r6/5p2/3p1Pk1/1ppN4/1P4n1/P2P2q1/3KP2r/R1Q2R2 w - - 1 29,f1g1 h2e2 d2e2 g3f2 e2d1 f2g1,1659,76,94,2591,advantage attraction interference long middlegame sacrifice,https://lichess.org/ebG4QQJX#57,
WQujY,r4qk1/1b2b1pp/p3p3/1p2B3/4N3/P1PBn3/1P2Q1PP/R5K1 b - - 2 19,e7c5 e4c5 f8c5 e5d4 c5c6 d4e3,1867,75,88,1240,crushing interference long middlegame,https://lichess.org/aHe0ryUg/black#38,Sicilian_Defense Sicilian_Defense_Other_variations
WQzKT,4r1k1/2n4p/p5p1/3p4/1P6/PQ1Bb2P/KP2R3/2q5 b - - 7 34,g8g7 e2c2 c1e1 c2c7,1700,155,82,27,advantage interference middlegame short,https://lichess.org/jEPtTF2V/black#68,
WTMNJ,5rk1/5ppp/p2q2n1/1pNp4/3P2Q1/P5P1/1P3P1P/4R1K1 w - - 4 26,c5d7 f7f5 g4e2 d6d7,1679,77,92,232,advantage endgame interference short,https://lichess.org/X9ARvuLc#51,
WVIY7,6k1/p1p2rpN/2Pq4/5p2/3b4/5Q2/PP2rPK1/5R1R w - - 0 26,f3e2 d6g6 g2h2 g6h7 h2g2 h7g6,1649,75,92,1214,crushing interference long middlegame,https://lichess.org/0Ek2rfkg#51,
WXGg2,3r4/1pp1kppp/p1p1b3/2b3q1/4P3/N1Q3NP/PP3PP1/R5K1 b - - 6 21,d8d2 g3f5 e7d7 c3c5,1628,75,94,1978,advantage interference middlegame short,https://lichess.org/WsIDu1e0/black#42,
WXWCy,3r2k1/1p2qpp1/p1n2b1p/2N2b2/1P6/P3BN1P/4QPP1/2R3K1 w - - 1 25,c5a6 f5d3 e2a2 d3a6,1891,75,92,1210,crushing interference master middlegame short,https://lichess.org/fLrmzgL8#49,
WZKvi,4r1k1/p1p2ppp/1p3n2/1RpP2q1/P1P5/5P2/3N1Q1P/7K b - - 5 28,e8e3 f3f4 g5h5 f2e3 h5d1 h1g2,1714,76,96,20030,advantage defensiveMove endgame interference long,https://lichess.org/UQIo5Ykq/black#56,
WZong,2kr3r/pppq1p2/3p2n1/1P2p3/P3P2R/2PP1NP1/5PK1/R2Q4 w - - 1 22,h4h1 g6f4 g3f4 d7g4 g2f1 h8h1,1680,77,85,73,crushing deflection interference long middlegame sacrifice,https://lichess.org/MFF0FxFP#43,
Wd54q,1R6/4rkpp/4q3/2r2p2/3n3Q/8/5PPP/5R1K b - - 7 35,e6e1 h4h5 f7f6 b8f8 f6e6 f1e1,1888,75,98,1025,crushing interference long middlegame,https://lichess.org/PqoetL5w/black#70,
WdI2Z,2r3k1/p4pp1/1p2p2p/2n2q2/1PB5/P3PPR1/Q4P1P/6K1 b - - 0 26,c5d3 e3e4 f5f4 c4d3,1612,76,94,3412,advantage endgame interference short,https://lichess.org/qV38K4IB/black#52,
WfZX3,rn2r1k1/pp5p/2p4Q/4p3/1b2B2B/3P2Pb/1q2PP1P/2R2KNR w - - 6 24,e4g2 b4d2 e2e3 b2c1,1696,91,87,38,crushing fork interference middlegame short,https://lichess.org/RJ0KGwyg#47,
WgCj9,8/1R6/p1r2ppp/K7/P1P5/1P5k/8/8 b - - 0 41,h3g4 b7b6 c6c5 a5a6,1601,77,93,7664,advantage endgame interference rookEndgame short,https://lichess.org/NCyLcTTV/black#82,
WhCkk,2rq1rk1/p3bppp/2Q2n2/1p4B1/3pP3/2N2P2/PP3P1P/R2R2K1 w - - 1 17,c6b5 c8c5 b5f1 c5g5,1898,76,92,1715,crushing interference middlegame short,https://lichess.org/lE6Dnybj#33,English_Opening English_Opening_Anglo-Scandinavian_Defense
WhZSL,6k1/1pbq4/4r1P1/2Pp1RP1/3Pp1Q1/4P3/8/6K1 b - - 0 36,d7g7 f5f7 g7g6 f7c7,1712,83,68,40,crushing endgame interference master short,https://lichess.org/FR876Kek/black#72,
Whd32,2krr3/p5q1/1p1p3p/2p2p2/5B2/P2P1Q2/1PP2P1P/2KR4 b - - 3 22,h6h5 f3a8 c8c7 a8a7 c7c6 a7g7,1712,75,93,1516,crushing endgame exposedKing interference long queensideAttack skewer,https://lichess.org/oxjTLAvb/black#44,
WiH2m,3r2k1/p3q1pp/1p2b1p1/1Q6/4N3/P3P3/1PP2PPP/5RK1 w - - 2 22,e4g5 d8d5 b5c6 d5g5,1628,75,99,1369,advantage endgame interference short,https://lichess.org/fcp6aJhd#43,
Wj7Ph,r1b2r1k/1pq3p1/p7/2bRnpB1/8/N1P4P/PPQ2PP1/4R1K1 b - - 0 22,e5f7 d5c5 c7c5 g5e7 c5c7 e7f8,1815,77,93,1500,advantage fork interference long middlegame sacrifice,https://lichess.org/DH81sZp7/black#44,
WjM7E,6rk/ppr4p/8/4pp2/5p2/3P1Q1P/q1P2PP1/1R4RK w - - 0 28,b1b7 e5e4 d3e4 c7b7,1865,77,88,339,advantage endgame interference intermezzo short,https://lichess.org/hMAXctiv#55,
Wjzdo,r1bqr1k1/p1p3bp/1p1p4/3P1pP1/5Q2/1BN4P/PPP2P2/R4K1R w - - 0 18,b3c4 g7c3 b2c3 e8e4 f4d2 e4c4,1769,79,94,2088,advantage interference long middlegame,https://lichess.org/CezPOzoP#35,Pirc_Defense Pirc_Defense_Kholmov_System
Wk6gk,r1b2rk1/pp3ppp/2pp4/4n1q1/4P3/P1P4P/BP1N1PP1/R2QRK2 b - - 1 16,e5d3 d2f3 g5b5 c3c4 b5b2 d1d3,1651,78,90,107,advantage interference long middlegame,https://lichess.org/RsFgsfHA/black#32,French_Defense French_Defense_Normal_Variation
Wlgdh,r4k2/1p2rp2/p5p1/3pb3/2p4Q/2P1R3/P5PP/7K b - - 3 31,a8e8 e3e5 e7e5 h4h8 f8e7 h8e5,1687,75,88,14032,advantage attraction endgame interference long sacrifice,https://lichess.org/xsoHjBQs/black#62,
Wm7wK,1r6/pPk5/3q1pp1/7p/8/1QP5/4B1PP/4b2K b - - 0 41,d6b6 b3f7 c7d6 f7f6 d6d7 f6f7,1800,74,88,410,crushing endgame exposedKing interference long,https://lichess.org/DWOWrRuT/black#82,
WmR7q,2r2rk1/p4ppp/1p3q2/n2Qp3/6PP/P1P1PN2/1P3P2/1K1R3R w - - 0 21,g4g5 f6f5 b1a2 c8c5 e3e4 f5f3,1880,83,70,36,advantage interference long middlegame,https://lichess.org/6lvReYgI#41,
WmTC7,6k1/2p3pp/r2q1p2/3PR3/1pQ5/8/PP4PP/2R3K1 b - - 0 26,d6e5 d5d6 g8f8 d6c7,1804,77,95,18438,advancedPawn crushing discoveredAttack discoveredCheck endgame interference short,https://lichess.org/oP7BmYFW/black#52,
WmZYc,8/4rpk1/PR3Rp1/7p/r2K3P/6P1/5P2/8 w - - 10 41,d4c5 e7e5 c5c6 g7f6,1750,71,95,18690,crushing endgame interference rookEndgame short,https://lichess.org/hxfECbdv#81,
Wn9VJ,r6r/2p1kppp/bp2p3/2qpP1Q1/5P2/4P3/PPP3PP/R3R1K1 b - - 5 18,f7f6 g5g7 e7e8 g7h8,1626,75,88,452,crushing interference middlegame short,https://lichess.org/NzPahpVT/black#36,Queens_Pawn_Game Queens_Pawn_Game_Chigorin_Variation
WntG4,3r1rk1/pb2ppb1/1p4p1/n1p1Pq2/4NP2/P1PPKN2/1P2B3/R4Q1R w - - 5 22,f3h4 a5c4 e3f2 f5f4,1698,75,89,1062,crushing deflection interference master middlegame short,https://lichess.org/l3tsKJI5#43,
WpWUi,1n4k1/3qr3/pp1p3p/2pP1pp1/2Pb1P2/1P1Q2BP/P5P1/2R2RK1 w - - 1 26,g1h1 e7e3 d3b1 e3g3,1720,188,83,18,equality interference middlegame short,https://lichess.org/TA8ruCDZ#51,
WpXPR,2rqk2r/1b2ppb1/p2p1np1/7p/2p1P3/PN2BP2/NPPQ2PP/2R2RK1 w k - 0 16,b3a5 c4c3 a2c3 d8a5,1603,74,95,15310,crushing interference middlegame short,https://lichess.org/O5kklMwp#31,Sicilian_Defense Sicilian_Defense_Dragon_Variation
Wpzl5,2r1rnk1/pp3p1p/5Pp1/3p4/3q2b1/3B4/PP1Q2PP/R1B2R1K b - - 9 27,g4e2 d2h6 f8e6 d3e2,1749,78,94,1260,crushing interference master middlegame short,https://lichess.org/KCqvKTlO/black#54,
WsEIU,4R3/6p1/5p1p/R2k3P/p5K1/r4r2/8/8 b - - 6 44,d5c4 e8e4 c4b3 g4f3,1723,78,94,1193,crushing endgame interference rookEndgame short,https://lichess.org/OtwkQjTO/black#88,
Wsia0,r5k1/5pp1/p2Bp2p/1p1n2q1/8/Q6P/PP3PP1/3R2K1 b - - 0 26,a8d8 d6e7 d5e7 d1d8,1783,76,88,1504,advantage discoveredAttack endgame fork interference short,https://lichess.org/LAvBW7EA/black#52,
WsmqG,1r1qr1k1/3n1ppp/3Pp3/1Bp2n2/6Q1/8/PPP2PPP/R1BR2K1 w - - 1 17,b5a4 b8b4 g4f3 b4a4,1803,78,92,1961,advantage interference middlegame short,https://lichess.org/XppbGto4#33,Sicilian_Defense Sicilian_Defense_Other_variations
WuBcC,rn2r1k1/p4ppp/2p2q2/1p3n2/3P4/1P1Q1BPP/P1P1NK1R/1R6 w - - 5 24,f2g1 e8e3 d3d2 e3f3,1860,75,69,104,crushing interference middlegame short,https://lichess.org/EHN00YP2#47,
WwL13,2r3k1/5pp1/r3pq1p/1Qn5/4P3/2b2NP1/5PBP/2R2RK1 b - - 3 31,a6c6 e4e5 f6d8 c1c3,1642,79,85,49,advantage interference middlegame short,https://lichess.org/V8mVaCxK/black#62,
WxKNn,6rk/3bq2p/5p2/2p1p2Q/2p1P2N/8/1P3PPP/4R1K1 w - - 2 23,e1d1 d7g4 h5h6 g4d1,1637,74,97,1994,advantage endgame fork interference master short,https://lichess.org/MgS6R80E#45,
WyXTy,2r4r/1b2kpNp/p2p2p1/1q4P1/2p1P2P/2PnBP2/PPKQN3/1R3R2 w - - 1 22,h4h5 b5a4 b2b3 a4a2 c2d1 a2b1,1662,75,97,9667,advantage deflection interference long middlegame,https://lichess.org/HSEvuEm6#43,
Wymm8,3r1r1k/2q2p2/p4R1p/1p2p3/2p5/P1P1P1QP/1P4P1/1B4K1 b - - 0 28,d8d1 g1h2 d1d6 g3e5 d6f6 e5c7,1838,75,88,305,crushing defensiveMove endgame interference long,https://lichess.org/koxQLCSp/black#56,
WzEKA,4r3/1Q1b4/3k3p/B1p5/3nP3/1P3r1P/P1q5/K6R b - - 2 29,c2e4 a5c7 d6e7 b7e4,1819,88,67,38,crushing interference intermezzo middlegame short,https://lichess.org/FpoZZf8G/black#58,
WzvhZ,rnb2k1r/ppp2Bpp/3p1q2/2b1N3/3P4/4K3/PPP3PP/RNBQ3R w - - 0 9,h1f1 f6e5 e3d2 e5d4,1889,80,93,815,advantage deflection interference opening pin short,https://lichess.org/XxWMOWlD#17,Petrovs_Defense Petrovs_Defense_Italian_Variation
X0Y9p,2r5/5pk1/R2p2pp/1p1P4/1P3P2/n5P1/6BP/6K1 b - - 0 28,a3c2 a6c6 c8e8 c6c2,1851,74,96,13339,crushing endgame interference master masterVsMaster short,https://lichess.org/mlFI8beU/black#56,
X1oSA,5rk1/7p/pQ6/5p1R/P1q5/2r3PK/5P2/5R2 w - - 2 34,f1h1 c4g4 h3g2 g4f3 g2h2 f3h5,1783,82,79,33,crushing endgame fork interference long,https://lichess.org/Td3dnFYM#67,
X20E0,rnbQ4/pp3kpp/2p1p3/5p2/2p5/2q2PP1/P3PKBP/R6R w - - 2 17,d8c8 c3d4 e2e3 d4b2 f2g1 b2a1,1898,74,96,11145,advantage interference long middlegame,https://lichess.org/o5SZSTu1#33,Queens_Gambit_Declined Queens_Gambit_Declined_Queens_Knight_Variation
X2gIJ,6rk/1p6/pP1p1pr1/2pP4/4Ppp1/3NRP1q/6RP/5Q1K b - - 0 33,g4f3 e3f3 h3g2 f1g2 g6g2 f3h3 h8g7 h1g2,1865,78,59,113,advantage exposedKing interference middlegame sacrifice veryLong,https://lichess.org/qSBHFNwr/black#66,
X2nk0,r4rk1/pp3ppp/2p1b3/8/3q2n1/1PNP1R2/1P2QPPP/R1B3K1 b - - 1 17,e6b3 f3f4 d4e5 f4g4 e5e2 c3e2,1849,77,93,3178,crushing interference long middlegame,https://lichess.org/3vW9YmzV/black#34,Russian_Game Russian_Game_Italian_Variation
X3kdg,3q1r2/r5bQ/pp1nk1B1/2pbp1p1/P3P3/2P2P2/1P4P1/R2RN1K1 b - - 0 27,d5b3 g6f5 f8f5 e4f5 e6d7 h7g7,1873,108,71,13,advantage interference long middlegame pin,https://lichess.org/Nnn2aVhD/black#54,
X4c34,R4bk1/5p1p/6p1/1p1qr3/1P2p2Q/P7/5P1P/4R1K1 w - - 1 34,a8d8 e5g5 g1f1 d5d8,1763,75,96,1336,advantage endgame interference short,https://lichess.org/YP87jyQR#67,
X4hEC,r2qkb1r/p1p2pp1/1p1p3p/4p3/8/1QPPPN2/PP4PP/R4RK1 b kq - 1 13,f8e7 f3e5 d6e5 b3f7 e8d7 f7d5 d7c8 d5a8,1770,75,88,2190,advantage attackingF2F7 interference middlegame veryLong,https://lichess.org/bOLZ8Ouq/black#26,Four_Knights_Game Four_Knights_Game_Italian_Variation
X5VNQ,1B6/1p2P2R/k1q5/2p5/8/pP2b3/P5RK/8 w - - 3 43,h7g7 c6h6 h2g3 h6g7,1691,229,100,9,crushing endgame interference short,https://lichess.org/bssNiLcZ#85,
X6EjF,r2r2k1/pp2qp1p/2p3p1/8/8/4p1PP/PQ2BPK1/2R4R w - - 0 23,h1f1 d8d2 b2b3 d2e2,1730,76,89,144,advantage interference middlegame short,https://lichess.org/F6J7TCU3#45,
X6HRX,r1b3r1/p3qp1k/2P2p1p/2n1p3/P1B4Q/2P2N2/5PPP/3R1RK1 w - - 2 23,f1e1 g8g4 h4h5 g4c4,1701,78,90,504,advantage interference middlegame short,https://lichess.org/J1wzYX2H#45,
X6Vde,r1b2rk1/1p1p1ppp/p3pq2/4b2R/2P1P3/P3P3/1PQ1BNPP/R5K1 b - - 6 18,e5b2 e4e5 f6g6 c2b2,1610,76,96,26592,advantage interference intermezzo middlegame short,https://lichess.org/5orvJ9jI/black#36,Sicilian_Defense Sicilian_Defense_Kan_Variation
X6i1J,2bq1k1r/8/1p1Npb2/p4p2/P3PQp1/6P1/1P1B2KP/R7 w - - 2 29,e4f5 e6e5 f4e4 d8d6,1707,75,96,2767,advantage interference middlegame short,https://lichess.org/MUAaA5Dw#57,
X9HB5,2rqkb1r/1b3p1p/p4np1/1p2pN2/4P3/P1N2Q2/1PP2PPP/3RR1K1 b k - 1 15,d8b6 f5d6 f8d6 f3f6,1691,88,87,35,advantage discoveredAttack fork interference middlegame short,https://lichess.org/FrD9LpVf/black#30,Sicilian_Defense Sicilian_Defense_Najdorf_Variation
XBE5O,r1bqrk1Q/1pppnp2/p7/2b1n1N1/2B1P3/2N5/PP3PPP/R4RK1 b - - 6 14,e7g8 g5h7 f8e7 h8e5,1760,77,96,2217,epauletteMate interference mate mateIn2 middlegame short,https://lichess.org/sJUieZMh/black#28,Scotch_Game Scotch_Game_Scotch_Gambit
XBzyF,4r1k1/5ppp/p1Q5/4q3/2P5/1P4P1/Pb2PPKP/3R4 b - - 2 23,e5e2 d1d2 e2e1 d2b2,1637,74,96,7697,advantage endgame interference short,https://lichess.org/EDJ1UTsb/black#46,
XCu5Y,8/5pkp/4p1q1/8/p4P2/3r3P/4Q1P1/5R1K b - - 5 50,a4a3 f4f5 e6f5 e2d3,1761,75,95,8310,crushing endgame interference short,https://lichess.org/OCrDmIK9/black#100,
XDhV7,5rk1/7p/p6P/3pqrp1/2p1p1R1/P1P1Q2P/1P4K1/5R2 b - - 1 37,f5f1 g4g5 e5g5 e3g5 g8f7 g2f1,1848,74,95,14941,crushing endgame fork interference long,https://lichess.org/5mgdyaoj/black#74,
XEVNT,rn1qk2r/pQ2bppp/4p3/1b6/3P4/2P5/P4PPP/R1B1K1NR w KQkq - 0 11,b7a8 b5c6 a8a7 c6g2,1682,76,91,2430,advantage interference middlegame short,https://lichess.org/AELbNzRn#21,Caro-Kann_Defense Caro-Kann_Defense_Panov_Attack
XFWQL,r5nr/pb1k1pQp/1p5B/8/3bP3/8/PP3qPP/RN1R3K b - - 1 14,g8h6 d1d4 d7e7 g7e5 e7f8 e5h8 f8e7 h8e5,1856,88,66,26,advantage exposedKing interference middlegame veryLong,https://lichess.org/aBTHKreb/black#28,Sicilian_Defense Sicilian_Defense_Old_Sicilian
XGMoR,2k1r3/1bpn2p1/1p1q1n2/pQ4Bp/P2pP3/5P2/4N1PP/1R3RK1 w - - 0 22,f1d1 e8e5 b5b2 e5g5,1824,74,95,13671,advantage interference master middlegame short,https://lichess.org/H6vfSQiA#43,
XH1ko,4k3/p2q2pQ/1p2p3/3pP3/8/8/P5PP/5K2 b - - 0 25,d5d4 h7g8 e8e7 g8g7 e7d8 g7d7,1769,76,92,408,crushing endgame exposedKing interference long queenEndgame,https://lichess.org/dL2p6LAJ/black#50,
XHGXx,8/6Rp/4r3/7K/1k5P/8/8/8 b - - 1 59,h7h6 g7g6 e6e2 h5h6,1684,77,94,217,crushing endgame interference rookEndgame short,https://lichess.org/M6rojwaZ/black#118,
XIdU5,6rr/kp1q4/2p4n/3pRPp1/3P3p/1QP4P/PP4P1/5RK1 b - - 0 23,h6f7 b3a3 a7b8 e5e7 d7d6 e7f7 d6a3 b2a3,1734,74,95,2272,advantage interference middlegame veryLong,https://lichess.org/6jOW7APV/black#46,
XJiuF,r2r2k1/5ppp/1q6/p3pQ2/2PNp3/4P3/PP3PPP/R3KB1R w KQ - 3 17,d4b3 b6b4 e1e2 b4c4 e2e1 c4b4,1795,78,84,71,advantage interference long middlegame,https://lichess.org/zDtCVwd9#33,Queens_Gambit_Declined Queens_Gambit_Declined_Harrwitz_Attack
XKulU,2k1r1r1/Qp2qpPp/2p5/3b4/2p5/2N2N2/P4PPP/1R4K1 b - - 0 20,d5f3 a7a8 c8d7 b1b7 d7e6 b7e7,1880,106,87,32,crushing deflection interference long middlegame queensideAttack skewer,https://lichess.org/NGGLYaOD/black#40,
XKvkJ,2kr1b1r/ppp2ppp/4p3/2P1P3/3Nq3/1Q2B2P/PP2b1P1/R4RK1 w - - 0 18,d4e2 d8d3 e2c3 e4e3,1631,100,85,28,advantage interference kingsideAttack master middlegame short,https://lichess.org/aoakHrgJ#35,Alekhine_Defense Alekhine_Defense_Four_Pawns_Attack
XLBPa,2kr1r2/1p1qpp2/2n4p/pB2QP2/P2P4/7P/1P6/2R1K1R1 b - - 0 23,d7d4 c1c6 b7c6 b5a6 c8d7 e5d4,1642,76,94,539,crushing interference long master middlegame queensideAttack sacrifice,https://lichess.org/HQws3uVm/black#46,
XLTzQ,r2q2r1/1p2kp1p/p4b2/3p4/B2n2Qp/8/PPP2PP1/2KRR3 b - - 3 21,d4e6 g4b4 d8d6 b4b7 e7f8 b7a8,1651,79,89,117,advantage interference long middlegame,https://lichess.org/WwyXi5i1/black#42,
XLUNa,r3k2r/p5p1/1pn1q2p/1Qp1P2P/N2p1PP1/P7/1P6/2KR3R b kq - 0 26,e8d7 a4c5 b6c5 b5b7 d7d8 b7a8 e6c8 a8c8,1826,75,77,314,crushing exposedKing interference middlegame sacrifice veryLong,https://lichess.org/XVTcvbZF/black#52,
XLbj6,2r5/p3Q3/1p6/3kpp2/8/B2n1P1P/P1q3PK/8 b - - 0 37,d3f4 e7d7 d5c4 d7c8,1720,190,100,35,advantage endgame interference short,https://lichess.org/G2BWKsrA/black#74,
XNHVT,r1b2r1k/p6p/2p2qp1/1p1n1N2/3P4/2P3Q1/P1B2PPP/R4RK1 w - - 1 21,f5d6 d5f4 f1e1 f6d6,1671,94,89,28,advantage interference middlegame short,https://lichess.org/nm7hPCzI#41,
XNLla,5k2/R5R1/6pp/2K3r1/4r3/P6P/1PP5/8 w - - 5 32,c5b6 e4e6 b6c7 f8g7,1746,77,93,910,advantage endgame interference rookEndgame short,https://lichess.org/o6uvQsxV#63,
XOI9B,r4k2/ppb3p1/8/3P4/4b1p1/2N5/PP3P1q/R2QRK2 w - - 0 23,c3e4 h2h1 f1e2 h1e4 e2f1 e4h1,1743,75,100,120,crushing interference long middlegame,https://lichess.org/ytIzcmc5#45,
XOJ7m,6k1/ppp3pp/2np1p2/6q1/2PP4/P3rP2/7P/R1Q2R1K b - - 1 24,c6d4 f3f4 g5g6 c1e3,1669,79,73,69,crushing endgame interference short,https://lichess.org/uil1au74/black#48,
XOcHK,1k2b3/ppp2p2/1r4p1/3pN2r/3P3p/q1P2Q1P/PP1R1PP1/1K3R2 w - - 4 24,e5f7 h5f5 f3e3 e8f7,1766,89,69,38,advantage interference intermezzo middlegame pin short,https://lichess.org/yNHV0usn#47,
XPUl6,r3kb1r/pp3ppp/n3pn2/qNpp1b2/3P1B2/3BPN2/PPP2PPP/R2QK2R w KQkq - 4 8,c2c3 f5d3 d1d3 c5c4 d3e2 a5b5,1600,78,94,13636,advantage interference long middlegame,https://lichess.org/KFivr9PJ#15,Queens_Pawn_Game Queens_Pawn_Game_Symmetrical_Variation
XQE5b,r2k3r/1p6/1q2pQ1p/3pP3/p7/P3P3/1P1N2PP/5RK1 b - - 0 23,d8c7 f1c1 c7b8 f6h8,1824,75,80,105,crushing endgame interference short,https://lichess.org/7fbqHUbM/black#46,
XQqSZ,6r1/2k5/7p/1PPppp2/8/3K4/1R4PP/8 w - - 2 31,h2h3 g8g3 d3e2 g3g2,1642,79,88,103,crushing endgame interference rookEndgame short,https://lichess.org/kqXev3Om#61,
XR4CP,r1br2k1/p1p2p1p/2p1p3/b2q2p1/Q1pP4/B1P1P1P1/P3NP1P/1R2R1K1 b - - 3 15,c8d7 e3e4 c6c5 a4a5,1774,75,91,2819,crushing interference middlegame short,https://lichess.org/yvcaOqbA/black#30,Nimzo-Indian_Defense Nimzo-Indian_Defense_Romanishin_Variation
XRKsx,1r3rk1/6p1/1p2p2p/p2pP3/q4P2/2PPQ2P/P5P1/1R3RK1 w - - 4 26,b1b6 d5d4 c3d4 b8b6,1820,75,87,114,crushing endgame interference intermezzo short,https://lichess.org/jDaCMkqg#51,
XRkh3,2r1kb2/p4p2/1p2p2p/3qr3/1P6/2P4Q/P2B1RPP/R5K1 w - - 0 25,d2h6 e5h5 h3g4 h5h6,1766,121,22,18,advantage interference middlegame short,https://lichess.org/9KmNm4ds#49,
XRtQK,r1bqk2r/pp3ppp/4p3/5nN1/2PPp3/8/PP1Q1PPP/R3KB1R w KQkq - 2 12,e1c1 e4e3 f2e3 d8g5 e3e4 g5d2,1618,75,92,1434,advantage interference long middlegame,https://lichess.org/VR1yi8vk#23,Caro-Kann_Defense Caro-Kann_Defense_Panov_Attack
XSkBt,3r1rk1/p3q2p/1p1p2p1/2PP1p2/2PQnR2/2B1P1P1/P5KP/5R2 b - - 0 28,b6c5 d4h8 g8f7 h8h7,1765,77,72,58,crushing deflection interference kingsideAttack middlegame short,https://lichess.org/HYVXtTYs/black#56,
XUC5X,r4rk1/pp3ppp/3p4/q4b2/2P1p3/P6P/1PP1Q1P1/2KR2NR b - - 0 14,a8d8 d1d5 a5a6 d5f5,1622,75,96,2493,advantage interference middlegame short,https://lichess.org/2lqmEWLP/black#28,Vienna_Game Vienna_Game_Vienna_Gambit
XUnkd,1qrb2k1/6pp/R2p1p2/3P4/4P3/3Q1PBP/1r4P1/R5K1 w - - 1 31,g3d6 d8b6 g1h1 b8d6,1686,75,91,1407,advantage interference intermezzo middlegame short,https://lichess.org/h0CjfvOj#61,
XW16E,3r3r/b1p2pk1/p3q2p/1p6/1P3RPQ/P1N4P/2p3P1/4R2K b - - 1 30,e6c6 f4f7 g7f7 h4e7 f7g8 e7d8,1826,82,85,53,advantage attraction interference long middlegame sacrifice,https://lichess.org/KYBH4jjW/black#60,
XWAyZ,1r2nrk1/p4ppp/1q6/2p1P3/4Q2P/2N2P2/PPP5/2KR3R w - - 1 20,c3a4 b6h6 c1b1 b8b4 c2c4 b4a4,1869,74,88,916,advantage clearance interference long middlegame,https://lichess.org/iyULE8lQ#39,
XYxAu,6r1/1ppk4/1p2p3/nP1p4/P2PP3/4KP2/2R3Pr/2R5 b - - 1 32,h2g2 c2c7 d7e8 c7c8 e8e7 c1c7 e7f6 e4e5 f6f5 c7f7 f5g6 c8g8 g6f7 g8g2,1635,76,96,8483,crushing endgame interference skewer veryLong,https://lichess.org/shvXvo0t/black#64,
XZORf,r3kbnr/pp3ppp/4p3/q1Ppn3/8/2N1B3/PPP1BPPP/R2QK2R b KQkq - 3 10,f8c5 e2b5 e5c6 e3c5,1610,76,93,2192,crushing interference intermezzo opening short,https://lichess.org/FSV7iJWo/black#20,Caro-Kann_Defense Caro-Kann_Defense_Other_variations
XZPb3,8/7r/8/4K1k1/7p/5R2/6P1/8 b - - 3 57,h4h3 f3g3 g5h5 g3h3 h5g6 h3h7,1643,74,81,1145,crushing endgame interference long rookEndgame,https://lichess.org/3IhS3M72/black#114,
Xbd01,8/8/p4rk1/3Q4/2Pp3P/1P1K4/7r/8 w - - 5 59,d5d4 f6f3 d3e4 h2h4 e4f3 h4d4,1683,78,79,51,crushing endgame interference long queenRookEndgame skewer,https://lichess.org/R8JasIkn#117,
XdFfK,3r4/1p1k4/2q2bQ1/p1B5/PP6/2P4P/8/5RK1 w - - 1 38,g6f6 d8g8 g1f2 c6f6,1833,76,77,1880,crushing endgame interference intermezzo short,https://lichess.org/BUhi4tVn#75,
XdtKZ,3r1qk1/2p2pp1/p6p/1b1Q4/3P4/4PPP1/PP4P1/R3K2R w KQ - 1 24,d5f5 f8b4 e1f2 b4b2 f2g1 b2a1,1798,76,99,1475,advantage endgame exposedKing interference long,https://lichess.org/d7BHezBX#47,
XeTI8,8/8/5pk1/7p/6pP/4RKP1/r4P2/8 w - - 0 48,f3f4 a2f2 f4e4 f6f5 e4e5 f2f3 e3e2 f3g3,1767,75,88,238,crushing endgame interference rookEndgame veryLong,https://lichess.org/sMX6dp5s#95,
XecGa,6rk/1p3R1p/p2p4/3P4/4q3/2Q5/PP4rP/5R1K b - - 1 26,e4e5 f7h7 h8h7 c3h3 h7g6 h3g2,1806,76,97,779,attraction crushing endgame interference long pin sacrifice,https://lichess.org/fGfnyAsT/black#52,
Xf3pi,3r1rk1/ppp2ppp/6b1/2P5/2n2QPq/P1P4P/1P3P1K/RNB2R2 w - - 0 17,f4c4 g6d3 c4f4 d3f1,1621,75,59,302,advantage fork interference middlegame short,https://lichess.org/TYqgjGM2#33,Bishops_Opening Bishops_Opening_Berlin_Defense
XfXSg,7k/6b1/p5Q1/1p2P1P1/2p3K1/2P5/PPB1q3/8 w - - 6 52,g4f4 g7e5 f4f5 e2c2 f5e6 c2g6,1792,75,99,208,crushing deflection endgame interference long skewer,https://lichess.org/muhfFkjH#103,
XhzpH,rn1qk2r/pp3N2/2pbpn1p/3p2p1/3P1B1N/3QP3/PPP2PPP/R3K2R b KQkq - 0 11,e8f7 d3g6 f7e7 g6g7 e7e8 g7h8,1721,76,91,1719,crushing interference long middlegame,https://lichess.org/fmYDPD0g/black#22,Indian_Defense Indian_Defense_Other_variations
XiKJc,8/1p2r3/7p/r1pkPpp1/pR1b4/P1N3PP/1P4K1/3R4 b - - 1 38,d5e5 d1e1 e5d6 b4b6 d6d7 b6b7,1633,153,85,31,crushing endgame interference long,https://lichess.org/ii6InpVh/black#76,
XjHgE,r2q1rk1/p1p2p2/2p2n1p/2b2bp1/3p4/3B2B1/PPP2PPP/RN1QR1K1 b - - 3 13,d8d7 d3f5 d7f5 e1e5 f5g6 e5c5,1617,77,93,758,crushing interference long middlegame,https://lichess.org/rS79GC73/black#26,Scotch_Game Scotch_Game_Haxo_Gambit
XjPjv,1k1r4/p2p2pp/1P3n2/4r3/Q2R1B2/2q5/P4P1P/2KR4 w - - 0 26,a4c2 c3a1 c1d2 a1d4,1620,79,96,18861,crushing interference master middlegame queensideAttack short,https://lichess.org/l0McFyqv#51,
XjtCi,8/2p5/1p4K1/p2pk3/6P1/8/PP4P1/8 w - - 0 36,g6h6 d5d4 g4g5 d4d3 g5g6 d3d2 g6g7 d2d1q g7g8q d1h1 h6g6 h1g2,1752,99,80,24,advancedPawn crushing endgame interference pawnEndgame promotion quietMove veryLong,https://lichess.org/YvcinwKA#71,
Xk1AE,rn3rk1/2p1b1pp/1p2p3/pQ1pN2q/P2PpP2/2P1P3/1P4PP/R1B2RK1 w - - 1 19,e5d7 c7c6 b5b6 b8d7,1820,75,87,91,advantage interference middlegame short,https://lichess.org/CrDX4rX7#37,Dutch_Defense Dutch_Defense_Other_variations
Xk5ES,3r2r1/2Q2p2/p1p1pP1p/P3k2P/N1P5/1P4q1/6P1/3R2K1 b - - 7 37,e5f6 d1f1 f6g5 c7g3,1873,87,74,48,crushing endgame interference master short,https://lichess.org/PPqQZjQ4/black#74,
Xkl64,rn2k2r/pb1q1p1p/1p2pp2/8/1P2PQ2/5N2/P4PPP/2R2RK1 b kq - 2 16,d7e7 c1c7 e7d8 c7b7,1628,76,95,28887,advantage interference middlegame short,https://lichess.org/FHTl4ECQ/black#32,Sicilian_Defense Sicilian_Defense_Smith-Morra_Gambit_Deferred
XkzLY,2Rb4/4k3/4P3/1p1q4/3P1P2/2P3Pp/4Q2P/6K1 w - - 0 41,g1f1 d5h1 f1f2 h1h2 f2e1 h2e2 e1e2 h3h2,1810,88,73,63,advancedPawn advantage endgame exposedKing interference veryLong,https://lichess.org/0FP2SPNm#81,
Xm0xp,8/1kp2p2/3r1p2/p1p1pR2/P1P1P1rP/1P6/4K2P/5R2 w - - 1 29,f5f6 g4e4 e2f3 d6f6 f3e4 f6f1,1742,76,96,10469,crushing endgame exposedKing interference intermezzo long rookEndgame skewer,https://lichess.org/hmT1v5N5#57,
Xm1mR,r1b1k2r/p1q1b1pp/8/2p1N3/3p4/P7/1BP1QPPP/4R1K1 b kq - 0 21,e8g8 e2c4 g8h8 e5f7 f8f7 c4f7 c8d7 e1e7,1711,76,71,82,advantage capturingDefender interference kingsideAttack middlegame veryLong,https://lichess.org/dOSH6rq7/black#42,
Xm4V8,1r3k2/2q4p/3p2pP/2pBppQ1/1r6/1P1P2P1/4nPK1/1RR5 b - - 1 38,e2c1 g5f6 f8e8 f6h8 e8d7 h8h7,1791,75,95,1845,crushing exposedKing interference long middlegame,https://lichess.org/7A9ZRkfQ/black#76,
XoBpS,5Q2/pp6/5k2/P4p2/7P/4PqPK/5P2/3r4 b - - 8 53,f6e5 f8e7 e5d5 e7b7 d5c5 b7f3,1740,75,91,2367,crushing endgame interference long skewer,https://lichess.org/zOzK8xtg/black#106,
XqjPR,r5k1/5ppp/b4q2/3P1P2/4PN2/P1rB4/1Q4PP/4R1K1 b - - 4 28,a6d3 e4e5 f6e7 b2c3 e7a7 g1h1,1827,75,89,474,advantage defensiveMove interference long middlegame,https://lichess.org/XpyB0Bqv/black#56,
XrF23,r3r1k1/ppp2pp1/7p/5b1n/2P5/q1N2P2/PQ2BP1P/K2R3R b - - 1 18,a3c5 d1d5 c5f2 d5f5,1624,75,96,23576,advantage interference middlegame short,https://lichess.org/3IN01hkR/black#36,Nimzo-Larsen_Attack Nimzo-Larsen_Attack_Modern_Variation
XrP8o,3rr1k1/1p3pp1/2p2q2/5Bp1/1b1p4/4P1RQ/4KP1P/6R1 b - - 1 28,d4e3 h3h7 g8f8 h7h8 f8e7 g3e3 e7d6 e3e8 f6e5 e8e5,1869,77,99,201,advantage deflection interference middlegame veryLong,https://lichess.org/2qRLDzRR/black#56,
XsVNd,r5k1/1pp3pp/p1p4r/5b1q/2N1R1n1/3P2B1/PPPN1PP1/R2Q1K2 w - - 5 17,e4g4 h5h1 f1e2 f5g4,1829,75,95,7119,advantage interference intermezzo middlegame short,https://lichess.org/MqunoOM5#33,Ruy_Lopez Ruy_Lopez_Schliemann_Defense
XsXCL,2k4r/pp3p1p/4bB2/7Q/3pq3/2P5/P1P3KP/1R3R2 w - - 0 21,h5f3 h8g8 g2f2 e4c2 f2e1 c2b1,1868,95,78,46,crushing interference long middlegame,https://lichess.org/H2Leyafj#41,
Xsb0c,1r5r/6kp/3p2p1/8/1p2PPP1/2q5/2P2QK1/7R b - - 2 40,b4b3 f2a7 g7g8 a7b8,1685,76,94,12127,advantage endgame interference short,https://lichess.org/Z9h78BiF/black#80,
XsbSy,r1b2rk1/pp3ppp/2n5/3p2Q1/4q3/8/PPP1B1PP/RNBK1R2 w - - 7 16,e2d3 c8g4 d1d2 e4g2,1665,88,32,43,crushing interference opening short,https://lichess.org/oDsIgS5n#31,French_Defense French_Defense_Knight_Variation
Xt9yc,r1bq4/ppp2kpp/8/2b5/2P5/4rN2/PP2N1PP/R2Q1RK1 b - - 0 13,e3d3 f3d4 f7g8 d1d3,1715,76,93,926,advantage discoveredAttack discoveredCheck interference middlegame short,https://lichess.org/euhLtFux/black#26,Scandinavian_Defense Scandinavian_Defense_Icelandic-Palme_Gambit
XtZ3s,8/4P3/3K1k2/2RP4/7p/5P2/b2r2P1/8 b - - 0 53,d2e2 c5c2 e2e7 c2a2,1758,125,33,11,crushing endgame interference master masterVsMaster short,https://lichess.org/wgMmyJwy/black#106,
Xtkug,1k4r1/1b3p2/pp5q/2p5/2P5/1Q2PRPp/7P/5RK1 w - - 5 36,f3f6 g8g3 h2g3 h3h2 g1f2 h6f6,1643,77,74,629,advancedPawn crushing endgame interference long sacrifice,https://lichess.org/MjXUe8DH#71,
XwGfZ,1rbr2k1/5ppp/p2qpn2/1B6/Q1pP4/2N1P1P1/PP3P1P/R4RK1 w - - 0 16,b5c4 b8b4 a4a3 b4c4 a3d6 d8d6,1634,74,95,26068,advantage interference long master middlegame,https://lichess.org/NjShLhwP#31,Catalan_Opening Catalan_Opening_Other_variations
XwamM,r4rk1/pp3ppp/1q6/8/3p2Pb/P2PB2P/1P1K2B1/R2Q1R2 w - - 0 20,e3g1 b6b2 d1c2 h4g5 d2d1 b2a1,1633,75,96,6442,advantage interference long middlegame,https://lichess.org/4AcepMHM#39,
XxQSP,3r1rk1/1b3qpp/p3p3/1p2P1R1/2p1Nn2/PP1PQ3/1P6/1K4R1 b - - 5 26,g7g6 e4f6 g8h8 e3f4,1642,134,100,36,equality interference middlegame short,https://lichess.org/a5gVNMvM/black#52,
Xxbdd,rnr4k/p4ppb/7p/3q4/1Q1N4/4B1P1/PP1KPP1P/3R3R w - - 0 23,b4b5 c8c2 d2e1 d5h1,1643,75,97,19132,interference mate mateIn2 middlegame pin short,https://lichess.org/3xfAN6c0#45,
XxdUE,5r1k/6bp/6p1/p1RQ4/5PnP/8/Pq1B4/5RK1 w - - 0 28,c5a5 g7d4 g1h1 b2d2,1656,75,73,109,crushing interference middlegame short,https://lichess.org/ANRi0Gve#55,
XyBIk,3r1r1k/p3Npb1/1p2b2p/2Q1P2P/1P3Bn1/q5P1/P3P1B1/R4RK1 w - - 0 21,c5c7 d8d7 c7c6 d7e7,1845,76,87,659,advantage interference master middlegame short,https://lichess.org/K5UtOBcU#41,
Xyg9M,7Q/p1p1kpp1/4p2p/1B1p4/3P4/2q5/P4PbP/R3K1R1 w Q - 0 17,e1e2 g2f3 e2f1 c3a1,1693,77,97,2480,endgame interference mate mateIn2 short,https://lichess.org/UfBCm7bl#33,Queens_Gambit_Declined Queens_Gambit_Declined_Marshall_Defense
XzlNo,r1b1kb1r/5ppp/p1pp4/4p3/4q3/P5B1/1PP1BPPP/1R1QK2R b Kkq - 1 17,e4g2 e2f3 g2h3 f3c6 c8d7 c6a8,1606,75,89,158,advantage fork interference long middlegame,https://lichess.org/neNBaww8/black#34,Sicilian_Defense Sicilian_Defense_Open
Y07Ek,8/1R5P/3K4/7r/1Ppk4/8/8/8 w - - 3 69,b7c7 h5h6 d6d7 h6h7 d7c6 h7c7,1811,77,93,770,crushing endgame interference long rookEndgame,https://lichess.org/OFTT2gBp#137,
Y0n61,2b2qk1/1pp1brp1/p1n3Q1/4p3/4N3/2P1B2P/PP3PPN/3R2K1 w - - 1 24,e3g5 c8f5 g6h5 f5e4,1687,75,94,1989,advantage interference middlegame short,https://lichess.org/su6mfIZ8#47,
Y0syf,r4bk1/2r2p2/4p1p1/8/1PBPP3/2KQBP2/qP3P2/2R4R w - - 9 32,c1a1 f8b4 c3c2 c7c4 c2d1 a2a1,1754,75,81,84,crushing deflection interference long middlegame pin,https://lichess.org/MuGdeUJ0#63,
Y1KQW,8/8/8/2p1r1p1/2k1P3/4K3/8/3R4 b - - 3 46,c4c3 d1d5 e5e7 d5c5,1726,75,94,462,advantage endgame interference rookEndgame short,https://lichess.org/XDYplkZV/black#92,
Y1RRf,r2qk2r/pp3pp1/2p1p2p/8/3bQPN1/3B4/P1P2P1K/R5R1 w kq - 2 27,a1b1 d8h4 h2g2 h4g4 g2f1 g4h3,1611,76,78,63,advantage exposedKing interference long middlegame,https://lichess.org/6CaL9MnF#53,
Y3N6G,r1b1kb1r/pp2nppp/1q2p3/n1ppP3/3P4/N1P2N2/1P3PPP/R1BQKB1R b KQkq - 1 8,a5b3 f1b5 e7c6 d1b3,1716,76,86,81,advantage interference opening short,https://lichess.org/b67683dn/black#16,French_Defense French_Defense_Advance_Variation
Y3Vnu,N1b2bnr/pp3ppp/5k2/8/8/5N2/PqP1PPPP/R2QKB1R w KQ - 1 10,a8c7 f8b4 f3d2 b4d2 e1d2 b2d4 d2c1 d4a1,1891,95,80,45,advantage attraction interference opening veryLong,https://lichess.org/B2MuXXyJ#19,Queens_Pawn_Game Queens_Pawn_Game_Accelerated_London_System
Y4Xkx,5q1k/pp4p1/6Qp/3p4/3P4/P1PB1r1P/1P4K1/8 b - - 3 37,f3f2 g2g1 h8g8 g6h7 g8f7 g1f2,1813,93,82,27,crushing defensiveMove endgame interference long,https://lichess.org/Y22WwQSl/black#74,
Y5f2Y,r4rk1/5pp1/p2P3p/1pq1n3/2p1P1P1/2P2P2/6QB/3RR2K b - - 4 30,a8d8 d1d5 c5a3 h2e5,1714,74,87,999,crushing interference middlegame short,https://lichess.org/pblwkOyP/black#60,
Y6rij,3rr1k1/2q3p1/5p1p/p1p2P2/PpPpB3/1P1P2P1/4QK1P/4R3 b - - 0 29,h6h5 e4d5 g8f8 e2h5 e8e1 h5h8 f8e7 h8g7 e7d6 g7f6,1886,75,93,3946,crushing deflection endgame interference kingsideAttack sacrifice veryLong,https://lichess.org/wNsYOejz/black#58,
Y81DL,1k2r1r1/ppp4p/1q1n4/3P1p2/1P3R1P/2N2Q2/P1P3PK/5R2 w - - 1 24,a2a4 e8e3 f3f2 e3c3,1699,75,94,1743,advantage interference middlegame short,https://lichess.org/0SuC1pym#47,
Y9PCl,1rbr2k1/1nq2pbp/BNp1p1p1/p2p4/4P3/BP2Q3/P1P2PPP/3R1RK1 w - - 0 19,c2c4 d5d4 e3g3 c7b6 g3b8 b6a6,1841,77,92,2254,advantage interference long middlegame,https://lichess.org/bhaIBYew#37,Sicilian_Defense Sicilian_Defense_Modern_Variations
YApst,k7/1p4pp/p3p3/3n4/P1Nb4/1q4PP/4QPK1/6R1 w - - 0 32,g1d1 d5c3 d1d3 b3c4,1859,77,93,1250,advantage endgame fork interference short,https://lichess.org/iTU009Gn#63,
YAzVu,r6r/4p1k1/3p1pp1/1PpP4/P1P1qP2/1Q4B1/1KP2P2/3R4 b - - 4 30,h8h1 f2f3 e4e2 d1h1,1823,78,92,200,crushing endgame interference short,https://lichess.org/jupihrM2/black#60,
YCTFP,r5k1/1q4p1/4pP2/ppPr2N1/3P4/P7/4Q2P/3R1K2 b - - 0 29,g7f6 e2e6 g8g7 c5c6 b7c7 e6d5,1844,75,97,598,crushing endgame interference long,https://lichess.org/KWALnP63/black#58,
YD7V5,2rq3r/3n1k2/p4ppB/b1p1p1P1/8/P1p5/1PP1NQ1P/1K1R4 b - - 1 25,d8e7 d1d7 e7d7 f2f6 f7e8 f6h8,1769,75,46,111,advantage deflection interference long middlegame pin,https://lichess.org/ejYUwKR4/black#50,
YDDU6,1R2nk2/2p1q3/2Pp4/p2PpQ1p/2K1Ppp1/3B4/6rP/8 b - - 3 39,e7f7 b8e8 f8e8 f5c8 e8e7 c8c7,1880,75,91,1505,attraction crushing endgame exposedKing interference long pin sacrifice,https://lichess.org/oOaaWjSN/black#78,
YDslG,6k1/4qppp/1p6/3P4/1nQ5/r3P3/r4PPP/3R1RK1 b - - 6 29,h7h6 d5d6 e7d7 c4b4,1765,78,93,2067,advantage interference middlegame short,https://lichess.org/EgsI8BYF/black#58,
YEHiv,2kr3r/1pp3p1/p7/3PPp2/q3pP1p/4B2P/2K1Q1P1/3R2R1 w - - 1 32,c2c3 a4a3 c3d2 d8d5 d2e1 d5d1,1834,75,97,124,crushing exposedKing interference long middlegame,https://lichess.org/qFQxQ8wC#63,
YGcwG,2kr3r/ppp2pp1/2p1b2p/8/4P3/2NPb2P/PPP1B1q1/R2KQR2 b - - 1 14,g2h3 f1f3 h3h5 f3e3,1699,76,87,793,advantage interference middlegame short,https://lichess.org/4s8xj88I/black#28,Russian_Game Russian_Game_Stafford_Gambit
YGjU1,2r1k1r1/8/p2b2q1/4pR1p/P3P3/1P1p4/3P1QPP/5R1K b - - 3 28,h5h4 f5f6 g6h7 f6d6,1844,79,92,639,advantage interference middlegame short,https://lichess.org/s0okq5pZ/black#56,
YGkZh,r6r/4kp2/p1p1p2p/1P1pP1p1/3Pb3/1q4PP/R4QPK/4N3 b - - 0 27,a6b5 f2f6 e7d7 f6f7 d7d8 a2a8,1633,104,50,14,deflection interference long mate mateIn3 middlegame,https://lichess.org/DV10iGg2/black#54,
YHJLJ,5r1k/6pp/3p3q/N2Pp3/4Pb2/8/P5PP/1R2Q2K w - - 1 29,g2g3 f4d2 e1e2 d2a5,1768,73,95,11969,advantage endgame interference short,https://lichess.org/Pil3sG7D#57,
YHe9H,r2q1rk1/pp3pp1/1b2p2p/4Pb2/2Ppn3/3BPN2/PBQ3PP/R4RK1 w - - 0 17,d3e4 d4d3 c2f2 f5e4,1717,76,93,2378,advantage interference intermezzo master middlegame short,https://lichess.org/5gBTLXBC#33,Slav_Defense Slav_Defense_Quiet_Variation
YILn5,r3k2r/ppq1bppp/4P3/2pR4/8/N5P1/PBQ1PP1P/6K1 b kq - 0 18,e8g8 d5d7 c7c6 d7e7,1805,79,93,1066,advantage interference master middlegame short,https://lichess.org/sYNBiT0D/black#36,Catalan_Opening Catalan_Opening_Open_Defense
YIdt1,5rk1/8/p1b2qB1/1p1p4/1PpP4/6QP/P5PK/8 b - - 0 43,f6f4 g6f7 g8f7 g3f4,1734,75,96,22886,advantage attraction discoveredCheck doubleCheck endgame interference master short,https://lichess.org/TJIZUTZF/black#86,
YJq9V,rn1qkbnr/pQ2pppp/8/1bp5/8/4P3/PP1P1PPP/RNB1K1NR w KQkq - 0 7,b7a8 b5c6 a8a7 c6g2,1689,75,91,191,advantage interference opening short,https://lichess.org/pIySbL07#13,Vant_Kruijs_Opening Vant_Kruijs_Opening_Other_variations
YKIDh,r6r/1bqn1k2/p3N1pp/3p3Q/1b2PP1P/2NP4/1P3B2/2KR3R b - - 0 22,f7e6 h5g6 e6e7 g6g7 e7d8 g7h8,1895,76,95,669,advantage interference long middlegame,https://lichess.org/42Pny4OI/black#44,
YKNuW,2rr2k1/p4p1p/1pq1pp2/2p5/P1PPb3/4Q1P1/1B3P1P/2R1R1K1 b - - 1 22,e4h1 d4d5 e6d5 g1h1 d5d4 e3e4,1743,79,58,62,advantage interference long master middlegame trappedPiece,https://lichess.org/87lGtiup/black#44,
YKazz,r1b1k2r/ppp2pp1/3b4/3pn2B/3P4/4P3/PPP3Pq/RNBQ1RK1 w kq - 0 11,g1h2 e5f3 h2h1 h8h5,1746,77,96,5848,discoveredCheck doubleCheck interference mate mateIn2 opening pin short,https://lichess.org/4KWupKH6#21,Vant_Kruijs_Opening Vant_Kruijs_Opening_Other_variations
YMaop,r5k1/p4p1p/1p4pP/3r4/3p1qP1/1Q3B2/1P1K4/R6R w - - 2 32,d2c2 d4d3 c2b1 f4f3,1690,74,83,116,advantage interference middlegame short,https://lichess.org/fkel3du3#63,
YMusA,6kr/p1R5/1pb3r1/2p5/P1P2p2/1P5P/5PP1/4R1K1 b - - 5 35,f4f3 c7c8 g8g7 e1e7 g7f6 c8c6 f6e7 c6g6,1768,74,89,153,crushing deflection endgame exposedKing interference skewer veryLong,https://lichess.org/eIoHswSJ/black#70,
YPOjy,r4k2/2q3pQ/p1bbpr2/8/2p2P2/P1B4R/2P3PP/4R1K1 b - - 3 26,f6f4 h7h8 f8e7 h8g7 e7d8 h3h8,1639,76,94,1352,advantage deflection interference long middlegame,https://lichess.org/PU0KyBlR/black#52,
YPY3c,r3r1k1/1pp2pp1/1pnq3p/4p3/2P3b1/PP1P1N2/2Q1BPPP/R4RK1 b - - 2 15,a8a3 c4c5 d6g6 a1a3,1784,75,87,238,advantage interference intermezzo middlegame short,https://lichess.org/LYJEa0Zn/black#30,Three_Knights_Opening Three_Knights_Opening_Other_variations
YPgX3,8/ppR5/6k1/3PPp1p/3PnPr1/P4K2/1B4P1/8 w - - 1 40,c7c2 g4g3 f3e2 g3g2 e2d3 g2c2 d3c2 h5h4,1616,80,94,25495,crushing defensiveMove deflection endgame interference veryLong,https://lichess.org/kY4EFK44#79,
YQMVw,r7/pp1Q3p/1k1Bp1p1/3pPn2/7P/P1qBK1R1/5PP1/8 w - - 2 25,e3f4 c3d4 f4f3 d4d3,1701,76,93,1036,advantage interference middlegame short,https://lichess.org/elLvfDvL#49,
YQkr7,5k2/1p3pp1/2p1p2p/4P2P/2Pq2P1/pP3P2/P3Q3/2K5 w - - 4 33,e2d2 d4a1 c1c2 a1a2 c2c3 a2d2,1731,75,94,3293,crushing endgame exposedKing interference long queenEndgame queensideAttack,https://lichess.org/zObUNzTw#65,
YTFg9,1br1r1k1/5p2/p7/1pNp2Pp/1P1Pp1Q1/P3P2P/5KPq/2R2R2 w - - 0 33,g4h5 b8g3 f2e2 h2g2 e2d1 g2f1,1698,75,77,156,crushing deflection interference long middlegame,https://lichess.org/S7gaix8T#65,
YTJ8W,4k2r/2p2pp1/2p4p/2B1p3/1Pb1P1P1/P2r3P/4K3/R1R5 b k - 3 26,c4b5 a3a4 b5a6 b4b5 c6b5 e2d3,1728,75,99,866,advantage endgame interference long,https://lichess.org/zm5jiMFt/black#52,
YTlgZ,r2qr3/1ppb1kp1/p1n2n2/6P1/7Q/P2B1P1P/1P6/R3R1K1 b - - 0 28,e8h8 g5g6 f7f8 h4h8 f6g8 d3c4,1701,75,93,1427,advantage interference long middlegame,https://lichess.org/ppSt3BHk/black#56,
YU4SB,8/5pkp/p4rp1/2p5/3q4/3b1BQP/Pn1B2P1/2R2KNR w - - 2 27,g1e2 d3e2 f1e2 d4d3 e2e1 f6e6 e1f2 d3d2 f2g1 d2c1,1759,75,80,291,advantage attraction deflection interference middlegame pin veryLong,https://lichess.org/lbxIWhUZ#53,
YUJXc,r5k1/pp2n1p1/2p1q2p/4P3/1P1PQ2P/P7/2BB1rRK/8 b - - 1 33,a8f8 e4h7 g8f7 g2f2,1713,75,97,796,advantage interference middlegame short,https://lichess.org/r5MaIARU/black#66,
YUYa5,3n1N2/5pq1/3kp3/p2p4/8/P2Q2P1/5PKP/8 w - - 6 36,f8h7 f7f5 d3d2 g7h7,1778,75,89,1648,crushing endgame interference quietMove short trappedPiece,https://lichess.org/2IgOgf2s#71,
YVNL9,rn1qk2r/pQp2ppp/3b1n2/4p3/2b5/P2P3N/1PP2PPP/RNB1K2R w KQkq - 0 9,b7a8 c4d5 a8a7 d5g2 h1g1 g2h3,1664,78,38,42,advantage fork interference long opening,https://lichess.org/lUoGTVSn#17,Bishops_Opening Bishops_Opening_Berlin_Defense
YWReq,2kr4/pp4q1/2p1p3/2Pp1p1p/3P1P1b/P3P2P/1P4KN/R2QB3 w - - 1 24,g2f3 d8g8 d1d2 h4e1 a1e1 g7g3 f3e2 g3h2,1792,76,92,2675,advantage interference middlegame quietMove veryLong,https://lichess.org/YUPulh9T#47,
YXY73,3r2k1/pppr1pbp/5np1/4qN2/8/2P1P2P/PPQ1BPP1/R4RK1 w - - 0 17,f5g7 d7d2 c2b3 d2e2,1601,77,90,1682,advantage interference middlegame short,https://lichess.org/u9HEoVpk#33,East_Indian_Defense East_Indian_Defense_Other_variations
YY2dd,6k1/q6p/r3p1pP/8/8/8/pQ3PP1/R5K1 b - - 1 38,g8f8 b2h8 f8e7 h8h7,1744,74,82,244,crushing endgame interference master short,https://lichess.org/tILirfR7/black#76,
YZVXe,r2q1rk1/ppp2p1p/4b1pQ/4p3/1nP1P3/2N2N1P/PP3PP1/R3KB1R w KQ - 1 14,f3g5 b4c2 e1e2 e6c4 e2f3 d8f6 f3g4 f6f4,1711,84,94,2466,fork interference mate mateIn4 opening veryLong,https://lichess.org/RJJjnaA5#27,Kings_Indian_Defense Kings_Indian_Defense_Larsen_Variation
Ya3lw,2kr3r/Qp2q3/2p1p3/7p/6p1/3PnNPB/2P1P3/1R5K b - - 0 25,e3f5 a7a8 c8d7 b1b7 d7e8 b7e7,1726,74,90,2241,advantage deflection interference long middlegame queensideAttack skewer,https://lichess.org/kJ2GCYUw/black#50,
YaMoJ,3rr1k1/5ppp/5n2/qpp3N1/b7/4P2P/5PP1/R1QB1RK1 w - - 0 23,c1c5 d8d5 c5c6 d5g5 d1a4 b5a4,1841,73,95,13158,advantage interference long middlegame,https://lichess.org/Bj2WovJd#45,
YbFwK,r3r3/p4kpQ/1p5p/n2P1N2/2P2nqP/6P1/P4P2/5RK1 b - - 0 28,e8h8 f5h6 f7f8 h7h8,1718,106,38,20,advantage interference master middlegame pin short,https://lichess.org/36bsw37B/black#56,
YcU4H,2kb3r/pn3pp1/1pp1r2q/4P1p1/1P2N1P1/5PB1/P1Q4P/3KR2R b - - 4 27,h8e8 e4d6 b7d6 c2c6 d8c7 e5d6 e6d6 g3d6 h6d6 c6d6,1734,74,95,8036,crushing exposedKing fork interference middlegame sacrifice veryLong,https://lichess.org/evNQZEmB/black#54,
Ycol5,6r1/5p2/5q1k/2pPRpb1/1pN5/5Q2/1P3P2/6K1 w - - 2 37,e5f5 g5f4 g1f1 f6f5,1810,75,88,308,crushing discoveredAttack discoveredCheck endgame interference intermezzo short,https://lichess.org/76ooCPAM#73,
Yd7fr,rn1qkbnr/pQ2pp1p/3p2p1/1bp5/8/4P3/PPPP1PPP/RNB1K1NR w KQkq - 0 7,b7a8 b5c6 a8a7 c6g2,1627,80,75,58,advantage interference opening short,https://lichess.org/yt4vY1aN#13,Vant_Kruijs_Opening Vant_Kruijs_Opening_Other_variations
YdIks,5k2/ppp1q2p/6pP/8/3Q4/P3P3/2P5/2K5 b - - 12 34,b7b6 d4h8 f8f7 h8h7 f7f6 h7e7,1742,74,97,3361,crushing endgame exposedKing interference long queenEndgame,https://lichess.org/iU1kVyTz/black#68,
YdOlN,r4rk1/p1R2R1p/1p1p2p1/3P1n2/1BP5/1P3K1P/P4P2/8 w - - 1 29,f7h7 f5g7 f3g4 g8h7,1780,75,97,2129,advantage discoveredAttack discoveredCheck endgame interference short,https://lichess.org/AiuApdWD#57,
YfYUr,5r2/pp2p1b1/3p2kp/q7/3Pp1b1/1Q2P1P1/PP1N1PP1/2R1K2R w K - 0 22,a2a3 f8f2 e1f2 a5d2 f2g1 d2c1,1773,77,93,4049,advantage attackingF2F7 attraction deflection interference long middlegame pin,https://lichess.org/vSxC7WI6#43,
Yfgqs,8/ppqn1rk1/2p3p1/3p4/3P3Q/2N2r1P/PPP2P2/R5RK b - - 5 26,f3f2 g1g6 g7g6 a1g1 g6f5 h4f2,1706,76,84,230,attraction crushing interference long middlegame sacrifice,https://lichess.org/8VyztEWI/black#52,
Yg9IR,r3rk2/1pp2p1Q/2n5/p7/4pq1P/P5R1/1PP2PP1/1K1R4 b - - 2 20,f4f2 g3g8 f8e7 h7e4 e7f6 g8e8 a8e8 e4e8,1762,75,85,198,advantage deflection interference middlegame veryLong,https://lichess.org/fUnmdP4c/black#40,
YgHtB,r4rk1/pp1n1p1p/1q2p1p1/3pPnP1/2P2P2/4P2Q/PP1N1R1P/R1B3K1 b - - 0 18,f5e3 c4c5 d7c5 h3e3,1811,79,93,2179,advantage interference intermezzo middlegame short,https://lichess.org/SI28mKYF/black#36,Queens_Pawn_Game Queens_Pawn_Game_Other_variations
Ygd7z,2QB4/q4ppk/B2b3p/2pPp3/4Pn2/5P1P/6P1/6K1 w - - 8 34,c8c6 c5c4 d8b6 a7a6,1670,76,67,127,crushing discoveredAttack discoveredCheck endgame interference short,https://lichess.org/PbQJYAFm#67,
YhbDD,2k5/q4p2/P3p3/1QppPp2/8/6P1/5P2/7K b - - 1 32,c5c4 b5e8 c8c7 e8f7 c7b6 f7e6,1776,77,96,937,crushing endgame exposedKing interference long queenEndgame,https://lichess.org/6tbkxXlU/black#64,
Yhs1C,6rk/1pp5/1p1p1p2/5P2/3pr2P/1P3K2/Pn1B3R/5R2 b - - 1 33,e4g4 d2g5 b2d3 f3g4,1761,87,81,41,advantage endgame interference short trappedPiece,https://lichess.org/E2mmNCCs/black#66,
Yi5uM,6R1/4r2p/6pP/4p1P1/4PpK1/3k1P2/8/8 b - - 5 83,d3e3 g8g7 e7e8 g7h7 e8b8 h7g7 b8b1 g7g6,1783,92,60,26,crushing endgame interference rookEndgame veryLong,https://lichess.org/1AgOCYjW/black#166,
Yj7Kw,r1bq1r1k/ppp4p/6p1/3n1pN1/2NPp3/1PP5/P4PPP/R2Q1RK1 w - - 1 17,d1d2 e4e3 c4e3 d8g5,1654,76,95,14925,advantage interference middlegame short,https://lichess.org/ZIgphHQy#33,Modern_Defense Modern_Defense_Other_variations
Yk1wd,5rk1/ppp4p/3p2p1/2nP4/2P2qb1/P4B2/1P2N1PP/3R1Q1K b - - 10 23,f4c4 d1d4 c4b5 d4g4,1636,74,95,21918,advantage interference middlegame short,https://lichess.org/q4TEpQsH/black#46,
YkNlu,3r1rk1/pp3pp1/2p1p3/5qn1/4n2p/1PPN1P2/P1Q3PP/3RRBK1 b - - 0 32,e4c5 e1e5 f5g6 e5c5 g5f3 g1h1,1715,75,92,1386,advantage interference long middlegame,https://lichess.org/ZgKbV0zI/black#64,
YkWIa,1q1r2k1/7p/4r1p1/1Np1Pp2/3p4/1P6/1B3QPP/4R2K w - - 1 31,f2e2 d4d3 e2d2 b8b5,1650,76,93,2329,crushing interference master middlegame short,https://lichess.org/V0ExEcdl#61,
YmYrY,8/1p5p/p4kp1/1b3p2/3q4/3P1P2/1P1Q1RPP/5K2 w - - 5 34,d2h6 d4d3 f1e1 d3b1 e1d2 b1b2,1890,75,93,1241,advantage endgame interference long master,https://lichess.org/AV1P4Umu#67,
YoU2k,3r4/3P4/pp4pk/8/B1P3Kp/5RbP/PP3p2/8 w - - 1 51,b2b4 b6b5 c4b5 d8d7,1750,77,93,716,crushing endgame interference short,https://lichess.org/Kbv5iSFN#101,
Yok5P,6k1/2p3q1/3pb1r1/4p2Q/P1P5/4P3/4BPP1/3R2K1 w - - 1 32,e2f1 e6g4 h5h4 g4d1,1756,74,95,11475,advantage endgame fork interference short,https://lichess.org/54phc52O#63,
YqJeK,8/3pkp1R/1r6/4K3/1P6/8/1P6/8 w - - 3 47,h7h4 b6b5 e5f4 b5b4,1626,77,95,7655,crushing endgame interference rookEndgame short,https://lichess.org/cZP3gC7z#93,
YqKDs,1r1qr1k1/1b1n1nbp/p2p4/1P2pP2/8/2N1BQP1/1P1N2BP/2R1R1K1 w - - 1 21,c3d5 e5e4 f3d1 b7d5,1666,78,95,18999,advantage interference middlegame short,https://lichess.org/11rs12kW#41,
YqO2f,2rb3r/1q3pkp/p3pNp1/1p1bP1Q1/8/3B1P2/6PP/2R2R1K b - - 7 38,c8c1 f6h5 g7g8 g5d8,1812,78,93,1571,discoveredAttack interference mate mateIn2 middlegame pin short,https://lichess.org/JrfT5tuB/black#76,
Yr3Ox,r1b1Qnk1/1pq2pbp/p5p1/P2N4/8/1B5P/1PP2PP1/R5K1 b - - 3 21,c7d7 d5e7 g8h8 e8f7,1663,75,95,20374,crushing deflection interference kingsideAttack middlegame short,https://lichess.org/8NZWa2FL/black#42,
YrNfZ,r1bq1rk1/2p2pb1/p2p1npB/3PpN1p/2p1P2P/2N2P2/PPPQ2P1/2KR3R b - - 1 14,g6f5 d2g5 f6e8 g5d8,1736,76,93,1416,crushing interference master middlegame short,https://lichess.org/OkdxhBH1/black#28,Pirc_Defense Pirc_Defense_Other_variations
YrgjW,4r1k1/pp3pp1/4r2p/8/1B1P4/1qP2N1P/3Q1PP1/R5K1 w - - 3 24,a1a3 b3b1 g1h2 e6e2 d2f4 e2f2,1832,75,85,456,advantage interference long middlegame,https://lichess.org/D4MGaQE6#47,
YszlZ,4r1k1/pp1n1ppp/8/3p3n/3P4/1P2Nq2/P2QBP1P/R5K1 b - - 1 21,f3h3 e2g4 h3h4 g4d7,1618,76,91,1387,crushing interference middlegame short,https://lichess.org/EPTXWtbJ/black#42,
YtKq4,1r2r3/4k3/3pB1p1/pbp1nPN1/8/b2P3P/4N1P1/1R3RK1 b - - 0 32,b5d3 f5f6 e7d8 b1b8,1763,76,92,1628,crushing interference middlegame short,https://lichess.org/NwW01ql6/black#64,
YuBC2,3qr1k1/pp2rbp1/3b1npp/3pN3/3P1P2/P2B3P/1P1B1QP1/2R2R1K w - - 2 23,e5g6 f7g6 d3g6 e7e2 f2f3 e2d2 g6e8 d8e8,1680,75,93,8988,advantage interference middlegame veryLong,https://lichess.org/zN5MOAyZ#45,
YuVvh,5rk1/5ppp/1p2pn2/nB1qN3/P2P4/4Q3/5PPP/2R3K1 b - - 2 23,a5b3 b5c4 d5d4 c4b3 d4e3 f2e3,1662,74,92,1827,advantage interference long middlegame,https://lichess.org/gKLJKyJg/black#46,
Yx8Jh,r1bk1r2/pp5R/3p1b2/2q5/8/2PQ1N2/P2N1PP1/R4K2 w - - 3 20,a1e1 c8f5 d2e4 f5h7 e4c5 h7d3,1804,80,80,42,advantage fork interference long middlegame,https://lichess.org/wtDMMu0l#39,
YxmFJ,4k3/R7/1K4p1/1P3bP1/2r5/8/P7/8 b - - 2 42,f5c8 a7c7 c4g4 c7c8,1844,77,86,51,crushing endgame interference short,https://lichess.org/5vIu7Nvs/black#84,
Yxnew,r5k1/1bpn1p2/1p1r2qp/p2P2pN/2BP4/P3Q3/1P3PPP/R3R1K1 w - - 2 20,e3f3 g5g4 f3g3 g6h5,1806,77,81,76,advantage interference middlegame short,https://lichess.org/H01To3KN#39,
YyFKN,8/1p6/8/7R/3k4/8/r5rP/5R1K b - - 1 42,d4c4 f1f4 c4d3 h5h3 d3c2 h1g2,1692,75,96,574,crushing endgame interference long rookEndgame,https://lichess.org/ReAX39ze/black#84,
YzSPv,rnbqkb1r/ppp3pp/7B/1N3p2/2Bpp3/8/PPP2PPP/R2Q1RK1 b kq - 1 9,g7h6 d1h5 e8d7 h5f5,1681,80,92,504,crushing interference opening short,https://lichess.org/dm38rqXM/black#18,Zukertort_Opening Zukertort_Opening_Tennison_Gambit
YzXGp,4r2r/1p5k/pq1b1Qpp/3pR3/P2p4/8/1PPB2PP/5R1K b - - 0 27,b6c7 f6f7 c7f7 f1f7 h7g8 e5e8 g8f7 e8h8,1724,78,95,10686,crushing interference middlegame skewer veryLong,https://lichess.org/75yiXf7P/black#54,
Z0x0F,6k1/1p3b2/6p1/1r1pQp1p/4p2R/4P1P1/4qPK1/7R w - - 2 43,h4h5 e2f3 g2h2 f3h5 h2g2 h5f3,1672,76,94,2441,crushing endgame interference long,https://lichess.org/a0F0rc8M#85,
Z1Wh1,8/3k1p2/br5p/2KPP1p1/2p5/2P3P1/R6P/8 b - - 2 40,b6g6 e5e6 f7e6 a2a6,1690,82,81,51,crushing endgame interference short,https://lichess.org/nHZh46G3/black#80,
Z1bCu,r4knr/1bqnN1p1/p2p2Q1/3P2pp/1p6/6PP/PPP2PB1/R3R1K1 b - - 0 17,g8e7 e1e7 f8e7 g6g7 e7d8 g7h8,1886,82,76,40,advantage attraction deflection interference long master middlegame,https://lichess.org/H1VK3U0j/black#34,Sicilian_Defense Sicilian_Defense_Closed
Z1y0m,r3k1r1/1pqn1b1p/p2b4/3p1QBP/3Pp3/2N5/PP3PP1/R3KB1R w KQq - 0 18,a1c1 g8g5 f5g5 d6f4 g5g7 f4c1,1802,75,99,539,advantage fork interference long master middlegame sacrifice,https://lichess.org/vbvngOMH#35,Caro-Kann_Defense Caro-Kann_Defense_Advance_Variation
Z2wbt,7Q/p3kp1p/3p2p1/2pP4/3n2P1/7P/qrb3BK/4R3 b - - 3 34,e7d7 h8e8 d7c7 e1e7 c7b6 e8b8 b6a5 e7a7,1697,75,97,7307,deflection interference mate mateIn4 middlegame veryLong,https://lichess.org/Yb7iGOei/black#68,
Z45cM,r5k1/p7/4q1pp/3pP2r/2p2P2/2Q1PR1P/P7/2R3K1 b - - 2 25,h5h3 f4f5 g6f5 f3h3,1715,123,87,15,advantage endgame interference intermezzo short,https://lichess.org/mdjNFRKj/black#50,
Z5RXR,rnbqkb1r/ppp1p3/5p2/3p4/3P1p1p/3BPQ2/PPP3PP/RN2K1NR b KQkq - 0 10,f4e3 d3g6 e8d7 f3d5,1602,75,94,15182,epauletteMate interference mate mateIn2 opening short,https://lichess.org/ubhqLtvz/black#20,Queens_Pawn_Game Queens_Pawn_Game_Levitsky_Attack
ZAB6s,1k1r4/pp1b1Qp1/1n1p4/2p2Pq1/3P3p/N1PB3P/PP5P/R3R2K w - - 3 21,f7e7 d7c6 d3e4 g5e7,1686,82,91,608,advantage interference middlegame short,https://lichess.org/MIXaY12F#41,
ZCB7v,2k4r/pp1qn1p1/P2p4/1Pp1pp2/2B2b2/2PP1QNr/5P2/R3R1K1 b - - 0 23,b7b6 f3a8 c8c7 a8a7,1854,75,84,317,crushing interference middlegame queensideAttack short,https://lichess.org/fJNZ2aEy/black#46,
ZCIy9,r1bqk2r/5pp1/p2bpn2/7p/N2pP3/8/PPQ1BPPP/R1BR2K1 b kq - 1 15,e6e5 c2c6 c8d7 c6d6 d7a4 d6e5,1793,79,92,1657,crushing fork interference long opening,https://lichess.org/lVTD2c7n/black#30,Slav_Defense Slav_Defense_Quiet_Variation
ZCYpa,r4rk1/ppb2qp1/2p1R2p/8/4R3/3P4/PPP1QPK1/3N4 b - - 7 24,a8d8 e6e7 f7f5 e7c7,1657,75,84,269,advantage interference middlegame short,https://lichess.org/cnRHV5Kg/black#48,
ZCz48,2rr2k1/2n2p2/4p1p1/4P3/2pQ4/2P5/PPKBq3/1R5R w - - 4 33,d4e3 d8d2 e3d2 e2e4 c2c1 e4h1,1752,76,93,803,crushing interference long middlegame sacrifice,https://lichess.org/kVYDVhSf#65,
ZDiqI,r4rk1/1p4p1/2pp1q2/p1n1p3/4b3/1P2P3/PBP4Q/2KB1R1R b - - 3 25,f6f1 h2h8 g8f7 h1f1,1729,76,93,1281,crushing interference intermezzo master middlegame short,https://lichess.org/u3iMWaAm/black#50,
ZER0L,r1bqr1k1/ppp2ppp/3b1n2/1P6/2PQ4/5N2/PB2NPPP/R4RK1 w - - 2 17,e2f4 e8e4 d4d3 e4f4,1899,75,96,8496,crushing interference middlegame short,https://lichess.org/9mhIVN0v#33,Ponziani_Opening Ponziani_Opening_Jaenisch_Counterattack
ZEYqv,4r1k1/1pp2pp1/1bn5/p3pPP1/P3Nn2/2Pr1BK1/1P3P2/R1B2R2 w - - 7 23,f1d1 f4e2 g3g4 d3d1,1708,76,96,13485,advantage interference master middlegame pin short,https://lichess.org/X44If8CW#45,
ZGXqn,1r3rk1/5pbp/p2Q2p1/2N2bP1/8/2P2B2/1q3PP1/3RR1K1 w - - 0 24,c5a6 b8b6 d6c5 b6a6,1768,75,88,366,advantage interference master middlegame short,https://lichess.org/iNy4FYPU#47,
ZHlGO,6k1/pp4q1/2p1Q2p/8/8/4p2P/P1P3P1/6K1 b - - 5 39,g8f8 e6c8 f8f7 c8b7,1651,76,90,138,crushing endgame interference queenEndgame short,https://lichess.org/gwoGWC90/black#78,
ZIykV,5k1r/2p2ppp/p2pnqb1/3B4/2P3P1/P3B2P/1r3P2/R2QR1K1 b - - 1 20,h7h5 d5e6 f7e6 e3d4 e6e5 d4b2,1700,75,96,3411,advantage fork interference long middlegame,https://lichess.org/xkueMfCs/black#40,
ZJFcE,5k1r/p1p2bp1/2p5/3p1NQn/5P2/7P/PqP2P2/RN5K b - - 1 21,b2a1 g5d8 f7e8 d8e7 f8g8 e7e8 g8h7 e8h5,1852,76,86,626,crushing deflection interference middlegame veryLong,https://lichess.org/aSfkqjkP/black#42,
ZKN9W,2b5/8/p2Qpkp1/1p1p3p/1P6/P3qP1P/2r2NP1/5RK1 b - - 0 38,d5d4 d6f8 f6e5 f3f4 e5d5 f8d8 d5c4 d8c8,1767,75,93,5756,advantage endgame interference veryLong,https://lichess.org/4WFPSsoe/black#76,
ZLb6C,3r2k1/pp3pp1/2p2n1p/q7/NbP5/PQ4P1/2RrPPBP/5RK1 b - - 0 20,d2c2 a3b4 a5f5 e2e4 f6e4 b3c2,1862,76,62,80,advantage interference long middlegame,https://lichess.org/aqAlfRSa/black#40,
ZLqEg,r4r1k/1p2R1p1/2pq3p/p2p4/P2p1P1Q/1P1P4/2P3PP/5RK1 w - - 4 27,g2g3 g7g5 h4h3 d6e7,1668,75,89,684,advantage endgame interference short,https://lichess.org/H0uyvy8T#53,
ZMvkw,r1b1k1nr/1pp2ppp/p7/8/1q6/2P1B3/P1P2PPP/R2Q1RK1 b kq - 0 12,b4c3 e3d4 c3c6 d4g7 g8e7 g7h8,1664,75,91,2347,advantage interference long middlegame trappedPiece,https://lichess.org/jbPEtu54/black#24,Three_Knights_Opening Three_Knights_Opening_Other_variations
ZPX9A,6k1/2p2rpp/1p1p4/p2P4/2P1pP1q/1P1nP3/P3Q1RP/6RK w - - 2 28,e2g4 h4g4 g2g4 d3f2 h1g2 f2g4,1612,75,80,206,advantage attraction endgame fork interference long master,https://lichess.org/xoaoC4PA#55,
ZPslT,r1b2rk1/p2q1pp1/2p4p/1pb1p2Q/4P3/1B1P3P/PPP3P1/RN3R1K w - - 0 17,h5e5 c5d4 e5g3 d4b2,1625,74,89,1436,advantage interference middlegame short,https://lichess.org/J1gdpHj1#33,Italian_Game Italian_Game_Giuoco_Pianissimo
ZRqqQ,6r1/1b3k2/pq2p3/1p1pQp1N/3P4/1BP2P2/PP6/2KR2r1 b - - 0 31,b5b4 e5f6 f7e8 b3a4 b7c6 f6e6,1699,75,91,313,crushing interference long middlegame,https://lichess.org/9U8SegJP/black#62,
ZS5yD,3r4/p3k1pp/1q2pb2/8/2Q5/1P3BP1/4P2P/5R1K w - - 7 31,f3g4 d8d4 c4c8 d4g4,1767,75,83,153,advantage endgame interference short,https://lichess.org/mTfyIBEH#61,
ZSJ2Z,b3r1k1/p7/1p1R2Rp/6p1/2P5/1P5P/5KP1/4r3 b - - 8 40,g8f7 d6f6 f7e7 f2e1,1895,75,95,3285,advantage endgame interference short,https://lichess.org/klzbUbux/black#80,
ZTRIn,1r2k2r/p5bp/2p1bpp1/q3p3/4P2B/6P1/PPQ2PBP/3R1K1R b k - 2 19,a5a2 c2c6 e8f7 c6c7 f7g8 c7b8,1601,76,88,470,crushing exposedKing interference long middlegame,https://lichess.org/GUOzYsnq/black#38,
ZTn92,r4rk1/pp1b1ppp/1q2p3/8/3b1B2/1P3PK1/P3Q1PP/2R2B1R b - - 0 16,a8e8 f4c7 b6b4 c1c4 b4e7 c4d4,1844,74,95,5857,crushing interference long master middlegame,https://lichess.org/eZUE3aii/black#32,Sicilian_Defense Sicilian_Defense_Four_Knights_Variation
ZUQTy,1r1r1k2/1pqb3p/8/p4pp1/2PQ1p2/PP1B4/6PP/4RR1K b - - 0 31,d7c6 d4h8 f8f7 h8h7,1880,77,79,54,crushing interference middlegame short,https://lichess.org/nqwKBgAL/black#62,
ZUZUH,2kr3r/2p5/p1Q2p2/3p1bpp/3P4/2P5/PP1N1q2/2KR2R1 b - - 0 27,f2e2 c6a8 c8d7 a8d5,1861,76,92,318,advantage interference middlegame queensideAttack short,https://lichess.org/ndD31Pij/black#54,
ZWFGE,1r5r/5N2/1qpkb2b/p1p2Q2/P7/1n1P4/1BP2PP1/1K1R3R b - - 1 24,e6f7 b2e5 d6e7 f5f6 e7e8 f6h8,1821,86,78,32,advantage fork interference long middlegame,https://lichess.org/XYr9oZDD/black#48,
ZX2QW,6r1/R7/4pk2/8/4PPp1/6K1/8/8 b - - 8 59,g8g6 e4e5 f6f5 a7f7 f5e4 f7f6 g6g8 f6e6,1688,78,92,2372,crushing endgame interference rookEndgame veryLong,https://lichess.org/UddQ2Bo2/black#118,
ZYQS7,2r5/3k2pp/2r2b2/R7/2PP4/3K4/PP6/4R3 b - - 0 33,c6c4 a5d5 d7c6 d3c4,1687,75,93,1169,advantage endgame interference short,https://lichess.org/vuYO0yIi/black#66,
ZYuQp,6k1/7p/4qpp1/3b4/1p1R4/1P3P1P/2PQ1KP1/r7 b - - 4 35,d5c6 d4d6 e6e7 d6c6,1854,77,91,121,advantage endgame interference short,https://lichess.org/g9BI1PXJ/black#70,
ZZLx5,4r1k1/2q2pp1/7p/1n1R1P2/1P2p1P1/1Q4NP/2P2PBK/r7 b - - 4 32,b5c3 d5c5 c7f4 b3c3,1774,76,93,4035,crushing interference master masterVsMaster middlegame short,https://lichess.org/G71XCeMV/black#64,
ZZOgR,4rrk1/ppqn2pp/2pbp3/3p1pNn/2PP1P2/1P1QP2P/PB1N2P1/2R2RK1 b - - 0 14,h5f6 c4c5 d6e7 g5e6,1703,77,89,1004,advantage interference middlegame short,https://lichess.org/4vA4LChX/black#28,Zukertort_Opening Zukertort_Opening_Slav_Invitation
ZZQ0M,r5kb/pp2qr1p/2p3p1/5bP1/4PB2/n1N3Q1/1PP5/2K1R1NR b - - 1 21,f5e6 f4d6 e7d8 d6a3,1806,75,80,83,advantage interference middlegame short,https://lichess.org/U8T9PCgx/black#42,
ZaEyV,3r3k/6pp/1p6/8/1q2p3/4P1P1/Q4P1P/3RK3 w - - 0 31,e1e2 b4b5 e2e1 d8d1 e1d1 b5f1 d1c2 f1f2,1804,78,82,54,attraction crushing endgame interference veryLong,https://lichess.org/bInN068A#61,
ZcQXj,2k1rr2/pppq4/2n1pn2/2b1p1Np/P3p2B/2PP1Q2/1P1N1PPP/R4RK1 w - - 0 18,g5e4 f6e4 f3e4 f8f4 e4g6 f4h4,1663,75,91,4011,advantage clearance interference long middlegame,https://lichess.org/jxv2JQnV#35,Italian_Game Italian_Game_Giuoco_Piano
ZdMAT,5rk1/Q1pnbppp/8/8/2B5/1P3P2/P1PP1P1P/q1BK3R w - - 0 15,a7c7 e7a3 d1e2 f8e8 e2f1 a1c1 f1g2 c1d2,1871,76,96,1207,advantage interference middlegame pin veryLong,https://lichess.org/OUwYxvCT#29,Scandinavian_Defense Scandinavian_Defense_Modern_Variation
ZdhGt,7r/8/p3k2r/3pN1p1/P2Pb1P1/1PP3K1/5R2/5R2 w - - 9 40,f2f8 h6h3 g3f2 h8f8,1723,76,71,68,crushing endgame interference short,https://lichess.org/ly9Yo4uy#79,
ZeSd2,8/p3ppkp/2p3p1/r1N5/3rP3/8/1KR3PP/7R w - - 6 26,h1a1 d4b4 b2c3 a5c5 c3b4 c5c2,1700,83,52,55,advantage deflection endgame exposedKing interference long skewer,https://lichess.org/HAYsNNc3#51,
ZeZbN,r4b1r/pp2ppp1/1q2k3/4Nb1p/3P4/2N4P/PPnKQPP1/R1B4R b - - 1 14,b6d4 e5d3 e6f6 d2c2 a8d8 h1d1,1624,77,83,107,advantage defensiveMove discoveredAttack interference long middlegame,https://lichess.org/A9JX60f0/black#28,Alekhine_Defense Alekhine_Defense_Scandinavian_Variation
ZflkR,r1bq1r2/pp1pbkpQ/4p2p/3nP3/8/2PB2P1/PP1N1PP1/R3K2R b KQ - 0 15,f8h8 d3g6 f7f8 h7h8,1634,76,95,23189,interference mate mateIn2 middlegame short,https://lichess.org/7Bl8ykpT/black#30,Indian_Defense Indian_Defense_Other_variations
ZgKOO,5r2/2p2pk1/1p1p2p1/pP1P4/P1P1P1K1/3B1RNr/5R2/2q5 b - - 14 37,f8h8 f3f7 g7h6 g4h3 h6g5 h3g2,1650,80,84,91,advantage defensiveMove interference long middlegame,https://lichess.org/3Vz3u4TV/black#74,
ZhHhn,r5r1/1p1kb3/p1nq2p1/5b2/2QpRB2/P6P/5PPN/R6K b - - 4 29,d6c5 e4e7 c5e7 c4d5 d7c8 d5g8,1766,74,83,490,advantage exposedKing interference long middlegame sacrifice,https://lichess.org/YpWTfDio/black#58,
ZhdbN,7r/pQp1k1p1/3p3p/4prq1/2B5/3P4/PPP3P1/R6K b - - 0 21,g5g3 b7c7 e7f6 c7f7 f6g5 f7g7 g5h4 g7h8,1719,278,100,12,advantage deflection endgame fork interference veryLong,https://lichess.org/HmObezvJ/black#42,
ZiY1I,8/1q3p1k/3P2p1/p1p1R2p/6bP/2N3P1/3r4/5QK1 b - - 1 36,g4f3 e5e7 b7c6 e7f7,1763,75,53,62,advantage endgame interference master short,https://lichess.org/eJvKQh3A/black#72,
ZirkM,2k4r/1pp2ppp/p2r4/2Q5/4q1P1/4PN1P/P1P1K3/1R5R w - - 0 20,c5a7 e4c2 e2f1 c2b1,1893,75,88,354,crushing interference middlegame short,https://lichess.org/DJXqU8kf#39,
Zius4,3r1rk1/1p3qpp/pP2Rp2/3p1Q2/3Bn3/2P5/P4PPP/4R1K1 w - - 3 26,f2f3 g7g6 f5g4 f6f5 g4f4 f7e6,1838,81,93,11779,advantage interference long master middlegame,https://lichess.org/WXUTkn8R#51,
ZiywW,r2q1rk1/1R1nbppp/R3p3/2pp4/3P1B2/2NQ3P/P1P1KPP1/8 w - - 0 21,f4d6 c5c4 d3e3 a8a6,1751,74,96,6533,crushing interference middlegame short,https://lichess.org/AQAkATAh#41,
ZjOx6,1k6/1pp2pp1/5q2/5N2/2B5/pP2P1P1/P2Q4/3K4 w - - 5 30,d2g2 f6a1 d1e2 a1a2 e2f3 a2g2 f3g2 a3a2,1773,76,96,9429,advancedPawn crushing endgame exposedKing interference veryLong,https://lichess.org/0xbLFXAw#59,
ZjTcg,4r3/p1p2k2/2p3R1/8/2Pr4/3P4/P1P4K/R7 w - - 1 27,a1g1 e8h8 h2g3 f7g6,1763,75,88,1048,crushing endgame interference rookEndgame short,https://lichess.org/NG8PNAcj#53,
ZjgHW,2r4k/5p1p/2r1q2N/3pppQP/8/2B1PP2/PP4P1/5K2 b - - 2 40,e6h6 c3e5 f7f6 g5h6 f6e5 h6g5,1607,75,93,15317,advantage endgame interference intermezzo long,https://lichess.org/xYeZpDEV/black#80,
Zm67f,2r1r1k1/ppp2pp1/5q2/3p3p/3nP2P/P1QBRPP1/1P4K1/5R2 b - - 0 20,c7c6 e4e5 e8e5 c3d4 e5e3 d4e3,1601,74,89,368,advantage interference long middlegame,https://lichess.org/GPTjljI6/black#40,
ZmdBi,1r6/1p1kp2p/p2p1p1q/3Q4/4Pb2/8/PPP4P/1K1R2R1 w - - 7 22,g1g8 e7e6 d5b3 b8g8 b3b7 d7e8,1794,74,79,95,advantage endgame interference long,https://lichess.org/lXvdJPpg#43,
ZoXYs,6k1/pp2rppp/1bp2q2/3p4/8/2PQ1B2/PP1B2PP/5K1R w - - 0 21,g2g3 e7e3 d2e3 f6f3 f1e1 f3h1,1791,101,88,26,advantage exposedKing fork interference long middlegame sacrifice,https://lichess.org/cZf2xqNX#41,
Zp6tG,rn1qkbnr/ppp2ppp/4p3/3p3b/3P2P1/2N2P2/PPP1P2P/R1BQKBNR w KQkq - 0 5,g4h5 d8h4 e1d2 h4d4 d2e1 d4h4,1849,78,93,214,advantage interference long opening,https://lichess.org/PtFoVWUN#9,Queens_Pawn_Game Queens_Pawn_Game_Chigorin_Variation
ZpAps,8/7k/4p2p/5p1P/5P2/pPq1P3/P5Q1/2K5 w - - 4 36,c1d1 c3a1 d1e2 a1a2 e2f3 a2g2,1728,75,96,16480,crushing endgame exposedKing interference long queenEndgame,https://lichess.org/6f2OqUDh#71,
Zq64K,r3k2r/pp3p2/2B1ppp1/q7/2PPQ3/2R5/P4PPP/4K2R b Kkq - 0 19,b7c6 e4c6 e8e7 c6b7 e7f8 b7a8 f8g7 a8f3,1658,76,94,9612,crushing endgame fork interference veryLong,https://lichess.org/SWjbVbS1/black#38,
ZrG5U,2r5/p2b3k/1p2pppq/3p3p/3P3P/1P3NP1/P3QP2/3R2K1 b - - 2 34,c8c1 f3g5 f6g5 d1c1,1600,74,97,3313,crushing endgame interference short,https://lichess.org/VWh0QEYZ/black#68,
ZrkTU,3r2k1/1B6/1NP1q3/4p2p/6P1/7K/7P/1Q6 w - - 0 39,b1g1 d8d3 h3g2 e6g4 g2h1 d3d1 g1d1 g4d1,1829,88,88,25,crushing deflection endgame interference pin veryLong,https://lichess.org/z9NUCLpu#77,
ZtjiQ,r4rk1/p1pp1ppp/1p1bp3/7n/2PPNP1q/4P3/PP5P/R1BQ2RK b - - 3 16,d6e7 g1g4 h5f6 g4h4,1654,76,94,2732,crushing interference middlegame short,https://lichess.org/NYziXHiC/black#32,Yusupov-Rubinstein_System Yusupov-Rubinstein_System_Other_variations
Zu1TQ,r3k2r/1p2bpp1/p1np4/2qNpP1p/6P1/1K6/PPP4P/R1BQ1B1R w kq - 9 15,a2a3 c6d4 b3a2 c5d5,1613,75,95,11245,advantage interference middlegame short,https://lichess.org/qBx2eInC#29,Sicilian_Defense Sicilian_Defense_Najdorf_Variation
ZvFHW,r4k1r/p1p2ppp/1p3b2/1R6/8/3Q4/PPP1B1q1/1K3R2 b - - 0 24,c7c5 e2f3 g2g3 f3a8 g3d3 c2d3,1758,79,86,55,advantage fork interference long middlegame,https://lichess.org/wVsTnVg4/black#48,
ZvfQJ,r2qk2r/1b3pp1/4p2p/p1p5/PpP3Qb/1P5N/2BB1PP1/R3K2R w KQkq - 0 20,g4g7 h4f6 g7g3 f6a1,1744,76,92,2630,advantage fork interference middlegame short,https://lichess.org/Jd2aPu5i#39,
Zw5Mv,2kr3r/pp1bb2p/3n4/3pnpPB/2qP3N/P1P4P/6K1/RNBQ1R2 w - - 1 21,d4e5 c4h4 f1f4 h4g5,1821,75,91,400,advantage hangingPiece interference middlegame short,https://lichess.org/m3fvCVhH#41,
Zw7ca,8/4kp2/3p1p2/3P3P/3qP1P1/p4P2/P2KQ3/8 w - - 11 54,d2c1 d4a1 c1c2 a1a2,1838,75,79,108,crushing endgame interference queenEndgame short,https://lichess.org/6WkhIjOy#107,
ZwCaJ,1r4Rb/2qkpp1P/1n1p4/pr1P4/4Pp2/QPp2P2/2P5/1KB3R1 b - - 0 29,a5a4 g8b8 c7b8 g1g8 b8a7 g8h8,1713,77,94,1593,clearance crushing interference long master middlegame,https://lichess.org/OCk0Aw2T/black#58,
ZwEbJ,r5k1/pp4pr/3b1q1p/2pQ3P/6P1/1P3P2/P1P5/4RK1R b - - 0 24,g8h8 e1e6 f6f7 e6d6 f7d5 d6d5,1851,111,86,38,crushing interference long middlegame,https://lichess.org/u9AXHEBI/black#48,
ZxC6j,r3rk2/pp3p2/1n3Q2/8/2pPp3/q1P3P1/5PBP/4R1K1 b - - 1 27,b6d7 f6h8 f8e7 e1e4 e7d6 e4e8 a3a1 g2f1 a8e8 h8e8,1699,75,97,6476,crushing deflection interference middlegame veryLong,https://lichess.org/mkLkrf8u/black#54,
Zz8Cd,8/8/r5p1/PR3p1p/1K5P/4kPP1/8/8 b - - 0 46,e3f3 b5b6 a6a7 b6g6,1860,110,78,25,crushing endgame interference master masterVsMaster rookEndgame short,https://lichess.org/Iush4YiZ/black#92,
ZznZA,r1b2rk1/pppp1ppp/3P4/3Q4/7q/3P4/PP2BPPP/nNBK2NR w - - 1 13,g2g3 h4a4 b2b3 a4a2,1618,76,91,930,advantage interference opening short,https://lichess.org/r6pLQTKE#25,Kings_Pawn_Game Kings_Pawn_Game_Napoleon_Attack
a0Iao,3q3k/1p2b1rp/rnp1B2Q/p3P3/P2P4/5N1P/1P4P1/R4RK1 w - - 3 22,b2b3 g7g6 h6d2 g6e6,1708,75,96,1604,advantage interference middlegame short,https://lichess.org/QjuguyiU#43,
a1eOz,2r4r/pp1nkppp/1q2p3/4P1Q1/2pp4/8/PP3PPP/1R2KB1R b K - 1 15,f7f6 g5g7 e7d8 g7h8 d8c7 h8h7,1606,77,96,23900,advantage interference long middlegame pin,https://lichess.org/s1gN2D13/black#30,English_Opening English_Opening_Mikenas-Carls
a1mOJ,3r2k1/pp1rbppp/2b1p3/q1p1P3/2P5/1P2P1B1/P1Q1BPPP/3R1RK1 w - - 3 19,h2h3 d7d2 c2b1 d2e2,1641,74,87,117,collinearMove crushing interference middlegame short,https://lichess.org/adt3d9h4#37,Indian_Defense Indian_Defense_Other_variations
a2yXd,r1bq3r/1p2nk2/p2p2p1/2pPpNQn/2P1P3/2N2P1p/PP2B2P/R3K1R1 b Q - 7 21,g6f5 f3f4 h5f4 g5g7 f7e8 g7h8,1822,76,85,68,crushing exposedKing interference long middlegame,https://lichess.org/OyCHWBwr/black#42,
a5l5h,6k1/1p5p/p4Qp1/8/7n/1P2P1PK/P2r1Pq1/1R1R4 w - - 5 35,h3h4 g2h2 h4g4 h2h5 g4f4 d2f2 f4e4 f2f6,1775,75,80,96,crushing endgame interference master skewer veryLong,https://lichess.org/SNEVPGhW#69,
a6CgY,2k5/Pb1r1p2/8/1P3Q2/8/4K1P1/3r3P/8 b - - 2 55,d2h2 f5c5 d7c7 c5f8 c8d7 f8f7,1604,75,89,230,crushing endgame exposedKing interference long,https://lichess.org/MCXK8Jbk/black#110,
a7oO3,2r1k2r/pp2bpp1/4p2p/3p1q2/3P4/P3P2P/2PB1PP1/R2QR1K1 b k - 2 16,c8c2 e3e4 d5e4 d1c2,1746,75,95,17245,crushing interference intermezzo middlegame short,https://lichess.org/hRxfdJi0/black#32,Vant_Kruijs_Opening Vant_Kruijs_Opening_Other_variations
a84Hg,r1b1r1k1/ppp2ppp/8/3P2q1/2B1n3/P7/1PQ1NPPP/R4RK1 b - - 5 14,e4d2 f2f4 g5g6 c2d2,1636,74,96,14309,advantage interference middlegame short,https://lichess.org/NSDLyjIR/black#28,Queens_Gambit_Accepted Queens_Gambit_Accepted_Central_Variation
a8pG4,r1bq1rk1/ppp2pp1/7p/3n1p1n/3P4/2NB1N1P/PP1Q1PP1/R3R1K1 b - - 0 14,f5f4 c3d5 d8d5 e1e5 d5d6 e5h5,1734,75,88,230,crushing interference long middlegame,https://lichess.org/vPOclJDC/black#28,Queens_Gambit_Declined Queens_Gambit_Declined_Vienna_Variation
a9MaM,r4rk1/3bppbp/p1q3p1/3p4/5B2/1N2P2P/PP1Q1PP1/2R2BK1 b - - 6 22,c6b7 c1c7 b7b6 c7d7,1758,119,30,25,advantage interference middlegame short,https://lichess.org/G8TnJadT/black#44,
aBDmx,r2q1rk1/1b3pbp/p2pp1p1/2p4n/2B1PB2/P1N2P1P/1PP3P1/R2QR1K1 w - - 2 17,f4d6 g7d4 g1h1 d8d6,1613,75,83,523,crushing interference intermezzo middlegame short,https://lichess.org/oYF5g0Nt#33,Sicilian_Defense Sicilian_Defense_Closed
aBhou,r7/1R2P3/7p/3p2p1/3P4/4P3/1bk1K1PP/8 b - - 0 37,b2a3 b7a7 a8e8 a7a3,1787,78,90,1045,advantage endgame interference short,https://lichess.org/LEWjeX49/black#74,
aBsgy,8/1p5Q/1kbp4/p1b1p3/P2p1r1P/8/1PR3P1/7K w - - 1 30,h1h2 c6e4 h7d7 e4c2,1729,76,92,1804,crushing endgame fork interference short,https://lichess.org/SjIrioDp#59,
aCaHL,2Q2nkr/6p1/8/4p1Pp/3P4/2b1PPK1/Pq6/7R b - - 1 33,e5d4 c8c4 g8h7 h1h5 h7g6 h5h8,1824,77,97,5594,advantage deflection endgame interference long skewer,https://lichess.org/UivfXUZ5/black#66,
aCcQz,6k1/5p2/3p2pp/1p2r3/2p1P2r/2P2R2/1P6/3B1RK1 w - - 2 43,f3f7 e5g5 g1f2 g8f7,1697,74,85,1328,crushing endgame interference short,https://lichess.org/VtsxmN9y#85,
aCuAs,rn1qk2r/pQ3ppp/3p1b2/1bp5/8/2P1P3/PP3PPP/RN2K1NR w KQkq - 0 10,b7a8 b5c6 a8a7 c6g2,1611,75,90,1055,advantage interference middlegame short,https://lichess.org/CHuGgryz#19,Trompowsky_Attack Trompowsky_Attack_Classical_Defense
aDH9Z,r4r2/p3ppkp/2p1b1p1/1p1nN3/3P4/q2B3P/P1PQ1PP1/RR4K1 b - - 1 18,d5c3 b1b3 e6b3 d2c3,1647,75,93,1411,crushing interference master middlegame sacrifice short,https://lichess.org/DKxBblAb/black#36,Modern_Defense Modern_Defense_Standard_Line
aEEtP,1k3rr1/ppn4p/2qN4/P1p1P1p1/8/1Q6/1P3PPP/R2R2K1 w - - 0 26,d6f7 c5c4 b3e3 f8f7,1698,74,99,1800,advantage interference middlegame short,https://lichess.org/JHyllYbq#51,
aFZ2Z,1br5/5Q2/1p1kp2p/p1P5/P2P4/1P2q1RP/6PK/8 b - - 0 35,d6d5 f7d7 d5e4 d7e6 e4d3 e6e3,1773,76,93,1447,crushing deflection endgame fork interference long skewer,https://lichess.org/5Rlm3aiK/black#70,
aFk6d,r4rk1/1pp1Rpp1/1p5p/3P3q/bn6/P4N1P/4QPP1/R1B3K1 b - - 3 20,b4d5 e7e5 h5g6 e5d5,1657,74,95,15944,advantage interference middlegame short,https://lichess.org/4LVwPv55/black#40,
aGfZ2,1r4k1/Qrp2ppp/2pqp3/8/3PpP2/P5P1/2P2P1P/2KRR3 w - - 2 21,a7a5 b7b1 c1d2 d6d4 d2e2 d4c4,1754,76,82,318,crushing endgame interference long queensideAttack,https://lichess.org/hMV3lbR3#41,
aIIfi,2r4r/3b1p2/pq1n1k2/1p1p1PP1/5Q2/P1PB4/7P/R4R1K b - - 0 26,f6e7 f4e5 e7d8 e5h8,1760,74,95,2933,advantage interference middlegame short,https://lichess.org/3LXB61JE/black#52,
aINQf,3r2k1/p1q3pQ/2p1p3/4P3/8/1p6/P5PP/1B3K2 b - - 0 27,g8f7 b1g6 f7f8 h7h8 f8e7 h8g7,1628,74,83,158,deflection endgame interference long mate mateIn3,https://lichess.org/XGYy47Pw/black#54,
aIrV8,3q1r2/1r5p/2ppk1p1/4p3/8/pP1R3Q/P1P2P2/2K4R b - - 1 26,e6f6 d3f3 f6e7 h3h7 e7e6 h7g6,1823,91,69,25,crushing endgame interference long,https://lichess.org/UwAJa2Lz/black#52,
aIzp5,5rk1/p1pq3p/1p1p4/3P1p2/2P1P3/2Q5/PP5P/5RK1 b - - 0 24,f5e4 f1f8 g8f8 c3h8 f8e7 h8h7,1867,79,61,44,attraction crushing endgame interference long master masterVsMaster,https://lichess.org/tm0rhRL5/black#48,
aJMiO,rnb3k1/pp3qbp/2p1p1pB/3pPr2/3P4/5N2/PPPQ1PPP/RN3RK1 w - - 2 15,f3h4 g7h6 d2h6 f5h5 h6e3 h5h4,1654,74,90,1693,advantage interference long opening,https://lichess.org/tRrbrXzY#29,Modern_Defense Modern_Defense_Other_variations
aJtCi,r2q1rk1/2p1bppp/p7/1p2n3/4Q3/2NP3P/PP4P1/R1B2R1K b - - 0 17,e5d3 c3d5 e7h4 e4d3,1821,76,92,3646,advantage interference intermezzo middlegame short,https://lichess.org/SLC5HalE/black#34,Philidor_Defense Philidor_Defense_Exchange_Variation
aJu5K,r4rk1/1p1Rppbp/p3q1p1/8/Q7/N7/PPP2PPP/R1B3K1 w - - 3 15,c1d2 b7b5 a4b3 e6d7,1811,75,95,3083,advantage interference middlegame short,https://lichess.org/nUucBTZ5#29,Sicilian_Defense Sicilian_Defense_Moscow_Variation
aKjao,3r1rk1/B1p2ppp/2p3q1/5b2/P4Q2/1P3p2/3R1PPP/3R1K2 w - - 0 27,d2d8 g6g2 f1e1 g2g1 e1d2 f8d8,1783,75,94,675,crushing interference long middlegame,https://lichess.org/f1jYY5kH#53,
aLMUS,3r1b1r/pkp1pppp/1p6/1Q6/3P3q/2P1BP2/P5PP/1R3K1R b - - 5 19,e7e6 e3g5 h4h5 g5d8 h5b5 b1b5,1855,76,92,907,advantage fork interference long middlegame,https://lichess.org/zc3CD6yz/black#38,
aLqLG,2kr4/1pB5/b7/5p2/1R2pP2/2R1K3/2Pr4/8 b - - 2 39,d8d7 c7d6 c8d8 e3d2,1819,82,75,80,advantage discoveredAttack discoveredCheck endgame interference short,https://lichess.org/UzccgAsv/black#78,
aM4xJ,N1bk1bnr/1p1ppppp/p7/2p5/4PB2/3P4/P1PQKPPP/7q b - - 0 13,e7e6 d2a5 d8e8 a8c7 e8e7 a5c5,1623,74,89,517,crushing interference long middlegame,https://lichess.org/eFZu6NuT/black#26,Sicilian_Defense Sicilian_Defense_Nyezhmetdinov-Rossolimo_Attack
aMNWK,2Q5/p2r2pp/5Rk1/2p3r1/6P1/P6q/5P2/1R4K1 b - - 0 32,g6f6 c8c6 f6e7 b1e1 e7d8 c6a8 d8c7 a8a7,1774,75,99,573,advantage endgame exposedKing fork interference veryLong,https://lichess.org/MkWJrYTl/black#64,
aMVWL,3rr1k1/p4ppp/4qn2/3p4/3QpPP1/1BP4P/PP4K1/3R1R2 b - - 2 24,f6g4 f4f5 e6h6 h3g4,1708,77,96,10124,advantage interference intermezzo master middlegame short,https://lichess.org/yjnyvhsM/black#48,
aNO6u,R7/6k1/P4p2/6p1/4ppP1/r6P/3r1PK1/3B3R w - - 4 39,h3h4 a3g3 g2f1 d2d1 f1e2 d1h1,1853,88,84,43,crushing endgame interference long pin skewer,https://lichess.org/o3F6AWRv#77,
aPiVO,rnbq4/3p1kp1/2p2n1p/1p6/p2P3B/2P2Q2/P1P2PPP/R3R1K1 b - - 0 16,d7d5 h4f6 d8f6 f3h5 g7g6 h5h6,1838,77,93,1073,crushing deflection interference long middlegame,https://lichess.org/MvUvRKE1/black#32,Russian_Game Russian_Game_Other_variations
aQajO,r6r/1p1qkp2/p2p1N1b/5p1p/3QP3/4n3/PPR3PP/5RK1 b - - 5 23,e3c2 f6d5 e7e8 d4h8,1609,78,91,66,crushing discoveredAttack interference middlegame short,https://lichess.org/Ogq5N5JB/black#46,
aSQJj,3r1k2/6p1/4p2r/1p6/1q6/2p1PB2/R5QR/5K2 w - - 0 38,h2h6 b4b1 f1f2 b1a2 f3e2 g7h6,1779,121,82,17,advantage endgame exposedKing interference long pin,https://lichess.org/nKrWIp73#75,
aSlZr,3R4/r3p3/3pP3/2pP1k1p/p1P5/K1P3P1/8/8 b - - 12 51,f5g4 d8d7 a7a8 d7e7,1758,77,92,317,crushing endgame interference master rookEndgame short,https://lichess.org/FLjjbZ68/black#102,
aSrwb,r6r/1p2kppp/nq1p1n2/2pP3b/QPP4N/P2BP2P/5PP1/R4RK1 b - - 3 17,a6b4 h4f5 e7f8 a4a8,1727,147,100,7,crushing interference middlegame short,https://lichess.org/BRY288lK/black#34,Englund_Gambit_Declined Englund_Gambit_Declined_Other_variations
aSt3c,r1b1kb1r/ppp2ppp/2n5/4p3/2qnP3/P1N3P1/1P1P1PBP/R1BQNRK1 b kq - 6 12,d4b3 d2d3 c4e6 c3d5 e6d6 d1b3,1652,75,95,10595,crushing interference long opening,https://lichess.org/KRiiJMQS/black#24,English_Opening English_Opening_Anglo-Indian_Defense
aUCkO,r3k2r/ppp2pp1/2n1p3/8/6Q1/2N1B3/PqP1BPKb/R2R4 w kq - 0 19,g4g7 h2e5 g7g4 b2c3,1882,74,95,10116,advantage interference middlegame short,https://lichess.org/2RAPCjmh#37,Nimzowitsch_Defense Nimzowitsch_Defense_Scandinavian_Variation
aXxGM,r5k1/1b1q4/pp2p2p/2p1Q3/4P3/P6P/1PP3P1/5R1K b - - 0 28,a8f8 e5g3 d7g7 f1f8 g8f8 g3b8 f8e7 b8b7,1695,77,80,120,advantage attraction endgame exposedKing interference pin veryLong,https://lichess.org/8h9opjt3/black#56,
aZFQV,8/8/3k4/2p5/1p5K/1P4RP/2r5/8 w - - 5 40,h4g4 c2c3 g3g1 c3b3,1711,76,94,1053,crushing endgame interference rookEndgame short,https://lichess.org/SR9IzQVf#79,
aZVGq,r6r/3knppp/pqn1p3/1B1pP3/1Q1N4/R1P5/5PPP/4K2R b K - 1 20,a6b5 b4d6 d7c8 a3a8 c8b7 a8h8,1604,72,95,23428,crushing interference long middlegame skewer,https://lichess.org/ng1TT7n5/black#40,
aZpOa,r1b1kbnr/pp3ppp/1q2p3/3pP3/PP6/2B5/2Q2PPP/RN2KB1R b KQkq - 0 12,f8b4 f1b5 c8d7 c3b4 d7b5 a4b5,1611,78,88,51,advantage interference intermezzo long opening,https://lichess.org/dCb09kFm/black#24,French_Defense French_Defense_Advance_Variation
aaWZ8,Qn3rk1/3b1p1p/4p1pP/1p4q1/3P2P1/P1N5/5P2/R3KB1R w KQ - 0 24,a8b7 d7c6 b7c7 c6h1,1759,144,100,31,equality fork interference middlegame short,https://lichess.org/0LRyUUoD#47,
ab2EI,1r2r1k1/5pp1/p1p2n1p/q1Np4/1b1P4/P3BQ1P/1P3PP1/R1R3K1 b - - 0 19,b4d2 b2b4 d2c1 b4a5,1765,77,93,2290,crushing interference middlegame short,https://lichess.org/az0nJCwH/black#38,Queens_Gambit_Declined Queens_Gambit_Declined_Other_variations
abR0Q,r3q2b/2p1k3/pp6/3RpB1b/2P1P3/8/PP3Q2/2K5 b - - 0 33,a8d8 f2h4 h8f6 d5e5 e7f7 h4h5,1809,75,98,115,crushing exposedKing interference long middlegame pin,https://lichess.org/rIlpJYki/black#66,
acfhO,r1br2k1/1p4pp/1qp1p3/p1b1Bp2/2P5/P4BP1/1PQ2P1P/3R1K1R b - - 2 18,c5d4 c4c5 d4e5 c5b6,1882,74,82,146,crushing interference middlegame short,https://lichess.org/PEhYwwuj/black#36,Queens_Gambit_Declined Queens_Gambit_Declined_Normal_Defense
adtnm,6r1/p6k/1q3p2/1ppQ1Pr1/6P1/1P1P1R2/1PP5/5K2 b - - 0 31,g5g4 d5f7 h7h6 f3h3 h6g5 f7g8,1895,84,86,62,crushing endgame exposedKing interference long,https://lichess.org/r3NCY8Bs/black#62,
adyUK,3r3r/Qpkqb1pp/1npp4/B3p3/4P2P/8/PPP2PP1/2KR3R b - - 3 17,d8a8 a5b6 c7c8 a7a8,1705,75,83,106,interference mate mateIn2 middlegame short,https://lichess.org/HuvhYmaX/black#34,Italian_Game Italian_Game_Paris_Defense
aeOaj,5rk1/1p1Pnpp1/1b5p/pP1p3P/P2P2Q1/5RN1/5PPK/4q3 b - - 4 35,f8d8 f3e3 e1f2 e3e7,1707,75,93,367,advantage interference master middlegame short,https://lichess.org/oAGx5xFu/black#70,
aeW4Z,r1bqkb1r/pp3ppp/3Pp3/8/5Q2/2N5/PPP2PPP/R3KB1R b KQkq - 0 10,f8d6 f1b5 c8d7 f4d6,1691,75,86,895,advantage interference intermezzo middlegame short,https://lichess.org/h1n65M3W/black#20,Sicilian_Defense Sicilian_Defense_Open
aehRx,6r1/pppb3k/8/q6p/1n6/1P1P1P2/1QP3PP/2K1R1R1 w - - 6 27,e1e5 b4a2 c1d1 a2c3 d1d2 a5e5,1832,80,70,44,advantage interference long middlegame queensideAttack,https://lichess.org/xGQGo0mB#53,
afBIs,5r2/Q4pkp/5qp1/4N3/2BP1P2/4P2P/P5PK/1r6 b - - 0 27,f6f5 c4d3 f5c8 d3b1,1839,76,96,11942,crushing endgame fork interference short,https://lichess.org/53KklHhE/black#54,
afUzx,2r3k1/pp1r4/3PK1p1/7p/8/5B2/PP3PP1/3R4 b - - 1 32,d7f7 d6d7 c8d8 f3b7,1867,75,91,718,advancedPawn advantage endgame interference short,https://lichess.org/rLXn3Cwz/black#64,
agIEb,8/7p/5pkP/3p2p1/3P1qP1/2P5/Q2K1P2/8 w - - 1 38,d2d3 f4f3 d3c2 f3f2 c2b3 f2a2,1718,74,96,3632,crushing endgame interference long queenEndgame,https://lichess.org/P0Lb2COr#75,
agQwa,r1b4r/p4qpk/1pNP3p/2p5/8/2N5/P2Q1PPP/4R1K1 b - - 1 21,c8b7 e1e7 f7g6 e7b7,1870,77,86,1280,crushing interference middlegame short,https://lichess.org/gRnD5AbV/black#42,
ai8wC,r3k2r/p1p2ppp/2p1b3/8/2p2B2/P1q5/2P1QPPP/R3R1K1 b kq - 1 15,a8c8 f4e5 c3a5 e5g7,1614,77,78,95,advantage interference middlegame short,https://lichess.org/2RhFSJtb/black#30,Scotch_Game Scotch_Game_Schmidt_Variation
aiSxx,r3r1k1/pp3pp1/2p3p1/4P3/3pNP2/8/1qPR1QPP/3KR3 w - - 0 27,c2c3 b2b1 d1e2 b1e4,1742,76,88,741,advantage interference middlegame short,https://lichess.org/MR24O3an#53,
aivJY,4r1k1/1p3qbp/2p2n2/5Q2/1B4p1/P2P2P1/4rPBP/1R3RK1 w - - 2 31,b4c5 e2e5 f5f4 e5c5,1775,74,90,1459,advantage interference middlegame short,https://lichess.org/sP5s4REy#61,
alG5r,7k/p1b4p/1pn5/3p4/3P2q1/4Kp2/PP6/R2Q1R2 w - - 0 31,d1f3 g4d4 e3e2 d4b2 e2d1 b2a1,1822,87,79,45,crushing endgame interference long,https://lichess.org/xz7LgdNt#61,
alcPV,r1b2rk1/p1p1bppp/8/2p2q1R/8/2B3P1/PPP2P1P/RN1Q2K1 b - - 5 16,f5e4 h5e5 e4c6 e5e7 c8b7 f2f3,1861,75,94,3877,crushing defensiveMove interference long middlegame,https://lichess.org/QC8q9Oik/black#32,Scotch_Game Scotch_Game_Schmidt_Variation
anHYa,7Q/1b2kpp1/p3n2p/3p2q1/1P1B4/P3PP2/6PP/1B4K1 w - - 6 33,d4b6 d5d4 h8b8 g5e3,1853,75,88,553,crushing endgame interference short,https://lichess.org/bebwc6TH#65,
aoU9H,r3nrk1/1p2qp1p/4p1p1/PQ1pN3/3P4/4PP2/1PR3PP/2R3K1 w - - 3 28,e5d7 e8d6 b5a4 b7b5 a4b4 e7d7,1812,76,92,1910,advantage interference long middlegame,https://lichess.org/TN3jQ5jn#55,
aqwAN,2kr3r/ppp1nppp/4q3/4P3/2PR1Q2/P4N2/1Pb1PPPP/4KB1R w K - 1 14,d4d8 h8d8 f3d4 e6c4,1740,76,91,3121,advantage interference middlegame short,https://lichess.org/2zQk5JJs#27,Queens_Gambit_Declined Queens_Gambit_Declined_Albin_Countergambit
asSJM,4k2r/5pp1/2p1p3/2Bp4/1Pq3p1/4PK2/r1PQ3P/2R3R1 w k - 0 27,g1g4 h8h3 g4g3 c4e4 f3e2 h3h2,1726,94,87,40,crushing interference long middlegame pin,https://lichess.org/T1KwvPmP#53,
asb4Y,2rb1rk1/1p3ppp/p2N4/3Pn1P1/5Q1P/5P2/qPP5/2KR1BR1 w - - 0 22,f4e5 a2a1 c1d2 d8a5 c2c3 a1b2,1892,92,68,35,crushing interference long middlegame queensideAttack,https://lichess.org/3bBHs6Zs#43,
asrLG,r6k/4Npp1/p3P2p/1pp1n3/6P1/7P/1qPKQ3/3R3R w - - 0 22,d1b1 a8d8 d2e1 b2b1,1861,74,97,1670,crushing interference middlegame short,https://lichess.org/zBlPaGd2#43,
au3JM,5rk1/2qb2p1/p1pbp1Qp/3p4/N2P1r2/3B4/PP3PPP/2R1R1K1 b - - 1 21,f4f2 g6h7 g8f7 g1f2,1827,75,85,85,crushing interference middlegame short,https://lichess.org/hWZkyevs/black#42,
au8so,8/5p1k/p3PQbp/8/2P2B2/1P3p1q/1P3K1P/8 w - - 1 37,e6f7 h3g2 f2e3 g2e2 e3d4 e2b2,1803,74,94,504,crushing endgame exposedKing interference long master,https://lichess.org/IZzg1HYS#73,
awKTv,1r3rk1/1q2bppp/8/5b2/1pRBp2P/6Q1/1PP5/1NK4R b - - 3 24,f7f6 c4c7 b7d5 c7e7,1896,74,94,6909,crushing interference master middlegame short,https://lichess.org/vZqV5kmP/black#48,
awOGO,r3k2r/ppq2p2/2pb1p1p/8/4P3/5Q1P/PPP2PP1/RN2K2R w KQkq - 0 14,f3f6 d6e5 f6f5 e5b2,1670,76,87,138,advantage interference master middlegame short,https://lichess.org/ClXVihAI#27,Philidor_Defense Philidor_Defense_Other_variations
axs7X,1r2r1k1/p3p1bp/2pp4/2p2P2/4N3/8/PPP3PP/1R3RK1 b - - 1 18,b8b2 f5f6 e7f6 b1b2,1810,75,87,110,advantage endgame interference intermezzo master short,https://lichess.org/wSiJTwRv/black#36,Sicilian_Defense Sicilian_Defense_Closed
axu4c,8/7k/2R3p1/1p1p2p1/1P4P1/2P1RK1P/5P2/r6r w - - 3 45,f3e2 a1a2 e2f3 h1h3 f3g2 h3e3,1878,76,84,635,crushing deflection endgame interference long pin rookEndgame,https://lichess.org/BXG8beTo#89,
ay5mF,8/6bk/3R3p/3Pp1p1/P3PqP1/1r5P/4Q1K1/4B3 w - - 0 47,d6c6 b3e3 e2f1 f4e4,1678,75,94,426,advantage endgame interference master short,https://lichess.org/MCQd7jbh#93,
ayNgn,7k/1p4R1/p6p/4p3/4Pb1P/1P6/P5RK/5r2 w - - 3 39,h2h3 f1h1 h3g4 h8g7,1693,80,95,17094,crushing endgame interference short,https://lichess.org/Uwc3JmS9#77,
ayoUR,2r3k1/p1r3pp/1p2p3/2p2q2/1P1p1P2/PQ1P2P1/7P/2R1R1K1 w - - 0 29,e1e6 c5c4 d3c4 f5e6,1649,78,92,653,crushing endgame interference intermezzo short,https://lichess.org/zSM2od35#57,
ayyrY,2rrk3/4pp1Q/1p4p1/p7/2P1q3/6P1/PP1p1P1K/3R3R b - - 5 37,c8c4 h7h8 e8d7 d1d2,1676,77,93,2686,advantage endgame interference short,https://lichess.org/u8gaSQsG/black#74,
azXBt,rnbqkb1r/p3pppp/1p1p4/3nP3/3Q1P2/5N1P/PPP3P1/RNB1KB1R b KQkq - 0 7,d6e5 f1b5 c8d7 d4d5,1752,74,95,21865,crushing interference opening short,https://lichess.org/bPU47jdd/black#14,Alekhine_Defense Alekhine_Defense_Other_variations
azcRm,4r1k1/pp2q3/2p1b1p1/5p1p/1PP4P/P2Q2P1/1N1RP1K1/8 w - - 1 29,d3d6 e6d5 c4d5 e7d6,1728,76,84,391,crushing endgame interference master short,https://lichess.org/hvVlGRrR#57,
azutX,r6r/kb1R3p/pq5p/P3Q1b1/1P6/7P/2P2PP1/5RK1 b - - 0 28,b6c6 e5d4 a7b8 d4h8 b8a7 h8d4,1873,75,90,2295,crushing interference long middlegame,https://lichess.org/e3DkStCI/black#56,
b0I9b,8/8/6p1/7p/1Rk3p1/6P1/2r2rP1/1R4K1 b - - 8 39,c4c3 b1b3 c3d2 g1f2,1819,75,93,1785,advantage endgame interference rookEndgame short,https://lichess.org/IJamZnDc/black#78,
b1bPA,2kr3r/1p2q1p1/N1p1p1p1/4np2/1P1b4/P5Q1/2P2PPP/3RK2R b K - 1 22,e5g4 g3b8 c8d7 d1d4,1654,77,92,5170,advantage interference middlegame queensideAttack short,https://lichess.org/IXJyJKsj/black#44,
b2f4k,5rk1/3r1pb1/p2pp2p/2p4P/NqP2Q2/1P6/P4PP1/1R1R2K1 w - - 2 25,d1d6 e6e5 f4e3 d7d6,1742,105,78,33,advantage interference intermezzo middlegame short,https://lichess.org/ZSyS53s3#49,
b2xBG,8/pp6/7p/4kp2/7r/2P1K3/PP5P/3R4 w - - 8 34,d1d2 h4h3 e3f2 h3h2 f2f3 h2d2,1775,75,84,154,crushing endgame exposedKing interference long rookEndgame skewer,https://lichess.org/tKckwyuE#67,
b3M0u,rnbqkbnr/pppp3p/5p2/4P1N1/5p2/8/PPPP2PP/RNBQKB1R b KQkq - 0 5,f6g5 d1h5 e8e7 h5g5 e7e8 g5h5,1756,75,89,76,crushing interference long opening,https://lichess.org/4eAjXWhA/black#10,Kings_Gambit_Accepted Kings_Gambit_Accepted_Kings_Knights_Gambit
b541K,4rk2/p5p1/3b1n1p/8/2Q5/5qP1/PP1B3P/5RK1 b - - 5 29,f3e2 f1f6 g7f6 d2h6 f8e7 c4e2,1677,76,97,16044,crushing deflection interference long middlegame,https://lichess.org/6EbiHpUZ/black#58,
b5iMt,1b2r2k/p2R2p1/1p2p1qp/5p2/2B5/P1B2N2/1PP2PPP/6K1 b - - 0 29,e6e5 c4f7 g6c6 f7e8 c6c8 d7e7,1813,78,91,176,advantage fork interference long middlegame,https://lichess.org/vvoIl9V4/black#58,
b6SPn,b1q2rk1/Q1Bnbppp/R3p3/3p4/2pP4/1pP1P3/1P1NBPPP/6K1 w - - 4 19,d2f3 a8b7 a6a5 c8c7 a5b5 f8b8,1843,75,95,1117,crushing defensiveMove interference long middlegame,https://lichess.org/ThtUxFOC#37,Horwitz_Defense Horwitz_Defense_Other_variations
b6Vr7,3r4/1pk3r1/1Pp1p3/2P1Pp2/8/5Q2/5PBq/R4K2 b - - 0 35,c7b8 a1a8 b8a8 f3a3 a8b8 a3a7 b8c8 a7a8 c8d7 a8b7 d7e8 b7g7 d8d1 f1e2 h2h5 g2f3 d1d2 e2d2,1815,76,92,3769,attraction crushing deflection endgame interference sacrifice skewer veryLong,https://lichess.org/XQrxisg8/black#70,
b71jL,7r/1k2q3/2p5/Qp3p1r/3P1B2/2P1Pn2/P4PK1/1R3R2 w - - 0 27,g2f3 e7e4 f3e2 e4c2 e2e1 c2b1,1834,166,100,21,equality interference long middlegame,https://lichess.org/bQHIWWsh#53,
b7AgG,r4rk1/2q3p1/p2p2B1/3bp3/1p1N4/7Q/PPP4P/2KR4 b - - 0 23,f8f2 h3h7 g8f8 h7h8 f8e7 h8g7,1696,78,91,1738,crushing deflection interference long middlegame,https://lichess.org/QUiTcVhB/black#46,
b8I9E,r1b5/pp3kp1/5np1/2b2q2/2N1p3/1P4Q1/P4PPP/R1R4K b - - 7 24,c8e6 c4e5 f7g8 c1c5,1852,138,21,9,advantage discoveredAttack interference middlegame short,https://lichess.org/ix51RFTd/black#48,
bBUSc,4r1k1/p1Rb1pbp/6p1/1pBp4/5Q2/1BP3Pq/PP3P1P/6K1 w - - 7 26,c5e3 g7e5 f4f3 e5c7,1748,75,95,4617,advantage fork interference middlegame short,https://lichess.org/Q7abryes#51,
bDH5j,1rb2r1k/pq2pp1p/3p4/1ppNnpQ1/4P3/3P2PP/PPP3B1/R4RK1 w - - 2 18,d5e7 f7f6 g5h6 b7e7,1609,75,95,4938,advantage interference intermezzo middlegame short,https://lichess.org/VkBqGF6q#35,Sicilian_Defense Sicilian_Defense_Closed
bE02q,r4r2/3kb3/p1p4p/2p1P1q1/8/1Q1P2R1/PPP3PP/4R1K1 b - - 6 25,g5d2 b3b7 d7d8 b7a8 d8c7 a8a7,1731,76,92,1944,crushing interference long middlegame,https://lichess.org/zQWGzgPS/black#50,
bEKvz,r3kr2/p1p2B1p/1p1p1Q2/3P4/4P3/3Pq1Pb/PP5P/5R1K b - - 0 24,e8d7 f7e6 h3e6 f6e6 d7d8 f1f8,1637,75,96,14314,interference long mate mateIn3 middlegame,https://lichess.org/R5riTGeV/black#48,
bF41q,r3n1k1/p3Pp1p/1p4p1/2p1B3/2P5/8/P4PPP/4R1K1 b - - 0 26,f7f5 e1d1 a8c8 d1d8 c8c6 d8e8,1617,74,92,3030,crushing endgame interference long quietMove,https://lichess.org/BzqtNj6Y/black#52,
bFoFO,r4k2/pb2pPbp/7q/8/2p1P3/2Nr2P1/PPQ3BP/2R2R1K w - - 2 23,c3e2 d3d2 c2a4 d2e2,1650,75,86,124,advantage interference middlegame short,https://lichess.org/lnZEvdC1#45,
bGIZx,r1b2nrk/2q2p1p/p2p1b2/2pPpN2/1pP1P2N/6BP/PP1Q1PP1/3RR1K1 w - - 5 25,f5h6 f6g5 d2e2 g5h6,1694,77,90,1893,advantage interference middlegame short,https://lichess.org/B6jkU1U8#49,
bGTvF,2kr3r/pp2nppp/3bbn2/2qpN1B1/8/2NB4/PPP1QPPP/R4RK1 w - - 10 13,h2h3 d5d4 c3e4 c5e5 e4d6 e5d6,1698,76,89,305,crushing discoveredAttack interference long middlegame,https://lichess.org/rZZdBJEW#25,Sicilian_Defense Sicilian_Defense_Franco-Sicilian_Variation
bHBw2,8/1r2p3/3p4/p2P4/P1PK4/1P2R3/k7/8 w - - 1 60,c4c5 b7b4 d4d3 b4b3,1832,75,88,1433,crushing endgame interference rookEndgame short,https://lichess.org/95gZoVw3#119,
bJtp6,r2q1rk1/pp2ppbp/2bp2p1/4n1B1/4PQ2/2N2N2/PPP2PPP/R2R2K1 w - - 8 13,f3d4 f7f6 g5h6 g6g5 f4g3 g7h6,1854,77,89,213,advantage interference long middlegame,https://lichess.org/XKWOvp9f#25,Sicilian_Defense Sicilian_Defense_Chekhover_Variation
bKYkR,4R2Q/5kp1/8/3q1K2/5P2/8/7P/8 w - - 3 48,e8e5 g7g6 f5g4 d5g2 g4h4 g2h2,1682,76,93,4065,crushing endgame interference long,https://lichess.org/9n0IZ7Pp#95,
bLF2d,4qk2/r1p2p2/p5p1/1p2nN2/1Pb1P2Q/2P4B/P7/3R2K1 b - - 4 36,g6f5 h4h8 f8e7 h8e5,1843,79,93,10914,crushing interference master middlegame short,https://lichess.org/hpDXuCTs/black#72,
bLdkP,r4rk1/ppp2pp1/2qp3p/4p2n/3P2bP/P1N1P3/1PPQB3/2KR3R b - - 3 17,g4f3 d4d5 c6d7 e2f3,1726,74,99,293,advantage interference middlegame short,https://lichess.org/CuHDO1SY/black#34,Italian_Game Italian_Game_Giuoco_Pianissimo
bLgv0,7R/8/8/8/3rk3/7p/2K5/8 b - - 1 64,d4d3 h8h4 e4f3 h4h3,1882,78,91,1797,crushing endgame interference rookEndgame short,https://lichess.org/c1NL8ZT9/black#128,
bLzJU,r2qr1k1/pp2bpp1/2n1p2p/3p1b2/2Ppn3/PPNBPN2/1BQ2PPP/R4RK1 w - - 0 13,c3e4 d5e4 d3e4 d4d3 e4f5 d3c2,1775,74,94,10453,advancedPawn crushing fork interference long middlegame,https://lichess.org/q3FE4IXv#25,Queens_Gambit_Declined Queens_Gambit_Declined_Baltic_Defense
bNKTX,1k1r1b1r/pp3ppp/2p1n3/3PpB2/1PP5/4qP2/P1Q1N1PP/R4R1K w - - 1 19,d5c6 d8d2 c2a4 e3e2,1634,76,95,23203,advantage interference middlegame short,https://lichess.org/1zKM8fie#37,Caro-Kann_Defense Caro-Kann_Defense_Main_Line
bNWJ7,3k4/p4qp1/1pQpp2p/7N/3P1nP1/P6P/1P3P2/6K1 b - - 2 28,f4h5 c6a8 d8e7 a8a7 e7f6 a7f7 f6f7 g4h5,1796,88,88,82,advantage endgame exposedKing interference veryLong,https://lichess.org/QcVmJXZz/black#56,
bPQS6,r1b1k2r/pp1pppb1/2n3p1/7p/4NB2/5N2/qPPQ1PPP/2KR1B1R w kq - 0 11,d2d5 g7b2 c1d2 a2d5,1867,80,85,51,crushing interference opening queensideAttack short,https://lichess.org/29jZEIZZ#21,Indian_Defense Indian_Defense_Other_variations
bQwB2,4r3/7R/1p4p1/p1pp2k1/8/2PK4/P3r3/6R1 b - - 5 36,g5f4 h7f7 f4e5 d3e2,1879,75,96,461,advantage endgame interference rookEndgame short,https://lichess.org/1d2CBDQL/black#72,
bR17I,rqb2rk1/4b1p1/p2p2p1/3Pp2Q/1pP5/4B1P1/PPN2P1P/R4RK1 w - - 0 19,h5g6 c8f5 g6h5 f5c2,1634,80,88,82,advantage interference middlegame short,https://lichess.org/hUgv8rgU#37,Sicilian_Defense Sicilian_Defense_Lasker-Pelikan_Variation
bRnpy,4r1k1/pp5p/1n1qrP2/3p4/2pQ4/4R2P/6K1/4R3 b - - 0 33,e6e3 d4g4 g8f7 g4g7 f7e6 e1e3,1735,76,93,322,crushing endgame interference long,https://lichess.org/yjVrP31D/black#66,
bSKIQ,r3r3/3q1kpQ/2p1p3/1p1nP3/p6N/P7/1P3PP1/RB4K1 b - - 0 30,e8h8 b1g6 f7f8 h7h8,1692,77,89,414,crushing interference middlegame short,https://lichess.org/cHHsZGXc/black#60,
bT7BH,3r1rkb/ppq1pp2/6p1/2p4n/4R3/2PP3P/PP4P1/R1BQ1BK1 b - - 0 21,h5g3 c1f4 c7b6 f4g3,1686,75,95,23266,advantage interference middlegame short,https://lichess.org/DOu2iYgl/black#42,
bUPY6,8/5rkp/6p1/p1pq2P1/1p6/4Q2P/P2R3K/8 b - - 1 35,d5b7 e3e5 g7g8 d2d8 f7f8 d8f8 g8f8 e5h8 f8f7 h8h7,1802,113,82,17,attraction crushing endgame interference veryLong,https://lichess.org/G3Zvo1kp/black#70,
bV8Ng,r1b2rk1/ppp2pp1/7p/2R5/2nP4/2P2N2/P4PPP/R1B3K1 b - - 1 17,c8e6 d4d5 f8d8 c5c4,1822,75,93,6871,advantage interference middlegame short,https://lichess.org/kxd7p2d4/black#34,Italian_Game Italian_Game_Classical_Variation
bWA8I,8/8/r3pk2/7R/5K2/P7/8/8 w - - 1 56,h5h3 a6a4 f4f3 a4a3,1712,81,92,122,crushing endgame interference rookEndgame short,https://lichess.org/YzqQMR3i#111,
bXum0,8/4Qp2/2p2Pk1/P7/P1q1p3/2P5/1K6/8 b - - 2 61,c4a4 e7b4 a4d1 b4e4,1761,76,94,614,crushing endgame interference master queenEndgame short,https://lichess.org/r7RrMfjz/black#122,
bZlnc,8/1p4pk/p1n1Qp2/7p/3P3P/3KPRP1/Pq6/8 w - - 6 41,f3f5 c6b4 d3c4 b2a2,1884,79,84,62,crushing endgame interference short,https://lichess.org/HawyYFxw#81,
bZqsi,r3k2r/pp1qbppp/8/2pnQ3/8/5N2/PPP2PPP/R1B2RK1 b kq - 1 14,e8g8 f1d1 f8d8 c2c4 e7d6 e5d5,1855,75,82,110,advantage interference long middlegame,https://lichess.org/NvTzyly2/black#28,Scotch_Game Scotch_Game_Other_variations
baYlD,6k1/5pp1/3p3p/2pPr1qP/1p1pR1P1/3P1Q2/1PP2PK1/8 b - - 1 30,e5d5 e4e8 g8h7 f3e4 f7f5 e4d5 g5g4 g2f1,1609,80,81,51,advantage defensiveMove endgame interference veryLong,https://lichess.org/eYCI8sYw/black#60,
bbivH,8/5ppk/4p3/4Pq1p/5P2/3r2P1/4QRKP/8 b - - 5 34,h5h4 g3g4 f5g6 f4f5 e6f5 e2d3,1632,74,95,538,advantage endgame interference long master,https://lichess.org/BDOMz08a/black#68,
bbjIb,1R6/K7/p4r2/Pp6/1P2k3/8/8/8 b - - 13 52,e4d4 b8b6 f6f1 a7a6 d4c4 b6b5,1865,77,92,985,crushing endgame interference long rookEndgame,https://lichess.org/g47wVp5L/black#104,
bcCg1,8/5k1p/5b2/3N4/3P2Qp/8/P2q2K1/8 w - - 3 50,g2f3 d2d1 f3f4 d1d4,1699,76,90,1457,crushing endgame interference master short,https://lichess.org/irFArsrp#99,
bcZEJ,4k2r/1bq2pp1/p3pn2/1p4N1/4P2p/2P1B2P/PPB3Pb/3Q1R1K b k - 2 21,f6h5 f1f7 h5g3 h1h2 g3f1 h2g1,1650,75,93,1521,attackingF2F7 crushing interference long master middlegame,https://lichess.org/wxsNnxeS/black#42,
bcrky,rnbk2nr/ppp2Bpp/2Np4/2bQ1qp1/8/2P2N2/PP3PPP/4RK1R b - - 1 14,b7c6 e1e8 d8d7 d5f5,1882,85,53,52,interference mate mateIn2 middlegame short,https://lichess.org/zKjkA2sl/black#28,Bishops_Opening Bishops_Opening_Lewis_Gambit
beSpN,r1bqk2r/pp6/2n1pnQ1/3p1p2/2PP4/2N5/PP3PPP/R3KB1R b KQkq - 2 13,e8d7 g6g7 c6e7 g7f6,1799,78,95,18062,advantage interference opening short,https://lichess.org/edThSFCb/black#26,Dutch_Defense Dutch_Defense_Normal_Variation
bfUXv,4k3/3b2q1/2r1p1p1/Qp1n2B1/6P1/P3R2P/1P3P2/6K1 b - - 20 38,d5e3 a5d8 e8f7 d8d7,1794,88,43,28,crushing deflection endgame interference short,https://lichess.org/47VbbUxg/black#76,
bfWsO,5rk1/pb2rpp1/7p/1Bb3q1/4p3/PQ4N1/1PP3PP/4RR1K b - - 3 24,e4e3 f1f5 g5g6 f5c5,1846,75,95,4155,advantage interference middlegame short,https://lichess.org/OyY5y7Gj/black#48,
bhveT,8/p5Q1/4P1pk/5p2/2p1bp2/P1B3q1/1P4P1/6K1 b - - 2 44,h6g5 c3f6 g5h5 g7h7 h5g4 h7g6,1619,75,100,426,deflection endgame interference long mate mateIn3,https://lichess.org/nT41hZaE/black#88,
biMFa,5rk1/pp1R1ppb/q1p1p2p/4R3/2P5/bPB2NP1/5PBP/6K1 b - - 1 21,h7c2 e5a5 a6b6 a5a3,1829,83,92,5593,advantage interference middlegame short,https://lichess.org/ok7ES79S/black#42,
bivdR,1r3r2/2p2k2/2p1b3/3q4/p3pQ2/P2P3P/1PP5/2KR2R1 b - - 3 26,d5f5 f4c7 f7e8 c7b8,1660,79,95,1672,crushing interference middlegame short,https://lichess.org/47o2iw9M/black#52,
bjnQP,3b3r/6p1/2bBQpk1/2P5/1p2N2p/3P1P1P/6PK/q7 b - - 5 32,a1d4 e6g4 g6h6 g4h4,1895,109,89,27,advantage interference master middlegame short,https://lichess.org/h8huec0U/black#64,
blczW,8/2p2PK1/p1pk4/8/1PP5/P7/7p/8 b - - 0 37,d6e5 f7f8q h2h1q f8f6 e5e4 f6c6,1707,78,96,14231,advancedPawn crushing endgame interference long promotion,https://lichess.org/6utDYipr/black#74,
bmiQm,1r6/k1p2pp1/pr3n2/R6p/3N4/4P2P/5PP1/2R3K1 b - - 5 28,b6b1 d4c6 a7a8 a5a6 a8b7 c1b1,1693,75,84,92,crushing deflection endgame fork interference long,https://lichess.org/pQ9LQxcH/black#56,
bmrRH,r4rk1/1bpp3p/pp2pn1q/6p1/2PN2PN/4P1P1/PP2BP2/R2Q1RK1 w - - 1 19,h4g2 h6h3 d4f3 f6g4,1869,152,82,26,advantage interference master middlegame short,https://lichess.org/31YWGG9V#37,
bnRMD,r4rk1/1b2bp1p/p1q3p1/8/2p2B2/2P4Q/PPB3PP/3R1R1K b - - 4 22,e7f6 d1d6 c6e8 d6f6,1654,76,87,708,advantage interference middlegame short,https://lichess.org/twBi92Mh/black#44,
bnYD1,1r2r1k1/p1pq1pp1/3b2n1/7Q/3P2b1/1PN1P1P1/P4PBP/R1B2RK1 w - - 1 17,h5a5 d6b4 a5d5 b4c3 d5d7 g4d7,1628,78,87,69,advantage interference long middlegame,https://lichess.org/vlT4jtMC#33,English_Opening English_Opening_Kings_English_Variation
boE1b,r1b1k2r/p3nppp/1p2p3/3pP3/3N1B2/P1q5/2B1KPPP/R2Q3R w kq - 0 15,a1c1 c8a6 c2d3 c3d4 d3a6 d4f4,1888,76,91,261,advantage interference long middlegame,https://lichess.org/8NU8FMVS#29,Sicilian_Defense Sicilian_Defense_Alapin_Variation
bon5c,r1bqk2r/1p4pp/p1n1pp2/2bN2N1/P1B2Q2/8/5PPP/R4RK1 b kq - 0 14,f6g5 d5c7 e8e7 f4g5,1735,76,88,489,advantage fork interference intermezzo middlegame short,https://lichess.org/3Cs9D1Fv/black#28,Sicilian_Defense Sicilian_Defense_Smith-Morra_Gambit
bq6Qo,6k1/5pp1/r1p1p2p/Pn1p4/2pP4/2P1PP1P/RQ4PK/2B1q3 b - - 6 34,b5c3 c1d2 e1b1 d2c3,1627,76,86,65,crushing endgame interference short,https://lichess.org/11EgV16s/black#68,
bqILc,rn1qkb1r/p4ppp/4p3/3n4/p1QP4/5BP1/1P2PP1P/R1B2RK1 b kq - 0 12,f8d6 f3d5 e6d5 c4d5 b8d7 d5d6,1859,78,92,512,advantage interference long opening,https://lichess.org/NkWXCJEa/black#24,Slav_Indian Slav_Indian_Other_variations
bsgZc,r1bq3r/5pk1/p1p2nn1/1pbpN1Q1/4P3/P2P2NP/BPP2PP1/R3K2R b KQ - 0 16,f6h7 g3h5 g7g8 g5d8,1667,77,95,19222,crushing interference middlegame short,https://lichess.org/psuxO3pf/black#32,Bishops_Opening Bishops_Opening_Berlin_Defense
bsqmd,r1b2rk1/1p5p/1q4p1/p1bpB1Q1/P5pP/2P1P3/1P1N1PP1/R4RK1 w - - 0 18,h4h5 f8f5 g5g4 f5e5,1683,76,94,941,advantage interference middlegame short,https://lichess.org/yEESOxnh#35,Horwitz_Defense Horwitz_Defense_Other_variations
buIXa,r6r/3pk1p1/pp2ppp1/2q5/2P1Q3/5P1P/P1P3P1/3R1R1K b - - 2 23,c5f5 d1d7 e7d7 e4b7 d7e8 b7a8 e8f7 a8h8,1851,82,79,49,attraction crushing endgame interference sacrifice skewer veryLong,https://lichess.org/NqffsRYn/black#46,
bvnMD,5bnr/r3kppp/B2p4/2q1p3/Q3P3/2B2P2/PP3P1P/2R1K2R w K - 3 22,e1g1 c5b6 c3a5 b6a6,1774,197,100,29,equality interference middlegame short,https://lichess.org/ZGidUxIt#43,
bwukc,r2q1rk1/pp1b1ppp/5b2/4pP1N/3pN3/3Q4/PPP3PP/R4R1K b - - 3 17,f6g5 f5f6 g7g6 e4g5,1724,78,94,10984,advantage interference master middlegame short,https://lichess.org/cRV9JAet/black#34,Sicilian_Defense Sicilian_Defense_Nimzowitsch_Variation
byIpe,3r3r/p2pkp1p/3Rp3/2QbP3/5P2/2P5/2q3PP/4R2K b - - 0 24,d8c8 d6c6 d7d6 c5d6 e7e8 c6c8,1770,80,93,675,discoveredAttack discoveredCheck interference long mate mateIn3 middlegame,https://lichess.org/uEwdNby0/black#48,
byqfl,r4rk1/ppp2ppp/5q2/3P4/2p5/8/PPQNbPPP/R3R1K1 b - - 6 16,f8e8 d2e4 f6d4 e1e2,1632,78,96,19703,advantage interference middlegame short,https://lichess.org/sB67T4MG/black#32,Italian_Game Italian_Game_Classical_Variation
bzLCr,5k2/r2q3p/3P2p1/1p2Qn2/2p5/P1P5/1P5P/3R3K b - - 2 34,a7a6 e5h8 f8f7 h8h7 f5g7 d1f1,1617,76,89,468,advantage endgame exposedKing interference long,https://lichess.org/fLJTNQ51/black#68,
bzf3B,r3kbnr/p1p2ppp/3p4/1p2p3/3nq3/2P4P/PP1P2P1/RNBQ1BKR b kq - 0 11,d4c2 d2d3 e4a4 b2b3 a4a5 d1c2,1710,76,90,2042,advantage interference long middlegame,https://lichess.org/IhicxFBy/black#22,Kings_Gambit Kings_Gambit_Other_variations
c0gPw,5r2/1p2p1kp/p2p1rp1/q1pP2RP/2P5/2PQ1P2/P4P2/2K3R1 b - - 0 24,f6f3 g5g6 g7f7 d3f3,1691,74,95,6502,crushing endgame interference intermezzo short,https://lichess.org/tjJexc9R/black#48,
c3ubg,r1b3k1/p1q3pp/1p1bprp1/8/7Q/2P2N2/PP1N1PPP/R4RK1 w - - 0 17,d2e4 f6f4 h4g5 f4e4,1785,75,96,16525,crushing interference middlegame short,https://lichess.org/pputrVla#33,Sicilian_Defense Sicilian_Defense_Alapin_Variation
c5ArM,r2q2k1/pb3R1p/1p4pb/2p5/6Q1/8/PPP3PP/5R1K b - - 0 25,b7d5 f7d7 d8e8 d7d5,1780,75,90,771,advantage interference middlegame short,https://lichess.org/HnQlCz8X/black#50,
c6Zxm,r4r2/ppkb4/2p1pq2/3n4/8/5B2/6PP/1Q1RR1K1 b - - 7 31,d5c3 d1d7 c7d7 b1b7 d7d8 b7a8,1797,73,95,16732,advantage attraction deflection interference long middlegame,https://lichess.org/IQlASg2p/black#62,
c6bNJ,3r3k/pp1r1pp1/2n2q1p/4p2b/2PpB3/P3P2P/1PQR1PPN/5RK1 w - - 3 22,e4f5 d4d3 d2d3 f6f5,1812,75,85,67,crushing interference middlegame short,https://lichess.org/V9glnR5R#43,
c7G6x,3rrk2/1bq2ppQ/pp2p1Np/2b4P/2P5/1P5P/PB2Nn2/1BRR2K1 b - - 3 27,f7g6 h7h8 f8e7 h8g7,1678,75,97,3453,deflection epauletteMate interference mate mateIn2 middlegame short,https://lichess.org/wtfOC6CP/black#54,
c83dj,r5rk/1p3p1p/p3b2B/2p1n2p/3pP3/1P1P2qP/1PP1QRP1/5R1K b - - 13 26,g8g6 h6f4 g3h4 f4e5,1719,75,81,165,advantage interference kingsideAttack middlegame short,https://lichess.org/hC99QPcH/black#52,
c8BdK,2kr3r/ppp1bBpp/8/1q2p3/3n4/2P1BP2/PP3P1P/R2QK2R w KQ - 1 17,c3d4 e7b4 e3d2 d8d4,1816,77,96,14046,advantage deflection interference master middlegame short,https://lichess.org/AOp7zhji#33,Scandinavian_Defense Scandinavian_Defense_Main_Line
c986b,r7/pp4pk/2p4P/2b1r3/6Pq/1Q5P/PP2P3/R1B2R1K w - - 7 26,h6g7 e5e3 c1e3 h4h3,1721,77,93,366,advantage interference master middlegame sacrifice short,https://lichess.org/ZSMie1wr#51,
c9N1e,8/3k3p/4p2b/2p1Pp2/1pP2P1K/pP1N4/P6P/8 b - - 8 43,h6f8 h4g5 d7e7 d3c5,1658,75,95,16354,crushing endgame interference master short,https://lichess.org/DlvU3sam/black#86,
cA9H3,r2qkb1r/5ppp/p3pn2/3p4/1p1Q4/1B3P2/PPP1NP1P/R3K1R1 b Qkq - 1 15,g7g6 b3a4 e8e7 d4b4 d8d6 b4b7,1897,75,96,2167,advantage interference long middlegame,https://lichess.org/QVTXmSa0/black#30,Sicilian_Defense Sicilian_Defense_Najdorf_Variation
cAlBq,1r4k1/6p1/2bpp1rp/8/1p2P3/1Pp3qP/P3QRP1/R1B4K b - - 2 32,d6d5 c1f4 g3h4 f4b8,1699,74,96,23911,advantage fork interference middlegame short,https://lichess.org/eBRw6DKZ/black#64,
cAxoo,r4rk1/1bq3p1/3pp1P1/p4p2/1p2P3/3BRQ1K/2P4P/7R b - - 0 27,f5e4 f3h5 f8f5 h5h7 g8f8 h7h8 f8e7 h8g7,1814,99,26,24,advantage deflection interference middlegame veryLong,https://lichess.org/2wc9SJ09/black#54,
cBb31,5rk1/p2q2p1/2p2n1r/1pb3N1/4RP2/6PP/PPP1Q1K1/3R4 b - - 4 25,d7f5 e4e5 f5g6 e5c5,1778,75,81,99,advantage interference middlegame short,https://lichess.org/fZPFFimn/black#50,
cC9TE,7r/1p1kb3/1q2pp2/3p3p/QPpP4/4B3/5PPP/4R1K1 b - - 0 27,d7c7 e3f4 e7d6 e1e6,1664,76,87,72,advantage discoveredAttack endgame interference short,https://lichess.org/kYgiAY9a/black#54,
cC9mq,5rk1/pb1n1p1p/6r1/1p1q2p1/2pPpB2/2P3R1/PPBQ1PP1/R6K w - - 2 23,g3g5 g6g5 f4g5 e4e3 f2e3 d5g5,1896,76,92,513,advantage interference intermezzo long middlegame,https://lichess.org/lmCoOyda#45,
cCSTU,8/5Q2/6p1/P1p2k2/2P2p2/8/4pqPK/8 b - - 7 50,f5e4 f7d5 e4e3 d5c5 e3d2 c5f2,1636,74,97,2865,crushing deflection endgame interference long queenEndgame skewer,https://lichess.org/YM1OcwG6/black#100,
cCgVe,6r1/1pq2k1p/8/p1pP1p2/2P1pb2/PPQ4P/5R2/5RK1 w - - 2 33,g1h1 g8g3 c3e1 g3h3,1895,74,88,2042,advantage endgame interference short,https://lichess.org/ZIVMlnXO#65,
cCl4U,r1bq3r/pp2nk1p/2nb1pp1/3p4/3N3Q/3B2P1/PPPP4/RNB2RK1 b - - 2 13,c6d4 h4f6 f7e8 f6h8,1641,75,81,87,crushing fork interference master opening short,https://lichess.org/FPlohU8w/black#26,Kings_Gambit_Accepted Kings_Gambit_Accepted_Kings_Knights_Gambit
cDxO5,8/bP6/2r3p1/B3kp2/7p/3B3P/4KPP1/8 b - - 2 47,c6c5 a5b6 a7b8 b6c5,1607,75,90,730,crushing endgame interference short,https://lichess.org/9Au7z6Rn/black#94,
cDzqF,2r2k1r/4bppp/2p5/B2n4/PpR5/1B6/1PP3PP/5RK1 b - - 0 24,d5e3 f1f7 f8f7 c4c6 f7e8 c6c8,1750,79,93,210,crushing discoveredAttack discoveredCheck interference long master middlegame sacrifice,https://lichess.org/vQwD8dUS/black#48,
cE61x,8/1r4k1/4R3/R2p2P1/3P1r2/P7/1B5n/4K3 w - - 0 39,e6e2 f4f1 e1d2 b7b2 d2c3 b2e2,1607,74,88,89,crushing deflection endgame exposedKing interference long skewer,https://lichess.org/Y8XVhhMy#77,
cFCnG,2r4r/pp1n1ppk/1bn1p1p1/3pq3/1P1P2P1/P2B1P2/3BN1KP/2R1QR2 b - - 1 24,c6d4 e1h4 h7g8 c1c8,1891,76,93,12000,crushing interference middlegame short,https://lichess.org/LjLIFMed/black#48,
cFRKL,1r4k1/7p/5Qp1/8/p2BP2N/6P1/2q2PKP/1r6 b - - 0 44,b1b7 f6h8 g8f7 h8h7 f7e6 h7g6,1829,74,76,212,crushing deflection endgame interference long,https://lichess.org/lJ2JdoUu/black#88,
cGtvs,6k1/6p1/P5pp/2b5/1P6/4p1P1/2P1K2P/8 b - - 0 38,c5b6 c2c4 b6a7 c4c5 g8f7 e2e3,1806,93,100,32,bishopEndgame crushing endgame interference long quietMove,https://lichess.org/39lHEeAU/black#76,
cHOD7,3r4/ppk3p1/1npp1n2/4p3/4P3/P2P3q/1PPKN3/R1BQR3 w - - 0 28,e1h1 f6e4 d3e4 b6c4 d2e1 h3h1,1627,74,84,216,crushing interference long middlegame sacrifice,https://lichess.org/YYkZiifm#55,
cHgZe,6k1/5pp1/p3p2p/1p1p3q/3P1R1P/2Q3P1/PP3PK1/3r4 b - - 5 34,g8h7 c3c2 f7f5 g3g4 h5h4 c2d1,1877,79,75,71,advantage endgame interference long,https://lichess.org/gFBgECnI/black#68,
cKEsc,r2r2k1/1p1q1ppp/1p1pbn2/2p5/4P3/P1NQ3P/1PP1BPP1/3RK2R w K - 4 16,c3b5 c5c4 d3d6 d7b5 d6d8 a8d8 d1d8 f6e8,1634,75,96,14488,advantage interference middlegame veryLong,https://lichess.org/7nWdUEKe#31,Four_Knights_Game Four_Knights_Game_Other_variations
cKN9S,1r2r1k1/p6p/2p2ppB/4p3/1b1p4/1PN2PQ1/q1PKN1P1/3R3R w - - 0 23,d1a1 d4c3 d2e1 a2a1,1852,78,93,12060,crushing interference middlegame short,https://lichess.org/VxhEG2n4#45,
cLtrk,4r3/1pp5/p2p2pk/2nPrbRP/2P2N2/1B3P2/PP3K2/6R1 w - - 1 33,h5g6 c5d3 f2g3 h6g5,1747,77,95,3912,advantage interference master middlegame short,https://lichess.org/yY2Jhq8z#65,
cMz43,r1q4r/pp1bnkNp/3b1p2/1B1pn3/5B2/2P5/PP2QPPP/RN3RK1 w - - 1 13,g7h5 d7g4 e2e1 g4h5,1683,75,96,1961,advantage interference middlegame short,https://lichess.org/vzyXCb9N#25,French_Defense French_Defense_Advance_Variation
cO9xE,r4r2/3k1p1p/5Pp1/2Q1P3/8/p1P3PP/8/7K b - - 0 45,a3a2 c5d6 d7c8 d6f8 c8b7 f8f7,1814,76,80,104,crushing endgame exposedKing interference long queenRookEndgame,https://lichess.org/105zZ1BS/black#90,
cOKjp,2krr3/ppq2ppp/2p5/3P3n/2Q1N3/2P2P1P/PP4Pb/R1B2R1K b - - 6 19,e8e4 f3e4 h5g3 h1h2 g3f1 h2g1,1897,78,92,1598,advantage hangingPiece interference long middlegame,https://lichess.org/ddQg2rzf/black#38,
cPGBy,k7/1p6/pQ1P1q2/6p1/2P4p/2K5/P4P2/4R3 w - - 3 50,c3b4 f6b2 b4c5 b2f2 c5d5 f2b6 e1e8 a8a7,1641,75,94,1337,crushing deflection endgame fork interference skewer veryLong,https://lichess.org/wqwrCsWO#99,
cQFaS,4N3/5k1p/p5p1/1q2pbP1/2p5/b1P5/1B1QR1N1/1K1R4 w - - 1 35,b1a1 a3b2 d2b2 b5a4 b2a2 a4d1 a1b2 d1e2,1792,76,95,1663,crushing exposedKing fork interference middlegame veryLong,https://lichess.org/qD9zvevh#69,
cQIhr,6k1/6pp/3p1p2/3P1q2/2PK4/1R3P2/6PP/7R w - - 0 37,g2g4 f5f4 d4c3 f4f3 c3b4 f3h1,1702,82,92,11888,advantage endgame fork interference long queenRookEndgame,https://lichess.org/eqCdErT4#73,
cQx2m,8/5p1k/6b1/3q4/6p1/3p4/3Q2PP/2RK4 w - - 0 45,g2g3 d5f3 d1e1 f3h1 e1f2 h1h2,1872,74,88,270,crushing endgame exposedKing interference long,https://lichess.org/52w3sqJJ#89,
cTxj2,rn2kb1r/ppp1ppp1/5n1p/8/8/2NPB2q/PP2BP1P/R2QK2R b KQkq - 1 10,h3g2 e2f3 g2h3 f3b7,1695,76,80,87,crushing interference opening short,https://lichess.org/tlQSdmZN/black#20,Zukertort_Opening Zukertort_Opening_Tennison_Gambit
cUeKc,7k/pp3p1p/1q3bnQ/4rN2/8/5BP1/PP1R1PKP/8 w - - 8 30,f5d4 f6g5 h6h3 g5d2 h3c8 h8g7,1656,75,95,8201,crushing defensiveMove fork interference long master middlegame,https://lichess.org/fWB9E5Td#59,
cUnLD,8/8/8/1p3kp1/1P2Rp2/4PK2/1r3P2/8 w - - 2 38,e3f4 g5g4 f3e3 b2b3 e3d4 b3b4,1863,77,98,296,crushing endgame interference long rookEndgame,https://lichess.org/wK1LwNlH#75,
cVS11,r3r1k1/pp5p/3bP1p1/2p2N2/Q1P5/8/P4PPq/1R2RK2 w - - 0 21,f5d6 h2h1 f1e2 e8e6 e2d2 e6d6,1610,78,94,1784,crushing fork interference long middlegame,https://lichess.org/lxXqMngy#41,
cVg8c,r3k2r/pp3bp1/2Bp1p1p/4p3/Q2PPq2/2P2P1P/PP3PK1/R4R2 b kq - 0 21,b7c6 a4c6 e8e7 c6b7 e7f8 b7a8,1756,159,33,10,advantage exposedKing fork interference long middlegame,https://lichess.org/NXkrd5DO/black#42,
cVo6T,q6r/pp1k1p2/2n1b1pp/3B4/1b2nB2/4P3/PP3PPP/R2QK1NR w KQ - 1 14,e1f1 e4d2 f1e2 e6d5,1665,75,84,586,advantage interference middlegame short,https://lichess.org/ceZrQxAz#27,Queens_Pawn_Game Queens_Pawn_Game_Accelerated_London_System
cWmaF,4q2k/6pp/2pp4/5r2/B1Q2p1b/P4P1P/1P4P1/R5K1 w - - 0 29,a4c6 e8e3 g1h1 f5c5 c4f1 c5c6,1719,76,88,444,advantage endgame interference long,https://lichess.org/4MoLsHpG#57,
cXW0c,3qk2r/3r1pbp/1p2pnp1/1NQ5/8/3P4/PPP2PPP/R1B2RK1 w k - 0 16,c5g5 d7d5 g5f4 d5b5 f4a4 d8d7,1630,75,88,350,advantage interference long middlegame,https://lichess.org/BVZbzHAW#31,Sicilian_Defense Sicilian_Defense_Bowdler_Attack
cZMOT,r1bq2r1/p1k1bQ1p/2n5/2p5/3pPB2/8/P1P2PPP/R2R2K1 b - - 0 18,c7d7 f7d5 d7e8 d5g8,1863,78,95,12917,advantage interference middlegame short,https://lichess.org/M6SdAES5/black#36,Philidor_Defense Philidor_Defense_Lopez_Countergambit
caY1O,r3kbnr/ppp3pp/2n1p3/q3Pb2/8/P1N2N2/1P3PPP/R1BQKB1R b KQkq - 0 9,c6e5 f1b5 c7c6 f3e5,1894,76,94,6649,crushing interference intermezzo opening short,https://lichess.org/pbHW1qVQ/black#18,Nimzowitsch_Defense Nimzowitsch_Defense_Scandinavian_Variation
ccRLc,4r1k1/4qppp/8/Qp1P4/8/1B1P1P2/PPn1N1PP/R3K1R1 w Q - 1 27,e1d2 e7e2 d2c1 c2a1 c1b1 a1b3 a2b3 e2d3 b1a1 d3d5,1878,168,0,33,advantage interference middlegame veryLong,https://lichess.org/i2nrW1W4#53,
ccV2i,3r2k1/pb3pp1/3r3p/2p3q1/4B3/1Q2P1N1/PP3PPP/2R3K1 w - - 1 25,e4b7 d6b6 b3c2 b6b7,1732,76,94,1380,advantage interference master middlegame short,https://lichess.org/KPEywwFb#49,
cdNVK,5k2/1pR1Rp2/1Kb2rp1/3p3p/1P6/2P2P1P/6P1/8 w - - 1 42,b4b5 c6d7 b6b7 f8e7,1693,75,96,7566,advantage discoveredAttack discoveredCheck endgame interference short,https://lichess.org/PACrH5OQ#83,
cdYWS,8/8/p6r/3kpp2/R7/3P4/2PK4/8 b - - 1 38,f5f4 a4a5 d5e6 a5a6 e6f5 a6h6,1818,75,89,80,crushing endgame interference long rookEndgame skewer,https://lichess.org/28IDa4tu/black#76,
cdioW,5k2/pp3p2/2b2r2/8/2NP1P2/1Pr5/P6P/R4RK1 w - - 0 35,a1c1 f6g6 g1f2 g6g2 f2e1 c3c1,1724,85,87,83,endgame interference long mate mateIn3,https://lichess.org/fC6HhJXv#69,
cezry,r1bq1r2/1p1nbkpQ/p1n1pp1p/3pP3/3P3N/4B3/PPB2PPP/RN3RK1 b - - 3 14,f8h8 c2g6 f7f8 h7h8,1754,73,96,17782,interference mate mateIn2 opening short,https://lichess.org/NIUrxQj6/black#28,Sicilian_Defense Sicilian_Defense_Other_variations
cfoAs,2r5/3kbR2/p3p3/3p1PP1/1q1P4/1P1BPQ2/3NK3/2r5 b - - 0 29,c1c2 f5e6 d7c6 d3c2,1828,77,94,2013,advantage interference master middlegame pin short,https://lichess.org/yVrZx65o/black#58,
cgm5B,r6r/1p1kb1pp/p7/1Np5/2Qp1B2/6P1/RP3PKP/4q3 b - - 5 20,a6b5 c4d5 e7d6 d5d6 d7e8 a2a8,1697,76,96,8398,crushing exposedKing interference long middlegame,https://lichess.org/eGnD7ETZ/black#40,
ch6vb,1r5k/2p3p1/6bp/p1PP2q1/1p2P3/3Q4/1B4BP/5NK1 w - - 0 30,d5d6 g5c5 b2d4 c5d6,1735,74,85,240,crushing interference master middlegame short,https://lichess.org/so6pzNRW#59,
cjoSJ,7Q/2q1kpp1/2p2b2/1p3B2/3P1P2/pPr3P1/P2K4/3R4 b - - 1 33,c3g3 d1e1 e7d6 h8f8 f6e7 f8f7 c7a5 d2d1,1783,75,92,560,crushing defensiveMove endgame interference veryLong,https://lichess.org/C4x8knWG/black#66,
cjw77,7R/1p3r2/p3k3/4p3/5r1p/P2R1P2/1PP5/3K4 b - - 9 42,f4f3 h8e8 e6f6 d3f3,1626,78,96,32515,crushing endgame interference intermezzo rookEndgame short,https://lichess.org/AWaXxVkC/black#84,
cmfJC,4qrk1/5pp1/1n2p2p/1pRpPn2/p2P4/PP2B2P/5PP1/2Q1N1K1 w - - 0 26,c5c6 b6c4 b3c4 e8c6,1856,78,93,8716,advantage interference middlegame short,https://lichess.org/pAV6rHec#51,
cnIlq,r5r1/p3k1pp/b1R1p3/4P3/8/P5P1/P5KP/1R6 b - - 0 27,a8b8 c6c7 e7d8 b1b8 d8c7 b8g8,1695,76,88,91,crushing endgame interference long skewer,https://lichess.org/uqG1KnEB/black#54,
coAWd,2kr2r1/ppp5/3n1b2/3p1b1R/8/2P1PN2/PP2QPP1/R3K3 w Q - 6 22,f3d4 f5g4 f2f3 g4h5,1614,76,94,16563,advantage fork interference middlegame short,https://lichess.org/HPxF5O7v#43,
couoK,8/1r1k1p1Q/2p1p3/1b1pP3/8/1P6/P4RPK/q7 b - - 1 41,d7e8 h7g8 e8d7 f2f7,1685,75,91,2920,deflection endgame interference mate mateIn2 short,https://lichess.org/0N5nhaGH/black#82,
cpQaM,1r4k1/n1R2ppp/P7/4p3/1P6/8/6K1/8 b - - 3 44,a7b5 c7b7 b8a8 b7b5,1804,75,96,490,advantage endgame interference short,https://lichess.org/XRdJcvN0/black#88,
cpbHR,r6r/p6p/2R1k1p1/3pb3/4q3/1Q3RPb/PP3P2/6K1 b - - 1 27,e6d7 b3b7 d7e8 b7a8,1729,75,97,1849,crushing interference middlegame short,https://lichess.org/dLsJ6Zho/black#54,
cpkNT,r3r1k1/1pp4p/p2p2p1/3P1pq1/1PPQn3/7P/P1B2PP1/R4RK1 b - - 0 20,e4d2 f2f4 g5g3 d4d2,1703,75,88,145,advantage interference middlegame short,https://lichess.org/x0N3bm42/black#40,
cpwU6,2kr1r2/p1pq3p/2pbR2Q/8/3p4/8/PPPN1PPP/R5K1 w - - 2 18,a1e1 d6f4 h6h3 f4d2,1812,75,96,4139,advantage interference middlegame short,https://lichess.org/Nstzcmqj#35,Scotch_Game Scotch_Game_Haxo_Gambit
cqNON,r4rk1/2p3pp/1b2q1n1/4Pp2/PP1p1P2/3B4/4Q1PP/R1B2RK1 w - - 0 21,d3c4 d4d3 g1h1 e6c4,1878,75,92,1482,advantage discoveredAttack discoveredCheck interference middlegame short,https://lichess.org/u5yZnuDw#41,
cquw4,4r1k1/1pb1rp1n/pNp1q1pp/P1PpP3/1P3P2/3Q3P/1B2R1P1/5RK1 b - - 3 24,f7f5 e5f6 e6e2 d3g6,1859,76,94,11999,crushing enPassant interference kingsideAttack master middlegame sacrifice short,https://lichess.org/6fyeDTP3/black#48,
crdMr,r3r1k1/5ppp/p1p3q1/P2ppb2/1P6/2P1PP2/3N2PP/R2Q1RK1 w - - 1 22,d2b3 f5c2 d1d2 c2b3,1784,77,93,481,advantage interference middlegame short,https://lichess.org/5BJKcXAN#43,
csE2B,4kq2/5p2/8/8/p2Q3p/7K/5PP1/8 b - - 3 43,a4a3 d4a4 e8d8 a4a8 d8e7 a8a3,1870,77,77,67,crushing endgame interference long queenEndgame,https://lichess.org/WBrMqaTT/black#86,
ctQZV,6r1/1b2k1r1/4p2Q/p1p1bp2/1pBq1N2/7P/PPP1R1P1/5R1K b - - 7 28,e5f4 h6e6 e7d8 e6b6 f4c7 b6b7,1898,77,84,511,advantage interference long master masterVsMaster middlegame superGM,https://lichess.org/qp3cksy5/black#56,
ctwfL,5k2/3p1pp1/7p/2pP1P2/1pPbpQ2/8/q1P3PP/5R1K b - - 2 25,a2c4 f4b8 f8e7 d5d6 e7f6 b8d8 f6e5 d8e7 e5d5 e7f7 d5d6 f7c4,1859,81,93,1863,advantage deflection endgame interference master skewer veryLong,https://lichess.org/wIlt64nn/black#50,
cu1EU,2rq1rk1/pp3pp1/3pb1np/3N4/4P2P/1B3R2/PPP2QP1/5RK1 b - - 4 20,g6h4 d5f6 g8h8 f2h4,1667,75,90,1010,crushing interference intermezzo middlegame short,https://lichess.org/dBazVu1G/black#40,
cu5T8,8/5Qp1/1kpb3r/8/1p1P1P1q/2B5/P5P1/1R3RK1 w - - 2 28,f7g7 h4h2 g1f2 h2f4 f2e2 h6e6,1724,91,82,45,advantage interference long middlegame,https://lichess.org/sVIqP1Wi#55,
cuFYE,rn2k2r/ppp2ppp/4p3/4P3/3Pq3/8/PP2BPPP/R2QK2R b KQkq - 1 12,e4g2 e2f3 g2g5 f3b7,1612,72,96,21066,crushing interference middlegame short,https://lichess.org/utd5CUO9/black#24,Queens_Pawn_Game Queens_Pawn_Game_Symmetrical_Variation
cuKR8,r4b1r/q2k2p1/pnn1p1Qp/1p1pP3/1P1P4/P4N2/1B3PPP/2R2RK1 b - - 3 18,f8e7 c1c6 d7c6 g6e6 c6b7 e6e7,1676,76,95,4133,advantage attraction deflection interference long middlegame,https://lichess.org/frr8vjo7/black#36,Scandinavian_Defense Scandinavian_Defense_Other_variations
cul6i,r4rk1/4n1p1/p1nbp3/3p3p/1p1P1p1q/2P4P/PPQ2PPN/RBB2RK1 b - - 1 24,f4f3 c2h7 g8f7 h2f3,1737,108,79,20,crushing interference middlegame short,https://lichess.org/uOqobByZ/black#48,
cvAJi,r5rk/ppp2p1p/1n1p4/6pq/2NPP3/1P1B1Q1n/P5N1/R4RK1 w - - 8 30,g1h1 h3f2 h1g1 h5f3,1652,78,93,7273,crushing discoveredCheck doubleCheck interference kingsideAttack middlegame short,https://lichess.org/NNbiVheS#59,
czP77,rnb1k2r/ppp2ppp/3b4/8/2P4q/2N1P3/PP2B1KP/R1BQ2NR w kq - 2 11,g1f3 c8h3 g2g1 h4g4 g1f2 g4g2 f2e1 g2h1,1730,74,89,213,advantage interference opening veryLong,https://lichess.org/bGyLlsm8#21,Horwitz_Defense Horwitz_Defense_Other_variations
czm4v,8/5k2/5n2/1P3K2/3r2p1/6P1/4p3/1R2B3 w - - 0 60,b5b6 d4d1 b1b2 d1e1,1784,148,83,15,crushing endgame interference short,https://lichess.org/5Sv5pfc4#119,
d0EcC,2r5/7k/4Np2/1pKP3P/1P6/r1B2R2/8/8 w - - 6 55,c5d4 c8c4 d4e3 c4c3 e3f4 c3f3,1802,78,90,371,crushing deflection endgame interference long,https://lichess.org/NXmDflRJ#109,
d0XKw,r1q2knr/1p1np2p/2pp4/p4P1Q/P7/7P/1PP2PP1/R1B1R1K1 b - - 0 18,d7f6 c1h6 g8h6 h5h6 f8f7 e1e7 f7e7 h6g7 e7d8 g7h8,1751,75,56,100,advantage attraction interference master middlegame sacrifice veryLong,https://lichess.org/9iExnhWI/black#36,Modern_Defense Modern_Defense_Other_variations
d2I4G,5k2/r4r1p/8/4Q2p/p7/Pp6/1P4PK/8 b - - 5 49,f7g7 e5b8 f8e7 b8a7,1639,75,95,1017,crushing endgame interference master queenRookEndgame short,https://lichess.org/hLRv18Iq/black#98,
d3G4L,r6r/pbp1nk1p/1pqb2pQ/4P3/8/2NP4/PPP3PP/R1B2RK1 b - - 0 14,e7f5 f1f5 g6f5 h6f6 f7e8 f6h8,1809,75,81,472,advantage interference long middlegame sacrifice,https://lichess.org/3EiKhsXD/black#28,Italian_Game Italian_Game_Two_Knights_Defense
d57ez,r1b2rk1/2q2ppp/1p1bpn2/p2pN1N1/3P1B1P/2nB1P2/PP2Q1P1/R3K2R w KQ - 0 15,b2c3 c7c3 e1f2 c3d4 f4e3 d4e5 f3f4 e5c3,1739,76,91,1048,advantage deflection exposedKing fork interference master masterVsMaster middlegame veryLong,https://lichess.org/e3D63649#29,Indian_Defense Indian_Defense_Other_variations
d8KMI,2k3r1/5p2/2p4p/4P3/2Q1b3/4P3/1q1BKPrP/2R4R w - - 0 31,c4e4 g2f2 e2f2 b2d2 f2f1 d2c1,1655,76,87,573,advantage attraction deflection interference long master middlegame,https://lichess.org/PmRJ5p9M#61,
d9Lqc,8/4p2p/3p4/3P1kP1/1r3P2/5K2/1P1R4/8 w - - 1 42,d2h2 b4b3 f3g2 b3b2 g2g3 b2h2,1647,80,76,67,crushing endgame interference long rookEndgame,https://lichess.org/2RsFRXlT#83,
d9lrx,2r4k/1b4pp/1b3p2/pP1n4/q7/P4N2/1B2BPPP/2QR2K1 w - - 1 29,c1d2 c8c2 d2e1 c2b2,1724,73,95,14494,advantage interference middlegame short,https://lichess.org/ROKP1l6l#57,
dA8mp,r6r/pp3p2/4nk1p/3R3Q/5p2/7P/PPq2PP1/3R2K1 b - - 6 26,c2g6 h5e5 f6e7 d5d7 e7f8 e5h8,1665,76,91,196,crushing exposedKing interference long middlegame,https://lichess.org/pPU2Kmrz/black#52,
dAvOX,r7/p2k1p1p/1pp1p1r1/8/3PpP2/Q1P3Pq/PP3P1P/4RRK1 w - - 8 24,e1e4 g6h6 f1e1 h3h2 g1f1 h2h1 f1e2 h1e4,1781,75,91,2071,crushing endgame interference kingsideAttack quietMove veryLong,https://lichess.org/LtIeBsss#47,
dDbls,1rbq1rk1/pp3pbp/3p2p1/2pBp3/2P5/1P2P1P1/PB1P1P1P/R2Q1RK1 w - - 1 13,d1f3 e5e4 b2g7 e4f3,1650,75,73,1538,advantage interference middlegame short,https://lichess.org/qCQwaxI4#25,English_Opening English_Opening_Symmetrical_Variation
dDhAd,8/3R2p1/p5p1/2k5/3p2P1/3K4/PP4r1/8 w - - 0 39,d7d4 g2g3 d3e4 g3g4,1881,75,83,74,crushing endgame interference rookEndgame short,https://lichess.org/NGdmndPb#77,
dErQt,2k1r2r/ppp2pp1/2q2n2/2Np2B1/3P2p1/6b1/PPP1P1B1/R2Q1RK1 w - - 6 18,g5f6 g3h2 g1f2 c6f6,1767,76,75,243,advantage interference intermezzo middlegame short,https://lichess.org/bjucKwZc#35,Bird_Opening Bird_Opening_Other_variations
dG0Sw,3r4/r2P3p/8/4k3/1K4PP/8/p2R4/3R4 w - - 0 49,d1a1 d8b8 b4c3 a7c7 c3d3 c7d7,1866,87,83,31,advantage endgame interference long rookEndgame,https://lichess.org/typIONaq#97,
dGDRL,1k6/1pr5/p3PQ2/6p1/3nB3/6P1/Pq5K/3R1R2 w - - 0 30,e4g2 c7h7 h2g1 d4e2 g1f2 b2f6,1765,76,90,261,crushing discoveredAttack interference long middlegame,https://lichess.org/VJc6es2G#59,
dGdRb,r1b1k2r/pp1p1ppp/1qn1pn2/1Nb5/4P3/P1N5/1PP2PPP/R1BQKB1R w KQkq - 5 8,c3a4 c5f2 e1e2 b6b5,1748,78,92,1703,attackingF2F7 crushing interference opening short,https://lichess.org/uB2MDXvs#15,Sicilian_Defense Sicilian_Defense_Taimanov_Variation
dGs5E,r1b1r1k1/5p2/1n3Bp1/p1qpP3/Pb1p3p/2NB1P1P/2Q1N1P1/R4RK1 w - - 1 23,d3g6 d4d3 g1h1 d3c2,1621,76,92,2095,advancedPawn crushing discoveredAttack discoveredCheck interference middlegame short,https://lichess.org/lv059Cs8#45,
dHkng,5rk1/p7/2pq3p/1p1p1rPP/1P1b2Q1/P7/2PB1R2/2K2R2 b - - 0 27,d4f2 g5h6 g8f7 g4f5,1721,75,96,8026,crushing discoveredAttack discoveredCheck interference middlegame short,https://lichess.org/kQAsVogK/black#54,
dIeso,2r2r1k/p1p3p1/1p2p1B1/8/3P2p1/P2KPq2/2Q2P2/3R4 b - - 1 26,f3f2 d1h1 h8g8 g6h7 g8f7 c2f2,1802,94,84,43,crushing endgame interference long,https://lichess.org/iyNq1zZt/black#52,
dJWDL,8/7q/6pk/3n3p/3Q3P/6P1/5P2/6K1 b - - 10 44,d5e7 d4e3 h6g7 e3e7,1664,75,84,950,crushing endgame interference short,https://lichess.org/qUur8JWQ/black#88,
dJYxb,7r/3k4/r5p1/PR1P4/R2K3P/8/8/8 w - - 17 48,d4e5 h8h5 e5f4 h5h4,1726,74,97,778,advantage endgame interference rookEndgame short,https://lichess.org/N7tj0qmL#95,
dJiFS,r4rk1/7p/p1npq1p1/2n5/3PP1P1/4Q1NP/6B1/R4RK1 b - - 0 25,c5b3 d4d5 e6e5 e3b3,1771,79,94,3312,advantage fork interference master middlegame short,https://lichess.org/A41QDlHj/black#50,
dKOrE,8/2Q5/k1K5/p1p4p/8/P7/1P4qP/8 w - - 0 53,c6c5 g2c2 c5d6 c2h2 d6d7 h2c7,1729,75,94,94,crushing endgame interference long queenEndgame,https://lichess.org/5rz7LQxC#105,
dMTLf,r1bq1k1b/p2n1p2/2pN2p1/8/4P1p1/2PB2B1/PP3PP1/R2QK3 w Q - 3 18,d1g4 d7e5 g4d1 d8d6,1654,77,95,17181,advantage discoveredAttack fork interference master middlegame short,https://lichess.org/NJnDZO5c#35,Modern_Defense Modern_Defense_Other_variations
dMUKP,5rk1/2q3p1/2p2p2/p6Q/P2r4/8/1P3PK1/4R2R b - - 1 30,f6f5 h5h7 g8f7 h7f5,1719,75,86,105,crushing endgame interference short,https://lichess.org/GS4wEulm/black#60,
dMoM4,rn3b2/3knQ2/2p2p2/1p6/p2qPB2/P2p4/BP1K1PP1/3N4 b - - 5 23,b8a6 a2e6 d7d8 f7f8,1699,73,95,17852,interference mate mateIn2 middlegame short,https://lichess.org/RrcLWXvU/black#46,
dMpUV,r1b2rk1/ppp2ppp/3p2q1/4n3/3N3b/1BN3P1/PPP4P/R1BQR2K b - - 4 14,h4g3 e1g1 c8g4 g1g3 g4d1 g3g6 h7g6 c3d1,1700,77,94,12638,advantage interference opening pin veryLong,https://lichess.org/ZxZ7JLlf/black#28,Italian_Game Italian_Game_Scotch_Gambit
dNzkb,3k4/4r1p1/3p1pKp/3B3P/4P1P1/5P2/8/8 b - - 10 48,d8c7 d5f7 c7d8 g6g7,1778,93,74,31,crushing endgame interference master quietMove short,https://lichess.org/QDB373s6/black#96,
dOxyt,rn1qkb1r/pb2nppp/1P2p3/8/QpBP4/4PN2/1P3PPP/R1B1K2R b KQkq - 0 11,b7c6 b6b7 c6a4 b7a8q a4c6 a8a7,1836,75,87,233,advancedPawn advantage interference long middlegame pin promotion trappedPiece,https://lichess.org/FGfct2en/black#22,Queens_Gambit_Accepted Queens_Gambit_Accepted_Old_Variation
dOynO,4rk2/1p3pR1/p2p1n2/3q1P2/2r1p3/P6P/1P4Q1/1B2R2K b - - 0 32,e4e3 g7g8 f8e7 e1e3,1896,79,90,83,advantage interference middlegame short,https://lichess.org/X1Bj6SM4/black#64,
dQTKb,r3k2r/Bppb1pp1/3b3p/8/Q7/2PB4/PP1K1Pq1/R3R3 b kq - 0 18,d6e7 e1e7 e8e7 a7c5 e7d8 a4a8,1699,75,100,121,attraction crushing discoveredAttack interference long middlegame sacrifice,https://lichess.org/sWuybrG5/black#36,French_Defense French_Defense_Rubinstein_Variation
dQWqI,r6r/1R6/3pQ3/1N1Pp1q1/4P3/2R3P1/1k1K1P2/8 w - - 6 38,f2f4 h8h2 d2d3 g5g3 d3c4 a8a4,1762,76,80,133,exposedKing interference long mate mateIn3 middlegame,https://lichess.org/1P4HIjd0#75,
dQX1d,r2qkbnr/5ppp/p3p3/1N1p1b2/Qn1P1B2/4PN2/PP3PPP/R3KB1R b KQkq - 0 10,a6b5 f1b5 e8e7 a4b4,1886,75,87,194,advantage interference middlegame short,https://lichess.org/47cbdT5o/black#20,Slav_Defense Slav_Defense_Exchange_Variation
dQmRz,2R4Q/3rkp2/p3b3/1p4p1/3r4/8/q3BPPP/5RK1 b - - 3 30,a2e2 c8e8 e7d6 h8d4,1841,89,84,34,crushing interference middlegame short,https://lichess.org/UvOvSOMJ/black#60,
dRIdR,r5k1/pb3p1p/1p2p1q1/8/8/1P2Q1P1/PB3P1P/2R3K1 b - - 7 22,g6e4 e3g5 e4g6 g5e5 f7f6 e5e6,1861,75,90,1798,crushing endgame interference long master,https://lichess.org/IKnWExo9/black#44,
dSZGJ,1k1r3r/ppq5/7b/P3p3/1N2Q3/8/1P1p1PPP/R2R2K1 w - - 1 29,a5a6 d8d4 e4e2 d4b4,1709,79,94,15264,advantage interference middlegame short,https://lichess.org/f9hM7n9v#57,
dUF5p,4Q2k/6r1/8/8/7P/5K2/6r1/8 b - - 3 78,g7g8 e8h5 h8g7 f3g2,1626,76,96,21046,crushing endgame interference queenRookEndgame short,https://lichess.org/qfUTjcGD/black#156,
dWsep,1r3rn1/p1b2P2/1p1k2N1/2p1pQ2/2PpP3/3K4/PP5q/R3R3 b - - 4 39,h2b2 f5e5 d6d7 e5f5 d7d8 g6f8,1867,196,0,10,crushing interference long middlegame,https://lichess.org/6VIHLVCS/black#78,
dX6ON,7R/1ppk2q1/p3p1r1/3p1n2/3PpP2/PP2P1P1/2P4Q/R6K w - - 7 38,h8h7 f5g3 h1g2 g3h5 g2f2 g7h7,1734,77,92,535,advantage discoveredAttack discoveredCheck endgame exposedKing interference kingsideAttack long,https://lichess.org/L1B0ABWH#75,
dXIMb,2rr2k1/5p1p/ppq1p1pB/4P3/2PP1P2/b3p1P1/P1R1Q2P/3R1K2 w - - 0 34,e2e3 c6h1 f1e2 h1h2,1764,76,86,230,crushing interference middlegame short,https://lichess.org/XXaEDiRK#67,
dZ83m,8/1R6/1p1rnp2/p4k1p/3B4/2PK4/P5PP/8 w - - 6 43,b7b6 e6c5 d3c2 d6b6,1862,75,96,1455,advantage endgame interference intermezzo master pin short,https://lichess.org/0natRwXp#85,
dZiA5,8/R5p1/6kp/p3rp2/5KPP/8/8/8 b - - 1 36,g6f6 g4g5 h6g5 h4g5 f6e6 a7a6 e6d5 a6a5,1770,77,87,90,crushing endgame interference rookEndgame veryLong,https://lichess.org/YXTwIuGD/black#72,
daTTL,5r1k/pp1q3p/1bppb3/3np3/2B1N3/2P3Q1/PP3PPP/R4RK1 w - - 0 21,g3h4 f8f4 h4h6 f4e4 h6f8 e6g8 c4d5 c6d5,1792,74,88,608,crushing interference middlegame veryLong,https://lichess.org/svcPQkmb#41,
dbRh1,1r3rk1/ppp1q1p1/6bp/2bPpp2/2Q1P3/P1N3PP/1P3PB1/3RR1K1 b - - 1 20,f5e4 d5d6 e7f7 c4c5,1785,76,94,545,advantage discoveredAttack discoveredCheck interference middlegame short,https://lichess.org/9FhvW2VB/black#40,
dcUwH,2r3k1/1q3p1p/1p2pP2/p7/Pn1P2P1/1N2Q2p/1Pr2R1P/3R2K1 b - - 1 29,c2f2 e3g5 g8f8 g5g7 f8e8 g7g8 e8d7 g8f7,1707,76,88,101,crushing deflection interference kingsideAttack middlegame veryLong,https://lichess.org/ZbmaqYRO/black#58,
dcpmH,5rk1/5ppp/8/8/8/5P2/PPrp1P1P/R2R2K1 w - - 0 23,a2a4 f8c8 g1g2 c2c1 d1d2 c1a1,1769,76,94,4769,advantage endgame interference long quietMove rookEndgame,https://lichess.org/la8q9qiJ#45,
dd36N,r1b1k2r/pp3ppp/2n1p3/q2p2B1/2PPn3/P1PB1N2/2Q2PPP/R3K2R b KQkq - 8 11,e4c3 g5d2 c6b4 c2c3 b4d3 c3d3,1786,74,96,6902,crushing interference intermezzo long middlegame,https://lichess.org/ejW1tADu/black#22,Caro-Kann_Defense Caro-Kann_Defense_Panov_Attack
ddiiS,r1bq1rk1/p4ppp/1bp1p3/2P5/4N2n/3B1P2/PP1BQ2P/R4K1R b - - 0 16,b6c7 d2g5 d8d4 g5h4,1662,76,97,13187,advantage interference middlegame short,https://lichess.org/W4Kp05vM/black#32,Sicilian_Defense Sicilian_Defense_Four_Knights_Variation
deQgR,r4k1r/1p1q1p2/p2p4/3PpPN1/PP3nQ1/8/5P2/2R2BK1 b - - 0 27,h8g8 g5h7 f8e7 f5f6 e7d8 g4g8,1618,74,89,222,crushing interference long middlegame,https://lichess.org/7CnJD2m0/black#54,
df8Ww,1r3rk1/5ppp/4p3/p2p2q1/3Pn3/P4P2/1B2Q1PP/1R3RK1 b - - 0 22,e4d2 f3f4 g5f5 e2d2,1687,80,96,23158,advantage interference middlegame short,https://lichess.org/6bzyKrQi/black#44,
dgZUM,r3r1k1/p1p2ppp/8/2Q2PBb/4q3/7P/PPP3P1/R4R1K w - - 0 22,f5f6 e8e5 c5c7 e5g5,1635,74,89,1508,advantage interference middlegame short,https://lichess.org/2vFcjQvS#43,
dhHIP,6k1/p1p2rR1/1p5p/n2P1r2/4qP2/P1Q5/1B4PP/6K1 b - - 0 25,g8f8 g7g8 f8e7 c3c7,1893,83,74,120,interference mate mateIn2 middlegame short,https://lichess.org/hWnoZRqz/black#50,
dhKmm,5r2/7k/3qp1pp/3p4/7r/1PQ1RP2/P4P1P/4R1K1 w - - 5 34,e3e6 d6h2 g1f1 h2h3 f1e2 h3e6,1809,112,88,13,crushing endgame interference long,https://lichess.org/PXxUkd6D#67,
diE9l,3r2k1/5p1p/p5b1/4p3/p6q/2PpBR2/PP1Q3P/5K2 b - - 3 31,g6e4 f3g3 e4g6 e3g5 h4c4 g5d8,1621,75,94,970,advantage endgame fork interference long,https://lichess.org/lRmo4CUR/black#62,
dit64,r4b1k/2p2q1p/1np1pp2/p7/P1pP2Q1/5NP1/1P3P1P/4RRK1 w - - 4 24,e1e6 f6f5 g4f4 f7e6,1600,75,94,27533,advantage interference intermezzo master middlegame short,https://lichess.org/xuW4wIGZ#47,
divrr,r5k1/4Rp1p/p2p2p1/8/2rQ2PP/P7/qPP5/2KR4 w - - 1 27,d4d5 c4c2 c1c2 a8c8 c2d2 a2d5,1853,77,92,1658,attraction crushing endgame interference long queensideAttack sacrifice,https://lichess.org/eeVKeJer#53,
djCzy,r5k1/Bp1rbppp/2q2n2/1Np1p3/P3P3/5P2/1PP1Q1PP/R3R1K1 w - - 1 22,a4a5 c5c4 a7e3 c6b5,1726,76,95,20464,advantage interference middlegame quietMove short,https://lichess.org/qTytlgIL#43,
djsrk,2kr3r/pppb1ppp/2q5/2B1nN2/4P3/2P5/PPQ3PP/1K1R1B1R b - - 0 15,c6c5 d1d5 c5b6 d5e5,1745,75,93,3547,advantage interference middlegame short,https://lichess.org/6ezu3qni/black#30,Scotch_Game Scotch_Game_Classical_Variation
dkKx0,1k1r4/pp1rn2p/2p5/5p2/P2P1P2/1Q1R1PBB/1KP1q2P/8 b - - 0 30,d7d4 d3e3 e2a6 e3e7,1895,75,93,786,advantage interference middlegame short,https://lichess.org/QIB3toUp/black#60,
dl2TE,5r2/pb4k1/4R2p/2pp2p1/PP3rP1/2PB1P1R/7P/7K b - - 1 31,f4f3 e6g6 g7f7 h3f3,1698,76,85,78,crushing endgame interference intermezzo short,https://lichess.org/V1ZFdhhT/black#62,
dlVrR,3r1r1k/1p6/1p1p1n1p/pQ2pP2/1P4q1/P1P2N2/5PP1/3R1RK1 w - - 5 27,b5b6 f8g8 f3e1 g4d1,1872,75,88,974,advantage interference middlegame quietMove short,https://lichess.org/IxREqkl7#53,
dlkHO,6k1/3b3p/p2p2p1/1p1P2q1/1P2BpP1/P1Q1nP1P/4N3/7K b - g3 0 36,f4g3 f3f4 g5h5 c3e3,1671,75,94,3504,advantage endgame interference master short,https://lichess.org/MJVpEuK8/black#72,
dn9va,1k2r3/pp6/2p1N2P/4q3/2Q1Pbp1/8/PP2K3/R6R w - - 4 36,h6h7 e5b2 e2f1 b2a1 f1g2 a1b2,1660,76,94,399,advantage exposedKing interference long middlegame,https://lichess.org/KbT0kvTa#71,
doxT9,r2q1r2/pp3kpR/3bpp2/3p4/1P6/P1NP1N2/1BPKQ3/8 b - - 0 24,f8h8 f3g5 f6g5 e2h5 f7f8 h7h8,1826,77,93,2392,clearance crushing interference long middlegame sacrifice,https://lichess.org/JRJgR2ba/black#48,
drN1z,r4rk1/pp3ppp/2p5/3pP3/q5b1/2P3P1/PP1Q2BP/R4RK1 b - - 3 17,a8d8 f1f4 a4a5 f4g4,1727,71,95,18463,advantage interference middlegame short,https://lichess.org/NPREtD99/black#34,Three_Knights_Opening Three_Knights_Opening_Schlechter_Variation
duWO0,q1r1b1k1/pr3p1p/5Qp1/p7/2BP4/P6P/1P3PP1/2RR2K1 w - - 2 33,c4a6 c8c1 d1c1 b7b6 f6e7 b6a6,1836,76,81,61,advantage interference long master middlegame,https://lichess.org/2FYI73Gp#65,
dvWYu,3r4/p6r/1p1kp2p/3n1p2/1q3P2/3QP3/PP6/K1RR4 b - - 1 32,b4e4 d3a3 d6d7 a3a7 d7e8 a7h7,1628,77,93,414,crushing interference long middlegame pin skewer,https://lichess.org/aFVIYeq0/black#64,
dvpkb,1r1q1r2/2Rbppbk/p5pp/Q2B4/2RP4/4B1P1/PP2PP1P/6K1 w - - 1 22,b2b3 b8b5 a5a6 b5d5,1699,75,93,650,advantage interference master middlegame short,https://lichess.org/TCeoMJXA#43,
dw6k9,8/1pQ2k1p/p2P2p1/5p2/P4P2/4pq2/1P5P/6K1 b - - 1 40,f7e6 c7e7 e6d5 e7b7 d5d6 b7f3,1895,82,82,49,crushing endgame interference long master queenEndgame skewer,https://lichess.org/xoffEPUh/black#80,
dwB5E,3r2k1/ppp1rppp/8/3Pn1Q1/B3P3/6PP/Pq4P1/3R1R1K b - - 1 24,b2a3 d5d6 d8d6 g5e7,1799,82,80,61,advantage interference master middlegame short,https://lichess.org/G9Ab395d/black#48,
dwByZ,r4r2/pp2pb1k/2p2p1p/3q4/3P1B1P/2PQP3/P4P2/2KR2R1 b - - 3 24,f6f5 f4e5 f8g8 d3f5 f7g6 g1g6,1828,76,93,580,advantage interference long middlegame pin quietMove,https://lichess.org/rHNVhtxH/black#48,
dxMeO,7R/4rk1p/5ppP/2p2q2/7Q/6B1/4nPPK/8 b - - 3 37,g6g5 h4h5 f7e6 h5e2,1683,74,83,349,crushing endgame interference master short,https://lichess.org/q9nxLA05/black#74,
dyo3V,2kr1b1r/pp2q3/3p1n1p/2p3p1/P1B1b3/1Q4B1/1PP2PPP/R3R1K1 b - - 1 16,f6h5 c4e6 c8b8 e1e4,1837,161,100,24,equality interference middlegame short,https://lichess.org/va1TMpzP/black#32,
dz513,8/8/8/1R1N1k2/1pPb4/8/1r6/K7 b - - 6 74,b4b3 d5c3 f5e6 a1b2,1838,74,92,3174,crushing discoveredAttack discoveredCheck endgame interference short,https://lichess.org/CESEd5e5/black#148,
dzJ2b,r1b1k2r/p2p1ppp/2p1p3/4P3/5P2/2P3q1/P1P1K3/R1BQ1B1R w kq - 0 13,h1h3 c8a6 e2d2 g3f4,1833,78,93,2844,advantage interference middlegame short,https://lichess.org/Oo2ZIxy6#25,Sicilian_Defense Sicilian_Defense_McDonnell_Attack
e0bMP,3k4/pp4q1/3Qp3/1P1pPp2/P1pP1n2/2P5/7K/8 b - - 5 45,d8e8 d6b8 e8f7 b8b7 f7g6 b7g7 g6g7 a4a5,1621,98,66,20,advantage defensiveMove endgame exposedKing interference veryLong,https://lichess.org/kMZlKccJ/black#90,
e1Ihy,8/p7/4p1p1/4P3/1P2P2k/P2R1K1P/7r/8 w - - 0 40,f3f4 g6g5 f4e3 h2h3,1719,76,89,1032,crushing endgame interference rookEndgame short,https://lichess.org/CBeQpfgG#79,
e1z4E,8/8/5p2/1K3kp1/2p5/2r2p2/3R1BP1/8 w - - 0 46,f2d4 c3d3 d2f2 d3d4,1603,74,90,1947,crushing endgame interference short,https://lichess.org/Wq4qmwtn#91,
e2DTm,3r3k/2p1RRpp/p4n2/1p6/3b4/6P1/PP3P1P/6K1 b - - 1 27,f6g4 e7d7 d8c8 d7d4,1857,76,94,14732,advantage endgame interference master short,https://lichess.org/wkuARBTx/black#54,
e2EQb,6r1/1R3pbp/4p1p1/3p2k1/q7/4Q3/5PPP/6K1 b - - 13 36,a4f4 h2h4 g5f5 b7f7,1758,74,90,2405,advantage endgame interference pin short,https://lichess.org/gtoaPzX6/black#72,
e59cW,r7/1b1Qnkp1/3p1p2/1B1Pp3/P3P3/6P1/2q2PK1/1R5R w - - 1 32,d7b7 c2e4 g2g1 e4b1 g1g2 b1e4,1729,151,0,32,equality interference long middlegame,https://lichess.org/s7gEyGZN#63,
e5Ha8,rnbqr1k1/ppp3pp/4pb2/7Q/2BP4/2P5/PP4PP/RN3RK1 b - - 0 12,g8h8 c4d3 g7g6 d3g6 e8e7 f1f6,1687,75,97,1797,advantage interference long opening pin,https://lichess.org/z5vHpqsA/black#24,Blackmar-Diemer_Gambit Blackmar-Diemer_Gambit_Blackmar_Gambit
e5iTT,2b2k2/7p/p5pP/5p2/3Q4/1P4PK/P1q5/8 b - - 2 51,c2c7 d4h8 f8e7 h8h7,1761,74,95,3081,crushing endgame interference master short,https://lichess.org/kkmC5UfH/black#102,
e5pxm,r7/8/3p2k1/2pP2p1/1p2P3/1P1P2RK/3r2P1/5R2 w - - 4 46,f1f5 a8h8 h3g4 h8h4 g4f3 d2d3 f3f2 d3g3,1711,79,92,3187,crushing endgame exposedKing interference rookEndgame veryLong,https://lichess.org/D7vJxYdl#91,
e6L2T,r5r1/2p1R3/2bpNk2/p1p2p2/2P5/1P4PP/P7/4R1K1 w - - 3 30,e6c7 g8g3 g1f1 g3f3 f1e2 f6e7,1843,74,94,5590,crushing endgame exposedKing interference long,https://lichess.org/AQbOdNLF#59,
e7K3p,2rq1bk1/3r1p2/p1p1b1pp/3p4/N3P3/1P2Q1P1/P4PBP/2RR2K1 w - - 3 28,a4b6 d5d4 e3d3 d8b6,1695,75,89,318,advantage interference middlegame short,https://lichess.org/Tzl9Jt6N#55,
e7YYw,r2q1rk1/3nbppp/p3pn2/1b6/3PPB2/P4N1P/1PQN1PP1/2R1R1K1 b - - 0 22,d7b6 f4c7 d8c8 c7b6 c8c2 c1c2,1706,74,98,443,advantage interference long middlegame,https://lichess.org/bUFMZKLB/black#44,
e8KEh,r1bqnrk1/1pp3bp/3p2p1/p1nPpp2/2P1P3/2N1BN2/PPQ1BPPP/R3R1K1 w - - 0 12,f3g5 f5f4 e3c5 d8g5,1750,75,92,1297,crushing interference master middlegame short,https://lichess.org/hPngaLhw#23,Kings_Indian_Defense Kings_Indian_Defense_Orthodox_Variation
eA3Ks,1r3rk1/q4pp1/2R1p2p/bp1pP2P/p2P4/P2Q1NP1/1P3PK1/2R5 b - - 0 26,b5b4 c6a6 a7b7 a6a5,1605,75,81,200,crushing interference master middlegame short,https://lichess.org/53JBNucM/black#52,
eACY5,r2k2Q1/2p5/ppq3p1/8/3B1PPp/2P4P/PP5K/8 b - - 1 30,c6e8 d4f6 d8d7 g8d5 d7c8 d5a8,1623,79,94,1221,crushing endgame interference long,https://lichess.org/kmE7H2mW/black#60,
eBBky,6rk/pp3p2/2p1nR2/7q/2QPp2P/4P1P1/PP4K1/R7 w - - 5 32,a1f1 h5h4 g2f2 h4f6,1720,163,82,7,advantage endgame interference pin short,https://lichess.org/gc1DJpjy#63,
eC8n7,r1bqk2r/1p2bppn/p1pp3p/8/3QP1P1/2N1BP2/PPP1B2P/2KR3R w kq - 1 12,d4g7 e7f6 g7h6 h7g5 e4e5 h8h6,1656,75,94,356,advantage discoveredAttack interference long middlegame trappedPiece,https://lichess.org/6Z7yghCa#23,Three_Knights_Opening Three_Knights_Opening_Other_variations
eCQgR,2r5/6p1/p2kp2p/7R/8/1B4P1/PPb2r1P/2K1R3 w - - 0 29,e1e6 d6d7 h5d5 d7e6 d5d8 c2b3,1657,110,62,25,advantage discoveredAttack discoveredCheck endgame interference long,https://lichess.org/UvCNfbbN#57,
eCqZc,2k3r1/ppp1qp1Q/4n3/4p3/4P1r1/2NP2P1/PPP4P/R4RK1 w - - 1 18,h7f7 g4g3 h2g3 g8g3 g1f2 e7f7,1607,76,87,167,advantage interference kingsideAttack long middlegame sacrifice,https://lichess.org/Omor76vT#35,Vienna_Game Vienna_Game_Vienna_Gambit
eDF4N,3r3k/p3q2p/1p4pr/2p3R1/3P1PQn/3BP2P/P4P1K/6R1 w - - 0 35,f4f5 e7g5 g4g5 h4f3 h2g3 f3g5,1847,74,95,1029,advantage attraction fork interference long middlegame sacrifice,https://lichess.org/i5fKAwSz#69,
eEKY2,4r2k/1p1N2bp/p1p3p1/B4p2/4p2q/1Q6/PP3PPP/5RK1 w - - 5 28,b3f7 e8e7 f7b3 e7d7,1691,74,96,16382,advantage interference middlegame short,https://lichess.org/bCRpUtlZ#55,
eFxwj,r1bq3r/3p1pkp/pnpPN1p1/8/5B1Q/1P6/P4PPP/R4RK1 b - - 0 20,d7e6 f4h6 g7g8 h4d8,1849,79,80,414,interference mate mateIn2 middlegame short,https://lichess.org/aMYo9NqZ/black#40,
eG0PG,r1b1r1k1/1pq2p2/p1p1pPpp/3p2P1/3P1P1n/2PB3P/PPQN4/R3K2R w KQ - 1 19,h1f1 h4g2 e1f2 g2f4,1699,75,90,742,crushing interference middlegame short,https://lichess.org/I1CgAC9M#37,Caro-Kann_Defense Caro-Kann_Defense_Advance_Variation
eH7CO,r3k1nr/p4ppp/bq2p3/2bpP3/3N1P2/2N5/PP4PP/R1BQK2R w KQkq - 1 12,c3a4 b6b4 c1d2 b4d4 a4c5 d4c5,1610,77,97,17478,crushing interference long opening,https://lichess.org/W0gXpD89#23,French_Defense French_Defense_Advance_Variation
eHGAG,r5k1/b1pq2p1/2p3Qp/p2pr3/N1P5/1P1B2Pb/P6P/1R3R1K b - - 1 26,h3f1 g6h7 g8f8 b1f1 f8e7 h7g7,1685,75,88,217,crushing deflection interference intermezzo kingsideAttack long middlegame,https://lichess.org/wnZUeoU7/black#52,
eHJOs,2Q5/5pkp/4r3/p4p2/3qpP2/r6P/2P1R1PK/1R6 b - - 6 30,a3a1 c2c3 d4d6 b1a1,1840,76,81,62,advantage endgame interference short,https://lichess.org/U80bHzCX/black#60,
eHydP,5rk1/1p4p1/4pr2/p5p1/3PQ1P1/5N1R/6KP/2q5 b - - 6 36,f6f3 e4h7 g8f7 h3f3,1861,78,88,1014,crushing endgame interference intermezzo master masterVsMaster short,https://lichess.org/4f2gNXoJ/black#72,
eJ4jq,2rqrbk1/5p1p/1pb1pnp1/pN1p4/B4B2/P4N1P/1P3PP1/R2QR1K1 w - - 4 22,b5a7 c6a4 d1a4 c8c4 a4b5 c4f4,1645,74,87,229,advantage clearance interference long opening,https://lichess.org/NYvZzKdU#43,
eJoYa,r1bq2rk/1p6/p4p1B/3p3Q/1b1n4/2N5/PP3PPP/R4RK1 b - - 4 18,c8g4 h6g7 h8g7 h5g4,1730,81,84,78,advantage attraction discoveredCheck doubleCheck interference kingsideAttack middlegame short,https://lichess.org/t0zbTCd2/black#36,Sicilian_Defense Sicilian_Defense_OKelly_Variation
eJp9h,1rr3k1/5pp1/4p2p/1pNp2q1/pPnP4/P1P4P/5PP1/R1Q2RK1 b - - 3 24,c4d2 f2f4 g5h4 c1d2,1681,78,92,2014,crushing interference middlegame short,https://lichess.org/h6DHacwH/black#48,
eK5PB,5r2/3r1p1k/pp4pp/2pPp2q/4PbR1/P1P5/1P3QRN/7K b - - 5 39,f4h2 g4h4 h5d1 h1h2,1841,146,100,33,equality interference middlegame short,https://lichess.org/40svCXPo/black#78,
eLG85,6r1/1p2q2k/p1b4P/4PQ2/P4P2/4R1p1/1P6/1K6 b - - 0 35,h7h6 f5h3 h6g7 e3g3 g7f8 h3h6,1722,81,100,99,crushing endgame exposedKing interference long,https://lichess.org/tcaYbNkM/black#70,
eNDXp,8/8/4Q3/2p3p1/2P1p1k1/P7/KPr3qp/4R3 b - - 4 58,g4f3 e6e4 f3g3 e1e3 g3f2 e4c2 f2e3 c2g2,1644,75,91,1007,crushing endgame interference skewer veryLong,https://lichess.org/hNbsjeO9/black#116,
eNOqQ,8/8/4p1p1/1k1pPp1p/2pP1P1P/R1P2P2/5K2/1r6 w - - 26 59,f2g3 b1b3 a3a8 b3c3,1679,75,89,1610,crushing endgame interference rookEndgame short,https://lichess.org/FUee6qoX#117,
eNVhv,2r2rk1/p2qb1p1/7p/2p1p3/4n2B/1P6/P1Q2PPP/2R2RK1 w - - 0 22,c2e4 f8f4 e4e5 f4h4,1689,74,89,500,crushing interference master middlegame short,https://lichess.org/RuG4Sw6v#43,
eNoZI,r1bq2r1/ppp1bk1p/2n5/8/3pN3/5N2/PPPQ1PPP/R3R1K1 b - - 4 14,c8g4 d2f4 f7g7 f4g4,1604,78,93,191,advantage interference middlegame short,https://lichess.org/u6pIwnEu/black#28,Italian_Game Italian_Game_Scotch_Gambit
eO7Nl,2Q5/p7/8/7p/8/1P3K1P/P2kq3/8 w - - 1 52,f3f4 e2e3 f4f5 e3h3 f5g5 h3c8,1688,75,77,375,crushing endgame interference long queenEndgame skewer,https://lichess.org/AmqCfcBM#103,
eP8ff,8/5p1k/4p1pp/3p4/2n5/2BQ2PP/5PK1/2q5 b - - 2 36,c1g5 d3d4 e6e5 d4d5 g5e7 d5c4,1850,75,97,1622,advantage endgame interference long,https://lichess.org/we9fpgRm/black#72,
ePzrw,3r4/p4k1p/1p2r3/5pP1/5Q1P/1P1p2PK/P7/8 b - - 2 44,f7g6 h4h5 g6f7 f4f5 f7e7 f5h7 e7d6 h7d3,1672,79,86,603,crushing deflection endgame interference queenRookEndgame veryLong,https://lichess.org/9PE4z993/black#88,
eQeUI,2r2k1r/2q1bp2/2p1p1pp/p7/2Q2PP1/3R4/PPP3BP/2KR4 b - - 1 19,f8g7 d3d7 c7b6 d7e7,1635,74,95,12916,crushing interference master middlegame short,https://lichess.org/6UhY5IVb/black#38,Sicilian_Defense Sicilian_Defense_Najdorf_Variation
eR0pu,3r1rk1/8/p4q1p/2p2bp1/2Pn4/P3Qp1P/5PPB/3RRBK1 w - - 0 33,e3e7 d4e2 f1e2 f6e7,1897,77,93,4980,crushing interference middlegame short,https://lichess.org/CQu36AJY#65,
eRPf4,2r1k2Q/1br1np1N/pp2p1p1/8/P3PP2/6P1/1P4BP/2q2R1K b - - 2 24,e8d7 h7f6 d7d6 e4e5 d6c5 f1c1,1786,76,89,86,crushing interference long middlegame,https://lichess.org/4cMSf7FQ/black#48,
eS8HL,rn2k2r/pp2pp1p/1q4p1/3pb3/8/3B1P1P/PPP1QP2/R1B1K2R b KQkq - 1 13,e5b2 d3b5 b8c6 c1b2,1621,75,86,206,advantage interference intermezzo middlegame short,https://lichess.org/rzbwsv1a/black#26,Pirc_Defense Pirc_Defense_Classical_Variation
eSelp,r3r1k1/3q1pp1/p1p4p/1p1n1N2/1P1Pp3/2P3P1/1P2Q1PP/R4RK1 b - - 2 24,e8e6 e2g4 g7g6 f5h6,1615,74,93,1241,advantage interference kingsideAttack middlegame short,https://lichess.org/Om7PQqgh/black#48,
eSxWb,4rrk1/pp1b2pp/1q1b1n2/3p4/1P4n1/P1N2N2/4BPPP/R1BQ1RK1 b - - 3 18,f6e4 d1d5 d7e6 d5e4,1792,76,84,132,advantage interference master middlegame short,https://lichess.org/G1Dv4mK7/black#36,French_Defense French_Defense_Tarrasch_Variation
eTGdw,r4r2/ppp4k/1b1p2pN/4p3/3PP3/1Q3P1q/PP1B1K2/2R1R3 w - - 0 23,e1h1 b6d4 f2e1 h3h1,1755,86,87,43,advantage interference middlegame short,https://lichess.org/rDnKAo28#45,
eTTvg,rbb2rk1/1p5p/3q2p1/p7/2PP1pn1/1PB2B2/P5PP/R2QR1K1 w - - 1 23,f3g4 f4f3 e1e5 c8g4,1864,75,85,297,crushing interference intermezzo middlegame short,https://lichess.org/HQDQFqxl#45,
eThXg,r1b1k2r/ppp1qpp1/1bp5/4P2B/3P1n2/2P5/PP1N1PPP/R1BQ1RK1 w kq - 1 13,h5g4 e7h4 d2f3 h4g4 c1f4 g4f4,1723,78,93,4450,advantage interference long opening,https://lichess.org/NlMrQjLI#25,Russian_Game Russian_Game_Stafford_Gambit
eU10r,r6r/pN1kb1p1/Q1p5/3n3p/3q1B2/8/P1P3PP/1N2R2K b - - 1 19,d4f2 b7c5 f2c5 a6b7 d7e8 b7a8 e8f7 a8h8,1899,79,94,13667,advantage clearance interference middlegame sacrifice skewer veryLong,https://lichess.org/hhcPRpku/black#38,Kings_Gambit_Accepted Kings_Gambit_Accepted_Fischer_Defense
eUHBm,4r3/1pp1r1b1/p2p3p/3P2p1/PP3kP1/5P1P/5BK1/1R2R3 b - - 2 27,e7e1 f2g3 f4e3 b1e1 e3d3 e1e8,1657,74,97,4191,crushing endgame fork interference intermezzo long skewer,https://lichess.org/ogYPi9Tr/black#54,
eUIRq,5r1k/p5bp/4p1p1/3qP3/2pP1nb1/2P5/PPB3PP/RNB1Q1K1 w - - 3 20,c2e4 f4e2 g1h1 d5e4,1640,77,91,585,crushing interference kingsideAttack middlegame short,https://lichess.org/b810yz0k#39,
eUY9J,7Q/2p1k1pp/1p1r4/4q3/8/6P1/P4KP1/3R3R w - - 5 31,d1e1 d6f6 f2g1 e5e1 g1h2 f6h6,1702,75,88,68,deflection endgame interference long mate mateIn3,https://lichess.org/Und43Upn#61,
eVB1f,r1b2r1k/p2pqp1p/2p2p2/1p6/3QPP2/1PN5/1PP3PP/R4RK1 w - - 3 17,a1a7 c6c5 d4e3 a8a7,1613,75,78,108,advantage interference intermezzo middlegame short,https://lichess.org/mB1rnUc6#33,Four_Knights_Game Four_Knights_Game_Spanish_Variation
eVb9E,5r1r/p1bk1Bp1/2nq3p/8/3PQ3/P1P1P2P/6P1/R1B2RK1 w - - 1 21,a3a4 d6h2 g1f2 f8f7 f2e2 f7f1,1643,76,89,574,advantage interference kingsideAttack long middlegame,https://lichess.org/F36Lkv6P#41,
eWP8F,3k4/r5rp/3Q1p2/2p2P2/1p2P2P/qn1P4/P7/1K4R1 b - - 7 35,a7d7 d6b8 d8e7 g1g7,1891,73,94,14909,endgame interference mate mateIn2 short,https://lichess.org/Wh50sJEX/black#70,
eX1ct,r3r3/pp1bkp2/q4p1Q/3p4/2pB4/N1P5/2B3PP/7K b - - 8 29,e8h8 d4c5 e7d8 h6h8,1744,77,92,751,advantage interference middlegame short,https://lichess.org/M1jqhpBQ/black#58,
eYEGc,1r6/2R2pk1/3p4/pp1P1Pp1/3P2Pp/4K2P/P7/8 b - - 2 39,b8b6 c7c6 b6b8 c6d6,1663,77,94,13864,crushing endgame interference rookEndgame short,https://lichess.org/KEyxbnL5/black#78,
eZjHZ,8/7p/3R4/1p3k2/1N2pp2/P6P/1P1K1q2/3R4 w - - 0 43,d2c3 f2c5 c3d2 c5d6,1677,77,90,191,crushing endgame interference master short,https://lichess.org/YSQH6Drv#85,
eZnty,r7/p4p2/8/3p3k/1P1P2r1/P2Q4/5K2/8 b - - 1 37,a8g8 d3h7 h5g5 h7g8,1651,78,96,12882,crushing endgame interference master queenRookEndgame short,https://lichess.org/6kAl14j3/black#74,
eaXDN,r1r2q2/p3kp1Q/1p2p1pP/3pRP2/3P4/8/P5PK/8 b - - 0 31,f8h8 e5e6 e7d8 h7h8,1788,76,91,195,crushing endgame interference master pin short,https://lichess.org/gsbyBx73/black#62,
ebfHH,3r2k1/1p4p1/5bpp/4p3/8/1PPPp2P/1P3PP1/1N3RK1 w - - 0 21,f1d1 e3e2 d1e1 d8d3 g1h2 d3d1 e1e2 d1b1,1761,78,95,10984,advancedPawn crushing endgame interference veryLong,https://lichess.org/YRD61Uqv#41,
ebiIR,3N2k1/3bR1Pp/8/2RP4/8/5PKP/1p4P1/2r5 w - - 2 34,c5b5 d7b5 d8f7 g8g7,1603,74,80,110,crushing endgame hangingPiece interference short,https://lichess.org/U7LlgBAL#67,
ecASc,8/1p1bkp1r/2PNp2p/3pP1pQ/3p1P2/3q1KP1/6P1/1R5R w - - 2 26,f3g4 d3e2 g4h3 e2h5,1801,78,95,13713,deflection interference mate mateIn2 middlegame short,https://lichess.org/ahxQOeXd#51,
ecx3l,5r2/8/2r3p1/R1Pk4/6P1/2RK4/5P2/8 w - - 1 46,a5a2 f8f3 d3c2 f3f2 c2b1 f2a2 b1a2 c6c5,1887,80,86,38,crushing endgame exposedKing interference rookEndgame veryLong,https://lichess.org/qrLbmGY6#91,
edZ9c,2b3B1/r2pb1k1/p5p1/1p5p/4P2P/1Q3P2/PPKN4/7q b - - 4 23,h1h4 b3f7 g7h6 f7h7 h6g5 h7e7,1642,76,91,1508,crushing interference long middlegame,https://lichess.org/IjR2u8l6/black#46,
edqlK,r1b1k2r/pp1p1p1p/2nB4/6p1/4P1nq/3B4/PP2NbPP/RN1Q1R1K b kq - 1 12,c6e5 d6e5 g4e5 g2g3 h4h6 f1f2,1881,76,87,264,advantage interference long middlegame,https://lichess.org/NH3QyOYK/black#24,Sicilian_Defense Sicilian_Defense_Smith-Morra_Gambit_Declined
eeyft,r4rk1/1p4pp/pq2b3/2p1Bp2/4p3/2NQ4/PPn2PPP/3R1RK1 b - - 1 21,c2b4 d3g3 f8f7 d1d6 b4c6 d6e6,1820,74,68,104,advantage clearance interference long middlegame,https://lichess.org/2Xjh13nx/black#42,
egHtH,r4rk1/1p3pb1/pBnp2p1/3Np3/4n2q/1N6/PPP1Q2P/1K1R2R1 b - - 3 19,a8c8 g1g4 h4h6 g4e4,1728,75,95,14741,advantage interference middlegame short,https://lichess.org/gW9Olcxt/black#38,Sicilian_Defense Sicilian_Defense_Dragon_Variation
egzKd,r6k/1p3Q2/2pq2pr/p7/P3P1P1/8/BPP2PP1/4RK2 w - - 3 33,e4e5 h6h1 f1e2 d6e5 e2f3 h1e1,1668,75,87,446,crushing deflection endgame interference long master,https://lichess.org/t5gjflja#65,
ei8do,8/8/4pk2/2n5/1R6/8/P1r1BK2/8 w - - 1 41,b4c4 c5d3 f2e3 c2c4,1704,75,90,3731,crushing endgame interference master pin short,https://lichess.org/4ChiPrQV#81,
ekZH6,8/2pb4/1p1p2p1/p1PPp1P1/P3P2k/1P2NK2/8/8 b - - 0 41,b6b5 c5c6 d7h3 a4b5,1707,76,89,56,crushing endgame interference short,https://lichess.org/8qjhjP0N/black#82,
enCJd,rnb2rk1/2pp1pp1/pp2p2p/4N3/2PP2q1/PP2P3/4BPPP/R2QK2R b KQ - 5 14,g4g2 e2f3 g2h3 f3a8,1692,74,85,1054,crushing fork interference middlegame short,https://lichess.org/teLiwzu0/black#28,Queens_Pawn_Game Queens_Pawn_Game_Other_variations
eojbP,r1bk1bnr/ppNp2pp/5p2/8/5B2/8/PqP1PPPP/R2QKB1R w KQ - 1 10,c7a8 f8b4 f4d2 b4d2 e1d2 b2d4 d2c1 d4a1,1670,75,88,612,attraction crushing interference opening veryLong,https://lichess.org/30ljswMd#19,Englund_Gambit Englund_Gambit_Other_variations
epY3m,r6b/pbpkNp2/1p1p1Pp1/6P1/4P2q/1P3n2/1PP4Q/R3R2K b - - 6 31,h4g5 h2h3 d7e8 h3h8 e8d7 h8h3,1701,101,89,49,advantage fork interference long middlegame,https://lichess.org/z4E0oxzY/black#62,
epdaz,2k3r1/1ppN4/p6r/6N1/3npP2/PP6/2P1P1B1/5RK1 w - - 1 30,d7e5 d4e2 g1f2 e2f4 g2e4 g8g5,1617,75,89,2422,advantage capturingDefender interference long middlegame,https://lichess.org/x9TNzxUy#59,
eqHQM,r4rk1/pbp3p1/p2p3p/3Pp3/Q3R3/2P4P/PP2qPPN/5R1K b - - 4 20,e2b2 e4b4 b2e2 b4b7,1611,76,94,12134,crushing interference middlegame short,https://lichess.org/WxX7mnl0/black#40,
eqUvp,5R2/1pp3r1/p2p3k/5p2/5R1P/7K/r5P1/8 b - - 3 38,a2g2 f8h8 h6g6 h3g2,1845,75,93,2616,advantage endgame interference rookEndgame short,https://lichess.org/CQZeJDYS/black#76,
eqa5X,6rk/1Q3ppp/3P3r/4q3/5p2/5P2/PP3PRP/6RK w - - 0 37,g2g7 h6h2 h1h2 e5h5 h2g2 g8g7 g2f1 h5h3,1824,76,89,525,attraction crushing endgame interference sacrifice veryLong,https://lichess.org/Zk8htwrE#73,
er6Hc,3r2k1/p4p1p/6p1/4q3/Q3P3/7P/P3KPP1/7R w - - 3 27,h1e1 d8d4 a4a7 d4e4,1890,74,87,207,advantage endgame interference short,https://lichess.org/mPKUi8Jz#53,
erQnh,2q1k2r/pp1bppbp/2rp2p1/3N4/4PP2/1P2B3/P1PQ2PP/2KR3R w k - 2 16,d5b4 g7c3 d2f2 c3b4,1640,81,90,50,advantage interference middlegame short,https://lichess.org/p1HZDOUu#31,Sicilian_Defense Sicilian_Defense_Dragon_Variation
erh3M,5r2/1R3pk1/1P2p1pp/2q5/5Q2/7P/5PPK/8 w - - 1 37,b7b8 e6e5 f4f3 f8b8,1653,89,100,158,crushing endgame interference short,https://lichess.org/bpkjt4ko#73,
esOly,6k1/p1q1p2p/1p2p1p1/2pnP3/6P1/B1PB1r1P/P1P5/R3Q1K1 w - - 2 21,d3e4 f3e3 e1f2 e3e4,1683,75,89,70,advantage interference middlegame short,https://lichess.org/bQUBKk5J#41,
euu2U,8/p6p/4Q3/3p4/6k1/P2q4/1P3P2/4K3 b - - 0 42,g4f3 e6h3 f3e4 h3h7,1788,76,91,2132,crushing endgame interference queenEndgame short,https://lichess.org/ydf5aD73/black#84,
evFvb,r2qk2r/2p1n1pp/pbp5/3pPbN1/5B2/2Q5/PPP3PP/RN3R1K b kq - 9 14,e7g6 c3c6 f5d7 c6d5,1617,76,88,266,crushing interference middlegame short,https://lichess.org/bxdF8oTm/black#28,Kings_Gambit_Accepted Kings_Gambit_Accepted_MacLeod_Defense
evbnZ,r6k/1q2bprp/p2p4/3Npp2/1PR5/P3P2P/5PPQ/3R2K1 b - - 9 31,a8g8 c4c7 b7a8 c7e7,1821,74,87,75,crushing interference middlegame short,https://lichess.org/PxSac1Xg/black#62,
evcqi,3rr1k1/p1q3p1/1p3p1Q/3ppP2/1P6/2P3R1/P5P1/2R4K b - - 0 32,g8f8 h6h8 f8e7 h8g7 e7d6 g7f6,1709,91,83,58,crushing deflection endgame interference long,https://lichess.org/S2ZUJbjc/black#64,
ew8mk,2r2rk1/8/pq1p2pQ/1p1Pn2p/1P2p1pP/PB4B1/2P2PPK/5R2 b - - 3 28,c8c3 g3e5 d6e5 d5d6 c3b3 h6g6,1700,75,86,105,crushing discoveredAttack discoveredCheck exposedKing interference kingsideAttack long middlegame sacrifice,https://lichess.org/ckE9cg6h/black#56,
ewmk0,r4r2/1b1q4/k1n1p2p/pR1pP1p1/2pP2P1/N1n2N2/1QB4P/5RK1 b - - 1 28,c3b5 b2b5 a6a7 b5c5 a7b8 c5f8,1620,76,77,297,advantage interference long middlegame,https://lichess.org/XWGHtvvD/black#56,
ezZkP,3q1k2/p6p/4p2P/2p1Qp2/1n6/8/6P1/7K b - - 0 40,d8e7 e5h8 f8f7 h8h7 f7f6 h7e7 f6e7 h6h7,1826,75,96,2877,advancedPawn advantage endgame exposedKing interference veryLong,https://lichess.org/sApxXMop/black#80,
f2SP0,r1b1kb1r/1p2p1pp/p3q3/2pB4/8/5Q2/P1PB2PP/R2K3R b kq - 0 17,e6g4 d5f7 e8d8 d2a5 b7b6 a5b6 d8d7 f3g4,1625,77,87,347,crushing interference middlegame veryLong,https://lichess.org/BBgtM9Dm/black#34,Trompowsky_Attack Trompowsky_Attack_Poisoned_Pawn_Variation
f4TPA,r2qkb1r/1pp1p1pp/p5b1/3pp3/3P4/P1N1PQ2/1PP2PPP/R3KB1R w KQkq - 0 11,c3d5 e5e4 f3f4 d8d5,1631,75,94,9698,advantage interference intermezzo middlegame short,https://lichess.org/qX5tv2dd#21,Rapport-Jobava_System Rapport-Jobava_System_Other_variations
f5gVd,3nk3/8/4r1p1/2PQP3/7P/6R1/P4q2/6RK w - - 0 48,g3g6 f2h4 h1g2 e6g6 g2f1 h4f4,1601,76,95,5415,crushing endgame exposedKing interference intermezzo long,https://lichess.org/CH92UpMS#95,
f5ifT,4r1k1/4bp1p/p1p5/1p1n2pq/3PN1bP/1BP3P1/PP3PQ1/R1B3K1 w - - 2 21,c1g5 g4f3 g2h3 f3e4,1659,83,41,69,advantage interference middlegame short,https://lichess.org/EPlMHfuT#41,
f728O,6k1/2n2ppp/2BQb3/1p2P3/1P3P2/2N3P1/7P/q6K w - - 1 36,c3d1 e6d5 c6d5 a1d1 h1g2 d1d5,1654,75,94,1437,advantage endgame interference long pin,https://lichess.org/fNWMh5vn#71,
f8AQS,2r3k1/p4p1p/q3p1p1/2r1P3/2P4Q/5PP1/P1R3P1/2K4R b - - 2 27,c5c4 h4h7 g8f8 h7h8 f8e7 h8f6 e7d7 f6f7 d7c6 f7e6,1865,78,93,205,crushing deflection endgame interference veryLong,https://lichess.org/2MZDMZrp/black#54,
f8Vo7,2rq1r2/3n2k1/1p1p1npp/1Q1Pp3/NP2Pp2/5N1P/P4PPK/2R4R w - - 5 31,f3d2 f6g4 h3g4 d8h4 h2g1 c8c1,1698,76,95,7990,advantage clearance interference long middlegame sacrifice,https://lichess.org/qIUNBZYq#61,
f8cMv,r1b1k1nr/pp3ppp/2n1p3/1Bbp4/5B2/2q1PN2/P1PN1PPP/1R1QK2R b Kkq - 1 9,c8d7 b5c6 d7c6 f4e5 c3a5 e5g7,1867,74,95,15784,crushing interference long opening,https://lichess.org/Y0nkTYXV/black#18,Horwitz_Defense Horwitz_Defense_Other_variations
fAJrQ,8/7p/1P6/3kb1K1/8/4BP2/2p5/8 w - - 0 44,g5h6 e5d4 e3f4 d4b6,1801,77,95,3754,bishopEndgame crushing endgame interference master short,https://lichess.org/cMPtZDfl#87,
fCUV4,5rk1/1b3ppp/p3p3/3n4/7R/2P2P2/3QN1PP/1q2B1K1 b - - 4 25,d5e7 h4b4 b1a1 b4b7,1696,75,81,174,advantage interference middlegame short,https://lichess.org/GmJa5auN/black#50,
fCi7n,r1b1k1nr/pp1p1ppp/2p2q2/8/4P3/2P1B3/P1P1QPPP/3R1RK1 b kq - 0 11,f6c3 e3d4 c3a3 d4g7,1614,72,96,30421,advantage interference middlegame short,https://lichess.org/EsdcjjTd/black#22,Scotch_Game Scotch_Game_Other_variations
fDcxX,2k4r/ppq4p/3bb1pQ/2p5/2P5/PP3P1P/5P2/RN3R1K w - - 0 22,b1d2 d6f4 h6h4 f4d2 h4f6 h8e8,1656,75,86,1172,advantage defensiveMove interference long middlegame,https://lichess.org/CLUpClhP#43,
fFQQx,3rk1r1/ppp2pPp/7B/2b5/2p5/2Nb1N2/PP3PPP/2R3K1 b - - 2 19,c5d4 c1e1 e8d7 f3d4,1646,75,86,805,advantage interference middlegame short,https://lichess.org/sOIeAeAT/black#38,
fGy67,r2b2k1/3n1pp1/3Bp2p/pP6/1p1N4/4PP2/1P4PP/2R3K1 w - - 5 30,d6c7 a8c8 d4c6 c8c7,1893,74,86,200,advantage endgame interference master short,https://lichess.org/hGg83cJb#59,
fJL8x,3r1k2/p5p1/1p3p1p/2p5/2P2P1R/P1Q2NP1/1P2q3/2K5 w - - 2 30,h4h1 d8d3 c3e1 e2f3,1619,76,79,104,advantage endgame interference short,https://lichess.org/X3MMFA6A#59,
fJj9v,8/5kp1/2N1Rp2/1pP5/r5r1/p5K1/P7/4R3 w - - 0 47,g3f3 a4f4 f3e2 f7e6,1787,76,88,117,advantage endgame interference master short,https://lichess.org/Q83iiErr#93,
fJtE1,8/8/4Rk2/K5p1/Pr5r/4R3/8/8 b - - 2 57,f6f5 e3e5 f5f4 a5b4,1687,76,76,96,crushing endgame interference rookEndgame short,https://lichess.org/X4wVq17F/black#114,
fK9wB,8/ppQ5/4kp2/4p3/1P2r3/6P1/2PKqP1P/1R5R w - - 6 33,d2c3 e2f3 c3b2 e4b4 b2c1 f3h1,1852,75,70,261,crushing deflection endgame interference long,https://lichess.org/g2jLcR16#65,
fL70P,7r/5pk1/6p1/p1p1Q3/Pp1pP1Pq/1P1Pb2p/2P4P/5R1K b - - 3 40,g7g8 e5e8 g8g7 f1f7 g7h6 e8h8,1697,124,82,10,crushing deflection endgame interference kingsideAttack long,https://lichess.org/wa2OlgbU/black#80,
fO32I,r1b2rk1/4bpp1/pq2p2p/1p6/4BB2/8/PP4PP/2RQ1R1K b - - 0 19,c8b7 e4b7 b6b7 c1c7 b7e4 c7e7,1881,76,96,7440,advantage interference long middlegame,https://lichess.org/yTkqbIWV/black#38,
fPO6q,rnbqk2r/pp4bp/5pp1/1N1p4/8/3PPQB1/PP4PP/R4RK1 b kq - 5 17,b8a6 b5d6 e8f8 f3d5,1793,77,81,306,advantage interference master masterVsMaster middlegame short,https://lichess.org/34HebxHE/black#34,Queens_Pawn_Game Queens_Pawn_Game_Torre_Attack
fQ40J,5r2/2p1q3/p1np2k1/1p2P2p/8/1PP1Qr1P/P1B5/2KR4 b - - 0 30,g6g7 d1g1 g7f7 e3f3,1863,89,76,30,crushing interference master middlegame short,https://lichess.org/NV0zWWMa/black#60,
fSRuC,1r1r2k1/p1p2ppp/4p3/8/2P3q1/1P4P1/PBQ2PKP/RN2b3 b - - 1 22,d8d1 f2f3 g4g5 c2d1,1666,75,94,5435,advantage interference middlegame short,https://lichess.org/JuF8Tq8S/black#44,
fSbT3,1r3r2/1q6/p1k3Qp/2Pp4/3P3P/4B3/4KP2/8 b - - 6 40,c6c7 g6d6 c7c8 d6f8,1650,75,95,1787,advantage endgame interference short,https://lichess.org/NiCFelTH/black#80,
fTK52,4r1k1/R4R2/6p1/P2Kr3/6P1/8/8/8 w - - 0 38,d5d6 e8e6 d6c7 g8f7,1785,75,97,607,crushing endgame interference rookEndgame short,https://lichess.org/JklqqONW#75,
fTiqH,r6r/pppk1p1p/5np1/1Q1Pp3/4q3/2P3P1/P1P4P/R1B2K1R b - - 1 16,c7c6 b5b7 d7e8 b7a8,1842,76,89,272,crushing interference middlegame short,https://lichess.org/ltYm8c82/black#32,Nimzowitsch_Defense Nimzowitsch_Defense_Declined_Variation
fUrpv,r4rk1/pp4pR/1q6/4Pp2/3p1B2/2PpP2Q/bP3P1P/2KR4 b - - 0 22,d4c3 h7h8 g8f7 h3f5 f7e7 f4g5,1897,76,95,3697,crushing interference kingsideAttack long middlegame,https://lichess.org/dwihdhdk/black#44,
fVAYo,4r3/1pR3R1/pk3p2/4n1pp/1P1r4/P3PP1P/4K1P1/8 w - - 0 31,e3d4 e5d7 e2f2 b6c7,1771,71,96,20212,advantage discoveredAttack discoveredCheck endgame interference short,https://lichess.org/DM9QLtn4#61,
fVU93,4r1k1/pp4p1/2q4p/2nN2r1/1Q6/7P/PP1R1PP1/3R2K1 w - - 14 28,d5f4 e8e4 b4c3 e4f4,1723,76,93,560,advantage interference middlegame short,https://lichess.org/Q1L6QIeq#55,
fW1F7,6R1/1Kpk4/1p4pp/2r5/8/8/7P/8 b - - 7 41,c5c6 g8g7 d7d6 g7g6 d6d5 g6c6,1695,205,43,6,crushing endgame interference long rookEndgame,https://lichess.org/i8nzob3L/black#82,
fWE4T,2kr4/p2q2bp/1p3p2/1Pp2np1/4Q3/4B3/1PP2PPP/R5K1 b - - 0 29,f5e3 e4a8 c8c7 a1a7 c7d6 a7d7,1609,76,93,265,advantage endgame exposedKing interference long queensideAttack skewer,https://lichess.org/OrZriUpx/black#58,
fXGbf,5n2/6k1/1p6/1P3P1p/P3QK1P/7r/8/8 w - - 5 61,f4g5 f8h7 g5f4 h3h4 f4e5 h4e4,1660,75,89,198,crushing deflection endgame interference long skewer,https://lichess.org/qTbyZ9wN#121,
fYWEo,r5k1/1pq3p1/p1bbpr1p/6N1/P1nP3R/2PQ2P1/5P1P/R1B3K1 b - - 6 22,c6d5 d3h7 g8f8 h7h8 f8e7 h8g7 e7d8 g7f6,1804,76,93,3669,advantage deflection interference kingsideAttack middlegame veryLong,https://lichess.org/WDaD9mrl/black#44,
fYfJE,2kr1b1r/pp2pppp/1np5/3q4/3P1B2/1P3P1P/P4PP1/2RQKB1R b K - 0 11,d5d4 c1c6 b7c6 f1a6 c8d7 d1d4,1784,74,96,854,crushing interference long middlegame queensideAttack sacrifice,https://lichess.org/zMip2KyH/black#22,Queens_Gambit_Declined Queens_Gambit_Declined_Marshall_Defense
fZ45Q,rnbqkb1r/pp3p2/4pp2/7p/3N4/4B3/PP2PPPP/R2QKB1R w KQkq - 0 11,g2g3 f8b4 e3d2 d8d4,1614,77,91,2683,advantage deflection interference opening short,https://lichess.org/CsxeUeI8#21,Queens_Gambit_Declined Queens_Gambit_Declined_Traditional_Variation
fbAQh,kr6/pqR3pp/7n/8/8/7Q/Pr3PPP/2R3K1 b - - 3 25,b7e4 c7a7 a8a7 h3a3 a7b6 a3b2,1818,77,93,1716,attraction crushing interference long middlegame sacrifice,https://lichess.org/PXOiZwQl/black#50,
fbqz3,3r2k1/P1R5/2p3K1/8/8/3p4/8/8 b - - 0 49,d3d2 c7d7 d8c8 d7d2,1816,74,95,12186,crushing endgame interference rookEndgame short,https://lichess.org/s90A92lU/black#98,
fc71i,8/p2R1pk1/b5pp/4p3/4R3/1P5P/Pq3PP1/3B2K1 b - - 0 30,b2a2 e4a4 a2b1 a4a6,1743,74,96,13486,crushing endgame interference master masterVsMaster short,https://lichess.org/QwbzljZg/black#60,
fdLfV,5rk1/5pbp/2p1p1p1/q2pP3/Nr3P2/1P1PQ3/P2R2PP/5RK1 w - - 0 23,a4c5 d5d4 e3e2 a5c5,1641,77,96,29758,advantage interference middlegame short,https://lichess.org/1qs5mF9Q#45,
fdTHf,r4qk1/1bp3pp/p7/3p2Q1/1pnP4/1B5P/P4PP1/R3R1K1 w - - 2 24,e1e7 h7h6 g5h4 g7g5 h4h5 f8e7,1623,75,98,1019,advantage interference long middlegame,https://lichess.org/bsIgo1e5#47,
feDHx,4rrk1/8/5qpb/2pp4/3p2R1/pP1R4/P1P2PQ1/1N1K4 b - - 1 26,f6f2 g4g6 g8f7 g2f2,1700,188,0,21,advantage fork interference intermezzo middlegame short,https://lichess.org/kWZJYexG/black#52,
fh5c8,4rk2/3q2pB/6Pp/2p1p3/2QpPr2/P4P2/1P6/2K2R2 b - - 5 40,e8c8 c4g8 f8e7 g8g7,1605,77,92,3254,advantage deflection endgame interference short,https://lichess.org/fLCd1Tq3/black#80,
fhklj,r2q1rk1/pp1bppbp/2np2p1/5P2/3NN3/3BB3/PPP3PP/R2Q1RK1 b - - 0 11,c6d4 f5f6 e7f6 e3d4 f6f5 d4g7,1713,78,93,3977,advantage interference intermezzo long opening,https://lichess.org/bkahkgNZ/black#22,Sicilian_Defense Sicilian_Defense_McDonnell_Attack
fj5JK,6b1/p6p/1p2P1p1/2p5/5KB1/P5P1/2k4P/8 b - - 0 36,c5c4 e6e7 g8f7 g4e6 f7e8 e6c4,1609,78,60,53,advancedPawn advantage bishopEndgame clearance endgame interference long,https://lichess.org/9pkn6qz5/black#72,
fkzW1,2kr3r/1pp3p1/8/5p2/2P1qP2/1P1p3P/1P1R1BP1/R3N1K1 b - - 2 24,e4f4 a1a8 c8d7 d2d3 d7e7 f2c5,1824,76,87,281,advantage interference long middlegame queensideAttack,https://lichess.org/t7tpxwmy/black#48,
fl2RS,rn1qkb1r/pQ3p1p/4p1p1/1b6/8/2P5/P2P1PPP/R1B1K1NR w KQkq - 0 12,b7a8 b5c6 a8a7 c6g2,1740,75,87,122,crushing interference middlegame short,https://lichess.org/Vkw1AxQR#23,Caro-Kann_Defense Caro-Kann_Defense_Accelerated_Panov_Attack
flxGf,3rkb1r/pp3ppp/5n2/1N2p3/2Pq2b1/1P6/P1QP1PPP/R1B1K2R b KQk - 5 11,d4d3 b5c7 e8e7 c1a3 e7d7 c2d3,1676,75,96,3395,advantage interference long opening,https://lichess.org/PqZOdBgV/black#22,Scandinavian_Defense Scandinavian_Defense_Panov_Transfer
fo05J,r4rk1/p2b1ppp/1p3q2/8/8/Q4B2/P4PPP/3R1RK1 b - - 0 20,d7c6 d1d6 f6e7 f3c6,1745,72,95,21172,advantage interference middlegame short,https://lichess.org/BaYKAmMo/black#40,
foQ9V,1r2k2r/3bnp2/pp1p4/8/PP5N/2PP2q1/4Q1B1/R4RK1 w k - 0 25,h4f5 g3h2 g1f2 d7f5,1742,79,86,48,crushing interference middlegame short,https://lichess.org/59Ia7USA#49,
fob0g,r3k2r/ppp1nppp/1b1pb3/8/3PP2q/1PN1BP2/P1PQK2P/R4B1R b kq - 0 11,e8c8 e3g5 h4h5 g5e7,1677,77,95,12117,crushing interference middlegame short,https://lichess.org/VADKCdp0/black#22,Kings_Gambit_Declined Kings_Gambit_Declined_Classical_Variation
fpDHz,2r5/5ppk/pnNBpb1p/1p6/1P6/4P2P/P1R2PP1/5K2 w - - 11 27,d6g3 b6c4 f1e2 c8c6,1652,75,87,345,crushing endgame interference short,https://lichess.org/n4QrpEz4#53,
fpDwe,1Q6/8/8/2p2bk1/3p4/3P2P1/1Nq1K3/8 w - - 1 48,e2f3 f5g4 f3e4 c2g2 e4e5 g2g3,1829,75,99,1090,crushing endgame interference long,https://lichess.org/sLPAdHCm#95,
fpUEc,8/2pq4/Q3p1k1/p1P2ppp/Pr1Pp3/2K1P1PP/5P2/R7 b - - 9 36,b4a4 c5c6 d7f7 a1a4,1824,116,59,30,crushing endgame interference intermezzo short,https://lichess.org/VBoFODJL/black#72,
ftDgv,3r2k1/2Q2p2/4bq2/2p2Np1/5pP1/2bB3P/2P2P2/3R2K1 b - - 1 30,c5c4 f5e7 g8g7 c7d8,1629,83,60,39,advantage interference middlegame short,https://lichess.org/5ZzLNnLK/black#60,
fujkR,3n4/2r1k1rp/p4P2/1p1Qp3/4Pq2/2P3RB/PP5K/8 b - - 0 37,e7f6 d5d6 f6f7 d6c7 f7e8 c7g7,1848,76,89,749,advantage fork interference long middlegame skewer,https://lichess.org/scLblNt5/black#74,
fum0q,3R4/p1p3pk/2p5/4pr1P/5r2/1BP2pK1/PP3P2/5R2 w - - 3 32,f1h1 f5g5 g3h3 g5h5 h3g3 h5h1 b3c2 g7g6,1747,158,90,11,crushing defensiveMove endgame exposedKing interference skewer veryLong,https://lichess.org/czFQWsp8#63,
fus8C,3r2k1/pp3ppp/8/2pB4/2PB2b1/6P1/P3rP1P/R2K3R b - - 0 20,c5d4 f2f3 d8d5 d1e2,1863,77,93,1017,advantage endgame interference master short,https://lichess.org/gHNRmgsx/black#40,
fvW8C,Nnkqr3/pp3ppp/3b1n2/4N3/3P1B2/8/bPP1Q1PP/2KR1B1R w - - 0 15,b2b3 d6a3 c1d2 d8d4,1833,74,86,408,advantage discoveredAttack interference opening queensideAttack short,https://lichess.org/LRFGsXcH#29,Vienna_Game Vienna_Game_Vienna_Gambit
fvmTD,2r3k1/Q4p2/3bp1p1/3b3P/5P2/1Pr4P/P3R2K/3B4 w - - 3 40,e2f2 d6c5 a7d7 c5f2,1749,76,94,421,advantage fork interference middlegame short,https://lichess.org/2ssB6nNq#79,
g0FFg,r7/1b2P2Q/pknR4/1p6/8/1Pp3P1/P1P5/qNK1R3 w - - 0 29,e7e8q a1b2 c1d1 b2b1 d1e2 a8e8,1623,77,82,174,crushing deflection interference long middlegame queensideAttack,https://lichess.org/LNsQUwl2#57,
g0VAX,q4rk1/p2b2pp/3b4/4np2/3p4/2N4P/PPP1Q1P1/R1B2RK1 w - - 0 17,c3b5 d4d3 e2f2 d7b5,1866,76,77,81,crushing interference middlegame short,https://lichess.org/4mvO8t0h#33,Scotch_Game Scotch_Game_Scotch_Gambit
g2lvH,3r1rk1/pp3ppp/2p1p3/3nN1P1/3P4/1Pq4P/6P1/1Q1R1RK1 b - - 1 23,d5e3 d1d3 c3c2 d3e3 c2b1 f1b1,1757,77,82,77,advantage interference long middlegame,https://lichess.org/q7hC4H05/black#46,
g3ukr,2r4k/5pp1/b1N4p/p6q/2p1pP2/P3P2P/1P1Q2P1/3R3K w - - 6 37,c6a5 c4c3 b2c3 h5a5,1662,76,95,17315,advantage endgame interference intermezzo short,https://lichess.org/AqIh7D95#73,
g4uNT,2r2rk1/1p3pb1/p1nQ2p1/q7/2P2PPp/N3PBnP/P5K1/1RBR4 w - - 1 25,b1b7 f8d8 c1d2 d8d6 d2a5 d6d1 f3d1 c6a5,1720,74,81,127,advantage interference middlegame trappedPiece veryLong,https://lichess.org/MQyHP7J7#49,
g526t,5rk1/5ppp/p2p4/3P2PP/2p1pPb1/2Q1B3/qrNK4/3R3R w - - 2 24,d1a1 b2c2 c3c2 c4c3 d2c1 a2a1,1891,74,98,267,crushing exposedKing fork interference long middlegame pin sacrifice,https://lichess.org/bvF3Yi9O#47,
g5QN6,r3q3/pp2rpkp/1np2n2/2Q2PN1/3P4/2N4P/PP6/2KB2R1 b - - 1 25,e7e1 g5e6 g7h8 g1e1,1819,78,93,2148,crushing discoveredCheck doubleCheck interference middlegame short,https://lichess.org/4QMH9Goo/black#50,
g67hb,r1b2rk1/pp3ppp/5n2/qNQp4/3n1B2/4P2P/PP3PP1/3RKB1R w K - 1 14,c5c3 d4c2 e1e2 a5b5,1797,82,93,1868,advantage interference master masterVsMaster opening pin short,https://lichess.org/8nIdw3tL#27,Queens_Gambit_Declined Queens_Gambit_Declined_Harrwitz_Attack
g6XRf,r4rk1/ppp2ppp/3pq3/1P6/2P1bR1b/4P2P/PB1PB1P1/R2Q2K1 b - - 1 19,h4g3 f4g4 g3e5 g4e4,1866,77,91,1921,advantage interference middlegame short,https://lichess.org/YMf8r4Mq/black#38,Polish_Opening Polish_Opening_Czech_Defense
g6o8D,8/pp4pk/2p2pp1/2n5/1N4P1/P3R2P/4RPK1/2q5 b - - 5 34,g6g5 e2c2 c1a1 c2c5,1662,79,94,1759,advantage endgame interference short,https://lichess.org/fKmHFNPj/black#68,
g7Bmo,r3r1k1/1bp1q2p/1p4pP/p2RQp2/1n6/1P3P2/PBP3P1/2K2B1R b - - 0 21,b4d5 e5h8 g8f7 h8h7,1876,78,92,155,advantage deflection interference kingsideAttack middlegame short,https://lichess.org/C684OAiZ/black#42,
g7K4d,3r1k2/p4p1p/1p3Pp1/4P3/r1KP4/3R4/P5RP/8 w - - 3 31,c4c3 a4a3 c3d2 a3a2 d2e3 a2g2,1713,76,91,1123,crushing endgame interference long rookEndgame skewer,https://lichess.org/QTr5O20H#61,
g7LYa,8/1pp2k1p/p4qp1/3P4/PPQ5/7P/6P1/6K1 b - - 9 35,f6e5 d5d6 f7e8 d6c7 e5e1 g1h2,1853,76,90,799,advancedPawn crushing discoveredAttack discoveredCheck endgame interference long queenEndgame,https://lichess.org/zFUR4ORc/black#70,
g7pwj,8/2R5/1p2rp1p/1P2k2P/P7/5K2/8/8 b - - 0 41,e5f5 c7c6 e6e1 c6b6,1646,75,90,1170,crushing endgame interference master rookEndgame short,https://lichess.org/DJ54Dco8/black#82,
g7u4k,1kr5/1b5p/5p2/p2pp3/3p4/bB1P1N1P/1qPKQ1P1/3R1R2 w - - 0 26,d1b1 a3b4 d2d1 b2b1,1884,96,79,104,interference mate mateIn2 middlegame short,https://lichess.org/bUzrkS1v#51,
g8Vn2,3qr2k/1p1nr2p/p2p1b2/2pP1PBp/P1P5/1PN2Q1P/8/1R4RK w - - 1 28,h3h4 f6g5 h4g5 e7e3 f3h5 e3c3,1704,75,94,5202,crushing interference long master middlegame,https://lichess.org/zSQPbiyS#55,
g9JoD,2rr2k1/pp3ppp/4p3/4P1q1/Q3B3/P5P1/1P2bP1P/R4RK1 w - - 0 18,f1e1 c8c4 a4a7 c4e4,1681,92,64,67,advantage interference master middlegame short,https://lichess.org/cFNfwk7N#35,Zukertort_Opening Zukertort_Opening_Other_variations
g9QsY,q1r2rk1/5ppp/pp1bpn2/4N1Q1/P2P4/2NB4/1P3PbP/R3R1K1 b - - 3 21,d6e5 d4e5 f6d5 g5g2,1759,74,96,2143,advantage interference middlegame short,https://lichess.org/czGkfLKo/black#42,
gApB6,5rn1/ppp2rkp/2n1pNp1/3pP3/3P3q/2PQ1BP1/PP5P/5RKR b - - 0 22,h4h3 f3g4 h3h6 g4e6,1845,113,74,44,crushing interference master middlegame short,https://lichess.org/ZUWdDXic/black#44,
gBw79,6q1/6P1/1p6/1p6/8/PkP5/1P4QK/8 w - - 3 54,g2g1 g8h7 h2g3 h7g7 g3f2 g7g1,1719,78,91,1513,crushing endgame exposedKing interference long queenEndgame,https://lichess.org/bMjtxa0k#107,
gCelJ,8/5rpk/1Np3n1/2q5/3pP3/6Pp/PPP1Q2P/4R1K1 w - - 3 38,b6c4 d4d3 e2e3 c5c4,1705,75,93,3765,crushing discoveredAttack discoveredCheck endgame interference short,https://lichess.org/Cjg1o3HA#75,
gDvZr,5rk1/pq3p1p/1b1PP1p1/8/P7/2Q4P/6P1/5R1K b - - 0 30,f7e6 f1f8 g8f8 c3h8 f8f7 h8h7 f7f6 h7b7,1642,76,96,6228,attraction crushing endgame interference skewer veryLong,https://lichess.org/s87yDQdK/black#60,
gEK2a,r1b1kb1r/1p5p/p1nq1pp1/3Bpn2/2Q5/N1P3B1/PP3P1P/RN1R2K1 b kq - 5 19,d6c5 d5f7 e8e7 c4c5,1624,77,93,750,advantage interference master middlegame short,https://lichess.org/6gDjHDFb/black#38,
gFecP,r1bqr3/5kpp/p7/1p5Q/3pn3/N7/PB3PPP/3R1RK1 b - - 2 19,f7g8 d1d4 d8e7 h5d5 c8e6 d5e4,1886,76,92,3272,crushing fork interference long middlegame,https://lichess.org/czQkrDnT/black#38,Danish_Gambit_Accepted Danish_Gambit_Accepted_Copenhagen_Defense
gGbwX,3qk2r/4b3/1r2Qp2/4n3/3P4/2N5/P4P1P/2KR2NR w k - 3 19,e6f5 e7a3 c1d2 d8d4 d2e1 d4c3,1795,77,96,19776,crushing deflection exposedKing interference long middlegame,https://lichess.org/BIFjmHPc#37,English_Opening English_Opening_Anglo-Indian_Defense
gGiBh,r2q1bk1/5p1p/N1p3p1/1r1pPb2/3P4/2Q1BP2/PP1R2PP/4R1K1 w - - 1 26,c3c6 b5b6 c6c7 b6a6 c7d8 a8d8,1625,99,94,35,advantage interference long middlegame,https://lichess.org/pB8uOA4Q#51,
gHP8h,r4rk1/1p1q2p1/p1n1RnQ1/3p2N1/3P4/2P5/PP3PPP/R5K1 b - - 0 19,a8e8 e6f6 f8f6 g6h7 g8f8 h7h8 f8e7 h8g7 e7d8 g7f6,1614,76,97,6200,advantage deflection interference kingsideAttack middlegame pin sacrifice veryLong,https://lichess.org/ZFUTxvto/black#38,
gKT6H,1k1r4/ppp3q1/2np3R/1B2pp2/4P1b1/P1P1QNP1/1PP2PP1/2K5 w - - 0 20,b5c6 f5f4 g3f4 g7h6,1709,75,95,20401,advantage interference middlegame short,https://lichess.org/8S6j0EsB#39,
gKf1g,1n3rk1/BQ3ppp/2p1pn2/4q3/3p4/5PP1/PP2PKBP/2R4R w - - 0 22,a7b8 e5e3 f2f1 e3c1 f1f2 c1e3,1632,77,68,61,advantage interference long middlegame,https://lichess.org/PmJCyQXf#43,
gL1vm,r5r1/pkp5/3b4/Q4K2/1P1P1P2/P3P1p1/1B3q2/R1R5 b - - 6 30,f2b2 a5d5 b7b8 d5g8,1630,75,90,904,crushing interference middlegame short,https://lichess.org/GbCBkchP/black#60,
gL21D,2kr3r/pp4pp/2p1bq2/8/1Q2B3/P5P1/1P2PP1P/R3K2R w KQ - 0 17,e1g1 d8d4 b4c5 d4e4,1611,75,97,13990,crushing interference middlegame short,https://lichess.org/Oo2xbtk8#33,Catalan_Opening Catalan_Opening_Other_variations
gL6A2,3r1k2/pbq2rpQ/1pn1p3/2p3N1/2P5/PP2P1P1/5PBP/b4RK1 b - - 1 19,f7f6 h7h8 f8e7 h8g7 e7e8 g7c7,1631,77,94,4721,crushing deflection interference long middlegame skewer,https://lichess.org/1SPCGXqM/black#38,
gMWYS,6k1/6p1/5p2/8/8/5P2/1P1q1KQ1/8 w - - 6 54,f2f1 d2c1 f1f2 c1b2,1718,76,95,4196,crushing endgame interference master queenEndgame short,https://lichess.org/OTWmE6kF#107,
gOlNz,r2qr3/ppp1bkpp/3p1p2/3P1b2/2B2P2/6R1/PB2QP1P/6RK b - - 6 18,e7f8 e2h5 g7g6 h5h7 f8g7 g3g6 f5e4 g1g2,1801,75,95,3469,crushing defensiveMove fork interference middlegame veryLong,https://lichess.org/6s2Wonea/black#36,Danish_Gambit_Accepted Danish_Gambit_Accepted_Other_variations
gQEfm,rnbqk2r/pp1p1pQ1/4p2p/8/3N4/2n5/PPP2PPP/R3KB1R b KQkq - 0 10,e8e7 d4f5 e6f5 g7e5 e7f8 e5h8,1783,79,92,2502,advantage fork interference long opening sacrifice,https://lichess.org/OUO5kkMx/black#20,Sicilian_Defense Sicilian_Defense_Pin_Variation
gQMoB,5r1k/r3q2p/p2R3P/2p2pp1/2P1p3/1P2P1Q1/P5P1/5RK1 w - - 1 24,f1c1 f5f4 e3f4 e7d6,1749,75,84,317,crushing endgame interference short,https://lichess.org/4rGTfNnp#47,
gRZO0,r3k2r/pp4p1/2p1p3/5p2/3PN1np/1B6/PPP2P1q/R2QRK2 w kq - 0 22,b3e6 h2h1 f1e2 h1e4,1727,76,86,79,advantage interference middlegame short,https://lichess.org/9owXCO4l#43,
gRzZp,8/2k1R3/p1p5/r3n3/3NP3/8/8/3K4 b - - 6 57,c7d6 d4f5 d6c5 e7e5,1898,77,90,1631,crushing deflection endgame interference master masterVsMaster short,https://lichess.org/5zR2MXIs/black#114,
gSNkO,2kr2b1/Qp3qp1/1Pp2np1/2Pp2B1/5P2/P7/4r3/2KR3R b - - 0 29,d5d4 a7a8 c8d7 d1d4 d7e6 a8d8,1739,107,94,29,advantage deflection interference long master middlegame queensideAttack,https://lichess.org/ELKIMp0H/black#58,
gSm6I,r2qkb1r/3bnpp1/p1n1p2p/1B1pP2P/3P2PN/N1P5/5P2/R1BQK2R b KQkq - 0 15,a6b5 a3b5 e7c8 a1a8,1604,77,86,712,advantage discoveredAttack interference middlegame short,https://lichess.org/dvJYeFEi/black#30,French_Defense French_Defense_Wing_Gambit
gTTHm,4k3/R5K1/4p3/4P3/5P1r/8/8/8 w - - 6 42,a7f7 h4g4 g7f6 g4f4 f6e6 f4f7,1739,78,79,74,crushing endgame interference long rookEndgame,https://lichess.org/FZFXnHJW#83,
gVKwE,8/p7/3p1Q2/4r3/7P/2P2k2/P2r4/5K2 b - - 2 53,f3e3 f6h6 e3d3 h6d6 d3c2 d6e5,1673,81,83,47,crushing endgame fork interference long master masterVsMaster queenRookEndgame,https://lichess.org/bMXy4Pto/black#106,
gVXlo,r4rk1/2pp2b1/p5np/2NPqNp1/1p4P1/1P2B3/P3QP2/2KR3R w - - 5 25,f5g7 e5a1 c1c2 a1a2,1879,75,87,593,crushing fork interference middlegame short,https://lichess.org/NqAQkMpj#49,
gWBLH,r6r/pp1k1p2/4p3/1Q1pq3/PP1N2pb/4P3/6K1/R6R b - - 5 26,d7e7 b5b7 e7f8 b7a8 f8g7 a8h8 g7h8 h1h4,1640,78,94,5262,advantage attraction interference middlegame veryLong,https://lichess.org/29I8YYeR/black#52,
gWJFR,8/1b3pkp/1q4p1/1Bp5/4nP2/2P1N3/1P4PP/5QK1 w - - 1 31,f4f5 c5c4 f1f4 b6b5,1761,74,94,9983,advantage endgame interference pin quietMove short,https://lichess.org/tDxw6zX1#61,
gWLwq,8/1p5p/1kp1r3/8/3Q4/2P4P/Pq4P1/7K b - - 7 34,b6a5 d4a7 a5b5 a7b7 b5c5 b7b2,1849,77,92,2860,crushing endgame interference long skewer,https://lichess.org/3seCTcIT/black#68,
gWg1I,1q2r3/2bb1kpp/3p4/1p1P1p2/5Q2/2P2P2/1P1NB1PP/R5K1 w - - 1 27,e2d3 c7b6 g1f1 b6e3 f4h4 e3d2,1760,78,93,9867,advantage interference long master middlegame,https://lichess.org/d2uql8NH#53,
gWswO,3r1r1k/6pp/6q1/pp2PN2/3p1P2/PP1n4/3Q2BP/2R1R2K b - - 0 33,g6f5 g2e4 f5f4 d2d3,1773,77,88,338,advantage interference middlegame short,https://lichess.org/QZLPZWL0/black#66,
gWvAY,r3r1k1/1p3ppp/p1b2nq1/3p4/1P1Q4/P1N1PN1P/2P3P1/R4RK1 w - - 4 19,f3e5 e8e5 d4e5 d5d4 e3e4 d4c3,1756,78,86,169,advantage interference long middlegame sacrifice,https://lichess.org/Wn8wrWlb#37,Zukertort_Opening Zukertort_Opening_Reversed_Mexican_Defense
gXaoA,r7/2r4p/2k2p2/2pB1P2/5K1P/p2R4/8/8 b - - 3 46,c6b6 d3b3 b6a5 b3a3,1837,75,84,80,advantage endgame interference short,https://lichess.org/wjMx6o4f/black#92,
gYODT,2b2r2/p3k3/2R1p2p/1pP3p1/4P1P1/2P1r2P/6K1/3R4 b - - 2 31,e3c3 c6c7 e7e8 c7c8 e8e7 c8c7,1843,76,92,2218,advantage endgame interference long,https://lichess.org/E2hOFmGd/black#62,
gZyNV,r4rk1/B5bp/2Np2p1/4p1qn/5p2/2N2B2/PPP2Pb1/1R1Q1RK1 w - - 0 19,d1d5 g8h8 c3e4 g2f3 e4g5 f3d5,1686,78,86,49,crushing discoveredAttack discoveredCheck interference long middlegame,https://lichess.org/7YWcpdlh#37,Indian_Defense Indian_Defense_Other_variations
gaCc1,4r1k1/pQ4p1/3bb2p/6Bq/7P/5PP1/PP3P2/R4RK1 w - - 0 21,g5e3 e6d5 b7d7 h5f3,1788,73,94,16763,advantage interference middlegame short,https://lichess.org/1w2UeH12#41,
gaDhM,rnbqkbnr/p5pp/8/3p2N1/3R4/8/P4PPP/1Q2KB1R b Kkq - 0 14,h7h6 b1g6 e8d7 d4d5,1847,76,94,9148,crushing interference opening short,https://lichess.org/kIsyXxoB/black#28,Queens_Gambit_Accepted Queens_Gambit_Accepted_Rosenthal_Variation
gbUZh,2rqk2r/6pp/p2bpn2/3pNb2/Np3P2/2P5/P4BPP/R2Q1RK1 w k - 0 17,c3b4 f5c2 d1e2 c2a4 e2a6 c8a8,1880,75,93,4099,crushing interference long opening,https://lichess.org/SmLMshYk#33,Caro-Kann_Defense Caro-Kann_Defense_Advance_Variation
gcS1s,r6r/2p2k2/1pq1p1pp/pR1pP3/P1nP3P/2P2Q2/5PP1/R5K1 b - - 1 21,f7e7 f3f6 e7d7 f6g7 d7c8 g7h8,1808,73,96,19006,advantage interference long middlegame,https://lichess.org/RtGbAis4/black#42,
gdbx3,r1b1r1k1/ppqp1ppp/1bP5/8/5n2/B1P2N2/P3BPPP/RN1Q1RK1 b - - 4 13,e8e2 a3d6 c7c6 d6f4,1875,77,93,1727,advantage interference middlegame short,https://lichess.org/9esWBbFD/black#26,Sicilian_Defense Sicilian_Defense_Wing_Gambit
gi46P,r6r/1p1b2pp/3kpq2/p1R4Q/3p4/6P1/PP2PPnP/2R3K1 b - - 6 22,d7c6 c5c6 b7c6 h5c5 d6d7 c5c6 d7e7 c6b7 e7e8 b7a8,1877,75,87,143,clearance crushing fork interference middlegame sacrifice veryLong,https://lichess.org/ah6AQcng/black#44,
gj3MH,r4r2/ppp1n1kp/3p2p1/4pp2/2P1P1q1/P1NPQN2/1P3P1K/R4R2 w - - 0 20,f3g5 f5f4 e3h3 g4g5,1770,234,33,8,advantage interference middlegame short,https://lichess.org/hB4L3XSW#39,
gj7bE,3r1rk1/2ppRpp1/1p6/p2P3p/Q6P/3P2P1/Pq3P2/4R1K1 w - - 0 21,e7d7 b6b5 a4a5 d8d7,1808,74,88,711,crushing endgame interference intermezzo short,https://lichess.org/yJlwi7y8#41,
gjMD6,4r3/p4pkp/1pb2pp1/8/4PQ2/1N3P1q/PP5P/3R2K1 b - - 4 31,h3e6 d1d6 e6e7 d6c6,1816,76,94,11188,advantage endgame interference short,https://lichess.org/caYThVTy/black#62,
gjMqK,R7/5pkp/p1b1pnp1/7q/8/P4N1P/1P2QPP1/6K1 w - - 0 27,a8a6 c6b5 e2e1 b5a6,1676,76,94,1506,advantage endgame fork interference master short,https://lichess.org/utFtkRQa#53,
gk9ud,r2q1r2/pp4k1/2pp2b1/4p1nB/2P1N2b/1P2P3/P2P1P1N/R2QK1R1 w Q - 2 19,e4g5 h4f2 e1e2 g6h5,1816,75,94,15962,advantage attackingF2F7 fork interference middlegame short,https://lichess.org/st4OYdwp#37,English_Opening English_Opening_Anglo-Indian_Defense
glGJB,8/p1p1p3/kpQp4/3Pb3/4P3/5P2/2P1K2q/1R6 w - - 2 43,e2e3 e5f4 e3d4 h2d2 d4c4 d2c2,1816,76,87,188,crushing endgame interference long,https://lichess.org/sBwusT3v#85,
gm8uf,5k2/1p3p2/p1bq1Np1/3p4/3P3Q/5P1P/P5PK/8 w - - 5 47,f3f4 f8g7 f6g4 d6f4,1867,76,85,367,advantage endgame interference master masterVsMaster short superGM,https://lichess.org/TJNqnAcp#93,
gmFgY,6k1/pp4p1/2p4p/P1Pq4/1P6/6P1/2Q3KP/8 w - - 1 43,g2f1 d5h1 f1e2 h1h2,1653,78,80,102,crushing endgame interference queenEndgame short,https://lichess.org/mOMfjyUQ#85,
gmsuY,6k1/b5p1/2p5/2p4R/3p4/3P4/q1PB1PK1/2R5 b - - 2 35,c5c4 h5a5 a2b2 a5a7,1724,75,97,15241,advantage endgame interference short,https://lichess.org/EA2bOO0C/black#70,
gnMLJ,1k4r1/3p4/1pp5/p2qP3/3P1P2/P5Pp/1P2Q2P/3R1K2 w - - 1 38,f4f5 d5h1 f1f2 h1h2,1785,75,93,1685,crushing endgame interference short,https://lichess.org/BwvjHSpv#75,
go200,rn2kbnr/pp3ppp/4p3/q1P1Pb2/2B5/2N1B3/PP3PPP/R2QK1NR b KQkq - 1 8,f8c5 c4b5 b8c6 e3c5,1658,75,79,282,crushing interference intermezzo opening pin short,https://lichess.org/VEz6nHbS/black#16,Caro-Kann_Defense Caro-Kann_Defense_Advance_Variation
gpp1s,r1q1r1k1/p1pR1pbp/8/5pB1/Q7/8/PP3PPP/1R4K1 w - - 0 23,g5f4 e8e4 a4c6 e4f4,1770,78,92,1231,advantage interference middlegame short,https://lichess.org/iczqGg1S#45,
gqGfM,3r1rk1/1p5p/p3p1p1/P1p5/3qp3/1P1PQ2P/2P1K1P1/R3R3 w - - 0 29,e3e4 f8f2 e2d1 d4a1,1630,76,86,87,endgame interference mate mateIn2 short,https://lichess.org/jX5QLsuW#57,
gqJvS,6k1/pp3ppp/3nN3/3Q4/P7/6P1/5PKP/2q5 b - - 3 26,c1a3 e6c5 h7h6 d5d6,1895,74,88,438,advantage endgame interference short,https://lichess.org/YCUWHT8M/black#52,
gr0Qt,rnb2rk1/ppR1q2p/6p1/3P3n/P2Qpp2/bP6/1BP1PPPP/4KBNR b K - 0 15,e7c7 d4h8 g8f7 h8h7 f7e8 h7c7,1751,76,87,201,advantage deflection interference kingsideAttack long opening skewer,https://lichess.org/mErSdPBs/black#30,Ware_Opening Ware_Opening_Other_variations
grmqe,8/7p/p7/3k2B1/8/1Q5P/4q1PK/3r4 b - - 4 55,d5e4 b3e6 e4d3 e6a6,1620,75,93,398,crushing endgame interference short,https://lichess.org/PWY1QgVJ/black#110,
gsOPO,3r3k/4RRp1/1p4Bp/p1p5/Pn1b4/3p3P/6P1/5K2 b - - 7 42,c5c4 e7d7 d8c8 d7d4,1833,76,71,193,advantage endgame interference short,https://lichess.org/omijKsOn/black#84,
gtKVS,r2qk2r/pp1bbpp1/4pn1p/n2p4/5B2/3QPN2/PP1NBPPP/2R2RK1 b kq - 3 13,e8g8 f4c7 d8e8 c7a5,1753,81,78,48,advantage interference middlegame short,https://lichess.org/pXFrtLzS/black#26,Queens_Pawn_Game Queens_Pawn_Game_Steinitz_Countergambit
gtjaE,2q2rk1/p4pb1/1n1P1n1p/8/2PR4/4P3/P4PpB/1RQ3K1 b - - 0 24,f6g4 d6d7 b6d7 d4g4,1762,76,94,3126,advancedPawn advantage interference middlegame short,https://lichess.org/sFrgTZal/black#48,
gunFt,5rk1/p4ppp/2p5/4P3/3P2RQ/5BK1/Prq5/R7 w - - 18 35,a1h1 c2f2 g3f4 f2d4 f3e4 b2f2 h4f2 d4f2,1622,75,92,431,crushing exposedKing interference middlegame pin veryLong,https://lichess.org/Wf0qVx1f#69,
gunK4,4Q3/p5pp/5b1k/5b2/7P/8/P4K2/3rB3 w - - 3 37,f2e2 f5g4 e2f2 f6h4,1698,81,80,49,advantage endgame interference short,https://lichess.org/qoM4xIwP#73,
guvhL,1r3rk1/3bb1p1/7p/2p1pq2/p1PpN3/P2B1P2/1PQ3PP/1R2R1K1 w - - 0 25,e4c5 e7c5 d3f5 d4d3 g1h1 d3c2,1875,76,95,8576,advancedPawn crushing discoveredAttack discoveredCheck interference long middlegame sacrifice,https://lichess.org/9xm1d1pY#49,
gwuP8,8/4k1p1/4p3/2KpP3/1P3RP1/2r5/8/8 w - - 4 51,c5b6 c3c4 f4f2 c4b4,1671,75,90,985,crushing endgame interference rookEndgame short,https://lichess.org/wF0v2gxW#101,
gxNnJ,4r3/2R4R/1p1k2p1/1Bp2p2/8/2P1rn2/PPK5/8 b - - 4 35,e8e7 c7c6 d6d5 c3c4 d5d4 c6d6 d4e5 h7e7 e5d6 e7e3,1877,74,86,264,advantage endgame interference skewer veryLong,https://lichess.org/xgP6DAHO/black#70,
gyEQV,r1b1k1nr/p1q2ppp/2pbp3/2p1N3/Q3P3/2N5/PP1P1PPP/R1B1K2R w KQkq - 2 11,e5c6 c8d7 c3b5 c7c6 b5d6 c6d6,1639,75,95,8425,advantage interference intermezzo long opening,https://lichess.org/8pGnepL9#21,Caro-Kann_Defense Caro-Kann_Defense_Two_Knights_Attack
gyemn,r2B2k1/pp3pbp/n3b1p1/1N6/4q3/8/PP4PP/R2Q1R1K w - - 0 20,b5c3 g7c3 b2c3 e6d5 d1d2 a8d8,1763,79,76,49,advantage interference long middlegame,https://lichess.org/n8lUN6RE#39,
gz1eV,2k1r3/1ppr1p1p/1B4p1/3q4/1P6/P5P1/2Q2P1P/2R3K1 b - - 0 31,c7c6 c2a4 d7e7 a4a8 c8d7 a8b7,1822,76,89,277,advantage deflection endgame interference long queensideAttack,https://lichess.org/dQgjBAZS/black#62,
h0PLg,r2qr1k1/ppp2ppp/2np4/6b1/8/2PQBBP1/PPP2P2/R3K2R b KQ - 3 14,c6e5 d3h7 g8f8 h7h8 f8e7 e3g5,1661,76,88,2671,crushing interference kingsideAttack long middlegame,https://lichess.org/irpKOYl9/black#28,Russian_Game Russian_Game_Nimzowitsch_Attack
h1fzA,r1b2rk1/2q3p1/p2bp1Qn/4N1N1/2pPp3/2P5/B4PPP/1R4K1 b - - 1 27,f8f6 g6h7 g8f8 h7h8 f8e7 h8g7,1697,76,88,1113,crushing deflection interference kingsideAttack long middlegame,https://lichess.org/KzF0igDA/black#54,
h1rom,6k1/7p/2q2bp1/1p3p2/p3rB1P/P1P3PK/1P1R4/3Q4 b - - 1 32,h7h5 d2d6 c6c4 d6f6,1675,74,88,316,crushing endgame interference short,https://lichess.org/jVr9veO8/black#64,
h2Ikz,r3k2r/3bn1pp/2q2p2/p2p4/Pp1P1B2/6Q1/1PP2PPP/2KRR3 b kq - 3 24,e8f7 e1e7 f7e7 g3g7 e7d8 g7h8,1681,74,93,2356,advantage attraction deflection interference long middlegame,https://lichess.org/69M3b1GR/black#48,
h2kt2,4r1k1/5pbp/1q4p1/8/pBQNn3/4P3/5PPP/5RK1 b - - 7 29,e8b8 d4c6 b8e8 c6e7 g8h8 c4e4,1822,78,88,63,advantage interference long middlegame,https://lichess.org/V6nrDKGD/black#58,
h444P,3r3r/p2Rkp1p/4q1p1/4Q3/P4P2/4P3/5P1P/2R2K2 b - - 0 35,e7d7 c1c7 d7e8 e5h8,1850,77,93,392,endgame interference mate mateIn2 short,https://lichess.org/KpQVrqYL/black#70,
h4KxM,1n3r2/1Q3pkp/4bp2/4q3/3pN3/4P3/3PBPPP/5RK1 w - - 0 20,f1b1 e6d5 b7b5 d5e4 b5e5 f6e5,1882,85,56,29,advantage interference long middlegame,https://lichess.org/ALvovDbn#39,
h5Fvv,r4rkb/ppp4p/4q1p1/4p1Pn/4p3/2P2QNP/PP6/RNB1K2R w KQ - 0 18,f3e3 f8f3 e3e4 f3g3,1668,75,92,3166,advantage interference middlegame short,https://lichess.org/zTYBGnpW#35,Pirc_Defense Pirc_Defense_Other_variations
h6Wxt,3k4/5p1p/1p4p1/1B1b1p2/PK1P3P/4P1P1/2R2P2/r7 w - - 0 38,b5c6 a1b1 b4c3 d5c6,1631,74,93,2908,advantage endgame interference master short,https://lichess.org/OKbhEc0c#75,
h6eUd,6r1/7R/pQ3p1p/3p4/3kb1q1/P7/5PP1/6K1 b - - 9 46,d4e5 h7e7 e5f5 b6e6 f5g5 e6g8,1837,77,93,2822,crushing endgame interference long,https://lichess.org/NPDNnot9/black#92,
h7SGB,8/7k/7P/1p1K4/p7/P7/7R/1r6 w - - 6 64,h2h3 b1b3 h3h1 b3a3,1616,75,93,2371,crushing endgame interference master rookEndgame short,https://lichess.org/o1Fvupg2#127,
h8LGy,r3kb1r/p1pn1ppp/4pn2/1B6/Q2P4/2N1P3/P4PqP/R1B1KR2 b Qkq - 3 14,f8d6 b5c6 g2g6 c6a8,1696,76,88,554,advantage fork interference middlegame short,https://lichess.org/zzZu9VZV/black#28,Queens_Gambit_Accepted Queens_Gambit_Accepted_Winawer_Defense
h8LU1,r1bqk2r/ppp2pb1/4pn2/2P3B1/3nN3/P7/1P3PPP/R2QKB1R b KQkq - 0 12,c7c6 e4d6 e8f8 d1d4,1794,76,85,80,advantage interference opening short,https://lichess.org/F7nig4ne/black#24,Queens_Gambit_Declined Queens_Gambit_Declined_Normal_Defense
hBiEl,5k2/1R4p1/p2r1p1p/Pp2p3/1Pp1P3/2P2PP1/4K2P/8 b - - 5 37,f8g8 b7b6 d6d3 b6a6,1631,76,93,1990,crushing endgame interference master rookEndgame short,https://lichess.org/Afy3j80G/black#74,
hCx8h,rn1qkb1r/ppp2p2/5n1p/3pP3/3P1BbP/1Q1B4/PPP3P1/RN2K2R b KQkq - 1 11,f6e4 b3b7 b8d7 b7d5,1882,75,86,214,advantage interference middlegame short,https://lichess.org/hkcmlsyW/black#22,Kings_Gambit_Accepted Kings_Gambit_Accepted_Becker_Defense
hEAgX,2r1r1k1/pp4pp/2bBp3/5p2/1PBq4/P2P4/2P1QPPP/R5K1 w - - 5 20,c4e6 g8h8 d6e5 e8e6 e5d4 e6e2,1822,77,87,275,advantage interference intermezzo long middlegame,https://lichess.org/TKNvmFCV#39,
hEu3X,6k1/pbq2ppp/1p2pP2/2p5/2Pr4/1P2Q1P1/PB3P1P/5BK1 b - - 1 22,d4d1 e3g5 g8f8 g5g7 f8e8 g7g8 e8d7 g8f7,1761,76,93,2300,crushing deflection endgame interference kingsideAttack veryLong,https://lichess.org/smXZjKEi/black#44,
hFVCi,4r1k1/6pp/p1q1p2P/1p6/1Pp5/2B5/6P1/4Q1K1 b - - 0 29,g7g6 e1e5 e8e7 e5h8 g8f7 h8h7,1886,75,87,532,crushing deflection endgame interference long,https://lichess.org/DG4F4hoA/black#58,
hFvKF,2k5/6R1/8/3r3p/7P/3p2P1/3K4/8 b - - 0 41,c8d8 g7g5 d5d4 g5h5,1662,75,89,206,crushing endgame interference rookEndgame short,https://lichess.org/ho5osn4I/black#82,
hGSt2,3r2k1/p2nb2p/5qp1/2p1p3/2P5/1PB1P1Pb/P2Q1PNP/3R1RK1 w - - 10 30,d2b2 f6f3 g2e1 f3d1,1615,93,74,29,crushing interference middlegame short,https://lichess.org/Pctjqt8E#59,
hHgUL,2kr4/p3q1p1/1p2p1p1/2p1PpP1/2Np1P1r/5Q2/PPP2P1P/2K4R b - - 4 20,e7d7 f3a8 c8c7 a8a7 c7c6 a7b6,1728,75,86,803,crushing endgame exposedKing interference long queensideAttack,https://lichess.org/UcQdyMrW/black#40,
hIhAN,6k1/Qp3p1p/2b3p1/P5P1/2B5/K1P1Bp2/2P4P/r3r3 w - - 5 30,a3b4 a1a4 b4c5 e1e3,1773,81,85,42,advantage endgame interference master short,https://lichess.org/IXP4aexX#59,
hIr1A,r4k2/1bp2pp1/p4q1p/1pb5/6N1/1P1B4/P1P2PPP/3QR2K b - - 0 24,f6g5 e1e5 g5f4 e5c5,1657,75,95,3031,advantage interference middlegame short,https://lichess.org/Qq0dlAw3/black#48,
hJKIk,6k1/1rq2ppp/2N1p3/pP1p1b2/2pP4/P6P/2PQ1PP1/1R4K1 w - - 3 25,c6a5 c4c3 d2e1 c7a5,1746,75,92,2010,advantage endgame interference intermezzo short,https://lichess.org/44yVMNUs#49,
hJpcH,r2qr1k1/1b3pp1/p6p/1pp5/1b2N3/1B1nB3/P1Q1RPPP/R3N1K1 b - - 0 21,e8e4 e1d3 c5c4 d3b4,1758,75,81,99,advantage interference middlegame short,https://lichess.org/ABgNBgBw/black#42,
hKBcN,2rq1rk1/p4ppp/2Q1bp2/8/8/1PN1P1P1/2PP1P1P/R3K2R w KQ - 1 15,c6b7 c8c3 d2c3 e6d5 b7a7 d5h1,1718,75,76,74,advantage fork interference long middlegame sacrifice,https://lichess.org/R02queJ3#29,Vant_Kruijs_Opening Vant_Kruijs_Opening_Other_variations
hMYZY,2r1k2r/1p2qppp/p1nQ4/4p1Pn/4P2P/Pb2BP2/1PP5/2KR1B1R w k - 0 18,c2b3 c6d4 c1b1 e7d6,1676,75,86,285,crushing discoveredAttack discoveredCheck interference middlegame short,https://lichess.org/oe3x0kqE#35,Sicilian_Defense Sicilian_Defense_Najdorf_Variation
hNDIm,3k1b2/1p1np2p/p3Q1r1/1q6/5B2/5PNP/PP3P2/5RK1 w - - 0 26,e6f7 g6f6 f7h7 f6f4,1791,75,95,11318,advantage interference master masterVsMaster middlegame short,https://lichess.org/aRUcKN3O#51,
hNOJa,2r2kn1/pp3p2/2q2b2/5N2/1Q6/P1P3P1/1P3P1P/3R2K1 b - - 2 37,g8e7 d1d6 c6f3 d6f6,1825,76,77,61,advantage interference middlegame short,https://lichess.org/njTypJDL/black#74,
hNmQO,5k1r/1br5/1p2p1Q1/p3q3/3p4/1PnN2R1/P5PP/2R4K b - - 3 34,e5g7 c1f1 f8e7 g6g7,1798,75,81,106,crushing deflection interference middlegame short,https://lichess.org/4dQjyNnY/black#68,
hNzbc,r4rk1/pp3pbp/1q1p2p1/1N2n1B1/4P1P1/1pN4R/PPPQ2P1/R3K3 w Q - 0 16,g5h6 b6g1 e1e2 g1g2,1745,75,97,2082,advantage interference middlegame short,https://lichess.org/DJqdFUbU#31,Nimzowitsch_Defense Nimzowitsch_Defense_Declined_Variation
hORc5,4rrk1/1pp2p2/pb1p2pp/3P1P2/P5Pq/2PQ3P/1P6/R1B2R1K w - - 1 24,c1d2 e8e3 d2e3 h4h3,1834,76,89,1964,crushing interference kingsideAttack middlegame sacrifice short,https://lichess.org/Am7prLZd#47,
hOkEX,3r4/5k1Q/8/p7/P1P5/N2r3P/1P2KP2/2B4q b - - 2 39,f7e6 h7g6 e6d7 g6d3,1685,75,97,551,crushing endgame interference short,https://lichess.org/IsFL8mgK/black#78,
hOuEr,8/pp3p2/2p5/k1Q5/P2P2p1/4PpP1/1q3P1K/8 b - - 11 43,a5a4 c5a7 a4b4 a7b7 b4c3 b7b2 c3b2 e3e4,1839,74,82,112,crushing defensiveMove endgame interference queenEndgame veryLong,https://lichess.org/P8UDa9TX/black#86,
hPYO8,2r3k1/1q3p2/p2p1B2/3Pp3/4Q1R1/8/Pr4PP/6K1 b - - 0 28,g8f8 g4g8 f8g8 e4g4 g8f8 g4g7 f8e8 g7g8 e8d7 g8f7,1797,75,88,388,attraction deflection endgame interference mate mateIn5 sacrifice veryLong,https://lichess.org/gEr9RysW/black#56,
hPyWt,r1b1k2r/2qp1p1p/p2R1p2/1p2p3/1Q2PP2/2P5/P1P3PP/4KB1R w Kkq - 0 15,f1e2 a6a5 b4a3 b5b4 c3b4 c7d6,1692,83,85,57,crushing interference long middlegame,https://lichess.org/dfKRBXjg#29,Sicilian_Defense Sicilian_Defense_Pin_Variation
hQ0iG,r5k1/1p6/p3br1p/3pqpp1/4n3/1BP1B3/P4PPP/2RQ1RK1 b - - 1 21,e4c3 c1c3 e5c3 e3d4 c3b4 d4f6,1864,75,99,1219,advantage fork interference long middlegame sacrifice,https://lichess.org/SZt4Uykb/black#42,
hQTnA,r4rk1/p3qb1p/2pp1p2/1pb3p1/4P3/2Q2N2/PBP3P1/1K1R3R b - - 1 21,f7c4 f3g5 f6g5 c3h8 g8f7 h1h7 f7e8 h7e7,1750,76,93,561,advantage deflection interference kingsideAttack middlegame sacrifice skewer veryLong,https://lichess.org/g5nzslXh/black#42,
hR20H,3b4/8/6p1/pP4q1/P2Q2kp/6P1/6K1/8 b - - 5 51,g4f5 d4d5 f5f6 d5d8,1726,76,93,128,crushing endgame interference short,https://lichess.org/IzzM4i88/black#102,
hSy0Y,r3r1k1/pp1n2pp/2p1bp2/2q1p3/6nN/1P1P2PP/PBP1QPB1/2KR3R b - - 2 18,g4f2 d3d4 e5d4 e2f2,1745,76,93,2382,advantage interference intermezzo middlegame short,https://lichess.org/Om4jDnPx/black#36,French_Defense French_Defense_Chigorin_Variation
hTD53,6k1/pp4rp/4r3/2p1Pp2/3p1P2/PP1PnB2/4Q2K/R7 w - - 5 38,a1g1 e6h6 f3h5 e3g4 h2g2 h6h5,1803,76,94,1490,crushing endgame exposedKing interference long pin,https://lichess.org/4uCdTstr#75,
hVIlQ,6k1/pp2r1r1/1q2pQ2/1b2Pp2/3NpP2/2P4P/PP1R2P1/3RK3 w - - 3 34,d4b5 b6g1 e1e2 g7g2,1742,141,35,36,interference mate mateIn2 middlegame short,https://lichess.org/aeAWcWMj#67,
hVOYV,r1bqk2r/ppp2ppp/2nb1n2/8/Q2pP3/3P1NP1/PP3P1P/RNB1KB1R w KQkq - 0 8,f3d4 d6b4 b1c3 d8d4,1638,77,94,2161,crushing discoveredAttack interference opening short,https://lichess.org/lgzaZdJD#15,Hungarian_Opening Hungarian_Opening_Other_variations
hWz4l,5rkr/1pp3pp/1p1p4/8/2P5/1P1QRPq1/P3K3/4R3 b - - 3 24,h7h5 d3d5 g8h7 d5h5 h7g8 h5d5,1631,89,58,44,crushing endgame interference long,https://lichess.org/ZQZDnu9f/black#48,
hX7Tj,8/p4bkp/2Q2p2/6q1/3B1p2/3P3P/PPP1r1P1/6KR w - - 1 31,h3h4 e2e1 g1h2 g5h4,1755,85,100,36,endgame interference mate mateIn2 short,https://lichess.org/VY8H56t7#61,
hX7Yp,5rk1/1q2b2p/1p1p1n2/pPpP1R2/2P5/4P1P1/1Q5P/5RK1 b - - 4 29,f6e4 f5f8 e7f8 f1f8 g8f8 b2h8 f8f7 h8h7,1633,75,92,201,attraction crushing interference kingsideAttack middlegame sacrifice veryLong,https://lichess.org/MNXLy4Uo/black#58,
hXXbl,1r2r1k1/4pp1p/2p1b1p1/N2PP3/Pn1P4/1R5P/2p1B1P1/2R3K1 b - - 0 26,c6d5 e2b5 e8c8 b3b4,1755,78,92,283,advantage interference master middlegame short,https://lichess.org/9jIJrhUB/black#52,
hY9Q5,8/2R5/8/1p4p1/1k6/1P4r1/2PK4/8 w - - 6 51,d2e2 g3c3 c7f7 c3c2,1835,74,88,79,crushing endgame interference rookEndgame short,https://lichess.org/G13cmh2i#101,
ha9mA,6r1/ppk1b1B1/1qn3R1/n1pr4/3p4/1P3N2/P1Q1PPBP/R2K4 w - - 3 25,g7h6 d4d3 e2d3 g8g6,1853,76,93,826,crushing interference middlegame short,https://lichess.org/D9KAqSv7#49,
haJXV,3R4/pp4pk/7p/5p2/8/B1q2nP1/P3QP2/3K4 w - - 0 36,a3f8 c3a1 d1c2 a1a2 c2c3 a2e2,1652,75,95,7968,crushing endgame exposedKing interference long skewer,https://lichess.org/RjiiTfk9#71,
habg6,r5nr/ppNn1kbp/2p3p1/3p2B1/4p3/2q1PP1P/P1P3P1/R2Q1RK1 b - - 0 16,c3a1 f3e4 g8f6 d1a1,1828,76,93,4771,advantage discoveredAttack discoveredCheck interference intermezzo middlegame pin short,https://lichess.org/7mXmeewy/black#32,Queens_Pawn_Game Queens_Pawn_Game_Zukertort_Variation
hajru,3r2n1/1p4kp/1q4p1/p7/2P1P2Q/1P1pb3/P1B3PP/3RR2K w - - 0 31,d1d3 d8d3 c2d3 e3f2 h4g5 f2e1,1786,76,95,18047,advantage fork interference long middlegame,https://lichess.org/g58BkEmA#61,
hbrVv,1n4k1/2q2pbp/p3p1p1/3rN3/p3Q3/6P1/1PP2P1P/R3R1K1 w - - 1 21,e5c4 d5d4 e4a8 d4c4,1653,212,87,16,advantage interference middlegame short,https://lichess.org/pThLHTkC#41,
hcEXd,8/pR5p/1b5k/8/2B2KP1/1P5r/8/8 b - - 1 39,h3h2 g4g5 h6g6 c4d3 g6h5 b7h7,1817,76,93,530,deflection endgame exposedKing interference long mate mateIn3 pillsburysMate,https://lichess.org/vGBhFFZz/black#78,
hdGeS,4r3/5pk1/2R2R2/5P1P/3Kr3/6P1/P7/8 w - - 1 54,d4d5 e8e5 d5d6 g7f6,1752,78,79,100,advantage endgame interference rookEndgame short,https://lichess.org/sJBkZeXL#107,
hdPX9,r1b1q1k1/1p4pp/P2P1r2/2P1n3/3Q1p2/4pP2/4B1PP/R4RK1 b - - 0 27,b7a6 d4d5 c8e6 d5e5,1768,167,0,5,advantage fork interference master middlegame short,https://lichess.org/xAf3nekt/black#54,
he3wC,2krr3/1pp3p1/1b1pqp1p/1P6/3P2P1/1NPn1N1P/2Q5/1K3R1R b - - 8 27,e6c4 f3d2 c4b5 c3c4 b5a4 c2d3,1811,79,93,4991,advantage interference long middlegame,https://lichess.org/0eA2OYHv/black#54,
hfAz0,2k1r2q/R1p4p/3b4/5pp1/8/5B2/P4P2/2R2K2 b - - 0 32,h8e5 a7a8 c8d7 f3c6 d7e6 a8e8,1742,75,95,1166,advantage deflection endgame interference long,https://lichess.org/5rfZ2CSV/black#64,
hh8Rw,5Rk1/3n2q1/p7/1pp3Q1/8/1P6/P5PB/7K b - - 0 37,g8f8 g5d8 f8f7 d8d7,1838,74,93,10890,crushing endgame interference short,https://lichess.org/4tQOmWZi/black#74,
hhWMM,r1bqr1k1/pp3ppp/3p1b2/2p2P2/2B1PBn1/2NQ4/PPP3PP/R4RK1 w - - 3 13,f4d6 f6d4 g1h1 d8d6,1635,74,96,14592,crushing interference intermezzo middlegame short,https://lichess.org/XZPY7kHe#25,Italian_Game Italian_Game_Scotch_Gambit
hj6Nz,1R2r1k1/p2n1ppp/2p5/3pPq2/2pP4/P1Q3BP/5PP1/4R1K1 b - - 0 29,e8b8 e5e6 b8b1 e6d7,1795,75,95,6730,advancedPawn advantage endgame interference short,https://lichess.org/YX4EKGos/black#58,
hjszn,2k5/1pP3p1/p6q/3Pp3/4P1r1/4Q3/5P1P/4RK2 w - - 1 32,e3c5 h6h3 f1e2 g4e4 e2d2 e4d4,1725,74,88,627,crushing endgame interference long,https://lichess.org/sMQQeLXD#63,
hjugc,1k6/ppp5/1bqp4/5p2/2BP1p1p/PP3PrP/1K2Q3/3R4 b - - 5 31,g3f3 d4d5 c6d7 e2f3,1802,76,88,182,advantage endgame interference intermezzo short,https://lichess.org/tM0ExT5s/black#62,
hkFpa,r6r/pp3k1p/1qn2pp1/3bb3/3p4/1P1P2NP/1PPB1QP1/R4R1K b - - 5 23,e5g3 f2f6 f7e8 f6h8 e8d7 h8a8,1605,78,93,2027,advantage interference long middlegame skewer,https://lichess.org/t83RCOaP/black#46,
hl6Iq,r4rk1/ppp2pp1/2nq1n1p/8/4N3/1PB5/P2P4/2K3RR b - - 1 18,f6e4 g1g7 g8h8 g7g6 f7f6 h1h6,1718,78,93,3591,discoveredAttack discoveredCheck interference long mate mateIn3 middlegame,https://lichess.org/oVL0y6M6/black#36,Scandinavian_Defense Scandinavian_Defense_Icelandic-Palme_Gambit
hlKHg,r7/p2n1kpp/1pQ5/2b5/3q4/5BP1/PP4KP/R1B5 b - - 0 23,a8e8 f3d5 f7f8 c6d7 d4f2 g2h3,1616,77,97,4673,advantage interference long middlegame,https://lichess.org/Yv2jpb4k/black#46,
hltXy,4r1k1/r4p1p/5Q1B/2ppp3/6qP/2P1P3/1P1K1PP1/3R3R w - - 5 27,f2f3 g4g2 d2e1 g2h1 e1f2 h1h2,1726,78,93,271,advantage interference long middlegame,https://lichess.org/ji4rGBje#53,
hm4W2,r7/pp2k2p/1q4r1/5Q2/PP2p1n1/2P5/3N4/5RRK w - - 1 33,d2e4 g6h6 h1g2 g4e3 g2f3 e3f5,1673,75,87,616,crushing exposedKing fork interference long middlegame,https://lichess.org/2S81zcv5#65,
hp6Wb,4r1k1/ppp2Bp1/7p/7P/4r1P1/2P5/PKP5/5R2 b - - 0 25,g8f8 f7d5 f8e7 d5e4,1817,79,95,16830,crushing discoveredAttack discoveredCheck endgame interference short,https://lichess.org/DpUJqoub/black#50,
hpJL1,1r3rk1/5ppp/2pqp3/B2n4/N1bP4/P7/1P3PPP/R2QR1K1 w - - 1 17,a5c3 c4b3 d1d3 b3a4,1710,85,93,2113,advantage interference middlegame short,https://lichess.org/EilLRMxf#33,Nimzo-Indian_Defense Nimzo-Indian_Defense_Hubner_Variation
hpSKQ,r6r/p1R2pkp/4ppb1/1p1q4/6Q1/6P1/P4PBP/2R3K1 b - - 3 26,d5a2 c7f7 g7f7 c1c7 f7g8 g2a8 a2b1 g1g2,1872,101,79,43,advantage attraction defensiveMove interference middlegame pin sacrifice veryLong,https://lichess.org/a0TBRYpE/black#52,
hph7A,rn2kb1r/ppp1pppp/8/5b2/4q3/2N5/PPPPBPPP/R1BQK2R b KQkq - 3 7,e4g2 e2f3 g2g6 f3b7 b8c6 b7a8 c6d4 d2d3,1847,76,92,2601,advantage defensiveMove interference opening trappedPiece veryLong,https://lichess.org/jOEIFPBU/black#14,Scandinavian_Defense Scandinavian_Defense_Modern_Variation
hpnLR,k2r3r/4R2p/ppbB4/8/5Q2/2P5/q1P3PP/2KR4 w - - 0 29,f4f7 a2a1 c1d2 d8d6 d2e3 a1c3,1877,106,100,57,crushing deflection interference long middlegame,https://lichess.org/Xj7BRAqB#57,
hrW8F,5k2/pq5p/1p4p1/2p1Q3/4p3/P5KP/1P3PP1/8 b - - 9 39,b7e7 e5h8 f8f7 h8h7,1646,77,86,101,advantage endgame interference queenEndgame short,https://lichess.org/WGFLJbYq/black#78,
hsq2O,r1b1k2r/1q1pbpp1/2p1p2p/p3P3/N4P2/PP1B2P1/R1P2Q1P/4K2R w Kkq - 8 19,a4b6 c6c5 e1g1 b7b6,1764,76,87,2274,crushing interference middlegame quietMove short,https://lichess.org/r6X0FN6W#37,Sicilian_Defense Sicilian_Defense_Taimanov_Variation
htP4T,3rr1k1/1b4p1/p1q1p2p/1pR2p2/3P3P/P2B2Q1/5PP1/4R1K1 b - - 6 27,c6d7 c5c7 d7d4 c7b7,1749,77,94,9050,advantage interference middlegame short,https://lichess.org/4huBhg6G/black#54,
htUHv,r1b2rk1/1pp2pp1/p1p2n1p/2b5/3N1q2/2P3B1/PP3PPP/RN1QR1K1 b - - 3 13,f4g5 e1e5 g5g6 e5c5,1641,74,95,12219,advantage interference opening short,https://lichess.org/imA60qUK/black#26,Ruy_Lopez Ruy_Lopez_Exchange_Variation
htpUm,3rr2k/6bp/R5p1/4Pb2/8/P4N1P/4Q1P1/6K1 w - - 1 30,e5e6 f5d3 e2e3 d3a6,1623,75,94,4076,advantage fork interference middlegame short,https://lichess.org/mJzv8AZD#59,
huNjF,2r4r/p2Q1pkp/1p4p1/2b5/3N4/2P1q3/P5PP/2R2R1K b - - 1 26,e3e8 f1f7 e8f7 d4e6 g7g8 d7c8,1658,76,84,57,crushing interference long middlegame sacrifice,https://lichess.org/ADrd8xXy/black#52,
hufrx,r3r1k1/1p3p1n/p5pp/q1Pp4/3B2P1/P2B1PN1/1P3RKP/2R5 b - - 2 28,e8e1 d4c3 a5c5 c1e1,1649,82,57,49,advantage fork interference master middlegame short,https://lichess.org/eD0xKrS6/black#56,
hvHge,r3n1k1/2p2rb1/3p2Np/pNpPp3/2P3q1/P2Q4/1P3PPP/1R3RK1 w - - 1 20,g2g3 e5e4 f2f3 g4g6,1789,76,84,82,advantage interference middlegame short,https://lichess.org/8jOA63lK#39,
hvQxD,3rr3/6bk/Np4pp/1P1B1p2/2Pnp3/q4P2/P4QPP/3RR1K1 w - - 0 31,d1d4 e4e3 f2c2 g7d4,1800,78,92,550,advantage interference intermezzo master middlegame short,https://lichess.org/gtGSQuDH#61,
hvTKT,1n3rk1/2p3pp/2bb4/4pp1q/4N3/3P2Q1/PPP2PPP/R1B2RK1 w - - 0 18,e4g5 f5f4 g3h3 h5g5,1693,195,100,4,advantage interference middlegame short,https://lichess.org/boEsDLmK#35,Petrovs_Defense Petrovs_Defense_Damiano_Variation
hvZfz,rn1qk2r/pb2bppp/1P2pn2/R7/Q1NP1P2/2P1P3/4B1PP/2B1K2R b Kkq - 0 17,b7c6 b6b7 c6a4 b7a8q a4c6 a8a7,1667,74,93,1178,advancedPawn advantage interference long middlegame pin promotion trappedPiece,https://lichess.org/dDUY1F4i/black#34,Bird_Opening Bird_Opening_Dutch_Variation
hwIDj,4r2k/5pqp/3p2p1/p1nP4/2Q1b1B1/2P3R1/P5PP/5R1K w - - 0 34,g4f3 e4d3 c4f4 d3f1,1654,77,91,2009,crushing fork interference middlegame short,https://lichess.org/6lT9aTpt#67,
hxRcw,r1rq1bk1/pb3ppp/5n2/3p4/B2Q4/P3P1P1/2P2P1P/RNB1R1K1 w - - 1 21,c1b2 c8c4 d4d1 c4a4,1784,75,95,18665,advantage interference opening short,https://lichess.org/jOupms52#41,
hxgEO,5rk1/1p4pp/p7/1b6/3Qp3/8/PPR2Bq1/2R1K3 w - - 2 30,c2c8 g2f1 e1d2 f1e2 d2c3 f8c8,1692,75,94,3905,advantage exposedKing interference long middlegame,https://lichess.org/W8ZBGroA#59,
hy7e8,r6r/pp1k1ppp/4P1n1/8/P4qP1/5Q2/5P1P/R4RK1 b - - 0 20,f7e6 f3b7 d7e8 b7a8,1661,74,80,155,advantage interference middlegame short,https://lichess.org/6g9lbhkm/black#40,
hyBCJ,2r1k2r/pp3P2/1q3p1p/8/1b2B3/1P4P1/P4P1P/RN1Q1bK1 b k - 0 18,e8f7 d1d7 b4e7 e4d5 f7f8 d7c8,1711,78,95,15391,crushing interference long middlegame,https://lichess.org/51YW0l0t/black#36,Zukertort_Opening Zukertort_Opening_Queens_Gambit_Invitation
hyTJz,r4k1r/1p2bppp/p3p3/n2q1b2/P7/2P2N2/3BBPPP/R2Q1RK1 b - - 1 15,a5b3 c3c4 d5e4 d1b3,1658,81,86,63,advantage interference middlegame short,https://lichess.org/LRDX1DXP/black#30,Caro-Kann_Defense Caro-Kann_Defense_Panov_Attack
hzyDO,3Q1bk1/2p2ppp/p3r2q/4P3/Bp6/5b2/PP4PP/R3R1K1 w - - 0 26,g2f3 e6g6 g1f2 h6h2 f2e3 h2e5,1803,75,92,97,advantage deflection interference kingsideAttack long middlegame,https://lichess.org/3vXkOVr6#51,
i0Ia9,r5k1/1b1p1r1p/pp2p1p1/8/3P1q1P/P2B2RQ/2P2PP1/5RK1 b - - 5 22,b7e4 g3g4 e4f5 g4f4 f5h3 f4f7,1860,74,95,1777,advantage interference long middlegame,https://lichess.org/UHsg4qrq/black#44,
i0TNC,3r3r/ppR2ppp/4pk2/8/7Q/4qNP1/PK6/5b2 b - - 5 34,g7g5 h4h6 f6f5 c7f7 f5e4 h6e6,1626,76,89,618,advantage deflection interference long middlegame,https://lichess.org/9dgoCgk4/black#68,
i0ZX3,8/6R1/8/3K4/P1p5/4k3/2r3p1/8 b - - 4 52,e3d3 g7g3 d3d2 g3g2 d2c1 g2c2 c1c2 d5c4,1711,100,84,29,crushing endgame interference rookEndgame veryLong,https://lichess.org/y1N02tys/black#104,
i0hlH,1k3r2/p3q1p1/1p2p2p/4P3/4Q3/8/PP4PP/2R3K1 b - - 0 27,f8c8 c1c8 b8c8 e4a8 c8d7 a8a7,1627,76,94,1074,advantage attraction endgame interference long,https://lichess.org/gYnGEXiM/black#54,
i1DwW,1rr4k/5Ppp/3p4/2qBp1BP/4P3/1PP2P2/Q2K3R/3R4 w - - 1 38,d2e1 c5g1 e1e2 g1h2 e2d3 h2a2,1794,74,96,7284,crushing exposedKing fork interference long middlegame skewer,https://lichess.org/zsAsr37T#75,
i1aLP,r2qk2r/1p3Bpb/2pp3p/p1b2P2/4P1P1/PQ1P3P/4K3/R6R b kq - 0 20,e8d7 b3b7 d8c7 f7e6 d7d8 b7a8,1725,75,92,303,crushing interference long middlegame,https://lichess.org/gK5xHjZq/black#40,
i2dFp,r1bq2k1/1p2n1p1/p1n2r2/2Npp2Q/5P2/2N5/PPPB2PP/R3K2R w KQ - 2 17,f4e5 f6f5 h5h4 f5e5,1787,76,93,4074,advantage interference master middlegame short,https://lichess.org/qK6vJVdz#33,French_Defense French_Defense_Winawer_Variation
i3FjJ,5Q2/2p4k/p5pp/1bB5/1P6/P1b3P1/5P1P/3qN1K1 w - - 5 36,f8f7 c3g7 f7e7 b5e2 h2h4 d1e1,1835,77,93,286,advantage endgame interference long pin quietMove,https://lichess.org/bHcTUrI4#71,
i3fCC,4rk1Q/2q3p1/pnp2pP1/2pbr3/3p4/1P1P4/P1PB4/4RRK1 b - - 3 35,d5g8 f1f6 f8e7 h8g7 e7d8 g7c7,1714,106,80,38,crushing deflection interference long middlegame,https://lichess.org/fkyEGLVh/black#70,
i4Gvt,r4r2/1q1p2kp/p3p1p1/3n4/6N1/1P6/1P1Q1PPP/R4RK1 b - - 2 21,d5f4 d2d4 g7f7 d4f4,1771,76,95,8860,crushing interference middlegame short,https://lichess.org/qOywRo3x/black#42,
i4Xdk,8/7r/8/1Pk1p3/6p1/2K5/1R5P/8 w - - 2 50,b5b6 h7h3 c3c2 h3h2,1651,122,100,9,crushing endgame interference master masterVsMaster rookEndgame short,https://lichess.org/N6pjVqVU#99,
i6d83,2r1k2r/pq2bpp1/4p2n/3pPb1p/NP6/P4N1P/5PP1/R1BQ1RK1 w k - 3 16,c1e3 f5c2 d1d2 c2a4,1687,75,90,1654,advantage interference middlegame short,https://lichess.org/qe5JSY8T#31,Scandinavian_Defense Scandinavian_Defense_Other_variations
i9DLa,r1b1kbnr/ppB3pp/5p2/8/8/2N5/PqP1PPPP/R2QKB1R w KQkq - 0 10,c3e4 f8b4 e4d2 b4d2 e1d2 b2d4 d2c1 d4a1,1856,80,92,701,advantage attraction interference opening veryLong,https://lichess.org/IMwUMDRY#19,Englund_Gambit Englund_Gambit_Hartlaub-Charlick_Gambit
i9EMJ,Qn1qkbnr/5ppp/8/1bp1p3/1P6/4P3/P4PPP/RNB1K1NR w KQk - 0 10,b4c5 b5c6 a8a7 c6g2,1654,118,0,15,advantage interference opening short,https://lichess.org/ATQUv30n#19,Queens_Pawn_Game Queens_Pawn_Game_Other_variations
i9Zja,3r2k1/2q2p1p/p3pnp1/1pp1b1B1/4P3/P1P2Q1P/1P4P1/3B1RK1 b - - 2 22,e5h2 g1h1 f6h5 g5d8 h5g3 h1h2 g3f1 h2g1,1700,74,90,1928,advantage interference middlegame veryLong,https://lichess.org/zrtWKBoz/black#44,
i9oHO,5k2/1p3np1/1r6/p2pp2P/P2Pr3/2P2K1B/1P4R1/6R1 w - - 0 61,g2g7 b6f6 f3g2 f8g7,1849,75,95,4422,crushing endgame interference master masterVsMaster short,https://lichess.org/7sSjLlPA#121,
iAjZW,7k/4q1pp/2p5/p1br4/2Q4P/1P3P2/PB4P1/5R1K w - - 1 35,b2c3 d5d4 c3d4 e7h4 h1g1 c5d4 c4d4 h4d4,1895,73,95,9447,crushing endgame interference sacrifice veryLong,https://lichess.org/TY0BZZqt#69,
iAtOm,5rk1/1p1r2p1/p1n1R2p/5q2/3P4/2P1Q2P/PP3PP1/5RK1 b - - 3 23,c6a5 e6e5 f5c2 e5a5,1820,73,95,11179,advantage interference middlegame short,https://lichess.org/Q7U3QQMO/black#46,
iBk2I,4k2r/2p4p/5Qp1/b1B1P3/2pPb2P/2P5/P2N2P1/2q1KR2 w k - 3 26,e1f2 c1d2 f2g3 d2g2 g3f4 g2f1,1834,75,93,576,crushing hangingPiece interference long middlegame,https://lichess.org/wnCoRgyo#51,
iCShI,2r2rk1/pp1n1ppp/4p1q1/3pP3/8/bP2BN1P/P2RQPP1/5RK1 b - - 3 20,a3b4 f3h4 g6e4 d2d4 e4e5 d4b4,1799,76,95,12343,advantage interference long middlegame,https://lichess.org/Pf6Feu68/black#40,
iDoYd,2r1r3/2p4R/p1pb1k2/5p2/1P3p2/PQR1PBq1/4K3/8 b - - 3 34,f4e3 b3f7 f6e5 c3e3 e5f4 f7c4,1661,76,95,2417,crushing interference intermezzo long middlegame,https://lichess.org/0BexXsdJ/black#68,
iE3jf,r4k1r/p4ppp/1q1P1b2/3b4/Q4Bn1/3B4/PPP3PP/RN3R1K w - - 1 17,b1d2 g4f2 f1f2 b6f2 d2e4 f2f4,1769,75,88,534,advantage interference kingsideAttack long middlegame,https://lichess.org/kR1jMsye#33,Sicilian_Defense Sicilian_Defense_Open
iENYd,r2qk1nr/ppp2ppp/2n5/4p3/1b1P2b1/2NB1N2/PPP3PP/R1B1QRK1 w kq - 0 11,f3e5 d8d4 c1e3 d4e5,1609,74,28,128,advantage interference opening short,https://lichess.org/TFR2Yghz#21,Vienna_Game Vienna_Game_Vienna_Gambit
iEV80,r3rk2/1pp5/3q1p1Q/3P4/1p6/7P/1P3PP1/R5K1 b - - 1 30,f8e7 h6g7 e7d8 a1a8,1755,81,92,68,endgame interference mate mateIn2 short,https://lichess.org/bEeepfn9/black#60,
iEYNt,rnbqkb1r/pp2pp1p/6p1/3n4/3N4/2N1P3/PP3PPP/R1BQKB1R b KQkq - 1 7,f8g7 f1b5 b8d7 c3d5,1862,79,93,5127,crushing interference master opening short,https://lichess.org/ZVySgaqR/black#14,Indian_Defense Indian_Defense_Spielmann-Indian
iFvmX,1qr3k1/2r1n1pp/3b4/1p1ppb2/pP6/P3P1P1/1B1Q1P1P/R1R1NBK1 w - - 4 27,e1f3 c7c2 d2d1 c2b2,1877,71,95,17323,advantage collinearMove interference middlegame short,https://lichess.org/cw8EXCq5#53,
iG5iA,2r1r1k1/p4ppp/2p3b1/q2p4/P3n1P1/1P1NP2P/5PB1/2RQ1RK1 b - - 0 20,e4d2 b3b4 a5b6 d1d2 g6d3 d2d3,1791,79,92,1524,crushing interference long master middlegame,https://lichess.org/EGI2pfEk/black#40,
iGK3Q,6r1/1p5k/p1p5/3pNq1p/3P1p2/1PP1pP2/1P5Q/R6K w - - 2 38,a1g1 g8g1 h1g1 f5b1 g1g2 b1b2,1765,87,88,39,attraction crushing endgame exposedKing interference long,https://lichess.org/PKrHK1YD#75,
iGQ7Q,3r2k1/5pp1/4p1bp/4P3/1B2p3/PQ2P3/4q1PP/2R3K1 w - - 3 25,a3a4 d8d3 b3c2 e2e3,1899,74,89,146,advantage endgame interference short,https://lichess.org/v4TWf3z2#49,
iHw8w,2k2br1/ppprnN1Q/2q1pBp1/3p1b2/3P4/8/P1P2PPP/R4RK1 w - - 0 16,f6e7 g8g7 h7h8 g7f7,1765,75,95,3977,advantage interference middlegame short,https://lichess.org/SjC6r1s9#31,Nimzowitsch_Defense Nimzowitsch_Defense_Colorado_Countergambit_Accepted
iIE9q,r1b3k1/1pq3p1/p2rppB1/4p3/P7/1P5Q/5PPP/4R1K1 b - - 0 27,d6d8 h3h7 g8f8 h7h8 f8e7 h8g7 e7d6 e1d1 d6c6 d1c1,1670,75,94,1218,crushing deflection interference kingsideAttack middlegame veryLong,https://lichess.org/eK5l5cfg/black#54,
iJPYD,6k1/p1r2pp1/4p3/3pP1NQ/3n3P/3q2P1/P4P2/4R1K1 w - - 2 27,e1d1 d4e2 g1g2 d3d1,1683,77,92,346,crushing endgame interference short,https://lichess.org/4HCqUzi7#53,
iJltB,6k1/2q1r3/pp1R1Rp1/6N1/1P6/P6P/6PK/8 b - - 5 42,e7g7 f6f8 g8f8 g5e6 f8e7 e6c7 e7d6 c7e8 d6d5 e8g7,1708,76,96,13152,attraction crushing endgame exposedKing fork interference sacrifice veryLong,https://lichess.org/C4P42i8T/black#84,
iKymz,r1b1kb1r/pp3pp1/4pn1p/qN1p4/1n1P1B2/P3P3/5PPP/R2QKBNR w KQkq - 0 10,a3b4 f8b4 e1e2 a5b5,1741,74,96,2788,advantage interference middlegame short,https://lichess.org/wuI0v1Hk#19,Slav_Defense Slav_Defense_Exchange_Variation
iO3kR,r4r2/1bkn4/p3Q3/2bpPp2/2p2P2/1PN4R/PBP2qPP/3R3K b - - 0 26,f8g8 c3d5 c7b8 e6g8,1740,75,89,416,crushing interference master masterVsMaster middlegame short superGM,https://lichess.org/Otemomjy/black#52,
iPRX1,r1bqk2r/pp3ppp/2nb1n2/8/Q2p4/3P1N2/PP2BPPP/RNB1K2R w KQkq - 5 10,f3d4 d6b4 b1c3 d8d4,1780,75,96,3330,advantage discoveredAttack interference opening short,https://lichess.org/IpuHe7MT#19,Sicilian_Defense Sicilian_Defense_Bowdler_Attack
iQ8Qy,4Q3/pp3p1k/4p3/3p2Pp/5q1P/8/8/6K1 b - - 3 40,h7g6 e8g8 g6f5 g8f7 f5e4 f7f4 e4f4 g5g6,1840,75,95,6826,crushing deflection endgame interference queenEndgame veryLong,https://lichess.org/YWkLYhOc/black#80,
iSgbM,2r3k1/p4pbp/Rp6/1q1Pp2p/4P3/1P2BP2/2r3PP/4QRK1 w - - 0 24,a6a7 c2e2 e1h4 e2e3,1862,78,93,2701,advantage interference middlegame short,https://lichess.org/KxWOirGB#47,
iV4Mz,r4rk1/pp4pp/3p4/2pPn3/2P1Qn2/1P5q/P1B4P/2KR1R2 b - - 5 24,h3c3 e4h7 g8f7 f1f4 f7e8 f4f8,1705,76,78,77,advantage interference kingsideAttack long middlegame,https://lichess.org/bZLwNz5E/black#48,
iVICP,3r2k1/ppp1r3/7p/2P1pB2/1P2K1Pq/P3RR2/2Q5/8 w - - 6 32,f3h3 d8d4 e4f3 h4h3,1601,75,87,718,crushing interference middlegame short,https://lichess.org/PR9j7yJK#63,
iWY2b,5rk1/p1r4p/1pn2qp1/1N2pp2/P7/2P2P2/2P1Q1PP/3RR2K b - - 4 22,c7e7 d1d6 f6f7 d6c6,1707,76,85,84,advantage interference middlegame short,https://lichess.org/MpCK3vFg/black#44,
iXVSz,5r2/7k/pnq3pp/4p3/2P3P1/P2Q2NP/1P6/2R4K w - - 1 39,h1g1 f8f3 d3e2 f3g3,1821,76,92,1236,advantage endgame interference master short,https://lichess.org/KaEgqDNy#77,
iXe4v,r4r2/2q1bppk/2p4p/p3p3/Bp3P2/P3BQ2/1PPR2PP/6K1 b - - 0 21,c6c5 d2d7 c7b8 d7e7 b4a3 b2a3,1752,76,90,1708,advantage interference long middlegame,https://lichess.org/iVQh9d9z/black#42,
iYrBM,rnb2rk1/pp1pnpp1/2p1q2p/4P2Q/4N3/3P2P1/PPP3K1/R1B4R b - - 1 15,d7d5 e4f6 g7f6 h5h6 e6h3 h1h3,1643,75,95,1908,crushing deflection interference long middlegame sacrifice,https://lichess.org/HtQKWY0L/black#30,Vienna_Game Vienna_Game_Vienna_Gambit
iZJ62,3r2r1/1b3p1k/p7/1p2pP1p/4P2Q/5P2/PP1qB1P1/RK3R2 b - - 14 30,d2e2 h4h5 h7g7 h5g5 g7f8 g5d8,1765,75,37,67,crushing exposedKing interference long middlegame,https://lichess.org/qhQ22S9r/black#60,
iaQuz,r6k/pb2q2p/2p1p2P/1p1P2p1/Pbp1Pr2/2N1Q3/1P3P2/3RKBR1 b - - 0 23,b4c5 d5d6 c5e3 d6e7 e3f2 e1e2,1833,90,88,34,advancedPawn advantage interference long middlegame,https://lichess.org/EHPQ0NkP/black#46,
iaz1j,4k1r1/1p4r1/1bpQ3R/p3p1n1/P2PP3/2PK2B1/1q3P2/7R b - - 1 35,b6c7 h6e6 g5e6 d6e6 e8f8 e6c8 f8e7 c8c7,1691,120,43,11,crushing exposedKing interference middlegame sacrifice veryLong,https://lichess.org/5VmiKwoq/black#70,
ib2qT,r6r/2p1kpp1/p1Qbp2p/3N4/3P2n1/4B1Pq/PPP2P1P/R3R1K1 b - - 2 16,e6d5 e3g5 e7f8 c6a8,1672,75,83,649,discoveredCheck doubleCheck interference mate mateIn2 middlegame short,https://lichess.org/5PHWHvgh/black#32,Scandinavian_Defense Scandinavian_Defense_Portuguese_Variation
ibgQ2,5rk1/1b1q3p/p2pp1p1/1pp1b3/4P3/1PP3QP/1P1N1PP1/R3R1K1 w - - 3 23,g3g5 e5f4 g5g4 f4d2,1680,75,82,676,advantage interference middlegame short,https://lichess.org/KAZAAQJE#45,
icYeg,2r4r/5pk1/1Q2p1pp/p3P1q1/P2N4/2n5/5PPP/1R2R1K1 b - - 0 27,c3b1 d4e6 f7e6 b6b7 g7g8 b7c8,1837,149,60,7,advantage fork interference long middlegame sacrifice,https://lichess.org/M6tV7O3r/black#54,
icbJO,6k1/ppN5/3p1rpQ/2p1q3/2P1P3/5RK1/P6P/8 w - - 2 31,g3g4 e5e4 f3f4 e4g2 g4h4 g2h2,1815,118,44,19,crushing endgame interference long,https://lichess.org/TrcQAtA1#61,
igqHp,8/5pk1/5p2/5r1P/R7/p3PKP1/r4P2/7R w - - 1 38,f3g2 a2f2 g2h3 f5h5,1657,75,80,195,crushing endgame interference rookEndgame short,https://lichess.org/k0VOFMnD#75,
ihhXl,2r4r/1p2kR2/3qp1nQ/1b1p4/1P6/2P5/2B2PPP/4R1K1 b - - 0 30,e7f7 h6g6 f7e7 g6g7 e7d8 g7h8,1602,75,97,1863,advantage interference long middlegame,https://lichess.org/kkwK3oQf/black#60,
ii3r0,2r4k/5Pbp/pBq2np1/2P5/8/1Q5P/P4PP1/4R1K1 b - - 0 27,g7f8 e1e6 c6d5 e6f6 d5b3 a2b3,1809,75,97,1453,advantage interference long middlegame,https://lichess.org/VpfMjKmZ/black#54,
iiv9N,r3qrk1/4bpp1/1p2p3/3pN1Pp/p2P3P/2P2Q2/PP3P2/2KR3R b - - 3 21,f7f6 g5g6 f6e5 f3h5 e8g6 h5g6,1851,75,92,849,crushing interference long middlegame sacrifice,https://lichess.org/i8BT5EHw/black#42,
ijofD,5rk1/1pq2pp1/p1b1p2p/2Q1Nn1P/1PB3P1/8/2P2P2/3R2K1 b - - 0 26,f5e7 d1d7 c7c8 d7e7,1864,91,67,28,advantage interference middlegame short,https://lichess.org/2SbRlM3a/black#52,
ik2E4,2q5/pb2n1kp/1p1rPpp1/2p1p3/P1B1P1Q1/4NP2/1PP3PP/5RK1 w - - 4 25,e3f5 e7f5 e4f5 d6d4 g4g3 d4c4,1850,75,96,649,advantage interference long middlegame,https://lichess.org/maSitjHV#49,
ikq4X,r3kb1r/pq2nppp/3p4/nP1Pp3/Q7/5N2/P1P2PPP/R1B1K2R b KQkq - 2 15,b7c7 b5b6 c7d7 a4a5,1670,76,95,35220,advantage discoveredAttack discoveredCheck interference opening short,https://lichess.org/Me6Mh9VD/black#30,Van_Geet_Opening Van_Geet_Opening_Napoleon_Attack
imjPp,8/7p/3kP1p1/1pp2pP1/8/p2K4/B5P1/8 w - - 2 41,g2g3 c5c4 d3c3 d6e6 c3b4 e6e5,1797,77,92,2023,bishopEndgame crushing defensiveMove endgame interference long,https://lichess.org/y55s3wbP#81,
imjis,8/2k5/7p/6p1/7P/r2B1PK1/2P3P1/8 b - - 0 45,a3c3 h4g5 h6g5 g3g4 c3c5 d3f5 c7d6 g4g5,1899,88,81,61,crushing endgame interference quietMove veryLong,https://lichess.org/iPNWfOrj/black#90,
inoYJ,3R1rk1/pb4pp/1p1Rq3/2p1p3/2P1p3/P3P3/1B3PPP/5BK1 b - - 2 25,e6e7 d8d7 e7e8 d7b7 f8f7 b7f7,1733,77,81,95,advantage interference long middlegame,https://lichess.org/AVabpz2f/black#50,
ioE0l,r1bqkb1r/pp2pppp/5nn1/3N4/3Qp3/6B1/PPP2PPP/2KR1BNR b kq - 0 9,f6d5 f1b5 c8d7 d4d5,1677,76,96,2537,crushing interference intermezzo opening short,https://lichess.org/dJPvhJ7U/black#18,Nimzowitsch_Defense Nimzowitsch_Defense_Scandinavian_Variation
ioxr1,r1b1kbnr/p4ppp/2p1p3/2Pp4/5B2/4PN2/PqPN1PPP/R2QK2R b KQkq - 0 8,f8c5 f4e5 b2a3 e5g7,1656,79,82,79,advantage interference opening short,https://lichess.org/JUbPzlHS/black#16,Queens_Pawn_Game Queens_Pawn_Game_Zukertort_Variation
iq1G5,3B2k1/p4p2/1p4p1/2p5/2P2P1Q/3q2K1/PP6/8 w - - 1 43,g3g4 f7f5 g4g5 d3d8 g5g6 d8h4,1765,75,88,528,crushing deflection endgame interference long skewer,https://lichess.org/Ceovinay#85,
irT6b,8/rpk2rpp/8/8/6P1/8/p2R1P1P/R5K1 b - - 1 41,f7f4 a1c1 c7b6 d2b2 b6a5 b2a2,1823,79,92,2086,crushing endgame interference long rookEndgame,https://lichess.org/cfjWmf1m/black#82,
irYuf,k1r5/1R5R/8/8/r4K2/8/6PP/8 w - - 29 82,f4g5 c8c5 g5f6 a4a6 f6e7 a8b7,1717,78,94,1220,crushing endgame interference long rookEndgame,https://lichess.org/iz5W6nn0#163,
ircC2,r6k/1np3rp/p2p1Q2/8/3pPpP1/1PBq1P1P/P4K2/2R4R w - - 0 28,c3d4 d3d2 f2f1 d2c1 f1e2 c1c2,1833,90,81,37,advantage interference long middlegame,https://lichess.org/M6AlqKaa#55,
is7AU,2r5/1bk5/1p6/p4B1P/2p3P1/8/PP3rP1/3R3K b - - 2 37,f2g2 d1d7 c7c6 h1g2,1690,80,94,133,advantage endgame interference master short,https://lichess.org/MFNsKdJM/black#74,
isIlC,3rkr2/1pq2p1p/p1b1PQ2/6P1/4p3/3B4/PPP4P/1K1R3R b - - 0 21,e4d3 e6f7 c7f7 h1e1 e8d7 d1d3,1823,128,50,18,advancedPawn attackingF2F7 crushing interference long middlegame,https://lichess.org/bnFNuAEJ/black#42,
istlT,1r2nB1k/6p1/4pn1p/4qp2/8/2pQP2P/2B2PP1/R5K1 b - - 9 42,e8c7 f8d6 e5d5 d6c7,1695,76,95,7697,crushing interference middlegame short,https://lichess.org/hM1wIKco/black#84,
it073,r3k2r/ppq2pp1/4p3/2bpP3/3n1P1p/P1R5/3PN1PP/1RB1Q2K b kq - 1 18,d4e2 e1e2 c7a5 b1b5 a5a6 c3c5,1799,75,93,13715,advantage interference long middlegame,https://lichess.org/3KiJZWQZ/black#36,Caro-Kann_Defense Caro-Kann_Defense_Other_variations
itGwu,r2q1br1/pppk1Q2/2n2p1p/4pP2/3p1P1N/3P3P/PPP3bK/R1B2R2 b - - 3 18,f8e7 f7e6 d7e8 e6g8,1687,77,89,161,crushing interference middlegame short,https://lichess.org/6kCmD4mP/black#36,Zukertort_Opening Zukertort_Opening_Black_Mustang_Defense
itJIu,2n1r1k1/6bp/3pb1p1/2pn4/5P2/5B1P/1q4PB/R2QR1K1 w - - 0 28,f3d5 g7d4 g1h1 e6d5 e1e8 g8f7 e8e2 b2a1 d1a1 d4a1,1895,123,86,21,crushing interference intermezzo middlegame sacrifice veryLong,https://lichess.org/TfrRyJI8#55,
iu9tc,4rrk1/8/2q3pQ/pp1p1p1p/4b2P/2P1B3/PR6/K5R1 b - - 3 41,g8f7 h6h7 f7e6 g1g6 f8f6 g6f6 e6f6 h7h6 f6f7 h6c6,1776,75,85,127,attraction crushing deflection interference middlegame skewer veryLong,https://lichess.org/yA2GAvni/black#82,
iubRj,4k1r1/3r3q/p2N1p2/1pp1p1p1/2P1PnP1/3P4/PP1B3Q/7K b - - 0 42,e8d8 d2a5 d8e7 h2h7,1768,83,68,77,advantage interference master middlegame short,https://lichess.org/LKichRVs/black#84,
ivKkR,5r2/pN5p/2p3p1/6k1/2P5/1P6/P3rqPP/2Q3RK b - - 3 32,g5h4 c1h6 h4g4 h2h3 g4f5 h6f8,1856,74,94,9029,crushing endgame interference long,https://lichess.org/S4WmBBHO/black#64,
ivr7e,1r2k3/5p1p/B5p1/P1R2p2/8/2b5/1P4PP/1K6 b - - 0 28,c3b2 a6b5 e8e7 b1b2 e7d6 c5c6 d6d5 c6b6,1823,75,88,530,crushing endgame interference veryLong,https://lichess.org/9MUoHn8T/black#56,
iwJkq,5k2/1pp2qp1/p2p2R1/4pr2/1P6/2PP1pQ1/PB3P2/6RK w - - 3 35,g6g7 f5h5 g3h2 h5h2 h1h2 f7h5 h2g3 f8g7,1730,90,82,27,attraction crushing endgame exposedKing interference veryLong,https://lichess.org/Qc0x5PSf#69,
iwiqp,r3k2r/pp2bpp1/3q3p/4Q3/8/P1P4P/2P2PP1/R1B1K2R w KQkq - 1 17,e5g7 e7f6 g7g4 f6c3,1743,77,83,418,crushing interference middlegame short,https://lichess.org/hYcVJG96#33,Sicilian_Defense Sicilian_Defense_Modern_Variations
iz4pF,r4r2/pp1q1kp1/2p3b1/4PpP1/P2p2n1/3B3Q/2P1K1P1/R1B1R3 b - - 0 29,f8h8 d3c4 f7e7 c1a3 e7d8 h3h8,1690,80,94,4914,crushing interference long middlegame,https://lichess.org/Hq8PH8aS/black#58,
izSs1,2r3k1/1p3pp1/p3p2p/3nP3/q7/P2Q1NP1/1P3PPK/3R4 b - - 4 28,c8c2 b2b3 a4a3 d3c2,1639,75,93,706,advantage endgame interference short,https://lichess.org/Cve6XSKc/black#56,
j00uV,8/8/6k1/4pp1p/7r/1P2K3/P2R3P/8 w - - 0 40,a2a4 h4h3 e3f2 h3h2,1695,74,86,112,crushing endgame interference rookEndgame short,https://lichess.org/jZMGiD9J#79,
j0JeK,2k5/p4q2/P1Q5/1p1p4/1P1P1pp1/2P5/6K1/8 b - - 0 47,c8d8 c6a8 d8d7 a8a7,1632,132,0,15,crushing endgame interference master queenEndgame short,https://lichess.org/VcLSRW5j/black#94,
j1wN1,r6r/3q2k1/p2ppB2/4n3/1p4QP/8/PPP3K1/R7 b - - 5 27,g7f6 a1f1 f6e7 g4g7 e7d8 g7h8 d8c7 h8a8,1698,76,95,4633,advantage endgame interference master skewer superGM veryLong,https://lichess.org/xKg1eJKX/black#54,
j2nbn,2r3k1/7p/5B2/p1qp3b/1p2p3/3nP1PB/P2Q3P/5RK1 b - - 2 29,c5c2 h3e6 g8f8 f6c3 f8e7 d2c2,1818,180,81,9,advantage discoveredAttack discoveredCheck fork interference long master middlegame,https://lichess.org/LaHlKrif/black#58,
j3WIq,1r6/3k1n2/3pQ1p1/2pP4/4P3/2r5/Pq4PP/5R1K b - - 1 28,d7c7 f1f7 c7b6 e6d6 b6a5 f7a7 a5b4 d6b8,1611,76,89,773,crushing deflection endgame fork hangingPiece interference master veryLong,https://lichess.org/AWMfh3u9/black#56,
j5Hg3,2qrr1k1/p3pp1p/b1p3p1/2N1Q2n/3N4/5P2/PPP3PP/3RR2K w - - 9 22,c2c3 d8d5 e5e3 d5c5,1703,75,87,225,advantage interference middlegame short,https://lichess.org/ypImboLi#43,
j5g2A,3r2k1/R5pp/1n2P3/p7/3P4/6PK/r6P/4R3 b - - 0 34,b6d5 a7d7 d8e8 d7d5,1870,147,87,19,advantage endgame interference master short,https://lichess.org/nI8wEV95/black#68,
j8Lzb,1r6/1q1b1rkp/3Q2p1/3N4/p2NP3/1P6/2P4P/2KR4 w - - 0 27,b3a4 b7b2 c1d2 b2d4,1771,75,97,3424,crushing interference middlegame short,https://lichess.org/xgeCyJ7J#53,
j8piy,r4rk1/ppqN1p2/2p4p/3p2p1/3P1b2/6QP/PPP2PP1/R3R1K1 w - - 0 18,g3g4 f7f5 g4h5 c7d7,1729,75,89,1121,advantage interference middlegame short,https://lichess.org/BDDqAhut#35,Scandinavian_Defense Scandinavian_Defense_Main_Line
j95ES,3r2k1/p4ppp/1p3q2/2pbr2N/3p2QP/6P1/PPP2P2/2R1R1K1 b - - 1 24,e5e1 c1e1 f6h6 g4d7 d8f8 d7d5,1897,77,92,67,advantage interference long master middlegame,https://lichess.org/MuW478lQ/black#48,
j9R2A,2kr4/3r3p/2Q3p1/3pPp2/K4P1R/1P2P1P1/P7/4q3 b - - 0 29,d7c7 c6a8 c8d7 h4h7 d7e8 h7h8,1782,78,100,596,crushing endgame exposedKing interference long,https://lichess.org/WOLaNf54/black#58,
j9ZtS,r2qkb1r/ppp2ppp/2p1bn2/8/2PP4/8/PP2PPPP/RNBQKB1R w KQkq - 1 6,b2b3 f8b4 c1d2 d8d4 d2b4 d4a1,1614,75,94,10609,advantage interference long opening trappedPiece,https://lichess.org/1bKnzGj6#11,English_Opening English_Opening_Anglo-Indian_Defense
jAuub,2krr3/1p1q2pp/p1p2n2/5b2/1P1Pp3/7P/PP3PPB/2RQKB1R b K - 0 17,d7d4 c1c6 b7c6 f1a6 c8d7 d1d4,1760,75,92,349,crushing deflection interference long middlegame queensideAttack sacrifice,https://lichess.org/iJ6D8C2G/black#34,Queens_Pawn_Game Queens_Pawn_Game_Accelerated_London_System
jEUWg,r3r1k1/pp3ppp/8/4q1N1/1PPRp1n1/P7/3Q1PPP/2R3K1 w - - 6 26,g2g3 e4e3 f2e3 e5g5,1709,77,93,1255,crushing interference middlegame short,https://lichess.org/LV1iJmXT#51,
jEl1T,r1bqkb1r/ppp2p1p/6p1/4N3/2Bn4/8/PPP2PnP/RNBQ1K1R b kq - 1 10,c8h3 c4f7 e8e7 c1g5 e7d6 d1d4,1819,82,91,1643,attackingF2F7 interference long mate mateIn3 opening,https://lichess.org/XA8J4Wck/black#20,Kings_Pawn_Game Kings_Pawn_Game_Wayward_Queen_Attack
jEyoZ,2kr3r/ppp2ppp/2pq4/6Q1/8/1PNP1NPb/P1P1P2P/R5KR w - - 9 19,g5g7 d6c5 d3d4 c5c3,1760,77,91,2783,advantage interference middlegame short,https://lichess.org/G6XHm7kn#37,Nimzo-Larsen_Attack Nimzo-Larsen_Attack_Modern_Variation
jFxSg,r2qk2r/1pp1ppbp/p2n1p2/3P4/2P3N1/2N4P/PP2QPP1/R3K2R w KQkq - 2 15,b2b3 f6f5 g4e5 d6e4 c3e4 g7e5 a1c1 f5e4,1803,72,95,15122,advantage interference middlegame veryLong,https://lichess.org/X2WnIXDV#29,Scandinavian_Defense Scandinavian_Defense_Modern_Variation
jIFOw,1r4k1/5ppp/R7/1n5q/2p1PP2/2P5/3Q2BP/5K2 b - - 2 30,h5h2 a6b6 b8a8 b6b5 a8a1 f1f2,1865,76,99,496,advantage defensiveMove endgame interference long,https://lichess.org/4pIXtOCr/black#60,
jJeXL,6k1/p1Q2pp1/6q1/8/5P1p/1P4r1/PBP2nB1/R5K1 w - - 0 30,g1f2 g3g2 f2e3 g6g3 e3d4 g2d2 d4c5 d2c2,1687,121,47,14,crushing endgame exposedKing interference veryLong,https://lichess.org/Pu9vU7Bj#59,
jJrdG,4r1k1/p4ppp/2n5/1p6/5Q2/1P1b1NPP/P1qNrPK1/R6R w - - 5 21,a1c1 e2f2 g2f2 e8e2 f2g1 c2c1,1625,75,92,843,attraction crushing interference long middlegame sacrifice,https://lichess.org/CS20c3HX#41,
jLEOJ,1r1q4/R1p5/2P1pkp1/1b1p1p2/3P1Pp1/4P1N1/2Q2KP1/8 b - - 0 37,d8d6 a7b7 b8a8 b7b5,1721,75,81,124,advantage endgame interference short,https://lichess.org/mOHSjxuz/black#74,
jLME2,5bk1/5pp1/4p3/p3P3/1p3B1p/1P3P1P/P1Q3PK/q7 w - - 0 33,c2e2 f8c5 f4e3 a1e5,1819,98,60,22,crushing endgame interference quietMove short,https://lichess.org/1RO9eWii#65,
jMUA8,r2k1b1r/pQpb1p1p/4q3/8/8/8/PPP1B1PP/R3K2R b KQ - 0 16,d7c6 e1c1 f8d6 b7c6,1859,79,92,883,advantage castling discoveredAttack discoveredCheck interference middlegame short,https://lichess.org/x6DDB5az/black#32,Vienna_Game Vienna_Game_Vienna_Gambit
jNkXL,8/p5b1/r5kp/6p1/1PPpR1P1/3K1P1R/P7/8 w - - 1 40,h3h2 a6a3 d3c2 a3a2,1614,75,93,2113,advantage endgame interference short,https://lichess.org/fesCLNW3#79,
jP4jp,8/1pk1r3/2p2p1n/4n3/4PKp1/1PNR2P1/P1P4P/3R4 w - - 7 32,d3d6 e5g6 f4e3 h6f5 e3d2 f5d6,1651,76,38,88,advantage endgame interference long pin,https://lichess.org/ZSn6JKzW#63,
jQBXZ,8/8/8/4k3/2Krp3/1P2R3/8/8 w - - 4 49,c4c5 d4d3 e3e1 d3b3,1648,75,96,21339,crushing endgame interference rookEndgame short,https://lichess.org/EM7Jq559#97,
jRh6t,2r2rk1/5pb1/3p1qpp/p2B3P/p3PPP1/4Q3/2PK4/1R5R b - - 2 23,c8c3 e4e5 d6e5 e3c3,1865,75,88,892,advantage interference master middlegame short,https://lichess.org/hiZMHDbQ/black#46,
jSRsQ,1k2q2r/ppp3p1/3b1p1p/8/NnQ1P3/1P2B2P/5PP1/R5K1 b - - 1 27,g7g5 e3a7 b8a7 a4c5 a7b8 c4b4 d6c5 b4c5,1797,80,91,5124,advantage discoveredAttack discoveredCheck interference middlegame queensideAttack sacrifice veryLong,https://lichess.org/mL5QZnbn/black#54,
jUSTu,rnbqkb1r/p1p2ppp/4pn2/1p2N3/2pP4/1P6/P3PPPP/RNBQKB1R w KQkq - 0 6,b3c4 f8b4 c1d2 d8d4 d2b4 d4a1 b4c3 a1a2,1774,74,93,3112,crushing fork interference opening trappedPiece veryLong,https://lichess.org/kAmNljXD#11,Queens_Gambit_Accepted Queens_Gambit_Accepted_Other_variations
jWJdS,rn2kbnr/pp2qppp/8/3Q4/8/4B3/PPP2PPP/R3KB1R b KQkq - 0 10,g8f6 f1b5 b8d7 d5b7,1650,75,87,240,advantage interference opening short,https://lichess.org/9ODy7lvc/black#20,French_Defense French_Defense_Two_Knights_Variation
jYnBr,3R4/pp5p/2b1pprk/2R4N/5Pr1/P3P3/6PP/6K1 w - - 6 30,g2g3 f6f5 d8h8 h6h5,1862,75,89,1211,crushing endgame interference quietMove short trappedPiece,https://lichess.org/cJELmuwt#59,
jZ02j,8/1p4pr/2bP4/2Pkpp1P/pR5R/P3P1K1/7P/8 w - - 2 35,b4c4 f5f4 e3f4 d5c4,1808,74,86,163,advantage endgame interference master short,https://lichess.org/Hw3CxztZ#69,
jZycu,r4rk1/pp1nq1pp/3p4/2pPbp2/2P1N3/3BQ2P/PP3PP1/R4RK1 w - - 0 17,e4g5 f5f4 e3e4 e7g5 e4h7 g8f7 h7f5 g5f5,1727,75,93,2634,crushing interference middlegame veryLong,https://lichess.org/7ejrYodt#33,Benoni_Defense Benoni_Defense_Old_Benoni
ja2py,r1bqkr2/ppp2pQp/2n5/8/7b/2P5/P1P1BPPP/R1B1K1NR w KQq - 1 11,g1f3 h4f6 g7h7 f6c3 c1d2 c3a1,1691,76,84,324,advantage fork interference long opening,https://lichess.org/h9A6RBcX#21,Center_Game Center_Game_Paulsen_Attack_Variation
jaHvh,8/p4pk1/4b1pp/2b1P3/Pr4P1/7P/3Q2BK/8 w - - 3 40,g2d5 b4d4 d2c3 d4d5,1862,74,96,3200,advantage endgame interference master short,https://lichess.org/1vEJ1Zlu#79,
jcnwB,8/8/8/P2k2p1/5r2/1PK5/1R3P2/8 w - - 1 42,b3b4 f4f3 c3d2 f3f2,1708,80,93,1677,crushing endgame interference master rookEndgame short,https://lichess.org/8xZ5Kmx2#83,
jdBym,r1b2r1k/ppq1b1pp/5p2/2pBn3/2Pp4/BP4N1/P1QP1PPP/R4RK1 w - - 10 19,g3f5 d4d3 c2c3 c8f5,1660,75,96,6810,crushing interference middlegame short,https://lichess.org/sIPCyrQp#37,Sicilian_Defense Sicilian_Defense_Delayed_Alapin_Variation
jdIeK,5Q2/1pp1r2p/6p1/6k1/3q4/6P1/4p1KP/4R3 b - - 5 38,d4f6 h2h4 g5f5 g3g4 f5e6 e1e2,1763,74,95,2386,advantage endgame interference long pin,https://lichess.org/OzVwG6wR/black#76,
jeZNe,r2q3r/pb1n1kpQ/1p1bp3/2p1P3/3Pp3/2PBPR2/PP4PP/R1B3K1 b - - 1 16,e4f3 d3g6 f7f8 h7h8 f8e7 h8g7,1672,76,94,3273,interference long mate mateIn3 middlegame,https://lichess.org/lObY31He/black#32,Indian_Defense Indian_Defense_Knights_Variation
jeagJ,r3kb1r/2pp1p2/p4p1p/1pP1p3/1P2q3/PB6/5PPP/1R1Q1K1R b kq - 1 21,h8g8 b3d5 e4f5 d5a8,1835,82,79,40,advantage fork interference middlegame short,https://lichess.org/gwrZSuBs/black#42,
jfQ0h,r1b2r2/1ppp4/p3kp1Q/7P/2Pp4/q1R5/P1P2PP1/1K1R4 b - - 0 22,d4c3 d1e1 e6d6 h6f8 d6c6 f8a3,1610,76,94,887,crushing endgame interference long skewer,https://lichess.org/iNivKAnW/black#44,
jfyiw,6k1/p2N3p/2p3p1/8/2p5/3q2KQ/PP5P/8 w - - 2 39,g3h4 g6g5 h4g4 d3d7,1777,75,97,470,crushing endgame interference short,https://lichess.org/VmQG4ulX#77,
jgcm5,2k3r1/pp2bp1r/nq2p2p/3p4/1P1PnQ2/N1P2N1P/P4PP1/R4RK1 b - - 0 20,e6e5 f4f5 b6e6 f5h7 e4f6 h7h6,1758,79,93,4236,advantage fork interference long middlegame,https://lichess.org/OThrZMJf/black#40,
jiwwk,5r2/R7/p2kp1p1/1p1b4/1Pp2PK1/P1B5/8/8 b - - 6 40,f8a8 c3e5 d6c6 a7a8,1651,144,82,7,crushing endgame interference short,https://lichess.org/clgbHPN5/black#80,
jjCXI,2r5/ppr1kpQ1/4p2p/q2pP3/3P3N/7P/b1B2PP1/2R3K1 b - - 0 29,c7c2 h4g6 e7d7 g7f7 d7c6 c1c2,1764,75,96,5147,crushing deflection interference long middlegame pin,https://lichess.org/0ruwLrqH/black#58,
jjph7,1r1qr1k1/1b2bppp/pNp5/3p2PP/4PP2/1PNPQ3/1PP5/R4KR1 w - - 0 23,e3d4 c6c5 d4f2 d8b6,1613,75,96,18444,advantage interference middlegame short,https://lichess.org/b8QVpQhg#45,
jjx8n,r3r3/p1pn1p1k/1p1p4/6PP/3PpPq1/2P1B3/P4K2/R6Q b - - 2 28,e8h8 h1e4 h7g8 e4a8,1695,129,71,23,advantage interference middlegame short,https://lichess.org/E2Iumx83/black#56,
jkRJX,4r1k1/p4ppp/2p1rq2/2p1p3/2P5/PP1P1NPb/2Q1PP1P/3RK1R1 w - - 7 17,c2d2 e5e4 f3g5 e4e3 f2e3 f6g5,1818,78,94,11813,crushing interference long middlegame,https://lichess.org/lP82X2CQ#33,Hungarian_Opening Hungarian_Opening_Other_variations
jlNYp,r3r1k1/pp3pp1/4p2p/3p2q1/1B1Pnn2/5Q1P/PPPN1PP1/R4RK1 b - - 8 20,f4h3 f3h3 e4d2 f2f4 g5f6 b4d2,1843,77,93,880,advantage interference intermezzo long middlegame,https://lichess.org/yr3AVPOM/black#40,
jmKAv,r6r/1Np1q1pp/5pk1/3Qn3/4P3/4p2P/PP3PP1/R2R2K1 w - - 3 22,f2e3 c7c6 d5d6 e7b7,1722,78,93,5222,advantage discoveredAttack interference middlegame short,https://lichess.org/vLNcrSt0#43,
jmp80,3R1r1k/pp2bbpp/5p2/8/6P1/qPB4P/P2Q1P2/1K1R4 b - - 0 29,e7d8 c3b4 a3a6 b4f8,1755,123,55,12,advantage fork interference middlegame short,https://lichess.org/wBU2PIQ3/black#58,
jmtJz,2r5/5k2/1p2p1R1/4Pp1p/1n3P2/2rP1K2/6R1/4N3 b - - 0 37,b4d3 g6g7 f7e8 g7g8 e8d7 g2g7 d7c6 g8c8,1876,114,40,28,crushing deflection endgame interference veryLong,https://lichess.org/Pxpwrrn4/black#74,
jnjgt,4r1k1/Qp3rpp/2p1p3/2Pp4/1P2p2P/P2qP1P1/3B1P2/2R1K2R w K - 1 25,a7a4 f7f2 e1f2 d3d2 f2g1 d2c1,1776,285,86,6,advantage attackingF2F7 attraction deflection interference long middlegame,https://lichess.org/tnjECkJ6#49,
jpaJZ,8/p3k2p/2Qpp1p1/N1p2p2/2P4q/2b1P3/PrB1KP2/2R2R2 w - - 4 28,a5b7 h4c4 e2d1 c4f1,1851,77,93,13050,interference mate mateIn2 middlegame short,https://lichess.org/V3SaKMgS#55,
jqrlC,4n1k1/5ppp/p3p3/qp4PP/2prP3/2N2QB1/PR3P2/6K1 w - - 0 30,h5h6 d4d3 f3f4 a5c3,1747,74,85,499,advantage interference master middlegame short,https://lichess.org/Xs7dKV5C#59,
jqzCD,2kr1b1r/pp4pp/2p1b3/4q3/3N4/3PP1P1/PP1KQ1BP/R6R w - - 1 20,d4e6 e5b2 d2e1 b2a1 e1f2 a1f6,1731,75,96,15699,advantage interference long middlegame,https://lichess.org/zFqi4xvN#39,
jrjvC,r1b2rk1/ppp2ppp/2nb4/3P4/4N1B1/2N5/PPP2PPq/R1BQRK2 w - - 2 14,e4d6 h2h1 f1e2 c8g4 f2f3 h1g2,1708,74,99,473,advantage interference long opening,https://lichess.org/jUT0IIXW#27,Scandinavian_Defense Scandinavian_Defense_Mieses-Kotroc_Variation
jrsLn,r4r2/1kp5/p5B1/1p1Q4/3P4/2P3P1/PP1K4/q7 b - - 0 31,b7b6 d5c5 b6b7 g6e4 b7c8 c5f8,1779,167,85,16,crushing endgame interference long,https://lichess.org/gdex3j8S/black#62,
js2Cm,1r1q2k1/5p1p/Q3p1p1/2p5/2N5/1B6/PKP3PP/8 w - - 0 29,c4d6 b8b6 a6c8 b6d6,1825,73,95,14759,crushing endgame interference short,https://lichess.org/kJgJVjrk#57,
jt2Yl,7r/p4ppp/8/3kp3/1b6/3P2PQ/PP2Nq1P/n2K3R b - - 2 22,f2e3 h3d7 d5c5 d7a7 c5c6 a7e3,1698,74,89,251,crushing interference long middlegame skewer,https://lichess.org/IAfaXgH0/black#44,
jt51P,1k1r4/p2r1p2/1p4pp/3RP3/1P3P2/2q4P/Q5PK/R7 b - - 0 32,d7d5 a2a7 b8c8 a7a8 c8d7 a8d5,1737,91,55,45,advantage endgame interference long,https://lichess.org/RPXN0X6J/black#64,
juycN,2R3k1/p5r1/8/1P6/P2R4/5K2/6rp/8 b - - 3 41,g8h7 d4h4 h7g6 f3g2,1686,75,95,6040,crushing endgame interference rookEndgame short,https://lichess.org/1NBp4VvW/black#82,
jwBFK,2r3k1/3r1p1p/p1q3p1/1p1pR3/1Q1P4/4P2P/PP3PP1/5RK1 w - - 2 26,e5e7 a6a5 b4a3 b5b4 a3a5 d7e7,1711,83,71,49,advantage endgame interference long,https://lichess.org/G396jEb1#51,
jy5jc,3rkb1r/2pq2pp/p4n1n/1p2p3/3N1P2/2N2Q2/PPP3PP/R1B2RK1 w k - 0 16,d4c6 e5e4 c3e4 d7c6 e4f6 c6f6,1838,75,95,2292,crushing interference long opening,https://lichess.org/6kJ1gcq6#31,Philidor_Defense Philidor_Defense_Exchange_Variation
k06IG,r1q2r2/p4p1k/1p1p4/3Pp1Q1/1PP3pP/P5P1/5n1K/R4R2 b - - 2 31,f2e4 g5h5 h7g7 f1f5 f7f6 h5g4,1739,187,33,6,advantage interference long middlegame,https://lichess.org/5bRvjpXa/black#62,
k0cW3,r1b2rk1/pp3ppp/2np2q1/2pNp2R/4P3/P2P2P1/1PPQBP2/R3K3 b Q - 5 15,c8g4 h5g5 g6h6 g5g4 h6d2 e1d2,1644,79,89,78,advantage interference long middlegame,https://lichess.org/OVJTwkFj/black#30,Sicilian_Defense Sicilian_Defense_Other_variations
k23h2,1k6/ppr2ppp/3b4/3p1q1P/8/1QP4N/PP5P/2KRR3 w - - 0 29,b3d5 c7c3 b2c3 d6a3 c1d2 f5d5,1891,92,81,47,crushing interference long middlegame queensideAttack sacrifice,https://lichess.org/M2bRrSjQ#57,
k3j4I,8/3k1r2/1p1p4/p1pP1NPQ/P1P1pP2/1Pq3K1/8/7R w - - 1 53,g3g4 c3f3 g4h4 f3h1,1787,77,87,145,crushing endgame interference short,https://lichess.org/ag4MVLsf#105,
k4XWd,r2q1rk1/4bpp1/p3pn1p/n2p4/Pp1P1B1N/1P2P1Q1/3N1PPP/2R2RK1 b - - 1 18,g8h7 f4c7 d8d7 c7a5,1812,75,91,3206,advantage interference middlegame short,https://lichess.org/gt091Iy4/black#36,Queens_Pawn_Game Queens_Pawn_Game_Accelerated_London_System
k4umN,r1bk1b1r/1pN1pp2/p2p1p1p/4n3/1P1NP3/6Q1/q1P2PPP/2KR1B1R w - - 2 14,c7a8 a2a1 c1d2 a1d4,1632,75,98,1383,advantage interference middlegame queensideAttack short,https://lichess.org/RenTozJR#27,Sicilian_Defense Sicilian_Defense_Najdorf_Variation
k5X2m,r3k2r/ppR1npQp/2b1p3/4P3/3p1B2/3q4/P4PPP/4R1K1 b kq - 0 18,h8g8 c7e7 e8e7 f4g5 e7d7 g7f7 d7c8 f7g8,1660,74,96,1163,attraction crushing deflection interference middlegame sacrifice veryLong,https://lichess.org/V2rqGa4y/black#36,French_Defense French_Defense_Advance_Variation
k6TGP,3r1rk1/1pq2pp1/p2b1nN1/2p4n/2B5/1P3Q2/PB4PP/4RRK1 b - - 0 25,b7b5 b2f6 d6h2 g1h1 h5g3 h1h2,1717,112,85,12,advantage interference long middlegame pin,https://lichess.org/ckGESrOJ/black#50,
k6VWP,1r1r1k2/1p3pp1/p2P4/2PR4/2Q1BbP1/P3KPq1/8/2R5 w - - 7 32,e3d4 g3f2 d4c3 f4c1,1732,76,78,116,crushing interference middlegame short,https://lichess.org/A89ypU2N#63,
k6XQq,3r2k1/5q1r/3p4/p3p3/1pP1P1Q1/1P5R/1P3PPP/6K1 b - - 4 33,h7g7 g4h4 f7c7 h4h8 g8f7 h3f3 f7e6 h8h6 e6d7 h6g7,1751,76,87,99,crushing endgame exposedKing interference veryLong,https://lichess.org/Bm6ztynG/black#66,
k6phT,r2q1rk1/1p4pp/3pb3/2p5/1pP2p2/3QPN2/1P3PPP/1K1R1B1R w - - 0 17,d3d6 e6f5 e3e4 f5e4 f1d3 d8d6,1720,75,97,219,crushing interference long middlegame,https://lichess.org/CEvqJljd#33,Nimzo-Indian_Defense Nimzo-Indian_Defense_Other_variations
k6uFo,7k/1pp2Q2/p1n3pp/3p4/7K/Pq5P/7P/1N5R w - - 2 31,h1f1 g6g5 h4g4 c6e5 g4f5 e5f7,1896,74,77,203,crushing endgame fork interference long,https://lichess.org/03IDKkfP#61,
k7eLb,2r2rk1/1p4pp/p3p3/3pqp2/1P6/P2Q1PnP/2PB1RP1/2R3K1 b - - 4 24,d5d4 f3f4 e5e4 d3g3,1657,80,82,63,advantage discoveredAttack interference middlegame short,https://lichess.org/yDdQ4arI/black#48,
k7wbk,3rr1k1/1b1n1ppp/p7/3NN3/2pQ4/Pq2P1P1/1B3P1P/2R1R1K1 b - - 0 22,d7e5 d5e7 g8f8 d4e5,1759,76,96,15040,crushing interference intermezzo kingsideAttack master masterVsMaster middlegame short,https://lichess.org/NviCSfOq/black#44,
k8YYt,6k1/1p1b1r1p/8/1p2ppQP/1P3Pp1/P1q5/6PK/R7 b - - 1 32,f7g7 g5d8 g8f7 d8d7 f7f6 d7d6,1768,75,77,85,crushing endgame interference long,https://lichess.org/BMHMQHh9/black#64,
k8z9K,rn1qkb1r/pp1n1ppp/2p1p3/4N2b/P1pP2P1/2N2P2/1P2P2P/R1BQKB1R w KQkq - 1 9,g4h5 d8h4 e1d2 h4d4,1710,75,91,1333,advantage interference master masterVsMaster opening short,https://lichess.org/wz4CuwET#17,Slav_Defense Slav_Defense_Steiner_Variation
k9Z5H,1n2r3/4r3/p1p4R/2Pp2k1/6N1/8/1P4RP/1K6 b - - 6 50,e7e2 h2h4 g5f5 h6f6 f5e4 g2e2,1776,74,97,4926,crushing endgame interference long,https://lichess.org/FHwgsQcz/black#100,
k9qwT,5rk1/ppp3pp/3pp1q1/8/4P3/P1r1R1PP/2P2PK1/2Q2R2 b - - 1 25,g6f6 e4e5 f6d8 e3c3,1776,76,92,94,advantage endgame interference short,https://lichess.org/XXV2Yf0d/black#50,
kAURh,rn1r2k1/p4pbp/6p1/2Qq4/8/2P1B3/1R2NPPP/5RK1 b - - 0 18,d5d3 b2d2 b8d7 d2d3 d7c5 d3d8 a8d8 e3c5,1844,76,83,663,advantage interference middlegame veryLong,https://lichess.org/lNmnoiGO/black#36,Grunfeld_Defense Grunfeld_Defense_Exchange_Variation
kAhyj,3r2k1/5ppp/2p5/4r3/8/P1Nb3P/1P1K2P1/R5R1 w - - 2 25,a1e1 d3f1 d2c2 e5e1,1888,99,17,26,crushing deflection discoveredAttack discoveredCheck endgame interference short,https://lichess.org/lUszU8Du#49,
kCA1Z,r3k2r/pp1b1ppp/4p3/2bpP3/2q2P2/2P2N1P/P1K3B1/R1BQ3R w kq - 1 20,d1d3 d7a4 c2d2 c4f4 d2e2 f4g3,1733,145,87,10,advantage interference long middlegame,https://lichess.org/W8Xr0Ysp#39,
kCMow,r3k2r/p2p4/1p2p2p/2p1qpp1/2PR4/P1P3P1/4P1P1/3QKB1R w Kkq - 0 20,d4d7 e5g3 e1d2 e8d7,1767,73,95,14487,crushing interference middlegame short,https://lichess.org/PgLlR9F0#39,
kCV2n,5rk1/pp4p1/2pb4/3n1p1Q/3P3R/7P/Pq3PP1/4R1K1 b - - 1 27,b2b5 h5h7 g8f7 h7f5 d5f6 f5e6,1734,83,93,4523,crushing interference long middlegame,https://lichess.org/RqGveS7X/black#54,
kGcLP,8/p1k2R2/2P5/1P6/4p3/5p2/r7/4K3 b - - 3 46,c7b6 f7b7 b6a5 b7a7 a5b5 a7a2,1893,76,95,4361,crushing deflection endgame exposedKing interference long rookEndgame skewer,https://lichess.org/O9Jksz14/black#92,
kIWhQ,8/p7/1p3b2/1kp5/1r4B1/K5P1/P3R2P/7R w - - 6 33,h1f1 b4a4 a3b3 c5c4 b3c2 a4a2 c2c1 a2a1,1862,76,96,11211,advantage deflection endgame exposedKing fork interference veryLong,https://lichess.org/xhllt3VI#65,
kJ2CU,r2q3r/1p1nk1p1/p1pppbQ1/4p1B1/4R3/2NP3P/PPP3P1/R6K b - - 8 19,f6g5 g6g7 e7e8 g7h8,1789,76,100,52,crushing fork interference middlegame short,https://lichess.org/tD7tbAsy/black#38,
kJcKR,3R4/p1p2pk1/2p1q2p/6p1/4r3/1PQ3Pr/P1P2RK1/8 b - - 3 35,g7g6 d8g8 g6h5 c3f3 e4g4 g2h3,1654,74,90,489,crushing endgame interference long,https://lichess.org/mGc6b0HP/black#70,
kK0lF,8/8/p1p5/2P1KPk1/6Pp/8/8/8 w - - 0 47,e5e6 h4h3 f5f6 h3h2 f6f7 h2h1q f7f8q h1d5 e6e7 d5c5,1791,77,87,59,advancedPawn crushing endgame interference pawnEndgame promotion veryLong,https://lichess.org/1UUphL7E#93,
kKeLp,4bk2/8/2p4r/3p1pRP/4p3/2B1P3/3P1K2/8 b - - 4 49,h6h5 c3b4 f8f7 g5h5,1837,76,92,462,crushing endgame interference intermezzo short,https://lichess.org/UgJwWuNq/black#98,
kLGL3,r2qk2r/ppp1bppn/3pb2p/8/3QP1P1/2N1BP2/PPP4P/2KR1B1R w kq - 1 11,d4g7 e7f6 g7h6 h7g5 e4e5 h8h6,1620,75,95,2807,advantage discoveredAttack interference long middlegame trappedPiece,https://lichess.org/bdm4rIZW#21,Three_Knights_Opening Three_Knights_Opening_Other_variations
kLMeT,4r1kb/1b5r/p3q3/B5p1/2Np1pP1/1P1QpP2/P3B1K1/2R1R3 w - - 1 38,e1h1 e6g4 g2f1 h7h1,1674,77,94,2473,deflection interference mate mateIn2 middlegame pin short,https://lichess.org/d0ku8p68#75,
kLRWi,r2q1rk1/pQ2bppb/1n2p2p/1Bpp4/P4BP1/2P1P2P/1P1N1P2/R3K2R b KQ - 0 15,a7a5 f4c7 d8c8 b7b6,1688,75,91,569,advantage interference middlegame short,https://lichess.org/XVuvnbNB/black#30,Queens_Pawn_Game Queens_Pawn_Game_Accelerated_London_System
kLSWi,r5k1/2pq3p/p2p2p1/1p1P4/1P6/P1Q4P/2P3P1/5RK1 b - - 0 26,a8f8 f1f8 g8f8 c3h8 f8e7 h8h7,1639,74,89,493,attraction crushing endgame interference long,https://lichess.org/pNb74uuT/black#52,
kNwXw,5r1k/2P2rpp/pQ6/8/P2Pp3/4PpP1/5P1q/1RR1K3 w - - 0 34,c7c8q h2g1 e1d2 g1f2 d2c3 f8c8,1718,74,92,902,crushing deflection interference long middlegame,https://lichess.org/wXgerzkl#67,
kOb3J,rnb1k1nr/pp2ppbp/6p1/q3P3/5B2/2N5/PP3PPP/R2QKBNR b KQkq - 2 8,g7e5 f1b5 c8d7 f4e5,1865,73,94,19952,advantage interference intermezzo opening short,https://lichess.org/YHA7ywqA/black#16,Modern_Defense Modern_Defense_Other_variations
kP0jY,r2q1rk1/pppb1pBp/2n3p1/6N1/4n3/1P2P3/P1PPB1PP/1R1Q1RK1 b - - 0 13,e4g5 g7f6 d8e8 f6g5,1725,75,95,3727,advantage interference opening short,https://lichess.org/05cNri2W/black#26,Nimzo-Larsen_Attack Nimzo-Larsen_Attack_Indian_Variation
kPHVM,3rr1k1/1p2b3/2q3p1/p3PpP1/P1PpnBBQ/5N1R/1P6/7K b - - 1 36,g8f7 h4h7 f7e6 h7g6 e6d7 g4f5,1662,76,94,4991,crushing deflection interference long master masterVsMaster middlegame superGM,https://lichess.org/5xu6TrUj/black#72,
kRcgG,8/1p4B1/p2R3p/5qpk/P7/1r3p2/5PPP/3R2K1 b - - 5 39,b3b1 d6h6 h5g4 h2h3 g4f4 g2g3 f4e4 d1b1,1894,77,93,1776,crushing endgame interference veryLong,https://lichess.org/s7gZQRJe/black#78,
kRjdG,2kr2r1/pp3Npb/2p1p2p/5q2/2BP4/2P5/PP2QPPP/3KR3 w - - 1 22,f7d8 f5b1 d1d2 b1b2 d2e3 b2c3,1888,75,77,105,advantage deflection exposedKing interference long middlegame,https://lichess.org/QQFN1equ#43,
kTJY3,2r1r1k1/1p4qp/p2Bbbp1/2P5/1P2Q3/P7/4B1PP/1R3RK1 w - - 1 29,e2c4 f6d4 g1h1 e6c4,1668,76,99,5104,advantage interference middlegame short,https://lichess.org/kZdF2mTL#57,
kUCVP,r7/p6R/k7/1p6/N1B1P1n1/P4q2/1PP3R1/7K w - - 0 30,a4c5 a6b6 c4e2 g4f2 h1g1 f3e2,1864,76,81,72,advantage exposedKing interference long middlegame,https://lichess.org/zQ6mFOTF#59,
kUdy4,r1bqk1nr/pp1pbppp/8/3pQ3/4P3/8/PPP2PPP/RN2KBNR w KQkq - 2 8,e5g7 e7f6 g7g3 f6b2,1611,72,95,30174,advantage interference opening short,https://lichess.org/9gF7Qwoi#15,Sicilian_Defense Sicilian_Defense_Smith-Morra_Gambit
kUy17,r1bq1rk1/5pbp/p2p1np1/1p1N2B1/3pP3/3B4/PPPQ1PPP/R4RK1 w - - 0 14,d2f4 f6d5 e4d5 f7f6 g5h6 g6g5 f4d4 g7h6,1730,77,90,1091,crushing interference middlegame veryLong,https://lichess.org/zIqCEm3k#27,Sicilian_Defense Sicilian_Defense_Lasker-Pelikan_Variation
kVLyh,7r/3k1R2/3p3p/5RP1/8/5B1K/3q4/8 b - - 1 48,d7e6 f5f6 e6e5 f7e7 e5d4 f6d6,1647,155,83,22,crushing deflection endgame interference long,https://lichess.org/W6KZ1yqU/black#96,
kVmon,2kr4/1p3p2/pP2p3/P2qP1p1/2p1P2p/2P2P1P/3pQ1P1/3R3K b - - 0 33,d5a5 e2c4 c8d7 d1d2 d7e8 d2d8 e8d8 c4c7,1782,74,81,138,attraction crushing endgame interference queensideAttack veryLong,https://lichess.org/PvOrAYy1/black#66,
kWbLa,2Q1n2k/ppp2p1p/7B/3P4/8/Pn5P/5PPK/3q4 b - - 3 28,d1e1 h6e3 h8g7 c8e8,1699,84,18,37,crushing endgame interference pin short,https://lichess.org/fbFXvv4j/black#56,
kXHqd,5rk1/2R2p1p/6p1/4Q3/4P3/3B3P/b4qPK/8 b - - 1 28,f8b8 c7c2 f2b6 c2a2,1673,75,96,19950,advantage endgame interference short,https://lichess.org/35rC4Jmw/black#56,
kXbtm,1r4k1/1p4p1/p2pp2R/2p1p1Q1/P1P1PrK1/2NP2P1/1q6/7R w - - 2 26,g3f4 b2g2 g4h5 g2h1 h5g6 h1h6 g5h6 g7h6,1728,76,93,1260,advantage endgame interference skewer veryLong,https://lichess.org/YJvUrmwd#51,
kY5AE,rnb1k2r/ppp2pp1/3b1q1p/3B4/3P2P1/7P/PPP1P3/RNBQK1NR w KQkq - 1 9,b1c3 d6g3 e1d2 f6d4,1878,80,85,161,epauletteMate interference mate mateIn2 opening short,https://lichess.org/gAK8ma8H#17,Grob_Opening Grob_Opening_Other_variations
kYvLf,5r1k/6p1/4R1Qp/1pq5/p7/6BP/Pb3PPK/8 b - - 3 32,b2f6 g3d6 c5f2 d6f8,1677,75,89,306,advantage endgame fork interference master short,https://lichess.org/iPnvK12e/black#64,
kZ1Yj,1r6/7p/3k4/3p1N2/4pP2/P6P/K2R4/1r6 b - - 0 66,d6c5 d2c2 c5b5 a2b1,1647,74,96,7081,advantage endgame interference master short,https://lichess.org/gSOeYzyj/black#132,
kcDvB,3r2kr/4p1b1/1q1pN1B1/pp2nP2/3pP3/P1P1n1Q1/1P4PP/R4RK1 b - - 5 22,d4c3 g6f7 g8f7 g3g7 f7e8 g7h8 e8d7 h8d8 b6d8 e6d8,1650,135,90,11,advantage attraction discoveredAttack exposedKing interference kingsideAttack middlegame skewer veryLong,https://lichess.org/s0O4PsOi/black#44,
kctXV,4r1k1/1p1Q1p1p/p5p1/n3P1q1/P7/2P5/3n1PPP/1R3RK1 b - - 0 26,e8e5 f2f4 g5e7 d7d2,1860,74,89,1201,advantage fork interference middlegame short,https://lichess.org/hcs1fnBN/black#52,
kdPOT,6k1/4Rp1p/8/B5P1/5P2/7b/7P/2r4K w - - 1 33,a5e1 h3e6 h1g2 c1e1,1711,74,96,14967,advantage endgame interference pin quietMove short,https://lichess.org/ZiYUJiHE#65,
kePNE,6k1/p4rr1/2p1Q3/5p2/3P4/1Pq5/2P2P2/2KR3R w - - 0 31,e6h6 c3a1 c1d2 a1d4 d2c1 d4a1,1706,75,94,417,advantage endgame interference long,https://lichess.org/8NMHLwwW#61,
kef52,2kn2Q1/r2p4/3Pp3/p1q1Pp2/2p2P2/2P5/2PK1PR1/8 b - - 6 32,a5a4 g8d8 c8b7 d8d7 b7b6 d7e6,1743,82,86,56,advantage deflection endgame interference long queensideAttack,https://lichess.org/rJWKaZCr/black#64,
kfAJc,8/1p2k1p1/p7/P1P1qp2/1PQ3KP/8/6P1/8 w - - 0 70,g4g5 e5f6 g5f4 f6h4,1722,76,94,4380,crushing deflection endgame interference queenEndgame short skewer,https://lichess.org/9bSab6BZ#139,
kfXMG,3q2k1/B4ppp/2p5/3p4/Q1n5/2b3N1/Pr3PPP/5RK1 b - - 1 22,d8f6 a7d4 f6d8 d4c3,1811,74,92,2058,crushing interference middlegame short,https://lichess.org/FwkrTPyZ/black#44,
khYgB,2r2r2/pp1q1kbQ/4pp1R/3p4/3P1B2/2N5/PPP2PP1/2K5 b - - 2 18,f8h8 h6f6 f7f6 f4e5 f6e7 h7g7 e7e8 g7h8,1774,92,88,46,attraction crushing deflection interference middlegame pin sacrifice veryLong,https://lichess.org/TbkV6zSC/black#36,Rapport-Jobava_System Rapport-Jobava_System_Other_variations
ki8dt,r5k1/4q2p/1p2p1p1/4Q3/8/PpB4P/1P4PK/8 b - - 2 34,a8f8 e5h8 g8f7 h8h7 f7e8 h7e7 e8e7 c3b4 e7f6 b4f8,1822,145,89,26,attraction crushing deflection endgame interference skewer veryLong,https://lichess.org/oWv72rMu/black#68,
kjAuL,r2r3k/5ppp/1p6/pPpnP3/4N3/8/5PPP/3RR1K1 b - - 0 26,a5a4 e4d6 h8g8 d1d5,1658,79,71,72,advantage endgame interference short,https://lichess.org/U3wp3kBH/black#52,
kjpws,8/5Rp1/6kp/p1B5/1P4Pn/7P/P4Rb1/2r3K1 w - - 4 30,g1h2 c1h1 h2g3 h1h3 g3f4 g6f7,1613,75,29,168,advantage endgame interference long,https://lichess.org/2dwDUiaL#59,
kk6pK,3q2k1/4bppp/pn6/1p6/5B2/PN3PQP/1Pr3P1/4R2K b - - 1 26,e7f6 f4c7 d8d7 c7b6,1617,75,89,655,advantage interference middlegame short,https://lichess.org/yrmtaJzB/black#52,
kkjaJ,rn2k1nr/pp2bpp1/2p1p3/3pP3/3Pb1P1/1N2B1N1/PPP4q/R2QKBR1 w Qkq - 2 13,g3e4 e7h4 e4f2 h2g1,1617,76,93,3618,advantage interference opening short,https://lichess.org/je58XfqD#25,Caro-Kann_Defense Caro-Kann_Defense_Advance_Variation
kl8A5,5r2/p1k4p/2p3p1/8/2NbN3/3P3r/PP2K3/R3R3 w - - 2 30,b2b4 h3h2 e2d1 d4a1,1662,75,91,1491,crushing interference middlegame short,https://lichess.org/q50p3lHt#59,
kmKDe,6k1/7b/pqnb1B1p/1p1P1pp1/1P3P2/P3r1P1/7P/R2Q1R1K b - - 2 27,c6e7 f6d4 b6b7 d4e3,1665,76,95,17956,crushing fork interference middlegame short,https://lichess.org/ij4kK7yT/black#54,
kmMRb,r4rk1/b1pq1pp1/p4n1p/1p1p4/1Pn2P2/P1P1P1N1/2BB2PP/R1Q2R1K b - - 2 20,f6g4 c2f5 d7e7 f5g4,1614,97,76,27,advantage interference middlegame short,https://lichess.org/Ni2CcFD2/black#40,
knHMl,2r2r1k/5p2/p2p1q1p/1pnPp1p1/4P2P/4QPR1/PP3P2/1B4RK b - - 0 25,g5h4 g3g6 f7g6 e3h6 h8g8 g1g6 f6g6 h6g6,1759,76,82,65,advantage exposedKing fork interference middlegame sacrifice veryLong,https://lichess.org/kxGgSkat/black#50,
koRRz,r3r3/2kb1p2/2p5/1p1p1P2/1P1Q2P1/p1PP1PPq/P1B2K1p/1R5R w - - 3 38,c3c4 e8e2 f2e2 h3g2 e2d1 g2h1,1737,79,78,53,advantage attraction interference long middlegame sacrifice,https://lichess.org/J3JRYQWj#75,
koxQX,3r1k2/1p4pQ/p3prB1/3q4/6P1/1P5P/P4P2/4R1K1 b - - 4 25,d8d7 h7h8 f8e7 h8g7 e7d6 g7f6,1885,77,93,698,crushing deflection endgame interference long,https://lichess.org/Qswznt0e/black#50,
kpHUZ,1kr5/1r3pb1/7p/B3p2P/Q2pb3/1P6/KP4P1/3R4 w - - 4 38,b3b4 e4c2 a4a3 c2d1,1785,75,95,16813,crushing fork interference master masterVsMaster middlegame short,https://lichess.org/QX5gJipy#75,
kscHQ,5k2/1pp2r2/3pQ3/p2P1B2/2Pbp1P1/1P6/P1b4K/8 w - - 5 42,f5e4 d4e5 h2g1 c2e4,1751,76,93,449,advantage endgame interference intermezzo master short,https://lichess.org/myWDIxfL#83,
ku1WJ,r4rk1/pb3p2/1pp5/3p3p/8/2q3P1/P4RBP/3Q1R1K b - - 1 23,c3e5 f2f5 e5g7 d1h5 f7f6 f1f4,1843,77,91,1875,advantage defensiveMove interference long middlegame,https://lichess.org/GrooZbbk/black#46,
ku4HU,r5k1/p1p2ppp/6q1/1Q2P3/3P1b1P/2P2P2/PP3K2/3R3R w - - 0 26,b5d5 g6c2 f2f1 c2d1,1859,75,94,5362,crushing endgame interference short,https://lichess.org/mYboBh9a#51,
kvpXg,r2q1rk1/pp3pp1/2p2n2/2b1p2p/B3P3/3P1RQP/PPP3P1/RN5K w - - 1 17,g3e5 c5d4 e5f4 d4b2,1760,74,95,16048,crushing interference middlegame short,https://lichess.org/m5NJU6cN#33,Kings_Gambit Kings_Gambit_Other_variations
kwT9v,2Rqr1k1/5pp1/1p2p2p/pP1pP3/P2P1n2/B4n2/2Q2PPP/2R3K1 w - - 0 28,g2f3 d8g5 g1f1 g5g2 f1e1 g2g1 e1d2 g1f2 d2c3 e8c8,1710,73,96,22977,crushing deflection interference kingsideAttack middlegame veryLong,https://lichess.org/RjoB9rvh#55,
kwtrs,r4rk1/ppp2pp1/2n1b2p/7Q/R7/2qBB3/P1P3PP/5RK1 b - - 7 19,c6e5 e3d4 c3c6 h5e5,1816,77,91,1174,crushing interference middlegame short,https://lichess.org/3xmfMa7P/black#38,Zukertort_Opening Zukertort_Opening_Tennison_Gambit
kxCyC,r1b2rk1/ppp2qpp/1N6/8/1P1P4/P3B3/2P1BnPP/R2QK2R w KQ - 0 16,e3f2 f7f2 e1d2 f2d4 d2c1 d4a1,1683,75,95,6514,advantage attackingF2F7 exposedKing fork interference long middlegame,https://lichess.org/MNEa7CkV#31,Englund_Gambit_Complex Englund_Gambit_Complex_Soller_Gambit
kxaOA,8/7P/2k1K3/p1pRP3/2P5/1P6/P6r/8 w - - 3 60,d5d7 h2h6 e6f7 h6h7 f7g6 h7d7,1670,77,94,4298,crushing endgame interference long rookEndgame skewer,https://lichess.org/WVAEZl9T#119,
kyuDG,r4k1b/pppq3p/3p4/2nP1p2/2PNp1r1/4B3/PP3PP1/R2Q1RK1 b - - 1 20,f5f4 d4e6 c5e6 d1g4,1804,76,87,202,advantage interference master middlegame short,https://lichess.org/GYev2msF/black#40,
kz5QT,5bk1/pp5p/3p1Qp1/4p3/4P1q1/2P2R1n/PP3K1P/3R4 w - - 4 37,f2e3 f8h6 e3d3 h3f4 d3c2 g4f3,1696,75,83,256,advantage endgame interference long,https://lichess.org/AykbIT6l#73,
l2uNz,r2q4/6k1/p2p1Rpb/1p1Pr2p/3QN1bP/6P1/PPP5/1K5R b - - 0 24,a8c8 f6d6 d8e7 d6e6 g4e6 d4e5,1815,77,77,50,advantage interference long middlegame pin,https://lichess.org/YRj9DS7I/black#48,
l2uQv,r4k1r/pp3pp1/5p2/q4b1p/2BP4/P1P2P2/4Q1PP/R3R1K1 b - - 0 16,a5c3 e2e7 f8g8 e7f7 g8h7 f7h5,1612,84,91,59,interference long mate mateIn3 middlegame,https://lichess.org/trc1L87N/black#32,Queens_Gambit_Declined Queens_Gambit_Declined_Austrian_Defense
l3OCE,8/6Q1/pq5p/1k1pP3/8/1NP4P/r5PK/8 b - - 10 46,b6f2 g7b7 b5c4 b7b4 c4d3 b3c1 d3c2 c1a2,1796,75,81,378,crushing endgame fork interference veryLong,https://lichess.org/CNP3h2E9/black#92,
l3adz,r1b3Q1/ppp1k1pB/2np1q2/8/3b3P/8/P4PP1/2B2RK1 b - - 0 17,f6h4 f1e1 c6e5 g8g7 e7e6 h7g8,1806,112,29,17,crushing interference long middlegame,https://lichess.org/kojbg3t8/black#34,Italian_Game Italian_Game_Classical_Variation
l47hV,7r/p3p1k1/2bq1bp1/3p1p2/8/2PB3P/PP2Q1P1/4RR1K w - - 5 23,e2e6 h8h3 g2h3 d5d4 d3e4 d6e6,1709,78,96,15644,crushing discoveredAttack discoveredCheck interference kingsideAttack long middlegame sacrifice,https://lichess.org/59rdLTHb#45,
l53TT,r4rk1/2pq2p1/1p1p2P1/3P1p2/2P1PP2/pPN5/P7/2K4Q b - - 0 26,f8f6 h1h7 g8f8 h7h8 f8e7 h8g7 e7e8 g7f6,1860,78,90,700,crushing deflection endgame interference kingsideAttack veryLong,https://lichess.org/IRtBCabc/black#52,
l6e0d,1r1q2r1/p3kp2/1p1p4/2pP3R/2P1BQ2/1P4PP/P7/6K1 b - - 4 32,e7d7 f4f7 d8e7 e4f5 d7d8 f7g8,1616,75,83,301,crushing endgame interference long,https://lichess.org/kQDK1aBY/black#64,
l7Ymf,8/4p1k1/4p1p1/2q5/p1P4p/P4P1P/1PR3P1/2K2B2 w - - 0 28,f1d3 c5g1 c1d2 g1g2,1698,75,82,228,crushing endgame interference master short,https://lichess.org/eagPDyOs#55,
l7k8L,rn1qk1nr/ppp2ppp/4p3/3p1b2/1b1P2P1/2N2P2/PPP1P2P/R1BQKBNR w KQkq - 1 5,g4f5 d8h4 e1d2 h4d4,1649,75,90,399,advantage interference opening short,https://lichess.org/tIUa3Mkf#9,Queens_Pawn_Game Queens_Pawn_Game_Chigorin_Variation
l7kmw,r4rk1/pp1nBppp/2p1p3/q4b2/2QP4/P1n1PN2/5PPP/R2B1RK1 b - - 0 14,f8e8 e7b4 a5b5 c4c3,1669,76,92,883,advantage interference middlegame short,https://lichess.org/ImQWJZG5/black#28,Slav_Defense Slav_Defense_Other_variations
l9UQK,1Nb4r/2p2k2/3p1b1q/4p1p1/P3PpP1/1PNP4/2P3P1/R2QR1K1 w - - 1 23,g1f2 h6h4 f2e2 c8g4 e2d2 g4d1,1607,75,95,2913,advantage interference long middlegame skewer,https://lichess.org/OmEAg4WN#45,
l9VL2,r6r/ppp2k2/3p1qn1/3P3Q/2N1Pp2/2P5/PP5P/R5RK w - - 2 24,h5g5 h8h2 h1h2 a8h8 h2g2 f6g5,1630,75,93,875,attraction crushing interference kingsideAttack long middlegame sacrifice,https://lichess.org/m5DKkWyv#47,
l9eWe,r2qr3/pb3pkp/1pn3p1/8/3Pp3/2N2N1P/PP1Q1PP1/1K1R3R w - - 0 17,f3g5 e4e3 f2e3 d8g5,1641,75,95,9304,crushing interference middlegame short,https://lichess.org/jYVrGBzD#33,Kings_Indian_Defense Kings_Indian_Defense_Other_variations
lCdO5,r4B1k/p3Np1p/1p3p2/2p5/6B1/P2P2q1/1PP3Kb/R2Q4 w - - 1 24,g2f1 g3g1 f1e2 g1g4,1659,77,77,94,advantage interference middlegame short,https://lichess.org/3gwd9w5T#47,
lDTd1,5Q2/8/8/p7/8/PK2k1P1/7P/1q6 w - - 3 63,b3c4 b1d3 c4c5 d3a3 c5d5 a3f8,1880,77,77,63,crushing endgame interference long queenEndgame skewer,https://lichess.org/wgvdcSiE#125,
lDYT7,8/2r5/5p2/p4K2/P1B3P1/1P6/5k2/8 b - - 18 64,c7c6 c4e6 c6c3 f5f6,1779,74,89,1256,crushing endgame interference quietMove short,https://lichess.org/jgkKlA2k/black#128,
lDzbw,r1bk2nr/pppp1ppp/2n5/3NP3/8/q1B5/P1P1PPPP/R2QKB1R w KQ - 3 10,f2f4 g8e7 c3d2 e7d5,1764,74,83,266,advantage interference opening short,https://lichess.org/EaW9LdGf#19,Englund_Gambit_Complex Englund_Gambit_Complex_Englund_Gambit
lEnWT,r5r1/6B1/2pqkP2/p2p3Q/1n6/3PR2K/2Pn4/8 b - - 0 38,e6d7 h5f7 d7c8 f7g8,1854,78,95,16752,crushing interference middlegame short,https://lichess.org/6rsfNh9Y/black#76,
lFGHP,2k3r1/p7/R5n1/2Np3p/5r1P/P1P5/2P4K/6R1 w - - 0 34,a6g6 f4h4 h2g3 g8g6 g3h4 g6g1,1835,79,93,3142,crushing endgame exposedKing interference intermezzo long skewer,https://lichess.org/lNozBBvr#67,
lFumb,1r2k2r/1pp3pp/p1n1p3/5pN1/1b1P1B2/4PK2/qP3PPP/2Q2B1R b k - 1 19,h7h6 f1c4 a2a4 g5e6,1857,78,86,1304,advantage interference middlegame short,https://lichess.org/XN9jnBAE/black#38,Queens_Pawn_Game Queens_Pawn_Game_Mason_Variation
lJhVt,3r2k1/p4ppp/2p5/2b5/2P2qb1/P1B2NN1/1PP1R1PP/5R1K b - - 0 23,f4c4 e2e4 c4a6 e4g4,1788,77,85,77,advantage interference middlegame short,https://lichess.org/9BFVGCLc/black#46,
lKOlG,r4k2/pb3p1p/1p3B2/5P2/8/6R1/2P2K1P/4rB2 b - - 5 33,a8e8 f6g7 f8e7 f2e1,1736,76,94,1396,advantage endgame interference short,https://lichess.org/YkQE7LZs/black#66,
lKRsA,rn2kb1r/pp3ppp/4p1n1/q1P1Pb2/2B5/2N1BN2/PP3PPP/R2QK2R b KQkq - 0 10,f8c5 c4b5 b8c6 e3c5,1633,76,91,942,crushing interference intermezzo middlegame short,https://lichess.org/Zgw577Fw/black#20,Caro-Kann_Defense Caro-Kann_Defense_Advance_Variation
lL10q,6k1/3Q2p1/p2bN1pp/1p1Pqr2/1P2p3/P5P1/5P1P/5RK1 w - - 5 28,e6g7 f5f7 d7e8 g8g7 e8e5 d6e5,1811,73,88,607,advantage endgame interference long,https://lichess.org/Fi67VjlS#55,
lMBxI,rn3k2/p1p1NN1p/1p2Br2/8/3P1p2/2P2b2/PP3P1P/R3R1K1 w - - 1 23,e7d5 f6g6 g1f1 f3g2 f1e2 g6e6,1659,77,93,225,advantage interference long middlegame,https://lichess.org/NAi3KoUA#45,
lMsk4,1r1r2k1/b1p2p1p/p1q3p1/PbP1P3/3p1N1n/B6P/2QN1PP1/2RR2K1 w - - 6 26,d2e4 d4d3 f4d3 c6e4,1718,74,91,850,crushing interference master masterVsMaster middlegame short,https://lichess.org/cg3CKCGY#51,
lOMNX,6k1/1p2q2p/p1b3pP/5p2/3Q4/6P1/P4P1K/8 b - - 0 32,g8f8 d4h8 f8f7 h8h7 f7f6 h7e7 f6e7 h6h7,1735,73,95,15511,advancedPawn crushing endgame exposedKing interference veryLong,https://lichess.org/6YAUgnBt/black#64,
lQKIG,r2q1rk1/3bbpp1/p1n1pn1p/1p1p4/3P4/P2BPNBP/1P2NPP1/2RQ1RK1 b - - 1 15,c6a5 g3c7 d8e8 c7a5,1861,76,88,919,crushing interference middlegame short,https://lichess.org/OpvWdCAC/black#30,Queens_Gambit_Declined Queens_Gambit_Declined_Orthodox_Defense
lQTSP,3r4/1p1b1ppk/pq5p/5P2/2P2R2/1P2B3/P3r1PP/2Q2R1K b - - 0 35,e2e3 c4c5 b6a5 c1e3,1698,73,95,15760,advantage interference intermezzo middlegame short,https://lichess.org/KPTzBsfq/black#70,
lQVwV,3B2k1/p3rp1p/2p3p1/5b2/8/3Q1P1P/PbP3PK/8 w - - 2 26,d3d1 e7d7 d1e1 d7d8,1848,77,92,321,advantage endgame interference short,https://lichess.org/kiD6TWGH#51,
lRZ9l,3r2k1/q2r1ppb/4p2p/1Rb1P2P/P1Q2PP1/4pN2/4N3/R5K1 w - - 5 32,b5c5 h7d3 c4c3 d3e2,1808,74,84,113,advantage interference middlegame short,https://lichess.org/eumDPVc4#63,
lTDFj,r5k1/2q2p1p/1p1pp1p1/3P4/1R2P3/5N1P/4QPP1/b5K1 b - - 0 26,a1c3 b4c4 c7a7 c4c3 a7a1 e2e1 a1e1 f3e1,1886,76,85,1402,advantage endgame interference veryLong,https://lichess.org/dsXxs97s/black#52,
lTLFB,4r1k1/ppp2n2/8/6bp/2N1P3/2P2K1B/PP6/6R1 b - - 3 27,f7e5 c4e5 e8e5 h3f5 g8f7 g1g5,1811,76,94,3977,crushing endgame interference long pin quietMove,https://lichess.org/WXmHmN13/black#54,
lTiVi,6k1/p1r3p1/bp2p1P1/4N3/3pqP1R/2P3K1/1P3Q2/8 b - - 0 48,d4c3 h4h8 g8h8 f2h2 h8g8 h2h7 g8f8 h7h8 f8e7 h8g7,1714,85,79,33,attraction crushing deflection endgame interference sacrifice veryLong,https://lichess.org/PcMrfQxK/black#96,
lVmy9,2R2b2/k4pp1/1pQ3p1/q3p3/6P1/8/1P3P2/3r1KR1 w - - 4 30,f1e2 a5d2 e2f3 d2f4 f3g2 f4g4,1677,75,95,11568,crushing deflection endgame interference long,https://lichess.org/VTVKM4cR#59,
lWesh,r3k3/p1p3pr/b3p3/1q1pN1n1/3P4/2P2P2/P1Q4P/R3K1R1 w Qq - 2 21,g1g5 b5f1 e1d2 h7h2,1640,75,93,2702,crushing interference middlegame short,https://lichess.org/7GzxjvHA#41,
lWpTY,3r2rk/ppn5/1np1q3/3p1p1B/3P2NP/1PP3RK/P2Q1P2/6R1 w - - 0 30,g4h6 f5f4 g3g4 e6h6,1861,75,84,1256,advantage discoveredAttack discoveredCheck interference middlegame short,https://lichess.org/ZDAyzAKB#59,
lXQ99,r4rk1/1pp5/3p3p/p2N2P1/2P5/P7/1P3bR1/1R5K b - - 3 26,h6h5 d5f6 g8g7 g2f2,1842,88,85,37,advantage endgame interference short,https://lichess.org/8o7M5hmQ/black#52,
lXu2c,r4r2/pp2p2k/2b3pb/3q3p/P1N5/2PP3P/1P2Q1PN/R4RK1 w - - 3 24,c4e5 h6e3 g1h1 d5e5,1868,75,69,86,advantage interference middlegame short,https://lichess.org/d8QrEslB#47,
lYoif,3r4/p3qpkp/6p1/3n4/2N5/2PQ3P/PP2rPP1/R4RK1 w - - 7 27,d3d4 d5f6 d4f4 e2e4 f4f3 e4c4,1637,74,94,3202,advantage defensiveMove interference long middlegame,https://lichess.org/P281ycmo#53,
lZWTt,r3k1nr/ppp1ppbp/8/q3Pb2/5B2/2N5/PPP2PPP/R2QKB1R b KQkq - 0 10,g7e5 f1b5 c7c6 f4e5,1750,78,93,3106,crushing interference intermezzo opening short,https://lichess.org/OyglRzXo/black#20,Scandinavian_Defense Scandinavian_Defense_Main_Line
lZrjI,3r2k1/1p2pp2/p3q1p1/P1p4p/3r3P/4NRP1/7K/2Q2R2 w - - 3 28,f3f7 d4d2 f7f2 e6e3,1699,81,50,33,crushing interference master middlegame short,https://lichess.org/u1KACmmx#55,
laVw2,r5k1/1bq2rp1/p4RQB/1pp3N1/8/P2P4/1bP1B1P1/7K b - - 0 25,b2f6 g6h7 g8f8 g5e6 f8e7 e6c7,1762,75,94,11337,advantage fork interference long middlegame,https://lichess.org/sgHJYJ39/black#50,
lbPpq,4rr2/pp5k/2p3pp/2Pp2q1/PP1P4/4PB2/5K2/2RQ3R w - - 3 32,d1d3 f8f3 f2f3 e8f8 f3e2 g5g2 e2d1 g2h1,1606,77,94,1009,advantage attraction interference middlegame sacrifice veryLong,https://lichess.org/GiLdRvX0#63,
lePOQ,6rk/p5pp/1p6/2pR4/7q/2P5/PP4P1/R4KQ1 w - - 3 33,a1d1 g8f8 f1e2 h4e4 e2d2 e4d5,1605,76,86,136,advantage endgame interference long,https://lichess.org/lgCI0zHw#65,
lezF8,8/pr2qrk1/n3bRp1/1p1pP2p/3Pp2P/1Q2P1P1/1P1B1R2/5BK1 w - - 0 24,f1b5 a6c7 d2b4 b7b5 b4e7 b5b3,1843,73,93,8523,advantage interference intermezzo long middlegame,https://lichess.org/kO2Czi7G#47,
lfp9g,2r3k1/2rN1p1n/3R4/pQ2P1qp/1p6/5PB1/PPPR2P1/2K5 w - - 0 32,g3e1 c7c2 c1d1 c2c1 d1e2 g5g2 e1f2 g2f1 e2e3 f1b5,1818,81,87,37,crushing interference middlegame queensideAttack skewer veryLong,https://lichess.org/eRORHQQ4#63,
lgnCy,r3rk2/ppq2p1p/2pp2p1/5b2/2PQN3/1P4P1/P4PBP/4R1K1 b - - 4 23,f5e4 d4h8 f8e7 e1e4 e7d7 g2h3,1861,79,93,535,crushing interference intermezzo long middlegame,https://lichess.org/TvzLzwZl/black#46,
lhZVY,2rqk2r/6pp/p3p3/1pbn4/1n6/1Q3NB1/PP2BPPP/2R1K2R w Kk - 2 17,a2a3 c5f2 e1f2 d8b6 f2e1 c8c1,1670,75,94,3937,advantage attackingF2F7 attraction interference long middlegame sacrifice,https://lichess.org/3yjSyEeL#33,Queens_Pawn_Game Queens_Pawn_Game_Accelerated_London_System
lhqDd,r1bqkbnr/pp3ppp/n3p3/8/2Pp4/5NN1/PP2PPPP/R1BQKB1R w KQkq - 2 8,f3d4 f8b4 c1d2 d8d4,1684,79,92,193,advantage interference intermezzo opening short,https://lichess.org/PGu3uLDa#15,Tarrasch_Defense Tarrasch_Defense_Other_variations
liAO4,2b2k1r/6pp/p2q1n2/1p1B4/2pP4/2P2QP1/PP3P1P/4R1K1 b - - 0 21,g7g6 e1e6 c8e6 f3f6 f8e8 f6h8,1886,75,95,3632,advantage exposedKing fork interference long master middlegame sacrifice,https://lichess.org/3LjRR31g/black#42,
liCEa,8/p2qppkp/P1p3p1/4P3/3r4/5r1P/5PQ1/R3R1K1 b - - 2 27,f3h3 e5e6 d7d5 g2h3 d5g5 g1f1,1741,75,90,320,advantage defensiveMove endgame interference intermezzo long,https://lichess.org/rdBqBp54/black#54,
liWxX,8/3q2kp/3P2p1/4Q3/8/7P/6PK/3r4 b - - 3 43,g7f8 e5h8 f8f7 h8h7 f7e6 h7g6 e6d5 g6h5 d5c6 h5d1,1874,80,85,46,crushing deflection endgame exposedKing fork interference veryLong,https://lichess.org/JsPtjZVZ/black#86,
litFm,8/p2R1R2/8/2pkP3/8/3PKNr1/q7/8 b - - 6 40,d5c6 d7d6 c6b5 f7b7 b5a5 b7a7,1711,118,89,19,crushing endgame interference long,https://lichess.org/1jOknhyW/black#80,
lklPs,r3r3/ppb3k1/2pq1p2/2Nn2p1/P2P4/1P3Q1P/4RPP1/4R1K1 w - - 3 30,e2e8 d6h2 g1f1 h2h1 f1e2 a8e8,1685,74,96,18534,crushing interference kingsideAttack long middlegame,https://lichess.org/hMmWLfth#59,
llAlt,3r1k2/1R2R3/8/2Kr4/4p3/1P6/8/8 w - - 12 54,c5c6 d8d6 c6c7 f8e7,1725,76,92,1009,crushing endgame interference master rookEndgame short,https://lichess.org/N22bPvpC#107,
lm3SB,2rq3r/1b2bpkp/p3p3/1p2P1p1/3PNn2/1B2B3/P3Q1PP/R4RK1 w - - 0 21,e3f4 d8d4 f4e3 d4e4,1661,75,93,1744,advantage interference kingsideAttack master middlegame short,https://lichess.org/lcRm2oJQ#41,
lmMn1,2rr3k/6pp/p2b1p2/2p4q/1p2P3/1P2Q2P/PB3PP1/2RR2K1 b - - 1 26,d6h2 g1h2 d8d1 g2g4 h5f7 c1d1,1786,75,92,416,advantage interference intermezzo long middlegame sacrifice,https://lichess.org/6nym6jTR/black#52,
lngJw,4r1k1/p4p2/2pp1b2/3qrPpQ/8/2PB2R1/1P4PP/5R1K b - - 8 27,e5e1 g3g5 g8f8 h5h6 f8e7 f1e1,1668,75,88,1373,crushing fork interference long master middlegame,https://lichess.org/dbnovial/black#54,
lo3l1,8/5pkp/PRN1p3/3q3p/3b4/K4P2/6P1/1R6 w - - 5 44,c6d4 d5a5 a3b2 a5b6,1638,74,94,10119,advantage endgame interference master masterVsMaster short,https://lichess.org/YgLzL8vL#87,
loXVk,2kr4/B1p1q3/1p1r3p/2P1p3/4Q3/1P2P1P1/P6P/5RK1 b - - 0 26,d6d1 e4a8 c8d7 f1d1,1702,82,83,46,crushing endgame interference short,https://lichess.org/GWNy0l0v/black#52,
lri8X,2rb2k1/p4pp1/1p2q2p/3Npb2/1Q5P/P3P1P1/1P3PB1/3R2K1 w - - 0 26,b4a4 f5c2 a4a7 c2d1,1600,78,94,1734,advantage fork interference middlegame short,https://lichess.org/zWTMLDzi#51,
lsUcl,8/6k1/5p2/3Bp3/P5P1/2r3qp/5R2/3Q1K2 w - - 0 44,d1d2 c3d3 d2c2 d3d5 c2c7 g7g6,1765,75,92,1509,crushing defensiveMove endgame interference long,https://lichess.org/UviFYEha#87,
ltcM1,4r2k/pp4qb/2p4R/2Pp2nQ/3P1NP1/4P3/PP4K1/8 b - - 2 37,e8e3 f4g6 h8g8 h5g5,1764,75,99,706,advantage interference middlegame short,https://lichess.org/RkXyI3YD/black#74,
luWLO,4r1k1/1p3ppp/2p5/p2pr3/P4p1q/2PQ1P1b/P1BB1R1P/6RK b - - 5 24,h4f2 d3h7 g8f8 h7g7 f8e7 g7e5,1767,76,95,2430,advantage fork interference long middlegame,https://lichess.org/tdOaSoCX/black#48,
lw9Nh,8/5k2/p2b1npQ/8/1p1q4/1P6/P1R2PPP/6K1 w - - 0 33,c2c1 d6f4 h6h3 f4c1,1814,75,95,702,crushing endgame fork interference short,https://lichess.org/IMOtKrAQ#65,
lxK4W,r3kr2/p2n1p2/1p2p3/4q3/2P5/8/P2NBPbP/1Q1RK1R1 b q - 1 19,e5h2 g1g2 h2g2 e2f3 g2g7 f3a8,1848,76,91,497,advantage fork interference long middlegame sacrifice,https://lichess.org/bMEtAetd/black#38,
lxis7,2r2rk1/p3q1b1/1p3p1p/4p1p1/1P1p4/3P1QP1/1P1BPPKP/2RR4 w - - 2 25,c1c6 e5e4 d3e4 c8c6,1701,77,92,816,crushing interference master middlegame short,https://lichess.org/kgC6UzLc#49,
lyL7s,5bk1/1p3p1p/3pb1p1/R3p3/4P3/1BB2P2/1PP1q1PP/1NK4R w - - 5 25,h1e1 f8h6 f3f4 h6f4 b1d2 e2e1,1655,85,87,115,interference long mate mateIn3 middlegame,https://lichess.org/vDz8Uo1U#49,
lyrH4,r1b1r3/p4kbQ/2p5/2P1p3/3pP1q1/P4N2/2P2K2/5R1R b - - 1 33,e8h8 f3e5 f7e6 e5g4 h8h7 h1h7,1707,75,93,1304,advantage interference long master middlegame pin,https://lichess.org/bGvqLNM2/black#66,
lzSeI,r1b2rk1/ppp2p1p/2n3p1/4B1q1/3Q4/3B4/P1P2KPP/RN4R1 w - - 6 16,e5f4 g5h4 g2g3 h4h2 g1g2 h2g2 f2g2 c6d4,1700,76,100,94,advantage interference middlegame veryLong,https://lichess.org/0xifRb6a#31,Bishops_Opening Bishops_Opening_Ponziani_Gambit
lzTIm,r4rk1/pp3p2/3p1qp1/2pPn2B/2P1Pb2/6N1/PP4R1/R4Q1K b - - 8 25,g8g7 g3f5 g7h7 f1f4,1736,75,88,1581,advantage interference middlegame pin short,https://lichess.org/nqTRv1ij/black#50,
lzXGf,8/6k1/5p2/4p3/p3P3/Pp1K1RP1/1P3R2/3q4 w - - 10 49,d3e3 d1d4 e3e2 d4b2,1642,76,91,2464,crushing endgame interference master queenRookEndgame short superGM,https://lichess.org/GCeGcJC0#97,
m01LK,8/p2q3p/1p2pk2/5p1Q/1P1p1P2/P7/6PP/6K1 b - - 0 33,d4d3 h5h6 f6f7 h6h7,1717,76,94,2022,crushing endgame interference queenEndgame short,https://lichess.org/sITg3IOv/black#66,
m0BGi,1r1r2k1/5pp1/Q3b3/2Bnp1qp/8/1P4PP/P3PPB1/2RR2K1 w - - 2 28,c5d6 b8b6 a6a5 b6d6,1816,74,95,4388,advantage interference master masterVsMaster middlegame short,https://lichess.org/rmtbM7tO#55,
m0WpE,5rk1/p4ppp/4p3/8/1bq5/1Q6/PBP2PPP/3R2K1 b - - 1 22,c4g4 d1d4 g4e2 b3b4,1737,75,87,503,advantage endgame interference master short,https://lichess.org/YjkNo1vh/black#44,
m0z9R,8/2q1kp2/3p2R1/2p5/1pn2p1Q/8/P1P5/2K5 b - - 1 44,e7f8 h4h8 f8e7 h8f6 e7e8 g6g8 e8d7 f6f7 d7c6 f7c4,1819,76,90,732,crushing deflection endgame fork interference veryLong,https://lichess.org/L52MPeU1/black#88,
m1Sb7,5rk1/pp4pp/1q6/1p1RPr2/3n1pQ1/1P5P/P4PP1/3R2K1 b - - 0 23,d4e6 d5d6 b6c7 d6e6,1722,132,100,35,equality interference middlegame short,https://lichess.org/d3ds7LuX/black#46,
m2v99,r3r1k1/3n1pbp/p4np1/q1pP4/Np3B2/5B1P/PP1Q1PP1/R3R1K1 w - - 2 20,d2c2 e8e1 a1e1 b4b3 c2d2 a5a4,1801,75,94,11158,advantage interference long master middlegame,https://lichess.org/UbgcXmR5#39,
m30Ta,2k1r3/ppp2Np1/7p/8/1nBRn3/7P/PP3PP1/5K2 b - - 2 23,b4c2 c4e6 c8b8 d4e4,1601,76,92,588,advantage endgame interference short,https://lichess.org/i2KjxGWQ/black#46,
m3fuS,r1q1r1k1/5pp1/2p2b1p/n1Bp4/3N4/2P3P1/5P1P/1R1QR1K1 b - - 3 26,c8c7 e1e8 a8e8 c5b6 c7d7 b6a5,1820,79,88,73,advantage interference long middlegame,https://lichess.org/sFYqSGgh/black#52,
m4lW5,r2r2k1/3qb2p/p3n3/2ppP1pN/1p2n3/1P1QBN2/1P3PPP/R2R2K1 w - - 2 24,a1a6 c5c4 b3c4 a8a6,1834,75,94,16308,advantage interference intermezzo middlegame short,https://lichess.org/vH6g5YO8#47,
m5Tbs,3r2k1/8/p2B1b2/1pp2p2/8/1P2P3/Q4Pq1/1RKR4 w - - 0 34,d6c5 d8d1 c1d1 g2f1 d1d2 f1f2,1680,77,97,12516,attraction crushing exposedKing interference long middlegame,https://lichess.org/Ij6k8ytV#67,
m6K5t,8/8/4p3/3p3k/3P3p/4PKpP/4R1P1/2r5 w - - 4 45,f3f4 c1f1 f4e5 f1f2 e2e1 f2g2,1664,74,85,1725,advantage endgame interference long rookEndgame,https://lichess.org/zWsgsm2u#89,
m9IO3,4rrk1/1pp1bpp1/p1np1n1p/2q5/7B/2NB2R1/PPPQ1PPP/R5K1 b - - 5 16,f6h5 d2h6 f7f5 h6h5,1858,74,86,651,crushing interference middlegame pin short,https://lichess.org/wDjGtFqe/black#32,Philidor_Defense Philidor_Defense_Other_variations
mAAiB,r3r3/ppqnkp2/2pbbn1Q/3p4/3P4/1NPB1N1P/PP3PP1/R3R1K1 b - - 5 17,e8h8 e1e6 f7e6 h6g7 e7d8 g7h8,1626,100,89,50,crushing interference long middlegame sacrifice,https://lichess.org/HeA0Wtqy/black#34,French_Defense French_Defense_Exchange_Variation
mC1ZQ,3r2k1/2RP2p1/5pp1/pr6/8/P7/5PKP/3R4 b - - 0 28,b5b8 d1c1 g8f7 c7c8 d8d7 c8b8,1858,86,88,42,crushing endgame interference long quietMove rookEndgame,https://lichess.org/fZDE31aC/black#56,
mDAT5,8/3n1p2/2k3p1/Q2N4/2pK2P1/4N1P1/P2r3r/8 w - - 7 36,d4c3 d2d3 c3c4 d7e5 c4b4 h2b2 b4a4 b2a2,1797,74,95,5744,crushing endgame exposedKing interference master veryLong,https://lichess.org/2bd7UR5h#71,
mDPgz,r1b2r1k/1p3pp1/p2q1n1p/8/Pn6/N1Q4P/1P3PP1/RN2RBK1 b - - 2 21,c8f5 a3c4 d6c5 e1e5 f6d5 e5f5 d5c3 f5c5,1603,76,91,2515,crushing interference middlegame veryLong,https://lichess.org/RnIKpJ3W/black#42,
mFxIr,3q1r2/1p1bbppk/p2p3p/3P1P2/P2p4/3B2Q1/1Pr3PP/R4RK1 b - - 1 19,e7h4 f5f6 g7g6 g3h4,1679,127,100,47,discoveredAttack discoveredCheck equality interference middlegame short,https://lichess.org/zBgRQwxC/black#38,
mIt2x,r5k1/2q2rp1/2p1bb1Q/4p1NP/1p2P3/1p1P4/P4P2/1K1N2RR b - - 2 24,a8a2 h6h7 g8f8 g5e6 f8e7 e6c7,1671,80,94,13348,crushing fork interference long middlegame,https://lichess.org/DPBx0pX9/black#48,
mJW9o,r1b2b1r/1pR3pp/p3p1k1/8/1n3N2/3P4/P2B1PPP/4K2R b K - 2 18,g6f5 c7f7 f5e5 d2c3 e5d6 c3b4,1703,76,91,2045,crushing interference long middlegame,https://lichess.org/WsNwzbpd/black#36,Scandinavian_Defense Scandinavian_Defense_Gubinsky-Melts_Defense
mJrKg,2r3n1/p1N2kpp/1p2R3/8/2n2B1P/2P3P1/P5K1/8 w - - 6 29,e6c6 c4a5 c6d6 c8c7,1831,76,83,89,advantage endgame interference master short,https://lichess.org/4J1ODFHl#57,
mKIIe,5r1k/7p/R4npP/3B2N1/P5b1/2N1P1P1/1r6/4K3 b - - 1 33,b2c2 g5f7 h8g8 a6f6,1827,75,93,313,crushing interference middlegame short,https://lichess.org/M7c5Tqlb/black#66,
mKJ6F,2r2r1k/p2R2p1/2P2p1p/1P6/4q3/P3P1P1/1Q4KP/3R4 w - - 1 40,g2f1 e4h1 f1f2 h1h2 f2f3 h2b2,1655,127,51,15,crushing endgame exposedKing interference long skewer,https://lichess.org/OJGq7u3S#79,
mLmGp,3q1rk1/rpp2ppp/p1n5/P3p2b/1PB5/2nP1N1P/3N1PP1/R3QRK1 w - - 0 16,f3e5 c3e2 g1h2 c6e5,1888,83,34,48,advantage interference intermezzo middlegame short,https://lichess.org/55ByBpxi#31,Italian_Game Italian_Game_Giuoco_Piano
mMhJ7,1r3k2/p4pp1/7p/1p1B4/2pn1q2/3pR3/P5PP/2Q1R2K w - - 1 32,e1f1 d3d2 c1b1 f4e3,1829,75,87,143,advancedPawn advantage interference middlegame short,https://lichess.org/MNzAk1ze#63,
mOQkf,r6r/pp1k1ppp/4p3/1QbpPn2/8/1PB5/P4PqP/RN2KR2 b Q - 3 16,d7e7 b5b7 e7f8 b7a8,1807,74,87,98,crushing interference middlegame short,https://lichess.org/Nz3jFLEC/black#32,French_Defense French_Defense_Advance_Variation
mOREV,8/8/1k1Q4/p7/q2p4/7P/6PK/8 b - - 13 50,b6b5 d6d7 b5b4 d7d4,1785,80,83,46,crushing endgame interference queenEndgame short,https://lichess.org/gnDmJb64/black#100,
mOaeu,7k/6p1/pp2p1n1/3q1p1p/1PrPN3/P3Q2P/2r2PP1/R2R2K1 w - - 0 37,e4g5 f5f4 e3e6 d5g5 e6e8 h8h7,1887,76,92,660,advantage discoveredAttack interference long middlegame,https://lichess.org/dGKimnXw#73,
mOvvI,r4bn1/ppk1pQp1/n1p1P3/3p2P1/3P4/8/PqPN1PP1/1R2K1N1 b - - 1 15,b2c2 f7f4 c7c8 f4f8,1740,76,92,214,crushing interference middlegame short,https://lichess.org/Woju9bo6/black#30,Caro-Kann_Defense Caro-Kann_Defense_Advance_Variation
mPffv,3q2k1/6p1/pR2Pp1p/1b1p4/2pQ4/8/P5PP/7K w - - 4 34,d4e3 d5d4 e6e7 d8b6 e7e8r b5e8,1615,75,94,3176,crushing endgame interference long,https://lichess.org/cZaudAIn#67,
mQXZB,2r3k1/p4pp1/q2P3p/8/Pp3Q2/1Bb2N2/4rPPP/1R4K1 b - - 0 27,c3f6 d6d7 c8d8 b3c4 a6a4 c4e2,1887,101,80,29,advancedPawn advantage fork interference long middlegame,https://lichess.org/UeNkUfXv/black#54,
mQfkq,4R3/ppq4r/2pN1r1k/2P5/4R2p/1P3P2/1P4P1/1K6 b - - 7 41,h6h5 e8e5 h5g6 e4g4 g6h6 g4h4,1886,76,93,393,advantage endgame interference long,https://lichess.org/E8jBUW6P/black#82,
mRMph,4r1k1/p4pp1/4rn1p/1p1qN3/2pP4/PnP2P2/2Q1R1PP/2B1R1K1 w - - 2 25,c1f4 b3d4 c3d4 d5d4 f4e3 d4e5,1697,76,96,6519,crushing deflection fork interference long middlegame,https://lichess.org/pzyA1KSd#49,
mRhSq,r5k1/p7/bp1b3p/3pq1p1/8/4PP1B/PP1K2P1/2RQ1R2 w - - 6 26,d1c2 d6b4 d2d1 a6f1 c2g6 e5g7,1886,77,92,4136,advantage interference long middlegame,https://lichess.org/0MxXhTi9#51,
mRpmV,r3rk2/p1q2ppQ/1pn1p3/2p1n1R1/2P5/1P4P1/P4PBP/3R2K1 b - - 0 24,f7f6 h7h8 f8e7 g5g7 e5f7 g7f7,1821,75,92,440,crushing deflection interference long middlegame,https://lichess.org/ria5s4fs/black#48,
mSVgL,4rbk1/1ppq3p/p2p1QpP/8/4R3/2BP4/1P1K4/8 b - - 7 33,e8e4 f6h8 g8f7 h8h7 f7e8 h7g6,1786,77,95,3272,advantage deflection endgame interference long,https://lichess.org/UlXFCBfp/black#66,
mSYof,r3k2r/p4p1p/2p1p1pq/1pQpP3/2n2P2/2P5/P1B2P1P/R5RK b kq - 3 24,h6f4 c5c6 e8e7 c6b7 e7f8 b7a8,1827,75,97,2609,advantage fork interference long middlegame,https://lichess.org/vlnXWYKt/black#48,
mSqJ2,8/R4kn1/8/2n2q2/2p5/5Q1P/7K/8 b - - 4 39,f7e6 f3c6 e6e5 c6c5,1745,75,97,3005,crushing endgame interference short,https://lichess.org/5YTt2eQt/black#78,
mUdNl,8/3q3p/4kp2/3p4/pP3Q2/P6P/6P1/6K1 b - - 3 32,d5d4 f4e4 e6d6 e4d4,1815,89,73,48,crushing endgame interference queenEndgame short,https://lichess.org/jbDlru9f/black#64,
mUm9c,3rr1k1/1pp2ppp/p1p2q2/2b1P2b/3p4/1P3NR1/PBP2PPP/R3Q1K1 b - - 0 18,f6f4 b2c1 f4f5 g3g5 f5c2 g5h5,1774,75,93,826,advantage interference long middlegame,https://lichess.org/A1t1PPmZ/black#36,Ruy_Lopez Ruy_Lopez_Exchange_Variation
mUoCk,4k3/pbb3p1/1p6/2p2Rn1/2B3Pp/2PPK2P/PP6/8 b - - 5 29,c7d8 c4b5 e8e7 f5g5,1813,75,96,7790,crushing endgame interference master short,https://lichess.org/ssvyn67r/black#58,
mYFvd,8/5R2/6K1/3r2p1/2k2pP1/8/5P2/8 b - - 13 53,c4d4 f7f5 d5d7 g6g5,1706,77,94,505,crushing endgame interference master rookEndgame short,https://lichess.org/o4sWHP9L/black#106,
mZnHn,3k4/3q2pp/1pBp4/p3r3/2Q5/6P1/P4PKP/8 b - - 9 37,d7c7 c4g8 d8e7 g8g7,1848,74,87,409,crushing endgame interference short,https://lichess.org/RsAL5IMQ/black#74,
mZxxo,8/3r4/p1rbkp2/1p1R1ppp/1P5P/P3PPB1/6P1/3R1K2 w - - 1 27,d1d2 c6c1 f1e2 d6g3 d5d7 c1e1 e2d3 e6d7,1854,77,89,145,crushing endgame interference sacrifice veryLong,https://lichess.org/BJYI13Zr#53,
mdBHj,8/8/1R5R/5k2/r3p2p/3r1P1K/6P1/8 b - - 2 41,e4f3 b6b5 f5f4 h6h4 f4e3 h4a4,1871,75,92,675,crushing endgame interference long rookEndgame skewer,https://lichess.org/6HGKffG9/black#82,
mdTon,3r2k1/1p3ppp/q1p1p1n1/p1RrP3/3P4/P1Q2NP1/1P3P1P/1R4K1 w - - 6 25,h2h4 d5c5 d4c5 d8d3 c3c2 d3f3,1621,74,89,202,clearance crushing interference long master middlegame,https://lichess.org/keCb7EUR#49,
mdYdx,8/p1k3p1/2p1pb1p/8/4PP2/Pr4P1/1p4RP/1R3K2 b - - 0 33,b3a3 e4e5 a3a1 g2b2 a1b1 b2b1,1614,74,94,2819,crushing endgame interference long,https://lichess.org/Lg7KVzWz/black#66,
menCY,3r2k1/2p1npb1/p1n3pp/4p3/4P3/q1BP2NP/3Q1PP1/1R2N1K1 b - - 1 26,d8b8 b1b8 c6b8 c3b4 a3a1 b4e7,1753,75,81,131,advantage interference long master middlegame,https://lichess.org/0YgEdPW1/black#52,
metDu,r4r2/1p2kp2/2p2Q1p/1q2P3/8/2P3P1/7P/R5K1 b - - 0 29,e7d7 f6d6 d7e8 a1a8,1681,79,95,22789,endgame interference mate mateIn2 short,https://lichess.org/8PpE0NlT/black#58,
mfYmr,r1bbr1k1/pp1n1pq1/2p5/4P3/2P1NQ2/6P1/PP3PBP/3R1RK1 b - - 0 19,d7e5 d1d8 e8d8 e4f6 g8f8 f4e5,1600,74,99,956,advantage interference kingsideAttack long middlegame sacrifice,https://lichess.org/heGmUKZD/black#38,
mg8Gj,6k1/7p/4R1p1/3p1r2/8/P1PQ1Pqr/1P4P1/4R2K w - - 0 42,g2h3 g3h3 h1g1 f5g5 g1f2 g5g2 f2e3 h3e6,1872,77,86,53,crushing endgame exposedKing interference veryLong,https://lichess.org/REyLA52e#83,
mgTcm,8/7p/2P2Rp1/3P2Pk/4q3/7K/7P/5R2 w - - 1 58,f1g1 e4h4 h3g2 h4g5 g2h1 g5f6,1805,76,95,2006,crushing endgame exposedKing fork interference long queenRookEndgame,https://lichess.org/Jlsw8tqF#115,
miWHt,6k1/2q3pp/2p5/p2p1b2/1p1P4/4B2P/PPP1QNPb/5K2 b - - 3 24,h2g3 e3f4 c7f7 f4g3,1728,76,77,197,advantage endgame interference master short,https://lichess.org/HS3PNQHJ/black#48,
mifzT,3N1b1r/p1q1k2p/5p1P/1p2p3/4Pn2/2N4R/PPB2PP1/2KR4 w - - 3 30,g2g3 f4h3 c3d5 e7d8 d5c7 d8c7,1613,76,85,77,advantage hangingPiece interference long middlegame,https://lichess.org/twuMI43W#59,
mipHv,r4k1r/2p2pp1/1pN1q2p/pQ1R4/3P2n1/2PP4/P2B2PP/6K1 b - - 4 21,g4e3 d5e5 e6a2 d2e3,1802,80,82,46,advantage interference middlegame short,https://lichess.org/L06OBlhj/black#42,
mipUI,2rr4/1b1R2pp/1p6/pP2B3/1nB3k1/1PK5/1P3PPP/7R w - - 1 26,h1d1 b4a2 c3c2 b7e4 c2d2 d8d7,1824,75,88,218,advantage interference long master masterVsMaster middlegame,https://lichess.org/5FCuHgmp#51,
mirXr,5q2/2Q2pk1/4P1p1/2p2p1p/2P2P2/6P1/6K1/8 b - - 0 41,g7f6 c7e5 f6e7 e5c5,1628,77,93,1692,crushing endgame interference master queenEndgame short,https://lichess.org/E0lwkOFz/black#82,
mlivC,8/5Q1k/p4pp1/8/6b1/P1P1PqB1/1r6/4K1R1 b - - 1 49,h7h6 g3f4 g6g5 f7f6 h6h7 f6f7,1889,76,87,87,advantage endgame interference long,https://lichess.org/7y0gn9JQ/black#98,
moYvn,1r4k1/R4Rpp/2p5/1rK5/8/8/1P3PPP/8 w - - 1 26,c5c6 b8b6 c6c7 g8f7,1737,75,91,2283,advantage endgame interference rookEndgame short,https://lichess.org/Ue3wuVX5#51,
mpVFE,6k1/pp3pp1/8/3p4/3P2Q1/6RP/P1P2PK1/2q3r1 w - - 9 28,g2f3 c1d1 f3f4 d1d4,1626,75,93,1061,crushing endgame interference short,https://lichess.org/qr8fwpzL#55,
mrRdx,rn2k2r/pp2bppp/3p1n2/q2PpP2/8/2NB1P2/PP4PP/R1BQK2R b KQkq - 0 12,f6d5 d3b5 b8c6 d1d5,1611,75,95,5315,crushing discoveredAttack interference opening short,https://lichess.org/6w9PqEWM/black#24,Pirc_Defense Pirc_Defense_Other_variations
mrePK,6k1/1p5p/4r2b/p1Bq4/P3p3/2P1Q1P1/1P4K1/4R3 w - - 6 37,e3f2 e4e3 f2f3 d5c5,1715,76,95,18490,crushing discoveredAttack discoveredCheck endgame interference master short,https://lichess.org/AkZaxpCQ#73,
ms4qO,r6r/1k1n3p/2p1qn1Q/1B3p2/3PpB2/2P5/2PK1P1P/R6R w - - 0 23,b5e2 e4e3 f4e3 f6e4 d2e1 a8a1,1805,75,97,651,crushing interference long middlegame,https://lichess.org/XnMb1lnN#45,
mtguk,2k4r/pp1b4/2p1p1Q1/3pP3/5qP1/3P1P2/P7/4RRK1 w - - 1 26,f1f2 f4g3 g1f1 h8h1 f1e2 g3e5,1729,78,87,58,crushing endgame exposedKing interference long,https://lichess.org/WmQxbsoK#51,
muC2C,r4rk1/1q3p1p/p3p1p1/1p1nQ3/3N4/P2P1P2/1P3P1P/2R1R1K1 b - - 0 21,d5e7 c1c7 b7d5 c7e7 d5e5 e1e5,1820,75,96,3917,crushing interference long middlegame,https://lichess.org/iWF4A7jp/black#42,
muneu,5k2/4q2p/6p1/5p2/3Q4/4N2P/5PPK/1r6 b - - 10 37,b1b4 d4h8 f8f7 h8h7,1749,75,87,382,crushing endgame interference short,https://lichess.org/rLte5DYH/black#74,
mvLka,3r3r/5p1p/1PQ1k1p1/4b3/1P2p2q/P6b/6P1/R1BR3K b - - 0 29,e6f5 d1f1 f5g4 c6e4 g4h5 e4e5,1709,75,91,852,advantage deflection fork interference long middlegame,https://lichess.org/mG28ew63/black#58,
mvvwH,2b1r3/pq3kr1/1p2P2Q/4Rp2/2p2P2/2P4R/PP4PP/6K1 b - - 0 26,e8e6 e5f5 f7e8 h6h8 e8d7 h8g7,1846,75,88,183,crushing exposedKing interference long middlegame,https://lichess.org/fxNZbUzk/black#52,
mxB66,rn1qkbnr/pQ3ppp/4p3/1b6/8/8/PPPP1PPP/RNB1K1NR w KQkq - 0 7,b7a8 b5c6 a8a7 c6g2,1605,75,93,1026,advantage interference opening short,https://lichess.org/bcfxgADF#13,Caro-Kann_Defense Caro-Kann_Defense_Other_variations
mzUUV,2r3r1/pp1b1kp1/2p1q2b/4Pp2/1B1P1P2/P4Q1R/1P4PP/2R3K1 b - - 4 29,e6g6 h3g3 g6e6 f3h5 g7g6 h5h6 g8h8 h6g5,1858,75,82,101,advantage deflection interference middlegame veryLong,https://lichess.org/5XcREHLL/black#58,
n1DxA,r5r1/3k1p2/1pp1pp2/3n1q1p/1PQP3P/5B2/P4PP1/2RR2K1 b - - 0 23,f5f3 c4c6 d7e7 c6b7 e7f8 b7a8,1704,76,92,3392,crushing interference long middlegame,https://lichess.org/Ya4V4p67/black#46,
n34QX,r5k1/2q2ppp/1p1b1n2/1r6/3P4/P2b1NP1/1P1N1P1P/R1BQR1K1 w - - 1 30,d2b3 d3c2 d1e2 b5b3,1898,75,91,1786,advantage interference middlegame short,https://lichess.org/j4f5lrTB#59,
n3Jk7,r6r/p4kpp/4q3/5P2/3Q4/3P4/6PP/5RK1 b - - 0 31,e6f6 d4d5 f7f8 d5a8,1630,74,81,247,crushing endgame interference short,https://lichess.org/8zIcnVd7/black#62,
n3P77,r4qk1/pp4p1/1bp1pr1p/8/4Q3/2PB3P/PP2RPP1/R5K1 b - - 2 20,b6f2 e2f2 f6f2 e4h7 g8f7 g1f2,1866,76,93,3021,crushing interference long middlegame sacrifice,https://lichess.org/ppp22uan/black#40,
n46sm,2rq2r1/1pk1n3/p4pBp/3pb2Q/8/2P4P/PP1N1PP1/R3R1K1 w - - 5 20,g6f5 g8g5 h5f7 g5f5,1807,74,96,20089,advantage interference middlegame short,https://lichess.org/ppNjUrMs#39,
n4f1V,r4r2/1b2q1k1/p6R/1p3p2/3Pn3/P2Q2PP/BPP2P2/3R2K1 w - - 1 34,d3e3 f5f4 g3f4 g7h6,1707,78,87,84,crushing interference middlegame short,https://lichess.org/yGOvvTP7#67,
n4ny0,2k2r2/p1p5/5N2/7p/3Q2b1/4P3/PPqP3P/R1B1KR2 w Q - 5 27,d4a7 c2d1 e1f2 f8f6,1684,77,91,388,crushing interference middlegame short,https://lichess.org/My43l69B#53,
n73Nx,5rk1/1b1n1pbp/1p4p1/p1p5/q1B1N2B/2PP1P2/3Q2PP/4R1K1 b - - 0 24,d7e5 e4f6 g8h8 e1e5,1748,77,92,2555,advantage discoveredAttack interference kingsideAttack middlegame short,https://lichess.org/M5kfgOn5/black#48,
n7GuW,r2r2k1/bq5p/p2ppQp1/1p1N1n2/1P6/P5P1/1BP2PKP/3R1R2 b - - 1 24,e6d5 f6h8 g8f7 h8h7,1661,76,89,74,crushing deflection interference kingsideAttack middlegame short,https://lichess.org/z8QMxPF5/black#48,
n8Hqc,1r1r3k/p4Rpp/1p1q4/3B4/3P4/1Q2P1Pb/P4P1P/4R1K1 w - - 1 22,d5h1 h3e6 d4d5 e6f7,1659,73,95,25005,advantage fork interference middlegame short,https://lichess.org/qis0eWXl#43,
n97vb,2kr3r/1p3p2/p3p2p/3pQ1p1/8/3P4/PP3q1P/1KR5 b - - 1 25,c8d7 c1c7 d7e8 e5h8,1626,74,83,177,endgame interference mate mateIn2 short,https://lichess.org/QH7ke7NB/black#50,
n9GHN,6k1/2r2ppp/4p2P/1p1pn1P1/5Q2/2q5/6P1/5R1K b - - 0 35,g7g6 f4f6 e5c6 f6c3,1626,76,95,8404,crushing endgame interference short,https://lichess.org/v0PyybND/black#70,
n9Oq5,r4rk1/p1p2bBp/1p6/8/2p4q/P1Q5/1PB2PP1/3R2K1 b - - 0 26,f8d8 d1d8 a8d8 g7f6 h4f4 f6d8,1697,105,80,31,advantage attraction fork interference long middlegame,https://lichess.org/O3qqhTlU/black#52,
nACEL,r5k1/1b3Rp1/p2Bp3/2p3qp/4P3/2N5/PPP4P/K4R2 b - - 1 24,a8d8 d6e7 g5g6 e7d8 g6f7 f1f7,1839,74,95,5727,advantage fork interference long master middlegame,https://lichess.org/lmTOAbZt/black#48,
nAl6G,1k1r2n1/p1pq3p/Q1p1b1p1/8/3bPP2/4B3/PPP3PP/RN3RK1 w - - 7 17,e3d4 d7d4 g1h1 e6c4 a6a4 c4f1,1825,75,80,142,advantage fork interference long middlegame,https://lichess.org/FVLb329g#33,Ruy_Lopez Ruy_Lopez_Steinitz_Defense
nBvRc,r4qk1/2pb2pp/p1npp3/1p3r2/3PQ2b/P1P3BP/1P2BPP1/3R1RK1 w - - 0 18,g3h4 f5f4 e4e3 f4h4,1691,78,88,92,advantage interference middlegame short,https://lichess.org/2KV5bKkX#35,Dutch_Defense Dutch_Defense_Other_variations
nCE4r,3q1rk1/3bbpp1/p3p2p/np1p4/3P1Bn1/P2Q1NP1/NPR1PPBP/6K1 b - - 2 21,g4f6 f4c7 d8a8 c7a5,1698,94,82,35,advantage interference middlegame short,https://lichess.org/Opwi3i5X/black#42,
nE58h,4q2k/2p3pp/3b3r/p2B4/3P1P2/2Nn1Q1r/PP1B1PRP/6RK w - - 3 30,f3g4 h3h2 g2h2 d3f2 h1g2 f2g4,1652,75,88,124,advantage interference kingsideAttack long middlegame pin sacrifice,https://lichess.org/SKSipclm#59,
nF8zs,2k2rr1/pppn4/3qp3/2p4p/4P1pP/1P1PQ1P1/PBP2P2/R4RK1 w - - 3 20,f2f4 g4f3 e4e5 g8g3 g1h2 g3g2,1723,76,90,1679,crushing discoveredAttack enPassant exposedKing interference kingsideAttack long middlegame,https://lichess.org/O38piQs0#39,
nIMvE,8/4q1kp/6p1/5p2/3Q4/1P5R/K1P5/4r3 b - - 7 46,e1e5 h3e3 g7f6 d4h4 g6g5 h4h6 f6f7 h6h7,1683,76,94,6009,crushing endgame interference veryLong,https://lichess.org/0NkkTUQX/black#92,
nISNd,4r1k1/p4pq1/8/1R6/6p1/8/P2Q1PP1/6K1 b - - 3 31,e8e5 d2d8 g8h7 d8h4 h7g6 h4g4,1761,75,82,119,crushing endgame interference long master,https://lichess.org/gfEdCD4f/black#62,
nIwdu,4r3/5k2/2p2r2/6R1/4p3/6R1/6P1/6K1 b - - 0 41,e4e3 g5g7 f7f8 g7g8 f8e7 g3e3,1795,78,95,9108,crushing endgame exposedKing interference long rookEndgame,https://lichess.org/fSBLhl4Q/black#82,
nJsp9,5r1k/ppp3p1/3p2Pp/4n1q1/2P5/2PP3Q/PR5P/5RK1 w - - 0 25,h3g2 f8f1 g1f1 g5c1 f1e2 c1b2,1682,75,94,4370,attraction crushing endgame interference kingsideAttack long pin,https://lichess.org/PCJ6pw1F#49,
nKRH1,2r2rk1/p3bppp/2q1b3/8/1P2Q3/P3PN2/1B3PPP/R4RK1 w - - 7 19,e4e5 e7f6 f3d4 f6e5 d4c6 e5b2,1611,75,81,88,advantage interference long middlegame,https://lichess.org/Z9s259px#37,
nKTqT,2r1r1k1/5p2/1QR3p1/8/8/3PB1bp/PP2KP1q/2R5 w - - 0 32,c6c8 h2f2 e2d1 f2e1 d1c2 e8c8,1622,75,96,3403,crushing interference long middlegame pin,https://lichess.org/vDGZtQ0c#63,
nKXgq,3r1rk1/5ppp/8/pR6/2p5/P1P2Q2/2q2PPP/R5K1 w - - 1 26,b5a5 d8d3 f3g4 c2c3 a1f1 c3a5,1787,77,93,599,crushing endgame fork interference long,https://lichess.org/JYunX5nG#51,
nKkae,r3r1k1/p4ppp/1pp5/8/1P2P3/P4Q1P/2P2PPq/R3RK2 w - - 0 20,e4e5 h2h1 f1e2 e8e5 e2d2 a8d8 f3d3 d8d3,1645,77,94,1741,crushing endgame interference veryLong,https://lichess.org/3Tct1sJj#39,
nL8Tt,2r1k3/2q2p2/p3pQ2/6P1/8/2p1P3/PP6/1K5R b - - 5 34,c3b2 h1h8 e8d7 f6f7 d7d6 f7f4,1828,74,86,235,crushing deflection endgame interference long,https://lichess.org/N5phhFwV/black#68,
nMJjS,2r3k1/p4p2/1p1Qp1pp/1b2P3/5P1P/1P4P1/P2R2BK/2q5 b - - 6 30,b5f1 d2d1 c1b2 d1f1,1817,194,62,15,crushing endgame interference master short,https://lichess.org/ohv4nZ4A/black#60,
nMrtK,2rr2k1/5ppp/p7/Pp1p4/3P3q/BP2R3/5PP1/3Q2K1 b - - 1 28,c8c6 a3e7 h4h6 e7d8,1709,76,96,1698,crushing endgame fork interference short,https://lichess.org/1D1VKL2B/black#56,
nN5IS,8/p1k5/qpp5/8/1P1Pr3/P1Q4P/3K1P2/7R w - - 0 36,f2f3 a6e2 d2c1 e4e3 c3c2 e2f3,1774,75,87,132,crushing endgame interference long,https://lichess.org/ya9VeQW7#71,
nOYPZ,r4rk1/6pp/1b1p4/p3p3/2P1P3/RN5P/5QP1/R5K1 b - - 0 34,f8f2 c4c5 d6c5 g1f2,1805,76,75,80,advantage endgame interference short,https://lichess.org/JKvN70HR/black#68,
nOwmD,r1bq1rk1/4bpp1/p1n1p2p/1p1p4/3P1B2/P2BPN2/1P3PPP/2RQ1RK1 b - - 1 13,c6a5 f4c7 d8e8 c7a5,1688,75,95,19527,crushing interference opening short,https://lichess.org/vtPgCc5w/black#26,Slav_Defense Slav_Defense_Other_variations
nPN2R,r2q1rk1/1b1nbppp/3p4/3n4/3N4/3BP1B1/PP3PPP/R2QR1K1 b - - 2 17,e7h4 d1h5 d5f6 h5h4,1821,76,85,98,advantage interference opening short,https://lichess.org/StDJa3Ru/black#34,Horwitz_Defense Horwitz_Defense_Other_variations
nQ2sz,r4rk1/p2R1pp1/1p3q1p/2p5/2P3Q1/4B2P/PPb2PP1/4R1K1 w - - 2 21,e1e2 c2f5 g4f4 f5d7 f4f6 g7f6,1672,75,91,5548,advantage fork interference long middlegame,https://lichess.org/n3Nmpmun#41,
nQ8WY,r4rk1/1pp2ppp/5nq1/2b5/p7/2NB4/PPPQ2PP/2K1RR2 b - - 3 17,g6h5 f1f5 h5h2 f5c5,1691,78,93,4256,advantage interference middlegame short,https://lichess.org/cY7BHVGu/black#34,Scotch_Game Scotch_Game_Other_variations
nQQJo,2r3k1/3Q1ppp/pp6/4P3/8/5P1r/P1P3Pq/1R2R1K1 w - - 2 29,g1f2 c8c2 f2e3 h2e5 e3d3 e5c3,1884,75,87,611,crushing endgame interference long pin,https://lichess.org/afrvUUsm#57,
nQU8b,1r5r/p4pk1/6Rb/3R4/8/q4P2/1PQ3P1/1K6 b - - 0 34,f7g6 c2c7 g7g8 c7b8 a3f8 d5d8,1771,75,94,2343,advantage endgame interference long pin,https://lichess.org/bWIgj74b/black#68,
nRVw6,k2rr3/1p3p1p/1P3np1/8/2P5/6Q1/1P4PP/3q2RK b - - 0 28,f6h5 g3a3 a8b8 a3a7 b8c8 a7a8 c8d7 g1d1,1625,75,96,9721,advantage endgame interference veryLong,https://lichess.org/ej5L902E/black#56,
nS3vI,r2q1rk1/3pbppp/p1nBpnb1/8/Np6/1B3N2/PP3PPP/2RQR1K1 b - - 11 15,c6a5 d6c7 d8e8 c7a5,1892,74,88,771,advantage interference master opening short,https://lichess.org/WHMOWdrv/black#30,Sicilian_Defense Sicilian_Defense_Smith-Morra_Gambit_Accepted
nSGSv,3r2k1/p5p1/b1pPppPp/4P3/5R2/8/qPQN1P1P/2K5 b - - 0 28,f6e5 f4a4 a2d5 a4a6 d5h1 c2d1,1632,75,89,125,advantage endgame interference long,https://lichess.org/UB5ambvl/black#56,
nSHGK,r4r2/3k3p/p4R2/8/8/2BR3P/qP4P1/6K1 b - - 4 34,d7c7 c3e5 c7c8 f6f8,1701,77,97,10850,advantage endgame interference short,https://lichess.org/U0mMOw1J/black#68,
nT812,r6r/pp3k2/2p1p3/3bP1P1/5Q1p/8/P6P/5K2 b - - 1 28,f7e7 f4f6 e7d7 f6g7 d7d8 g7h8,1687,77,93,945,crushing endgame interference long,https://lichess.org/DKIWaoO8/black#56,
nTLBY,r6r/pppk1Bpp/2n5/8/8/B1P2K2/P1P3PP/4R3 b - - 0 16,h8f8 e1d1 d7c8 a3f8,1701,76,87,270,advantage endgame interference short,https://lichess.org/nVTV5tdH/black#32,Kings_Pawn_Game Kings_Pawn_Game_Busch-Gass_Gambit
nU4Zh,3k2r1/pp6/2b1p2p/3p2q1/2pPn3/2P3P1/PP1NQP1P/R4RK1 b - - 0 22,e4d2 f2f4 g5f5 e2d2,1790,74,85,728,crushing interference intermezzo middlegame short,https://lichess.org/pf0c17k5/black#44,
nUvTA,8/2r2kpQ/4p2p/5p2/3pqP2/6R1/P5PK/8 b - - 3 39,f7f8 h7h8 f8e7 g3g7 e7d6 h8d8,1689,75,80,88,crushing deflection endgame interference long,https://lichess.org/Oy0XAZcX/black#78,
nWEM1,r1b2kr1/pp3p1p/2q2p2/8/5Q2/3P4/PPP1R1PP/R5K1 b - - 2 20,c8g4 f4b4 f8g7 b4g4,1895,86,87,34,advantage interference middlegame short,https://lichess.org/vvXGm4eE/black#40,
nWw9I,5n2/ppq2kp1/2pb1p1p/3p1P2/3Pr1PN/P1PN3P/1P3Q2/4R1K1 w - - 3 28,e1e4 d5e4 d3c5 d6g3 f2e2 g3h4,1869,74,89,241,crushing interference long middlegame,https://lichess.org/5dUBW7Ch#55,
nX55f,2r5/2P5/7p/5p2/3bk3/R3p1B1/4K1PP/8 w - - 6 39,a3b3 f5f4 b3b8 c8c7 b8e8 d4e5,1701,85,77,68,advantage defensiveMove endgame interference long,https://lichess.org/yo7ilZCk#77,
nXS4H,r1bqk1r1/pp3pP1/4Nn2/8/1Pp5/P2B4/4QPPP/R3K2R b KQq - 0 18,c4d3 e6c7 e8d7 e2d3,1753,74,88,433,crushing discoveredCheck doubleCheck interference intermezzo middlegame short,https://lichess.org/tyu2cXvs/black#36,Queens_Gambit_Declined Queens_Gambit_Declined_Modern_Variation
nY8qi,4r1k1/pp3ppp/3B4/2R1P3/q3b3/7P/P3BPP1/3R2K1 b - - 10 25,h7h6 c5c4 a4a2 c4e4,1808,75,95,11132,advantage interference master middlegame short,https://lichess.org/j1tel0Ts/black#50,
nYKxy,6k1/pp2r2p/3pr1p1/2p5/2P3q1/1PQ1PR1R/P4K2/8 b - - 8 30,b7b6 f3f8 g8f8 c3h8 f8f7 h3h7,1874,75,94,6413,attraction endgame interference long mate mateIn3 sacrifice,https://lichess.org/VSoCpc8x/black#60,
nYO6J,2r1k3/P2Rp3/3bPpK1/3P2p1/8/7P/8/8 b - - 6 45,d6c5 d7c7 c8a8 c7c5,1640,77,76,72,crushing endgame interference short,https://lichess.org/pKB0Inae/black#90,
nYU5a,r4r2/5Pk1/2pp3R/pp2p3/n3P1q1/3P4/BPPQ4/R3K3 w Q - 1 24,h6h2 g4g1 e1e2 g1h2,1820,74,85,475,crushing interference middlegame short,https://lichess.org/MG5uoZUq#47,
nZeAt,5rk1/1b3p1p/pq2p1pQ/1p1pP3/2rP4/5P1R/PP4PP/R5K1 b - - 2 24,f8c8 h6h7 g8f8 h7h8 f8e7 h8f6 e7e8 h3h8 e8d7 f6f7 d7c6 f7e6 c6c7 h8h7 c7b8 e6b6,1673,146,85,21,crushing deflection interference kingsideAttack middlegame veryLong,https://lichess.org/cYWa3p3s/black#48,
nZuHZ,r1b1k2r/pp3ppp/4pn2/q1bpQ3/4PB2/2N5/PPP2PPP/R3KB1R b KQkq - 2 10,d5d4 f1b5 c8d7 e5c5,1866,75,97,5556,advantage interference middlegame short,https://lichess.org/QBZgW7iI/black#20,Queens_Pawn_Game Queens_Pawn_Game_Krause_Variation
nanUf,r2r4/ppq1kp2/2n1bR1Q/3pP3/3P4/2P1P3/P5PP/1R4K1 b - - 4 23,d8h8 f6e6 f7e6 h6g7 e7d8 g7h8 d8d7 h8a8,1855,76,89,122,crushing interference middlegame sacrifice skewer veryLong,https://lichess.org/JPcyWgxF/black#46,
naoTB,7k/pp4p1/2pR2rp/5q2/5n2/5NP1/PPP2PK1/R2Q4 w - - 1 28,g2f1 f5h3 f1e1 h3h1 e1d2 g6d6,1746,75,97,462,crushing interference long middlegame,https://lichess.org/Sz949VMT#55,
nawuW,7r/p1p2k2/4p3/6p1/2P3P1/1P2R1K1/P3RP2/3r4 w - - 1 31,e3e6 d1g1 g3f3 h8h3 f3e4 f7e6,1660,77,94,10901,crushing endgame interference long rookEndgame,https://lichess.org/ecw5t5hG#61,
nbSGN,8/p7/8/1p3K2/2pk4/6P1/PP4P1/8 w - - 0 43,g3g4 b5b4 g4g5 c4c3 b2c3 b4c3 g5g6 c3c2 g6g7 c2c1q g7g8q c1f1 f5g6 f1g2,1819,75,91,784,advancedPawn crushing endgame interference pawnEndgame promotion quietMove veryLong,https://lichess.org/cUxlnJDA#85,
nbhQW,r2qk1nr/pp3ppp/2pbp3/3p1b2/QnPP4/N3PNB1/PP3PPP/R3KB1R b KQkq - 1 8,g8f6 g3d6 d8d6 c4c5 d6e7 a4b4,1877,75,95,7194,crushing interference long middlegame,https://lichess.org/kTn490WH/black#16,Queens_Pawn_Game Queens_Pawn_Game_Zukertort_Variation
nbz06,6k1/pp2bp2/4p1pB/3pP3/2rP2Q1/3q1N2/PPn2PPP/2R3K1 w - - 2 26,b2b3 c2e3 f2e3 c4c1,1613,75,68,836,crushing discoveredAttack interference middlegame short,https://lichess.org/jvq4jfgM#51,
nciOc,r4rk1/p2b1pbp/nq1p1np1/1NpP4/4P3/3B1PN1/PP2Q1PP/R1B2RK1 w - - 3 14,d3c4 d7b5 c4b5 c5c4 c1e3 b6b5,1620,77,93,2308,advantage discoveredAttack discoveredCheck interference intermezzo long middlegame,https://lichess.org/Ks4m3HDF#27,Kings_Indian_Defense Kings_Indian_Defense_Normal_Variation
nd5tD,8/5pk1/3r2pP/p2p4/3R2P1/1P6/P2Q3K/5q2 b - - 0 34,g7h7 d4f4 f1a1 f4f7,1615,75,88,789,crushing endgame interference master short,https://lichess.org/SjfK3qYU/black#68,
ndH37,4r2k/8/1p1p3p/3Q2pP/pPP1B3/P2K1Nq1/8/8 b - - 7 60,g5g4 d5d4 e8e5 d4d6,1886,84,85,39,crushing endgame interference master short,https://lichess.org/AkcJigKg/black#120,
ndeKk,r5kq/p7/1pQ1p1p1/3p2P1/8/8/PP3P2/R5K1 b - - 3 29,g8f7 c6b7 f7f8 b7a8,1747,75,96,1753,crushing endgame interference short,https://lichess.org/V1vl0iFW/black#58,
ndp3H,6k1/2p3p1/3b4/3P1Kp1/1PR5/7r/B7/8 b - - 1 36,d6f4 d5d6 g8f8 d6c7 f4c7 c4c7,1807,128,67,20,advancedPawn crushing endgame interference long,https://lichess.org/LIgX3Twm/black#72,
nh44N,r5k1/5p1p/6p1/qN6/1b1PQP2/1P4P1/1K5P/B2R3R w - - 3 30,d1d3 a5a2 b2c1 a2a1 c1c2 a8a2,1689,75,91,1349,deflection interference long mate mateIn3 middlegame,https://lichess.org/l9XE5D6E#59,
nh7BY,r4q2/ppp1n1kp/3p2p1/3Pp1Q1/4P3/5r1b/PPP1N3/1K1R3R b - - 1 22,f3f1 d1f1 h3f1 g5h6 g7f7 h1f1 f7g8 f1f8,1880,72,94,17998,advantage interference intermezzo middlegame skewer veryLong,https://lichess.org/3uKWddZj/black#44,
nhFXE,1k3r2/2R5/8/1r6/7p/6pP/6P1/2R2K2 w - - 1 39,f1e1 b5e5 e1d2 f8d8 d2c3 b8c7,1780,74,94,2425,crushing endgame exposedKing interference long rookEndgame,https://lichess.org/ds7JEfIA#77,
niVnd,r2q2k1/1pp2pp1/1pnprn1p/4pN2/2P1P3/P6P/1PP2PP1/R1BQK2R b KQ - 2 14,f6e4 d1g4 g7g6 f5h6,1694,77,91,1405,advantage interference kingsideAttack middlegame short,https://lichess.org/patsqxgY/black#28,Bishops_Opening Bishops_Opening_Berlin_Defense
njeER,8/5k2/4n1p1/1p1pPb1p/nPpP3P/2P1R1P1/5P2/2B2K2 w - - 1 41,f2f3 f5d3 f1f2 a4c3,1719,121,33,16,advantage endgame interference short,https://lichess.org/UhzJc93z#81,
njosp,2k1br2/3qb3/pB2p2p/P2pP3/1p3r2/1P1PQP1P/B1P3P1/R3R1K1 w - - 3 33,b6c5 d5d4 e3f2 e7c5,1836,76,92,2025,advantage interference middlegame short,https://lichess.org/uluevlmj#65,
nkWoa,8/p7/6p1/5p1k/1P2r2P/P5P1/2rp1PK1/R2R4 w - - 0 35,b4b5 e4c4 a1b1 c2c1 d1d2 c1b1,1849,76,93,11718,advantage endgame interference long rookEndgame,https://lichess.org/5HF0QJFJ#69,
nm3oL,2kr3r/pp1b1ppp/1q6/2bQPpN1/8/8/PP3PPP/R1B2RK1 w - - 3 15,g5f7 d7e6 d5f3 e6f7,1876,79,95,16816,advantage interference middlegame short,https://lichess.org/RZc48LSK#29,French_Defense French_Defense_Knight_Variation
noNao,r2q1rk1/4bppp/4p3/3pPP2/2pP4/2P4P/3B2P1/1B1Q1RK1 b - - 0 25,e7g5 f5f6 g7g6 d2g5,1654,75,90,1604,advantage interference middlegame short,https://lichess.org/00NeT0DK/black#50,
npgj0,5rk1/6p1/3p3p/3np1q1/6P1/PR3P2/2PK3Q/6R1 w - - 6 40,d2e1 g5c1 e1f2 c1c2 f2g3 c2b3,1604,79,92,78,crushing endgame exposedKing fork interference long,https://lichess.org/nbWCQzL6#79,
nrzlG,r3r2k/2b2p1p/2bq1Np1/1p1p4/p2P4/5Q2/PPB2PPP/R3R1K1 w - - 8 24,f6e8 d6h2 g1f1 h2h1 f1e2 a8e8,1654,75,77,139,crushing interference kingsideAttack long middlegame,https://lichess.org/LRizGa2B#47,
nslry,3r4/6p1/1p2p2p/1Bk5/P1P4P/1P4P1/3r1P2/1R2K3 b - - 0 39,e6e5 b3b4 c5d6 e1d2,1612,76,93,563,crushing endgame interference short,https://lichess.org/Mm45TKMi/black#78,
ntreo,r2q3r/pQ3kp1/2p1bn1p/2b5/8/2p2N2/PP4PP/RNB2R1K b - - 0 14,d8e7 f3e5 f7g8 b7a8,1830,75,86,913,crushing interference master middlegame short,https://lichess.org/UtPM9Qun/black#28,Caro-Kann_Defense Caro-Kann_Defense_Maroczy_Variation
nvqYf,r5kr/ppR2pQ1/b3p3/3pP3/1B5p/P4qN1/5P1P/4K1R1 b - - 0 23,g8g7 g3f5 g7h7 c7f7,1725,93,80,40,deflection discoveredCheck doubleCheck interference master mate mateIn2 middlegame short,https://lichess.org/MJZ68g0m/black#46,
nwxWO,rn3rk1/5ppb/p2Rp2p/1p2P3/1P6/2n1B1N1/5PPP/R4BK1 b - - 1 18,f8c8 a1c1 b8c6 c1c3,1660,81,8,58,advantage interference middlegame short,https://lichess.org/djaUP8M0/black#36,Caro-Kann_Defense Caro-Kann_Defense_Two_Knights_Attack
nxlJl,r3qr2/ppp2kpQ/2np1p2/4b3/4N3/2P3P1/PP4K1/5R1R b - - 7 22,f8h8 e4g5 f7f8 h7h8 f8e7 h8g7,1692,75,80,84,crushing interference long middlegame pin,https://lichess.org/NrnN3Rgg/black#44,
nyBrk,r1bqk2r/1pp1np1p/p3p1p1/3pb1B1/8/2NB1Q2/PPP2PPP/4RRK1 b kq - 1 11,d8d6 e1e5 d6e5 g5f6 e5d6 f6h8,1652,74,98,1111,advantage fork interference long middlegame sacrifice,https://lichess.org/e03kPfpM/black#22,Queens_Pawn_Game Queens_Pawn_Game_Chigorin_Variation
nz6Ed,2rq1rk1/5p1p/p1bp2p1/1p2pPbN/4P1QP/PPN5/1P4P1/R4R1K b - - 0 20,g5h4 f5f6 h7h6 g4h4,1722,78,87,65,advantage interference intermezzo middlegame pin short,https://lichess.org/RUFGVaFg/black#40,
nzDio,1r3k1r/p1N1nppp/R3p3/8/2QP4/3KP3/1q3PPP/6NR w - - 2 18,a6a2 b8b3 d3e4 b2a2,1712,76,74,135,crushing interference middlegame short,https://lichess.org/jcIW0XiM#35,Queens_Gambit_Accepted Queens_Gambit_Accepted_Old_Variation
o2LsC,3Q4/5k1p/5pp1/5b2/3B4/5PKP/1q4P1/8 b - - 12 41,b2b7 d8f6 f7e8 f6h8 e8d7 h8h7,1678,75,90,1450,crushing endgame interference long,https://lichess.org/NQVX4JCH/black#82,
o2lo2,2k2b1r/pp3ppp/4pn2/2p5/2q5/2Nr1nPP/PP1P1PN1/R1BQ1R1K b - - 4 17,g7g5 g2e3 c4a6 d1f3,1676,78,81,81,advantage interference middlegame short,https://lichess.org/EuZtFVxp/black#34,Sicilian_Defense Sicilian_Defense_Lasker-Dunne_Attack
o2qPz,r3r1k1/p7/3q2NB/2pP1p2/2p1p3/4K3/PP5P/R5Q1 b - - 0 25,g8f7 g6h8 e8h8 g1g7 f7e8 g7h8,1778,77,92,186,attraction clearance crushing exposedKing interference long middlegame sacrifice,https://lichess.org/Nl1Qaqo7/black#50,
o45Wy,2r5/1R2kppp/4pn2/3pN3/3P4/8/5PPP/2r2RK1 b - - 0 23,e7d6 e5f7 d6c6 f1c1 c6b7 f7d6,1647,76,94,212,crushing endgame interference long,https://lichess.org/Tt1PSgta/black#46,
o47UP,r1b1kb1r/ppp2ppp/2n1p3/8/Q1B1q3/5N2/PP3PPP/RNB1K2R w KQkq - 2 10,c1e3 f8b4 b1c3 e4c4,1601,75,87,1389,advantage interference opening short,https://lichess.org/SFKxpWUl#19,Queens_Gambit_Declined Queens_Gambit_Declined_Marshall_Defense
o4Afp,Q1kr4/1p3pp1/2p4p/5P1P/P1P3P1/2qr4/PR1p4/1K1R4 b - - 2 33,c8c7 b2b7 c7d6 a8d8,1691,74,96,13006,crushing deflection endgame interference short,https://lichess.org/W2ghjyr0/black#66,
o75iw,6r1/p4k2/1p2R3/5p2/2P2P2/6K1/PP2R1P1/1r6 w - - 5 39,g3f3 b1f1 f3e3 f7e6,1846,78,92,3386,crushing endgame interference master rookEndgame short,https://lichess.org/kBsTbA8q#77,
o7yZD,3r2k1/5ppp/8/pQp1P3/3p4/P4P2/1PPq1P1P/4R2K w - - 3 27,e1e2 d2d1 h1g2 d4d3 c2d3 d1e2,1660,75,86,181,advantage endgame interference long,https://lichess.org/FqgiMzju#53,
o80hk,8/8/1b2k3/8/p1PpK3/3N4/1P6/8 b - - 8 57,b6a7 c4c5 a7b8 e4d4,1786,74,96,7983,crushing endgame interference quietMove short,https://lichess.org/XQ0hw3D9/black#114,
o8QhH,r2r2k1/1b2p1b1/p3Ppp1/2qB3p/1nN4P/2P2NP1/4QP2/3RK2R w K - 0 24,c3b4 c5b4 f3d2 b7d5,1649,75,89,232,advantage interference master masterVsMaster middlegame short,https://lichess.org/rnL0LIZT#47,
o99yH,3r1k2/1q5p/3r2p1/1p3p2/2p5/b1Q3P1/4RP1P/4R1K1 b - - 3 33,d6d3 c3h8 f8f7 h8h7,1877,75,94,5833,crushing interference middlegame short,https://lichess.org/k5o2xcXs/black#66,
o9Fj1,3q1rk1/n3bp2/p3p3/3p1b2/1p1P1Np1/PP2P1Pp/2r1NP1P/R2Q1RKB b - - 3 23,b4a3 e3e4 d5e4 d1c2,1701,74,88,2453,advantage interference middlegame short,https://lichess.org/UWrZjlri/black#46,
o9tUL,Q3k2r/3q1p1p/3pp3/2p5/1p1b4/3P4/1PPB2PP/5R1K b k - 2 22,e8e7 d2g5 f7f6 a8h8,1857,74,98,2102,crushing endgame interference short,https://lichess.org/d16nrS0Y/black#44,
oAnez,r1b2rk1/pp3ppp/1q3b2/1Np1QP2/4P3/8/PPP1B1PP/R4RK1 w - - 1 16,e5g3 c5c4 g3f2 b6b5,1739,115,79,12,advantage discoveredAttack discoveredCheck interference middlegame short,https://lichess.org/l7Z1oi88#31,Three_Knights_Opening Three_Knights_Opening_Other_variations
oCJD8,rr4k1/4q1p1/4p2p/p2b1p2/R2P4/2P2N2/1PQ2PPP/4K2R w K - 2 22,e1g1 d5b3 c2c1 b3a4,1719,75,96,17353,crushing fork interference middlegame short,https://lichess.org/fgekCDlh#43,
oDdSN,r1b2rk1/pp2bppp/2q1p3/4P3/3PNPP1/4p3/PP2Q2P/2KR1B1R w - - 1 18,e4c3 c6h1 f1g2 h1h2,1645,75,91,1353,crushing hangingPiece interference middlegame short,https://lichess.org/EgeGWEGn#35,French_Defense French_Defense_Advance_Variation
oEQoT,r1b1k2r/pp3ppp/2n1p3/q2p4/2PPnB2/P1PB1N2/2Q2PPP/R3K2R b KQkq - 4 11,e4c3 f4d2 c6b4 c2c3 b4d3 c3d3,1889,74,95,14255,advantage interference intermezzo long middlegame,https://lichess.org/2XunitSx/black#22,Queens_Gambit_Declined Queens_Gambit_Declined_Other_variations
oG3KI,2k5/pp6/1r3n2/3pKP2/3N4/8/1P2R3/8 b - - 0 39,c8c7 d4e6 c7d7 e5f6,1691,79,77,41,crushing endgame interference master short,https://lichess.org/oBV5A074/black#78,
oJS5w,r3k2r/1p1q1p1p/n1pb1pb1/p2p4/3P3N/PQN1P3/1P2BPPP/R3K2R w KQkq - 1 13,c3d5 c6d5 e2b5 d6b4 a3b4 d7b5,1862,76,92,4450,advantage interference long middlegame,https://lichess.org/2rh3qE1P#25,Queens_Gambit_Declined Queens_Gambit_Declined_Baltic_Defense
oKCQi,8/8/4R3/r5p1/3PK2k/8/8/8 b - - 0 46,h4g3 e6e5 a5a4 e5g5,1804,75,83,110,crushing endgame interference rookEndgame short,https://lichess.org/4LhsDBp3/black#92,
oKWKW,4Q3/kp4p1/7q/7r/2p2PR1/2P5/PP4PP/5R1K w - - 7 37,g4g7 h5h2 h1g1 h2h1 g1f2 h6f4 f2e2 f4f1,1887,77,92,1133,crushing endgame interference veryLong,https://lichess.org/Wm9gDllb#73,
oKoh9,r4rk1/ppp2ppp/8/q3p3/3nP3/3P4/PPPN1QPP/R4RK1 b - - 4 14,d4c2 d2c4 a5a4 b2b3 a4c6 f2c2,1689,75,96,7530,crushing interference long middlegame,https://lichess.org/oscCehLb/black#28,Scandinavian_Defense Scandinavian_Defense_Modern_Variation
oKx4b,3r2r1/pk1n1p2/3b2p1/QppPpp2/4P3/1q1N2PP/5PB1/R5K1 b - - 3 30,d8a8 a5a6 b7c7 a6c6 c7d8 c6a8 d8e7 a8g8,1604,76,89,1425,crushing fork interference middlegame skewer veryLong,https://lichess.org/OSvK02k7/black#60,
oM0NL,3r3k/p1p2q1p/1p3p2/n7/2PN2Q1/2P4P/P5P1/4R1K1 b - - 4 23,a5c4 d4e6 d8g8 g4c4,1818,75,89,1781,crushing discoveredAttack endgame interference master short,https://lichess.org/hjmgDrxR/black#46,
oMeIV,6kr/pQ2bpp1/4p3/3p1q1P/P2P1n2/5N2/5PP1/2R2K1R w - - 1 25,b7e7 f5d3 f1g1 f4e2 g1h2 h8h5,1731,76,95,293,crushing fork interference long middlegame,https://lichess.org/LHbQaGLV#49,
oMeOG,8/8/p1r5/3kp1p1/R5P1/2PK1P2/8/8 b - - 0 46,c6f6 a4a5 d5e6 a5a6,1650,77,92,656,crushing endgame interference master rookEndgame short,https://lichess.org/NizVh6zl/black#92,
oMfh4,r2q1rk1/3pn1b1/p1b3pp/1pN5/8/1P1P3N/1PP1Q1PP/R1B1R1K1 w - - 5 19,e2e7 g7d4 c1e3 d8e7,1767,75,79,111,advantage interference intermezzo middlegame pin short,https://lichess.org/oklD6NxF#37,Sicilian_Defense Sicilian_Defense_Closed
oNozp,r4rk1/4p3/p3R1pp/3p4/3Q4/8/6PP/2qN2K1 b - - 0 31,c1f4 e6g6 g8f7 d4f4,1830,77,74,58,advantage endgame interference short,https://lichess.org/7cLWveZ7/black#62,
oPMS2,6k1/pp3rb1/2p3Q1/8/4pP2/P3P3/1qPK4/3R3R w - - 0 28,g6e6 g7c3 d2e2 b2c2 e2f1 c2d1,1735,77,94,1702,crushing deflection endgame interference long,https://lichess.org/5ksjpUqG#55,
oPXja,r1k2bnr/pp1n3p/2p1bpp1/2P1p3/2N1P3/2N1B3/PP3PPP/2KR1B1R b - - 5 13,d7c5 c4d6 c8c7 e3c5,1627,80,92,2202,advantage interference intermezzo master masterVsMaster opening queensideAttack short,https://lichess.org/Kews9rvY/black#26,Modern_Defense Modern_Defense_Averbakh_System
oQeBY,r3k2r/1b2q1p1/p1B1Qn2/3p4/3P3p/2P2N2/PP3PPP/R5K1 b kq - 0 21,b7c6 e6c6 e8f7 f3e5 f7g8 c6a8,1681,75,98,643,advantage exposedKing fork interference long middlegame,https://lichess.org/LsIFc5TR/black#42,
oQwQw,r2q1rk1/ppp2pp1/1bn4p/4B2b/2BP4/2N2N2/PPP5/R2Q2RK w - - 2 16,e5g7 h5f3 d1f3 d8h4 h1g2 g8g7 f3h3 h4h3,1734,75,86,198,advantage exposedKing interference kingsideAttack opening veryLong,https://lichess.org/yzWZUPEV#31,Kings_Gambit_Accepted Kings_Gambit_Accepted_Kings_Knights_Gambit
oSfab,1r5r/1bp1kpR1/p1n1p2p/8/3PP3/1NPq4/PK4QP/6R1 b - - 1 22,a6a5 g7f7 e7f7 g2g7 f7e8 g7h8,1617,81,88,126,attraction crushing interference long middlegame sacrifice,https://lichess.org/EsFPnHlC/black#44,
oT10C,5bk1/pq3pp1/4N1P1/1P6/8/2Q5/5P2/6K1 b - - 0 37,f7e6 c3h3 f8c5 h3h7 g8f8 h7h8 f8e7 h8g7 e7d6 g7b7,1829,75,92,393,crushing deflection endgame interference skewer veryLong,https://lichess.org/RdHgCVFm/black#74,
oTB1Z,6R1/1pb2r1k/p6p/3p4/3Pp2P/B3P2K/4Br2/6R1 w - - 4 42,e2h5 f2h2 h3g4 h7g8 h5f7 g8f7,1761,74,95,4977,advantage interference long middlegame,https://lichess.org/OfjVCQxK#83,
oTodL,8/3R3P/4pK2/4P3/4kp2/7r/8/8 w - - 2 60,f6e6 h3h6 e6e7 h6h7,1830,76,93,1120,crushing endgame interference master rookEndgame short,https://lichess.org/QhIRPNRu#119,
oVL3G,r3k2r/p2n1ppp/3qpn2/1B2Nb2/3P4/6P1/PPPQ1P1P/R3K2R b KQkq - 2 14,d6d5 b5c6 d5d6 c6a8,1819,75,93,811,advantage fork interference middlegame short,https://lichess.org/4SupcTLn/black#28,Scandinavian_Defense Scandinavian_Defense_Main_Line
oW8lk,5rk1/1r2n1pp/1P2R3/B1pp4/q7/5P2/6R1/4QK2 w - - 0 37,e6e7 f8f3 f1e2 b7e7 e2f3 e7e1,1710,79,94,14585,crushing exposedKing interference intermezzo long middlegame skewer,https://lichess.org/JxT3EHuT#73,
oWI96,1kr5/pp3pp1/4p2p/4P3/3PNn2/P4Q2/1Pq2PPP/3R2K1 w - - 3 26,g2g3 f4e2 g1g2 c2d1,1659,75,94,2365,crushing endgame interference master short,https://lichess.org/wn0l9pbI#51,
oWpRA,2kr3r/pp3ppp/2n2q2/3pP3/Q4bP1/2PB1N1P/PP2K3/R4R2 b - - 0 20,c6e5 d3f5 c8b8 a4f4,1826,76,90,1425,advantage interference middlegame short,https://lichess.org/QUVzuTmI/black#40,
oYV7Q,r1bqr1k1/ppp1n1p1/7p/3p3Q/3Pp3/P1P1P2P/1P2N1P1/RN3RK1 w - - 1 19,f1f7 g7g6 h5h6 g8f7,1855,74,92,2971,crushing interference middlegame short,https://lichess.org/Zyi7XGLb#37,French_Defense French_Defense_Other_variations
oa2Vg,4r3/7R/3k1p2/p2P1Qp1/3bP3/P1p3PK/2P1q3/8 b - - 7 39,e2e4 f5d7 d6e5 d7e8,1873,79,93,2026,crushing endgame interference short,https://lichess.org/9zDzhG6E/black#78,
oa3CL,rn1qrk2/pp2bppR/2p5/2Pp2P1/3P2b1/5P2/PPQ2KP1/RNB5 b - - 0 16,e7g5 h7h8 f8e7 c1g5,1748,81,74,81,crushing interference intermezzo middlegame short,https://lichess.org/lcnN8PUN/black#32,Russian_Game Russian_Game_Classical_Attack
ob4Yj,r1b1k2r/ppq2ppp/2p1p1n1/2P5/1P2Q3/2B5/P3PPPP/R3KB1R w KQkq - 1 14,c3g7 f7f5 e4d4 e6e5 d4b2 c7g7,1732,76,93,175,advantage interference long middlegame,https://lichess.org/UMDvN0gH#27,Semi-Slav_Defense Semi-Slav_Defense_Accelerated_Move_Order
ob4br,1r3rk1/q4pp1/5n2/1Ppnp1N1/8/P1N1P2P/1KP2Q2/3R2R1 w - - 0 25,c3d5 b8b5 b2c1 a7a3 c1d2 f6d5,1732,77,92,533,advantage deflection interference long middlegame,https://lichess.org/ZY6gVSGv#49,
obRvD,r1bq3r/ppp1b1kp/2np1n2/4P1N1/3P1B2/8/PPP3PP/RN1Q1RK1 b - - 0 10,f6g4 e5e6 e7g5 d1g4,1838,76,94,7224,advantage interference opening short,https://lichess.org/D3H3oqjh/black#20,Kings_Gambit_Accepted Kings_Gambit_Accepted_Blachly_Gambit
ocPpi,r5r1/1p2kp2/1q1p1p1p/3Pp3/B2bP3/PQ5P/1P3PPK/1R3R2 b - - 2 20,d4f2 f1f2 b6f2 b3b7 e7f8 b7a8,1831,75,87,641,crushing deflection interference long middlegame skewer,https://lichess.org/psEKs6kV/black#40,
ocekT,8/3k2p1/2R5/3P1r2/5r2/8/4K3/4R3 w - - 6 55,e1d1 f5e5 e2d3 e5d5 d3e3 d5d1,1869,75,94,12096,crushing endgame exposedKing interference long rookEndgame skewer,https://lichess.org/BN8RQBMF#109,
odK69,r2q1rk1/1b2bpp1/p3pn1p/np1p4/3P1B2/P2BPN2/NPQ2PPP/R4RK1 b - - 1 14,f6e4 f4c7 d8c8 c7a5 c8c2 d3c2,1861,76,88,278,advantage interference long middlegame,https://lichess.org/8xJkM0qO/black#28,Slav_Defense Slav_Defense_Exchange_Variation
odnEG,5rk1/2q1bpp1/p7/Pp2pQp1/1P4r1/2P3N1/5PP1/3RR1K1 b - - 7 33,g4c4 d1d7 c7c8 d7e7 c8f5 g3f5,1662,75,93,1576,crushing interference long middlegame,https://lichess.org/bK4tdWWB/black#66,
ohSPN,rn1qkb1r/pQ2pppp/5n2/1b6/8/2P5/PP3PPP/RNB1K1NR w KQkq - 0 9,b7a8 b5c6 a8a7 c6g2,1627,74,87,96,advantage interference opening short,https://lichess.org/ts7uk8l0#17,Sicilian_Defense Sicilian_Defense_Smith-Morra_Gambit_Declined
oiDUe,8/pp3k2/2p2bp1/2P5/1P4P1/1r3N1P/5RK1/8 b - - 2 54,b3b2 f3e5 f7e6 f2b2,1882,75,97,5885,advantage endgame interference master masterVsMaster pin short,https://lichess.org/XqdZY2yb/black#108,
ok97G,8/pp3pk1/2p3q1/6pp/3br3/P2RNQ1P/1P3PP1/6K1 b - - 1 34,g5g4 e3f5 g7f6 f3e4,1604,83,92,34,advantage endgame interference master short,https://lichess.org/MA2QSfoW/black#68,
olEdS,r3k1r1/p7/1p1p1p1p/2nPp1qP/2P1PpP1/1NPB4/2Q4K/R5R1 w q - 3 26,b3c5 g5h4 h2g2 g8g4 g2f1 h4h3 c2g2 g4g2,1890,138,79,12,crushing discoveredAttack exposedKing interference middlegame veryLong,https://lichess.org/npmS3z7r#51,
olKzl,r3k2r/pbpq1p1p/2p2p2/2b5/4B3/5Q2/PPP2PPP/RN2K2R w KQkq - 0 12,f3f6 c5d4 f6f3 d4b2,1800,72,95,19700,advantage interference middlegame short,https://lichess.org/Y8AGktr7#23,Scotch_Game Scotch_Game_Classical_Variation
oldr6,2bq1rk1/3n2bp/p2ppnp1/2p5/1rN1P3/2N5/1PP1BPPP/R1BQ1RK1 w - - 0 15,c4d6 b4d4 d1e1 d4d6,1763,75,89,1366,advantage interference master opening short,https://lichess.org/1NVvzMdo#29,Benoni_Defense Benoni_Defense_Benoni-Indian_Defense
om2C7,3q1rk1/3n1ppp/Q3b3/2p5/5B2/2NP4/PrP2PPP/R3R1K1 w - - 0 18,f4d6 b2b6 a6a5 b6d6 a5d8 f8d8,1636,74,96,19625,advantage interference long middlegame,https://lichess.org/Zy4NiUuT#35,Ruy_Lopez Ruy_Lopez_Morphy_Defense
omE3r,8/8/2R5/1r1p4/1P6/K1k5/8/8 b - - 1 50,c3d3 c6c5 b5b8 c5d5,1795,77,95,6649,crushing endgame interference rookEndgame short,https://lichess.org/hu49B6pJ/black#100,
onbaK,8/6p1/p1P3k1/5p2/8/5qPp/P1Q4P/5K2 w - - 1 36,f1e1 f3h1 e1d2 h1h2,1671,76,96,5164,crushing endgame interference master queenEndgame short,https://lichess.org/gvBvnQcf#71,
op8xy,3r2k1/p4pb1/1p2pn1p/6p1/2r5/2Nn1NB1/PP2RPPP/3R2K1 b - - 1 21,c4c8 e2d2 f6d5 d2d3 g7c3 b2c3,1837,85,82,43,advantage interference long middlegame,https://lichess.org/26ceX5rY/black#42,
opyEo,r5r1/p6p/2p5/1k1n4/R3Q3/6P1/P1P2PKP/q7 b - - 1 26,g8e8 e4c4 b5b6 a4a6 b6b7 c4c6 b7b8 c6e8 b8b7 e8c6,1748,75,95,13539,crushing endgame fork interference veryLong,https://lichess.org/wAxQ9s7i/black#52,
osG9n,7r/p1p2pk1/3p4/6P1/2pq4/5Q2/P1P1nK2/R6R w - - 8 35,f2e2 h8e8 e2f1 d4a1,1612,74,91,2007,advantage endgame interference short,https://lichess.org/dhGk8UUY#69,
osIYq,r1b1k2r/p2n1ppp/2pbpn2/q7/Np1P2P1/4PN2/PP2BP1P/R1BQK1R1 w Qkq - 2 11,d1c2 b4b3 c1d2 a5a4,1738,80,93,1862,crushing discoveredAttack discoveredCheck interference master opening short,https://lichess.org/I5HsXPCv#21,Semi-Slav_Defense Semi-Slav_Defense_Normal_Variation
otof2,r4rk1/p2q2p1/1p1bpR1p/3p2N1/3P4/2PQ4/PP4PP/R1B3K1 b - - 0 16,f8f6 d3h7 g8f8 h7h8 f8e7 h8g7,1662,108,68,24,crushing deflection interference kingsideAttack long middlegame,https://lichess.org/lCBe8pRS/black#32,Horwitz_Defense Horwitz_Defense_Other_variations
ousvQ,6k1/7p/6p1/3pQp2/5n2/1P3P2/1Bq2KPP/8 w - - 3 28,f2e3 f4g2 e3d4 c2b2,1779,78,92,1442,crushing endgame interference short,https://lichess.org/XxNyzQK7#55,
ovDol,3r4/7R/6p1/p3N1k1/1b2Pr1p/8/3pB1K1/3R4 b - - 0 51,f4e4 e5f7 g5f4 h7h4 f4e3 h4e4,1868,75,94,13561,advantage deflection fork interference long middlegame,https://lichess.org/hcaBrvHV/black#102,
ovMmp,5rk1/p6r/2n2q2/1p1Q4/2pP4/P1P2N1P/1P3PP1/4R1K1 b - - 0 27,g8h8 e1e6 f6f7 d5c6,1633,76,93,495,advantage interference middlegame short,https://lichess.org/0Y6fHNzl/black#54,
ovbki,3r3r/p3q3/4p1k1/3p1pp1/8/8/PP1Q1P2/1K2R1R1 b - - 7 33,e7f6 e1e6 f6e6 d2g5 g6f7 g5g7 f7e8 g7h8,1798,83,89,41,crushing deflection endgame interference pin sacrifice veryLong,https://lichess.org/RAtXOpBm/black#66,
owSrC,r6r/p5p1/1bR1pk1p/5p2/8/5N2/P5PP/4RK2 b - - 0 26,a8c8 e1e6 f6f7 f3e5 f7g8 c6c8,1650,152,74,30,crushing endgame interference long,https://lichess.org/qSg1E38H/black#52,
oxQV3,4rr2/1p3Pk1/3b4/1P3B2/5pPq/7P/5PK1/R3R3 w - - 1 30,f7e8q f4f3 g2f3 h4h3 f3e4 f8e8,1844,78,90,320,attraction crushing deflection interference long middlegame,https://lichess.org/DHQ3tGyH#59,
oxf1l,1k1r1r2/ppp5/8/n2p4/3P3P/1N1QP3/1qPK4/3R3R w - - 0 28,d1b1 f8f2 d2e1 b2b1,1634,75,99,817,crushing interference middlegame short,https://lichess.org/aiqJptP1#55,
oy8h9,r2qnrk1/pp1b2bp/2npp1p1/1N6/4PP2/2N4P/PP2B1P1/R1BQ1RK1 w - - 3 16,b5d6 g7d4 g1h1 e8d6,1871,76,93,2095,advantage interference intermezzo opening short,https://lichess.org/dHl0mi37#31,Sicilian_Defense Sicilian_Defense_Delayed_Alapin
oz6oJ,r3k1r1/ppp2p1p/1nnbbqpB/8/8/P1N1Q3/1PP2PPP/R3KBNR w KQq - 4 14,e1c1 g6g5 c3e4 f6h6 e4d6 c7d6,1802,76,85,73,advantage discoveredAttack interference long middlegame quietMove,https://lichess.org/FSW7Zg93#27,Center_Game Center_Game_Berger_Variation
p00Pn,2r2b1r/3k2pp/p3p3/1p1pP3/2qP2Q1/2P5/P2B2PP/1R2KR2 b - - 6 19,c4a2 f1f7 f8e7 f7e7 d7e7 g4g7 e7e8 g7h8,1835,75,85,113,attraction crushing interference master middlegame veryLong,https://lichess.org/Khf0Ff5D/black#38,Vienna_Game Vienna_Game_Vienna_Gambit
p0ZjO,2r5/R7/8/1k5p/6p1/PK2B1P1/r4P2/8 b - - 14 51,a2c2 a3a4 b5c6 b3c2,1757,77,85,57,crushing endgame interference short,https://lichess.org/2mYs1MtC/black#102,
p2xkM,r4rk1/1bpp1ppp/p2b1q2/1p3P2/5nQ1/1BP1R3/PP1N1PPP/R1B3K1 b - - 7 17,f4g2 d2e4 f6h4 g4g2,1888,75,94,3072,advantage interference intermezzo middlegame short,https://lichess.org/aVu41ORz/black#34,Ruy_Lopez Ruy_Lopez_Other_variations
p56fg,2kr3r/1pp2pp1/p4qp1/3pn3/6n1/2NBP1PP/PPP2PQ1/R4RK1 w - - 1 16,c3d5 e5f3 g1h1 d8d5,1635,78,94,3768,crushing interference intermezzo middlegame pin short,https://lichess.org/ZyGcu23M#31,Rapport-Jobava_System Rapport-Jobava_System_Other_variations
p5zEI,8/3k2K1/1r4p1/6P1/p4P2/P1B5/1P6/8 b - - 30 76,b6e6 c3f6 e6c6 g7g6,1895,80,77,50,crushing endgame interference quietMove short,https://lichess.org/sacei0RJ/black#152,
p7Sh9,r1b2rk1/ppp3pp/3p1q2/8/2Pn4/5NP1/PP2PPBP/R1BQK2R w KQ - 2 12,f3d4 f6f2 e1d2 f2d4 d2e1 d4f2,1628,77,93,1184,advantage attackingF2F7 fork interference long middlegame,https://lichess.org/efB562iK#23,English_Opening English_Opening_Kings_English_Variation
p7Yo6,r1q4r/1R2nk2/p2pbpp1/8/1Q2P3/1PN2P2/1PP3P1/2KR4 b - - 8 27,c8c5 b7e7 f7e7 b4b7 e7f8 b7a8,1810,75,57,76,attraction crushing interference long middlegame sacrifice,https://lichess.org/pq3a4DNU/black#54,
p9KpJ,2r3k1/p5pp/q2ppn2/2p4P/1pPnB3/3P4/PP4Q1/R2R2K1 b - - 2 26,f6h5 e4b7 a6b6 b7c8,1683,77,94,11754,advantage fork interference master middlegame short,https://lichess.org/2xLGdcno/black#52,
p9yFQ,r4rk1/3b2bp/p2p4/1p1N1p2/1P1q4/P2BBP2/Q5PP/2R4K b - - 2 25,d4b2 d5f6 g8h8 a2b2,1859,74,95,9879,crushing discoveredCheck doubleCheck interference middlegame short,https://lichess.org/roCWB3Tg/black#50,
pAgtM,5rk1/ppp2pp1/4b2p/8/7q/2PrP1N1/P3Q1PP/2R2RK1 b - - 3 19,e6c4 f1f4 h4g5 f4c4,1898,75,88,1158,advantage interference master middlegame short,https://lichess.org/Aew12DHs/black#38,
pBIui,r2q1rk1/1b1nbppp/2p1p3/p2BN3/Pp1P1B2/5N2/1P3PPP/2RQR1K1 b - - 0 16,c6d5 e5d7 d8d7 c1c7 d7d8 c7b7,1619,76,92,2581,advantage interference long opening,https://lichess.org/5AZ5Z52k/black#32,Slav_Defense Slav_Defense_Geller_Gambit
pDkck,4rn2/1Q2b1kp/p5q1/4P1p1/1p6/1P2B3/1PP3PP/2K2R2 b - - 6 28,f8e6 f1f6 g6h5 f6e6,1678,76,93,4206,advantage interference master middlegame pin short,https://lichess.org/HmzsfVqV/black#56,
pDtFC,1r5k/3b1Rpp/1q1P4/2rQ2P1/3N4/P7/2P3PP/2KR4 w - - 1 26,d5f3 b6b2 c1d2 b2d4,1735,75,96,4731,crushing interference master middlegame queensideAttack short,https://lichess.org/oBcWSexE#51,
pEQUZ,8/1PQ2p1k/8/6Pp/3q1K2/6P1/8/8 w - - 1 49,f4f5 d4g4 f5e5 g4g3 e5d4 g3c7,1622,80,82,74,crushing endgame interference long master queenEndgame skewer,https://lichess.org/8YmqdfJ0#97,
pFsDD,1r3rk1/p4pp1/b1pb2qp/3p4/N7/P2P2P1/1PQ1RPBP/3R2K1 w - - 1 22,c2c6 a6b5 c6d5 b5a4,1693,77,85,83,crushing interference middlegame short,https://lichess.org/m8xIoYEE#43,
pHNu9,8/k1p5/1p1npr1p/6p1/3PR3/2P4P/P3Q1P1/1q2B1K1 w - - 1 35,e4e6 f6e6 e2e6 d6e4 e6e5 b1e1,1690,74,88,1432,advantage endgame interference long pin,https://lichess.org/NylqlFZz#69,
pIfQy,rnb1kb1r/pp3ppp/3p1n2/q2Pp3/8/2NB4/PPP1NPPP/R1BQK2R b KQkq - 2 7,f6d5 d3b5 b8c6 d1d5,1614,75,82,318,advantage discoveredAttack interference opening short,https://lichess.org/vE5dJfU0/black#14,Englund_Gambit_Complex_Declined Englund_Gambit_Complex_Declined_Other_variations
pKn1i,4r1k1/p7/1p5p/2pR2P1/8/P1P5/1P2r1RK/8 b - - 2 36,h6g5 d5g5 g8f7 g5f5 f7e6 g2e2 e6f5 e2e8,1689,78,94,3982,crushing endgame exposedKing interference rookEndgame skewer veryLong,https://lichess.org/Fbu1PLUU/black#72,
pLpUL,2krb3/pp2qp2/2n1pb2/1N1p2np/3P1Q2/P4N1P/BPP2P1B/1K4R1 b - - 4 24,g5f3 b5a7 c6a7 f4b8 c8d7 b8b7,1849,78,81,91,deflection fork interference long mate mateIn3 middlegame sacrifice,https://lichess.org/K7I3TgPM/black#48,
pLx1w,3r4/p1k2q2/1pp4p/2p1Q3/4P3/P1PR4/2P4P/7K b - - 0 30,c7c8 d3d8 c8d8 e5b8 d8e7 b8a7,1842,77,96,4014,attraction crushing endgame exposedKing interference long,https://lichess.org/RYXnPHK4/black#60,
pM82s,5rk1/p1b3pp/1ppq2p1/6N1/PP1PR1P1/2P4P/5P2/4Q1K1 w - - 1 26,g5e6 d6h2 g1f1 h2h1 f1e2 h1e4,1789,86,86,41,crushing endgame interference kingsideAttack long,https://lichess.org/8Gn7M9SP#51,
pNZfQ,3q1rk1/5ppp/r3p3/pp1pB3/3Pn3/P1PQ3P/1P3PP1/R3R1K1 b - - 1 20,a6b6 e1e4 d5e4 d3g3 f7f6 e5c7 d8d5 c7b6,1800,78,91,1170,crushing fork interference middlegame sacrifice veryLong,https://lichess.org/i2Nf3CxK/black#40,
pNqTj,r3k2r/1p2b1p1/p1p1pn1p/3n4/P2P4/2PB2qP/1P2Q1P1/R1B2RK1 b kq - 1 18,d5c7 c1f4 g3h4 f4c7,1641,75,97,9319,crushing interference middlegame short,https://lichess.org/OZaycOII/black#36,Scandinavian_Defense Scandinavian_Defense_Mieses-Kotroc_Variation
pNxaO,r1q1k1nr/3b1ppp/1Q2p3/1N1pP3/1b3P2/2PB4/PP4PP/R3K2R b KQkq - 0 15,b4c5 b5c7 e8e7 b6c5,1816,76,92,3151,advantage fork interference middlegame short,https://lichess.org/BpoMaR61/black#30,Caro-Kann_Defense Caro-Kann_Defense_Advance_Variation
pPUQm,r4k1r/1p1bqppp/p2N4/2pPp2Q/P6b/8/1PP2PPP/R1B2RK1 w - - 3 14,d6f7 g7g6 h5h6 f8f7,1777,74,95,8002,advantage interference middlegame short,https://lichess.org/DHv8jeC8#27,Benoni_Defense Benoni_Defense_French_Benoni
pR0oU,7r/5pp1/r2kp1p1/8/2PP1PP1/pR1K3P/P1R5/8 w - - 7 37,d3e4 f7f5 e4f3 h8h3 f3e2 h3b3,1680,76,93,2064,crushing endgame interference long rookEndgame,https://lichess.org/kwSDxJEa#73,
pRWM6,2r2r2/ppN2kb1/3p4/3Pp3/1P2npQq/8/P4PPN/2R2RK1 b - - 1 27,f8h8 g4e6 f7f8 e6c8,1741,231,0,9,advantage interference middlegame short,https://lichess.org/kS29nfBl/black#54,
pStsl,6k1/5p1p/6pP/5b2/8/p1r1p2N/P3K1P1/R6R w - - 2 35,a1c1 f5g4 e2e1 c3c1,1661,82,80,59,endgame interference mate mateIn2 pillsburysMate short,https://lichess.org/CuQ2dgBG#69,
pTJWf,r1bqr3/1p1nbkpQ/p3p3/3p2P1/2pP1P2/2P5/PPBN1P1P/R3K2R b KQ - 0 16,e8h8 c2g6 f7f8 h7h8,1694,72,96,16908,interference mate mateIn2 middlegame short,https://lichess.org/5ZkgnQbS/black#32,Indian_Defense Indian_Defense_Other_variations
pViT8,2kr1bnr/p4pp1/1p5p/2P1P3/N7/Pb2BN2/5PPP/R2R2K1 w - - 1 18,c5b6 d8d1 a1d1 b3d1 b6a7 c8b7 a4b6 b7a7,1824,104,33,26,advantage interference middlegame veryLong,https://lichess.org/Nyr7RLQy#35,Queens_Gambit_Declined Queens_Gambit_Declined_Albin_Countergambit
pVqxZ,r2qkb1r/3bnpp1/p1n1p2p/1B1pP3/3P4/NQP2N2/5PPP/R1B2RK1 b kq - 0 12,a6b5 a3b5 e7c8 a1a8,1657,76,83,166,advantage discoveredAttack interference opening short,https://lichess.org/ni5tTqVt/black#24,French_Defense French_Defense_Wing_Gambit
pXOTB,6rr/1p2k3/p3Pp1q/3p1P2/7b/2P4Q/PP4PB/R4RK1 w - - 1 32,h2f4 h4f2 g1f2 h6f4,1710,75,95,596,advantage attraction interference kingsideAttack middlegame short,https://lichess.org/0gfrzYVI#63,
pYKCP,2r3k1/1p1RRp2/b4Bp1/p6p/P7/1r3P2/6PP/6K1 b - - 1 29,a6c4 d7c7 c8f8 c7c4,1809,74,88,336,advantage endgame interference short,https://lichess.org/YaptXFaX/black#58,
pZUJ7,4rr1k/ppq3b1/2p2n1p/2P1p3/8/1QN3nP/PP3RB1/2BR2K1 b - - 2 23,e5e4 c1f4 c7c8 f4g3,1659,73,95,12931,crushing interference master middlegame short,https://lichess.org/6adEBApC/black#46,
pZazw,5bk1/5rp1/3B2qp/p1pQ2P1/2P1N3/3P1P2/5K2/8 b - - 4 57,g6f5 e4f6 g7f6 d5f5,1849,79,93,3692,crushing endgame interference master short,https://lichess.org/wfK7VXCv/black#114,
pZnYz,3Q4/2r5/1k6/1pq5/8/8/2p3PP/2R4K b - - 3 42,c5e3 d8b8 b6c6 c1c2,1676,78,93,882,crushing endgame interference master short,https://lichess.org/MVOwOstt/black#84,
pbBax,8/8/1p3r2/5k2/1R6/4K3/5P2/8 b - - 15 48,f5e5 b4b5 e5e6 b5b6,1613,76,78,77,crushing endgame interference master rookEndgame short,https://lichess.org/fRIPq2qB/black#96,
pcJId,r1bqk2r/pp3pbp/2n3p1/3p2N1/2B2P2/8/PP4PP/R1BQ1RK1 w kq - 0 12,c4d5 g7d4 g1h1 d8d5,1767,75,84,856,crushing interference intermezzo opening short,https://lichess.org/2uXKkil4#23,Sicilian_Defense Sicilian_Defense_Smith-Morra_Gambit_Accepted
pcWDy,rn1qkb1r/pp3ppp/2p1p3/3nN2b/P1pP2P1/2N2P2/1P2P2P/R1BQKB1R w KQkq - 1 9,g4h5 d8h4 e1d2 h4d4,1732,75,97,964,advantage interference middlegame short,https://lichess.org/UdHdDd7R#17,Slav_Defense Slav_Defense_Steiner_Variation
pdvnv,2r3k1/5ppp/p7/1pqb2P1/3b1B1P/P2B1PQ1/1PP5/1K5R w - - 3 25,h1e1 d4f2 g3g4 f2e1,1627,75,80,96,crushing fork interference middlegame short,https://lichess.org/idCZES7f#49,
peMIR,r5k1/4bpp1/2p1p1p1/3q4/p2PpBP1/1rP4P/1PQ2P2/RR4K1 b - - 7 29,a4a3 c3c4 d5d4 c2b3,1861,74,96,3050,advantage interference middlegame short,https://lichess.org/VxyXZQmS/black#58,
pezoJ,4r1k1/p4pp1/b7/7q/8/1P2B1P1/5KQ1/3R1R2 w - - 10 38,f1h1 h5e2 f2g1 e2d1,1711,75,83,209,advantage interference middlegame short,https://lichess.org/m2aAiTLE#75,
pfZAE,rn5r/pp4k1/5pp1/1Q1p4/3PpBp1/5qP1/PP1KR3/R7 b - - 3 29,b8c6 b5b7 g7g8 b7a8,1624,75,89,828,crushing fork interference middlegame short,https://lichess.org/qAncOJiJ/black#58,
pfbeD,r3r1k1/pb1n1pp1/1p1pqn1p/2p5/2P4B/1P1BPN1P/P4PP1/R2Q1RK1 w - - 1 15,d1c2 b7f3 d3f5 f3e4 f5e6 e4c2 e6d7 f6d7,1722,79,91,1284,crushing interference middlegame veryLong,https://lichess.org/SOn91rLJ#29,Benoni_Defense Benoni_Defense_Modern_Variation
phZWO,r2qkbr1/3b1p2/2pp1pn1/1p5p/1P1PP3/2NQ1NP1/2PKBP2/R6R w q - 0 21,d4d5 f8h6 d2e1 a8a1,1656,75,87,100,crushing interference middlegame short,https://lichess.org/UzyKMxjw#41,
phkB5,6rk/1b4qp/3R1p2/4p2r/2p3P1/P3QP1P/1PP4K/3R4 b - - 1 35,h5g5 d6d7 g7g6 d7b7,1657,76,88,332,advantage interference master middlegame short,https://lichess.org/3Xfhx3f4/black#70,
pi5MJ,1r1b1rk1/1p3ppp/3p4/3Bp1P1/3pP2P/pP1P4/PqPKQP2/6RR w - - 7 22,g1b1 d8a5 b3b4 a5b4 d2d1 b2b1,1737,74,92,2945,interference long mate mateIn3 middlegame,https://lichess.org/dEkOqG0N#43,
piHnN,r4rk1/1B1p1ppp/p3pnq1/1p6/3n1P2/4B3/P1PQ2PP/R4RK1 b - - 0 18,d4c2 f4f5 e6f5 d2c2,1858,77,81,72,advantage interference intermezzo middlegame short,https://lichess.org/BfNahdqD/black#36,Sicilian_Defense Sicilian_Defense_Open
picEy,rn2kbnr/pp3ppp/4p3/q1PpPb2/8/2N1B2P/PPP2PP1/R2QKBNR b KQkq - 2 7,f8c5 f1b5 b8c6 e3c5,1682,76,87,64,crushing interference intermezzo opening pin short,https://lichess.org/4yvjLA8i/black#14,Caro-Kann_Defense Caro-Kann_Defense_Advance_Variation
pir0f,2r1r1k1/1pq2ppp/p2pbn2/n3p3/1RP1P3/3BB2P/P1PQ1PP1/2N1R1K1 b - - 3 17,e6c4 e3b6 c7d7 b6a5,1650,72,95,23843,advantage interference middlegame short,https://lichess.org/8KLzYw4g/black#34,Sicilian_Defense Sicilian_Defense_Four_Knights_Variation
pkLt2,rn1qk2r/p3bppp/1p3n2/1b6/3P4/2N2Q2/PP3PPP/R1B1K1NR w KQkq - 0 14,f3a8 b5c6 a8a7 c6g2,1683,75,79,1029,advantage interference opening short,https://lichess.org/H8EeHlPx#27,Queens_Gambit_Declined Queens_Gambit_Declined_Normal_Defense
plNoC,4q1k1/2p3pp/1p1p4/p1nPp3/P1P1P1B1/2P4P/5QPK/8 b - - 3 32,c5a4 g4e6 g8h8 e6d7 e8e7 d7a4,1843,75,96,14917,advantage endgame interference long,https://lichess.org/lJWMvpqy/black#64,
pltJj,r1bq4/p1p2pkp/1p1rnpp1/1B1P4/7Q/5N1P/PP3PP1/2RR2K1 b - - 0 21,d6d5 d1d5 d8d5 b5c6 d5a2 c6a8,1728,80,85,63,advantage fork interference long middlegame,https://lichess.org/zNJKi26x/black#42,
pnvbM,4r1k1/pp1qb1p1/6P1/2pp2PQ/7P/3P4/PPP3K1/R1B2r2 b - - 2 21,e7d6 h5h7 g8f8 h7h8 f8e7 h8g7 e7d8 g7d7 d8d7 g2f1,1623,75,90,489,advantage deflection interference kingsideAttack middlegame veryLong,https://lichess.org/lMY2dMXh/black#42,
pogD3,5rk1/r4ppp/p7/2p1R3/1pbq4/5B1P/5PP1/3RQ1K1 b - - 1 24,d4f4 e5e4 f4b8 e4c4,1831,77,90,1633,advantage interference master middlegame short,https://lichess.org/q2DNxvs4/black#48,
ppLFN,3k2nr/2p2qpp/2pp1p2/4r3/6Q1/2PB4/P2b2PP/1R3R1K b - - 3 25,f7d7 b1b8 d8e7 g4g7,1777,89,84,43,crushing interference middlegame short,https://lichess.org/A7rNW9mU/black#50,
pqrR8,1r1q1rk1/Q1pbppb1/1pB2np1/6Bp/3P3P/2P1PN2/P4PP1/R3K2R w KQ - 1 15,a7a4 b6b5 a4b4 d7c6,1866,75,93,1558,advantage interference master middlegame short,https://lichess.org/VyrUukyx#29,English_Opening English_Opening_Anglo-Indian_Defense
psI3A,2rqkb1r/5pp1/p2p1n2/3Pp2p/2p2P2/1N2B3/PPPQ2PP/1K1R3R w k - 0 16,b3a5 c4c3 d2d3 d8a5,1635,77,94,14684,advantage interference master middlegame short,https://lichess.org/F3jfQAbi#31,Sicilian_Defense Sicilian_Defense_Najdorf_Variation
pu5iZ,r2qkb1r/3bnppp/p1n1p3/1P1pP3/3P4/NpP2N2/4BPPP/R1BQK2R b KQkq - 0 11,a6b5 a3b5 e7c8 a1a8,1812,76,93,1692,crushing discoveredAttack interference master middlegame short,https://lichess.org/i7u6l6Ok/black#22,French_Defense French_Defense_Advance_Variation
puBhS,8/1P4pk/7p/8/3pq3/6P1/1Q4KP/8 w - - 3 56,g2f1 e4h1 f1f2 h1h2 f2f3 h2b2,1737,76,87,389,crushing endgame exposedKing interference long queenEndgame skewer,https://lichess.org/txYJhV9a#111,
pvmdS,2b2r1k/p4q1p/1p4p1/3n4/2BP4/6QP/PPP2PP1/4R1K1 b - - 1 25,f7f5 e1e5 f5c2 c4d5 c2d1 g1h2,1732,75,91,1863,advantage interference long middlegame,https://lichess.org/rNZL3hEP/black#50,
pwXPU,2r5/pp2pk2/1q1p2pQ/5R2/4P3/5P2/PPr5/1K4R1 b - - 0 25,f7e8 f5f8 e8d7 h6h3 e7e6 h3h7 d7c6 f8c8,1829,76,85,59,crushing deflection endgame interference master veryLong,https://lichess.org/vsb6qFiK/black#50,
px25Y,r5k1/p4p1p/1p1p1Np1/2p1r3/8/3Q3R/PPP2Pq1/1K6 b - - 1 23,g8g7 h3h7 g7f6 d3d6 f6f5 h7f7 f5g4 d6g6,1864,75,86,198,advantage deflection endgame interference veryLong,https://lichess.org/RuMH6Ty3/black#46,
pxADg,4rk1r/pp2qp2/2p1P2p/3p2p1/2n4P/P1N2RQ1/1PP2PP1/2K1R3 w - - 0 22,b2b3 e7a3 c1d1 a3a1 d1e2 e8e6,1693,76,86,100,advantage interference long middlegame queensideAttack,https://lichess.org/7flxBsyK#43,
py2nm,1R1R4/5rk1/3pp2p/2p5/6pP/4P1P1/3r1P2/6K1 b - - 7 33,d2f2 d8g8 g7h7 g8h8 h7g6 b8g8 g6f5 g1f2,1759,74,96,9227,advantage endgame interference rookEndgame veryLong,https://lichess.org/tQ6kJVbO/black#66,
pyT3f,r1b1k1nr/ppp2ppp/3p4/8/4P2q/2N2P2/PPPP2KP/R1BQ3R w kq - 0 10,d1e1 c8h3 g2g1 h4e1,1606,75,97,18574,interference mate mateIn2 middlegame short,https://lichess.org/09fNeX0j#19,Three_Knights_Opening Three_Knights_Opening_Other_variations
pzSyN,2kB2r1/1p3p1p/q3b3/2p3P1/2P4P/n3P1N1/1b2QPB1/2KR3R w - - 0 26,e2b2 a6c4 c1d2 g8d8 d2e1 a3c2 b2c2 c4c2,1633,76,95,2282,advantage exposedKing interference middlegame queensideAttack veryLong,https://lichess.org/vknfsTXv#51,
q1naZ,3r2k1/pp3ppp/8/n2b4/4p2N/2P3q1/P2QB3/2R2R1K w - - 0 23,d2f4 e4e3 e2f3 g3f4,1849,74,100,815,crushing discoveredAttack interference middlegame short,https://lichess.org/ysLD7FeI#45,
q3VTj,r4q1k/2pR4/p1P2rpp/pP2Q3/4P3/b7/P1K2PPP/5B1R w - - 3 31,d7c7 a3d6 e5c3 d6c7,1799,77,62,42,crushing fork interference middlegame short,https://lichess.org/a7J8rN4q#61,
q3cJc,3r2k1/5Qp1/pq5p/1pb5/3nr3/PP4B1/1P4PP/3R1R1K b - - 0 25,g8h8 g3c7 b6b7 c7d8 b7f7 f1f7,1674,75,95,17982,advantage fork interference long middlegame,https://lichess.org/IKdf0Yb9/black#50,
q46jU,7r/pk6/1p1Q4/4p3/4N3/6Pq/P4P1P/5RK1 w - - 5 37,d6e7 b7a8 f1e1 h3h2 g1f1 h2h1 f1e2 h1e4,1754,77,94,5905,crushing defensiveMove endgame interference veryLong,https://lichess.org/Gr7Q8wTK#73,
q4BUl,r5r1/ppknq3/1np4Q/3RP3/8/1PN2N1P/P4P2/2K3R1 b - - 0 27,c6d5 c3b5 c7b8 g1g8,1864,75,77,126,crushing interference middlegame short,https://lichess.org/wCiIXGdX/black#54,
q53Yu,r1bq2nr/ppp1k1pp/2np4/6Q1/4PP2/8/PPPP2PP/RNB1K2R b KQ - 1 10,g8f6 g5g7 e7e8 g7h8 e8f7 h8d8,1642,76,89,2500,crushing interference long opening,https://lichess.org/Uu1JUKJk/black#20,Italian_Game Italian_Game_Jerome_Gambit
q6uyY,2n2rk1/3b1p1p/3p1Pp1/3q4/3N4/7P/3Q2PK/5R2 b - - 1 28,g6g5 f1f5 d7f5 d2g5 f5g6 g5d5,1852,75,100,170,crushing interference long middlegame sacrifice,https://lichess.org/bY1wTqBj/black#56,
q73Eo,r4rk1/pp1n2p1/2p2q2/3p3Q/7P/2P1PN2/P4P2/2KR2R1 b - - 0 21,f6f3 g1g7 g8g7 d1g1 g7f6 h5f3,1757,76,92,4666,attraction crushing interference long middlegame sacrifice,https://lichess.org/iEv6WTzP/black#42,
q7d8x,r3r3/2pn3k/3p3p/p1b1p2Q/Pp2Pq2/2PP2NP/1P2RPP1/R5K1 b - - 1 23,d7f6 h5f7 h7h8 g3f5 e8g8 f7f6,1756,75,87,274,advantage interference long middlegame,https://lichess.org/T5oNOQOb/black#46,
q7hcK,3rr3/B1pk2p1/p2b1nbp/8/Q1P5/3P1P2/6Pp/3BqR1K b - - 6 30,d7c8 a4a6 c8d7 d1a4 d7e7 f1e1,1639,78,89,62,advantage interference long middlegame queensideAttack,https://lichess.org/WwpowTnm/black#60,
q8kDX,5rk1/6q1/1p1Q3p/p1p1pP2/2Pp4/P5nP/1P3P2/1R2R1K1 w - - 0 35,d6e5 g3e2 g1f1 g7e5,1676,75,96,8451,crushing discoveredCheck doubleCheck endgame interference intermezzo short,https://lichess.org/lrPI3u46#69,
q9gng,4k3/ppN1q2p/5ppP/2P5/6P1/1Q2P3/PP3n2/2K5 b - - 0 32,e7c7 b3g8 e8d7 g8h7 d7c6 h7c7,1836,74,87,181,crushing endgame exposedKing interference long,https://lichess.org/6xrdhIgt/black#64,
q9oyA,8/kbQ5/pp2p1B1/1q1p3K/7P/2R3P1/P5P1/5r2 w - - 15 43,c7g7 d5d4 h5h6 d4c3 g6e4 f1f6,1769,74,80,89,crushing discoveredAttack discoveredCheck endgame interference long,https://lichess.org/ySWzCyvJ#85,
q9zcL,1rbr2k1/1pq2ppp/p4b2/2p5/Pn3P2/2NPQ1PP/1P2N1B1/2R2RK1 b - - 1 18,b4d3 c3d5 c7d6 e3d3,1854,75,88,377,advantage interference intermezzo middlegame short,https://lichess.org/UGC6OYnQ/black#36,Sicilian_Defense Sicilian_Defense_Staunton-Cochrane_Variation
qAZ1y,r3r3/6kp/3q1pp1/pp6/4pP2/1PR5/1PP2QPP/1K2R3 w - - 0 26,c3c5 e4e3 e1e3 d6c5 e3e8 c5f2,1600,75,31,214,crushing endgame interference long,https://lichess.org/IOPRAl6s#51,
qCyhy,8/RK5R/6pP/3q2k1/8/8/P7/8 w - - 15 69,b7b8 d5g8 b8c7 g8h7,1808,79,93,3557,crushing endgame interference queenRookEndgame short,https://lichess.org/1tcJ6ZK5#137,
qEHjB,8/3b1k2/p2q2n1/1pp3QP/2PpP3/PP1P4/6B1/7K b - - 0 38,g6f4 e4e5 d6e6 g5f4,1745,74,90,2106,crushing endgame interference short,https://lichess.org/IGc7XlOT/black#76,
qEhUl,5rk1/p1p2ppp/6q1/4Q3/3Pb2N/7P/Pr3PP1/R4RK1 b - - 2 19,g6c6 d4d5 b2b5 e5e4,1831,73,95,17128,advantage interference middlegame short,https://lichess.org/SPiV4uEW/black#38,Queens_Gambit_Declined Queens_Gambit_Declined_Marshall_Defense
qEj5d,r1b3R1/pk2q3/1p1p4/3Q1pP1/8/8/PPP5/2K5 b - - 3 31,b7b8 g8c8 b8c8 d5a8 c8d7 a8a7 d7e6 a7e7,1803,77,91,1321,attraction crushing deflection endgame interference veryLong,https://lichess.org/qSMD5BW9/black#62,
qFQPO,rnbr2k1/p3ppbp/6p1/qp1P4/2pP1B2/1BR1PN2/PP3PPP/3Q1RK1 b - - 0 13,c4b3 f4c7 a5a6 c7d8,1630,78,83,67,advantage fork interference middlegame short,https://lichess.org/s6uwOFX2/black#26,Grunfeld_Defense Grunfeld_Defense_Three_Knights_Variation
qGHnT,5r1k/pp4p1/3p2Q1/2p1p2n/2P1Pp2/3P1q2/PP4RP/4B1RK w - - 4 31,g6g4 h5g3 h2g3 f3g4,1782,76,80,1097,advantage interference kingsideAttack middlegame short,https://lichess.org/qD4pDIBp#61,
qGqqQ,r4rk1/ppp1p1b1/8/3pPqPQ/8/2P5/PP1K4/5R1R b - - 2 22,f5f1 h5h7 g8f7 h1f1,1712,76,58,80,crushing endgame interference intermezzo pin short,https://lichess.org/NLgeEQoi/black#44,
qI1fE,r4r2/ppq2pk1/3Q3p/4pb1P/5p2/2P5/PP4P1/2KR2NR b - - 0 21,c7a5 d1d5 a5a2 d6e5 g7g8 e5f5,1615,75,93,2638,crushing fork interference long middlegame,https://lichess.org/J9ShY4Fs/black#42,
qIMhz,5nk1/pp3ppp/2p2p2/8/2BP3q/1P2Q3/PBP2P1b/4N2K w - - 4 20,e3e8 h2g3 h1g2 h4h2 g2f3 h2f2 f3e4 f2e1,1797,77,84,84,crushing discoveredAttack discoveredCheck exposedKing interference kingsideAttack middlegame veryLong,https://lichess.org/4g9U8R1q#39,
qIRTX,1k5r/1b1p1pN1/pq2p2p/P2nP3/1p1PB3/1Q3N1P/RP3PPK/5r2 b - - 0 29,b6b5 e4d3 b5c6 d3f1,1719,77,79,66,advantage fork interference middlegame short,https://lichess.org/VrTyYy92/black#58,
qJJzL,2r4r/5pkp/p2Qp1p1/1p2P3/5R2/2P3P1/PP2q1P1/1K5R b - - 0 25,b5b4 f4f7 g7f7 d6d7 f7f8 d7c8,1738,76,86,139,attraction crushing endgame interference long sacrifice,https://lichess.org/WoB3Dxkp/black#50,
qK7su,2r5/k3b3/p2p1pb1/1p1Qn2p/1P2PR1R/2r4P/P1B3P1/7K w - - 0 42,c2d1 c3d3 d5e6 d3d1,1832,75,31,227,advantage interference middlegame short,https://lichess.org/yORDqAqp#83,
qKr6Y,4rnk1/5qpp/1pN5/pP6/3b2Q1/1P4P1/4rP1P/1R3RK1 w - - 0 25,c6d4 e2e4 g4f3 e4d4,1826,74,92,1842,crushing interference middlegame short,https://lichess.org/MpCcefkA#49,
qLKIV,r4r1k/ppp5/5p1b/P3p2q/1P2P1bp/2P2P2/2Qn2PB/R2BNRK1 b - - 0 27,g4e6 f3f4 h5g6 c2d2,1865,81,88,55,advantage interference master middlegame short,https://lichess.org/lX9fefQe/black#54,
qQdi5,5rk1/1b2qppp/p2R4/1p2p3/2r5/5N2/PP1Q1PPP/4R1K1 b - - 3 21,c4c5 d6d7 e7e6 d7b7,1691,77,87,308,advantage interference middlegame short,https://lichess.org/e3EywG87/black#42,
qQyT8,r6k/ppp3r1/3p3p/2b2Qp1/1nP5/4PNB1/Pq3PPP/R3KB1R w KQ - 6 20,a1b1 b4c2 e1e2 b2b1,1715,75,84,268,crushing interference middlegame short,https://lichess.org/Uk8lyIGC#39,
qRCHT,3rk1r1/pq3p1p/4pb2/1pp2N1Q/5N2/3P1b2/PPP3PP/R3R1K1 b - - 0 22,f3g2 e1e6 e8d7 h5f7,1705,145,45,17,crushing deflection interference master middlegame pin short,https://lichess.org/NtavDX82/black#44,
qRO9e,r4r2/pp1qbk2/4bp2/2P1p2p/3nNP1n/p2P3N/3B2B1/2RQK1R1 b - - 0 22,e6h3 d1h5 f7e6 g2h3,1684,74,89,1924,advantage fork interference intermezzo middlegame short,https://lichess.org/K38WyxbB/black#44,
qSVZI,8/6k1/8/5P2/2p5/1p3K2/1P3R2/2r5 w - - 5 51,f3e4 c1c2 f2f1 c2b2,1674,77,89,65,crushing endgame interference rookEndgame short,https://lichess.org/DjTNHndf#101,
qSbFs,2r5/1p6/4k3/p2pb3/4p1PP/4K3/P1P5/5R1R w - - 4 32,f1f2 c8c3 e3e2 c3c2 e2f1 c2c1 f1g2 c1h1,1818,77,91,3043,advantage endgame exposedKing interference veryLong,https://lichess.org/LRFX4WSJ#63,
qTbbN,6R1/p4r2/5p2/4pk2/R1p3p1/4P1P1/P1r1P3/4K3 b - - 1 38,c4c3 e3e4 f5e6 a4a6 e6d7 a6a7,1697,75,84,1047,crushing endgame interference long master rookEndgame,https://lichess.org/eIR7tyjU/black#76,
qV1h7,5rk1/ppqr2p1/2n1p2p/3np1B1/2B1Q3/2P5/PP3PPP/R4RK1 w - - 0 19,g5h4 f8f4 e4e2 f4h4,1712,75,87,944,advantage interference master middlegame short,https://lichess.org/pIAYmPPM#37,Queens_Pawn_Game Queens_Pawn_Game_Colle_System
qWJH9,6nn/4p1k1/3pR1Pp/p7/1p2Q3/1P5P/P5PK/2q5 b - - 1 38,c1g5 e4d4 g8f6 e6e7,1879,104,84,31,crushing deflection endgame interference short,https://lichess.org/fo6bd3YM/black#76,
qXA4A,3r2k1/3r1ppn/2p1p2p/2P5/1Bb1R3/P7/2Q2PPP/6K1 w - - 2 32,h2h3 c4d3 c2b3 d3e4,1751,75,94,433,advantage fork interference middlegame short,https://lichess.org/6NpzM1Ib#63,
qXU9p,rn1qk2r/pp1bbppp/4p3/8/4Q3/PB6/1PPP1PPP/R1B1K1NR w KQkq - 1 10,e4b7 d7c6 b3a4 c6a4 b7a8 a4c6 a8a7 c6g2,1753,74,95,20557,advantage interference opening sacrifice veryLong,https://lichess.org/zPLAhhZL#19,French_Defense French_Defense_Other_variations
qXYS7,r4rk1/ppp2pp1/3p4/P3p1q1/2B1P1pn/2NPP3/1PP1QR2/5RK1 w - - 0 20,c4f7 f8f7 f2f7 h4f3 g1g2 g8f7,1630,77,94,16875,advantage exposedKing interference long middlegame sacrifice,https://lichess.org/M0VezWPe#39,
qYU5M,5Q2/1p6/5p1k/8/6P1/7P/2p3PK/5q2 b - - 1 51,h6g5 f8g7 g5f4 g7f6 f4e3 f6f1,1841,75,96,2313,crushing deflection endgame interference long queenEndgame skewer,https://lichess.org/4M8dWG98/black#102,
qYdgq,2br4/3nRpk1/1n1p1qpp/2pP4/1pP2N1P/pP3NP1/P3QPB1/6K1 w - - 2 26,g2h3 d7e5 f3e5 f6e7,1839,78,91,4867,advantage interference middlegame short,https://lichess.org/SmeOe4yW#51,
qYmFq,r2q3r/np1bBkpQ/p3p2p/3pP3/6P1/P4N2/1PB2P1P/R4RK1 b - - 0 20,d8e7 c2g6 f7f8 h7h8,1624,75,95,12927,interference mate mateIn2 middlegame short,https://lichess.org/MJP4C0xs/black#40,
qZBiT,1r3r1k/p4ppb/2q1p2P/3p2B1/3P4/n1P2PQ1/P7/R4RK1 b - - 0 26,f8g8 h6g7 h8g7 g3e5 g7f8 e5b8,1735,116,89,24,advancedPawn advantage attraction interference kingsideAttack long middlegame,https://lichess.org/cDo5qbDO/black#52,
qb35f,6R1/6R1/7k/5r2/7K/5p1P/5P2/5r2 w - - 0 55,g7g1 f5h5 h4g3 f1g1,1632,152,76,22,crushing endgame interference master rookEndgame short,https://lichess.org/QWrCcvRt#109,
qbI1i,8/5p1p/2P2kp1/4p3/1P2Rn2/P4P2/5P1P/2r2BK1 w - - 1 34,e4c4 f4e2 g1g2 c1c4 f1e2 c4c6,1721,74,95,18563,advantage endgame interference long pin,https://lichess.org/pCXHyrAo#67,
qbV7u,2krr3/1p1q2pp/p4n2/3pQ3/1PB5/P7/2P2PPP/R2R2K1 w - - 1 21,e5f4 e8e4 f4f3 e4c4,1802,74,90,231,advantage interference middlegame short,https://lichess.org/Qn8vWyEs#41,
qbvga,3r2kr/ppp2pp1/2p2n1p/4Q3/4P2b/BP1B3P/P1PKR3/R2N2q1 w - - 2 20,d1f2 h4g5 d2c3 g1a1,1656,75,84,172,advantage interference middlegame short,https://lichess.org/yGL6FrOW#39,
qcJoa,r1bq1r2/1p3pk1/p1npp1pp/8/3PQ2N/2P5/PP3PPP/RB2R1K1 w - - 1 18,h4g6 f7f5 e4e3 g7g6,1863,77,92,2207,advantage interference middlegame short,https://lichess.org/jm3yzZbZ#35,Queens_Pawn_Game Queens_Pawn_Game_Other_variations
qdCCw,r1q3k1/pp5p/nn3b1p/2p5/5B2/2N1RQ1P/PP3PP1/6K1 b - - 0 22,c8c6 f3g4 g8h8 e3e6 c6d7 e6f6 d7g4 h3g4,1848,75,79,81,advantage interference kingsideAttack middlegame veryLong,https://lichess.org/yWUL5dOS/black#44,
qdQvx,4rr2/8/5k2/pp3pR1/3P3P/4n1R1/PP4P1/1K6 b - - 1 35,b5b4 g5g6 f6f7 g6g7 f7e6 g3e3,1784,76,87,1525,advantage endgame interference long,https://lichess.org/0vw8dYaG/black#70,
qeimZ,2r5/2q4p/4k3/1p5R/p7/2B5/PP1n1P1P/K6R b - - 7 36,b5b4 h1e1 e6f7 h5h7 f7g6 h7c7,1741,84,100,48,advantage endgame exposedKing interference long skewer,https://lichess.org/lk1BMdqu/black#72,
qgw6D,5k2/p1p2pRp/2q4r/4r3/8/1PN1PP2/P2P3P/3Q2RK w - - 1 27,g7g5 h6h2 h1h2 c6h6 h2g2 e5g5 g2f1 h6h3 f1e2 h3h2,1757,76,96,3148,advantage attraction interference middlegame sacrifice veryLong,https://lichess.org/lKWy1ixu#53,
qi2MT,r6r/2p5/bpk3pp/p3Rp2/2P2P2/Pn4PB/1P5P/1R5K b - - 0 29,a6c4 h3g2 c6d7 b1d1 d7c8 g2a8,1804,76,87,1076,advantage interference long middlegame,https://lichess.org/4qdjdkwf/black#58,
qiKfO,r3k2r/pR1bbp1p/6p1/3Qp3/8/2q1B3/P1P2PPP/5RK1 b kq - 0 17,d7c6 b7e7 e8e7 e3c5 e7f6 d5c6 f6g7 c5f8 h8f8 c6c3,1733,76,96,1721,advantage attraction discoveredAttack interference middlegame pin sacrifice veryLong,https://lichess.org/Zkw7pEsO/black#34,Sicilian_Defense Sicilian_Defense_Classical_Variation
qju0A,1rr3k1/3R1pp1/4p2p/1qp2n2/8/P1P2N1P/1PQ2PP1/3R2K1 w - - 5 31,g2g4 f5d4 f3d4 b5d7,1880,78,61,84,advantage interference middlegame short,https://lichess.org/WV1k37Af#61,
ql7rv,r3R1k1/p2r3p/1pn3p1/3p1pB1/3P3Q/2q2P2/P5PP/4R1K1 b - - 3 29,a8e8 e1e8 g8f7 h4h7 f7e8 h7g8,1631,74,97,1917,interference kingsideAttack long mate mateIn3 middlegame,https://lichess.org/5c8nX9sM/black#58,
qmDF2,8/b7/P7/5B2/2pp2p1/1Pk3P1/2P2K2/8 w - - 0 51,b3c4 d4d3 f2f1 d3c2 f5c2 c3c2,1812,78,93,2447,advancedPawn bishopEndgame crushing discoveredAttack discoveredCheck endgame interference long,https://lichess.org/LNsu8Eec#101,
qmdDv,4r3/1p3pk1/p1pp1qpp/3n4/1P2P2P/P2Q1NP1/5PK1/3R4 b - - 0 29,d5c3 e4e5 e8e5 d3c3,1609,74,94,17744,advantage endgame interference master short,https://lichess.org/zDqYNkQO/black#58,
qmgJv,8/1Q6/2p1k1p1/3qPpP1/p4P2/K5P1/1P6/8 w - - 2 41,a3a4 d5a2 a4b4 a2b2 b4c4 b2b7,1648,75,94,1288,crushing endgame interference long queenEndgame skewer,https://lichess.org/QM4W9oci#81,
qnn0A,2r1r2k/p6p/1p1q1bp1/3Ppb2/1PB5/P5BP/3Q1PP1/3RR1K1 w - - 4 27,c4a2 c8c2 d2e3 c2a2 e3b3 a2c2,1669,90,88,48,advantage interference long middlegame,https://lichess.org/TONlwstm#53,
qomPt,8/8/1p3kp1/2r5/5K2/2P3RP/8/8 w - - 2 56,f4g4 c5c4 g4f3 c4c3 f3e2 c3g3,1791,78,91,184,crushing deflection endgame interference long rookEndgame skewer,https://lichess.org/LeHGnBub#111,
qp8L5,r2qk2r/2nnbp2/4p1p1/pp1pP3/2pP1NQ1/2P2N2/PP3PP1/R1B2RK1 w kq - 0 16,f4g6 h8g8 f3g5 g8g6,1647,75,94,11531,advantage interference master middlegame short,https://lichess.org/o5I5gPHG#31,French_Defense French_Defense_Tarrasch_Variation
qpbBH,7k/ppqb2nB/4p2Q/2b1P1N1/3p1rp1/2P5/PP5P/6RK b - - 1 27,d7c6 h7e4 h8g8 h6h7 g8f8 h7h8 f8e7 h8g7,1831,75,93,497,crushing deflection discoveredAttack discoveredCheck exposedKing interference kingsideAttack middlegame veryLong,https://lichess.org/PWaMlqVi/black#54,
qr9Em,b1r3k1/2q1ppbp/2np2p1/8/Q1P1PPP1/3BBN1P/8/1R4K1 b - - 0 30,c6a5 e3b6 c7c6 a4a5,1881,74,82,167,crushing interference master middlegame short,https://lichess.org/tSY7wtAW/black#60,
qrL3d,2kr4/Qbp1bp2/P1p1pq1p/8/3P3p/2r5/3N3P/3KR2R b - - 1 22,f6d4 a6b7 c8d7 a7d4,1766,79,94,3657,advancedPawn crushing interference intermezzo middlegame queensideAttack short,https://lichess.org/xOwNo1ft/black#44,
qrvO0,3r1k2/pb2b2p/1p2Pr2/2p5/2Q5/2N3B1/PP4PP/6K1 w - - 1 27,g3h4 d8d4 c4e2 d4h4,1771,75,87,186,advantage interference middlegame short,https://lichess.org/wUrFJqNo#53,
qumYN,3r2k1/p4p1p/1p2pQp1/4B3/2Br4/1P2q2P/6PK/8 b - - 1 28,g8f8 f6h8 f8e7 e5f6 e7d6 h8d8,1890,85,91,136761,crushing deflection endgame fork interference long,https://lichess.org/s3uTRKqV/black#56,
qvJHF,r2q1rk1/pb3pnp/1pnppbpB/1N6/2P1PP2/2N5/PP1QB1PP/1R3RK1 w - - 1 19,b5d6 f6d4 g1h1 d8d6,1822,75,85,195,advantage interference intermezzo middlegame short,https://lichess.org/Atj9g6Mj#37,Sicilian_Defense Sicilian_Defense_Taimanov_Variation
qwKU7,rnb2rk1/p1p1bppp/1p2p3/3qN3/3P4/4P3/PP2BPPP/R1BQK2R b KQ - 1 9,d5g2 e2f3 g2h3 f3a8,1632,75,96,8876,advantage fork interference opening short trappedPiece,https://lichess.org/zty36UWk/black#18,Queens_Gambit_Declined Queens_Gambit_Declined_Normal_Defense
qwV53,r1n1k2r/pp1n3q/2p3p1/4p1Qp/2P1Pp1B/2N5/PPP3P1/2KR4 b kq - 1 26,h8f8 g5d8 e8f7 d1d7,1830,89,85,36,crushing deflection interference middlegame short,https://lichess.org/PI035gop/black#52,
qxLCX,q4rk1/p5pp/3bb3/6B1/4p3/8/PPP1Q1PP/R3R1K1 w - - 0 18,e2e4 d6c5 g5e3 a8e4,1734,76,88,902,advantage interference intermezzo middlegame short,https://lichess.org/HbSxUMg0#35,Sicilian_Defense Sicilian_Defense_Franco-Sicilian_Variation
qyArH,r3rk2/1pP2p1Q/7R/p1b1p3/2B3q1/2P3n1/P2K1Pn1/3R4 b - - 1 29,g4c4 h7h8 f8e7 h8e5,1705,74,88,510,crushing interference master middlegame short,https://lichess.org/fhd4Kh5h/black#58,
qzjC5,r2q2k1/pb1p1p2/3p3p/2p3p1/4r3/6B1/PPP2PPP/R2QR1K1 w - - 0 16,g3d6 e4d4 d1h5 d4d6,1891,76,94,10767,advantage interference middlegame short,https://lichess.org/m2TEoUJM#31,Four_Knights_Game Four_Knights_Game_Spanish_Variation
r2y71,3r3k/6Rp/p1p5/2Npr3/8/1P6/P4K2/2R5 w - - 0 30,c1g1 d8f8 f2g3 h8g7,1627,79,94,9670,crushing endgame interference master short,https://lichess.org/07gQTQX9#59,
r3KwW,r5k1/pp1n3p/2p4P/3p4/3PP3/3Q4/PP3r2/2K5 b - - 0 24,a8f8 d3g3 g8f7 g3f2,1641,75,98,4320,advantage endgame interference short,https://lichess.org/VUKqcWWr/black#48,
r4PGH,1k1r3r/ppp2pb1/2n4p/1q3b2/1P6/3pBN2/3Q1PPP/1RR2NK1 b - - 2 19,h8e8 c1c5 b5b6 c5f5,1787,75,85,230,advantage interference middlegame short,https://lichess.org/OOnXKyDG/black#38,Scotch_Game Scotch_Game_Scotch_Gambit
r4ysa,5r2/6p1/1P3r2/P2kp2p/2p1p2P/2PpK3/5PP1/R1R5 w - - 1 33,a1a2 f6f3 g2f3 f8f3 e3d2 f3f2,1632,75,89,183,crushing deflection endgame exposedKing interference long rookEndgame sacrifice,https://lichess.org/fVVJxQOZ#65,
r6rm6,8/6pp/5pk1/4r3/P7/2P2P1K/1PQ4P/6q1 b - - 2 47,g6h5 c2h7 h5g5 h7g7 g5f4 g7g1,1684,74,91,3831,crushing endgame interference long skewer,https://lichess.org/MqK86MeF/black#94,
r7aGe,1r3b1r/p1pk1p2/2p1bQ2/3p3p/3Pp1P1/1P2P2P/qNP5/1NKR3R b - - 4 22,f8h6 g4g5 h6f8 f6h8,1743,76,94,12885,advantage interference middlegame short,https://lichess.org/LjFQ4Yx1/black#44,
r7xO2,2rqr1k1/pp3pp1/2bp1b1p/8/4PP2/1BN4P/PP1Q2P1/3RR1K1 w - - 2 19,d2d6 d8b6 g1h2 c8d8 c3d5 d8d6,1838,77,92,2344,advantage clearance interference long middlegame,https://lichess.org/f9MEE35l#37,Center_Game Center_Game_Kieseritzky_Variation
r8qtG,r3r3/2p1kp1p/p4Q2/3PP2b/7P/2B5/1PP1q1P1/1K6 b - - 5 29,e7d7 f6c6 d7d8 c6a8 d8d7 a8c6,1665,76,84,145,crushing endgame interference long,https://lichess.org/WhSAVqrx/black#58,
r90UV,2k1r3/2p2pp1/1P5p/N7/8/4r1P1/2R2K1P/8 b - - 0 39,c8d7 c2c7 d7e6 f2e3,1842,85,87,33,crushing endgame interference short,https://lichess.org/WRSBxG5Y/black#78,
r9gYL,r4rk1/pp1n1pbp/1q4p1/3Ppn2/2P1N1b1/1P1Q2P1/PB2N1BP/R4R1K b - - 7 19,f5e3 c4c5 b6a6 d3e3,1681,76,74,282,advantage interference master middlegame short,https://lichess.org/tBDvIFiT/black#38,
r9nO8,4k2r/5p2/b2p2p1/q1nNp2p/4PP1b/1BN4P/1PPK2P1/3Q3R w k - 3 21,d1a1 c5e4 d2c1 a5a1,1607,75,82,137,crushing interference master middlegame pin short,https://lichess.org/7yUvFlP1#41,
rBoeb,r3k2r/2q2p2/p3pp1p/1p6/3Q4/5B2/PP4PP/K2R4 b kq - 0 22,e8e7 d4b4 e7e8 f3a8,1610,76,93,1360,advantage endgame interference short,https://lichess.org/6DYlYW0O/black#44,
rC1Sv,r4rk1/1pR2pbp/4p1p1/p3P1B1/1n6/1q3N2/1P2QPPP/2R3K1 b - - 4 27,b4d3 c1c3 b3b2 e2d3,1682,78,95,14349,advantage interference middlegame short,https://lichess.org/pOnlUVSK/black#54,
rFR0o,1r6/5p2/4pk2/p2pNn1p/b1p2P1P/P1P2K2/1P4RR/8 w - - 0 36,g2g5 a4d1 f3g2 b8b2,1790,74,89,458,crushing endgame interference master short,https://lichess.org/CazZrocg#71,
rHq9J,2Q1n1k1/1p3p1p/p5pB/8/3bq2P/1P4P1/5P2/5BK1 b - - 4 30,e4e1 h6e3 d4e3 c8e8,1897,84,92,948,advantage endgame interference master pin short superGM,https://lichess.org/xlhw0tE1/black#60,
rIahT,2k5/ppp3r1/5q1b/1PN1p2p/P1PrP2P/1R4P1/5P1K/4QR2 w - - 3 31,b3c3 h6d2 e1d1 d2c3,1615,74,88,2273,advantage fork interference middlegame short,https://lichess.org/bC5Wi9J5#61,
rJrs9,r2q4/p1p2Qpk/1p5p/n2p4/4bR2/2P1P3/PP4PP/3R2K1 b - - 7 24,a5c4 f4e4 c4d6 f7d5,1672,75,66,406,advantage capturingDefender interference middlegame short,https://lichess.org/T1A4PSqZ/black#48,
rMvwl,rn1q1rk1/p1pp2pp/1p2p1B1/6P1/2PP4/2P1Pb2/P1Q2PP1/R3K2R b KQ - 0 12,d8g5 g6h7 g8f7 g2f3,1625,76,95,17313,advantage interference middlegame short,https://lichess.org/BkqBLikF/black#24,English_Defense English_Defense_Other_variations
rOMeM,r5k1/5p2/1p1b1q2/3p4/pNrPp2P/P3P1P1/3KQ3/1R4R1 w - - 0 42,b4d5 c4d4 e3d4 f6d4 d2e1 d4g1,1888,74,93,1279,crushing fork interference long middlegame sacrifice,https://lichess.org/PygqrD6C#83,
rOsbp,1q4r1/1b1pkp2/p3pp2/1p6/3NP2Q/P4Pr1/1PP1R3/3R3K b - - 0 25,g8h8 d4f5 e6f5 e4f5 e7f8 h4h8,1631,77,94,4438,crushing discoveredAttack discoveredCheck interference long middlegame sacrifice,https://lichess.org/MMcJDjTx/black#50,
rPovA,4k3/p1pnqp1p/3pb1pn/7r/1PP1PP2/6P1/PB1P3P/RN1QKBNR w KQ - 1 17,g3g4 e7h4 e1e2 e6g4 e2d3 g4d1,1754,77,93,3707,advantage interference long middlegame skewer,https://lichess.org/AdY76PcK#33,Nimzo-Larsen_Attack Nimzo-Larsen_Attack_Other_variations
rPrmt,r1b1r1k1/pp3ppp/3b1nn1/q2p4/3N4/1PNB1P1P/PBPQ2P1/1K1R3R w - - 4 16,h3h4 d6f4 d2f2 f4e3 f2e1 e3d4,1684,74,84,583,advantage interference long middlegame,https://lichess.org/W04uGo9V#31,Nimzowitsch_Defense Nimzowitsch_Defense_Other_variations
rR6Hr,1nkr4/pppq1pp1/3bpnp1/1P5r/2NP4/PQ2PN2/1B3PPP/R3K2R b KQ - 2 14,h5b5 c4d6 c7d6 a1c1 b8c6 b3b5,1738,77,93,744,advantage interference long middlegame queensideAttack,https://lichess.org/mGPhzwLY/black#28,Queens_Pawn_Game Queens_Pawn_Game_Other_variations
rRF9M,5q1k/pp1Q1Bp1/2pnP2p/3p4/1P6/P6P/6P1/7K b - - 4 42,g7g5 e6e7 f8f7 d7d6,1845,128,80,29,advancedPawn crushing endgame interference short,https://lichess.org/GfLKan2r/black#84,
rSI6b,4r2k/5Q1p/3q1pp1/8/2P2N2/5PPK/7P/8 b - - 30 47,e8d8 f4e6 d6d7 f7f6 h8g8 f6d8 d7d8 e6d8,1738,74,99,657,crushing endgame interference veryLong,https://lichess.org/KcQyV4sx/black#94,
rSPj8,r5n1/p1nbp2p/3pP1k1/q2P1r2/1p2N3/4QP2/1PP3P1/2KR2NR w - - 2 22,e6d7 a5a1 c1d2 f5d5 d2e2 a1d1,1643,75,98,2033,advantage interference long middlegame queensideAttack,https://lichess.org/UyIRhBh6#43,
rSl2O,2r5/pp2q1k1/4p3/2r3P1/8/P1P5/1P4Q1/4R1RK w - - 1 27,g2f2 c8h8 h1g2 c5g5 g2f1 h8f8,1857,75,99,857,crushing endgame exposedKing interference long pin,https://lichess.org/1m4Hv0UV#53,
rUrWp,2r2rk1/2qnbpp1/p3b2p/1p1p4/1P1B1P2/P1P3P1/3N2BP/2R1QRK1 b - - 0 19,d7f6 f4f5 e6d7 e1e7,1805,78,87,82,crushing interference master middlegame short,https://lichess.org/HBAmZ60p/black#38,Indian_Defense Indian_Defense_Tartakower_Attack
rW843,8/Q4K2/4B1p1/1p6/1q5p/4k3/8/8 b - - 8 74,e3f4 a7f2 f4e5 f2f6 e5e4 f6h4 e4d3 h4b4,1836,79,93,252,crushing endgame interference skewer veryLong,https://lichess.org/Tf6jfAEH/black#148,
rX2cR,8/p4pk1/1pp3p1/3q3p/3P3P/PPQ5/5PP1/6K1 b - - 0 33,d5e4 d4d5 f7f6 d5c6 e4b1 g1h2,1612,74,98,1143,crushing defensiveMove discoveredAttack discoveredCheck endgame interference long queenEndgame,https://lichess.org/k0RrwB6P/black#66,
rYgqT,r5r1/p2k1Q2/1pn1p3/6q1/2P3P1/PPB1P1Pp/5P2/R5K1 b - - 0 21,g5e7 a1d1 d7c7 c3e5 c7c8 f7g8,1615,75,84,219,advantage interference long middlegame pin,https://lichess.org/26UNuXIk/black#42,
rZ3Ag,r6r/p1p2k1p/2pp1pb1/5q2/4N3/1Q6/PPP2PPP/R3R1K1 b - - 3 18,d6d5 e4d6 c7d6 b3b7 f7f8 b7a8,1828,76,93,2115,crushing interference long middlegame sacrifice,https://lichess.org/SnXEBEf9/black#36,Philidor_Defense Philidor_Defense_Exchange_Variation
rZFg2,2kr3r/1ppq1ppp/p7/2b5/3nP3/8/PPPPB1PP/R1BQ1RK1 w - - 1 13,e2g4 d4e2 g1h1 d7g4,1841,75,96,6309,advantage discoveredCheck doubleCheck interference kingsideAttack middlegame short,https://lichess.org/jefdmsDh#25,Four_Knights_Game Four_Knights_Game_Italian_Variation
rZHaz,1k1r3r/1q3ppp/8/8/R4Q2/2b5/1P3PPP/6K1 b - - 1 28,b8c8 a4c4 c8d7 f4f7 d7d6 f7b7,1866,76,93,788,crushing endgame exposedKing fork interference long skewer,https://lichess.org/1pY02gNm/black#56,
rZTLy,1k4r1/p1p2p2/2bp4/2p4p/8/2PNB3/PPPK1Prp/R6R w - - 2 24,d3f4 g2g1 h1h2 g1a1,1615,75,88,620,crushing interference middlegame short,https://lichess.org/vElcSRTC#47,
rZxqU,rnb1k2r/pp1p1ppp/1q2pn2/1Nb5/4P3/2N5/PPP2PPP/R1BQKB1R w KQkq - 3 7,c3a4 c5f2 e1e2 b6b5,1783,80,82,103,attackingF2F7 crushing interference master opening short,https://lichess.org/RSQ5EZFp#13,Sicilian_Defense Sicilian_Defense_Gaw-Paw_Variation
rbDWo,3B4/5p2/4p3/p2pPp1k/P1pP1K1P/3r2P1/1R6/8 w - - 1 39,d8b6 d3b3 b2g2 b3b6,1881,79,73,48,crushing endgame interference short,https://lichess.org/3bqqYlwr#77,
rcDIX,8/8/5p2/rp3P1k/4PK1P/P5R1/8/8 w - - 5 50,e4e5 a5a4 f4e3 a4a3 e3d2 a3g3,1800,76,88,97,crushing endgame interference long rookEndgame skewer,https://lichess.org/UtbK8e3A#99,
rcp0c,4r3/8/1R4k1/p1p3pp/2Pb1p2/P4R1P/4rPP1/5NK1 b - - 7 41,g6f5 f1g3 f5e5 g3e2,1622,74,83,459,crushing endgame interference pin short,https://lichess.org/RMNh1kHC/black#82,
rcrTH,3rr2k/2p2p2/p1p2q1p/5P1P/4pQ2/1P4R1/P1P5/1K4R1 b - - 3 38,e8e5 g3g6 f7g6 f4h6 h8g8 g1g6,1830,76,94,5245,crushing endgame exposedKing interference long master sacrifice,https://lichess.org/DO88FLql/black#76,
rdqD4,2r2r2/pp2qpkp/4b1p1/8/4B3/6P1/PPQR1P1P/3R2K1 w - - 4 20,c2a4 c8c4 a4a7 c4e4,1648,76,94,11856,advantage interference middlegame short,https://lichess.org/qcVpdOm4#39,
regaI,2k1r2r/pp3pp1/1q1p1bp1/2pBn3/2P1P1P1/Q3B2P/PP3P2/2KR3R w - - 1 19,f2f4 e5c4 d5c4 e8e4 b2b3 e4e3,1822,75,77,347,advantage deflection discoveredAttack interference long middlegame,https://lichess.org/5yOyjGdG#37,Sicilian_Defense Sicilian_Defense_Modern_Variations
rfbgE,2r5/5p1p/4pPpP/p5P1/1p1R4/1P3k2/6r1/1K1R4 b - - 14 47,c8c2 d1d3 f3e2 b1c2,1649,77,85,88,crushing endgame interference rookEndgame short,https://lichess.org/bMJu9clW/black#94,
rg7ZR,r1b2rk1/ppp1q1pp/2np2n1/7Q/3BpP2/2PB2P1/PP4P1/RN2R1K1 b - - 1 17,d6d5 h5d5 c8e6 d5e4,1811,77,93,2444,advantage interference opening short,https://lichess.org/wLJwV651/black#34,Scotch_Game Scotch_Game_Other_variations
rgeLt,5r2/p1pk3p/4p3/8/3P1p1P/1qPPK3/4QP2/3N3R w - - 0 36,e3f3 b3d5 e2e4 d5h5 f3g2 f8g8 g2f1 h5d1,1820,77,93,185,crushing endgame exposedKing interference veryLong,https://lichess.org/0LA5t30t#71,
rhNVi,r1bqkb1r/1p3pp1/p1n4p/2ppP3/4NP2/3PBN2/PP3QPP/R4RK1 w kq - 0 15,e4c5 d5d4 f3d4 f8c5 d4c6 c5e3 f2e3 b7c6,1697,75,88,799,advantage interference intermezzo middlegame pin veryLong,https://lichess.org/uUPPC4GZ#29,English_Opening English_Opening_Symmetrical_Variation
rhpYK,r5k1/1p4p1/3N2qp/3pP3/1n1P4/6P1/r6P/1R1Q1R1K b - - 1 27,b4d3 d6f5 g6g5 d1d3,1879,108,33,48,crushing interference middlegame short,https://lichess.org/JoIN4hRW/black#54,
ri6JK,8/p7/1pQ3p1/8/1P1p4/3K1k2/P7/6q1 b - - 1 45,f3f4 c6f6 f4g3 f6g6,1634,90,91,36,crushing endgame interference queenEndgame short,https://lichess.org/WdHXKaXt/black#90,
riENl,1r3rk1/pp2b1pp/3qp3/1Q2N3/3P4/2P5/P1P3PP/R3R2K w - - 4 22,e5d7 a7a6 b5a4 b7b5 a4b3 d6d7 b3e6 d7e6,1609,76,90,1365,crushing interference middlegame veryLong,https://lichess.org/oq4wSF4S#43,
riQTr,7k/2p4p/p1Q1p2r/1p3p1q/1P1P1P1P/6r1/3B2R1/6RK w - - 0 29,g2h2 g3g1 h1g1 h5d1 g1f2 d1d2,1764,78,93,1300,attraction crushing exposedKing interference long middlegame,https://lichess.org/3Q0F1tVc#57,
rjD4G,1r5r/Q1R1nk2/1p2qpp1/3p4/3P1Bp1/6P1/4PPBP/6K1 b - - 6 32,b8a8 c7e7 e6e7 g2d5 f7f8 a7a8,1756,78,93,276,advantage deflection fork interference long middlegame pin,https://lichess.org/sMcTSfEy/black#64,
rkHJt,8/6pp/2p5/P7/5R2/1k4r1/1r6/4R2K b - - 0 38,g3g2 e1e3 b3a2 f4a4 a2b1 e3e1 b1c2 h1g2,1653,76,94,433,crushing endgame interference rookEndgame veryLong,https://lichess.org/XXoEWX5x/black#76,
rknLu,5r1k/p1R4p/5pp1/n7/3P4/4rNPb/PP1N1K1P/7B b - - 1 25,f8e8 f3e5 f6e5 f2e3,1817,84,93,54,advantage interference master middlegame short trappedPiece,https://lichess.org/jSfDjHh4/black#50,
rlwj6,r2q3r/3bBkpQ/1p2pp2/3p4/2pP4/P1P1PN1P/5PP1/nB3RK1 b - - 0 20,d8e7 b1g6 f7f8 h7h8,1607,74,88,676,interference mate mateIn2 middlegame short,https://lichess.org/UG6VsDQB/black#40,
rmbHd,2kr3r/Q1p2ppp/1p2p1q1/P2n4/8/3P3P/2PBnPP1/1R3R1K b - - 0 19,e6e5 a7a8 c8d7 a8d5,1889,76,89,390,advantage interference middlegame queensideAttack short,https://lichess.org/KLB5Hz8d/black#38,
ro7mN,5b2/3R1pp1/4p3/R7/1P1Pk1p1/7r/1PKB1r2/8 b - - 1 29,f8b4 a5e5 e4f3 d7f7 f3g2 f7f2 g2f2 d2b4,1769,77,93,243,advantage endgame interference veryLong,https://lichess.org/GqwZSIOO/black#58,
rod3J,6k1/4rpb1/3p2p1/1pr4p/p2qPR1P/P2P2P1/1P1Q1RBK/8 b - - 25 48,e7c7 e4e5 g7h6 f4d4,1614,76,93,2077,advantage discoveredAttack interference master middlegame short,https://lichess.org/yz9xIKGY/black#96,
rpMYl,r2qkb1r/pQp1pppp/8/3P1b2/8/4P3/PPnK2PP/2B2BNR b kq - 0 12,c2e3 f1b5 f5d7 b5d7 e8d7 b7c6 d7c8 c6a8,1841,79,79,54,advantage attraction interference opening veryLong,https://lichess.org/uDlJysgc/black#24,Queens_Gambit_Declined Queens_Gambit_Declined_Marshall_Defense
rpTX1,k7/pp6/r4n2/3P1Rp1/1Kp5/2P3r1/PP6/7B b - - 2 43,b7b5 d5d6 a8b8 f5f6 a6d6 f6d6,1646,78,95,20900,crushing discoveredAttack discoveredCheck endgame interference long,https://lichess.org/yJ3Qx1G4/black#86,
rpg3K,3r2k1/5p1p/p3pQp1/Pp6/1bP5/4P3/3rqPPP/B4RK1 b - - 1 27,g8f8 f6h8 f8e7 a1f6 e7d6 h8d8,1696,75,96,8243,crushing deflection interference long middlegame,https://lichess.org/sfuDRgGo/black#54,
rquns,3q3r/4k1pp/1nB5/1p2P1Q1/rP1N4/3P2P1/7P/5nK1 b - - 4 29,e7f7 e5e6 f7g8 g5d8,1636,75,83,413,interference mate mateIn2 middlegame short,https://lichess.org/KbZE3U4U/black#58,
rr4e7,8/5pk1/4q3/p2pp1P1/2p1b3/P1P1K1Q1/1P1R4/8 w - - 4 50,d2f2 e6b6 e3d2 b6b2,1743,75,93,5820,crushing endgame interference short,https://lichess.org/od0ZIDBo#99,
rrXvy,2r1r1k1/pp3ppp/8/1q1B1Q2/8/4B2P/P1K2PP1/R6R w - - 1 21,c2d2 b5b2 d2d1 b2a1 d1e2 a1h1 d5f7 g8h8 f7e8 c8e8,1701,76,83,108,advantage exposedKing interference middlegame pin skewer veryLong,https://lichess.org/Mw33SpRG#41,
rsNwr,2q2r1k/5Q1p/8/1pp3p1/4Rb2/2PP4/1P4P1/R4K2 w - - 1 31,f7e6 f4e5 f1g1 c8e6,1724,76,92,258,crushing discoveredAttack discoveredCheck endgame interference short,https://lichess.org/f7VUKclf#61,
rsnOo,r2qrnk1/1b3pp1/p3p2p/1p1n4/3P4/P4NB1/1P2QPPP/1BR2RK1 b - - 2 21,d5b6 g3c7 d8f6 c7b6,1713,76,93,5676,crushing interference master opening short,https://lichess.org/gGpZsXWL/black#42,
rszrG,r4r2/1p3P1p/k4B2/p1Q5/P2P4/2PK4/q6P/8 b - - 2 39,a2f7 c5b5 a6a7 b5a5 a7b8 f6e5 b8c8 a5a8 c8d7 a8b7,1630,76,94,1941,advantage deflection endgame interference veryLong,https://lichess.org/hwICTc23/black#78,
rtGed,2k4r/ppp2ppp/8/5b2/2P2B2/b1K1P3/4BPPP/R7 b - - 1 19,a3c5 a1a5 b7b6 a5a7,1665,74,90,748,advantage endgame interference short,https://lichess.org/VV92WVWo/black#38,
rte7f,r5k1/ppp1qpp1/7p/8/6b1/3B4/PP4PP/4RQ1K b - - 1 22,e7b4 e1e4 b4b2 e4g4,1646,74,96,23221,advantage endgame interference short,https://lichess.org/vyMSsT44/black#44,
rtfLl,5rk1/p1pqppbp/2n1b1p1/3P4/1rP5/Q3BN2/P2N1PPP/R3K2R b KQ - 2 18,g7a1 d5c6 d7d6 c4c5 d6c6 a3b4,1830,76,93,964,advantage interference long middlegame,https://lichess.org/kTeQkhS1/black#36,Alekhine_Defense Alekhine_Defense_Krejcik_Variation
rvbSQ,8/8/kp6/p4Q1P/r7/4bK2/8/8 b - - 0 54,e3d4 f5c8 a6b5 c8d7 b5b4 d7d4,1727,146,87,21,crushing endgame interference long,https://lichess.org/24hZzx9d/black#108,
rvcKU,r1b2rk1/pp3p1p/2n2Q2/2q3N1/3p4/2bBP3/PP3PPP/R3K2R w KQ - 0 14,b2c3 c5c3 e1e2 c8g4 f2f3 c3b2 e2d1 b2a1,1697,76,95,4624,advantage fork interference middlegame veryLong,https://lichess.org/km9uugNs#27,Queens_Gambit_Declined Queens_Gambit_Declined_Ragozin_Defense
rwDgl,2r2rk1/1b3ppp/p3p3/1p1p1q2/3Q1P2/PP5P/R1P2PP1/1N1R2K1 b - - 0 21,c8c2 g2g4 f5g6 f4f5 e6f5 a2c2,1730,77,89,95,advantage interference long middlegame,https://lichess.org/myzltGR3/black#42,
rwEIc,5rk1/2Q2p1p/6p1/1q6/1b1P4/3PB3/PK3P1P/R6R w - - 1 20,c7c4 b4a3 b2c2 b5b2 c2d1 b2a1,1723,75,99,678,advantage doubleCheck interference long middlegame,https://lichess.org/YdGjodAa#39,
rwe75,2r2rk1/Q4ppp/1p6/4N3/3q4/1Pn5/P4PPP/R3R1K1 w - - 2 20,a7d7 c3e2 g1h1 d4e5,1787,74,96,6695,advantage interference master middlegame short,https://lichess.org/yc0sUA18#39,
rxQqn,5k2/2r3q1/8/3Q4/3P4/7P/1rp2PP1/2R3K1 b - - 0 41,b2b1 d5d8 f8f7 d8c7,1723,78,93,177,crushing endgame interference short,https://lichess.org/pIOIzsT5/black#82,
rxwJi,8/p7/p5Rp/1k3K2/7r/P2r4/1PR3P1/8 w - - 0 35,c2c6 d3d5 f5f6 b5c6,1734,75,96,22140,crushing endgame interference master rookEndgame short,https://lichess.org/rvgj01EP#69,
ryYrK,r6k/pp5p/2pp2p1/4b3/7q/2Pb1Q1P/PP3PP1/3RR1K1 b - - 0 21,d3c4 e1e4 h4e7 e4c4,1726,78,94,6650,advantage interference master middlegame short,https://lichess.org/78KrYdwl/black#42,
ryg3c,7k/2q1b1pp/p2pQ3/1r4P1/8/2P1B2P/P7/5RK1 w - - 3 26,f1f7 b5e5 e6g4 e5e3 g4f4 h8g8 f4e3 g8f7,1802,251,67,14,crushing endgame interference veryLong,https://lichess.org/5uAkfLSg#51,
s0FQp,2r2rk1/1pp2ppp/3b2q1/p7/4P1Pn/P3B1NP/1P3P2/R1QR1K2 b - - 3 25,g6f6 e3g5 f6f3 g5h4 d6g3 h4g3 f3h1 f1e2 h1e4 c1e3,1839,77,93,6267,advantage interference middlegame veryLong,https://lichess.org/QeEP8osG/black#50,
s2Toa,3r2k1/pp3ppp/5q2/3PRb2/8/8/PP4PP/R2Q1K2 w - - 1 22,d1e1 f5e4 f1g1 f6e5,1825,75,95,6812,advantage discoveredAttack discoveredCheck endgame interference master short,https://lichess.org/cWinneg3#43,
s2kQp,2Q1k2r/5p2/2p3p1/2r1q3/3NP3/Pp6/2P2P2/1K1R4 b - - 0 33,e8e7 d4c6 e7f6 c8h8,1697,76,93,2357,crushing endgame fork interference master short,https://lichess.org/EnSFovbF/black#66,
s3ozn,r3r1k1/p1p2ppp/PpB2n2/3p4/2q4P/2P2b2/1P3PP1/RNBQ2KR w - - 0 15,d1f3 e8e1 g1h2 c4h4 f3h3 f6g4,1877,76,94,14255,interference long mate mateIn3 middlegame,https://lichess.org/A6Hs7EeS#29,Crab_Opening Crab_Opening_Other_variations
s7491,7k/1pp4p/3p4/p1b5/8/P4R1P/1Pq3PN/5R1K b - - 1 27,d6d5 f3c3 c2b2 c3c5,1727,76,87,254,crushing endgame interference short,https://lichess.org/JKrvCLsb/black#54,
s8PjM,r3k2r/2qn1pp1/p1p1pnp1/2P5/PP2N1P1/3Q1N1P/5P2/R3K2R b KQkq - 0 18,d7e5 e4d6 e8f8 f3e5,1858,75,97,906,advantage interference middlegame short,https://lichess.org/Z2AUrdBz/black#36,Queens_Gambit_Declined Queens_Gambit_Declined_Marshall_Defense
s8Z0d,1kb3r1/7R/1p2q3/pQ1PP3/2p2p2/2P5/2PK1P2/8 b - - 0 39,g8d8 d5d6 d8d7 b5b6,1743,78,88,62,advantage endgame interference master short,https://lichess.org/wbD4j0l3/black#78,
s9K1H,2r1r1k1/pp1R1ppp/2n5/5Q2/5N2/1bP2P2/1P4PP/2K5 w - - 5 25,f4d3 b3e6 f5f4 e6d7,1879,77,95,13745,crushing fork interference middlegame short,https://lichess.org/EUC3DOtK#49,
sATjs,6k1/pb2b1p1/1p2r3/2p1P3/P7/2P5/1P1B1R1P/5RK1 w - - 4 33,f2f7 e6g6 g1f2 g8f7,1806,98,88,24,advantage endgame interference master short,https://lichess.org/5gPr9syH#65,
sCYPO,1r1q1rk1/p5pp/1pR2p2/8/1b1P4/5Q2/PP3PPP/5KNR b - - 2 18,d8d4 f3b3 g8h8 c6c4 d4d7 c4b4,1850,75,89,1760,advantage interference long middlegame,https://lichess.org/Q1xUwa2V/black#36,Indian_Defense Indian_Defense_Other_variations
sCo5d,5k2/p7/4p2p/1p5P/2pP4/2PqP3/PP1K3Q/8 w - - 7 37,d2e1 d3b1 e1f2 b1b2 f2g3 b2h2,1889,88,74,49,crushing endgame exposedKing interference long queenEndgame,https://lichess.org/zal1uk1b#73,
sDqRO,6k1/1q3pp1/5n2/p2P1P2/2p4p/PrP1Q2P/4R1P1/2KR4 w - - 3 31,e2c2 b3b1 c1d2 b7d5 e3d4 d5g2,1853,84,91,70,crushing endgame exposedKing interference long master queensideAttack,https://lichess.org/u8gkm7wJ#61,
sEOsW,5r2/p7/Pp1p2kp/2pPq1p1/2P1p1Q1/2P1P3/3KRrP1/7R b - - 6 31,b6b5 g4h5 g6f6 e2f2,1868,74,95,2171,crushing endgame interference short,https://lichess.org/au2JzrPA/black#62,
sIqn1,3k4/5R2/1r4p1/4K1P1/8/8/8/8 b - - 12 60,b6c6 f7f6 c6c3 f6g6,1708,76,96,8963,crushing endgame interference master rookEndgame short,https://lichess.org/TvqRCwhC/black#120,
sJISi,r2q1rk1/1pp2pp1/pbp4B/4p2n/1P2P3/P1NP2QP/2P2PP1/R3K2R w KQ - 1 14,g3e5 b6d4 e5h5 d4c3,1744,76,95,15202,advantage interference middlegame short,https://lichess.org/ENQHC4H6#27,Ruy_Lopez Ruy_Lopez_Exchange_Variation
sJg6Q,r1bq1rk1/5pp1/p1nbpn1p/1p1p4/3P2PB/2NB1N2/PPPQ1P1P/R3R1K1 b - - 0 12,d8c7 h4f6 d6f4 f6e5 f4d2 e5c7,1889,77,81,94,advantage interference long middlegame,https://lichess.org/Tn1l8tdj/black#24,Queens_Pawn_Game Queens_Pawn_Game_Krause_Variation
sLVLt,r6r/2p1kp2/1p1pb1pp/1Pq5/4Q3/5N2/5PPP/1RR3K1 b - - 1 33,c5f5 c1c7 e7f8 e4a8 f8g7 a8a1,1673,74,94,8310,crushing interference long middlegame,https://lichess.org/Iyw4rHXN/black#66,
sMgMC,1k1r3r/ppp4p/8/2Q3pN/3p4/5P2/PP3K1b/4R3 w - - 0 24,e1e7 h2d6 c5f5 d6e7,1804,79,94,15415,crushing endgame fork interference short,https://lichess.org/XArTrTiE#47,
sMlKo,3q1rk1/2p1Rp1p/1p1p2p1/p1nP4/2P2P2/PP4P1/1Q4KP/3R4 w - - 4 25,b2f6 c5e4 f6h4 g6g5 f4g5 d8e7,1859,76,78,186,advantage endgame interference long,https://lichess.org/RI35Qrsv#49,
sN42C,3r4/1Q1n1pp1/B1pkp1p1/1P4q1/3P4/2P4r/P4RP1/R5K1 b - - 0 23,d8h8 b7c6 d6e7 f2f7 e7f7 c6d7 f7g8 d7e6 g8h7 e6h3,1898,75,95,16475,attraction crushing deflection interference middlegame veryLong,https://lichess.org/pYyCz26P/black#46,
sOJUF,8/pp1n1qk1/2p1Qp2/3p1Np1/3P4/P5P1/6P1/6K1 b - - 2 33,g7g6 f5e7 g6g7 e6d7,1798,74,95,15179,crushing endgame interference short,https://lichess.org/3lYLK26D/black#66,
sOicR,r4rk1/pp1n1ppp/2p5/3p4/P2P2Pq/3BP3/1P1Q2PP/R4RK1 b - - 0 15,h4g4 d3f5 g4h4 f5d7,1698,74,94,15278,advantage interference middlegame short,https://lichess.org/2IryCKfQ/black#30,Slav_Defense Slav_Defense_Czech_Variation
sQQg3,5rk1/3Q2b1/pq2p2p/1p6/1n6/4PN2/P5P1/2R2NK1 b - - 1 31,b4d5 c1c6 b6d8 d7e6,1640,75,91,4306,advantage interference master masterVsMaster middlegame short,https://lichess.org/aCQLagIX/black#62,
sRhDy,r2q1rk1/pp3ppp/2pb4/n2pN3/3P1B2/2P3Q1/P4PPP/1R3RK1 b - - 3 17,d6e5 f4e5 f7f6 e5c7 d8d7 c7a5 b7b6 a5b4,1720,75,86,84,advantage interference master middlegame veryLong,https://lichess.org/X8ITppDE/black#34,Italian_Game Italian_Game_Scotch_Gambit
sTB7O,8/R1R2pkp/6p1/8/1p3P2/1P4r1/P6r/5K2 b - - 4 41,g6g5 c7f7 g7g6 f4f5 g6h5 f7h7 h5g4 h7h2,1826,79,93,884,crushing deflection endgame interference rookEndgame skewer veryLong,https://lichess.org/fVPcWOaQ/black#82,
sTTgs,r3r1k1/2p4p/1pbq2p1/4pp2/2P5/3P1P1P/2P2QP1/R3RN1K b - - 3 24,a8a3 c4c5 b6c5 a1a3,1722,78,93,527,advantage interference master masterVsMaster middlegame short,https://lichess.org/6qkM5qT2/black#48,
sTybQ,8/p7/4p3/R2bk3/5p2/3K3P/Pr1N1P2/8 b - - 7 41,b2a2 d2c4 e5f6 a5a2,1625,78,95,26061,crushing endgame interference intermezzo master short,https://lichess.org/USpLSIaO/black#82,
sUzWc,2r3k1/2r2p1b/pq2p1pQ/3pP3/8/2p4R/PP3PPP/2R3K1 b - - 1 28,c3b2 h6h7 g8f8 h7h8 f8e7 h8f6 e7e8 h3h8 e8d7 f6f7,1618,77,83,220,deflection interference kingsideAttack mate mateIn5 middlegame veryLong,https://lichess.org/2sMDJtxg/black#56,
sVjXa,2kr1b1r/ppp2p2/2n4p/3NP3/1PB1n1b1/P3PN2/4KPPB/3R3R w - - 1 17,d5f6 e4c3 e2f1 d8d1,1697,75,96,18768,crushing deflection fork interference middlegame short,https://lichess.org/qQz5thqa#33,Queens_Pawn_Game Queens_Pawn_Game_Accelerated_London_System
sX2h6,1b3Q2/1p5p/p5p1/5p1k/4r1P1/1P5P/P4P1q/3R1K2 b - - 0 43,h5g5 f8d8 g5f4 d8b8 e4e5 d1d4,1816,76,87,187,crushing endgame interference long,https://lichess.org/3kQIqq1K/black#86,
sX96j,r3k1r1/bpp1q1p1/p1n4p/P2pPn1P/1P1P1P2/2PQ4/6R1/1NB1K2R b Kq - 5 20,e7d7 e5e6 d7d6 d3f5,1759,76,91,3133,advantage interference middlegame short,https://lichess.org/HCIXzr4M/black#40,
sXCFg,1r2r1k1/1q3p1p/p1b2Bp1/4p1P1/2p4P/2P5/PP1R1Q2/1K2R3 w - - 0 32,f6e5 c6e4 b1c1 e8e5,1606,75,93,860,advantage interference intermezzo master middlegame short,https://lichess.org/XQ5Uv8sf#63,
sYkSn,4Q3/5Npk/4p3/p2pP3/P2Kq1P1/8/1P6/8 w - - 2 45,d4c5 e4b4 c5c6 b4a4 c6c7 a4e8,1781,73,95,15908,crushing endgame interference long skewer,https://lichess.org/shGIpvtq#89,
sZ7LM,3r1b1r/p4B1p/5ppk/2p5/3q4/P2P2Q1/2P2PPP/R3R1K1 w - - 0 31,g3c7 d8d7 c7c6 d7f7,1804,75,85,165,advantage interference middlegame short,https://lichess.org/XrCLIAOz#61,
sZhFS,2r3k1/5pp1/p3p1p1/1pB3nq/3Q4/P2B3P/5PK1/3R3R w - - 5 29,c5e7 h5f3 g2g1 f3d1 g1h2 g5f3,1652,77,94,144,crushing interference long middlegame,https://lichess.org/Xd4T9OdE#57,
sbXyC,3rr3/ppp3k1/8/4Np1p/8/1PP1B3/5PPP/4R1K1 w - - 3 25,e3d4 c7c5 d4e3 e8e5,1738,79,94,1115,advantage endgame interference short,https://lichess.org/vriPzzKD#49,
sblQL,4R3/2r2pk1/6r1/2p2KP1/1p1pN3/1P1P4/8/8 b - - 0 37,g6a6 e4f6 a6f6 g5f6 g7h7 e8e7 c7c8 e7f7,1832,76,87,164,crushing endgame interference quietMove veryLong,https://lichess.org/A63BdqTY/black#74,
sdJor,r5k1/1pQ1n2r/pP5p/2pq2p1/P7/7P/3R3P/1N3RK1 b - - 3 29,d5c6 d2d8 a8d8 c7d8 g8g7 d8e7,1608,77,88,970,crushing exposedKing interference long middlegame,https://lichess.org/iWgnJHb9/black#58,
seITu,4q3/pQ4pr/5pk1/3Pn1p1/P4nP1/B6P/5P2/4RKN1 b - - 0 28,f4h3 b7b1 g6h6 g1h3,1619,77,94,21243,crushing interference intermezzo middlegame short,https://lichess.org/SOpVJQCL/black#56,
sf1uL,4k2r/2r1bp2/p1Np3p/1p6/q3Q1PP/n7/1PPB2P1/2K1R2R w k - 5 26,c6e7 c7c2 c1d1 c2c4 d1e2 c4e4,1632,75,97,6862,advantage discoveredAttack discoveredCheck interference long middlegame queensideAttack,https://lichess.org/tc0jD4fN#51,
sfFt0,2r5/4kpQ1/q3p3/pp1pP1p1/3P4/7R/K5PP/8 b - - 0 36,b5b4 g7f6 e7d7 f6f7 d7c6 f7e6 c6b5 e6d5,1602,83,56,112,crushing deflection endgame interference veryLong,https://lichess.org/xfbbXYIy/black#72,
sfOvz,1rr3k1/1N1R1p1p/p1Q1p1p1/4qn2/2B5/8/PPP2PPP/2KR4 w - - 0 20,d7d8 c8d8 b7d8 e5b2 c1d2 b8d8,1757,75,88,1060,advantage interference long middlegame,https://lichess.org/grPt5m3u#39,
sfb8t,3r2k1/1p3ppp/1Rq1pb2/2p5/8/3P2B1/r1P2PPP/1Q3RK1 b - - 1 20,c6d5 c2c4 d5f5 b1a2,1673,79,85,129,advantage interference middlegame short,https://lichess.org/ueWUnIPj/black#40,
sh22r,3rk3/2q2ppQ/p7/4pP2/8/1N6/PPP3PP/1K6 b - - 0 25,f7f6 h7g8 e8e7 g8g7 e7d6 g7f6,1702,74,82,276,crushing deflection endgame exposedKing interference long master,https://lichess.org/MYbQs4Mh/black#50,
shAbh,1k4r1/1pp4q/1p6/1N1n4/8/R4Q1P/PPP3PK/4r3 b - - 3 35,c7c6 a3a8 b8a8 f3a3 a8b8 a3a7 b8c8 a7a8 c8d7 a8b7,1727,75,96,2482,advantage attraction deflection interference middlegame sacrifice veryLong,https://lichess.org/QzJmf0Kv/black#70,
shnoj,rnbqk2r/pp3ppp/4p3/2b3B1/8/2n2N2/PP2PPPP/R2QKB1R w KQkq - 0 8,g5d8 c3d1 a1d1 c5b4 f3d2 e8d8,1610,76,97,16273,crushing interference long opening,https://lichess.org/zH9ZXQvO#15,Queens_Gambit_Declined Queens_Gambit_Declined_Semi-Tarrasch_Defense
siCi6,r1b1r1k1/1p1n1pbp/p2Pp1p1/1N4B1/1qB4P/1P2Q3/P1P2PP1/2KR3R w - - 0 16,b5c7 b4a3 c1d2 a3d6 d2e1 d6c7,1861,77,93,132,advantage fork interference long middlegame,https://lichess.org/0KZUsEHk#31,Sicilian_Defense Sicilian_Defense_Open
sjH55,1r4k1/p1p1rpp1/1pBp3p/4qb2/2PQ1P2/2P1P3/PR4PP/4R1K1 b - - 0 19,e5a5 b2b5 a5a2 b5f5,1639,75,87,83,advantage interference master masterVsMaster middlegame short,https://lichess.org/7EtLaDN5/black#38,
sjRrd,1r3rk1/1pn1q1bp/p2pP1p1/2pB4/P4P2/7P/1P4P1/R1BQR1K1 w - - 1 20,a1a3 g7d4 c1e3 c7d5 e3d4 c5d4,1667,74,96,16645,crushing interference long middlegame,https://lichess.org/ksoivF6o#39,
skbKA,8/6Bp/pkp3pP/3r1p2/PP6/2Kb4/5R2/8 b - - 2 47,a6a5 g7d4 b6c7 c3d3,1623,76,96,10048,advantage endgame interference short,https://lichess.org/fduV77Xb/black#94,
smfSH,8/1r4pp/4k3/Rpp4R/8/2r3P1/5PKP/8 b - - 7 35,g7g6 a5a6 e6d7 h5h7 d7c8 a6a8,1741,74,99,325,crushing endgame exposedKing interference long rookEndgame,https://lichess.org/MS4l0czN/black#70,
smkFW,3r1b2/1bq2kpQ/5p1p/1P3P2/2p3B1/B3p2P/P5P1/5R1K b - - 2 37,f8a3 g4h5 f7f8 h7h8 f8e7 h8g7 e7d6 f1d1,1660,75,93,622,crushing deflection interference middlegame veryLong,https://lichess.org/vhzPE5YG/black#74,
snkuV,1r4k1/b2r1ppp/3P2n1/p4NPq/Pp6/1Qp4P/6B1/4RR1K b - - 0 35,h5g5 f5e7 g8h8 b3f7,1889,75,93,377,advantage deflection interference kingsideAttack master middlegame short,https://lichess.org/RTYlYNdH/black#70,
spHuo,r2q1r2/1b1n2kp/6p1/2p5/pp1p2P1/3P1N2/PPPQBP2/1K1R3R b - - 1 23,b7f3 d2h6 g7f6 e2f3,1854,76,96,8648,crushing interference intermezzo middlegame short,https://lichess.org/a1dIyYl6/black#46,
sqOJU,r5k1/pp3pb1/1qppr1pp/8/1PP5/4PRP1/P1Q1P1BP/3R2K1 b - - 1 19,e6e3 c4c5 b6b4 f3e3,1608,74,92,318,advantage interference intermezzo master middlegame short,https://lichess.org/WZQVSIKA/black#38,
sqQYu,3r4/Np3N1p/2p2np1/4k3/4P3/3r3P/P4PP1/R5K1 b - - 4 22,e5e4 a1e1 e4d4 f7d8,1754,77,91,3143,advantage endgame interference short,https://lichess.org/nIudYi81/black#44,
ssdky,4r1kr/1p4p1/p5P1/3RbNBp/5p1P/8/PPP5/2K5 b - - 0 30,f4f3 f5e7 g8f8 d5e5,1610,75,90,1091,crushing endgame interference master short,https://lichess.org/Fi3QpqmD/black#60,
sufAz,5rk1/1p4pp/1pp3r1/3pp3/7B/P2P4/BPPN2bK/6R1 b - - 3 22,f8f4 h4g3 f4g4 g1g2 g6h6 h2g1,1757,78,82,98,advantage interference long middlegame,https://lichess.org/YgcoppdO/black#44,
svuRR,1b4rk/4qp1p/p5r1/3p4/2p1PQ2/P1P1B1P1/1P5P/R4RK1 w - - 0 28,f4f7 g6g3 h2g3 g8g3 g1f2 e7f7,1601,104,69,32,crushing fork interference long middlegame sacrifice,https://lichess.org/c46At0Im#55,
swfq4,r1bq1rk1/4bpp1/p3pn1p/np1p4/3P1B2/P2BPN2/1PQ1NPPP/2R2RK1 b - - 1 15,c8b7 f4c7 d8c8 c7a5,1806,73,94,13303,crushing interference middlegame short,https://lichess.org/4CC99xd1/black#30,Slav_Defense Slav_Defense_Three_Knights_Variation
sxTsQ,3kr3/p4q2/1pQ1pP2/6n1/3P4/P4R2/KPP5/8 b - - 0 34,g5f3 c6a8 d8c7 a8a7,1725,79,63,53,crushing endgame fork interference short,https://lichess.org/vDQ4IFlX/black#68,
sxhxs,3r2k1/p4ppp/1p3b2/8/1B6/QP2P3/P3qPPP/2R3K1 w - - 1 27,g2g3 f6b2 a3a7 b2c1,1757,75,86,412,crushing endgame fork interference short,https://lichess.org/bEYPvjj8#53,
sypqQ,4k3/3r3p/p2P2rP/1p2Q3/3p4/1P6/P4P2/5K2 b - - 0 49,e8f8 e5h8 f8f7 h8h7,1610,77,93,765,crushing endgame interference queenRookEndgame short,https://lichess.org/YCdzTcpy/black#98,
sywo1,r2qkr2/p1p1pp1Q/1p2B1p1/4P3/3p2P1/2N4P/PPP2P2/2KR3b b q - 0 16,h1f3 e6f7 f8f7 h7g8 f7f8 g8g6 e8d7 d1d4,1859,75,92,941,advantage attackingF2F7 interference middlegame sacrifice veryLong,https://lichess.org/3QYIJ1QZ/black#32,Modern_Defense Modern_Defense_Norwegian_Defense
t1V0s,1q4rk/pb3p1p/1p3p2/2p5/P3P2N/2P2pbP/1P3P1K/2Q3RB w - - 0 30,f2g3 f3f2 g1g2 b7e4 c1f1 e4g2,1628,75,36,126,advancedPawn advantage interference long middlegame,https://lichess.org/Msfkk7tX#59,
t1WED,2kr2nr/bpp2ppp/p1p2q2/4p2b/PPN1P3/2PP1N1P/5PP1/R1BQK2R w KQ - 2 12,c4e5 h5f3 e5f3 f6c3 c1d2 c3d3,1630,76,93,3138,advantage fork interference long middlegame skewer,https://lichess.org/eB5Q0CW0#23,Ruy_Lopez Ruy_Lopez_Other_variations
t2miK,5k2/1ppq1rp1/7p/8/2Q4P/6P1/5P2/R6K b - - 4 34,d7d2 a1a8 f8e7 c4c7 e7f6 c7b6,1816,158,82,9,crushing endgame interference long,https://lichess.org/5DhQVFUa/black#68,
t30xR,r1bqr1k1/pp3p2/2n2n1Q/6N1/8/2pB3P/P1P2PP1/R4K1R b - - 1 18,c6e5 d3h7 f6h7 h6h7 g8f8 h7h8 f8e7 h8e5,1678,75,95,4553,advantage interference kingsideAttack middlegame veryLong,https://lichess.org/ruGGDaQt/black#36,Sicilian_Defense Sicilian_Defense_Bowdler_Attack
t3RjB,1rq2rk1/4ppbp/R2p2p1/pp1Pn3/4P3/1P2BP2/P2QB1PP/3R2K1 w - - 4 21,a6a5 e5f3 e2f3 g7c3 d2e2 c3a5,1639,76,93,2182,advantage clearance fork interference long middlegame sacrifice,https://lichess.org/YTQCr9XP#41,
t4l94,r2q1rk1/ppp2ppp/4p3/n2n4/Q2Pb3/2P2NP1/P2BPPBP/R3R1K1 b - - 2 13,c7c6 c3c4 d5b6 a4a5,1603,74,92,2322,crushing interference master middlegame short,https://lichess.org/fUueIv6E/black#26,Kings_Indian_Attack Kings_Indian_Attack_Other_variations
t6vwL,r1b1nk1r/ppp3p1/3p2q1/2n1P2p/5P1Q/2N1B2P/PPP3P1/R4RK1 b - - 2 16,c5e4 f4f5 g6g3 h4e4,1800,75,96,8349,advantage discoveredAttack interference master middlegame short,https://lichess.org/xI15xWC4/black#32,Italian_Game Italian_Game_Rosentreter_Gambit
t7D8V,6k1/p3p1bp/p4pp1/2Np4/3Pb3/1Pq1PN1P/P3QPP1/6K1 w - - 2 24,c5a6 e4d3 e2d1 d3a6,1664,73,91,2864,advantage endgame interference short,https://lichess.org/YuDDuWCZ#47,
t9eAN,2Q5/5ppk/p1p2n1p/8/1P6/P3P1P1/5P1P/q2B2K1 w - - 3 33,c8d8 f6d5 g1g2 a1d1,1682,75,90,354,advantage endgame interference pin short,https://lichess.org/DaNHVOTL#65,
t9vPe,r1q2rk1/1b3pb1/p3p1p1/1p3n1p/4NB2/P2P3Q/BP3RPP/2R4K b - - 3 24,c8d7 c1c7 d7e8 c7b7,1784,75,86,240,advantage interference middlegame short,https://lichess.org/4WDVVBqQ/black#48,
tAiXZ,r4rk1/pbb2pN1/1p5p/3p2q1/3Bn3/2PQ3P/PP1N1PP1/R4RK1 b - - 0 17,e4d2 f2f4 g5g6 d3d2,1897,126,67,18,advantage interference intermezzo master masterVsMaster middlegame short,https://lichess.org/Xn4hKEKN/black#34,Caro-Kann_Defense Caro-Kann_Defense_Exchange_Variation
tCFox,3r1b1k/5Qpp/p7/2p1pP2/P2qP2P/8/2P1KP2/3B2R1 w - - 3 28,f5f6 d4e4 e2f1 d8d1,1693,76,97,2142,deflection discoveredAttack endgame interference mate mateIn2 short,https://lichess.org/ddbhEWAK#55,
tCbdH,5rk1/pp4p1/3P3p/2p1prN1/2q5/5PRQ/PP3K2/7R b - - 1 27,h6g5 h3h7 g8f7 h7f5,1665,83,83,59,crushing endgame interference short,https://lichess.org/4jQwVKXG/black#54,
tD8oH,3rkb1r/5p2/b6p/p1p1P1p1/1p2N3/1P2B1P1/P3PP1P/3R1RK1 b k - 0 18,a6e2 e4f6 e8e7 e3c5 e7e6 d1d8,1810,75,93,1446,crushing deflection interference long middlegame,https://lichess.org/4dDVpcZG/black#36,Indian_Defense Indian_Defense_Other_variations
tDK9E,4r2k/p1p4n/bbp1r3/6pQ/8/6B1/PPP2PPP/3R3K w - - 6 25,h2h4 a6e2 f2f3 e2d1,1871,79,80,71,advantage fork interference middlegame short,https://lichess.org/JY6V7eoQ#49,
tDM87,5rk1/R6R/1P6/8/3K2rp/8/8/8 w - - 2 67,d4c5 f8f5 c5c6 g4g6 c6b7 g8h7,1723,89,82,45,crushing endgame interference long rookEndgame,https://lichess.org/A8LBYbMd#133,
tE9kj,4kb2/1p2ppp1/pBqp2r1/7p/2B1nP2/PQ2K3/1P5P/5R2 b - - 1 21,g6f6 c4d5 c6d7 d5e4 d6d5 e4d5,1700,88,78,52,advantage interference long middlegame,https://lichess.org/xrTlnzIU/black#42,
tEQza,2r3k1/pp2pp1p/4b1p1/2npP3/8/q1P1QP2/2PKB1PP/3R3R w - - 3 21,d1a1 c5b3 c2b3 a3b2 d2e1 b2a1,1672,79,72,62,advantage interference long middlegame sacrifice,https://lichess.org/5P98fBOE#41,
tEqlz,8/1p1k4/3PR3/1K6/2P5/4R3/1q6/8 w - - 3 94,b5c5 b7b6 c5d5 b2d2 d5e4 d7e6,1718,78,93,5575,crushing deflection endgame interference long queenRookEndgame,https://lichess.org/pdUMmMoj#187,
tFdzp,2kr2r1/1p2Rp2/p1pq1p1p/3p4/Q1PP4/PNPB1b1P/5PP1/4R1K1 w - - 1 21,g2g3 g8g3 g1f1 f3g2 f1e2 d6e7,1850,77,87,844,crushing interference kingsideAttack long middlegame,https://lichess.org/dqP1iPKr#41,
tFoaJ,5rk1/2b3pp/5p2/3p4/2pPp1P1/2P1P3/4BKNq/2QR4 w - - 4 30,d1h1 c7g3 f2f1 h2h1,1609,80,89,67,interference mate mateIn2 middlegame short,https://lichess.org/1Gc0cgRe#59,
tGLwY,2r5/pp1k1ppp/nq2p3/3pP2P/6P1/B4P2/PPb1Q2R/2R1K3 w - - 2 24,c1c2 c8c2 e2c2 b6g1 e1e2 g1h2,1830,74,95,3227,advantage exposedKing interference long middlegame,https://lichess.org/EbYtQHIP#47,
tHIj7,5Rk1/2p1q2p/1p4p1/8/8/P1Q5/1P4PP/7K b - - 0 35,g8f8 c3h8 f8f7 h8h7 f7f6 h7e7,1782,75,79,126,crushing endgame exposedKing interference long queenEndgame,https://lichess.org/5B7WkKfu/black#70,
tHM2E,5k2/8/r4p1p/4KP2/8/P6R/8/8 w - - 0 50,e5f4 a6a4 f4f3 a4a3 f3g2 a3h3 g2h3 f8e7,1819,75,86,270,crushing defensiveMove endgame interference rookEndgame veryLong,https://lichess.org/A8vfXhCb#99,
tHQ9b,2rq1rk1/pp2np1p/5R2/1B2P1p1/3Pp1P1/6K1/PP6/R2Q4 b - - 1 21,e7d5 f6d6 d8a5 d6d5,1684,75,86,173,advantage interference middlegame short,https://lichess.org/z8o6IoAd/black#42,
tIzi6,6k1/pp1b2rp/2qPpQ2/5p2/8/P5PP/5P2/3R2K1 b - - 0 33,c6f3 f6d8 g8f7 d8d7 f7f6 d7d8,1857,76,92,514,advantage endgame interference long,https://lichess.org/pf0psKex/black#66,
tKoCS,r1b2rk1/p4ppp/1qP1pn2/1B1pN3/1p2nB2/8/PPP1QPPP/R3K2R b KQ - 6 14,e4f2 f4e3 b6c7 e3f2,1666,74,94,9234,advantage interference master middlegame short,https://lichess.org/ste7JNrO/black#28,Caro-Kann_Defense Caro-Kann_Defense_Gurgenidze_Counterattack
tMXtZ,8/5pk1/6p1/8/5P2/2p2qP1/P1Q4P/5K2 w - - 1 42,f1e1 f3h1 e1e2 h1h2,1620,101,86,37,crushing endgame interference queenEndgame short,https://lichess.org/orSGL1KZ#83,
tMeRB,7k/1pb2qpp/p1n1r3/8/4p3/1QP4P/PP1R1PP1/3R2K1 b - - 1 26,h7h6 d2d7 f7f6 d7c7,1671,78,91,1163,crushing interference middlegame short,https://lichess.org/X8hr7MVL/black#52,
tMjFj,8/8/7p/1k1Q2p1/3b2P1/1P5P/K1P5/3q4 b - - 0 41,b5b4 c2c3 b4c3 d5c4 c3d2 c4d4,1827,76,61,60,attraction crushing deflection endgame interference long,https://lichess.org/d69ai6cu/black#82,
tMkFA,r5k1/pp2q2p/4b1p1/3p4/1PpB1P2/P7/8/2K1Q2R b - - 2 31,a8e8 e1e5 e6f5 e5h8 g8f7 h1h7,1709,75,91,1149,crushing deflection endgame interference long master masterVsMaster,https://lichess.org/gxEc6wk6/black#62,
tMvVJ,r3kb2/pp1n1pp1/2p1P1pr/6N1/6Pq/4P3/PPP2P2/R1BQRK2 w q - 3 18,g5f7 h4h3 f1e2 h3g4,1758,75,87,282,advantage interference middlegame short,https://lichess.org/bXiYaHJA#35,Queens_Pawn_Game Queens_Pawn_Game_Other_variations
tNKjZ,r7/pb3pk1/1p1q2p1/4p3/1PBP1n2/P3KPP1/5Q2/2R4R w - - 0 37,g3f4 d6d4 e3e2 d4b2 e2f1 b2c1,1835,77,92,914,crushing interference long middlegame,https://lichess.org/RDj04Ivg#73,
tObL9,2b3rk/5p1p/pq3r2/4p3/1PB4Q/P5P1/5P1P/3RR1K1 w - - 2 31,d1d2 g8g4 h4h5 g4c4,1869,88,66,26,advantage interference master middlegame short,https://lichess.org/EU6N1piE#61,
tOxip,r4rk1/ppp2ppp/5n2/n2q4/3P4/B1PB1P2/P4P1P/1R1Q1RK1 b - - 4 13,f8e8 b1b5 d5a2 b5a5,1648,79,88,60,advantage interference master middlegame short,https://lichess.org/2EdcoHu9/black#26,Danish_Gambit_Declined Danish_Gambit_Declined_Sorensen_Defense
tQPDW,4r1k1/3R2pp/1pNP1b2/p7/5P2/3r4/5PPP/5RK1 w - - 2 29,f1c1 d3c3 c1d1 c3c6,1893,75,96,3417,advantage endgame interference master short,https://lichess.org/gPJaJYdl#57,
tQxQa,2q1r1k1/p4p2/5bp1/2R2p1p/1P5P/P4QP1/5PB1/6K1 b - - 0 32,c8a6 c5c6 a6b5 c6f6 e8e1 g1h2,1633,75,91,613,advantage endgame interference long master,https://lichess.org/mQw7ylX0/black#64,
tTLDe,3r3r/1pqkbppp/2bpp3/6B1/7P/Q4N2/PPP2PP1/1K1R3R b - - 5 16,d8a8 f3e5 d7e8 a3a8,1725,99,86,37,crushing interference middlegame pin short,https://lichess.org/I2sPCmzg/black#32,Sicilian_Defense Sicilian_Defense_Chekhover_Variation
tTUGH,rnb1k2r/pp3p2/2p1p2p/4P1p1/1b4q1/2NB1N2/PPP2P1P/R2QR2K b kq - 0 15,b8d7 e1e4 g4h5 e4b4,1725,74,89,1703,advantage interference middlegame short,https://lichess.org/XDRDieCy/black#30,French_Defense French_Defense_Normal_Variation
tVJz1,r3r1k1/ppp1qp2/2n4p/3p1bp1/3P4/2PQPNPP/P4KP1/1BR4R w - - 9 18,d3f5 e7e3 f2f1 e3c1,1636,75,98,6045,advantage interference middlegame short,https://lichess.org/I6Ji81nX#35,Queens_Pawn_Game Queens_Pawn_Game_Chigorin_Variation
tVQMT,r5q1/ppkbb3/4p2p/4P3/1PPRQ2P/2N5/P4P2/4K3 b - - 0 23,e7b4 d4d7 c7d7 e4b7 d7e8 b7a8,1713,129,78,13,advantage attraction deflection fork interference long middlegame,https://lichess.org/NiUiUeNr/black#46,
tVp2j,5k2/p5q1/3Q3p/6p1/4p3/1P6/P5PP/6K1 b - - 0 35,f8e8 d6b8 e8f7 b8a7,1602,77,87,256,crushing endgame interference queenEndgame short,https://lichess.org/pFf7BwBA/black#70,
tYHIm,6k1/4rp2/p2p1n1p/1p2pB2/5p2/P1P2q1P/1P1R4/2Q1R1Kb b - - 1 31,f6h5 f5g4 f3b7 g4h5,1894,75,88,513,advantage interference middlegame short,https://lichess.org/ybZeGL5O/black#62,
tYfse,r1bqkb1r/4nppp/8/p1BPp3/1p6/8/PPN2PPP/R2QKB1R b KQkq - 0 14,e7d5 f1b5 c8d7 d1d5 d7b5 d5e5,1860,75,86,1202,crushing interference intermezzo long opening,https://lichess.org/ERfW1vDn/black#28,Sicilian_Defense Sicilian_Defense_Lasker-Pelikan_Variation
tZoTO,4r3/6pk/6q1/3Q3p/p2B4/R4P2/5KPP/3b4 w - - 15 44,a3a2 d1b3 d5c5 b3a2,1749,97,76,40,crushing endgame fork interference short,https://lichess.org/qBETFr4D#87,
tZuy5,4R1kr/5p2/1pQ3p1/p7/P4Pp1/3K2Pr/6qP/8 b - - 1 41,g8g7 c6c3 f7f6 c3c7 g7h6 e8h8,1732,74,96,11174,deflection endgame interference long mate mateIn3,https://lichess.org/hASo3Gm8/black#82,
taODs,5r1k/pp6/3r2P1/4b1N1/5P2/1Q4K1/PP6/8 b - - 0 34,e5f4 g3g4 d6g6 b3h3 h8g7 h3h7 g7f6 g4f4,1616,75,94,2210,advantage clearance defensiveMove endgame exposedKing interference veryLong,https://lichess.org/uKRqb8LU/black#68,
taa4P,2r2rk1/pb1nqppp/1pp1p3/3nP3/1PQPN3/5NP1/P4PBP/2R2RK1 b - - 2 16,d5b4 e4d6 b7a6 c4b4,1618,77,94,3422,crushing fork interference intermezzo master middlegame short,https://lichess.org/JMqRcfdU/black#32,Queens_Gambit_Declined Queens_Gambit_Declined_Other_variations
teM5Z,2bq1b2/4kpr1/p2p1p2/1pr1p2Q/4P3/P1P2NP1/BP3P1P/R3R1K1 w - - 3 21,a1d1 c8g4 h5h8 g4f3 d1d3 f3g4,1749,111,84,17,advantage defensiveMove interference long middlegame,https://lichess.org/xW89KgN0#41,
teYNy,4r1k1/ppQ3bp/q2P2p1/P4p2/8/2Nb3P/1P2NRP1/7K b - - 0 29,a6c6 d6d7 c6c7 d7e8q,1733,77,91,2577,advancedPawn crushing interference kingsideAttack master middlegame promotion short,https://lichess.org/WP8mBvIS/black#58,
tfF2V,r5r1/p1qkpR2/1p1p2pQ/2p4p/4P2P/3P4/P5P1/5RK1 b - - 4 25,c7c6 f7e7 d7e7 h6h7 e7d8 h7g8,1666,75,90,155,attraction crushing endgame interference long sacrifice,https://lichess.org/htQsyhaD/black#50,
tfWaZ,r6r/pbkp4/1q2pQ1p/1p6/1p1R4/P5P1/2P1B2P/3R2K1 b - - 3 29,b4a3 f6e5 d7d6 e5g7 c7b8 g7h8,1897,75,96,442,advantage interference long middlegame,https://lichess.org/erp4X2WQ/black#58,
tgmg4,4r1k1/p2q1pp1/5b1p/2pp3n/1r6/1PN2PB1/P1P3PP/R2QR1K1 w - - 6 19,c3d5 e8e1 g3e1 f6a1 e1b4 a1d4 g1f1 d7d5,1827,245,0,4,advantage interference kingsideAttack middlegame veryLong,https://lichess.org/F9TtjIph#37,Scotch_Game Scotch_Game_Schmidt_Variation
ti3Rm,rnb4r/pp2qkb1/2ppp2p/7p/3PNB2/1QPBPP2/PP4P1/R3K3 b Q - 3 15,d6d5 e4d6 f7g8 d6c8 e7d7 c8d6,1678,75,93,423,advantage interference long middlegame,https://lichess.org/wvZy5oQQ/black#30,Queens_Pawn_Game Queens_Pawn_Game_Other_variations
tiGtx,r1bqk2r/pp3ppp/2p5/3pP3/1b1N4/2n2N2/PP2PPPP/R2QKB1R w KQkq - 0 10,b2c3 b4c3 f3d2 c3d4,1724,76,87,209,advantage deflection fork interference opening short,https://lichess.org/m216IiFn#19,Rapport-Jobava_System Rapport-Jobava_System_Other_variations
ticcc,3r1k2/p4p2/4pQp1/1Pp1B2p/r3P1PP/3q1P2/8/6RK b - - 2 34,h5g4 f6h8 f8e7 e5f6 e7d6 h8d8,1664,76,86,138,deflection endgame interference long mate mateIn3,https://lichess.org/50G2o0xr/black#68,
tielm,r2k1r2/pp1b2pN/1qp5/8/3P2nQ/2N5/PPP3PP/R1B3K1 b - - 0 18,d8c7 h4g3 c7c8 h7f8,1807,80,92,7790,crushing interference middlegame short,https://lichess.org/Wtwt7N0Z/black#36,Duras_Gambit Duras_Gambit_Other_variations
tinVo,r2q3r/pQ2pkbp/2npbnp1/2p5/4P3/2PP1N2/PP3PPP/RNB2RK1 b - - 0 9,d8d7 f3g5 f7g8 b7a8 d7c8 a8c8,1627,76,92,4076,advantage interference long middlegame,https://lichess.org/TotQyTVF/black#18,Sicilian_Defense Sicilian_Defense_Bowdler_Attack
tjVXl,3rr1k1/5p1p/p5p1/2pNb2P/8/1P1QBP1q/P1R4P/3R2K1 w - - 3 23,e3g5 e5d4 g1h1 d8d5,1855,74,89,281,advantage interference master middlegame short,https://lichess.org/7jgipMYW#45,
tkt35,6rk/pp2Q1p1/2p3Rp/3q4/3P4/2P2r2/PP2RPKP/8 w - - 6 25,e7e6 f3f6 e6d5 f6g6,1818,75,90,193,advantage discoveredAttack discoveredCheck endgame interference sacrifice short,https://lichess.org/ufM5WeKS#49,
tl04A,5Rk1/1pp1q2p/p2p2pP/3P4/P2Q4/4P3/6P1/6K1 b - - 0 30,g8f8 d4h8 f8f7 h8h7 f7f6 h7e7 f6e7 h6h7,1849,74,97,3111,advancedPawn crushing endgame exposedKing interference queenEndgame veryLong,https://lichess.org/g9exPQdJ/black#60,
tlEeF,2r3k1/2rn2p1/1q4PR/3pPp2/3N4/Pp6/1P1Q4/1K1R4 b - - 0 32,d7e5 h6h8 g8h8 d2h2 h8g8 h2h7 g8f8 h7h8 f8e7 h8g7,1873,76,81,81,advantage attraction deflection fork interference middlegame sacrifice veryLong,https://lichess.org/Mrx85aSe/black#64,
tlQGz,5r2/6pk/p1r1q2p/1p2Pp2/1bp2P2/7Q/1P3BPP/R2R2K1 b - - 2 26,b4c5 f2c5 c6c5 d1d6 e6e8 a1a6,1819,76,93,1266,crushing interference long middlegame,https://lichess.org/MT5Fnt2t/black#52,
tlaMq,8/p1r3pp/3k4/R7/2PK4/5P1P/8/8 b - - 6 40,c7f7 a5a6 d6d7 a6a7,1670,78,90,68,crushing endgame interference rookEndgame short,https://lichess.org/uD4iNZYh/black#80,
tlmBl,r5k1/1b3ppp/p1p5/5P2/1QKp4/3B3P/PPP3rq/4RR2 w - - 0 27,b4b7 g2c2 d3c2 h2c2 c4b4 c2b2,1716,75,94,2675,crushing interference long middlegame,https://lichess.org/f21AwyAJ#53,
tlt3R,8/5r2/4K1k1/6p1/2P1R3/8/8/8 w - - 0 66,e4g4 f7f4 g4g2 f4c4,1824,75,98,978,crushing endgame interference rookEndgame short,https://lichess.org/ZxldWBaI#131,
tm9Ax,3r2k1/p3qp1p/1p2r1p1/8/3p1PN1/2P3P1/PPB2Q1P/3R2K1 w - - 2 26,c3d4 e6e2 f2f3 e2c2,1707,76,95,11316,advantage interference master middlegame short,https://lichess.org/AMLpwkht#51,
tmNdv,1r1q1rk1/1bp1bppp/p1pp4/4N3/3P2Q1/2P5/PP3PPP/R1B1R1K1 w - - 0 15,e5d7 f7f5 g4e2 d8d7,1790,76,90,1263,crushing interference middlegame short,https://lichess.org/jmreuQH6#29,Ruy_Lopez Ruy_Lopez_Classical_Variation
tow4K,rn2kbnr/pp3pp1/4p1b1/q1PpP1Pp/7P/2N1BP2/PPP5/R2QKBNR b KQkq - 2 10,f8c5 f1b5 b8c6 e3c5,1700,82,82,100,advantage interference intermezzo middlegame pin short,https://lichess.org/K760KKLx/black#20,Caro-Kann_Defense Caro-Kann_Defense_Advance_Variation
tpkKQ,r4rk1/1b1p1p2/4q1p1/3np1B1/1pB4Q/8/1PP2PPP/2KR3R w - - 0 24,c4d5 a8a1 c1d2 e6d5,1759,77,94,1949,crushing interference intermezzo middlegame queensideAttack short,https://lichess.org/v9hLE1qD#47,
tqJi8,r1b1kbnr/pp3ppp/1q2p3/3p4/P2p4/1P3Q2/2PB1PPP/RN2KB1R b KQkq - 0 9,f8b4 f1b5 c8d7 d2b4 d7b5 a4b5,1656,75,89,1461,advantage interference long opening,https://lichess.org/2Wt5MtC0/black#18,French_Defense French_Defense_Advance_Variation
tqTLS,3r3r/2k5/Qbp2p2/4pq1p/8/P2P2P1/1P3P1P/2R2RK1 b - - 0 27,f5d3 c1c6 c7c6 f1c1 c6d7 a6d3,1806,76,98,2509,advantage attraction interference long middlegame sacrifice,https://lichess.org/KaZaKlzq/black#54,
tqbRr,6r1/2p5/p1p1R1P1/2P5/PP4K1/4R3/3k4/6r1 w - - 1 63,g4f5 g8f8 f5e5 d2e3,1872,76,94,11425,crushing endgame interference rookEndgame short,https://lichess.org/u5N8x5v8#125,
tr87O,r5r1/1p1k3p/p1qp2p1/2p2nQ1/P7/2PB4/1PP4P/4RRK1 b - - 3 22,h7h6 d3f5 g6f5 e1e7 d7d8 g5g8,1753,173,82,36,crushing interference long middlegame,https://lichess.org/HWvzhZ4U/black#44,
trAE4,1rbq1rk1/p1p4p/2Qb2p1/3P1p2/5P2/2P1B3/PP1N2PP/R4RK1 w - - 1 20,d2c4 c8d7 c6a6 d7b5 a6a7 b5c4,1685,73,94,8471,advantage interference long middlegame,https://lichess.org/L6VKofAv#39,
trRry,8/6b1/3k4/7B/1r2PP2/2np2P1/6KP/2R5 b - - 0 37,d3d2 e4e5 d6e7 c1c3,1782,76,95,8780,crushing endgame interference master short,https://lichess.org/9yEzWeZS/black#74,
tt9O0,r2kr3/ppp2Q1p/2n5/3n1b2/2BP4/2P3P1/P1PB3P/2KR2Nq b - - 0 15,f5e6 d2g5 c6e7 f7e6,1743,76,88,410,crushing interference middlegame short,https://lichess.org/xo8nGRsb/black#30,Vienna_Game Vienna_Game_Omaha_Gambit
tu5cH,r4k1r/1ppn2pp/1bnp4/p2Bp3/P1Q1P3/2Pq4/1P1N1P1P/R1B2RK1 b - - 1 15,d3h3 d5e6 h3h5 e6d7,1743,75,91,583,advantage interference middlegame short,https://lichess.org/bOyNg0Bn/black#30,Italian_Game Italian_Game_Classical_Variation
tuV97,Q4B2/2p1k2p/1p1pP3/1r4q1/8/6P1/7P/6K1 b - - 8 38,e7e6 a8e8 e6f5 e8b5,1678,75,93,240,advantage endgame interference short,https://lichess.org/SmUB8flk/black#76,
tubZC,1r2rk2/1p1qb1p1/p1np1pP1/7Q/5P2/P3P3/1P1B3R/1R2K3 b - - 0 29,e7d8 h5h8 f8e7 h8g7 e7e6 f4f5 e6d5 g7d7,1600,96,78,28,crushing deflection interference middlegame veryLong,https://lichess.org/4jMlNN7f/black#58,
tvKML,3rn1k1/1p3pbp/1q1p2p1/1Np5/4P3/1PPQBP2/1P4PP/3R2K1 w - - 5 20,e3f4 c5c4 f4e3 b6b5,1629,76,94,2151,advantage discoveredAttack discoveredCheck interference middlegame short,https://lichess.org/Aefwvz7B#39,
twKTN,r3k1r1/p4p2/2p2Qnp/4n3/2P1P2q/2N1B2b/PP2B1PP/R4RK1 w q - 3 20,g2h3 g6f4 g1h1 h4f6,1823,75,87,275,advantage discoveredAttack discoveredCheck interference middlegame short,https://lichess.org/q7B6ofBC#39,
twn8E,5rk1/p1qp2p1/4p1Qp/1pb5/4Br2/2P5/PP3PPP/R4RK1 b - - 2 22,c5f2 f1f2 f4f2 g6h7 g8f7 g1f2,1837,76,89,191,advantage interference long middlegame sacrifice,https://lichess.org/uu6E3lQU/black#44,
txn7n,3r1rk1/1bq1b1pp/p1n1p3/1pp2p2/4P3/2P1QN2/PPB2PPP/R1B1R1K1 w - - 0 17,f3g5 f5f4 e3h3 e7g5,1650,82,87,70,advantage interference middlegame short,https://lichess.org/HqnENYsO#33,Sicilian_Defense Sicilian_Defense_Alapin_Variation
txu7H,8/q4p1k/2PQp1p1/3pP1Pp/3P3P/1r3N2/5PK1/8 b - - 0 69,b3c3 d6d7 a7b8 d7f7,1884,81,83,40,crushing endgame interference short,https://lichess.org/CmNLn37f/black#138,
tyvSF,2rqk2r/pp1nbppp/4p2n/3pPb2/NP1P4/P4N2/4BPPP/R1BQ1RK1 w k - 3 13,c1e3 f5c2 d1d2 c2a4,1653,76,72,68,advantage interference opening short,https://lichess.org/S9wca8Nj#25,Scandinavian_Defense Scandinavian_Defense_Other_variations
u07Zk,1nk3rr/1p1qn3/8/1PP1b1B1/3p3P/1Q1P1N2/5PK1/R3R3 w - - 0 26,f3e5 g8g5 g2f1 d7h3 f1e2 g5e5,1675,114,74,15,crushing interference long middlegame,https://lichess.org/2ZwizF12#51,
u0txM,2r4r/p2n1kq1/1p1p4/1PpPpQ2/P1PP1p2/8/5P1N/2B1R2K b - - 1 34,d7f6 f5e6 f7f8 e6c8,1855,77,93,1842,crushing interference master middlegame short,https://lichess.org/lkFH1UXa/black#68,
u1MLx,8/5ppk/p3p1n1/2B1P3/5P2/1P4Pp/P2Q1KqP/8 w - - 4 36,f2e1 g2h1 e1e2 h1h2,1785,75,92,1046,crushing endgame interference master short,https://lichess.org/QEzV3rfr#71,
u1YNU,6r1/pp1k4/6q1/2pP1pnp/2P1p3/1P4QB/P6N/R6K w - - 0 36,a1g1 g5h3 g3g6 h3f2 h1g2 g8g6 g2f2 e4e3 f2e3 g6g1,1872,79,91,1959,crushing deflection exposedKing interference intermezzo middlegame sacrifice veryLong,https://lichess.org/PDcwp12T#71,
u1a7a,r2q1rk1/1b3pp1/pp2pn1p/n2p4/3P1B2/P2BPN2/2Q2PPP/1R3RK1 b - - 1 19,b6b5 f4c7 d8c8 c7a5 c8c2 d3c2,1809,77,93,1180,crushing interference long middlegame,https://lichess.org/wzbsHbay/black#38,Queens_Pawn_Game Queens_Pawn_Game_Chigorin_Variation
u46fE,1r3k2/1Bq4r/p5p1/2pR1p1p/3p4/PQ1P3P/5PP1/1R4K1 b - - 0 26,b8b7 b3b7 c7b7 d5d8 f8e7 b1b7 e7d8 b7h7,1746,74,96,12261,crushing endgame exposedKing interference intermezzo sacrifice skewer veryLong,https://lichess.org/F3tltNxS/black#52,
u4sby,8/3k4/1K2p2p/1P1pPp1P/p4Pp1/P1r3P1/8/1R6 w - - 11 42,b6a7 c3b3 b1d1 b3b5,1896,84,85,59,crushing endgame interference rookEndgame short,https://lichess.org/zvn9ZzjP#83,
u4sjv,6k1/1p5p/p1p5/3pQp2/PP1P2r1/4P1n1/1R2KNq1/5R2 w - - 12 39,e2d3 g2f1 d3c2 f1f2,1660,76,91,3243,crushing hangingPiece interference master middlegame short,https://lichess.org/DfyORFU2#77,
u5gsF,2rq1rk1/1p4pp/2b1p1n1/pB1pPp2/Pn1P4/2N1QN2/1P3PPP/2R1R1K1 w - - 0 17,f3g5 f5f4 e3h3 d8g5 h3e6 g8h8,1678,75,94,1794,crushing interference long middlegame,https://lichess.org/ZS3QVkSJ#33,French_Defense French_Defense_Advance_Variation
u69xZ,6k1/p1r3pp/4q3/3Q4/8/4b2P/PP2B1P1/3RKr2 w - - 0 29,e2f1 e3d2 e1d2 e6d5,1772,122,87,36,attraction crushing discoveredCheck doubleCheck endgame interference short,https://lichess.org/SoJ7Jy4g#57,
u6MZF,3r3r/pp1k1p1p/4p3/q2RQ3/8/6nP/PP3PPK/2R5 b - - 0 21,a5d5 c1c7 d7e8 e5h8,1719,76,91,1611,endgame interference mate mateIn2 short,https://lichess.org/oYeXrHao/black#42,
u6oV9,1k1r3r/2p2pbp/B1b2q1p/Q1N5/3Pp3/4P3/PPP2PP1/2KR2NR w - - 7 23,d4d5 f6b2 c1d2 d8d5,1694,74,79,262,crushing interference middlegame queensideAttack short,https://lichess.org/wAXGOb1y#45,
u6qgM,rq3rk1/4bppp/pp2pn2/3bB3/P7/5N1P/3N1PP1/2RQ1RK1 b - - 1 19,b8b7 c1c7 b7b8 c7e7 b8d8 e7c7,1761,92,62,46,advantage interference long middlegame,https://lichess.org/6iRQRpuN/black#38,
u7T8L,1b2r1rk/1p3p1p/8/2p2R2/PpP1q2N/4P1PB/4Q2P/4RK2 w - - 9 43,f5f7 e4h1 f1f2 h1h2,1629,82,86,54,crushing interference middlegame short,https://lichess.org/Kr2HgiTg#85,
u7WX9,r2q3r/pb1n1kpQ/1p1bpR2/2ppP3/3P4/2PBP3/PP1N2PP/R1B3K1 b - - 0 17,d7f6 d3g6 f7f8 h7h8,1680,75,99,562,crushing interference middlegame short,https://lichess.org/OzUkctAM/black#34,Queens_Pawn_Game Queens_Pawn_Game_Other_variations
u7yoZ,6k1/p5q1/1p5p/2p5/P3Q1P1/1P6/2P5/1K6 b - - 10 59,g8f8 e4a8 f8f7 a8a7,1711,127,83,12,crushing endgame interference queenEndgame short,https://lichess.org/boSk2DJS/black#118,
u85sM,3rr2k/pp5p/2n4P/4Rbp1/5p2/1BB2P2/PPP2PK1/7R b - - 0 29,c6e5 h1e1 f5e6 e1e5,1757,205,83,3,crushing interference master middlegame short,https://lichess.org/541K9H01/black#58,
u8QGr,r3k2r/8/1q1pN1p1/p2Pp3/P1p3Q1/1pP3n1/1P3P2/R4RK1 b kq - 0 30,g3f1 g4g6 e8d7 g6g7 d7c8 g7h8,1796,75,97,762,crushing exposedKing interference long middlegame,https://lichess.org/THbbRWzm/black#60,
uAur8,8/5p1p/p4rp1/2Pk4/1P1p2P1/3K3P/2R2P2/8 w - - 18 44,c5c6 f6f3 d3d2 f3f2 d2d1 f2c2,1823,74,88,265,crushing endgame exposedKing interference long rookEndgame,https://lichess.org/GrHTeid8#87,
uBQeR,2r1r1k1/pb3pp1/1p1p1q1p/3P4/4P3/P4B2/3Q1PPP/R3R1K1 b - - 0 20,c8c3 e4e5 e8e5 d2c3 e5e1 c3e1,1616,75,85,1222,crushing interference long middlegame,https://lichess.org/lBNjdcE9/black#40,
uBu99,r6r/p2P2b1/b2Nk3/4ppPp/8/2P1PP2/q1P3QB/2KR2R1 w - - 0 24,e3e4 a2a3 c1d2 a3d6,1830,74,94,7886,advantage interference master middlegame short,https://lichess.org/m63znx2g#47,
uC4pt,8/7k/p5p1/3Pp3/4P3/5qPp/P1Q4P/5K2 w - - 5 48,f1e1 f3h1 e1d2 h1h2,1652,76,86,129,crushing endgame interference queenEndgame short,https://lichess.org/B0QLsiK0#95,
uCz3M,r5k1/p3rq1p/1p1p2pQ/3Pp3/1PR1p1P1/8/P4PP1/2R3K1 b - - 6 29,f7d5 c4c8 a8c8 c1c8 g8f7 h6h7,1865,76,83,118,advantage endgame interference kingsideAttack long,https://lichess.org/UESVL7OC/black#58,
uE8bK,r2qr3/1p1bkpQ1/1b2p3/pP1p2Pp/P2P4/4P2P/1B3PK1/1R1R4 b - - 0 26,e8g8 b2a3 b6c5 a3c5 e7e8 g7g8,1656,74,95,7156,interference long mate mateIn3 middlegame,https://lichess.org/9pWL42FH/black#52,
uEevH,2r1k2r/1p5p/1b1q1Np1/p3pb2/2B4Q/P7/5PPP/2R3K1 b - - 3 28,e8f8 h4h6 f8e7 h6g7 e7d8 g7h8,1661,86,44,48,crushing exposedKing interference long middlegame,https://lichess.org/jgU32ea5/black#56,
uHSR4,6k1/2p4p/3p3n/2pP3q/2P1r3/PPN1pN1b/5bP1/R2Q1B1K w - - 0 34,g2h3 e3e2 c3e2 h5f3 f1g2 f3e2 d1e2 e4e2,1864,75,95,4257,advancedPawn advantage deflection exposedKing fork interference middlegame veryLong,https://lichess.org/0NaxjloP#67,
uIdf0,5k2/pp6/3p1q2/2pP1p2/2P2p2/1P1Q2KP/P7/8 w - - 0 35,g3f4 f6h4 f4f3 h4h3,1893,78,88,66,crushing endgame interference queenEndgame short,https://lichess.org/jdxnsrbw#69,
uIekd,5k2/ppq3bQ/4B3/8/3pp3/1P2P1P1/P2n1PKP/8 b - - 0 31,d4e3 h7g8 f8e7 g8g7,1878,75,93,1792,advantage deflection endgame interference master short,https://lichess.org/csRrJ9Us/black#62,
uIjyR,4r2k/pp1q2pp/2p2bp1/2P5/1PQprP2/1N2PR1P/P2BR1P1/6K1 w - - 3 27,g2g4 d4d3 c4c1 d3e2,1733,291,100,1,advancedPawn advantage interference middlegame short,https://lichess.org/UVZAIYie#53,
uJGuM,1k4r1/pp6/2pb2q1/P2p4/1P1B4/2P2R2/5RPp/5N1K b - - 7 41,a7a6 f3f6 g6b1 f6d6,1696,86,86,42,advantage interference middlegame short,https://lichess.org/LJbfa5lr/black#82,
uJd1r,2r2rk1/pp1q2p1/2nbp3/5pP1/3Pp3/2P1R1BQ/PP4PP/R5K1 b - - 0 21,f5f4 g5g6 f8f6 h3h7 g8f8 h7h8 f8e7 h8g7,1672,74,89,560,crushing deflection interference kingsideAttack middlegame veryLong,https://lichess.org/rknIMygn/black#42,
uMN4T,r4r2/4qp1k/3p1b1p/p1pPnP2/Pp2N3/1P2Q2P/2P3P1/4RR1K b - - 3 30,f6g5 f5f6 g5e3 f6e7,1723,75,92,147,advancedPawn advantage interference middlegame short,https://lichess.org/J1fX3kvD/black#60,
uNH1T,r5k1/3q1bp1/p2p1pB1/1pp2P2/7Q/8/PPP4P/1K4R1 b - - 7 26,f7g6 f5g6 a8e8 h4h7 g8f8 h7h8 f8e7 h8g7,1719,78,89,997,crushing deflection endgame interference veryLong,https://lichess.org/lWgBWHli/black#52,
uNK0S,r4rk1/1p1R1p1p/p3p1pQ/4P3/2q2P2/1NB1n3/2P3PP/R5K1 b - - 0 23,c4c3 d7d3 c3c2 d3e3,1768,76,79,61,advantage interference master middlegame short,https://lichess.org/X81Fv0iQ/black#46,
uNQId,3q2k1/pp1P1ppp/1P2p3/3p4/P7/8/5PPP/5Q1K b - - 0 28,a7a6 f1c1 d8d7 c1c7 d7e8 c7b7,1863,76,61,65,crushing endgame interference long queenEndgame quietMove,https://lichess.org/0GoYNj9i/black#56,
uNqsR,1r1q1r2/4pp1k/3p1b2/1ppP1P2/2P1N1pP/8/1P4P1/R2QK2R b KQ - 3 21,f8g8 e4g5 h7g7 d1g4,1720,75,94,1105,crushing interference master middlegame short,https://lichess.org/HzijrMQR/black#42,
uOYeU,r2qkb1r/3b1pp1/1n2pn1p/1p6/p2PPB2/P1QB1N2/4NPPP/R3K2R b KQkq - 2 14,f8e7 f4c7 d8c8 c7b6 c8c3 e2c3,1606,77,84,1093,advantage interference long middlegame,https://lichess.org/RYxTs4qi/black#28,Queens_Gambit_Accepted Queens_Gambit_Accepted_Rosenthal_Variation
uPXFA,3rr1k1/ppp3p1/2n2qNp/2Q2p1P/8/2P3P1/PP3PB1/R1B2nK1 b - - 0 22,f1d2 g2d5 g8h7 c1d2,1723,75,89,190,advantage interference middlegame short,https://lichess.org/ZQlOckCx/black#44,
uQLgN,8/8/5k2/pp1rn2p/N5pP/P1R1K1P1/1P6/8 w - - 0 42,a4c5 e5c4 e3e4 d5c5,1692,79,83,70,advantage endgame interference master masterVsMaster short,https://lichess.org/hSgITuEn#83,
uSl8s,r3kb1r/ppp2ppp/4p3/4Pb2/2pPB2q/4P3/PP4PP/RNBQ1RK1 b kq - 0 10,f5e4 f1f4 h4e7 f4e4,1813,76,91,2215,advantage interference middlegame short,https://lichess.org/GXyyjFnc/black#20,Queens_Pawn_Game Queens_Pawn_Game_Other_variations
uVXva,r3k2r/pp1n2pp/2p2n2/3p3q/3P4/1N2pPQb/PPP1B3/RNB3RK w kq - 8 18,g3g5 h3g2 h1g2 h5g5,1627,91,88,34,attraction crushing doubleCheck interference kingsideAttack middlegame short,https://lichess.org/9XYtZMFM#35,Philidor_Defense Philidor_Defense_Lopez_Countergambit
uVqcN,r5r1/2kb4/1p1N1Bp1/3pP3/3p1QPP/8/q1P1K3/1R3R2 w - - 0 36,f4d4 a2c2 d4d2 d7g4 e2e1 c2b1,1758,77,93,492,advantage deflection exposedKing interference long middlegame pin,https://lichess.org/cw6B8v0X#71,
uW0DR,r2qk1nr/1p2bppp/p2p4/8/3QP3/7P/PP3PP1/RN2KB1R w KQkq - 1 12,d4g7 e7f6 g7g3 f6b2,1679,73,96,12235,advantage interference middlegame short,https://lichess.org/z2U0nbSP#23,Kings_Pawn_Game Kings_Pawn_Game_Macleod_Attack
uWEF8,r1b1k3/1pb2p2/p2qpR2/2pp3B/8/1P2P1r1/PBPP3P/RN1Q2K1 w q - 0 15,h2g3 d6g3 g1f1 g3h3 f1e2 h3h5 f6f3 e6e5,1823,74,94,12383,advantage defensiveMove exposedKing interference kingsideAttack middlegame veryLong,https://lichess.org/FCf5ErhG#29,Bird_Opening Bird_Opening_Dutch_Variation
uWk6J,2r1k2r/1pN1b1pp/p1n1Nn2/5B2/5B2/6P1/PP5K/5R2 b - - 1 25,e8f7 e6g5 f7f8 f5c8,1817,77,96,19031,crushing discoveredAttack interference middlegame short,https://lichess.org/MvorzOO5/black#50,
uWya1,r3k2r/p1pn1pp1/1p1pp2p/8/2PP4/P1PBPq2/2Q2P1P/R3K1R1 b Qkq - 1 13,g7g6 d3e4 f3h5 e4a8,1746,86,71,56,advantage fork interference middlegame short,https://lichess.org/TiMwZNoR/black#26,Nimzo-Indian_Defense Nimzo-Indian_Defense_Leningrad_Variation
uYBci,r4bkr/pp4pp/5n2/3qN3/2Q5/3P4/PPP2PPP/RNB3K1 w - - 3 14,c4c7 f8d6 c7c4 d6e5,1625,74,89,160,advantage interference middlegame short,https://lichess.org/mvyDhZUy#27,Scandinavian_Defense Scandinavian_Defense_Modern_Variation
uYBys,r3kbr1/2p2p1p/pp1p1Q2/4p3/4P3/3P3P/PPq2PP1/R1B2RK1 w q - 0 14,c1h6 g8g6 f6h8 g6h6,1640,75,90,2065,advantage interference middlegame short,https://lichess.org/FZTs1rdt#27,Philidor_Defense Philidor_Defense_Other_variations
uYFkf,5rk1/pp4pp/3qp3/3p4/7R/5r2/PPQ2P1P/2R3K1 b - - 1 28,f3f2 c2h7 g8f7 g1f2,1804,75,96,2348,advantage endgame interference short,https://lichess.org/6AeMckv2/black#56,
uYVrn,8/6k1/5pp1/1p3n1p/3pq3/1P3RPP/5PK1/3Q4 w - - 0 37,d1d3 f5e3 f2e3 e4d3,1820,75,69,107,crushing endgame interference short,https://lichess.org/vDn0cMaB#73,
uZ7f4,4r3/7R/5P2/1p4P1/2n5/2k4P/8/6K1 b - - 0 50,c4e5 h7e7 e8f8 e7e5,1864,74,97,3883,advantage endgame interference master short,https://lichess.org/jdVfcj4F/black#100,
uZZ10,1r5r/6kp/4p1pR/3pPbP1/3P4/pqP5/3B1K1Q/5R2 b - - 1 34,a3a2 f1h1 g7f7 h6h7 f7e8 h7h8,1883,77,88,83,crushing interference long middlegame quietMove,https://lichess.org/SptwMrO9/black#68,
ubDQ4,r4r2/pp1k2p1/2pp2q1/4p1b1/1Q2P2p/1B1P1bN1/PPP2P1P/R4RK1 b - - 1 23,h4g3 b4b7 d7d8 b7a8 d8e7 a8a7,1772,77,95,6230,crushing interference long middlegame,https://lichess.org/1diOk7yz/black#46,
uddbQ,4r1k1/5pp1/1p3n1p/p2p1Q2/3N4/P3PP2/qP3KPP/5R2 w - - 9 34,f1b1 f6e4 f3e4 a2b1,1746,76,93,151,advantage endgame interference short,https://lichess.org/np4wTRDT#67,
udxpo,1r3rk1/2p2pp1/5n2/p3p1P1/P2pP3/4qP2/1B1R2Q1/4K1NR w - - 5 26,e1f1 b8b2 d2b2 e3c1 f1f2 c1b2 f2g3 b2g2,1716,76,88,336,attraction crushing exposedKing interference middlegame sacrifice veryLong,https://lichess.org/OCDUUUKR#51,
ueKTZ,1r4k1/p1p5/2bpp1p1/4b1P1/1pP1P1BR/1P6/P1QB1r2/q1KR2N1 w - - 4 29,c2b1 e5b2 c1c2 c6e4,1640,78,94,2879,interference master mate mateIn2 middlegame queensideAttack short,https://lichess.org/Lii8lXaL#57,
uiV9I,8/1p6/p1p1k3/1r6/4K2P/1P6/1P6/5R2 w - - 3 39,f1f3 b5b4 e4d3 b4b3,1682,76,94,5036,crushing endgame interference master rookEndgame short,https://lichess.org/ikOxrLPH#77,
uiXfr,2kr1nr1/ppp1b3/4pp2/2N3p1/1P6/2q1B2Q/P4PPP/R4RK1 w - - 0 20,c5e6 g5g4 h3h5 f8e6,1827,74,94,4782,advantage interference intermezzo middlegame short,https://lichess.org/Nu771fs9#39,
ujMUG,1rb1r1k1/p4pp1/2p4P/7Q/N1P1pp2/1P1BqP2/P5K1/3R3R w - - 0 28,d3e4 e3e2 g2g1 e2d1,1642,82,87,54,crushing interference middlegame short,https://lichess.org/zuH4X6Rh#55,
ujfhB,k5Q1/1ppN4/3b3p/p7/1q6/8/PP1nr3/K1R5 b - - 4 31,a8a7 g8b8 a7a6 b8a8 a6b5 a8b7 b5a4 b7c6,1844,75,91,475,advantage deflection interference middlegame veryLong,https://lichess.org/tUURr7P3/black#62,
uktP7,r1b1kr2/pp2n3/2p3p1/4n1B1/3p3P/2NB4/PqPKQ1P1/R6R w q - 0 19,e2e5 b2c3 d2c1 c3a1,1685,75,88,105,crushing interference middlegame short,https://lichess.org/HmoV025S#37,Ruy_Lopez Ruy_Lopez_Classical_Variation
ul9SN,6k1/1R6/p1K5/1pp3r1/8/N1PP4/P4r2/7R w - - 12 36,h1h7 f2f6 c6d7 g8h7,1827,76,77,69,advantage endgame interference short,https://lichess.org/wy3OUkV6#71,
umbc4,N4b1r/1p3ppp/p1k1p2n/2ppP3/3n1P1q/3K1P1P/PPP5/R1BQ1B1R w - - 2 14,c2c3 c5c4 d3d2 h4f4,1782,101,100,25,crushing interference middlegame short,https://lichess.org/sQS5dYw1#27,Scandinavian_Defense Scandinavian_Defense_Other_variations
un8l2,Q7/p1p1kp2/3p4/1p2p3/2KbP3/1PPP4/1P1q4/R6R w - - 0 31,c4b5 d2d3 b5c6 d3e4 c6c7 e4a8,1623,76,96,6030,advantage endgame interference long skewer,https://lichess.org/wNdheBjd#61,
uoUlQ,2k4r/1p3p2/p1B1b1p1/4q1bp/3r4/P1Q3P1/1PP2P1P/R3R1K1 b - - 0 20,e5d6 c6d5 c8b8 c3d4,1866,75,88,141,advantage discoveredAttack discoveredCheck interference middlegame short,https://lichess.org/uIdo1Lt8/black#40,
upKrf,8/p7/1p2k1p1/2p2p2/2P2K1Q/4PP2/PP5P/4q3 w - - 9 34,h4h8 g6g5 f4g5 e1e3 g5g6 e3g1 g6h6 g1h2,1614,76,97,84,attraction crushing deflection endgame interference queenEndgame veryLong,https://lichess.org/Z2WRGdlb#67,
upPHW,2r1r3/7k/p5pp/2R2p2/3QpP1q/P3P1nP/1P4PK/4R3 b - - 0 34,c8d8 c5c7 e8e7 d4d8,1671,103,73,49,crushing deflection interference middlegame short,https://lichess.org/mKsOmekZ/black#68,
uq2Ty,r6r/pp1k1ppp/4p3/q2n4/1b1P4/2N2QB1/PP3PPP/R3K2R b KQ - 1 14,d5c3 f3b7 d7e8 b7a8,1774,76,91,878,crushing interference middlegame short,https://lichess.org/tVyMXrFO/black#28,Sicilian_Defense Sicilian_Defense_Delayed_Alapin
uqASy,r1bqr1kb/4p2p/p2p1npB/2pP2Q1/2p1PN2/2N2P2/PPnK2P1/R6R b - - 1 18,c2d4 f4g6 g8f7 g6h8 e8h8 g5g7 f7e8 g7h8,1641,76,84,1358,attraction clearance crushing interference kingsideAttack middlegame veryLong,https://lichess.org/K335RRPA/black#36,Kings_Indian_Defense Kings_Indian_Defense_Steiner_Attack
uqlPi,2r2rk1/2q3n1/p2p1PpQ/8/3pN3/P6P/1PPR1P2/2K5 b - - 1 27,d6d5 e4g5 f8f6 h6h7 g8f8 h7h8 f8e7 h8g7,1667,92,88,26,crushing deflection exposedKing interference middlegame quietMove veryLong,https://lichess.org/eD4rk9MT/black#54,
usKBR,3k4/4R2P/3PK3/4P3/8/7r/8/8 w - - 5 63,d6d7 h3h6 e6f7 h6h7 f7f6 h7e7 e5e6 e7h7,1629,75,93,2765,crushing endgame interference rookEndgame veryLong,https://lichess.org/sFyk9EKF#125,
ut8xA,7k/pp2Q2P/2p3p1/q1Pp1p2/6p1/1PK3P1/5P2/4R3 w - - 2 42,c3d4 a5d2 d4e5 d2e1 e5d6 e1e7,1821,76,95,9899,crushing endgame interference long,https://lichess.org/jN9AgTtt#83,
uuOmz,3rr1k1/5p1p/2p1p1pB/1p2q3/1P1R3P/pP6/P2Q1PP1/2KR4 w - - 1 27,d4d8 e5a1 c1c2 a1b2 c2d3 e8d8 d3e2 d8d2,1667,74,95,1050,advantage endgame exposedKing interference queensideAttack skewer veryLong,https://lichess.org/ICu7VgAe#53,
uuswZ,r1b2k1r/2q1nNp1/2p4p/p2pP3/Pp1p1P2/1B1P4/1PP3PP/R2Q1RK1 w - d6 0 19,d1h5 g7g6 h5h4 f8f7 h4f6 f7g8,1719,75,92,1686,advantage interference long middlegame,https://lichess.org/jLqpPLIs#37,
uvOBv,r4rk1/ppp3pp/2n1b3/3p4/3P3N/P2BQPq1/1P1K2P1/R6R b - - 0 20,g3f4 d3h7 g8h7 h4f5 h7g8 e3f4,1807,75,94,459,advantage discoveredAttack discoveredCheck interference kingsideAttack long middlegame sacrifice,https://lichess.org/EfXSKCRw/black#40,
uvOsR,rn1q2k1/pb3ppp/1P3b2/3p4/Q1pP4/N1P2NP1/5PBP/4R1K1 b - - 0 18,b7c6 b6b7 c6a4 b7a8q,1775,79,57,73,advancedPawn crushing interference middlegame promotion short trappedPiece,https://lichess.org/YftqrH9y/black#36,Sicilian_Defense Sicilian_Defense_French_Variation
uwtPm,r4rk1/ppp2ppp/8/b6q/6b1/P2B1N2/1PQ2PPP/R3R1K1 b - - 5 19,c7c6 e1e5 h5h6 e5a5 g4f3 g2f3,1792,74,95,7554,advantage interference long middlegame,https://lichess.org/BqyTZxUS/black#38,Ponziani_Opening Ponziani_Opening_Jaenisch_Counterattack
uylhl,r6k/pp4p1/2p3Q1/5r2/1P1q4/6R1/1P4PP/R6K b - - 0 24,a8f8 g3h3 h8g8 g6h7 g8f7 h7f5,1861,74,88,393,crushing endgame interference long,https://lichess.org/6TuuA0pQ/black#48,
uzeXZ,2b3k1/3p2pp/p3p3/1p3r2/8/2qB1Q2/P4P1P/4RRK1 w - - 0 24,f3h3 f5g5 g1h1 c8b7 f2f3 c3d3,1641,76,94,11959,crushing interference long middlegame,https://lichess.org/ELfZ6Llj#47,
uzqkR,8/1p2kp2/pN2b1pp/8/P7/1P2R2P/1r3PP1/6K1 b - - 6 36,b2b3 b6d5 e7d6 e3b3,1627,76,92,7190,advantage endgame interference intermezzo pin short,https://lichess.org/Qfbhl1xc/black#72,
v2qOI,5rk1/p3ppbp/b5p1/2P4P/8/4B3/P1PK1PP1/R6R w - - 1 19,h5g6 f8d8 d2c1 g7a1,1731,75,88,374,advantage endgame interference master short,https://lichess.org/QIu9qURU#37,
v2rOE,2kr3r/1p1n1pp1/pqn1p1p1/1P1p4/3P2PP/P1N2P2/2PQBK2/R6R b - - 0 21,c6d4 c3a4 b6a7 b5b6 a7b8 d2d4,1757,83,48,45,advantage interference long middlegame,https://lichess.org/tJy3oqqV/black#42,
v3hea,5r2/p2p4/1p1kp3/4n3/3q4/3P4/P2QKPPP/1R5R w - - 8 27,d2e3 f8f2 e3f2 d4d3 e2e1 d3b1,1722,76,88,295,advantage deflection endgame interference long sacrifice,https://lichess.org/axzA6hiX#53,
v8aXH,r4rk1/6pp/P3p3/2p1b3/3pP2q/5P2/1PP3PP/R1BQR1K1 w - - 1 19,g2g3 e5g3 e1e2 f8f3,1674,75,88,220,advantage interference middlegame short,https://lichess.org/3XNa318m#37,Sicilian_Defense Sicilian_Defense_Bowdler_Attack
v9Sq8,r3q3/3bp1bk/2pp2p1/1p5P/p3P2p/P1PP1Q1P/BP2N3/R5K1 b - - 0 26,g6h5 a2f7 e8f8 f3h5,1728,104,14,18,advantage interference intermezzo middlegame short,https://lichess.org/EDlgeSJ7/black#52,
v9frW,2Q5/p5pp/2k5/8/5P2/1P6/P4qPP/4rN1K b - - 10 36,c6d5 c8d7 d5c5 d7a7 c5d6 a7f2,1848,78,92,3908,crushing endgame interference long skewer,https://lichess.org/N1WbBhIW/black#72,
v9rpy,rn1qkb1r/p1p2ppp/1p2bn2/8/2P5/1P6/P2P1PPP/RNBQKBNR w KQkq - 0 6,d2d4 f8b4 c1d2 d8d4 d2b4 d4a1 b4c3 a1a2,1723,75,89,1031,advantage interference opening trappedPiece veryLong,https://lichess.org/OzMDMg2H#11,Scandinavian_Defense Scandinavian_Defense_Modern_Variation
vDVmM,4k2r/1p3ppp/p3p3/3n2P1/3PQ2P/b1qBP3/5P2/1R1K3R w k - 0 21,b1b7 c3c1 d1e2 d5c3 e2f3 c1h1,1772,75,95,947,crushing exposedKing fork interference long middlegame,https://lichess.org/4K1HyA1r#41,
vDwGV,5rk1/1p1q2pp/p2p4/2p5/2P1pP1Q/P6R/1b3P1P/6RK b - - 1 28,d7f5 g1g5 b2f6 g5f5 f6h4 f5f8,1807,78,100,160,advantage endgame interference kingsideAttack long,https://lichess.org/mhck6s9p/black#56,
vEv3H,r1b3r1/1p3kn1/6R1/pB1Q1p1n/5q2/4p2P/PPP5/2K3R1 b - - 3 28,c8e6 d5b7 f7f8 b7a8,1827,75,94,5438,advantage interference middlegame short,https://lichess.org/Y9DZYFUe/black#56,
vFfFS,r2qk2r/pp3p2/2n3pp/5bN1/3bN2Q/8/PP4PP/R1B1R2K b kq - 0 19,h6g5 e4f6 e8f8 h4h8,1867,87,57,61,discoveredCheck doubleCheck interference mate mateIn2 middlegame short,https://lichess.org/Pl9fFNgc/black#38,
vFuch,3r3r/7p/1Q1N1kp1/1pp1n3/P3P1n1/1B6/1PP1Kb2/8 b - - 0 24,e5d7 d6e8 f6g5 b6d8 d7f6 b3f7,1761,289,0,10,advantage discoveredCheck doubleCheck fork interference long middlegame pin,https://lichess.org/N0dHgWFI/black#48,
vGH9K,2kr3r/1p2qp2/2p2n2/R1Pp1b2/Q2Pp2p/P3P3/3N1pPP/1R3K2 b - - 1 27,h4h3 a5a8 c8d7 b1b7 d7e8 b7e7,1650,75,88,702,crushing deflection interference long middlegame queensideAttack skewer,https://lichess.org/9vO2Iw0W/black#54,
vHLfO,1r1r4/6kp/bNpP1pp1/p4q2/Pp1Qn3/1P3NP1/4PP1P/2R1R1K1 w - - 0 27,d6d7 c6c5 d4e3 b8b6,1835,75,96,6916,crushing interference master middlegame short,https://lichess.org/gYAYCz4Q#53,
vILLy,4k3/8/p1P2Q1p/6p1/3K2P1/1r3P1P/3r4/8 w - - 3 38,d4e5 b3e3 e5f5 e3f3 f5g6 f3f6,1816,75,88,214,crushing endgame interference long queenRookEndgame skewer,https://lichess.org/s6x39bR0#75,
vIrwK,7Q/1k1q4/b3p3/p6P/P2r2N1/8/1P4P1/R3K2R w KQ - 0 43,a1c1 d4e4 e1f2 d7d2 f2g1 d2c1,1650,74,93,808,crushing exposedKing fork interference long middlegame,https://lichess.org/cKNDAlgf#85,
vJCY2,7q/pp2kp2/3p1b1r/2pPp1p1/P1P1P3/5RP1/1P1Q2P1/5RK1 w - - 2 37,f3f6 h6h1 g1f2 h8f6,1725,75,84,103,crushing endgame interference intermezzo short,https://lichess.org/i0kLGAkq#73,
vKPpj,5rk1/1p4p1/p7/2P2p1Q/1r6/7R/q4PPP/5RK1 b - - 1 32,b4b1 h5h7 g8f7 h7f5,1646,75,89,107,crushing endgame interference short,https://lichess.org/B7cOfyIz/black#64,
vKkfp,8/2k5/7p/1Q5P/1P1K4/P3P3/1q6/8 w - - 5 60,d4c4 b2e2 c4c5 e2h5,1854,79,79,52,crushing endgame interference master queenEndgame short,https://lichess.org/Lo8bZ45g#119,
vLE9a,5r1k/6pp/p3Qb2/1p6/5B1P/P5P1/1q2R2K/8 b - - 3 33,b2a3 f4d6 a3f3 d6f8,1666,75,88,135,advantage endgame fork interference short,https://lichess.org/ovBJi8HE/black#66,
vLyK1,5r2/p1kr1q1p/1p1p4/1Kp5/2P2P2/2R2Q2/PR6/8 b - - 1 39,c7c8 f3a8 c8c7 a8a7 c7c8 a7a8,1822,77,59,67,advantage endgame exposedKing interference long,https://lichess.org/HhuTaZtt/black#78,
vMswf,2k3r1/pppb1p2/3p3B/4pP1P/2B1P1rq/P1PP1K2/1P2N3/R2Q2R1 w - - 3 22,g1h1 g4g3 e2g3 h4g3 f3e2 g3g2 e2e1 g2h1,1654,75,83,266,advantage interference middlegame sacrifice veryLong,https://lichess.org/2cpVEPpZ#43,
vO5k8,6r1/2p4k/2p5/5Q2/2Pqp1pP/pP4P1/P6K/2Rr1N2 b - - 0 36,h7h8 f5h5 h8g7 h5g4 g7f8 g4d1,1762,76,95,5571,advantage endgame exposedKing interference long,https://lichess.org/tuNXUmjL/black#72,
vOEw4,2rr2k1/pn5p/1pqP1Qp1/2p2p2/4p3/4P2P/P4PPB/2RR2K1 b - - 1 28,d8d7 h2e5 c8f8 f6h8 g8f7 h8h7,1884,86,83,33,advantage deflection interference kingsideAttack long middlegame quietMove,https://lichess.org/P3ABWbpl/black#56,
vOzPi,1rq2r2/2k1Q2P/3p4/p7/3N4/2pK4/1bP1N3/8 b - - 0 42,c8d7 d4e6 c7c8 e7f8,1601,75,98,284,advantage fork interference master middlegame short,https://lichess.org/FvHPg1mc/black#84,
vQpsT,4r1k1/8/6p1/b1R2p1p/P2Pp3/4P1P1/5P1P/2Rq1BK1 b - - 9 37,d1a4 f1b5 a4a3 b5e8,1681,71,95,19903,advantage endgame fork interference short,https://lichess.org/Vuz2JnL7/black#74,
vS6QF,r1bqkbnr/ppp1p2p/2n2p2/3p2p1/3P3B/2N1P3/PPP2PPP/R2QKBNR b KQkq - 0 5,g5h4 d1h5 e8d7 h5d5 d7e8 d5h5,1893,76,89,277,advantage interference long opening,https://lichess.org/5l8hUO8S/black#10,Queens_Pawn_Game Queens_Pawn_Game_Levitsky_Attack
vSWO2,5rk1/6b1/3p2p1/2pP1P1p/4p2Q/1P5R/B4RPK/2q5 w - - 0 38,f5g6 g7e5 h3g3 f8f2 h4d8 f2f8,1736,74,95,7030,crushing interference long middlegame pin,https://lichess.org/A80zn3NU#75,
vSklX,3r3r/ppp1k2p/n4p1Q/R7/1b1pqN2/4P3/1P3PPP/K2R4 b - - 5 27,d4e3 h6g7 e7e8 g7h8 b4f8 d1d8,1682,76,94,2507,crushing interference long middlegame,https://lichess.org/ZQKTSGcl/black#54,
vSrkK,r6Q/2pk1p1p/p1n3p1/1p2p1B1/4P3/2q4P/P1B1KPP1/R6R w - - 1 22,h8a8 c6d4 e2f1 c3a1 c2b1 a1b1 g5c1 b1c1,1685,76,97,1682,fork interference mate mateIn4 middlegame veryLong,https://lichess.org/hJZq7Xun#43,
vTHUi,2q2rk1/p1rb1ppp/1p2p3/8/3P1n2/P4N2/1B1Q1PPP/2R2RK1 b - - 4 21,c7c1 f1c1 c8b8 f3e5 d7b5 d2f4,1706,76,92,2990,advantage interference long master middlegame,https://lichess.org/1a4hiQ0V/black#42,
vTIJZ,1k6/1pp5/p4n2/3PB3/2P1q3/P5Pp/1P2Q2P/5K2 w - - 5 42,e5f6 e4h1 f1f2 h1h2,1755,77,87,124,crushing endgame interference short,https://lichess.org/R1UJfMVS#83,
vTZqQ,6k1/5pp1/1P2p3/2R5/5n1p/5P1P/5P2/1r3BK1 w - - 1 36,c5b5 f4e2 g1g2 b1b5,1804,75,88,132,crushing endgame interference pin short,https://lichess.org/2blBbOQb#71,
vTd6K,2r3k1/pp3p2/7p/3pPppP/2nP3B/2P3R1/2Q1KPP1/q7 w - - 0 28,c2f5 a1b2 e2f3 b2c3 f3g4 c3d4,1666,74,94,1936,crushing endgame interference long,https://lichess.org/bJGQIzab#55,
vUdeF,8/4k1p1/p3p1p1/K2pP1P1/P4R1P/2r5/8/8 w - - 0 41,a5a6 c3c4 f4f3 c4a4 a6b5 a4h4,1852,75,93,2747,advantage endgame interference long rookEndgame,https://lichess.org/NdNYpPQV#81,
vUexm,r3r1k1/3n1p1p/1qp3pB/p2b1p2/PbBP3N/1P1Q3P/5PP1/1R3RK1 w - - 2 21,h4f5 d5e4 d3g3 e4f5,1840,76,93,3441,crushing interference master middlegame short,https://lichess.org/eh9SwcML#41,
vUgTG,4r1k1/pp1qn1p1/2ppb2p/P7/2PQ1P1P/6B1/6P1/3R1BK1 w - - 1 28,d4d6 d7d6 d1d6 e7f5 d6d3 e6c4,1682,73,95,24957,advantage fork interference long middlegame,https://lichess.org/jamBTZ9O#55,
vVZDu,r1r3k1/1b3ppp/p3p3/B2p2q1/R2Nn3/2P5/1P2QPPP/5RK1 b - - 0 22,e4d2 f2f4 g5e7 e2d2,1772,75,88,434,crushing interference middlegame short,https://lichess.org/9oWT0dhK/black#44,
vW5fX,7k/R5Rp/p7/1p1K4/5r2/2P5/PP5P/3r4 w - - 10 37,d5c5 f4c4 c5b6 d1d6 b6b7 h8g7,1726,75,91,453,crushing endgame interference long rookEndgame,https://lichess.org/BuZ2dDMh#73,
vX7vM,r3k1r1/1p3p1Q/p3pB2/4Pp2/P5bK/2Nq2P1/1P5P/8 b - - 1 31,e8d7 h7f7 d7c6 f7e6 c6c7 c3d5 c7b8 e6g8,1697,79,93,6061,advantage deflection interference middlegame veryLong,https://lichess.org/IeK6vjo4/black#62,
vX9ew,6k1/p4pp1/2n2n1p/3q4/4p3/3PB3/r1PQ1PPP/4NRK1 b - - 3 23,a7a5 c2c4 d5d6 d2a2,1609,76,94,1756,advantage discoveredAttack interference middlegame short,https://lichess.org/CyJwA9W2/black#46,
vXCkj,3q1rk1/rb2b1p1/4ppP1/3p4/3Pn3/4PQ2/2R2PP1/2B2RK1 b - - 0 27,e4g5 f3h5 f6f5 f2f4 f8f6 f4g5 f6g6 h5g6,1714,77,93,2295,crushing interference middlegame veryLong,https://lichess.org/tRFpHcbT/black#54,
vZXqZ,r1b2rk1/pp6/3p1qB1/2nP3P/2P1p3/1P4QP/P4P2/2R2RK1 b - - 3 25,f6f4 g6f7 g8f7 g3f4,1759,92,67,30,attraction crushing discoveredCheck doubleCheck interference kingsideAttack middlegame short,https://lichess.org/yKbXOVs6/black#50,
vbEf6,1R6/2pnkppp/3b2b1/r2N4/8/2Nn4/1P3PPP/3R2K1 b - - 7 30,e7e6 b8e8 e6f5 d1d3,1728,75,89,332,advantage interference middlegame short,https://lichess.org/XBZWpvsB/black#60,
vdEut,r2r2k1/1bp2pqp/4p3/8/1P3QN1/p2B3P/P1K5/1R6 b - - 0 30,d8d4 g4f6 g8f8 f4d4,1788,75,90,808,advantage interference middlegame short,https://lichess.org/IocCEajS/black#60,
veTkY,8/2r3p1/6K1/p3k2P/P1B5/1P6/8/8 b - - 2 44,e5d4 c4f7 c7c3 g6g7,1611,74,88,811,crushing endgame interference quietMove short,https://lichess.org/RmMDxcnk/black#88,
vfRVs,6r1/3RRprk/3P4/p7/1p6/6PP/Pn5K/8 b - - 0 34,g7g3 e7f7 h7h6 f7h7 h6g6 h2g3,1712,75,88,221,advantage endgame exposedKing interference long,https://lichess.org/u8bT9YuE/black#68,
vgJJ4,r1b2rk1/pp3ppp/2pb1q2/3n1p2/2PP4/3B2B1/PP1QNPPP/R4RK1 b - - 0 13,d5b4 g3d6 f6d6 c4c5 d6h6 d2b4,1679,76,89,904,crushing interference long middlegame,https://lichess.org/ddNCXkRG/black#26,Caro-Kann_Defense Caro-Kann_Defense_Tartakower_Variation
vgPn2,2kr4/1p1r1p2/pb6/2p1Pqp1/2Qp4/3R2B1/PPP5/2K2R2 b - - 1 28,f5g6 f1f6 g6h5 f6b6 h5h1 d3d1,1787,76,88,340,crushing interference long middlegame,https://lichess.org/OBy6ioJA/black#56,
vi8RM,3r4/ppr2k2/3q2n1/1P6/3pQ3/P5R1/1B5K/6R1 w - - 0 46,e4g6 d6g6 g3g6 d8h8 h2g3 f7g6,1653,84,96,19151,advantage exposedKing interference long middlegame,https://lichess.org/t2vSBo7n#91,
vjUKq,8/p2Nppkp/2rr1bp1/2pR4/5P2/P1P5/1P3KPP/3R4 w - - 6 27,g2g3 f6d4 c3d4 d6d5,1881,79,91,2637,crushing endgame interference master short,https://lichess.org/ioXBmvFV#53,
vkMDE,2kr3r/pp3pp1/2p1q3/4p1Pn/2Pp4/5N2/PP1BQPK1/3R3R w - - 4 27,e2e4 h5f4 d2f4 e6g4 g2f1 h8h1,1721,76,95,5221,crushing deflection interference long middlegame sacrifice,https://lichess.org/OvlvNPw9#53,
vle43,4k2r/pp1npp1p/q2p2pb/8/8/PN6/1PP2QPP/1K1R3R b k - 3 18,e8g8 f2h4 h6g7 h4e7 d7b6 d1d6,1760,76,93,6784,advantage capturingDefender interference long middlegame,https://lichess.org/MSMFF8d0/black#36,Sicilian_Defense Sicilian_Defense_Modern_Variations
vlr8d,r1b1r1k1/1p3ppp/p7/3p4/3NPpn1/2q3PP/P1P1QPB1/2KR3R w - - 0 16,h3g4 c3a1 c1d2 a1d4,1669,76,93,3610,advantage interference middlegame queensideAttack short,https://lichess.org/8gWIca8m#31,Sicilian_Defense Sicilian_Defense_OKelly_Variation
vlyFw,2rqk3/p1pnbpp1/1pB1p3/6P1/8/5P2/PPPQ4/2K4R b - - 0 17,e7g5 h1h8 e8e7 d2g5 d7f6 h8d8,1677,76,83,128,advantage interference intermezzo long middlegame,https://lichess.org/2G7pwQZ4/black#34,French_Defense French_Defense_Classical_Variation
vmbdD,8/1R1bk2p/6p1/r2p1pP1/1NpP1P1P/p1P5/N2n2K1/8 b - - 5 42,a5b5 b4c6 e7d6 b7b5,1819,80,92,4679,advantage endgame interference pin short,https://lichess.org/zvJtkVJe/black#84,
vnNcm,r1b1kb1r/pp3ppp/1q2p1n1/nP1pP3/Q7/2P1BN2/P3BPPP/RN2K2R b KQkq - 4 11,b6c7 b5b6 c8d7 a4a5,1734,75,93,2436,advantage discoveredAttack discoveredCheck interference middlegame short,https://lichess.org/lekDMS93/black#22,French_Defense French_Defense_Advance_Variation
vnlPs,r3k2r/ppQ3p1/3p1n1p/8/4P1PB/1nKB3P/q7/1N1R3R w kq - 4 23,c7d6 a8c8 d3c4 f6e4 c3d3 e4d6,1660,75,94,2020,crushing deflection exposedKing fork interference long middlegame,https://lichess.org/Sy2yMl6z#45,
vpiP1,8/5p2/r6p/P4P1K/R7/5k2/8/8 b - - 0 45,f3g3 f5f6 g3f3 h5h6 a6f6 h6g7 f6a6 g7f7,1805,75,94,6689,crushing endgame interference rookEndgame veryLong,https://lichess.org/Hcsr9QPb/black#90,
vra7p,5r2/8/p2rk1Q1/1p2pp2/8/P1P1KP1P/1P1n2P1/8 b - - 1 42,f8f6 g6e8 e6d5 e3d2,1766,75,93,5038,advantage endgame interference short,https://lichess.org/31Q0H7wD/black#84,
vsLeH,3rr1k1/pbq3pQ/1p2p2p/5B2/8/1P6/PBP3PP/3RbK2 b - - 1 22,g8f8 h7h8 f8e7 h8g7,1690,74,100,298,deflection interference mate mateIn2 middlegame short,https://lichess.org/PZ0x8hoh/black#44,
vseLr,2r3k1/pp1r1pp1/1np1p1b1/4Q1p1/1qPP4/6P1/P4PBP/B1R1R1K1 b - - 11 22,b6c4 c1c4 b4c4 d4d5 f7f6 e5e6 g6f7 e6d7,1855,75,95,411,advantage fork interference middlegame sacrifice veryLong,https://lichess.org/knptHTW8/black#44,
vw9p4,r2nr1k1/3p1pp1/pp1Pp2p/8/3Q4/2P2q2/PP3P1P/1B1RR1K1 b - - 1 20,b6b5 b1e4 f3h5 e4a8,1775,79,93,2422,crushing fork interference middlegame short,https://lichess.org/IM4t91LD/black#40,
vxcFe,4r1k1/pp3ppp/2nq1n2/3pr3/8/2PQ1RNP/PP3PPK/1B1R4 b - - 3 23,e5e1 f3f6 d6f6 d3h7 g8f8 h7h8 f8e7 d1e1,1636,76,84,108,advantage interference kingsideAttack middlegame veryLong,https://lichess.org/vV7THfrM/black#46,
vxwre,1r3rk1/5pp1/P1R4p/1P2N3/P3P3/KQ1pn3/3b1P1P/5q2 b - - 1 36,f1c1 c6c1 d2c1 a3a2 d3d2 f2e3,1864,73,94,11118,advantage interference long middlegame,https://lichess.org/vnE74W47/black#72,
vy0D7,r2q2k1/1p1r1pp1/p4n1p/2pb4/P1B2B2/1P1Q1P2/2P1R1PP/R5K1 w - - 0 19,a1e1 d5c4 d3c4 d7d4 c4c5 d4f4,1805,76,93,6724,advantage clearance interference long middlegame,https://lichess.org/UTXa0tn9#37,Philidor_Defense Philidor_Defense_Other_variations
vyTLb,3r1k2/r4qp1/p3p2p/Pp3p1n/1PpPp2Q/2P1P1RP/1B5K/6R1 b - - 8 30,f7e8 g3g6 a7f7 h4h5,1833,75,87,172,advantage interference middlegame short,https://lichess.org/Dx4P0Ahh/black#60,
vyUS6,r1b2rk1/p5pp/1pQ1pq2/5p2/1P6/5N2/2R2KPP/3R4 b - - 1 22,f6e7 c6a8 c8b7 a8a7,1711,76,82,74,advantage hangingPiece interference middlegame short,https://lichess.org/MldwdV0G/black#44,
vyV8a,6k1/p4p1p/1p1q3r/3p4/6Q1/4N3/r2p1PP1/5RK1 b - - 3 35,g8h8 g4c8 h8g7 e3f5 g7f6 f5d6,1832,77,93,727,crushing endgame fork interference long,https://lichess.org/c6aZXDzt/black#70,
vyZ7d,r1b4r/p4kb1/2pQ1n1p/q3p3/2P1P3/2N1B3/PP2B1PP/5RK1 b - - 2 15,a5d8 e2h5 f7g8 d6d8,1740,77,87,439,crushing interference middlegame pin short,https://lichess.org/DnaDnTaS/black#30,Borg_Defense Borg_Defense_Other_variations
vzCAv,r2q2r1/3k1QP1/4p3/3pPp2/8/1pPB3R/1P6/2K5 b - - 6 42,d8e7 d3b5 d7d8 f7g8 d8c7 g8a8 e7g5 c1d1,1685,75,94,1910,crushing defensiveMove endgame interference skewer veryLong,https://lichess.org/yy5sE5I8/black#84,
vzsYu,7k/8/p4r1P/1p6/3pP3/3P2RK/PP3r2/1B5R w - - 5 49,h3g4 f6g6 g4h3 g6h6 h3g4 h6h1,1604,77,94,375,advantage endgame interference long skewer,https://lichess.org/TPFV3qTc#97,
w0PGx,r1b1k2r/ppp2pp1/3b4/3Pn2B/3P4/8/PPP3Pq/RNBQ1RK1 w kq - 0 12,g1h2 e5f3 h2h1 h8h5,1709,77,95,10111,discoveredCheck doubleCheck interference mate mateIn2 opening pin short,https://lichess.org/rZ2iQZVc#23,Kings_Gambit_Declined Kings_Gambit_Declined_Falkbeer_Countergambit
w1AMC,5rk1/p4qp1/7p/2b1pr2/3p4/1P1Q1P1P/P5P1/R2B1RK1 w - - 0 31,d1c2 e5e4 d3e4 d4d3 g1h1 d3c2,1614,74,89,1231,advancedPawn crushing discoveredAttack discoveredCheck interference long middlegame,https://lichess.org/P9CU2sjl#61,
w1kPi,4Q3/8/3R4/2p5/1pk3K1/3pP3/8/6q1 w - - 5 60,g4f5 g1f2 f5e6 f2e3 e6d7 e3e8,1813,100,73,20,crushing endgame interference long,https://lichess.org/wX7YowJn#119,
w232m,5r2/pp2rp1k/6pp/8/Pn2P3/1B2q3/6PP/2RQ1R1K b - - 3 29,e3e4 c1c4 e4d5 c4b4,1837,76,91,324,advantage interference master middlegame short,https://lichess.org/x9HXIOPj/black#58,
w2EfN,1r3k2/5p2/4p1p1/4b3/6Pq/4B1Nr/4QPK1/R4R2 w - - 7 29,f1h1 h3g3 f2g3 h4g3 g2f1 e5a1,1726,75,95,7525,crushing interference long middlegame,https://lichess.org/qF8dQtma#57,
w2aKP,r3kb1r/1p2n3/1qp1bp2/p1n1p1pp/7N/P1P1P1B1/1PQNBPPP/R4RK1 w kq - 0 16,h4g6 e6f5 e3e4 f5g6,1763,74,91,3517,advantage interference master middlegame short,https://lichess.org/onDX2rZu#31,Queens_Pawn_Game Queens_Pawn_Game_Other_variations
w2ctp,7r/5kr1/p3p3/1pQ4p/4q2P/4P3/3K4/2R2R2 b - - 1 31,f7g8 f1f8 g8h7 c5h5,1777,74,87,448,endgame interference mate mateIn2 short,https://lichess.org/Nm5Cw9g8/black#62,
w5Zvw,r3r1k1/2p2pp1/pp4p1/3P4/1qPR2N1/5Q1P/5PPK/8 b - - 0 32,e8e7 d5d6 a8d8 d6e7,1602,74,96,1145,advancedPawn advantage endgame interference short,https://lichess.org/b9k6hlCz/black#64,
w5jYL,4rrk1/ppp2ppp/q2b2b1/3B2Q1/4N1P1/3P4/PPP2p2/R1B2K1R w - - 2 21,e4f2 e8e5 g5h4 e5d5,1726,75,88,921,crushing interference middlegame short,https://lichess.org/ToWJS5ux#41,
w5pKF,r2qk1r1/1b3p1Q/p2p1p2/1pp5/4P3/P2P3P/B1P2PP1/4R1K1 b - - 1 24,e8d7 h7f7 d8e7 a2e6 d7d8 f7g8,1710,75,89,182,advantage interference long middlegame,https://lichess.org/DtKtseYG/black#48,
w6oSn,8/8/1p6/1P3Kp1/6B1/4bP2/5k2/8 b - - 7 60,f2e2 f3f4 e2d2 f4g5,1646,79,88,2151,bishopEndgame crushing discoveredAttack discoveredCheck endgame interference short,https://lichess.org/8KSgxcJE/black#120,
w7cYi,1k3r2/p5q1/Pp6/1Pp2p2/2P1p3/6BP/5QPK/8 b - - 3 44,b8c8 f2f4 g7e7 f4b8 c8d7 b8a7,1871,75,97,1068,crushing endgame exposedKing interference long,https://lichess.org/GvtnxxJ3/black#88,
wBz4A,r2k1r2/3bp3/3p2Q1/p2P4/1p1N2P1/1Pq2P2/P1P5/2KR3R w - - 1 25,h1h7 c3a1 c1d2 a1d4,1685,75,94,1120,advantage interference middlegame queensideAttack short,https://lichess.org/YzSk6FNV#49,
wC3Ex,r3k2r/2q1B2p/b1p1p1p1/p1p1P3/8/2PP1Q1P/PP3P2/R4RK1 b kq - 0 19,e8e7 f3f6 e7d7 f6g7 d7c8 g7h8 c8b7 h8f6,1774,77,93,582,advantage interference middlegame veryLong,https://lichess.org/XOs8GmL6/black#38,
wD4XB,2r3k1/2r2p2/4p1p1/3pP3/n1p3P1/7Q/5PK1/4R3 b - - 1 32,g8g7 e1h1 g7f8 h3h8 f8e7 h8f6 e7e8 h1h8 e8d7 f6f7,1872,77,84,71,crushing deflection endgame interference master quietMove veryLong,https://lichess.org/gS4VNW0s/black#64,
wE7jq,8/2R2p1p/p5p1/8/4k1P1/r7/4K3/8 b - - 1 35,a3f3 c7e7 e4f4 e7f7 f4g4 f7f3,1801,82,78,67,crushing endgame interference long rookEndgame,https://lichess.org/lOFq9PU1/black#70,
wEeDv,4rrk1/pp1B2pp/8/4n3/6nq/2P5/PPQ1RPPP/4R1K1 w - - 0 24,d7g4 e5g4 e2e8 h4h2 g1f1 h2h1 f1e2 f8e8,1650,75,84,384,crushing interference kingsideAttack middlegame veryLong,https://lichess.org/yHgwilOf#47,
wF8PP,5bk1/5ppp/p5q1/1pp1B3/4nP1Q/1P2PRNP/P2r2P1/6K1 b - - 4 28,d2a2 f4f5 g6g5 h4e4,1680,75,94,4570,crushing discoveredAttack interference master middlegame short,https://lichess.org/xPMCV4QS/black#56,
wG5mK,k1r4r/P1p2pp1/1pN5/1PnR4/7q/2P1PQ2/5KP1/R7 w - - 3 33,f2e2 h4c4 e2f2 c5e4 f2g1 c4d5,1629,76,96,8481,crushing interference long middlegame,https://lichess.org/Z2edLGaX#65,
wIiGv,rn2r1k1/3n1pb1/2qBp1pp/pR2P3/2pP4/P4N2/3QNPPP/1R4K1 w - - 0 23,b5a5 c4c3 e2c3 a8a5,1626,76,81,144,advantage interference intermezzo middlegame short,https://lichess.org/DVLJZkyA#45,
wIpbP,2k1rr2/pp2b1qb/2p2Rp1/4Q1B1/2P1P1P1/2N4P/PPP4K/5R2 w - - 1 24,f6f8 g7e5 g5f4 e8f8 f4e5 f8f1,1704,75,95,4864,advantage fork hangingPiece interference intermezzo long middlegame,https://lichess.org/8EvctsDz#47,
wJF69,3rk3/Q2nqpp1/6p1/7r/3R4/4PN2/PP3PPP/2KR4 w - - 3 21,d4d5 d8c8 c1d2 h5d5,1720,77,74,84,crushing interference middlegame short,https://lichess.org/P1QSXtLG#41,
wJKNV,8/r5p1/2pk4/6R1/4PK2/8/5P2/8 b - - 2 41,c6c5 g5g6 d6c7 g6g7,1787,74,87,104,crushing endgame interference rookEndgame short,https://lichess.org/wA9GgLVg/black#82,
wKLRx,8/1pq3p1/1p1r2kp/5p2/1PP5/3Q2RP/6P1/6K1 b - - 5 31,g6f6 d3c3 f6e6 g3g6 e6d7 g6g7 d7c8 g7c7,1841,74,95,19907,crushing endgame interference skewer veryLong,https://lichess.org/B3vzlLd2/black#62,
wKs7C,3Q1r1k/6p1/1p5p/p1p2P2/P7/1QP2PbP/5KPq/1R1R4 w - - 1 37,f2f1 h2h1 f1e2 h1g2 e2e3 g2f2 e3e4 f2e2 e4d5 f8d8,1739,82,82,36,crushing deflection interference middlegame veryLong,https://lichess.org/wgwNwa3x#73,
wLTOo,4r3/pk1r3p/1pR3p1/3p4/PP1K1PP1/4p2P/5N2/2R5 w - - 0 33,f2d3 e8e4 d4c3 b7c6,1839,78,92,1497,advantage endgame interference master short,https://lichess.org/06oey3lp#65,
wLYCh,3q1rk1/2r2pbp/1p2p1p1/1P6/p2P1Q2/4P2P/1P3PP1/2R1B1K1 w - - 0 31,c1c7 e6e5 d4e5 d8c7,1741,74,85,443,crushing endgame interference intermezzo short,https://lichess.org/2ETvnHUo#61,
wOcxT,rn2kb1r/p4ppp/1qp1p3/3n4/2B5/3P1Q1P/PP3PP1/RNB2RK1 w kq - 1 12,b2b3 b6d4 f3e2 d4a1 c1b2 a1a2 b3b4 a2a4,1823,80,92,1704,crushing interference opening trappedPiece veryLong,https://lichess.org/TigjIp5G#23,Scandinavian_Defense Scandinavian_Defense_Modern_Variation
wPjku,2rr2k1/pq3pp1/1p2pb1p/2n1N3/1P6/5NP1/P1Q1PP1P/2RR2K1 b - - 0 19,c5e4 d1d8 c8d8 e5c6 d8d5 c2e4,1759,75,95,5390,crushing interference long master masterVsMaster middlegame,https://lichess.org/f0t5J876/black#38,English_Opening English_Opening_Agincourt_Defense
wQq7B,rb3r2/pb3pk1/1p1q2p1/8/3p4/2PB1NPP/PPQ2P2/R4RK1 w - - 0 23,d3e4 d4d3 e4b7 d3c2,1780,75,92,582,advancedPawn advantage interference middlegame short,https://lichess.org/1Ksbe7p8#45,
wRCAK,3rk3/pbp3p1/1p3r2/2b2pN1/2B2P2/PP4K1/1BR5/8 b - - 3 25,c5d4 c2e2 e8d7 b2d4,1853,76,95,5219,advantage interference middlegame short,https://lichess.org/DFoQFo3h/black#50,
wTrSA,5rk1/8/3p2P1/2pP1P1p/1qP1p3/2NK2QP/8/1R4N1 w - - 0 32,d3e4 b4c4 e4f3 c4c3 f3g2 c3c2 g2h1 c2b1,1828,74,93,405,advantage endgame fork interference veryLong,https://lichess.org/Us8xBILQ#63,
wU1Yi,rk6/1pp3pp/4B3/p1b1Q3/1r3B2/5PP1/KPP2q2/R7 b - - 3 29,f2c2 e5c7 b8a7 c7a5,1643,75,86,565,interference mate mateIn2 middlegame queensideAttack short,https://lichess.org/OIW14T5k/black#58,
wUYK0,r7/p3b1k1/3pQ3/P2P2q1/4prpp/2P2p1B/1P3P1K/R5R1 b - - 1 34,g4g3 f2g3 f4f6 e6e7,1652,77,88,1132,advantage interference middlegame short,https://lichess.org/h8aSRiC0/black#68,
wVEH5,r5k1/6pp/5p2/8/1ppB4/3bPN2/4K1PP/R7 w - - 2 28,e2d2 c4c3 d2d3 a8a1,1685,77,95,13813,advantage endgame interference short,https://lichess.org/Nq5SLXz0#55,
wVizP,4r1k1/pb3pp1/2pb3p/q3r3/B1Q1P3/7P/PPP2PP1/R1B1R1K1 w - - 1 21,c1f4 e5c5 c4d4 d6f4 b2b4 a5a4,1795,80,43,59,advantage discoveredAttack interference long middlegame,https://lichess.org/Y0FLDrZc#41,
wWLeL,rnb1k1nr/ppp2ppp/4p3/8/3qp3/8/PPPBNPPP/R2QKB1R b KQkq - 0 7,d4b2 d2c3 b2a3 c3g7,1613,72,95,36782,advantage interference opening short,https://lichess.org/8umx8Pgv/black#14,French_Defense French_Defense_Perseus_Gambit
wXshM,1r1k4/1p2q3/p1p4p/3b4/8/N5Q1/PP3rPP/6RK b - - 4 32,f2g2 g3b8 d8d7 b8b7,1732,76,72,124,advantage hangingPiece interference middlegame short,https://lichess.org/XQGHYoxw/black#64,
wYRiI,1r2r1k1/p1p2ppp/3p2b1/3Q4/4P3/2NPb3/PPP3PP/R6K w - - 6 19,b2b3 e8e5 d5c6 e5c5 c6a4 c5c3,1656,74,89,311,crushing interference long middlegame,https://lichess.org/CBuSpvAo#37,Four_Knights_Game Four_Knights_Game_Spanish_Variation
wYTqn,6rk/pp4qp/2p5/2Pp4/1P1Pp1r1/6PR/P3QPK1/5R2 b - - 2 29,g7d4 h3h7 h8h7 f1h1 h7g6 e2g4,1605,74,87,415,attraction crushing endgame interference long sacrifice,https://lichess.org/1NJsyWsQ/black#58,
wYYLd,5R2/ppQ5/3p1kn1/1P1b1p2/3Pp1p1/P7/6Bq/5K2 b - - 5 33,f6g5 c7d8 g5f4 d8d6 f4e3 d6h2,1814,75,95,3078,crushing endgame fork interference long skewer,https://lichess.org/3Gbo0vXV/black#66,
wYzK4,r1bqkb1r/ppp2ppp/8/3n4/3Q4/2P5/PP3PPP/RNB1KB1R b KQkq - 0 8,b7b6 f1b5 c8d7 d4d5 d7b5 d5b5,1612,172,0,7,crushing interference long opening,https://lichess.org/0GObNBgX/black#16,Ponziani_Opening Ponziani_Opening_Jaenisch_Counterattack
wZ9LR,3k1r1r/p3q3/2pp4/1p6/4P3/2N3Q1/PP3P1P/R5RK w - - 0 23,g3g5 h8h2 h1h2 f8h8 h2g2 e7g5,1891,80,92,85,advantage attraction interference long middlegame sacrifice,https://lichess.org/QVDr4YOV#45,
wZXxo,2rq2k1/3n1ppp/p1p2b2/2p2N2/4rP2/8/PPP3PP/R1BQ1RK1 w - - 0 18,f5d6 e4d4 d1e2 d4d6,1874,72,94,17800,advantage interference middlegame short,https://lichess.org/MSMj2bmG#35,Four_Knights_Game Four_Knights_Game_Spanish_Variation
wbh6o,r1b2rk1/ppqp1ppp/4p3/4P3/8/3BQP2/2P3PP/R4R1K b - - 2 24,b7b6 e3e4 g7g6 e4a8 c8b7 a8a7 f8a8 a7a8 b7a8 a1a8,1667,75,88,1133,crushing interference middlegame veryLong,https://lichess.org/XNU5ozMM/black#48,
wbhsF,2kr3r/pp3p2/4p3/1P1qQ3/P3n1pp/8/5PPP/RNR3K1 b - - 1 22,c8d7 c1c7 d7e8 e5h8,1630,76,96,17400,interference mate mateIn2 middlegame short,https://lichess.org/NnYjRfeL/black#44,
wcmBq,8/pp1k2pp/3p4/q5N1/P2Pb3/3pB2P/4n1PK/1R3R2 b - - 5 27,e4d5 b1b5 a5a4 b5d5,1790,74,95,3625,advantage interference middlegame short,https://lichess.org/2bpTedvv/black#54,
wcwwE,r2q1rk1/1p2ppbp/p1bpn1p1/3N4/2P1P3/1P2BP2/P3Q1PP/1BR2RK1 w - - 1 17,d5b6 e6d4 e2d1 d8b6,1850,77,93,3371,advantage interference middlegame short,https://lichess.org/TH6yX0f9#33,Sicilian_Defense Sicilian_Defense_Modern_Variations
wdAzm,rnb2rk1/pppp1ppp/8/2b5/3Bq3/PB6/4NPPP/R2Q1RK1 b - - 2 12,b7b6 d4c5 b6c5 b3d5 e4e5 d5a8,1701,75,87,391,advantage fork interference long opening trappedPiece,https://lichess.org/LBe4KMRW/black#24,Danish_Gambit_Accepted Danish_Gambit_Accepted_Copenhagen_Defense
weHIH,2r3k1/4qppp/n1p1p3/1p1pP3/3P4/4P3/Q4PPP/1NR3K1 b - - 2 19,a6b4 a2a3 e7f8 c1c5 c8a8 a3b4,1865,77,93,916,advantage endgame interference long trappedPiece,https://lichess.org/t4wq1IcZ/black#38,
wfBqX,6k1/p5p1/1p1P3p/2q2p2/5P2/1P6/P2Q2PP/4rK2 w - - 0 30,f1e1 c5g1 e1e2 g1g2 e2e3 g2d2,1880,78,76,70,advantage endgame exposedKing interference long queenEndgame,https://lichess.org/MpcWHmLn#59,
wfonm,4k3/1p3q1n/r2p1Nb1/2pQ2p1/2P1P3/5PB1/2K3P1/7R b - - 0 37,h7f6 h1h8 e8e7 d5b7 f6d7 b7a6,1627,75,96,6301,advantage exposedKing fork interference long middlegame,https://lichess.org/CP3b939N/black#74,
wg8rS,8/p4pk1/2r1p3/2N2p1p/P2K3P/2R2PP1/3R4/6r1 w - - 1 43,f3f4 c6d6 d4e3 g1g3 e3f2 g3c3,1871,75,98,101,advantage endgame interference long skewer,https://lichess.org/gqRgKiei#85,
wgX32,2rq2k1/3nppbp/p2p2p1/1B1n4/3P4/B2QPN2/5PPP/1R4K1 w - - 0 24,b5a6 c8c3 d3d2 c3a3,1613,77,92,1068,crushing interference middlegame short,https://lichess.org/BcylYCwi#47,
wgyec,r6r/pp3kp1/2p1Rpq1/4p2p/5p2/1QP4P/PP3PPN/6K1 b - - 2 23,a8d8 e6d6 f7f8 d6d8,1639,75,85,246,crushing discoveredAttack discoveredCheck endgame interference short,https://lichess.org/4XXDAw38/black#46,
whHJk,6k1/p3r3/1pn1R2p/3p2p1/3P3q/2P3p1/PP4P1/1Q2RBK1 w - - 0 28,f1d3 h4h2 g1f1 h2h1 f1e2 e7e6,1889,162,76,18,crushing interference kingsideAttack long middlegame,https://lichess.org/u4iWUlNl#55,
whb1Q,4r1k1/ppp2ppp/2n5/8/2BP2b1/P1P1rN2/3K2PP/R4R2 b - - 5 19,c6a5 c4f7 g8f7 f3e5 f7g8 d2e3,1862,74,94,8767,advantage attraction discoveredCheck doubleCheck fork interference long middlegame sacrifice,https://lichess.org/WeL7KZRW/black#38,French_Defense French_Defense_Exchange_Variation
whvZl,2r3k1/3q1ppp/8/3p1b2/1prP1N2/1Q5P/1P3PP1/3RR1K1 w - - 6 24,e1e5 f5c2 b3e3 c2d1,1659,74,96,29113,advantage fork interference master middlegame short,https://lichess.org/v9O9VBER#47,
wilTQ,8/8/8/2P2p1k/5Pp1/1N3qPp/2PR1K1P/8 w - - 1 46,f2e1 f3h1 e1f2 h1h2,1612,74,89,159,crushing endgame interference master short,https://lichess.org/gV218KvW#91,
wj19E,r1bq1k1r/pppp1ppp/5n2/3NQ3/2P5/8/PPP2PPP/R3K1NR w KQ - 1 11,d5c7 d7d6 e1c1 d8c7,1662,74,89,1835,advantage interference intermezzo middlegame short,https://lichess.org/oynj0rNg#21,Bishops_Opening Bishops_Opening_Vienna_Hybrid
wjzSD,7k/5pp1/3p4/pB1N4/P3PPqp/3P3R/R5PK/2r5 w - - 5 36,d5e3 g4f4 g2g3 f4e3 h3h4 h8g8,1618,76,96,15764,crushing endgame interference long,https://lichess.org/u3LLUPiC#71,
wkGWv,4r1k1/6bp/1pq5/p2N1p2/P1Ppr3/1P1Q1R1P/8/5R1K w - - 0 30,f3f5 e4e3 d3d2 e3h3,1649,75,85,109,crushing interference middlegame pin short,https://lichess.org/Sxw9RZu6#59,
wkHwU,6k1/6p1/4p3/8/2pP4/2P1p1QP/1P1q2bK/4R3 w - - 0 51,e1e3 g2f3 h2g1 d2e3,1679,76,90,2394,crushing discoveredAttack discoveredCheck endgame interference intermezzo short,https://lichess.org/RWPz7to2#101,
wkZhX,2b2rk1/2q3b1/p2p3p/2pPp1pP/2PnN1B1/8/P4PP1/R2Q2KR w - - 1 27,a1b1 c8g4 d1g4 f8f4 g4d1 f4e4,1624,75,89,157,crushing interference long middlegame,https://lichess.org/9EIcy6BS#53,
wkhVs,r5k1/p4ppp/1p4r1/1P6/2PqNp2/3P1P2/4KP1P/R2Q3R w - - 1 28,h1g1 g6g1 d1g1 d4b2 e2f1 b2a1,1796,78,92,835,advantage interference long middlegame,https://lichess.org/3doS63I1#55,
wmSWD,r4rk1/1bq3p1/p3p1B1/1p2P2Q/3p4/2P5/P5PP/3R2K1 b - - 0 24,f8f5 h5h7 g8f8 h7h8 f8e7 h8g7,1696,78,80,46,advantage deflection interference long middlegame,https://lichess.org/Pd9TPY4N/black#48,
wmUlU,4r3/3b1kp1/p1pq1p2/3p1n2/P4PR1/3QN3/1P4PP/4R1K1 b - - 0 28,f5e3 d3g6 f7e7 e1e3,1602,76,88,324,advantage interference intermezzo master middlegame short,https://lichess.org/k2mnjpHK/black#56,
wmV0E,r6r/p4pk1/2p1b3/4R3/2P3pq/3B4/P1Q2PPP/5RK1 w - - 1 24,f2f4 h4h2 g1f2 h2f4,1698,191,41,4,crushing interference middlegame short,https://lichess.org/rCVHdyFj#47,
wmzNf,r2q1r2/pp2nkpQ/3p1p2/3P4/1B3p2/3B4/PPP3PP/4R1K1 b - - 2 20,f8h8 e1e7 d8e7 d3g6 f7f8 h7h8,1762,83,77,40,interference long mate mateIn3 middlegame sacrifice,https://lichess.org/upHdNEMR/black#40,
wnDOd,4r2k/6p1/5pbN/2p5/2Pp2P1/8/1rBR1K2/7R b - - 0 35,b2c2 h6f5 h8g8 d2c2 g6f5 g4f5,1873,74,74,90,crushing discoveredAttack discoveredCheck endgame interference intermezzo long,https://lichess.org/VSuTL8qV/black#70,
wnyA0,r5k1/p3bppp/1p1NN3/7n/8/8/PP3PPP/3R2K1 w - - 0 28,e6c7 a8d8 c7d5 e7d6,1719,74,71,427,advantage endgame interference short,https://lichess.org/oEdeLMG2#55,
woE76,8/p6p/1p3k2/1Pp5/2P4Q/2K3P1/P7/1q6 b - - 5 48,f6e5 h4e7 e5f5 e7h7 f5e6 h7b1,1827,75,89,622,crushing endgame interference long queenEndgame skewer,https://lichess.org/Y3UQe1zw/black#96,
wpVlh,8/R2R1pk1/6p1/7p/5PpP/4K1q1/8/3N4 w - - 0 48,e3e4 g3f3 e4e5 f3e2 e5d6 e2d1,1860,76,82,67,crushing endgame interference long,https://lichess.org/u4sIywlc#95,
wq43v,r1b2rk1/1p3ppp/p2p1q2/2pP2Q1/P3Pn2/2N2P2/1PB1KP1P/R5R1 w - - 3 19,e2e3 f6d4 e3f4 d4d2 f4g3 d2g5,1761,75,90,1877,deflection fork interference long mate mateIn3 middlegame sacrifice,https://lichess.org/tL9ddUkk#37,Queens_Pawn_Game Queens_Pawn_Game_Other_variations
wqztE,r1bqkbnr/ppp1p2p/2n2p2/3p2p1/3P1B2/2N1P3/PPP2PPP/R2QKBNR b KQkq - 0 5,g5f4 d1h5 e8d7 h5d5 d7e8 d5h5,1755,76,91,354,advantage interference long opening,https://lichess.org/pKnHLZID/black#10,Queens_Pawn_Game Queens_Pawn_Game_Levitsky_Attack
wrNdM,2kr3r/2p3p1/p1N2q1p/2bp4/Q3np1P/2P1B3/PP3PP1/2KRR3 b - - 1 19,f4e3 a4a6 c8d7 d1d5,1603,74,90,199,advantage interference middlegame queensideAttack short,https://lichess.org/8ifptMcx/black#38,
wrSdR,r3r1kb/p4p1p/3p2pP/qb1Pn3/2pB2PR/2N5/PP1QBP2/2KR4 w - - 0 21,f2f4 e5d3 e2d3 h8d4,1876,78,90,980,crushing discoveredAttack interference master middlegame queensideAttack short,https://lichess.org/Lx4x6pAx#41,
wrZ85,r3k1nr/pbpp1ppp/1p3q2/4n3/4p3/1PN1P1P1/P1PPNPBP/R2Q1RK1 w kq - 2 10,c3e4 e5f3 g1h1 b7e4,1650,76,79,68,advantage interference intermezzo kingsideAttack opening short,https://lichess.org/2ifbCOEy#19,Vant_Kruijs_Opening Vant_Kruijs_Opening_Other_variations
wrznW,r1b1k2r/ppp4p/6pq/3QPp2/4p3/6P1/PP2N3/3RK1R1 b kq - 3 19,h6g7 d5d8 e8f7 d8c7,1814,75,93,1105,crushing interference master middlegame short,https://lichess.org/IuzGkG14/black#38,
wsQgx,k4b2/pp3pp1/5n1p/q2r1N1P/4pB2/6P1/PP2QP2/1KR5 b - - 1 30,d5d8 f4c7 a5f5 c7d8,1620,80,93,1563,crushing fork interference middlegame short,https://lichess.org/Z4vYmblJ/black#60,
wtZpt,r1bq1rk1/ppp1bpp1/1n1p4/4p1P1/4PPn1/1BNP4/PPP1Q1P1/R3K1NR b KQ - 4 11,a7a5 f4f5 e7g5 e2g4,1618,75,88,141,advantage interference opening quietMove short trappedPiece,https://lichess.org/oodiQ8NP/black#22,Bishops_Opening Bishops_Opening_Other_variations
wuOad,r1bk1b1r/pp1np3/2p1p1Qp/8/3P3B/2q5/P1P3PP/2KR1BNR w - - 0 14,g6e6 c3a1 c1d2 a1d4,1641,75,89,1715,crushing interference opening queensideAttack short,https://lichess.org/si2sdXAc#27,Richter-Veresov_Attack Richter-Veresov_Attack_Other_variations
wurat,r6r/3kb2p/4p1p1/2PpQ3/pPq5/4P3/PR3PPP/2RK4 b - - 3 24,c4g4 f2f3 g4f5 c5c6 d7d8 e5h8,1870,73,95,11396,crushing defensiveMove interference long middlegame,https://lichess.org/laXJtiD6/black#48,
wvYQ8,1r5r/1pp1k2p/p3npp1/N7/3Nn3/2P1P1P1/PP5P/3RR1K1 b - - 0 19,c7c5 d4c6 b7c6 a5c6 e7e8 c6b8,1706,77,89,1150,crushing fork interference long middlegame sacrifice,https://lichess.org/TGhpbvXw/black#38,Italian_Game Italian_Game_Classical_Variation
wwULr,r2q1r2/pppbn1pQ/3p1k2/3P1p2/5PPR/8/PP2B2P/R5K1 b - - 0 20,f8h8 g4g5 f6f7 e2h5 f7f8 h7h8,1602,74,89,277,crushing interference long middlegame,https://lichess.org/JdXNyRTJ/black#40,
wyli8,r4rk1/pp3p2/1q3bpp/4p3/3nP3/2NB3P/PPP2QP1/R4RK1 w - - 0 17,f2f6 d4f3 g1h1 b6f6,1805,78,93,10534,advantage discoveredCheck doubleCheck interference intermezzo middlegame short,https://lichess.org/YUnFDWFT#33,Sicilian_Defense Sicilian_Defense_Dragon_Variation
wyppD,5rr1/1ppb2k1/p1n1pqpn/3p2N1/3P3Q/2PB4/PP3P1P/RN4RK b - - 3 20,f6f4 g5e6 d7e6 g1g6 g7f7 h4f4,1825,76,97,2213,crushing discoveredAttack fork interference long middlegame,https://lichess.org/SxH5qMON/black#40,
wzxBX,1r1q1rk1/2pb1ppp/2pbpn2/8/Q1BP4/2N5/PP3PPP/R1BR2K1 w - - 3 14,h2h3 b8b4 a4c2 b4c4,1879,78,89,1483,crushing interference opening short,https://lichess.org/ZvmKZSXH#27,Queens_Gambit_Declined Queens_Gambit_Declined_Vienna_Variation
x0Etc,r4rk1/ppp3b1/3p2n1/2PPp3/1P2Pppp/1NN2P1q/P3Q3/2R1BRK1 w - - 0 25,f3g4 f4f3 e2h2 h3g4,1652,76,92,411,advantage interference intermezzo kingsideAttack middlegame short,https://lichess.org/INzZlIF6#49,
x0Iu4,r2qk2r/ppp2ppp/1n2p3/3PPb2/2P5/2N2Q2/2n2KPP/R1B2BNR w kq - 2 14,a1a2 d8h4 g2g3 h4d4 c1e3 d4c3,1659,76,93,1228,advantage interference long opening,https://lichess.org/Rau0fPTN#27,Alekhine_Defense Alekhine_Defense_Other_variations
x1D0q,rn2kbnr/pBpq2p1/1p1p4/4p1p1/8/2P3P1/PP2PP1P/RNBQ1RK1 w kq - 0 10,d1d5 c7c6 d5g2 d7b7,1627,78,83,106,advantage discoveredAttack interference middlegame short,https://lichess.org/dQkK3OkL#19,Saragossa_Opening Saragossa_Opening_Other_variations
x1RAT,r4rk1/pq1n1ppp/4p3/1p1b4/3P1Bn1/5NP1/4QPBP/2R1R1K1 b - - 9 20,h7h5 c1c7 b7b6 c7d7,1601,75,94,16298,advantage interference middlegame short,https://lichess.org/NGypNItj/black#40,
x1qxK,4r1k1/pp3pb1/3q2P1/2p4p/2Pp2N1/3Q3P/PP4P1/5RK1 b - - 0 25,f7g6 g4f6 g7f6 d3g6 g8f8 f1f6 d6f6 g6f6,1664,78,96,25627,crushing endgame exposedKing fork interference intermezzo sacrifice veryLong,https://lichess.org/DdbZBlFv/black#50,
x2DLH,1r4r1/4qb1k/1pPp4/p2Pp1Rp/4P3/P7/1Q2BP1K/6R1 w - - 1 33,g5g8 e7h4 h2g2 b8g8 g2f1 h4h3 f1e1 g8g1,1649,74,96,7754,advantage deflection exposedKing interference intermezzo middlegame veryLong,https://lichess.org/uu9s6WHU#65,
x2L9F,r1bq1rk1/p3bp1p/1p4p1/2p1PPn1/N2p4/1P1B4/PB1Q2PP/R4R1K b - - 1 23,b6b5 f5f6 b5a4 d2g5,1780,75,96,9165,advantage interference middlegame short,https://lichess.org/akl09wBq/black#46,
x2wYr,1r3r2/2qb1pk1/p2p4/P2PpP1Q/2p4P/2P2P2/1P5R/R3K3 b Q - 0 25,f8g8 h2g2 g7f6 h5h6 f6e7 f5f6 e7d8 g2g8,1761,75,89,708,crushing interference master middlegame veryLong,https://lichess.org/vxP33NyH/black#50,
x2zwC,r3k2r/pp3ppp/8/2b1n3/4q3/4N1P1/PP2KP1P/RN1Q3R w kq - 0 16,b1c3 e4f3 e2f1 f3h1,1615,75,84,375,crushing interference middlegame short,https://lichess.org/svt15114#31,Indian_Defense Indian_Defense_Other_variations
x32rV,rnb2rk1/2q3pp/p2bp3/1pp3B1/3PR3/1QP2NP1/P4PBP/R5K1 w - - 0 15,e4e6 c5c4 b3b1 c8e6,1774,75,91,493,advantage interference intermezzo middlegame short,https://lichess.org/CF0Hhn5t#29,Dutch_Defense Dutch_Defense_Queens_Knight_Variation
x46j1,4k3/4p3/8/P7/8/3q4/R5R1/5K2 w - - 8 45,f1e1 d3b1 e1e2 b1a2,1603,77,97,5091,crushing endgame interference queenRookEndgame short,https://lichess.org/gp872B0Q#89,
x4EPL,r6r/p3kpp1/Q3p2p/2q1P3/2Rp1P1n/3K4/1P3P1P/R7 b - - 0 23,c5b6 a6b6 a7b6 c4c7 e7d8 a1a8 d8c7 a8h8,1747,75,99,652,advantage interference middlegame skewer veryLong,https://lichess.org/TMZlhg0V/black#46,
x4R8Q,r1bN2k1/ppp3pp/3b1p2/3p4/3P1P2/3B4/PPP3PP/R1Bn2K1 w - - 0 13,d8b7 c8b7 a1b1 a8e8 c1d2 d1e3 b1e1 d6f4,1726,79,93,4512,advantage hangingPiece interference middlegame quietMove veryLong,https://lichess.org/mC0bFjCj#25,Queens_Pawn_Game Queens_Pawn_Game_Colle_System
x4u80,r7/2knq2R/3p1p2/2p1pPp1/1pP5/1P1P4/1BK2P2/7Q b - - 3 35,e7f8 h7d7 c7d7 h1b7 d7e8 b7a8,1719,76,96,3933,attraction crushing endgame interference long sacrifice,https://lichess.org/mQsZf0eG/black#70,
x6umL,r4rk1/pbq1b1p1/1p2p3/2p1P1pQ/3P4/2P2N1R/PP5P/R1B3K1 b - - 0 19,b7f3 h5h7 g8f7 h3f3,1722,75,92,659,advantage interference intermezzo middlegame short,https://lichess.org/Wxlp6Q2Z/black#38,
x6wUm,8/6k1/4R3/2r3pK/7p/5P2/6P1/8 b - - 21 63,c5a5 e6g6 g7f7 g6g5 a5a4 g5g4 a4a2 h5h4,1757,74,96,13964,crushing endgame interference rookEndgame veryLong,https://lichess.org/k52HDSGp/black#126,
x76Rg,r5k1/5ppp/1b2q3/p7/4r3/1p3QBP/1P4P1/3R1R1K b - - 0 37,a5a4 d1d6 e6e8 d6b6,1747,75,91,1930,advantage interference master middlegame short,https://lichess.org/rxrcQkfg/black#74,
x84wk,8/Q1bk1pp1/1p3q2/2p1pP1r/8/P1NP4/BPP5/R3K3 w Q - 1 22,c3d5 f6h4 e1d2 h4f2 d2c3 f2d4 c3b3 d4d5,1811,76,99,411,crushing exposedKing interference middlegame veryLong,https://lichess.org/VQkOy7Mm#43,
x8jHh,6k1/6b1/p2p2p1/2pPpq1p/2P4P/PrN1QBP1/4RPK1/1r6 b - - 9 34,b3a3 f3e4 f5f7 e4b1,1664,76,93,6974,advantage fork interference middlegame short,https://lichess.org/ERLbc4VG/black#68,
x9OBz,3r1rk1/ppp2ppp/5q2/2P4b/P3p3/2N3Q1/5PPP/R3KB1R w KQ - 0 16,g3e3 d8d3 f1d3 f6c3,1829,75,86,381,crushing interference middlegame sacrifice short,https://lichess.org/VKUsTOfb#31,Kings_Knight_Opening Kings_Knight_Opening_Normal_Variation
x9img,1rr3k1/1p2bpp1/1qn1p2p/pN1pP3/Q2n1PP1/P4N1P/1P5K/R1B2R2 w - - 1 19,f3d4 c6d4 b5d4 c8c4 a4b3 b6d4,1760,74,93,3393,crushing interference intermezzo long middlegame,https://lichess.org/kNsaHiYG#37,Caro-Kann_Defense Caro-Kann_Defense_Other_variations
xAi2Y,r5k1/1pp3pp/q3pp2/1b6/3PR3/2P2N1P/1PQ2PP1/6K1 w - - 1 32,b2b3 b5d3 c2d2 d3e4,1633,74,99,1117,crushing endgame fork interference short,https://lichess.org/5V4ZhCRQ#63,
xBATI,4Q1qk/6r1/pp6/2pP4/2P3b1/7P/PPB5/4R1K1 w - - 0 38,h3g4 g7g4 g1f2 g4f4 f2e3 g8e8 e3f4 e8e1,1704,77,93,2776,crushing endgame exposedKing interference skewer veryLong,https://lichess.org/AQG1uDuT#75,
xBQfX,r6r/2pk1qp1/2p2p1p/3pbN2/6Q1/P3B3/1P3PPP/3R2K1 b - - 5 22,f7e6 g4g7 d7c8 g7h8 c8b7 h8h7,1890,74,88,1685,crushing interference long middlegame,https://lichess.org/mdxoUdRd/black#44,
xBRIV,r3brk1/1pp1q3/pn1p1b1Q/3Pp1N1/4P3/1PP1R3/5PP1/1RB3K1 b - - 4 33,f6g5 e3g3 f8f6 g3g5 f6g6 g5g6 e8g6 h6g6,1680,76,95,4764,advantage exposedKing interference kingsideAttack middlegame pin veryLong,https://lichess.org/JxZtW9Oh/black#66,
xCBWd,1r5r/2k2bp1/1R1B1pq1/7p/P1P1N1P1/4P2P/5P2/1R4K1 b - - 5 31,c7d7 e4c5 d7e8 b6b8,1660,74,94,12461,interference mate mateIn2 middlegame pillsburysMate short,https://lichess.org/9eRnsMqL/black#62,
xCqh5,8/4R3/6p1/1P3kpp/P7/5K2/r4PP1/8 w - - 1 44,e7e4 g5g4 f3e3 a2a3 e3d4 a3a4 d4d5 a4e4,1718,77,92,107,crushing endgame exposedKing interference rookEndgame veryLong,https://lichess.org/IfZ9lxzr#87,
xE0A7,2rk3r/p1q5/2n2Q2/1p1B2p1/1P1P4/2P4P/P7/R2K4 b - - 1 32,d8d7 d5e6 d7e8 f6h8,1768,75,92,841,crushing interference middlegame short,https://lichess.org/2vftmi4H/black#64,
xE2RZ,r4rk1/1p2ppbp/p5p1/2p1n3/3q4/2NP2Q1/PPP3PP/R1B2R1K b - - 1 15,e5g4 f1f4 d4e5 f4g4,1772,77,81,86,advantage interference middlegame short,https://lichess.org/kO9e3BKY/black#30,Sicilian_Defense Sicilian_Defense_Other_variations
xEK4r,2br2k1/6b1/p2p2pp/Qr1Pp1q1/2N1Pp2/P4P1P/1P2N1PK/1R3R2 w - - 7 30,a5c7 b5c5 c7b6 c5c4,1638,75,92,2585,advantage interference middlegame short,https://lichess.org/XqHguG3K#59,
xEZKQ,1k1r4/ppp5/8/4P3/1n2BP2/5Q1P/qB6/2K3R1 w - - 6 34,e4b1 a2c4 b2c3 b4d3 b1d3 c4c3,1723,133,88,17,advantage exposedKing interference long middlegame pin,https://lichess.org/eiQiVUHT#67,
xFbe4,r3kr2/5pp1/p7/7p/1n2q3/4PN2/4QKPP/3R3R b q - 1 22,f7f6 d1d4 e4c2 d4b4 c2e2 f2e2,1771,115,83,46,crushing interference long middlegame,https://lichess.org/WBS2oAMr/black#44,
xIUsn,rn3rk1/pp3p1p/6p1/1q1bb3/1P6/4P1P1/P4PBP/1RBQK2R w K - 0 15,g2d5 e5c3 c1d2 b5d5 d2c3 d5h1,1869,78,92,4088,advantage interference intermezzo long middlegame,https://lichess.org/8tDiNUhE#29,Indian_Defense Indian_Defense_West_Indian_Defense
xJ00W,5rk1/pp6/6q1/4pp2/1P1bP1P1/P5K1/3Q2P1/2R4R w - - 0 32,h1h6 f5f4 g3f3 g6h6,1807,79,92,1536,advantage endgame interference short,https://lichess.org/MncEExeX#63,
xJGnq,1qr1k3/5p1p/p3pQ2/1p2Pp2/3p4/P4r2/7P/6RK b - - 1 37,b8b7 g1g8 e8d7 f6f7 d7c6 f7e6 c6c5 g8c8 b7c8 e6c8,1607,76,94,803,crushing deflection endgame interference veryLong,https://lichess.org/f42cHuJv/black#74,
xKz1z,2r5/pp1qn2p/2r1pkb1/3p2p1/3P4/1PB2PP1/P2Q2BP/2R2RK1 w - - 0 24,c3b2 c6c2 d2e3 c2b2,1707,76,94,8952,advantage collinearMove interference master masterVsMaster middlegame short,https://lichess.org/51TaOHu3#47,
xMs6g,6k1/1p3r1p/p5p1/2p2q2/3pp3/PP2Pr2/1B2QPR1/4K1R1 w - - 0 32,e3d4 e4e3 f2e3 f5b1 e1d2 b1b2,1727,75,88,495,clearance crushing interference long master middlegame,https://lichess.org/6y39rtZE#63,
xNrbT,r1q3k1/p3prb1/1p1p1np1/2pPn2p/P3P1P1/2N3PP/1PP5/R1BQR1KB w - - 0 17,g4g5 c8h3 h1g2 h3g3 e1e3 g3g5,1739,75,94,1863,crushing interference long middlegame,https://lichess.org/9Sv3Awj4#33,Modern_Defense Modern_Defense_Other_variations
xNvtm,8/8/b5rp/4kp2/R3p3/4P2P/1N3K2/8 b - - 19 49,f5f4 a4a5 e5f6 a5a6,1696,82,58,47,advantage endgame interference short,https://lichess.org/rziF7TSz/black#98,
xOHKk,rnbqkb1r/ppp1p3/5p2/3p2p1/8/3B4/PPP2PPP/RNBQK2R b KQkq - 1 8,b8c6 d3g6 e8d7 d1d5,1841,79,81,472,discoveredAttack epauletteMate interference mate mateIn2 opening short,https://lichess.org/hdxotrlE/black#16,Zukertort_Opening Zukertort_Opening_Lisitsyn_Gambit
xOuoZ,r3rk2/pp3pp1/2p1p3/8/3bQ1N1/5R2/Pq3PPP/1R4K1 b - - 5 28,b2d2 f3d3 d2c2 d3d4 c2e4 d4e4,1793,75,81,726,advantage interference long middlegame,https://lichess.org/RSA53suL/black#56,
xQZQp,6k1/5pp1/pp2pn1p/3b4/P7/2q1P2P/2N2PP1/1B1Q2K1 b - - 2 29,d5b3 d1d8 g8h7 c2d4 g7g6 d8f6,1631,74,96,2550,advantage deflection discoveredAttack discoveredCheck endgame interference long,https://lichess.org/fzsQ6h2S/black#58,
xQzdp,2r3r1/1p3kpp/p4b2/7N/3qP1Q1/8/PP4PP/5R1K b - - 5 24,d4b2 g4d7 f7f8 d7c8,1732,116,29,25,crushing interference middlegame short,https://lichess.org/HNZScpTs/black#48,
xR5fw,r6r/2pk2pp/QNnb1pbn/B7/4q3/4PN1P/PPPR1PP1/2K4R b - - 8 19,c7b6 a6b7 d7e8 b7a8 e8f7 a8h8,1837,76,81,188,crushing exposedKing interference long middlegame skewer,https://lichess.org/BDTX9neD/black#38,Englund_Gambit_Complex Englund_Gambit_Complex_Hartlaub-Charlick_Gambit
xSHlD,r6r/pp1qp1k1/5pp1/2p1P3/2Pp1P2/1P4PP/P2Q2B1/4R1K1 b - - 0 25,h8h3 e5e6 d7d6 g2h3,1870,76,85,60,advantage endgame interference intermezzo short,https://lichess.org/5UkGWzbg/black#50,
xSNVa,3r1rk1/p2qb2p/bp4p1/3P2N1/3Qpp2/2B4P/PP3PP1/R2R2K1 b - - 1 26,e7g5 d4h8 g8f7 h8h7 f7e8 h7g6,1875,75,98,461,advantage deflection interference kingsideAttack long middlegame,https://lichess.org/XCRqbuaW/black#52,
xWs9W,r1b3k1/ppp1q1pp/1bn5/4P3/4N3/8/PPP2PPP/R2QR1K1 b - - 2 13,c6e5 d1d5 c8e6 d5e5,1878,90,79,30,crushing interference kingsideAttack middlegame short,https://lichess.org/8s6ndnNS/black#26,Russian_Game Russian_Game_Three_Knights_Game
xXLEP,5r1k/1qp3pp/1b4bn/4Q3/4N3/3P1P1P/1P4P1/2B2R1K b - - 0 24,g6e4 c1h6 c7c6 d3e4,1899,71,95,18737,advantage interference intermezzo middlegame pin short,https://lichess.org/THIkkeSk/black#48,
xYZOU,8/8/8/R7/4kp1P/p2r4/4K1P1/8 b - - 0 58,f4f3 g2f3 e4d4 a5a4 d4c3 a4a3,1670,75,94,4948,crushing endgame interference long rookEndgame,https://lichess.org/JCkp66Iz/black#116,
xYcUP,4r2k/R5R1/pp5p/2p5/8/5P2/PPPKr1PP/8 w - - 1 28,d2c3 e8e3 c3c4 e2c2 c4d5 c2d2 d5c6 e3e6 c6b7 h8g7,1719,76,94,10988,crushing deflection endgame exposedKing interference rookEndgame veryLong,https://lichess.org/MLs2SWsM#55,
xZfHX,r4rk1/5ppp/2pp2q1/1pb1p1nN/p3P3/P1PP3b/BP2QPP1/R1B2RK1 w - - 0 17,g2h3 g5f3 g1h1 g6h5 e2f3 h5f3,1767,318,0,2,crushing discoveredCheck doubleCheck interference kingsideAttack long middlegame,https://lichess.org/1aVc8Eo6#33,Bishops_Opening Bishops_Opening_Other_variations
xZi3y,8/1p2qk2/p1npp1p1/2p1p2p/4PbRP/2PP1P2/PP3P2/3Q2RK w - - 0 29,g4g6 e7h4 h1g2 f7g6,1833,74,95,3218,advantage endgame interference short,https://lichess.org/vlpfnbFR#57,
xZpIg,r1r5/1p1kpQ1p/p1np4/7p/2B1P3/2N2P2/PPP2q2/2KR4 b - - 1 21,c8f8 c4e6 d7c7 c3d5 c7b8 f7f8,1697,75,94,308,advantage interference long middlegame,https://lichess.org/D3GxRylZ/black#42,
xaO2m,4rk2/2p3r1/4p1p1/p2p2N1/P1b3PQ/2q1PP2/2B5/R2K3R w - - 3 34,a1b1 c4e2 d1e2 c3c2 e2e1 c2b1,1659,79,95,19602,advantage attraction deflection exposedKing interference long middlegame,https://lichess.org/KvTPwt6F#67,
xaUsr,r4rk1/1bpq2pp/p2b4/1p3pB1/8/1PQ2N2/1PP2PPP/3RR1K1 b - - 0 16,d7f7 d1d6 c7d6 e1e7 f7g6 e7b7,1696,75,93,2391,advantage interference long middlegame sacrifice,https://lichess.org/yFU4gzCn/black#32,Ruy_Lopez Ruy_Lopez_Morphy_Defense
xdbKa,5r2/1p1q2k1/2p1b2p/3pP1p1/PP1B4/6PP/2Q3BK/8 b - - 0 34,f8f5 c2f5 e6f5 e5e6 g7f8 e6d7,1698,77,96,22102,advancedPawn crushing discoveredAttack discoveredCheck endgame interference long master masterVsMaster sacrifice,https://lichess.org/NKSg4vII/black#68,
xdhHR,8/5R2/4p3/6r1/6P1/4k1K1/8/8 b - - 2 44,e6e5 f7f5 g5g6 f5e5,1692,76,96,10864,crushing endgame interference master rookEndgame short,https://lichess.org/dO9DxhOx/black#88,
xdkhQ,r1r5/1p3kpQ/6p1/pq1pP1P1/3P4/8/1B6/6KR b - - 0 35,b5b2 e5e6 f7e6 h7g6 e6d7 g6g7 d7c6 h1h6 c6b5 g7b7 b5a4 b7b2,1890,76,95,9756,attraction crushing deflection endgame interference skewer veryLong,https://lichess.org/rWdxLtQb/black#70,
xdlKS,5krr/p1B2p2/1nQ4b/3n4/2BPP1qp/P4N2/5PP1/2R2RK1 w - - 3 31,c7d6 d5e7 f3e1 h6c1,1891,79,92,7187,advantage interference master middlegame short,https://lichess.org/r31Eaumw#61,
xfRan,2r3k1/p1r2ppp/qp6/3p4/1Q6/5NP1/1RPK2PP/4R3 w - - 4 27,f3d4 c7c4 b4b5 c4d4,1682,75,90,2227,advantage interference middlegame short,https://lichess.org/1sAB9Mc5#53,
xgCgY,2kr3r/pp1q1p1p/2b1p1pn/4Q3/3N4/P2B4/1P3PPP/2R1R1K1 b - - 0 20,d7d4 c1c6 b7c6 d3a6 c8d7 e5d4,1610,77,93,551,crushing interference long middlegame queensideAttack sacrifice,https://lichess.org/8OORhwTW/black#40,
xgKIT,1n2k3/2q3p1/p3Q1P1/P2p4/8/8/5K2/8 b - - 2 42,e8d8 e6g8 d8e7 g8g7,1831,76,85,1077,crushing endgame interference short,https://lichess.org/9wUGKUbJ/black#84,
xhbqy,rn3rk1/1bq1np1p/p2p1bp1/1p1P3N/8/4BQP1/PPP2PBP/R3R1K1 b - - 7 16,g6h5 f3f6 b8d7 f6e7,1770,84,88,68,crushing hangingPiece interference middlegame short,https://lichess.org/zYxNStb1/black#32,Sicilian_Defense Sicilian_Defense_Closed
xkOwH,2Q5/5p2/K5p1/3P4/3PkP2/8/1P6/7q w - - 2 52,c8b7 h1a1 a6b6 a1b2 b6c7 b2b7 c7b7 e4d5,1842,75,86,123,crushing endgame interference queenEndgame veryLong,https://lichess.org/8XyTJDLy#103,
xkwHZ,1rq3k1/5r1p/p1ppp1pB/5p2/2B1P3/1P2K3/P5PP/Q6R b - - 3 19,f5e4 h1f1 b8b7 c4a6 c8d8 a6b7,1820,76,88,319,advantage interference long middlegame,https://lichess.org/TacDwLuj/black#38,Sicilian_Defense Sicilian_Defense_Accelerated_Dragon
xln9z,3r2k1/5p2/4bP2/1Q2P1p1/p2q4/6B1/P1P3PP/5RK1 w - - 2 31,g1h1 e6c4 b5a4 c4f1 a4d4 d8d4,1687,77,92,1957,crushing endgame fork interference long,https://lichess.org/KYniKZka#61,
xm8HA,r4rk1/p1p4p/1p1pp1B1/2n5/2P3Q1/2P1q2P/P5P1/R6K b - - 0 22,e3f4 g6f7 g8f7 g4f4,1881,188,100,16,attraction discoveredCheck doubleCheck equality interference kingsideAttack middlegame short,https://lichess.org/17F6KuLy/black#44,
xnbhm,5r2/6k1/6p1/2p1PpPp/p1b4P/P7/1PB2R2/1KQ4q b - - 2 42,h1h4 f2f4 h4g5 f4c4 g5c1 b1c1,1776,75,92,2300,advantage endgame interference long,https://lichess.org/e6e3bkJy/black#84,
xnmyD,6k1/7p/1p1p2p1/1Pp1rp2/2PqP3/5P2/2Q3PP/4RK2 w - - 0 24,e4f5 e5e1 f1e1 d4g1 e1d2 g1g2 d2c1 g2c2,1761,75,100,437,attraction crushing endgame interference master veryLong,https://lichess.org/zrhxeqCp#47,
xoN55,r5k1/5pp1/p2q4/1p1p1r1p/2pQ4/P1P2N1P/1P3P2/R4RK1 w - - 0 29,f3h4 f5f4 d4e3 f4h4,1626,82,40,96,advantage interference middlegame short,https://lichess.org/cssmxGuU#57,
xp7AY,8/1p6/6p1/3k4/P5R1/1r1PK3/8/8 b - - 3 48,b3b6 g4g5 d5c6 g5g6 c6c7 g6b6,1670,76,82,320,crushing endgame interference long rookEndgame,https://lichess.org/sysmrrA3/black#96,
xpGQo,r4r1k/p2n1Bpp/2pq3b/2N5/3P4/P1P2Q1P/1P4P1/R4RK1 w - - 1 23,f3h5 d7f6 h5e2 f8f7,1898,74,94,11225,advantage interference middlegame short,https://lichess.org/r4LTH8OG#45,
xpb7u,5k2/1pq3p1/p3pr2/7Q/3n4/5BRP/PP4P1/7K b - - 18 37,d4f3 h5h8 f8e7 g3g7,1741,76,92,949,crushing deflection endgame interference short,https://lichess.org/rn8lTXiq/black#74,
xq4Xk,6r1/bkp3q1/p1p4p/P2p1bNQ/1P1Pp2P/2P3P1/5P2/4RRK1 w - - 0 26,g5f3 f5g4 h5e5 g4f3 e5g7 g8g7,1711,76,93,2049,advantage interference long middlegame,https://lichess.org/nWej7Ttp#51,
xrJjM,r1b1kb1r/pp3ppp/1q2pn2/8/P2p4/1P3Q2/2PB1PPP/RN2KB1R b KQkq - 0 11,f8b4 f1b5 c8d7 d2b4 d7b5 a4b5,1618,76,87,51,advantage interference long opening,https://lichess.org/BOuJuhP3/black#22,French_Defense French_Defense_Advance_Variation
xtMMF,2kr1bnr/ppp2ppp/4p3/qN1P4/1n2P3/P3BP2/5P1P/R2QKB1R w KQ - 0 14,a3b4 f8b4 e1e2 a5b5 d1d3 b5d3,1816,76,91,150,advantage interference long opening,https://lichess.org/SDMi9H8u#27,Queens_Gambit_Declined Queens_Gambit_Declined_Chigorin_Defense
xuK4W,2k2r2/1qp5/2Rr1p2/2Q1p2p/3p3P/1P4P1/P4PK1/2R5 b - - 2 39,d6c6 c5f8 c8d7 f8f7 d7d6 f7f6,1723,81,88,92,crushing endgame hangingPiece interference long,https://lichess.org/IqikcB55/black#78,
xwMW9,6k1/2p3pp/p1n5/1pP1P3/1P1pq1b1/P1Q1P1P1/1B3r1P/2KR1BR1 w - - 0 24,d1d4 c6d4 f1d3 e4e3 c1b1 f2b2,1818,94,90,41,advantage exposedKing interference long middlegame queensideAttack,https://lichess.org/pgMR3tOH#47,
xxxjY,r6r/p3R1pk/3R3p/qp6/8/8/1PP3PP/2B3K1 b - - 5 27,a8e8 d6h6 h7g8 e7e8 g8f7 h6h8,1632,76,94,227,crushing endgame interference long pin,https://lichess.org/uWQcsEyl/black#54,
xyxlQ,r3r1k1/pQp2ppp/1nN3b1/8/2N2b2/1Pq4P/P3BPP1/3RRK2 b - - 6 22,g6e4 c6e7 g8h8 b7e4,1882,78,98,715,advantage discoveredAttack interference master middlegame short,https://lichess.org/58s2C7fs/black#44,
xzJvv,7r/1p6/n2p1kpr/pNpPp1R1/2P1Pp2/P6P/1P3P1K/6R1 w - - 9 31,b5d6 h6h3 h2g2 f6g5 d6f7 g5f6,1750,74,89,177,advantage endgame interference long,https://lichess.org/zG51OznG#61,
xzei8,r1b1k1nr/ppp2Npp/3p4/2b5/2B1P3/2N5/PPQP1qPP/R1BK3R w kq - 0 9,h1f1 c8g4 c3e2 f2f1,1669,74,85,371,interference mate mateIn2 opening short,https://lichess.org/vRB2YNOc#17,Three_Knights_Opening Three_Knights_Opening_Other_variations
y1Xti,3r2k1/p5bR/2p1bp2/2q1p3/2n1P1P1/2N2K2/PPPrB1Q1/2B4R w - - 20 28,c1d2 c4d2 f3g3 c5e3 g3h2 g8h7,1895,78,92,280,advantage interference long middlegame,https://lichess.org/MunuJv0V#55,
y2AuW,8/pR1K1Rpk/7p/8/2q5/6P1/P6P/8 w - - 29 54,d7e8 c4c8 e8e7 c8b7,1614,78,93,207,crushing endgame interference queenRookEndgame short,https://lichess.org/FfTNAJpe#107,
y2m4x,r1bq2k1/pp1p1pPp/1b6/1N6/4r3/8/PPP2PPP/R1BQ1RK1 w - - 0 12,b5d6 e4d4 d1h5 d4d6,1631,74,95,10449,advantage interference middlegame short,https://lichess.org/sw5Nsq7m#23,Four_Knights_Game Four_Knights_Game_Spanish_Variation
y4ajn,5r1k/4q1p1/1p2rn1p/2p2RB1/P1Q5/8/1PP3PP/R6K w - - 0 27,g5h4 e6e4 c4f1 e4h4,1807,73,95,17639,advantage interference middlegame short,https://lichess.org/BUta3euy#53,
y5WPj,r7/1bq1Q2p/pk1p1p2/8/2P1R3/B1n2P1P/P5K1/5R2 b - - 0 30,c3e4 f1b1 b6c6 e7e4,1773,135,76,21,crushing interference intermezzo master middlegame short,https://lichess.org/YTNuSpur/black#60,
y6Tnn,8/8/4P2p/p2k1K1P/8/P1p5/8/8 w - - 0 44,f5f6 c3c2 e6e7 c2c1q e7e8q c1g5 f6f7 g5h5,1630,76,85,217,advancedPawn crushing endgame interference pawnEndgame promotion veryLong,https://lichess.org/Z0oZDIRt#87,
y6ioM,8/p5r1/2pk4/4p3/1PP5/5K1p/5P2/R7 b - - 3 39,c6c5 a1a6 d6d7 a6a7 d7e6 a7g7,1698,77,94,173,crushing endgame interference long rookEndgame skewer,https://lichess.org/4H6qDjMH/black#78,
y6tfA,1b6/8/P4k2/8/4PpK1/5P2/8/8 b - - 0 48,f6g6 e4e5 b8a7 g4f4,1876,74,99,1406,bishopEndgame crushing endgame interference quietMove short,https://lichess.org/RKBhe5r5/black#96,
y73v6,2rq1rk1/pb2ppbp/1p1n2p1/2p1N3/P1BP4/2PQP2P/5PPB/2R2RK1 w - - 11 19,c4a6 c5c4 d3e2 b7a6,1645,77,89,771,crushing interference master middlegame short,https://lichess.org/lLaul1g2#37,Indian_Defense Indian_Defense_Other_variations
y7Aew,1r2k2r/6p1/p1pqP1Q1/7p/3P4/2N2N1P/P4PP1/b4K2 b - - 4 25,e8e7 g6g7 e7e8 g7h8,1713,80,85,61,crushing interference middlegame short,https://lichess.org/T4SskcH1/black#50,
y7MQu,8/3q3k/1p3bp1/p3pp1p/PnQ5/1PBPN1P1/5P1P/6K1 b - - 4 33,b4d3 e3d5 f6h8 c4d3,1641,75,94,1154,crushing endgame interference intermezzo master short,https://lichess.org/nuAqDhri/black#66,
y81Y2,4rrk1/pp3ppp/1q2b3/4Q3/8/2P5/PP3PPP/R1B1R1K1 w - - 1 19,b2b4 e6d7 c1e3 e8e5 e3b6 e5e1 a1e1 a7b6,1816,78,92,2263,advantage discoveredAttack interference middlegame quietMove veryLong,https://lichess.org/vdfF21qT#37,Philidor_Defense Philidor_Defense_Exchange_Variation
y8bOT,2kr1b1r/Qpp1qpp1/p6p/4p3/8/2Pn1P1P/PP3P2/RNBR2K1 b - - 2 20,e7c5 a7a8 c8d7 d1d3 f8d6 a8b7,1639,75,88,979,advantage interference long middlegame queensideAttack,https://lichess.org/KQ4AcnOp/black#40,
yABzt,8/p1p2rk1/1p1p3p/3P1Bp1/1PPq2P1/P4KP1/4Q1R1/8 w - - 8 46,e2b2 f7f5 g4f5 g5g4 f3e2 d4b2,1776,75,86,1446,crushing endgame interference long sacrifice,https://lichess.org/msQWE9p2#91,
yBix4,r1b3k1/ppp1bpp1/3rpq1p/3P4/2P1B3/P7/1P2QPPP/R1B1R1K1 w - - 0 18,b2b4 f6a1 c1b2 a1a2 e4b1 a2b3 b1c2 b3b2,1633,79,93,11856,advantage hangingPiece interference middlegame veryLong,https://lichess.org/R3SdFwU2#35,Scandinavian_Defense Scandinavian_Defense_Mieses-Kotroc_Variation
yCKMc,rnb1k2r/pp2ppbp/1q1p2p1/3P4/2B1n3/5N2/PPP1QPPP/RNB1K2R b KQkq - 1 9,g7b2 c4b5 c8d7 c1b2,1885,75,95,628,advantage interference intermezzo middlegame short,https://lichess.org/jOozdV8O/black#18,Modern_Defense Modern_Defense_Other_variations
yCSqF,r2q1rk1/ppp2pp1/2n4p/8/4Nn2/P4P2/1PB2P1P/R2Q2RK b - - 7 18,d8h4 g1g4 h4e7 g4f4,1702,153,38,12,advantage interference middlegame short,https://lichess.org/9OnEuBqq/black#36,Indian_Defense Indian_Defense_Normal_Variation
yE4rm,8/8/6k1/P4p2/1P2q1p1/3p2P1/3Q2KP/8 w - - 1 63,g2f1 e4h1 f1f2 h1h2 f2e3 h2g3 e3d4 g3d6,1866,75,89,464,crushing deflection endgame exposedKing interference queenEndgame veryLong,https://lichess.org/bVYdqHpI#125,
yEGIk,2r2r2/5pbk/3pq1p1/p3p2p/Q3B3/2PRB1Pb/PP2PP1P/R5K1 w - - 4 24,a1d1 c8c4 a4c2 c4e4 d3d6 e6f5,1812,76,93,497,advantage interference long middlegame,https://lichess.org/bdGmypTQ#47,
yEhb4,4r3/ppp2kp1/2n3p1/8/1q1pPB2/bP1P3P/Q1P1K1P1/5B1R b - - 0 23,f7g8 f4d2 b4e7 b3b4 g8h7 a2a3,1630,75,60,431,advantage discoveredAttack discoveredCheck interference long middlegame,https://lichess.org/znYleg9T/black#46,
yEkM8,8/R5b1/1Qpp2k1/4p1P1/2P1P3/1K1P2P1/PP3r1r/8 w - - 7 37,b3c3 f2c2 c3b4 c2b2 b4a5 b2a2,1826,75,90,3682,crushing deflection endgame interference long,https://lichess.org/srsYDWTv#73,
yEoRp,3r2k1/5pp1/2q4p/2p1Pn2/2Q2P2/6P1/2R4P/2R1K3 w - - 0 38,c4c5 c6h1 e1f2 h1h2,1735,76,91,3174,crushing endgame interference short,https://lichess.org/lzu1KaFM#75,
yFYfk,r7/pp2k1p1/3p2bp/2b1n3/2BpP1Pq/7P/PPP1QP2/RN3RK1 w - - 0 19,b1d2 d4d3 g1g2 d3e2,1622,74,90,169,advancedPawn crushing interference middlegame short,https://lichess.org/QIqv2hx8#37,
yFqsX,6rk/pp4rp/2p1p3/2PpN3/1P1qpP2/4R1PP/P4Q1K/8 b - - 2 30,g7g3 e5f7 h8g7 e3g3 g7f7 f2d4,1815,75,95,14302,crushing discoveredAttack endgame interference intermezzo long,https://lichess.org/OUS2fcip/black#60,
yGoti,r1bq1rk1/pppp1pbp/5np1/6B1/2P2Q2/2N5/PP2PPPP/R3KB1R w KQ - 4 9,c3d5 f6d5 c4d5 f7f6 g5h6 g6g5 f4d2 g7h6,1782,76,95,12289,advantage interference opening veryLong,https://lichess.org/TcvVGhaW#17,English_Opening English_Opening_Kings_English_Variation
yIUxQ,7k/2R3R1/r5K1/8/6P1/8/8/7r w - - 19 46,g6f7 h1f1 f7e8 a6a8 e8d7 h8g7,1666,74,95,6695,crushing endgame interference long rookEndgame,https://lichess.org/ORT7ej7Q#91,
yJ5E2,2r3k1/5p2/1p2p2p/1B3qp1/PP1R4/4PN1P/5PPK/8 b - - 3 35,c8c2 b5d3 f5f6 d3c2,1826,74,95,13671,advantage endgame fork interference short,https://lichess.org/QI8ZR58g/black#70,
yLZXG,k2q4/p2pr1b1/1pb4p/8/2Q3B1/2P5/P1P2PPP/R4RK1 w - - 1 22,a2a4 e7e4 c4f7 e4g4 f2f3 g4g5,1827,76,67,207,advantage interference long middlegame,https://lichess.org/GyFYgFoB#43,
yOdQ1,8/p2q1k1n/Pp2b3/1Pp1p2Q/2PpPp2/3P1P2/3NB2K/8 b - - 0 42,f7f6 h5h6 f6e7 h6h7,1714,226,43,9,crushing endgame interference short,https://lichess.org/15CtJvP3/black#84,
yPDPq,B4rk1/p4ppp/bp2pq2/2n5/2P5/5N2/PP1Q2PP/2KR3R w - - 3 18,b2b3 f6a1 c1c2 a1a2 c2c3 a2b3,1773,81,89,47,crushing exposedKing interference long middlegame queensideAttack,https://lichess.org/4rsH5OIl#35,Caro-Kann_Defense Caro-Kann_Defense_Maroczy_Variation
ySEEK,r1bqk2r/2p1bppp/p1pp4/8/3QP3/5N2/PPP2PPP/RN2K2R w KQkq - 0 9,d4g7 e7f6 g7h6 f6b2,1606,136,36,10,advantage interference middlegame short,https://lichess.org/TIZFL9mY#17,Ruy_Lopez Ruy_Lopez_Exchange_Variation
yTgeD,Q3qk1r/p3np2/8/4bN2/8/1PP5/P3P2P/R4RK1 w - - 0 28,a8a7 e5h2 g1f2 e7f5,1735,236,100,14,equality interference middlegame short,https://lichess.org/d6L4ksGB#55,
yUXF7,5rk1/pp1bp2p/3p1npQ/8/3NP3/2q2P2/P1P3P1/2KR3R w - - 0 19,g2g4 c3a1 c1d2 a1d4,1749,78,93,5343,crushing interference middlegame queensideAttack short,https://lichess.org/k2YMKdDo#37,Sicilian_Defense Sicilian_Defense_Dragon_Variation
yUv8Y,r5k1/q4p1p/2b1pPp1/1pPpP3/1Pn4Q/6P1/6BP/5RK1 b - - 1 30,g8f8 h4h7 f8e8 h7g8 e8d7 g8f7,1779,77,91,1785,crushing deflection interference long middlegame,https://lichess.org/Az7yAoIC/black#60,
yVexy,6k1/5pb1/3p2pp/2pPp1q1/NrB1n3/1P5P/P4PP1/4QRK1 b - - 2 26,e4d2 f2f4 e5f4 e1d2,1820,75,93,3260,advantage interference middlegame short,https://lichess.org/aIRpSNIy/black#52,
yWw02,r2qkb1r/pppn1ppp/3p1nb1/4p3/1PB5/P3PQ2/1BPP1PPP/RN2K1NR w KQkq - 1 7,f3b7 g6e4 b7a6 e4g2,1757,74,96,8700,crushing interference opening short,https://lichess.org/A9SzJli5#13,Polish_Opening Polish_Opening_Czech_Defense
yXQjD,6k1/ppp3bp/6p1/3P3n/2Bq4/2N1r1P1/PPK3Q1/R3nR2 w - - 4 25,f1e1 e3c3 b2c3 d4c3 c2d1 c3a1,1820,76,89,1145,crushing fork interference long middlegame,https://lichess.org/STsWz3lg#49,
yayeG,3k4/1p2q3/p7/8/1P3Q2/4p3/P5P1/6K1 b - - 0 40,e3e2 f4b8 d8d7 b8b7 d7d6 b7e7 d6e7 g1f2,1813,75,99,303,crushing endgame exposedKing interference queenEndgame veryLong,https://lichess.org/EjtT2r9x/black#80,
yb9Ry,r2qr1k1/ppp2p1p/2n2bp1/3p3Q/3P1P2/1P1B4/PB4PP/RN3RK1 w - - 0 16,h5f3 c6d4 f3f2 d4e2 d3e2 f6b2,1617,125,73,39,advantage discoveredAttack interference long opening,https://lichess.org/8rofvx9r#31,Italian_Game Italian_Game_Two_Knights_Defense
ybvfg,2bq3k/p2n2pp/2Q2p2/3p4/2pP4/2P2N1P/PrB2PP1/4R1K1 w - - 0 21,c6e6 d7e5 d4e5 c8e6,1813,75,90,833,crushing discoveredAttack interference middlegame short trappedPiece,https://lichess.org/sF1GNsza#41,
ycBYt,1r3rk1/5pq1/p1pRb1p1/6Qp/2P1P2P/5P2/PP4P1/1K3B1R w - - 1 21,e4e5 e6f5 f1d3 g7e5,1889,74,96,2234,advantage interference master middlegame short,https://lichess.org/aN4COsO1#41,
ydMpN,2r5/5k2/QRb1q2p/4p1p1/3pP3/P2P2P1/6PP/6K1 b - - 11 36,c8a8 b6b7 f7g6 a6a8,1728,77,95,19097,advantage endgame interference short,https://lichess.org/1Pa5LKXV/black#72,
yggbO,4rk2/pp3q2/3pRb2/2pP1Q2/2P5/8/PP3PPP/6K1 b - - 4 25,f6b2 e6e8 f8e8 f5c8 e8e7 c8b7,1784,75,93,2537,attraction crushing endgame exposedKing interference long pin,https://lichess.org/DNv1YasV/black#50,
yh79l,r2qr1k1/ppp3pp/2np1p2/3Q2B1/6PP/2P5/PPP1BP2/2K4R b - - 1 17,g8f8 e2c4 d8d7 d5g8 f8e7 g8g7,1829,79,91,1803,crushing deflection interference long middlegame quietMove,https://lichess.org/3I92NyJl/black#34,Russian_Game Russian_Game_Nimzowitsch_Attack
yiC1F,3r2k1/ppqr1pp1/2p3p1/3P2Pn/8/4Q2P/P2R1PB1/3R2K1 b - - 0 24,h5f4 d5d6 d7d6 e3f4 d6d2 f4c7,1835,76,93,2633,advantage interference long middlegame,https://lichess.org/U7SrCNpX/black#48,
yiWQL,8/1p5r/2k5/1R2R2p/1P4p1/5pK1/3r1P1P/8 b - - 0 40,d2d4 e5c5 c6d6 b5b6 d6d7 b6b7,1755,78,71,78,crushing endgame exposedKing interference long rookEndgame,https://lichess.org/N75vfVzP/black#80,
yjC35,2kr1bnr/ppp2ppp/4p3/3P4/5QPq/2N5/PPP2P1P/R1B2RK1 b - - 0 16,e6d5 f4f5 c8b8 c1g5 h4h3 g5d8,1871,76,94,14583,clearance crushing fork interference long middlegame,https://lichess.org/gyQ18GD1/black#32,Scandinavian_Defense Scandinavian_Defense_Mieses-Kotroc_Variation
yjGYb,2rr1k2/1q3p2/pp2p2Q/4P3/P5R1/7P/1P3PP1/6K1 b - - 0 33,f8e7 h6f6 e7e8 g4g8 e8d7 f6f7 d7c6 f7e6 c6c7 g8g7 c7b8 g7b7,1604,74,91,196,crushing deflection endgame interference skewer veryLong,https://lichess.org/rYqKRxT3/black#66,
yjTmI,3r1r1k/pp5p/3R2p1/8/3p1Pn1/Pn1B2P1/NP5P/4R1K1 w - - 1 28,d6e6 b3c5 d3e2 c5e6,1794,77,95,10773,crushing fork interference middlegame short,https://lichess.org/aJRJVCpb#55,
ykGUU,3r4/1kp1b1pp/Rp2P3/1P3B2/2P5/5P2/P3KP1P/3r4 b - - 2 27,g7g6 f5e4 c7c6 e4c6 b7c8 a6a8 c8c7 a8a7 c7d6 e2d1,1817,75,83,404,crushing endgame interference veryLong,https://lichess.org/Ee2ovYZO/black#54,
ykJgo,r6r/2pkbpp1/p2p2q1/1p1P4/7p/2Q5/PB3PPP/1R2R1K1 b - - 0 22,h4h3 c3c6 d7c8 c6a8,1660,74,89,335,crushing interference middlegame short,https://lichess.org/HVTNy9Yc/black#44,
ykW3y,2k5/1p3ppp/1Pp5/1bNP4/8/p4K1P/4r1P1/2R5 b - - 0 37,c6d5 c5d3 c8d8 f3e2,1895,75,95,1310,advantage discoveredAttack discoveredCheck endgame interference short,https://lichess.org/NUtYlC9a/black#74,
ykdcP,2q4k/6p1/5p1p/3Q1K1P/5P2/6P1/8/8 w - - 9 55,f5g6 c8e8 g6f5 e8h5,1638,88,100,122,crushing deflection endgame interference queenEndgame short skewer,https://lichess.org/Rb4O6aH0#109,
ym8Mq,rq5r/p2k1Q2/2p1p2p/2Pp4/2n1p3/2P5/P1P3PP/R1B3K1 b - - 1 24,d7d8 f7f6 d8d7 f6g7 d7c8 g7h8,1750,75,99,328,advantage exposedKing fork interference long middlegame,https://lichess.org/iW4Kce4Y/black#48,
ynbwe,rn1qk2r/pQ3ppp/3ppb2/1bp5/8/4P3/PPPP1PPP/R1B1K1NR w KQkq - 0 9,b7a8 b5c6 a8a7 c6g2,1640,75,84,148,crushing interference middlegame short,https://lichess.org/agMx1eyo#17,Vant_Kruijs_Opening Vant_Kruijs_Opening_Other_variations
ynduc,3r4/pb2rpkp/1pn2np1/6N1/7Q/PB5P/1P3PP1/R5K1 w - - 1 25,b3a4 d8d4 h4g3 d4a4,1646,75,96,25723,advantage interference middlegame short,https://lichess.org/AMAczXRR#49,
ynsmb,r2q1rk1/pb1pb1pB/1pn1p3/3nP1p1/7P/2P2N1R/P2N1PP1/R2QK3 b Q - 0 14,g8f7 f3g5 e7g5 d1h5 f7e7 h5g5,1832,75,79,94,advantage interference long middlegame sacrifice,https://lichess.org/ZJRQd5AY/black#28,Indian_Defense Indian_Defense_London_System
ypiAM,5rk1/1p2bpp1/4b2p/1P1n4/r2BN1PP/5P2/2P1N3/2KR3R w - - 0 23,e2c3 e7a3 c1d2 a4d4,1772,77,92,1725,crushing interference middlegame queensideAttack short,https://lichess.org/AJK57vsU#45,
ypvwT,8/3b2pk/1p1p1p1p/p1r1nP1R/P2pP3/QP1P3P/6P1/6K1 w - - 3 32,b3b4 c5c3 a3b2 e5d3,1773,77,91,1555,crushing endgame interference short,https://lichess.org/5IHNinlp#63,
yrYnu,rnbqkbnr/1p3ppp/p7/1N2P3/3p4/8/PP2PPPP/R1BQKBNR w KQkq - 0 7,b5d4 f8b4 c1d2 d8d4,1629,76,98,2395,advantage interference intermezzo opening short,https://lichess.org/4GGGVh6V#13,English_Opening English_Opening_Caro-Kann_Defensive_System
yrqn7,1r2k1r1/pb3p2/q2bp2p/2p1Q3/4P2P/1PP3P1/P4P2/1BKR3R w - - 0 22,e5d6 a6a3 c1c2 b7e4 d1d3 e4d3,1736,76,93,2442,advantage exposedKing fork interference long middlegame,https://lichess.org/XGVVFx8H#43,
ysl4D,2k5/p2r1pp1/2Q1p2p/4P3/3q4/6PK/PP1r4/5R2 b - - 0 33,d7c7 c6a8 c8d7 f1f7,1620,75,86,249,endgame interference mate mateIn2 short,https://lichess.org/q6PmIEA2/black#66,
ytHIC,2rqr1k1/pb1n1pp1/3ppb1p/pQp5/3P4/2P1PNP1/1P1N1PBP/R3R1K1 b - - 1 15,d8b6 b5d7 b7c6 d7d6,1649,75,90,394,crushing hangingPiece interference master middlegame short,https://lichess.org/lKio4K8J/black#30,Indian_Defense Indian_Defense_Spielmann-Indian
ytbhH,8/8/5p1p/1kPK1P1P/p7/8/8/8 w - - 0 54,d5d6 a4a3 c5c6 a3a2 c6c7 a2a1q c7c8q a1e5 d6d7 e5f5 d7d8 f5c8,1679,76,84,188,advancedPawn crushing endgame interference pawnEndgame promotion veryLong,https://lichess.org/k5ghaskb#107,
yuZUb,4r1k1/p4p1p/2p2Qp1/3N1n2/5qP1/3B4/2P2P1P/3RK2R w - - 1 24,e1f1 f4f3 h1g1 f3d1 f1g2 d1g4,1858,174,33,24,advantage fork interference long middlegame,https://lichess.org/dBy8H1a3#47,
yuZx6,2k1r2r/ppp2ppp/3b1n2/4q3/2Pn1Nb1/3BP1QP/PP3PP1/R1B1K2R b KQ - 0 15,f6h5 g3g4 f7f5 g4h5,1636,76,94,2449,advantage hangingPiece interference middlegame short,https://lichess.org/jYHqRJkr/black#30,Rat_Defense Rat_Defense_English_Rat
yvZn7,r4rk1/ppp2pp1/7p/4bQ2/2Pq4/P1N5/1P4PP/3R1R1K b - - 3 21,d4c5 d1d5 c5c4 d5e5,1782,75,97,80,advantage interference middlegame short,https://lichess.org/qPcIPnan/black#42,
yvh1w,r6r/pp1kB3/2nb2qp/3Q1b2/2P5/8/PP4PP/3RR2K b - - 0 24,c6e7 d5b7 d7e8 b7a8 e8f7 a8h8,1884,74,86,99,advantage exposedKing interference long middlegame skewer,https://lichess.org/LZK4Dyx1/black#48,
ywGY8,1k1r1r2/pp6/2p2R2/2Pp3p/3Pp1pn/PP2P2P/1B1N3K/4R3 w - - 1 27,e1f1 h4f3 d2f3 f8f6,1686,75,96,1057,advantage interference middlegame short,https://lichess.org/KegkKt4P#53,
ywcb3,r3kb1r/pp3ppb/n3pn1p/qNpp3P/3P1BP1/2P1PP2/PP6/R2QKBNR w KQkq - 1 11,f1d3 h7d3 d1d3 c5c4 d3e2 a5b5,1702,75,95,12261,crushing interference long middlegame,https://lichess.org/Nl9zLjBz#21,Rapport-Jobava_System Rapport-Jobava_System_Other_variations
yx41S,2k1rb1r/ppp2ppp/2n1q3/8/P4pN1/1P1Pp3/1BPN2PP/R2QR1K1 w - - 0 15,d2c4 e3e2 d1d2 e6g4,1606,79,89,71,advancedPawn crushing interference opening short,https://lichess.org/FMHSlfyL#29,Bird_Opening Bird_Opening_Other_variations
yx8bI,3b2k1/1q5p/3r4/pp3Qp1/3pR3/PP4PP/5P2/6K1 b - - 0 43,d6f6 e4e8 g8f7 f5h7 f7e8 h7b7,1686,74,89,284,crushing deflection endgame fork interference long skewer,https://lichess.org/VqAyEPqY/black#86,
yxKUA,4r1k1/ppq2pbp/2n3p1/3rPb2/5B2/5N1P/PP1NQPP1/R3R1K1 w - - 9 20,d2c4 f5d3 e2e3 d3c4,1809,279,0,5,advantage interference middlegame short,https://lichess.org/sN7aVUpd#39,
yyfxI,4r1rk/1pp3pn/p3q2p/4PB1Q/8/2P4P/P1PB3K/4R3 b - - 4 29,e6a2 h5g6 h7f8 g6e8,1727,74,96,7984,advantage interference middlegame short,https://lichess.org/UYlwVPRD/black#58,
yzhFE,r1b4b/ppk2q1P/2pp2R1/8/3Pn3/3QBP2/PPP5/2K4R w - - 0 28,d3e4 c8f5 e4f4 f5g6 f4f7 g6f7,1608,75,92,404,advantage fork interference long middlegame,https://lichess.org/svPxGRai#55,
z2LKC,2r3k1/pp2p2p/3p1np1/8/4P1P1/1b1BQP2/1qPK4/3R3R w - - 0 23,d1b1 c8c2 d3c2 b2c2 d2e1 c2b1,1646,77,53,53,crushing interference long middlegame,https://lichess.org/MsKuHh78#45,
z2rcR,2k1r3/3b3p/6p1/2B5/2q4P/8/PQ3PP1/RN3K1R w - - 0 28,f1g1 e8e1 g1h2 c4h4,1760,79,88,1382,interference mate mateIn2 middlegame short,https://lichess.org/O9Xdsm5j#55,
z3dA7,r3k2r/ppq2ppp/2nbpn2/1B1pNb2/3P1B2/2N3Q1/PPP2PPP/R4RK1 b kq - 7 11,h8g8 e5c6 d6f4 c6e5 e8e7 g3f4,1733,76,96,14264,crushing discoveredAttack discoveredCheck interference intermezzo long middlegame,https://lichess.org/9Lt9uif5/black#22,Caro-Kann_Defense Caro-Kann_Defense_Other_variations
z3wlI,1q2r1k1/7p/2b1p1pP/3pBpQ1/1p1P4/6P1/5PBK/8 b - - 1 38,b8b7 g5f6 e8f8 f6h8 g8f7 h8h7,1823,75,93,1290,advantage deflection endgame interference long,https://lichess.org/VJV7NTNM/black#76,
z4EmG,8/1r4p1/3k3p/1p1P3P/p2K3P/P7/8/6R1 b - - 6 47,b5b4 g1g6 d6c7 g6g7 c7b8 g7b7 b8b7 a3b4,1696,75,79,116,crushing endgame exposedKing interference rookEndgame veryLong,https://lichess.org/EtgxcGj5/black#94,
z4kF2,1r6/ppR5/5kp1/4nbNp/7P/8/PPP3P1/6K1 b - - 2 28,b8c8 g5h7 f6e6 c7c8,1691,76,97,1493,advantage endgame interference short,https://lichess.org/K3kYf4yb/black#56,
z4vOX,3qk2r/p2p1ppp/1rpQ1n2/4p3/2b1P3/B1P2B2/P1PK1PPP/R6R w k - 7 13,a1b1 f6e4 f3e4 d8g5 d2e1 b6b1,1804,89,69,31,clearance crushing interference long middlegame sacrifice,https://lichess.org/K0famXKP#25,Sicilian_Defense Sicilian_Defense_Lowenthal_Variation
z5aS3,r6r/2qnkpN1/pp1p4/3P4/1bP2p1p/PP1R1P1P/1Q4P1/1K5R b - - 0 22,b4c5 g7f5 e7d8 b2h8,1871,75,93,2757,crushing discoveredAttack interference master middlegame short,https://lichess.org/fHnUbz9F/black#44,
z6qfY,4r3/1kp3pp/3r1p2/2b2b2/2B5/1P3N2/1K4PP/R1B4R w - - 3 24,c1d2 d6d2 f3d2 c5d4 b2c1 d4a1,1631,76,93,1969,advantage interference long middlegame sacrifice skewer,https://lichess.org/qNQd1toP#47,
z7Sjg,2rk1r2/1p6/4RP2/p3P3/P7/2p5/7R/6K1 b - - 0 36,c3c2 h2d2 d8c7 d2c2,1873,76,86,94,crushing endgame interference rookEndgame short,https://lichess.org/MiY7MqjX/black#72,
z8IeH,8/8/2p2k2/r4P2/4K3/5R2/P7/8 w - - 4 49,a2a3 a5a4 e4d3 a4a3 d3e2 a3f3 e2f3 f6f5 f3e3 f5e5 e3d3 e5d5 d3c3 d5c5,1849,79,93,4781,crushing defensiveMove endgame interference rookEndgame veryLong zugzwang,https://lichess.org/LCTHcafd#97,
z8izq,r4r1k/1b3Ppp/pn3n2/2b5/3N4/1B2BP2/PPN2KPq/R2QR3 w - - 0 20,e1h1 f6g4 f3g4 h2g2 f2e1 g2h1,1823,75,88,705,advantage interference long middlegame sacrifice,https://lichess.org/15ecMw12#39,
z9sqT,8/5ppp/2k5/4r3/PK6/R3P3/6PP/8 w - - 9 49,a4a5 e5e4 b4b3 e4e3 b3b2 e3a3 b2a3 c6b5,1665,117,83,12,advantage endgame interference rookEndgame veryLong,https://lichess.org/5vUAn6Sh#97,
zAfoy,2k4r/ppprp2p/2q4b/3pPp2/3P4/P1NP4/1P2Q3/1K1R3R b - - 1 21,h8g8 e5e6 d7d8 h1h6,1647,78,92,2246,advantage interference middlegame short,https://lichess.org/7dPl7f1I/black#42,
zAmw8,8/pp5p/7R/6p1/1P1bk3/P5K1/2r4P/3R4 w - - 8 33,h6h7 d4e5 g3g4 c2g2 g4h5 g2h2 h5g6 h2h7,1795,76,89,68,advantage endgame exposedKing interference veryLong,https://lichess.org/JXguw2m7#65,
zBCnK,r2qr1k1/1p3ppp/5bb1/p1p5/P1BP1Q2/2P1B2P/1P3PP1/R4RK1 w - - 0 20,d4c5 e8e4 f4f3 e4c4,1667,157,8,13,advantage interference middlegame short,https://lichess.org/JO5nbo56#39,
zBH9k,r1b2rk1/pp1n2bp/1qp1p1p1/5pN1/5P2/2N4P/PPP3P1/R1B1QR1K w - - 0 16,g5e6 f8e8 c1e3 e8e6 e3b6 e6e1,1867,76,91,3198,advantage interference long opening,https://lichess.org/aX5XLnpd#31,Caro-Kann_Defense Caro-Kann_Defense_Other_variations
zCevw,r2k1b1r/pp5p/2p2R2/3q4/3P2Q1/2P3P1/P6P/4R1K1 b - - 0 22,f8e7 e1e7 d8e7 g4g7 e7d8 g7h8,1699,75,66,746,attraction crushing exposedKing interference long middlegame sacrifice,https://lichess.org/a1XxGC1q/black#44,
zD1Ew,8/5p1k/P5p1/7p/3Q4/1KRP3B/3q1r2/8 w - - 0 49,a6a7 d2a2 b3b4 f2b2 b4c5 a2a7,1700,74,94,8322,crushing endgame exposedKing interference long,https://lichess.org/clpVtTTE#97,
zDdOb,r1b1k2r/pp3ppp/4q3/8/3P4/8/nP2QPPP/1K1R1BNR b kq - 1 13,e8g8 e2e6 c8e6 d4d5 f8d8 b1a2,1756,77,92,984,advantage interference long middlegame,https://lichess.org/jJM3Ganv/black#26,Caro-Kann_Defense Caro-Kann_Defense_Panov_Attack
zE5AD,1r5r/3n1pk1/4p1p1/p1qp2Q1/3N1R1P/1PP2P2/P7/6RK b - - 8 31,c5d6 f4f7 g7f7 g5g6 f7e7 g6g7 e7d8 g7h8,1681,76,69,123,advantage attraction interference middlegame sacrifice veryLong,https://lichess.org/CF6MqE0j/black#62,
zGJ7A,2k4r/2r3pp/P4p2/3b4/4p2P/3pPq2/PQ1P1P2/1R3KR1 b - - 0 27,d5e6 b2b8 c8d7 g1g7,1785,149,83,11,crushing interference master middlegame short,https://lichess.org/oIWAtVhi/black#54,
zGT9i,2rq1r1k/1b1p4/p5Q1/1p1p4/8/PP6/3N1PPK/2R2R2 w - - 1 25,f1h1 d8h4 h2g1 c8c1,1760,76,93,1105,crushing interference middlegame short,https://lichess.org/UVK25b88#49,
zGiNu,2r3k1/3p2pp/3Kp3/4P3/1Pp5/1q1b1N2/3Q2PP/3R3R w - - 6 31,d1a1 c4c3 d2d3 b3b4 d6d7 b4b7 d7e6 b7f7 e6d6 c8d8,1835,75,86,426,crushing interference middlegame sacrifice veryLong,https://lichess.org/9SPuKaAk#61,
zHNLy,r1k4r/5p1q/pp1p1b2/2p1pP2/2Q2pRP/1P3P1B/P6K/6R1 b - - 1 31,c8c7 g4g7 f6g7 c4f7 c7c6 g1g7 h7g7 f7g7,1793,87,84,33,advantage interference middlegame sacrifice veryLong,https://lichess.org/HbzLc4z6/black#62,
zIRFY,r3k2r/6p1/p1p1ppp1/3q4/3P4/1N2P3/2Q2PPP/4R1K1 b kq - 0 26,d5h5 c2c6 e8f7 c6b7 f7g8 b7a8,1781,75,95,7002,crushing endgame exposedKing fork interference long,https://lichess.org/U0RWawu6/black#52,
zJSmh,r4rk1/2q2pb1/ppn3B1/2p1p1Np/2Pp3P/PP2P3/1BQP4/2K3Rb b - - 0 20,a8d8 g6f7 f8f7 c2h7 g8f8 g5e6 f8e7 e6c7,1880,75,95,1622,advantage fork interference middlegame sacrifice veryLong,https://lichess.org/jBdTeWPl/black#40,
zJrd9,rn1qkb1r/p3pppp/1p6/1b1Q4/3P4/4P3/PP3PPP/R1B1K1NR w KQkq - 0 10,d5a8 b5c6 a8a7 c6g2,1640,78,92,2951,advantage interference middlegame short,https://lichess.org/hwPfwEEr#19,Slav_Indian Slav_Indian_Other_variations
zK7I9,2r5/4kpQ1/p3p3/1p2P3/4pP2/6P1/q1r1P2R/4R1K1 b - - 0 32,c2c1 g7f6 e7d7 f6f7 d7c6 e1c1,1650,76,88,1127,crushing deflection endgame interference long,https://lichess.org/5suInoS6/black#64,
zK87W,8/1p2rbk1/2n3pp/1B2p3/4r3/5NPP/pQ5K/R7 w - - 0 40,f3d2 e4b4 b2c3 b4b5,1792,76,92,949,crushing interference master middlegame short,https://lichess.org/qLZyLGXf#79,
zKCLz,3r1r1k/q1n2ppp/1pB5/p1nNP1Q1/P7/8/1PP3PP/R4R1K w - - 1 22,d5e7 c7e6 g5h4 g7g5 h4f2 a7e7,1889,75,87,126,advantage interference long master middlegame,https://lichess.org/pGeQP7I9#43,
zLPoN,6rk/4q1rp/4p2R/pp1pPp2/2p5/P1P1P2R/1P2Q1PP/5K2 b - - 5 31,g7g2 h6h7 e7h7 h3h7 h8h7 e2h5 h7g7 f1g2,1607,76,87,962,attraction crushing endgame fork interference veryLong,https://lichess.org/qfHMN21O/black#62,
zLnOT,5rk1/r2n1p2/2q3pp/1ppR4/p2pP1P1/P2P2QP/1PP3B1/5NK1 b - - 1 25,d7f6 d5d6 c6c7 d6f6 c7g3 f1g3,1637,76,75,287,advantage interference long middlegame,https://lichess.org/hc96nqIo/black#50,
zPlmI,r5k1/pp4q1/4r3/2nN1Q2/1P5P/8/P1P2PP1/1K1R4 b - - 0 28,e6e5 d5f6 g8f7 f5e5,1746,77,87,288,crushing interference middlegame short,https://lichess.org/JXE9OxaK/black#56,
zPsLT,3q2k1/1p1r1pp1/p6B/2pBb3/P2n2Q1/1P5P/2P2PP1/3R2K1 w - - 1 29,d5c4 d4f3 g2f3 d7d1,1671,74,87,817,advantage discoveredAttack interference kingsideAttack master middlegame short,https://lichess.org/mSycggVV#57,
zQFK8,2R5/pp4pk/5q1p/3b4/1P3P2/P4PQ1/6KP/8 w - - 2 36,g3g4 d5e6 f4f5 e6c8,1685,76,93,738,advantage endgame fork interference short,https://lichess.org/Vc90AZnl#71,
zSNXs,1k3b1r/ppp1n1qp/3r4/3P4/5PB1/1QN1P3/PP1B4/R4R1K w - - 1 23,f1g1 d6h6 h1g2 g7g4,1649,77,94,19803,crushing interference kingsideAttack middlegame short,https://lichess.org/Rk8IBgKR#45,
zSw6e,3r2k1/p3np1p/1p2p1pq/3r4/1P3PR1/4P2P/1BQ2P1K/1B4R1 w - - 9 34,c2e2 d5d2 e2a6 d2b2,1667,75,90,1182,advantage interference middlegame pin short,https://lichess.org/QEtZnhoj#67,
zTNFW,8/2k5/2pr3p/1p4PK/p7/P1R2P2/8/8 b - - 0 55,c7b7 g5g6 d6d5 h5h6,1683,76,93,426,crushing endgame interference rookEndgame short,https://lichess.org/R6hSSUKU/black#110,
zThdf,6Q1/2r4p/6p1/5p2/4k3/6P1/P1p1KP2/8 b - - 0 45,c2c1q g8e6 e4d4 e6d6 d4c3 d6c7 c3b2 c7c1,1692,75,95,1889,crushing endgame interference veryLong,https://lichess.org/Pbo13x5j/black#90,
zTnNu,r3r1k1/pp1b4/6pp/q2p1Pb1/P2P4/2N3NP/1P1Q2P1/R4RK1 w - - 1 23,d2d3 e8e3 d3c2 e3g3,1604,74,91,242,advantage interference middlegame short,https://lichess.org/gB2uYOR9#45,
zVE12,4r1rk/1p2p1b1/3p1pQ1/2pP1P1P/2P5/4R3/3q1PP1/5RK1 b - - 4 34,d2d4 h5h6 g7f8 g6e8,1678,74,84,294,crushing interference middlegame short,https://lichess.org/tVcvCuMx/black#68,
zW9Nu,5k2/p3q3/1p2pp1p/2p4P/P1P1PQ2/1P2K1P1/8/8 b - - 6 33,e7g7 f4b8 f8f7 b8a7 f7g8 a7g7,1727,75,69,115,crushing endgame exposedKing interference long queenEndgame,https://lichess.org/FG76xJQH/black#66,
zWoI4,r2q1rk1/pQp1bppp/3p1nb1/8/2B3P1/2P1BN1P/PPP2P2/R3K2R w KQ - 1 13,e1c1 g6e4 b7a6 e4f3,1667,76,85,147,advantage interference middlegame short,https://lichess.org/9VbkMA2N#25,Russian_Game Russian_Game_Nimzowitsch_Attack
zX0uL,r5r1/4k1b1/p1q1nnQB/2p5/2p5/3P3P/PPP3P1/4RR1K b - - 3 22,g7h6 g6f6 e7d7 f6f7 d7d8 f7g8,1838,78,93,4688,crushing exposedKing fork interference long middlegame,https://lichess.org/IW1VSFPt/black#44,
zX6YD,5rk1/pR3p2/q5r1/4p3/8/2P4Q/6PP/5R1K w - - 1 26,h3f3 e5e4 f3f4 a6b7,1764,75,93,1526,advantage endgame interference short,https://lichess.org/Bp5fWotT#51,
zXYts,r3r1k1/p4ppp/2p5/3nP3/5B2/2N3PQ/Pq6/2R1K1R1 w - - 3 20,c3d5 e8e5 d5e3 b2c1,1774,74,83,176,advantage interference middlegame short,https://lichess.org/NJJ7BRBC#39,
zYGEv,2rq1rk1/1p2bppp/4p3/pB3b2/Pn2n3/2N1BN2/1P3PPP/R1QR2K1 b - - 3 18,d8c7 d1d7 c7b8 d7e7,1798,75,90,553,advantage interference middlegame short,https://lichess.org/TJmocUKE/black#36,Alekhine_Defense Alekhine_Defense_Two_Pawns_Attack
zYdmJ,r5k1/p4pbp/6p1/2Np1p2/1P1n4/P1q2N2/2P1QKPP/R6R w - - 0 20,f3d4 g7d4 f2f1 c3a1,1613,74,96,29175,crushing interference middlegame short,https://lichess.org/0gtYQPph#39,
zZOWA,5rk1/p4pp1/1p2b2r/5P2/6q1/6N1/P4QP1/3RR1K1 b - - 0 28,e6c4 d1d4 g4g5 d4c4,1646,76,94,5822,crushing interference master middlegame short,https://lichess.org/SvMSrV72/black#56,
zaFEi,r6k/pp3pp1/5b1p/q1rB4/7P/PQ2P3/1P3PP1/1K1R3R w - - 1 20,d5f7 c5b5 d1d5 b5b3 d5a5 b3b2,1660,77,94,5597,advantage interference long middlegame queensideAttack,https://lichess.org/Xl3dGGN6#39,
zaq5Q,3r3k/p5p1/1p5p/4bQ2/P7/1b3P1P/5qP1/1R2R2K w - - 2 35,e1e5 b3c2 f5g4 c2b1,1650,72,94,15739,advantage endgame fork interference short,https://lichess.org/St5BGOcf#69,
zbjrx,1r1r2k1/pB3p1p/6p1/2p2b1q/4Q3/2P2P2/PP4PP/R3R1K1 w - - 1 20,e4e7 d8d7 e7c5 d7b7,1826,74,94,6551,advantage interference master masterVsMaster middlegame short,https://lichess.org/vtR4bmwM#39,
zbsBq,2r3k1/3N1pp1/4p3/3pb3/8/R4QPP/5P1K/q7 b - - 4 33,a1e1 a3e3 e1f1 d7e5,1795,78,84,56,advantage endgame interference short,https://lichess.org/7gAoxdZ6/black#66,
zciuw,2r3k1/3N1pp1/p6p/1ppb2q1/3P4/1P3P1P/P1Q3P1/4R1K1 b - - 0 26,c5c4 e1e5 g5f4 e5d5,1806,78,92,3921,advantage endgame interference master short,https://lichess.org/atL6IQnp/black#52,
zdB1S,3r1rk1/1p2qp1p/p1p1b1pn/4R3/4QPP1/2NB3P/PPP5/5R1K b - - 0 18,e7h4 e5h5 h4f6 h5h6,1857,79,68,53,advantage interference middlegame short,https://lichess.org/ObzftbDb/black#36,Scotch_Game Scotch_Game_Other_variations
zdT9Q,r4rk1/pp2p1bp/2n1pnp1/2p1N3/8/N1PP2Pq/PP3P1P/R1BQR1K1 w - - 1 14,f2f3 c6e5 e1e5 f6g4 e5e2 f8f3,1728,76,91,1151,crushing discoveredAttack interference long middlegame,https://lichess.org/7TyBeDaY#27,Sicilian_Defense Sicilian_Defense_Modern_Variations
zdcGG,rnb1kbnr/pp3ppp/4p3/2Pp4/5B2/4PN2/PqPN1PPP/R2QKB1R b KQkq - 1 6,f8c5 f4e5 b2a3 e5g7,1812,74,95,17108,crushing interference opening short,https://lichess.org/DIRXStos/black#12,Queens_Pawn_Game Queens_Pawn_Game_Steinitz_Countergambit
zeRzO,rn1qk1nr/p2bppbp/1p4p1/1BppP3/3P4/1QP5/PP3PPP/RNB1K1NR w KQkq - 2 7,b3d5 d7b5 d5a8 b5c6 a8a7 c6g2,1644,78,94,3370,advantage interference long opening sacrifice,https://lichess.org/SvqA8Azo#13,Modern_Defense Modern_Defense_Other_variations
zgLJw,4QN2/pp3rpk/2p4p/8/3P4/7P/qP3PPK/8 b - - 2 33,h7g8 f8e6 g8h7 e8f7 a2e6 f7e6,1805,75,100,412,crushing deflection discoveredAttack endgame interference long,https://lichess.org/su5iLUaX/black#66,
zgkZr,r1q2r1k/ppp3pp/2n5/3Q2B1/3P4/8/PP3PPP/R4RK1 w - - 3 16,a1d1 f8f5 d5e4 f5g5,1632,76,93,1300,advantage interference middlegame short,https://lichess.org/qTmluyZ0#31,Bishops_Opening Bishops_Opening_Other_variations
zhLil,r4rk1/p4ppp/2p5/3q4/1n4b1/4NR2/PP2B1PP/R4Q1K b - - 9 20,d5h5 e3g4 h5g4 f3f4 g4d7 f4b4,1866,112,82,21,advantage interference long middlegame,https://lichess.org/CS6EQ7RJ/black#40,
zhkqq,r1b1kb1r/pp3ppp/4pn2/qN1p4/1n1P1B2/P3P3/5PPP/R2QKBNR w KQkq - 0 10,a3b4 f8b4 e1e2 a5b5,1850,75,92,2870,advantage interference middlegame short,https://lichess.org/wTgOSrQF#19,Slav_Defense Slav_Defense_Exchange_Variation
zhx5K,r1bk1r2/1p1pQ2p/6p1/p3R3/3p1q2/5p2/PPP4P/1K3R2 b - - 1 24,d8c7 e7c5 c7b8 c5d6 b8a7 e5a5,1765,81,94,759,discoveredAttack interference long mate mateIn3 middlegame,https://lichess.org/yOMZa9L9/black#48,
ziiAX,8/p7/4kr2/R7/P3K3/8/8/8 b - - 8 60,f6f7 a5a6 e6e7 a6a7,1606,74,86,428,crushing endgame interference rookEndgame short,https://lichess.org/bJCUcF2R/black#120,
ziu9A,rnb1kb1r/pp3ppp/4pn2/q1P5/8/2N1BN2/PPP2PPP/R2QKB1R b KQkq - 0 7,f8c5 f1b5 c8d7 e3c5,1892,75,88,90,crushing interference intermezzo opening short,https://lichess.org/k0LKAVsA/black#14,Scandinavian_Defense Scandinavian_Defense_Main_Line
ziyhq,6k1/1pp3q1/4p1p1/8/3nN2Q/r7/P1P5/2K4R b - - 1 30,a3a8 e4f6 g8f7 h4d4 g7f6 h1h7 f7g8 d4f6,1797,76,87,1416,crushing deflection discoveredAttack endgame exposedKing interference veryLong,https://lichess.org/in7EHmXe/black#60,
zjSvP,5k2/4qppB/p1p5/1p1p4/3P1n1P/2P5/PPQ2PP1/6K1 w - - 1 27,h7f5 e7e1 g1h2 f4e2 c2b1 e1f2,1771,125,58,19,advantage endgame interference long,https://lichess.org/uLPRkRJZ#53,
zkaLA,r1bq2nr/ppp1k1pp/2np4/6Q1/4PP2/8/PPPP2PP/RNB1K2R b KQ - 1 11,g8f6 g5g7 e7e8 g7h8 e8f7 h8d8,1786,80,92,3806,crushing interference long opening,https://lichess.org/0gWArpM0/black#22,Italian_Game Italian_Game_Jerome_Gambit
zlJx9,r6r/pQpk1p2/3b1q1p/3Pn3/8/5N2/PP3PPP/1K2R2R b - - 2 19,e5f3 b7c6 d7d8 c6a8 d8d7 a8c6,1693,74,99,407,advantage interference long middlegame,https://lichess.org/Z6qpCQJL/black#38,
zmPdG,6Q1/2q4p/p4k1P/1p4pK/5b2/1P6/P4PB1/8 b - - 12 44,c7d7 g8h8 f6e7 h8h7,1887,75,93,10956,crushing endgame interference short,https://lichess.org/oEmpsouF/black#88,
zmT4T,8/1p2Q1kp/4p3/p2pP1P1/3P4/P6q/1P1K4/8 b - - 3 38,g7g6 e7f6 g6h5 f6h6 h5g4 h6e6,1613,75,91,106,crushing endgame exposedKing interference long queenEndgame,https://lichess.org/QJXs91eX/black#76,
zniGr,r6r/p2k4/2p1ppp1/4q3/1P6/P1nP3P/2Q2P2/2R2K1R b - - 3 28,c3d5 c2c6 d7e7 c6b7 e7f8 b7a8,1663,80,73,46,advantage interference long middlegame,https://lichess.org/qSXY2f9q/black#56,
zoh8J,3rr3/pppb1pk1/2q3pp/4p1N1/3nP1PP/P1NP1P2/1P5Q/2K3RR b - - 0 21,h6g5 h4g5 g7f8 h2h8 f8e7 h8e5 d7e6 e5f6 e7d7 f6d4,1889,81,68,39,advantage fork interference middlegame veryLong,https://lichess.org/hlFtOcUd/black#42,
zp0TO,2r2rk1/3q2p1/p1n1RnQ1/1p1p2N1/3P4/2P4P/PP3PP1/R5K1 b - - 0 21,c8e8 e6f6 f8f6 g6h7 g8f8 h7h8 f8e7 h8g7,1602,74,96,323,advantage deflection interference kingsideAttack middlegame pin sacrifice veryLong,https://lichess.org/ExvczIom/black#42,
zpSea,8/5Kp1/R1k4p/7P/P7/8/6r1/8 b - - 1 46,c6b7 a6g6 g2h2 g6g7,1854,77,92,413,advantage endgame interference rookEndgame short,https://lichess.org/mCUqWPhm/black#92,
zq89X,r2q1b1r/ppp1kpp1/2n1bn1p/4p3/2B5/3P1N2/PPP1Q1PP/RNB2RK1 w - - 2 11,f3e5 d8d4 c1e3 d4e5,1665,75,94,13739,advantage interference opening short,https://lichess.org/Se76aZqU#21,Kings_Gambit Kings_Gambit_Other_variations
zqCCf,r4kr1/pp3p2/2p5/4N3/5P1p/7b/PP3PPK/R3R3 b - - 1 26,h3g2 e5d7 f8g7 h2g2,1746,74,86,456,advantage endgame interference short,https://lichess.org/ccRrX23a/black#52,
zqIFN,3R4/ppk5/2p1rN2/P1P2p2/1P2P2p/4KPnn/8/4R3 w - - 4 37,e1d1 f5f4 e3d4 c7d8,1884,78,91,1970,advantage endgame interference master short,https://lichess.org/PwUHtevr#73,
zrufv,r2qr3/ppbbkpQ1/2n1p2p/3pP3/3P2PN/2P5/2B2P1P/RN3RK1 b - - 0 20,e8g8 h4g6 e7e8 g7g8,1656,78,96,19046,interference mate mateIn2 middlegame pin short,https://lichess.org/gy3pbGM0/black#40,
zsTNo,r3kb2/pp1q1p2/2p5/3PP3/6r1/2N4p/PP3P2/R2Q1R1K b q - 0 20,e8c8 e5e6 f7e6 d1g4,1716,75,94,9853,advantage interference middlegame short,https://lichess.org/1xDxZn6A/black#40,
zt4PW,r1b2rk1/5p2/3pp1q1/1BpP2p1/P2bPP2/2N2QP1/1P4K1/R6R w - - 4 28,h1h5 g5g4 f3e2 g6h5 a1h1 h5g6,1668,74,95,3359,advantage interference long master middlegame,https://lichess.org/gc3Ml5J6#55,
zuyvE,8/Q5pk/6q1/8/3P2r1/1P6/2P2R1P/5K2 w - - 2 46,a7f7 g4g1 f1e2 g6c2,1728,76,79,69,crushing endgame interference short,https://lichess.org/SMmh1hoQ#91,
zwJ3i,k2rr3/pp4p1/6Rp/3n1p2/B2P4/4P3/PP6/1KR5 b - - 1 30,e8e7 g6d6 d8h8 d6d5,1674,75,100,243,advantage endgame interference short,https://lichess.org/qqJygGp6/black#60,
zwMNN,2kr3r/Q1p1n1pp/p2q1p2/4P3/p3P3/4P2P/PPP3P1/3R1RK1 b - - 0 19,d6d1 a7a8 c8d7 f1d1,1679,76,92,1975,crushing endgame interference intermezzo short,https://lichess.org/xAWMPUbe/black#38,
zyjf8,r2k4/2q4r/2pb2Q1/p7/P6p/1P4P1/1BPP1P1P/R5K1 b - - 0 27,h4g3 g6g8 d8d7 g8h7,1712,76,93,2097,crushing interference middlegame short,https://lichess.org/3oSmY15Q/black#54,
