PuzzleId,FEN,Moves,Rating,RatingDeviation,Popularity,NbPlays,Themes,GameUrl,OpeningTags
02ouU,2kr2nr/1pp1q2p/p2b2p1/1N1P1b2/2BPp3/Q7/PB3PPP/4R1K1 b - - 1 17,a6b5 a3a8 c8d7 c4b5 c7c6 b5c6 b7c6 a8c6,2159,89,90,1866,intermezzo mate mateIn4 middlegame queensideAttack veryLong xRayAttack,https://lichess.org/BfvOwgIY/black#34,Italian_Game Italian_Game_Evans_Gambit
062GG,5rk1/p4rpp/2pp4/3p4/8/1P1R1PqP/P1P2QP1/4R1K1 b - - 10 24,f7f3 f2g3 f3g3 d3g3,2067,81,91,1032,crushing endgame master short xRayAttack,https://lichess.org/yWph3E8B/black#48,
08p1T,Q1kr3r/1pp1bppp/3p1n2/3P4/4Pq2/3B4/PPPN2PP/R5K1 b - - 1 15,c8d7 d3b5 c7c6 b5c6 b7c6 a8c6,2124,80,90,1909,long mate mateIn3 middlegame xRayAttack,https://lichess.org/PYp1zZT2/black#30,Kings_Gambit_Accepted Kings_Gambit_Accepted_MacLeod_Defense
096SP,5rk1/2Q2npp/p2P4/1p6/4P3/P1N2P2/1P3q1P/3R3K w - - 2 31,d6d7 f2f3 h1g1 f7g5 c7g3 g5h3 g3h3 f3h3,2044,89,89,44,advantage endgame veryLong xRayAttack,https://lichess.org/9Kaw7j8q#61,
098YM,5rk1/1p4pp/2pq1n2/3p4/p7/3Q1R2/1PP3PP/3R3K w - - 0 27,c2c4 f6g4 g2g3 g4f2 f3f2 f8f2,2019,75,87,773,crushing endgame fork long xRayAttack,https://lichess.org/yQYKO93H#53,
0DPch,7r/1p1k1p1r/p1n1p1p1/3pP3/3P1PPR/2PB2Q1/8/1Nq2K1R w - - 1 25,f1e2 c1h1 h4h1 h7h1,2102,76,72,112,crushing master middlegame short xRayAttack,https://lichess.org/wfe04E0q#49,
0Dhbz,8/3B4/3b1k2/5ppn/1p1p3p/1K1P1P1P/1P1B1P2/8 b - - 3 41,g5g4 f3g4 f5g4 d7g4,1986,75,86,1068,advantage endgame short xRayAttack,https://lichess.org/swMFuVX3/black#82,
0FL5I,1r3knr/1P2pp1p/3p2p1/8/Q3P1b1/3q1N2/P2B1PPP/R3K2R w KQ - 4 16,a4a8 d3e4 d2e3 b8a8 b7a8q e4a8,2187,83,87,65,crushing long middlegame xRayAttack,https://lichess.org/C1sTqG6u#31,Sicilian_Defense Sicilian_Defense_Old_Sicilian
0GEr9,r5k1/5pp1/1P1p3p/P2n4/2r5/8/5PPP/RR4K1 b - - 0 25,c4b4 b6b7 b4b7 b1b7,1915,77,89,1927,advancedPawn crushing endgame short xRayAttack,https://lichess.org/orIMYiIR/black#50,
0Gp7N,5rk1/1pr5/p5BQ/8/3q4/P1n3N1/6PP/5R1K b - - 1 30,d4g7 g6h7 g8h8 f1f8 g7f8 h6f8,1900,76,92,605,crushing deflection exposedKing long middlegame xRayAttack,https://lichess.org/W08H5OAS/black#60,
0H0iH,1k4r1/1pp5/p2p4/3N4/2P1RPn1/5KPQ/q7/4R3 w - - 0 38,h3g2 g4h2 g2h2 a2h2 e4e8 g8e8,1919,74,85,144,advantage long middlegame xRayAttack,https://lichess.org/Z2z66fqS#75,
0IUDC,r3r1k1/p4p2/2p3p1/4b2p/5Bn1/2P2N1q/PP2QPN1/R4RK1 w - - 2 20,f3g5 h3h2 f4h2 e5h2 g1h1 e8e2,2063,79,90,169,advantage kingsideAttack long middlegame sacrifice xRayAttack,https://lichess.org/aQtwxTWl#39,
0KR02,8/kb4q1/pQ6/P1p1p3/1pP1P1B1/7P/1r6/4R2K b - - 5 37,a7b8 e1d1 g7c7 d1d8 c7d8 b6d8,1910,72,95,14634,crushing endgame exposedKing long pin quietMove xRayAttack,https://lichess.org/0dXy0Xsj/black#74,
0KbPu,6k1/1bp2ppp/p4n2/1pqPr3/8/1PNQ2PP/P1P2PB1/3R1K2 w - - 2 23,f2f4 e5e3 b3b4 c5c3 d3c3 e3c3,1913,75,88,171,crushing long middlegame xRayAttack,https://lichess.org/0HxK4qCy#45,
0LCRZ,7r/p3Q1k1/1p4r1/3P4/8/8/PP2KPq1/3R4 b - - 1 39,g7h6 d1d4 g2g5 d4h4 g5h4 e7h4,2163,83,98,56,advantage endgame exposedKing long quietMove xRayAttack,https://lichess.org/M0yDzX5g/black#78,
0NK7X,1r4k1/pp4b1/2b4p/2p4Q/P2pBq2/3P4/1PP2K2/R3R3 w - - 0 25,h5f3 f4h2 f3g2 b8f8 f2e2 h2g2 e4g2 c6g2,1942,77,91,965,advantage deflection exposedKing master middlegame veryLong xRayAttack,https://lichess.org/aEtGIwY4#49,
0P1Zi,2k3r1/4qp2/1p2p3/2p1P1r1/2Pp1QP1/1N1Pn2P/1P4BK/R7 b - - 2 28,e3g2 f4f3 e7b7 a1a8 b7a8 f3a8,1925,238,60,6,crushing exposedKing long middlegame queensideAttack xRayAttack,https://lichess.org/KkT2iJlA/black#56,
0QNfb,4r1r1/1p5k/p2Bp2p/2Pp4/1P1QbP2/P1P1R1RP/2q3PK/8 w - - 11 36,d4e5 c2g2 g3g2 g8g2 h2h1 e8g8 e5e4 d5e4,2188,88,91,868,crushing middlegame quietMove sacrifice veryLong xRayAttack,https://lichess.org/ITgYTVBo#71,
0RQVO,rn1qr1k1/pp3pbp/2b1p1p1/1B6/3N4/BQP4P/P4PP1/R3R1K1 b - - 5 16,d8d5 b3d5 e6d5 e1e8 c6e8 b5e8,2006,75,93,2387,advantage kingsideAttack long middlegame xRayAttack,https://lichess.org/ZQDYtqiU/black#32,Grunfeld_Defense Grunfeld_Defense_Three_Knights_Variation
0RopZ,3r4/1k4p1/1p1rpp2/5n1p/1KPP1N1P/3R2P1/5P2/3R4 b - - 1 34,d6d4 f4e6 d4d3 e6d8 d3d8 d1d8,1903,77,89,506,crushing endgame fork long xRayAttack,https://lichess.org/DPhlCKIr/black#68,
0WUpz,4r1k1/p4ppp/1p2q3/8/1P1RnQ2/P3B1P1/2r2P1P/5RK1 w - - 9 25,f1d1 e4c3 d4d2 c3e2 d2e2 c2e2,2146,83,91,1464,advantage fork long middlegame xRayAttack,https://lichess.org/Orr4LYxo#49,
0Ztng,2r1r2Q/1b1qkpp1/p1nbp3/1p6/3PN2B/P7/1P3PPP/2R1K2R b K - 9 21,f7f6 h4f6 g7f6 h8f6,2124,75,94,4012,mate mateIn2 middlegame short xRayAttack,https://lichess.org/N50QDxpX/black#42,
0aazY,3r2k1/R4pp1/1pb4p/8/6q1/4Q1P1/PP1p1P1P/3R2K1 w - - 1 30,d1d2 g4d1 d2d1 d8d1 e3e1 d1e1,1945,76,68,204,endgame long mate mateIn3 pillsburysMate sacrifice xRayAttack,https://lichess.org/YUe9Fcbv#59,
0iG6X,3r4/3rpk2/p4p1p/1p4p1/2bNP1P1/P1P1K2P/1P1R4/3R4 b - - 4 41,e7e5 d4c6 d7d2 c6d8 d2d8 d1d8,1900,75,91,519,advantage endgame long xRayAttack,https://lichess.org/TBmthVPC/black#82,
0iJ9p,2rr2k1/p3qppp/1p2pn2/8/Q2N4/2P5/PP3PPP/3RR1K1 b - - 8 21,d8d6 d4f5 e7d7 a4d7 d6d7 d1d7,2004,76,90,1330,advantage long middlegame xRayAttack,https://lichess.org/PS7Th5rQ/black#42,
0kfLJ,rnb2rk1/ppp2p1p/6pQ/3pP2P/8/2PB1K2/q5P1/1N5R b - - 0 16,c8g4 f3g3 g4f5 h5g6 f5g6 d3g6 a2f2 g3f2,2121,113,42,18,advantage defensiveMove middlegame veryLong xRayAttack,https://lichess.org/AC4oPBvr/black#32,Russian_Game Russian_Game_Modern_Attack
0nOjw,2b4r/k1p1b3/p2qN3/3p2r1/RP1P3p/2P1P2Q/5BPP/R5K1 b - - 2 27,c8e6 a4a6 a7b7 h3e6 d6e6 a6e6,1928,74,94,9927,advantage fork intermezzo long middlegame xRayAttack,https://lichess.org/VUed8Hjv/black#54,
0oRO3,r3kb1r/ppB1pppp/2n5/2q2b2/8/5P1B/PPPQ3P/2KR2NR b kq - 2 12,a8c8 d2d7 f5d7 h3d7,2089,84,91,387,mate mateIn2 opening sacrifice short xRayAttack,https://lichess.org/C64ia5f2/black#24,Rapport-Jobava_System Rapport-Jobava_System_Other_variations
0rvH9,3r2k1/bb4pp/p3p1r1/4N3/q2P1P1Q/8/3R2PP/3R3K b - - 6 29,d8d4 h4d8 d4d8 d2d8 a4e8 d8e8,1913,75,98,2295,long mate mateIn3 middlegame sacrifice xRayAttack,https://lichess.org/nEqqm2t8/black#58,
0usnV,1r1r2k1/5ppp/pQ2p3/2P1P3/qnR5/7P/PB3PP1/R5K1 w - - 11 25,c4b4 a4b4 b6b4 b8b4,2076,83,91,1559,crushing middlegame short xRayAttack,https://lichess.org/FgngV3bC#49,
0xShW,4r1k1/p4pp1/Pp2r3/1Q6/6Pp/4PP1q/5R1P/4R1K1 b - - 2 34,e6e3 b5e8 e3e8 e1e8 g8h7 e8e5,2125,180,57,14,crushing defensiveMove endgame long master xRayAttack,https://lichess.org/Y48VnZ0y/black#68,
0yfNV,r6k/1p2b1pp/8/1B1pp1Pn/Pq6/1N3P2/KPQ4P/6R1 w - - 1 27,g1c1 b4b5 c2c8 b5e8 c8e8 a8e8,2082,75,88,141,crushing long master middlegame pin xRayAttack,https://lichess.org/HH0ZIWTy#53,
0yh6u,5rk1/5pp1/1R1qb2p/p2p4/8/3BQ2P/5PP1/6K1 b - - 13 34,d5d4 e3e4 f7f5 e4e6 d6e6 b6e6,1909,74,94,9512,advantage endgame long xRayAttack,https://lichess.org/mslvECvX/black#68,
15t9S,1k6/1p1r4/6r1/Q2R4/6P1/1NP4q/PP3P2/5RK1 w - - 0 37,d5g5 h3g4 g5g4 g6g4 g1h1 d7h7 a5h5 h7h5,2004,77,94,13743,mate mateIn4 middlegame sacrifice veryLong xRayAttack,https://lichess.org/2it6Udrz#73,
16DKv,r3r1k1/pp3ppp/2p5/5b2/1PPbNp1q/P2P1B2/2Q1RPPP/4R1K1 w - - 5 20,e4d6 h4f2 g1h1 f2e1 e2e1 e8e1,2077,83,90,4793,backRankMate long mate mateIn3 middlegame xRayAttack,https://lichess.org/vCE4P9g3#39,
18ot8,2kr3r/1b1pb1Q1/2p2p2/7q/3pPB2/pB1P2P1/2P1K2P/R6R w - - 3 26,e2f2 h8h7 b3f7 h5f7 g7f7 h7f7,1995,76,89,1219,advantage long middlegame xRayAttack,https://lichess.org/gToHI1Gf#51,
1ASe9,2r2r2/6k1/p3Qpp1/1p5p/3P4/q1P4R/5PPP/4R1K1 b - - 0 26,c8c3 e6e7 f8f7 e7a3 c3a3 h3a3,1959,75,94,6252,crushing endgame long xRayAttack,https://lichess.org/1WZsfSY5/black#52,
1BO2d,r2k3r/3p1Q2/pppq2pp/3nb2n/PPB4N/2PP4/6PP/R1B2RK1 w - - 1 19,c4d5 e5h2 g1h1 h5g3 h1h2 g3f1 h2g1 h8f8 c1f4 d6f4 f7f4 f8f4 h4g6 f4f6,2117,78,89,396,advantage discoveredCheck doubleCheck fork middlegame veryLong xRayAttack,https://lichess.org/WGSOalCs#37,Bishops_Opening Bishops_Opening_Other_variations
1FFpW,5r1k/p6p/2n2rp1/4p2P/6P1/2PQPP2/Pq1B2K1/R4R2 w - - 0 28,h5g6 f8d8 f1b1 b2d2 d3d2 d8d2,1916,195,8,12,advantage long middlegame xRayAttack,https://lichess.org/VqELFCpn#55,
1Gubw,2kq4/Qppr1p2/p3pn1r/8/1P6/6Pp/P6B/3R1RK1 b - - 1 34,c7c6 a7a8 c8c7 g3g4 c7b6 a8d8 d7d8 d1d8,2014,79,94,12608,advantage deflection discoveredAttack discoveredCheck middlegame queensideAttack veryLong xRayAttack,https://lichess.org/hWKzKUdX/black#68,
1HOn3,4r1k1/ppp1r2p/1b1p2p1/3P1p2/1P2Bq2/P2Q1N2/4RPPP/4R1K1 w - - 0 23,e4f5 e7e2 e1e2 f4c1 f3e1 c1e1 e2e1 e8e1,2164,83,83,58,crushing kingsideAttack middlegame veryLong xRayAttack,https://lichess.org/fodHw56V#45,
1NyOC,5r1k/8/3Q3p/p3p3/2B4p/6n1/PPP2RPB/2q3K1 w - - 1 28,c4f1 c1f1 f2f1 f8f1,1913,83,93,1354,mate mateIn2 middlegame short xRayAttack,https://lichess.org/QVJOvOwx#55,
1OEXh,2k5/1b2P3/pp1P3p/2q1npb1/2p2r2/P6B/1P2Q2K/3R1R2 b - - 0 35,c8d7 h3f5 f4f5 f1f5,2024,76,88,901,crushing master middlegame short xRayAttack,https://lichess.org/1dLNJsVO/black#70,
1OyzQ,2r4r/pBP2ppk/4pq2/3p3p/4b1nP/5N2/P2N1nP1/R1Q1R1K1 b - - 6 27,f2d3 d2e4 d5e4 b7e4 g7g6 e4d3,2192,76,93,5807,crushing fork long middlegame xRayAttack,https://lichess.org/SBtBsDNB/black#54,
1P76M,r4qk1/pb1n3p/1p4p1/1Nb5/2P1n3/1P4P1/PB4BP/R3Q2K w - - 0 20,g2e4 f8f3 e4f3 b7f3,1914,82,87,2422,doubleBishopMate kingsideAttack mate mateIn2 middlegame sacrifice short xRayAttack,https://lichess.org/bzjGWJ3n#39,
1RJbG,1kbr3R/pp2b3/3P1Np1/5pP1/2Q5/2P5/1PK2P2/q7 b - - 0 37,e7f6 c4c7 b8a8 c7c8 d8c8 h8c8,2024,76,96,1692,backRankMate deflection endgame long master mate mateIn3 xRayAttack,https://lichess.org/BBBk2LYQ/black#74,
1SDji,1Q4k1/4b2p/2p3p1/q2pBb2/3P1P2/r1P1P2P/6K1/R7 b - - 1 36,e7f8 e5d6 a5a8 b8a8 a3a8 a1a8,2009,76,88,504,crushing long middlegame pin xRayAttack,https://lichess.org/5A3UP4Cf/black#72,
1WOYF,2br2k1/6p1/p1B1p2p/1p2P3/1Pp4P/P1K2R2/6P1/8 b - - 0 34,d8f8 f3f8 g8f8 a3a4 b5a4 c6a4,2185,91,89,439,advantage endgame long xRayAttack,https://lichess.org/iMZYVRzb/black#68,
1Wzpm,r3r1k1/1pQ2Rpp/8/p2pn1q1/P2B4/1P1P3P/2P4K/5R2 b - - 1 25,e5f7 c7f7 g8h8 f1g1 e8e2 h2h1 e2e7 d4g7 g5g7 g1g7 e7f7 g7f7,2050,77,82,90,advantage master middlegame veryLong xRayAttack,https://lichess.org/iwC2Oiqc/black#50,
1Zj2C,2r3k1/4qppp/2pRp3/1pQ1P3/pP2PP2/P7/6PP/7K w - - 4 26,d6c6 e7c5 c6c5 c8c5 b4c5 g8f8,2124,84,91,547,crushing defensiveMove endgame long xRayAttack,https://lichess.org/dys5OaT4#51,
1Zl66,rn1qkb1r/pp2pp1p/2p1b1p1/3NN3/2BP4/5Q2/PPP2PPP/R1B1K2R b KQkq - 0 9,e6d5 f3f7 d5f7 c4f7,1945,76,94,6888,attackingF2F7 mate mateIn2 opening sacrifice short xRayAttack,https://lichess.org/GA02vn5z/black#18,Scandinavian_Defense Scandinavian_Defense_Valencian_Variation
1ac3V,8/2kr4/5R2/2p1P2p/2p2K1P/2Pp1PP1/8/8 w - - 8 50,f6d6 d3d2 d6d2 d7d2,2183,76,95,5840,advancedPawn advantage endgame master rookEndgame short xRayAttack,https://lichess.org/80HfOo0B#99,
1alwt,4r3/6k1/1R1pq1p1/1p1Q1p1p/1P3P2/P6P/6P1/6K1 w - - 0 31,b6d6 e6e3 g1h1 e3c1 d5d1 e8e1 d1e1 c1e1,2130,78,92,3712,clearance crushing endgame fork veryLong xRayAttack,https://lichess.org/5HZll0Oo#61,
1bOkB,4r1k1/p1p2pp1/1p1pr1q1/1Q3b1p/2P1n2P/1P3B2/PBP2PP1/3RR1K1 b - - 0 22,e4g5 b5e8 e6e8 e1e8 g8h7 h4g5,1992,76,92,558,advantage kingsideAttack long master middlegame xRayAttack,https://lichess.org/UckziuDY/black#44,
1c4Fc,3rk2r/pq3ppp/4pn2/1N1P4/Ppp5/6P1/1P2PP1P/R2Q1RK1 b k - 0 16,d8d5 b5d6 d5d6 d1d6,2017,80,91,840,advantage fork middlegame short xRayAttack,https://lichess.org/qCtlDqix/black#32,Slav_Defense Slav_Defense_Modern_Line
1hIvj,3r1k2/3r1p1R/p7/1p1b4/3R4/P2Bp3/1P4PP/6K1 b - - 0 37,d5c4 h7h8 f8e7 h8d8 d7d8 d4d8 e7d8 d3c4,2116,77,90,921,crushing endgame veryLong xRayAttack,https://lichess.org/JwER160K/black#74,
1iBoy,8/5kp1/1B5p/2P4K/2R4P/8/6r1/6b1 w - - 3 54,b6d8 g1e3 c4g4 g7g6 g4g6 g2g6,2050,72,94,9420,crushing endgame long xRayAttack,https://lichess.org/UDhKBikH#107,
1nx31,1n1r1r1k/p5pp/3RQb2/1qp1N3/8/8/P4PPP/3R2K1 b - - 0 28,d8d6 e5f7 f8f7 e6c8 f6d8 c8d8 d6d8 d1d8 b5e8 d8e8 f7f8 e8f8,2119,76,95,6349,backRankMate fork mate mateIn5 middlegame sacrifice veryLong xRayAttack,https://lichess.org/ACOo7Hq9/black#56,
1oy3l,1r3rk1/p4ppp/1qp1R3/2Np4/6n1/3N4/P1P2PPP/R2Q2K1 b - - 0 17,f7e6 d1g4 b6b1 g4d1 b1d1 a1d1,1995,76,81,110,advantage hangingPiece long middlegame xRayAttack,https://lichess.org/NjbQLl2m/black#34,French_Defense French_Defense_Knight_Variation
1tYCI,r2q1rk1/pp5p/2b1P1p1/5pb1/2PB1Q2/1P1P4/P2N2PP/R4RK1 w - - 2 21,f4e5 g5f6 e6e7 d8d4 e5d4 f6d4,2132,78,86,275,crushing long middlegame xRayAttack,https://lichess.org/ms0yGcO9#41,
1yVaS,2r2r1k/7p/p4pq1/6p1/3R4/PQpnP1B1/5PPP/2R3K1 w - - 2 35,c1c3 d3c1 c3c1 c8c1,2005,157,43,8,crushing middlegame short xRayAttack,https://lichess.org/HU53cnZh#69,
20rus,3q2k1/p4pp1/1p1P3p/8/2r2n2/5P2/PB2rRPP/1Q1R2K1 b - - 4 24,c4c2 b1c2 e2c2 f2c2,2040,75,92,2875,crushing middlegame short xRayAttack,https://lichess.org/lZAWgK36/black#48,
215eY,3r4/p2r3p/1pp1kpp1/4p2n/1NP1P3/B1Pn1P1P/P2R2PK/3R4 b - - 9 26,d3c5 b4c6 d7d2 c6d8 d2d8 d1d8,2045,75,96,1132,advantage long master middlegame xRayAttack,https://lichess.org/U7aURuEy/black#52,
23fiB,rn1qkb1r/pp2pp1p/2p1b1p1/2PNN3/2B5/5Q2/PP1P1PPP/R1B1K2R b KQkq - 0 10,e6d5 f3f7 d5f7 c4f7,1943,74,94,12672,attackingF2F7 mate mateIn2 opening sacrifice short xRayAttack,https://lichess.org/Or19wKbd/black#20,Alekhine_Defense Alekhine_Defense_Normal_Variation
23z0R,5rk1/p4p1p/2p2bp1/5b2/P2BQPP1/q6P/P1P5/1K1R3R w - - 1 24,g4f5 f8b8 b1a1 a3c3 d4c3 f6c3,2137,94,89,88,long mate mateIn3 middlegame queensideAttack sacrifice xRayAttack,https://lichess.org/WdbmIe9f#47,
26WiE,6rk/P4p1p/4pp2/3q4/P4n2/3p1P1Q/7P/RR5K w - - 1 32,h3g3 g8g3 b1b8 g3g8 a7a8q d5a8 b8a8 g8a8,1906,80,93,1072,crushing endgame veryLong xRayAttack,https://lichess.org/ZZuXw0R5#63,
290lK,4r1k1/3Q1pbp/p5p1/8/4P3/1p2B1P1/q1r2PKP/2R4R b - - 2 27,e8c8 d7c8 c2c8 c1c8 g7f8 e3h6,1942,81,71,68,crushing long middlegame pin xRayAttack,https://lichess.org/0cPCF0jR/black#54,
2ABKy,5rk1/5ppp/6n1/1p1N1Q2/p2q4/P1r5/6PP/4RR1K b - - 0 26,c3a3 f5f7 f8f7 e1e8 g6f8 d5e7 g8h8 e8f8 f7f8 f1f8,2075,76,95,424,backRankMate deflection mate mateIn5 middlegame sacrifice veryLong xRayAttack,https://lichess.org/nDiW45cb/black#52,
2Eo6U,1r4k1/5Rp1/4p1Pp/3pP2P/b3p3/N1Q1P3/1PP1q3/1K6 w - - 4 30,c3c7 e2d1 b1a2 a4b3 c2b3 d1b3 a2a1 b3b2,1911,195,74,33,endgame mate mateIn4 queensideAttack sacrifice veryLong xRayAttack,https://lichess.org/65GejS98#59,
2G0NP,q4rk1/1b3ppp/3pp3/p5b1/1p2B3/6P1/PP1QN2P/R1R3K1 w - - 0 22,e4b7 a8a7 d2d4 g5e3 d4e3 a7e3,2062,75,86,143,crushing fork long middlegame xRayAttack,https://lichess.org/HSaO9BWX#43,
2HfpR,5k2/pp3rp1/2p5/2P3RP/4q2K/4P1PQ/PP6/8 w - - 7 42,g5g4 g7g5 h5g6 f7h7 g6h7 e4h7 h4g5 h7h3,2069,75,93,13924,advantage clearance deflection endgame pin sacrifice skewer veryLong xRayAttack,https://lichess.org/l1LVK3oD#83,
2ImLY,2r3k1/2P2ppp/p2r4/3p4/4p3/8/3R2PP/2R4K b - - 4 37,d6d7 d2b2 g8f8 b2b8 d7c7 b8c8 c7c8 c1c8,2008,76,87,102,advantage endgame quietMove rookEndgame veryLong xRayAttack,https://lichess.org/IdT7BbNN/black#74,
2Jt26,3r2k1/bp3p1p/p1p1b1p1/2P1p3/NP2P3/P2B1P1P/6PK/5R2 w - - 1 26,f1d1 e6b3 d3c2 d8d1 c2d1 b3d1,1974,73,96,15714,crushing endgame fork long xRayAttack,https://lichess.org/bAzthiwK#51,
2M8He,b2rr3/p4Qbk/3B2pp/4p3/8/2PR1PPB/P3q2P/3R2K1 w - - 1 30,d6e5 e2d1 d3d1 d8d1 g1f2 e8e5,2117,75,84,147,crushing kingsideAttack long middlegame xRayAttack,https://lichess.org/MKA11mBx#59,
2SZ4I,2r2rk1/pQ1R1pp1/4p1p1/4P3/2q3Nb/7P/P1P3P1/5R1K w - - 5 24,d7f7 c4f1 f7f1 f8f1 h1h2 c8c3,1965,78,92,3203,crushing long middlegame xRayAttack,https://lichess.org/yYjqIfBE#47,
2UDvS,8/P3p2p/6p1/1K1k4/8/1P6/4pprP/4R3 b - - 0 32,f2f1q a7a8q d5e6 a8c8 e6f7 c8c4 f7g7 e1f1 e2f1q c4f1,2156,127,81,38,advancedPawn advantage endgame master promotion veryLong xRayAttack,https://lichess.org/saEvhmvx/black#64,
2WLgJ,3r4/1pk2p2/8/2NP3p/5P1b/P4n2/2N1Q1Kr/R7 w - - 2 37,g2f1 f3d2 e2d2 h2d2,2029,79,89,216,crushing middlegame short xRayAttack,https://lichess.org/i6Ny8jZA#73,
2WUsG,5r2/p5k1/1pp2r2/2pb2Np/6p1/1P1P3P/P1P2RP1/5RK1 b - - 3 28,g7g6 g5h7 f6f2 h7f8 f2f8 f1f8,2187,76,96,4976,crushing endgame long xRayAttack,https://lichess.org/iIexnDbc/black#56,
2WhL6,4r1k1/5p1p/6p1/pp6/8/2Q2B2/PPPNbqPP/4R2K w - - 6 32,e1e2 f2e1 e2e1 e8e1 d2f1 e1f1,1979,77,89,2421,backRankMate endgame long mate mateIn3 sacrifice xRayAttack,https://lichess.org/2spCDzbr#63,
2aiAf,8/5k2/5r2/1P6/3pP3/8/2P1rpR1/5R1K w - - 4 51,b5b6 e2e1 g2f2 e1f1 f2f1 f6f1,1938,77,84,116,crushing endgame exposedKing long rookEndgame xRayAttack,https://lichess.org/LF3O2oCz#101,
2arPE,2r2r1k/1pq2pbp/p3p3/3pP3/3B2Q1/1PP3RP/6P1/2R3K1 b - - 4 27,g7e5 g4g7 e5g7 d4g7 h8g8 g7e5,2166,78,94,1851,discoveredAttack discoveredCheck long mate mateIn3 middlegame pillsburysMate sacrifice xRayAttack,https://lichess.org/u0jtUFVD/black#54,
2bZr0,8/p5pk/3R3p/1Q2p1q1/1P3p2/r6P/2P2PP1/6K1 w - - 1 31,d6d3 f4f3 d3f3 a3f3,2055,76,79,95,advantage endgame pin short xRayAttack,https://lichess.org/opi1vMZu#61,
2dpZZ,r1b2rk1/ppp2ppp/8/8/2QN4/P1P1q3/P5PP/R4R1K b - - 0 18,c7c6 a1e1 c8e6 d4e6 e3e6 e1e6,1972,75,89,277,advantage long middlegame xRayAttack,https://lichess.org/Hq0OCSF1/black#36,Scotch_Game Scotch_Game_Classical_Variation
2drbE,8/7p/p5pP/2b2p2/2PB1P2/1k1K3P/8/8 b - - 3 41,c5f8 c4c5 b3b4 c5c6 f8d6 d4e5 b4c5 c6c7 d6c7 e5c7,1984,75,94,9456,advancedPawn bishopEndgame crushing endgame master quietMove veryLong xRayAttack,https://lichess.org/mTu3LqRu/black#82,
2ev68,3qr1k1/5pp1/p6p/8/P2b4/6P1/Pr3PBP/2RQ1RK1 w - - 0 21,c1c2 d4f2 c2f2 b2f2 d1d8 f2f1 g2f1 e8d8,1963,75,88,119,advantage intermezzo middlegame veryLong xRayAttack,https://lichess.org/p2YatYw8#41,
2hJ46,r3r1k1/pp2bppp/3p4/q1pn1P2/8/2N4P/PPPQ2P1/R1B1KB1R w KQ - 6 15,c3d5 e7h4 e1d1 e8e1 d2e1 a5e1,1999,77,97,2548,discoveredCheck doubleCheck exposedKing long mate mateIn3 middlegame xRayAttack,https://lichess.org/LiDIVDJ1#29,Center_Game Center_Game_Paulsen_Attack_Variation
2j7Ou,2r3k1/1b3pp1/4p2p/p2n4/3PB3/2r4P/1qpQRPPB/2R3K1 b - - 1 29,b2b1 c1b1 c2b1q e4b1,2088,82,91,885,crushing middlegame short xRayAttack,https://lichess.org/xB96Jp1r/black#58,
2jidU,2k2r1R/2p5/1n1qbpQ1/2Np4/3P4/r1P1P3/5P2/2K4R b - - 9 28,b6d7 g6e8 f8e8 h8e8,2172,78,82,246,mate mateIn2 middlegame queensideAttack sacrifice short xRayAttack,https://lichess.org/msNQx1wz/black#56,
2mWIB,3R4/8/8/5pp1/1P1r4/1k3Q1P/6K1/3q4 b - - 3 61,b3b2 f3d1 d4d1 d8d1,2068,77,81,312,crushing endgame short xRayAttack,https://lichess.org/2AO8hXhS/black#122,
2oNvJ,8/pp2r2p/2p3pk/4r1P1/3R3P/4p1K1/PP2R1P1/8 b - - 0 34,h6h5 g3h3 e5e4 g2g4 e4g4 d4g4,1971,75,95,7357,crushing endgame long rookEndgame xRayAttack,https://lichess.org/0kS5txFf/black#68,
2ph9n,6k1/1q1r1p1p/p3p1pB/1p1bP1Q1/8/8/P1r3PP/3R2RK b - - 5 30,d5e4 g5d8 d7d8 d1d8,2029,77,86,856,kingsideAttack mate mateIn2 middlegame pillsburysMate sacrifice short xRayAttack,https://lichess.org/Xnnklkyn/black#60,
2sgzT,1r2r3/3bRpkp/p2p1np1/qp1P4/2PQ4/1PN3P1/P4PBP/4R1K1 w - - 2 22,c3e4 a5e1 g2f1 e1e4 e7e4 e8e4,2159,89,90,2781,crushing hangingPiece kingsideAttack long master middlegame xRayAttack,https://lichess.org/q6anduLz#43,
2uVHX,3r1rk1/1p3pb1/3N2pp/p5q1/P7/2P3P1/1P3Q1P/3R1RK1 w - - 7 27,d6f7 d8d1 f7g5 d1f1 f2f1 f8f1 g1f1 h6g5,1900,81,91,1180,advantage fork middlegame veryLong xRayAttack,https://lichess.org/A7myZWTP#53,
2vOzk,r3k1nr/p2b1ppp/1p1b1q2/4p3/2P5/4P1Q1/PB1PB1PP/RN2KR2 b Qkq - 5 13,e5e4 g3g7 f6g7 b2g7,1968,73,94,9095,crushing opening short xRayAttack,https://lichess.org/64nxxwMx/black#26,Reti_Opening Reti_Opening_Reversed_Blumenfeld_Gambit
2yZhB,1nR2r1k/r5bp/5qp1/3Q1p2/1p6/1B2P3/PPR2PPP/6K1 b - - 10 32,a7d7 d5g8 f8g8 c8g8,1900,79,80,148,kingsideAttack mate mateIn2 middlegame sacrifice short xRayAttack,https://lichess.org/e8UvXY9K/black#64,
2z2ln,4rkr1/pp1n1pR1/5n2/2pN4/Q4P1p/8/PP1B1q2/2K3R1 w - - 1 27,d5f6 f2g1 g7g1 g8g1 c1c2 d7f6,2163,120,63,23,advantage long middlegame xRayAttack,https://lichess.org/gEHam5Bb#53,
31BN9,6kr/1p3pp1/7p/Q3pP2/2p3B1/2Pr3R/P5PP/4q1NK b - - 0 38,e1c3 a5c3 d3c3 h3c3,1905,77,93,2198,crushing middlegame short xRayAttack,https://lichess.org/EjV0MZDd/black#76,
39sP3,1q1r2k1/5p1p/1p2p1p1/2pbP1Q1/5P2/3B4/1PP3PP/3R2K1 b - - 1 24,d8d7 d3b5 d5c6 d1d7 c6d7 b5d7,2015,75,92,4189,crushing discoveredAttack endgame long xRayAttack,https://lichess.org/P4amfMYK/black#48,
3FqQV,5r1k/R3Nqbp/1B1Q2p1/2p5/1p2P3/3b1P2/6PP/6K1 b - - 0 28,g7d4 d6d4 c5d4 b6d4,1944,75,81,898,advantage master middlegame sacrifice short xRayAttack,https://lichess.org/eWwBadZf/black#56,
3GyM4,2kr4/1pp2p2/1nb1pPr1/p3q1P1/Pn1p3N/3P3p/1PPQ1K1P/R1B2R1B w - - 0 23,h4g6 e5h2 f2e1 b4c2 d2c2 h2c2,1997,75,86,143,advantage exposedKing fork long middlegame xRayAttack,https://lichess.org/WOxyFet5#45,
3H9HT,Q1kr1b1r/1pp1q3/3p1n1p/3P2p1/2B1Ppb1/P1N5/1PPn2P1/2KR3R b - - 1 16,c8d7 c4b5 c7c6 b5c6 b7c6 a8c6,2152,90,91,2257,long mate mateIn3 middlegame xRayAttack,https://lichess.org/lVwCHSJs/black#32,Kings_Gambit_Accepted Kings_Gambit_Accepted_Fischer_Defense
3J3Sq,2r3k1/5p2/Q3pqpp/3n4/8/3N4/P1r2PPP/2R1R1K1 b - - 4 28,d5b4 a6c8 c2c8 c1c8 g8g7 d3b4,1934,76,87,140,advantage long middlegame xRayAttack,https://lichess.org/IgETZRvk/black#56,
3L0aB,5r1k/6p1/1p2R2p/p1p2Pq1/4Q3/1P5P/2P3PK/8 b - - 2 45,f8f5 e6e8 h8h7 e8f8 g5f4 e4f4 f5f4 f8f4,2136,77,87,75,crushing endgame pin veryLong xRayAttack,https://lichess.org/h4hwYmnI/black#90,
3L9sq,4rrk1/1pp2ppp/3p3q/p1b5/2PB4/PP2PNPb/4Bn1P/R2QR1K1 w - - 0 17,g1f2 h6e3 d4e3 c5e3,2011,74,94,14658,mate mateIn2 middlegame sacrifice short xRayAttack,https://lichess.org/q0lNq30V#33,Indian_Defense Indian_Defense_Budapest_Defense
3MDgp,6k1/1pp1qpp1/6bp/1P1PpBn1/4P1Q1/2p2PK1/r1N4R/7R w - - 6 40,f3f4 g5e4 f5e4 g6e4,2076,88,89,185,advantage master middlegame short xRayAttack,https://lichess.org/gnB80K2j#79,
3MWK8,3rq3/p4pbk/1nb3pp/1Q2p3/8/3PP1P1/R2N1P1P/2R3K1 w - - 0 24,c1c6 d8d5 c6c5 e8b5 c5b5 d5b5,2111,75,95,1611,advantage long middlegame xRayAttack,https://lichess.org/4NauaroB#47,
3N00W,4r1k1/p4pp1/3q3p/b2p4/1p2r3/1BP1BQ1P/PP1K1PP1/R3R3 w - - 0 26,e3d4 b4c3 d4c3 e4d4 d2c1 e8e1 c3e1 a5e1,2114,76,83,265,advantage deflection discoveredAttack middlegame pin veryLong xRayAttack,https://lichess.org/wjNd7SAl#51,
3P1bm,5rk1/2qN1ppp/5b2/1Qpb4/3p1P2/7P/1PP3P1/2B1R1K1 b - - 7 23,f6h4 d7f8 d5c6 e1e8 c6e8 b5e8 c7e7 e8e7,2190,84,91,668,crushing middlegame quietMove veryLong xRayAttack,https://lichess.org/AStGyE4A/black#46,
3PJFX,r4rn1/2p2p1k/3p2pp/1p1Pb3/4PBnq/1P6/2PQN1B1/4RRKN w - - 2 23,e2d4 h4h2 f4h2 e5h2,1977,76,94,8665,kingsideAttack mate mateIn2 middlegame sacrifice short xRayAttack,https://lichess.org/MkcKokVt#45,
3VWiJ,3q1rk1/p1r1bp2/1pB1p2p/4P1p1/PP1NQ3/6BP/2p2PP1/R5K1 b - - 1 26,c7c6 d4c6 d8d1 e4e1 d1e1 a1e1,2127,88,90,1272,advantage hangingPiece long middlegame xRayAttack,https://lichess.org/CWvoQioH/black#52,
3WpmP,2k3r1/1pp3P1/p3p2p/5Nb1/8/3P3P/PPP3P1/5R1K w - - 0 29,f5h6 g5h6 f1f8 g8f8 g7f8r h6f8,2119,75,87,457,advantage endgame hangingPiece long xRayAttack,https://lichess.org/hiBkJpG2#57,
3ZHCo,4r3/pp3p1k/2q3rp/2p2p2/3n1Q2/1P1PR1PP/1PPN1P1K/2R5 w - - 2 26,c2c3 d4e2 e3e2 e8e2,2150,79,89,373,advantage fork middlegame short xRayAttack,https://lichess.org/WfFCw4Iq#51,
3aU3k,1r4k1/r5p1/p2p1pb1/R1pPp1p1/2P1P1P1/1q3N1P/RP2QP2/6K1 w - - 5 27,a5a6 b3a2 a6a2 a7a2,1991,77,87,503,crushing middlegame short xRayAttack,https://lichess.org/DGSugf87#53,
3bx8x,2kr2r1/ppp4p/4pp2/1Pb1n3/3Pq1b1/5N2/P3B1PP/R2QR1BK w - - 0 20,f3e5 g4h3 e2f3 h3g2 f3g2 e4g2,2182,80,98,194,kingsideAttack long mate mateIn3 middlegame pin xRayAttack,https://lichess.org/DhzwgPYK#39,
3iFau,r1b1Qbk1/pp3p1p/2pq2pB/8/8/3B4/PPP2PPP/3R2K1 b - - 5 17,d6e7 d1e1 e7e1 e8e1,2006,75,80,162,crushing middlegame pin short xRayAttack,https://lichess.org/9NqvcKhn/black#34,Indian_Defense Indian_Defense_Other_variations
3l6S7,3r1rk1/p1p3pp/1pQ1p3/4qp2/2P1nB2/6P1/P3PP1P/R2R2K1 b - - 2 18,d8d6 c6d6 e5d6 f4d6,2098,86,90,294,advantage middlegame short xRayAttack,https://lichess.org/oAht66o9/black#36,English_Opening English_Opening_Anglo-Dutch_Defense
3oKHk,4r3/pp3qk1/6b1/2p2pQP/8/5pP1/P4P2/3R2K1 b - - 0 34,f7f6 d1d7 e8e7 d7e7 f6e7 g5e7,1902,76,96,4698,crushing endgame exposedKing long xRayAttack,https://lichess.org/dl48RIcx/black#68,
3oKPt,3rr1k1/6pp/1p2q3/p3p3/4n3/B2R2QP/PPP2PP1/5RK1 w - - 4 25,g3f3 e4d2 d3d2 d8d2,1966,85,92,4313,advantage fork middlegame short xRayAttack,https://lichess.org/Ds7DWTCB#49,
3p9Wn,3r1rk1/pp3ppp/2bNp3/8/3Q3P/1P4q1/PBP5/2K3R1 b - - 3 26,d8d6 d4g7 g3g7 g1g7 g8h8 g7f7,2001,77,88,619,advantage discoveredAttack discoveredCheck long master middlegame xRayAttack,https://lichess.org/Pz0zDqzT/black#52,
3qWoP,4r3/1R6/4P1k1/4q1pp/1pBp1bQ1/3P4/2P2B2/3K4 w - - 0 39,g4g1 e8a8 f2d4 a8a1 d4a1 e5a1 d1e2 a1g1,2053,76,93,2090,crushing middlegame quietMove sacrifice skewer veryLong xRayAttack,https://lichess.org/ozxNCz5D#77,
3qmyz,r7/ppbk1Qp1/4p3/5p2/2KPp3/4B3/PPP3q1/R7 b - - 3 26,d7c6 d4d5 e6d5 f7d5,2014,78,78,168,endgame mate mateIn2 short xRayAttack,https://lichess.org/AfZJtMf9/black#52,
3w0A0,8/1p3Q1p/1P6/p1Bp1kp1/2n5/5qP1/7P/6K1 b - - 0 37,f5g4 h2h3 g4g3 c5f2 f3f2 f7f2,1935,76,94,13290,crushing endgame long xRayAttack,https://lichess.org/mb3xTbze/black#74,
3yNM6,r5k1/2Q1Brp1/3R3p/5pPq/4pP2/1P2Pb1P/2P5/4R1K1 w - - 2 29,g5g6 h5h3 d6d8 f7f8 d8f8 a8f8 c7c4 g8h8,2099,79,92,2164,crushing middlegame veryLong xRayAttack,https://lichess.org/oobwVc56#57,
42sIW,5k2/4r1R1/3Qp2p/p4pp1/3Pp3/4P2P/5PPK/1q6 b - - 2 34,b1b7 g7h7 b7c7 d6c7 e7c7 h7c7,2110,76,93,3743,collinearMove crushing endgame long pin xRayAttack,https://lichess.org/FfEBnI0q/black#68,
491vA,r4rk1/1p3p1p/p4bp1/2nQ4/P7/2P2N2/1q1N1PPP/R4RK1 b - - 1 16,b2c3 a1c1 f8d8 d5c5 c3c5 c1c5,2001,78,90,2631,advantage long middlegame xRayAttack,https://lichess.org/FIKAkG5g/black#32,Sicilian_Defense Sicilian_Defense_Bowdler_Attack
49eDW,1b2r3/pp3N2/2p5/2R5/1P1k4/P3pP2/4K1P1/8 b - - 1 44,e8e7 f7h6 e7e5 h6f5 e5f5 c5f5,1952,76,93,4345,crushing endgame long quietMove xRayAttack,https://lichess.org/6qCJTacd/black#88,
4ABJ4,4k1nr/4ppb1/p1bp2pp/8/1Pn1P3/4BP2/1PPQ2PP/qNKR1B1R w k - 3 18,d2d4 a1b2 d4b2 g7b2,2112,75,94,6758,master mate mateIn2 middlegame queensideAttack short xRayAttack,https://lichess.org/EFHZVAaB#35,Queens_Pawn_Game Queens_Pawn_Game_Other_variations
4Acgz,8/5pkp/6p1/2p1qbQN/3rp3/8/Pr3PPP/3RR1K1 b - - 9 30,g7h8 g5d8 d4d8 d1d8 e5e8 d8e8,1924,76,95,8266,long mate mateIn3 middlegame sacrifice xRayAttack,https://lichess.org/eWLHHi3W/black#60,
4Ax14,1r4k1/5pp1/3q3p/rP1p4/4p1Q1/7P/5PP1/1RR3K1 b - - 2 27,a5b5 c1c8 g8h7 g4f5 d6g6 f5g6 h7g6 c8b8 b5b8 b1b8,2086,78,92,6454,advantage endgame veryLong xRayAttack,https://lichess.org/pkj2XAbU/black#54,
4F4lK,Q1kr4/1pp1q3/3p3n/3Pb1p1/4ppb1/2PB4/PP2N1P1/R1B1K3 b Q - 1 18,c8d7 d3b5 c7c6 b5c6 b7c6 a8c6,2105,83,89,190,long mate mateIn3 middlegame xRayAttack,https://lichess.org/OIEk5y9T/black#36,Kings_Gambit_Accepted Kings_Gambit_Accepted_Rosentreter_Gambit
4Rghr,2r3k1/6pp/bp2p3/p1bpP1q1/3B4/1P2PBP1/P2Q3P/2R3K1 w - - 1 21,d2d1 g5e3 d4e3 c5e3 g1g2 c8c1,1992,74,87,157,crushing fork long middlegame sacrifice xRayAttack,https://lichess.org/87UDHc48#41,
4S5oj,2rr2k1/4nppp/p2Bp3/1pPn4/1P1R1PP1/P5QP/2q1N1K1/R7 w - - 3 28,g3d3 d5f4 d6f4 c2d3 d4d3 d8d3,2009,85,91,135279,advantage long middlegame pin xRayAttack,https://lichess.org/C2ivoaM6#55,
4TByr,2r1nrk1/q2bbppp/4p3/pp1p4/3P4/1QPB1N1P/PP3PPB/R4RK1 w - - 0 18,d3b5 a5a4 b3a4 a7a4 b5a4 d7a4,1941,79,88,69,advantage long middlegame xRayAttack,https://lichess.org/pxYAoltu#35,Queens_Pawn_Game Queens_Pawn_Game_Accelerated_London_System
4V5pY,4r1k1/1p2P1p1/2pQ3p/2P3q1/8/8/1P4PP/4R1K1 w - - 1 37,d6d8 e8d8 e7d8q g5d8,1972,81,92,2392,crushing endgame short xRayAttack,https://lichess.org/I1diVp39#73,
4VXhV,1rb2rk1/3p1pbp/p1p3p1/7P/1q1BP3/3n2P1/PPPQB3/1NKR3R w - - 3 18,e2d3 b4b2 d4b2 g7b2,2018,75,87,441,mate mateIn2 middlegame queensideAttack sacrifice short xRayAttack,https://lichess.org/73eD8fNE#35,Sicilian_Defense Sicilian_Defense_Accelerated_Dragon
4Vsuu,8/p4q2/1p2r1k1/2p1P1p1/3pRr2/3P3Q/1PP3P1/4R1K1 b - - 3 32,f7f5 g2g4 f5g4 h3g4 f4g4 e4g4,2073,74,92,2471,crushing endgame long xRayAttack,https://lichess.org/pTA8M0uM/black#64,
4XA8c,r4rk1/pb3ppp/4p3/2b5/5n2/1PN2B2/PBPP1qPP/R2QR1K1 w - - 0 14,g1h1 f2g2 f3g2 b7g2,2054,81,92,2169,kingsideAttack mate mateIn2 middlegame sacrifice short xRayAttack,https://lichess.org/iHmcsw4j#27,Scandinavian_Defense Scandinavian_Defense_Blackburne-Kloosterboer_Gambit
4XtUZ,r2qr1k1/ppp2p1p/5bpQ/8/2PP4/P4nR1/1P1B1P1P/2KR1B2 b - - 1 17,d8d4 d2c3 f6g7 h6g7 d4g7 c3g7,2008,117,38,16,advantage kingsideAttack long master middlegame xRayAttack,https://lichess.org/azQMf7Fm/black#34,Indian_Defense Indian_Defense_Budapest_Defense
4Y2KJ,1rb1k2r/p4pp1/8/1p1Nq3/3pP1p1/3P2b1/PP1B2B1/R2Q1RK1 w k - 0 19,d2f4 g3h2 f4h2 e5h2 g1f2 g4g3,1971,81,90,1543,collinearMove crushing exposedKing kingsideAttack long master middlegame xRayAttack,https://lichess.org/DVxDCMTV#37,Sicilian_Defense Sicilian_Defense_Closed
4ZZhS,4r1k1/1R2bppp/3Q4/3PP3/2p5/2q2N2/5PPP/rR4K1 w - - 1 26,d6e7 c3c1 f3e1 c1e1 b1e1 a1e1,1937,77,95,20098,backRankMate long mate mateIn3 middlegame xRayAttack,https://lichess.org/1jEsycZz#51,
4Zl7l,r3r3/pp2bNpk/2n3pp/3p4/3P1BP1/7P/PPP1RP2/R5K1 w - - 2 21,a1e1 c6d4 e2e7 d4f3 g1f1 f3e1 e7e1 e8e1 f1e1 a8f8,2127,79,92,1185,advantage clearance fork middlegame sacrifice veryLong xRayAttack,https://lichess.org/a9hjNUR8#41,
4aXEE,5rk1/pp2r3/2N4p/3n2p1/3PR3/1Q5P/PP3qP1/4R1K1 w - - 0 25,g1h1 f2e1 e4e1 e7e1 h1h2 b7c6,2147,77,94,240,advantage long master middlegame xRayAttack,https://lichess.org/5eS92x8h#49,
4dEFM,4rrk1/5p1p/6pb/2p3q1/2Qp4/1P5P/PBPPR1P1/2K2R2 w - - 5 23,f1e1 g5d2 c1b1 d2e1 e2e1 e8e1,2074,76,92,826,crushing long middlegame queensideAttack xRayAttack,https://lichess.org/zG7QHIuM#45,
4gfHj,8/p7/1p6/1P2k1KP/P5b1/2p5/2B5/8 b - - 0 42,g4f3 h5h6 f3e4 h6h7 e4h7 c2h7,2109,76,87,108,advancedPawn bishopEndgame crushing endgame long xRayAttack,https://lichess.org/taFKDNtu/black#84,
4k7GA,r2q1r1k/ppp3b1/6p1/5R2/5Q2/2N5/PPP3PP/R5K1 w - - 0 19,f5f7 d8d4 g1h1 d4f4 f7f4 f8f4,1916,75,96,1485,advantage long middlegame xRayAttack,https://lichess.org/ubjaHCoC#37,
4kLpR,7r/4pB1k/p2pP1PP/4n3/8/6R1/P1p4K/1r3R2 b - - 0 41,e5g6 f7g6 h7h6 f1b1 c2b1r g6b1,2124,78,87,203,advantage endgame long xRayAttack,https://lichess.org/zkkWKhFt/black#82,
4ktRS,3rR2k/p6n/8/1QrBPp2/8/6P1/P3PPKP/2q5 b - - 10 38,h8g7 b5b7 c5c7 e8e7 c7e7 b7e7,1900,75,82,203,crushing exposedKing long middlegame xRayAttack,https://lichess.org/2tiSmdox/black#76,
4m08u,8/1pp4k/p2p2pp/8/P1P1K2q/1nP1QPN1/1B6/4R3 w - - 11 32,e3f4 b3d2 e4e3 d2c4 f4c4 h4c4,2133,83,89,205,advantage endgame fork long pin xRayAttack,https://lichess.org/UPkFvcp1#63,
4mEHV,2r5/2P2pk1/3P2pp/3qP3/2p5/1pQ3P1/p4R1P/6K1 b - - 15 48,g7f8 e5e6 d5d1 f2f1 a2a1q c3a1 d1a1 f1a1,2199,76,91,1895,crushing defensiveMove endgame pin veryLong xRayAttack,https://lichess.org/VCUGvEE5/black#96,
4pQUs,5r1k/p7/1p1N2p1/4b2p/3n1P1q/P2Q4/1P4R1/5RK1 b - - 0 36,f8f4 d6f7 f4f7 f1f7,2104,103,71,38,advantage fork master middlegame short xRayAttack,https://lichess.org/Cya3aAMV/black#72,
4qNKM,r2k1bQ1/pp4p1/4prBp/3p4/bP6/P3q3/6PP/4RR1K b - - 1 25,e3e2 g8f8 f6f8 f1f8 d8c7 f8f7 c7d6 e1e2,2062,72,93,12763,crushing exposedKing middlegame veryLong xRayAttack,https://lichess.org/M2W4HrUl/black#50,
4refS,7k/6p1/7p/2P1p2K/1Pp4P/P4r2/8/3R4 w - - 0 47,d1c1 f3g3 c1c4 h8h7 c4g4 g7g6 g4g6 g3g6,2146,78,92,1729,crushing endgame rookEndgame veryLong xRayAttack,https://lichess.org/xHuNYXrJ#93,
4riNR,3rkb1r/p1qnpppp/4b3/2pBN1P1/2P2Q2/P6P/1B1PKP2/R7 b k - 4 21,c7d6 f4f7 e6f7 d5f7,1942,78,62,134,attackingF2F7 mate mateIn2 middlegame sacrifice short xRayAttack,https://lichess.org/Capbs0YB/black#42,
4yLkQ,2k1r3/1pp4p/p1n3p1/3q1p2/QP6/P4N2/1P2r1PP/4RR1K b - - 2 24,c6d4 a4e8 e2e8 e1e8,2051,80,92,325,advantage middlegame queensideAttack short xRayAttack,https://lichess.org/eHP7k522/black#48,
4yoQG,1r2k2r/1bqnbppp/p3pn2/1p1p4/1P3B2/P1NP1NP1/4PPBP/R1Q2RK1 b k - 6 13,e7d6 c3b5 a6b5 c1c7 d6c7 f4c7,2114,76,70,141,crushing discoveredAttack long middlegame xRayAttack,https://lichess.org/Jji74fN2/black#26,English_Opening English_Opening_Agincourt_Defense
50ISV,2rr2k1/p5p1/1p3p1p/2n5/2PB1Pq1/3R2P1/P5QP/3R2K1 w - - 7 34,d4c5 g4d1 d3d1 d8d1 g1f2 d1d2 f2f3 d2g2,2020,75,86,787,crushing middlegame skewer veryLong xRayAttack,https://lichess.org/KOUtfdBE#67,
50jsL,4rr2/6k1/p1p1R3/3p2p1/8/7Q/PPP2qP1/4R1K1 w - - 1 32,g1h1 f2e1 e6e1 e8e1 h1h2 f8h8,2137,76,93,3866,crushing endgame long pin xRayAttack,https://lichess.org/EgvItZPk#63,
51xhV,1nr5/2r2p1p/pppk2p1/3P1p2/N7/P3PKP1/1PR2P1P/2R5 b - - 1 27,c6d5 a4b6 c7c2 b6c8 c2c8 c1c8,1906,77,92,450,advantage endgame long master xRayAttack,https://lichess.org/jenZ2GiJ/black#54,
524Up,4Rrk1/3Q1pbp/6p1/2BB4/p7/2q4P/5PP1/6K1 b - - 9 28,c3c5 d7f7 g8h8 f7g8 f8g8 e8g8,1901,73,95,16854,endgame long mate mateIn3 pin sacrifice xRayAttack,https://lichess.org/8DeQbbRQ/black#56,
586Qy,3rk3/pR4R1/3r1p2/3P4/5q2/B6P/5PP1/6K1 b - - 0 35,d6d7 g7e7 d7e7 b7e7 e8f8 e7e4,1952,76,92,998,advantage collinearMove discoveredAttack discoveredCheck endgame exposedKing long xRayAttack,https://lichess.org/785bI8iN/black#70,
596ED,2r1q1k1/Q6R/2pB2p1/2Pp4/8/4p3/P4PPP/b5K1 w - - 0 32,h7e7 e3e2 e7e2 e8e2,2022,84,52,42,advancedPawn crushing endgame short xRayAttack,https://lichess.org/tUlRxQSi#63,
59GCV,1R6/p1q2p1k/6pp/2pQK3/8/5P1P/P3nP2/8 w - - 2 38,d5d6 f7f6 e5d5 e2f4 d6f4 c7f4,2089,88,100,42,crushing endgame long pin xRayAttack,https://lichess.org/fkSpnnnv#75,
59vDB,5R2/5rpk/6bp/8/5q2/2Q2PPP/1B5K/8 b - - 0 41,f4f3 c3f3 f7f3 f8f3,2085,77,88,394,crushing endgame short xRayAttack,https://lichess.org/UBXrOSln/black#82,
5ASdj,2r1r1k1/5p2/2Pq2p1/p3p1R1/2Q5/7P/P4P2/6RK b - - 2 34,c8c6 g5g6 g8f8 c4c6 d6c6 g6c6,2163,99,55,27,advantage endgame intermezzo long pin xRayAttack,https://lichess.org/mhkkafLa/black#68,
5BQAH,8/2p1p3/5r2/p1kPQp2/2q4p/P7/5R1K/8 b - - 0 47,c5b5 d5d6 b5a6 d6e7 f6e6 e7e8q e6e8 e5e8,2004,77,96,16881,advancedPawn advantage discoveredAttack discoveredCheck endgame promotion veryLong xRayAttack,https://lichess.org/nJa4ZoJj/black#94,
5BvOj,1k3b1r/1pr1pp2/pN1p1p2/2nP3p/5P2/4N2Q/q5PP/1RR4K b - - 1 25,c5d3 h3c8 c7c8 c1c8 b8a7 c8a8,1927,74,94,2897,long mate mateIn3 middlegame queensideAttack sacrifice xRayAttack,https://lichess.org/YNoXb87f/black#50,
5C2EJ,Q1kr3r/1pp1bppp/3p3n/3P4/4PP2/5P1P/P2BBK2/7q b - - 1 19,c8d7 e2b5 c7c6 b5c6 b7c6 a8c6,2135,76,94,2363,long mate mateIn3 middlegame xRayAttack,https://lichess.org/XAl2KEBJ/black#38,
5D4Nn,3r3r/2R2pk1/p1B1qbpp/1p2p3/4P3/5Q2/PPP2PPP/3R2K1 w - - 1 21,c7d7 e6c6 d1d6 c6d6 d7d6 d8d6,1924,75,93,4627,crushing hangingPiece long middlegame xRayAttack,https://lichess.org/B4Wreonz#41,
5DB0R,5r1k/pp4pp/3p2n1/3Qpr2/2P3q1/4B3/PP3PPP/3R1RK1 w - - 5 24,e3a7 g6f4 d5f3 f4e2 f3e2 g4e2,1996,83,92,1173,crushing kingsideAttack long middlegame xRayAttack,https://lichess.org/Y04txgdM#47,
5DvPg,8/p5p1/r3pk2/8/1P3P2/8/1PQp4/1K1Rq3 b - - 2 35,a6d6 c2c3 e6e5 d1e1 d2e1r c3e1,1979,74,95,16033,advantage endgame long pin xRayAttack,https://lichess.org/ZgyXhjMD/black#70,
5HV7T,3Q1n2/3rN3/6k1/1Pp2q1p/8/2B4P/1P4PK/8 b - - 5 42,g6g5 c3d2 d7d2 d8d2 f5f4 d2f4,2149,82,83,358,crushing endgame long xRayAttack,https://lichess.org/naXAsD3l/black#84,
5HVR3,r3rk2/1ppb3Q/3p2p1/p2N2q1/P1PbP1P1/1P4R1/8/1K5R b - - 2 26,g5d2 g3f3 d7f5 f3f5 g6f5 h7f5,2098,77,84,95,crushing exposedKing long master middlegame xRayAttack,https://lichess.org/5Nutoaz4/black#52,
5KQVJ,r4rk1/1p3pp1/p1nb1n1p/3p4/5P2/P1N4q/1PP1B3/R1BQNRK1 w - - 0 17,f1f3 d6c5 c1e3 c5e3 f3e3 h3e3,1913,78,91,366,crushing exposedKing kingsideAttack long middlegame xRayAttack,https://lichess.org/9j4T5KIh#33,Benoni_Defense Benoni_Defense_Benoni_Gambit_Accepted
5L8ol,4r1k1/4r1p1/p5Q1/1pp1BpN1/8/2P5/q4PPP/4R1K1 b - - 7 31,e7e5 g6e8 e5e8 e1e8,2073,84,90,2744,endgame mate mateIn2 short xRayAttack,https://lichess.org/MZR7TkWw/black#62,
5NFBh,2k1r3/ppp2pp1/4b2p/8/2B2P2/q1P3P1/P1P1Q1P1/1K1R4 w - - 1 21,c4b3 a3a2 b3a2 e6a2 b1a2 e8e2,2025,75,87,208,advantage endgame long queensideAttack sacrifice xRayAttack,https://lichess.org/GWRjACf7#41,
5NsNN,5qk1/p2Q2pp/2p5/3b4/3Pp3/3B1Pb1/P5r1/R2K3R w - - 0 24,d3e4 f8f3 e4f3 d5f3 d1c1 g3f4 c1b1 f3e4,2070,76,83,194,exposedKing mate mateIn4 middlegame morphysMate sacrifice veryLong xRayAttack,https://lichess.org/Ud3H3Hjd#47,
5TDcN,r4rk1/pp2p2p/2pp2p1/4np2/1PPNN3/P3K1P1/2QBP2q/R3R3 w - - 0 23,e1h1 f5f4 g3f4 h2f4,2028,80,90,1530,master mate mateIn2 middlegame short xRayAttack,https://lichess.org/8lOSAGa9#45,
5TUxO,3r2k1/4Q1pp/p1qr4/1pp5/8/1P1b1NP1/P4PP1/3R1RK1 b - - 2 29,d3f1 e7d8 d6d8 d1d8 g8f7 f3e5 f7e6 e5c6,1910,78,93,68,crushing fork middlegame veryLong xRayAttack,https://lichess.org/xqDX8RiI/black#58,
5UXn3,r6r/pppk1p1p/3bpn2/3P2p1/5P2/2N4q/PPP1B3/R1BQ1RK1 w - - 0 14,f1f3 d6c5 c1e3 c5e3 f3e3 h3e3,1934,74,95,14507,crushing exposedKing kingsideAttack long middlegame xRayAttack,https://lichess.org/4pDD26rj#27,Scandinavian_Defense Scandinavian_Defense_Lasker_Variation
5XlyG,2Rr2k1/3r1pp1/p5p1/1p6/3P2Q1/7P/Pq3PP1/4R1K1 b - - 1 27,d7d4 e1e8 d8e8 c8e8 g8h7 g4c8,1981,77,79,80,advantage endgame long xRayAttack,https://lichess.org/gsdLGaJ0/black#54,
5YslU,4k3/1p1b1rp1/p5q1/2Bp4/5rPQ/1PP2R2/P7/5RK1 b - - 0 33,f4f3 h4h8 f7f8 h8f8 f3f8 f1f8,2093,82,90,3523,exposedKing long mate mateIn3 middlegame operaMate xRayAttack,https://lichess.org/MAPd4q4q/black#66,
5dFE9,1k5r/2q2pQ1/6b1/p7/4Pp2/2N1bP1r/PPP4P/1K1R3R b - - 0 27,h3h2 g7h8 h2h8 h1h8,2038,87,83,55,advantage middlegame short xRayAttack,https://lichess.org/iEq6ekK3/black#54,
5eEVY,7k/1Q4bp/p5p1/2N1q3/1P1pBrb1/P7/7P/4R2K b - - 0 33,f4e4 b7a8 e5e8 a8e8 e4e8 e1e8,2004,76,86,136,crushing long master middlegame xRayAttack,https://lichess.org/cCQsu7jW/black#66,
5f8F7,2r5/1q6/p1p2Qpk/1p5p/3pB1rP/2bP4/8/3R2RK b - - 2 35,b7d7 f6g6 g4g6 g1g6 h6h7 g6d6 h7g8 d6d7,2097,76,94,8580,clearance crushing discoveredAttack discoveredCheck middlegame sacrifice veryLong xRayAttack,https://lichess.org/65nQ3mrT/black#70,
5fG1E,r1b1R1nk/1p2b2p/p7/2p1P1p1/B1P2p2/2N2P2/PP4PP/6K1 b - - 4 25,b7b6 a4c6 c8b7 e8a8 b7a8 c6a8,2076,80,80,148,advantage long middlegame xRayAttack,https://lichess.org/xePsSBW4/black#50,
5fKZp,5Q2/bp2Nppk/p1p5/P6r/1P6/2q2PP1/4R1K1/8 b - - 0 32,c3d4 f8g8 h7h6 e2e6 f7e6 g8e6 d4f6 e7g8,2045,166,58,10,crushing endgame sacrifice veryLong xRayAttack,https://lichess.org/BP4ZfmX6/black#64,
5mh13,4r1k1/ppp2pp1/5n2/4B1N1/3n4/2q3PQ/r4P1P/1R2R1K1 b - - 3 26,e8e5 h3c8 f6e8 c8e8 e5e8 e1e8,1977,74,95,3040,long mate mateIn3 middlegame xRayAttack,https://lichess.org/Doo0rpKh/black#52,
5nz0R,4rrk1/2p3pp/2Pp4/Q3pRb1/2P1P3/PP4Pq/1B5P/2R3K1 w - - 2 24,c1f1 g5e3 g1h1 h3f1 f5f1 f8f1 h1g2 f1f2 g2h3 f2b2,2027,81,89,2588,crushing deflection fork middlegame veryLong xRayAttack,https://lichess.org/D6aGIwJo#47,
5qIWg,r5k1/p4ppp/2p5/2pqQ3/2rP1P2/6PP/PB1R4/6K1 b - - 2 27,a8d8 d4c5 d5c5 e5c5,1935,75,88,510,crushing endgame short xRayAttack,https://lichess.org/ncpeB8HV/black#54,
5qhYX,1Rr4k/3Q1ppp/1R1n4/2qpp3/4n3/4P3/2P2PPP/6K1 b - - 8 31,c5c2 d7d8 d6e8 d8e8 c8e8 b8e8,1906,78,89,516,backRankMate long mate mateIn3 middlegame xRayAttack,https://lichess.org/SMKY2MMM/black#62,
5rhQ1,r2r2k1/4qp1p/1p1R2p1/1PnQ4/1p2p3/2b1P1BP/4BPP1/3R2K1 b - - 5 26,d8d6 d5a8 e7d8 a8d8 d6d8 d1d8,1973,76,95,6941,crushing hangingPiece kingsideAttack long middlegame xRayAttack,https://lichess.org/o7HpGMOE/black#52,
5s204,1r3bk1/3r1p1p/p3p1p1/2PqP3/PPpB4/2Q5/1R3PPP/2R3K1 w - - 4 35,b2d2 f8h6 d4e3 d5d2 e3d2 h6d2 c3c4 d2c1,2010,77,92,2159,advantage fork master middlegame veryLong xRayAttack,https://lichess.org/qoWIOwTV#69,
5tCA4,1n2r1k1/1R3ppp/3B4/1Q6/3b4/1P2q1P1/6BP/2r2R1K w - - 2 25,b7b8 e3g1 f1g1 c1g1,1952,80,92,1014,mate mateIn2 middlegame sacrifice short xRayAttack,https://lichess.org/Zgg6b0L8#49,
5v8C7,2Rb1r2/3pkp2/p2NpN2/4P1p1/1r1p3p/3P1P1P/6P1/6K1 b - - 6 38,d8a5 f6g8 f8g8 c8g8,1923,75,87,373,crushing endgame short xRayAttack,https://lichess.org/0VzGZamu/black#76,
5vMQF,3r1k1b/pp1PrpqP/2p3p1/5p2/5Q2/2P5/PP6/2KR3R b - - 4 28,f7f6 f4c7 e7d7 c7d8 d7d8 d1d8,2047,79,91,740,advantage exposedKing long middlegame xRayAttack,https://lichess.org/ut53sHD0/black#56,
5vmMO,4r1k1/5p1p/4r1p1/1p2n3/4Q3/P3RPP1/1q1BR1KP/8 w - - 8 38,e4f4 e5d3 e3e6 d3f4 d2f4 b2e2 e6e2 e8e2,2032,104,88,42,advantage middlegame veryLong xRayAttack,https://lichess.org/CB71lA29#75,
5wOr6,r2q1rk1/3bb1pp/4pn2/pp1pN3/3PpB2/PQ2P2P/1P2BPP1/2R2RK1 w - - 0 17,e2b5 a5a4 b5a4 d7a4,2119,85,84,37,advantage middlegame short xRayAttack,https://lichess.org/DYHV1PQj#33,Semi-Slav_Defense Semi-Slav_Defense_Accelerated_Move_Order
5x0yr,r4r1k/ppp4p/7p/7Q/2Bn1q2/2N5/PP3P1P/1K4R1 b - - 1 20,f4f2 h5e5 f8f6 g1f1 d4c6 e5f6 f2f6 f1f6,1980,75,88,208,advantage middlegame veryLong xRayAttack,https://lichess.org/oWjyGHyX/black#40,
5y1UB,k3r3/1q2N1r1/p1Q5/1pPP1p2/2n4p/P6P/6P1/4RR1K b - - 0 38,g7e7 c6e8 e7e8 e1e8,1981,80,91,928,crushing master middlegame queensideAttack short xRayAttack,https://lichess.org/1N492dNk/black#76,
5yy8b,4r1k1/pp2rppp/2p2n1q/P7/3P1R2/2PB1Q1P/1P4N1/6RK w - - 7 25,g2h4 e7e3 h4f5 h6h3 f3h3 e3h3 h1g2 h3d3,1967,74,94,8473,advantage exposedKing fork master middlegame veryLong xRayAttack,https://lichess.org/UbbXuOrM#49,
60yI0,3r1k1r/4n1pp/2pN1p1q/Q3p3/2B3b1/6P1/PPPR3P/4KR2 b - - 0 20,d8d6 a5d8 d6d8 d2d8,2038,88,52,114,master mate mateIn2 middlegame pillsburysMate sacrifice short xRayAttack,https://lichess.org/GyG4oDDl/black#40,
65tOe,8/p5pk/3PQ2p/7K/6PP/3q4/P7/8 w - - 1 50,e6f5 g7g6 f5g6 d3g6,1934,76,77,223,endgame fork mate mateIn2 queenEndgame short xRayAttack,https://lichess.org/ozh9guRx#99,
69zGQ,2r3k1/5pp1/3p3p/3Q4/4Pp2/1Pr1q3/P4RPP/5RK1 w - - 5 32,d5d6 c3c1 d6d2 c1f1 g1f1 c8c1 d2c1 e3c1,1922,75,88,438,attraction crushing endgame pin veryLong xRayAttack,https://lichess.org/KU9wZX9O#63,
6ADY2,2rq4/5kp1/4pP2/p1b2nB1/1p2N3/3Q1N2/PP3P2/2KR3r w - - 0 24,d3d8 c5e3 c1b1 c8c1 d1c1 h1c1,2078,78,89,640,discoveredCheck doubleCheck long mate mateIn3 middlegame operaMate queensideAttack xRayAttack,https://lichess.org/JFTuzPKt#47,
6AMQp,r6k/3b2pB/p1n1p3/3p2Nn/3b3P/2B5/qP2Qr2/1NKR3R w - - 0 23,e2h5 a2b2 c3b2 d4b2,1997,85,73,76,mate mateIn2 middlegame morphysMate queensideAttack sacrifice short xRayAttack,https://lichess.org/lYrSNBXi#45,
6AeoV,3r2k1/pp2q1pp/4nB2/5p2/1P2p3/2Q1P1R1/P5PP/6K1 b - - 3 27,d8d3 c3c8 d3d8 c8d8 e7d8 f6d8,2038,76,87,316,advantage endgame long pin xRayAttack,https://lichess.org/UMMiagji/black#54,
6IeTc,4r1k1/p3r3/1pQp1qp1/2p1PbNp/7P/3P4/P1P5/4RR1K b - - 0 26,e7e5 c6e8 e5e8 e1e8 g8g7 f1e1,2186,76,93,3244,crushing defensiveMove exposedKing kingsideAttack long middlegame xRayAttack,https://lichess.org/S4hCIod3/black#52,
6IjA0,r1b1k2r/ppp3p1/2pb1p2/8/4PBpq/2NP4/PPPQ1PPP/R4RK1 w kq - 2 12,f4g3 h4h2 g3h2 d6h2,2068,79,92,3632,crushing kingsideAttack middlegame sacrifice short xRayAttack,https://lichess.org/Me3OAoOU#23,Russian_Game Russian_Game_Stafford_Gambit
6LUFE,4r1k1/3q2pp/2r1p3/1QppP2P/4pNP1/2P1P3/1PK2P2/R7 b - - 10 32,d7c7 a1a6 e8c8 f4e6 c6e6 a6e6,2054,77,82,67,advantage endgame long xRayAttack,https://lichess.org/N8WaaVPN/black#64,
6LZTM,3r4/4k2p/p2rPp2/1p3Pp1/3R2P1/P1n2NP1/5K2/3R4 w - - 0 36,d4d6 c3d1 d6d1 d8d1,1941,80,89,197,crushing endgame short xRayAttack,https://lichess.org/XM7CuprZ#71,
6M32d,r1b1k2r/pp2qpbp/2p2n2/4p3/2B1N2Q/8/PPP3PP/2KR1R2 b kq - 1 16,f6e4 c4f7 e8f8 d1d8 e7d8 h4d8,2126,75,93,6932,attackingF2F7 long mate mateIn3 middlegame xRayAttack,https://lichess.org/j42GI9zF/black#32,Vienna_Game Vienna_Game_Omaha_Gambit
6NjOi,5rk1/pR2brpp/3pQ3/q2p4/2p5/2P5/P1P2PPP/4R1K1 b - - 4 18,e7f6 b7f7 f8f7 e6c8 a5d8 e1e8 d8e8 c8e8,2041,76,88,1092,advantage clearance fork middlegame veryLong xRayAttack,https://lichess.org/Fytb4Vy4/black#36,Sicilian_Defense Sicilian_Defense_Open
6Trfs,R1r3k1/1pq1Rppp/8/1P6/2nP1n2/8/Q4PPP/2r1N1K1 b - - 2 24,c4d6 a2f7 d6f7 e7e8 c8e8 a8e8,2032,77,95,2615,backRankMate long mate mateIn3 middlegame sacrifice xRayAttack,https://lichess.org/J4BA8PQ0/black#48,
6TyLq,6rk/pp2q2p/2ppnnr1/4p3/2P1B2Q/3P4/PP3P2/2KR3R b - - 9 25,g6g4 h4f6 g8g7 h1h7 h8g8 f6e7 g7e7 h7e7,2035,77,65,65,crushing discoveredAttack kingsideAttack middlegame veryLong xRayAttack,https://lichess.org/5BEkuAe2/black#50,
6WrCz,6k1/6p1/Q4p2/3rRK1r/P4n2/5Pb1/4R1P1/8 w - - 4 45,f5g4 h5g5 e5g5 d5g5,1993,81,90,448,collinearMove mate mateIn2 middlegame pillsburysMate short xRayAttack,https://lichess.org/1xDTpyZN#89,
6X9UN,4r1k1/pp2bppp/q4n2/2p1Q3/8/1PN1BP2/P1P3PP/2KR4 w - - 1 21,e3c5 a6a3 c5a3 e7a3 c1b1 e8e5,2075,78,91,1816,advantage long middlegame queensideAttack sacrifice xRayAttack,https://lichess.org/FMYSDQBG#41,
6YTtJ,5r1k/p3Q1p1/1p3r1p/2p1p3/4P1P1/1q3P1R/1P5P/5R1K b - - 3 40,f6f3 e7f8 f3f8 f1f8,1926,77,94,10941,crushing endgame short xRayAttack,https://lichess.org/GxAmIWpg/black#80,
6aIMf,4r1k1/5pp1/2Qprq1p/8/1P2n3/5N1P/5PP1/2R1R1K1 b - - 0 26,e4d2 c6e8 e6e8 e1e8 g8h7 f3d2,1988,77,90,1088,advantage long middlegame xRayAttack,https://lichess.org/TB7BBmvq/black#52,
6ayPD,2R3rk/p3pQb1/3pN1p1/7p/3Pn2P/5PK1/Pq4P1/8 w - - 0 31,f3e4 g7e5 d4e5 b2e5 e6f4 g8c8,2004,76,87,813,advantage endgame long pin sacrifice xRayAttack,https://lichess.org/2VGQNgL4#61,
6cqQZ,5r2/p5k1/2p3p1/8/2Pp2PR/3P1q1p/P1P2P1P/4Q1K1 w - - 1 37,e1f1 f8h8 f1h3 f3h3 h4h3 h8h3,2080,122,75,20,advantage endgame long xRayAttack,https://lichess.org/CydmTgJT#73,
6dVds,8/4k3/2p2p2/p1Pn4/1r1PN2p/K6P/P2R2P1/8 w - - 0 40,e4d6 d5c3 d2b2 c3b1 b2b1 b4b1,1982,74,93,6211,crushing endgame exposedKing long xRayAttack,https://lichess.org/ijSsOVPj#79,
6f6p3,3rQ3/3P4/1q4pk/8/5PP1/8/P7/3R2K1 w - - 1 44,g1g2 b6c6 g2g3 d8e8 d7e8q c6e8,1967,75,100,172,advantage endgame long xRayAttack,https://lichess.org/pPsk5fEX#87,
6hJ3H,2r3k1/2p2pp1/p5rp/Qp1P4/4Pq2/1P3P1P/1PR3P1/2R4K w - - 15 31,c2c7 f4c1 c7c1 c8c1 h1h2 c1c2 a5d8 g8h7 h3h4 c2g2,2152,77,77,195,crushing endgame veryLong xRayAttack,https://lichess.org/wg8ZEMp0#61,
6hKTv,8/1p5p/2p1k1p1/p1Pr4/PrR3P1/4P3/3RKP2/8 w - - 2 35,d2d4 d5d4 c4d4 b4d4,1963,75,82,336,crushing endgame rookEndgame short xRayAttack,https://lichess.org/COsNTLXw#69,
6hv5P,1r5k/1P4pp/2q4b/p3Q3/P2p1P1P/4p1PK/8/1R6 b - - 5 44,b8b7 e5b8 b7b8 b1b8 c6c8 b8c8,2122,80,93,7505,backRankMate endgame long mate mateIn3 sacrifice xRayAttack,https://lichess.org/8FquKfiv/black#88,
6imhF,r1b5/ppQ3pp/3p1n1n/1P1k4/q1Pp1P2/8/6PP/1R2R1K1 b - c3 0 27,a4c4 e1e5 d6e5 c7e5,1907,80,87,84,mate mateIn2 middlegame sacrifice short xRayAttack,https://lichess.org/aCGJoG9O/black#54,
6jaJf,5nr1/1pR4R/p2k1r2/3p4/3P4/1P5K/1P1N3P/8 w - - 16 38,h7g7 f6h6 h3g2 h6g6 g7g6 g8g6,2147,91,74,35,crushing endgame exposedKing long xRayAttack,https://lichess.org/iiEicwbf#75,
6n34S,4r1k1/1p3p1p/p3nBp1/2p5/P2bN3/5P2/3Q2PP/1qR4K b - - 7 29,b1b2 d2b2 d4b2 f6b2,1934,81,92,2404,crushing master middlegame short xRayAttack,https://lichess.org/OtyoizQc/black#58,
6q7QK,2r3k1/p1r2ppp/1b2p3/2np2P1/1B5P/1P2P3/P1R1KPB1/1R6 w - - 5 24,b1c1 c5b3 c2c7 b3c1 c7c1 c8c1,1953,99,66,43,advantage long middlegame xRayAttack,https://lichess.org/3q41Dp7n#47,
6qPPF,5rk1/1pp1Q2p/1p1pp1p1/4p3/4Pr2/P1PP3P/1q3PRK/5R2 b - - 1 24,f4f2 e7f8 f2f8 f1f8 g8f8 g2b2,2071,77,91,351,advantage endgame kingsideAttack long xRayAttack,https://lichess.org/sIpE6ihp/black#48,
6rr27,r5k1/ppp1b1r1/3pp3/4P2Q/3p1qnP/3P2N1/PPP2PP1/4RRK1 b - - 0 21,g7h7 h5g6 g8h8 e1e4 h7h6 g6g4 f4g4 e4g4,2006,84,92,458,advantage middlegame veryLong xRayAttack,https://lichess.org/fOngmjy4/black#42,
6uw5m,6k1/2b2q1p/1r2rPp1/pP2p3/2Qp4/6B1/1P4PP/2R2RK1 b - - 0 33,e6f6 c4f7 f6f7 f1f7 g8f7 c1c7,2106,82,91,543,advantage attraction capturingDefender long middlegame xRayAttack,https://lichess.org/sNkfU07C/black#66,
6v4DF,4rk2/pp3ppB/7p/4r3/1P1n3q/P6P/2Q1R1P1/4R1K1 w - - 7 28,e2e5 h4e1 e5e1 e8e1 g1f2 d4c2,2111,78,91,470,crushing long middlegame xRayAttack,https://lichess.org/yg4ZjYPP#55,
6vJ40,2r3k1/p1r3pp/Q1pq4/1pRbN3/3Pp3/4P2P/5PP1/2R3K1 b - - 0 24,d6f6 c5d5 c6d5 a6c8 c7c8 c1c8,1937,78,92,1988,crushing long middlegame xRayAttack,https://lichess.org/Hs70BGzL/black#48,
6vieB,1r2q1k1/5ppp/3Q4/4p3/8/6P1/P1r4P/3R2K1 b - - 0 33,e8c6 d6b8 c6c8 d1d8 c8d8 b8d8,1952,75,93,885,backRankMate endgame fork hangingPiece long mate mateIn3 xRayAttack,https://lichess.org/iNhGVer1/black#66,
6zAC7,r1b2r1k/pp2Nppp/3p4/6N1/2Q1PBn1/8/Pq4PP/R4RK1 w - - 2 17,c4f7 b2d4 f4e3 d4e3 g1h1 g4f2 f1f2 e3f2 f7f2 f8f2,2099,86,87,127,advantage fork middlegame veryLong xRayAttack,https://lichess.org/IyUlIuYQ#33,Bishops_Opening Bishops_Opening_Lewis_Gambit
72pm3,5rk1/ppp2ppp/6b1/4N3/3r2P1/7P/PP3P2/3RR1K1 b - - 1 19,f8d8 d1d4 d8d4 e5c6 d4e4 c6e7 e4e7 e1e7,2146,82,91,521,crushing endgame veryLong xRayAttack,https://lichess.org/6FUdZClo/black#38,
72wdS,3r1rk1/1p3ppp/1q6/p1bp4/2nP4/1Q2B3/PP2BPPP/R4RK1 b - - 0 18,c5d4 e2c4 d5c4 b3b6 d4b6 e3b6,2067,79,89,207,crushing long middlegame xRayAttack,https://lichess.org/KKLLCTHR/black#36,Sicilian_Defense Sicilian_Defense_Alapin_Variation
75b8X,5rk1/p5p1/1p5p/2p5/6b1/1PP1qB2/P2R2PP/3Q1K2 w - - 2 27,d2d3 f8f3 d1f3 e3c1 d3d1 c1d1 f3d1 g4d1,2122,87,90,543,advantage endgame sacrifice veryLong xRayAttack,https://lichess.org/HwVWfey4#53,
78zKg,4rk2/1R6/1p6/p5RP/4p1p1/8/P4rPK/8 b - - 0 48,e4e3 h5h6 f2f7 h6h7 f7h7 b7h7,2019,80,79,45,advancedPawn advantage endgame long rookEndgame xRayAttack,https://lichess.org/5BTFX8Ti/black#96,
7D5tU,1r5k/3q1pb1/b2Nn2p/3pP1pP/pP1B2P1/8/1P1Q1P2/1K2R2R w - - 2 40,b1a2 e6d4 d2d4 d7d6 e5d6 g7d4 d6d7 a6b5 e1e8 b8e8 d7e8r b5e8,2114,84,90,880,advantage middlegame veryLong xRayAttack,https://lichess.org/ZvlzW5yP#79,
7DlBz,rr4k1/3R1ppp/8/p1p1q3/p1P5/5Q1P/K1P2PP1/1R6 b - - 1 23,b8b1 f3a8 b1b8 d7d8 b8d8 a8d8 e5e8 d8e8,1902,75,95,7467,endgame hangingPiece mate mateIn4 veryLong xRayAttack,https://lichess.org/4VOBxk9A/black#46,
7FGHR,1r6/2qkbQ2/2b1p3/2p1Pp1p/5P2/1P2p3/R5PP/R5K1 b - - 0 29,b8b3 a1d1 c6d5 d1d5 e6d5 f7d5,2129,76,93,3370,advantage long middlegame xRayAttack,https://lichess.org/8WNNtoex/black#58,
7LSgA,r4rk1/b3npp1/p1Pp3p/1p6/4P3/1B2BP1q/PP3P2/2RQ1RK1 w - - 0 19,e3a7 e7g6 d1d6 g6h4 d6g3 h4f3 g3f3 h3f3,2148,76,86,245,advantage kingsideAttack middlegame quietMove veryLong xRayAttack,https://lichess.org/g8DA2op2#37,Ruy_Lopez Ruy_Lopez_Morphy_Defense
7MNMa,r5rk/pbpp2b1/1p4Q1/3P3n/2P1P2q/2N1BR2/PP4BP/R5K1 w - - 3 23,e3g5 g7d4 g1f1 h4g5 g6g5 g8g5,2153,152,87,12,advantage long middlegame xRayAttack,https://lichess.org/wlOMqYL6#45,
7OORG,3r4/kp1R4/p3Q3/2p1p1p1/2Pp3p/1Pq4P/1KP3PB/8 w - - 3 37,b2c1 d4d3 d7d3 d8d3 e6e5 c3e5,2042,77,86,88,crushing endgame long pin xRayAttack,https://lichess.org/sDPMKQAY#73,
7Phyl,r6k/2R3bp/8/4pnp1/1N3p2/1P3P1P/P1R2BPK/3r4 w - - 7 31,b4d5 d1d5 c7c8 d5d8 c8d8 a8d8,1945,79,93,4802,advantage hangingPiece long middlegame xRayAttack,https://lichess.org/XdUv8USj#61,
7RNxo,1k1r2r1/p1p2p2/1p1b4/2q4p/3N1P2/1QP1BB2/PP4b1/R4RK1 w - - 0 23,d4c6 c5c6 f3c6 g2c6 g1h2 g8g2,2021,84,92,292,advantage discoveredAttack discoveredCheck exposedKing long middlegame sacrifice xRayAttack,https://lichess.org/Exjdm8Q3#45,
7RxO0,5r2/1p4k1/p2p2p1/2pPn2P/P1Pp2P1/8/1P1QBq2/2K2R2 b - - 2 26,f2e3 h5h6 e3h6 d2h6 g7h6 f1f8,1900,81,93,91,crushing endgame long xRayAttack,https://lichess.org/ITRzKV0x/black#52,
7Si3N,r2q4/7r/pnQ1kn1p/3p4/3P4/2N2N2/PP3PPP/R5K1 b - - 1 21,d8d6 a1e1 f6e4 e1e4 d5e4 c6e4,2111,75,92,3455,crushing long middlegame xRayAttack,https://lichess.org/th5LBICZ/black#42,
7TTEu,r5r1/7k/p1pqPppp/1p1p1n2/1P1P2RP/P1PQ2RB/8/6K1 w - - 0 36,g4g6 d6g3 g6g3 g8g3 g1f2 g3d3,1943,83,86,79,crushing exposedKing fork long middlegame xRayAttack,https://lichess.org/n8FzPbln#71,
7ZWRa,2b1r1k1/pp3ppp/3Bp3/q2pP3/8/1R4P1/P3QP1P/6K1 b - - 0 24,b7b6 b3a3 c8a6 e2a6 a5a6 a3a6,1990,75,95,19548,advantage endgame long xRayAttack,https://lichess.org/0cAu99pF/black#48,
7bsXc,1k1q2rr/pPp3pp/Q3p1b1/2b1P3/8/2P1B2p/1P3PB1/R4RK1 b - - 3 23,g6d3 a6a7 c5a7 e3a7,2020,79,77,112,mate mateIn2 middlegame queensideAttack sacrifice short xRayAttack,https://lichess.org/ivKxOhAy/black#46,
7fRAN,4r1k1/pBR2pp1/8/1P5p/P2p1PnP/3P2P1/q4P2/3Q2K1 w - - 2 29,d1c2 e8e1 g1g2 g4e3 f2e3 e1e2 c2e2 a2e2,2049,76,94,3143,advantage endgame fork sacrifice veryLong xRayAttack,https://lichess.org/haYjubL8#57,
7fsxv,r1b2rk1/4ppbp/p2p1Bp1/q7/4P1P1/p1N2P2/1PPQB2P/2KR3R w - - 0 15,c3d5 a3b2 f6b2 g7b2 c1b2 a8b8,2140,76,93,338,advancedPawn attraction crushing long middlegame queensideAttack xRayAttack,https://lichess.org/0uXYU1LI#29,Sicilian_Defense Sicilian_Defense_Other_variations
7gLks,1r6/R2nk1p1/3qpp1p/1p1p1B2/3P2Q1/2r1P3/5PPP/5RK1 b - - 1 22,e7f7 f5e6 d6e6 a7d7 e6d7 g4d7,1992,74,95,7199,advantage long middlegame xRayAttack,https://lichess.org/dWbFnDyg/black#44,
7gnk4,5r1k/2P2p1p/p5p1/3Pbp2/P7/3nqP2/2Q3PP/1R3R1K w - - 1 31,b1b8 f8b8 c7b8n e5b8,2023,75,88,295,crushing master masterVsMaster middlegame short xRayAttack,https://lichess.org/MbWHOB7B#61,
7i3nr,5rk1/ppR2Rpp/8/3q4/5Q2/P2P2P1/5PKP/4r3 w - - 3 31,g2h3 d5e6 f4f5 e6f5 f7f5 f8f5,2166,126,82,21,advantage endgame long xRayAttack,https://lichess.org/LriHnp0A#61,
7iq1c,7k/6pp/1P3p2/P7/4pP2/P3R2b/3q1N1P/2rQ2K1 w - - 3 37,e3e1 d2e1 d1e1 c1e1,1915,75,93,4939,endgame mate mateIn2 pillsburysMate short xRayAttack,https://lichess.org/t88D3aZK#73,
7nNOe,1k2r3/8/1b1p1B1p/1Q4p1/5pP1/P3qP1P/6K1/5R2 w - - 1 51,f6d4 e3e2 b5e2 e8e2 f1f2 e2f2 d4f2 b6f2,2199,82,79,87,crushing endgame veryLong xRayAttack,https://lichess.org/mxJMddmp#101,
7nnYS,1rb2rk1/2p2ppp/p7/1pbNq3/8/1B3Q2/PPP3PP/4RR1K b - - 1 18,e5b2 f3f7 f8f7 e1e8 c5f8 d5e7 g8h8 e8f8 f7f8 f1f8,2147,79,94,11905,backRankMate deflection mate mateIn5 middlegame pin sacrifice veryLong xRayAttack,https://lichess.org/toyzmoWr/black#36,Kings_Gambit_Accepted Kings_Gambit_Accepted_MacLeod_Defense
7rOIj,1rb3kb/2q1rp2/3p2BB/3Pn1N1/1pp2Q2/8/PP4PP/4RRK1 b - - 0 27,e5g6 f4f7 e7f7 e1e8 g6f8 e8f8 f7f8 f1f8,1910,150,60,14,kingsideAttack mate mateIn4 middlegame sacrifice veryLong xRayAttack,https://lichess.org/IN6znFlM/black#54,
7rWM6,r2r2k1/1p2bpp1/pq2b2p/4n3/1P2Q3/P3P2P/1B2BPP1/R2R2K1 w - - 0 19,e4e5 e7f6 b2d4 d8d4 e5d4 f6d4,1997,78,90,1737,advantage long middlegame xRayAttack,https://lichess.org/pKqOi8rx#37,Queens_Gambit_Declined Queens_Gambit_Declined_Three_Knights_Variation
7vOuX,r1bq1rk1/pp3ppp/5b1B/3B1P2/3p4/3P2QP/PPP3P1/R4RK1 b - - 0 19,d8d5 h6g7 d5e5 g3e5 f6e5 g7e5,1951,74,92,152,advantage long middlegame xRayAttack,https://lichess.org/O9rQ8spM/black#38,
7yVwT,4r1k1/p1p3pp/2pb4/N4p2/3P4/1PPbBP1P/P5P1/4R1K1 w - - 1 22,a5c6 d6g3 e3f2 e8e1 f2e1 g3e1,1988,80,82,46,advantage endgame kingsideAttack long xRayAttack,https://lichess.org/2t73zE3u#43,
7yrCv,6k1/5p1p/1p2p1p1/p2q1n2/5B2/P4P1P/1Pr3P1/3RQ1K1 b - - 1 29,d5c4 d1d8 g8g7 e1e5 f7f6 d8d7 g7g8 e5b8 c4c8 d7d8 c8d8 b8d8,2165,80,91,409,crushing endgame fork veryLong xRayAttack,https://lichess.org/tsm9U80M/black#58,
813ec,rn6/1p1qp1bk/p2p2p1/2pP2Pp/4P3/2N1Br2/PPP1Q2R/2KR4 b - - 1 19,d7g4 d1g1 f3g3 e2g4 g3g4 g1g4,1958,76,94,6049,crushing long master middlegame pin xRayAttack,https://lichess.org/DKex1jol/black#38,Pterodactyl_Defense Pterodactyl_Defense_Eastern
84RI7,5rk1/6b1/p2p2p1/1p2p2p/3P3P/P2R1NP1/1P2rPK1/1R6 w - - 0 29,d3e3 e5e4 e3e4 e2e4,2024,77,82,72,advantage endgame short xRayAttack,https://lichess.org/EPZumTH4#57,
894z9,r4rk1/1b4b1/1p4QB/p1p5/2Pqp3/1P5P/P5P1/R4R1K b - - 4 23,f8f1 a1f1 a8f8 g6e6 g8h7 f1f8 g7f8 h6f8,1968,83,91,1056,advantage deflection exposedKing middlegame veryLong xRayAttack,https://lichess.org/ODDXsoFa/black#46,
89Usj,1rq2rk1/2p1bppp/8/7n/p4B2/P1Q5/BPP2PPP/1K1R3R w - - 5 18,f4c7 e7f6 c7e5 c8c3 e5c3 f6c3,1959,76,85,173,advantage long middlegame pin xRayAttack,https://lichess.org/fAV2TrNw#35,Philidor_Defense Philidor_Defense_Exchange_Variation
89v3h,6r1/1p1PR3/p7/P2kB3/1P3pp1/4bp2/7P/5K2 b - - 0 43,g4g3 h2g3 f4g3 e5g3,1977,75,88,330,advantage endgame short xRayAttack,https://lichess.org/CBJw0S0l/black#86,
8BLKq,4r1k1/2q3pp/8/1R2P3/6Q1/7P/6PK/8 b - - 0 38,e8e5 g4f4 e5e7 b5b8 c7b8 f4b8,2181,75,95,2781,advantage endgame long master xRayAttack,https://lichess.org/caVaDlCK/black#76,
8BOtM,r3k2r/1ppq1pp1/p4bb1/3P3p/3QPBP1/2N4P/PP6/R4RK1 w kq - 2 18,f4e5 c7c5 d5c6 d7d4 e5d4 f6d4,2156,76,94,648,crushing exposedKing long middlegame xRayAttack,https://lichess.org/uflQdElM#35,Scotch_Game Scotch_Game_Benima_Defense
8D67e,2rrbk2/1p3pbB/2p1p3/7Q/1PPP1q2/7P/5PP1/3RR1K1 b - - 0 30,d8d4 h5c5 f4d6 c5d6 d4d6 d1d6,1941,77,87,222,advantage long middlegame xRayAttack,https://lichess.org/LMKawwGz/black#60,
8Dein,3r1rk1/1p4p1/p1b1Np2/4n1pR/2P1P1P1/3B4/PP2K3/7R b - - 3 24,e5d3 h5h8 g8f7 e6d8 f8d8 h8d8,1985,76,85,377,advantage long middlegame xRayAttack,https://lichess.org/VldNUlr4/black#48,
8EbBp,2r1k3/6p1/2N1p2p/1K1nP3/2R2P1P/8/2P5/8 w - - 1 40,c6b4 d5c3 c4c3 c8c3,2124,89,91,140973,advantage endgame short xRayAttack,https://lichess.org/KLC7NZeW#79,
8HsDw,2rq4/Q1p2rbk/2R4p/3p4/3P4/1P3p1P/P4PPB/2R3K1 w - - 0 25,c6c7 d8g5 h2g3 g5c1 c7c1 c8c1,2125,76,95,1313,crushing long middlegame xRayAttack,https://lichess.org/a2cLsZSU#49,
8KrcR,4r1k1/p1p2pp1/2ppr3/6Np/PP4n1/5QP1/4RP1q/4RK2 b - - 3 32,e6e2 f3f7 g8h8 f7e8 e2e8 e1e8,1947,77,91,894,kingsideAttack long mate mateIn3 middlegame xRayAttack,https://lichess.org/wbXrDb1M/black#64,
8NLxW,8/4p1kp/6p1/4p2q/5n2/1P3Q2/7K/6Q1 w - - 16 55,h2g3 f4e2 f3e2 h5e2,1947,85,92,2125,crushing endgame fork master masterVsMaster short xRayAttack,https://lichess.org/WXEzrr9t#109,
8OK0W,2krr3/pp4p1/2pq2p1/3n4/6P1/7P/PPPB2Q1/2KRR3 w - - 2 24,e1e4 d5e3 e4e3 e8e3,1983,81,88,80,advantage fork master middlegame short xRayAttack,https://lichess.org/uVqV9E3O#47,
8PqEU,r2q1r1k/ppnbb1p1/7p/2pBP3/1P3PP1/P2Q4/4N2P/R1B2RK1 w - - 1 19,f4f5 d7b5 d5c4 d8d3 c4d3 b5d3,2055,79,90,2124,advantage discoveredAttack long middlegame xRayAttack,https://lichess.org/MB9AHTPT#37,English_Opening English_Opening_Anglo-Scandinavian_Defense
8UN1J,7r/p4k2/1ppB1p2/7r/4P3/2N1n1P1/PPP5/3R1RK1 w - - 1 30,g3g4 h5h1 g1f2 e3d1 f1d1 h1d1 c3d1 h8d8 e4e5 f6e5,2022,79,86,87,advantage exposedKing middlegame veryLong xRayAttack,https://lichess.org/swYTLsmN#59,
8UUEO,r7/4kpRP/2p2n2/2Pp4/1b1P1P1P/1PqpP2B/Q7/N2K2R1 w - - 3 39,h7h8q c3a1 a2a1 a8a1,2077,75,93,8783,mate mateIn2 middlegame pillsburysMate short xRayAttack,https://lichess.org/GvgWBjBG#77,
8YprU,4r1k1/p5pp/8/1p2rp2/2p3nq/2P2Q1P/PPB1R1P1/4R2K w - - 0 26,e2e5 h4e1 e5e1 e8e1 f3f1 e1f1,1960,76,89,505,kingsideAttack long mate mateIn3 middlegame xRayAttack,https://lichess.org/t6N9UDxI#51,
8ZXVf,r6k/3R2bp/2p2rp1/pp2p1q1/4P1N1/2P3PQ/PP3P2/5RK1 b - - 1 23,f6e6 g4h6 e6e7 h6f7 e7f7 d7f7,2034,145,58,25,crushing fork long middlegame quietMove xRayAttack,https://lichess.org/UWmL63qN/black#46,
8ZXh1,2rq2k1/4bppp/p3p3/1p1nN1B1/1P1P4/P7/3Q1PPP/2R3K1 w - - 9 26,e5c6 e7g5 c6d8 c8c1 d2c1 g5c1,2030,75,95,1260,crushing long middlegame xRayAttack,https://lichess.org/NlfE3snF#51,
8d7yj,2r3k1/p1r1nppp/Q1Pq4/2R1p3/P2p4/8/1B3PPP/2R3K1 b - - 0 29,c7c6 a6c8 c6c8 c5c8 e7c8 c1c8 d6f8 c8f8,1913,84,72,40,advantage kingsideAttack middlegame veryLong xRayAttack,https://lichess.org/J4g1TGuJ/black#58,
8h0xF,r4rk1/1p3p1p/p3q2Q/1b1pbp2/N2B4/1P6/P1P2K1P/6R1 b - - 1 25,g8h8 h6g7 e5g7 d4g7 h8g8 g7f6,1903,79,92,1108,discoveredAttack discoveredCheck fork long mate mateIn3 middlegame pillsburysMate sacrifice xRayAttack,https://lichess.org/ScLWIzRT/black#50,
8iKEc,7k/6p1/3p3p/P7/1P1Q1p2/5Pqn/7R/4rR1K w - - 1 41,d4d3 g3g1 f1g1 e1g1,1948,77,87,408,endgame mate mateIn2 sacrifice short xRayAttack,https://lichess.org/Rp4iwVwB#81,
8ik6R,2r3r1/2R5/4pk2/3pnpq1/Pp1N4/6P1/1P3PQ1/4R1K1 w - - 4 33,e1e5 g5c1 c7c1 c8c1 g2f1 c1f1 g1f1 f6e5,2141,75,91,293,advantage middlegame sacrifice veryLong xRayAttack,https://lichess.org/6BWxDzjK#65,
8kInf,5r2/7Q/kppb3p/8/P2P1n2/1PP1K3/6Pq/R4R1N w - - 8 40,b3b4 f8e8 e3d2 h2g2 f1f2 e8e2 f2e2 g2e2 d2c1 f4d3 h7d3 e2d3,2118,84,88,156,crushing middlegame veryLong xRayAttack,https://lichess.org/gG00IOOb#79,
8kvoq,2r5/5pk1/P3ppp1/1PQ5/3P4/5N1P/1q3PPb/2R3K1 w - - 2 34,f3h2 b2c1 c5c1 c8c1 h2f1 c1a1,2155,84,92,1529,advantage endgame long xRayAttack,https://lichess.org/0wmFn14A#67,
8lsbm,8/6kp/p2pBqp1/1p1Pr3/3Q4/5r2/PP3PRP/4R2K b - - 3 26,e5e6 d4a7 f6e7 a7e7 e6e7 e1e7,1926,80,93,1441,advantage endgame long xRayAttack,https://lichess.org/hR4yqxR8/black#52,
8mosC,4r1k1/5ppp/1BPq1n2/8/6n1/PN4Q1/1N3pPP/2R3K1 w - - 0 28,g1f1 g4h2 g3h2 d6h2,1916,74,85,128,advantage master middlegame short xRayAttack,https://lichess.org/TW4oj7Sy#55,
8nSe3,3r1rk1/2qbR1pn/p1p2p1p/1p6/8/1PB2Q1P/1PP2PPN/3R2K1 w - - 4 25,h2g4 d7g4 e7c7 d8d1 f3d1 g4d1,1996,75,94,8959,crushing discoveredAttack kingsideAttack long middlegame xRayAttack,https://lichess.org/uxS4S0jp#49,
8s6Dt,2r3k1/q4pp1/1Rp1p2p/1pQ5/3PP1P1/5P1P/6K1/8 w - - 3 31,b6c6 a7c5 c6c5 c8c5 d4c5 g8f8,2014,75,94,874,crushing defensiveMove endgame long xRayAttack,https://lichess.org/0ZuroX5n#61,
8sAmW,7Q/1p1k3p/1p1b2p1/1p1P1b2/5P2/1P4qP/1P4P1/2B2RK1 w - - 1 26,f1f3 d6c5 c1e3 c5e3 f3e3 g3e3,2176,88,91,712,advantage endgame long xRayAttack,https://lichess.org/tSgWAK2Y#51,
8tymt,2kr1R2/ppp5/3p4/4n1p1/4q3/1QP2BPp/PP5P/5R1K b - - 1 26,d8f8 b3b7 e4b7 f3b7 c8b7 f1f8,2188,90,88,58,crushing endgame long queensideAttack xRayAttack,https://lichess.org/94rQSh5j/black#52,
8xaU1,1r4k1/7q/Q2p1b2/1p1PpP2/4Npn1/P7/1P3BPr/2R2RK1 w - - 3 31,c1c8 f6d8 c8d8 b8d8 e4f6 g4f6,2170,80,94,4094,crushing defensiveMove long middlegame xRayAttack,https://lichess.org/Hsg008fQ#61,
8xcrC,4r1k1/5p1p/1R4p1/4nb2/2Pp1B2/3P2PP/q6K/3Q1R2 w - - 0 24,d1d2 e5f3 f1f3 e8e2 d2e2 a2e2,2075,76,86,381,clearance crushing fork long middlegame sacrifice xRayAttack,https://lichess.org/siLPOnfP#47,
8zfpc,1qr3k1/N2n1pp1/QP2p2p/P1rp4/8/7P/2b2PP1/R1R3K1 b - - 2 27,c2d3 a6c8 c5c8 c1c8 g8h7 c8b8,1916,79,93,879,advantage fork long master middlegame xRayAttack,https://lichess.org/ehn3OTtz/black#54,
91hUQ,5rk1/pp5p/2P2rp1/8/7P/P1Q3P1/4qPB1/5RK1 b - - 0 32,f6f2 g2d5 f8f7 d5f7 f2f7 f1f7,1975,75,90,518,crushing endgame long master xRayAttack,https://lichess.org/UdsTY8K7/black#64,
92fhp,b1r3k1/5pp1/Q3p2p/4P3/P2p3q/1N5P/2r2PP1/2R2RK1 b - - 1 26,h4g5 a6c8 c2c8 c1c8 g8h7 c8a8,2068,76,95,4678,advantage fork long middlegame xRayAttack,https://lichess.org/wPbZT2Sa/black#52,
974Ky,7r/6k1/2Q2n2/p1P5/Pp1P1Rp1/8/3B1PPK/5q2 w - - 1 48,h2g3 h8h3 g2h3 f1h3,2107,82,90,410,endgame mate mateIn2 sacrifice short xRayAttack,https://lichess.org/nRdXzTOE#95,
977KP,6k1/4pp1p/3p2p1/2rP4/1pPQ3P/rP3P2/qPK3P1/3R3R w - - 3 23,d4d3 a3b3 d3b3 c5c4 b3c4 a2c4,1917,75,97,537,advantage endgame long master sacrifice xRayAttack,https://lichess.org/J2qpfjdx#45,
9BN1G,r2qk1r1/ppp2p2/1b1pb2p/3N1N2/2B1P1n1/5Q2/PP3P1P/R1B1R2K w q - 5 17,e1g1 g4f2 f3f2 g8g1 f2g1 b6g1,1935,76,95,8417,crushing discoveredAttack kingsideAttack long middlegame xRayAttack,https://lichess.org/4A0gw4Cs#33,Italian_Game Italian_Game_Giuoco_Piano
9BOx7,5rk1/p5pp/bp2p3/4P3/3P4/6Q1/PPP1p1qP/2K1R2R b - - 1 22,g2h1 e1h1 f8f1 g3e1 f1e1 h1e1,1941,76,94,12283,crushing endgame hangingPiece long xRayAttack,https://lichess.org/7imKZBnh/black#44,
9Ftn1,6r1/pQ4pk/2pRrp2/7p/8/7P/PPq2PP1/3R2K1 w - - 0 26,d1d2 c2c1 d2d1 e6e1 d1e1 c1e1,2080,76,96,1600,crushing endgame long xRayAttack,https://lichess.org/kX0zfdYW#51,
9G3co,4rrk1/4Rp1p/p7/1pp3N1/3n4/8/PP4PP/5RK1 w - - 1 24,f1f7 d4e2 e7e2 e8e2 f7f8 g8f8,2081,76,85,322,crushing endgame long xRayAttack,https://lichess.org/3A4HBGo7#47,
9LhhX,2r4k/2b1q1pb/p4p1p/1ppB1P1Q/8/P1PP3P/1P1B2P1/5R1K w - - 1 29,f1e1 e7d6 e1e8 h7g8 e8g8 c8g8,2094,72,92,157958,advantage defensiveMove long middlegame xRayAttack,https://lichess.org/Euyl1d4z#57,
9LpJL,1rr4k/2qb1pbp/3p2p1/p1nPp1P1/P3P3/1P2BP2/K1QNB1R1/3R4 w - - 3 25,d1c1 c5b3 c2c7 b3c1 c7c1 c8c1,2033,79,91,607,advantage long master middlegame sacrifice xRayAttack,https://lichess.org/BzqNAga1#49,
9NsKk,r3k2r/1p1bB1qp/p1p5/4P3/4P2Q/2P5/PP4PP/R4RK1 b kq - 0 22,g7e7 h4h5 e8d8 f1f7 d7g4 a1d1 g4d1 h5d1 d8e8 f7e7,2062,76,92,9335,crushing exposedKing middlegame sacrifice veryLong xRayAttack,https://lichess.org/nR0kf4o0/black#44,
9Plbl,4r1k1/p1Rn1rpp/1p1Bpp2/7q/1P1P4/4P3/P2K1PQP/6R1 b - - 5 23,d7f8 g2g7 f7g7 c7g7 g8h8 g7g8,1952,72,94,10863,kingsideAttack long mate mateIn3 middlegame sacrifice xRayAttack,https://lichess.org/kmFBA01I/black#46,
9S34i,4rrk1/1p3p1p/p2Q2pP/2pp4/6R1/4PR2/P5PK/2q5 b - - 3 26,e8e3 d6f6 c1c3 f6c3 e3c3 f3c3,2045,82,76,48,advantage endgame long xRayAttack,https://lichess.org/pxIQnlLK/black#52,
9UN7G,2br2k1/4ppbp/3P2p1/3Q4/1P2N3/6P1/4qPBP/3R2K1 w - - 0 30,d6e7 e2d1 d5d1 d8d1 g2f1 c8d7,1915,108,63,24,advantage defensiveMove long middlegame xRayAttack,https://lichess.org/XMlYaJLJ#59,
9UXL7,r5k1/2p2ppp/8/1P6/3N4/1QP1P2P/1p1q1PP1/rR3RK1 w - - 6 25,f1d1 d2d1 b1d1 a1d1 b3d1 a8a1,1921,92,89,30,clearance crushing long middlegame pin sacrifice xRayAttack,https://lichess.org/oPHCyRat#49,
9XNri,8/1R3rk1/7P/p5K1/1pp1P3/8/8/8 b - - 0 60,g7f8 h6h7 f7h7 b7h7,2050,77,84,127,advancedPawn crushing endgame rookEndgame short xRayAttack,https://lichess.org/cj4aN08i/black#120,
9YDGc,4r2k/1pq1rp1p/3p1n2/p1pPbQ2/P3B3/1PB4P/8/2R3RK b - - 3 39,c7d7 f5f6 e5f6 c3f6,1961,73,95,15745,kingsideAttack mate mateIn2 middlegame morphysMate sacrifice short xRayAttack,https://lichess.org/Fst5OOjP/black#78,
9YJlO,r1b1r1k1/ppq2p1p/2p3pB/3p4/3P3b/2PQ3P/PPB3P1/R4R1K b - - 1 19,c8f5 f1f5 g6f5 d3f5 f7f6 f5g4 h4g5 h3h4 c7f4 g4f4 g5f4 h6f4,2142,76,92,169,advantage fork middlegame pin veryLong xRayAttack,https://lichess.org/ZuJ04k9H/black#38,
9ZGfj,6r1/8/p2k1Q2/8/P6p/8/4p2P/3q1R1K b - - 3 45,d6d5 f6f3 d5c4 f1d1 e2d1q f3d1,2102,78,90,144,advantage endgame long xRayAttack,https://lichess.org/IOIw4S11/black#90,
9gBEN,3r2k1/p4p2/1p4p1/3b1p1p/3B1P2/5q2/P2R3Q/3R1K2 w - - 6 30,d4f2 d5c4 f1g1 f3d1 d2d1 d8d1 g1g2 c4d5,1996,78,92,586,crushing exposedKing middlegame veryLong xRayAttack,https://lichess.org/jM6Zg8II#59,
9gQWv,r1b1k2r/pp3ppp/4p3/q2pb3/6Q1/1BP5/P1PB1PPP/1R3RK1 b kq - 3 15,e5c3 g4a4 c8d7 a4a5 c3a5 d2a5,2050,74,95,12148,advantage long middlegame xRayAttack,https://lichess.org/1y4hwCYR/black#30,Sicilian_Defense Sicilian_Defense_Bowdler_Attack
9hCem,Q2r4/1P3ppk/3q4/P7/7P/8/5P1K/5B2 w - - 3 42,h2h1 d6c6 h1g1 d8a8 b7a8q c6a8,2053,77,88,92,crushing endgame long xRayAttack,https://lichess.org/AIIrf2kn#83,
9iCed,4r1k1/8/3p2Pb/n1q5/4PpB1/7R/1Q6/2NK4 b - - 0 45,h6g7 g4e6 g8f8 h3h8 g7h8 b2h8 f8e7 h8g7 e7e6 g7f7,2153,76,93,467,crushing exposedKing middlegame sacrifice veryLong xRayAttack,https://lichess.org/WLOHixIG/black#90,
9mr5w,7k/1pR1Nrpp/p7/2n1P3/8/b5K1/P6r/5R2 b - - 1 27,h2f2 c7c8 f7f8 c8f8 f2f8 f1f8,1958,76,97,726,backRankMate long mate mateIn3 middlegame xRayAttack,https://lichess.org/DTxVq1uj/black#54,
9nNGq,1rr4k/p5bp/6p1/2BQ1p1P/4p3/5P2/PPP1q3/1K1R2R1 w - - 0 29,c5d4 e2c2 b1a1 c2b2 d4b2 g7b2 a1b1 b2d4,2186,77,93,7842,crushing discoveredAttack discoveredCheck master masterVsMaster middlegame queensideAttack sacrifice veryLong xRayAttack,https://lichess.org/sKlVB5VH#57,
9pmhn,8/p6p/4N1k1/1p1p1rP1/1PpP2K1/2PnR3/P7/8 w - - 1 39,e3f3 d3f2 f3f2 f5f2,2015,76,93,4671,crushing endgame master short xRayAttack,https://lichess.org/DF5u5MbC#77,
9tqx4,4rrk1/pp4p1/6p1/3pR3/5P2/2p1Q3/PPq2K2/R1B5 w - - 5 29,e3e2 c3b2 c1b2 f8f4 f2g3 c2e2 e5e2 e8e2,2189,87,91,1269,advancedPawn advantage deflection exposedKing fork middlegame veryLong xRayAttack,https://lichess.org/2R1yoMiJ#57,
9tsaO,3r2k1/5p1p/1p1Nn1p1/p1r1p3/2P3qP/1P2P3/PQ1R1PP1/3R2K1 w - - 3 32,d6f7 g4d1 d2d1 d8d1 g1h2 g8f7,1940,75,89,258,advantage long middlegame xRayAttack,https://lichess.org/NWovU5wN#63,
9u0Hh,r1b1k2r/ppp2p2/2pb4/6p1/4PBpq/2NP4/PPPQ1PPP/R4RK1 w kq - 0 12,f4g3 h4h2 g3h2 d6h2,1965,75,88,884,crushing kingsideAttack middlegame sacrifice short xRayAttack,https://lichess.org/CbnQXbDU#23,Russian_Game Russian_Game_Stafford_Gambit
9uOqI,3r1r1k/p5bp/1pR1B3/1P3p1Q/P2q3P/6P1/5RK1/8 w - - 2 36,f2f5 d4e4 h5f3 d8d2 g2h3 e4f3 f5f3 f8f3,2118,125,63,24,advantage clearance deflection middlegame veryLong xRayAttack,https://lichess.org/FKtPEhiE#71,
9uQm9,r4k1r/pp3pp1/4p1p1/3n4/B4Bn1/3Q2PP/PqP3P1/1R3R1K b - - 1 24,b2b1 d3a3 b1b4 f4d6 b4d6 a3d6,2083,83,91,1891,advantage fork long middlegame xRayAttack,https://lichess.org/vi1Tw1IA/black#48,
9v3EB,8/6pk/6p1/2P5/1P6/P4QPp/2qr4/5RK1 w - - 2 43,f1f2 h3h2 f2h2 d2h2,1964,78,93,715,advancedPawn crushing endgame short xRayAttack,https://lichess.org/vVFwq5vT#85,
9yNcr,4r3/2p1rppk/6b1/1PqB1RQp/2P5/8/7P/5R1K b - - 8 32,e7e1 g5h5 h7g8 d5f7 g6f7 h5f7,2199,76,94,1714,crushing fork long middlegame xRayAttack,https://lichess.org/jTxsxiuQ/black#64,
A33uJ,6r1/4kp2/3p1pr1/pPp1pR2/P1q1P2Q/4P3/5RPP/6K1 w - - 0 31,f5f6 c4c1 f2f1 g6g2 g1h1 g2g1 f1g1 c1g1,1979,78,95,14331,deflection endgame mate mateIn4 veryLong xRayAttack,https://lichess.org/xCDUTy4V#61,
A52UI,rn3rk1/pp2ppbp/6p1/5b1P/1q3B1Q/2NB1P2/PPP5/3RK2R b K - 6 15,e7e5 h5g6 f5g6 d3g6,2030,75,88,267,crushing master middlegame short xRayAttack,https://lichess.org/TFTAnedj/black#30,Pirc_Defense Pirc_Defense_Austrian_Attack
A5NUQ,3r3k/1p3Bpp/8/8/q7/6R1/3r2PP/R1Q4K w - - 0 35,h2h3 d2d1 h1h2 a4a1 c1a1 d1a1,1996,76,95,3851,advantage fork long middlegame xRayAttack,https://lichess.org/GFLF9KB4#69,
A7C6l,1k2r3/pnp2pb1/Bp1p3p/3P1qp1/QP2r1b1/2PN1NP1/P4PP1/2KRR3 b - - 2 24,g4f3 a4e8 e4e8 e1e8,1947,77,94,13640,crushing middlegame queensideAttack short xRayAttack,https://lichess.org/UT5xgGAX/black#48,
ABebx,4k2r/1Q1nbppp/2p1pn2/q1Pp4/3P1B2/2NbP3/3KNPPP/5B1R b k - 6 15,d3e2 f4c7 a5a6 b7a6 e2a6 f1a6,2062,76,92,3126,advantage long middlegame xRayAttack,https://lichess.org/i1P9akYy/black#30,Indian_Defense Indian_Defense_Other_variations
AC49v,3r4/kb4pp/4pp2/1P6/P2qnP2/3N4/6PP/3RQ2K b - - 4 34,d4d3 e1a5 a7b8 a5d8 d3d8 d1d8,1912,75,86,233,crushing endgame exposedKing long master xRayAttack,https://lichess.org/Hko4hVqa/black#68,
ADZqV,8/6k1/3q2p1/Q3b2p/2p1P2P/6P1/P3rRK1/8 b - - 1 36,d6d2 a5d2 e2d2 f2d2,2076,79,88,989,crushing endgame short xRayAttack,https://lichess.org/02ftAJ3F/black#72,
AEBrF,r4k2/1p1b2bQ/p3p3/3pP3/3q4/8/PP3PP1/3RR1K1 b - - 2 26,d4g4 d1d3 f8e7 d3g3 a8h8 h7g7 g4g7 g3g7,1971,75,90,373,advantage exposedKing fork middlegame veryLong xRayAttack,https://lichess.org/tjAAcLkC/black#52,
AEYDw,3rkb1r/2p2ppp/8/p1pQP3/bP2n2q/2P1BP2/P3K1PP/RN4NR w k - 3 14,d5e4 a4b5 c3c4 b5c4 e4c4 h4c4,2076,79,84,105,crushing long middlegame xRayAttack,https://lichess.org/gQdxwgPR#27,Danish_Gambit_Declined Danish_Gambit_Declined_Sorensen_Defense
AEvkv,6r1/pp5k/4p2p/3p4/6q1/P7/1Pr2PPQ/2R1R1K1 b - - 7 35,g4e2 h2c7 c2c7 c1c7 g8g7 c7g7 h7g7 e1e2,1958,91,86,54,crushing endgame sacrifice veryLong xRayAttack,https://lichess.org/KvuhAAc9/black#70,
AGyPR,2krr3/ppp3p1/3b4/5pPq/3B1P2/3RP1Qp/PPP4P/3R3K w - - 7 26,d4g7 d6f4 e3f4 h5d1 d3d1 d8d1,1921,76,86,81,crushing kingsideAttack long middlegame xRayAttack,https://lichess.org/htss9avX#51,
AIMjD,2r5/4p1k1/3pP1p1/1B1P1p1p/P2pqP2/R5KP/6P1/5Q2 w - - 3 44,f1d3 h5h4 g3f2 c8c2 d3c2 e4c2,2122,180,82,7,advantage endgame long master xRayAttack,https://lichess.org/Wq8aKxER#87,
AKgq8,r1b1rn2/pp3kpp/3Rpp2/1N6/2B5/6P1/PP3PP1/4R1K1 b - - 6 19,e8e7 d6d8 e7d7 b5d6 d7d6 d8d6,2192,82,91,2342,advantage long master middlegame xRayAttack,https://lichess.org/K7dvZaoE/black#38,Queens_Pawn_Game Queens_Pawn_Game_Zukertort_Variation
AKifx,8/p4pkp/1p4p1/7n/4P1N1/P4PPq/2r1Q2P/2rR2RK w - - 12 35,e2f1 h5g3 g1g3 h3f1 d1f1 c1f1,2081,76,93,10344,crushing deflection kingsideAttack long master middlegame pin xRayAttack,https://lichess.org/TaNlr9tg#69,
AMcaq,r5k1/p4p1p/bp2pP2/q1b5/8/6P1/PpP2P1P/1R1QR1K1 b - - 0 17,a6b7 d1g4 g8f8 g4g7 f8e8 g7g8 c5f8 e1e6 f7e6 g8e6 e8d8 b1d1 b7d5 d1d5 a5d5 e6d5,2068,77,89,463,crushing fork middlegame sacrifice veryLong xRayAttack,https://lichess.org/Hl7YJtI3/black#34,Queens_Pawn_Game Queens_Pawn_Game_Steinitz_Countergambit
ASN0k,r3k2r/1p1b1pp1/p3p3/2bpP3/P2n1P2/2NPBBqP/1P4P1/R2Q1R1K w kq - 3 18,c3e2 h8h3 g2h3 g3h3 h1g1 d4f3 f1f3 c5e3 f3e3 h3e3,2060,83,91,2409,crushing kingsideAttack middlegame sacrifice veryLong xRayAttack,https://lichess.org/i7zzBcKO#35,Sicilian_Defense Sicilian_Defense_Grand_Prix_Attack
ASYEE,1br1r1k1/2q2pp1/p6p/8/3Rb3/1BP1BNnP/PP2QP2/4R1K1 w - - 0 21,f2g3 c7g3 e2g2 e4f3 g2g3 b8g3 e3f2 e8e1 f2e1 g3e1,2035,76,84,154,advantage exposedKing kingsideAttack middlegame veryLong xRayAttack,https://lichess.org/bbFfmpLh#41,
ATg7Q,4r1k1/2pn1pp1/1Pp1q2p/p2rP3/8/BQ6/P1P2PPP/1R2R1K1 b - - 0 21,d5e5 b3e6 e5e6 e1e6 f7e6 b6c7,1918,78,88,1064,advancedPawn crushing long middlegame xRayAttack,https://lichess.org/JVEsD5rg/black#42,
AWXRC,rn1q1rk1/ppp1p1b1/8/3pNb1Q/3Pn3/3B1P2/PPP5/RN2K2R b KQ - 0 17,e4g3 h5h7 f5h7 d3h7 g8h8 e5g6,1937,75,89,245,exposedKing kingsideAttack long mate mateIn3 middlegame sacrifice xRayAttack,https://lichess.org/hpgSCUU6/black#34,Pirc_Defense Pirc_Defense_Roscher_Gambit
AWbEB,r4rk1/1pp1qpp1/p2p3p/4pNnR/2P1P3/2P1Q1P1/PP5K/5R2 b - - 2 21,e7e6 h5g5 h6g5 e3g5 e6f6 f5e7 f6e7 g5e7,2011,75,86,92,advantage kingsideAttack middlegame veryLong xRayAttack,https://lichess.org/EuiyMSIg/black#42,
AWbN1,5r1k/pQp3pp/8/8/3bR3/7P/PP4P1/3qR1K1 w - - 9 30,g1h1 f8f1 e1f1 d1f1 h1h2 d4g1 h2g3 f1f2,2013,80,91,228,crushing endgame veryLong xRayAttack,https://lichess.org/G2KLl8VR#59,
AYSHl,5r1k/Bp2q2p/3pB1p1/2pP4/4Q1P1/1Pb1n2P/P7/2R3K1 b - - 1 28,c3d4 e4d4 c5d4 a7d4,1991,75,88,557,advantage kingsideAttack middlegame sacrifice short xRayAttack,https://lichess.org/bRm9RXvH/black#56,
AZSNf,r6k/1p4pp/2p2r2/P2pQp1q/1P1B4/5PR1/5PK1/8 b - - 4 30,f6g6 e5g7 g6g7 g3g7 c6c5 b4c5,2182,72,93,9587,crushing endgame long sacrifice xRayAttack,https://lichess.org/v3CfXAPv/black#60,
AZdRv,8/p4qpk/1pp3np/4r3/1P3p1P/1P1QBR2/2PP2P1/7K b - - 1 33,f4e3 f3f7 e3e2 f7f1 e2f1q d3f1,2051,82,91,840,advantage endgame hangingPiece long pin quietMove xRayAttack,https://lichess.org/gBx9lERb/black#66,
AcDsG,8/2Q1kppp/4p3/2pp4/5P2/4P3/P5PP/qr3RK1 b - - 0 23,e7f6 c7e5 f6e7 e5a1 b1a1 f1a1,2091,76,93,5766,crushing endgame long xRayAttack,https://lichess.org/36pyiDXU/black#46,
AeCaq,8/5p1k/8/p1R3Qp/P3q2K/1P6/6pP/8 w - - 2 40,h4h5 e4g6 h5h4 g2g1q g5g1 g6g1,1909,78,93,1109,advancedPawn crushing endgame long promotion xRayAttack,https://lichess.org/sg38qj4g#79,
Ai4nr,r5k1/p2Rbrpp/1p2p3/2p2p1q/2P2n2/1P3PRP/PBQ1BP1K/8 b - - 11 26,e7h4 g3g7 f7g7 d7g7 g8f8 c2d2,1972,74,89,1265,crushing kingsideAttack long middlegame xRayAttack,https://lichess.org/EyHxhPql/black#52,
AiaB7,8/8/4b1p1/p5P1/6KP/P1pB4/7k/8 w - - 2 54,g4f4 e6f5 f4e3 c3c2 d3c2 f5c2,1910,75,95,11278,advancedPawn bishopEndgame crushing endgame long xRayAttack,https://lichess.org/APp6457R#107,
AjRGi,2kr1bnr/Bpp3p1/q4p1p/4pb2/1P2N3/P4PP1/2Q2PBP/R4RK1 b - - 2 16,f5e4 g2h3 f6f5 h3f5 e4f5 c2f5 d8d7 f5f8,2126,75,93,4750,advantage deflection middlegame veryLong xRayAttack,https://lichess.org/yRyOoDeB/black#32,Kings_Indian_Attack Kings_Indian_Attack_Keres_Variation
AlFtZ,4r2k/p3r1p1/1p2P2p/8/Q7/P1B3qP/1P4P1/4R2K b - - 4 30,e7e6 a4e8 e6e8 e1e8 h8h7 e8e7,1938,75,79,166,advantage endgame long xRayAttack,https://lichess.org/ZL3bCuWE/black#60,
AlHmG,3r2k1/1rp2pp1/1b5p/1q2P3/2Nn4/R2Q2BP/5PP1/R5K1 w - - 1 38,c4b6 d4e2 d3e2 b5e2,2001,75,91,1793,advantage middlegame short xRayAttack,https://lichess.org/lo5KqGWQ#75,
An598,2r5/pb1r1pkp/1p3np1/8/2n5/qP2P1NP/P1R1QPP1/B1R3K1 w - - 0 26,c2c4 a3c1 c4c1 c8c1 g1h2 c1a1,1925,75,94,2243,advantage fork long middlegame xRayAttack,https://lichess.org/GU2NGc24#51,
Aq8cT,5rk1/4b1pp/p2p1q2/1p3P1P/8/2N1Q3/PPP5/1K4R1 b - - 0 26,f6f5 e3e7 f5f1 e7e1 f1e1 g1e1,1957,75,87,397,advantage endgame hangingPiece long xRayAttack,https://lichess.org/whiCnDR4/black#52,
AtRq6,6k1/5p1p/6pP/2q1p3/5P2/7Q/2r5/3R3K b - - 4 41,f7f5 h3b3 g8f8 b3b8 c5c8 d1d8 c8d8 b8d8,2027,78,92,5498,crushing endgame fork veryLong xRayAttack,https://lichess.org/LhOPoqjE/black#82,
AxSVx,r6k/2p2pp1/3p1n2/4p3/r6q/P3PQ2/4KNP1/R2R4 b - - 5 33,a4a3 f3a8 a3a8 a1a8 h8h7 d1h1 h4h1 f2h1,2101,86,91,819,advantage middlegame pin veryLong xRayAttack,https://lichess.org/qQfzoz5l/black#66,
B2V01,3r2k1/pb2R1p1/1p4Np/2p5/2P2B1P/1P6/P4PPK/3r4 b - - 12 39,d1d7 f4c7 d7c7 e7c7,1916,81,92,2346,crushing endgame master masterVsMaster short xRayAttack,https://lichess.org/2WN5QAlM/black#78,
B3YVE,1k4r1/pp1n3b/2p4B/3nP3/2B2r1P/6NQ/PPP2qPK/R3R3 w - - 1 21,c4d5 g8g3 h3g3 f4h4 g3h4 f2h4,2037,76,94,8401,advantage fork long middlegame xRayAttack,https://lichess.org/zxozTbiw#41,
B4IBq,1nkr3r/Qpp1q1p1/p1b1p3/2N2pP1/8/3P4/PPP3B1/2KR2R1 b - - 1 23,e7d6 a7b7 c6b7 g2b7,2038,74,94,12336,mate mateIn2 middlegame queensideAttack sacrifice short xRayAttack,https://lichess.org/S6ByD9eN/black#46,
B70QH,2bq1r1k/3nR1p1/1p1pQ2p/p4B2/3P4/2P2NP1/PP3PP1/1K6 b - - 0 25,f8f5 e7e8 d7f8 e6c8 d8c8 e8c8,1988,80,92,600,advantage fork long middlegame xRayAttack,https://lichess.org/TRaJ6Nfj/black#50,
B9nyo,6k1/6pp/3P1p2/pP2r3/P1p5/2qbQ1P1/6BP/4R1K1 w - - 0 40,g2d5 g8f8 d6d7 c3e1 e3e1 e5e1,2126,79,80,74,crushing defensiveMove endgame long xRayAttack,https://lichess.org/c2GwxOim#79,
BBsvR,3r1rk1/p5p1/1p3q2/2p4p/2PnR1n1/1P1P2PB/PB5P/R2Q2K1 w - - 0 23,e4f4 d4f3 f4f3 f6f3 d1f3 f8f3,2034,76,89,127,advantage kingsideAttack long middlegame xRayAttack,https://lichess.org/InrrmNUr#45,
BDxVx,1r4k1/1Pr2ppp/1R6/8/bR2p3/4P2P/5PP1/6K1 b - - 1 38,a4c2 b6a6 g7g5 a6a8 c7b7 a8b8 b7b8 b4b8,1959,75,98,1632,advantage endgame master quietMove veryLong xRayAttack,https://lichess.org/GTuXzJGU/black#76,
BGEeu,3r1rk1/p5pp/8/8/2bQ3N/6N1/PPq2PPP/R1B2RK1 w - - 1 21,d4c3 c2f2 f1f2 d8d1 c3e1 d1e1 g3f1 e1f1 f2f1 f8f1,2011,78,94,16355,kingsideAttack mate mateIn5 middlegame operaMate sacrifice veryLong xRayAttack,https://lichess.org/UbnqwfpX#41,
BMnPo,1rbR1rk1/5pbp/p5p1/4p3/1q1BP3/1B3Q2/PP3PPP/5RK1 b - - 1 20,e5d4 f3f7 g8h8 f7g8 f8g8 d8g8,1949,77,91,459,kingsideAttack long mate mateIn3 middlegame pin sacrifice xRayAttack,https://lichess.org/HpESQk51/black#40,
BN5Ah,1R6/1p1rk1pp/8/3B1p2/2P2P2/5K2/2b4P/8 w - - 2 44,b8b7 c2e4 f3e3 d7b7 d5b7 e4b7,1953,77,92,419,crushing endgame intermezzo long xRayAttack,https://lichess.org/UeupLWaD#87,
BNrfK,r3r1k1/1R4p1/2p1p3/q1PpPpNp/1Qb2P1P/p5P1/6K1/1R6 w - - 5 36,b4a5 a8a5 b7b8 a5a8 b8a8 e8a8,1999,78,76,76,crushing long middlegame xRayAttack,https://lichess.org/k5pibuTh#71,
BPkto,2r1kr2/2qp3Q/8/p4p2/1p2b3/3N4/PPP4R/2K4R b - - 0 34,e4d3 h1e1 d3e4 e1e4 f5e4 h7e4 c7e5 e4e5,1948,78,77,118,crushing middlegame veryLong xRayAttack,https://lichess.org/Gpdgmjd0/black#68,
BQe4G,4rrk1/pp3b1p/2n3p1/8/5b1q/1PP2B2/PB1QR1PP/4RN1K w - - 1 22,d2d7 h4e1 e2e1 e8e1,1998,75,88,367,crushing master middlegame pin short xRayAttack,https://lichess.org/RuBYJcts#43,
BRVwG,1k4r1/8/p3p3/1p1nP1q1/1PpP2P1/2P2QK1/7R/5R2 w - - 4 45,h2h5 g5h5 f3f8 h5e8 f8e8 g8e8,1922,74,87,159,advantage endgame long master pin xRayAttack,https://lichess.org/8Rtulbmf#89,
BSUc1,4r1k1/p1p2p1p/5Np1/8/4r3/2P5/PPQ2P1q/K3R3 b - - 1 30,g8g7 f6e8 e4e8 e1e8 h2g1 c2b1,1959,77,93,2245,advantage endgame long xRayAttack,https://lichess.org/ODd4uEQ7/black#60,
BTIqI,r4k1r/pb3ppp/2B2n2/4pqB1/Q1Pb4/2N3P1/PP3P1P/R2R2K1 w - - 1 16,g5f6 f5f2 g1h1 f2f3 c6f3 b7f3,2048,85,93,161114,doubleBishopMate long mate mateIn3 middlegame sacrifice xRayAttack,https://lichess.org/dByM65lZ#31,Horwitz_Defense Horwitz_Defense_Other_variations
BVGRJ,2r5/R4rpk/2p4p/1p1pB2q/1PnP1P2/6Q1/6P1/R5K1 b - - 1 35,c8f8 g3g7 f7g7 a7g7 h7h8 g7g5 c4e5 g5h5,1998,82,92,512,advantage discoveredAttack discoveredCheck master middlegame sacrifice veryLong xRayAttack,https://lichess.org/ssYZob8H/black#70,
BZ5Rh,5Q2/6pk/2B4p/p7/8/P3q2n/1PP3PP/3r1RK1 w - - 9 41,g1h1 e3g1 f1g1 d1g1,1913,77,95,6101,endgame mate mateIn2 sacrifice short xRayAttack,https://lichess.org/kgpaBxU9#81,
Bb1Ib,3rr3/pb2bk1p/1p2pnpB/2q5/8/1BP2P2/PP2Q1PP/R3R2K b - - 3 20,b7d5 e2e6 d5e6 b3e6,1900,83,90,1970,mate mateIn2 middlegame sacrifice short xRayAttack,https://lichess.org/pCyFybEb/black#40,
Bc8ht,7k/p5pp/2Q5/4r1q1/1P6/P5Pb/2Pr1P1P/R3R1K1 b - - 0 30,g5f6 c6e8 e5e8 e1e8 f6f8 e8f8,1924,79,93,2103,backRankMate long mate mateIn3 middlegame sacrifice xRayAttack,https://lichess.org/in6MWIlZ/black#60,
BdAr1,2r3k1/2r2pp1/Q3p2p/1N1p2q1/P1n5/4P3/5PPP/2R2RK1 b - - 1 26,c4e3 a6c8 c7c8 c1c8 g8h7 f2e3,1924,77,92,878,advantage long middlegame xRayAttack,https://lichess.org/0SYJTKwT/black#52,
Bg4b3,3r4/5pk1/6p1/7p/8/1p2Q1P1/5PP1/q1R3K1 b - - 2 40,b3b2 e3c3 f7f6 c1a1 b2a1q c3a1,2003,75,94,6926,crushing endgame long master masterVsMaster xRayAttack,https://lichess.org/gsuOcYqg/black#80,
Biq9B,1k6/p5Q1/1q2p3/4N3/3p1P1p/3P2rb/2r3PK/4R1R1 b - - 1 40,c2g2 g1g2 g3g2 g7g2 h3g2 e5d7 b8c7 d7b6,2011,76,94,1823,advantage fork middlegame sacrifice veryLong xRayAttack,https://lichess.org/OAjomHHk/black#80,
BkBnj,r3r1k1/p4p1p/2n1pBp1/q1p1P3/1n1p1PP1/1PN1P2Q/1KP4P/3R3R w - - 0 24,h3h6 d4c3 b2c3 b4d5 c3b2 a5c3 b2b1 d5f6 e5f6 c3f6,1948,75,95,2710,advantage attraction discoveredCheck doubleCheck middlegame veryLong xRayAttack,https://lichess.org/vaxR5jRB#47,
BkDuP,1B3rk1/1b3ppp/8/p1b3q1/2N2n2/8/PP2B1PP/R2Q1R1K w - - 1 22,e2f3 g5g2 f3g2 b7g2,2003,77,79,217,kingsideAttack master mate mateIn2 middlegame sacrifice short xRayAttack,https://lichess.org/MFMfLbh1#43,
BmW0D,2k2r2/pp4pp/8/2bpP3/3N4/2PqP1nP/PP1B1RP1/2Q1K3 w - - 9 25,b2b4 d3f1 f2f1 f8f1,2138,78,96,3823,mate mateIn2 middlegame sacrifice short xRayAttack,https://lichess.org/enZ4U5Z8#49,
BmdOR,8/pp3pk1/2nr1n1b/4R1Np/q1PB1p2/2Q5/P5PP/R5K1 w - - 1 26,e5d5 c6d4 d5d4 d6d4 c3d4 h6g5,2012,76,85,223,advantage long middlegame xRayAttack,https://lichess.org/0NJwruYP#51,
BnGYs,r1q3k1/p1p3p1/2pb3p/3p4/3B4/2P2P1b/PP1Q1P2/R3R1K1 w - - 0 19,d4e5 c8f5 d2f4 f5f4 e5f4 d6f4,2087,78,92,352,advantage long middlegame xRayAttack,https://lichess.org/kSFIP523#37,
BnJcn,8/3b4/5k2/4rp2/p4Kp1/2PB2P1/2N1p3/R7 w - - 0 40,a1e1 d7b5 e1e2 e5e2 d3e2 b5e2,1937,80,68,71,advantage endgame long xRayAttack,https://lichess.org/6kDmso9p#79,
Bo2Si,rn1qkbnr/pp2p3/4Ppp1/2pp3p/3NbP2/3B2Q1/PPPP2PP/RNB1K2R b KQkq - 1 10,c5d4 g3g6 e4g6 d3g6,2035,76,88,234,mate mateIn2 opening sacrifice short xRayAttack,https://lichess.org/fZ1kFUNj/black#20,Caro-Kann_Defense Caro-Kann_Defense_Other_variations
BpDaJ,r4k1r/2p1bp2/p1Pp2n1/3Pp3/P3P2R/1N1B1Pn1/2Q1K3/7R w - - 0 26,e2f2 g3h1 h4h1 h8h1,1956,75,81,133,crushing middlegame short xRayAttack,https://lichess.org/h1jqsajH#51,
Bpf2S,4r3/p1k1r1p1/1pb4p/2p5/P2pN2P/1P1K1PP1/2P1R3/4R3 b - - 0 26,c6d5 e4f6 e7e2 f6e8 e2e8 e1e8,2101,80,75,81,crushing endgame long xRayAttack,https://lichess.org/CtQoHwqB/black#52,
Bs2ik,4r2k/1p2p2p/p4p2/8/4RQ2/2P5/Pq1r1PPP/4R1K1 b - - 3 30,b2c3 e4e7 d2e2 e7e8 e2e8 e1e8,2151,77,90,427,crushing endgame long xRayAttack,https://lichess.org/GRart0a8/black#60,
ByL63,6k1/5b1p/p5pP/Pp1qrN2/2p5/6P1/5P1K/3RR3 b - - 0 40,d5f3 d1d8 f7e8 d8e8 e5e8 e1e8 g8f7 f5d6 f7f6 e8f8 f6g5 f8f3,2012,76,94,5520,crushing endgame skewer veryLong xRayAttack,https://lichess.org/1voRvWWE/black#80,
ByvoU,1r3rk1/1q2ppbp/p2p1np1/8/3BP1PP/N4P2/PPPQ4/2KR3R w - - 1 17,h4h5 f6e4 f3e4 b7b2 d4b2 g7b2,2043,76,93,786,advantage long middlegame queensideAttack sacrifice xRayAttack,https://lichess.org/5mIivM4k#33,Sicilian_Defense Sicilian_Defense_Dragon_Variation
C2QXB,6k1/q4pp1/4p2p/1R6/2Q5/6PP/1P1r1P2/6K1 w - - 1 34,b5c5 a7a1 c4c1 d2d1 c1d1 a1d1,2078,76,88,86,crushing endgame fork long xRayAttack,https://lichess.org/M1TwQEla#67,
C2tDW,2rr2k1/np2bppp/p3pn2/3pN3/1P1P1B2/q1NQP2P/2R2PP1/2R3K1 w - - 0 19,c3d5 a3c1 c2c1 c8c1,1992,76,89,458,advantage master middlegame short xRayAttack,https://lichess.org/KxS8ovI0#37,
C5Nlc,6k1/ppR3pp/7r/4q3/2Q1P3/P7/2P4P/7K b - - 1 31,h6e6 c7e7 e5e4 c4e4 e6e4 e7e4,1942,74,95,6821,crushing endgame long pin xRayAttack,https://lichess.org/n15I6m0o/black#62,
CAtoz,2k4r/p1pqp1b1/2pp2p1/5P2/6B1/2N2PK1/PPP1N2r/R1BQ1R2 w - - 0 18,f5g6 g7e5 f3f4 h8h3 g4h3 d7h3,2152,76,94,1639,long mate mateIn3 middlegame sacrifice xRayAttack,https://lichess.org/z8OvqjoH#35,Pirc_Defense Pirc_Defense_Other_variations
CBaXr,8/8/1P2R3/3p1kN1/5Pp1/6rp/r7/1R3K2 w - - 0 48,e6e2 h3h2 e2h2 a2h2,2110,74,94,8018,advancedPawn crushing endgame short xRayAttack,https://lichess.org/9UJYyx15#95,
CFHv5,7k/2p3b1/7p/2QPq1p1/8/PB1P4/KPR5/2r5 w - - 5 39,c5c7 e5c7 c2c7 c1c7,1964,75,94,1814,advantage endgame short xRayAttack,https://lichess.org/GOxOHZkH#77,
CIb9n,2r2knQ/5p2/2p1p1p1/p1RpP1p1/8/7P/1q3PP1/2R4K w - - 0 25,c5c6 b2c1 c6c1 c8c1,1912,88,89,57,crushing endgame short xRayAttack,https://lichess.org/5nJvEIdy#49,
CJ6Qt,2Rr3k/pQ4bp/1p1qB1p1/5p2/b7/6PP/P4P1K/8 b - - 0 32,g7f6 b7f7 d6f8 f7f8 d8f8 c8f8,2158,76,94,625,crushing long middlegame xRayAttack,https://lichess.org/fliZfmyi/black#64,
CK5wg,3kr3/2p2p1p/1p2r3/1Q3p2/1P1P3P/2PRP1q1/1K6/4R3 b - - 3 31,e6e3 b5e8 e3e8 e1e8 d8e8 d3g3,2078,78,95,11852,crushing endgame long xRayAttack,https://lichess.org/m0OFHEW7/black#62,
CPyAN,8/2Rrk3/3n1PB1/p6p/8/1p4KP/5P2/8 b - - 0 48,e7d8 f6f7 d7f7 c7f7,2058,74,93,4542,advancedPawn advantage endgame short xRayAttack,https://lichess.org/kIjI1MaS/black#96,
CQd22,r3r1k1/6p1/Q2p1n1p/3Pq3/1PP2p2/4pP2/R5PP/R4BK1 w - - 3 32,a6c6 e5a1 a2a1 a8a1,1930,76,84,374,crushing master middlegame short xRayAttack,https://lichess.org/6QQKufvm#63,
CVc6P,4r1k1/6bp/b1pBr3/p1P1Np2/Pq1p4/1P1P3P/2Q1RPP1/4R1K1 w - - 1 28,e5c6 b4e1 e2e1 e6e1 g1h2 e8e2 c2c4 a6c4,2063,80,89,510,advantage kingsideAttack middlegame trappedPiece veryLong xRayAttack,https://lichess.org/UhXliJHd#55,
CWpnD,3r3k/3P1r1p/3R4/5p1p/1p2pP1P/pP1bR2B/P4P2/6K1 w - - 2 32,d6d3 e4d3 e3e8 f7f8 e8f8 d8f8,1966,75,95,1964,crushing endgame long master xRayAttack,https://lichess.org/MWNevr1k#63,
CXmvC,1k2r3/pp4pp/2pbrp2/3q3b/2BP4/P4N1P/1PQ2PP1/3RR1K1 b - - 2 23,h5f3 e1e6 d5e6 c4e6,1978,76,92,2812,advantage middlegame short xRayAttack,https://lichess.org/wFGTzWdL/black#46,
CXwwY,r2r2k1/p1q2ppp/1p2pn2/8/3Nb3/2P4P/PPQ1BPP1/3R1RK1 w - - 0 18,e2d3 d8d4 c3d4 c7c2 d3c2 e4c2,1903,78,91,1933,advantage long middlegame xRayAttack,https://lichess.org/tHeJEq4x#35,Scandinavian_Defense Scandinavian_Defense_Mieses-Kotroc_Variation
CYKQH,1rbR2k1/2q2r1p/4p1nP/1p2b3/4P3/PP2PQ2/1P4P1/5RK1 b - - 1 29,g6f8 f3g4 g8h8 d8f8 f7f8 f1f8,1901,78,95,2336,deflection kingsideAttack long mate mateIn3 middlegame xRayAttack,https://lichess.org/1Yh9nveM/black#58,
CiQ6p,3r2k1/5pp1/4pn1p/2N5/3P1Q2/6R1/2q2PPP/1rR3K1 w - - 7 39,g3c3 c2d1 c1d1 b1d1,2066,76,94,2335,backRankMate mate mateIn2 middlegame sacrifice short xRayAttack,https://lichess.org/EqYLz7KM#77,
Ciis7,2r5/2r2pk1/3qpnp1/pB1pN2p/Pn1P4/1QR1PPP1/5KP1/2R5 w - - 0 27,f2e2 b4a2 c3c7 a2c1 c7c1 c8c1,2049,71,94,12383,advantage fork long middlegame xRayAttack,https://lichess.org/OOBhGbgS#53,
CjNVA,6k1/1p1R2b1/1q4p1/4r3/Q7/pPr5/P1P2PP1/2K4R b - - 2 32,b6c6 a4a8 c6c8 d7d8 c8d8 a8d8,2001,81,91,930,crushing exposedKing fork long middlegame xRayAttack,https://lichess.org/Jsa6vXcU/black#64,
ClyuY,2r3k1/p1rnqpp1/Q3p1b1/R1PpPnPp/5B1P/5N2/5PB1/2R3K1 b - - 0 27,c7c5 a6c8 c5c8 c1c8 g8h7 a5a7 d7b6 a7e7,2149,75,87,125,advantage middlegame veryLong xRayAttack,https://lichess.org/mNSEub95/black#54,
Cn6y5,2r3k1/6p1/3p2p1/P2Pp2Q/1P2Pq2/2B2P2/8/6RK w - - 0 44,h5g6 f4h4 h1g2 c8c3 g6g3 c3c2 g2f1 h4h6 g3g5 c2c1 g5c1 h6c1,2136,139,87,27,advantage endgame exposedKing quietMove veryLong xRayAttack,https://lichess.org/k7lvnYjr#87,
CnWHM,r2q3r/p2kbQ2/2n1p3/3pP3/P1pP3p/1p2B1P1/1P3PB1/R4RK1 b - - 0 19,h4h3 g2d5 e6d5 f7d5 d7c7 d5c4,2061,77,88,371,advantage long middlegame xRayAttack,https://lichess.org/qPsnWjIR/black#38,
CovGD,4r3/3n2kp/2p4p/1p2r3/p3N3/P4P1P/2P1R1P1/4R1K1 b - - 6 29,d7c5 e4d6 e5e2 d6e8 e2e8 e1e8,1956,76,95,6156,crushing endgame long xRayAttack,https://lichess.org/9Ras3RcH/black#58,
Cp695,5r2/6pk/Q2p3p/3P1b2/4pP2/6B1/PqB3KP/4R3 w - - 4 32,a6c4 f8c8 e1b1 b2c2 c4c2 c8c2,2135,77,98,423,advantage fork long middlegame xRayAttack,https://lichess.org/yY236TJd#63,
Cq6Us,R2r3k/2r1q2p/1p4bQ/1B2p3/3p3p/5P2/6P1/R6K b - - 1 37,d8c8 a1a7 e7f8 h6f8 c8f8 a8f8,2115,78,90,135,advantage long master middlegame xRayAttack,https://lichess.org/LWA1olVY/black#74,
Cv6ff,4k3/4rr2/7Q/2N1p3/1q1P1n2/5N2/5PPP/4R1K1 w - - 5 39,e1e5 b4b1 f3e1 b1e1 e5e1 e7e1,1910,75,90,1324,long mate mateIn3 middlegame xRayAttack,https://lichess.org/SLjECgtr#77,
CvCfh,4r1k1/6p1/7p/p4p2/1nPPr3/4p1P1/1P2R1KP/3NR3 w - - 1 36,e2e3 b4c2 e3e4 c2e1 e4e1 e8e1,1987,80,86,78,advantage endgame fork long xRayAttack,https://lichess.org/498Fc9qI#71,
CyJwE,4k1nr/1Q1b1ppp/p3p3/P2pP3/3P4/5N2/1Pr1qPPP/2R2RK1 b k - 1 18,d7c8 b7c8 c2c8 c1c8,2065,77,87,292,advantage middlegame short xRayAttack,https://lichess.org/trAnByf7/black#36,French_Defense French_Defense_Advance_Variation
CzIOy,4r3/1p4qk/p2p1p1p/P2PrPpQ/2p1P3/2P4P/6P1/1R2R1K1 b - - 3 33,e5e4 h5e8 e4e8 e1e8,2060,76,91,910,crushing endgame short xRayAttack,https://lichess.org/OgZMqsPz/black#66,
CznUt,5rk1/1p2Rq1p/p2p2p1/2pP4/P1Pb1r1Q/7P/1P4P1/5R1K w - - 0 27,e7f7 f4f1 f7f1 f8f1 h1h2 d4g1 h2g3 g1f2,2082,80,87,43,crushing endgame kingsideAttack veryLong xRayAttack,https://lichess.org/hFmD0MtL#53,
D3BFB,r2qkb1r/2p2pp1/pNnpb3/1p2p3/8/PB1P1Q2/1PP3PP/R1B2RK1 b kq - 2 15,c6d4 f3f7 e6f7 b3f7 e8e7 c1g5,2076,77,57,60,attackingF2F7 long mate mateIn3 opening sacrifice xRayAttack,https://lichess.org/KG2cxQjc/black#30,Four_Knights_Game Four_Knights_Game_Italian_Variation
D5Qgm,4r2k/1pp3p1/2np4/p1b3N1/2P1bP1q/PP5P/1B1Q1PP1/R4K1R w - - 5 24,a1e1 e4d3 f1g1 c5f2 d2f2 e8e1 f2e1 h4e1,2139,76,95,1992,crushing fork master middlegame veryLong xRayAttack,https://lichess.org/2qHAfdf3#47,
DBkU1,8/4r1kp/2R3p1/1p1K4/2n3P1/2P5/4p3/4R3 w - - 0 43,c6e6 c4e3 e6e3 e7e3,2005,76,86,193,advantage endgame master short xRayAttack,https://lichess.org/bkCvVsU6#85,
DDDRJ,3qr1k1/1p3pp1/5n1p/P1R5/2Q5/7P/4NPP1/5K2 w - - 1 31,e2c3 f6e4 c5d5 e4d2 d5d2 d8d2,2108,86,89,2524,advantage endgame fork long xRayAttack,https://lichess.org/NLxGS9Ai#61,
DDmMl,rnb1kbnr/pppqpppp/8/8/2p3P1/8/PPQPPPBP/RNB1K1NR b KQkq - 3 4,d7g4 g2h3 c8f5 c2f5 g4f5 h3f5,2025,78,86,1652,advantage long opening xRayAttack,https://lichess.org/4jDV9yNu/black#8,Grob_Opening Grob_Opening_Other_variations
DGQ7z,8/6p1/6k1/r3p3/P3R3/5PKP/2r3P1/R7 w - - 4 37,g3g4 c2g2 g4h4 g6h6 e4g4 g7g5 g4g5 g2g5,2072,78,92,6200,crushing endgame rookEndgame veryLong xRayAttack,https://lichess.org/xJVIwg7Y#73,
DGieJ,8/6pk/3QR2p/1P1p1p2/3PpP2/4q1KP/8/8 w - - 0 35,g3h4 g7g5 f4g5 e3g5,1939,77,96,896,endgame mate mateIn2 short xRayAttack,https://lichess.org/R0VWbRdm#69,
DHYVc,4nr1k/3q1r1p/pp1p1P1Q/2pPp1NP/P1P5/3B4/1P5K/5R2 b - - 0 33,f7f6 h6f8 f6f8 f1f8,2093,76,88,191,advantage kingsideAttack middlegame short xRayAttack,https://lichess.org/2wYX5cCV/black#66,
DIm9W,3r2k1/1p2rppp/8/5nP1/P1R1p2P/4R3/4P3/4K1N1 w - - 1 29,c4e4 d8d1 e1d1 f5e3 e4e3 e7e3,2021,105,100,29,advantage attraction endgame long xRayAttack,https://lichess.org/AIJRa70d#57,
DJEzp,r6k/pp1b2pB/8/3Pp3/7p/P3q3/1PQ2RPP/6K1 w - - 1 25,h7g6 a8c8 c2d2 c8c1 d2c1 e3c1,2024,76,89,152,crushing endgame long xRayAttack,https://lichess.org/RMMdYtN5#49,
DNieY,3Q4/pb4pk/4p2p/1p6/4q3/P5P1/1PrR2PP/5RK1 w - - 0 35,h2h3 e4g2 d2g2 c2g2,1939,75,87,432,crushing endgame sacrifice short xRayAttack,https://lichess.org/GgsRF8rT#69,
DOsom,6r1/8/1RP1pk2/5p2/2K2P1p/8/1P6/8 w - - 0 46,c4c5 h4h3 b6b3 g8h8 c6c7 h3h2 b3h3 h2h1q h3h1 h8h1,2151,87,90,697,advancedPawn crushing endgame promotion quietMove rookEndgame veryLong xRayAttack,https://lichess.org/Msbtg0bD#91,
DPFFi,3r1rk1/pp5p/6pQ/2p2b2/2n5/2PB1N2/P1P2PP1/1q1KR2R w - - 2 23,d1e2 f5d3 c2d3 b1d3,2016,79,77,201,mate mateIn2 middlegame short xRayAttack,https://lichess.org/EptgdNZm#45,
DQfnx,3r2k1/p2r2bp/1q2b1p1/1Pp2p2/2P5/1Q1NB2P/P5P1/1R3RK1 w - - 5 28,e3c5 g7d4 c5d4 b6d4 d3f2 e6c4 b3c2 c4f1,2008,76,94,6864,crushing fork middlegame veryLong xRayAttack,https://lichess.org/HcybRisE#55,
DUMZl,4rr1k/7p/p3p2p/6P1/2R1RPQ1/2n5/P1P2qB1/7K w - - 1 32,e4e6 c3e2 g4e2 f2e2 e6e2 e8e2,2194,89,91,2216,advantage long master middlegame xRayAttack,https://lichess.org/elBTD2He#63,
DWiXj,2b5/2p2r1k/4N1pp/1pPP1p2/1P2p3/6N1/1qBQ2PP/rR4K1 w - - 6 30,d2c1 b2c1 b1c1 a1c1,1987,75,90,2014,crushing middlegame short xRayAttack,https://lichess.org/kDry0943#59,
DYn5Q,2r3k1/6pp/1p3p2/p1r1n3/PqPR1R2/4P2P/Q5PK/5N2 b - - 7 32,c5c4 f1d2 b4a4 a2a4 c4a4 d4a4,2065,76,78,220,advantage long middlegame xRayAttack,https://lichess.org/PENzLlI1/black#64,
DbKxI,5kr1/p7/1p3q1r/1b1pN1N1/3P4/2P1P1Q1/PP5P/6RK w - - 7 31,h2h4 g8g5 g3g5 h6h4 g5h4 f6h4,2005,77,94,2387,advantage exposedKing long master middlegame pin xRayAttack,https://lichess.org/6SSdrMkE#61,
Dbm8s,4Q3/pp3pk1/4pp1b/3p3B/1P3P1N/4q1P1/6KP/2r5 b - - 3 38,e3d2 g2h3 c1c7 h4g6 f7g6 e8g6,1954,75,93,679,advantage defensiveMove endgame long quietMove sacrifice xRayAttack,https://lichess.org/xMk468s8/black#76,
DcgC9,6k1/1p3p2/pq1R3p/6p1/P7/2Q3PP/4r1K1/3R4 w - - 1 32,g2f3 b6f2 f3g4 e2e4 g4h5 e4h4 g3h4 f2h4,2046,75,95,1906,endgame mate mateIn4 sacrifice veryLong xRayAttack,https://lichess.org/EyXnFyNU#63,
DfpQW,r4r2/4b1kp/2p1q1p1/2Pp4/3P1NR1/p7/2Q5/K5R1 b - - 1 28,e6f5 g4g6 h7g6 g1g6 f5g6 c2g6,2094,85,80,53,crushing long middlegame sacrifice xRayAttack,https://lichess.org/s8ggjZfD/black#56,
DhdP7,r5k1/pp1b3p/2n1p1pP/2pp2q1/6n1/N1PP2BQ/PP2B3/5R1K b - - 9 26,g4h6 g3f4 e6e5 h3h6 g5h6 f4h6,2182,85,86,1008,advantage intermezzo long middlegame xRayAttack,https://lichess.org/VxypZ8Vy/black#52,
DiprE,7r/ppk1r1pp/2p5/5b2/4N3/4R3/PP4PP/4R1K1 b - - 4 21,h8e8 e4f6 e7e3 f6e8 e3e8 e1e8,2097,75,94,6365,crushing endgame long xRayAttack,https://lichess.org/SfMslc86/black#42,
DlMGZ,4r1k1/1b2Pp1n/pp3bpp/2p5/P1B5/3Q1NqP/1P4P1/4RRK1 w - - 0 31,d3d8 e8d8 e7d8r f6d8,1966,75,85,105,advantage master middlegame short xRayAttack,https://lichess.org/L5KIuiBw#61,
DnIog,r1b2rk1/1pqnb3/p4N1Q/2p1Pp2/8/6P1/PPP3BP/R1B3K1 b - - 6 21,d7f6 e5f6 f8f6 g2d5 c8e6 d5e6 f6e6 h6e6,1917,77,93,5374,crushing exposedKing kingsideAttack middlegame veryLong xRayAttack,https://lichess.org/Smqf54Z1/black#42,
DpAEO,2r2rk1/p4ppp/8/2p5/1PRpPq2/3Q3P/P4PP1/2R3K1 w - - 1 22,c4c5 f4c1 c5c1 c8c1 g1h2 f8d8,1921,79,92,3100,crushing defensiveMove endgame long xRayAttack,https://lichess.org/70paNjvJ#43,
DpO4g,4rrk1/2R2pp1/p2B3p/1bPp4/3q1P2/P7/2Q2PPP/5RK1 w - - 3 30,f1d1 b5a4 h2h4 d4d1 c2d1 a4d1,2186,76,96,457,advantage long master middlegame xRayAttack,https://lichess.org/EQ3qwf8w#59,
Dq2MD,1r1q1rk1/1R3p1p/1p1p2p1/2p5/2Pb4/3B1P2/P1Q2PPP/1R4K1 w - - 2 18,b1b6 d8b6 b7b6 b8b6,1991,76,91,735,advantage middlegame short xRayAttack,https://lichess.org/xM6WRpEo#35,Benoni_Defense Benoni_Defense_Old_Benoni
Dqs9x,1rr3k1/6b1/3p2Bp/8/4p1P1/1pP1B1NP/1P2Q3/q1KR3R w - - 4 30,c1d2 g7c3 b2c3 a1c3,2011,75,96,5877,mate mateIn2 middlegame short xRayAttack,https://lichess.org/vlZ3aGvL#59,
DtMnN,r2r2k1/p1q2ppp/2b1p3/1p4P1/4PP1P/P1NRQ3/1PP5/1K1R4 w - - 1 23,e3a7 c7a7 d3d8 c6e8,2013,88,91,127175,advantage defensiveMove middlegame short xRayAttack,https://lichess.org/EaaSbCsn#45,
E1L8W,6k1/pp1q1r1p/3p2p1/5rn1/3B1PQ1/PP6/7P/1RR3K1 b - - 0 33,f5f4 c1c8 d7c8 g4c8 f7f8 c8c4,1911,75,87,306,advantage long middlegame xRayAttack,https://lichess.org/37xYZEhR/black#66,
E8IW7,r5k1/5ppp/3P4/2p5/1p6/3Q3P/1q3PP1/4R1K1 b - - 0 33,b2d4 d6d7 d4d7 d3d7,2186,81,93,12426,advancedPawn crushing endgame short xRayAttack,https://lichess.org/ShpDgqBh/black#66,
EC2QP,r2qkb1r/pp3ppp/2n1pn2/1B1p4/Q1P2B2/4PN2/PP4PP/R3K2R b KQkq - 0 10,f8d6 b5c6 b7c6 a4c6 e8e7 c6b7 d8c7 b7c7 d6c7 f4c7,2192,78,82,187,crushing master middlegame veryLong xRayAttack,https://lichess.org/uNup6e29/black#20,Queens_Pawn_Game Queens_Pawn_Game_London_System
EH0v0,r3r1k1/p4ppp/3Qbp2/1p6/8/4B2P/1qPKBPP1/3R3R w - - 0 19,e2d3 a8d8 e3d4 b2d4 d6d4 d8d4,2102,78,91,585,advantage long middlegame pin xRayAttack,https://lichess.org/PGWL8nJB#37,
EIzS9,r4rk1/2p3pp/p1Qb1p2/1p2q3/1P2P3/4B2P/2PR1PP1/R5K1 w - - 0 21,a1a6 e5a1 a6a1 a8a1 d2d1 a1d1,1929,79,93,7055,long master masterVsMaster mate mateIn3 middlegame pillsburysMate sacrifice xRayAttack,https://lichess.org/M1BICJio#41,
EK1Nz,6R1/8/4p2p/1p2r2k/5Pp1/6P1/6K1/8 b - f3 0 49,g4f3 g2h3 e5g5 g3g4 g5g4 g8g4 f3f2 g4f4,1925,75,93,2810,crushing defensiveMove endgame rookEndgame veryLong xRayAttack,https://lichess.org/xBHlSNaz/black#98,
EK6Qp,2kr3r/ppp2p1p/2np4/1N1P1Pq1/2B3n1/2P2QB1/PP3pPP/R6K b - - 0 18,h8e8 d5c6 e8e1 a1e1 f2e1r g3e1,1943,75,73,140,advantage long middlegame xRayAttack,https://lichess.org/Tkqo049X/black#36,Kings_Gambit_Accepted Kings_Gambit_Accepted_Kings_Knights_Gambit
EKhSK,3r1k2/3r2pp/1Q1Nq3/1B2p3/P7/1P4Pb/2P2P1P/3R2K1 b - - 10 34,d7d6 b6d8 d6d8 d1d8 f8e7 d8e8 e7f7 e8e6,1955,76,91,1179,crushing middlegame skewer veryLong xRayAttack,https://lichess.org/DWewLuAA/black#68,
EKo4j,3r3k/1bp1n1p1/4P1rp/p2B1p2/PpP2Pq1/3Q4/1P1B1RPP/4R1K1 w - - 1 31,d3f3 g4f3 d5f3 b7f3,1910,79,81,70,advantage middlegame pin short xRayAttack,https://lichess.org/yENO1CZ8#61,
ER1DS,b2r3k/5Qbp/1p6/p5R1/q2p1P1N/P2P4/1P5K/8 b - - 1 52,d8g8 h4g6 h7g6 g5h5 g6h5 f7h5 g7h6 h5h6,1904,76,97,634,mate mateIn4 middlegame sacrifice veryLong xRayAttack,https://lichess.org/7bGtnYjJ/black#104,
EUPOu,2rqr1k1/4bN1p/p3pnpB/1p1b4/3P4/P1P4Q/B4PPP/2R1R1K1 b - - 0 21,g8f7 h3e6 d5e6 a2e6,2038,74,94,2945,mate mateIn2 middlegame sacrifice short xRayAttack,https://lichess.org/zHrrUD1i/black#42,
EV5Hm,1k2r3/pp4p1/2p1ppb1/7p/3r3P/2N2Q2/PPP2KBq/2R1R3 w - - 0 25,f3g3 d4f4 g3f4 h2f4,2087,77,92,2847,crushing middlegame short xRayAttack,https://lichess.org/mu4kYPaE#49,
EYU4J,6k1/5pp1/1P6/8/P3r3/7p/R7/K7 b - - 2 45,e4b4 a4a5 g8h7 a5a6 b4b6 a6a7 b6e6 a7a8q e6e1 a1b2 h3h2 a2a1 h2h1r a8h1 e1h1 a1h1,2188,78,82,312,advancedPawn clearance crushing endgame master promotion quietMove rookEndgame veryLong xRayAttack,https://lichess.org/yMlli005/black#90,
Ebzu9,1r4k1/2r2pnp/4p1p1/1B1p1nq1/pP1P2N1/P1P5/2R1QPPP/2R3K1 w - - 1 29,g4e5 f5d4 c3d4 g5c1 c2c1 c7c1,2120,74,95,12079,crushing long middlegame xRayAttack,https://lichess.org/UDI0fshO#57,
Ed4gl,5rk1/6pp/p7/1p1RqN2/4n2Q/1P6/P1r4P/5R1K b - - 0 31,f8f5 h4d8 g8f7 f1f5 e5f5 d5f5,2075,76,89,482,crushing fork intermezzo long middlegame xRayAttack,https://lichess.org/fn3i5yq2/black#62,
EeYWP,3r2k1/pp1r4/2p3pp/2P1bp2/1P1N4/4PP1P/P2R4/3R2K1 b - - 0 28,g8f7 d4c6 d7d2 c6d8 d2d8 d1d8,1925,75,94,1267,advantage endgame long xRayAttack,https://lichess.org/iQ9K25mu/black#56,
EnRZu,r3k1r1/p1qpnp1Q/1p2pBB1/4P3/8/1P3b2/P1P2P1P/R3K1R1 b Qq - 0 18,g8g6 h7h8 e7g8 h8g8 g6g8 g1g8,2003,75,94,3094,long mate mateIn3 middlegame pillsburysMate xRayAttack,https://lichess.org/5IFRJ6mC/black#36,Owen_Defense Owen_Defense_Other_variations
Ep8df,2r3k1/5p1p/pR1q2p1/3b4/P2Q4/2r4P/3N1PP1/5RK1 b - - 0 30,c8c6 d2e4 d5e4 d4d6 c6d6 b6d6,2055,74,94,7418,advantage fork long middlegame xRayAttack,https://lichess.org/bs3yPHlw/black#60,
EpgI3,5b2/6k1/4bp1p/p2p1pp1/Pq1P4/1Q2P1P1/4NPBP/6K1 w - - 1 28,g2d5 b4b3 d5b3 e6b3,2089,80,89,614,crushing endgame master short xRayAttack,https://lichess.org/ffkU2YE6#55,
Eq9it,r1bq1rk1/3n1ppp/2p1pn2/p1bpN3/5B2/3BP3/PPQN1PPP/R3K2R b KQ - 1 13,c5d6 e5c6 d8c7 c6e7 g8h8 c2c7 d6c7 f4c7,1994,74,94,2656,crushing discoveredAttack middlegame veryLong xRayAttack,https://lichess.org/yz3i5rP1/black#26,Queens_Pawn_Game Queens_Pawn_Game_Other_variations
Et7xw,5rk1/pp3p2/2p4r/6qR/2PpP3/1P1Bb3/P3Q1P1/5R1K w - - 14 39,f1f5 g5h4 h5h4 h6h4,1924,81,85,91,kingsideAttack mate mateIn2 middlegame sacrifice short xRayAttack,https://lichess.org/NFrDKn12#77,
EzcqT,r5k1/1pp1qr1p/p1bp2pQ/2b2p2/2P3P1/1P1BP2P/PB3P2/R2K2R1 b - - 0 20,c6e4 g4f5 e4f5 d3f5 f7f5 g1g6 h7g6 h6g6 g8f8 g6f5,2022,79,93,1657,advantage fork middlegame pin sacrifice veryLong xRayAttack,https://lichess.org/Fl5DrOrb/black#40,
F5jCM,2r2rk1/1p3pbp/6p1/1P6/PQ6/2NbqP1P/BB4P1/3R3K b - - 0 27,d3e2 c3d5 e3c5 d5e7 c5e7 b4e7,2085,81,91,715,advantage fork long middlegame xRayAttack,https://lichess.org/LJ5Uljnm/black#54,
FBKxp,r1bqr1k1/1p1n1pp1/p3pb2/2PpN3/1P1Q1B2/P1N5/5PPP/1R2R1K1 w - - 1 18,d4e3 d7e5 f4e5 d5d4 e3d4 d8d4 e5d4 f6d4,1991,76,85,93,advantage fork middlegame veryLong xRayAttack,https://lichess.org/fpgSfbh9#35,English_Opening English_Opening_Anglo-Indian_Defense
FDLCI,r5k1/p2R3b/npp1P1qp/2b3p1/6P1/4Q1BP/PPP2P2/4R1K1 w - - 3 25,e6e7 c5e3 d7d8 g6e8 d8e8 a8e8,1904,76,79,125,advantage long middlegame xRayAttack,https://lichess.org/6AqqALqR#49,
FGGKV,4r2k/p1r2q1p/Q1R1pp2/PP1p4/3Pn2R/4P1P1/5PK1/8 b - - 4 31,e8c8 a6c8 c7c8 c6c8 h8g7 b5b6 a7b6 a5b6,2199,77,91,2984,advantage master masterVsMaster middlegame veryLong xRayAttack,https://lichess.org/eQSMZ29q/black#62,
FH5nz,r7/1pp2kpp/8/2P1Rr2/p2PN2n/8/1P1R2P1/2K5 b - - 4 28,a8e8 e4g5 f5g5 e5g5,1916,75,93,353,advantage endgame short xRayAttack,https://lichess.org/jq8Pe5Eg/black#56,
FIB8z,1k3r2/pp3rp1/7p/1PQp4/3Pp1qP/P3P3/1B3P1b/2R1KR2 b - - 0 26,f7f2 c5f8 f2f8 f1f8 g4c8 c1c8,1967,75,87,294,long mate mateIn3 middlegame queensideAttack xRayAttack,https://lichess.org/Y4uRNYcq/black#52,
FNI57,4R3/6pk/8/7p/4p2P/5rP1/4qPQ1/6K1 w - - 4 31,e8e5 e2e1 g2f1 f3g3 f2g3 e1g3 g1h1 g3e5,2001,76,87,620,crushing deflection endgame fork sacrifice veryLong xRayAttack,https://lichess.org/FNbo17hm#61,
FNfCK,5r2/pb2b1Q1/1p1q2p1/3n1k2/2pPR3/P1P2PP1/1P3KP1/8 b - - 9 34,d6f6 e4e5 f6e5 g7e5,1920,77,92,1043,master mate mateIn2 middlegame short xRayAttack,https://lichess.org/77oN2MhU/black#68,
FV8Xr,r6r/1bk2B1p/p5p1/1pb1P1q1/7n/B1PQ4/P2P2PP/RN3R1K w - - 1 23,f7d5 g5g2 d5g2 b7g2,1906,78,91,582,kingsideAttack mate mateIn2 middlegame sacrifice short xRayAttack,https://lichess.org/vuELJJvo#45,
Faq8g,8/1P3pp1/n1k1p2p/P1rr4/5PP1/R5PK/1R6/8 b - - 0 72,a6b8 a5a6 c5a5 a6a7 a5a7 a3a7,2090,76,96,2256,advancedPawn advantage endgame long xRayAttack,https://lichess.org/NiCZfXuY/black#144,
FdQxp,r5k1/4qppp/rPQ1p3/P2p4/5P2/6P1/6KP/R7 b - - 0 33,a6a5 c6a8 a5a8 a1a8,1932,76,95,6094,advantage endgame short xRayAttack,https://lichess.org/jcE0mFgx/black#66,
FfLxI,r2qk2r/pp3pp1/2ppb2p/6b1/3N1Q2/8/PPP1B1PP/RN2R1K1 w kq - 3 17,d4e6 d8b6 f4d4 g5e3 d4e3 b6e3,2040,78,91,175,advantage fork long middlegame xRayAttack,https://lichess.org/OzQG9SEo#33,Kings_Pawn_Game Kings_Pawn_Game_Leonardis_Variation
Fg6oM,8/p5p1/4Q2p/5p1k/7P/2P3PK/Pq3P2/8 b - - 0 34,b2f2 g3g4 f5g4 e6g4,1958,82,91,3557,endgame mate mateIn2 queenEndgame short xRayAttack,https://lichess.org/98U4DQFA/black#68,
FhULu,3r2k1/2p1Rqp1/p5bp/1p6/2n5/P1P3Q1/1P4PP/4R2K b - - 5 30,f7f6 e7e6 d8d3 g3g6 f6g6 e6g6,2086,76,88,570,advantage long middlegame xRayAttack,https://lichess.org/q0MnkEWo/black#60,
Fi7GV,2r3k1/4Rp2/6p1/1n2p2p/5q2/2PP4/1P2QP2/1K4R1 w - - 3 31,e2e5 b5c3 b2c3 c8b8 e5b8 f4b8,1993,76,86,118,advantage endgame long sacrifice xRayAttack,https://lichess.org/RRIq3vvm#61,
Fisu0,r1b1r1k1/1pp5/1b2qpQp/pP1nN3/P2P4/2P5/5PPP/RN2R1K1 b - - 1 19,g8h8 e5f7 e6f7 e1e8 f7e8 g6e8,1990,75,79,110,crushing discoveredAttack exposedKing kingsideAttack long middlegame xRayAttack,https://lichess.org/2UO9vCj8/black#38,Italian_Game Italian_Game_Anti-Fried_Liver_Defense
FkmPY,5rr1/8/1k2P3/p1p4Q/P4b2/1P1K1N2/1B3q2/R3R3 w - - 0 42,e1e2 f8d8 f3d4 d8d4 d3c2 d4d2 e2d2 f2d2,1964,75,89,1989,crushing exposedKing middlegame veryLong xRayAttack,https://lichess.org/9mlrSmRl#83,
FlDOI,6k1/3r1pp1/p1Q1p1p1/4P3/1R1P2q1/8/5P2/5K2 b - - 1 38,d7d4 c6a8 g8h7 a8h1 g4h4 h1h4 d4h4 b4h4,1979,112,25,19,crushing endgame veryLong xRayAttack,https://lichess.org/0VTS1VJ4/black#76,
FmWTW,6k1/5p2/p1b2r1p/2pP1Bp1/8/5Q2/1q3PPP/4R1K1 b - - 0 31,b2d2 e1d1 c6d5 f3d5 d2d5 d1d5,1976,74,94,9695,advantage endgame long xRayAttack,https://lichess.org/2NpadrKe/black#62,
FprxQ,3r2k1/1br1q3/p3NpP1/1p5Q/4Np2/P7/1PP3B1/7K w - - 2 32,e6c7 b7e4 h5h7 e7h7 g6h7 e4h7,1970,77,92,493,advantage exposedKing long middlegame xRayAttack,https://lichess.org/B6p0N4Lr#63,
FrN9u,3r2k1/1p3pp1/p4q1p/8/8/1Q6/PP1rRPPP/4R1K1 b - - 4 25,f6b2 b3b2 d2b2 e2b2,1965,76,88,143,crushing endgame short xRayAttack,https://lichess.org/NHY2MG1G/black#50,
Fs7xv,1b2r1k1/3N2p1/p3r3/PpPQ3p/1P1p4/3P3P/3B1qP1/4R2K b - - 3 39,g8h8 d5h5 h8g8 h5e8 e6e8 e1e8 g8h7 d7f8,2163,80,84,66,crushing fork middlegame veryLong xRayAttack,https://lichess.org/QxPxD4fU/black#78,
FslrC,1r4k1/1bq2p1p/2Pr2p1/pB1pQ3/8/8/P4PPP/1R1R2K1 b - - 4 29,b7c6 b5c6 b8b1 d1b1 d6c6 b1b8 c7b8 e5b8,1913,82,93,9776,advantage middlegame veryLong xRayAttack,https://lichess.org/XB8LxswG/black#58,
FtXSB,6k1/5p2/4p1p1/1p1p1q2/3P3K/6PP/1B6/2Q5 w - - 10 46,g3g4 f5f2 h4g5 g8g7 c1f4 f7f6 f4f6 f2f6,1920,75,90,219,endgame mate mateIn4 veryLong xRayAttack,https://lichess.org/khM00B17#91,
Fun73,2r3k1/q4pb1/2rp3p/1b2p3/pPN1Pp2/P1R2P1P/2QN2P1/2R4K b - - 12 34,a7e7 c4b6 c6c3 b6c8 c3c8 c2c8,2151,85,91,1340,crushing long middlegame xRayAttack,https://lichess.org/fyxtTT2g/black#68,
FvmSI,8/8/1P6/p2bk3/P4p1p/7P/4BK2/8 b - - 1 50,d5c6 e2f3 e5d6 b6b7 c6b7 f3b7,1972,75,94,643,advancedPawn bishopEndgame crushing endgame long xRayAttack,https://lichess.org/VbIr88yp/black#100,
FvpLO,4rrk1/1R5p/1p2Ppp1/p3q3/8/1Q2P3/PP4PP/5RK1 b - - 3 25,e8e6 b7e7 e5e3 b3e3 e6e3 e7e3,2073,76,94,1846,crushing endgame long pin xRayAttack,https://lichess.org/WEcLqLum/black#50,
Fvqtu,3r3k/6p1/4Q2p/2bp4/q4r2/2P2N1P/3R2P1/3R3K w - - 0 36,d2d5 a4d1 d5d1 d8d1 h1h2 c5d6 g2g3 f4f3,1979,74,95,1771,crushing middlegame quietMove veryLong xRayAttack,https://lichess.org/KPXSUFiC#71,
Fyn2J,8/8/p7/2p1bk1p/1pP5/1P1P1PBp/2P1K3/8 w - - 2 39,e2f2 h3h2 g3h2 e5h2,2005,78,94,16393,advancedPawn bishopEndgame crushing endgame short xRayAttack,https://lichess.org/hYnru4KW#77,
G6TDF,2b2rk1/prp2pp1/1p1p3p/3PnN1q/2P1P3/PP4PP/3Q2B1/2R2RK1 b - - 2 22,g7g6 g3g4 h5g5 f5h6 g5h6 d2h6,2038,77,98,95,crushing kingsideAttack long middlegame xRayAttack,https://lichess.org/9wiy2BOQ/black#44,
G7RSA,2k2r2/1pp5/3p4/pP2p3/P1P3p1/3b2B1/3Q1KP1/R2R1N1q w - - 3 28,f2e3 f8f3 g2f3 h1f3,2063,80,88,146,mate mateIn2 middlegame sacrifice short xRayAttack,https://lichess.org/NuJ0c7cX#55,
G9Zoz,r3r3/pp3k1p/2p2np1/q1P1Rp2/2PP4/PQ6/1B4PP/5RK1 w - - 3 25,f1e1 a5e1 e5e1 e8e1 g1f2 a8e8,2101,77,94,1001,crushing defensiveMove kingsideAttack long middlegame xRayAttack,https://lichess.org/Dsqo67uT#49,
GAPzr,7r/p1Q3pp/3rkn2/1R2p3/5p2/2P4P/q1P3P1/4R1K1 b - - 3 22,d6d5 e1e5 d5e5 b5e5,1992,80,91,618,killBoxMate master mate mateIn2 middlegame short xRayAttack,https://lichess.org/aGLApl0A/black#44,
GDeN3,3rr1k1/4q2p/p1Q1bpp1/1p6/3p4/3P4/PP2RPPP/4R1K1 b - - 9 26,e6d5 c6e8 e7e8 e2e8 d8e8 e1e8,2042,77,92,3086,crushing kingsideAttack long middlegame xRayAttack,https://lichess.org/XfXMkloU/black#52,
GFORQ,k3r2r/pp3R1p/1bp3p1/3pP3/3P1P2/1PQ5/PB2q1PP/5RK1 w - - 2 26,f1e1 b6d4 g1h1 e2b2 c3b2 d4b2,2166,82,82,78,crushing long middlegame xRayAttack,https://lichess.org/uydUEwss#51,
GG2fP,5rk1/1N1P1p2/p4bp1/P1pQ3p/q1P2P1P/1p4P1/4R1K1/8 w - - 1 47,e2e8 f8e8 d7e8r a4e8,1999,81,76,73,crushing endgame master short xRayAttack,https://lichess.org/9asamIvz#93,
GGsg1,b2r2k1/p5pp/6q1/3r4/2Q1PP2/8/PP3RPP/R6K b - - 0 27,g6e4 c4e4 d5d1 e4e1 d1e1 a1e1,2073,75,95,6127,advantage hangingPiece long middlegame xRayAttack,https://lichess.org/4KrnM9A4/black#54,
GIEnn,2r3k1/4r2p/p2P1QpP/2q5/1p4n1/8/PPP2RP1/2KR4 w - - 1 27,d6e7 c5e3 c1b1 g4f6 d1d8 g8f7 e7e8q e3e8 d8e8 c8e8,2059,161,89,18,advantage endgame veryLong xRayAttack,https://lichess.org/Ljs2btmj#53,
GIbau,8/8/5P1p/1k2p1P1/p1p2r2/4K3/P1R5/8 b - - 1 39,h6g5 c2f2 b5c5 f6f7 f4f7 f2f7,1974,75,95,2773,advancedPawn crushing endgame long rookEndgame xRayAttack,https://lichess.org/YG1WY3Cb/black#78,
GL9mV,5r1k/p5pp/1p6/8/Q7/5P1P/Pqr2P2/R3R1K1 w - - 0 26,e1e8 b2a1 g1g2 c2c8 e8c8 f8c8,2062,80,92,3136,crushing endgame hangingPiece long xRayAttack,https://lichess.org/nzZ0JNz2#51,
GLeFl,2r3k1/pp1q1pp1/4p2p/8/PbB1RQ2/1P4NP/3p1PPK/8 w - - 0 32,e4d4 d2d1q d4d1 d7d1,1906,77,92,3694,advancedPawn crushing middlegame promotion short xRayAttack,https://lichess.org/4RLm2AWj#63,
GLyYU,1r2r1k1/5p1p/3R2p1/2qpP3/8/1QP5/P5PP/4R2K w - - 1 29,b3d5 e8e5 d5e5 c5e5,2040,75,88,291,advantage endgame short xRayAttack,https://lichess.org/adoSQeRu#57,
GNJRb,r2r3Q/pp2kp2/2n2p2/7R/q7/P4P2/1PP3P1/1K2R3 b - - 4 24,c6e5 h5e5 f6e5 h8e5,1997,76,87,584,advantage middlegame short xRayAttack,https://lichess.org/D4R6qNlR/black#48,
GNxdg,8/3k4/2N1p3/3p1nBp/p1pP4/Pr4P1/1P2R2P/6K1 w - - 7 39,c6b4 f5d4 e2e3 d4f3 e3f3 b3f3,2081,77,86,360,advantage endgame fork long xRayAttack,https://lichess.org/TYXDBL6f#77,
GPLn3,rn1q2r1/pbppkQ2/1p2p3/4Np2/1bPP1p2/2N5/PP4PP/R3KB1R b KQ - 9 17,e7d6 c4c5 b6c5 e5c4 d6c6 d4d5 e6d5 f7d5,2066,76,94,3186,master mate mateIn4 middlegame veryLong xRayAttack,https://lichess.org/BxMS4mx9/black#34,English_Defense English_Defense_Other_variations
GPX1D,6k1/1p3pb1/1Qq3p1/7p/2P1r2P/4B3/P4PP1/2R3K1 b - - 4 26,e4c4 b6c6 c4c6 c1c6,2058,75,84,175,crushing endgame short xRayAttack,https://lichess.org/veU0aS69/black#52,
GQmOz,r4rk1/5ppp/p1q5/1pp3Q1/2Pp4/3b1RNP/PP4P1/R5K1 b - - 1 23,d3c4 g3f5 c6f6 f5e7 f6e7 g5e7,1970,79,92,1542,crushing kingsideAttack long middlegame xRayAttack,https://lichess.org/AmDwIuFX/black#46,
GRk2h,3r2k1/pb3p1p/1pqrp1p1/2p3QP/4p3/1P2P3/PBPR1PP1/3R2K1 b - - 1 22,d6d2 g5d8 d2d8 d1d8 c6e8 d8e8,1963,78,88,79,kingsideAttack long master mate mateIn3 middlegame pillsburysMate xRayAttack,https://lichess.org/tBkaXFoW/black#44,
GTq8g,4r3/1ppnrpkp/3p2pn/pP1P4/2P1N1P1/P3RN1P/5P2/4R1K1 b - - 6 24,f7f5 e4d6 e7e3 d6e8 e3e8 e1e8,1961,78,70,67,crushing long master middlegame xRayAttack,https://lichess.org/psx7fcvQ/black#48,
GTz5Q,2r1k2r/pp3pp1/4p1p1/q2p4/1nnP4/1Q1BBP2/1PP3PP/1NKR3R w k - 0 18,d3c4 d5c4 b3a3 b4a2 a3a2 a5a2,2005,79,91,1286,advantage long middlegame queensideAttack xRayAttack,https://lichess.org/2lD4PCzr#35,Caro-Kann_Defense Caro-Kann_Defense_Exchange_Variation
GWRgT,r6k/ppp3p1/2n2nq1/8/3P3P/PQP5/3BBP2/R3K3 w Q - 2 23,b3b7 g6g1 e2f1 a8e8 d2e3 e8e3 f2e3 g1e3 f1e2 e3c3,1906,245,0,8,crushing middlegame veryLong xRayAttack,https://lichess.org/uvMEApzO#45,
GaG0c,4r1k1/1b1Q2pp/p7/1p2qp2/2p5/P4P1P/1P2B1P1/3KR3 b - - 1 28,b7c8 e2c4 b5c4 d7e8 e5e8 e1e8,2002,76,74,74,crushing endgame fork long xRayAttack,https://lichess.org/wyerKPCL/black#56,
GbqcQ,1k2rr2/ppp5/2np3Q/5N2/3PP3/2P3R1/PP3q2/1K2R3 w - - 4 27,h6e3 f8f5 e4f5 f2e1 e3e1 e8e1,2175,78,87,101,advantage long middlegame xRayAttack,https://lichess.org/I2vp6i5l#53,
GdVwf,2r1k3/ppr2p1Q/4p1pP/3pP3/8/1qP2P2/1P4P1/1KR4R b - - 0 32,c7c3 h7g8 e8e7 g8c8 c3c8 c1c8,2108,76,99,208,crushing endgame long xRayAttack,https://lichess.org/kFFRmHd7/black#64,
Gf2Oe,2k5/pbp4p/2n2p2/3rp3/QBqp4/P7/1P5P/K1R1R3 b - - 2 28,d5a5 a4c6 c4c6 c1c6 b7c6 b4a5,1956,78,92,659,advantage long middlegame xRayAttack,https://lichess.org/EVomttLM/black#56,
Gi4o2,4r1k1/6pn/p1pPr2p/1pq1BQ2/7P/P4RP1/7K/4R3 b - - 1 33,e6e5 f5f7 g8h8 f7e8 e5e8 e1e8,2058,76,87,86,crushing long middlegame xRayAttack,https://lichess.org/ozqcZ40B/black#66,
GkfHM,r2q1rk1/1pp3b1/4P3/3p1bNQ/p6P/P1P5/1P2R1K1/4R3 b - - 0 33,d8f6 e6e7 f8e8 e2e6 f5g6 h5g6 f6g6 e6g6,2131,76,93,7100,advancedPawn advantage clearance middlegame veryLong xRayAttack,https://lichess.org/POI9ys7K/black#66,
GmCpf,7Q/1ppk1p1p/5n2/6p1/4Pb2/2Pr1P1b/PP1N1P2/R1BRK1q1 w - - 1 19,e1e2 d3e3 f2e3 g1e3,1908,77,84,1137,mate mateIn2 middlegame sacrifice short xRayAttack,https://lichess.org/VdItVFQW#37,Englund_Gambit_Complex Englund_Gambit_Complex_Hartlaub-Charlick_Gambit
GnuIC,2k1r3/p6p/2p3p1/2pqrP2/8/1P1PR3/PB3Q1P/K7 w - - 0 31,e3e5 d5h1 f2e1 h1e1 e5e1 e8e1,1926,79,93,1780,crushing endgame long xRayAttack,https://lichess.org/iF8NAoI9#61,
GqGN6,r5k1/p4p2/Q3pn2/8/P1R5/1p1r4/1q1NKPPP/7R w - - 0 25,c4c8 d3d8 c8d8 a8d8,1965,86,79,46,crushing defensiveMove middlegame short xRayAttack,https://lichess.org/BaWB9iR4#49,
GtufS,5rk1/2qnB1pp/b3p3/3pPB1Q/2pP4/4P3/1r4PP/1N3RK1 b - - 0 25,f8f5 h5e8 d7f8 e8f8 f5f8 f1f8,1920,89,63,37,kingsideAttack long mate mateIn3 middlegame operaMate xRayAttack,https://lichess.org/Mj4YZHzK/black#50,
Gw8Cz,8/6pk/1p1PQ2p/7K/2P3PP/3q4/8/8 w - - 1 44,e6f5 g7g6 f5g6 d3g6,2000,76,88,2574,endgame fork mate mateIn2 queenEndgame short xRayAttack,https://lichess.org/mAH8FVfR#87,
GxzP5,4r1k1/1pr1Ppbp/p5p1/2n5/8/1NP3P1/PP3P1P/R2R2K1 w - - 3 23,b3c5 c7c5 d1d8 c5c8 d8c8 e8c8 a1d1 g7f6,1938,74,89,119,advantage endgame veryLong xRayAttack,https://lichess.org/LR2LsTrm#45,
GyV1d,1Q6/1b1q2p1/p2k4/6N1/2Pp1n2/P7/1P4PP/6K1 b - - 1 31,d7c7 g5f7 d6d7 f7e5 c7e5 b8e5,1973,77,92,1425,crushing endgame exposedKing long pin xRayAttack,https://lichess.org/8qxLV3Qh/black#62,
GzLv2,7k/6p1/2p4P/p4P2/Pp1qrQ1P/8/1PP2R2/6K1 w - - 0 29,h6g7 d4g7 f4g5 e4g4 g5g4 g7g4,2167,81,93,1540,advantage endgame exposedKing fork long xRayAttack,https://lichess.org/8KGE8eLu#57,
H9I6D,2Q5/p4ppk/4p2p/8/3PK1n1/6P1/P1RQ2P1/5q2 w - - 1 35,d2f4 f7f5 f4f5 f1f5,2111,78,93,5375,endgame mate mateIn2 short xRayAttack,https://lichess.org/sWalQTLx#69,
HCj1d,2r3k1/2r5/2R3P1/3p1Q2/3q4/8/5PK1/8 b - - 1 37,d4g7 f5c8 c7c8 c6c8 g7f8 c8f8 g8f8 f2f4,2136,75,93,1606,crushing defensiveMove endgame exposedKing veryLong xRayAttack,https://lichess.org/vvLvwiy6/black#74,
HCsI7,1b2r1k1/6pp/p7/3R4/4p1Pq/Pp2Pr1P/1B3PQ1/5RK1 b - - 3 29,f3h3 d5h5 b8h2 g1h1 h2e5 g2h3 h4h3 h5h3,2002,78,87,438,advantage middlegame veryLong xRayAttack,https://lichess.org/O6U8pyKg/black#58,
HDMlg,r1r3k1/2R1bppp/p7/8/p2pN1P1/qP5Q/3N1P1P/4R1K1 w - - 1 28,e1c1 a3c1 c7c1 c8c1 g1g2 a4a3,1985,78,93,1027,advantage long middlegame xRayAttack,https://lichess.org/jBydSae4#55,
HG2I3,2q3k1/pp3ppp/2b5/8/3p2r1/5PN1/PP2Q1PP/4R1K1 b - - 0 26,g4g6 g3f5 g6e6 f5e7 e6e7 e2e7,1916,75,94,6840,crushing endgame fork long xRayAttack,https://lichess.org/JQGprTqg/black#52,
HHzvG,2kr4/1p1n1R2/p3p3/6Qp/2q1b3/P5P1/2P3PP/3R3K b - - 0 25,c4c2 d1c1 d7c5 g5c5 c2c5 c1c5,2175,81,80,165,advantage long middlegame pin xRayAttack,https://lichess.org/WqXXSkwD/black#50,
HIgFb,6r1/6k1/6p1/3qbp2/3p1B1Q/1Pp4P/P7/4R1K1 b - - 5 52,e5f6 e1e7 f6e7 h4e7,2123,74,91,9491,crushing endgame sacrifice short xRayAttack,https://lichess.org/TAM78LBn/black#104,
HL0iC,r6r/1p3pkp/2b3p1/4P3/1Q1p3q/2B5/P4PP1/R4RK1 w - - 2 23,c3d4 a8a4 e5e6 h4d4 b4d4 a4d4,1969,75,93,3198,advantage intermezzo long middlegame xRayAttack,https://lichess.org/aXTMsHBn#45,
HMCJe,2r1r1k1/QRNq1pbp/3pp1p1/8/2P1P3/3P2P1/P4PKP/8 b - - 0 26,e8e7 c7d5 d7b7 d5e7 b7e7 a7e7,1921,74,87,106,advantage fork long middlegame xRayAttack,https://lichess.org/5eDtE8Vk/black#52,
HMWcd,8/1Q2Rpkp/3p2p1/1p6/6q1/8/1rr2PP1/5RK1 b - - 2 31,c2f2 e7f7 f2f7 f1f7 g7h6 f7h7 h6g5 b7e7,2058,85,70,47,crushing endgame veryLong xRayAttack,https://lichess.org/ieLQwQNu/black#62,
HRnfD,5rk1/1pp2p2/1p1p3p/3PnNqp/r3PR2/P1P1Q1Pb/1P3RNP/6K1 b - - 9 27,e5g4 f4g4 h3g4 f5h6 g5h6 e3h6,1902,75,95,5961,crushing kingsideAttack long middlegame pin xRayAttack,https://lichess.org/kMvfrkW2/black#54,
HTKBQ,r6r/pp3k1p/n1pN1bq1/5b2/3P3Q/8/PPP3PP/4RRK1 b - - 0 18,f7g7 d6f5 g6f5 e1e7 f6e7 h4e7,2172,78,95,793,advantage long middlegame sacrifice xRayAttack,https://lichess.org/DsOdgQCF/black#36,Kings_Gambit_Accepted Kings_Gambit_Accepted_Double_Muzio_Gambit
HUXss,5rk1/ppp2rp1/3pb3/3Q4/4P3/6Nq/PPP2R1P/2K2R2 w - - 7 27,d5d2 h3f1 f2f1 f7f1 g3f1 f8f1,1900,76,93,855,advantage long middlegame xRayAttack,https://lichess.org/BvW1293B#53,
HUqWD,4r3/1p4pk/8/p1p2b2/P1N2q2/1QP3R1/1P5P/3B2K1 w - - 1 30,d1f3 f4c1 b3d1 e8e1 d1e1 c1e1,2083,86,90,760,crushing fork long master middlegame xRayAttack,https://lichess.org/h6psEHMH#59,
HX6LD,4r1k1/pp3pp1/4b1Pp/8/3P3P/6P1/P1B4K/4R3 b - - 0 28,f7g6 c2g6 e6f7 e1e8 f7e8 g6e8,2049,77,87,244,crushing endgame long xRayAttack,https://lichess.org/HiCTiQDO/black#56,
HYKyM,rnb1r1k1/pp2Pp1p/6p1/1q6/8/2Q2N2/PP3PPP/3R1RK1 w - - 1 15,c3c8 e8c8 d1d8 b5e8 d8e8 c8e8,2143,78,92,2905,crushing hangingPiece long middlegame xRayAttack,https://lichess.org/lUXxiy5F#29,Sicilian_Defense Sicilian_Defense_Smith-Morra_Gambit
HbtNf,3r2k1/pbp3p1/1p2p1r1/3PP3/2P1ppq1/BP2P3/P2R1QPP/3R2K1 w - - 0 29,d5e6 g4d1 d2d1 d8d1 f2f1 d1f1,1940,75,97,1228,crushing kingsideAttack long middlegame xRayAttack,https://lichess.org/SVFCqQtD#57,
HcpVm,3rr2k/1p3Qpp/8/2q3PB/p4P2/P7/1PPR3P/2K5 w - - 3 27,d2d7 e8e1 h5d1 c5e3 c1b1 e1d1 d7d1 d8d1,1941,78,91,534,crushing deflection endgame queensideAttack veryLong xRayAttack,https://lichess.org/h7SCbjwd#53,
Hg13m,4Rrk1/1Q3pbp/3q2p1/6P1/1p6/1B1p2P1/1P3P2/6K1 b - - 1 34,d3d2 b7f7 g8h8 f7g8 f8g8 e8g8,2039,180,39,9,endgame long mate mateIn3 pin sacrifice xRayAttack,https://lichess.org/a2lEpBGr/black#68,
HgeO3,3r2k1/p4pp1/5b1p/4p3/4P3/5P2/PPP2qPP/1K1Q1B1R w - - 1 23,d1e2 d8d2 e2d2 f2d2,2031,96,47,27,advantage endgame short xRayAttack,https://lichess.org/DHyPBO30#45,
Hi7fT,8/6kp/6p1/6P1/3bN2r/3B2Nq/r2BR2P/1R1Q3K w - - 5 37,d2c3 h3h2 e2h2 a2h2,1962,76,95,10903,master mate mateIn2 middlegame pillsburysMate sacrifice short xRayAttack,https://lichess.org/lr1lE5yD#73,
HlAQG,5k2/pb3p1Q/5q1p/8/3P4/1Br2p1P/P5P1/5RK1 b - - 0 29,f3g2 h7f7 f6f7 f1f7 f8e8 f7b7,1986,84,92,970,crushing endgame fork long xRayAttack,https://lichess.org/bQkM27uP/black#58,
HnUtM,2r2bk1/5p2/r5p1/B3q2p/RpP4P/4P1P1/4QP2/R5K1 w - - 1 32,a5b4 e5a1 a4a1 a6a1 g1g2 f8b4 e2b2 a1a4,1934,74,94,6335,crushing defensiveMove master masterVsMaster middlegame veryLong xRayAttack,https://lichess.org/o9R8VGmf#63,
HoGIL,5r1k/pp2r2p/2n2B1P/3p1p1Q/3P4/8/Pq3PP1/3RR1K1 b - - 0 26,f8f6 h5e8 e7e8 e1e8 f6f8 e8f8,2005,79,72,193,long master mate mateIn3 middlegame sacrifice xRayAttack,https://lichess.org/LQ0kNgab/black#52,
Hoqxa,1rbr2k1/p4ppp/1p2p3/b7/P7/2q1B1P1/R2pQ1BP/3R1K2 b - - 1 25,c3c1 d1c1 d2c1q e3c1 c8a6 e2a6,1984,78,92,270,advantage long middlegame xRayAttack,https://lichess.org/z2AKAJWO/black#50,
Ht4Iy,2r3k1/1RP2p2/6pp/r3q3/4N3/p5PP/Q5BK/8 w - - 1 34,b7b8 c8b8 c7b8r e5b8,1930,74,89,154,advantage middlegame short xRayAttack,https://lichess.org/y6O8D78z#67,
HtSsb,5rk1/2P2p2/4p1p1/4P3/3QBP2/pq6/1n4P1/1R4K1 w - - 1 41,d4d8 b3b6 g1h2 f8d8 c7d8q b6d8,1996,75,97,1768,crushing endgame long xRayAttack,https://lichess.org/gf8CZwnD#81,
HuFWv,6k1/2pn1rp1/3b3B/3Pp2b/4N2q/3PRr1P/PPP2PQ1/R5K1 b - - 2 31,h4h3 g2h3 f3h3 e3h3,2060,76,80,95,advantage middlegame short xRayAttack,https://lichess.org/tcHIduZB/black#62,
I2xKO,2b2k2/1p4q1/2nRp1p1/1p3p2/4p2Q/8/rP3PPP/3R2K1 b - - 1 22,g7e7 d6d8 c6d8 d1d8 e7d8 h4d8,2024,81,91,1551,advantage exposedKing fork long middlegame sacrifice xRayAttack,https://lichess.org/2pW33nIV/black#44,
I3PJk,5rk1/2pq1p1p/2R1bQ2/3p4/1r6/4PN2/3P1PPP/5RK1 w - - 1 22,f3g5 d7c6 f6h6 c6c2 e3e4 e6f5 e4f5 c2f5,2107,104,72,31,advantage hangingPiece middlegame veryLong xRayAttack,https://lichess.org/ewOaXymv#43,
I9lTy,8/4k1bp/R5p1/5p2/1p2K3/nPr1P2P/P4PP1/3R4 w - - 0 27,e4d5 a3b5 a6c6 b5c7 c6c7 c3c7,1916,79,92,1364,crushing endgame long quietMove xRayAttack,https://lichess.org/ToR2pRnR#53,
IBMAr,2Q3k1/p1p5/4p2p/2Pn1p2/8/4q1P1/Pr2rRPP/5R1K b - - 1 29,g8f7 f2f5 e6f5 c8f5,2014,75,87,128,advantage middlegame sacrifice short xRayAttack,https://lichess.org/8zmqQmHs/black#58,
IF38L,r1r4k/p1p3pp/2R5/1p1Q4/3P4/4P1P1/1q3P1P/2R3K1 w - - 0 23,c6c7 b2c1 c7c1 c8c1 g1g2 a8b8,2120,123,53,10,advantage defensiveMove endgame long xRayAttack,https://lichess.org/m84GrZTZ#45,
IFRVW,6k1/6pp/2p1pr2/p3Q3/b1pPR3/PqP5/NP2R1PP/2K5 w - - 17 31,c1b1 f6f1 e2e1 b3c2 b1a1 c2d1 a2c1 d1c1 e1c1 f1c1 a1a2 a4b3,2129,86,89,360,mate mateIn5 middlegame queensideAttack veryLong xRayAttack,https://lichess.org/iTKiYMNW#61,
IFUFn,r2r2k1/pbR2qpp/1p3p2/5p2/3N1Q2/6R1/P4PPP/6K1 b - - 5 26,d8d4 g3g7 f7g7 c7g7 g8g7 f4d4,1998,75,93,1234,advantage fork long middlegame xRayAttack,https://lichess.org/7xS8C66N/black#52,
IHXiN,5B2/7p/Pb3pp1/1p1K4/k4P2/6PP/8/8 b - - 2 41,b5b4 f8c5 a4a5 a6a7 b6a7 c5a7,2058,76,99,224,advancedPawn bishopEndgame crushing endgame long xRayAttack,https://lichess.org/bj4et6Cc/black#82,
IIv4I,6k1/pp3p1p/1bn5/6P1/1P3P2/1qPQ3P/4N3/1K1R4 w - - 3 29,b1c1 c6b4 c3b4 b6e3 d3e3 b3e3,1980,78,92,811,advantage endgame exposedKing long sacrifice xRayAttack,https://lichess.org/JyrB759Q#57,
IMXfm,r1bqnrk1/p3npp1/1b5p/3NP3/7B/5N2/PP3PPP/R2QR1K1 b - - 0 16,b6c5 d5e7 c5e7 d1d8 e7d8 h4d8,1980,80,92,13675,advantage discoveredAttack kingsideAttack long opening xRayAttack,https://lichess.org/3mYDGCXf/black#32,Italian_Game Italian_Game_Classical_Variation
IQQjs,3r2k1/5ppn/Q6p/2p5/P3P3/N1P1Nq2/3KR3/3R3r w - - 4 29,e3d5 d8d5 e4d5 f3d5,2054,76,87,556,advantage middlegame short xRayAttack,https://lichess.org/dAhDIxKX#57,
IQzsC,8/5ppk/1p5p/5Q2/8/4P2P/qr3PP1/5RK1 b - - 1 28,h7g8 f1c1 a2e6 c1c8 e6c8 f5c8,2002,75,97,590,crushing endgame long quietMove xRayAttack,https://lichess.org/WNTQ21O6/black#56,
IToL7,5r1k/6pp/p7/1p2P3/2prQ3/P1N2n1q/1P3R1P/5R1K w - - 12 33,f2f3 h3f1 f3f1 f8f1 h1g2 d4e4,1903,75,96,511,crushing long middlegame xRayAttack,https://lichess.org/xyK9H7Mm#65,
IUkG1,r4k2/pbq1bp1p/1p2p3/2p4Q/2B1nP2/1P6/PBPP2PP/R5K1 b - - 1 17,c7f4 a1f1 e4f6 b2f6 f4f6 f1f6,1993,75,93,2719,advantage long middlegame xRayAttack,https://lichess.org/ysMqXP91/black#34,French_Defense French_Defense_Two_Knights_Variation
IUqwW,1k1r1r1b/1pR5/qP6/2P1p2p/1p2Q3/P1NR4/6PP/6K1 w - - 0 36,a3b4 a6a1 c3d1 a1d1 d3d1 d8d1 e4e1 d1e1,1927,75,88,1048,mate mateIn4 middlegame veryLong xRayAttack,https://lichess.org/hxUEsAeV#71,
IVvqY,8/2k5/p1B1p2p/1pK1Pp2/1P3P1P/Pb6/8/8 b - - 3 45,b3c4 a3a4 b5a4 c6a4,2124,76,79,386,bishopEndgame crushing endgame master masterVsMaster short xRayAttack,https://lichess.org/4uAOmkZn/black#90,
IWvvi,r1bq1rk1/pp1n1ppp/4pb2/3p4/3P2N1/3BB1Q1/PPP3PP/2KR3R b - - 7 13,f6g5 g4h6 g5h6 e3h6,2088,77,87,257,advantage kingsideAttack middlegame pin short xRayAttack,https://lichess.org/O1gofts2/black#26,Blackmar-Diemer_Gambit Blackmar-Diemer_Gambit_Ryder_Gambit
IXbXy,4r1k1/4n1b1/1p1p2p1/1qp2pP1/r4P1N/2PP4/1PKB2Q1/R3R3 b - - 1 24,e8a8 g2a8 a4a8 a1a8,2012,79,91,1587,advantage middlegame short xRayAttack,https://lichess.org/Ljn9nvjQ/black#48,
IYBYj,r5r1/1b3kP1/p2ppbn1/7Q/3QP3/n3BP2/P1q1B3/K2R3R w - - 3 27,h1g1 c2c3 d4c3 f6c3,2038,80,95,4530,mate mateIn2 middlegame short xRayAttack,https://lichess.org/6g43CWBq#53,
IcmIB,2r3k1/5p2/3Rp1pp/8/P7/3Q1P1P/5qP1/2rR3K w - - 0 27,a4a5 c8c2 d3f1 f2f1 d1f1 c1f1,2082,80,91,313,crushing endgame long quietMove xRayAttack,https://lichess.org/oRtCaIyX#53,
Ie6wZ,8/8/2p2p2/8/p1P1p3/1P3qP1/P2Q1P2/1k4K1 w - - 0 50,b3b4 f3d3 d2e1 b1a2 b4b5 c6b5 c4b5 d3b5,2190,84,90,1182,advantage endgame queenEndgame veryLong xRayAttack,https://lichess.org/RtR3HoTV#99,
IekGO,8/p1k3Qp/1p2q3/1P1r4/P2R1P2/8/4p2P/6K1 b - - 5 39,e6d7 g7d7 d5d7 d4d7 c7d7 g1f2 e2e1q f2e1,2063,75,75,133,crushing endgame veryLong xRayAttack,https://lichess.org/3neeEfLB/black#78,
IhtU2,1k1rr3/p1p4p/bpP2p2/3Pq3/P7/1Q4P1/5BBP/3R2K1 b - - 0 24,e5e2 g2f1 a6c4 b3c4 e2c4 f1c4,2099,77,82,327,advantage long master masterVsMaster middlegame superGM xRayAttack,https://lichess.org/q2y4jOFZ/black#48,
IitI5,5rk1/3P1p1p/5Rp1/2q5/1r2P3/8/Q5PK/5R2 b - - 6 54,b4e4 a2f7 f8f7 d7d8q c5f8 d8f8 f7f8 f6f8,1937,75,86,452,advancedPawn crushing deflection endgame promotion veryLong xRayAttack,https://lichess.org/BD2dc6UG/black#108,
Ij6ew,2r2k2/2P1b3/6pp/8/P7/1Q3N1P/3r2PK/8 w - - 1 43,b3b8 e7d6 h2g1 d2d1 g1f2 c8b8 c7b8r d6b8,2179,101,70,42,crushing endgame veryLong xRayAttack,https://lichess.org/HBZG8Hw6#85,
IluR9,r2qkbnr/ppp1ppp1/4P3/3p4/3Pb1Q1/3BP3/PPP4P/RNB1K3 b Qkq - 0 10,f7f6 g4g6 e4g6 d3g6,1942,75,98,687,mate mateIn2 opening sacrifice short xRayAttack,https://lichess.org/KahFHXVF/black#20,Queens_Pawn_Game Queens_Pawn_Game_Other_variations
InOkH,6k1/1b2bpPp/pN2pB1Q/2q1N3/1p2r3/4R3/5PPK/8 b - - 0 28,e7f6 h6f6 c5e5 f6e5 e4e5 e3e5,2077,102,71,35,advantage long middlegame xRayAttack,https://lichess.org/8S8XVSmm/black#56,
IsDi4,4r1k1/4rp1p/p4Np1/1p1b4/3p1P2/3B2QP/PqP2P2/4R1K1 b - - 2 27,g8g7 f6e8 e7e8 e1e8 b2c1 d3f1,2006,75,89,1196,crushing long middlegame xRayAttack,https://lichess.org/EBB8gVIO/black#54,
IxIoF,2r2rk1/pp1q1pbp/3p2p1/4p3/1P3n2/P1N5/1BRNQPPP/2R3K1 w - - 2 21,e2b5 d7b5 c3b5 f4e2 g1f1 e2c1 c2c1 c8c1 b2c1 f8c8,2039,79,91,3346,clearance crushing fork middlegame veryLong xRayAttack,https://lichess.org/qyC6aZFI#41,
IyEXX,k3r3/pp2P3/6r1/2q5/4RQ2/P1P1R1P1/1P3K2/8 w - - 1 59,f4f8 e8f8 e7f8q c5f8 f2e1 g6g8,2018,78,92,2230,advantage endgame long xRayAttack,https://lichess.org/2qETsO5x#117,
Iyihu,r4r1k/pp5p/2pPR1p1/8/PPRb1qB1/1Q5P/5PP1/6K1 w - - 5 30,b3f3 d4f2 f3f2 f4f2,1910,75,83,248,crushing kingsideAttack middlegame short xRayAttack,https://lichess.org/JHhdfbfK#59,
Iz1gg,r7/1k3ppp/3p4/1P1Rb3/pP2P3/5P2/5P1P/2R3K1 w - - 4 25,c1c6 a4a3 c6a6 a3a2 a6a2 a8a2,2009,74,87,225,advancedPawn advantage endgame long xRayAttack,https://lichess.org/5glikNr4#49,
J0aHo,2q3k1/r4pp1/Pr2p1p1/3p4/R1nQ4/5N1P/5PP1/R5K1 b - - 8 29,b6a6 d4a7 a6a7 a4a7,1946,75,98,343,advantage middlegame short xRayAttack,https://lichess.org/jyy8k1KS/black#58,
J2UDG,2k1r3/ppp1rppp/2p5/2N4n/3P1B2/2N2q2/PPPQ2RP/R4K2 w - - 0 19,f1g1 h5f4 g2g3 f4h3 g3h3 f3h3,1992,80,92,4945,advantage kingsideAttack long middlegame xRayAttack,https://lichess.org/va8jTB5Z#37,
J6j9b,r4rk1/ppp2ppp/4pq2/4b3/2n1P3/P1N5/1P2QPPP/R1BR2K1 b - - 6 16,c4b2 c1b2 e5c3 e4e5 f6e5 e2e5 c3e5 b2e5,1967,74,95,9460,advantage middlegame veryLong xRayAttack,https://lichess.org/5GSswcdV/black#32,English_Opening English_Opening_Anglo-Indian_Defense
J7yKq,r4rk1/5pp1/4p2p/2NbP2Q/3PpR2/1P2q2P/P4RPK/8 w - - 0 31,f4f7 e3f2 f7f2 f8f2 h5g6 e4e3,2142,84,91,2725,advantage long master middlegame xRayAttack,https://lichess.org/gUxDDopi#61,
JB91u,6k1/2r2B2/p4R1p/1q2n3/1p6/bQ6/1pP3PP/4R1K1 b - - 0 28,e5f7 b3g3 b5g5 f6g6 g5g6 g3g6,2146,75,86,108,advantage exposedKing fork long middlegame xRayAttack,https://lichess.org/IR10F8aa/black#56,
JEYDE,4r1k1/ppp2p2/7p/5p2/3Pq3/2P3PP/PPQRrPK1/3R4 w - - 1 26,g2g1 e4c2 d2c2 e2c2,2032,76,95,5309,crushing endgame short xRayAttack,https://lichess.org/mqtBi3p1#51,
JH8YT,2krr3/1pp2pp1/p6p/1q6/8/2PP4/P2QN1PP/R2K3R w - - 1 23,d1c2 d8d3 d2d3 e8e2 d3e2 b5e2,1960,74,86,279,advantage long middlegame xRayAttack,https://lichess.org/1wnd0GsQ#45,
JISgZ,1Q6/8/1p4pk/7p/P2q1P2/8/5KPP/8 w - - 7 45,f2g3 d4e3 g3h4 g6g5 f4g5 e3g5 h4h3 g5g4,2074,78,83,102,endgame mate mateIn4 queenEndgame veryLong xRayAttack,https://lichess.org/EKGbwaoY#89,
JJMHZ,r5k1/pprnpp1p/3p2p1/4P3/5P2/2bRBB2/P1P3PP/1R4K1 b - - 0 20,d6e5 b1b7 a8c8 d3d7 c7d7 b7d7,1914,74,94,1676,advantage long master middlegame xRayAttack,https://lichess.org/2z2Csieh/black#40,
JKAeW,R1r3k1/5pp1/4p2p/2qn4/Q7/3B1P2/2P2P1P/6K1 b - - 5 27,d5b6 a4e8 c8e8 a8e8 c5f8 d3h7 g8h7 e8f8,1938,77,96,5314,crushing endgame pin sacrifice veryLong xRayAttack,https://lichess.org/61xNuwFt/black#54,
JNpNs,1r3rk1/5p1p/p5pQ/1p1Bp3/4P3/5RPP/PP2nR1K/4q3 w - - 1 30,d5f7 f8f7 f2f1 e1f1 f3f1 f7f1,1908,77,92,2302,crushing long middlegame xRayAttack,https://lichess.org/lPYZcZSr#59,
JQ63d,2r5/1p5k/p4n1N/3p3P/3PpqP1/7K/PP2Q2R/8 w - - 0 37,h6f5 c8c2 h2f2 f4f2 e2f2 c2f2,2180,77,93,1115,crushing endgame long xRayAttack,https://lichess.org/5nxVdVGs#73,
JQIfD,3r2k1/6p1/p5Qp/1pBq4/1P6/P5P1/3r1P1K/7R b - - 10 36,d8d7 h1e1 d5f7 e1e8 f7e8 g6e8,1942,79,90,1070,crushing endgame long quietMove xRayAttack,https://lichess.org/vNyfVUjl/black#72,
JSEpo,2k2r1r/2p3p1/1pQ1p2q/8/5b2/3P2B1/PPP3PP/R3R1K1 w - - 0 31,e1e6 h6h2 g3h2 f4h2,2011,77,93,297,advantage middlegame sacrifice short xRayAttack,https://lichess.org/CqOwptwI#61,
JT8d3,8/6pk/5p1p/3p4/1p1Nr3/2r5/2PR1PKP/3R4 w - - 12 43,d4f3 e4g4 g2h3 g4f4 d2d3 f4f3 d3f3 c3f3,2053,77,92,2123,advantage endgame pin veryLong xRayAttack,https://lichess.org/FjJ0EgPI#85,
JTmRt,7r/ppp2pk1/2np1qp1/4p3/4P2r/1BPP2Q1/PP1N1P2/R1B2K2 w - - 3 24,d2f3 h4h3 c1g5 f6f3 g3f3 h3f3,1978,76,95,754,advantage long middlegame xRayAttack,https://lichess.org/Xz5qPagF#47,
JXHs3,r1b2rk1/5ppp/p3p3/1pp4B/3q4/3P1Q1P/P5P1/1R3R1K b - - 1 21,d4d5 h5f7 g8h8 f3d5 e6d5 f7d5 c8d7 d5a8,1931,79,91,699,crushing middlegame veryLong xRayAttack,https://lichess.org/9baqwCk7/black#42,
JauJE,6k1/8/3p1P1B/1p1p1Bn1/1P1b4/8/8/5K2 b - - 1 40,g5e4 f5e6 g8h7 f6f7 d4g7 f7f8q g7f8 h6f8,1999,75,88,181,advancedPawn crushing endgame promotion veryLong xRayAttack,https://lichess.org/Tw65GS0G/black#80,
JbiyQ,3r4/1p1r1k1p/p2b1pp1/1P6/P2Np3/2P1P1P1/3R3P/3R2K1 b - - 0 31,d6e5 d4c6 d7d2 c6d8 d2d8 d1d8,2071,77,94,5998,crushing endgame long xRayAttack,https://lichess.org/eydVeLcr/black#62,
JcABE,8/5pk1/1p1p4/1PqPn1r1/2p4R/2N3rP/1P1Q1RPK/8 w - - 0 38,c3e4 g3g2 f2g2 e5f3 h2h1 c5g1 g2g1 g5g1,2038,76,94,3085,arabianMate fork master mate mateIn4 middlegame sacrifice veryLong xRayAttack,https://lichess.org/b9rA1L5Q#75,
JeNN2,1rr3k1/5p1p/4p1p1/4R1P1/pPP4q/2Q2P2/PK1R4/8 w - - 1 35,d2c2 c8c4 c3c4 b8b4 c4b4 h4b4,1925,82,91,1798,crushing endgame fork long master masterVsMaster sacrifice xRayAttack,https://lichess.org/jFEKwoDO#69,
Jqzzy,8/pp2r3/6pk/8/3qN2P/4R1P1/PP2RP2/6K1 w - - 1 33,e4g5 d4d1 g1g2 d1e2 e3e2 e7e2,1980,76,90,257,advantage endgame long xRayAttack,https://lichess.org/2qLLCyEo#65,
JrWRO,4n1k1/p1p2ppp/4r2q/8/6b1/1PBP4/PKP3Q1/4R3 b - - 4 27,e8f6 g2a8 f6e8 a8e8 e6e8 e1e8,2077,78,95,5899,long mate mateIn3 middlegame xRayAttack,https://lichess.org/wFRytx1l/black#54,
Jv4ay,3r2k1/2N1r1pp/1p2p3/p2bPp2/4nP2/P2B4/1P4PP/2R2RK1 w - - 1 21,f1d1 d5b3 d3c2 d8d1 c2d1 b3d1,2028,100,81,47,crushing discoveredAttack long middlegame xRayAttack,https://lichess.org/CMBdTMMU#41,
Jwfsh,3q1r1k/6pp/pb6/1p1pQb2/1P5P/P2B4/2P3P1/5R1K w - - 0 29,f1f5 d8h4 e5h2 h4e1 d3f1 e1f1 f5f1 f8f1,2070,80,88,592,crushing endgame veryLong xRayAttack,https://lichess.org/zW14N9oK#57,
Jwjur,3r2k1/2RP2pp/p3bp2/4n3/8/r1N1BP2/6PP/3R2K1 w - - 1 29,e3c5 a3c3 c7c8 d8c8 d7c8r e6c8,2173,79,87,262,crushing hangingPiece long middlegame xRayAttack,https://lichess.org/DBdKo9pT#57,
JxxPm,7k/pbpnq1pp/1p6/2b5/3p4/2B4Q/PP3rPP/2KR1B1R w - - 0 21,c3d4 e7g5 h3e3 g5e3 d4e3 c5e3,2073,83,90,1171,advantage long middlegame queensideAttack xRayAttack,https://lichess.org/buGovCvp#41,
K19yz,6r1/5k2/p4p2/6P1/1P1b1B2/7R/2r4P/5R1K b - - 0 48,f6g5 f4e5 c2f2 h3f3 f2f3 f1f3 f7e6 e5d4,2170,79,69,97,crushing discoveredAttack discoveredCheck endgame exposedKing veryLong xRayAttack,https://lichess.org/feVjBIC7/black#96,
K8iOx,2r3k1/1q3b2/4p3/4Pp2/Q2Pp1p1/p3P1Pp/Rr2NK1P/R7 b - - 4 37,c8c2 a4c2 b2c2 a2c2,2000,76,80,265,advantage middlegame short xRayAttack,https://lichess.org/53xXYFBr/black#74,
KB11n,6k1/R4p1p/3p2p1/2pPb3/2B4P/1P1Q1KP1/5P2/4q1r1 w - - 3 37,d3e2 g1g3 f2g3 e1g3 f3e4 f7f5,2035,74,95,12097,endgame long master mate mateIn3 sacrifice xRayAttack,https://lichess.org/MIvEcLdx#73,
KEoot,2bkr3/p1p2R1p/1p1p2pb/8/3Nn2P/2P3q1/PPQ1R1B1/1K6 w - - 4 26,e2e4 g3e1 e4e1 e8e1 c2d1 e1d1,2060,75,80,238,advantage long middlegame queensideAttack sacrifice xRayAttack,https://lichess.org/OkoAS2ju#51,
KG5eU,6k1/4r1pp/4R3/3p4/1P1P4/4QP2/1qr3PP/4R1K1 w - - 0 39,e1e2 c2e2 e3e2 b2e2 e6e2 e7e2,1934,79,92,1243,crushing endgame long xRayAttack,https://lichess.org/KiN7ZFtd#77,
KI5gY,4rrk1/2p5/b5pp/p1p5/2PN4/4R3/PPQN1qPP/4R1K1 w - - 1 27,g1h1 f2e1 e3e1 e8e1 d2f1 f8f1,2060,83,91,7608,backRankMate long mate mateIn3 middlegame xRayAttack,https://lichess.org/7YOQAOhI#53,
KIDxv,1r5k/pP3pbp/6p1/1B6/3n1PP1/5R2/PP4KP/R1Br4 w - - 1 24,f3c3 d4b5 c3c8 d1d8 c8d8 b8d8,1961,169,25,19,advantage hangingPiece long middlegame xRayAttack,https://lichess.org/H4NNhJhS#47,
KR9xk,8/4r1kp/p5p1/2p2b2/1pB4Q/1P1q3P/5pP1/5R1K b - - 3 41,e7e1 c4d3 f5d3 f1e1 f2e1q h4e1,1985,75,90,515,crushing endgame long xRayAttack,https://lichess.org/5c6n11mv/black#82,
KSRFF,4rr2/p4k2/b2pp2Q/2q3p1/2P1PnP1/5R2/P1RN3P/5K2 b - - 0 28,a6c4 c2c4 f8h8 f3f4 g5f4 h6f4 f7g7 c4c5,2017,75,87,402,advantage middlegame veryLong xRayAttack,https://lichess.org/y6yaqBbD/black#56,
KWbCb,Qb5r/1pk2p2/2p3p1/3P4/N1R4p/P5P1/1P3PKP/1q6 b - - 1 30,h4g3 c4c6 b7c6 a8c6 c7d8 c6f6 d8e8 f6h8,2188,76,93,2468,advantage endgame fork sacrifice veryLong xRayAttack,https://lichess.org/FXy2ZSUN/black#60,
KciY0,2r1k1Q1/pp3r1p/2q1p1p1/5p2/4p3/1PB5/PP3PPP/2R3K1 b - - 7 26,e8e7 c3b4 e7f6 g8c8 c6c8 c1c8,2099,76,87,437,advantage endgame long xRayAttack,https://lichess.org/Gp0JLPQs/black#52,
KiaZs,rr6/4kp2/1R1p4/2nPp2p/4q1p1/P1P1N1P1/4QPP1/3R2K1 w - - 1 33,d1b1 e4b1 b6b1 b8b1 g1h2 a8a3,1947,75,93,1377,advantage long middlegame xRayAttack,https://lichess.org/41cLoKrJ#65,
Kizdr,6k1/3P3p/1q3pp1/3P1n2/6r1/2PQ2P1/P2B4/4R1K1 w - - 1 32,g1h2 b6f2 h2h1 f5g3 d3g3 g4h4 g3h4 f2h4,2183,80,71,76,advantage deflection endgame sacrifice veryLong xRayAttack,https://lichess.org/X2iUGGBH#63,
KjWN1,2rr2k1/5pp1/7p/pQp5/P3b3/2R1P2P/3q1PP1/2R1N1K1 w - - 1 26,c3c5 d2c1 c5c1 c8c1 g1h2 c1e1,2108,81,85,82,crushing long middlegame pin xRayAttack,https://lichess.org/2NwqJFKK#51,
KlZM7,rnbqkbnr/ppp2ppp/4p3/3p4/1P2P1Q1/8/P1PP1PPP/RNB1KBNR b KQkq - 0 3,f8b4 g4g7 d8f6 c1b2 f6g7 b2g7,2069,78,94,9564,crushing long opening xRayAttack,https://lichess.org/UKId6sEE/black#6,French_Defense French_Defense_Other_variations
KnDa0,b2r3k/2q1rnb1/6p1/pp1Q2N1/2p3pP/P1P5/1P2RP2/2B1R1K1 w - - 0 32,g5f7 e7f7 e2e8 f7f8 d5d8 c7d8 e8d8 f8d8,2027,75,93,1991,crushing middlegame veryLong xRayAttack,https://lichess.org/m58voCe7#63,
KqMQe,1r3rk1/p4p1p/4P1p1/2p3P1/qn1pQ3/8/1P1R2P1/1KN4R b - - 2 27,f7e6 e4e6 f8f7 h1h7 a4d7 e6d7 f7d7 h7d7,1917,84,89,73,crushing middlegame pin veryLong xRayAttack,https://lichess.org/yUC2eXIV/black#54,
KrB5p,6k1/p2q1p2/1pnPrP1p/2pQ2p1/P7/2P3BP/6P1/3R3K w - - 2 35,d5c6 d7c6 d6d7 e6e8 d7e8q c6e8,2111,76,86,319,crushing endgame hangingPiece long quietMove xRayAttack,https://lichess.org/rfLVGu4Q#69,
KyiVQ,Q1kr1b1r/1pp1p1pp/3p4/3P4/5nq1/1B6/PPP1N3/3KR3 b - - 1 21,c8d7 b3a4 c7c6 a4c6 b7c6 a8c6,2197,77,95,1863,long mate mateIn3 middlegame xRayAttack,https://lichess.org/Y3aZVxTP/black#42,
Kzeq9,r7/Pq1k3p/1p1b2p1/5p2/8/1Q5P/2P2PP1/R5K1 b - - 3 40,a8a7 b3f7 d7c6 a1a7 b7a7 f7a7,2073,76,92,2181,advantage endgame intermezzo long xRayAttack,https://lichess.org/JZYKFaA6/black#80,
L1Pvw,5r1k/ppp3p1/2n3Bp/3pPP2/3P1Qbq/8/PP4K1/R4R2 w - - 0 24,f1h1 g4h3 g2f3 c6d4 f4d4 h4d4,2152,76,73,336,crushing exposedKing long middlegame xRayAttack,https://lichess.org/U4xAkSAy#47,
L1Zbd,6r1/kp6/p7/2p2N2/3pq1P1/4P1Q1/PP2K3/7R w - - 0 35,h1e1 g8g4 g3f3 g4g2 f3g2 e4g2,2089,76,95,5957,crushing endgame long xRayAttack,https://lichess.org/JzYW9Nxy#69,
L43gw,r1b2rk1/p3Qpb1/1p1p2pp/3qp3/P7/8/3NBPPP/2RR2K1 b - - 1 21,c8b7 e2f3 a8e8 e7b7 d5b7 f3b7,1967,78,92,965,advantage long middlegame xRayAttack,https://lichess.org/4GVQBQgk/black#42,
L6kSO,r1b1Rn1k/p5qp/1p1p1b2/n3NB2/3Q4/8/P4PPP/RN4K1 w - - 0 26,d4d6 c8b7 d6f8 g7f8 e8f8 a8f8,1925,76,90,869,crushing long middlegame xRayAttack,https://lichess.org/z5jqgmwk#51,
L7qIl,r4rk1/1pp3b1/8/p1pPpRP1/2P5/2N4q/PPQ5/2K2R2 w - - 0 24,c3b5 h3f1 f5f1 f8f1 c1d2 f1f2,1909,74,87,399,advantage long middlegame xRayAttack,https://lichess.org/7kR9dDoU#47,
LDC2T,4r2k/pp1q1p1p/8/5n2/8/1N3Q2/PPP1p1PP/4R1K1 b - - 1 27,d7d1 e1d1 e2d1r f3d1,1908,79,93,1120,crushing endgame short xRayAttack,https://lichess.org/8dZF2AFr/black#54,
LDegg,2n4r/p3p1bk/6pp/2BN1n2/5Q2/7q/PP3P2/3RR1K1 w - - 0 31,d5e7 f5h4 f4g3 h4f3 g3f3 h3f3,1925,78,93,854,crushing fork long middlegame quietMove xRayAttack,https://lichess.org/sIUBeFJx#61,
LDmDQ,4r1k1/5pbp/2p1q1p1/Qp1r4/6b1/1P3NP1/P1B2PP1/3R1RK1 b - - 0 25,e8d8 a5d8 d5d8 d1d8 g7f8 f1e1 e6f6 e1e8,1956,80,92,1360,crushing master middlegame veryLong xRayAttack,https://lichess.org/vn45NZ1o/black#50,
LHh71,r6r/1b2kp1p/5p2/pB1Pb2Q/Pp2PB2/2p2KP1/1q5P/R3R3 b - - 3 27,c3c2 d5d6 e5d6 f4d6,1990,108,41,22,advantage master middlegame short xRayAttack,https://lichess.org/1flitumC/black#54,
LIQja,8/5p1p/1p2bQpk/4P2P/2p3q1/4R3/5PP1/6K1 b - - 0 28,g4h5 e3e4 h5g5 e4h4 g5h4 f6h4,2079,75,93,861,advantage endgame long xRayAttack,https://lichess.org/h1OBruHG/black#56,
LJ5nD,4r2k/6p1/p6p/2p2P2/PpQ5/1Pq3B1/4p1PP/4R2K w - - 3 38,e1e2 c3a1 g3e1 a1e1 e2e1 e8e1 c4f1 e1f1,1932,82,84,128,backRankMate endgame mate mateIn4 veryLong xRayAttack,https://lichess.org/oUWbFMJD#75,
LOMEF,5rk1/p2q2p1/4r1Qp/1pP5/4R3/P2p3P/1P3PPK/8 w - - 0 45,e4e6 d3d2 e6d6 d2d1q d6d1 d7d1,2110,75,94,2350,advancedPawn advantage endgame long promotion xRayAttack,https://lichess.org/LOP59jEA#89,
LOkRJ,3r4/5pk1/p1Q1p2p/2p3p1/2PqN3/1P4PP/P4PK1/8 b - - 2 31,f7f5 e4c5 d8d6 c5e6 d6e6 c6e6,1909,78,92,7284,crushing endgame fork long xRayAttack,https://lichess.org/PyEmLT3u/black#62,
LPQ1f,3rkb1r/p2n1ppp/b3p3/2p1P1B1/2q5/5N2/P2Q1PPP/1R1R2K1 b k - 3 21,f8e7 d2d7 d8d7 b1b8 a6c8 b8c8 e7d8 c8d8 d7d8 d1d8,2044,79,89,1488,mate mateIn5 middlegame operaMate sacrifice veryLong xRayAttack,https://lichess.org/RI816CxS/black#42,
LWX7r,6k1/2p2ppp/p1Q5/4q3/3rN3/P4K1P/1P4r1/4R3 b - - 11 32,d4e4 c6a8 e5e8 a8e8 e4e8 e1e8,2046,77,90,2106,backRankMate endgame long mate mateIn3 xRayAttack,https://lichess.org/Gy4861iU/black#64,
LZW8z,r3qrk1/1p3ppp/8/R4b2/2P5/1N3P2/nP1Q2PP/1K3B1R w - - 2 20,b1a2 e8a4 a5a4 a8a4,1904,76,95,16295,mate mateIn2 middlegame pillsburysMate sacrifice short xRayAttack,https://lichess.org/lQH6o6WA#39,
Lb93P,2kr3r/1pp2p1p/p3b1p1/8/3P4/2P2NR1/PPQ2P1K/R1B2q2 w - - 0 22,a1b1 e6f5 c1g5 f1b1 c2b1 f5b1,2117,92,84,34,advantage long middlegame xRayAttack,https://lichess.org/X9LwLUSs#43,
LeYBZ,4r1k1/p1n2q1p/1p1p3b/2prp3/P1N2Pp1/1PP3P1/4NQ1P/3RR1K1 b - - 1 23,e5f4 c4d6 d5d6 d1d6,2005,75,85,585,advantage fork master middlegame short xRayAttack,https://lichess.org/9mmRMu7X/black#46,
LfIrP,r6k/2R3R1/7p/1r1pN1p1/3Pb3/p3P1P1/5PP1/6K1 w - - 2 36,c7a7 b5a5 a7a5 a8a5,2092,87,91,1853,advantage endgame short xRayAttack,https://lichess.org/SQjlZA3E#71,
LfO4J,2kr1r2/pp4pp/1P2p3/8/8/2P2R2/1P1b2PP/R1B2K2 b - - 0 22,a7b6 a1a8 c8c7 f3f8 d8f8 a8f8,2084,84,88,550,advantage endgame long xRayAttack,https://lichess.org/r6LoaLMG/black#44,
LgAHj,8/p4r1k/3p1qpp/2pQpr2/8/3PR2P/PPP2PP1/5RK1 b - - 2 26,f5f2 e3f3 f2f3 f1f3 f6f3 g2f3,2064,80,92,122379,crushing endgame long xRayAttack,https://lichess.org/GR7GCoW8/black#52,
LhpAJ,8/p4ppk/8/8/1PR1p2K/2P1P2P/6r1/8 w - - 0 33,c4e4 h7h6 e4g4 g7g5 g4g5 g2g5,1946,75,96,6186,crushing endgame long rookEndgame xRayAttack,https://lichess.org/bm4LhTzr#65,
LiSij,r1b1k2r/ppp2pp1/2pb4/8/4PBpq/2NP4/PPP2PPP/R2Q1RK1 w kq - 4 11,d1d2 h4h2 f4h2 d6h2,2070,80,91,1062,advantage kingsideAttack middlegame sacrifice short xRayAttack,https://lichess.org/pxQ1uJdu#21,Russian_Game Russian_Game_Stafford_Gambit
LkRzV,2rqr1k1/4bN1p/p3pnpB/1p1b4/3P4/1B5Q/PP3PPP/R3R1K1 b - - 0 20,g8f7 h3e6 d5e6 b3e6,1937,76,89,129,mate mateIn2 middlegame sacrifice short xRayAttack,https://lichess.org/X2iNemkY/black#40,
LkdXD,r5k1/5ppp/p7/q1p1rP2/N2pnQb1/7P/PPP3P1/2K1RB1R w - - 2 20,e1e4 a5e1 e4e1 e5e1 c1d2 e1d1,1909,76,89,414,long mate mateIn3 middlegame operaMate queensideAttack sacrifice xRayAttack,https://lichess.org/FBXZnJyC#39,
LkytA,2kr1b1r/1p3q1p/1QpPNn2/4p3/8/P2RpPpP/1PP1N1P1/5RK1 b - - 7 24,d8d6 b6d8 d6d8 d3d8,2003,76,95,14774,mate mateIn2 middlegame queensideAttack sacrifice short xRayAttack,https://lichess.org/KNHiKNQo/black#48,
LmUi2,3r2rk/p1R2Qbp/4P2p/5p2/8/5N2/PP1pqPPP/3R2K1 w - - 2 26,d1d2 e2d1 d2d1 d8d1 f3e1 d1e1,2009,76,95,1114,backRankMate long mate mateIn3 middlegame sacrifice xRayAttack,https://lichess.org/0SfyEOcX#51,
LrZ7W,2k3r1/ppp5/2b1p3/8/4NB1Q/3P4/P1q2PrP/1R3R1K w - - 0 24,h4e7 g2g1 f1g1 c6e4 d3e4 c2e4 f2f3 e4f3 g1g2 f3g2,2018,75,94,751,fork mate mateIn5 middlegame sacrifice veryLong xRayAttack,https://lichess.org/lnIfeVjh#47,
Lxb1T,3r3k/6p1/5p1p/1Q6/8/4PqPK/2R2P1P/8 w - - 9 35,b5c4 d8d5 c4g4 d5h5 g4h5 f3h5,1953,73,95,8960,advantage endgame long quietMove xRayAttack,https://lichess.org/NHqQ1eCw#69,
M3bLm,2r3k1/p4pp1/3p3p/2rPn3/4P3/qPN2PP1/P1RQ2KP/2R5 w - - 0 31,c3b1 a3c1 c2c1 c5c1,1949,75,91,1959,advantage master middlegame short xRayAttack,https://lichess.org/vIl6IqI2#61,
M5GGJ,1k1q1b1r/ppp2Qp1/7p/4p3/8/8/PPP1B1PP/3R3K b - - 1 18,d8e7 d1d7 e7d7 f7d7,1950,75,93,1821,advantage endgame short xRayAttack,https://lichess.org/2rHxlCqT/black#36,Blackmar-Diemer_Gambit_Declined Blackmar-Diemer_Gambit_Declined_Vienna_Defense
M8R5r,k7/p2qbpp1/QRp1p3/B1P4r/P2r1P1p/7P/6P1/2R4K b - - 3 33,e7c5 b6c6 d4d1 a5e1 d1e1 c1e1,2148,130,0,32,crushing long middlegame xRayAttack,https://lichess.org/aCZKteT9/black#66,
MB3zQ,rk1q3r/p4Rpp/Qp1Nb3/2p1p3/4P1n1/1P6/P2Bn1PP/R6K b - - 9 24,d8d7 a6b7 d7b7 f7b7,1920,75,95,1173,mate mateIn2 middlegame queensideAttack short xRayAttack,https://lichess.org/gsa1j33u/black#48,
MFvAJ,2r1B2k/1R5p/6p1/p3N1Pq/P3Q3/2q5/5PKP/7R w - - 2 34,e5g6 h7g6 h2h4 c8c4 e8g6 h5g4 e4g4 c4g4,2010,160,57,14,crushing middlegame veryLong xRayAttack,https://lichess.org/z16OaKnT#67,
MG6lb,3r4/P4p1p/4pkp1/8/8/5Q1P/1p3PP1/qR4K1 b - - 3 32,f6g7 f3c3 f7f6 b1a1 b2a1q c3a1,2043,76,88,524,crushing endgame long xRayAttack,https://lichess.org/IysNl3hn/black#64,
MGZpo,2Q5/p3qkr1/1p2p2r/3pPnR1/2pP1P2/P1P4P/1P6/1K4R1 b - - 4 33,h6g6 g5f5 e6f5 c8f5,1958,79,88,95,crushing master middlegame short xRayAttack,https://lichess.org/ERYrbq0P/black#66,
MGwJ5,1r5k/6pp/p5n1/5Q2/3P2NP/5PP1/1q2r3/2R2RK1 w - - 7 34,g4e3 e2e3 c1c8 e3e8 c8e8 b8e8,2048,81,80,54,crushing hangingPiece long middlegame xRayAttack,https://lichess.org/Nstau7tI#67,
MKybu,2r4r/p1q2kp1/4p2p/1QPpPp2/8/P3P3/6PP/1R3RK1 b - - 0 24,c7c5 b5d7 c5e7 f1f5 e6f5 d7f5 f7g8 f5c8,2087,76,81,88,crushing endgame interference pin sacrifice veryLong xRayAttack,https://lichess.org/BNdHGaTw/black#48,
MLLy9,3r2k1/5ppp/p2r1q2/1p6/1Pb5/P3QBP1/5P1P/R2R2K1 w - - 5 25,d1d6 f6a1 f3d1 a1d1 d6d1 d8d1 g1g2 c4f1,2017,76,95,482,crushing hangingPiece middlegame veryLong xRayAttack,https://lichess.org/FV9y89DN#49,
MLRXv,r3r2Q/1p2kpp1/p2b2qp/3P4/Np3P2/4R2P/P2B2P1/7K b - - 1 30,e7d7 a4b6 d7c7 b6a8 e8a8 h8a8,2196,79,94,1825,crushing exposedKing fork long middlegame xRayAttack,https://lichess.org/h4muq6n5/black#60,
MOPhz,r5kr/ppp3p1/2n4p/2b5/4Q1b1/2N5/PP1N1qPP/R1B1R2K b - - 9 19,g4f5 e4d5 g8h7 e1f1 a8d8 d5f5 f2f5 f1f5,2049,83,90,902,advantage kingsideAttack middlegame veryLong xRayAttack,https://lichess.org/49PoY1Yw/black#38,Italian_Game Italian_Game_Two_Knights_Defense
MRP2Q,5rk1/1p2p1bp/q3P1p1/2p5/6n1/2N2n1P/1PP3P1/2BQ1R1K w - - 0 19,f1f3 g4f2 f3f2 f8f2,1935,79,81,93,crushing fork master masterVsMaster middlegame short xRayAttack,https://lichess.org/tHI0C6in#37,Pterodactyl_Defense Pterodactyl_Defense_Eastern
MV2yk,1q5k/R5p1/5nBp/2pP4/Q1Pb1p2/7P/5rP1/5RK1 w - - 0 32,a7a8 f2a2 g1h2 b8a8 a4a8 a2a8,2029,75,93,1160,advantage discoveredAttack discoveredCheck long middlegame xRayAttack,https://lichess.org/ortEAmBf#63,
MWNsn,2kr1b2/ppp5/2n2pQ1/3p3r/3P4/2N1BKPq/PP2PP2/R4R2 w - - 3 18,g6g4 h5f5 g4f5 h3f5,2019,76,96,6426,advantage master masterVsMaster middlegame short xRayAttack,https://lichess.org/gA8n79kl#35,Queens_Pawn_Game Queens_Pawn_Game_Chigorin_Variation
MWqyN,6rk/p1n2Qp1/1p1qp2p/8/3pR3/P1P3R1/5PPP/6K1 w - - 0 29,e4g4 d4c3 h2h3 c3c2 g4g7 c2c1q g1h2 d6g3 g7g3 g8g3,2156,87,88,240,advancedPawn advantage endgame promotion veryLong xRayAttack,https://lichess.org/tqD1gJtH#57,
MXAju,1r4k1/5p1p/5np1/RN2q3/1P2P3/2Q2P2/5KPP/8 b - - 0 37,b8b5 c3e5 b5e5 a5e5,2010,94,79,52,crushing endgame master short xRayAttack,https://lichess.org/YlvkAgyF/black#74,
MbP1s,5Q2/8/p5p1/P1pq1k1p/7P/3p1rP1/1P3R1K/8 b - - 3 52,f5g4 f8f4 f3f4 f2f4,2152,75,94,11469,collinearMove endgame mate mateIn2 sacrifice short xRayAttack,https://lichess.org/HzWHkxcj/black#104,
MccFD,2r3k1/p5qp/3Q2p1/1pr2p2/2B1p3/2R5/5PPP/2R3K1 b - - 0 33,c5c4 d6e6 g7f7 e6c8 c4c8 c3c8,1957,79,85,109,advantage endgame long xRayAttack,https://lichess.org/BCCnAHNw/black#66,
MldF6,2kr3r/Rp3pp1/1npbp1p1/1q6/3P2P1/1PB1Q2P/2PK1PB1/7R b - - 0 20,d6b8 a7a5 b6d5 g2d5 b5d5 a5d5,1991,78,92,2193,crushing long middlegame xRayAttack,https://lichess.org/nOiD6V1p/black#40,
Mlyil,1r5k/6pp/1P1P2n1/pQ2p3/P3P3/5pPq/1Br2P1P/3R2RK w - - 3 32,d6d7 c2f2 d7d8r g6f8 d8f8 b8f8 g3g4 f2h2,1946,74,93,902,mate mateIn4 middlegame veryLong xRayAttack,https://lichess.org/ZBavTAGp#63,
MmKf3,1k5r/1pp3p1/p1p5/3q2B1/1P3Q1P/8/5R1K/8 w - - 1 29,f4f3 d5g5 f3f8 g5d8 f8d8 h8d8,2055,74,95,3402,advantage endgame long pin xRayAttack,https://lichess.org/vu7Lg2tS#57,
Ms3vW,5rk1/6b1/3pP3/pQ1Pn1pp/8/1P3PqP/P1B3P1/5RK1 w - - 0 39,e6e7 e5f3 f1f3 g7d4 g1h1 g3e1 b5f1 e1f1 f3f1 f8f1,2027,80,92,1027,clearance crushing kingsideAttack middlegame pin sacrifice veryLong xRayAttack,https://lichess.org/7C2U9oZo#77,
MumeS,r1b3kB/pp1r3p/1n2q1pP/1B6/5P2/1P2p3/PQPp2P1/R2K3R w - - 2 28,b5d7 e6g4 d7g4 c8g4,2028,77,75,218,collinearMove mate mateIn2 middlegame sacrifice short xRayAttack,https://lichess.org/kE79TVoc#55,
MuxAJ,5r2/5Npk/7p/5q1n/3R4/1P5P/1P1Q2PB/7K w - - 0 34,f7h6 f5b1 d2d1 f8f1 d1f1 b1f1,2101,140,85,12,clearance crushing fork long middlegame xRayAttack,https://lichess.org/8AtnGEoU#67,
N0WiU,r7/1p1bqp1k/p1p2Rrp/3pP2R/5PP1/7Q/PPP4P/6K1 b - - 2 32,d7g4 h5h6 g6h6 f6h6 h7g7 h6h7,2134,77,91,1238,crushing long middlegame xRayAttack,https://lichess.org/e3oleTf3/black#64,
N3BAg,7r/1bpp1Q2/p5pk/4Pp2/1p1n1Pq1/1B6/P4B1P/1R3R1K w - - 0 32,b3d5 g4f3 d5f3 b7f3 h1g1 d4e2,1968,79,83,394,kingsideAttack long mate mateIn3 middlegame sacrifice xRayAttack,https://lichess.org/ZZiIjxqw#63,
N4StI,3r3k/1b3n1p/5npP/8/PQ6/5P2/1Pq1p1P1/R1R3K1 b - - 1 32,d8d1 g1h2 f7h6 c1c2 e2e1q b4e1 d1e1 a1e1,2031,127,33,11,crushing defensiveMove middlegame veryLong xRayAttack,https://lichess.org/4q59BSEe/black#64,
N6kmx,8/4q1kp/2rrPpp1/3pn3/1Q6/1P6/P5PP/1B1RR1K1 w - - 1 37,d1d5 e7a7 b4d4 a7d4 d5d4 d6d4,2004,75,93,5880,crushing long middlegame xRayAttack,https://lichess.org/dDnigtTM#73,
NBw7R,4r3/bpp3k1/p2pr2p/6P1/PnP1N3/6B1/4RPKP/4R3 b - - 0 28,h6g5 e4d6 e6e2 d6e8 e2e8 e1e8,1975,77,93,4613,crushing exposedKing long middlegame xRayAttack,https://lichess.org/12zzEkIW/black#56,
NCLuF,3r2k1/5pp1/3q3p/1p1n1P2/1PpQB3/2P2P2/5KPP/R7 w - - 8 36,a1d1 d5c3 d4d6 c3d1 d6d1 d8d1,1972,76,95,1428,advantage endgame long sacrifice xRayAttack,https://lichess.org/gPgpC1cU#71,
NDK65,8/pp2k1pp/3r4/3n4/4KPP1/P6P/1PR1N3/8 w - - 4 30,c2d2 d5c3 e4e3 c3d1 d2d1 d6d1,2121,74,94,2320,advantage endgame long xRayAttack,https://lichess.org/Kn7sMey1#59,
NFPcQ,r3r1k1/1p2qpbp/2p1n1p1/p3B3/3P4/1PP1RN2/1P2Q1PP/5RK1 w - - 1 22,e5g3 e6d4 e3e7 d4e2 e7e2 e8e2,1920,75,87,186,advantage kingsideAttack long middlegame xRayAttack,https://lichess.org/vvLKjoAu#43,
NG7yL,r3r3/1p4kp/1qnp2p1/p4b2/2P1BP2/P1NQ2P1/1P2PK1P/R6R w - - 5 19,e2e3 b6b2 d3c2 b2c2 e4c2 f5c2,1930,78,92,2000,advantage long middlegame xRayAttack,https://lichess.org/q7gJPgdA#37,Indian_Defense Indian_Defense_Budapest_Defense
NJ1yR,5rk1/3n2pp/pp6/3PP3/1PPQ1Rn1/6P1/P1q3KP/4R3 w - - 1 26,g2f1 g4h2 f1g1 h2f3 f4f3 f8f3,2016,75,94,2555,crushing exposedKing fork long middlegame xRayAttack,https://lichess.org/dkdDGaqG#51,
NJ46M,2kr2b1/ppp3R1/5B2/8/4Pb2/P2P1n1q/1PKNQP2/8 w - - 0 23,e2f3 g8b3 c2b3 d8d3 f3d3 h3d3,2082,80,89,679,advantage attraction deflection fork long middlegame sacrifice xRayAttack,https://lichess.org/wTP1NRSY#45,
NJ97m,2r5/3bQp2/p2p1Ppk/1p5p/4P2P/n1R3P1/PPP2qB1/2KR4 w - - 1 28,e7f7 f2c2 c3c2 c8c2,2004,77,87,148,mate mateIn2 middlegame queensideAttack sacrifice short xRayAttack,https://lichess.org/UzUnQVzx#55,
NKQJn,3rr1k1/pQ5p/2p4P/4P1p1/4N3/2P1p3/qP4P1/2K4R b - - 0 27,a2f7 e4f6 g8f8 f6h7 f7h7 b7h7,1925,77,91,191,crushing deflection endgame fork long xRayAttack,https://lichess.org/JxYbNeFD/black#54,
NKhkX,6k1/pbrr1pp1/4p3/1pP1P1QB/3q4/8/5R1P/3R2K1 b - - 1 36,d4c5 h5f7 d7f7 d1d8 c5f8 d8f8 f7f8 f2f8 g8f8 g5d8 f8f7 d8c7,1952,77,91,734,attraction crushing fork middlegame sacrifice veryLong xRayAttack,https://lichess.org/uJ3iolzz/black#72,
NNQPG,rnR1n1k1/p3qppp/1p1b4/1p1PN3/5B2/6PB/PP3P1P/5RK1 b - - 0 19,d6e5 d5d6 e5d6 f4d6,2071,94,89,1708,advantage middlegame pin short xRayAttack,https://lichess.org/c2X5M4nb/black#38,Queens_Pawn_Game Queens_Pawn_Game_Symmetrical_Variation
NPjNZ,2r3k1/2r1q1pp/p4p2/1p1p1Q2/1PnP2N1/P3P1P1/6P1/2R2RK1 b - - 0 25,c4e3 f5c8 c7c8 c1c8 g8f7 g4e5 f7e6 c8c6,2169,83,91,1105,advantage master middlegame pin veryLong xRayAttack,https://lichess.org/IDzVXm2S/black#50,
NQA8U,4rr1k/1p1R3p/p5p1/5q2/2BQ1P2/2P5/PP4PP/2K5 b - - 5 23,f8f6 d7f7 f5f4 d4f4 f6f4 f7f4,1951,78,90,677,crushing endgame long xRayAttack,https://lichess.org/IkZt8lSV/black#46,
NQNJU,1r2r1k1/p4pb1/b1p2npp/1qPpp3/8/QP2P1P1/PB1N1PBP/R3R1K1 b - - 2 19,g7f8 g2f1 f8c5 a3a6 b5a6 f1a6,1993,82,82,58,crushing long middlegame xRayAttack,https://lichess.org/t8F0RHph/black#38,Benoni_Defense Benoni_Defense_Old_Benoni
NRhYs,3br1k1/pp1P1p1p/5pp1/5N2/4qPP1/1P5P/P2Q3K/5R2 b - - 0 27,e4e2 f1f2 e2f2 d2f2,1904,74,89,467,crushing defensiveMove endgame short xRayAttack,https://lichess.org/vnRypvOe/black#54,
NSC4l,r7/5p2/2p1pk2/1p3p2/r2P3P/nKP3P1/R3BP2/7R w - - 0 33,h1a1 a3c2 a2a4 c2a1 a4a1 a8a1,2049,78,88,96,advantage endgame long xRayAttack,https://lichess.org/iPsEbd4T#65,
NSpeg,5rk1/5pp1/4p3/2qp2P1/7Q/4P3/1pr2PK1/1R3R2 b - - 3 39,c2c1 f1h1 c1h1 b1h1 f7f6 g5g6 d5d4 h4h7,2093,85,86,119,collinearMove endgame mate mateIn4 veryLong xRayAttack,https://lichess.org/tt4G2eXp/black#78,
NTLNI,r5k1/1b3p2/2q1p1pB/4PP2/4n1QN/2bR4/1p4PP/3R3K w - - 0 34,f5g6 e4f2 h1g1 f2g4 d3d8 c6e8 d8e8 a8e8 g6f7 g8f7,2006,123,88,16,crushing fork middlegame veryLong xRayAttack,https://lichess.org/VizgTTqs#67,
NUKsB,8/6bk/4Q3/p1pB3p/PpP2q2/1P6/4K3/8 b - - 1 59,f4e5 d5e4 e5e4 e6e4,2131,85,91,853,crushing endgame master short xRayAttack,https://lichess.org/aCBveiZk/black#118,
NVFSL,1r4k1/2pn1p1p/5npP/1B2p1B1/1R2P3/8/r1q1QPP1/1R4K1 w - - 0 23,b5d7 c2b1 b4b1 b8b1 g1h2 a2e2,1922,76,95,9471,crushing long middlegame xRayAttack,https://lichess.org/nVRMDByt#45,
NX8WW,3r2k1/1p1r1ppp/p7/3npP2/4B3/5P2/PP1R1KPP/R7 w - - 0 22,a1d1 d5c3 d2d7 c3d1 d7d1 d8d1,2085,75,95,1687,advantage endgame long xRayAttack,https://lichess.org/Y7xCGdZ7#43,
Nb1L6,4rr1k/2RR1pp1/1p5p/8/p7/5QPP/2P1qPK1/8 w - - 0 29,d7f7 e2f3 f7f3 f8f3 g2f3 e8a8,2018,75,70,196,crushing defensiveMove endgame long master xRayAttack,https://lichess.org/KqjDlS1g#57,
NbD3p,3r4/p1q5/1pnkr3/2p2Q2/4pP2/1P1bP3/PB4PP/R2R2K1 b - - 0 30,d8g8 d1d3 e4d3 f5d3,2059,76,87,675,advantage middlegame short xRayAttack,https://lichess.org/Svb8O41s/black#60,
Nccbx,5rk1/7p/2q2rRQ/pp2Bp2/2pPbP2/2P3R1/P5PP/6K1 b - - 0 32,f6g6 h6g7 g6g7 g3g7,1958,78,91,394,advantage kingsideAttack middlegame sacrifice short xRayAttack,https://lichess.org/BQbcSHuc/black#64,
NfSag,r5k1/3n1p1p/p2N2p1/8/1p1Q1P2/1b5P/2p1N1PK/1qR5 b - - 5 32,b3e6 d4e4 a8b8 c1b1 c2b1r e4b1,2189,76,93,8737,advantage long middlegame xRayAttack,https://lichess.org/vIqJriHF/black#64,
Nfp3K,rnq1nr1k/p3b1pB/7p/2pPN3/2P5/2N4b/P1Q2PP1/R1B3K1 b - - 0 18,h3f5 h7f5 c8f5 e5g6 f5g6 c2g6,2071,76,95,1031,advantage fork long middlegame xRayAttack,https://lichess.org/2ID78Bcf/black#36,Blumenfeld_Countergambit Blumenfeld_Countergambit_Other_variations
NjajA,rr4k1/5ppp/2P5/p2Bnb2/P3p2B/7P/2QP1PP1/qN3RK1 b - - 5 21,b8b2 c2c3 b2b1 c3a1 b1a1 f1a1,2048,75,88,210,advantage long middlegame xRayAttack,https://lichess.org/TJncZTAW/black#42,
NnagU,6rk/6q1/7p/p1P5/6rP/8/2Q2RP1/5RK1 w - - 3 46,c5c6 g7d4 c2b2 g4g2 g1h1 d4b2 f2b2 g2b2,1970,73,94,11070,crushing endgame veryLong xRayAttack,https://lichess.org/XskZWpSD#91,
Nnt19,3r4/4r1k1/pq3pb1/1p2p1pp/3P4/P3NP1P/1P4PK/2QRR3 b - - 0 40,d8d4 e3d5 d4d5 d1d5,2089,80,91,2607,advantage fork middlegame short xRayAttack,https://lichess.org/S40lo9Hp/black#80,
NoKap,1r3rk1/5pbp/b1p1p1pn/p3P2P/P3qPP1/1N3N2/1BP2KQ1/3R3R b - - 4 22,e4f4 d1d4 h6g4 g2g4 f4g4 d4g4,1946,77,95,11278,advantage long middlegame xRayAttack,https://lichess.org/7kExsvti/black#44,
NqTp4,3r4/1p2n1kp/p3Q1p1/2B5/1q6/6P1/Pb3P1P/2R3K1 b - - 1 28,d8d1 g1g2 b4e1 e6e1 d1e1 c1e1,2169,82,79,77,crushing defensiveMove long middlegame xRayAttack,https://lichess.org/fks12Epm/black#56,
NqhfU,r3r1k1/pp4pp/b1p2p1R/3p4/P2Q2N1/2P1PPP1/2q3P1/R5K1 b - - 2 26,g7h6 d4f6 c2g6 g4h6 g6h6 f6h6,2172,82,87,102,advantage intermezzo kingsideAttack long middlegame xRayAttack,https://lichess.org/Ld4B4DHH/black#52,
NrqFi,2r5/2r2p2/1p3k2/2n4p/7P/p4B2/P1R1KP2/2R5 w - - 0 35,f3h5 c5b3 c2c7 b3c1 c7c1 c8c1,2116,77,86,116,crushing endgame long master xRayAttack,https://lichess.org/2zZnL8tz#69,
NtNBR,2r3k1/5pp1/p1r1p2p/1pNpPnq1/1P1P4/P1RQ2P1/5PKP/2R5 w - - 3 29,c5a6 f5h4 g2f1 g5c1 c3c1 c6c1,2190,76,92,3626,crushing long middlegame pin xRayAttack,https://lichess.org/l6WyK0Cn#57,
NvncE,3r4/k3r3/PpK1P2p/1Pp1R1pP/8/3p1P2/6P1/4R3 w - - 0 61,e5d5 d3d2 d5d2 d8d2,2096,76,95,345,advancedPawn crushing endgame master rookEndgame short xRayAttack,https://lichess.org/NIbxkYRe#121,
Nzhgl,5r2/q2R2kp/4Q1p1/1p1P1rB1/8/6bP/1P4P1/5R1K b - - 2 31,a7d7 e6d7 f8f7 g5h6 g7h6 d7f7 f5f7 f1f7,2157,75,92,7166,crushing deflection hangingPiece middlegame veryLong xRayAttack,https://lichess.org/wwm3Nk1Y/black#62,
O3J4v,2b2rk1/6pp/2p1q3/8/Q2R1p2/4p3/P4PPP/1R4K1 w - - 0 25,d4f4 e3f2 f4f2 f8f2 g1f2 e6f5 f2e3 f5b1,2079,78,92,8870,advancedPawn advantage attraction endgame fork veryLong xRayAttack,https://lichess.org/sy4Bcg11#49,
O3iy4,1rbqk1nr/pp1n1pb1/3p2p1/1N1N3p/4PQ1P/8/PPP2PP1/R3KB1R b KQk - 0 11,g7e5 b5d6 e5d6 f4d6,2093,77,92,337,advantage master middlegame short xRayAttack,https://lichess.org/7zwZRVpa/black#22,Queens_Pawn_Game Queens_Pawn_Game_Other_variations
O4ze4,4r3/p5kp/1pqb2p1/3b2Q1/2pP4/P4PP1/1P3BBP/5RK1 b - - 5 33,d5f3 d4d5 c6d5 g5d5 f3d5 g2d5,1950,77,93,3720,advantage long middlegame xRayAttack,https://lichess.org/1CcFrpyR/black#66,
O7E0z,5r2/p2p1ppk/2b4p/4PR2/P2p2Q1/3q3P/6P1/5R1K w - - 0 32,f5f7 d3f1 f7f1 f8f1 h1h2 f1f2 h2g1 f2g2 g4g2 c6g2,2155,77,85,103,crushing endgame fork veryLong xRayAttack,https://lichess.org/gANCcyir#63,
O7uHU,2r3k1/1p3ppp/p2b4/4p3/2P4P/1P2B3/P4PP1/3R2K1 b - - 1 27,c8d8 e3b6 d6c7 d1d8 c7d8 b6d8,2070,78,92,4495,crushing endgame long xRayAttack,https://lichess.org/Vh3Gk5zu/black#54,
OAntX,4r2k/2Q1P1p1/7p/3P2q1/5n2/P7/1P2R1PK/4R3 w - - 1 34,c7d8 g5h4 h2g1 f4e2 e1e2 e8d8 e7d8r h4d8,2031,93,89,26,advantage endgame veryLong xRayAttack,https://lichess.org/P6VR2Xy9#67,
OBDY7,8/5p2/6k1/P7/3R2K1/1P1R2P1/2P5/5q2 w - - 3 41,d4f4 f7f5 f4f5 f1f5 g4h4 f5h5,1913,76,94,737,endgame long mate mateIn3 queenRookEndgame xRayAttack,https://lichess.org/du8uyBw0#81,
OCVg4,5rk1/3n2p1/2p1p2p/1p1pP3/5r2/qPP1QN2/4BRPP/5R1K w - - 3 30,f3d4 f4f2 f1f2 a3a1 e2f1 a1f1 f2f1 f8f1 e3g1 f1g1,1919,163,100,22,equality kingsideAttack middlegame veryLong xRayAttack,https://lichess.org/EOwVTOJF#59,
OFMn0,1k6/pp2qppp/1r4b1/1N6/2Q5/5P2/P5PP/2R3K1 b - - 5 31,b6c6 c4f4 b8a8 b5c7 e7c7 f4c7 c6c7 c1c7,1935,76,84,93,advantage endgame veryLong xRayAttack,https://lichess.org/hDsPtMqd/black#62,
OFeN9,r5r1/pp1k1p1Q/1q2pB2/3p1N2/3b2n1/7P/PP4PK/2R2R2 w - - 1 24,h3g4 g8h8 h7h8 a8h8 f6h8 d4h8,1961,73,94,9696,advantage long middlegame pin xRayAttack,https://lichess.org/41mn7Tur#47,
OGGEX,2r2rk1/5p2/1p1Pp1p1/1p6/1P2PPPp/P1R2Q1P/1q6/3R3K w - - 4 34,d1c1 b2c1 c3c1 c8c1 h1g2 f8c8,1902,76,96,5114,crushing defensiveMove endgame exposedKing long xRayAttack,https://lichess.org/5NB6ihHa#67,
OIIDq,r4r1k/p5pp/2pp4/1p2qP2/8/PB2R1Pb/1R2QP1P/6K1 b - - 0 21,e5f5 b3e6 h3g4 e2g4 f5g4 e6g4,1979,78,92,2504,advantage long middlegame xRayAttack,https://lichess.org/3JNT37pN/black#42,
OKETQ,7k/pp3R2/4P1rp/2p3b1/3pQ3/P2P2qP/1P4B1/6K1 w - - 3 40,f7f3 g5e3 f3e3 g3e3 e4e3 d4e3,2195,77,96,1411,advantage endgame exposedKing long pin xRayAttack,https://lichess.org/EnDI8zTX#79,
OLnyE,3r1r1k/p3q1p1/b2NP2p/3Q4/1p6/1P4P1/P6P/2R1R1K1 w - - 1 28,d6f7 e7f7 e6f7 d8d5 e1e8 d5d8 e8d8 f8d8,2075,76,83,133,advantage middlegame veryLong xRayAttack,https://lichess.org/Yn2k0Rsz#55,
OMH78,3rr1k1/p4ppp/b1p1p3/1p2Qn2/4B3/PP2R1PP/1Bq2P2/R5K1 b - - 4 31,d8d1 e3e1 d1e1 a1e1,2086,78,84,99,advantage defensiveMove middlegame short xRayAttack,https://lichess.org/7DQS6knr/black#62,
OMr6V,4rr2/2pk4/p4q1p/1pPn2p1/1P1P4/7P/PQ2RPPB/R5K1 w - - 7 29,a1e1 f6f2 g1h1 f2e1 e2e1 e8e1,2155,76,87,215,crushing kingsideAttack long middlegame xRayAttack,https://lichess.org/4V7uAI8X#57,
OTCDK,4r1k1/3r1p1p/6p1/2p5/1pNbRQPB/1Pq4P/2P5/4R1K1 w - - 1 34,h4f2 c3e1 e4e1 e8e1 g1g2 e1e2,2089,79,90,348,crushing exposedKing kingsideAttack long middlegame pin xRayAttack,https://lichess.org/Q68oEYFx#67,
OTplL,3r4/7p/6p1/5p2/1PQ1p3/2P1Pqk1/7R/2BrR1K1 w - - 15 44,c4f1 f3f1 e1f1 d1f1,1982,85,77,41,crushing middlegame short xRayAttack,https://lichess.org/LlQFSwmT#87,
OVBN9,r3k3/pp3p2/2p1q2p/3bB3/4BP2/4b1rP/PPQ3P1/4RR1K w q - 7 25,e4f5 g3h3 f5h3 e6h3,1939,78,96,1570,kingsideAttack mate mateIn2 middlegame pin short xRayAttack,https://lichess.org/Q9lqF4T4#49,
OVJi1,8/1p1R2k1/5p1p/1pq2P2/4nQ2/P7/1Pr3PP/7K b - - 1 37,g7f8 f4b8 c5c8 d7d8 c8d8 b8d8,1922,77,92,2006,advantage endgame exposedKing fork long xRayAttack,https://lichess.org/KvFeNqG8/black#74,
OWeMR,r3r3/pbpq2bk/1p1p2p1/4p1Qp/3P2P1/2PB3K/PP5N/R4R2 b - - 0 27,d7e6 g5h5 g7h6 d3g6 e6g6 f1f7 g6f7 h5f7,1984,75,96,405,advantage fork middlegame pin veryLong xRayAttack,https://lichess.org/vLrq1SL1/black#54,
OaPmq,r5k1/pp3p1n/5Qp1/5p2/4r3/4BqPB/P4P1P/K2R3R w - - 3 26,d1d8 e4e8 d8e8 a8e8,2159,82,90,322,advantage defensiveMove middlegame short xRayAttack,https://lichess.org/W5R3r04R#51,
OaTV6,3r2k1/7p/4p1p1/1pNbPp2/3P1P2/2b1K1P1/B3R2P/8 b - - 2 35,d5c4 c5e6 c4e6 a2e6 g8f8 d4d5,1992,115,70,38,crushing defensiveMove endgame long xRayAttack,https://lichess.org/o629dulf/black#70,
Oaqgi,b6k/4n1pp/3Q4/3n4/5P2/6P1/1rq3BP/4R1BK w - - 2 30,g2d5 c2g2 d5g2 a8g2,1922,72,93,9825,mate mateIn2 middlegame sacrifice short xRayAttack,https://lichess.org/YoKQjy3j#59,
Og54n,4rrk1/1pp3pp/p7/2PRpR2/2B1p3/1P6/P1P3Pb/2K5 b - - 1 21,c7c6 d5d8 g8h8 f5f8 e8f8 d8f8,1925,80,95,11956,backRankMate deflection discoveredAttack discoveredCheck endgame long mate mateIn3 xRayAttack,https://lichess.org/wh129d1Y/black#42,
OgVRk,7r/4kppp/8/2rpP3/8/3RP3/2p2PPP/2R3K1 w - - 1 27,d3d2 h8b8 f2f4 b8b1 d2c2 b1c1 c2c1 c5c1,1977,76,96,3901,crushing endgame quietMove rookEndgame veryLong xRayAttack,https://lichess.org/I8M4BbHh#53,
Ok4DY,4r1k1/4rpp1/p1Q1b2p/B6q/1p1p2n1/3P2PP/1PP2PB1/R3R1K1 b - - 9 29,e6d5 c6e8 e7e8 e1e8,1913,75,87,755,crushing kingsideAttack middlegame short xRayAttack,https://lichess.org/3whLYroL/black#58,
OmeVZ,r1r3k1/5pp1/3p3p/1PqPp3/4Pb2/p4N1P/R4PP1/1R1Q2K1 b - - 1 33,a8a4 d1a4 c5c1 a4d1 c1d1 b1d1,1996,76,95,726,crushing hangingPiece long middlegame xRayAttack,https://lichess.org/jgV9owsa/black#66,
Omk8G,r2qr1kb/ppp2p1p/4N1pB/5b2/2B2Q2/7P/PPP3P1/R4RK1 b - - 0 20,f5e6 f4f7 e6f7 c4f7,2015,148,39,25,kingsideAttack mate mateIn2 middlegame sacrifice short xRayAttack,https://lichess.org/tHVKtEKu/black#40,
OmrJe,1R1r2k1/3Q1ppp/2p2q2/2r1p3/P7/7P/5PP1/1R4K1 b - - 6 31,c5d5 d7e8 d8e8 b8e8,1985,77,80,390,backRankMate endgame mate mateIn2 sacrifice short xRayAttack,https://lichess.org/8dLrtqcO/black#62,
OphiD,r1bqrk2/pp3ppB/2n1pb1p/4N3/3P1BR1/8/PP1Q1PPP/R5K1 b - - 10 17,d8d4 e5g6 f7g6 f4d6 d4d6 d2d6,2052,79,86,64,advantage clearance long middlegame sacrifice xRayAttack,https://lichess.org/P9YOjpQZ/black#34,Semi-Slav_Defense Semi-Slav_Defense_Main_Line
Osmyo,r6r/p2kbQp1/1p1qp3/3n4/5B2/1P5P/P4P1P/1K1RR3 b - - 3 27,d6c6 e1e6 c6e6 d1d5 e6d5 f7d5,2053,77,91,249,crushing long middlegame xRayAttack,https://lichess.org/NqfJnrjU/black#54,
Osr3B,5rk1/1Q1R1pb1/4p1p1/8/4P2p/7P/4q1P1/5R1K w - - 2 28,d7f7 e2f1 f7f1 f8f1 h1h2 g7e5 g2g3 h4g3 h2g2 f1f2,1973,75,93,1110,crushing endgame veryLong xRayAttack,https://lichess.org/K5sArO50#55,
OtD5q,8/4qpk1/6p1/1p1Pr2p/3Q4/8/5RPK/8 b - - 1 42,g7h7 d5d6 e7e6 d6d7 e5d5 d7d8q d5d8 d4d8,2129,83,82,51,advancedPawn crushing endgame promotion veryLong xRayAttack,https://lichess.org/vhK3FxjS/black#84,
Ov2FF,6k1/5p1p/1q2p1p1/3p4/3K4/1PQ1PP1P/P5P1/3B1n2 w - - 15 36,c3c5 e6e5 d4d5 f1e3 c5e3 b6e3,1973,77,92,390,crushing deflection endgame fork long pin xRayAttack,https://lichess.org/pCx4eaod#71,
OxfB8,4R1nr/1p3pk1/2q5/2p1P1Bp/1p1bQ1bP/3B4/5P2/5RK1 w - - 3 28,g5f6 g8f6 e5f6 d4f6 e8h8 c6e4 d3e4 g7h8,2076,85,90,763,crushing intermezzo middlegame veryLong xRayAttack,https://lichess.org/t0NvZhxR#55,
P1U9V,3r2k1/5pp1/7p/8/5QP1/P1q2PKP/3p4/1RrR4 b - - 5 38,c3a3 b1c1 a3c1 d1c1 d2c1r f4c1,1979,78,89,929,advantage endgame long xRayAttack,https://lichess.org/m3TNtuaa/black#76,
P65xV,rr4k1/3P1pnp/1NR3p1/pBp5/P3ppPq/3Q3P/1P6/6K1 w - - 0 29,b6a8 e4d3 c6c8 h4d8 c8d8 b8d8,2024,75,94,3313,crushing long middlegame xRayAttack,https://lichess.org/J9Ut1rsB#57,
PEYxP,3r2k1/1pR1qpp1/p3p2p/4Q3/1n1P4/1P2N2P/P4PP1/6K1 b - - 13 29,d8d7 e3f5 e6f5 e5e7 d7e7 c7e7,2043,75,85,169,advantage endgame long xRayAttack,https://lichess.org/deB9LeP2/black#58,
PF9SP,5rk1/2R3q1/8/4rp1Q/p3p2P/P7/b4PP1/2R3K1 b - - 2 38,f8f7 c7f7 a2f7 c1c8 e5e8 c8e8 f7e8 h5e8,2180,84,91,387,advantage clearance exposedKing middlegame veryLong xRayAttack,https://lichess.org/aTv9pXlj/black#76,
PGyeT,r4rk1/5ppp/8/2RQP3/3P4/4P1P1/1q5P/5RK1 w - - 0 26,f1f7 a8a1 f7f1 g8h8 d5f3 a1f1 f3f1 f8f1,1944,78,94,1927,advantage endgame fork pin veryLong xRayAttack,https://lichess.org/9IcQ9FR9#51,
PHDjC,r4qr1/1p1k4/pB2p2p/P2p1p1Q/2n3pP/2R5/5PP1/3R2K1 b - - 0 25,f8b4 h5f7 b4e7 d1d5 e6d5 f7d5,2086,77,86,195,crushing long middlegame pin sacrifice xRayAttack,https://lichess.org/dnyWHzmE/black#50,
PIOHV,8/R3b1pk/1P3r1p/3Q4/1PpP1p2/2P2P1P/3B1PK1/1q6 w - - 1 35,d5e4 f6g6 e4g6 b1g6,1988,76,100,76,advantage endgame short xRayAttack,https://lichess.org/XzKm8mHo#69,
PIbmq,4r1k1/7p/p1p3p1/3q4/6Q1/7P/2P1p1P1/4R2K b - - 1 37,d5d1 e1d1 e2d1q g4d1,1958,75,90,800,crushing endgame short xRayAttack,https://lichess.org/XRhHKrKp/black#74,
PKOsa,r3r1k1/pp3p2/2pp1ppQ/7p/4qN1P/P7/1PP5/1K4R1 b - - 0 26,g6g5 f4h5 e4g6 h5f6 g6f6 h6f6,2004,74,92,797,crushing endgame fork long pin xRayAttack,https://lichess.org/hiXMRsgL/black#52,
PKkt0,6k1/5pb1/5np1/p2qQpNp/3P4/Br5P/6P1/4R1K1 w - - 0 28,e5f6 d5d4 f6d4 g7d4 g1f1 b3a3,2145,77,71,158,crushing long middlegame xRayAttack,https://lichess.org/oIeRqhTO#55,
PRLyC,5k2/3q1pp1/2p3p1/1p2QnP1/5P2/P1B4r/1P6/1K2R3 b - - 2 34,h3d3 e5b8 d7d8 c3b4 f8g8 e1e8 d8e8 b8e8,2056,76,94,6393,crushing endgame fork veryLong xRayAttack,https://lichess.org/It9xhSEd/black#68,
PTxXq,r1b4R/1p1nk1p1/p2pB3/6p1/3N4/6P1/P1PK4/8 b - - 4 23,b7b5 e6d5 c8b7 h8a8 b7a8 d5a8,2139,76,94,7082,advantage endgame long xRayAttack,https://lichess.org/py0cJUEw/black#46,
PW20o,Q4b1k/2r2qpp/pp4n1/5N2/3P4/1P2P3/P5PP/5RK1 b - - 7 27,f7d7 f5h4 c7c8 h4g6 h7g6 f1f8 c8f8 a8f8,1967,89,68,53,advantage middlegame veryLong xRayAttack,https://lichess.org/vzLzf4DH/black#54,
PW9F8,2k5/r1qb1r2/2p1pP2/3p3Q/pR6/2P3Pp/PP5P/4R1K1 b - - 6 33,d7e8 e1e6 f7e7 h5e8 e7e8 e6e8,2070,76,88,564,crushing exposedKing long middlegame queensideAttack xRayAttack,https://lichess.org/2Ynr5Owa/black#66,
PXZ71,2r3k1/p4pp1/p6p/q7/b4Q2/2N2N2/P4PPP/1R4K1 b - - 2 22,a5c3 f4a4 c3c1 a4d1 c1d1 b1d1,2003,76,70,136,advantage endgame hangingPiece long xRayAttack,https://lichess.org/YfFbxFM0/black#44,
PajdZ,r2r2k1/4qpp1/3Rb2p/np2P3/p1p1Q3/2P2N1P/4BPP1/3R2K1 b - - 0 22,d8d6 e4a8 e7d8 a8d8 d6d8 d1d8,1906,79,92,1184,advantage fork hangingPiece long middlegame xRayAttack,https://lichess.org/zgkR5ux6/black#44,
PeyQE,k5r1/8/p7/1p1p2pP/1P1P4/P1RKQ3/8/1q6 w - - 2 46,c3c2 g8c8 e3c1 b1c1 c2c1 c8c1,2091,75,88,256,crushing endgame long pin xRayAttack,https://lichess.org/BVNpdicM#91,
Ph8Tm,r4rk1/1pp2ppp/p1b5/4PB2/5P1q/2P1P2n/PBQ2PKP/R4R2 w - - 3 19,f5e4 h4g4 g2h1 g4f3 e4f3 c6f3,1915,75,94,4019,long mate mateIn3 middlegame sacrifice xRayAttack,https://lichess.org/vskDMieK#37,
Ph8m2,R7/1p1r1pp1/5kbr/4Rp2/1P1P1P2/2Q5/1P3KB1/3q4 b - - 4 30,d7d4 e5d5 d1d2 c3d2 d4d2 d5d2,1978,85,73,48,crushing long middlegame pin xRayAttack,https://lichess.org/m8R57YsU/black#60,
PihKV,3r4/1p1rk1pp/1p2pp2/8/3Nn3/P2R3P/1P3PP1/3R2K1 b - - 5 30,e7f7 d4c6 d7d3 c6d8 d3d8 d1d8,2094,77,86,88,advantage endgame long xRayAttack,https://lichess.org/KJS5PY2X/black#60,
PilXl,r6k/1b5r/pp1pq3/4pNQ1/2P1P3/1P1R4/P4PPP/1B5K b - - 8 35,b7e4 d3d6 e6f5 g5f5 e4f5 b1f5,2079,78,86,241,advantage long master middlegame xRayAttack,https://lichess.org/pkf4g8f1/black#70,
PjGm5,2Q5/1p2kb2/q3p3/1pP1Pp1p/3Bp1pP/4P1P1/5PK1/8 b - - 16 46,b5b4 c5c6 a6c6 d4c5 c6c5 c8c5,2089,75,88,335,clearance crushing endgame long xRayAttack,https://lichess.org/bvMkgIM5/black#92,
PjO1b,4rrk1/2q3p1/p1pbb1Bp/Pp1p3n/1P1P4/2P2N1P/2Q1RPP1/4R1K1 b - - 0 23,e6f7 e2e8 f8e8 e1e8 f7e8 g6e8,1915,75,85,1057,advantage kingsideAttack long middlegame xRayAttack,https://lichess.org/NVXkTXyG/black#46,
PjOQs,2kr1b1r/ppp3pp/2nqb3/3NPp2/2B1Q3/2P5/PP3PPP/R1B2RK1 b - - 0 12,e6d5 e4f5 d6d7 e5e6 d7e6 f5e6 d5e6 c4e6,1918,78,89,384,advantage opening queensideAttack veryLong xRayAttack,https://lichess.org/KwB2GcFd/black#24,Petrovs_Defense Petrovs_Defense_Damiano_Variation
PjgM0,3rr1k1/1R1b1qpp/p7/2B5/P1p1Pp2/2P2P2/2Q1K1PP/3R4 w - - 9 28,c2d2 d7a4 b7f7 a4d1 d2d1 d8d1,2030,137,83,21,advantage long middlegame sacrifice xRayAttack,https://lichess.org/GrCeg5SS#55,
PkGm2,6k1/p2q2p1/1p5p/4Q3/8/5pPP/PP1r1P2/4R1K1 b - - 2 35,d7d4 e5e6 g8h8 e6c8 d4d8 e1e8 d8e8 c8e8,1932,76,93,4374,clearance crushing endgame fork veryLong xRayAttack,https://lichess.org/5dokgCcP/black#70,
Pl2wH,2kr4/pp3p2/2pqp2p/Q2n1rp1/6P1/1R3B2/PPP2P1P/3R2K1 b - - 1 27,d5f4 a5d8 d6d8 d1d8 c8d8 g4f5,2079,81,92,493,advantage long middlegame queensideAttack xRayAttack,https://lichess.org/Ps4IUCOk/black#54,
PnyFn,3r4/p5k1/1qp1bpp1/2n1p2p/1p2P2P/3NQPP1/1PP1B1K1/R7 b - - 5 28,c5d3 a1a7 b6a7 e3a7,2010,78,85,69,crushing master middlegame short xRayAttack,https://lichess.org/zR4ZhuFq/black#56,
PpcnB,k1r4r/P1p1q3/1p1pNn1p/3b2p1/1PQ1B3/8/6PP/R3R1K1 b - - 0 30,e7e6 c4c6 d5c6 e4c6,1923,79,93,854,mate mateIn2 middlegame queensideAttack sacrifice short xRayAttack,https://lichess.org/oHvjiXRL/black#60,
Ppugu,r1b2rk1/pp3pbp/6pB/8/3Nq3/1P5P/P1P2QP1/4RR1K b - - 1 22,e4d4 f2f7 f8f7 e1e8 g7f8 e8f8 f7f8 f1f8,2060,78,89,511,kingsideAttack mate mateIn4 middlegame sacrifice veryLong xRayAttack,https://lichess.org/fYAXkbtU/black#44,
PsUTK,4r1k1/p4pbp/q1pN2p1/2B3Pn/3P4/1Q3P1b/2P1N2P/4R1K1 b - - 5 26,e8e2 b3f7 g8h8 f7e8 e2e8 e1e8 g7f8 e8f8 h8g7 d6e8,2108,74,93,761,kingsideAttack mate mateIn5 middlegame sacrifice veryLong xRayAttack,https://lichess.org/by7xRMk9/black#52,
PwQFl,r2b2rk/pp3pqn/2bPpp1p/2N5/5P1B/3Q1B2/PP4PP/4RR1K w - - 5 26,c5b7 g7g2 f3g2 c6g2,1910,78,93,3525,advantage kingsideAttack middlegame sacrifice short xRayAttack,https://lichess.org/y7tYcVlZ#51,
Pxaeg,8/pp2n1pk/6rp/4Q3/1P2P3/Pq1P4/1B5P/6RK b - - 6 34,b3d3 e5g7 g6g7 g1g7,1920,77,93,605,crushing endgame sacrifice short xRayAttack,https://lichess.org/GWb1AbAP/black#68,
Q0edc,rr4k1/1q2ppb1/3p1npp/8/p2BP1PP/N4P2/PPPQ4/2KR3R w - - 1 19,g4g5 f6e4 f3e4 b7b2 d4b2 g7b2,2000,76,79,91,advantage long middlegame queensideAttack sacrifice xRayAttack,https://lichess.org/f2vANWJM#37,Sicilian_Defense Sicilian_Defense_Open
Q3WoI,r1b1k2r/1pp3pp/1b3nn1/pP1q2N1/P2P4/BQ6/5PPP/RN2R1K1 b - - 1 16,e8d8 g5f7 d5f7 b3f7,1995,78,89,204,crushing fork middlegame short xRayAttack,https://lichess.org/p8DZ4obn/black#32,Italian_Game Italian_Game_Classical_Variation
Q5D3V,8/3k1p2/3P2p1/4qnP1/1p1n2Q1/1r1B2P1/8/3R1RK1 w - - 1 35,g4f4 d4e2 d3e2 b3g3 f4g3 e5g3,2138,92,88,337,crushing exposedKing fork long middlegame sacrifice xRayAttack,https://lichess.org/GGDWoS8K#69,
Q6GT8,5r2/1pR2rpk/p3p2p/4Q3/qP2P3/8/1B3bPP/5R1K b - - 1 25,a4b4 e5g7 f7g7 c7g7 h7h8 g7b7 b4b2 b7b2,2058,77,88,75,advantage discoveredAttack discoveredCheck middlegame sacrifice veryLong xRayAttack,https://lichess.org/9ZOLzH6o/black#50,
Q817g,4r2k/p4Qbp/Pqp1r3/3bN3/1ppP1BPP/2P2P2/6K1/R3R3 b - - 0 34,e6e5 f7e8 e5e8 e1e8 d5g8 e8b8,2175,79,91,1932,crushing kingsideAttack long middlegame xRayAttack,https://lichess.org/h4TZsJyR/black#68,
Q9tRw,4r1k1/pp3p1p/2p3pQ/4r2P/4q3/PR6/1PP5/1K4R1 b - - 2 27,e5h5 h6h5 e4e1 h5d1 e1d1 g1d1,1946,75,94,2263,advantage endgame long pin xRayAttack,https://lichess.org/tCPfAH8K/black#54,
QEYEh,2krr3/pp2qppp/8/2p1n3/8/2NPQ1P1/PPP3KP/4RR2 w - - 0 18,f1f5 e5d3 e3e7 d3e1 e7e1 e8e1,2073,75,93,7182,crushing long middlegame sacrifice xRayAttack,https://lichess.org/c9SYbXp9#35,Sicilian_Defense Sicilian_Defense_Lasker-Dunne_Attack
QG0PJ,8/2p3pk/1q1r3p/p7/3R4/P5N1/3Q2PP/6K1 w - - 4 43,g3f5 b6b1 d2d1 b1d1 d4d1 d6d1,2165,78,94,3383,crushing endgame fork long xRayAttack,https://lichess.org/sMTid1qO#85,
QIFVa,8/6kp/1q4p1/p2Ppr2/2p3QP/P7/5PP1/3R2K1 w - - 0 31,d5d6 b6f2 g1h2 f5f4 g4g3 f4h4 g3h4 f2h4,2060,82,90,165,crushing endgame veryLong xRayAttack,https://lichess.org/nI6K5VDv#61,
QMMsm,3Q2k1/5r2/7p/p7/6P1/P7/4Kp2/5Rq1 b - - 3 48,g8g7 d8d4 g7g8 f1g1 f2g1r d4g1,1919,75,83,101,crushing endgame long xRayAttack,https://lichess.org/1iZpfeik/black#96,
QNNrt,r5k1/3r1p1p/p2P1qp1/2P5/1P6/3Q4/R4PPP/R5K1 w - - 3 31,a2a6 f6a1 a6a1 a8a1 d3f1 a1f1 g1f1 g8f8,1961,76,91,335,advantage defensiveMove endgame veryLong xRayAttack,https://lichess.org/oWQP6NrJ#61,
QNSaq,3r3k/3r2bp/q5p1/1p1Ppp2/p4P1Q/P1B4P/1PB3P1/3R2K1 b - - 0 31,d7d5 h4d8 d5d8 d1d8 g7f8 d8f8,2047,78,89,1668,crushing kingsideAttack long middlegame pin xRayAttack,https://lichess.org/W4LChKRo/black#62,
QX0A5,r5k1/pp1b1r1p/3QpqpR/3p4/8/2PB4/PP3PPP/5RK1 b - - 1 24,e6e5 d3g6 h7g6 h6g6 f6g6 d6g6,2189,75,94,1185,advantage fork long middlegame xRayAttack,https://lichess.org/ZJKEmrRl/black#48,
QYBFz,6r1/pkp5/1pn1N2p/3pPp2/Q2Pq3/2P5/PP3RPP/6K1 w - - 1 30,a4c2 g8g2 g1f1 e4c2,1931,72,94,18062,crushing endgame short xRayAttack,https://lichess.org/Vrc89eS3#59,
QZ2OF,3r1r1k/1p4p1/p1p1n2p/2P1N2b/QP3p2/4P1P1/3q1PBP/R1R3K1 w - - 1 26,g3f4 e6f4 e3f4 d2f4,2155,75,94,1583,advantage master middlegame short xRayAttack,https://lichess.org/eJozP7YH#51,
QbbJb,1k2r3/p1p1r1p1/1p1q3p/1QNpRp2/3P4/2P3P1/PP3nP1/2K1R3 b - - 0 26,e7e5 b5e8 e5e8 e1e8 d6d8 e8d8,2073,80,70,243,long mate mateIn3 middlegame queensideAttack xRayAttack,https://lichess.org/sUiVGTsx/black#52,
Qd2WR,r5r1/pp6/4Q2p/2P2R1k/6p1/8/2P2KPP/q7 b - - 0 32,g8g5 e6f7 h5h4 g2g3 h4h3 f7h5 g5h5 f5h5,1918,76,75,183,endgame mate mateIn4 sacrifice veryLong xRayAttack,https://lichess.org/iNz8Nnqi/black#64,
QeAMN,8/8/1k1Q4/1p3p2/5P1p/4P3/8/qr1R2K1 b - - 3 57,b6a5 d6d8 a5a4 d8a8 a4b3 a8a1 b1a1 d1a1,2091,76,89,513,crushing endgame veryLong xRayAttack,https://lichess.org/uSw0EX4u/black#114,
QfKZi,3q1k2/3r1pp1/1p3n1p/p1p1B3/P1P2Q2/3P3P/5PP1/3R2K1 b - - 6 25,d7d3 e5d6 d8d6 f4d6 d3d6 d1d6,1959,75,95,4705,advantage endgame long xRayAttack,https://lichess.org/wuS7FAR7/black#50,
QieIq,4r2k/6pp/3R4/p2Q4/8/5PPb/Pqr2B1P/3R2K1 w - - 6 30,d1d2 c2c1 d2d1 e8e1 d1e1 c1e1 f2e1 b2g2,1955,76,96,11690,mate mateIn4 middlegame sacrifice veryLong xRayAttack,https://lichess.org/LdvhANPp#59,
QjEFm,3r2k1/p4p1p/4q1pb/8/1P1B4/2Q2P2/P2R1KPP/8 w - - 7 28,d4e3 e6e3 c3e3 d8d2 e3d2 h6d2,2080,74,94,11060,advantage endgame long xRayAttack,https://lichess.org/HfyI1VKf#55,
QksiW,4rr1k/7p/p2p4/2pPbp2/2P3Q1/1P1q3P/P4RP1/5RBK w - - 0 34,f2f5 d3f1 f5f1 f8f1,2030,76,89,1334,crushing middlegame short xRayAttack,https://lichess.org/IukfjbHn#67,
QlP28,8/p1p5/2kpp3/Q1p5/2P5/1K4R1/PP3r2/7q b - - 1 44,f2f3 b3a4 h1d1 b2b3 f3b3 g3b3,2162,78,92,6629,crushing defensiveMove endgame long xRayAttack,https://lichess.org/kNMHCqU8/black#88,
QmggN,7k/3q2p1/1p2R1Qp/p5P1/7P/P1P2r1K/1P6/8 w - - 1 41,h3g4 f3e3 g6e8 d7e8 e6e8 e3e8,2067,81,91,1881,crushing endgame long pin xRayAttack,https://lichess.org/dH9Etzec#81,
QwEjo,6k1/1Q4p1/2p2pbp/1PPN4/8/5nP1/6KP/4qB2 b - - 4 29,g6e4 d5f6 g7f6 f1c4 e4d5 c4d5 c6d5 b7d5,2180,76,93,2674,advantage endgame sacrifice veryLong xRayAttack,https://lichess.org/HxeVbcMs/black#58,
Qxxy1,1k1r4/p2R1pp1/1p2p1p1/4P3/2p1QPP1/Pqr5/1P3B2/2KR4 w - - 0 29,c1b1 b3d1 d7d1 d8d1,1991,78,92,762,crushing master middlegame queensideAttack short xRayAttack,https://lichess.org/goByxOlx#57,
R2JMH,r4rk1/pp3ppp/4pb2/2pq4/3P2N1/2Q5/PPP2P1P/2KR2R1 b - - 1 19,f6d4 g4f6 d4f6 c3f6 d5d1 c1d1,2154,77,95,8532,advantage long middlegame pin xRayAttack,https://lichess.org/8K8qOu9O/black#38,Caro-Kann_Defense Caro-Kann_Defense_Classical_Variation
R5eQ1,k2r4/r6p/2p1p3/1p2PpN1/6p1/1R2Q3/5PPP/qR4K1 w - - 4 37,g2g3 d8d1 b1d1 a1d1 g1g2 d1d5,2104,79,88,72,advantage long middlegame xRayAttack,https://lichess.org/zxYmt5Cn#73,
R7riQ,6rk/pp3pr1/3pPb1p/2pP1P2/1q3P2/1P6/P1Q1R1PN/5RK1 w - - 1 31,c2d2 g7g2 g1h1 b4d2 e2d2 g2d2,1937,77,91,439,advantage kingsideAttack long master middlegame xRayAttack,https://lichess.org/qhSVnhwX#61,
R8L9W,3r1rk1/5pp1/1p5p/2b5/Q3PB1q/1BN5/PP3nPP/R4RK1 w - - 0 20,f4g3 f2e4 f1f2 c5f2 g3f2 h4f2,1949,75,94,2938,advantage discoveredAttack discoveredCheck kingsideAttack long middlegame xRayAttack,https://lichess.org/5pz2UYJ1#39,
RC4b1,3r2k1/pp3pN1/3b1p1Q/2pP4/8/2Pq4/PP1BrnPP/2KR3R b - - 2 21,f2h1 g7h5 d3g6 h5f6 g6f6 h6f6,1942,77,92,531,crushing kingsideAttack long middlegame xRayAttack,https://lichess.org/a5bUpZMR/black#42,
RDS3t,2r2rk1/p1R2R2/1p2p1p1/7p/6n1/4PQP1/Pq3PP1/2N3K1 w - - 4 26,f3b7 b2c1 c7c1 c8c1,1958,79,89,647,master mate mateIn2 middlegame short xRayAttack,https://lichess.org/7RO2hQhw#51,
RDk9r,r1b2rk1/pp3p1p/2p3pB/4b3/4B3/5Q2/PqP3PP/3R1R1K b - - 1 18,e5g7 f3f7 f8f7 d1d8 g7f8 d8f8 f7f8 f1f8,1902,76,100,93,kingsideAttack mate mateIn4 middlegame sacrifice veryLong xRayAttack,https://lichess.org/ACZJsEj6/black#36,Kings_Gambit_Accepted Kings_Gambit_Accepted_Fischer_Defense
RI36a,8/6R1/4p2p/p3r2k/8/8/5PPK/8 b - - 1 35,a5a4 h2h3 e5g5 g2g4 g5g4 g7g4,1935,76,97,327,crushing endgame long rookEndgame xRayAttack,https://lichess.org/O8PgMOHt/black#70,
RJX8p,r2q3r/ppp2kbp/3pb3/3Q1R2/8/8/PPP3PP/RNB3K1 b - - 0 13,f7e7 c1g5 e7d7 f5f7 e6f7 d5f7,1922,76,96,6721,crushing long middlegame sacrifice xRayAttack,https://lichess.org/WoVDkLTk/black#26,Kings_Gambit Kings_Gambit_Other_variations
RJkX9,4R3/p5pk/1b1p3p/6q1/P2PQ3/2P4P/1P3rP1/7K b - - 3 26,f2f5 e8f8 g5c1 h1h2 c1f4 e4f4 f5f4 f8f4,2098,83,88,984,crushing endgame pin veryLong xRayAttack,https://lichess.org/DGZlaFMq/black#52,
RKxl7,Q1kr3r/1pp1bppp/3p1n2/3P4/4P3/1BN2b1q/PPP4P/R1B2RK1 b - - 1 14,c8d7 b3a4 c7c6 a4c6 b7c6 a8c6,2077,75,93,4272,long mate mateIn3 middlegame xRayAttack,https://lichess.org/LZJBSbBs/black#28,Kings_Gambit_Declined Kings_Gambit_Declined_Queens_Knight_Defense
RLIKT,r2q2r1/3p1p1k/p1b3np/1p3p2/7N/3Q3R/PPB2PPP/3R2K1 b - - 1 21,c6e4 h4f5 e4f5 d3f5,1937,76,91,518,advantage middlegame short xRayAttack,https://lichess.org/WxjMTvXO/black#42,
RMdh5,3r2k1/1p3pp1/2p3q1/7p/pPPpR3/P2Q1PrP/3R2P1/6K1 w - - 4 29,e4d4 g3g2 d2g2 g6d3 d4d3 d8d3,1953,77,93,1229,advantage deflection endgame kingsideAttack long xRayAttack,https://lichess.org/Sv7aIPSd#57,
RMtGx,1r2Bk2/4R2p/1p1p1rp1/3P4/6bq/8/1Q4PP/4R2K b - - 11 32,h4f2 e7f7 f8g8 b2f2 f6f2 f7f2,2191,75,93,3419,crushing long middlegame xRayAttack,https://lichess.org/xblGNE17/black#64,
RNGRF,7k/1p2q1p1/p2pn2p/4pQ2/4PP2/7P/7K/6R1 b - - 0 50,e6f4 g1c1 e7e6 c1c8 e6c8 f5c8,1920,75,95,6148,crushing endgame long master quietMove xRayAttack,https://lichess.org/cDLSK6Ob/black#100,
RPjiT,2r3k1/5p1p/1pq1pbp1/pN1p4/Pn1P3P/2Q1PNP1/1P2KP2/R7 w - - 2 21,a1c1 b4a2 c3c6 a2c1 c6c1 c8c1,1980,78,91,134,advantage fork long middlegame sacrifice xRayAttack,https://lichess.org/J2wyEGU4#41,
RQt9c,4R3/1q1r1p1k/4p1pb/4Q2p/3p4/5NPP/5P1K/8 b - - 1 40,h6g7 f3g5 h7h6 e8h8 g7h8 e5h8 h6g5 f2f4 g5f5 h8e5,1928,78,94,12868,endgame mate mateIn5 sacrifice veryLong xRayAttack,https://lichess.org/hQHV5fO8/black#80,
RRMnD,r4rk1/p1p2pp1/2p4p/1p2Pb2/2q2P1B/8/P1PRQ1PP/3R3K b - - 4 19,c4f4 d2d4 f5g4 e2g4 f4g4 d4g4,1993,76,78,74,advantage long middlegame xRayAttack,https://lichess.org/bzvBKLVE/black#38,
RRu0T,4RQ2/1q3ppk/p1r4p/1p3p2/3P4/P1P4P/1P4P1/6K1 b - - 2 33,c6e6 f8g8 h7g6 e8e6 f7e6 g8e6,1972,78,93,1211,advantage endgame long master xRayAttack,https://lichess.org/0w5nloNc/black#66,
RSU9y,6k1/3b1pPp/p7/6P1/1pP5/qP3Q1P/P2R2B1/1K2r3 w - - 1 36,d2d1 d7f5 b1a1 a3c1 d1c1 e1c1 a1b2 c1b1,2001,76,95,2084,endgame mate mateIn4 operaMate queensideAttack sacrifice veryLong xRayAttack,https://lichess.org/00jECpdI#71,
RSrDM,2r1qrk1/p1p1bpp1/1pQ4p/4BP2/3P4/P2R4/1P3PPP/5RK1 w - - 4 23,d3g3 e8c6 g3g7 g8h8 g7f7 e7f6 e5f6 c6f6 f7f6 f8f6,2031,83,91,1377,crushing middlegame veryLong xRayAttack,https://lichess.org/4yRGYK0n#45,
RTJMn,3r2k1/5qpp/7r/6QP/pN1pP3/P7/1PP5/K5R1 b - - 2 35,d8f8 g5h6 f7f1 h6c1 f1c1 g1c1,2134,75,96,1984,advantage endgame long pin xRayAttack,https://lichess.org/q3ur4Kjr/black#70,
RcZVU,r7/6p1/2R4p/5p2/1p1R4/2n2P2/1k3P1P/3K4 w - - 2 40,d1e1 a8a1 e1d2 a1d1 d2e3 c3d5 d4d5 d1d5,2098,84,90,942,crushing endgame veryLong xRayAttack,https://lichess.org/MFYMAq0x#79,
RcnOq,4r1k1/5pp1/p6p/1p1p1Q1P/8/P2P3P/1qr1N1PK/4RR2 b - - 0 25,c2e2 f5f7 g8h7 f7g6 h7h8 g6e8 e2e8 e1e8,1990,86,100,60,crushing endgame veryLong xRayAttack,https://lichess.org/JXrpo3iC/black#50,
RfLBy,r4rk1/2q3pp/4p3/2bp4/8/1P1B3P/PB3RP1/R2Q2K1 w - - 1 22,d3h7 g8h7 b2d4 f8f2 d4f2 c5f2,1906,75,85,155,advantage hangingPiece long middlegame pin xRayAttack,https://lichess.org/9wcho4n5#43,
RlfxJ,6k1/p5p1/1pp4p/8/3r1p2/5q2/PPP2P2/2K1R1Q1 b - - 3 29,f3d5 g1g6 d5f7 e1e8 f7e8 g6e8,1950,80,86,71,advantage endgame long xRayAttack,https://lichess.org/gZjeVUs6/black#58,
Rna0f,4r1k1/p4ppp/5n2/Q7/3p4/1N6/PPq2PPP/R1B3K1 w - - 0 21,a5d2 e8e2 d2e2 c2e2,1956,80,81,65,advantage middlegame short xRayAttack,https://lichess.org/nLTjIrIk#41,
RqRZG,4r1k1/1r4bp/3P2p1/1p2qbB1/2p1N3/P2n2P1/1P1RQPBP/3R2K1 w - - 3 31,f2f3 f5e4 e2e4 e5c5 g5e3 c5e3 e4e3 e8e3,2090,74,94,4971,advantage discoveredAttack master middlegame veryLong xRayAttack,https://lichess.org/v3qLMyUY#61,
Rvnjz,5r1k/ppRrNp1p/1n3qp1/8/8/6Q1/P4PPP/4R1K1 b - - 9 26,f6e7 g3c3 h8g8 e1e7 d7e7 c7e7,2022,75,89,108,advantage intermezzo long middlegame xRayAttack,https://lichess.org/2htAJmKJ/black#52,
Rxu5f,5r1k/p3R3/8/2p4p/2Pb4/1P1p3P/P2B2P1/2K5 w - - 3 34,d2e3 d4c3 e3d2 f8f1 e7e1 f1e1 d2e1 c3e1,2088,79,91,217,crushing endgame exposedKing quietMove veryLong xRayAttack,https://lichess.org/CrsCnRyc#67,
S15R9,4r3/5k1p/p2bN1p1/3P1p2/2PR1Pn1/8/Pr2RKBP/8 w - - 3 32,f2e1 d6b4 e1d1 g4f2 e2f2 b2f2,2003,80,92,982,crushing exposedKing long middlegame xRayAttack,https://lichess.org/p0wrIFEL#63,
S6REl,5r1k/1R4b1/6Qp/p7/P2q4/2r4P/5PPB/5RK1 w - - 5 35,b7g7 d4f2 g1h1 f2f1 h2g1 c3h3 g2h3 f1h3 g1h2 f8f1,1924,76,89,84,crushing deflection master middlegame veryLong xRayAttack,https://lichess.org/z0RSkqid#69,
SB2cR,2k4r/ppp5/3p1r2/8/q2pPnRp/3P1P1P/PPP2Q1N/1K1R4 w - - 6 29,d1g1 f4h3 g4g8 f6f8 g8f8 h8f8 f2h4 h3g1,2015,75,86,273,advantage fork middlegame veryLong xRayAttack,https://lichess.org/MbyeNPMG#57,
SCihl,1n1rr2k/6pp/5p2/q7/2QN4/P3R2P/5PP1/2R3K1 w - - 3 29,c1e1 a5e1 e3e1 e8e1 g1h2 e1e4 c4c7 e4d4,1925,77,90,775,advantage middlegame veryLong xRayAttack,https://lichess.org/79K8bJoc#57,
SEBTF,r4rk1/p3bppp/2p5/q2pPb2/5P2/P2BB3/1PQn2PP/R4RK1 w - - 0 17,e3d2 a5c5 f1f2 c5c2 d3c2 f5c2,2037,79,92,2049,crushing long middlegame xRayAttack,https://lichess.org/PEgnFl6a#33,Sicilian_Defense Sicilian_Defense_Taimanov_Variation
SN0DQ,1r4k1/6p1/1P1p1r1p/p3p3/8/P2RNbP1/3R1P1P/6K1 w - - 3 32,d3d6 b8b6 d6b6 f6b6,1905,77,93,1478,advantage endgame short xRayAttack,https://lichess.org/5mOaUCkl#63,
SVSVZ,r1b2rk1/pp4pp/2pq2n1/8/P1PPQP2/B7/2P3PP/R4RK1 b - - 2 19,f8f4 e4e8 f4f8 f1f8 d6f8 a3f8,2024,77,88,77,crushing kingsideAttack long middlegame xRayAttack,https://lichess.org/wdbMSbNl/black#38,
SYQiQ,6k1/pQp2qpp/2npN1r1/7n/3P4/2P5/PP2R1P1/6K1 b - - 0 28,g6e6 b7c8 f7e8 c8e8 e6e8 e2e8 g8f7 e8c8,1914,77,92,556,advantage endgame veryLong xRayAttack,https://lichess.org/Ov1lndIr/black#56,
SZGrL,3r2k1/p1p2pbp/6p1/6q1/8/1B5P/PpP2PP1/1R2Q1K1 b - - 2 23,g7c3 e1c3 g5c1 c3e1 c1e1 b1e1,1926,78,88,417,advantage endgame hangingPiece long xRayAttack,https://lichess.org/9NffbLkj/black#46,
SZRTb,1kr4r/pp1n1pb1/4P2p/q5p1/2Q5/2N2NP1/PP3PP1/2KRR3 w - - 1 20,e6d7 c8c4 e1e8 a5d8 e8d8 h8d8,2050,76,93,3185,advantage hangingPiece long middlegame xRayAttack,https://lichess.org/YKmI8xHo#39,
SbdW6,2r3k1/3p2pp/1qPQp3/2R2pN1/7P/P7/1r3PP1/6K1 b - - 2 28,c8c6 d6d7 b2b1 g1h2 b6c7 d7c7 c6c7 c5c7,2117,75,91,376,advantage endgame veryLong xRayAttack,https://lichess.org/OyGGE8UY/black#56,
ScaV3,r2b2rk/pp6/2pQ1p1p/7p/8/4RqP1/PPP2P2/5RK1 b - - 1 27,g8g3 d6g3 f3g3 e3g3,1985,75,86,139,advantage middlegame short xRayAttack,https://lichess.org/FoaKSJog/black#54,
SeSWa,r4rk1/5ppp/2p2bq1/1pPp4/1Pb2P2/4PB2/1B1Q2PP/R3R2K w - - 6 26,e3e4 a8a1 b2a1 f6a1 e1a1 d5e4,2014,80,91,1384,crushing long middlegame xRayAttack,https://lichess.org/m1WTzMlQ#51,
Siaw9,2r1kb1r/pp5p/3p4/2q1pQ2/5P2/1P1P4/P1P1pRPP/2R3K1 b k - 0 25,c5c2 f5c8 c2c8 c1c8 e8d7 c8c1,1905,74,94,579,advantage defensiveMove exposedKing long middlegame xRayAttack,https://lichess.org/ICCNXiKG/black#50,
SkhQh,r2r2k1/1p2Qp1p/2q3p1/p4b2/5RP1/1B6/PP1p1P1P/3R2K1 b - - 1 26,f5e6 f4f7 e6f7 b3f7,2002,75,93,2349,crushing kingsideAttack middlegame short xRayAttack,https://lichess.org/TZRP06mt/black#52,
Smq29,8/p5pp/1p2pk2/5b2/3qp3/3n4/PP1Q1PPP/2R1K2R w - - 4 24,e1e2 d4f2 e2d1 d3b2 d2b2 f2b2,2020,78,93,5326,crushing endgame long xRayAttack,https://lichess.org/lWlLKmr8#47,
SpAuM,5rk1/rR3p1p/3p2pQ/3Pb3/4P3/6PB/q6P/5RK1 w - - 3 26,f1f7 e5d4 g1h1 a2a1 h3f1 a1f1 f7f1 f8f1,2139,76,87,159,crushing middlegame veryLong xRayAttack,https://lichess.org/b79gntYP#51,
SrBLT,2r4r/p3qb2/Pp1p1bk1/1P1P1p2/2N3P1/B2QP1p1/5P2/2R2BK1 b - - 0 36,e7e4 g4f5 e4f5 d3f5,1950,76,93,1464,crushing master middlegame short xRayAttack,https://lichess.org/fgEtnXaS/black#72,
Sshhe,r3q1kr/ppp3bp/6n1/5bP1/2p5/B7/P2NB1PP/2Q2RK1 b - - 13 22,f5d3 c1c4 d3c4 e2c4 e8e6 c4e6,1927,76,82,117,kingsideAttack long mate mateIn3 middlegame morphysMate sacrifice xRayAttack,https://lichess.org/g2zwjQgM/black#44,
StxB0,8/8/P5p1/2pk1pP1/8/3K4/3B1bP1/8 b - - 0 39,c5c4 d3e2 f2b6 d2e3 d5c6 a6a7 b6a7 e3a7,1971,75,95,2483,advancedPawn bishopEndgame crushing defensiveMove endgame veryLong xRayAttack,https://lichess.org/uow4gVPS/black#78,
SvSbu,1b2r3/1p2rkp1/p1p1N2p/5Pp1/1P1PR1P1/P3R2P/8/6K1 b - - 2 35,f7f6 e6g7 e7e4 g7e8 e4e8 e3e8,2092,78,86,575,crushing endgame long xRayAttack,https://lichess.org/oPBQLvlr/black#70,
SwK93,r1b2k1r/ppp2p1p/3p4/2q1b2Q/3p1N2/3P4/PPP2PPP/R1B1R1K1 b - - 4 15,e5f4 h5h6 f4h6 c1h6 f8g8 e1e8,2139,74,95,14099,long mate mateIn3 middlegame pillsburysMate sacrifice xRayAttack,https://lichess.org/Vlxroewq/black#30,Italian_Game Italian_Game_Other_variations
Swb4b,r3r2k/6pp/3p1q2/p7/4P3/RP6/2P1Q1PP/R5K1 w - - 0 31,a3a5 f6d4 e2f2 d4a1 a5a1 a8a1,2137,74,93,11446,crushing endgame long master xRayAttack,https://lichess.org/C8Ou3To1#61,
T2MvO,5rk1/2R1Rpp1/p6p/1r3Q2/8/q4BP1/5P1P/6K1 w - - 2 26,e7f7 a3a1 g1g2 b5f5 f7f5 f8f5,2035,79,89,161,advantage long middlegame xRayAttack,https://lichess.org/sdkzNw3r#51,
T4C1G,7k/R3p2p/3pQp2/1B6/P6q/5P2/4K1r1/5R1r w - - 1 39,e2e3 h4e1 f1e1 h1e1 e3f4 e1e6,1997,77,70,58,advantage long middlegame sacrifice skewer xRayAttack,https://lichess.org/mM2kRjyY#77,
T4FDX,B3k2r/p2b1pp1/3bpn2/3p4/7p/4B1Pq/P2N1P1P/R2QR1K1 w k - 0 18,e3f4 h4g3 f4g3 d6g3,1932,82,92,9115,crushing middlegame short xRayAttack,https://lichess.org/slqRTSUD#35,French_Defense French_Defense_Advance_Variation
T4zXl,r1b1r2Q/p1pqkpp1/1pnbp3/3p4/3PN2B/4P3/PPP2PPP/R3K2R b KQ - 9 16,f7f6 h4f6 g7f6 h8f6,2160,76,94,11412,mate mateIn2 middlegame short xRayAttack,https://lichess.org/FcBMBxe0/black#32,Horwitz_Defense Horwitz_Defense_Other_variations
T58fx,rr4k1/2Q2p1p/6p1/3q4/2Bbp1b1/8/P4PPP/B3R1K1 b - - 1 30,d5c5 c7f7 g8h8 f7f6 d4f6 a1f6,2075,83,94,145591,doubleBishopMate long master mate mateIn3 middlegame sacrifice xRayAttack,https://lichess.org/Q9YxuQC3/black#60,
T59gk,6rk/p6p/Pp4r1/3P1p2/1P2p3/2q2P2/R4Q1P/4R2K w - - 0 30,f3e4 g6g2 a2c2 c3c2 f2c2 g2c2,2065,77,88,421,crushing endgame long master masterVsMaster xRayAttack,https://lichess.org/y5Fos1Hb#59,
T5ntF,1k6/pppr2p1/2n1q3/P1QnPp1p/1P3P2/8/2P2BPP/3R2K1 b - - 5 28,d5b4 c5f8 c6d8 f8d8 d7d8 d1d8 e6c8 f2a7 b8a7 d8c8,1954,80,75,71,crushing middlegame pin queensideAttack veryLong xRayAttack,https://lichess.org/mxV2wPjY/black#56,
T8kv1,r5k1/3b1ppp/pb1Np3/1p2P3/5B2/8/PP3PPP/2R2K2 b - - 5 21,a8a7 d6c8 a7b7 c8b6 b7b6 c1c7 d7e8 c7c8 g8f8 f4e3 b6c6 e3c5 c6c5 c8c5,1944,76,90,905,crushing endgame fork pin veryLong xRayAttack,https://lichess.org/C5h2LBiE/black#42,
T8rPC,7k/1b1n2rp/pp3p1N/3pq3/8/1Q2P3/PP3PBP/2RR3K w - - 1 27,g2d5 e5e4 f2f3 e4f3 d5f3 b7f3,1969,76,86,105,kingsideAttack long mate mateIn3 middlegame sacrifice xRayAttack,https://lichess.org/O96n1npG#53,
T9vms,3q2k1/pp4pp/8/5QP1/5Pb1/1P4r1/P4R1K/2R5 w - - 3 31,c1c8 g3h3 h2g2 d8c8 f5c8 g4c8,2011,74,88,1036,advantage endgame long xRayAttack,https://lichess.org/ceHsFR1M#61,
TBa2H,8/5r1k/3r1p1p/p1q5/4RQ2/6P1/3p3P/3R3K b - - 1 49,c5c1 d1c1 d2c1q f4c1,2118,82,91,1151,crushing endgame short xRayAttack,https://lichess.org/mImbo3af/black#98,
TIeuc,5r1k/P4r2/6p1/2Q4p/3pq3/6P1/1P3R1P/5RK1 b - - 0 36,f7f2 c5f8 f2f8 f1f8 h8h7 a7a8q,1904,77,89,189,advancedPawn crushing endgame exposedKing long promotion xRayAttack,https://lichess.org/ufH7ob9F/black#72,
TIsgO,8/2k5/p7/Pp2r2p/5p2/2P2B1P/R4PK1/2n5 w - - 4 42,a2c2 c1d3 c2e2 d3e1 e2e1 e5e1,2082,73,93,9237,crushing endgame long xRayAttack,https://lichess.org/p0uBsd0L#83,
TIznz,r1b1r1k1/ppqn1p2/2p4p/3p2p1/3P2KB/2NBP3/PPQ1NPP1/R4R2 w - - 1 15,d3f5 d7f6 g4f3 g5g4 f5g4 c8g4,1976,79,92,330,long mate mateIn3 middlegame xRayAttack,https://lichess.org/vje1uc9a#29,Queens_Gambit_Declined Queens_Gambit_Declined_Exchange_Variation
TKN2N,5rk1/Q5pp/1R1q1p2/2p5/2bppP2/P5P1/2PB3P/6K1 b - - 1 27,e4e3 b6d6 e3d2 d6d4 c5d4 a7d4,2093,76,90,1306,advantage endgame long xRayAttack,https://lichess.org/9LRX23zO/black#54,
TKdE6,1r2r1k1/p4pp1/2pqb2p/3p3Q/P7/3B2PP/2P3PK/4RR2 b - - 0 25,b8b4 f1f7 e6f7 e1e8 f7e8 h5e8 d6f8 d3h7 g8h7 e8f8,2175,85,91,1531,crushing deflection kingsideAttack middlegame veryLong xRayAttack,https://lichess.org/Fl7y3X9W/black#50,
TL14i,5r1k/2R3pp/1p4q1/2pQ4/P7/2P4P/5rP1/4R2K w - - 2 31,e1e7 g6g3 e7f7 f2f1 f7f1 f8f1,1991,85,85,62,collinearMove endgame long mate mateIn3 xRayAttack,https://lichess.org/cRK1DCCS#61,
TNCl7,8/p6p/7k/3B1p2/4nP2/1P1R3P/P3K1r1/8 w - - 0 44,e2f3 g2g3 f3e2 e4c3 d3c3 g3c3,1971,75,65,197,advantage endgame long xRayAttack,https://lichess.org/KYDQkYUA#87,
TSPKG,5rk1/p1p5/8/2R2Pr1/2Pp2pq/1P1P2R1/P4Q2/6K1 w - - 2 37,c5c7 g5f5 g3f3 h4f2 f3f2 f5f2,1929,76,89,316,crushing endgame exposedKing long xRayAttack,https://lichess.org/ziO7Ue74#73,
TTsnN,6k1/2P1bp2/4p3/p5pp/4BK2/P3Q1P1/1PR2P2/3r3q w - - 0 32,f4e5 d1d5 e4d5 h1d5,2074,76,94,13161,endgame mate mateIn2 sacrifice short xRayAttack,https://lichess.org/milTTDfk#63,
TW3LN,5r1k/2q1b1pp/2p2n2/3p1Q2/3P4/3B4/r4PPP/1RB2RK1 w - - 0 20,c1g5 f6e4 g5f4 c7f4 f5f4 f8f4,2097,86,88,38,crushing long middlegame xRayAttack,https://lichess.org/6bK6lAs3#39,
TaD0b,6k1/7b/1p2pB2/p1p1P1p1/P1P1r3/1P5R/3K4/8 b - - 3 52,e4h4 h3h4 g5h4 f6h4 g8f8 h4d8,2016,75,91,522,crushing endgame long xRayAttack,https://lichess.org/paHywmYx/black#104,
Tcajg,2r5/4q1k1/4ppp1/2Nn4/1p5Q/8/PK3P2/7R b - - 3 37,f6f5 h4h7 g7f6 c5d7 e7d7 h7d7,2025,76,98,110,crushing endgame long xRayAttack,https://lichess.org/GOPI5zZG/black#74,
TdUAI,5rk1/p1p3p1/1p6/8/3PQ3/5r2/PPq2PRP/4R1K1 b - - 0 30,f3f2 e4c2 f2c2 g2c2,2050,82,91,1860,crushing endgame short xRayAttack,https://lichess.org/LL1EqSD3/black#60,
TfeGj,4r1k1/5pb1/6p1/1R6/2p1Pp2/2P2P1p/2Q1KPq1/1R6 w - - 0 41,c2d1 e8e4 f3e4 g2e4 e2d2 e4d3 d2c1 d3c3,2166,79,96,1237,crushing deflection endgame sacrifice veryLong xRayAttack,https://lichess.org/v5rRMmlm#81,
ToRfx,5r1k/pp4pp/2p5/2b1pq2/1PP5/2QrB1Pb/P4P1P/R3R1KB w - - 1 23,c3d3 f5f2 e3f2 c5f2,1930,75,95,9742,kingsideAttack master mate mateIn2 middlegame sacrifice short xRayAttack,https://lichess.org/tsouBZpG#45,
Tp5R2,2Rr2k1/3Q1ppp/p5r1/P2p2q1/3B4/1P2P1PP/5P2/6K1 b - - 0 31,g6d6 d7e8 d8e8 c8e8,1921,79,84,381,endgame mate mateIn2 sacrifice short xRayAttack,https://lichess.org/uLI4muir/black#62,
TqBrd,1r6/4Q2p/5ppk/4p3/6PP/5P2/1r6/6K1 b - - 2 44,b2a2 g4g5 f6g5 e7g5,1994,80,92,1216,crushing endgame queenRookEndgame short xRayAttack,https://lichess.org/xd9JlGfl/black#88,
TsJMc,r3r2k/1ppR1Qbp/p5p1/4q3/8/P1N3PP/1PP4K/5R2 b - - 2 27,a8d8 f1e1 d8d7 f7e8 e5e8 e1e8 g7f8 e8f8,2144,78,88,87,advantage fork middlegame veryLong xRayAttack,https://lichess.org/Jbksr4zE/black#54,
TsWto,5k2/5p2/p1q2Brp/2p1pQ2/3bP3/P2P4/1P4PP/1R5K w - - 5 29,f6e5 g6g5 f5f6 c6f6 e5f6 d4f6,2106,76,86,353,advantage endgame long xRayAttack,https://lichess.org/00OCQMMY#57,
Tt3bD,5r1k/1p5p/3NQ1p1/3P4/q2b4/4R3/2r2PPP/5RK1 w - - 3 32,e3f3 c2f2 f3f2 f8f2,2196,74,93,8298,crushing master middlegame short xRayAttack,https://lichess.org/RyHdhByi#63,
TtTTp,r1k4B/ppp2p1p/1b6/3Q4/4n1bq/8/PPPN1PPP/R3KB1R w KQ - 1 14,h8d4 h4f2 d4f2 b6f2,1964,76,88,486,attackingF2F7 mate mateIn2 middlegame sacrifice short xRayAttack,https://lichess.org/xhfd93YK#27,Scotch_Game Scotch_Game_Classical_Variation
TtgWn,6k1/2r4p/p2p2B1/q1rPp3/2P2p2/1R3P1P/P1Q3P1/6K1 b - - 0 31,c5c4 g6h7 g8h8 b3b8 c7c8 b8c8 c4c8 c2c8,1955,85,68,46,crushing endgame veryLong xRayAttack,https://lichess.org/3Td1t6bF/black#62,
Tz0xd,k1n1qr2/ppQ1P2p/6p1/3pR3/3P4/8/PP4PP/6K1 b - - 4 29,f8f7 c7d8 f7e7 d8e8 e7e8 e5e8,2158,90,79,54,crushing endgame long pin xRayAttack,https://lichess.org/b9rMc4As/black#58,
U1E63,8/8/4pp2/5kp1/r7/4PKP1/3R1P2/8 w - - 0 46,d2d4 g5g4 d4g4 a4g4,2010,79,85,249,crushing endgame rookEndgame short xRayAttack,https://lichess.org/cMZPpWAL#91,
U1QTt,4r3/4r1pk/p4p1p/1ppqBR1P/3p4/P2P2Q1/1PP3P1/4R1K1 b - - 0 27,e7e5 g3g6 h7g8 g6e8 e5e8 e1e8,2053,77,79,101,crushing endgame long xRayAttack,https://lichess.org/TIiqgSBJ/black#54,
U1ST3,3r2k1/1p4p1/3rp3/1p1nN2p/8/P4PP1/1P1R2P1/3R2K1 w - - 2 29,g1f2 d5c3 d2d6 c3d1 d6d1 d8d1,2071,147,67,12,advantage endgame long xRayAttack,https://lichess.org/dVRYz8EW#57,
U38F7,5r1k/1r1P2p1/p7/1p1PN1q1/1P3pQ1/P5Pp/5b1P/2R1R1K1 w - - 0 32,g1h1 g5g4 e5g4 f2e1 c1c8 b7b8 c8b8 f8b8,2047,77,75,138,advantage middlegame veryLong xRayAttack,https://lichess.org/3C5OoGCA#63,
U6MPV,4r1k1/ppb2ppp/2p3n1/2qrPRB1/2B5/8/PPQ3PP/2R4K b - - 1 25,d5e5 c4f7 g8h8 c2c5 e5c5 f5c5,2156,77,72,171,advantage discoveredAttack fork long middlegame xRayAttack,https://lichess.org/rKpNyD3w/black#50,
U6QgQ,7r/5pk1/5np1/8/4p3/P3QnPP/q4PN1/1R1R3K w - - 8 33,h3h4 f6g4 e3c3 g7h7 b1b2 g4f2 b2f2 a2f2,1966,75,93,2604,advantage defensiveMove exposedKing fork middlegame veryLong xRayAttack,https://lichess.org/Z2QrQ4ne#65,
U6klt,2rqr1k1/5pb1/3p2p1/pNn2pNp/P6P/1PP1PP2/1Q4P1/2KR3R w - - 1 20,d1d6 c5d3 d6d3 d8d3,1909,75,90,1462,crushing fork master middlegame short xRayAttack,https://lichess.org/U6KoDnXX#39,
U9HXV,5rk1/p4pp1/2p4p/5br1/2P4q/2Q3RP/PB3PP1/4R1K1 b - - 10 24,c6c5 c3g7 g5g7 g3g7,1902,77,91,2305,crushing kingsideAttack middlegame sacrifice short xRayAttack,https://lichess.org/KK5aWgFU/black#48,
UAQ3U,Q1kb1n1r/1p6/2pq2pp/4pp2/3p4/8/P3BPPP/2R2RK1 b - - 4 25,d6b8 c1c6 b7c6 a8c6,1944,78,92,2162,crushing middlegame queensideAttack sacrifice short xRayAttack,https://lichess.org/2SHdFO5R/black#50,
UBo8H,rn1qk2r/pbpp2pp/1p2pB2/4N3/1bPP4/2Np4/PP3PPP/R2QK2R b KQkq - 0 9,g7f6 d1h5 e8e7 h5f7 e7d6 c4c5 b6c5 e5c4 d6c6 d4d5 e6d5 f7d5,2107,75,93,1062,mate mateIn5 opening veryLong xRayAttack,https://lichess.org/Kv3VWiyT/black#18,French_Defense French_Defense_Normal_Variation
UFUTF,4k3/pp2qr2/1bp3BQ/4P2p/3n3P/2P5/PP4P1/5R1K b - - 4 27,e8d8 h6h8 e7f8 h8f8 f7f8 f1f8,2025,75,86,226,crushing exposedKing long middlegame xRayAttack,https://lichess.org/vrko0Cb9/black#54,
UI0ta,2r1r3/3bppk1/p2q2pp/1p1P4/4R1P1/P2Q1B1P/1P3PK1/3R4 b - - 0 25,e7e5 d5e6 d6d3 e6d7 d3d7 d1d7,2030,77,94,3320,advancedPawn advantage enPassant fork long master middlegame sacrifice xRayAttack,https://lichess.org/6FskHCo6/black#50,
UKenm,6k1/rp1q1pp1/1Q5p/r2Bp3/P1Pp4/3P2PP/R3PPK1/8 b - - 6 30,a5a4 b6a7 a4a7 a2a7,2174,82,82,93,advantage endgame short xRayAttack,https://lichess.org/cWwU43Ok/black#60,
UShkH,4rr1k/3q3n/p3R3/1p2p3/8/1P5Q/P1P3PP/4R1K1 w - - 5 28,e1e5 d7d1 e5e1 d1e1 e6e1 e8e1,1925,77,93,250,long mate mateIn3 middlegame xRayAttack,https://lichess.org/aLvnH12L#55,
UWCIZ,5rk1/1p4p1/p4q1p/Pb1pr3/2n5/1NPB4/2Q1RPPP/4R1K1 w - - 2 26,d3c4 f6f2 e2f2 e5e1 c4f1 e1f1 f2f1 f8f1,2071,76,94,2143,deflection kingsideAttack mate mateIn4 middlegame operaMate sacrifice veryLong xRayAttack,https://lichess.org/RZTqmnVc#51,
UaPAA,r3kb1r/pQ1nqp1p/5np1/3bp3/B7/3P4/PPP2PPP/RNB1K1NR w KQkq - 1 11,a4c6 e7b4 b1c3 b4b7 c6b7 d5b7,2148,79,85,119,advantage long opening xRayAttack,https://lichess.org/MXU1wjww#21,Bishops_Opening Bishops_Opening_Philidor_Counterattack
UcInk,5r1r/p5k1/1p6/4Pp2/2QP3n/2P1q2P/P4RP1/1B3R1K w - - 0 33,b1f5 h4f5 f2f3 f5g3 f3g3 e3g3 c4c7 g7g8,1928,140,100,32,defensiveMove equality fork middlegame veryLong xRayAttack,https://lichess.org/OQxAFI64#65,
UcLqQ,3r1rk1/1pp3b1/p1p3Q1/8/4P1Nq/3P3P/PPP2P1K/R4R2 w - - 7 23,f1g1 d8d6 g4h6 h4h6 g6h6 d6h6,2031,75,88,140,advantage long middlegame xRayAttack,https://lichess.org/IvhXbn5k#45,
UcXMw,5R2/pppk2pp/4p3/4r3/1QP1q3/3rP3/PP4PP/4R1K1 b - - 8 22,d3e3 f8f7 d7c6 b4a4 c6b6 c4c5 e5c5 a4e4 e3e4 e1e4,2106,80,97,586,advantage deflection discoveredAttack endgame veryLong xRayAttack,https://lichess.org/Z75h3zMJ/black#44,
UeSHf,rn1qkb1r/pp2nppp/4b3/2pPN3/2Bp4/5Q2/PPP2PPP/RNB1K2R b KQkq - 0 7,e6d5 f3f7 d5f7 c4f7,2016,76,95,8305,attackingF2F7 mate mateIn2 opening sacrifice short xRayAttack,https://lichess.org/1w7bZu8H/black#14,Center_Game Center_Game_Kieseritzky_Variation
UgouC,3rr3/1p3ppk/p3n1qp/5R2/4p1Q1/P3B2P/1P3PPK/4R3 w - - 6 26,g4e4 e6d4 f5e5 g6e4 e5e4 e8e4,2181,75,94,2755,advantage long middlegame xRayAttack,https://lichess.org/YLPy8az6#51,
UhSAV,r1r3k1/5ppp/4p3/8/3PP3/q3BPQ1/PRp3PP/2R3K1 w - - 2 29,b2c2 a3e3 g3f2 e3c1 c2c1 c8c1,1937,76,95,14154,crushing hangingPiece long middlegame xRayAttack,https://lichess.org/SDAAw5Cq#57,
UhWsd,2k4r/p7/1p1Qp1r1/5p2/3p3p/P4qPP/2P2P2/1R2R1K1 w - - 0 27,e1e6 h4g3 d6c6 f3c6 e6c6 g6c6,2091,77,92,395,crushing endgame long xRayAttack,https://lichess.org/qfmG5To8#53,
Ui7rF,3k2r1/p1bp1p2/8/2P2pq1/1P1Pb2p/P2pPB1P/R4PP1/3Q1K1R w - - 0 26,b4b5 g5g2 f3g2 e4g2 f1e1 c7a5 d1d2 a5d2 e1d2 g2h1,2071,75,93,1653,advantage fork middlegame sacrifice veryLong xRayAttack,https://lichess.org/sQGWObqT#51,
Ukz9x,4rrk1/pp2q1pp/3p4/3n4/3P1p2/1P1Q1PP1/PB2R2P/4R2K b - - 0 29,e7d7 d3c4 e8e2 c4d5 d7e6 d5e6 e2e6 e1e6,2179,82,91,1736,advantage kingsideAttack middlegame pin sacrifice veryLong xRayAttack,https://lichess.org/oQOdQ64A/black#58,
UohLn,2Qr1k1r/3Pb1p1/5p2/2p1pq2/2P4p/PP1RR2P/3B2P1/7K w - - 2 37,b3b4 d8c8 d7c8r f5c8,2040,81,91,805,advantage middlegame short xRayAttack,https://lichess.org/Unhq2NQb#73,
UqSPK,1r2r1k1/1bp2ppp/3p2q1/p1p2N2/P1B1P3/2PR2P1/1b2QP1P/4R1K1 b - - 0 23,e8e4 f5e7 e4e7 e2e7,2036,80,90,1185,crushing fork middlegame short xRayAttack,https://lichess.org/z2MpwXhJ/black#46,
UsFGl,r3r1k1/p1p2pPp/1p6/2pQ1N2/1qP2P2/6Pb/P4R1P/3R2K1 b - - 2 22,e8e1 f2f1 e1f1 d1f1 h3f5 d5a8,2035,76,90,290,advantage long middlegame xRayAttack,https://lichess.org/Z3pqxYfH/black#44,
UvUYm,3r1rk1/1p3ppp/pqp1n3/4P1b1/PP1P4/5B2/3QN1PP/1R1R2K1 w - - 7 24,d2d3 e6d4 e2d4 d8d4 d3d4 g5e3 d4e3 b6e3,1986,79,90,1601,crushing fork middlegame sacrifice veryLong xRayAttack,https://lichess.org/dLTP7SpD#47,
Uwxyq,5r1k/pp4pp/2p5/2b2qnQ/8/P1P1r1P1/1P1N3P/R1B2R1K w - - 0 22,f1f5 e3e1 d2f1 e1f1 f5f1 f8f1 h1g2 f1g1,1980,76,94,9174,kingsideAttack mate mateIn4 middlegame operaMate veryLong xRayAttack,https://lichess.org/q8KYqlaV#43,
Uz0ja,4r1k1/ppp2p1p/6p1/2nq1P1Q/8/P5R1/4p2P/4R1K1 b - - 1 33,d5d1 e1d1 e2d1q h5d1,1911,77,93,1847,crushing endgame pin short xRayAttack,https://lichess.org/4mIVs99E/black#66,
V2jYP,1r3r1k/5ppp/3q1b2/p7/P2n2Q1/1B5P/1BPP4/1K1R2R1 b - - 0 26,d4b3 g4g7 f6g7 b2g7 h8g8 g7f6 d6g3 g1g3,2074,76,97,993,discoveredAttack discoveredCheck fork master mate mateIn4 middlegame pillsburysMate sacrifice veryLong xRayAttack,https://lichess.org/wZW4ISa1/black#52,
V2str,8/p2P1bk1/5pp1/7r/3Q3P/1P1P2P1/P1q5/4R1K1 b - - 0 32,h5d5 d7d8q d5d8 d4d8,2062,79,82,87,advancedPawn advantage endgame promotion short xRayAttack,https://lichess.org/z7Xu8f8g/black#64,
V8wvD,1r5r/5bkp/2pQ2p1/8/p3P3/1PqB1P2/P1P3P1/1K1R3R w - - 0 23,d6a3 a4b3 a2b3 f7b3 b1c1 b8a8 a3b2 a8a1 b2a1 c3a1,1971,75,94,5816,crushing middlegame pin queensideAttack veryLong xRayAttack,https://lichess.org/tLeOBaNT#45,
V9w75,3r4/3r1p1k/p5pp/Pn1p4/1Pp1P3/2P2PP1/3R1KN1/3R4 w - - 3 42,d2d5 b5c3 d5d7 c3d1 d7d1 d8d1,1960,79,95,9437,crushing endgame fork long xRayAttack,https://lichess.org/SrD0Mlcp#83,
VDqj3,5b1r/1b1k1Qp1/p3p3/1p2B3/2r1N2q/8/PPP4P/4RR1K b - - 4 22,f8e7 e1d1 b7d5 d1d5 e6d5 f7d5 d7c8 d5a8,2043,76,86,790,crushing master middlegame veryLong xRayAttack,https://lichess.org/VrCaWBT3/black#44,
VEhCr,r4rk1/6p1/p7/1pQ4p/2p3bP/2N3K1/PPB3P1/R1B2q2 w - - 1 23,c1h6 f8f3 g3h2 f3h3 g2h3 f1h3 h2g1 h3g3,2064,129,88,17,crushing middlegame sacrifice veryLong xRayAttack,https://lichess.org/3445urdK#45,
VFtYF,2k3r1/pp1r4/2p4q/2Pn1Qp1/P7/1R6/5PPP/1R4K1 b - - 0 30,h6h7 b3b7 d5b6 f5h7 d7h7 b7h7,2061,74,94,2866,advantage long middlegame xRayAttack,https://lichess.org/Tc5H5BdC/black#60,
VIC7X,3r1rk1/pp2Qppp/8/4P3/4q3/2B2b2/PP1RBP1P/4K1R1 w - - 6 21,e7f6 e4b1 e2d1 b1d1 d2d1 d8d1,1972,80,93,540,long mate mateIn3 middlegame operaMate xRayAttack,https://lichess.org/U5HmDtIQ#41,
VIxGZ,r4r1k/pp6/6Rp/2nP4/2P3Pq/2N2Pb1/PPQ3B1/R4K2 w - - 3 24,c3e2 f8f3 g2f3 h4h3 f3g2 a8f8 c2f5 f8f5 g4f5 h3f5,1950,172,100,10,crushing exposedKing middlegame sacrifice veryLong xRayAttack,https://lichess.org/kn0rCRup#47,
VJGZS,r4r1k/2p2R1p/3q2p1/p2Qb3/4P3/1B5P/PP4P1/5R1K b - - 2 25,f8f7 d5a8 d6f8 a8f8 f7f8 f1f8,1963,75,94,1405,advantage hangingPiece long middlegame xRayAttack,https://lichess.org/Iyx9SMFN/black#50,
VJwHO,3r2k1/2bQ1pp1/Rp5p/3P4/4p3/4BqPK/5P1P/8 w - - 8 37,d7c7 d8d5 c7c8 g8h7 c8g4 d5h5 g4h5 f3h5,1927,74,94,5107,crushing endgame veryLong xRayAttack,https://lichess.org/aIRrNeh8#73,
VMs2l,8/5rpk/8/1R1R3K/7P/P1r5/8/8 w - - 0 45,a3a4 c3g3 d5g5 g7g6 g5g6 g3g6,2027,75,96,1993,crushing endgame long quietMove rookEndgame xRayAttack,https://lichess.org/17RnmbXv#89,
VNe98,4rr1k/p3q2p/1n4p1/4b3/4Q3/2N5/PP3PPP/R1B2RK1 w - - 4 20,f2f4 e5c3 e4e7 c3d4 c1e3 d4e3 e7e3 e8e3,2151,136,22,22,advantage kingsideAttack middlegame sacrifice veryLong xRayAttack,https://lichess.org/kVOttBgz#39,
VPCr2,5r1k/5Pqp/p7/8/4Q2P/1P6/Pp4P1/1K3R2 w - - 1 36,e4e8 g7g6 b1b2 f8e8 f7e8r g6e8,1904,76,94,6844,crushing endgame long xRayAttack,https://lichess.org/6xMc874K#71,
VPhSI,5rkn/5pp1/7p/p2P4/P2qp1P1/1B5P/2P1QRK1/8 w - - 2 38,f2f4 h8g6 f4e4 g6f4 e4f4 d4f4,1922,75,95,4635,crushing endgame fork long xRayAttack,https://lichess.org/TnesvJNs#75,
VPzs7,2rr4/1b2bkp1/p4p1p/1p1P3q/5B2/1B4Q1/PP4PP/R3R1K1 b - - 0 27,b7d5 e1e7 f7e7 g3g7 h5f7 a1e1 e7d7 g7f7 d5f7 b3f7,2115,79,89,1079,attraction crushing deflection middlegame veryLong xRayAttack,https://lichess.org/3GBA9sk9/black#54,
VRTtU,6k1/5pb1/4p1pp/3pPP2/1Q1Pb1P1/1P2N2P/5RBK/q1r5 w - - 1 36,f5g6 g7e5 d4e5 a1e5 f2f4 e5f4,2169,77,91,1577,long master mate mateIn3 middlegame xRayAttack,https://lichess.org/BquC0ACK#71,
VTtM0,r2q1k2/pp3rb1/2pNR2p/4n3/5BQ1/8/PP4PP/5RK1 w - - 0 34,f4e5 d8b6 g4d4 b6d4 e5d4 g7d4,2004,83,92,1981,crushing long middlegame xRayAttack,https://lichess.org/RMd21lgb#67,
VTwNc,1r3nk1/6p1/p4p1p/B1b5/2P1NP2/1B5P/P4PK1/8 b - - 8 38,c5d4 c4c5 g8h8 c5c6 d4b6 c6c7 b6c7 a5c7,2116,75,94,3069,advancedPawn advantage discoveredAttack discoveredCheck endgame veryLong xRayAttack,https://lichess.org/uuziQr1X/black#76,
VUz2M,5rk1/2p2ppp/1pQp4/r7/p3P3/P5R1/1PP1q2P/1K4R1 b - - 7 23,a5c5 g3g7 g8h8 g7f7 e2c2 b1a1 c2c1 g1c1 c5c1 c6c1,2022,151,88,35,crushing deflection endgame veryLong xRayAttack,https://lichess.org/4QuMsscI/black#46,
VWbAt,2r2r1k/6bp/4R1p1/8/p7/P6P/2p3QK/5R2 w - - 0 38,f1f8 g7f8 g2c6 c2c1q c6c1 c8c1,2017,121,82,57,advancedPawn advantage endgame long promotion xRayAttack,https://lichess.org/Psgj0cft#75,
VXY3a,r2q1rk1/1b6/p3R2p/1p3pb1/2pP4/P1N3QR/1PP2PPP/6K1 b - - 0 21,f5f4 g3g4 f8f6 h3h6 f6h6 e6h6,2155,77,88,595,advantage long middlegame pin xRayAttack,https://lichess.org/rf1M2kig/black#42,
VYrkz,2r3k1/p1r2pp1/3q3p/3nNQ2/2R2P2/P3P3/6PP/1R4K1 b - - 0 29,d5e3 f5c8 c7c8 c4c8 g8h7 c8h8 h7h8 e5f7 h8h7 f7d6,2185,78,94,4471,attraction crushing fork middlegame sacrifice veryLong xRayAttack,https://lichess.org/IFIBg7Lk/black#58,
VZSlC,r3rbk1/pb2qp1p/1p4p1/2p5/P1P1P3/1P2N1P1/1BQ3BP/3R2K1 b - - 0 22,b7e4 c2c3 f7f6 e3d5 e4d5 g2d5,2164,76,93,668,advantage long master middlegame quietMove xRayAttack,https://lichess.org/asxYsXXc/black#44,
VbQOC,3r3k/p2Rb1r1/2Q2p2/7q/8/1P2R1Pp/P1P2P1P/6K1 w - - 3 32,e3e7 h5d1 d7d1 d8d1 e7e1 d1e1,1908,79,84,57,endgame long mate mateIn3 sacrifice xRayAttack,https://lichess.org/ruBx6oGq#63,
VcL9O,r4rk1/p4ppp/b5n1/1N1P2q1/P2Q4/1N6/1PP2PPP/R3R1K1 w - - 1 22,b5c3 g6h4 d4e4 a8e8 f2f4 g5g4 h2h3 g4g3 e1e3 g3e3 e4e3 e8e3,2174,84,79,51,advantage kingsideAttack middlegame veryLong xRayAttack,https://lichess.org/DqjXtxi1#43,
VgUYE,5rk1/p4pp1/2p2r2/2Nn1q1p/3P1P1R/1P3Q1P/P4P1K/6R1 b - - 5 31,d5f4 c5e4 f4g6 e4f6 f5f6 f3f6,1975,138,32,48,advantage kingsideAttack long middlegame xRayAttack,https://lichess.org/ZHCwIvpW/black#62,
ViI42,r4rk1/ppp3pp/8/4pp2/3qP1n1/2NP2Q1/PPP2RPP/4R2K w - - 2 18,f2f5 g4f2 g3f2 d4f2 f5f2 f8f2,2051,87,91,1372,advantage kingsideAttack long middlegame xRayAttack,https://lichess.org/14zzf102#35,Vienna_Game Vienna_Game_Vienna_Gambit
VkNAP,1r5k/2Q3bp/p5pB/2p5/3qp3/8/P5PP/5R1K b - - 9 31,b8f8 c7g7 d4g7 f1f8 g7f8 h6f8,2076,79,88,98,advantage endgame fork long xRayAttack,https://lichess.org/lzIy0GZz/black#62,
VkRKW,1r4k1/p1q2pbp/6p1/3PPb2/4B3/Q3BP1P/Pr3P2/R3K2R w KQ - 1 22,d5d6 c7c4 a3d3 c4d3 e4d3 f5d3,2178,74,95,6857,advantage long middlegame xRayAttack,https://lichess.org/LpG52FL9#43,
Vm5aS,2rQ4/p1P2pk1/6q1/8/4P2p/1P5p/P1R2PP1/6K1 w - - 2 35,f2f3 g6b6 g1h2 c8d8 c7d8q b6d8,1982,75,93,5046,advantage endgame long xRayAttack,https://lichess.org/OqYCChLS#69,
VqNeY,7k/ppq1b2p/2p1pr2/2Pp4/3PnPpQ/1P2P1B1/P5P1/R4RK1 w - - 0 27,h4g4 f6g6 f4f5 c7g3 g4g3 g6g3,2160,75,91,1412,advantage long middlegame xRayAttack,https://lichess.org/zFhUqL19#53,
VuDP4,3r2k1/5ppp/p3p3/8/1p5P/P7/KPqbQRP1/3R4 w - - 0 27,e2d2 b4b3 a2a1 c2d1 d2d1 d8d1,2008,73,94,13848,endgame long mate mateIn3 xRayAttack,https://lichess.org/zCnKVT2f#53,
VubD9,6k1/r2n1ppp/p2p4/4p3/1pP1P3/2qP1Q1P/R4PP1/R5K1 w - - 0 26,a2a6 c3a1 a6a1 a7a1,1921,75,82,749,advantage endgame short xRayAttack,https://lichess.org/9nuXhdLo#51,
VukDB,5rk1/p5pp/2R5/3p1bP1/3P1R2/8/PP4Q1/4q1K1 w - - 3 26,g1h2 f5e4 g2f1 e1f1 f4f1 f8f1,2133,78,93,1176,advantage endgame long xRayAttack,https://lichess.org/Vfy4rv3c#51,
Vw85z,rR4Q1/P2pk3/4p3/3q4/8/8/5PK1/8 w - - 4 52,g2h3 d5h1 h3g3 h1g1 g3f3 g1g8 b8g8 a8g8,2145,77,94,14290,crushing endgame exposedKing skewer veryLong xRayAttack,https://lichess.org/s7vHjSmg#103,
VwAJv,3r3k/p5pp/1p6/2b1q3/3r4/1BQ2P1P/PP1p1RP1/3R3K b - - 7 35,e5e1 d1e1 d2e1b c3e1 d4d1 b3d1,2166,83,90,1807,crushing long middlegame xRayAttack,https://lichess.org/wW7PPZl3/black#70,
Vwckh,q3r1k1/5ppp/p4b2/1p6/2n3b1/2N2N2/PPP2PPP/R2Q1RK1 w - - 6 19,h2h3 c4b2 d1d5 g4f3 d5f3 a8f3 g2f3 f6c3,2160,86,91,3390,capturingDefender crushing middlegame veryLong xRayAttack,https://lichess.org/7Pc1W4cA#37,
VycWm,1qr1k3/4n1b1/1p1p1p1r/pN1Pp1p1/2P3Qp/P2n1N1P/1P3PPB/R4RK1 w - - 1 22,g4e6 f6f5 b5d6 b8d6 e6d6 h6d6,1947,74,95,15314,advantage long middlegame quietMove xRayAttack,https://lichess.org/wJKoIsH1#43,
W34el,2R2rk1/4q1p1/4R1Qp/p2p1n2/1p6/nP2PP2/6P1/6K1 b - - 0 31,e7f7 e6e8 f8e8 c8e8 f7e8 g6e8,2176,76,93,4670,crushing long master middlegame xRayAttack,https://lichess.org/WziejuGq/black#62,
W3ATb,4r1k1/pp4pp/1qb5/2pp4/6P1/P1bP1BP1/1PP4K/1RBQ4 w - - 0 22,c1f4 e8e1 b2c3 b6b1 d1b1 e1b1,2125,75,94,10565,advantage long middlegame xRayAttack,https://lichess.org/8g7tijGE#43,
W4h7o,4r1k1/5pp1/P7/7p/3q3P/6Q1/2p2PP1/R1Rr1BK1 w - - 2 35,a6a7 d4a1 c1a1 d1a1,2009,108,47,72,crushing master middlegame short xRayAttack,https://lichess.org/ejqVxgGN#69,
W5mYd,4r1k1/1pp2ppp/1p2q3/1N6/1P4b1/5N2/r2QB1PP/3RKR2 w - - 0 21,h2h3 e6e2 d2e2 a2e2,1945,76,96,8689,epauletteMate fork master mate mateIn2 middlegame short xRayAttack,https://lichess.org/d9nmzQS6#41,
W6zCd,4rrk1/pp4pp/1q3p2/4P3/8/8/4QRPP/4R2K b - - 3 24,e8e5 e2a2 b6e6 a2e6 e5e6 e1e6,2198,86,91,2572,advantage endgame long xRayAttack,https://lichess.org/wyYoIr0F/black#48,
W8Af8,6k1/4rppp/3q4/p1p1r3/2Ppn3/P4QP1/5RPP/2B1R1K1 b - - 1 28,e4f2 f3a8 e7e8 a8e8 e5e8 e1e8 d6f8 e8f8 g8f8 g1f2,2082,75,93,7877,crushing kingsideAttack middlegame veryLong xRayAttack,https://lichess.org/hW6zdguP/black#56,
WDeQC,2r2rk1/pp1b1qp1/3Q1p1p/3p4/3B4/P1P3R1/5PPP/4R1K1 b - - 3 26,d7c6 e1e7 c8e8 g3g7 f7g7 e7g7,1990,74,85,353,crushing fork long middlegame xRayAttack,https://lichess.org/cyY0w34C/black#52,
WDh3m,r7/6R1/bp1r3p/p4p1k/7P/1P2P1P1/PB1p1PK1/3R4 w - - 0 29,f2f3 a6e2 g3g4 f5g4 f3g4 e2g4 g7g4 h5g4,2095,75,94,4351,advantage endgame veryLong xRayAttack,https://lichess.org/BhbROKF2#57,
WF9mG,3r2k1/2q3p1/4R3/1p5p/1Ppr1P2/6P1/2Q4P/4R1K1 b - - 0 33,h5h4 c2g6 c7f7 e6e8 d8e8 e1e8 f7e8 g6e8,2153,77,94,534,crushing endgame veryLong xRayAttack,https://lichess.org/iH39azJm/black#66,
WH6FP,r2r1k2/1b4p1/1q2pnBp/ppp2N2/8/P1PR2P1/1P2QP1P/3R2K1 w - - 2 27,e2e6 b6e6 d3d8 f6e8 d8e8 a8e8,1975,242,0,4,crushing long middlegame xRayAttack,https://lichess.org/dIIHKui0#53,
WH7BS,5r1k/pq5p/6P1/2Q5/8/2P4P/Pr3B2/5RK1 b - - 0 36,b2f2 c5f8 f2f8 f1f8 h8g7 f8f7 b7f7 g6f7,2097,77,87,199,advancedPawn crushing endgame fork master veryLong xRayAttack,https://lichess.org/zfwPdXON/black#72,
WIxst,3rr2k/pbp1q1p1/2p4p/7Q/2B1p3/4R3/PPP3PP/4R1K1 b - - 7 20,d8d2 e3e4 e7e4 h5e8 e4e8 e1e8,2135,106,91,28,advantage kingsideAttack long middlegame xRayAttack,https://lichess.org/ftIAmyGG/black#40,
WLPIp,8/p3P1k1/3p4/2pPp1pQ/Kp3q2/5p2/PP6/8 b - - 0 37,f4f7 e7e8q f7e8 h5e8,1914,76,91,119,advancedPawn crushing endgame master promotion queenEndgame short xRayAttack,https://lichess.org/CdHgyYZj/black#74,
WMoor,4rr1k/6p1/p6p/1p6/4B1nq/P6P/1PQ1R1P1/4R2K w - - 6 34,e4f3 h4e1 e2e1 e8e1,1952,76,96,16899,mate mateIn2 middlegame short xRayAttack,https://lichess.org/7VdVPGGt#67,
WR2bz,2r1k2Q/pp3p2/1q2p3/3pPp1p/1PrP3P/P7/5PP1/2RR2K1 b - - 7 30,e8e7 h8c8 c4c8 c1c8,2157,77,87,562,advantage endgame short xRayAttack,https://lichess.org/Gi5v8OTr/black#60,
WRVEV,2r2r1k/1b4pp/pp5q/3nN3/3P4/PQ2R3/1PR3PP/1B4K1 w - - 1 26,e3h3 h6c1 c2c1 c8c1 b3d1 c1d1,1946,128,52,40,fork long mate mateIn3 middlegame sacrifice xRayAttack,https://lichess.org/lPrGaDuf#51,
WT1MS,r1q2b1r/ppp2kp1/2n5/2Nn1p2/2BP2p1/1P6/P1P1QPp1/R1B1K1R1 b Q - 3 15,h8h1 c4d5 f7f6 g1h1 g2h1r d5h1,1975,76,95,16995,advantage hangingPiece long middlegame xRayAttack,https://lichess.org/nKhhigcK/black#30,Scandinavian_Defense Scandinavian_Defense_Modern_Variation
WTCie,2k1r3/1pqnr1p1/p2b2p1/2pPPpP1/7P/2P2BB1/PPKQR3/4R3 b - - 0 33,d6e5 d5d6 c7d6 d2d6 e5d6 g3d6,1938,75,95,10536,crushing fork long middlegame xRayAttack,https://lichess.org/gSqIqyyj/black#66,
WTcyf,3r2n1/pp1r2qk/3pp1pp/2P5/2P1P2Q/P2R1N1P/5PP1/3R2K1 b - - 0 27,d6c5 h4d8 d7d8 d3d8,2092,80,73,88,crushing middlegame short xRayAttack,https://lichess.org/5mNq8ysO/black#54,
WV7iw,8/1r6/4k1p1/1P1Rp3/4P3/3p1PK1/8/8 w - - 0 52,g3g4 b7d7 g4g3 d3d2 d5d2 d7d2,2161,78,76,80,advancedPawn crushing endgame long rookEndgame xRayAttack,https://lichess.org/qaUBf1Yt#103,
WWHAw,b4r2/p2q1r1k/1p1pN2p/6p1/3bP3/1Q4P1/P3RP1P/5RK1 b - - 1 37,d4f2 e2f2 f7f2 e6f8 f2f8 f1f8,2014,78,95,1465,crushing fork long middlegame xRayAttack,https://lichess.org/RT29D5Fp/black#74,
WXVAd,2kr3r/pp3Q2/2n4p/4p3/P2p4/5N2/Rqp2PPP/5RK1 b - - 1 26,b2b1 f7f5 c8b8 f1b1 c2b1q f5b1,2136,76,93,2337,advantage long middlegame xRayAttack,https://lichess.org/yEp2Uhza/black#52,
WXcUO,8/k1p2p1r/1np1p2p/p1N1P1pP/Pq1r4/5Q2/5PP1/2R1R1K1 b - - 0 29,d4c4 f3c6 b4c5 c6c5 c4c5 c1c5,1901,75,85,412,advantage long master middlegame pin xRayAttack,https://lichess.org/ZxmGAVZq/black#58,
Wabs3,6k1/pp4p1/2p4p/3b4/3P4/3B1qPP/PPQ2P1K/4r1R1 w - - 4 31,d3c4 f3h1 g1h1 e1h1,1917,75,99,406,endgame mate mateIn2 sacrifice short xRayAttack,https://lichess.org/CJ6khkVM#61,
WbXkK,Q7/5Ppk/p6p/2q2P2/2Nr4/Pr1p4/1P1R2PP/5K2 b - - 0 39,c5f5 d2f2 d4f4 f7f8n f5f8 a8f8 f4f8 f2f8,2147,85,79,1223,advancedPawn crushing defensiveMove endgame promotion underPromotion veryLong xRayAttack,https://lichess.org/503yL4Wg/black#78,
WkQ6b,8/3R1pk1/p3pq2/1p2r2P/4Q1P1/P4P2/1P6/7K w - - 1 45,e4d3 e5e1 h1g2 f6b2 d3d2 e1e2 d2e2 b2e2,2163,77,94,3645,crushing discoveredAttack endgame exposedKing fork veryLong xRayAttack,https://lichess.org/I6YB6tj6#89,
WmsEE,rn2r1k1/pp2bp1p/2p3p1/5p2/5P2/1PBB1Q2/q1P2P1P/2KR2R1 b - - 0 19,e7a3 c1d2 a3b2 d1a1 a2a1 g1a1 b2a1 c3a1,1925,77,73,118,advantage clearance middlegame trappedPiece veryLong xRayAttack,https://lichess.org/WERXi0VA/black#38,
WnBPU,4qrk1/1bp3p1/r4nQp/p1bp4/2P3N1/1P4P1/PB4BP/R4R1K w - - 4 23,f1f6 e8g6 f6g6 a6g6,2012,82,71,44,advantage master middlegame short xRayAttack,https://lichess.org/A7I8Qokf#45,
Wnj6y,4r1k1/1Q2npbp/p5p1/q1p2p2/2P5/2Nr4/PP3PPP/1RB1R1K1 w - - 2 21,e1e7 d3d1 c3d1 a5e1 e7e1 e8e1,1954,76,97,284,backRankMate long mate mateIn3 middlegame sacrifice xRayAttack,https://lichess.org/jCvuON8A#41,
WrmE6,4r3/2p2pk1/2p3p1/p4p2/3r4/PB2pP2/P1P3PP/4RRK1 w - - 0 25,g2g4 e3e2 f1f2 d4d1 f2e2 d1e1 e2e1 e8e1,2031,75,88,524,advancedPawn crushing endgame kingsideAttack veryLong xRayAttack,https://lichess.org/yMEDQkFX#49,
WvlJi,r5k1/rbqn1p1p/1p3np1/1Pp1b1N1/2P1p3/4P1P1/1BQN1PBP/R3R1K1 w - - 2 23,g5e4 a7a1 e1a1 a8a1 b2a1 e5a1,2155,85,90,495,advantage long middlegame xRayAttack,https://lichess.org/MQpoJ9zp#45,
Ww4IM,8/1P5p/6pk/6r1/8/4PbQq/P1P2P1P/R4RK1 w - - 1 27,b7b8q h3g2 g3g2 g5g2 g1h1 g2g4,2036,74,94,10759,discoveredAttack discoveredCheck long mate mateIn3 middlegame morphysMate xRayAttack,https://lichess.org/aCy9Au7q#53,
X83LT,2kr1b2/ppp4q/8/4pRP1/4P3/2N3p1/PPP3P1/R2Q2K1 w - - 0 21,c3d5 f8c5 g1f1 h7h1 f1e2 h1g2 e2d3 d8d5 e4d5 g2d5 d3c3 c5d4,2056,82,88,48,crushing deflection kingsideAttack middlegame veryLong xRayAttack,https://lichess.org/hDlfDeqD#41,
XAkpU,2kN2nr/1pp3p1/p2b1p2/3P3q/QPP1p1p1/P5B1/5PPP/R4RK1 w - - 1 20,a4b3 h5h2 g3h2 d6h2,2185,127,100,48,equality kingsideAttack middlegame sacrifice short xRayAttack,https://lichess.org/j1EE0fle#39,
XB98X,2r1kbQ1/1p3p2/p1qRp3/5r1p/2P3p1/6P1/P4pP1/3R1B1K b - - 5 33,c6a4 d6e6 f7e6 g8e6 f8e7 e6c8 e8f7 c8f5,2004,74,95,4684,crushing fork middlegame sacrifice veryLong xRayAttack,https://lichess.org/HBYaAVio/black#66,
XCQQy,8/pp1P2k1/8/2p2q2/2P2p2/4rN2/P4K2/3Q4 b - - 0 40,e3d3 d7d8q d3d8 d1d8,2104,76,76,322,advancedPawn advantage endgame master promotion short xRayAttack,https://lichess.org/SAtfzAIj/black#80,
XFA13,1b3rk1/p4ppp/2q5/3R4/2P1Q1P1/1P6/P3KP2/2R5 w - - 2 27,c1d1 f8e8 d5e5 c6e4 e5e4 e8e4 e2f3 e4e8,1938,77,93,2045,advantage defensiveMove endgame pin veryLong xRayAttack,https://lichess.org/RxpMWgLm#53,
XGOwj,4r3/6pk/P7/2Q4p/2Pp4/3P1PqP/1r2R1P1/4R2K b - - 0 37,b2e2 c5h5 h7g8 h5e8 e2e8 e1e8 g8f7 a6a7 f7e8 a7a8q,1909,197,100,26,advancedPawn crushing endgame promotion veryLong xRayAttack,https://lichess.org/pgyKRo4O/black#74,
XGjQa,rn3k1r/ppq2p1p/2pb4/5p1Q/3P1P2/8/PPP3PP/R1B1R1K1 b - - 1 16,d6f4 h5h6 f4h6 c1h6 f8g8 e1e8,2026,77,89,262,long mate mateIn3 middlegame pillsburysMate sacrifice xRayAttack,https://lichess.org/SFTjIpFY/black#32,Caro-Kann_Defense Caro-Kann_Defense_Classical_Variation
XKO49,8/1kp3p1/4p1p1/4qp2/4P1P1/r1P4P/2P1Q1B1/1K1R4 w - - 0 32,b1c1 e5c3 e2b5 b7a7 b5b2 a3a1 b2a1 c3a1,2169,76,97,2632,advantage endgame veryLong xRayAttack,https://lichess.org/emFMjHst#63,
XP3sN,5rk1/8/3b3r/1p1Pp3/p1p1P3/P1P1R3/4QNPq/1R3K2 w - - 6 41,e3h3 h2h1 h3h1 h6h1,2048,79,81,234,collinearMove mate mateIn2 middlegame pin sacrifice short xRayAttack,https://lichess.org/CiU05a3K#81,
XRIwg,4r1k1/pbp1r1p1/1p2Rp2/3p1P1Q/8/2qB3P/P1P3P1/5R1K b - - 0 24,d5d4 h5e8 e7e8 e6e8 g8f7 f1e1,1969,75,86,133,advantage defensiveMove kingsideAttack long master middlegame xRayAttack,https://lichess.org/dxu9vNoL/black#48,
XT5c7,1r4k1/5p1p/5PpQ/1B2p3/P7/2q1rP2/2pp2PP/2R3K1 b - - 1 36,d2d1q b5f1 d1f1 c1f1 e5e4 h6g7,2165,79,92,6581,defensiveMove long mate mateIn3 middlegame xRayAttack,https://lichess.org/UsPKHx25/black#72,
XVQ9j,2r3k1/2R2ppp/p4n2/1p1n4/3q4/3B3Q/P4PPP/2R3K1 b - - 0 25,c8c7 h3c8 c7c8 c1c8 f6e8 c8e8,1906,78,92,4030,long mate mateIn3 middlegame sacrifice xRayAttack,https://lichess.org/N5ukZ9ms/black#50,
XVXss,2rb1r1k/p1N3pp/3p1n2/5N2/2Q1Pq2/7P/PP4P1/2R1R1K1 w - - 0 26,c7d5 f4c1 c4c1 c8c1 e1c1 f6d5,2161,94,89,45,advantage long middlegame xRayAttack,https://lichess.org/oYmq9mXf#51,
XYJpF,r3r1k1/R4pq1/2p4p/1p3Qp1/4P3/p5P1/2P2PBP/3R2K1 w - - 4 34,d1d7 a3a2 a7a2 a8a2,2064,86,89,36,advancedPawn advantage middlegame short xRayAttack,https://lichess.org/Rzenggsn#67,
Xbwmm,2r3k1/pp3p2/1b5p/1P4p1/P1n1Q3/6B1/1q3PPP/1BR3K1 w - - 7 30,c1c4 b2c1 c4c1 c8c1 e4e1 c1e1,2108,75,94,1852,long mate mateIn3 middlegame sacrifice xRayAttack,https://lichess.org/246kJlQd#59,
XfUmi,r3r1k1/pbp2pb1/1p6/3pPqNQ/3PnP1P/3B2P1/PP4K1/R6R b - - 0 21,e4g3 h5h7 f5h7 d3h7 g8h8 g2g3,1904,77,95,11429,advantage kingsideAttack long master middlegame xRayAttack,https://lichess.org/fEWIaUck/black#42,
XfWuf,r2q1b1r/5kpp/1p6/2pb1Q2/1nBp4/1P6/1BPP2PP/2KR2NR b - - 3 17,f7g8 f5e6 d5e6 c4e6,2026,78,87,989,kingsideAttack mate mateIn2 middlegame sacrifice short xRayAttack,https://lichess.org/L4uILesp/black#34,Sicilian_Defense Sicilian_Defense_Snyder_Variation
Xg0Wk,3r3k/2r4p/pRP5/P1R5/3p4/3b2P1/3P3P/6K1 b - - 0 36,d8d6 b6b8 h8g7 b8b7 d6c6 b7c7 c6c7 c5c7,1956,74,94,8538,crushing endgame veryLong xRayAttack,https://lichess.org/fNDfEriV/black#72,
XhiYd,6k1/3P1pb1/4p1p1/1p4Pp/1Pn1K2P/2r5/3r4/3R1Q2 b - - 2 43,c4e3 d7d8q d2d8 d1d8,1950,75,81,363,advancedPawn crushing endgame promotion short xRayAttack,https://lichess.org/YlHOzWxu/black#86,
Xi2aS,5rk1/2PRRp1p/6p1/8/p7/5Q1P/6PK/q1r5 w - - 1 29,e7f7 a1e5 f3f4 e5f4 f7f4 f8f4,2028,78,93,8869,crushing endgame long master xRayAttack,https://lichess.org/gT90HSNc#57,
Xid67,1r1kr3/2p2pp1/2Qb2qp/1p6/3N4/P3B2P/5PP1/1R4KR w - - 8 30,b1b5 g6b1 b5b1 b8b1 c6c1 b1c1 e3c1 e8e1,1953,75,88,340,mate mateIn4 middlegame pillsburysMate sacrifice veryLong xRayAttack,https://lichess.org/U44jHCyD#59,
XjR6a,7r/2p1b1k1/r1n3pR/3q2P1/3P4/pPQ1B3/P2N4/2K4R w - - 0 29,d2c4 d5h1 h6h1 h8h1 c1d2 e7b4,2028,79,89,628,crushing exposedKing long middlegame pin xRayAttack,https://lichess.org/7NKROI0R#57,
XjgmM,6k1/3n1pp1/4p2p/R1p5/4P3/P2K1P2/1Q4P1/5q2 w - - 3 44,b2e2 d7e5 d3e3 e5c4 e2c4 f1c4,1954,77,95,7188,crushing endgame fork long master xRayAttack,https://lichess.org/sURd4S21#87,
XqdTA,2r2r2/5p1Q/p4Npq/1pb4k/4P3/P6P/1P4P1/5R1K b - - 2 32,h5g5 f1f5 g6f5 h7f5 g5h4 f5g4,1989,75,94,10248,long mate mateIn3 middlegame sacrifice xRayAttack,https://lichess.org/JBioEACa/black#64,
XuKWQ,r3k2r/pp3ppp/2b1p3/3pP3/8/3Q1N2/Pq3PPP/R4RK1 b kq - 2 17,e8g8 f1b1 c6b5 d3b5 b2b5 b1b5,2117,82,91,397,advantage long middlegame xRayAttack,https://lichess.org/XRcAHiuT/black#34,French_Defense French_Defense_Kings_Indian_Attack
XuuxJ,3Rr2k/4Q1np/5pq1/8/4Np1p/2P3P1/1P3P2/6K1 b - - 7 40,f4g3 e7f8 e8f8 d8f8,1939,76,96,6079,backRankMate endgame master mate mateIn2 sacrifice short xRayAttack,https://lichess.org/loLaslG0/black#80,
XwHHi,6k1/2q2ppp/1pr1r3/p2Q4/3P4/2R4P/PP3PP1/2R3K1 b - - 0 25,c6c3 d5a8 c7c8 a8c8 c3c8 c1c8 e6e8 c8e8,2026,75,85,395,backRankMate endgame mate mateIn4 veryLong xRayAttack,https://lichess.org/DlvrUrSW/black#50,
XyebY,6k1/7p/8/4Qp2/2P1p1pP/7q/P2r2R1/4RK2 w - - 10 41,e5h2 h3h2 g2h2 d2h2,1910,74,89,212,advantage endgame master short xRayAttack,https://lichess.org/O6QAsznv#81,
Y16tE,4r2k/1p4pp/p2R1p2/2Bb1q2/7Q/8/PPP2PPP/2R3K1 w - - 0 26,h4d4 f5g5 d6d5 g5c1 d4d1 e8e1 d1e1 c1e1,1957,133,77,42,fork mate mateIn4 middlegame veryLong xRayAttack,https://lichess.org/JgMfn8nc#51,
Y2xUQ,R3k2r/7r/1p5R/4p1p1/3nP3/P2P2P1/1P6/4K3 b - - 1 39,e8f7 a8h8 h7h8 h6h8,2043,76,93,5604,crushing endgame short xRayAttack,https://lichess.org/s3I83w3U/black#78,
Y3SkX,r4kr1/p1q5/4QB2/1ppPb2p/7P/8/PPP2P2/2K3R1 b - - 0 28,c7f7 f6e7 f8e8 g1g8 f7g8 e6g8,2171,77,84,253,crushing deflection exposedKing long middlegame xRayAttack,https://lichess.org/4hzP0eK3/black#56,
Y5kGE,6k1/2q2pp1/p5np/1p2p3/8/P1N2PQP/1Ppr2P1/2R4K b - - 5 32,c7c3 b2c3 d2d1 g3e1 d1e1 c1e1,2058,79,91,291,advantage endgame hangingPiece long xRayAttack,https://lichess.org/mfXK2sxN/black#64,
YBc5G,3r2k1/1n2bpp1/p5qp/1pp1B3/2P1P3/1P3B1P/P2rQPP1/R3R1K1 w - - 1 23,e2e3 e7g5 e5f4 d8d3 e3d2 d3d2 f4d2 g5d2,2097,76,89,285,advantage middlegame trappedPiece veryLong xRayAttack,https://lichess.org/yJgvuPbi#45,
YDc5u,2r4k/p7/1pn1Pb2/2p4p/2Pp2p1/3N4/PP4PP/2B2RK1 b - - 0 29,c8f8 c1h6 f6g7 f1f8 g7f8 h6f8,1991,78,92,1967,crushing endgame exposedKing kingsideAttack long xRayAttack,https://lichess.org/VnAql51R/black#58,
YGkK3,8/1p2p1k1/p2q1rp1/4R1Q1/8/P6P/1P4P1/7K w - - 0 34,h3h4 f6f1 h1h2 f1e1 g5e7 d6e7 e5e7 e1e7,2049,82,90,475,crushing endgame pin veryLong xRayAttack,https://lichess.org/inAi2iEE#67,
YHV1k,r2k2r1/bbp2Q2/3p4/1p1np1q1/1P6/1BP4P/3N3N/R4R1K w - - 1 28,b3d5 g5g2 d5g2 b7g2,1986,80,92,931,kingsideAttack mate mateIn2 middlegame sacrifice short xRayAttack,https://lichess.org/B51r2XM7#55,
YJq0V,2r3k1/1RP1R1p1/5n1p/p2pN3/5p2/2r4P/5PP1/6K1 b - - 2 32,f6e8 b7b8 c3c7 e7e8 c8e8 b8e8,2116,84,90,2760,advantage endgame long xRayAttack,https://lichess.org/JMcnxInS/black#64,
YLAfu,3r2k1/pp3p1p/5n2/4q1p1/2Q1BNb1/1P4P1/P2r1P1P/2R1R1K1 b - - 0 22,g5f4 e4h7 f6h7 e1e5 d2d1 e5e1 d1e1 c1e1,1942,82,91,1063,crushing discoveredAttack master middlegame veryLong xRayAttack,https://lichess.org/IhCLk5H5/black#44,
YMlSF,1k3r2/p1p3pp/1p1q4/4B3/6n1/2Q2N2/6P1/2R3K1 b - - 8 39,f8f3 c3c7 d6c7 e5c7 b8b7 g2f3,2158,74,69,241,advantage endgame long xRayAttack,https://lichess.org/7V4QbytK/black#78,
YNGfQ,6q1/p2Q3p/1p4r1/3k4/8/4P1R1/P5K1/8 b - - 1 35,d5e5 d7d4 e5f5 d4f4 f5e6 f4c4 e6d6 c4g8 g6g8 g3g8,2047,77,97,2481,crushing endgame veryLong xRayAttack,https://lichess.org/w9ssjTqH/black#70,
YNJGQ,1q2kr2/5pRp/2b2p2/p1b1p3/1rBpP3/1P3P2/2Q2P1P/6RK b - - 3 26,c6b5 c4f7 f8f7 c2c5 b8c7 c5c7 f7c7 g7c7,2064,207,89,13,advantage attackingF2F7 discoveredAttack middlegame veryLong xRayAttack,https://lichess.org/TQ02wpvv/black#52,
YSCMS,rr3qk1/p1p2pP1/4pB2/3bP2P/3P4/4Q3/P1p4R/R3K3 b Q - 0 29,b8b1 e1f2 f8g7 f6g7 c2c1q e3c1 b1c1 a1c1,2191,76,91,2939,crushing defensiveMove middlegame veryLong xRayAttack,https://lichess.org/BRSzhjhl/black#58,
YWKX3,r2r2k1/q4pp1/2pB3p/2Pb4/1R6/P4P2/1Q4PP/1R4K1 w - - 1 30,a3a4 d8d6 b4b8 d6d8 b8d8 a8d8,2000,78,92,4696,advantage long middlegame pin xRayAttack,https://lichess.org/FMiNtnnb#59,
YYdEj,2k2b1r/pp3Qp1/2p4p/4q2P/4n3/4B3/PPP2PP1/2KR4 b - - 0 19,f8c5 e3f4 e4d6 d1d6 e5d6 f4d6,1991,77,91,879,advantage long middlegame xRayAttack,https://lichess.org/yQadZJ0v/black#38,
YZTjD,4r1k1/6pp/1rnbpn2/3p2B1/R7/1P4PB/P3PP1P/2R3K1 b - - 7 24,e6e5 g5f6 c6d4 a4d4 e5d4 f6d4,1956,78,92,1357,crushing long middlegame xRayAttack,https://lichess.org/Ge1YOYSv/black#48,
Yda4L,4rk2/p4pR1/1p3q1N/2b5/8/1P3Q1P/P2r2P1/5R1K b - - 0 30,f6f3 g7f7 f3f7 f1f7,1947,87,83,88,fork mate mateIn2 middlegame short xRayAttack,https://lichess.org/IQB0TVCD/black#60,
YhnyE,1r5Q/1kq2p2/4b3/1R5p/8/1p5P/5PP1/2r1R1K1 b - - 12 37,b7a7 h8a1 c1a1 e1a1 c7a5 a1a5,2138,86,91,929,exposedKing long mate mateIn3 middlegame sacrifice xRayAttack,https://lichess.org/JKF5J7Gw/black#74,
Ym6Xz,3r4/p5k1/1p3pbp/2pqn1pB/8/Q3R1NP/PP4PK/8 b - - 3 32,e5c4 a3a7 d8d7 e3e7 d7e7 a7e7 d5f7 g3f5,2195,77,86,132,advantage master middlegame veryLong xRayAttack,https://lichess.org/evFT1ljV/black#64,
Ym9ZW,r1b1k2r/ppp2pp1/2p5/2b1q3/4P1B1/2NP2p1/PPP2P1P/R1BQ1R1K w kq - 0 12,h2h3 h8h3 g4h3 c8h3,1966,78,81,104,advantage kingsideAttack middlegame short xRayAttack,https://lichess.org/npuD1AtN#23,Petrovs_Defense Petrovs_Defense_Stafford_Gambit
YmkXZ,4r1k1/p1p2p1p/1n1p2p1/1Q6/2p1qP2/2P4P/P1P1rBP1/1R2R2K b - - 3 25,e4f4 b5e8 e2e8 e1e8 g8g7 f2d4 f7f6 e8e7 g7h6 d4e3 f4e3 e7e3,1983,76,78,145,crushing kingsideAttack middlegame pin veryLong xRayAttack,https://lichess.org/rTXwK63p/black#50,
Ynua5,rn1qkb1r/pp2pp1p/2p1b1p1/3NN3/2B5/5Q2/PPPP1PPP/R1B1K2R b KQkq - 0 8,e6d5 f3f7 d5f7 c4f7,1907,75,94,8781,attackingF2F7 mate mateIn2 opening sacrifice short xRayAttack,https://lichess.org/jLMa5YTd/black#16,Pirc_Defense Pirc_Defense_Other_variations
YnzJj,r1bq1rk1/pp3ppp/8/1Np5/2P1QP1P/1P5P/PB1pBn2/2KR2R1 w - - 0 19,c1b1 f2e4 g1g7 g8h8 g7f7 e4f6 b2f6 d8f6 f7f6 f8f6,1999,79,91,1954,advantage master middlegame veryLong xRayAttack,https://lichess.org/ySH6ChhC#37,Zukertort_Opening Zukertort_Opening_Other_variations
YoAZD,r3r1k1/p2R2bp/1p2q1p1/2p1Nn2/4pP2/4B2Q/1P4PP/3R2K1 b - - 3 23,f5e3 d7g7 g8g7 d1d7 e6d7 h3d7,1930,127,87,31,advantage attraction kingsideAttack long middlegame sacrifice xRayAttack,https://lichess.org/oX90Xd4B/black#46,
YuhR6,4Qr1k/2RP2p1/p6p/8/3q4/2KP1nP1/5P2/1R6 w - - 13 41,c3c2 d4a4 c2c3 f8e8 d7e8q a4e8,2090,77,94,11469,advantage endgame long xRayAttack,https://lichess.org/OjElYAOa#81,
YxS3I,3r2k1/7p/P5p1/1p6/5p2/1Qp2P1P/3p2PK/3Rq3 b - - 1 40,g8g7 b3c3 g7f7 d1e1 d2e1q c3e1,1969,78,93,279,crushing endgame long xRayAttack,https://lichess.org/PvOE0TgR/black#80,
YzuEF,3rkb1r/1p3p2/4pPp1/4PnP1/qp1Np2p/P3B2Q/3R3P/3R3K w k - 1 27,d4f5 a4d1 d2d1 d8d1 e3g1 f8c5,2191,89,90,590,advantage long middlegame pin xRayAttack,https://lichess.org/Mhj60nbc#53,
Z0Mpp,5rk1/2R1Rpn1/p5p1/6P1/1P6/6P1/2p2P2/3qQ1K1 w - - 0 38,e7e2 f8e8 c7c2 d1e1 e2e1 e8e1,2185,76,94,4362,advantage endgame long master xRayAttack,https://lichess.org/NVvNJ7PN#75,
Z0d3H,r1b2rk1/pp3pbp/2n1qBpn/4N1Q1/3pN1P1/3B1P2/PPP4P/R3R1K1 w - - 1 19,d3c4 c6e5 g5e5 e6e5 f6e5 g7e5,1990,74,94,1197,crushing long master middlegame xRayAttack,https://lichess.org/qtqCuih7#37,
Z1Gux,8/3q2kp/6p1/2Pr1p2/8/2Q5/6PP/6RK b - - 2 53,g7f7 c5c6 d7d6 c6c7 d5c5 c7c8q c5c8 c3c8,2137,77,95,1748,advancedPawn crushing endgame promotion veryLong xRayAttack,https://lichess.org/QyCbRq3Y/black#106,
Z6wP7,1r5k/3r2pp/5p2/P7/1N6/2Q4P/3p1qP1/3R3K b - - 4 46,f2e1 d1e1 d2e1q c3e1 d7b7 a5a6 b7b4 a6a7,1994,77,95,8963,advancedPawn advantage endgame veryLong xRayAttack,https://lichess.org/HPrpxKWR/black#92,
Z7lLB,2rr3k/2Q2p1p/p2Pq3/3N2Rp/5P2/4BP2/PbP4P/3K4 w - - 2 24,c2c3 b2c3 c7c3 c8c3 e3d4 f7f6,2127,110,28,19,crushing long middlegame xRayAttack,https://lichess.org/5kzRjBVW#47,
Z7uE6,2r1r3/1p2bk1p/p1b1pnpB/3q4/3P4/2P2P2/B3Q1PP/2R1R1K1 b - - 1 22,c6b5 e2e6 d5e6 a2e6,1957,79,81,680,mate mateIn2 middlegame short xRayAttack,https://lichess.org/hcFNexiW/black#44,
Z996m,5k1r/4b1pp/3p1p2/p3PP1Q/P1q3P1/2P5/3B3P/1R3K2 w - - 0 30,f1e1 c4e4 e1f2 e4b1 e5e6 g7g6 f5g6 b1g6,1913,75,96,212,advantage endgame fork veryLong xRayAttack,https://lichess.org/YmdBPCtB#59,
ZAFCF,2r1k2r/1b2bp2/p2pp3/6p1/Pp2n1P1/1NqB1QB1/P1P4P/1K1RR3 w k - 0 21,d3e4 c3f3 e4f3 b7f3,2106,74,93,2878,advantage master middlegame short xRayAttack,https://lichess.org/j57eTHZh#41,
ZAjBA,4b3/1Q2qk1p/2r1Pr2/p2p4/6p1/2P1R3/1P4KP/4R3 b - - 0 36,f6e6 e1f1 f7g8 b7e7 e6e7 e3e7,2048,77,92,1014,advantage deflection long middlegame xRayAttack,https://lichess.org/lNMWodDj/black#72,
ZD60X,5rk1/5p2/p1Q4p/1p2bB2/5qP1/5n1P/PP1r1R1N/R6K w - - 1 29,a1f1 f4h2 f2h2 d2h2,1964,176,33,4,arabianMate kingsideAttack mate mateIn2 middlegame operaMate short xRayAttack,https://lichess.org/UnyFvIgh#57,
ZE9Pi,2r3k1/2p1b1p1/pp2q3/5r2/4N1Qp/1P3P2/P5PP/4RR1K b - - 4 29,f5e5 e4f6 e7f6 g4e6 e5e6 e1e6,1934,82,95,3830,advantage kingsideAttack long middlegame pin xRayAttack,https://lichess.org/cWk6npAP/black#58,
ZGG4n,2r3k1/pp3pp1/4p3/3pP1Pp/b1rP3P/q1N1QN2/2R2PK1/2R5 w - - 2 26,c3a4 a3e3 c2c4 e3c1 c4c1 c8c1,2000,75,83,406,crushing long middlegame xRayAttack,https://lichess.org/cPAhvFRy#51,
ZGeac,4rr2/7k/4nqp1/p2Q4/Pp2R3/1P6/3N2PP/4R1K1 w - - 5 27,e4e6 f6f2 g1h1 f2e1 e6e1 e8e1 d2f1 e1f1,2000,78,88,104,backRankMate mate mateIn4 middlegame veryLong xRayAttack,https://lichess.org/ykQ5i7s2#53,
ZJNKw,5rk1/Q2R1R2/1p4p1/1P2p3/4P2b/5K1P/P7/5q2 w - - 1 43,f3g4 f1f4 f7f4 f8f4,2128,75,93,9257,collinearMove endgame mate mateIn2 pillsburysMate sacrifice short xRayAttack,https://lichess.org/bTGMNhUC#85,
ZKjFH,5rrk/p3pQbp/1p1pPp2/2nP1P2/3q1PRp/2N5/PP1B3P/2K3R1 w - - 14 25,g4g7 d4g1 g7g1 g8g1 c1c2 f8f7,1985,95,55,43,crushing long middlegame xRayAttack,https://lichess.org/uvwobiNK#49,
ZLgpB,6rk/pQ2R1bp/8/2p3p1/8/1P2q1P1/P2r2BP/5R1K b - - 9 32,e3d3 e7g7 g8g7 b7b8 d3d8 f1f8 d8f8 b8f8,2133,77,72,185,advantage fork master middlegame sacrifice veryLong xRayAttack,https://lichess.org/B6xlxXLZ/black#64,
ZMptL,4r1k1/4rp2/P3P1p1/1Q3n2/1P6/2P3q1/5RP1/4R1K1 b - - 2 40,e7e6 b5e8 e6e8 e1e8 g8g7 a6a7 g3c3 a7a8q,2023,75,93,6012,advancedPawn crushing middlegame promotion veryLong xRayAttack,https://lichess.org/qA1ZXxXc/black#80,
ZOLUl,r3r1k1/pb3ppp/1p6/4nq2/4N3/2P2B1P/PPQ1NKP1/R6R w - - 6 19,a1c1 b7e4 c2e4 e5d3 e4d3 f5d3,1985,82,88,1243,crushing fork long middlegame xRayAttack,https://lichess.org/nY7MYvrp#37,Bishops_Opening Bishops_Opening_Philidor_Counterattack
ZRvco,2b5/p4p1R/5kp1/2pPp1qN/2p3P1/2r1QPK1/P7/8 b - - 1 34,g6h5 h7h6 g5h6 e3h6,2190,78,86,1148,crushing endgame master short xRayAttack,https://lichess.org/6iIFmcWD/black#68,
ZTfVJ,2r3k1/2P2p2/1Q4p1/3pq3/8/p3PPPp/4K2P/2R5 w - - 0 40,b6b8 c8b8 c7b8q e5b8,1969,77,91,1111,crushing endgame short xRayAttack,https://lichess.org/kjMXNGUR#79,
ZUMNy,r5k1/r3qpp1/n1Q1p2p/R1p1P3/R7/5NP1/5P1P/6K1 b - - 3 35,a6b4 c6a8 a7a8 a5a8,1995,76,85,683,crushing middlegame short xRayAttack,https://lichess.org/mgTJiFbF/black#70,
ZYadN,1k5r/p1rRb1pp/Qp6/2p1p3/5q2/5B2/PP4PP/3R2K1 b - - 1 25,h8c8 a6b7 c7b7 d7b7 b8a8 b7e7 a8b8 e7b7,2092,83,90,828,crushing discoveredAttack discoveredCheck fork middlegame sacrifice veryLong xRayAttack,https://lichess.org/1vjzHclA/black#50,
ZZlIN,8/2q3k1/2P2pp1/5b2/3Q4/2NR4/PP4K1/4r3 w - - 0 36,d4d7 f5d7 d3d7 e1e7 d7e7 c7e7,2164,76,92,2265,crushing endgame long xRayAttack,https://lichess.org/GW7k0ppz#71,
ZZoWq,2b2rk1/5ppp/p2bp3/1p6/4B3/P3BP2/1P4PP/3R3K b - - 1 21,f8d8 e3b6 d6c7 d1d8 c7d8 b6d8,2032,76,87,346,advantage endgame long xRayAttack,https://lichess.org/0XWiO7yz/black#42,
ZbAvB,3r4/p2qNrkp/1p1P2p1/2p1pPb1/P1P5/1P1Q1R2/6K1/3R4 b - - 0 33,g5e7 d6e7 d7d3 e7d8q d3d8 d1d8,1938,76,93,6435,advancedPawn crushing long middlegame promotion xRayAttack,https://lichess.org/CoSY9Tqo/black#66,
Zbn81,r4r1k/pp4pp/8/8/1QB1ppPq/P7/3R1PP1/4RK2 w - - 2 30,e1e4 h4h1 f1e2 f4f3 g2f3 h1f3 e2e1 f3e4,1909,79,96,18696,crushing fork middlegame veryLong xRayAttack,https://lichess.org/lB0oywe2#59,
ZcAIp,4r1k1/4P1pp/p2R4/1p4P1/5r2/2P5/P2n4/4R1K1 b - - 2 34,f4f7 d6d8 d2f3 g1h1 f7e7 d8e8 e7e8 e1e8,2033,74,94,9162,advantage defensiveMove endgame veryLong xRayAttack,https://lichess.org/YhWtkUhE/black#68,
ZgN2h,2r5/p7/3NRnk1/2pq2br/6QP/P1PP4/RP6/6K1 w - - 1 32,c3c4 h5h4 e6f6 g6f6 d6e4 d5e4 g4e4 h4e4,2117,82,91,3680,crushing middlegame veryLong xRayAttack,https://lichess.org/yyCpCKvF#63,
ZgRDN,k3r3/1pR2N2/p5p1/5bP1/5P2/bPBp4/P2P4/K7 w - - 5 34,f7e5 e8h8 c3b2 h8h1 c7c1 h1c1 b2c1 a3c1,1978,76,88,297,crushing endgame master masterVsMaster quietMove veryLong xRayAttack,https://lichess.org/PSjH76l7#67,
Zgv7O,rr4k1/1Q1n1qpp/2p2p2/4p3/1B4P1/1P5P/P2R1P2/3R2K1 w - - 1 26,d2d7 b8b7 d7d8 f7e8 d8e8 a8e8,2088,78,92,1098,advantage long middlegame xRayAttack,https://lichess.org/vcGxGI5v#51,
ZlmYJ,2r2r2/pb4bk/2q3pp/5p2/3p1P1Q/1B1N2P1/PPP2R2/4R1K1 b - - 11 28,g7f6 e1e7 f6e7 h4e7 h7h8 f2h2,2179,84,91,1842,crushing long master middlegame sacrifice xRayAttack,https://lichess.org/4izu5Dy8/black#56,
Zrf65,6k1/p4p1p/2P3p1/5p2/2Qb4/6P1/P2q1PBP/4rRK1 w - - 1 27,c6c7 d2f2 g1h1 f2g1 f1g1 e1g1,1982,75,82,182,endgame long mate mateIn3 pin sacrifice xRayAttack,https://lichess.org/FUjYvtbO#53,
Zt6Za,4r2k/1pp2Qp1/3p3q/p2P4/P3r3/2P1PR2/6PP/4R1K1 b - - 2 24,e4e3 f7e8 e3e8 e1e8 h8h7 f3h3,2006,77,94,1602,crushing endgame long pin xRayAttack,https://lichess.org/onCcfpr4/black#48,
ZtOdy,rnb2rk1/ppp1nppp/3p4/8/2PQP3/1B6/PB1KNPqP/6R1 b - - 3 15,b8c6 d4g7 g2g7 g1g7 g8h8 g7f7,1968,76,85,78,advantage discoveredAttack discoveredCheck kingsideAttack long middlegame xRayAttack,https://lichess.org/KZcSp8nY/black#30,Danish_Gambit_Accepted Danish_Gambit_Accepted_Other_variations
Ztw7v,6k1/1p2r1pp/p1n1q3/2Qp4/2pP4/2P1bR2/PP4PP/4R2K b - - 1 32,e3d4 c5e7 e6e7 e1e7 c6e7 c3d4,1993,78,100,63,advantage long middlegame xRayAttack,https://lichess.org/VYN8QRlV/black#64,
ZvduC,r6k/1pp3pp/p2b2q1/3b4/3P4/P3B2Q/1P2B1PP/5RK1 b - - 0 20,a8e8 e2h5 e8e3 h3c8 e3e8 c8e8 g6e8 h5e8,2083,75,94,7431,advantage kingsideAttack middlegame sacrifice veryLong xRayAttack,https://lichess.org/kqhZfbKN/black#40,
Zy4Jm,3r1rk1/1Bp3pp/p3qp2/4n3/6b1/5N2/PPP1QPPP/R3R1K1 w - - 3 18,a1d1 e5f3 b7f3 e6e2 f3e2 g4e2,1956,83,84,43,advantage discoveredAttack kingsideAttack long middlegame xRayAttack,https://lichess.org/hCA37T9J#35,Queens_Pawn_Game Queens_Pawn_Game_Accelerated_London_System
Zyyf1,r4rk1/1p1Rbp2/p1n4Q/4p3/8/6N1/P1q2PPP/R5K1 b - - 1 22,e7c5 g3h5 c2g6 h5f6 g6f6 h6f6,2030,78,83,282,crushing long middlegame quietMove xRayAttack,https://lichess.org/y6FXEy1o/black#44,
ZzUvS,8/8/2p3p1/4qp1p/kbQ2P2/pp4P1/3R3P/5K2 b - - 0 50,a3a2 d2a2 b3a2 c4a2 a4b5 f4e5,2143,78,91,671,crushing endgame long sacrifice xRayAttack,https://lichess.org/c51Bzu16/black#100,
a15LQ,2r2nk1/p3bppp/1p2p3/8/3P4/1PB2NP1/P4PKP/4R3 w - - 1 23,e1c1 e7a3 c3b2 c8c1 b2c1 a3c1,2129,76,85,494,crushing endgame long xRayAttack,https://lichess.org/XFh3nZcF#45,
a3Awz,5rk1/5pbp/r1p1p1pB/4P3/p7/8/1qP2QPP/3R1R1K b - - 1 20,b2e5 f2f7 f8f7 d1d8 g7f8 d8f8 f7f8 f1f8,1931,76,95,3749,mate mateIn4 middlegame operaMate sacrifice veryLong xRayAttack,https://lichess.org/oRfSDMso/black#40,
a8ooy,8/8/1nrNp1k1/4Pp1p/2p2P2/2R3P1/n3K2P/2R5 w - - 0 44,c3c4 a2c1 c4c1 c6c1,1946,79,88,91,crushing endgame short xRayAttack,https://lichess.org/y1F5IKJM#87,
aAErD,3r2k1/3r3p/6p1/p1p5/1q6/1PRp1P1P/P2Q2P1/2R4K w - - 0 32,a2a4 d8e8 c3d3 b4d2 d3d2 d7d2,2157,78,65,79,crushing endgame long master masterVsMaster quietMove xRayAttack,https://lichess.org/wZNXTSKQ#63,
aG31E,6r1/pb1q1p1k/1p3Rrp/4P2Q/2pPp1PR/2P1P3/P6P/6K1 b - - 0 25,g8g7 h5h6 g6h6 f6h6 h7g8 h6h8,1927,82,93,2779,long mate mateIn3 middlegame sacrifice xRayAttack,https://lichess.org/9eWzUOCY/black#50,
aHBxp,q4rk1/5p1p/2bppRpQ/pp2r2P/4P1P1/2P2R2/PPB5/6K1 b - - 0 30,c6e4 h5g6 e4g6 c2g6,1947,78,76,218,crushing master middlegame short xRayAttack,https://lichess.org/cT5IlLw3/black#60,
aIk8a,5rk1/1b3ppp/p7/3q4/6Q1/1P1r4/P4BPP/3RR1K1 b - - 4 28,f8d8 f2d4 d3d4 d1d4,2131,84,86,56,advantage middlegame short xRayAttack,https://lichess.org/nkecdwsO/black#56,
aK1PG,3r3r/pn1PQpkp/2p3p1/q6P/8/2b3B1/P1P1RPP1/6K1 b - - 0 23,c3f6 h5h6 g7h6 e7f6 a5f5 g3f4 f5f4 f6f4,2023,75,90,1091,crushing deflection middlegame veryLong xRayAttack,https://lichess.org/WgjzwnlR/black#46,
aMO2C,4r1k1/p2Q1pbp/5qp1/4r3/8/4PB2/PP4PP/2R1R2K b - - 0 27,e5e3 d7e8 e3e8 e1e8 g7f8 c1c8 g8g7 e8f8,1955,76,77,355,advantage middlegame quietMove veryLong xRayAttack,https://lichess.org/mVESqZx2/black#54,
aOVdx,1r3bk1/q4p1p/Pp2p1p1/1Q1pP3/P4P2/2n1B3/2P3PP/1R3RK1 w - - 5 24,e3b6 b8b6 b5b6 f8c5 b6c5 a7c5,2000,76,94,10203,advantage fork long middlegame sacrifice xRayAttack,https://lichess.org/KXakz0n5#47,
aUHQl,5rrk/1p1Q4/p7/3pPR2/3P4/P1P2Rp1/1P2K1q1/8 w - - 0 40,e2d3 g2f3 f5f3 f8f3 d3e2 g3g2 e2f3 g2g1q,1951,84,44,35,advancedPawn crushing endgame promotion veryLong xRayAttack,https://lichess.org/X40Qtf7D#79,
aVmsa,r6k/pppB1pp1/2b4p/4q3/3R1P2/2PQP2P/6PK/8 b - - 0 28,e5b5 d3b5 c6b5 d7b5,1900,81,64,72,advantage endgame short xRayAttack,https://lichess.org/81oQ6CEI/black#56,
aVobi,6k1/ppp1b2p/4PrpP/3P1p2/2q5/6R1/P1P3Q1/5R1K w - - 0 27,f1f5 c4h4 g3h3 h4e1 g2f1 e1f1 f5f1 f6f1,2007,76,92,892,advantage endgame exposedKing veryLong xRayAttack,https://lichess.org/bNMthChT#53,
aW7Sj,3r1kbQ/pp2q1pR/5n2/8/6B1/1P3R2/6PK/2r5 b - - 5 42,e7f7 h7g7 f7g7 f3f6 g7f6 h8f6,2165,86,60,35,crushing long middlegame pin xRayAttack,https://lichess.org/LSADpoAU/black#84,
ahx6r,2r4k/p1r4p/8/5p2/1Q1p1p2/3nqB2/PP4PP/2R2R1K w - - 4 29,c1c7 d3f2 f1f2 e3c1 c7c1 c8c1 f3d1 c1d1 b4e1 d1e1 f2f1 e1f1,1974,74,96,2029,backRankMate master mate mateIn5 middlegame sacrifice veryLong xRayAttack,https://lichess.org/XWYxl9TT#57,
aij2l,8/5k2/p2p1B1p/2pP1Kp1/P1P3P1/6bP/8/8 b - - 0 48,g3f4 h3h4 g5h4 f6h4,2119,79,88,1188,bishopEndgame crushing endgame short xRayAttack,https://lichess.org/2vnljmj8/black#96,
aivbZ,2k4r/pb1p1p1q/1p1b1P2/4p2p/3pP3/P2B3Q/1PPB3P/2K3R1 b - - 1 30,b7e4 g1g7 h7f5 h3f5 e4f5 d3f5,1940,188,82,4,advantage long middlegame xRayAttack,https://lichess.org/GOOiBDiD/black#60,
aizuc,1Q3b1r/2P1kp1p/1p2pnp1/4q3/2B5/2P5/Pr1N1PPP/R3K2R w KQ - 1 22,e1d1 b2d2 d1d2 f8h6 d2c2 h8b8 c7b8q e5b8,2125,75,85,243,advantage attraction discoveredAttack exposedKing middlegame veryLong xRayAttack,https://lichess.org/zXtTrAn7#43,
ajVmv,r4r1k/6pp/pN1bp3/2qp4/2P1n1Q1/1P5P/1PKB1PP1/3R3R w - - 5 25,d2e3 f8f2 e3f2 c5f2,1918,77,89,1962,crushing middlegame short xRayAttack,https://lichess.org/MyfHtk2D#49,
akUkP,3r4/5pkp/6p1/P2r4/4N3/5P2/3Rn1PP/3R2K1 w - - 1 28,g1f2 e2c3 d2d5 c3d1 d5d1 d8d1,2094,74,93,3856,advantage endgame long xRayAttack,https://lichess.org/F5HOIpDi#55,
al1uw,2k1r1r1/8/R3N3/4Pp2/8/5PP1/5K2/8 b - - 0 44,g8g6 a6a8 c8d7 e6f8 e8f8 a8f8,2131,76,93,4883,crushing endgame exposedKing fork long xRayAttack,https://lichess.org/WSwbErMO/black#88,
alpbp,r4rk1/ppp3p1/4p3/4p1B1/2PqN2P/3PnPb1/PP1QR3/R1K5 b - - 6 20,g3f4 e2e3 d4e3 d2e3 f4e3 g5e3,1913,77,89,67,advantage long middlegame xRayAttack,https://lichess.org/cBtRs6Rr/black#40,
aond0,8/p4r1p/P5pk/8/5P2/4q3/3p2QP/5R1K b - - 0 37,e3e1 g2h3 h6g7 h3c3 f7f6 f1e1 d2e1q c3e1,2083,75,94,5090,crushing endgame pin veryLong xRayAttack,https://lichess.org/NgHAbJ9G/black#74,
ap6Jq,r1q4r/p1p3k1/1pPp2p1/4p3/2B1Pnb1/2P3K1/PP3P1N/RN1Q2R1 w - - 6 21,d1g4 h8h3 g4h3 c8h3,1900,79,87,405,mate mateIn2 middlegame short xRayAttack,https://lichess.org/OSwtGhmi#41,
apBRm,r1k2n1r/4b3/bB1qP3/p2P1Q2/7p/P2p3P/1Rp3P1/2R3K1 b - - 1 32,a8b8 c1c2 d3c2 f5c2 d6c5 b6c5,2152,79,91,730,advantage exposedKing long middlegame sacrifice xRayAttack,https://lichess.org/F6Bt5K4y/black#64,
apzvG,8/7k/P7/4Kp2/2B5/1P3r2/3rp3/4R3 b - - 1 61,f3f1 e1f1 e2f1r c4f1 d2b2 f1c4,2143,77,92,3773,crushing defensiveMove endgame long master xRayAttack,https://lichess.org/eulOtYj2/black#122,
avIaI,4rr1k/pp4pp/2np4/8/4R1Q1/2PP1N2/P1P2qPP/R6K w - - 0 20,a1e1 f2e1 e4e1 e8e1,2007,75,87,251,advantage kingsideAttack middlegame short xRayAttack,https://lichess.org/vI8qc8Ov#39,
avPtA,4rk2/7p/2bp2p1/3Bp3/2q5/6P1/PB1QnP1P/4R2K w - - 2 26,e1d1 c4e4 d5e4 c6e4 f2f3 e4f3,1961,73,94,12104,long mate mateIn3 middlegame sacrifice xRayAttack,https://lichess.org/J5DeaDYK#51,
awCYN,6k1/p4p1p/1p1Qp1p1/8/4P3/1q5P/1P1R1PPK/2r5 b - - 3 29,b3c4 d6b8 c4c8 d2d8 c8d8 b8d8,2070,79,92,661,advantage clearance endgame fork long xRayAttack,https://lichess.org/VPRixs5Z/black#58,
awut5,3R2k1/2r2r1p/p1q1pQn1/1p2P3/6P1/8/PPP5/2K2R2 b - - 1 28,g6f8 f6g5 g8h8 d8f8 f7f8 f1f8,2135,80,98,254,deflection long mate mateIn3 middlegame xRayAttack,https://lichess.org/jwzwJkMq/black#56,
axm0i,r6R/pp2b1P1/3pQ3/1kp5/4B3/PbP2r2/qP3P2/2K1R3 w - - 7 29,e6e7 a2a1 e4b1 f3c3 b2c3 a1c3 b1c2 c3c2,1976,77,93,4665,mate mateIn4 middlegame queensideAttack sacrifice veryLong xRayAttack,https://lichess.org/qzHZgQwL#57,
b3Q5y,7k/7p/6p1/8/8/1q2RpPP/5Q1K/3r4 b - - 4 43,b3d5 f2b2 h8g8 b2b8 d5d8 e3e8 d8e8 b8e8,2170,85,91,1978,crushing endgame fork master veryLong xRayAttack,https://lichess.org/1cDnk89C/black#86,
b3ZZy,r6r/p3k2p/2Q1pp2/q2p1n2/1b1P1B2/PP3N2/5PPP/RN3K2 b - - 0 17,b4d6 c6b7 a5c7 b7c7 d6c7 f4c7,2129,75,90,1345,advantage long middlegame xRayAttack,https://lichess.org/FUyRaMa7/black#34,French_Defense French_Defense_Advance_Variation
b3q0c,3r4/5p2/6k1/5p1p/1p3P1P/1PqpP1P1/P2R4/3QK3 w - - 3 36,d1b1 d8e8 b1d3 e8e3 d3e3 c3e3,2109,75,95,2894,crushing endgame exposedKing fork long xRayAttack,https://lichess.org/oT7e7iE3#71,
b4OBU,r5k1/p3qpp1/4rn2/3RB1Qp/8/7P/5PP1/4R1K1 b - - 0 31,a8d8 e5f6 e6e1 g1h2 e7f6 d5d8 f6d8 g5d8,2049,76,79,273,crushing middlegame pin sacrifice veryLong xRayAttack,https://lichess.org/GtXg1ET3/black#62,
b5IAj,Q1kr3r/1pp1bppp/3p4/3Pp2q/2B1P1nn/2P1BN2/PP3P2/R3R1K1 b - - 8 18,c8d7 c4b5 c7c6 b5c6 b7c6 a8c6,2120,83,88,308,long mate mateIn3 middlegame xRayAttack,https://lichess.org/KbhnkNzc/black#36,Italian_Game Italian_Game_Other_variations
b6ND9,r1r4k/2PQ2p1/p6p/5p2/1q2p2P/6B1/5PP1/3R2K1 w - - 0 33,d7c8 a8c8 d1d8 b4f8 d8f8 c8f8,2003,76,83,122,advantage endgame hangingPiece long xRayAttack,https://lichess.org/Oa38OIAr#65,
b71um,2r5/2P3bk/6p1/p3p2p/Pq2P3/1PR3Pb/3Q2NP/2R3K1 w - - 6 42,d2d8 b4b6 g2e3 c8d8 c7d8q b6d8,1945,76,82,96,crushing long middlegame xRayAttack,https://lichess.org/5KNA189x#83,
bA1mD,2q3k1/r4p1p/p2p2p1/1ppQb1N1/8/3Pr3/P1P3PP/1R3R1K b - - 5 26,a7e7 f1f7 c8b7 d5b7 e7b7 f7b7,2156,81,91,1874,advantage long middlegame xRayAttack,https://lichess.org/fcztB8i9/black#52,
bBLhn,r1b1k2r/ppp2pp1/2pb4/8/4PB1q/2NP2p1/PPPQ1PPP/R4RK1 w kq - 0 12,f4g3 h4h2 g3h2 d6h2,2064,76,96,277,advantage kingsideAttack middlegame sacrifice short xRayAttack,https://lichess.org/EVnQdd3w#23,Petrovs_Defense Petrovs_Defense_Stafford_Gambit
bDQzm,2r3k1/1p4pp/3p1n2/p2p2N1/P2Pp3/q3P2P/5PP1/1R1Q2K1 w - - 2 28,b1b7 h7h6 d1c2 a3c1 c2c1 c8c1 g1h2 h6g5,2032,75,94,8179,advantage endgame veryLong xRayAttack,https://lichess.org/93isIOoi#55,
bHZjR,5r2/p4rqk/2pQ1R1P/3p2p1/2pPb1P1/2P1P3/PP6/2K2R2 b - - 0 34,g7g8 d6f8 f7f8 f6f8 g8f8 f1f8,1931,77,91,218,crushing long middlegame xRayAttack,https://lichess.org/R2FafsU1/black#68,
bHp1V,1R3rk1/2p2p1p/3b2p1/8/p7/5QPP/B4P1K/2q5 b - - 0 27,c1h6 f3f7 g8h8 f7g8 f8g8 b8g8,1996,82,75,165,endgame long mate mateIn3 operaMate pin sacrifice xRayAttack,https://lichess.org/DJgyCcBO/black#54,
bIcvx,2q5/4rpk1/R1p2npp/1pPp4/1P1P1Q2/3B3P/5PPK/8 w - - 7 33,a6b6 f6d7 f4d6 e7e6 b6c6 c8c6 d6c6 e6c6,2164,79,91,2636,crushing endgame veryLong xRayAttack,https://lichess.org/X4nkoZEo#65,
bJ3nI,2rr2k1/5pp1/6p1/p7/1pP1PPP1/1P2Q2P/qPK5/3R3R w - - 0 29,d1a1 c8c4 b3c4 a2c4 c2b1 b4b3 e3b3 c4b3,1956,76,84,847,crushing endgame sacrifice veryLong xRayAttack,https://lichess.org/n7EBETTK#57,
bJAvu,5rk1/1bp2ppp/2n1pn2/1B6/Q2P4/2q1PN2/5PPP/2B2RK1 w - - 0 16,c1a3 f8a8 f1c1 c3a3 a4a3 a8a3,1921,75,94,11923,advantage long middlegame xRayAttack,https://lichess.org/xBWMzKf7#31,Queens_Gambit_Accepted Queens_Gambit_Accepted_Old_Variation
bK9Uu,3rk2r/pp1q2pp/5p2/4n3/1bP3b1/1P2B3/P1Q1BPPP/3RK1NR w Kk - 8 14,e1f1 d7d1 c2d1 d8d1 e2d1 g4d1,2008,77,80,100,advantage long middlegame xRayAttack,https://lichess.org/YxkDlzrM#27,Scandinavian_Defense Scandinavian_Defense_Other_variations
bKiWd,r7/6kp/5Qp1/P3Pp2/8/6PK/2pq3P/R7 b - - 3 32,g7h6 a1a4 d2g5 a4h4 g5h4 f6h4,2147,76,88,118,crushing endgame long quietMove xRayAttack,https://lichess.org/j0zvzFSE/black#64,
bL52m,3r2k1/3P1p1p/2Q3p1/1Bp1b3/5q2/5P2/5P1P/4R1K1 w - - 3 32,c6c8 f4h2 g1f1 h2h3 f1e2 d8c8 d7c8q h3c8,1917,77,92,1048,crushing endgame master masterVsMaster veryLong xRayAttack,https://lichess.org/SuQMi4wB#63,
bLETG,k1r4r/B1Rnbppp/6b1/1N2p1Pn/4q2P/5N2/PPP2P2/2KQ3R w - - 4 22,d1d7 e4c2 c7c2 c8c2 c1d1 h8d8 d7d8 e7d8,2058,80,92,3123,advantage middlegame pin queensideAttack sacrifice veryLong xRayAttack,https://lichess.org/q9PDkn5F#43,
bNbqK,6k1/ppp2pb1/3p2pp/5P2/3P3N/2P1Q3/Pq3PPK/8 b - - 0 30,g7f6 e3e8 g8g7 h4g6 f7g6 e8g6 g7f8 g6f6,2128,126,68,29,crushing deflection endgame veryLong xRayAttack,https://lichess.org/WGDmjZud/black#60,
bSINr,4k1r1/1pq3r1/p3Qp2/3pN3/3Pn3/2P5/PP4R1/4R1K1 b - - 4 35,c7e7 e6g8 g7g8 g2g8 e7f8 g8f8,1906,75,91,322,crushing exposedKing long middlegame xRayAttack,https://lichess.org/uiKNCnBE/black#70,
bTGao,r5k1/ppP2rpp/5p2/3Nnp2/2n5/8/PP3PPP/2KR2NR w - - 1 18,d5e7 f7e7 d1d8 e7e8 d8e8 a8e8,1911,74,94,7810,crushing hangingPiece long middlegame xRayAttack,https://lichess.org/UixrXhvB#35,Scandinavian_Defense Scandinavian_Defense_Marshall_Variation
bUwRa,1k2rb1r/1p6/pB5p/2p1Nqp1/3pn3/P2Q2P1/1P2NP1P/4RRK1 b - - 0 23,e8e5 e2d4 c5d4 b6d4,2194,108,45,52,crushing middlegame short xRayAttack,https://lichess.org/D0YSHNpx/black#46,
bY6o5,8/1p3k1p/p1pb1pp1/3r4/P7/1P3P1P/2P1RBP1/6K1 w - - 3 31,f2b6 d6g3 b6f2 d5d1 e2e1 d1e1 f2e1 g3e1,2022,78,90,201,crushing endgame quietMove veryLong xRayAttack,https://lichess.org/jpqdpCVT#61,
bZaBr,Rn2r1k1/3n1ppp/3P4/8/1ppBBQ2/2Pq2P1/5P1P/4K3 w - - 2 26,d4e5 d7e5 f4e5 d3e4 e5e4 e8e4,2106,77,92,2444,advantage fork long master middlegame xRayAttack,https://lichess.org/lf0IkzDS#51,
bZn7I,4r1r1/ppQb1k2/2q5/3p1R2/3B2P1/P6P/1PP5/7K b - - 0 33,f7e7 d4c5 c6c5 c7c5,2013,76,95,10892,crushing middlegame pin short xRayAttack,https://lichess.org/Bpg7pBdj/black#66,
baER2,8/7p/p2Qpkp1/3p4/1P3P1n/P5Nq/4r2P/R4RK1 w - - 1 36,f1f2 h4f3 g1h1 h3h2 f2h2 e2h2,2031,74,94,15227,arabianMate long mate mateIn3 middlegame sacrifice xRayAttack,https://lichess.org/A1lBsQZp#71,
baYLi,3r2k1/pq1P1rpp/2b1QP2/1pp5/2P4P/3R4/1B2PP2/3R2K1 w - - 1 39,e6e8 d8e8 d7e8q c6e8,2097,79,76,57,advantage middlegame short xRayAttack,https://lichess.org/niMihwiK#77,
bcnGL,2N1r2k/7p/p5p1/3p4/1Pp5/2P5/P3p1QR/3qR2K w - - 1 47,g2e2 d1e1 e2e1 e8e1 h1g2 e1e2 g2g3 e2h2 g3h2 d5d4 c3d4 c4c3,2025,79,92,4252,crushing endgame exposedKing veryLong xRayAttack,https://lichess.org/U03isW1v#93,
bgCTt,4r1k1/1p2rppp/1p2bn2/8/QP1q4/P4B2/5PPP/3RR1K1 b - - 3 24,e6h3 a4e8 e7e8 e1e8 f6e8 d1d4,1922,79,90,811,advantage kingsideAttack long middlegame xRayAttack,https://lichess.org/A29riCL7/black#48,
bgngS,k4rR1/pp6/2p1Q3/3p1P2/5q2/8/1KP5/8 b - - 13 46,f4f5 e6e8 f8e8 g8e8 f5c8 e8c8,2113,80,91,848,backRankMate endgame long mate mateIn3 sacrifice xRayAttack,https://lichess.org/gGTCW4S1/black#92,
bjryl,r5k1/pp3r1R/4Q3/3p1B2/1n6/1P3PP1/P4KP1/2q5 b - - 5 28,c1c5 f2e2 c5e7 e6e7 f7e7 h7e7,2049,84,57,73,advantage defensiveMove long middlegame xRayAttack,https://lichess.org/zNB0iZ4A/black#56,
bnhML,rn6/pp2pR1p/1q5k/4b1p1/2BpP2P/2P5/P2QK1P1/8 b - - 0 23,b6g6 h4g5 g6g5 f7h7 h6g6 c4f7 g6f6 h7h6 g5h6 d2h6,2019,75,89,845,advantage middlegame pin veryLong xRayAttack,https://lichess.org/sFwGVYqe/black#46,
bpivL,r4rk1/pp1q1ppp/3P4/2pp4/5n2/P4P2/BPPPQ2P/RNB1R1K1 w - - 1 16,e2e7 d7h3 e7g5 h3f3 g5g3 f4h3 g3h3 f3h3,2133,75,94,10336,crushing kingsideAttack middlegame veryLong xRayAttack,https://lichess.org/q1oBS0Oe#31,Sicilian_Defense Sicilian_Defense_Bowdler_Attack
bqjbh,Q2r3r/1ppkp3/3p1pp1/3P3p/B4qnP/2N1n3/PPP3P1/R1K4R b - - 4 21,c7c6 a4c6 b7c6 a8c6,2003,80,76,91,mate mateIn2 middlegame short xRayAttack,https://lichess.org/cDbPIYBR/black#42,
br5Fm,2r1r1k1/p1qn1p1p/4p1p1/1p1p2B1/1P1b1P1Q/2P4R/P2N2PP/R6K b - - 1 23,d7f8 c3d4 c7c1 h4e1 c1e1 a1e1,2181,77,91,2756,advantage hangingPiece long middlegame xRayAttack,https://lichess.org/q04dLEbG/black#46,
brJVq,2nr4/1r1n3p/1p1Nk1pP/pP1RPpP1/5P2/2P5/K7/3R4 b - - 2 63,d7c5 d6b7 d8d5 b7d8 d5d8 d1d8,2081,83,91,1381,crushing long middlegame xRayAttack,https://lichess.org/T0WDE3ws/black#126,
bsENQ,5r1k/p2qb1pp/1p3r2/2p2P2/2P1P1Q1/7P/P5P1/3R1RK1 b - - 0 27,f6d6 f5f6 e7f6 g4d7 d6d7 d1d7,2025,77,85,416,advantage discoveredAttack long middlegame xRayAttack,https://lichess.org/JDZiRec3/black#54,
bt8AO,3r2k1/pq2bp1p/1pp1b1p1/1P6/P4Q2/2N2B2/5PPP/4R1K1 b - - 2 27,e6d5 b5c6 d5c6 f3c6 b7c6 e1e7,1951,77,87,90,advantage long middlegame xRayAttack,https://lichess.org/XKsp1Ivq/black#54,
bujjo,4r1k1/ppp4p/2n1pB2/4N3/3PQ3/2n2r1P/P1P2q2/2KR2R1 b - - 1 27,f3g3 e4g4 g3g4 g1g4 g8f8 e5d7 f8f7 g4g7,2120,120,82,40,kingsideAttack mate mateIn4 middlegame operaMate sacrifice veryLong xRayAttack,https://lichess.org/54xqRI0B/black#54,
bxomc,4r3/2q1r1pk/p1nb3p/1p1p3Q/2pP4/P1P1pN1P/1P3PP1/2R1R2K b - - 1 31,e3f2 f3g5 h7g8 h5e8 e7e8 e1e8 d6f8 e8f8 g8f8 g5e6 f8e7 e6c7,1991,82,86,64,attraction crushing fork middlegame pin veryLong xRayAttack,https://lichess.org/hm7IrLxz/black#62,
bzoob,3r2k1/5p2/6pb/Pp5p/1P1q1N2/3p1PP1/3QrRKP/3R4 w - - 6 35,f2e2 d3e2 d2d4 e2d1q d4d1 d8d1,2009,75,95,1664,advancedPawn crushing long middlegame promotion xRayAttack,https://lichess.org/fdgwtRzH#69,
c3J3u,2r3kr/1R1q2p1/p3p3/3bP1N1/2B3Qp/B1n5/5PPP/6K1 b - - 0 26,d7b7 g4e6 d5e6 c4e6 b7f7 e6f7,1941,75,91,616,fork long mate mateIn3 middlegame sacrifice xRayAttack,https://lichess.org/QNLNhvmW/black#52,
c6Gk8,6k1/r2q4/4P1p1/1b4N1/1Pp1p3/pnP4Q/6P1/4R1K1 b - - 0 42,d7e7 g5f7 e7f6 e1f1 a7f7 e6f7 f6f7 f1f7,2194,75,88,214,advancedPawn crushing exposedKing middlegame quietMove veryLong xRayAttack,https://lichess.org/HFzFiZNv/black#84,
c9P6H,1k5r/ppp2ppp/2p1b1q1/2b5/2PrN2Q/1P6/P4PPP/3RR1K1 b - - 6 21,h8d8 h4d8 d4d8 d1d8 e6c8 e4c5 g6f5 c5d7 f5d7 d8d7,1916,75,88,494,advantage middlegame queensideAttack veryLong xRayAttack,https://lichess.org/UebI1gJz/black#42,
cBloX,6r1/n3kp2/p3p3/QpPpP3/3q1bP1/P6R/4B3/5K1R b - - 1 42,d4c5 h3c3 f4d2 a5c7 c5c7 c3c7,1967,74,94,2746,advantage long middlegame xRayAttack,https://lichess.org/80f7P7Ef/black#84,
cFgFB,8/3R4/8/3k4/3q1P2/7P/6PK/r4N2 b - - 5 52,d5e4 f1d2 d4d2 d7d2,2150,78,74,148,advantage endgame short xRayAttack,https://lichess.org/WRwMdpRv/black#104,
cJH6U,3r4/4qpk1/p1Rp2pp/1p2p3/5n2/BP5P/P2Q1PP1/1B4K1 w - - 2 36,c6d6 e7g5 b1e4 f4h3 g1f1 g5d2 d6d2 d8d2,1989,78,90,2490,advantage discoveredAttack kingsideAttack middlegame pin veryLong xRayAttack,https://lichess.org/nsrWc74Y#71,
cLfWF,7k/4Nrpp/4Q3/1p1p1rP1/3P1R1q/8/1P4P1/5RK1 b - - 0 35,f5f4 e6c8 f7f8 c8f8 f4f8 f1f8,2068,76,95,456,backRankMate endgame long mate mateIn3 xRayAttack,https://lichess.org/xYeleAw9/black#70,
cN6zG,1qk2r2/1p1rRpp1/p1b5/B6p/3P2nP/5N2/PPP2PP1/R2Q2K1 w - - 3 17,d1e2 c6f3 e7e8 d7d8 e8d8 f8d8 e2c4 f3c6,2061,78,91,1499,advantage middlegame veryLong xRayAttack,https://lichess.org/YHrBEEaq#33,Alekhine_Defense Alekhine_Defense_Scandinavian_Variation
cOCZI,4k1nr/pp1b1ppp/4p3/3pP3/1Q1P4/Bq3N2/5PPP/RNr1KB1R w KQk - 1 15,e1e2 d7b5 b4b5 b3b5 e2d2 c1f1,2051,73,94,12870,crushing long middlegame xRayAttack,https://lichess.org/UkmZBMp3#29,French_Defense French_Defense_Advance_Variation
cPwhJ,4r1k1/4r1p1/n2p3p/p1pPp3/PpP1QPPq/1P1R3P/1B6/4R1K1 w - - 3 29,d3e3 e5f4 e4f4 h4e1 e3e1 e7e1,2031,75,94,1190,crushing exposedKing kingsideAttack long middlegame xRayAttack,https://lichess.org/qrndhQ7I#57,
cQXxd,r5k1/5rbp/p2pQ1pB/1p1PR3/8/8/PPq3PP/5R1K b - - 0 25,a8f8 e6f7 f8f7 e5e8 g7f8 e8f8 f7f8 f1f8,2015,76,86,728,clearance kingsideAttack mate mateIn4 middlegame operaMate sacrifice veryLong xRayAttack,https://lichess.org/awsHNGTt/black#50,
cRh1S,r3k3/p2p1p1p/1q2pr2/2p5/2P1b3/3B2P1/PP3K1P/R1BQ2R1 w q - 3 18,c1f4 b6b2 d1c2 b2c2 d3c2 e4c2,1958,81,84,120,advantage long middlegame xRayAttack,https://lichess.org/kid9LWqd#35,Sicilian_Defense Sicilian_Defense_Four_Knights_Variation
cWjT5,1k2r3/pq2P2r/1p4Q1/1P6/8/4R3/4KP2/4R3 b - - 5 40,h7e7 g6e8 e7e8 e3e8 b8c7 e8e7,1925,76,96,4208,crushing endgame long xRayAttack,https://lichess.org/GlLj92G1/black#80,
cYGLD,4r1k1/5ppp/p7/1pP1r1q1/1P6/P2QpP1P/5RP1/2BR3K b - - 0 34,e3f2 c1g5 e5e1 h1h2 f2f1q d3f1 e1f1 d1f1,1919,77,95,15037,crushing endgame veryLong xRayAttack,https://lichess.org/vsz0g5XF/black#68,
cYvF5,3r2k1/5pp1/5n1p/2N2P2/1P4q1/R2p2r1/5QP1/2BR2K1 w - - 1 38,a3d3 g4d1 d3d1 d8d1,2057,80,90,1314,advantage middlegame short xRayAttack,https://lichess.org/DxZX65vl#75,
cay5P,3nk3/1p6/1q3P2/5r2/2p4Q/5B1P/8/5R1K b - - 1 44,b6f6 f3h5 e8d7 h4f6 f5f6 f1f6,2022,78,92,3563,crushing endgame intermezzo long xRayAttack,https://lichess.org/TY1kT8lC/black#88,
ccdrQ,2R5/5ppk/5qb1/4pr2/7Q/P4r1P/3R1PN1/6K1 b - - 13 35,f5h5 d2d8 f6d8 h4d8,1924,74,95,10548,crushing master masterVsMaster middlegame quietMove short xRayAttack,https://lichess.org/3gZnwDjr/black#70,
cfcHg,r1b2b1r/2p1k1pp/p1p2n2/4P2Q/7B/2P2p2/PP2q1PP/RNK4R b - - 5 15,f3g2 e5f6 e7d7 h1d1 e2d1 h5d1,1969,80,92,2791,crushing exposedKing long opening xRayAttack,https://lichess.org/DbEX2zZ4/black#30,Ruy_Lopez Ruy_Lopez_Morphy_Defense
cfkLt,1B3rk1/2Q3pp/1p1p4/4p3/4P3/1P1PnNPq/1PP2R1P/6K1 w - - 3 27,f3h4 h3f1 f2f1 f8f1,1920,79,81,653,kingsideAttack mate mateIn2 middlegame sacrifice short xRayAttack,https://lichess.org/BnySzdx9#53,
cgQt1,Q5k1/2q2pp1/3p1b1p/p3pP1B/1p2P1P1/7P/PP6/1K6 b - - 1 27,g8h7 a8e8 g7g6 f5g6 f7g6 e8g6,2190,75,96,2660,crushing endgame long xRayAttack,https://lichess.org/b0rvCGl6/black#54,
chcCK,5rk1/pp3p1p/5n2/n7/1bpPqpP1/4P1KP/PP3P2/R2Q1BNR w - - 0 19,e3f4 e4h1 f1g2 f6e4 g2e4 h1e4,2001,76,89,117,advantage hangingPiece long middlegame xRayAttack,https://lichess.org/6vrkRozb#37,
cht0B,8/8/2b4P/4k3/1K6/p2B1p2/P7/8 b - - 1 43,c6e4 h6h7 e4h7 d3h7,2056,100,63,41,advancedPawn bishopEndgame crushing endgame master short xRayAttack,https://lichess.org/vXDwmzrg/black#86,
ciw90,2r3k1/1QPqpp1p/6p1/3R4/8/8/rP3PPP/2R3K1 b - - 0 28,d7c7 b7c8 c7c8 c1c8,1932,75,96,5761,crushing endgame short xRayAttack,https://lichess.org/bs3hwh8y/black#56,
clTlT,3r4/1p1r1p2/p5k1/P1Qb1p1p/7P/6K1/1P1R2P1/8 b - - 5 35,d5e4 c5b6 f7f6 b6d8 d7d8 d2d8,2078,83,92,1493,crushing endgame long master xRayAttack,https://lichess.org/LTgMZvd8/black#70,
cn260,2q4k/4r2p/1bprP1p1/pp3pQ1/8/2P2N1P/PP2R1P1/4R2K b - - 1 34,d6e6 g5e7 e6e7 e2e7,1914,82,92,1744,advantage middlegame short xRayAttack,https://lichess.org/QrinOTs4/black#68,
cnVjQ,2k1r2r/1bp2Pb1/1p6/p7/P7/2PBqN2/1PQ1K1PR/7R w - - 0 23,e2d1 b7f3 g2f3 e3f3 d1c1 f3h1 h2h1 h8h1,2147,80,90,940,crushing exposedKing middlegame veryLong xRayAttack,https://lichess.org/WdYi3eL0#45,
cniSl,3r4/PP4p1/2K5/2N5/6k1/2P5/5P1p/8 w - - 0 54,a7a8q h2h1q c6b6 d8a8 b7a8r h1a8,1914,80,91,812,advancedPawn crushing endgame long promotion xRayAttack,https://lichess.org/YrkNB7FC#107,
con5g,3r3k/1p1r2bp/p1qP2p1/4p3/7Q/1P2B3/1P3PPP/3R2K1 b - - 8 31,d7d6 h4d8 d6d8 d1d8 g7f8 e3h6,2042,75,92,946,crushing long middlegame pin xRayAttack,https://lichess.org/g1xBwR8G/black#62,
crvFw,6k1/1pp2pp1/p1n1P2p/8/2r4q/5P2/PP2QPK1/4R3 b - - 0 24,f7e6 e2e6 g8h8 e6c8 h4d8 e1e8 d8e8 c8e8,2081,76,84,342,advantage clearance endgame fork veryLong xRayAttack,https://lichess.org/5Ja3szLN/black#48,
csR6A,3r2k1/p4ppp/2p1p2P/3r2Q1/q7/5P2/PPPR1P2/1K5R b - - 2 24,g7g6 g5d8 d5d8 d2d8,2152,80,95,135,endgame kingsideAttack mate mateIn2 short xRayAttack,https://lichess.org/5LypoR2S/black#48,
cszRA,2r3k1/p4p1p/3B1np1/1P6/q2Pp3/3nP1P1/4Q1BP/RRr3K1 w - - 2 29,g2f1 a4a1 b1a1 c1a1,1993,75,90,726,advantage middlegame short xRayAttack,https://lichess.org/CwTtwrH5#57,
ctafC,4r1k1/2p4p/1p1p1p2/p2P4/P5Q1/2P1r1b1/1P2R1P1/6K1 b - - 1 37,g8f7 g4h5 f7g7 h5e8 e3e8 e2e8,2012,75,90,673,crushing deflection endgame long master xRayAttack,https://lichess.org/GX02u2Eq/black#74,
cwlmN,4r2k/p1p4p/5p2/3Q2p1/8/4B1Pb/PPq2P1P/2R3K1 b - - 1 30,e8e3 d5d8 h8g7 d8c7 c2c7 c1c7 g7g6 f2e3,1970,75,93,4417,crushing endgame veryLong xRayAttack,https://lichess.org/YU3khxgg/black#60,
cypx6,2kr1n2/1p6/1Pp1pN1p/R4p2/Pr6/7P/5PP1/R5K1 b - - 0 30,b4b6 a5a8 c8c7 f6e8 d8e8 a8e8,1927,75,93,188,advantage endgame long xRayAttack,https://lichess.org/MqfysmHp/black#60,
czeK9,3rr1k1/2b2p1p/p1p3p1/4n2q/2PQ4/1PB3PP/P4PB1/3RR1K1 w - - 2 31,e1e5 h5d1 d4d1 d8d1,2056,79,72,65,crushing kingsideAttack middlegame short xRayAttack,https://lichess.org/I1XT00JF#61,
d3GeV,2r3k1/1p3pp1/3q3p/p1rp1Q2/3b4/P1P4P/5PP1/1BR2RK1 b - - 0 23,c5c3 f5c8 c3c8 c1c8,1971,77,94,13518,crushing middlegame short xRayAttack,https://lichess.org/8v9pqYiS/black#46,
d3pc6,6k1/1r4pp/4P3/p1pb4/P4QBq/1n1P4/6PP/1R5K b - - 1 29,b3d2 f4b8 b7b8 b1b8 h4d8 b8d8,1970,74,95,13986,long mate mateIn3 middlegame sacrifice xRayAttack,https://lichess.org/Cpu5vMZN/black#58,
d8uJ8,2k4r/1p3p2/p1p1p1p1/2P4q/8/4B3/PP1R1PQ1/5K2 w - - 0 31,g2g5 h5f3 g5g2 h8h1 g2h1 f3h1,2037,73,94,8224,clearance crushing endgame long xRayAttack,https://lichess.org/PPYw5LGX#61,
d9PYd,r1b1k2r/ppp3p1/2pb1p2/8/4PBpq/2NP4/PPPQ1PPP/R4RK1 w kq - 0 12,c3e2 h4h2 f4h2 d6h2,2064,81,91,1276,crushing kingsideAttack middlegame sacrifice short xRayAttack,https://lichess.org/fIJiVaaQ#23,Russian_Game Russian_Game_Stafford_Gambit
d9mke,1k1r3r/1pp1q1pp/pb6/R4Q2/2P2P2/1P6/1P4PP/2B2R1K w - - 2 23,a5d5 e7e2 f5d3 e2d3 d5d3 d8d3,1964,117,89,32,crushing long middlegame xRayAttack,https://lichess.org/DZdHcpYp#45,
dAVoC,5rk1/1Q4pp/1pp4q/p2p1b2/3P1P2/5BP1/PP5P/4R1K1 b - - 3 26,b6b5 f3d5 c6d5 b7d5 g8h8 d5f5,1913,80,93,4432,advantage endgame kingsideAttack long xRayAttack,https://lichess.org/jM6djZOA/black#52,
dDQz6,3r4/4k1pp/3r4/1B1np3/8/5PPP/1P1R1K2/3R4 w - - 1 33,b5c4 d5c3 d2d6 c3d1 d6d1 d8d1,2033,74,93,7010,advantage endgame long xRayAttack,https://lichess.org/oVpRf9uA#65,
dEEby,4r1k1/1b1r2pp/pQp1q3/1p2P3/5P2/1P6/P5PP/3RR1K1 b - - 4 25,e8d8 b6d8 d7d8 d1d8 g8f7 f4f5,2054,98,78,28,advantage kingsideAttack long middlegame xRayAttack,https://lichess.org/6veJlzo4/black#50,
dEvy8,r3n2k/p3q1b1/3N1rQB/1ppPp3/2P5/7P/PP3P2/2KR2R1 w - - 1 22,d6e8 g7h6 g6h6 f6h6,1932,120,83,24,advantage master middlegame short xRayAttack,https://lichess.org/sWhaa89Y#43,
dFUAx,6k1/6pp/p3Qp2/1q6/2rP4/P4P1P/1r4P1/2R4K b - - 0 36,g8h8 e6c8 c4c8 c1c8 b5e8 c8e8,1915,79,90,3209,backRankMate endgame long mate mateIn3 sacrifice xRayAttack,https://lichess.org/8PO2P7Bi/black#72,
dFrU8,1r3r1k/4bp2/p3p3/1q1pP1PN/1pnP3P/3Q1R2/PPP5/1K3R2 w - - 1 32,f3f7 c4d2 d3d2 b5f1 f7f1 f8f1,2187,77,45,68,advantage deflection discoveredAttack long master middlegame sacrifice xRayAttack,https://lichess.org/zBwkmBCi#63,
dJPuI,2B5/6p1/3p1p1p/p1kP1P2/1p2P2P/1P1K4/P7/3b4 w - - 3 46,c8e6 a5a4 b3a4 d1a4,1968,77,90,2176,bishopEndgame crushing endgame master short xRayAttack,https://lichess.org/MUy7M7h8#91,
dKIar,4rkr1/ppR2p2/3N4/3pP1q1/8/6P1/P4QK1/8 b - - 2 36,e8e7 f2f7 e7f7 c7f7,2166,75,93,7494,endgame mate mateIn2 sacrifice short xRayAttack,https://lichess.org/cIC1h5cL/black#72,
dN6ED,6k1/pb3ppp/1p2pn2/6Q1/q2r2N1/P2R1P2/1P4PP/1B4K1 b - - 1 27,f6g4 g5d8 d4d8 d3d8 a4e8 d8e8,2021,78,95,13799,kingsideAttack long mate mateIn3 middlegame sacrifice xRayAttack,https://lichess.org/UhOHzJ4d/black#54,
dNPt0,8/4ppk1/2P3p1/1r1P3p/1q5P/6P1/1pQ2P2/1R4K1 b - - 0 35,b5d5 c6c7 d5c5 c7c8q c5c8 c2c8,2031,75,95,5212,advancedPawn crushing endgame long master promotion xRayAttack,https://lichess.org/z95yyVud/black#70,
dNTMt,r2k4/2R5/8/1p2K2B/8/P7/1P1p1n2/8 w - - 4 46,e5d6 a8a6 c7c6 f2e4 d6d5 e4f6 c6f6 a6f6,2112,81,90,594,crushing endgame fork master veryLong xRayAttack,https://lichess.org/4vdv614S#91,
dOzBL,2rr2k1/p3bpp1/1pb1p1qp/n1p1N3/QP2N3/2PP2P1/P4PBP/2RR2K1 b - - 2 18,g6e4 e5c6 e4c6 g2c6,1900,77,87,138,advantage fork middlegame short xRayAttack,https://lichess.org/PR98W4zk/black#36,Zukertort_Opening Zukertort_Opening_Old_Indian_Attack
dR9Lf,6r1/P4RP1/8/2b5/3pk2p/4p2P/p3K3/3R4 w - - 0 49,f7f8 d4d3 d1d3 a2a1q a7a8q a1a8 f8a8 g8a8,2012,147,47,47,advancedPawn crushing deflection endgame promotion veryLong xRayAttack,https://lichess.org/hHcC3Qib#97,
dSoOx,6k1/1p4p1/p7/8/2Pq3p/1P2R1rP/P3QKP1/8 w - - 3 45,e2d3 d4d3 e3d3 g3d3,1941,77,94,13377,crushing endgame short xRayAttack,https://lichess.org/y3whinkD#89,
dTfIL,2r1b1k1/4q1p1/1p1p1p1p/pPrPpQ2/P1R1P3/1B2P2P/6P1/2R3K1 b - - 5 29,g7g6 f5c8 c5c8 c4c8,1970,75,80,200,crushing middlegame short xRayAttack,https://lichess.org/SZUKvL03/black#58,
dWUA1,r2r2k1/p4pp1/1p1Npn1p/2P5/qP1R4/4P1QP/5PP1/3R2K1 w - - 0 23,d6f5 a4d1 d4d1 d8d1 g1h2 e6f5,1975,76,89,342,advantage kingsideAttack long middlegame xRayAttack,https://lichess.org/M8C38Sr8#45,
dWsHi,r2q4/3n2k1/p3B3/1p2p1b1/2pP1r2/6N1/PPPQ1P2/1K5R b - - 4 27,f4d4 g3f5 g7f6 h1h6 g5h6 d2h6,2042,78,92,4745,exposedKing fork long mate mateIn3 middlegame sacrifice xRayAttack,https://lichess.org/ux2XCnaX/black#54,
dXfE3,4r2k/pp2Q1pp/2p2R2/8/3P2P1/7q/P1P5/4RK2 w - - 0 33,f1g1 h3g3 g1f1 g3e1 e7e1 e8e1 f1e1 g7f6,2035,82,91,733,crushing endgame exposedKing veryLong xRayAttack,https://lichess.org/58QdAMvO#65,
dYTAv,6k1/4r1p1/1p2PrNp/p2q4/6Q1/7P/PP3PP1/4R1K1 b - - 8 30,e7e6 g6e7 e6e7 e1e7,1950,75,83,366,advantage endgame fork short xRayAttack,https://lichess.org/SbeFzWfY/black#60,
dax0n,8/p4Rp1/2r1p2p/r1P4k/8/6PK/P1R5/8 b - - 0 40,c6c5 f7g7 c5g5 g3g4 g5g4 g7g4,1997,76,90,156,crushing endgame long rookEndgame xRayAttack,https://lichess.org/3bDnfgQH/black#80,
dcxh0,r5k1/pp2r1p1/2n5/2pp2NQ/q2p2PP/P1P5/2b2P2/2R1R1K1 b - - 1 21,a8e8 h5e8 e7e8 e1e8,2104,82,79,127,kingsideAttack master mate mateIn2 middlegame short xRayAttack,https://lichess.org/60z4Dlwt/black#42,
de70s,r5k1/1b1rppbp/p2q2p1/1p1P2B1/8/1P1Q1N2/P4PPP/2RR2K1 b - - 0 20,e7e6 d5e6 d6d3 e6d7 d3d7 d1d7,2014,75,93,4366,advancedPawn advantage long middlegame sacrifice xRayAttack,https://lichess.org/RS1oVk6t/black#40,
deVmD,4r1k1/1p2rpp1/p2P3p/2p1P3/Q7/8/Pq4PP/R3R1K1 b - - 0 22,e7e5 a4e8 e5e8 e1e8 g8h7 a1d1 b2c2 e8e1,2039,83,83,74,crushing defensiveMove endgame quietMove veryLong xRayAttack,https://lichess.org/ReJXQVZp/black#44,
dgMXs,6k1/5pp1/pb1r3p/3pr3/q1p5/2P1PBP1/PP1R1PQP/3R2K1 w - - 3 37,f3d5 e5d5 d2d5 a4d1 d5d1 d6d1 g2f1 d1f1,1931,75,95,16173,advantage kingsideAttack middlegame veryLong xRayAttack,https://lichess.org/kbUnGebF#73,
dgTO9,8/2Q1kp2/p1p1pp2/P2p2b1/1P1P4/2PNr2P/6RK/3q4 b - - 2 32,e7f8 c7d8 f8g7 g2g5 f6g5 d8g5,1903,77,96,2255,advantage endgame long master xRayAttack,https://lichess.org/xc5IcYch/black#64,
dkHAh,1Qr3k1/2P3pp/p3q3/8/PP2R3/6pP/5K2/8 w - - 0 37,f2g3 e6d6 g3g2 c8b8 c7b8r d6b8,1958,83,83,94,crushing endgame long xRayAttack,https://lichess.org/b2zi5WUR#73,
dnl9b,k1r4r/1R3p2/pP1Qp3/P2pPq2/3P2n1/8/3N1PPp/5RK1 w - - 0 32,g1h1 g4f2 f1f2 c8c1 d2f1 c1f1 f2f1 f5f1,2075,76,87,199,kingsideAttack mate mateIn4 middlegame sacrifice veryLong xRayAttack,https://lichess.org/i3smTNIN#63,
dpquD,4Rrrk/1ppR1Qbp/5N2/p4Pp1/q7/8/2P3PP/6K1 b - - 2 27,a4b4 f7g8 f8g8 e8g8,1963,79,95,30363,arabianMate mate mateIn2 middlegame short xRayAttack,https://lichess.org/CRDVUC7p/black#54,
dvQoL,1k2r3/pp6/2p3p1/3p1p2/6nP/2P2PP1/PPNRr3/2K2R2 b - - 0 25,g4h2 f1f2 e2f2 d2f2 h2f3 f2f3,1905,74,91,256,advantage endgame long trappedPiece xRayAttack,https://lichess.org/SMh7AFMs/black#50,
dvYxn,8/1bp4k/3p4/1q1P1p2/3b1B2/6P1/4r1BP/1QR4K b - - 4 37,b5d5 b1b7 d5b7 g2b7,2101,80,91,2118,advantage master middlegame pin short xRayAttack,https://lichess.org/fiW4IMN9/black#74,
dzOuV,6k1/1p3p1p/p5b1/q2p2N1/3Pp1Q1/1P1nP3/P4PP1/2rR2KR w - - 9 27,g5h7 a5e1 d1e1 c1e1 g1h2 e1h1,2149,80,89,98,advantage kingsideAttack long middlegame sacrifice xRayAttack,https://lichess.org/x4X21HXi#53,
e0TLg,7k/p5p1/2p3q1/8/8/4QP2/Pr5P/3R3K w - - 10 39,d1d8 h8h7 e3g1 b2b1 d8d1 g6g1 d1g1 b1g1,1922,111,44,31,advantage endgame pin veryLong xRayAttack,https://lichess.org/hL7UNznt#77,
e29U7,5rk1/1p4p1/p2p3p/8/PPq5/1n5P/Q2p2P1/3R2BK b - - 0 36,c4c1 a2b3 g8h8 b3b1 c1b1 d1b1,2018,77,90,163,advantage endgame hangingPiece long xRayAttack,https://lichess.org/KEFReQwD/black#72,
e34bb,2k1r3/ppp2p2/6b1/2b2p2/3rP1Pq/P1NB3P/1PP1R1Q1/4R2K w - - 0 23,e4f5 h4e1 e2e1 e8e1 g2f1 e1f1,2005,81,91,2267,advantage exposedKing kingsideAttack long middlegame xRayAttack,https://lichess.org/uxVRVgJ0#45,
e4nxx,r3k2r/ppp1n1pp/3q4/2b2N2/b1B5/B1N5/P4PPP/R3R1K1 b kq - 1 17,e8c8 f5d6 c5d6 a3d6,1963,125,45,12,advantage middlegame queensideAttack short xRayAttack,https://lichess.org/0LS7KZeI/black#34,Italian_Game Italian_Game_Evans_Gambit
e4yjQ,2k3r1/5p1r/p1b2q2/2Q5/5BPb/2NP2N1/PPP2KP1/R4R2 w - - 2 31,c5e5 h4g3 f2e3 f6e5 f4e5 g3e5,2078,84,91,4883,advantage long middlegame pin xRayAttack,https://lichess.org/qm8t0xlI#61,
e5drV,2r5/2r1k1pp/4pp2/8/P1Nn1P2/2R4P/5KP1/2R5 b - - 4 49,e6e5 c4b6 c7c3 b6c8 c3c8 c1c8,2151,77,94,10586,crushing endgame long xRayAttack,https://lichess.org/x8MGhcCE/black#98,
e5xey,3rr1k1/p2n1pp1/1p1Rp2p/2p1P3/2P2P1Q/PP3qP1/1B5P/3R2K1 w - - 1 28,d6d7 f3d1 d7d1 d8d1 g1f2 d1d2,1905,81,92,2837,advantage kingsideAttack long middlegame xRayAttack,https://lichess.org/yqJPFdI9#55,
e6XLq,r6k/r5pp/1q3p2/R2Qp3/1P1p4/8/2P2PPP/R5K1 b - - 0 30,a7a5 d5a8 a5a8 a1a8 b6b8 a8b8,1930,76,95,7458,backRankMate endgame long mate mateIn3 xRayAttack,https://lichess.org/B9V45T9P/black#60,
e8Vgj,6k1/5ppp/1p3r2/P1pp4/2bPp3/1rP3PP/1BR1P1K1/R7 b - - 2 32,b3b5 a5a6 b5a5 a6a7 a5a7 a1a7,1979,75,94,2662,advancedPawn advantage endgame long xRayAttack,https://lichess.org/W29kwARj/black#64,
e8xKa,1r1qkb1r/2R2p1p/1Q3p2/3bN3/8/3P2PP/PP2PPB1/5RK1 w k - 1 25,c7b7 d8b6 b7b6 b8b6 g2d5 f6e5,2090,134,88,11,advantage long middlegame xRayAttack,https://lichess.org/1VXmJQC1#49,
eAZBU,r5k1/1pp3q1/3p2BQ/1p1P2p1/3r4/8/PP4PP/5RK1 b - - 3 29,a8f8 g6h7 g8h8 f1f8 g7f8 h6f8,1909,75,94,6583,crushing deflection endgame exposedKing long xRayAttack,https://lichess.org/2a7Q2zFI/black#58,
eAdKP,3r2k1/ppQ2pbp/6p1/3N4/2P1r1b1/1P1q4/P5PP/4RR1K b - - 1 22,d8e8 c7f7 g8h8 f7e8 e4e8 e1e8,1931,75,86,735,advantage kingsideAttack long middlegame xRayAttack,https://lichess.org/XtbN28hp/black#44,
eC8BR,2r3k1/Q1P1rp1p/6p1/3pq3/8/5PP1/P3P2P/2R1R1K1 w - - 1 29,a7b8 c8b8 c7b8r e5b8,1992,82,93,3584,crushing endgame master short xRayAttack,https://lichess.org/wYOeHmYb#57,
eFSO6,8/1p2Q1kp/pN1p2p1/P2P4/4p3/6RP/1qrp1rPK/4R3 b - - 3 34,g7h6 e1e4 b2f6 e4h4 f6h4 e7h4,2084,75,95,776,crushing long middlegame xRayAttack,https://lichess.org/8tgAFdRC/black#68,
ePAvM,7k/6p1/3p3p/5Q2/4P3/3P1pPK/1P2q2P/8 w - - 3 32,f5g4 e2g2 h3h4 g2h2 g4h3 g7g5 h4g4 h6h5 h3h5 h2h5,2180,74,94,10618,crushing deflection endgame queenEndgame veryLong xRayAttack,https://lichess.org/MSJYhQe3#63,
eUMXl,2kr3r/ppqn1ppp/2pbp1b1/8/2PPB3/3QBN1P/PP3PP1/R4RK1 w - - 1 15,c4c5 d7c5 d4c5 d6h2 f3h2 d8d3 e4d3 g6d3,2107,76,94,9007,advantage discoveredAttack middlegame sacrifice veryLong xRayAttack,https://lichess.org/ikk89R8D#29,Scandinavian_Defense Scandinavian_Defense_Main_Line
eWgKx,1r4k1/5p1p/6p1/4p3/Rp2n3/1Qq1P2P/2N2PP1/6K1 w - - 4 31,a4b4 c3b3 b4b3 b8b3,1930,75,85,491,crushing endgame short xRayAttack,https://lichess.org/1kyfeKpI#61,
egQKt,1q1r3k/1b3P1p/5p2/1B1pbQ2/3Bn2p/2P2P2/1P4PP/5RK1 b - - 0 30,e4g5 f5f6 e5f6 d4f6,2156,75,96,2888,kingsideAttack master mate mateIn2 middlegame sacrifice short xRayAttack,https://lichess.org/n4XNm91g/black#60,
eghmH,r6r/pp1k1pp1/2pbb3/7q/4P1p1/2NP2B1/PPP2PPP/R2Q1RK1 w - - 3 14,d1d2 h5h2 g3h2 d6h2,2061,73,94,7985,crushing kingsideAttack middlegame sacrifice short xRayAttack,https://lichess.org/0HDisq2m#27,Russian_Game Russian_Game_Stafford_Gambit
egirw,6k1/1pp1rp2/p1p4p/6p1/4R3/1Pqr1Q2/P4PPP/3R2K1 w - - 0 22,d1d3 c3e1 e4e1 e7e1,2031,80,76,337,backRankMate endgame mate mateIn2 sacrifice short xRayAttack,https://lichess.org/axC0d7pv#43,
ehZMf,2r1r2k/1p3pp1/p5qp/3p1N2/2n2QP1/2P4P/P5P1/4RRK1 b - - 5 34,e8e6 f5e7 e6e7 e1e7,2045,76,90,1000,crushing fork middlegame short xRayAttack,https://lichess.org/YXYPczgj/black#68,
eiGtJ,3k3r/1p1b1pp1/1R5p/8/Q2n3P/2qP4/2P1PPP1/3K1B1R w - - 1 26,a4a8 d8e7 a8a2 h8a8 a2b2 a8a1 b2a1 c3a1,2112,77,96,196,clearance crushing defensiveMove middlegame veryLong xRayAttack,https://lichess.org/uJX6YCCf#51,
eiIG9,2R2r1k/6pp/4Q3/5p2/4pP2/q7/Pr1p2PP/5R1K w - - 0 31,e6f5 b2b8 c8b8 f8b8,1912,76,91,178,advantage endgame short xRayAttack,https://lichess.org/bguAj7g5#61,
ejuXq,r1r3k1/p1R2pp1/7p/4P3/5P2/5QPP/3q2K1/2R5 w - - 1 28,g2h1 d2c1 c7c1 c8c1 h1g2 c1c2,1904,88,87,64,crushing endgame exposedKing long xRayAttack,https://lichess.org/iBU0Cyu4#55,
ekLTB,3r4/7p/1p4pk/p3R3/3P1PP1/P2q3P/1Q5K/8 b - - 0 37,d8d4 g4g5 h6g7 e5d5 d3d2 b2d2 d4d2 d5d2,2138,84,90,801,crushing endgame pin veryLong xRayAttack,https://lichess.org/t22sKiQE/black#74,
emMsH,k2r4/p1p4p/P1p3p1/1q2rp2/8/R3P3/1PQ3PP/R5K1 b - - 0 30,d8b8 a3a5 e5c5 c2c5 b5c5 a5c5,2136,77,86,160,crushing endgame long xRayAttack,https://lichess.org/hs4XhBd4/black#60,
emTBi,2r3k1/1R3ppp/3B1b2/p1p5/2Qp4/5P1P/P1P3PK/4q3 b - - 4 26,f6e5 f3f4 e5f4 d6f4,2096,77,84,369,crushing defensiveMove endgame short xRayAttack,https://lichess.org/E0Hb73YS/black#52,
eoQpQ,k5r1/p1p5/2p5/4Q1p1/6q1/3PP3/PP1KP1p1/2R3Rr w - - 4 29,e5c7 g4b4 d2c2 b4c5 c2b1 c5c1 g1c1 h1c1 b1c1 g2g1q,1956,75,95,3195,advancedPawn attraction crushing endgame promotion veryLong xRayAttack,https://lichess.org/EBZQ5tus#57,
erkJB,8/1R4p1/1p3rkp/4Kp2/8/7P/5PP1/8 b - - 7 36,g6g5 b7g7 f6g6 f2f4 g5h5 g2g4 f5g4 h3g4 g6g4 g7g4 h5g4 f4f5,2142,81,90,344,crushing defensiveMove endgame rookEndgame veryLong xRayAttack,https://lichess.org/wjKrFKeE/black#72,
es27c,r2qr2k/1pp3pp/p3Bb2/7P/2PB4/1P3PQ1/P7/1K1R2R1 b - - 0 28,e8e6 g3g7 f6g7 d4g7,1995,76,92,7181,crushing kingsideAttack middlegame sacrifice short xRayAttack,https://lichess.org/6mBvJzzz/black#56,
eywms,5rk1/2q2pp1/p3p2p/1p6/2p5/P2bQ1P1/5P1P/2RR2K1 b - - 1 26,f8d8 d1d3 c4d3 c1c7 d3d2 c7c1 d2c1r e3c1,2079,80,85,59,advantage endgame quietMove veryLong xRayAttack,https://lichess.org/jtgMkiM8/black#52,
ezVTp,2rr2k1/R4ppp/2P5/2Qnp3/1p3q2/5N2/PP3PPP/2R3K1 w - - 0 30,a7d7 d8d7 g2g3 f4h6 c6d7 h6c1 c5c1 c8c1 g1g2 d5f4 g3f4 c1d1,2082,136,85,26,advantage middlegame veryLong xRayAttack,https://lichess.org/oGLFeE31#59,
f0r01,r4rk1/p4pp1/2p1p2n/3pP1Q1/3P3P/2NK4/Pq3PP1/1R5R b - - 3 17,b2f2 h1f1 f7f6 e5f6 f2f6 f1f6,2045,81,91,3042,crushing long middlegame pin trappedPiece xRayAttack,https://lichess.org/17yUaaex/black#34,Caro-Kann_Defense Caro-Kann_Defense_Advance_Variation
f5HOK,2bk3r/2N1p3/p2p2p1/1p2b1B1/4q1p1/8/PP1Q2PP/2R2R1K w - - 2 25,g5f4 g4g3 f4g3 e5g3 f1f8 h8f8,2119,160,83,14,advantage long middlegame pin xRayAttack,https://lichess.org/lPfOkbYv#49,
f61pc,3r3k/6pp/1R1p1r1b/1p2p2q/1N6/2P3P1/1P3PQP/3R2K1 w - - 3 29,d1d6 h5d1 d6d1 d8d1 g2f1 d1f1 g1f1 f6b6,2064,76,95,5418,crushing middlegame sacrifice veryLong xRayAttack,https://lichess.org/H1GGYs6F#57,
f6N0S,2r5/2P2pbk/2Q3pp/8/PR2P3/6qP/6P1/2R4K w - - 0 39,c6d7 g7e5 d7f7 h7h8 f7f6 e5f6 b4b8 c8b8 c7b8q g3b8,2033,81,92,8196,crushing endgame veryLong xRayAttack,https://lichess.org/uzwas05h#77,
f7Nh9,2nr3k/ppq1r1p1/2p3Qp/2Np4/8/1P5P/P4PP1/2R1R1K1 b - - 0 30,d8e8 g6e8 e7e8 e1e8 h8h7 c5e6,2133,83,91,483,advantage kingsideAttack long middlegame xRayAttack,https://lichess.org/XVFtqTSv/black#60,
fAc1v,8/3k1Q1p/6p1/6P1/8/3r3P/3p2PK/2qR4 b - - 0 44,d7d6 f7f4 d6d7 d1c1 d2c1q f4c1,1989,75,94,2735,crushing endgame long xRayAttack,https://lichess.org/FnBdQUIT/black#88,
fAiVv,rn4k1/p3rpp1/1p4p1/1Bpbp3/5B1P/2P3P1/P4P2/3RR1K1 b - - 1 21,d5c6 d1d8 e7e8 d8e8 c6e8 b5e8 e5f4 e8b5,2182,75,92,1076,advantage defensiveMove kingsideAttack master middlegame veryLong xRayAttack,https://lichess.org/yOc63I3c/black#42,
fAjBI,6k1/1p3pp1/1qp4p/pP2Q3/P1P1n3/4P3/4R1PP/3r2NK b - - 3 27,b6e3 e5e8 g8h7 e8e4 e3e4 e2e4,1993,77,93,591,advantage endgame long xRayAttack,https://lichess.org/Yx1m0goQ/black#54,
fBaM8,3rr1k1/1pb5/2n3bQ/p1Pnpqp1/3p4/PP1P2PP/1B1N1PB1/2R1R1K1 b - - 0 27,e8e7 g2e4 e7h7 h6g6 f5g6 e4g6,1935,75,91,336,advantage exposedKing kingsideAttack long middlegame xRayAttack,https://lichess.org/7R7990Q3/black#54,
fBlol,4r1k1/p3Prp1/4R2p/3R3P/2pp4/8/P5PK/8 b - - 1 40,d4d3 d5d8 f7e7 d8e8 e7e8 e6e8 g8f7 e8d8,1969,79,92,2001,crushing endgame master masterVsMaster rookEndgame veryLong xRayAttack,https://lichess.org/x2t7JcIC/black#80,
fCM1V,3r3k/6p1/7p/4p3/4b2q/2Q4P/B5P1/5R1K b - - 5 34,d8d3 c3c8 d3d8 f1f8 d8f8 c8f8 h8h7 a2g8,2189,85,91,502,crushing endgame veryLong xRayAttack,https://lichess.org/nSdrOPwg/black#68,
fFQIJ,7k/p3r1pp/2pq4/7r/3nR1Q1/P1NB4/KP6/8 b - - 3 37,h5e5 g4c8 e7e8 c8e8 e5e8 e4e8 d6f8 e8f8,1908,81,92,2499,mate mateIn4 middlegame veryLong xRayAttack,https://lichess.org/mKFu9Nl9/black#74,
fG0L5,4R3/1pp5/pk6/4Q3/8/8/PPPr1q2/1K6 w - - 3 42,a2a3 f2f1 e5e1 d2d1 e1d1 f1d1,1919,75,97,526,crushing endgame fork long xRayAttack,https://lichess.org/obhslhFi#83,
fO2bU,3r2k1/1p3pbp/1q3rp1/1N6/p1B4P/P4Q2/1P3P2/1KR4R w - - 12 30,f3e3 f6f2 e3f2 b6f2,2049,74,94,5452,advantage middlegame short xRayAttack,https://lichess.org/aMEj6tRZ#59,
fONqC,1r3rk1/p3ppbp/2ppb1p1/q6P/3BP1P1/2N2P1R/1PPQ4/2KR4 w - - 1 19,h5g6 a5a1 c3b1 a1b2 d4b2 g7b2,2149,79,95,6233,long mate mateIn3 middlegame queensideAttack sacrifice xRayAttack,https://lichess.org/SDR1edlV#37,Sicilian_Defense Sicilian_Defense_Accelerated_Dragon
fP0hn,3r2k1/pp2ppq1/6p1/3P4/7R/r7/5PPP/2QR2K1 b - - 9 34,a3a5 c1c7 a5d5 c7d8 d5d8 d1d8,1934,75,95,9075,crushing endgame fork long master xRayAttack,https://lichess.org/Zi7xVCsX/black#68,
fRCGg,4k3/p1q3p1/2b3p1/1Q2Rp2/2P4r/1P4rP/P4RP1/7K b - - 0 33,e8d8 f2d2 d8c8 e5e8 c6e8 b5e8 c8b7 d2d7 h4e4 d7c7,2065,82,92,1224,crushing exposedKing middlegame pin sacrifice veryLong xRayAttack,https://lichess.org/YYVRJjLK/black#66,
fRZc1,1r4k1/3b1npp/2n2p2/4p3/QqPp4/Np1P2PP/5PB1/1RB3K1 w - - 2 28,g2c6 b4a4 c6a4 d7a4,2161,78,87,125,advantage master masterVsMaster middlegame short xRayAttack,https://lichess.org/dWOlhqbM#55,
fTOx5,r3rk1Q/3q2p1/1pnbp1P1/2pp1pP1/5P2/PP1PP3/1B6/R4RK1 b - - 6 26,f8e7 b2f6 g7f6 h8f6,1960,72,95,14966,mate mateIn2 middlegame sacrifice short xRayAttack,https://lichess.org/e4XvkjRF/black#52,
fW3YG,6k1/1Q3pp1/p6p/5q2/P1Rp4/3P3P/3rrPP1/5RK1 b - - 0 25,e2f2 b7c8 g8h7 c8f5 f2f5 f1f5,1918,76,90,335,crushing endgame long xRayAttack,https://lichess.org/sHsnpDZs/black#50,
fXS45,3nR1r1/1p1P3k/p5p1/3q3p/1P6/P1Q3P1/1B6/K7 b - - 10 41,d5d7 c3h8 g8h8 e8h8,1946,77,64,325,endgame master mate mateIn2 operaMate sacrifice short xRayAttack,https://lichess.org/VTHwMeeM/black#82,
fXn2E,6r1/pk6/1p4p1/3r1n1p/3N3P/6P1/P2R1P2/3R2K1 b - - 2 34,g8d8 d4e6 d5d2 e6d8 d2d8 d1d8,1900,76,85,653,crushing endgame long xRayAttack,https://lichess.org/87AMS9r9/black#68,
fY6A8,b4rk1/6p1/3p3p/2b1pp2/1pP1Pq2/3Q1BP1/1B3P1P/5RK1 b - - 0 26,a8e4 d3d5 e4d5 f3d5 g8h7 g3f4,1962,74,95,3315,advantage kingsideAttack long middlegame sacrifice xRayAttack,https://lichess.org/wl2yz4Ks/black#52,
fYypV,r4rk1/pp4pp/2p3p1/4P3/3P1Rn1/2N3Pq/PPQ4P/4R1K1 w - - 0 21,e1f1 h3f1 f4f1 f8f1 g1f1 g4e3 f1e2 e3c2,2057,84,91,269,advantage attraction fork middlegame sacrifice veryLong xRayAttack,https://lichess.org/DpAQJfmK#41,
fZhKU,7k/pp4pp/5r2/3Qprq1/1P1b4/5R1P/P5P1/5R1K b - - 5 29,f5f3 d5d8 f6f8 d8f8 f3f8 f1f8,1979,76,88,141,backRankMate endgame long mate mateIn3 xRayAttack,https://lichess.org/iV2L5zC2/black#58,
fa1bp,r6k/6p1/5bQp/2pBp3/2Pq4/5P2/1R4PP/rR5K w - - 1 37,d5a8 d4d1 b1d1 a1d1,1988,83,88,3042,backRankMate mate mateIn2 middlegame sacrifice short xRayAttack,https://lichess.org/ku8N2CxJ#73,
fbxQ9,5r1k/pp1nQ1pp/2p5/2P5/1P6/Pq4P1/1B1R3P/6K1 b - - 3 34,b3f7 b2g7 f7g7 e7g7 h8g7 d2d7,2113,94,73,51,attraction crushing endgame fork long xRayAttack,https://lichess.org/dXSDw9Nq/black#68,
ffxiu,3r2k1/1B3pp1/Q2B1bb1/7p/3q4/P5P1/2r2P1P/3R1RK1 b - - 7 27,d8d6 a6d6 d4d6 d1d6,1928,75,94,6085,advantage middlegame short xRayAttack,https://lichess.org/HHYFi9AR/black#54,
fgmnS,r4r2/5kbQ/p3pqRp/1ppb4/2p5/1P2PN2/P2P1P2/1BR1K3 b - - 6 22,f6b2 g6g7 b2g7 f3e5 f7f6 e5d7 g7d7 h7d7,2045,81,43,63,advantage fork middlegame pin sacrifice veryLong xRayAttack,https://lichess.org/OpglK33R/black#44,
fiN5g,6rk/pp4q1/7p/7R/3P2n1/2P2N1Q/PP5r/R5K1 w - - 0 29,h5h6 g7h6 h3h6 h2h6,1927,78,89,90,crushing middlegame short xRayAttack,https://lichess.org/bOrLjSvq#57,
fiqg2,1r4QQ/8/8/8/8/6P1/7K/1kq5 w - - 1 56,h2h3 c1h1 h3g4 h1h8 g8h8 b8h8 g4f5 h8f8,2186,98,88,1034,crushing endgame master veryLong xRayAttack,https://lichess.org/Wxrt3JGX#111,
fj4hZ,8/5qn1/p2Q2k1/1p1b3p/2pP4/P1P2pPB/1P3P1K/8 b - - 3 53,d5e6 d4d5 f7a7 h2g1 a7d7 d6d7 e6d7 h3d7,1949,82,83,53,advantage endgame pin veryLong xRayAttack,https://lichess.org/eBta4GTa/black#106,
fkgMW,r2q3k/ppp2pr1/2b2N1p/4R3/8/2PB1Q1P/PP3PP1/R5K1 w - - 1 21,e5h5 g7g2 f3g2 c6g2,1907,77,93,4933,advantage kingsideAttack middlegame short xRayAttack,https://lichess.org/WFg41yZ4#41,
flszw,r2q1rk1/pp1n3p/2pbpB2/3pN3/3P4/8/PPP3PP/RN1Q1RK1 b - - 0 13,f8f6 d1g4 g8h8 e5f7 f6f7 f1f7,2158,77,93,1812,advantage fork long middlegame xRayAttack,https://lichess.org/fDY11v6P/black#26,French_Defense French_Defense_Knight_Variation
fmmbf,4rk2/2q3bQ/pp2p1p1/2p1Pn2/2P1NB2/P7/1P3P2/5RK1 b - - 0 30,g7e5 h7c7 e5c7 f4c7,1949,78,88,273,crushing master middlegame short xRayAttack,https://lichess.org/MUvZmooE/black#60,
fnyO9,5rk1/pbp1q2p/1p2P1pn/2p1Q3/6P1/2N4P/PPr2P1N/3RR1K1 w - - 0 24,d1d7 f8f2 e1e2 f2g2 e2g2 c2g2,2100,85,83,72,collinearMove crushing kingsideAttack long middlegame xRayAttack,https://lichess.org/NSQ9owZV#47,
fpZV9,2r3k1/5npp/r1P5/3pNp2/2p5/P3P3/5PPP/1R3RK1 w - - 3 29,c6c7 f7e5 b1b8 a6a8 b8a8 c8a8 f1b1 e5d7,2051,78,87,541,crushing defensiveMove endgame hangingPiece veryLong xRayAttack,https://lichess.org/FH9pOe4s#57,
fqWeN,r3r2b/p3pk1Q/2p3p1/5b2/4NR2/8/P1q2PPP/3R2K1 b - - 0 21,h8g7 f4f5 g6f5 h7f5 f7g8 e4f6 g7f6 f5c2,1902,75,91,1393,crushing middlegame veryLong xRayAttack,https://lichess.org/IqmnFaJb/black#42,
fr6yD,r3r3/1p2pp1k/pq1p1npb/2p3P1/2P1PQ2/3P3N/PP5P/1R3RK1 b - - 0 21,f6h5 f4f7 h6g7 h3f4 d6d5 f4h5 g6h5 f7h5,2052,75,91,786,crushing middlegame veryLong xRayAttack,https://lichess.org/LRr1WCKL/black#42,
frF8W,2r5/3k4/7R/1P2p3/2p1Pp1P/5P2/7K/8 w - - 1 43,h6c6 c4c3 h4h5 c3c2 c6c2 c8c2,2152,79,76,233,advancedPawn crushing endgame long rookEndgame xRayAttack,https://lichess.org/rnIUhQ9r#85,
fsXM7,3qkb1r/3r1ppb/p1Q1p2p/1p6/8/5NPP/P4P2/2RR2K1 b k - 5 29,f7f6 c6e6 f8e7 d1d7 d8d7 c1c8 d7c8 e6c8,2189,121,80,45,crushing exposedKing middlegame veryLong xRayAttack,https://lichess.org/8p4xfzXk/black#58,
fsmyO,8/4q1pp/5pk1/4r3/3p4/1P1Q3P/P5P1/4R1K1 b - - 7 38,f6f5 d3g3 g6f6 g3h4 f6f7 h4e7 e5e7 e1e7,1945,77,93,816,crushing endgame veryLong xRayAttack,https://lichess.org/yNCLH7xv/black#76,
ft2Gm,r5k1/1q2npp1/1Q1Rp2p/pp1bP3/4PP2/1P4P1/6BP/2B3K1 b - - 0 35,d5e4 b6b7 e4b7 g2b7,1977,80,92,3595,advantage middlegame short xRayAttack,https://lichess.org/zygSDyxs/black#70,
fuXk0,5rk1/2p2pb1/3p2p1/1Q1P3p/5Pq1/P5P1/1P2r1BK/4RR2 b - - 1 26,f8e8 b5e8 e2e8 e1e8 g8h7 g2h3,1953,79,91,2977,crushing kingsideAttack long middlegame xRayAttack,https://lichess.org/LYU0tB26/black#52,
fxcze,5r1k/3R1N1p/5rp1/p2R4/1p2PQ2/2b3P1/q4PKP/8 b - - 4 29,f8f7 d7f7 f6f7 f4f7,2068,78,90,732,crushing master middlegame short xRayAttack,https://lichess.org/UuU7nB95/black#58,
fy4Ki,2r3k1/2r2ppp/p2p4/1p1Pp1q1/1Pn1P3/P2Q4/2R2PPP/2RN2K1 w - - 7 25,d1b2 c4b2 c2c7 g5c1 c7c1 c8c1,1951,74,97,597,crushing long middlegame xRayAttack,https://lichess.org/mN6xAok8#49,
g1VpY,3r4/pp1r2p1/2p5/2Pn1kp1/1PBR1P1P/P7/5K2/3R4 w - - 0 36,f4g5 d5c3 d4d7 c3d1 d7d1 d8d1,1963,76,88,617,crushing endgame exposedKing long master xRayAttack,https://lichess.org/3w7Q3Yqt#71,
g1Z1g,8/2p1r2p/p6k/5p1N/7K/4nP1P/8/6R1 b - - 7 38,c7c5 h5f6 e7g7 f6g8 g7g8 g1g8,2060,77,92,1821,advantage endgame exposedKing long xRayAttack,https://lichess.org/fk3RFynC/black#76,
g2Uoc,r4r1k/p5pp/1p1pQ1nn/5p2/1P1P3q/P2B1P1P/1B2NP2/2R1RK2 w - - 1 23,e6d6 h4h3 f1g1 g6h4 d6g3 h4f3 g3f3 h3f3,1924,81,89,57,crushing fork middlegame veryLong xRayAttack,https://lichess.org/x33V2Q0S#45,
g2YXQ,3r2kr/pp2Qpbp/1q4pB/8/6P1/8/PpP1R1PP/5R1K b - - 5 26,d8f8 e7f7 f8f7 e2e8 g7f8 e8f8 f7f8 f1f8,2016,82,92,3083,clearance kingsideAttack mate mateIn4 middlegame operaMate sacrifice veryLong xRayAttack,https://lichess.org/Pl4yqNn5/black#52,
g2iQJ,r2qkb1r/pp2pp1p/1n2b1p1/3NN3/8/1B3Q2/PP3PPP/R1B1K2R b KQkq - 0 13,e6d5 f3f7 d5f7 b3f7,1912,77,86,152,attackingF2F7 mate mateIn2 opening sacrifice short xRayAttack,https://lichess.org/dXWiE0kH/black#26,Sicilian_Defense Sicilian_Defense_Alapin_Variation
g3b7Z,1r4k1/pb4p1/2R1p1rp/8/8/3P1Bq1/PP4PN/3Q1R1K w - - 1 22,c6c3 g3g2 f3g2 b7g2 h1g1 g2f3 g1f2 f3d1,1978,82,92,1214,advantage discoveredAttack discoveredCheck fork middlegame sacrifice veryLong xRayAttack,https://lichess.org/c5y7WyFO#43,
g4rYX,3k3r/ppnn2r1/3p1q2/2pPp1N1/2P1BpQP/PP1P1P2/8/5RRK w - - 1 29,e4f5 g7g5 g4g5 h8h4 g5h4 f6h4,1984,81,85,45,crushing exposedKing kingsideAttack long middlegame pin xRayAttack,https://lichess.org/vwF0bz7w#57,
g6XSk,r2qk3/1b2b2p/pN1pQnr1/4n3/1p6/1B2BP2/PPP3PP/R4RK1 b q - 2 18,f6d5 b3a4 e8f8 e3h6 g6h6 e6h6,2094,79,92,283,advantage exposedKing long middlegame xRayAttack,https://lichess.org/p7PfgDXs/black#36,Sicilian_Defense Sicilian_Defense_Najdorf_Variation
g7fYZ,3rr2k/3b1ppp/1q6/pp3P2/4BQ2/2P4R/PP4PP/3R2K1 w - - 4 26,g1h1 d7f5 h3d3 d8d3 e4d3 f5d3,2080,82,91,1079,crushing long middlegame xRayAttack,https://lichess.org/MFcj4XNl#51,
g7kBs,3q2k1/pp1r1ppp/2p1N3/3r4/8/4Q3/PP4PP/3R1R1K b - - 0 26,f7e6 e3e6 g8h8 e6d7 d5d7 d1d7,2171,79,91,423,advantage endgame long xRayAttack,https://lichess.org/ejR0FocW/black#52,
g8Az4,r1q3k1/p1P3p1/1nQ2p1p/8/8/P2R2BP/4rPPK/8 b - - 4 33,e2e6 d3d8 g8f7 c6a8 c8a8 d8a8,2129,93,83,45,crushing fork long middlegame xRayAttack,https://lichess.org/mJOuotyz/black#66,
g8sFt,1r4k1/4ppbp/qr4p1/3P4/1Pn2QPP/PR5N/K7/2BR4 b - - 4 29,b6b4 f4b8 b4b8 b3b8 g7f8 c1h6,1907,76,93,4120,crushing long middlegame pin xRayAttack,https://lichess.org/kvNjDEt7/black#58,
g902G,3r1r2/pp4k1/1qb2p1p/5P2/2pR2P1/4P1BP/PPQ4K/3R4 w - - 2 33,c2c4 b6b2 d1d2 b2d2 d4d2 d8d2 h2g1 d2g2 g1f1 g2g3,2084,86,91,413,crushing fork middlegame veryLong xRayAttack,https://lichess.org/MUM3QJVm#65,
gCgvl,1r4nr/1Qpk1Bb1/p1np3p/8/3PP1bq/2N2RB1/PPP3P1/R5K1 w - - 1 16,b7b8 g7d4 f3f2 d4f2 g3f2 h4f2 g1f2 c6b8,1911,158,67,13,advantage kingsideAttack middlegame veryLong xRayAttack,https://lichess.org/Y3d91NQr#31,Kings_Gambit_Accepted Kings_Gambit_Accepted_Greco_Gambit
gFJ28,rr4k1/5ppp/1n1P1q2/3Q4/8/1P6/P1P2PPP/1K1R3R w - - 1 19,d5c5 b6a4 c5d4 a4c3 d4c3 f6c3,1919,76,86,299,crushing fork long middlegame pin xRayAttack,https://lichess.org/PNPzWlvg#37,Sicilian_Defense Sicilian_Defense_Scheveningen_Variation
gIj8U,2r3k1/4pp1p/3p1bp1/B2P4/1PB5/5NPb/7P/2R4K w - - 5 34,c1c2 h3f5 c4d3 c8c2 d3c2 f5c2,1914,76,90,617,advantage long middlegame xRayAttack,https://lichess.org/oBMUvyeq#67,
gJ0eU,2r2r2/2q3k1/4pbPp/p2n4/3BQ3/p4N2/P1B2PP1/KR5R w - - 2 30,c2b3 c7c3 d4c3 f6c3 b1b2 c3b2 a1b1 d5c3 b1c2 c3e4,1984,76,92,405,crushing discoveredAttack discoveredCheck fork middlegame sacrifice veryLong xRayAttack,https://lichess.org/NtpOa0WS#59,
gMj2O,2r5/1b5k/p3pPpp/1p2P3/5Nq1/PP2Q1P1/2r5/2R2RK1 b - - 0 31,c8c3 e3c3 c2c3 c1c3,1949,75,87,784,crushing master middlegame short xRayAttack,https://lichess.org/PCrY96wQ/black#62,
gO8QG,8/1p6/k7/p2pB3/3P4/PKR5/6r1/8 w - - 2 46,b3a4 g2b2 c3b3 b7b5 b3b5 b2b5,1927,76,95,1890,advantage endgame long quietMove xRayAttack,https://lichess.org/UcDgtB4N#91,
gQcjV,2r3k1/1p3p2/p1r3pp/3QB3/4P3/2P2q2/PP4RK/3R4 w - - 1 31,d1g1 f3h5 h2g3 c6c5 g2h2 h5e5 d5e5 c5e5,2188,83,89,1122,advantage exposedKing middlegame veryLong xRayAttack,https://lichess.org/0pTXKSkk#61,
gQeP5,4r3/3k2Bp/2r1bQpP/p2p1pP1/Pp6/1P4q1/2P1R3/1K2R3 w - - 32 56,e2e6 g3e1 e6e1 e8e1 b1b2 c6f6,1997,74,98,179,crushing long middlegame xRayAttack,https://lichess.org/JwkqZKkK#111,
gRl8l,3rk3/pp3p1p/4p3/4bq2/2Q5/1PP1K3/P2P1P1P/RN3R2 w - - 3 21,c4e4 e5f4 e3f3 d8d3 e4d3 f5d3,1960,76,92,828,advantage exposedKing long middlegame xRayAttack,https://lichess.org/ZrBQuEgB#41,
gVh9m,4Q3/8/3q2pk/7p/4RK2/7P/5PP1/4r3 w - - 1 55,e8e5 g6g5 f4f3 d6e5 e4e5 e1e5,2030,76,91,389,crushing deflection endgame long xRayAttack,https://lichess.org/n1i4nlnk#109,
gbdIC,3r2k1/pp2b2p/4P1pB/2q2p2/7P/6Q1/P2p2P1/3R3K b - - 2 26,c5c1 d1c1 d2c1r h6c1,2014,81,91,600,advantage endgame short xRayAttack,https://lichess.org/7htTjR0e/black#52,
gc4Or,6k1/2q3bp/Qpr1ppp1/8/1PPNp3/P7/5PPP/2R3K1 b - - 1 24,c6d6 d4b5 c7c4 a6c8 c4c8 c1c8,2177,77,80,230,crushing endgame fork long xRayAttack,https://lichess.org/qpX07GFO/black#48,
gcLuJ,8/R4pk1/3p2p1/3p1q2/1r1PbNQ1/4P2P/5P1K/8 b - - 0 39,b4b2 f4e6 f5e6 g4e6 b2f2 h2g1,1958,77,91,115,crushing endgame long pin xRayAttack,https://lichess.org/hS5r9tWU/black#78,
gf4IP,3r2k1/Q4pp1/7p/P2nP3/2r5/2q3NP/1p3PPK/1R2R3 b - - 1 29,c3e1 b1e1 c4c1 a7b7 b2b1r b7b1 c1b1 e1b1,2140,151,38,19,advantage hangingPiece middlegame veryLong xRayAttack,https://lichess.org/gBQ6mSrX/black#58,
gfJDj,r5k1/5pb1/p1p1r1p1/R1Bp3p/3P3P/4PQP1/1q3P2/R5K1 w - - 6 30,a5a6 b2a1 a6a1 a8a1,1936,142,83,12,advantage middlegame short xRayAttack,https://lichess.org/XajgZh8C#59,
gge2H,5r1k/1p1Q2pn/pq4rp/1p3p2/3B1P2/P5PP/6B1/2R4K b - - 3 32,b6d6 d4g7 h8g8 g2d5 d6d5 d7d5,2056,81,91,1798,advantage fork long middlegame xRayAttack,https://lichess.org/L76HrEXt/black#64,
giSrs,4R3/2p3p1/6r1/P3R3/5k2/2B4b/2P2b1P/7K w - - 6 33,c3d2 f4f3 e5e3 f2e3 e8e3 f3f2 e3g3 h3g2 g3g2 g6g2,2084,75,92,2742,advantage defensiveMove endgame master veryLong xRayAttack,https://lichess.org/vPjLXN1B#65,
ginzO,8/8/1R5p/2pk1p1N/5P2/1P1K4/7b/4r3 b - - 3 48,e1e6 h5f6 e6f6 b6f6 h2f4 f6f5,1915,75,88,671,crushing endgame long xRayAttack,https://lichess.org/uhlMqAqa/black#96,
gjLMH,3qrk2/p4p1Q/b1ppP3/2p5/4P3/2bP2R1/PrP3PP/5R1K b - - 0 23,d8f6 h7f7 f6f7 f1f7,2143,81,85,181,mate mateIn2 middlegame short xRayAttack,https://lichess.org/0RcKB8sQ/black#46,
gpkgr,5rk1/p1bRq1p1/4Pn1B/2p3Q1/P1p1bN2/2P4P/1r4P1/5RK1 b - - 2 27,c7f4 g5g7 e7g7 d7g7 g8h8 f1f4 f8g8 g7g8,2190,93,89,984,crushing kingsideAttack middlegame veryLong xRayAttack,https://lichess.org/m1OXDcmG/black#54,
gq83t,3r2k1/p4ppp/P1B5/1p6/8/6P1/4bP1P/4R1K1 b - - 1 26,d8d2 c6f3 d2d1 e1d1 e2d1 f3d1,2008,75,95,2603,advantage endgame long master xRayAttack,https://lichess.org/ULmSy8lL/black#52,
gqPiY,6k1/5p1p/6p1/P3p3/1P4P1/8/r4rP1/R5RK b - - 0 39,f2b2 a5a6 a2a6 a1a6,1992,76,92,2575,advantage endgame rookEndgame short xRayAttack,https://lichess.org/TBvXtErW/black#78,
gt8nA,r5k1/ppN3p1/3p1rqp/5b2/8/P3Q3/1P3PPP/3R1RK1 b - - 9 24,a8c8 c7d5 f6e6 d5e7 e6e7 e3e7,2000,79,92,1359,crushing fork long middlegame xRayAttack,https://lichess.org/5Jt3mGpb/black#48,
gtNFR,r1b1r1k1/p3ppbp/2pp2P1/q7/4P3/1BN1nQ2/PPP3PP/R4RK1 b - - 0 14,c8e6 g6f7 e6f7 b3f7,2035,75,85,597,advancedPawn crushing fork middlegame short xRayAttack,https://lichess.org/P42zUEcL/black#28,Sicilian_Defense Sicilian_Defense_Accelerated_Dragon
gtiUj,3R1r1k/ppp2Npp/2n5/8/6n1/1Q2P3/PP3q2/2K5 b - - 3 22,h8g8 f7h6 g8h8 b3g8 f8g8 d8g8,1938,76,94,3011,discoveredCheck doubleCheck long mate mateIn3 middlegame sacrifice xRayAttack,https://lichess.org/qCN7Zyxt/black#44,
guRZk,2k1r3/ppp2p1p/4b2b/4Q3/3P2Pq/2N4P/PPP1K3/4RB1R w - - 1 21,e2f3 e6g4 h3g4 h4h1 f1g2 h1e1 e5e1 e8e1,2093,81,92,870,advantage middlegame veryLong xRayAttack,https://lichess.org/85AYdmNe#41,
gudfn,1R5k/6b1/3P3p/4p3/4q1p1/3n4/2Q2rPP/5R1K b - - 6 37,g7f8 b8f8 f2f8 f1f8 h8g7 f8f1,1940,76,91,127,crushing defensiveMove exposedKing long middlegame xRayAttack,https://lichess.org/N596CmJm/black#74,
gug05,8/R1rk1pp1/3p1q2/1Q2p3/4P2r/1P3P2/1P6/4K2R b K - 3 26,d7e6 b5e8 f6e7 e8e7 c7e7 a7e7,2074,76,88,96,crushing endgame long xRayAttack,https://lichess.org/lZi9COvr/black#52,
guzsA,r1b1k2r/ppp2pp1/2pb4/8/4PBpq/2NP4/PPP2PPP/R2Q1RK1 w kq - 2 11,d1d2 h4h2 f4h2 d6h2,1951,77,92,8804,crushing kingsideAttack middlegame sacrifice short xRayAttack,https://lichess.org/cfqdjKQW#21,Russian_Game Russian_Game_Stafford_Gambit
h0ynQ,8/k1r5/p2p4/4p3/3q4/PQ3P2/1Pp5/K1R5 b - - 0 39,d4d1 c1d1 c2d1q b3d1,1964,76,84,184,crushing endgame short xRayAttack,https://lichess.org/tJGGT3SP/black#78,
h1m8z,r4rk1/5ppp/4p3/p7/Rn1P4/2q1PN2/4QPPP/R5K1 w - - 0 21,a4a5 c3a1 a5a1 a8a1,1936,76,86,1462,advantage master middlegame short xRayAttack,https://lichess.org/guaEsnGa#41,
h3GMX,r4rk1/pp2bpp1/3p3B/3q1P2/6Q1/8/PPP2PPP/R5K1 b - - 0 17,e7f6 h6g7 d5d4 g4d4 f6d4 g7d4,1960,79,87,101,advantage long middlegame xRayAttack,https://lichess.org/SaiGcCzf/black#34,Philidor_Defense Philidor_Defense_Other_variations
h75yD,4R1k1/1b4p1/ppp2r1p/3p1P2/6Q1/2q5/Pr4PP/5R1K b - - 1 28,f6f8 f5f6 c3f6 e8f8 f6f8 f1f8,2082,77,92,3659,advantage fork long middlegame xRayAttack,https://lichess.org/sqCwwL3g/black#56,
hAz61,2rk2Q1/pp2q1b1/6P1/3B3R/3P4/6n1/PP6/1K6 b - - 1 39,d8d7 d5e6 e7e6 h5d5 e6d5 g8d5,2063,84,91,2370,clearance crushing exposedKing long middlegame sacrifice xRayAttack,https://lichess.org/TxPvtxfN/black#78,
hBtD7,r1bQr3/pp2Pkpp/8/3P1p2/8/3B4/PPP3qP/2KRR3 w - - 1 22,d3b5 g2g5 c1b1 e8d8 e7d8q g5d8,2051,79,94,9218,crushing long middlegame xRayAttack,https://lichess.org/ZzcMScXE#43,
hCgUT,r2r3k/p1p1n1bp/1p3qp1/3bp1N1/4P2P/6P1/PPPQ2P1/2KR1R2 b - - 1 20,d5e4 d2d8 a8d8 d1d8 e7g8 g5f7 f6f7 f1f7,2144,87,90,1016,crushing kingsideAttack middlegame veryLong xRayAttack,https://lichess.org/0vpzDZ4d/black#40,
hCm7n,4r3/ppp1q2k/3p2pp/3P4/2PbN3/6P1/PP2Q2P/4R2K b - - 3 24,h7g7 e4d6 e7e2 d6e8 e2e8 e1e8,2066,75,97,1861,advantage endgame long sacrifice xRayAttack,https://lichess.org/VqejTvtx/black#48,
hCt0I,r1b2k1r/ppQp2p1/4q2p/4NnB1/8/8/PPP2PPP/4R1K1 b - - 0 17,h6g5 c7d8 e6e8 e5g6 f8f7 g6h8 e8h8 d8h8,2188,77,94,3442,crushing middlegame pin veryLong xRayAttack,https://lichess.org/kmSQnYw3/black#34,Italian_Game Italian_Game_Scotch_Gambit
hEbHM,r3r3/1p2P2k/p3Q2p/3Pn1q1/4Rp2/5p2/PP4PP/2R2N1K w - - 2 30,g2f3 e8e7 e4e5 g5e5 e6e5 e7e5,2168,85,68,61,advantage long middlegame xRayAttack,https://lichess.org/XOC9A8LP#59,
hHKkg,2r2r2/6k1/p3p1p1/3pP3/3P2PP/2R1Q3/q5K1/2R5 w - - 0 40,c1c2 a2c2 c3c2 c8c2 g2g3 f8c8,2199,83,91,2080,crushing defensiveMove endgame exposedKing long master xRayAttack,https://lichess.org/ktfIyrSZ#79,
hHQdh,3QR1qk/8/p7/1p2K1rp/3P4/2P5/PP6/8 w - - 11 52,e5d6 g5d5 d6c7 d5d8 e8d8 g8d8 c7d8 h5h4 d4d5 h4h3 d5d6 h3h2 d6d7 h2h1q d8c7 h1h2 c7c8 h2h3,2151,82,83,55,advancedPawn crushing endgame promotion quietMove skewer veryLong xRayAttack,https://lichess.org/ZXnhztW7#103,
hHlYI,3r3r/p5k1/5qP1/3p4/5pQ1/2P1pP2/PP4P1/3RR1K1 w - - 1 39,d1d4 h8h4 d4f4 f6f4 g4f4 h4f4,1932,82,88,69,advantage endgame long master xRayAttack,https://lichess.org/JQyFbHDO#77,
hIYHZ,r3r2k/5p1p/5p2/3Pq3/p1b1P1Q1/6P1/R4PBP/R5K1 w - - 6 33,a2a4 e5a1 a4a1 a8a1 g2f1 c4f1,1920,73,96,5483,crushing long middlegame xRayAttack,https://lichess.org/UgztYENN#65,
hJSXO,r6r/1kp1b3/3p1p2/RP1Nq3/2P1P3/3P2Pb/3Q3P/R5K1 w - - 3 26,d5e7 e5d4 d2f2 d4a1 a5a1 a8a1,2113,76,96,892,crushing long middlegame xRayAttack,https://lichess.org/TzGCDXii#51,
hJgXQ,r5k1/r1p2pp1/P2n1q1p/R1p5/2P5/1P3N2/2Q2PPP/5RK1 w - - 3 24,f1a1 a7a6 c2d2 f6a1 a5a1 a6a1,2139,77,88,223,crushing long master middlegame xRayAttack,https://lichess.org/w1e2hs1r#47,
hLgRh,r3r1k1/4P2p/p5p1/P2R2P1/5qBP/2p4K/4Q3/8 b - - 0 50,a8a7 d5d8 a7e7 d8e8 e7e8 e2e8,1936,75,91,377,crushing endgame long xRayAttack,https://lichess.org/hi0cQdXE/black#100,
hMAIB,8/p3Qpk1/1p4p1/6K1/3q1PPP/3bp3/P1p5/2R5 w - - 0 35,e7e5 f7f6 e5f6 d4f6,2082,78,86,277,endgame fork master mate mateIn2 short xRayAttack,https://lichess.org/fL9rj4fS#69,
hSey3,r4rk1/ppq3b1/2p2pQ1/2Np2p1/3P2b1/2P3P1/PPB3PP/R4nK1 b - - 1 21,f1e3 g6h7 g8f7 c2g6 f7e7 h7g7 e7d6 c5b7 c7b7 g7b7,2036,76,92,3017,advantage deflection exposedKing kingsideAttack middlegame veryLong xRayAttack,https://lichess.org/B1g8z6Ty/black#42,
hTBxq,2r1qk1R/pQ2b3/1p2p3/1P2p3/8/1P2P3/5PPP/6K1 b - - 2 34,f8f7 b7c8 e8c8 h8c8,2133,90,91,1720,crushing endgame short xRayAttack,https://lichess.org/wEGzL3Je/black#68,
hV7A7,5rk1/1pbb1ppp/1pp1r3/3P1N2/4B3/P5PP/1P3P2/R3R1K1 b - - 0 21,e6e4 f5e7 e4e7 e1e7 f8d8 d5c6 d7c6 e7c7,2021,75,90,295,advantage middlegame veryLong xRayAttack,https://lichess.org/TiALTrmY/black#42,
hXJ3x,8/8/7P/1p6/1k6/p4K2/1r3P2/2R5 b - - 0 45,a3a2 h6h7 b2b1 h7h8q a2a1q h8a1 b1a1 c1a1,1948,82,92,2902,advancedPawn crushing endgame master promotion rookEndgame veryLong xRayAttack,https://lichess.org/EXHQjrZC/black#90,
haRj0,4rr1R/pp3kp1/2p5/3pqp1Q/8/2N1n3/PPP5/2K4R b - - 3 26,f7e6 h5e8 f8e8 h8e8 e6d6 e8e5,1928,77,87,99,advantage long middlegame skewer xRayAttack,https://lichess.org/OgFolzJS/black#52,
hbKsX,3r4/3r1k1p/2p2p2/p3n2P/PpPNP1p1/1P6/3R2P1/2KR4 b - - 10 29,c6c5 d4c6 d7d2 c6d8 d2d8 d1d8,1932,79,96,18211,crushing endgame long master masterVsMaster xRayAttack,https://lichess.org/4GskAZvM/black#58,
heuJB,7k/pppb1Qp1/2np3r/8/3PB3/4q3/P5PP/5R1K b - - 1 24,h6f6 f7f8 f6f8 f1f8,2056,109,16,15,collinearMove mate mateIn2 middlegame pillsburysMate sacrifice short xRayAttack,https://lichess.org/8MIb89Jx/black#48,
hgjgA,3rQ3/3P2pk/5p1p/p6P/8/P3P3/4K1q1/3R4 w - - 6 49,e2d3 g2d5 d3e2 d5b5 d1d3 d8e8 d7e8q b5e8,1957,81,88,47,crushing endgame veryLong xRayAttack,https://lichess.org/iFGT5hxi#97,
hj83g,4r3/3kr1p1/2pp3p/1p6/p1bPN2P/P1P1RP2/3K2P1/4R3 b - - 3 28,d7c7 e4f6 e7e3 f6e8 e3e8 e1e8,1965,78,89,99,advantage endgame long master xRayAttack,https://lichess.org/MStLPc3I/black#56,
hldBS,3r2k1/5p1p/p5p1/1p4Q1/q7/P1b2P2/3pRBPP/3R2K1 w - - 3 35,e2d2 a4d1 d2d1 d8d1 f2e1 c3e1,2192,78,81,122,crushing long middlegame xRayAttack,https://lichess.org/hJuD0S29#69,
hvNh1,r4rk1/p3qpbp/1p6/3pPN2/8/7R/PP4PP/2B1Q1K1 b - - 0 26,e7e5 f5e7 e5e7 e1e7,2049,87,42,36,crushing master middlegame short xRayAttack,https://lichess.org/wFwly33L/black#52,
hvvzP,1rr3k1/p4pp1/1pN1p2p/3p4/3P4/q3P3/2Q2PPP/2R2BK1 w - - 8 23,c6b8 a3c1 c2c1 c8c1,1931,79,91,932,advantage endgame short xRayAttack,https://lichess.org/0s3ZWNCS#45,
hzZVR,2r2b2/1pk1nP2/p5R1/2P1p1Np/1P2Np1P/2B5/b4PP1/4K3 w - - 3 34,g6g8 e7g8 f7g8q a2g8,2110,76,93,107,advantage master masterVsMaster middlegame short xRayAttack,https://lichess.org/HY8lp5bU#67,
i0LMM,1nkr4/ppp5/8/PP1p1bq1/4n3/1QP5/R4PB1/1N1R2K1 w - - 0 26,d1d5 g5c1 b3d1 c1d1 d5d1 d8d1,1923,75,98,351,advantage long middlegame xRayAttack,https://lichess.org/7selxn02#51,
i0S8r,4r1k1/3q1pbp/6p1/1R6/Q7/4N2P/6P1/6K1 b - - 0 40,e8e3 b5b8 e3e8 b8e8 d7e8 a4e8,1915,76,87,639,crushing endgame long xRayAttack,https://lichess.org/4lTduEqy/black#80,
i2eYz,r5k1/1p3ppp/p2Q1b2/4B1q1/8/1P4P1/P3PP1P/2R3K1 w - - 1 27,c1c5 f6e7 e5d4 g5c5 d6c5 e7c5,2172,78,87,73,advantage endgame long xRayAttack,https://lichess.org/DjGFACEe#53,
i3CWA,4r1k1/p4p1p/4qBp1/4P1R1/2n2P2/P1rRQ3/5P1P/7K w - - 1 31,e3g3 e6c6 g3f3 c6f3 d3f3 c3f3,1946,75,96,7256,crushing long middlegame xRayAttack,https://lichess.org/Dxj0A5eK#61,
i4Lj3,4k3/p1prqp1N/2Q5/2b5/2b1P3/3P4/PP3PPP/n2K3R b - - 0 18,e7d6 h7f6 d6f6 c6f6 d7d3 d1c1,1965,75,84,110,advantage defensiveMove fork long middlegame xRayAttack,https://lichess.org/bc5q6Ars/black#36,Bishops_Opening Bishops_Opening_Vienna_Hybrid
i4Nqk,r1b1k2r/pp1nbppq/2p5/4p1B1/4P1pN/P1NB4/1PPQ1PPK/R3R3 w kq - 0 17,h2g3 h7h4 g5h4 e7h4 g3g4 d7f6 g4f3 c8g4 f3e3 h4g5 f2f4 g5f4,2012,77,93,1818,advantage discoveredCheck doubleCheck exposedKing middlegame sacrifice veryLong xRayAttack,https://lichess.org/141fDTto#33,Philidor_Defense Philidor_Defense_Other_variations
i5xkJ,3r2k1/pp3ppp/2r5/8/P1Pp3q/3Q4/2K1N2P/3R2R1 w - - 2 25,e2d4 d8d4 d3d4 c6c4 d4c4 h4c4,1989,80,92,363,advantage exposedKing fork long middlegame xRayAttack,https://lichess.org/chhd6yOQ#49,
i8bkw,3r1k2/4np1p/pq3RpP/2pbP1Q1/1pB3P1/1P6/P1P5/1K6 b - - 2 28,b6b7 e5e6 d5e6 c4e6 d8d1 b1b2,2090,76,94,140,crushing long middlegame pin xRayAttack,https://lichess.org/oCVRzzEe/black#56,
iBGAs,8/p4k1p/5q2/2b5/8/6QP/PP4P1/2r1RNK1 w - - 9 31,g1h1 f6f1 e1f1 c1f1 h1h2 c5g1,1955,76,95,593,crushing endgame long xRayAttack,https://lichess.org/PGFP76f8#61,
iETHx,8/7P/7Q/1p2q3/k7/p6K/6P1/8 b - - 9 63,a3a2 h7h8q a2a1q h6a6 a4b3 a6a1 e5a1 h8a1,2074,75,94,625,advancedPawn crushing endgame promotion queenEndgame veryLong xRayAttack,https://lichess.org/ZOnu16Db/black#126,
iEcyV,3R4/3r2kp/p5p1/1p1P1p2/5P2/4Q1K1/q5PP/8 b - - 1 35,a2d5 e3e5 g7h6 e5d5 d7d5 d8d5,2070,75,93,13217,crushing endgame long xRayAttack,https://lichess.org/Kjulcag2/black#70,
iJWYW,4r1k1/pprb1ppp/3p4/3P1q2/2P1R2Q/5N2/P4PPP/4R1K1 b - - 0 21,e8e4 h4d8 d7e8 d8e8 e4e8 e1e8,2065,78,95,19741,backRankMate fork long master mate mateIn3 middlegame xRayAttack,https://lichess.org/mLHKWpnz/black#42,
iLbvP,5r2/kb3rp1/pp1Q3p/2PpP3/8/1N1q1B2/PP4PP/5R1K b - - 0 31,f7f3 c5b6 a7a8 d6f8 f3f8 f1f8,1928,75,98,137,crushing long middlegame xRayAttack,https://lichess.org/94QlkS7Z/black#62,
iMQGu,3r4/1p1r2qk/p1b1R1pp/8/2P3p1/P2B3P/2Q2P2/3R2K1 w - - 0 35,h3g4 d7d3 d1d3 g7a1 c2d1 a1d1 d3d1 d8d1,1938,75,94,6543,crushing middlegame sacrifice veryLong xRayAttack,https://lichess.org/l1rd4lon#69,
iNBEd,2Q5/6pk/7p/7K/6P1/3q4/P7/8 w - - 3 53,c8f5 g7g6 f5g6 d3g6,1946,76,94,4529,crushing endgame fork queenEndgame short xRayAttack,https://lichess.org/YoCsG8Fy#105,
iOfMM,7Q/pp2q2r/3p1R1k/2p1p2P/2P1P3/3P4/1P6/7K b - - 4 40,h6g5 h8g8 h7g7 f6g6 g7g6 g8g6,2134,76,94,1209,crushing endgame long xRayAttack,https://lichess.org/5e2w5E04/black#80,
iPQTK,4r1k1/2p3p1/2p4p/p1BP1q2/4r3/1PP1p1Pb/P1Q1R2P/4R1K1 b - - 0 26,f5f2 e2f2 e3f2 c5f2,2001,80,91,1443,advantage middlegame short xRayAttack,https://lichess.org/Ll4Gct6H/black#52,
iPreS,7k/p4Bp1/1p5p/8/3b4/1Q4BP/PP1r2q1/KR6 w - - 0 31,b3e6 d4b2 b1b2 g2g1 e6e1 d2d1 e1d1 g1d1,2167,75,93,593,advantage fork middlegame sacrifice veryLong xRayAttack,https://lichess.org/OPo0UIXu#61,
iR9Om,r5k1/4Rq2/p5bp/1ppP4/2P3Q1/1P6/1P3rPP/4R1K1 b - - 0 29,f7f6 e7e6 f2f4 g4g6 f6g6 e6g6,2127,75,87,170,advantage exposedKing long middlegame xRayAttack,https://lichess.org/W9njudjR/black#58,
iRTfm,kn1Q4/5p2/p1pN4/3p2p1/3R2P1/1PP2P2/KPq5/7r w - - 0 37,d8b6 c2b1 a2a3 b1a1 a3b4 a6a5 b6a5 b8a6 a5a6 a1a6,2088,81,96,809,crushing endgame veryLong xRayAttack,https://lichess.org/7k2Y12KS#73,
iZelM,8/N4pk1/1p2b1p1/3p1n1p/3P1P1P/1Q3BP1/PP3PK1/2q5 w - - 1 26,f3d5 f5d4 b3c4 c1c4 d5c4 e6c4,2079,79,60,61,advantage endgame long xRayAttack,https://lichess.org/caY4aW86#51,
ibOxh,2r1q2k/2P3p1/6p1/7p/8/2RQ3P/6PK/8 w - - 3 46,c3c6 e8c6 d3d8 c6e8 d8e8 c8e8,2106,75,94,3022,crushing endgame hangingPiece long xRayAttack,https://lichess.org/jPwGOT0d#91,
icVtY,1r5k/ppp1Q1p1/7p/4P1p1/2Pq1r2/1P6/P5PP/R4R1K b - - 0 22,b8f8 e7f8 f4f8 f1f8 h8h7 a1e1,1909,79,92,390,crushing defensiveMove endgame kingsideAttack long xRayAttack,https://lichess.org/ZD66M6HX/black#44,
iek1b,8/P5p1/1Bp1p2k/5p1p/3P1P1K/1P4PP/3b4/4q3 w - - 0 40,a7a8q g7g5 f4g5 d2g5,1935,83,93,11985,endgame mate mateIn2 short xRayAttack,https://lichess.org/BaA26U7R#79,
igOLA,3rr1k1/3R1p1p/2p2Pp1/pp2P3/qbP5/4Q1B1/PP3P1P/1K4R1 w - - 1 24,g1d1 a4d1 d7d1 d8d1 b1c2 e8d8,2144,80,88,713,crushing defensiveMove long middlegame queensideAttack xRayAttack,https://lichess.org/UqbIuvzZ#47,
igP7J,1r1q3r/3bk3/3pn1Q1/3Bp2N/4P3/1PpP4/5PP1/1K5R b - - 0 27,d8g8 g6f6 e7e8 h5g7 g8g7 h1h8 g7h8 f6h8,2134,77,95,4094,crushing discoveredAttack middlegame veryLong xRayAttack,https://lichess.org/rRNs5KmL/black#54,
ihff3,r1r3k1/p4ppp/2R1p3/8/3P4/q3P2P/4QPP1/1R4K1 w - - 1 21,b1c1 a3c1 c6c1 c8c1 g1h2 a7a5,1929,80,92,4659,crushing defensiveMove endgame long xRayAttack,https://lichess.org/9ployF1o#41,
ijjU5,2r2rk1/6p1/5q1p/8/P2N4/1Rp1P3/4NPPP/2Q3K1 w - - 5 33,b3c3 f6f2 g1h1 f2f1 e2g1 f1c1 c3c1 c8c1,1940,79,92,330,advantage deflection middlegame veryLong xRayAttack,https://lichess.org/YxfdrZVd#65,
in2fr,r4r2/pp1q3k/3p2pp/2pPb2N/8/2PQ3P/PP4P1/4RRK1 b - - 7 27,f8f5 e1e5 d6e5 h5f6 f5f6 f1f6,2142,84,91,526,advantage fork long middlegame sacrifice xRayAttack,https://lichess.org/KwwgPppJ/black#54,
inhq4,3r4/2q3kp/p1n3p1/1p1R1p2/2p5/P4Q2/BPP2PPP/6K1 w - - 1 24,h2h3 c6d4 d5d4 d8d4,2087,75,92,1095,advantage endgame short xRayAttack,https://lichess.org/ha7qHqNH#47,
ioiUp,2r3k1/pq4b1/2P3p1/4PpPp/2R1bP2/P1Qp4/1B4B1/6K1 b - - 0 34,c8c6 c4c6 e4c6 g2c6,2087,86,90,3373,crushing master masterVsMaster middlegame short xRayAttack,https://lichess.org/TqApWZCG/black#68,
ipYhQ,2r4r/1kp1Rpbp/1pq5/Q7/P7/6B1/2P2PbP/1R4K1 b - - 0 25,c8a8 b1b6 c6b6 e7c7 b6c7 a5c7,2132,85,91,1307,advantage long middlegame pin sacrifice xRayAttack,https://lichess.org/oDLPewr0/black#50,
iq39U,r3r3/p1q1n3/1p4kp/3pppp1/1RP5/3B1P1P/P4QP1/1R4K1 b - - 1 35,c7c5 b4b6 a7b6 b1b6 c5b6 f2b6,1943,76,93,1992,advantage long middlegame sacrifice xRayAttack,https://lichess.org/ANuVYENi/black#70,
ir0vU,8/6p1/5p2/p5P1/1p3P1P/k7/P1K2b2/1B6 w - - 0 39,h4h5 f6g5 f4g5 f2e3 h5h6 g7h6 g5h6 e3h6 c2d3 a3b2 b1c2 b2a2,2122,76,88,78,bishopEndgame crushing endgame veryLong xRayAttack,https://lichess.org/xeLgdGA3#77,
iwudH,4r3/3k4/r3pQ2/3p1pP1/p2P1P1P/PpP1R3/1P1q4/4R1K1 w - - 11 52,e3e6 d2e1 e6e1 e8e1 g1f2 a6f6,1930,75,94,11422,crushing endgame exposedKing long xRayAttack,https://lichess.org/HVJuuWfo#103,
ixDGL,2kr4/1p1r3p/p3Q1p1/5p1q/2P2p2/P4P2/7P/1R3R1K b - - 2 30,h5g5 b1b7 g5e7 e6e7 d7e7 b7e7,2178,76,93,2736,crushing endgame long pin xRayAttack,https://lichess.org/qFvCmMr3/black#60,
j1feG,6k1/4q1pp/p2rP1r1/2p3N1/8/7P/1PQ2PP1/4R1K1 w - - 7 29,c2c5 g6g5 c5g5 e7g5 e6e7 d6d8 e7d8r g5d8,2051,76,94,5499,crushing endgame quietMove veryLong xRayAttack,https://lichess.org/hFEH89Ir#57,
j2sCN,r6r/2k3pp/p1p5/1p6/3Q3n/3P1P1q/PPP2P2/RNB2RK1 w - - 3 20,d4e5 c7c8 e5g3 h4f3 g3f3 h3f3,2046,74,95,9462,crushing defensiveMove kingsideAttack long middlegame xRayAttack,https://lichess.org/ReR2ubcV#39,
j361G,1rb2rk1/p3np1p/2p3p1/3pb3/1q1B2P1/2N4P/PPPQBP2/2KR3R w - - 6 17,c3d5 b4b2 d4b2 e5b2,2116,83,77,78,crushing middlegame queensideAttack sacrifice short xRayAttack,https://lichess.org/KqmUDBTF#33,Nimzowitsch_Defense Nimzowitsch_Defense_Pirc_Connection
j3ACB,2r5/pbr1k1p1/1p2pp2/8/1PN2K2/6P1/P1R4P/2R5 b - - 0 32,b7d5 c4b6 c7c2 b6c8 c2c8 c1c8,1972,78,95,2006,advantage endgame long xRayAttack,https://lichess.org/9iyyrvlO/black#64,
j3goK,5r1k/pp5p/4P1p1/3P4/6Q1/2r1qpRP/P4R1K/8 w - - 1 36,g3f3 e3f2 f3f2 f8f2 h2h1 c3c1,2147,78,82,86,crushing endgame long xRayAttack,https://lichess.org/VlHTVpmJ#71,
j6Roc,1r3q1k/5p1p/b4Pp1/2p1p3/2PpP3/rP1R2P1/6BP/2Q2R1K b - - 8 33,b8b3 c1a3 b3a3 d3a3 f8d6 f1a1,2072,76,87,188,advantage defensiveMove long middlegame xRayAttack,https://lichess.org/4CbvtNcQ/black#66,
j7QSY,r7/ppp1q1pk/2nb4/4pP2/2B2r2/PP3P2/1BP3Q1/2K4R b - - 1 24,f4h4 g2g6 h7h8 g6h5 h4h5 h1h5,1935,81,91,523,long mate mateIn3 middlegame pillsburysMate sacrifice xRayAttack,https://lichess.org/zetHtdrl/black#48,
j8Hwf,2kr3r/Bp1n1ppp/2p2n2/2b1p3/2Bq4/1Q3N2/PPP3PP/R4R1K b - - 4 15,d4e3 b3e3 c5e3 a7e3,1953,75,94,14942,crushing middlegame short xRayAttack,https://lichess.org/sR427say/black#30,Kings_Gambit Kings_Gambit_Other_variations
j8iQ1,2r3k1/4qpp1/R2Np2p/1B1nP3/3b4/1Q4P1/5PKP/8 b - - 4 27,c8c3 a6a8 g8h7 b5d3 c3d3 b3d3,2038,75,87,97,crushing long middlegame xRayAttack,https://lichess.org/sOFzPBep/black#54,
jACee,3r2k1/pq3ppp/1p1rp3/8/1pPR2NQ/1P6/P4PPP/3R2K1 b - - 0 23,d6d4 h4d8 d4d8 d1d8,2002,77,92,585,backRankMate endgame mate mateIn2 short xRayAttack,https://lichess.org/bra15jZo/black#46,
jBVuc,1k5r/2p1Q1b1/p1P1p1q1/Pp1rP1pp/2p5/6PP/1B3P2/3RR1K1 b - - 4 31,g7f8 e7d8 d5d8 d1d8 b8a7 b2d4 f8c5 d4c5,1937,76,92,2595,mate mateIn4 middlegame queensideAttack sacrifice veryLong xRayAttack,https://lichess.org/5UvoaGqH/black#62,
jCv5h,rn2kb1r/ppp2ppp/2q5/3np3/6b1/2NPBN2/PPP1BPPP/R2QK2R w KQkq - 8 8,f3e5 d5c3 e5c6 c3d1 e2d1 g4d1,2009,88,89,1159,crushing long opening xRayAttack,https://lichess.org/5rCDpQAd#15,Kings_Pawn_Game Kings_Pawn_Game_Leonardis_Variation
jEpkO,2r3k1/5pp1/Q3p1bp/p2p4/B2Pq3/1Pr1P1B1/2n2PPP/2R2RK1 b - - 3 25,c2e3 a6c8 c3c8 c1c8 g8h7 f2e3,1906,78,89,86,advantage long middlegame xRayAttack,https://lichess.org/OZg2tQx2/black#50,
jGM8b,3r1r1k/pp4b1/2p3Rp/5p2/5N2/2Q1P3/qP3PP1/2K4R b - - 1 27,f8f7 g6h6 h8g8 h6h8 g7h8 c3h8,2067,77,91,2078,exposedKing long mate mateIn3 middlegame pin xRayAttack,https://lichess.org/p2gNVSOI/black#54,
jHM0a,4rrk1/ppp5/2n1R2p/3p1p2/3P2b1/2PB2q1/PPQN2P1/5RK1 w - - 2 22,d3f5 e8e6 f5e6 g4e6,1984,76,84,142,advantage middlegame short xRayAttack,https://lichess.org/O2C0OQrh#43,
jHYal,7k/r2n1p1p/p4p2/2p1PQ2/PpB1NK2/1P1P4/4q1rP/3R3R w - - 3 29,e5f6 g2f2 e4f2 e2f2 f4g5 h7h6 g5g4 d7f6 f5f6 f2f6,2061,80,91,390,advantage deflection middlegame sacrifice veryLong xRayAttack,https://lichess.org/Lpyoc2xa#57,
jJLsm,4Q2k/8/7p/6p1/5p2/P1q1b3/1P1r2PP/3R3K b - - 1 34,h8g7 e8d7 d2d7 d1d7 g7f6 b2c3,2050,75,87,218,crushing endgame long sacrifice xRayAttack,https://lichess.org/rr875SiJ/black#68,
jJppa,r2qb2k/p3b1rp/1pppQp1N/4p1p1/4P2B/3P1P2/PPP2P1P/2KR2R1 b - - 1 23,g5h4 e6g8 g7g8 g1g8,1974,79,95,16774,kingsideAttack mate mateIn2 middlegame sacrifice short xRayAttack,https://lichess.org/pTmaVLTW/black#46,
jKQ9o,4Qr1k/2pP2bp/pp1q2p1/3r4/3P4/4Bb2/PP1N4/2K1RR2 w - - 3 28,f1f3 d6c6 d2c4 f8e8 d7e8r c6e8,1970,78,84,122,advantage long middlegame pin xRayAttack,https://lichess.org/ZLuSnECz#55,
jLFQ4,3R4/5p1k/4r1pp/2q5/8/3Q3P/5PP1/6K1 w - - 0 34,d3d7 c5c1 d7d1 e6e1 d1e1 c1e1,2130,77,94,3114,advantage endgame fork long xRayAttack,https://lichess.org/bnBHvLPh#67,
jTeNF,r2q1rk1/6pp/p1p1pp2/1pQ5/2nP1B2/P3PP1P/4KP2/2R3R1 b - - 3 20,d8d5 g1g7 g8g7 c5e7 f8f7 c1g1 d5g5 g1g5 f6g5 e7g5,2184,74,93,8737,advantage attraction kingsideAttack middlegame sacrifice veryLong xRayAttack,https://lichess.org/7plXESzZ/black#40,
jU272,3r2k1/pp3pp1/2p1b1p1/4P3/5B2/8/PQ4PP/3r1R1K w - - 0 26,b2e2 e6g4 f1d1 d8d1 e2d1 g4d1,1903,75,95,6393,advantage endgame long xRayAttack,https://lichess.org/ZOytPIDc#51,
jVxGb,3r3k/1pp2rp1/1p1p2bp/8/2P1Ppq1/PPQ3n1/1B4BK/3RRN2 w - - 0 29,f1g3 g4h4 g2h3 f4g3 c3g3 f7f2 g3f2 h4f2,1903,81,85,58,crushing exposedKing fork intermezzo middlegame veryLong xRayAttack,https://lichess.org/ge5QE78p#57,
jXPlH,2r2k2/p1r1qpp1/Qn2p2p/2p5/P2P4/4PN2/2R2PPP/2R3K1 b - - 0 22,c5d4 a6c8 c7c8 c2c8 b6c8 c1c8 e7e8 c8e8,2076,81,91,2995,advantage middlegame veryLong xRayAttack,https://lichess.org/jeLdU36a/black#44,
jY3QY,r2r1k2/1b3p1Q/4pqp1/p3N3/3p3R/P5PP/1P3P2/4R1K1 b - - 0 25,f8e7 h4f4 d8h8 h7f7 f6f7 f4f7,2053,75,88,134,crushing long middlegame xRayAttack,https://lichess.org/CAig8UPM/black#50,
jYchf,3r2k1/p1R1q2p/4pnpB/4Q3/1p6/7P/P4PP1/6K1 b - - 2 26,f6g4 e5g7 e7g7 c7g7,2109,78,91,6573,crushing endgame short xRayAttack,https://lichess.org/sMOA8ytx/black#52,
jbvCi,7Q/2p2p2/p3b1k1/6q1/2p4P/2P3P1/P2r1P2/4R1K1 b - - 0 35,g5f6 h4h5 g6f5 g3g4 f5g5 e1e5 f6e5 h8e5,1933,74,94,2742,crushing endgame exposedKing veryLong xRayAttack,https://lichess.org/YUBTuq8h/black#70,
jeGlQ,r3n1k1/6p1/pq1pN2B/2pPbr2/2p3R1/7P/PP1Q4/2K3R1 b - - 3 27,a8b8 h6g7 b6b2 d2b2 e5b2 g7b2,2173,81,91,256,advantage discoveredAttack discoveredCheck long middlegame xRayAttack,https://lichess.org/pXuUGrfM/black#54,
jhdAn,6k1/pp3r1p/4p2B/2bPPbQ1/2p3p1/2P1p1P1/Pq6/5R1K b - - 1 34,f5g6 g5d8 c5f8 d8f8 f7f8 f1f8,1912,77,90,490,kingsideAttack long mate mateIn3 middlegame operaMate xRayAttack,https://lichess.org/4N08Ec3i/black#68,
ji0WB,r1b2k1r/ppq1Np2/2p2n2/3P4/3P2np/2PB1pP1/PP3P2/R1BQR1K1 w - - 0 19,c1f4 h4g3 f4g3 c7g3 f2g3 f3f2 g1g2 h8h2,2178,85,88,493,advancedPawn advantage fork middlegame sacrifice veryLong xRayAttack,https://lichess.org/M9YIu9qq#37,
jivJc,2r2rk1/4bp1p/3pb1pP/3Bp1P1/q3P3/2Q1B3/1PRK1P2/6R1 w - - 10 30,c3b3 a4b3 d5b3 e6b3 c2c8 f8c8,1923,75,94,6971,crushing long middlegame xRayAttack,https://lichess.org/BjHp2fDK#59,
jjQj1,5r2/7k/p1pq1Ppp/1b6/4Q2P/7K/BP3RP1/8 b - - 8 34,f8f6 e4e8 d6f8 e8f8 f6f8 f2f8,1936,75,93,6062,crushing endgame long xRayAttack,https://lichess.org/AJyGSUZX/black#68,
jlzZM,5r1k/Q5p1/7p/8/8/2P2nNq/PP1r1R1P/R6K w - - 3 27,a1f1 h3h2 f2h2 d2h2,1992,82,87,2627,arabianMate mate mateIn2 middlegame sacrifice short xRayAttack,https://lichess.org/X6fSjklT#53,
jnbRm,k2r4/pp1r1ppp/8/3n4/8/5PB1/PP1R2PP/3R2K1 w - - 11 24,g1f2 d5c3 d2d7 c3d1 d7d1 d8d1,2135,76,94,5229,crushing endgame long master xRayAttack,https://lichess.org/zB6YZvWC#47,
jqXLN,5r1k/pQ5p/3p2p1/2pBb3/6b1/2PP1R2/PP2K1Pq/5R2 w - - 3 25,e2e1 e5g3 e1d2 h2g2 f1f2 g2f2 f3f2 f8f2,2170,77,90,544,crushing exposedKing master middlegame veryLong xRayAttack,https://lichess.org/IhrckcNN#49,
jsM1f,5r1k/6r1/Q4b1p/3B4/3P4/2P3q1/PP5p/4RR1K w - - 4 38,a6e6 g7e7 e1e3 g3e3 e6e3 e7e3,1986,76,93,2950,advantage long middlegame xRayAttack,https://lichess.org/VXpWZFsi#75,
juFB2,2rq1rk1/p4ppp/5b1B/3B4/2b3Q1/6R1/PPP3PP/R5K1 b - - 8 17,d8d5 h6g7 h7h5 g4f4 d5d4 f4d4 f6d4 g7d4,2019,131,88,23,advantage discoveredAttack discoveredCheck kingsideAttack middlegame veryLong xRayAttack,https://lichess.org/ckIL1IaL/black#34,Sicilian_Defense Sicilian_Defense_Lasker-Pelikan_Variation
jvjMT,r3r1k1/1b3p1p/pp4p1/4b3/P3B1P1/1P1Pq1NP/2P4K/R2Q1R2 w - - 1 21,d1f3 e3f3 e4f3 b7f3 f1f3 e5a1,2055,76,92,3053,crushing long middlegame xRayAttack,https://lichess.org/edULQduQ#41,
k9VM9,2k2r1N/1pp3pp/p7/8/4q3/2B1n3/PP2Q1PP/R3K2R w KQ - 2 23,e1d2 e4c2 d2e1 e3g2 e2g2 c2g2,2149,77,89,103,crushing exposedKing long middlegame xRayAttack,https://lichess.org/PVymualF#45,
kBURP,5rk1/2R2R2/7p/5QpK/4Pp2/3P1q1P/Pr6/8 w - - 2 36,h5g6 b2b6 f5f6 b6f6 f7f6 f8f6 g6f6 f3h3,1974,75,93,425,crushing endgame veryLong xRayAttack,https://lichess.org/DBMCww7o#71,
kCuCY,3rr3/p5k1/1p4pp/3n4/3R1Pq1/6N1/P2R1K1Q/8 w - - 0 34,d4d5 g4f4 f2g2 f4d2 d5d2 d8d2 g2h3 d2h2,2064,77,95,13305,crushing exposedKing middlegame skewer veryLong xRayAttack,https://lichess.org/BOWRfaaX#67,
kE10m,3r2k1/ppp2pbp/2n2npq/4p3/Q3P3/2Pr1NB1/PP3PB1/RN1R2K1 w - - 8 18,d1d3 h6c1 a4d1 c1d1 d3d1 d8d1,2059,76,89,216,advantage kingsideAttack long middlegame xRayAttack,https://lichess.org/ICBEjjf8#35,London_System London_System_Other_variations
kH9IV,r4rk1/1Q3ppp/4p3/3pP3/3P4/p1P1PR1P/4q1P1/5R1K w - - 0 25,f3f7 e2f1 f7f1 f8f1 h1h2 f1f8,1904,76,92,2535,crushing defensiveMove endgame long xRayAttack,https://lichess.org/jKaZ9DXL#49,
kJo3d,r4r1k/pb5p/1p2N1p1/4P3/P3Qn2/6PP/q5B1/1RR3K1 w - - 0 29,e4c2 f4e2 c2e2 a2e2,2108,77,41,60,crushing fork master middlegame short xRayAttack,https://lichess.org/sSnDwxEQ#57,
kK9Hn,3r2k1/ppp2ppp/2p5/8/4PP2/N1P2qPb/PPQ1R2P/3rR2K w - - 5 24,h1g1 f3f1 e1f1 d1f1,2040,77,94,6689,kingsideAttack mate mateIn2 middlegame operaMate sacrifice short xRayAttack,https://lichess.org/seeIBs1Y#47,
kKLHu,r2r2k1/3Q1ppp/R6b/1B2p3/2P1q2P/7K/5PP1/7R w - - 0 31,b5c6 e4d3 d7d3 d8d3 f2f3 a8a6,2040,76,83,166,crushing long middlegame xRayAttack,https://lichess.org/5LKBxxSO#61,
kLLgb,1k1rR1nr/pp1Qb1pp/2p5/q7/5B2/2NP1P2/PPn2P1P/R5K1 b - - 3 16,b8a8 d7c8 d8c8 e8c8,1929,79,76,189,backRankMate mate mateIn2 middlegame sacrifice short xRayAttack,https://lichess.org/p74c0PUB/black#32,Scandinavian_Defense Scandinavian_Defense_Main_Line
kMjqI,4rk2/p1p3pp/3b4/1p1Qqp2/8/5PN1/PPP3PP/3R2K1 w - - 4 25,g3f5 d6c5 d5c5 e5c5,1941,77,95,10176,crushing endgame short xRayAttack,https://lichess.org/LEpqiC2V#49,
kNH15,8/kp4Rr/p1p2r1P/3p3R/3P4/1KP3p1/PP6/8 b - - 5 46,f6h6 g7h7 g3g2 h5h6,1998,76,81,124,advantage capturingDefender endgame rookEndgame short xRayAttack,https://lichess.org/SR7FzB8E/black#92,
kNyBI,7r/2pqbk1r/p1Np2p1/3P1pP1/2PQbB2/1P4K1/P2R3R/8 b - - 9 30,h7h5 d4h8 h5h8 h2h8,1925,125,53,38,crushing middlegame short xRayAttack,https://lichess.org/dSopEGcU/black#60,
kQY2X,3b2k1/p2P2q1/b1p5/5p2/4rN2/6P1/P4B1P/1R1R2K1 b - - 1 31,e4e7 b1b8 e7d7 b8d8 d7d8 d1d8 g8f7 d8d7,1901,78,84,53,crushing exposedKing master middlegame pin veryLong xRayAttack,https://lichess.org/WO5VhLRz/black#62,
kS182,r1q1r3/1ppbnQpk/p2b2Np/8/2nP3B/2N5/PPP3PP/R4RK1 w - - 3 19,h4e7 d7e6 g6f8 e8f8 f7f8 c8f8 f1f8 a8f8 e7f8 d6f8,1963,78,93,5171,advantage middlegame veryLong xRayAttack,https://lichess.org/fUbhnmtg#37,
kS1dE,2r3k1/8/3Bpp2/R2P2p1/4p1q1/1P5p/2r2PPP/4RQK1 w - - 2 27,d6a3 e4e3 a5a4 e3f2 f1f2 g4g2 f2g2 c2g2,2171,82,91,338,advancedPawn advantage fork middlegame veryLong xRayAttack,https://lichess.org/C1DvWqxc#53,
kU59F,5r1k/pb4q1/1p2R3/2b3p1/2B3QP/8/P4PP1/6K1 b - - 2 28,f8f6 g4h5 g7h6 h5h6 f6h6 e6h6,2035,81,91,1051,advantage exposedKing long master middlegame xRayAttack,https://lichess.org/PdRXC79f/black#56,
kaZjc,5rk1/1bp3pp/p7/1p6/3P1b2/2P1B3/PP1NrP1P/R2R2K1 w - - 0 23,d1e1 e2d2 e3d2 f4d2,1991,74,88,1301,advantage master middlegame short xRayAttack,https://lichess.org/V0BrOqOv#45,
kbd8S,r5k1/5pq1/4p1p1/3p2P1/r2P1P2/2P3KR/p3Q3/R7 b - - 3 44,g7f8 e2e5 f8g7 e5f6 a4a3 g3g4 g8f8 h3h8 g7h8 f6h8,2065,222,82,9,advantage collinearMove endgame veryLong xRayAttack,https://lichess.org/h2iwq187/black#88,
kk61C,4r1k1/1p3pp1/p2br2p/5Qq1/3P4/P3P1P1/1P4BP/4RRK1 b - - 0 22,e6e3 f5f7 g8h7 f7e8 e3e8 e1e8,1968,77,88,99,crushing kingsideAttack long master masterVsMaster middlegame xRayAttack,https://lichess.org/DiyfvY3N/black#44,
koWP8,5Q2/1p6/3kP3/5p2/7p/8/r2p1PP1/2qR2K1 b - - 0 43,d6e6 f8h6 e6d7 d1c1 d2c1r h6c1,2120,77,88,187,crushing endgame long master xRayAttack,https://lichess.org/N4Y7Cs4S/black#86,
krEZ2,2kr3r/pppbqpp1/3p4/5P2/4P1Q1/2P5/P1PB2PP/R3R1K1 w - - 1 18,g4g7 d8g8 d2g5 e7g5 g7g5 g8g5,1927,75,89,274,advantage long middlegame xRayAttack,https://lichess.org/pc8lyMJY#35,Englund_Gambit Englund_Gambit_Other_variations
ksQj5,4r1k1/7p/p5p1/Pbr5/2N5/1P6/4pRPP/4R1K1 w - - 1 36,c4d6 c5c1 f2e2 c1e1 e2e1 e8e1,1900,79,92,3191,crushing endgame long master xRayAttack,https://lichess.org/banw3m8U#71,
ktAeV,4k3/4rp2/1P5Q/8/2q1p2p/4P2P/6P1/5NK1 b - - 0 36,c4e6 h6h8 e8d7 b6b7 e7e8 b7b8q e8b8 h8b8,2022,77,89,99,advancedPawn crushing endgame promotion veryLong xRayAttack,https://lichess.org/2d34qeoE/black#72,
kvipa,3R4/5pkp/2Q3p1/2P1r3/8/4q2P/6P1/7K w - - 10 36,c6d6 e3c1 d6d1 e5e1 d1e1 c1e1,1991,75,88,114,clearance crushing endgame fork long xRayAttack,https://lichess.org/3BZfcDnA#71,
l37gC,3r3r/pkp1qppp/2p1b3/2b1n3/4P3/P1N1B2P/1PPNQPP1/R3K2R w KQ - 5 14,f2f4 e7h4 e2f2 h4f2 e3f2 c5f2,2107,76,94,2112,advantage attackingF2F7 exposedKing long middlegame xRayAttack,https://lichess.org/bKVezV4d#27,Englund_Gambit Englund_Gambit_Hartlaub-Charlick_Gambit
l6RA1,r1b2rk1/pp3Np1/7p/2p4Q/2B2q2/2P5/PP4PP/1K2R3 b - - 0 23,f8f7 c4f7 f4f7 e1e8 f7e8 h5e8,2195,93,90,368,advantage long middlegame xRayAttack,https://lichess.org/cnAWUuiN/black#46,
l6U2Z,8/p7/6p1/3B1p1p/4p2P/2b1PkP1/P4P2/5K2 b - - 1 36,f3g4 f1g2 g6g5 f2f3 e4f3 d5f3,2075,77,88,91,bishopEndgame endgame long mate mateIn3 xRayAttack,https://lichess.org/yCydcUdT/black#72,
l8jfj,4k3/3q1p1r/rpQ1pB2/PP1pP2p/4b1pN/6P1/6PP/R6K b - - 0 35,a6a5 c6a8 a5a8 a1a8 d7c8 a8c8,1999,85,75,43,advantage long middlegame sacrifice xRayAttack,https://lichess.org/Gq5Nqkar/black#70,
l9bmn,r4rk1/1b2b3/n1p1p1p1/p2qB1p1/2BP2Q1/p3P3/1P3PP1/2R1K2R b K - 1 20,a3b2 g4e6 d5e6 c4e6 f8f7 h1h8,2065,85,91,671,exposedKing long mate mateIn3 middlegame operaMate pin xRayAttack,https://lichess.org/L5aiIFjx/black#40,
lAegy,4R3/ppp2p1k/3b4/3P4/1P2KPr1/P1Q1R1Pp/8/1q6 w - - 1 31,e4d4 h3h2 e3e1 h2h1q e1h1 b1h1,2008,82,92,4361,advancedPawn crushing endgame long promotion xRayAttack,https://lichess.org/MS5Pq5Tu#61,
lDN90,r5k1/ppp3p1/2n3Qp/5P2/2Pqr3/8/P5PP/4RR1K b - - 3 25,a8e8 f5f6 d4f6 g6e8 e4e8 e1e8,2148,85,91,150,advantage long middlegame xRayAttack,https://lichess.org/jjHHqgfI/black#50,
lEE41,8/1Qpk1pp1/2p1b3/7p/2PrP2q/5B2/PP3RP1/6K1 b - - 0 31,d4c4 f2d2 e6d5 d2d5 c6d5 b7d5,1997,75,95,9507,crushing endgame long xRayAttack,https://lichess.org/2F5sMn7Y/black#62,
lHlAq,3R1bk1/p4r1p/4Q2p/2q1p3/8/2P5/Pr4PP/5R1K b - - 1 31,c5c7 e6g4 g8h8 d8f8 f7f8 f1f8,1980,75,97,2174,deflection long mate mateIn3 middlegame xRayAttack,https://lichess.org/dPNHf5pL/black#62,
lJ2EI,2k1r3/1ppr1pp1/p1nP1b1p/2B5/qPN3P1/P2R3P/Q4P2/1K1R4 w - - 1 26,d6c7 a4d1 d3d1 d7d1 b1c2 e8e2 c2d1 e2a2,1918,75,89,239,crushing exposedKing master middlegame queensideAttack skewer veryLong xRayAttack,https://lichess.org/ROPdHxGd#51,
lL9yE,3r2k1/1b2rpbp/pq2p1p1/1pp3N1/4NQ2/P1PR4/1P3PPP/3R2K1 b - - 2 24,d8d3 f4b8 b6d8 b8d8 d3d8 d1d8,2177,77,89,462,advantage kingsideAttack long middlegame xRayAttack,https://lichess.org/dJOXRZLf/black#48,
lMrzn,3k2r1/ppp5/2p1P3/8/1q6/3P3Q/7P/5R1K b - - 0 31,b4g4 f1f8 d8e7 h3h7 g8g7 f8f7 g7f7 h7f7,2110,78,86,75,advantage endgame veryLong xRayAttack,https://lichess.org/Oo8OpqRK/black#62,
lR6NN,r1b2rk1/p5bp/1qp1p1p1/3n4/3P4/3B1N2/PPQ3PP/R1B2RK1 w - - 0 16,c2c5 f8f3 f1f3 g7d4 c5d4 b6d4,2129,75,79,126,crushing fork long middlegame xRayAttack,https://lichess.org/TB337gw7#31,Modern_Defense Modern_Defense_Other_variations
lRLAs,8/8/5r1k/6R1/5p1P/5PpK/8/8 w - - 6 47,h3g4 f6g6 g4f4 g3g2 g5g2 g6g2,2095,75,78,110,advancedPawn crushing endgame long rookEndgame xRayAttack,https://lichess.org/pMge2391#93,
lWCNI,2rr2k1/5bpp/pp3p2/n1p5/Pqp1NP2/5B2/1PQ3PP/3R1R1K b - - 5 22,d8d4 e4d6 d4d6 d1d6,2057,75,87,330,advantage master middlegame short xRayAttack,https://lichess.org/vf4rAH5r/black#44,
lWRQb,2b1B3/8/p2k3p/1p3p2/1P2pP1P/P1K1P3/8/8 b - - 18 47,d6d5 a3a4 b5a4 e8a4,2142,115,0,16,bishopEndgame crushing endgame short xRayAttack zugzwang,https://lichess.org/F9nPYHyI/black#94,
lYCOA,4rrk1/pp3ppp/3n2q1/3p4/3Bb3/1P1B2Q1/P1P3PP/2R2RK1 b - - 10 21,d6f5 f1f5 e4f5 d3f5 g6g3 h2g3,2138,80,91,1078,crushing long middlegame xRayAttack,https://lichess.org/ZSEPweAa/black#42,
lbgn9,r3r2k/1pp3p1/1b2b2p/p7/P1B5/1QP1R1N1/1P1q1PPP/4R1K1 w - - 0 21,e3e2 e6c4 b3c4 d2e1 e2e1 e8e1,2195,87,87,1242,crushing kingsideAttack long middlegame xRayAttack,https://lichess.org/2uBZuyff#41,
lezPO,5r1k/p2Rr2p/1p3p1P/2b1pQp1/8/1BP5/Pq4P1/5R1K b - - 0 28,b2e2 f5f6 f8f6 d7d8 e7e8 d8e8 c5f8 e8f8 f6f8 f1f8,1916,76,95,15140,kingsideAttack mate mateIn5 middlegame sacrifice veryLong xRayAttack,https://lichess.org/vUhtk5ye/black#56,
lfCsX,3rr1k1/pp3pp1/3p3p/3R4/7q/5B2/PP1Q2PP/R4K2 w - - 2 24,d5d6 h4c4 d2d3 c4d3 d6d3 d8d3,1977,79,93,6747,crushing long middlegame xRayAttack,https://lichess.org/dHOJsEtX#47,
ljzcO,r4rk1/1bp1q1pp/pp1p4/4nP2/2PQ4/2N5/PPB2PPP/3R1RK1 w - - 3 22,f1e1 e7g5 c2e4 e5f3 e4f3 b7f3,2194,89,90,2354,advantage kingsideAttack long middlegame pin xRayAttack,https://lichess.org/0RnUTkOL#43,
ll9fa,q4rk1/p2nbppp/1pb1pn2/3p4/1P1P1B2/P3PN2/2QNBPPP/2R3K1 b - - 3 15,f8c8 e2a6 c6b7 c2c8 a8c8 c1c8 b7c8 a6c8,2040,74,93,7975,crushing middlegame veryLong xRayAttack,https://lichess.org/4zn6NMlh/black#30,Queens_Gambit_Declined Queens_Gambit_Declined_Other_variations
lmNgd,r2q1rk1/ppp1ppbp/4b1p1/3Pn3/3Q2n1/2N1P1P1/PP3PBP/R1B1K1NR w KQ - 3 11,d5e6 e5d3 d4d3 d8d3,1988,82,91,1767,advantage opening short xRayAttack,https://lichess.org/LNZBvMdf#21,Grunfeld_Defense Grunfeld_Defense_Other_variations
loDHm,6k1/6p1/3P2p1/3K4/1R6/7p/P7/2r5 b - - 0 41,g6g5 d6d7 g8h7 d7d8q h3h2 b4h4 g5h4 d8h4,1981,79,93,431,advancedPawn crushing endgame master promotion rookEndgame veryLong xRayAttack,https://lichess.org/MFt0l2Uv/black#82,
lupFa,6k1/5ppp/Q3bq2/4p3/1p2P3/8/PPrrBPPP/2R2RK1 b - - 2 22,d2e2 a6a8 e6c8 a8c8 c2c8 c1c8 f6d8 c8d8,1943,130,24,47,backRankMate master mate mateIn4 middlegame veryLong xRayAttack,https://lichess.org/kGqbFXO0/black#44,
lwRIY,r4rk1/pp3pB1/2p5/3n3p/2Q3pq/2N1PP2/PP4PN/R3K2R w KQ - 0 18,e1e2 g4f3 e2d3 d5b4 c4b4 h4b4,2104,79,90,1153,advantage long middlegame xRayAttack,https://lichess.org/0sO3piyS#35,Slav_Defense Slav_Defense_Three_Knights_Variation
lwdEW,4r1k1/pb3pbp/1p1q2p1/2pP2B1/2Br4/1P3Q2/P5PP/3R1RK1 b - - 2 23,b7d5 c4d5 d6d5 f3d5 d4d5 d1d5,2109,76,73,82,advantage long middlegame xRayAttack,https://lichess.org/bEpM17qD/black#46,
lwolE,1Rr2rk1/5p2/2pQpPp1/2Pp2Pp/p4P2/3q4/7P/1R5K b - - 5 38,a4a3 d6f8 c8f8 b8f8 g8h7 f8f7 h7g8 f7g7 g8h8 b1b8,2049,75,96,12374,endgame kingsideAttack mate mateIn5 veryLong xRayAttack,https://lichess.org/7qXZevMR/black#76,
lxTzt,2r4k/2r2pqp/4pNp1/pp1p1nP1/3P1P2/P1P2Q1P/1P2R2K/4R3 w - - 0 30,f3d5 e6d5 e2e8 g7f8 e8f8 c8f8,2030,78,78,86,advantage long middlegame xRayAttack,https://lichess.org/Zn3rdHvz#59,
lykLE,3r2k1/4Qppp/p3q3/1p1N4/2r1P3/P1B2P1P/1P4P1/3R1K2 b - - 5 32,d8d5 e7d8 d5d8 d1d8 e6e8 d8e8,1938,81,92,793,endgame long mate mateIn3 sacrifice xRayAttack,https://lichess.org/6EJ1UuP0/black#64,
m1fJt,8/1p2nk2/8/2Q2pP1/1P1BpP2/P1K1P3/q7/8 w - - 9 38,c5c4 e7d5 c4d5 a2d5,2094,84,89,967,crushing endgame short xRayAttack,https://lichess.org/AHXiEhni#75,
m1fdg,4r3/1pb4k/pqp1r1pp/8/4N3/1P3P1P/1P2R1Q1/4R2K b - - 0 35,h7g7 e4d6 e6e2 d6e8 e2e8 e1e8,2166,75,91,836,advantage long middlegame xRayAttack,https://lichess.org/zyYteZz8/black#70,
m2JqY,r2qkb1r/1bp1pppp/p7/1n1P4/B7/B4Q2/P4PPP/1R2K1NR b Kkq - 7 16,b7d5 b1b5 a6b5 a4b5 c7c6 b5c6 d5c6 f3c6 d8d7 c6a8,1971,80,89,100,advantage deflection fork opening veryLong xRayAttack,https://lichess.org/iGsytgwS/black#32,Queens_Gambit_Declined Queens_Gambit_Declined_Marshall_Defense
m2RWv,8/5p2/8/2pN4/2r3p1/5k1p/8/5R1K b - - 1 67,f3g3 d5e3 c4f4 e3f5 f4f5 f1f5,1977,76,97,987,crushing endgame long xRayAttack,https://lichess.org/HFN05Cwi/black#134,
m3cMB,4r1k1/pp4pp/n7/2PP1p2/5Q2/BPq4P/P1P3P1/6KR w - - 0 23,f4f5 c3g3 f5f2 e8e1 f2e1 g3e1,2040,76,89,1421,advantage endgame long xRayAttack,https://lichess.org/PpkVf9YR#45,
m3dB6,r5k1/1p4p1/p2pP2p/3P2r1/2pQR2n/2P3q1/PP3p1N/R4B1K w - - 0 29,e4g4 g3g1 g4g1 g5g1,1953,86,65,114,collinearMove kingsideAttack mate mateIn2 middlegame sacrifice short xRayAttack,https://lichess.org/aP0zwZbX#57,
m7dk0,5Q2/1q3p1k/4p1p1/3nN2p/8/P7/1Pr2rPP/1R3R1K b - - 3 31,c2b2 e5f7 b7f7 f8f7 f2f7 f1f7,2097,82,91,2021,crushing long middlegame xRayAttack,https://lichess.org/6eBnDde0/black#62,
m7u1t,8/4R1Qp/2pq4/6kr/7r/2P3pP/5PK1/8 b - - 7 47,d6g6 e7e5 g5f4 f2g3 g6g3 g7g3,1954,75,94,1651,endgame fork killBoxMate long mate mateIn3 xRayAttack,https://lichess.org/zegPRj4y/black#94,
m8UBz,6rk/1R1R2b1/4Q2p/4p3/8/5p1P/P5PK/2q5 w - - 0 37,e6g4 f3f2 d7d1 f2f1q d1f1 c1f1,1978,76,93,8188,advancedPawn advantage endgame long promotion xRayAttack,https://lichess.org/JreGSzq9#73,
mExaV,k4bnr/P1p3pp/1P6/3r1p2/4p3/4B3/2q2PPP/RR4K1 b - - 1 25,d5b5 b6b7 b5b7 b1b7 c2b3 b7b3,2080,76,93,2241,advancedPawn crushing long middlegame xRayAttack,https://lichess.org/LbXhBdu0/black#50,
mGWfD,8/2p2p1k/6p1/2PP2q1/7b/3QP3/1r1R1PK1/7R w - - 3 52,g2h3 h4f2 d2f2 b2f2,2196,78,82,602,advantage endgame master short xRayAttack,https://lichess.org/Zd8VXmtw#103,
mIQgK,1r5k/1P3Bpp/1q6/p7/P2Q3P/1P2n3/6K1/2RRr3 w - - 7 37,d4e3 e1e3 c1c8 e3e8 c8e8 b8e8 f7e8 b6b7,2131,84,91,74,advantage hangingPiece middlegame veryLong xRayAttack,https://lichess.org/8lfJ3V2H#73,
mMhlD,r4r2/1pq1npp1/p1n1p1k1/3p2Nb/3P1bP1/1PP1B2P/P1QN1P2/R3R1K1 b - - 2 17,g6g5 d2f3 g5h6 g4g5 f4g5 e3g5,2098,79,95,3285,long mate mateIn3 middlegame xRayAttack,https://lichess.org/cZvphwDM/black#34,Caro-Kann_Defense Caro-Kann_Defense_Exchange_Variation
mNkXf,r7/7p/6pk/8/3Q4/4P1P1/3pqP1P/rR1R2K1 w - - 6 34,d4b4 e2d1 b1d1 a1d1 g1g2 d1g1 g2g1 d2d1q,1918,77,95,16900,advancedPawn advantage attraction endgame promotion veryLong xRayAttack,https://lichess.org/HfdZbjTe#67,
mOLus,2r1k2r/pp1n1ppp/3p4/3bp3/2B1q1n1/1P1Q1NP1/P1P3KP/R1B4R w k - 0 14,c4d5 c8c2 d3c2 e4c2,1996,76,95,5848,crushing middlegame short xRayAttack,https://lichess.org/i7qwbUL9#27,Benoni_Defense Benoni_Defense_Benoni_Gambit_Accepted
mOdrA,8/3q3k/6pp/1p6/6PP/PQ3R1K/4r3/8 b - - 0 53,d7d6 f3f7 h7h8 b3c3 d6e5 c3c8 e5e8 f7f8 e8f8 c8f8,2040,80,92,1022,crushing endgame fork veryLong xRayAttack,https://lichess.org/qZsqkqqb/black#106,
mPMWY,4qk2/p3b1r1/4Pp1Q/3p4/3P3P/P4RPK/1r6/5R2 b - - 3 42,e8g6 f3f6 e7f6 f1f6 g6f6 h6f6,1946,76,93,583,crushing exposedKing fork long master middlegame xRayAttack,https://lichess.org/YZJRgTIe/black#84,
mPy8K,6rk/2p5/1p1b3p/p2P4/4Pp2/1PQ4P/q4PB1/3R3K b - - 1 43,h8h7 e4e5 a2e2 d1e1 d6e5 c3e5 e2e5 e1e5,2081,77,87,495,advantage endgame master veryLong xRayAttack,https://lichess.org/7Z87IXsC/black#86,
mQ1eH,3rr1k1/p2N1p2/2pR4/1p3Pq1/2P1K1p1/1P3n2/PB1R2B1/3Q4 w - - 4 35,d7e5 f3d2 d1d2 g5d2 d6d2 d8d2,2063,77,90,1579,crushing long middlegame pin xRayAttack,https://lichess.org/O4vxm2xl#69,
mRHs6,r1bQn1k1/pp3ppp/2p1q3/8/8/B4N2/P1P2PP1/1R4K1 b - - 3 19,e6d7 b1d1 d7d1 d8d1,1906,76,84,129,advantage middlegame short xRayAttack,https://lichess.org/KMUIbju5/black#38,
mV411,5r1k/p2R1q1p/1p3NpQ/2p1q1Pb/8/KP6/P1P5/8 b - - 3 30,c5c4 h6h7 f7h7 d7h7,1969,80,87,640,arabianMate mate mateIn2 middlegame short xRayAttack,https://lichess.org/XDna9xMX/black#60,
mX7gV,3r2k1/p1q1bp1p/6pB/4P2P/4R3/6Q1/1r1p2P1/3R2K1 b - - 1 30,c7c1 d1c1 d2c1b h6c1 d8d1 e4e1 d1e1 g3e1,2053,78,93,4762,crushing middlegame pin veryLong xRayAttack,https://lichess.org/c3trymHw/black#60,
mZJp1,1k3r2/1pp5/1N1p3p/nP4p1/4p3/2P3Pq/P2QBr2/2KR1R2 b - - 0 29,c7b6 d2d6 b8a7 d6f8 f2f8 f1f8 h3g3 d1d8 g3e1 e2d1,2032,81,90,550,crushing defensiveMove middlegame quietMove veryLong xRayAttack,https://lichess.org/fHWzWotw/black#58,
mgTyI,5k2/5qp1/5rRp/2p1pP2/1p1pP1PQ/1Pr5/7P/5RK1 b - - 0 34,c3b3 g4g5 h6g5 h4h8 f7g8 g6f6 g7f6 h8f6,1958,77,87,257,advantage deflection endgame veryLong xRayAttack,https://lichess.org/LQtAWi09/black#68,
mjiKB,7K/5k2/6pP/p3Bp2/P4P2/8/3b4/8 w - - 3 74,e5d6 g6g5 f4g5 d2g5,2124,85,89,1493,bishopEndgame crushing endgame short xRayAttack,https://lichess.org/JLm3fsU5#147,
mjkmG,1rq2rk1/3bppbp/3p1np1/pNp5/2P5/P2P2PP/4PPBK/1R1QNR2 b - - 1 17,d7c6 b5a7 b8b1 d1b1 c8b7 b1b7 c6b7 g2b7,1938,76,94,7331,crushing middlegame veryLong xRayAttack,https://lichess.org/W21Yl01x/black#34,English_Opening English_Opening_Other_variations
mkWu7,5rk1/p1Qr2p1/2n4p/3qp3/8/2P4P/PP3BP1/3R1RK1 b - - 2 26,f8f2 c7c8 d7d8 c8d8 d5d8 d1d8,2195,78,74,99,advantage long middlegame xRayAttack,https://lichess.org/EwjsYIsd/black#52,
mlK56,rn1qkb1r/1p3ppp/p3p3/3p1b2/3pnB2/2PBPN2/PPQN1PPP/R3K2R w KQkq - 0 9,d2e4 d5e4 d3e4 d4d3 c2d3 d8d3 e4d3 f5d3,1917,75,87,251,advantage fork middlegame veryLong xRayAttack,https://lichess.org/NYmlHDge#17,Queens_Pawn_Game Queens_Pawn_Game_London_System
mnuby,2kr4/ppp1q2p/6n1/8/3QPn2/8/PPP1NPPP/R3K2R w KQ - 2 18,d4c3 e7e4 c3f3 f4g2 f3g2 e4g2,2158,76,93,2236,crushing long middlegame xRayAttack,https://lichess.org/hKHMkPag#35,Latvian_Gambit_Accepted Latvian_Gambit_Accepted_Other_variations
moEu2,3r2k1/1R1B2pp/8/4pp2/4K3/4Q1P1/P4q2/6R1 w - - 0 27,d7f5 d8d4 e3d4 f2d4 e4f3 d4g1 f5e6 g8f8 b7f7 f8e8,1938,80,92,711,advantage endgame fork veryLong xRayAttack,https://lichess.org/AMtTvolk#53,
mpKlE,7r/1pb2pk1/6p1/p2pN3/3Pq3/2P1pR1P/PP2Q3/R6K w - - 3 30,e2e3 h8h3 h1g2 e4e3 f3e3 h3e3,1925,75,87,298,advantage intermezzo long middlegame pin xRayAttack,https://lichess.org/jPWa1mN3#59,
mr182,5b2/5k1p/4bpp1/3p4/1q1B4/pQ2PB1P/P4PP1/6K1 w - - 4 30,f3d5 b4b3 d5b3 e6b3,2154,77,89,677,crushing endgame short xRayAttack,https://lichess.org/YYWDrU2v#59,
mrTHd,2Q1Rrk1/p5r1/1p1p2P1/2pP1q1K/2P3R1/P7/8/8 w - - 11 51,h5h4 f5c8 e8c8 f8c8,1907,77,92,1751,crushing endgame short xRayAttack,https://lichess.org/iAN8osZo#101,
mtM9d,r5rk/p4p1p/5p2/3b4/1R3B2/6RP/PPq3PK/4Q3 w - - 5 27,a2a3 c2g2 g3g2 g8g2,1956,87,91,1379,advantage middlegame sacrifice short xRayAttack,https://lichess.org/vWnTTJPX#53,
mwrBE,3q2k1/pp4p1/1b4r1/3pN1P1/1P1n4/P5Q1/6P1/5R1K b - - 0 31,d8g5 f1f8 g8f8 e5g6 g5g6 g3g6,1904,78,91,204,advantage attraction long middlegame xRayAttack,https://lichess.org/VnI7AEia/black#62,
n0nle,r6n/ppp3kb/3q1p2/2PN4/3Q2p1/8/PP3P2/2K4R b - - 0 24,d6e5 h1h7 g7h7 d5f6 e5f6 d4f6,2091,79,88,377,advantage attraction deflection long middlegame xRayAttack,https://lichess.org/U3f2yjGj/black#48,
n1c9X,r4r2/ppq1npp1/2n1p1k1/3p2Nb/3P1bP1/1PP1B2P/P1QN1P2/2R2R1K b - - 2 17,g6g5 d2f3 g5h6 g4g5 f4g5 e3g5,2192,80,89,133,long mate mateIn3 middlegame xRayAttack,https://lichess.org/PjFIZNeH/black#34,Caro-Kann_Defense Caro-Kann_Defense_Other_variations
n2YBg,2r2rk1/Bp1q3p/3np1p1/P1N5/3b2P1/7P/1P2Q2K/4RR2 b - - 3 29,f8f1 c5d7 f1f2 e2f2 d4f2 a7f2,1992,79,93,3467,advantage hangingPiece long middlegame xRayAttack,https://lichess.org/kro6NiE1/black#58,
n4YmX,8/3r1pk1/p1q2p2/3PpP1B/5bPp/Q2R3P/1PP5/1K6 b - - 0 35,d7d5 a3e7 c6d7 e7d7 d5d7 d3d7,1943,78,77,62,crushing endgame long master masterVsMaster xRayAttack,https://lichess.org/xeMJkECV/black#70,
n4dOd,R4r1k/6pp/1q1p4/3Qprb1/1PB5/1P6/5PPP/5RK1 b - - 2 23,f5f2 d5g8 f8g8 a8g8,1964,81,93,2244,master mate mateIn2 middlegame sacrifice short xRayAttack,https://lichess.org/8ZG6JWyj/black#46,
n4kkx,6k1/p4p1p/2p3p1/P2p4/8/1qP2Q2/2r1rPPP/R1R3K1 b - - 4 26,b3c3 f3c3 c2c3 c1c3,1908,78,92,5763,crushing endgame short xRayAttack,https://lichess.org/utRfOxs9/black#52,
n57l3,7k/6r1/8/6n1/7Q/7P/P4pP1/4qR1K b - - 2 43,h8g8 f1e1 f2e1q h4e1,1912,80,67,63,crushing endgame short xRayAttack,https://lichess.org/h8goiSEW/black#86,
n5ptG,4rbk1/p5pp/1p3n2/3p1b2/3Q3P/2P1BPq1/PP2B1P1/3RK2R w K - 2 20,e3f2 g3g2 e1d2 f8c5 d1g1 g2f2 d4f2 c5f2,1960,78,92,815,advantage middlegame veryLong xRayAttack,https://lichess.org/95Bo58Ac#39,
n5qxb,6n1/1Q4pk/3qp1rp/2p2p2/7r/1P4RP/1B3PP1/4R1K1 b - - 4 35,h4b4 b7g7 g6g7 g3g7 h7h8 g7d7,2017,76,95,6582,advantage discoveredAttack discoveredCheck long middlegame sacrifice xRayAttack,https://lichess.org/UNMl3H0G/black#70,
n6pOa,2r3k1/1p1n2p1/p2Pbp1p/3p4/3P1PP1/3BR1NP/8/6K1 b - - 1 32,c8e8 d3g6 e6f7 e3e8 f7e8 g6e8,2028,74,86,185,crushing endgame long master xRayAttack,https://lichess.org/NRiqViAE/black#64,
n7S55,6k1/pr2q2p/Q1p1P1pP/1r1p1p2/8/2P1PP2/P1K5/1R5R b - - 2 27,e7c5 a6b7 b5b7 b1b7,2116,76,92,1406,crushing endgame short xRayAttack,https://lichess.org/bKO7ymHc/black#54,
n8n3M,4rr1k/p1q4p/1p1pb3/1P2pNQ1/2P1n3/8/PB4PP/3R1R1K w - - 1 26,g5g4 e6f5 f1f5 e4f2 f5f2 f8f2,2088,85,90,1739,crushing fork long master middlegame xRayAttack,https://lichess.org/BGnqWnZK#51,
n9KIb,4rr2/ppp2p2/3p1Qnk/3P4/1b5P/3Bq3/PP3p2/1K1R3R b - - 8 24,e3d3 d1d3 e8e1 d3d1 e1d1 h1d1,2008,75,87,126,advantage hangingPiece long middlegame xRayAttack,https://lichess.org/Eeqe17oM/black#48,
nAEub,5rk1/5pp1/1Q5p/P7/2pr4/2q3P1/5P1P/R2R2K1 b - - 1 27,f8d8 b6d8 d4d8 d1d8 g8h7 d8d1,2006,75,88,602,crushing defensiveMove endgame long xRayAttack,https://lichess.org/27YUDfji/black#54,
nAHtL,1k1r4/p3r3/1p4Qp/2p1P2P/5qP1/P7/1P1p3R/K2R4 w - - 2 35,g6f6 f4f6 e5f6 e7e1 h2d2 e1d1 d2d1 d8d1,1904,76,91,369,crushing endgame veryLong xRayAttack,https://lichess.org/y6mNZrKQ#69,
nDgDP,2r1r1k1/1p3pbp/p5p1/8/5n2/QP2R3/PB1q1PPP/R2N2K1 w - - 0 22,b2g7 d2e1 e3e1 e8e1,2140,77,87,132,kingsideAttack mate mateIn2 middlegame sacrifice short xRayAttack,https://lichess.org/2z3xKhck#43,
nECLO,R1r3k1/2pqbrp1/4p1Qp/1p1pP2N/1P1n4/8/3N1PPP/R5K1 b - - 3 27,d7e8 h5g7 f7g7 g6e8 c8e8 a8e8,2167,77,93,5157,advantage kingsideAttack long middlegame xRayAttack,https://lichess.org/O5BtZLVD/black#54,
nEik6,3q2k1/p1r1pr1p/3pRpbB/2pQ4/8/P1P4P/2P2PP1/4R1K1 w - - 6 22,d5d6 e7d6 e6e8 f7f8 e8f8 d8f8 h6f8 g8f8,2094,74,95,2008,advantage middlegame veryLong xRayAttack,https://lichess.org/4EDVxQ6I#43,
nG8cS,2kr3r/pp1b2p1/n1p2p2/7p/2q5/Q3B3/PP2PPPP/3RKB1R w K - 2 17,e3a7 a6b4 a3c3 b4c2 c3c2 c4c2,1909,78,93,6070,crushing long middlegame xRayAttack,https://lichess.org/uHsC9ehD#33,English_Opening English_Opening_Other_variations
nJ0Hl,4r2k/1b4pp/6q1/p1Q5/2B5/P7/1P2nB1P/R3R2K w - - 4 29,c4d5 g6e4 d5e4 b7e4,1904,77,92,2497,mate mateIn2 middlegame sacrifice short xRayAttack,https://lichess.org/Cs1t5xz5#57,
nLcOE,4k1r1/p1p5/3b4/2p4R/2P2P2/1P5P/P4Br1/3R3K w - - 1 33,d1d2 d6f4 f2e3 g2d2 e3d2 f4d2,1911,80,92,284,advantage endgame long xRayAttack,https://lichess.org/urvIkDrX#65,
nLqqs,r5r1/p4kpp/3q1p2/3p4/2n3Q1/2R1P3/PP3PPP/2KR4 b - - 4 29,d6e6 c3c4 d5c4 d1d7 e6d7 g4d7,1995,78,89,1237,advantage long middlegame sacrifice xRayAttack,https://lichess.org/051Wskio/black#58,
nNSKL,8/7p/Pb4p1/2pk1p2/7P/3KBPP1/8/8 b - - 0 38,c5c4 d3e2 d5c6 a6a7 b6a7 e3a7,1913,78,93,1181,advancedPawn bishopEndgame crushing defensiveMove endgame long xRayAttack,https://lichess.org/6tkTJzAi/black#76,
nO4xY,6k1/1p4p1/4P2p/3p1p2/1rr5/4R2P/5PP1/R5K1 b - - 0 40,c4e4 a1a8 g8h7 e6e7 e4e7 e3e7,1926,77,94,2076,advancedPawn advantage endgame long rookEndgame xRayAttack,https://lichess.org/XcM1jYyC/black#80,
nO84R,r2q1rk1/pp3pb1/2n2npp/2PN4/6bB/PP2PN2/5PPP/R2QKB1R b KQ - 0 12,g4f3 d5f6 g7f6 d1d8 f6d8 h4d8 f8d8 g2f3,2096,78,85,94,advantage discoveredAttack middlegame veryLong xRayAttack,https://lichess.org/tNH1VsRb/black#24,Grunfeld_Defense Grunfeld_Defense_Stockholm_Variation
nQt0B,8/7p/P1k1p1p1/4BpP1/2K2P2/4b2P/8/8 b - - 4 74,e3a7 e5d4 a7b6 a6a7 b6a7 d4a7,1927,76,93,2917,advancedPawn bishopEndgame crushing endgame long master xRayAttack,https://lichess.org/CdGnzlbG/black#148,
nSZY6,1r1k4/1b3Q2/p3p2r/2b1P1qp/1p5N/4P3/PPP3PP/2R2RK1 b - - 2 26,g5h4 c1d1 b7d5 d1d5 e6d5 f7d5,2166,83,91,506,advantage exposedKing long middlegame xRayAttack,https://lichess.org/0ME1zkpP/black#52,
nZztY,6k1/p2p1p1p/3N1pp1/3P4/4PP1P/P3R1Pn/1r5r/4RK2 w - - 10 30,e3e2 h2f2 e2f2 b2f2,2011,78,45,115,collinearMove endgame mate mateIn2 short xRayAttack,https://lichess.org/zQTdSdJM#59,
nfJkX,Q7/p4Bpk/8/2p1r3/1p6/1PbP3P/P1P2qPK/1R6 w - - 0 25,f7c4 c3d2 a8f3 d2f4 f3f4 f2f4,2137,130,54,14,crushing endgame long quietMove xRayAttack,https://lichess.org/gayGBibs#49,
nkFic,8/p1pk1p2/2pp1q2/4p3/4P1R1/2NPQ1K1/PPP2P2/7r w - - 5 26,e3g5 h1g1 g3h2 f6g5 g4g5 g1g5,2085,76,88,127,advantage endgame long xRayAttack,https://lichess.org/Cu16xsEu#51,
nkklB,5bk1/5p2/1p2pQ2/3p4/pP1PnN1N/P3P2P/5PPK/2q5 w - - 1 31,f6e5 f8d6 e5h5 d6f4 e3f4 c1f4,1917,75,88,337,crushing endgame long xRayAttack,https://lichess.org/Vow3Bgea#61,
nloDZ,6k1/4b1pp/p1Qp4/qp1Pp1B1/4P3/8/PP4PP/5K2 b - - 2 22,g8f7 c6d7 a5d8 d7d8 e7d8 g5d8,1941,75,95,11117,crushing endgame long pin xRayAttack,https://lichess.org/baMe9qMB/black#44,
nmSf8,6k1/5pp1/7p/3pP2q/1p1B2P1/2p2P2/rP4BP/r2RQ2K b - - 1 35,c3b2 g4h5 a1d1 e1d1 a2a1 d1a1 b2a1q d4a1,1958,78,93,8699,crushing hangingPiece middlegame veryLong xRayAttack,https://lichess.org/bZWy6MuT/black#70,
nnMf0,3r2k1/ppp2p2/7p/4n1p1/4R3/8/1PPK1Q1P/1q3B1R w - - 2 26,f1d3 d8d3 c2d3 b1d3 d2c1 d3e4,2054,76,94,2324,advantage fork long master middlegame xRayAttack,https://lichess.org/IRBlNFNU#51,
npGYw,3r2k1/5ppp/p5b1/1p1qN3/3P2P1/P6P/3Q4/4R1K1 b - - 0 29,d5d4 d2d4 d8d4 e5c6 d4e4 c6e7 e4e7 e1e7,1941,74,88,317,advantage endgame veryLong xRayAttack,https://lichess.org/WVs2POSR/black#58,
npfwY,2k4q/7r/p3pP2/2bp4/2p5/2P1B1N1/P2Q1p1P/R6K w - - 0 34,g3f1 h8f6 d2f2 f6f2 e3f2 c5f2,2165,78,87,83,advantage long middlegame xRayAttack,https://lichess.org/FG9FRd1J#67,
nqcru,5rk1/pp1nRrp1/2pqR2p/3p3N/P7/2Q5/1P3P1P/6K1 b - - 7 24,d6c5 c3g7 f7g7 e7g7 g8h8 e6h6,2002,75,96,1940,fork long mate mateIn3 middlegame sacrifice xRayAttack,https://lichess.org/taviqiPE/black#48,
nraY3,8/1p1q3k/3Pr2p/QnP1p1p1/5p2/8/5PPP/2BR2K1 w - - 0 39,a5b5 d7b5 d6d7 e6e8 d7e8r b5e8,2197,79,93,12351,advantage endgame hangingPiece long quietMove xRayAttack,https://lichess.org/9T96NXdi#77,
nsucI,8/5ppk/7p/2q5/3Qp3/1b2P1B1/r1N2PPP/2R3K1 b - - 8 34,a2c2 d4c5 c2c5 c1c5,1997,79,82,51,advantage endgame short xRayAttack,https://lichess.org/1zSpN81E/black#68,
nvYo6,4rr1k/6pp/p1R5/8/2B5/3Q4/PP2pqPP/5R1K w - - 0 26,d3e2 e8e2 f1f2 e2e1 c4f1 e1f1 f2f1 f8f1,2028,78,82,424,backRankMate mate mateIn4 middlegame veryLong xRayAttack,https://lichess.org/2oYwLVQ6#51,
nxfNU,3q2k1/pp4rp/1b6/1P1pNN2/3p4/P1r3P1/3Q3P/4R1K1 b - - 6 31,d8g5 f5h6 g5h6 d2h6,1994,75,88,166,crushing master middlegame short xRayAttack,https://lichess.org/IkFeSyHH/black#62,
nzVYP,3q2k1/p2r1pp1/5p1r/8/3PP3/5PRp/P2Q1P1P/R6K b - - 2 24,d7d4 d2h6 d4d1 g3g1 d1g1 a1g1,1994,77,88,137,crushing endgame long pin xRayAttack,https://lichess.org/xBhW8w1j/black#48,
o0iYB,4r3/p4kbQ/6pR/2p1qpP1/2Ppr3/1P1K4/P2B4/5R2 b - - 8 35,e5e6 h6g6 e6g6 f1f5 g6f5 h7f5,1960,78,93,1066,advantage long middlegame sacrifice xRayAttack,https://lichess.org/btbPAgyC/black#70,
o4c8f,5q1k/4b1Rp/4Q2N/n2pP3/p2P1r2/Pr6/7P/6RK b - - 0 32,f8g7 e6g8 g7g8 g1g8,1917,81,89,903,master masterVsMaster mate mateIn2 middlegame short xRayAttack,https://lichess.org/Y9XpMGTZ/black#64,
o5AxI,8/1p6/p4P2/3p3p/P1k1p3/2r4P/6K1/R7 b - - 0 43,c3f3 a1f1 c4c5 f6f7 f3f7 f1f7,2074,76,88,198,advancedPawn advantage endgame long rookEndgame xRayAttack,https://lichess.org/BaWNfZSt/black#86,
o7qb3,2r2rk1/1b3p1p/pq3b2/1p1ppN2/1P6/8/P1PQ2PP/3R1R1K b - - 0 23,f6g7 d2g5 b6f6 f5e7 f6e7 g5e7,1982,79,93,413,advantage fork long middlegame xRayAttack,https://lichess.org/BjmsLpP6/black#46,
o8icR,2rq1rk1/3bp1bp/p2p1np1/6B1/3NP1P1/1P3P2/PK5Q/3R3R b - - 0 19,f6g4 h2h7 g8f7 f3g4 f8h8 h1f1 d7f5 f1f5 g6f5 h7f5,2098,112,91,45,advantage intermezzo kingsideAttack middlegame veryLong xRayAttack,https://lichess.org/IJ7dkfrZ/black#38,
o9bKE,2bqrk2/Rr4b1/3p3N/1p1Pp1nQ/4Np2/2PpB3/1P3PK1/7R b - - 3 33,g5e4 h5f7 b7f7 a7f7,2002,78,95,8870,mate mateIn2 middlegame sacrifice short xRayAttack,https://lichess.org/f9WUp8ZX/black#66,
oD6ZN,1n4r1/1q3pk1/1p2p1p1/1B4Np/1BQ5/1P2PP1P/r7/6K1 b - - 5 22,b7d5 b4c3 f7f6 g5e6 d5e6 c4e6,1989,76,94,6359,crushing deflection long middlegame xRayAttack,https://lichess.org/60RN7qK7/black#44,
oDZeZ,6k1/1p2Qppp/p1qr4/2p5/3n1N2/1P3P2/P5PP/3R2K1 b - - 1 27,d4f5 e7d8 d6d8 d1d8 c6e8 d8e8,1918,76,95,3283,backRankMate endgame long mate mateIn3 sacrifice xRayAttack,https://lichess.org/X0XdVItw/black#54,
oEtV7,4r1k1/7p/2b3p1/r4p1P/p2p2Q1/3B1PK1/2Pq2P1/R6R w - - 0 28,g4d4 f5f4 d4f4 a5g5 f4g5 d2g5,1901,76,95,4677,clearance crushing long middlegame xRayAttack,https://lichess.org/ehKr1roW#55,
oHFS5,6k1/3q2rp/p1p2R1p/2br4/8/1Q6/6PP/4R2K b - - 2 49,g7e7 b3g3 d5g5 g3b8 d7e8 b8e8 e7e8 e1e8,1901,81,91,596,advantage middlegame veryLong xRayAttack,https://lichess.org/6hTj64tJ/black#98,
oLXAc,2k5/p1r5/2p2p1b/N1Pp3p/Pn1N2pP/4r1P1/4R1P1/4R1K1 b - - 1 30,c7e7 d4f5 e3e2 f5e7 e2e7 e1e7,2035,77,92,1688,advantage exposedKing fork long middlegame xRayAttack,https://lichess.org/9Y6kz6Gr/black#60,
oM2tC,3r3k/1b3qp1/1Q5p/8/p4PBP/3p2P1/P2R3K/8 b - - 3 35,f7d5 g4f3 d8d6 b6b7 d5b7 f3b7,2094,81,87,76,crushing endgame long master xRayAttack,https://lichess.org/lCBvi6h7/black#70,
oNM7W,3q2k1/pp2r1p1/4P3/8/2P2Q2/1P1pR1K1/P6P/8 w - - 1 31,f4e4 d3d2 e3d3 d2d1q d3d1 d8d1,1914,78,92,1473,advancedPawn crushing endgame long promotion xRayAttack,https://lichess.org/iIWeTEjW#61,
oTYyF,r4rk1/pp2q1pp/8/3pNb1Q/2pPn3/2P1PP2/P1B5/R3K2R b KQ - 0 21,e4g3 h5h7 f5h7 c2h7 g8h8 e5g6,1905,75,90,1937,kingsideAttack long mate mateIn3 middlegame sacrifice xRayAttack,https://lichess.org/7XkVQawS/black#42,
oTw3X,5rk1/7p/5qpQ/pp2p3/4B3/PP4P1/5b1P/5R1K b - - 0 37,f2e3 e4d5 g8h8 h6f8 f6f8 f1f8,1944,76,90,690,crushing deflection endgame long master xRayAttack,https://lichess.org/VdBPiIFi/black#74,
oUG0d,5r1k/1bpp1Pp1/p6p/5R2/2pB2q1/2P5/PPB1rQPP/R5K1 w - - 1 26,d4g7 h8g7 f5f4 g4g2 f2g2 e2g2,1920,75,95,4375,crushing hangingPiece kingsideAttack long middlegame xRayAttack,https://lichess.org/dPu0Xqeb#51,
oWPcj,3r1k2/p4pp1/2p3b1/4Q3/N3n2q/4BB2/PP1bPP2/R4K2 w - - 5 21,e5f4 h4f4 e3f4 d2f4,1997,77,91,378,advantage middlegame short xRayAttack,https://lichess.org/nx9BoTyD#41,
oWuID,1r4k1/rP3ppp/4pb2/2Pq4/2pP1Q2/p4N2/5PPP/1R2R1K1 b - - 4 28,a7b7 f4b8 b7b8 b1b8 f6d8 c5c6,2112,76,94,780,advantage long middlegame xRayAttack,https://lichess.org/Izd7Np0F/black#56,
oYdGg,4R3/4rp1R/2p1k3/4PP2/1p6/1pr3P1/P5K1/8 b - - 0 39,e6d7 e5e6 e7e6 e8e6,2188,90,91,74,crushing endgame pin rookEndgame short xRayAttack,https://lichess.org/pPlXjFIA/black#78,
oabwv,6rk/p4p1p/1n2q3/1Rp2RP1/3b1B2/3P2QK/7P/8 w - - 2 30,f4e5 f7f6 e5f6 d4f6,2149,76,93,1058,advantage defensiveMove middlegame pin short xRayAttack,https://lichess.org/TBJgJOzc#59,
odro1,3r2k1/1R1P1p1p/1pQ2npP/2p2q2/5P2/2P3P1/5BK1/8 w - - 1 39,c6c8 d8c8 d7c8r f5c8,1965,77,87,99,advantage endgame master short xRayAttack,https://lichess.org/ghhX9gIe#77,
ofB0H,3bk1nr/1p5p/p3Qpp1/1q6/4P3/6B1/PP3PPP/R5K1 b k - 1 23,d8e7 a1c1 b5d7 c1c8 d7c8 e6c8,2059,80,92,1197,crushing exposedKing long middlegame quietMove xRayAttack,https://lichess.org/PALoFKGm/black#46,
ohC2y,7k/ppNbp2r/2n2q2/5p2/3Pp2P/2P1Q3/PP3Pr1/2KR3R b - - 1 22,h7h4 c7d5 f6h6 e3h6 h4h6 h1h6,1971,75,81,248,advantage exposedKing kingsideAttack long middlegame xRayAttack,https://lichess.org/8knewF0m/black#44,
okCud,8/8/B1pkp3/5pq1/3P2nR/4P3/r2KQPP1/7R w - - 1 38,d2d3 g4f2 e2f2 a2f2,2012,78,90,982,crushing fork middlegame short xRayAttack,https://lichess.org/DVCUTdwj#75,
omwOC,7k/1p1P1pp1/2p4p/p7/P7/7P/2qNrPP1/1R3RK1 b - - 0 30,c2d2 b1d1 h8h7 d7d8q d2d8 d1d8,1980,77,87,242,advancedPawn advantage endgame long promotion queenRookEndgame xRayAttack,https://lichess.org/INont9EH/black#60,
op4L7,8/1p1r1pkp/p3rR1p/3p1R2/3P2PK/2P5/PP4P1/8 w - - 9 29,g4g5 h6g5 h4g5 h7h6 f6h6 e6h6,2012,75,85,71,advantage attraction endgame long rookEndgame xRayAttack,https://lichess.org/3XyG9Ugf#57,
opsSW,7r/pp6/5pk1/6p1/1P1Q4/P7/3p3R/5qRK b - - 2 42,d2d1q d4d1 f1d1 g1d1,1924,84,46,60,advantage endgame short xRayAttack,https://lichess.org/EOtbTcYV/black#84,
os3KN,6k1/3r1p1p/1QBn2p1/p1B1qb2/8/6P1/P6P/3R2K1 b - - 0 35,d6c4 b6d8 d7d8 d1d8 g8g7 c5d4,2018,78,92,3501,advantage long middlegame pin sacrifice xRayAttack,https://lichess.org/7smP1BJz/black#70,
otreW,r4rk1/1pp5/p2p3p/P2PnRp1/1PPQP3/6P1/4q2P/B4R1K w - - 3 32,f5f2 e2f1 f2f1 f8f1,2111,76,90,1649,advantage kingsideAttack middlegame short xRayAttack,https://lichess.org/JnqSZe8h#63,
ouWYd,8/p7/kp1NQ3/8/PB1P3P/5Pp1/2q3P1/2r1R1K1 w - - 11 43,h4h5 c2f2 g1h1 f2f1 e1f1 c1f1,2098,76,95,214,endgame long mate mateIn3 sacrifice xRayAttack,https://lichess.org/B4J8z7K3#85,
oyIvc,4r1k1/p3P2r/1pQ2p2/2p2Ppp/P1Pp2Pq/3P4/4R2P/4R1K1 b - - 1 28,h4g4 e2g2 h7e7 c6e8 e7e8 e1e8 g8f7 g2g4,2046,75,94,1529,crushing defensiveMove endgame exposedKing kingsideAttack veryLong xRayAttack,https://lichess.org/ycfiqHld/black#56,
ozeQM,1r2n2k/4p1bP/r2pp3/1q4P1/p3P3/2B1QP2/NPP5/1K1R3R w - - 1 28,b1a1 b5b2 c3b2 g7b2 a1b1 b2d4 e3b3 a4b3,2041,77,83,427,crushing discoveredAttack discoveredCheck middlegame sacrifice veryLong xRayAttack,https://lichess.org/xCIDdAFs#55,
p1F72,2r2rk1/5pp1/p7/2p2Pb1/1pN3P1/1PqP4/P1P4Q/1K5R b - - 1 27,f7f6 h2h8 g8f7 c4d6 f7e7 d6c8 f8c8 h8c8,2019,80,88,149,crushing fork middlegame veryLong xRayAttack,https://lichess.org/TpzeQrcs/black#54,
p1zsL,5k2/5pbQ/5p1p/p3rR2/P1PpB3/3P2P1/2q3KP/8 w - - 14 40,g2h3 e5e4 d3e4 c2e4 c4c5 d4d3,2105,77,90,1202,crushing endgame long master xRayAttack,https://lichess.org/zaI6oMXE#79,
p3LxM,4R3/2prr3/1pQk1p2/pP1P2p1/P2pPq2/1K6/8/4R3 b - - 9 53,d6e5 c6e6 e7e6 e8e6,2020,75,96,2956,clearance endgame mate mateIn2 sacrifice short xRayAttack,https://lichess.org/T9ytM47C/black#106,
p3OJw,5rk1/1r3ppp/ppN1p1q1/2n5/P1P5/1R2PP2/4Q1PP/1R4K1 w - - 2 25,b3b6 g6b1 b6b1 b7b1 g1f2 b1b2 e2b2 c5d3 f2e2 d3b2,1928,75,86,501,attraction crushing fork middlegame pin sacrifice veryLong xRayAttack,https://lichess.org/bDBnqrCY#49,
p3Sgl,4r1k1/2p3p1/1p1p1pQ1/p2P1Pp1/2P2RR1/2PB2K1/P5P1/4r1q1 w - - 0 31,f4e4 e1e3 e4e3 e8e3,1943,79,72,297,collinearMove epauletteMate fork killBoxMate mate mateIn2 middlegame short xRayAttack,https://lichess.org/VnRvWXWH#61,
p9yR8,2r2rk1/1p3p2/p2Q1Pp1/3Pp2p/4Pb1P/3B4/Pq4P1/3R1R1K b - - 0 27,b2a2 f1f4 e5f4 d6f4 g8h7 e4e5,2041,75,86,333,advantage defensiveMove long middlegame xRayAttack,https://lichess.org/DHYyAXCE/black#54,
pCCTC,3r2k1/4Qpbp/p5p1/4Pb1P/5P2/2Pr4/PPqN3R/3RK3 b - - 0 29,d3d2 e7d8 d2d8 d1d8 g7f8 h2c2,1930,76,95,3239,advantage long middlegame xRayAttack,https://lichess.org/oZbTRS6i/black#58,
pCSNW,8/p7/1pN2nkp/3p1pp1/2pPq3/2P3PP/P1P1Q1P1/5K2 b - - 2 31,f6h5 c6e5 e4e5 e2e5,2086,81,91,234,crushing endgame short xRayAttack,https://lichess.org/lTkxqbLC/black#62,
pCb4Z,4rr1R/2p3p1/1p1p1kQ1/5Pp1/p7/P7/1PP1qP2/1K6 b - - 5 31,f6e5 g6e8 f8e8 h8e8 e5f5 e8e2,2156,85,90,1764,advantage endgame long skewer xRayAttack,https://lichess.org/YPErM45h/black#62,
pClEt,4rr1k/2q1b3/p1p1Qnpp/4p2b/4P3/1BN3B1/PPPR2PP/4R1K1 w - - 0 26,g3e5 e7c5 g1h1 c7e5 e6e5 e8e5,1913,81,92,1340,advantage intermezzo long middlegame xRayAttack,https://lichess.org/9COUvkTT#51,
pDAoP,r3kb1r/pppn1ppp/3qp3/1B1N4/6b1/5N2/PPP2PPP/R1BQ1RK1 b kq - 0 10,d6d5 b5d7 d5d7 d1d7 e8d7 f3e5 d7e8 e5g4,1972,76,95,2865,advantage attraction fork opening veryLong xRayAttack,https://lichess.org/ok4lYfI8/black#20,Blackmar-Diemer_Gambit Blackmar-Diemer_Gambit_Other_variations
pEf0y,8/b7/P7/5kBp/7P/8/5p2/5K2 b - - 3 64,f5e6 g5f4 e6d5 f4g3 a7b6 g3f2 d5c6 a6a7 b6a7 f2a7,2152,74,94,6111,advancedPawn bishopEndgame crushing endgame quietMove veryLong xRayAttack,https://lichess.org/VC9Jd60v/black#128,
pFS8Y,3r3k/3r2p1/1Qp1q2p/1p1b4/1P1Rp3/2P1B2P/5PP1/R6K b - - 1 42,d5c4 b6d8 d7d8 d4d8,1955,74,88,222,advantage kingsideAttack middlegame short xRayAttack,https://lichess.org/nV4ITqLK/black#84,
pGYSF,6k1/2r2pp1/4q2p/p1p2R2/P1Q3P1/1P6/1KP5/8 w - - 1 40,f5c5 e6c4 c5c4 c7c4,2070,78,90,119,crushing endgame short xRayAttack,https://lichess.org/J5qpufMW#79,
pGkFi,2k5/2p3p1/1p6/pP1rp1r1/P1Nn4/3P2Pp/2P1R2P/4RK2 w - - 5 36,e2e5 g5f5 e5f5 d5f5 f1g1 d4f3,2004,75,95,9488,collinearMove crushing endgame exposedKing long xRayAttack,https://lichess.org/OjgOYDIn#71,
pJAO8,8/6pk/1P5p/4Qp2/4pP2/8/3q1KPP/8 w - - 2 40,f2g3 d2e3 g3h4 g7g5 f4g5 e3g5 h4h3 g5g4,2183,76,92,1147,endgame mate mateIn4 queenEndgame veryLong xRayAttack,https://lichess.org/unTouT8h#79,
pJzJj,r1b2rk1/pp1q2pp/n1p5/5nQ1/4N3/PP1PN2P/2P2PP1/R4RK1 b - - 2 28,f5e3 f2e3 f8f5 e4f6 f5f6 f1f6,2142,76,94,1305,advantage long middlegame pin xRayAttack,https://lichess.org/X6nofCrm/black#56,
pLSlr,r4r1k/1pn2p1p/2p1p3/3pb1q1/p5R1/1P2PQ2/PBPN1K1P/R7 b - - 1 20,g5h5 f3f6 e5f6 b2f6,2042,80,66,192,kingsideAttack mate mateIn2 middlegame morphysMate sacrifice short xRayAttack,https://lichess.org/NjhE9B35/black#40,
pNaUa,8/4kp2/2P1p1p1/6Pp/rr1P1n1P/p4B2/8/K1RR4 b - - 0 37,b4c4 c6c7 e7d7 f3c6 c4c6 c1c6,2042,75,86,398,advancedPawn advantage endgame fork long xRayAttack,https://lichess.org/JssTAWxN/black#74,
pOArU,3r4/Bk4pp/1p1b1p2/1P1Rp3/8/2r3PP/PK3P2/3R4 b - - 1 24,c3c5 d5c5 b6c5 a7c5 d6e7 d1d8,2017,75,89,418,advantage endgame long xRayAttack,https://lichess.org/Hv24eiok/black#48,
pOfIz,Q1kr3r/1p2qp2/p1p1b2p/8/4B3/6B1/1P3PP1/2R2K2 b - - 1 33,c8d7 e4c6 b7c6 a8c6,2185,79,83,386,mate mateIn2 middlegame short xRayAttack,https://lichess.org/QPjjXtZe/black#66,
pOwDZ,r5k1/1pb3pp/p3p1r1/3p3q/3Q4/P1B5/1P1K1P2/R5R1 b - - 3 25,a8f8 d4g7 g6g7 g1g7 g8h8 g7g5,1916,74,90,127,advantage discoveredAttack discoveredCheck fork long middlegame sacrifice xRayAttack,https://lichess.org/x8eC4yDC/black#50,
pPD5Y,5k1r/p4r2/1p1PR1p1/2p3q1/4Q1P1/8/P3R1K1/8 b - - 3 55,h8h4 e6g6 h4g4 e4g4 g5g4 g6g4,2017,75,87,149,crushing endgame long master xRayAttack,https://lichess.org/IFeur4Xv/black#110,
pST1N,8/1k6/1p6/1Pp5/K1R5/P7/8/1r6 w - c6 0 53,b5c6 b7a6 c4b4 b6b5 b4b5 b1b5 c6c7 b5c5,2062,77,86,95,crushing defensiveMove endgame rookEndgame veryLong xRayAttack,https://lichess.org/JjGfa9Ds#105,
pTZgy,5k1r/1pq1n1p1/3pBpp1/pQ1Pn3/2r4P/4B1P1/PPP5/2K1R2R w - - 4 27,e1e2 c4b4 e3b6 c7b6 b5b6 b4b6,2189,81,91,780,crushing long middlegame xRayAttack,https://lichess.org/EVO61v6z#53,
pY2KL,r2qk2r/1b1p1ppp/1pn1pn2/1Nb5/1PP5/6P1/3BPPBP/R2QK1NR b KQkq - 0 11,c6b4 a1a8 b7a8 g2a8,2035,75,97,2574,advantage opening pin short xRayAttack,https://lichess.org/r1eGrJh6/black#22,Nimzo-Indian_Defense Nimzo-Indian_Defense_Other_variations
pYnCQ,1k2r3/pppn1q2/3b2p1/8/2P3Q1/6P1/P2B1P1P/3R1RK1 w - - 5 25,d2b4 d7e5 g4f4 e5f3 f4f3 f7f3,2192,79,90,249,advantage long middlegame xRayAttack,https://lichess.org/vlgz2HVZ#49,
pZ2nu,r3rb2/1bq3k1/p4n2/1Pp1p1N1/8/6P1/1PP1Q1BP/R4RK1 b - - 0 24,a6b5 a1a8 b7a8 g2a8,1944,74,92,823,advantage master middlegame short xRayAttack,https://lichess.org/r5Xwd4GL/black#48,
pZSER,4r3/pp3Qpk/2p4p/3pP3/4n2P/1P2q3/P4RP1/5R1K w - - 3 30,f7f5 h7h8 f2f3 e4g3 f3g3 e3g3,1925,75,92,1283,crushing defensiveMove endgame fork long xRayAttack,https://lichess.org/ZpHxc7IZ#59,
pcbIz,8/1Qp1kp2/pbp3bp/3p4/4P1n1/3P2PN/P1qBN2P/R4R1K w - - 0 25,a1d1 g6e4 d3e4 c2e4 f1f3 e4f3,2082,78,91,1413,fork long mate mateIn3 middlegame xRayAttack,https://lichess.org/cJjWpwgT#49,
pefme,r4rk1/5pp1/3p3B/3qbR2/p5Q1/8/5PPP/2R3K1 b - - 3 30,a4a3 h6g7 d5d4 g4d4 e5d4 g7d4,2147,77,87,366,advantage long middlegame xRayAttack,https://lichess.org/UfcBXePn/black#60,
pgS6u,3r2k1/p6p/4N3/4Q3/2Ppb1q1/P5P1/5P1P/3R2K1 w - - 7 37,d1d4 g4d1 d4d1 d8d1,1921,76,96,3693,endgame mate mateIn2 pillsburysMate sacrifice short xRayAttack,https://lichess.org/38zlIZ9c#73,
psLW0,3Q4/1p3ppk/p2P3p/8/2p5/2Pb1B2/6PK/4q3 b - - 4 53,e1e6 d8e7 d3f5 f3e4 e6e4 e7e4 f5e4 d6d7,1907,195,82,15,advancedPawn advantage endgame sacrifice veryLong xRayAttack,https://lichess.org/9wYCj3bV/black#106,
psnAR,4rbk1/5ppp/p1r2q2/1p1Np3/4P3/P7/1P3PPP/2RQR1K1 b - - 1 22,f6e6 d5c7 c6c7 c1c7,1942,74,95,11600,crushing fork master middlegame short xRayAttack,https://lichess.org/hb8jPZlW/black#44,
puBPW,r2k1r2/pp1q2b1/n1p1Rn2/3p1QBp/3P3P/2N2P2/PPP3P1/R5K1 w - - 3 19,g5f6 g7f6 e6f6 d7f5 f6f5 f8f5,1903,79,92,2629,advantage long middlegame xRayAttack,https://lichess.org/JqF4dSjn#37,
pvYVZ,3r1r1k/2p3bp/p5p1/2P1p3/2Q1p1q1/1P2P1P1/PB1R1P1P/2R3K1 w - - 4 23,c1d1 g4d1 d2d1 d8d1 g1g2 d1d2,2031,76,94,2472,advantage kingsideAttack long middlegame xRayAttack,https://lichess.org/7RGRZJcb#45,
pwuJv,1Rr3k1/1Q3pbp/5np1/2r5/8/1Bq4P/6P1/1R5K b - - 1 32,f6h5 b7f7 g8h8 f7g8 c8g8 b8g8,1962,87,53,70,long mate mateIn3 middlegame sacrifice xRayAttack,https://lichess.org/yNPAoXOY/black#64,
pyA6s,r3k2r/1p1b1pbp/pqn4p/1B1pP3/Q2p4/5N2/PP1N1PPP/R4RK1 w kq - 0 13,f3d4 b6d4 b5c6 d4a4 c6a4 d7a4,1936,75,85,320,advantage long middlegame xRayAttack,https://lichess.org/rJhr0HQB#25,French_Defense French_Defense_Knight_Variation
q2mlV,r6k/4Np1n/p2Q1n2/5q2/2p5/8/PPP2PKP/R4R2 w - - 1 23,g2h1 f5f3 h1g1 h7g5 d6g3 g5h3 g3h3 f3h3,1924,79,93,1422,crushing middlegame quietMove veryLong xRayAttack,https://lichess.org/WZIA6pUI#45,
q2ri4,1r2r1k1/1p4p1/2p4p/q2p4/4p3/1B4Q1/P1P3PP/1R2R1K1 w - - 0 29,e1e4 a5a7 g3e3 a7e3 e4e3 e8e3,2054,76,91,1659,crushing long middlegame xRayAttack,https://lichess.org/7QC7NFxP#57,
q5r7V,2r5/2q5/k2b4/p7/1P1P4/7P/3Q1PP1/R5K1 b - - 0 44,d6b4 d2b4 c7c1 b4e1 c1e1 a1e1,2097,78,90,110,advantage endgame long pin xRayAttack,https://lichess.org/kEFBvslo/black#88,
q67v3,8/1q2b3/3p3k/2pbp1p1/4BpP1/1PQ2P1p/r2N1B1P/6RK w - - 3 34,c3d3 a2d2 e4d5 b7d5 d3d5 d2d5,2072,75,86,510,crushing long middlegame xRayAttack,https://lichess.org/r4rF8hiN#67,
q8erj,r1b5/1p5k/p1pp1q1p/7Q/PPPbBrp1/3P2N1/5P1P/1R3RK1 b - - 3 26,h7g7 h5e8 f6f7 g3h5 f7h5 e8h5,2090,79,91,385,crushing fork long middlegame xRayAttack,https://lichess.org/LO2KY8FQ/black#52,
qAOg0,8/3P2pk/1p5p/2p2r2/P1Pn3Q/1q6/4R1PP/3R2K1 w - - 3 44,d7d8q b3d1 e2e1 d4e2 g1h1 f5f1 e1f1 d1f1,1959,78,91,543,fork hangingPiece mate mateIn4 middlegame veryLong xRayAttack,https://lichess.org/dLJwPdop#87,
qBixK,8/p2kNp2/3r2q1/8/2P5/3Q4/PP6/1K1R2B1 w - - 1 41,d1d2 g6g1 d2d1 g1d1 d3d1 d6d1,2118,79,89,215,advantage endgame hangingPiece long xRayAttack,https://lichess.org/qu0HtpLC#81,
qC63k,4r1k1/p4pp1/7p/2ppQN2/6P1/2P2n1P/PP3P2/4R1K1 w - - 1 26,g1g2 f3e1 e5e1 e8e1,1990,76,93,1759,advantage endgame short xRayAttack,https://lichess.org/j4BdQ6aD#51,
qFvT7,r3r1k1/p4ppp/1pn2q2/2pQ4/8/P3B1P1/1PP2PP1/2KRR3 b - - 2 21,a8d8 e3g5 e8e1 d1e1 g8f8 d5d8 f6d8 g5d8,2184,81,90,1384,advantage middlegame veryLong xRayAttack,https://lichess.org/LdJOVoUg/black#42,
qHbOo,5r1k/p5pp/Bp6/5P2/2QP4/P4Pqn/7R/2B1rR1K w - - 3 32,f5f6 g3g1 f1g1 e1g1,2102,77,93,8357,mate mateIn2 middlegame sacrifice short xRayAttack,https://lichess.org/UTa5J0KY#63,
qHxy4,r5k1/p3b3/bpp1pP2/3p2qp/3P2p1/P3P3/1PQ3BR/2R3K1 w - - 1 29,c2c6 g5e3 g1h1 a8c8 f6e7 e3c1 c6c1 c8c1,2150,78,95,1047,crushing exposedKing middlegame veryLong xRayAttack,https://lichess.org/cRu5mjjP#57,
qJjDZ,2R5/5rpk/3Pn1p1/3p1q1p/p2Q4/2P3BP/P5P1/7K w - - 7 30,d4e5 f5b1 e5e1 f7f1 e1f1 b1f1,1953,79,91,190,clearance crushing endgame fork long xRayAttack,https://lichess.org/6BMbAc0P#59,
qQsQH,2r2rk1/3b2pp/8/1pqp1p2/3NnB2/P2BQ2P/2P2PP1/4R1K1 b - - 3 24,c5a3 d3e4 a3e3 e4d5 d7e6 d5e6 e3e6 e1e6,2125,75,87,97,advantage fork middlegame sacrifice veryLong xRayAttack,https://lichess.org/HYen0N48/black#48,
qRBeB,8/1P2p1k1/5rpp/8/3P4/P3P1Pq/3Q1P2/6K1 b - - 0 38,f6b6 d2b4 h3e6 b7b8q b6b8 b4b8,1976,78,91,1195,advancedPawn advantage endgame long promotion xRayAttack,https://lichess.org/iXU9jtM0/black#76,
qTFFK,5r1k/1p5p/5q2/p1p1Nb2/PnBr1P2/1P3PR1/4Q2P/6K1 b - - 2 36,d4f4 e5f7 f8f7 e2e8 f7f8 g3g8 f8g8 e8g8,1986,78,91,168,clearance mate mateIn4 middlegame sacrifice veryLong xRayAttack,https://lichess.org/q4KWGDkf/black#72,
qV2en,1nr3k1/R2b1pp1/4p2p/2Q1P3/3P4/3B1N1P/1q3PP1/6K1 w - - 3 29,a7d7 b2c1 c5c1 c8c1 g1h2 b8d7,1947,73,94,12954,advantage long middlegame xRayAttack,https://lichess.org/CAds3Vfg#57,
qW7RF,r1b3k1/pp5p/6p1/3qP3/3r2P1/2Q4P/PP6/2R2RK1 b - - 0 26,d5e5 c1e1 d4e4 c3e5 e4e5 e1e5,1997,287,76,4,advantage long master middlegame xRayAttack,https://lichess.org/qwQDCuw6/black#52,
qZTid,2r4k/1p4pp/3N3q/4n3/2b1P3/5PQ1/P3B1PP/2R4K w - - 1 29,c1c4 h6c1 c4c1 c8c1 e2d1 c1d1 g3e1 d1e1,2020,76,95,3788,backRankMate mate mateIn4 middlegame sacrifice veryLong xRayAttack,https://lichess.org/MvDT4vEX#57,
qaU5j,2r2kbQ/ppq3p1/5pB1/4r3/5R2/2P1n2P/P5P1/2R1B1K1 b - - 0 29,e5g5 f4f6 g7f6 h8f6 g8f7 f6g5,1929,76,95,14728,advantage fork long middlegame pin sacrifice xRayAttack,https://lichess.org/elk8yI09/black#58,
qbdkU,4r3/4rp1k/p2p1Pp1/1p4Rp/2nPP2Q/8/P3R2P/2q2BK1 b - - 0 32,e7e4 g5h5 g6h5 h4h5 c1h6 h5f7 h7h8 f7e8 e4e8 e2e8 h8h7 f1d3 h6g6 d3g6,2159,79,97,70,advantage master middlegame sacrifice veryLong xRayAttack,https://lichess.org/MuXOJSlC/black#64,
qbfmK,5rk1/5p1p/2pp2p1/p7/3nP1P1/1B1P2QP/PpP2R2/2q2RK1 w - - 2 24,b3f7 f8f7 g3d6 c1f1 f2f1 f7f1 g1f1 b2b1q,2144,82,94,60,advancedPawn advantage attraction exposedKing kingsideAttack middlegame promotion veryLong xRayAttack,https://lichess.org/P9f2WkAH#47,
qc0B9,2r2r2/1p2kp1R/2pp1Qn1/p3p3/4P1N1/3PP2P/q5P1/6K1 b - - 3 27,e7e8 f6d6 a2e6 g4f6 e6f6 d6f6,1964,185,100,27,advantage long middlegame xRayAttack,https://lichess.org/gZu3b5Hu/black#54,
qd1AA,r1b2rk1/ppp4p/1q4p1/6b1/5pP1/1P1BpP1Q/PB4KP/R2R4 b - - 3 24,c8d7 d3c4 d7e6 d1d7 f8f7 d7f7 e6f7 c4f7 g8f7 h3h7,2080,168,76,17,advantage attraction clearance kingsideAttack middlegame pin veryLong xRayAttack,https://lichess.org/PDnjIryl/black#48,
qe0GJ,3r4/pp4kp/1b2qpp1/4P3/3nN2Q/2B3P1/1P4KP/4R3 b - - 0 28,e6e5 e4f6 e5f6 e1e7 f6e7 h4e7,1951,74,94,10786,advantage long middlegame sacrifice xRayAttack,https://lichess.org/cf2IIxQ7/black#56,
qhFZ8,2r3k1/2B1bpp1/p3p3/1r5p/N3n3/P5P1/4PP1P/R1R3K1 w - - 0 25,a4c3 e4c3 c1c3 e7f6 c7e5 c8c3 e5c3 f6c3,2138,76,93,5895,attraction crushing middlegame veryLong xRayAttack,https://lichess.org/btEA9z53#49,
qhgTC,7r/Q4ppp/2p1bk2/4P3/4n3/1Bq1B3/P1P3PP/3r1RK1 b - - 0 23,f6g6 a7f7 e6f7 b3f7,2081,75,95,10869,master masterVsMaster mate mateIn2 middlegame morphysMate sacrifice short xRayAttack,https://lichess.org/K8mz27jY/black#46,
qjCLR,1k5r/1p1q1p2/2p5/2Brp1pp/PQ1n4/8/1P3PPP/2RR1K2 b - - 1 29,d4e6 c5d6 d7d6 b4d6 d5d6 d1d6,2065,82,91,2241,advantage long master middlegame queensideAttack xRayAttack,https://lichess.org/75lIV4fK/black#58,
qn7sS,8/2b5/P7/3k1pBp/7P/3K4/8/8 b - - 0 43,c7b6 g5e3 d5c6 a6a7 b6a7 e3a7,2038,75,85,332,advancedPawn bishopEndgame crushing endgame long master xRayAttack,https://lichess.org/Oe6MEguj/black#86,
qnPfN,rn3rk1/1b3ppp/1p2p3/p3N3/P2Pq1n1/1B2PNP1/2P2P1P/R2Q1RK1 w - - 6 16,d1d3 g4e5 d3e4 e5f3 e4f3 b7f3,1970,76,98,566,advantage kingsideAttack long middlegame sacrifice xRayAttack,https://lichess.org/1A0kPZwt#31,Benoni_Defense Benoni_Defense_Old_Benoni
qnWVB,r4rk1/2q2ppp/p1n1p3/1p3b2/3P4/1Q2P3/PP1N1PPP/R3KB1R w KQ - 1 15,f1d3 c6a5 b3c2 c7c2 d3c2 f5c2,1969,75,89,798,crushing long middlegame xRayAttack,https://lichess.org/hm42ljwO#29,Slav_Defense Slav_Defense_Three_Knights_Variation
qoHFT,4k3/8/4P2p/pp1K1PpP/6P1/b1Bp4/P7/8 w - - 1 49,f5f6 a3b4 f6f7 e8f8 d5d4 d3d2 c3d2 b4d2,2038,162,48,16,advancedPawn bishopEndgame crushing defensiveMove endgame master veryLong xRayAttack,https://lichess.org/KErJHUqv#97,
qpy9r,3r3r/Q1pkbp1p/2pp4/8/1P1Pb3/P3P3/3B2pN/2R3K1 w - - 4 24,b4b5 d8a8 a7b7 h8b8 b5c6 d7d8 d2a5 b8b7 c6b7 e4b7,2169,97,100,71,clearance defensiveMove equality middlegame trappedPiece veryLong xRayAttack,https://lichess.org/GpjtagEy#47,
qrvuh,2k2r2/1r1p4/p2qPp2/1ppP4/8/5QP1/PPP4P/2KRR3 w - - 0 27,f3f6 f8f6 e6e7 f6f8 e7f8q d6f8,2123,79,95,8631,advantage endgame hangingPiece long quietMove xRayAttack,https://lichess.org/UFwtP79C#53,
qsVnM,2r3k1/p4pp1/3B4/4P2p/Q4P2/5qPb/P1R4P/2R4K w - - 6 36,h1g1 f3e3 g1h1 e3c1 c2c1 c8c1 a4d1 c1d1,2066,75,94,2853,mate mateIn4 middlegame pillsburysMate veryLong xRayAttack,https://lichess.org/PPmNfrke#71,
qtyyV,6k1/3b2pp/1P2p3/p2p4/Pr3rP1/2N4P/1R2R1K1/8 b - - 3 38,f4c4 b6b7 b4b7 b2b7,1951,75,85,509,advancedPawn advantage endgame short xRayAttack,https://lichess.org/Q7EPkuPY/black#76,
qweqY,Q2Rr2k/4q1pp/p7/1p6/2p5/1r4P1/6PP/5R1K b - - 7 36,b3e3 d8e8 e7e8 f1f8 e8f8 a8f8,1926,76,95,1862,endgame fork long mate mateIn3 xRayAttack,https://lichess.org/LFYXVVbd/black#72,
r3zLn,8/8/1p6/7k/1P3P1p/P3PP2/r7/4KR2 w - - 4 44,e3e4 h4h3 f1f2 h3h2 f2h2 a2h2,1923,78,93,951,advancedPawn crushing endgame long rookEndgame xRayAttack,https://lichess.org/4bPYqQqv#87,
r6pJK,2r5/6k1/4R3/4K1P1/4P3/7p/8/8 w - - 1 51,e6h6 c8h8 e5f4 h3h2 h6h2 h8h2,1987,77,84,94,advancedPawn crushing endgame long master rookEndgame xRayAttack,https://lichess.org/2oHWHfHI#101,
r8cUP,r3k2r/p5b1/1pP1p3/5p2/4p2P/2P1q1P1/PP4PK/R2Q1R2 b kq - 1 24,g7e5 d1d7 e8f8 f1f5 e6f5 d7f5,1969,81,92,3540,advantage exposedKing long middlegame sacrifice xRayAttack,https://lichess.org/5ieG4bdT/black#48,
r8us5,Q3r3/1P6/2K4p/2R5/4q3/7P/3k2P1/8 w - - 3 61,c6c7 e8a8 b7a8r e4a8,2007,76,96,1004,advantage endgame master short xRayAttack,https://lichess.org/AYbwUhOr#121,
rAL2b,8/5pk1/6p1/6Kp/Q7/N2p4/5q1P/R7 w - - 2 38,a4f4 f7f6 f4f6 f2f6,1967,88,75,149,endgame mate mateIn2 short xRayAttack,https://lichess.org/FjTHqHpn#75,
rCUxF,4rrk1/pp2qppp/3b4/3pn3/8/2P2PPN/PP2Q1KP/R1B1R3 w - - 0 20,f3f4 e5d3 e2e7 d3e1 e7e1 e8e1,1919,75,82,162,crushing long master middlegame sacrifice xRayAttack,https://lichess.org/73fZVm5A#39,
rGSGO,2kr4/1pp1R3/p6Q/5r1p/2P1p1p1/1P3bP1/P2p1P1P/4R1K1 w - - 0 32,e1d1 f3d1 h6e6 c8b8 e7e8 f5f8 e8f8 d8f8,2143,78,91,4156,crushing endgame hangingPiece veryLong xRayAttack,https://lichess.org/f0PxuJhT#63,
rPnOD,3r4/p1k5/PpP5/3rqp2/7R/1Q2PpPp/7P/3R2K1 w - - 0 44,h4h7 c7c8 h7d7 d5d1 d7d1 d8d1,1906,76,92,84,crushing defensiveMove endgame long xRayAttack,https://lichess.org/SOJVmDsM#87,
rQciw,r6q/1n1b1k2/pp1p1br1/3Pp1B1/PP2P2p/2NB1P2/3Q1K2/6RR w - - 4 32,h1h4 h8h4 g5h4 f6h4 f2e2 g6g1,2042,81,90,810,crushing long master middlegame xRayAttack,https://lichess.org/o2IJ5R4L#63,
rR8lO,4r1k1/pp2qppp/8/2p5/1n4Q1/1P1r1NP1/3RNPBP/4K2R w K - 0 23,d2b2 e7e2 b2e2 b4c2 e1f1 d3d1 f3e1 d1e1 e2e1 e8e1,2104,80,94,12681,mate mateIn5 middlegame pin sacrifice veryLong xRayAttack,https://lichess.org/1FgoVyOX#45,
rU81B,5r1k/3b2pB/1p1Q4/p1pPp3/P1P2rPq/1P3P2/6K1/4RR2 b - - 0 32,f4f3 d6f8 f3f8 f1f8 h8h7 e1h1 h4h1 g2h1,1970,76,91,2608,advantage kingsideAttack middlegame pin sacrifice veryLong xRayAttack,https://lichess.org/ZAcogIsX/black#64,
rURcX,2kr4/ppp2pp1/4pn2/3qb3/6B1/2P5/PP1N1PPr/R1BQ1RK1 w - - 1 14,g4f3 d8h8 g2g3 h2h1 f3h1 d5h1,2120,76,96,5801,kingsideAttack long mate mateIn3 middlegame quietMove sacrifice xRayAttack,https://lichess.org/g6NA2y8M#27,Nimzowitsch_Defense Nimzowitsch_Defense_Scandinavian_Variation
rUgJk,2kr4/pp2b1p1/2p1p3/1P1q4/P2PNpPr/5B2/5PP1/1R1Q1RK1 w - - 1 25,e4c5 d8h8 g2g3 h4h1 f3h1 d5h1,2005,79,83,97,kingsideAttack long mate mateIn3 middlegame quietMove sacrifice xRayAttack,https://lichess.org/DrOXE6LN#49,
rV1YN,5rk1/5q2/2Qpr3/3R4/4pp2/3n2PP/6B1/3R2K1 w - - 0 38,d5d6 f7a7 c6b6 a7b6 d6b6 e6b6,2129,164,85,32,crushing exposedKing long middlegame xRayAttack,https://lichess.org/qp2TDbGV#75,
rVP8T,1q4rk/3R2p1/7p/8/4Q3/p3P1PP/5P1K/8 w - - 0 42,d7b7 b8a8 e4e7 a3a2 b7a7 a2a1q a7a1 a8a1,1933,76,91,430,advancedPawn advantage endgame promotion veryLong xRayAttack,https://lichess.org/aXN6FjTr#83,
rWtNj,r5k1/2p2p2/p3p3/7p/PpNr3P/3B4/1PQ3P1/4qRK1 b - - 2 31,e1h4 d3h7 g8h8 c4e5 d4f4 e5f7 f4f7 f1f7,2192,79,92,938,advantage middlegame veryLong xRayAttack,https://lichess.org/CyGfUzYl/black#62,
rXRWx,r6k/pp1q1r1p/2p2P1Q/8/3p4/5R2/P1P4P/6RK b - - 0 30,a8f8 g1g7 f7g7 f6g7 d7g7 f3f8 g7f8 h6f8,1975,82,93,2669,advancedPawn endgame fork master mate mateIn4 veryLong xRayAttack,https://lichess.org/2sTPtYGc/black#60,
rYNnd,2rr4/p3kpp1/2p4p/P1Rp1Q2/1p1P3P/4P3/1q3PP1/2R3K1 w - - 0 30,c5c6 b2c1 c6c1 c8c1,1981,124,33,11,crushing endgame master short xRayAttack,https://lichess.org/eakbCiUt#59,
rYWx7,8/1R6/7p/6rk/p7/7K/6P1/8 b - - 0 47,g5a5 b7g7 a5g5 g2g4 g5g4 g7g4,2011,77,87,131,crushing endgame long quietMove rookEndgame xRayAttack,https://lichess.org/xWr8PeAD/black#94,
raMpx,1r6/2q1kppp/2n1pP2/p1b1P3/P3p1P1/1Q4BP/8/1K1R1R2 b - - 0 28,g7f6 e5f6 e7e8 b3b8 c7b8 g3b8,1942,79,92,1138,crushing long middlegame xRayAttack,https://lichess.org/mVtccOgc/black#56,
raPQ0,2k4r/p1p1q1pr/1p2p3/1P3p2/P1PP4/4PPQ1/6P1/R4RK1 w - - 1 24,g3e5 e7b4 e5e6 c8b8 g1f2 b4d2 f2g3 f5f4 e3f4 g7g5 f4g5 d2g5,2187,126,80,32,advantage defensiveMove endgame sacrifice veryLong xRayAttack,https://lichess.org/hPnZVmdt#47,
rcyk3,8/2rk1r1p/2R2p2/1p1P1RP1/8/2p5/P6P/6K1 w - - 2 42,f5f6 f7f6 g5f6 c3c2 c6c2 c7c2,1966,76,91,1771,advancedPawn crushing endgame long rookEndgame xRayAttack,https://lichess.org/sks5Cyzp#83,
reUSG,r1bR1nk1/ppp2ppp/4p3/4P3/8/2P2N2/P1B2PPP/6K1 b - - 0 18,b7b6 c2e4 c8b7 d8a8 b7a8 e4a8,2165,84,91,1341,crushing endgame long xRayAttack,https://lichess.org/Au4l8Cts/black#36,Queens_Gambit_Declined Queens_Gambit_Declined_Chigorin_Defense
rf29w,6k1/2p3p1/2Np3p/7n/1P3p2/P1Q2P1P/1Bb1q1P1/6K1 w - - 0 29,c6d4 e2d1 g1f2 h5g3 c3e1 g3h1 e1h1 d1h1,1957,75,93,2770,crushing endgame master quietMove veryLong xRayAttack,https://lichess.org/G2TWVYKp#57,
rgBQ5,2r1nr1k/4bppp/p3p3/1q1bP3/Np4Q1/1B2B1P1/PPP2R1P/2K2R2 w - - 4 21,f2f7 b5f1 f7f1 f8f1 c1d2 d5f3,1982,78,89,87,advantage long middlegame xRayAttack,https://lichess.org/6gzuCRoL#41,
rhZEX,5Q2/7p/6p1/3B3k/6nq/5K2/P5P1/8 w - - 2 40,f8f4 h4f2 f3e4 g4f6 f4f6 f2f6,1914,75,93,4936,crushing endgame exposedKing long xRayAttack,https://lichess.org/PsOVLVZH#79,
rjRuq,3r2k1/pp3p1p/2p1b1p1/8/8/P2BP2P/1P3PP1/5RK1 w - - 1 20,f1d1 e6b3 d3c2 d8d1 c2d1 b3d1,2007,98,87,51,crushing endgame long xRayAttack,https://lichess.org/LNp2zKsJ#39,
rkSXq,2rr2k1/4Q3/3p2pp/1p2p3/p1q1P2P/1N4P1/PPPR1P2/1K1R4 w - - 0 36,d2d6 c4c2 b1a1 c2d1 d6d1 d8d1 b3c1 d1c1,1935,76,95,6119,backRankMate mate mateIn4 middlegame veryLong xRayAttack,https://lichess.org/8SNSujBQ#71,
rqZ8H,3rr1kb/pb3p1p/1q4pB/3R4/2B5/5Q2/PPP3PP/5R1K b - - 0 20,b7d5 f3f7 d5f7 c4f7,1940,77,87,733,kingsideAttack mate mateIn2 middlegame sacrifice short xRayAttack,https://lichess.org/Onwkfiub/black#40,
rqzv7,R2r3k/2br2pp/2p1Qp1q/2P5/1P2p2P/4PbP1/1B3P2/2K3R1 b - - 4 29,c7e5 e6e8 d8e8 a8e8,1925,81,91,2267,backRankMate mate mateIn2 middlegame sacrifice short xRayAttack,https://lichess.org/BorpvW6t/black#58,
rrNBw,2r2rk1/p2p2pp/4pp2/P1R5/Rp1Pq3/4P3/1P1Q1PPP/6K1 w - - 1 22,f2f3 e4b1 g1f2 d7d6 d2c1 b1c1 c5c1 c8c1,2191,80,91,106,advantage endgame veryLong xRayAttack,https://lichess.org/V6dFFExu#43,
rurMm,8/5pk1/1P5p/p2p2pP/P2r4/K5R1/8/8 b - - 0 38,d4b4 g3b3 g5g4 b6b7 b4b7 b3b7,2085,75,94,4179,advancedPawn crushing endgame long rookEndgame xRayAttack,https://lichess.org/gqfDxz1x/black#76,
rvU9Q,3n2k1/5p1p/3Q2p1/2pB4/4P2q/5r1r/5PRP/6RK b - - 0 33,h4f6 g2g6 h7g6 g1g6 f6g6 d6g6,1957,75,85,283,advantage long middlegame pin sacrifice xRayAttack,https://lichess.org/EXC5lrHi/black#66,
rvfKh,2r2r1k/4R1pp/b7/3p2B1/1P1P4/6Q1/6PP/2R3K1 w - - 4 33,g3e5 c8c1 e5e1 f8f1 e1f1 c1f1,2005,78,76,372,fork long mate mateIn3 middlegame operaMate xRayAttack,https://lichess.org/5GcdXMHu#65,
rwMsT,3r1rk1/1pp1R1pp/6q1/p7/3Q4/P1P3B1/1P4KP/R7 w - - 7 25,e7d7 g6c6 d4d5 c6d5 d7d5 d8d5,2019,90,73,50,advantage long middlegame xRayAttack,https://lichess.org/AWZJNzIU#49,
rxBPJ,r5k1/3n1p2/P1pqb2p/3p1Bp1/3P2nB/2N1P1K1/2Q1NPP1/1R6 w - - 2 23,g3g4 d7f6 g4f3 g5g4 f5g4 e6g4,2154,76,93,11924,long mate mateIn3 middlegame xRayAttack,https://lichess.org/zvzP7Ue6#45,
ryMBb,r3k2r/p1p5/1pPqpb2/4Np2/P2P1Bn1/1PQ1P1P1/4R2p/R6K b kq - 0 29,d6d5 e3e4 f5e4 e5g4 e4e3 e2g2 f6d4 g4f6 d4f6 c3f6,2136,85,92,4403,crushing defensiveMove deflection exposedKing fork middlegame veryLong xRayAttack,https://lichess.org/M3TbterR/black#58,
s3NBf,8/5k2/1p3p1p/1P6/3R4/2q1PB2/5PPP/r2Q2K1 w - - 4 34,d4d3 c3e1 d1e1 a1e1,2166,77,94,3174,backRankMate endgame mate mateIn2 short xRayAttack,https://lichess.org/zgCkPqMM#67,
s4OeI,8/p4pk1/4p3/4r3/8/P5Q1/1P1p1P2/2qR1K2 b - - 1 44,g7f6 g3f4 f6g6 d1c1 d2c1q f4c1,2125,80,88,193,crushing endgame long xRayAttack,https://lichess.org/efh9YWkC/black#88,
s5PrO,5rk1/pp4p1/7p/2prqpbR/6P1/3B1Q2/PPP5/1K3R2 b - - 0 23,f8e8 d3c4 e5e1 f3d1 e1d1 f1d1 g8h7 c4d5,1929,75,95,2309,advantage middlegame pin veryLong xRayAttack,https://lichess.org/o5v6igjJ/black#46,
sDNhJ,3r2k1/8/7p/6p1/2Q5/P6P/3p2PK/3Rq3 b - - 3 45,g8g7 c4c3 g7f7 d1e1 d2e1q c3e1,2183,77,94,3042,crushing endgame long xRayAttack,https://lichess.org/pTszeS3R/black#90,
sNgyL,r3n1k1/4pr1p/pq1pN1pQ/1p4P1/3p4/5b2/PPP5/1NK2R1R b - - 1 22,f3h1 h6f8 f7f8 f1f8,2063,75,96,2824,kingsideAttack mate mateIn2 middlegame sacrifice short xRayAttack,https://lichess.org/zURwacBw/black#44,
sOCNw,5R2/6pk/p2q3r/1p2P3/2pPpK2/2P1Qn2/PP6/7R w - - 10 45,h1h6 d6h6 f4e4 f3d2 e3d2 h6d2,1955,76,94,14870,advantage endgame long xRayAttack,https://lichess.org/rwkFKe2f#89,
sOTzt,6k1/q2n1p2/Q3pbp1/3p4/1p1P2Pp/1P2B2P/P4PK1/5B2 b - - 8 34,f6d4 a6a7 d4a7 e3a7,2010,76,94,1582,crushing endgame short xRayAttack,https://lichess.org/UxT8OMyv/black#68,
sQmwL,k7/1p3qp1/1Q3n2/Pp6/3pP2p/P2P1P2/2r2NPP/1R4K1 w - - 2 31,b1b5 c2c1 f2d1 c1d1 g1f2 f7a2 b5b2 d1d2 b2d2 a2d2,1966,79,92,2510,crushing endgame veryLong xRayAttack,https://lichess.org/SyomJPn4#61,
sQyRu,2k4r/1pp1bp2/2n1q3/2Rn1p1r/Q2P2p1/P5P1/1B2PPB1/2R2NK1 b - - 8 25,e6h6 a4a8 c8d7 c5d5 e7d6 d5d6 d7d6 c1c6 b7c6 a8c6,2139,77,86,117,attraction crushing middlegame queensideAttack veryLong xRayAttack,https://lichess.org/UG5e9kzC/black#50,
sR5kQ,3r1r1k/p1p3pp/8/2p5/2Qbq3/4B3/PP3PPP/3R1RK1 w - - 4 22,f1e1 f8f2 e3f2 d4f2 g1f2 d8f8 c4f7 f8f7,2136,135,80,19,attraction crushing kingsideAttack middlegame sacrifice veryLong xRayAttack,https://lichess.org/poX5HyUh#43,
sRrfm,2k3rR/8/2p1p1r1/1pPpP3/p2P4/q5P1/5QKR/8 b - - 1 49,a3d3 f2f8 g8f8 h8f8 c8b7 h2h7 g6g7 h7g7 b7a6 f8a8,1959,80,91,2323,endgame exposedKing mate mateIn5 sacrifice veryLong xRayAttack,https://lichess.org/XsziSueD/black#98,
sSDG7,5r2/pp5R/5Q2/2q3P1/6k1/P3r1P1/1PP5/5RK1 w - - 1 32,f6f8 e3g3 g1h2 c5c2 f1f2 c2h7 f8h6 g3h3 h6h3 h7h3,2156,78,85,212,crushing discoveredCheck doubleCheck endgame exposedKing fork veryLong xRayAttack,https://lichess.org/7Ma7XEs9#63,
sUYYu,3qr1k1/4bpp1/2rnbn1p/p2Np3/2B1P1PB/PP3Q1P/7N/3R1RK1 b - - 0 25,d6c4 d5f6 e7f6 d1d8 f6d8 h4d8,1900,93,45,31,advantage discoveredAttack kingsideAttack long middlegame xRayAttack,https://lichess.org/VUyOn3Ak/black#50,
sW40S,2r1k2r/pp3ppp/4p3/qQ1nP3/Pb1P4/5N2/3B1PPP/R3K2R b KQk - 4 21,e8f8 b5a5 b4a5 d2a5,1917,75,89,602,crushing master middlegame short xRayAttack,https://lichess.org/zyW31QsS/black#42,
sWPuT,2r3r1/2qk1p2/1p1bp2n/p1p4Q/P3PP2/1b1B3P/1B1P2P1/R4RK1 b - - 0 23,d6f4 d3b5 d7e7 h5h4 f4g5 b2f6 g5f6 h4f6,2085,83,91,1915,crushing master middlegame veryLong xRayAttack,https://lichess.org/y2b4XU8D/black#46,
sXXFb,r2q3r/1p2bk1p/n1p2ppB/p2b4/P2P4/1B3N2/1P2QPPP/R3R1K1 b - - 2 15,h8e8 e2e6 d5e6 b3e6,1988,86,85,84,mate mateIn2 middlegame sacrifice short xRayAttack,https://lichess.org/Dc59uqVt/black#30,Rat_Defense Rat_Defense_Balogh_Defense
sbpTQ,1r1q2k1/5pp1/4p2p/1PppNn2/3p1Q2/8/2P2PPP/1R4K1 b - - 3 25,d8a5 e5c6 b8b5 f4b8 b5b8 b1b8 g8h7 c6a5,2015,81,91,703,advantage clearance endgame fork sacrifice veryLong xRayAttack,https://lichess.org/dhS98iVy/black#50,
scJ0i,4r3/2q4k/p3pRrp/1p1bP2Q/2pPp3/P1P1P3/1P4P1/2K4R b - - 0 30,e8g8 h5h6 g6h6 f6h6 h7g7 h6h7 g7g6 h7c7,1981,82,91,471,crushing middlegame sacrifice skewer veryLong xRayAttack,https://lichess.org/a9NNg31W/black#60,
sdUCR,5r2/7p/1p6/p2R2pk/P5r1/1P5K/2PR1P1P/8 w - - 0 30,d5d3 g4g1 d3g3 g5g4 g3g4 g1g4,2133,75,93,1959,crushing endgame exposedKing long master quietMove rookEndgame xRayAttack,https://lichess.org/PcBiWyiP#59,
se51Q,4r3/pp4kp/3rBqp1/2p5/4N3/7P/P3Q1P1/4R2K b - - 4 33,f6e6 e4d6 e6e2 d6e8 e2e8 e1e8,2027,76,90,1066,advantage endgame long master masterVsMaster xRayAttack,https://lichess.org/WphaETe8/black#66,
sejzw,4r1k1/p1Q2ppp/1p1N3q/3p4/3n4/P3rPPb/1P2BR1P/4R1K1 b - - 1 25,e3e2 c7f7 g8h8 f7e8 e2e8 e1e8,1933,75,87,228,backRankMate long mate mateIn3 middlegame xRayAttack,https://lichess.org/JXMmH2GM/black#50,
sf6FW,2Qr4/3P1pk1/p1P3p1/6q1/4B3/4K3/3R4/8 w - - 7 49,e3e2 g5g4 e4f3 g4e6 e2f1 d8c8 d7c8q e6c8,1938,79,92,3661,advantage endgame exposedKing fork veryLong xRayAttack,https://lichess.org/ikU1HXz3#97,
sfcpJ,2r2b1k/7p/4Q1p1/1r2P3/2pP4/2P1q3/6PP/5R1K b - - 1 28,e3g5 e6c8 g5f5 c8f8 f5f8 f1f8 h8g7 f8f1,1963,78,77,61,advantage defensiveMove endgame hangingPiece pin veryLong xRayAttack,https://lichess.org/46x6AdZi/black#56,
siDW2,3r2k1/1Qp2ppp/2prp3/P2n4/8/1P4P1/4qP1P/R1R1N1K1 w - - 2 27,c1c6 d5e3 b7a6 e2a6 c6a6 d6a6,1978,75,92,605,advantage long middlegame quietMove xRayAttack,https://lichess.org/Np0wcrqM#53,
slpeV,8/p4pk1/3p2p1/2pP4/2P5/3B2QR/6PK/q3r3 w - - 6 42,g3h4 e1h1 h2g3 a1e1 g3f3 e1h4 h3h4 h1h4,1949,76,87,395,crushing deflection endgame veryLong xRayAttack,https://lichess.org/BHESJphh#83,
spPWF,r1bq1rk1/ppp5/3p3Q/4bp2/8/3BR3/P1P2PPP/1R4K1 b - - 1 16,d8f6 d3c4 c8e6 c4e6 f6e6 h6e6,1981,78,78,138,crushing exposedKing kingsideAttack long middlegame xRayAttack,https://lichess.org/1K5UDnrz/black#32,Kings_Pawn_Game Kings_Pawn_Game_Tayler_Opening
sqqFI,r4rk1/pbp3p1/1p2p1Q1/2b5/4nP2/2Pq2P1/PP4BP/R1B1R2K w - - 0 18,g2e4 d3f3 e4f3 b7f3,2007,84,92,166033,doubleBishopMate kingsideAttack mate mateIn2 middlegame sacrifice short xRayAttack,https://lichess.org/qhGK7OEd#35,Zukertort_Opening Zukertort_Opening_Queenside_Fianchetto_Variation
svUVR,8/pp3p1k/2p1q1pb/P3p3/2N1Pn1Q/BPP4P/5PP1/6K1 w - - 1 24,g2g3 g6g5 h4g4 f4h3 g4h3 e6h3,1968,74,93,3236,advantage endgame kingsideAttack long master masterVsMaster xRayAttack,https://lichess.org/GuMp8dVp#47,
szzAZ,3r2k1/pb3ppp/2p1p3/6Q1/2qr4/2N4P/PPP3P1/3R1R1K b - - 2 23,h7h6 g5d8 d4d8 d1d8 g8h7 f1f7,2060,76,91,1378,advantage kingsideAttack long middlegame xRayAttack,https://lichess.org/hdfcDzcy/black#46,
t0v26,2r2b2/2q2pp1/p3k2p/1b2P3/2N3PP/2PQP3/3N1K2/R7 b - - 0 33,b5c4 d2c4 c7c4 a1a6 c4a6 d3a6,2179,76,83,256,advantage exposedKing long middlegame xRayAttack,https://lichess.org/z4XrmPPT/black#66,
t1DKT,k2rBq2/ppQPr1p1/2p4p/6p1/P7/8/1P6/1K1R4 b - - 4 41,e7d7 c7d8 d7d8 d1d8,1935,79,93,891,backRankMate endgame master mate mateIn2 short xRayAttack,https://lichess.org/dyKh0EnN/black#82,
t2cBl,5rk1/Q3bppp/4pn2/6B1/1q1RP3/1P3r2/P4P1P/1K5R b - - 1 18,b4c3 h1c1 e7c5 a7c5 c3c5 c1c5,2014,164,0,20,advantage long middlegame xRayAttack,https://lichess.org/LmkCXAq8/black#36,Queens_Pawn_Game Queens_Pawn_Game_Chigorin_Variation
t3CVq,8/pp1r2kp/6p1/P4p2/4n3/BQ5P/3p2PK/3Rq3 b - - 5 43,e4f2 b3c3 g7f7 d1e1 d2e1q c3e1,1919,77,91,3759,crushing endgame long xRayAttack,https://lichess.org/FkPUYGzB/black#86,
t5u1A,r3r1k1/2p3pp/3b4/3P4/p2P3q/P2QR2P/BPP5/R1B4K w - - 5 24,c1d2 h4f2 d3e2 f2e2 e3e2 e8e2,2043,83,85,84,crushing long middlegame xRayAttack,https://lichess.org/6RcBXpNT#47,
t7eyk,Qbkrr3/1p5p/2p1R3/3p2p1/N4qB1/8/PPP3PP/1K1R4 b - - 2 27,f4g4 e6c6 b7c6 a8c6 b8c7 a4b6 c8b8 c6a8,1931,75,93,2079,mate mateIn4 middlegame pin queensideAttack sacrifice veryLong xRayAttack,https://lichess.org/sfzH534R/black#54,
t7zDf,2k3r1/pb2r2p/1p1Qp3/1Bp3p1/P4p2/1P1P2Pq/2P2P1P/R3R1K1 w - - 10 28,b5c6 f4f3 c6f3 b7f3 d6c6 f3c6,1999,80,92,323,crushing long middlegame xRayAttack,https://lichess.org/vn1lXOqs#55,
t9vrI,4r1k1/pp4pp/3q4/2p1r2b/2P1BR2/4Q2P/PP4P1/R5K1 w - - 0 25,a1f1 h5g6 e3d3 d6d3 e4d3 g6d3,1987,91,0,31,crushing long middlegame xRayAttack,https://lichess.org/GNPA1N01#49,
tATzc,r5k1/pp3rp1/1bn3p1/3q2N1/3p1B2/7P/PPQ3P1/R4R1K b - - 2 20,f7f4 c2g6 d5f5 g6f5 f4f5 f1f5,2001,75,97,526,advantage long middlegame xRayAttack,https://lichess.org/eIm6Nqbu/black#40,
tBa0V,3r4/pb4pp/1p3k2/2p2B2/8/1P1pP1P1/P4P1P/3R2K1 w - - 0 24,f5d3 b7f3 d3e2 d8d1 e2d1 f3d1,2169,75,82,390,crushing endgame long xRayAttack,https://lichess.org/8Hd14W71#47,
tGz8R,5rk1/1p4pp/p3b3/8/8/P1P1q3/2QN1nPP/R2B1R1K w - - 1 24,f1f2 e3e1 d2f1 e1f1 f2f1 f8f1,1954,76,91,2487,backRankMate fork long mate mateIn3 middlegame xRayAttack,https://lichess.org/jcC3KiJA#47,
tHkh7,5rk1/4qrp1/1p3p1p/p6N/2Q5/1P1PP1R1/3PK1PP/8 b - - 7 38,e7c7 g3g7 g8h8 c4c7 f7c7 g7c7,2074,76,97,248,crushing endgame long xRayAttack,https://lichess.org/TJtIRo1o/black#76,
tIImX,r4r2/pp1q1pp1/2p5/3nR1k1/1P1P1bP1/P2Q4/5P2/R1B3K1 b - - 1 22,g5f6 g4g5 f4g5 c1g5,2146,82,88,413,mate mateIn2 middlegame short xRayAttack,https://lichess.org/W6EFqSKv/black#44,
tIKSh,8/5pkp/2P1n1p1/1Q3r2/1P4K1/4P1PP/P7/8 w - - 1 36,b5b8 e6g5 b8f4 h7h5 g4h4 g5f3 f4f3 f5f3,1901,203,0,4,crushing endgame veryLong xRayAttack,https://lichess.org/CXbhifYC#71,
tIpla,4r1k1/2pq1pp1/1p1p3p/1PnP4/2P1Bn2/4RN1P/1Q3PP1/6K1 w - - 3 24,b2d4 c5e4 e3e4 f4e2 e4e2 e8e2,2180,75,94,5473,crushing fork long middlegame xRayAttack,https://lichess.org/MpA7mOnt#47,
tKAp4,8/5p2/8/7p/5P2/4N1P1/3pK2P/2k1b3 w - - 0 46,e3d1 f7f5 d1e3 h5h4 g3h4 e1h4,1980,77,84,61,crushing endgame long quietMove xRayAttack,https://lichess.org/bilS2hFo#91,
tMelj,4r3/4r3/p1k2p2/4nP2/3p1BPp/1P2R2P/P5K1/4R3 w - - 0 30,e3e4 e5d3 e4e7 d3e1 e7e1 e8e1,2024,83,83,62,advantage endgame long xRayAttack,https://lichess.org/UwwO55nj#59,
tNLnS,5rk1/pb3p1p/1pq1p1p1/2p1P3/5P2/2P1pBQR/PP1r2PP/R5K1 b - - 7 21,e3e2 f3c6 d2d1 g3e1 d1e1 a1e1,1939,78,93,8208,advantage long middlegame xRayAttack,https://lichess.org/4z4uIA7z/black#42,
tOEnf,r6r/ppp1kRpQ/4b3/4P1q1/2p1B3/P1N4P/1P5P/R6K b - - 0 22,e7f7 e4g6 g5g6 a1f1 e6f5 f1f5 g6f5 h7f5,2060,80,91,2904,crushing middlegame sacrifice veryLong xRayAttack,https://lichess.org/yZ92jkVy/black#44,
tTYAp,2k1r1nr/p2p1pbp/b1n5/2pN3q/Q3PBp1/2P1K1P1/P3N2P/R4B1R b - - 1 17,a6e2 a4a6 e2a6 f1a6 c8d8 f4c7,1986,93,74,57,long mate mateIn3 middlegame queensideAttack sacrifice xRayAttack,https://lichess.org/okXlaUqo/black#34,Vienna_Game Vienna_Game_Vienna_Gambit
tV8fg,2rr2k1/3bppbp/3p1np1/q7/1p1BP3/1PN2P2/P2QB1PP/2RR3K w - - 0 18,d4f6 b4c3 c1c3 c8c3 d2c3 a5c3 f6c3 g7c3,2151,75,94,5161,crushing master masterVsMaster middlegame veryLong xRayAttack,https://lichess.org/pYvJQhU6#35,Sicilian_Defense Sicilian_Defense_Prins_Variation
tWPiL,1r4k1/5ppp/3b4/1Q1p2Pq/p2P1p1P/2P5/P7/1K1RR3 w - - 1 30,e1e8 d6f8 e8f8 b8f8,2162,76,91,1158,crushing endgame pin short xRayAttack,https://lichess.org/yeo2d5qF#59,
tWeAY,8/1p6/p2p2k1/3P1p1p/PPP1q1p1/3r4/6PP/1Q2R2K b - - 2 39,d3e3 b1e4 e3e4 e1e4 f5e4 c4c5,1962,74,86,560,crushing endgame long xRayAttack,https://lichess.org/ldGlhI3h/black#78,
thYjY,2r3k1/5rp1/2q1Q1R1/p2p1p2/3P4/2p5/PP3PPP/2R3K1 b - - 0 28,c3b2 e6c8 c6c8 c1c8 g8h7 g6b6,1978,74,95,5050,advantage endgame long xRayAttack,https://lichess.org/vCN4TVe3/black#56,
tiNkg,3rr1k1/1p3p1p/p5p1/8/1P6/1q1p2Q1/5P1R/5RK1 b - - 1 31,d3d2 g3b3 e8e1 b3d1 e1d1 f1d1,1924,75,95,3398,advantage endgame hangingPiece long xRayAttack,https://lichess.org/m7nHLEBH/black#62,
tiXdy,r5k1/p4pp1/Bp6/3P3p/4rBn1/3Q1RP1/Pq4KP/5R2 w - - 0 24,f4d2 e4d4 f1b1 b2d2 d3d2 d4d2,1908,75,94,2025,advantage long middlegame xRayAttack,https://lichess.org/sAZwVIo1#47,
toRqQ,6k1/pp3p1p/6pb/q4b2/3p4/3PrBP1/PPP1R1QP/4R1K1 w - - 8 25,b2b3 a5e1 e2e1 e3e1 g1f2 e1c1,1948,76,91,202,advantage kingsideAttack long middlegame xRayAttack,https://lichess.org/9tGO6bNG#49,
tpUAK,5r2/6k1/3R4/4PKp1/1PP2pP1/8/8/8 w - - 7 47,d6f6 f4f3 f5e4 f3f2 f6f2 f8f2,2183,82,91,7293,advancedPawn crushing endgame long rookEndgame xRayAttack,https://lichess.org/Rw4smxvB#93,
tqCMF,rnkr4/pppbQNpp/8/8/8/8/Pq4PP/3RR2K b - - 2 26,b8c6 e7d7 d8d7 e1e8 c6d8 e8d8 d7d8 d1d8,1997,75,95,4768,clearance mate mateIn4 middlegame queensideAttack sacrifice veryLong xRayAttack,https://lichess.org/IBirfWKH/black#52,
ttQqt,6k1/1r1q3p/p7/6B1/2pNQ1n1/2P3Pb/P4r1P/R3R1K1 w - - 0 29,e4e8 d7e8 e1e8 g8f7 e8e2 b7b2 e2b2 f2b2,2177,76,92,2892,crushing middlegame veryLong xRayAttack,https://lichess.org/11sgdS4P#57,
tut8B,2k4r/1pp4p/pq6/6PQ/6PK/P2r4/1PbP3P/R1B1R3 w - - 1 25,e1e8 d3d8 e8d8 h8d8,2077,75,88,105,crushing defensiveMove middlegame short xRayAttack,https://lichess.org/VGpqHvvv#49,
tvR3h,r1b4k/ppq3p1/2nbp1Bp/3p4/3P1r2/5NB1/PPQ2PPP/R4RK1 b - - 1 18,c6d4 f3d4 f4d4 c2c7 d6c7 g3c7,1966,77,92,1463,advantage long middlegame xRayAttack,https://lichess.org/BOBtMmbq/black#36,French_Defense French_Defense_Tarrasch_Variation
tzzOh,r7/ppp2Qpk/7p/6r1/5n2/P4P1P/PBq5/R5RK b - - 1 24,c2f2 f7g7 g5g7 g1g7 h7h8 g7g2 f2b2 g2b2,2096,76,89,1285,advantage discoveredAttack discoveredCheck middlegame sacrifice veryLong xRayAttack,https://lichess.org/weSvHf47/black#48,
u2wl8,2r3k1/pp3pp1/4p2p/8/8/P2pqP1P/R1nR2P1/B1Q4K w - - 4 28,d2c2 e3c1 c2c1 c8c1 h1h2 d3d2 a2d2 c1a1,1922,75,87,85,advancedPawn crushing deflection endgame veryLong xRayAttack,https://lichess.org/n1XlOz2g#55,
u4L0d,r7/p1Q2ppk/2p1bn1p/8/1q2P1P1/2N2P2/1PP1B2P/1K1R4 w - - 1 20,d1d8 f6e8 d8e8 a8e8,2078,79,91,6084,advantage middlegame short xRayAttack,https://lichess.org/wSPvqV07#39,
u4Zzn,rn3rk1/ppp2ppp/4p3/3pN3/1b1P1PP1/1P2PQ1P/P1P5/R1B1qB1K b - - 4 16,b4d2 e5d3 e1e3 f3e3 d2e3 c1e3,1958,77,93,7244,advantage long middlegame xRayAttack,https://lichess.org/2i75e1MN/black#32,Queens_Pawn_Game Queens_Pawn_Game_Symmetrical_Variation
u73PN,2r3k1/p1r2pp1/1pNqpn1p/8/Q2P4/8/PPR2PPP/2R3K1 w - - 0 23,c6a7 d6f4 h2h3 f4c1 c2c1 c7c1,2037,173,0,9,advantage long middlegame xRayAttack,https://lichess.org/KGvmGp8l#45,
u8JWu,6k1/4rpp1/p2q1n1p/3p4/2NP4/4RQ2/nPB2PPP/6K1 b - - 0 25,d5c4 f3a8 f6e8 a8e8 e7e8 e3e8 d6f8 c2h7 g8h7 e8f8,2049,76,96,4926,advantage middlegame pin veryLong xRayAttack,https://lichess.org/Q8v7w02H/black#50,
u9WRk,2kr3B/pppn1p1p/7n/4P3/2P5/4PQPb/PP1N3P/R3KBq1 w Q - 3 14,e1c1 h3g4 f1h3 g1d1 f3d1 g4d1,1966,75,78,176,advantage long master middlegame queensideAttack xRayAttack,https://lichess.org/hexSoeZG#27,Queens_Gambit_Declined Queens_Gambit_Declined_Albin_Countergambit
uA3ig,rnb1k2r/ppp2p2/7p/4P2n/2B1PBpq/2P5/P1P3P1/R2Q1RK1 b kq - 1 13,g4g3 c4f7 e8e7 d1h5 h4h2 h5h2 g3h2 f4h2,2136,113,87,32,advantage attackingF2F7 middlegame veryLong xRayAttack,https://lichess.org/AN8r867N/black#26,Vienna_Game Vienna_Game_Vienna_Gambit
uDAnR,5k2/2pr1p2/1b5R/1p2P2Q/3P1q1P/7K/6B1/8 b - - 0 43,d7d4 h6f6 d4d3 g2f3 d3f3 h5f3 f4f3 f6f3,2049,89,82,58,advantage endgame veryLong xRayAttack,https://lichess.org/IY9r0Ogl/black#86,
uGlPY,rn5r/2p2Qp1/p2kp3/1p3p2/2P1bP2/4B2p/Pq4P1/3R1R1K b - - 1 21,e4d5 d1d5 e6d5 f7d5 d6e7 e3c5 e7f6 c5d4 b2d4 d5d4,2095,77,88,158,crushing fork middlegame veryLong xRayAttack,https://lichess.org/1uTHRygH/black#42,
uIZce,1q4k1/5p2/3n3p/3p2p1/3P1P2/2PQ2KP/3N2P1/8 w - - 0 41,f4g5 d6e4 g3f3 b8g3 f3e2 e4c3 d3c3 g3c3,2023,80,92,431,crushing discoveredCheck doubleCheck endgame veryLong xRayAttack,https://lichess.org/l1BaGIYb#81,
uKGGv,3r2k1/1bqr1p1p/p1p1p1p1/1p2P1Q1/4B3/2PR4/PP3PPP/3R2K1 b - - 0 24,c6c5 g5d8 d7d8 d3d8 g8g7 d8d7 c7e5 e4b7,2103,75,94,4718,advantage middlegame veryLong xRayAttack,https://lichess.org/p5H8L3As/black#48,
uKHod,3r2k1/p3rppp/1pq1pn2/2Pp4/3P4/1P6/P1Q2PPP/2RNR1K1 b - - 0 18,e7c7 c5b6 c6c2 b6c7 c2c7 c1c7,1927,76,91,826,advancedPawn crushing long middlegame sacrifice xRayAttack,https://lichess.org/35JPWJRc/black#36,Vant_Kruijs_Opening Vant_Kruijs_Opening_Other_variations
uKhTc,r4rk1/3b1p2/5qp1/2p3N1/4PPP1/1Q6/1KPP4/3R3R w - - 3 25,b3c3 f8b8 b2c1 a8a1 c3a1 f6a1,2002,95,63,72,long mate mateIn3 middlegame pin xRayAttack,https://lichess.org/XZMj8oNg#49,
uLUFO,5r1k/pp3R1p/8/8/2P1r3/2B5/PP1K2PP/5Bq1 b - - 0 24,h8g8 f7g7 g8h8 g7g4 g1d4 c3d4 e4d4 g4d4,1967,80,93,6881,crushing discoveredAttack discoveredCheck endgame veryLong xRayAttack,https://lichess.org/wXcRCvMV/black#48,
uQutV,2r5/p2q1k2/1p2p1pp/3rPp2/P2P1P2/bP2QNP1/2R3KP/3R4 w - - 3 34,d1d2 a3c1 c2c1 c8c1,1954,75,90,208,advantage master middlegame short xRayAttack,https://lichess.org/bOxUCMwu#67,
uRpMW,r1bq1rk1/pp2b3/2n4Q/5p2/3p4/3B1N2/PP3PPP/R4RK1 b - - 0 18,f8f6 d3c4 c8e6 c4e6 f6e6 h6e6,1937,77,89,407,advantage exposedKing kingsideAttack long middlegame xRayAttack,https://lichess.org/cFQF1KGs/black#36,Queens_Pawn_Game Queens_Pawn_Game_Colle_System
uV1b1,3R3k/4N1bp/p3Q1p1/8/8/5r2/r4qP1/7K b - - 1 30,f3f8 e6g8 f8g8 d8g8,1918,75,94,2746,master mate mateIn2 middlegame sacrifice short xRayAttack,https://lichess.org/QQ54k7Tf/black#60,
uVCwy,3r2k1/5ppp/B4p2/8/qr1n4/3Q1P2/P4PPP/R1R3K1 w - - 0 21,c1c4 a4a6 c4d4 a6d3 d4d3 d8d3,2071,77,83,73,crushing hangingPiece long middlegame xRayAttack,https://lichess.org/16BAt0q9#41,
uVwsx,r1b3k1/1p3p1p/p1n1p1pB/4P1Q1/8/2qr2P1/P4P1P/3RR1K1 b - - 0 22,c6e5 g5d8 d3d8 d1d8,2040,79,82,339,kingsideAttack master mate mateIn2 middlegame pillsburysMate sacrifice short xRayAttack,https://lichess.org/COyKS85O/black#44,
uXlhr,2r2k1Q/pp3p2/5qp1/3P2R1/8/2r5/PKP4R/8 b - - 6 34,f8e7 g5e5 f6e5 h8e5,2088,77,92,4252,crushing endgame master short xRayAttack,https://lichess.org/AMc8vCQU/black#68,
uaUmg,6k1/R4r1p/p1r2qpQ/1p2pb2/2p3P1/P7/BPP4P/5RK1 b - - 0 28,f6g7 h6g7 f7g7 a7g7 g8g7 g4f5,2095,76,95,1602,advantage kingsideAttack long middlegame xRayAttack,https://lichess.org/9ijiLd9J/black#56,
ubdID,6k1/p5p1/4p3/5p1p/PPP1nP2/2Pq3P/6P1/2B1Q2K w - - 0 34,e1e3 e4g3 e3g3 d3g3,2023,76,87,1038,crushing endgame short xRayAttack,https://lichess.org/IlUsSvfw#67,
ucAZT,7k/p2R2p1/1bq4p/8/4pr2/PQ5P/6P1/3R3K w - - 0 37,d1d6 c6c1 d6d1 f4f1 d1f1 c1f1,2079,95,90,518,crushing endgame long xRayAttack,https://lichess.org/8uyYn9sz#73,
udTh2,1k1r3r/ppp1q3/1n3p1b/QP3B2/3PPB2/3P2Pp/P6P/R4RK1 w - - 1 28,d4d5 e7c5 g1h1 c5c2 a5d2 c2d2 f4d2 h6d2,2171,76,70,103,advantage middlegame veryLong xRayAttack,https://lichess.org/G2pkfVGE#55,
ufRma,6k1/p5pp/1p2p2r/2p2p2/5q2/2P1QP2/PP1r1PRP/R6K b - - 10 24,f4d6 e3h6 d2d1 g2g1 d1g1 a1g1,1950,81,87,59,advantage endgame long pin xRayAttack,https://lichess.org/u1FOhfAF/black#48,
uhXJm,5rrk/8/4p2P/pp3qpR/2pP2Q1/PnP1BP2/5KP1/7R w - - 7 32,h5g5 f5g4 g5g4 g8g4,1964,76,87,110,advantage middlegame pin short xRayAttack,https://lichess.org/JKnav8wF#63,
ulkf2,r4k2/p4p2/1bn1qB2/3pP2Q/1P1P4/P4p2/5PrP/R5RK b - - 7 26,e6g4 h5g4 g2g4 g1g4,2094,93,89,1909,crushing middlegame short xRayAttack,https://lichess.org/Q2dKSKCS/black#52,
umIYB,6k1/1p3p1p/4p1p1/p1rrR3/P5P1/2P3KP/1P3P2/4R3 w - - 2 32,g3f4 g6g5 e5g5 d5g5 b2b4 a5b4 c3b4 c5d5,2002,74,95,12151,crushing defensiveMove endgame rookEndgame veryLong xRayAttack,https://lichess.org/fPdPo7wD#63,
uq4AU,1r6/2R5/8/p6p/P6k/2N5/1n4PK/8 b - - 1 49,b8b4 c7g7 b4g4 g2g3 g4g3 g7g3,2021,77,89,90,crushing endgame long quietMove xRayAttack,https://lichess.org/F2XHHBFN/black#98,
ur57F,2r2rk1/pb2q1pp/1p2p3/4Np2/2P1p3/2Q3R1/P1P2PPP/3R2K1 b - - 4 22,b6b5 d1d7 c8d8 g3g7 e7g7 d7g7,1942,74,92,3820,advantage long middlegame xRayAttack,https://lichess.org/2YLE9uNY/black#44,
uumKw,r4rk1/5p2/p1p3b1/8/2BB1q2/2Q2p2/PPP5/3K2R1 b - - 1 24,a8d8 g1g6 g8h7 g6g7 h7h8 g7g4 d8d4 c3d4 f4d4 g4d4,1949,74,77,147,crushing discoveredAttack discoveredCheck middlegame pin veryLong xRayAttack,https://lichess.org/EGn6EuBq/black#48,
uwUAD,rn1q1rk1/ppp2ppn/8/2bP1bPQ/3p4/3B4/PPP2PP1/RNB1K2R b KQ - 1 11,d8d5 h5h7 f5h7 d3h7,2011,77,94,663,advantage kingsideAttack opening sacrifice short xRayAttack,https://lichess.org/GCDc0sqi/black#22,Petrovs_Defense Petrovs_Defense_Italian_Variation
uzAAz,2r2rk1/p4ppp/8/8/6Q1/3nB3/Ppq2PPP/1R3RK1 b - - 2 23,d3f2 e3f2 c2b1 f1b1 c8c1 g4d1 c1d1 b1d1 f8b8 d1b1,2053,76,75,187,advantage middlegame veryLong xRayAttack,https://lichess.org/Spo8wB7H/black#46,
v1uv7,r6k/p1p3pp/4Qp2/2q4b/8/2P2P2/P5PP/R1B4K w - - 2 21,e6e4 a8e8 c1e3 c5e3 e4e3 e8e3,2082,77,94,5963,crushing endgame long xRayAttack,https://lichess.org/JO8pXKzC#41,
v3JlW,5r2/1pqbQ2k/p2p3p/2p1p3/2PbNr2/P7/1PP3PP/1R3R1K b - - 1 23,f8f7 e7f7 f4f7 f1f7 h7g6 b1f1,2010,77,95,72,advantage defensiveMove long middlegame xRayAttack,https://lichess.org/s8sU9EyJ/black#46,
v3qnQ,1n3rk1/R5b1/2p4p/2Ppp1p1/Q2Pn3/4BPqb/4P1B1/4NRK1 w - - 1 24,f3e4 g3e3 g1h2 f8f1 g2f1 h3f1,1946,76,94,13137,advantage deflection hangingPiece kingsideAttack long middlegame xRayAttack,https://lichess.org/9Kaa3RQO#47,
v6Ixz,6k1/4r2p/6pb/p5q1/3P1NP1/1PP1pQK1/P7/4R3 w - - 2 33,e1e3 g5f4 f3f4 e7e3 f4e3 h6e3,1907,74,95,4733,advantage endgame long xRayAttack,https://lichess.org/Rb2JhSaN#65,
v96YY,r4r1k/pbpRq2p/1pn1B1n1/6NQ/8/8/PPP2bPP/7K b - - 1 19,f2c5 h5h7 e7h7 d7h7,1917,81,79,64,fork mate mateIn2 middlegame pillsburysMate short xRayAttack,https://lichess.org/pRhJmBL0/black#38,
v99Qe,1r4k1/pbp3p1/1pQ4p/3pq3/8/2P1B3/P1P2PPP/3RK2R w K - 4 20,d1d5 e5d5 c6d5 b7d5,2150,182,100,25,equality middlegame short xRayAttack,https://lichess.org/ULUnc3iB#39,
v9SL7,r5k1/6p1/b1r2b1p/1qNp1P2/3Pp1P1/2Q1P2P/R6B/2R3K1 w - - 1 39,a2b2 c6c5 d4c5 b5b2 c3b2 f6b2,1959,74,96,3469,advantage long middlegame xRayAttack,https://lichess.org/mGK6XziN#77,
v9VyC,2r5/1p1bq1k1/p3pNP1/4P3/5n2/8/PPR2P2/1K5R b - - 0 27,f4g6 h1h7 g7f8 f6d7 e7d7 h7d7,1981,76,94,927,advantage exposedKing long middlegame xRayAttack,https://lichess.org/geIxDdvQ/black#54,
v9n6T,4r3/7p/p2P2pk/2p5/2P3qP/2Q2pP1/P4p1K/5R2 b - - 0 31,e8e4 c3d2 h6g7 d6d7 e4d4 d7d8q d4d8 d2d8,2057,77,94,5264,advancedPawn crushing endgame master promotion veryLong xRayAttack,https://lichess.org/mwLVq1v1/black#62,
vDkx4,5r1k/pp4p1/6Q1/8/3P4/4PbPp/PP1b3P/R1R3K1 w - - 1 31,c1c7 d2e3 g1f1 f3h5 c7f7 f8f7 g6f7 h5f7,2036,78,92,7601,advantage discoveredAttack discoveredCheck endgame veryLong xRayAttack,https://lichess.org/e4MRXZI2#61,
vF6Xh,3r3r/2p1kq1p/p1B2p2/1p2p3/8/b3BQ2/1PP2P1P/2K3R1 b - - 3 24,a3d6 c6d5 h8g8 g1g8 f7g8 d5g8,1990,80,92,501,advantage long middlegame trappedPiece xRayAttack,https://lichess.org/iIFGMcB0/black#48,
vKgvQ,rn2k2r/1bpqbppp/p3pn2/4N3/2QP4/6P1/4PPBP/RNB2RK1 b kq - 4 13,d7b5 c4b5 a6b5 a1a8 b7a8 g2a8,2090,77,94,5719,crushing long opening pin xRayAttack,https://lichess.org/GsP72npt/black#26,Indian_Defense Indian_Defense_Knights_Variation
vLNBd,2r1k2r/5pp1/p1nbp3/1p1p4/3P1Bpq/6N1/PPPQ1PPN/R4RK1 w k - 2 17,g3e2 h4h2 f4h2 d6h2,2031,78,92,7554,crushing kingsideAttack middlegame sacrifice short xRayAttack,https://lichess.org/NWu1dMj8#33,Caro-Kann_Defense Caro-Kann_Defense_Exchange_Variation
vMFNy,8/1p4pk/6r1/3p4/P7/4q2p/1PQ2RPP/2R3K1 w - - 0 34,c2d2 g6g2 g1h1 e3d2 f2d2 g2d2,2094,84,91,818,advantage endgame long xRayAttack,https://lichess.org/9XuEHmhp#67,
vOsjq,8/1rkb1R2/Q3p1Bp/3q3P/p2p4/1P1P4/1KP5/8 b - - 0 39,a4b3 g6e4 b3c2 a6b7 d5b7 e4b7,2180,80,83,112,crushing endgame exposedKing long xRayAttack,https://lichess.org/5dMokuho/black#78,
vPJPK,r4rk1/pp2bppp/2p2n2/2P5/4PB2/2NB3q/PP6/R2Q1RK1 w - - 0 16,f1f3 e7c5 f4e3 c5e3 f3e3 h3e3,1926,77,91,2103,crushing exposedKing kingsideAttack long middlegame xRayAttack,https://lichess.org/C0wbC0dX#31,French_Defense French_Defense_Normal_Variation
vUAjo,8/8/p4kp1/1p4p1/2rPR3/4PKP1/7P/8 w - - 2 46,d4d5 g5g4 e4g4 c4g4,2100,80,93,9337,crushing endgame rookEndgame short xRayAttack,https://lichess.org/pabOL2go#91,
vUhjo,r4rk1/p1R2p1p/1pb1pp2/8/2B5/1P2P3/P4PPP/2R3K1 b - - 3 19,f8c8 c7c8 a8c8 c4a6 c6b7 c1c8 b7c8 a6c8,2099,76,86,621,attraction crushing discoveredAttack endgame veryLong xRayAttack,https://lichess.org/ioE1W4nu/black#38,
vXSWc,1r1q1rk1/5pb1/p1p1b1pp/3n4/3B4/N5PP/PP3PB1/R2QR1K1 w - - 2 18,b2b3 d5c3 d4c3 g7c3,1988,78,92,3468,advantage master middlegame short xRayAttack,https://lichess.org/aKZdhRYX#35,Pirc_Defense Pirc_Defense_Other_variations
vcRBl,4r1k1/5ppp/p1p2b1q/1p1p4/3Pr1N1/2P2Q2/PP3PRP/R6K b - - 9 24,e4e1 g2g1 e1g1 a1g1 h6g6 g4f6,1939,75,93,10239,advantage long middlegame xRayAttack,https://lichess.org/3eWnx9Gv/black#48,
vdAp1,3r4/1r1P1p1k/p5pp/4pq2/2Q5/7P/P2R1PP1/3R2K1 w - - 0 31,c4c8 d8c8 d7c8q f5c8,1908,79,92,40,crushing endgame short xRayAttack,https://lichess.org/VvtqLIZu#61,
vdDDu,5r1k/Q1p1q1b1/2P4p/5bp1/2R5/4B1P1/P3rPBP/R5K1 w - - 2 25,e3d4 e2e1 g2f1 e1a1 d4a1 g7a1,2080,84,91,3295,advantage long middlegame xRayAttack,https://lichess.org/sfZE9p1L#49,
vf15w,3r1rk1/p5pp/2p1b3/2P1P3/3Bp3/4P3/P2KBq1P/R2Q3R w - - 1 22,h1f1 d8d4 e3d4 f2d4 d2e1 d4c3,1927,79,92,289,advantage long middlegame xRayAttack,https://lichess.org/yiQC8kRn#43,
vfQuX,6rk/pp2Q1pp/4Nr2/3p3q/2pP4/2P1P3/PP4RP/R5K1 w - - 3 28,g2g7 f6g6 g7g6 g8g6 e6g5 g6g5 e7g5 h5g5,2139,90,90,381,crushing kingsideAttack middlegame veryLong xRayAttack,https://lichess.org/S34wMRRl#55,
vfimJ,r4B2/4N2k/6p1/q4r2/1ppP4/P2n1P2/1P1Q1P2/1K5R b - - 2 27,f5h5 d2h6 h5h6 h1h6,1912,76,95,2984,mate mateIn2 middlegame operaMate sacrifice short xRayAttack,https://lichess.org/4uTMXnVm/black#54,
vjnMb,2b2rk1/2p2ppp/4p3/3nN3/1p1P4/2b1PQ2/qB3PPP/1RR3K1 w - - 0 20,h2h3 c3b2 f3e2 d5c3 e2b2 c3e2 b2e2 a2e2,2025,76,94,1904,advantage fork middlegame veryLong xRayAttack,https://lichess.org/Dl5t1ayx#39,
vlcws,r5k1/p2R1ppp/1p2p3/3p4/3P4/R2QP3/1q3PPP/2rN2K1 w - - 2 23,d7a7 b2a3 a7a3 a8a3,1925,76,100,145,advantage middlegame short xRayAttack,https://lichess.org/Zzn6j5H7#45,
vloO1,2r4k/1p3p1p/p2pp3/8/1P3q2/2rQ2R1/6PP/2R4K w - - 0 34,c1c3 f4c1 c3c1 c8c1 d3d1 c1d1,1949,77,92,274,backRankMate endgame long mate mateIn3 sacrifice xRayAttack,https://lichess.org/7fDlhD1E#67,
vpOI7,6k1/6r1/1p2p2Q/p3P1B1/Pn1nB3/5P2/2q3KP/R7 w - - 2 34,g2g3 d4f5 e4f5 c2f5 h2h4 f5e5,2123,76,92,2561,crushing fork long middlegame xRayAttack,https://lichess.org/uRFUX22p#67,
vqbWq,1r3k1r/4pP2/2p2bQ1/2q5/2N5/P4P2/1P6/1K1RR3 w - - 1 32,e1g1 c5c4 g6g8 h8g8 f7g8r c4g8 g1g8 f8g8,2124,77,82,136,advantage hangingPiece master middlegame veryLong xRayAttack,https://lichess.org/OdE7pF8D#63,
vrDuF,2b1r2k/p4pp1/2p5/4r1n1/1q2N3/3B4/PPQ1RPPP/4R1K1 w - - 0 27,e4g5 b4e1 e2e1 e5e1 d3f1 e1f1 g1f1 c8a6,2092,78,88,445,attraction crushing kingsideAttack middlegame veryLong xRayAttack,https://lichess.org/tFF9sC5D#53,
vs9BA,rk1q4/p3rp2/1pQN2p1/2p5/8/3PR3/PP3P1P/n5K1 b - - 4 30,d8c7 c6e8 e7e8 e3e8 c7d8 e8d8 b8c7 d8a8,2080,76,94,673,advantage middlegame queensideAttack sacrifice skewer veryLong xRayAttack,https://lichess.org/X3WYnrvX/black#60,
vw1CG,3rr1k1/5ppp/p2p1b2/1p1R4/5B2/1P3NQ1/1Pq3PP/3R3K w - - 0 21,d5d6 c2d1 d6d1 d8d1 f3g1 f6d4,1995,83,83,53,crushing kingsideAttack long middlegame xRayAttack,https://lichess.org/VdFv2JMB#41,
vwFKW,r5k1/p1rq1ppp/Q1N1p3/3n4/1pR5/7P/PP3PP1/3R2K1 b - - 6 24,a8c8 c6e7 d7e7 a6c8 c7c8 c4c8,2195,81,84,78,advantage deflection long middlegame sacrifice xRayAttack,https://lichess.org/AdW4vush/black#48,
vyKhu,4r1k1/ppp3pp/8/8/P7/2Qp3P/2p1q1PK/R7 b - - 5 34,e2d1 c3b3 g8h8 a1d1 c2d1r b3d1 e8d8 d1d2,1995,75,85,365,advantage endgame veryLong xRayAttack,https://lichess.org/PmsrJgmE/black#68,
w0C6F,2r3k1/p4ppp/bp1N2n1/3p4/2r5/P1P3P1/5K1P/2R1R3 b - - 2 25,c4c3 d6c8 c3c8 c1c8 a6c8 e1e8 g6f8 e8c8,2014,76,93,4145,advantage fork middlegame veryLong xRayAttack,https://lichess.org/752x9Ccj/black#50,
w1mZr,3r1rk1/pp4bp/4N1p1/8/4qp1P/P3B3/1P3QP1/3R1RK1 b - - 1 23,f4e3 f2f7 f8f7 d1d8 g7f8 d8f8 f7f8 f1f8,2120,72,94,10100,collinearMove deflection mate mateIn4 middlegame sacrifice veryLong xRayAttack,https://lichess.org/dKwZeTuy/black#46,
w1pWn,8/p4Rpk/1b5p/7r/P7/5PB1/r4P1P/6RK b - - 0 33,a2a4 g3e5 h5g5 f7g7 g5g7 g1g7,1974,82,92,425,crushing endgame long xRayAttack,https://lichess.org/YaQdTH2U/black#66,
w3PqG,2r1r1k1/5ppp/3P4/p7/1p4P1/1P3Q1P/1Pq5/1K1R1B1R w - - 0 25,b1a2 a5a4 f1b5 a4b3 f3b3 c8a8 b5a4 a8a4 b3a4 c2a4,2169,79,69,98,crushing middlegame veryLong xRayAttack,https://lichess.org/6ColvwwY#49,
w46Wm,5rk1/6pp/bR6/2pPq3/B1P2rn1/5NQ1/5pPP/5R1K b - - 1 30,e5e1 f1e1 f2e1q g3e1,1913,74,81,252,crushing master middlegame short xRayAttack,https://lichess.org/xcHN3M43/black#60,
w5PWL,r2q1rk1/1p3pp1/p1n4p/4PPb1/3Pp3/P3B2P/1P2N3/R2Q1RK1 w - - 1 18,d1d2 c6e5 d4e5 d8d2 e3d2 g5d2,1915,76,91,1124,advantage long middlegame xRayAttack,https://lichess.org/Cgf36Z6C#35,Sicilian_Defense Sicilian_Defense_Alapin_Variation
wEEF3,r5k1/1bR2rpp/4p3/p2qB3/1b1P2Q1/4P2P/5PP1/R5K1 b - - 1 26,a8f8 g4g7 f7g7 c7g7 g8h8 g7b7 d5e5 d4e5,2102,75,93,3472,advantage discoveredAttack discoveredCheck kingsideAttack middlegame sacrifice veryLong xRayAttack,https://lichess.org/PBUgrBqC/black#52,
wFCNQ,2r4k/2r2pp1/5q1p/1pnBpP1P/3pP3/P2P1Q2/2R1KP2/2R5 w - - 0 30,d5b7 c5b3 c2c7 b3c1 c7c1 c8c1,2184,91,90,1899,crushing long master middlegame xRayAttack,https://lichess.org/LmhEDFjK#59,
wQb9V,8/5ppk/7p/3p1Q2/8/4qP1P/3r2P1/3R3K b - - 10 33,h7h8 d1c1 e3e6 c1c8 e6c8 f5c8,2141,77,92,1404,crushing endgame long quietMove xRayAttack,https://lichess.org/mP0frrn7/black#66,
wRQID,r1bqk2r/1pp2pp1/p1p5/6N1/3bP1p1/8/PP3PP1/RNBQR1K1 w kq - 0 13,e4e5 g4g3 c1e3 g3f2 e3f2 d4f2 g1f2 d8g5,1953,76,72,76,advancedPawn advantage fork opening pin veryLong xRayAttack,https://lichess.org/9nkgxCm8#25,Ruy_Lopez Ruy_Lopez_Berlin_Defense
wYzaz,3r2k1/pb3pp1/1p2p2p/8/q2NP3/3Q4/P4PPP/1B1R2K1 w - - 3 21,e4e5 b7e4 b1c2 a4c2 d3c2 e4c2,2163,77,91,117,advantage long middlegame xRayAttack,https://lichess.org/D89qL7Xj#41,
wbHPn,6k1/1p2rpb1/p2p3p/P1pP2p1/2P5/2N3qP/1PQ3B1/3R2K1 w - - 2 29,c2f2 g7d4 d1d4 e7e1 f2e1 g3e1,2115,76,94,1085,crushing exposedKing kingsideAttack long middlegame pin sacrifice xRayAttack,https://lichess.org/v1n4c2KS#57,
wbSDf,2kr1b1r/pppqpppp/2n5/3P4/2P5/5b1P/PP2BPP1/R1BQ1RK1 w - - 0 12,d5c6 d7d1 c6b7 c8b8 f1d1 d8d1 e2d1 f3d1,2112,77,91,770,crushing middlegame veryLong xRayAttack,https://lichess.org/DOLZ3Sc1#23,Alekhine_Defense Alekhine_Defense_Scandinavian_Variation
wfTBv,2Q5/p4rk1/1p1n1qp1/7p/8/P7/6PP/2R3RK w - - 8 43,c8c3 f6c3 c1c3 d6e4 c3f3 e4f2 f3f2 f7f2,1943,75,90,264,advantage endgame veryLong xRayAttack,https://lichess.org/HsxsKRJ3#85,
wjzuc,2rr2k1/p4pbp/6p1/2B2b2/1PB5/q2p1P2/P2Q2PP/2R1R1K1 w - - 0 22,e1e7 c8c5 b4c5 a3c5,2070,84,88,64,crushing middlegame short xRayAttack,https://lichess.org/Mbl43087#43,
wm4tm,8/5Q2/4p1pk/4P2p/1P3P2/8/3q1KPP/8 w - - 6 48,f2g3 d2e3 g3h4 g6g5 f4g5 e3g5 h4h3 g5g4,2031,80,93,150914,endgame mate mateIn4 queenEndgame veryLong xRayAttack,https://lichess.org/5iD7WhUb#95,
wm95D,2R2k2/1B3p2/1p1r1bpp/3Np3/3nP3/8/5PPP/6K1 b - - 3 35,f8g7 d5c7 d6d8 c7e8 d8e8 c8e8,2072,85,92,3305,advantage endgame long quietMove xRayAttack,https://lichess.org/C4D6FwE3/black#70,
wmoVS,5rk1/ppqr1p2/2p1pp1Q/8/3P4/2N4P/PPP3P1/3R2K1 b - - 0 19,c7g3 c3e4 g3g6 e4f6 g6f6 h6f6,1903,76,93,5346,crushing endgame fork long xRayAttack,https://lichess.org/igw8wnD0/black#38,
wzkQn,2k1r3/1p4pp/4rn2/3p4/4NP1q/4RQ1P/PP5P/4R2K w - - 0 23,e4f6 h4e1 e3e1 e6e1 h1g2 e8e2 g2g3 e2e3,2184,82,90,1192,advantage middlegame pin veryLong xRayAttack,https://lichess.org/N0YptJ7W#45,
x2D4T,3r1N1k/1p1P3p/6p1/8/6b1/8/Pb3rPP/2R1RB1K w - - 1 29,c1c8 d8c8 d7c8q g4c8,2175,90,90,625,advantage master middlegame short xRayAttack,https://lichess.org/4eteSskU#57,
x5kPo,8/1rPk2p1/3P1p1p/8/2KB2P1/7P/p7/8 b - - 1 49,d7d6 c7c8q b7c7 d4c5 c7c5 c8c5,2149,85,89,815,advancedPawn crushing endgame exposedKing long promotion xRayAttack,https://lichess.org/EoyYt0nc/black#98,
x6GCw,1q4k1/1P2bpp1/3Nbn1p/8/4pQ2/6N1/r4PPP/2R3K1 b - - 1 32,b8d6 b7b8q d6b8 f4b8,2141,78,85,247,advancedPawn advantage middlegame promotion short xRayAttack,https://lichess.org/3NBxqKXj/black#64,
x7iZT,4q2r/1k6/1pr3n1/2PQp2p/3pP3/5pP1/5K1P/1R2R3 b - - 1 33,b7c7 b1b6 e8e6 d5e6 c6e6 b6e6,1961,107,91,100,advantage long middlegame xRayAttack,https://lichess.org/TiJgdH2a/black#66,
x9ePv,1rb2r1k/p2q1p1p/1p4p1/2pB1RQ1/3bP3/6P1/P1PB2KP/5R2 w - - 2 22,f5f7 d7h3 g2h1 h3f1 f7f1 f8f1 h1g2 f1f2,2092,78,92,3475,crushing deflection middlegame veryLong xRayAttack,https://lichess.org/wsedvwpG#43,
xAKN5,r3q1k1/2R2rp1/p3p2B/1p1p4/4n1Q1/7P/PP3PP1/2R3K1 b - - 0 22,e4f2 g4g7 f7g7 c7g7 g8h8 c1c7 f2h3 g2h3,2123,76,95,217,advantage middlegame quietMove sacrifice veryLong xRayAttack,https://lichess.org/i2TsYJmV/black#44,
xC3MW,5rk1/1p3pb1/4p1p1/p2pP3/3P1Pp1/2P2q2/1P1Q2RP/5BK1 b - - 5 29,g7h6 g2f2 h6f4 d2f4 f3f4 f2f4,2041,79,92,3411,advantage endgame long xRayAttack,https://lichess.org/21qG4oeT/black#58,
xDYmM,5rk1/pp4p1/2p4p/3q4/PP2Rp2/2P2Q1P/5PP1/6K1 w - - 1 26,e4f4 d5f3 f4f3 f8f3 g2f3 g8f7,2033,75,85,306,crushing defensiveMove endgame long xRayAttack,https://lichess.org/r7trcIIt#51,
xE225,4RQ2/5ppk/p5rp/6q1/3p4/5P1r/PPR3P1/6K1 b - - 3 35,g6e6 f8g8 h7g6 e8e6 f7e6 g8e6,2045,75,96,1535,crushing endgame long xRayAttack,https://lichess.org/Ks8TgFXr/black#70,
xEFrM,3r4/1p1r1kp1/4pp2/1p5p/2bN3P/P1P5/1P1R1PP1/3R2K1 b - - 4 28,e6e5 d4c6 d7d2 c6d8 d2d8 d1d8,2117,82,91,200,advantage endgame long xRayAttack,https://lichess.org/oyRQNMlx/black#56,
xI5RM,1r4k1/p1q1ppbp/B5p1/5b2/Q2B4/5P2/PKP3PP/3R3R w - - 1 21,b2a1 c7c3 d4c3 g7c3,2025,77,92,941,master mate mateIn2 middlegame sacrifice short xRayAttack,https://lichess.org/aqUFZfiD#41,
xJAUj,7k/pp5P/6PN/4q3/6K1/8/8/8 b - - 7 61,e5f6 h6f7 h8g7 h7h8q g7g6 f7e5 f6e5 h8e5,1973,74,95,12381,advancedPawn crushing endgame exposedKing promotion veryLong xRayAttack,https://lichess.org/fhfXpcdj/black#122,
xJYOa,4r1k1/2p2pp1/P2p4/1Q1P1PPp/6rP/2b2K2/1p6/8 b - - 2 46,g4h4 b5e8 g8h7 g5g6 f7g6 e8g6,1959,163,88,7,crushing endgame hangingPiece long xRayAttack,https://lichess.org/H52gmWT0/black#92,
xJbGr,1k4r1/p4p2/1p1b3p/3P4/8/2QnqPP1/PPR4P/5R1K w - - 0 29,c2d2 d6b4 d2d3 e3e2 f1e1 e2e1 c3e1 b4e1,2185,77,96,1589,advantage middlegame sacrifice veryLong xRayAttack,https://lichess.org/pKkjAGGg#57,
xKa7l,1r4nk/2r3q1/p2N1PBp/3pP3/8/7R/P1p3PP/2Q3K1 b - - 0 35,b8b1 f6g7 h8g7 c1b1 c2b1r g6b1,2148,75,82,834,advancedPawn advantage long master middlegame xRayAttack,https://lichess.org/pE9yORFn/black#70,
xKewX,r4bnr/pp3k1p/2q1ppp1/2Pp4/8/4BQ2/P2N1PPP/1RR3K1 b - - 1 18,f8g7 d2c4 d5c4 b1b7 c6b7 f3b7,2161,93,80,39,crushing long middlegame quietMove sacrifice xRayAttack,https://lichess.org/Pwb0x4LE/black#36,French_Defense French_Defense_Advance_Variation
xMCYe,4rr1k/pp1Rb1pp/1q3P2/2p2P2/2B2PQ1/1P2p3/PB5P/6K1 b - - 0 27,e7f6 g4g7 f6g7 b2g7,1987,75,94,7180,kingsideAttack mate mateIn2 middlegame sacrifice short xRayAttack,https://lichess.org/1NayChGl/black#54,
xNAoc,2r2rk1/p3nppp/1p6/3pPpB1/1n1P4/qP1Q4/P1R1BPPP/2R3K1 w - - 2 21,g5e7 a3c1 c2c1 c8c1,2072,80,88,70,advantage middlegame short xRayAttack,https://lichess.org/SyhgVUzc#41,
xOMPF,1r4k1/5ppp/p3p3/1r1p4/q1nP4/PR4QP/2P1BPP1/1R4K1 b - - 9 27,b5b3 g3b8 b3b8 b1b8 a4e8 b8e8,2090,82,94,11078,backRankMate long mate mateIn3 middlegame xRayAttack,https://lichess.org/zrFAGMZa/black#54,
xQ1em,4rq1k/p5p1/R3P2p/1p2Q1n1/2p5/2P3P1/5PK1/7R b - - 6 41,e8e6 h1h6 e6h6 a6h6,1967,81,89,1107,crushing endgame master pin short xRayAttack,https://lichess.org/diWC2lAB/black#82,
xS1nk,6qk/1pn4p/p3p1PQ/3pP3/8/1bP1P3/2r3P1/1K3R1R b - - 3 29,c7b5 g6g7 g8g7 f1f8 g7f8 h6f8,2003,78,97,1942,advancedPawn long mate mateIn3 middlegame xRayAttack,https://lichess.org/L1hpH9B0/black#58,
xSp3j,2r1r1k1/2BQ2pp/4pp2/8/4P3/b6P/q4PP1/R2R2K1 b - - 9 27,a2c4 a1a3 c4c7 a3a7 c7a7 d7a7,1953,78,92,1234,advantage long middlegame xRayAttack,https://lichess.org/CplBe9oi/black#54,
xTLFs,1b2r1k1/pp2r1pp/5p2/3p1P1Q/3PR3/1BP3qP/PP6/4RK2 b - - 2 29,e7e4 b3d5 g8h8 h5e8 e4e8 e1e8,2125,79,60,169,backRankMate fork long mate mateIn3 middlegame xRayAttack,https://lichess.org/hEA21WRN/black#58,
xTnUY,4rrk1/pp3pp1/2p2B1p/2b5/8/2NR1Q2/PqP2PPP/1R4K1 w - - 2 18,f3g4 b2b1 d3d1 e8e1 d1e1 b1e1,1989,75,91,2630,kingsideAttack long mate mateIn3 middlegame xRayAttack,https://lichess.org/7L3LwT8i#35,Scotch_Game Scotch_Game_Other_variations
xWpFE,3r2k1/p1p4p/1p2p1pB/2brP1Q1/3P2R1/5P2/Pq3P2/3R3K b - - 1 24,d5d4 g5d8 d4d8 d1d8 g8f7 g4f4 f7e7 h6g5,2173,78,91,3072,kingsideAttack mate mateIn4 middlegame veryLong xRayAttack,https://lichess.org/JariHQ7N/black#48,
xbrPM,r3r2k/ppqN3p/6p1/3Q4/8/2b3P1/P4P2/1RR4K b - - 3 26,e8d8 b1b7 d8d7 d5d7 c7d7 b7d7,2067,84,92,271,advantage long middlegame xRayAttack,https://lichess.org/Rq2q6C0R/black#52,
xc7Zb,r1b2rk1/pp5p/2p5/2b1pB1N/3pP2q/3P4/PPP3PP/R2Q1RK1 w - - 1 17,d1g4 h4g4 f5g4 c8g4 h5f6 f8f6,1909,211,67,5,advantage long middlegame xRayAttack,https://lichess.org/bT1egeVc#33,Nimzowitsch_Defense Nimzowitsch_Defense_Declined_Variation
xcpQW,r5k1/p5pp/1p2p1r1/1P1p4/2PQnq2/8/1BP1KP2/R5R1 b - - 3 26,a8f8 d4g7 g6g7 g1g7,1914,75,81,164,advantage kingsideAttack master masterVsMaster middlegame sacrifice short xRayAttack,https://lichess.org/10NiYMcH/black#52,
xctDG,5k2/1p6/6R1/p3q3/4p2Q/5bPP/PPP2P1K/3r4 w - - 1 33,h4h6 f8e8 g6g8 e8d7 g8g7 d7c8 h6h8 d1d8 g7g8 e5h8 g8h8 d8h8,2176,79,81,77,crushing defensiveMove endgame veryLong xRayAttack,https://lichess.org/ORfHkLoa#65,
xeVyQ,3r2k1/1pp4p/p1b1R1p1/3r2q1/8/2PB4/PP2Q1PP/3R2K1 w - - 1 28,g2g3 d5d3 d1d3 g5c1 e2d1 c1d1 d3d1 d8d1,2038,76,86,127,advantage kingsideAttack middlegame sacrifice veryLong xRayAttack,https://lichess.org/V3FAx46O#55,
xllsT,3r2k1/5q2/3r2p1/5pQN/3Pp3/6P1/6PP/3R2K1 b - - 5 49,d6d4 g5d8 d4d8 d1d8 g8h7 d8d7 f7d7 h5f6 h7g7 f6d7,2098,74,95,3387,attraction crushing endgame exposedKing fork pin sacrifice veryLong xRayAttack,https://lichess.org/CqEGpsvJ/black#98,
xmTIb,r2k1b2/1p1q3r/p2n1Q2/P2Rp1p1/3nP2p/1B5P/N4PP1/3R2K1 b - - 0 32,d7e7 d5d6 d8c8 d1c1 c8b8 d6d8 e7d8 f6d8,2185,90,86,68,crushing exposedKing middlegame veryLong xRayAttack,https://lichess.org/EBw4xyks/black#64,
xmmNL,5rk1/2pb1r1p/1p4pb/p2Ppnq1/2P1B3/2BQ1RPP/PP2N2K/R7 w - - 2 23,a1f1 f5e3 f3f7 e3f1 f7f1 f8f1,2183,76,93,3853,crushing long master middlegame xRayAttack,https://lichess.org/zZeIwPQM#45,
xsAXR,8/8/3P4/p3p1pk/1r6/4K3/6R1/8 b - - 0 41,b4d4 g2d2 h5g6 d6d7 d4d7 d2d7,1908,75,96,3480,advancedPawn crushing endgame long rookEndgame xRayAttack,https://lichess.org/UR78d0Ir/black#82,
xuODS,r4r1k/6pp/p5n1/1p6/4QBn1/8/PPB2qPP/R4R1K b - - 3 25,f8f4 e4a8 f4f8 a8f8 f2f8 f1f8,1902,76,86,557,advantage hangingPiece long middlegame xRayAttack,https://lichess.org/26nWeaSK/black#50,
xzizp,r3q2k/ppp1b2n/5B1Q/4p3/3nN3/8/PP4rP/1K1R1R2 b - - 1 22,h8g8 f1g1 e8g6 h6g6 g2g6 g1g6,1934,80,93,3094,crushing exposedKing kingsideAttack long middlegame xRayAttack,https://lichess.org/cIQF4C2t/black#44,
y0DFk,7k/2q2pbP/1p2p1p1/p1prP1Q1/P5P1/1PB5/5PK1/7R b - - 0 34,g7e5 g5f6 e5f6 c3f6,2005,75,95,2970,endgame mate mateIn2 sacrifice short xRayAttack,https://lichess.org/6COyW9Kl/black#68,
y1grz,8/5k2/qP2p1p1/3pPr1p/2pB1P1P/r1Pp4/6P1/1Q2R1K1 b - - 3 37,f5f4 b6b7 a3b3 b7b8q b3b8 b1b8,2089,76,88,1198,advancedPawn crushing endgame long promotion xRayAttack,https://lichess.org/9Lop7mee/black#74,
y2io0,rnbr2k1/pp3pbp/3Q2p1/q3P2n/5P2/2N2N2/PPPB2PP/R3KB1R w KQ - 3 11,c3d5 a5d5 d6d5 d8d5,1981,76,88,1573,advantage master masterVsMaster opening short xRayAttack,https://lichess.org/ea7UIsw9#21,Pirc_Defense Pirc_Defense_Austrian_Attack
y43rT,2rQ4/2P2kp1/4q3/5p2/P7/5PP1/4p2P/2R3K1 w - - 0 43,c1e1 e6b6 g1g2 c8d8 c7d8q b6d8,2020,75,95,4611,advantage endgame long xRayAttack,https://lichess.org/rcsZlkYa#85,
y5tBl,2kr2r1/1bq2p1p/pp2p3/2b1n3/8/1P4PP/PBPPQPB1/R4RK1 w - - 0 18,b2e5 g8g3 e5g3 c7g3 e2g4 d8g8 g4g3 g8g3,2173,106,79,40,advantage middlegame pin veryLong xRayAttack,https://lichess.org/lTVAAMiH#35,Sicilian_Defense Sicilian_Defense_Snyder_Variation
y75mw,3r4/p3RQ2/3r1p1p/2P2kpn/6P1/q4P2/P1P4P/6K1 b - - 0 32,f5f4 f7c4 d6d4 e7e4 d4e4 c4e4,2110,76,93,2887,endgame long mate mateIn3 xRayAttack,https://lichess.org/MvVXeRWl/black#64,
y7d9X,rnbq1r2/pp2n3/4p1p1/2bpP1Q1/3k1p1P/1P6/P1P2PPK/RNB1R3 b - - 0 20,c5b4 c1e3 f4e3 g5e3,2097,86,66,129,mate mateIn2 middlegame sacrifice short xRayAttack,https://lichess.org/b0N0l3yq/black#40,
yB0Ug,1rr4k/1q3p1b/pn5Q/4b2P/3Bp3/1P6/2P4P/2KR2R1 b - - 4 31,b7c7 h6f6 e5f6 d4f6,2104,75,95,2484,mate mateIn2 middlegame morphysMate sacrifice short xRayAttack,https://lichess.org/oRJ3ouwN/black#62,
yCD9c,3r3r/1Qpk2pp/5p2/1N1p4/3P3n/5P1q/PPP2P2/R4RK1 w - - 1 22,b7c7 d7e6 a1e1 e6f5 c7g3 h4f3 g3f3 h3f3,2073,76,82,63,advantage fork middlegame veryLong xRayAttack,https://lichess.org/uiZRRUTv#43,
yFFR9,6k1/1p3ppp/3p4/1Pp5/2PqP3/r2P3P/5QP1/3R2K1 b - - 2 25,a3d3 f2d4 d3d4 d1d4 c5d4 e4e5,2166,76,92,5980,crushing endgame long xRayAttack,https://lichess.org/M2GgTbJA/black#50,
yK6k1,7r/1p2nkpr/2pp1p2/p3pP2/P3P1PN/2PP2K1/1P5R/7R b - - 4 26,g7g6 h4g6 h7h2 g6h8 h2h8 h1h8,2046,82,88,148,crushing endgame long xRayAttack,https://lichess.org/0FVc3HyL/black#52,
yKwc5,3r2k1/1b1r2p1/p1q1p2p/n2nPp2/2p2P1Q/NpP1BB2/1P4PP/3RR2K b - - 11 29,d5e3 h4d8 d7d8 d1d8 g8h7 f3c6,1912,76,72,84,advantage long middlegame xRayAttack,https://lichess.org/nh289Zou/black#58,
yUeQV,n2rk1r1/R2R4/4P3/4B3/2P1qPp1/7p/P2Q1P1P/7K w - - 1 36,f2f3 e4b1 d2d1 b1d1 d7d1 d8d1,2024,150,33,32,long mate mateIn3 middlegame xRayAttack,https://lichess.org/WuG2I57U#71,
yV0bx,5r1k/p3q1p1/2n1p1P1/3pP1Np/1ppP1r1P/2P5/P1P1Q3/2KR3R b - - 3 28,f4h4 e2h5 h4h5 h1h5 h8g8 d1h1 e7g5 h5g5,2122,75,95,1360,advantage kingsideAttack middlegame quietMove sacrifice veryLong xRayAttack,https://lichess.org/OThZnSCX/black#56,
yYSRf,8/p4kpQ/2p1rn1p/3p2p1/PB1Pr1P1/1P1qPR1P/8/5RK1 b - - 8 28,e4e3 h7d3 e3d3 f3d3,2048,75,81,307,crushing middlegame short xRayAttack,https://lichess.org/3TqbyNpG/black#56,
ybvxY,4rr1k/6R1/p6P/1pnR1p2/2p5/P4Q2/1qB2PP1/6K1 w - - 0 35,c2f5 b2c1 d5d1 e8e1 d1e1 c1e1 g1h2 e1e5,2141,83,92,831,advantage middlegame veryLong xRayAttack,https://lichess.org/hcCNcQRD#69,
ydtPg,7r/1p1r1pk1/3p1q2/5bp1/1QPR4/PP2P1P1/3R1PB1/6K1 w - - 3 39,d4d6 f6a1 d2d1 a1d1 d6d1 d7d1,2035,89,88,36,advantage long middlegame xRayAttack,https://lichess.org/iSQmA66e#77,
yePN4,4rrk1/1pp3p1/p1pb3p/8/4p1q1/2PP1NN1/PP2QPK1/R6R w - - 0 24,d3e4 d6g3 f2g3 e8e4 e2d3 f8f3 d3f3 e4e2 f3e2 g4e2,2074,81,90,2595,advantage intermezzo master middlegame veryLong xRayAttack,https://lichess.org/g14ce26D#47,
yh9Jm,6r1/pppb1k2/2n1pp1r/3p4/3P3N/2PB2P1/P1P2P1R/2K4R b - - 7 20,g8h8 h4g6 h6h2 g6h8 h2h8 h1h8,1968,76,89,1286,crushing long middlegame xRayAttack,https://lichess.org/a8gllASw/black#40,
yhOuY,1r4k1/Rp3pp1/1QP1b1np/1B1p4/1q1N4/4P3/5PPP/6K1 w - - 1 34,a7b7 b4b1 b5f1 b1b6 b7b6 b8b6,1989,75,95,1067,advantage long middlegame xRayAttack,https://lichess.org/qTot0nuq#67,
yiiFx,8/2k2r2/1p1p2p1/pPpPp3/P3P1b1/3P1Bbq/6Q1/3N1RK1 w - - 0 62,f3g4 g3h2 g1h1 f7f1 g2f1 h3f1,2128,86,86,39,crushing deflection exposedKing kingsideAttack long middlegame xRayAttack,https://lichess.org/9EwvhHeI#123,
yjsj6,1rn5/R6k/6pp/3PQ3/5P2/2P3PP/1r3q2/4R2K b - - 1 36,b8b7 e5c7 b7c7 a7c7 c8e7 e1e7 h7h8 e7e8,1980,77,86,126,fork mate mateIn4 middlegame sacrifice veryLong xRayAttack,https://lichess.org/hLixM4Uc/black#72,
ykVoK,k2r3r/pp1b1R2/4p2p/q2pQ1p1/8/P1N3P1/1P4PP/5R1K w - - 3 26,e5h8 d8h8 f7f8 a5d8 f8d8 h8d8,1952,92,83,78,advantage hangingPiece long middlegame xRayAttack,https://lichess.org/rkFNWYnV#51,
ykwzJ,1r3rk1/1R3pbp/p1P1b1p1/8/8/4BQP1/q4PBP/1R4K1 w - - 1 22,c6c7 a2b1 b7b1 b8b1 g2f1 e6h3,2110,82,90,494,crushing long middlegame pin xRayAttack,https://lichess.org/WoXtNJHh#43,
ylN0D,2Q1R1r1/5pk1/p6p/1p1p4/3P1n2/5P1q/PP3R1P/5K2 w - - 9 35,f1g1 h3c8 e8c8 g8c8,1960,77,92,1206,crushing endgame short xRayAttack,https://lichess.org/RVAkmOhf#69,
ymqCt,k4r2/p2B2Q1/1p4p1/2qP4/4P3/8/2r2PP1/5RK1 b - - 4 41,c2f2 d7c6 c5c6 g7f8 f2f8 f1f8 c6e8 f8e8,2179,86,94,7673,crushing deflection endgame master sacrifice veryLong xRayAttack,https://lichess.org/nTQ1h3jl/black#82,
yoQO2,1r2r1k1/pb5p/4p1p1/2Qn4/1P3q2/PB3N2/6PP/2R1R1K1 w - - 7 28,b3a4 e8c8 c1c4 f4c4 c5c4 c8c4,2005,75,86,337,crushing long middlegame xRayAttack,https://lichess.org/DCUnyeR2#55,
yoRTx,4r1k1/1b3p1p/p5p1/8/P1Bp2Pq/3Q3P/2P5/5RK1 b - - 1 26,e8e3 c4f7 g8f8 f7g6 b7f3 f1f3 e3f3 d3f3,2074,93,88,1347,crushing discoveredAttack discoveredCheck endgame master veryLong xRayAttack,https://lichess.org/AQ72wasY/black#52,
yojbQ,8/1B3pkp/5p2/2N1p3/8/n1P3P1/p3PP1P/Kb6 w - - 4 34,b7e4 f6f5 e4f5 b1f5,2076,83,91,1895,advantage endgame short xRayAttack,https://lichess.org/ew6HYprZ#67,
yp4Y3,4r2k/ppQ2rbp/2p2Bpn/8/8/2N3PP/PqP2PB1/R3R1K1 b - - 0 21,b2a1 f6g7 f7g7 c7g7 h8g7 e1a1,1972,76,89,362,crushing fork long master middlegame xRayAttack,https://lichess.org/1lUhY41x/black#42,
yptZa,3r1k2/2r3bQ/p3p1Np/2Pb4/5P1p/P1q5/6P1/3R1R1K b - - 0 37,f8e8 h7g8 e8d7 d1d5 e6d5 g8d5,2134,79,91,534,crushing exposedKing long master middlegame xRayAttack,https://lichess.org/2h5p3uJ7/black#74,
ysFIl,Qr4k1/1Pqr1pp1/1R2p2p/2pp4/8/8/5PPP/1R4K1 b - - 1 31,d5d4 b6c6 c7b7 a8b8 b7b8 b1b8,2197,75,96,1414,advantage endgame long xRayAttack,https://lichess.org/OrY7s9W9/black#62,
ystBl,5r2/3b1r1k/p5qp/1p1P2p1/1Q1Bp3/P1P2P2/1PB4P/5R1K b - - 0 37,f7f3 b4f8 f3f8 f1f8 g6f5 f8f5,2172,79,84,149,crushing long master middlegame xRayAttack,https://lichess.org/Y6CaW9Ih/black#74,
yuOKT,2r3k1/1p4qp/1Q4p1/3P1p2/2P1rB2/4P3/6PP/2R3K1 b - - 6 39,e4c4 b6e6 g7f7 e6c8 c4c8 c1c8,1913,78,67,68,crushing endgame long xRayAttack,https://lichess.org/7n5WXZUe/black#78,
ywLBv,r5k1/r7/2Q4p/2P5/1n1qPP2/8/R5PP/R4K2 w - - 3 34,a2a7 d4a1 a7a1 a8a1,1946,76,95,4207,crushing endgame short xRayAttack,https://lichess.org/HpHzoFmz#67,
ywzZU,8/2Q5/6kp/6p1/1P3p2/2P1qP1P/3rp1PK/4R3 w - - 7 45,c7c4 d2d1 c4e2 d1e1 e2e1 e3e1,2037,76,92,303,crushing endgame long master xRayAttack,https://lichess.org/h1V6uNjS#89,
yyh6X,r7/pp1q1rk1/5pp1/2pN4/4P2R/7Q/PPP3P1/2K5 b - - 7 26,a8g8 h4h7 g7f8 h3d7 f7d7 h7d7,1945,75,85,726,crushing endgame long xRayAttack,https://lichess.org/r9bhZZHR/black#52,
yzM5x,4rr1k/ppp3p1/4Q2p/1PPP1p2/3P2nq/P1N4P/6P1/R1B2RK1 w - - 1 23,f1f5 h4e1 e6e1 e8e1 f5f1 e1f1,2063,80,78,191,fork long mate mateIn3 middlegame xRayAttack,https://lichess.org/g8ksi5u7#45,
yzTAz,4r3/1p2r1k1/p2p2p1/P1pP1p2/1nN1P3/7P/4R1P1/4R1K1 b - - 1 34,e7e4 c4d6 e4e2 d6e8 e2e8 e1e8,1969,75,89,443,advantage endgame fork long xRayAttack,https://lichess.org/iMa7zyFN/black#68,
z10Ez,6k1/2r2ppp/B3p3/P7/1Pp5/2R1P1P1/3r1P1P/6K1 b - - 0 31,d2d3 c3d3 c4d3 a6d3 c7c1 g1g2,2035,78,91,243,advantage endgame long xRayAttack,https://lichess.org/3yXb0X7e/black#62,
z1Vuz,2r5/1qP2pkp/6p1/p3PbN1/Pp1Q1P2/8/1P4PP/2R3K1 w - - 3 32,d4d8 b7b6 g1f1 c8d8 c7d8q b6d8,1914,78,93,1201,crushing endgame long xRayAttack,https://lichess.org/tsNSiy20#63,
z4GUv,r4r1k/6PP/1Q6/4p3/p7/P1P5/1P3p2/1K3Rqb b - - 0 31,h8h7 g7f8n a8f8 f1g1 f2g1q b6g1,2158,82,87,173,advancedPawn advantage endgame long promotion underPromotion xRayAttack,https://lichess.org/k9u6p9Qi/black#62,
z4gEd,r4rk1/1pp1n1p1/7p/p3N3/2P3n1/PP3RPq/1BQ4P/R5K1 w - - 1 20,a1f1 h3f1 f3f1 f8f1 g1f1 g4e3 f1e2 e3c2,2129,78,95,1163,advantage attraction fork middlegame sacrifice veryLong xRayAttack,https://lichess.org/Ur2RwOSD#39,
z4wJf,3r1k2/1p1r1p2/p5pp/N2n4/6PP/5P2/PP1R1K2/3R4 w - - 0 31,b2b3 d5c3 d2d7 c3d1 d7d1 d8d1,1910,84,100,62,advantage endgame long xRayAttack,https://lichess.org/dv0x0GK1#61,
z4wkH,r4r1k/1p1Q2p1/p4q1p/2p5/3N1p2/1P1P4/PBP2P2/1K4R1 b - - 0 29,c5d4 b2d4 a8d8 d7g7 f6g7 d4g7 h8h7 g7f8,2028,75,85,93,advantage endgame fork veryLong xRayAttack,https://lichess.org/QqhR2iID/black#58,
z8aRP,8/pp1k1p2/1q6/3pP3/2P3Qb/N7/PP3r2/2K5 b - - 1 24,d7c6 g4c8 b6c7 c4d5 c6b6 a3c4 c7c4 c8c4,2103,75,99,314,advantage endgame pin veryLong xRayAttack,https://lichess.org/I8qBq2A2/black#48,
z9Vtm,3r2k1/p2r3p/1p1R1QpB/2b2p2/8/7P/q5P1/3R3K b - - 0 30,c5d6 d1d6 a2f7 f6d8 d7d8 d6d8 f7e8 d8e8,1964,74,96,2000,crushing middlegame veryLong xRayAttack,https://lichess.org/gKLNfl1C/black#60,
zAdPy,5qk1/2p2p1p/ppNp2p1/2nP4/P6Q/1P3P2/2P1r1PP/4R1K1 b - - 2 25,f8e8 c6e7 e8e7 h4e7 e2e7 e1e7,1950,76,86,139,crushing endgame kingsideAttack long master xRayAttack,https://lichess.org/7UJyUGUe/black#50,
zAn6C,6k1/1R4pp/3p4/3Pp3/q3Pr2/p2Q3P/3KB3/8 w - - 0 33,b7b3 a3a2 b3a3 a2a1q a3a1 a4a1,2002,74,66,141,advancedPawn crushing endgame long promotion xRayAttack,https://lichess.org/UFE3cftP#65,
zBsgt,r4rk1/P1R2p2/5Qp1/7p/7P/8/2p2PP1/1q2R1K1 w - - 2 37,f6e7 a8e8 c7c2 b1e1 e7e1 e8e1,2192,91,83,44,crushing endgame long master xRayAttack,https://lichess.org/xTTPIQI1#73,
zFjru,3r1b2/1p1r1k1p/p4pp1/5p2/3N4/1P2P1P1/1P1R1P1P/3R2K1 b - - 2 26,f8c5 d4c6 d7d2 c6d8 d2d8 d1d8,2041,77,92,661,advantage endgame long xRayAttack,https://lichess.org/oMpHIWVB/black#52,
zGzpP,6k1/6b1/2Q3pp/4r3/6P1/2PK1P2/q7/3R3R w - - 0 34,c6c4 e5d5 c4d5 a2d5,1970,77,92,433,advantage endgame short xRayAttack,https://lichess.org/LPKE5AFM#67,
zIJnY,4Qr1k/pp3P1p/2n5/6q1/8/2P5/PPB2RKP/8 w - - 5 39,g2f3 g5h5 f3e3 f8e8 f7e8r h5e8,1916,100,70,46,advantage endgame exposedKing long xRayAttack,https://lichess.org/EwEVsXMg#77,
zIbbJ,r5rk/6R1/6Qp/p2pP3/3P4/5q2/5P1P/6RK w - - 0 37,g6g2 f3g2 g7g2 g8g2 g1g2 a8g8,2036,85,83,78,clearance crushing endgame long xRayAttack,https://lichess.org/aZXDqSvQ#73,
zL3zG,2r2b1k/2r3pp/1R1pQp2/p3p3/q1P5/5N1P/5PP1/2R3K1 b - - 0 39,c7c4 e6c8 c4c8 c1c8 a4a1 g1h2,2003,75,86,771,advantage defensiveMove long middlegame pin xRayAttack,https://lichess.org/Tc7KwYk4/black#78,
zN5n1,r4rk1/pp2bpp1/2n1q2p/3pN3/3P4/8/PPQ2PPP/R1B1R1K1 w - - 2 18,c2c3 e7b4 e5c6 e6e1 c3e1 b4e1,1984,74,80,173,advantage kingsideAttack long middlegame xRayAttack,https://lichess.org/XRWkWmr1#35,Queens_Pawn_Game Queens_Pawn_Game_Other_variations
zRctU,r3kb1r/pp1b1p1p/2n1p1p1/2Pp3n/3P2P1/2N2q2/PP2NB1P/2RQKBR1 b kq - 1 14,h5f4 g1g3 f4d3 d1d3 f3d3 g3d3,1952,74,93,8517,advantage long opening xRayAttack,https://lichess.org/RHL6LgdF/black#28,Queens_Pawn_Game Queens_Pawn_Game_Accelerated_London_System
zRsB5,4r3/p3r1k1/1p4p1/2p5/2n1N2P/P5P1/4R3/4R1K1 b - - 1 36,e7e6 e4d6 e6e2 d6e8 e2e8 e1e8,1937,74,92,1584,advantage endgame long master xRayAttack,https://lichess.org/7MhniN5W/black#72,
zSUvr,r2q4/1p3Q2/2pkp1p1/3p4/3P1P2/pPPNPN2/P1K3P1/7r b - - 0 33,h1f1 d3c5 d8e7 c5b7 e7b7 f7b7,2043,76,92,1220,crushing endgame long xRayAttack,https://lichess.org/QcZGt9hs/black#66,
zTG9I,r6k/pp3prp/2n2Q2/3q4/3N4/2P3B1/PP4PP/4R2K b - - 0 23,h8g8 d4f5 g7g6 f5h6 g6h6 f6h6,2091,78,90,707,crushing long middlegame xRayAttack,https://lichess.org/cOy4NGHJ/black#46,
zUe0M,6k1/1b3pb1/pq4p1/1ppr1P2/5Qn1/2P5/P3NBP1/3R1RK1 b - - 1 24,g4f2 f4b8 b6d8 b8d8 d5d8 d1d8,1916,77,93,4428,crushing kingsideAttack long middlegame xRayAttack,https://lichess.org/WnECJg9b/black#48,
zVP6Q,r3r2k/p4Qpp/b1Nq4/8/4p3/6R1/P1P3PP/5R1K b - - 4 26,g7g6 g3h3 h7h5 h3h5 g6h5 f7h5,2061,76,84,132,crushing long middlegame sacrifice xRayAttack,https://lichess.org/YFaCuobv/black#52,
zWEPZ,1r2k1nb/p3pp2/3p2p1/q7/np2P3/4BB2/PPPQNPP1/1K1R4 w - - 4 18,e3d4 a4c3 e2c3 b4c3 d2c3 a5c3 d4c3 h8c3,1929,80,91,1771,advantage middlegame pin queensideAttack veryLong xRayAttack,https://lichess.org/rlhHr8N9#35,Modern_Defense Modern_Defense_Two_Knights_Variation
zbA9w,Q1kr3r/1pp1pp2/3p2p1/3P4/6qN/1P1B2Pb/P1P4P/R5K1 b - - 2 22,c8d7 d3b5 c7c6 b5c6 b7c6 a8c6,2116,251,50,15,long mate mateIn3 middlegame xRayAttack,https://lichess.org/oLhYct6a/black#44,
zbzYC,2k4r/1bB2pp1/8/p3p3/P3Pq2/2P2P2/3r1Q1P/1R4RK w - - 1 26,c7e5 h8h2 f2h2 d2h2,2088,79,81,329,fork mate mateIn2 middlegame short xRayAttack,https://lichess.org/FZFfGewe#51,
zdiuX,4r1k1/pp3p1n/5b2/3q2pN/6Q1/8/PP3PPP/3R2K1 b - - 1 27,e8e4 g4c8 f6d8 c8d8 d5d8 d1d8,1961,97,64,31,crushing long middlegame xRayAttack,https://lichess.org/hSChPS8C/black#54,
zdnyL,2k4r/pp3r1p/4Rn2/1P1p1Q2/P7/2N2pq1/2P5/R4K2 w - - 0 32,e6f6 c8b8 f5f4 g3f4 f6f4 f7f4,2123,75,86,176,crushing defensiveMove long middlegame xRayAttack,https://lichess.org/yqOUUbSa#63,
zhm0R,r3k2r/ppp2ppp/4p3/8/1bPnq1b1/4BPN1/PP2K1PP/R2Q1B1R w kq - 0 12,d1d4 e4c2 e3d2 a8d8 a1c1 c2d2 d4d2 d8d2,1933,79,91,301,advantage fork middlegame pin veryLong xRayAttack,https://lichess.org/JCdT0vOp#23,Scandinavian_Defense Scandinavian_Defense_Modern_Variation
zj35e,r5k1/ppN2pp1/7p/2bP4/2B5/3Q4/Pq3PPP/4rRK1 w - - 2 22,c7a8 b2f2 g1h1 f2g1 f1g1 e1g1,1931,74,98,2509,long mate mateIn3 middlegame pin sacrifice xRayAttack,https://lichess.org/OMDVgKw6#43,
zkkGx,2kr2nr/ppp2pp1/3bp3/8/3P1Bpq/2N5/PPP2PBP/R2Q1RK1 w - - 2 16,d1d2 h4h2 f4h2 d6h2 g1h1 h2f4,2090,75,84,173,advantage discoveredAttack discoveredCheck kingsideAttack long middlegame sacrifice xRayAttack,https://lichess.org/GX30gLHK#31,Scandinavian_Defense Scandinavian_Defense_Mieses-Kotroc_Variation
zl5vq,b1r4k/p1r3q1/2n1Q3/1p5B/1P6/P6P/2R2PP1/4R1K1 b - - 0 30,c6d4 e6c8 c7c8 c2c8 h8h7 c8a8,2050,75,95,4186,crushing exposedKing fork long middlegame xRayAttack,https://lichess.org/IUAogYux/black#60,
zlRVR,2Rr2k1/p3Qppp/1b1r4/1q6/5P1P/5BP1/8/2R4K b - - 1 29,b5f5 e7e8 d8e8 c8e8,1902,75,94,15517,backRankMate mate mateIn2 middlegame sacrifice short xRayAttack,https://lichess.org/WmHFHQbt/black#58,
zmVPJ,Q2B4/1p1k2p1/p1qn1pP1/4pP1p/4Pn1P/3P1BK1/P1r5/3R4 w - - 27 44,d8a5 d6f5 e4f5 c2g2 f3g2 c6g2,1931,109,57,21,long mate mateIn3 middlegame sacrifice xRayAttack,https://lichess.org/5GYWAGno#87,
znKvX,1r3r1k/1p2N1pp/p2pb3/2p2P2/2P3q1/3Q2P1/PP3P2/1K1R3R b - - 0 22,e6f5 h1h7 f5h7 d3h7 h8h7 d1h1 g4h3 h1h3,1946,80,95,4525,anastasiaMate attraction kingsideAttack mate mateIn4 middlegame sacrifice veryLong xRayAttack,https://lichess.org/8UL18L5l/black#44,
zpRTR,r3r2k/pp3Q1p/3b2p1/8/6b1/1BBP4/PPP2PPq/RN3K2 b - - 2 19,d6e5 f7f6 e5f6 c3f6,1969,80,94,4650,doubleBishopMate kingsideAttack mate mateIn2 middlegame sacrifice short xRayAttack,https://lichess.org/avgQJ5Sg/black#38,
zpWdW,4r2k/2p3p1/1p2N3/4R2p/P5pn/2P5/5PbP/4R1K1 w - - 0 30,e6c7 h4f3 g1g2 f3e1 e5e1 e8e1,2163,78,93,1231,advantage endgame fork long xRayAttack,https://lichess.org/jdYFU0rk#59,
zpX41,r2qkb1r/pp1npppp/2p1b3/2PnN3/2BP4/4BQ2/PP3PPP/RN2K2R b KQkq - 2 10,d5e3 f3f7 e6f7 c4f7,1969,82,90,720,attackingF2F7 mate mateIn2 opening sacrifice short xRayAttack,https://lichess.org/mUr6ULbo/black#20,Alekhine_Defense Alekhine_Defense_Two_Pawns_Attack
zqn3Y,5r1k/pp3rp1/3Q3p/3PpPq1/1P1p4/P2P1R1P/6PK/5R2 b - - 0 26,f7f5 d6f8 f5f8 f3f8,1945,79,88,1316,crushing endgame kingsideAttack short xRayAttack,https://lichess.org/NxHWyXIN/black#52,
zr4B3,5rk1/2p3bp/1p1p2p1/1P1Pp1q1/1B2P3/5r1n/P5PP/R2Q1R1K w - - 0 23,f1f3 h3f2 f3f2 f8f2,1981,77,91,1879,advantage fork middlegame short xRayAttack,https://lichess.org/c2QK8aRP#45,
zr7qE,2r1k2r/1b3ppp/p7/5pP1/2P1P3/b2RB1N1/1qP3QP/3K3R w k - 0 26,d3b3 c8d8 d1e1 a3b4 b3b4 b2b4,1965,77,93,2910,crushing long middlegame xRayAttack,https://lichess.org/JIHb5N9r#51,
ztRfK,r2r2k1/pp1b1ppp/4p3/b1p1P3/2q1Rn2/P1N4P/1PQB1PP1/3R2K1 b - - 2 18,f4h3 g2h3 d7a4 c2a4 c4a4 e4a4 a5c3 b2c3,2043,78,92,5231,advantage hangingPiece middlegame veryLong xRayAttack,https://lichess.org/8h0PG7gV/black#36,Queens_Gambit_Accepted Queens_Gambit_Accepted_Other_variations
zxyRp,2k1r3/8/3N3p/2p1r1p1/p1q5/5P2/1PP1R2P/2K1R3 b - - 1 31,c8c7 d6e8 e5e8 e2e8,2071,133,100,32,endgame equality short xRayAttack,https://lichess.org/sRgfyzY2/black#62,
zz6oE,6k1/pp1bp2p/3p4/6qp/3QP3/P1N2r2/1PP5/1K4R1 b - - 1 22,f3g3 d4d5 g8f8 d5g5 g3g5 g1g5,1915,75,94,3376,advantage endgame long xRayAttack,https://lichess.org/uvoorA6h/black#44,
