id,fen,moves,rating,themes
02W3t,1r2r1k1/1p3ppp/p4q2/2p1P3/2Q5/2P2R1P/PP4P1/5RK1 b - - 0 23,f6e5 c4f7 g8h8 f7f8 e8f8 f3f8 b8f8 f1f8,1282,backrankmate endgame mate matein4 sacrifice verylong
03I6j,r2q3k/4bBpp/p7/1pp2P2/3nn3/7Q/PPP3PP/R1B2RK1 w - - 0 19,c2c3 d4e2 g1h1 e4f2 f1f2 d8d1 f2f1 d1f1,1262,kingsideattack mate matein4 middlegame sacrifice verylong
03goR,2r3k1/R4pbp/6p1/8/1B6/8/P4rPP/5RK1 w - - 0 23,f1f2 c8c1 b4e1 c1e1 f2f1 g7d4 g1h1 e1f1,1281,backrankmate deflection endgame fork mate matein4 verylong
042fY,2r3k1/5ppp/8/4p1N1/3n4/3n4/P4PPP/1R3RK1 w - - 0 22,b1b7 d4e2 g1h1 d3f2 f1f2 c8c1 f2f1 c1f1,1280,backrankmate deflection endgame mate matein4 sacrifice verylong
04p5R,2r5/1k4q1/2pRp3/ppQ1Pp1p/8/2P1P3/PP3PrP/3R2K1 w - - 0 30,g1f1 g2g1 f1e2 g7g4 f2f3 g4g2 e2d3 g1d1,1242,deflection endgame epaulettemate mate matein4 verylong
05iJw,8/6R1/1kp2R2/p7/1pp5/P1P5/KP5r/8 w - - 0 48,g7g6 b4b3 a2a1 h2h1 g6g1 h1g1 f6f1 g1f1,1044,endgame mate matein4 rookendgame verylong
05nDj,6R1/1pr4p/pR6/5pk1/5n2/r1P2P2/P5PP/6K1 b - - 1 32,g5h5 g2g4 f5g4 f3g4 h5h4 b6h6 f4h5 h6h5,1067,endgame mate matein4 verylong
07I8T,4r1k1/pR1n1p1p/r5pB/2pP4/8/5Q2/2P2PPP/q4RK1 w - - 1 21,b7d7 a1f1 g1f1 a6a1 h6c1 a1c1 f3d1 c1d1,1282,attraction mate matein4 middlegame sacrifice verylong
08eJf,5rk1/5ppp/p2p4/n3q3/B1p1P3/2P2Q1P/Pr4P1/1R3RK1 b - - 3 22,b2a2 f3f7 f8f7 b1b8 e5e8 b8e8 f7f8 f1f8,1175,kingsideattack mate matein4 middlegame sacrifice verylong
09MoZ,5rk1/1p2pp1p/6p1/3Pq3/p2NP3/P4Rb1/B5P1/3Q3K w - - 2 29,d1d3 e5h5 h1g1 h5h2 g1f1 h2h1 f1e2 h1e1,1149,mate matein4 middlegame swallowstailmate verylong
0C3sw,r1b1k1nr/pp2ppbp/3P2p1/4n3/2B2B2/1P2Pq2/P2QNP1P/2KR4 b kq - 0 14,e5c4 d6d7 c8d7 d2d7 e8f8 d7d8 a8d8 d1d8,1167,advancedpawn backrankmate fork mate matein4 middlegame sacrifice verylong
0D9GI,r5k1/Rp3ppp/3Q1n2/7q/2P3b1/8/5PPP/4R1K1 b - - 0 23,a8f8 d6f8 g8f8 a7a8 g4c8 a8c8 f6e8 e1e8,1252,attraction mate matein4 middlegame sacrifice verylong
0Dqaz,2r4r/1p3kp1/p2p2p1/8/3nP3/P2P4/1P3PPP/1RB2RK1 w - - 0 22,c1e3 d4e2 g1h1 h8h2 h1h2 c8h8 e3h6 h8h6,1263,anastasiamate attraction endgame kingsideattack mate matein4 sacrifice verylong
0HH5q,1rr3k1/1q3ppp/3P4/2B1p3/2QnP1P1/pP6/P4R1P/2K2R2 b - - 4 29,b7e4 c4f7 g8h8 f7f8 c8f8 f2f8 b8f8 f1f8,1072,backrankmate mate matein4 middlegame sacrifice verylong
0HYrn,1k5q/pp3p2/4Pp2/8/1P1pB3/P2P2b1/6P1/3Q1RK1 w - - 2 28,f1f3 h8h2 g1f1 h2h1 f1e2 h1g2 f3f2 g2f2,1013,deflection endgame mate matein4 swallowstailmate verylong
0K3PT,3r2k1/pp4p1/1q2p1P1/4PrRQ/5p2/2P1p3/PP3P1P/R6K b - - 2 26,f5g5 h5h7 g8f8 h7h8 f8e7 h8g7 e7e8 g7f7,1175,deflection endgame kingsideattack mate matein4 verylong
0KjSc,2r5/b4R1p/4p1pk/3p4/3P2PP/4P3/5PK1/8 b - - 2 33,a7b6 g4g5 h6h5 f7h7 h5g4 f2f3 g4f5 h7f7,1250,deflection endgame mate matein4 verylong
0KlBf,8/kppR4/pq5p/8/2B2Q2/7P/PPP2bP1/2K5 w - - 0 23,f4c7 b6e3 d7d2 e3e1 d2d1 f2e3 c1b1 e1d1,1228,clearance deflection endgame mate matein4 verylong
0Kugo,5r1k/pp1nr1b1/2p2BQ1/4pR2/4P3/P1qP3P/B1P3P1/7K b - - 0 25,d7f6 f5h5 f6h5 g6h5 g7h6 h5h6 e7h7 h6f8,1253,exposedking fork mate matein4 middlegame sacrifice verylong
0LU0O,r4k2/p3qpr1/7Q/3R4/6p1/1B6/PPP2PP1/6K1 w - - 1 31,d5f5 e7e1 g1h2 g4g3 f2g3 e1g3 h2g1 g3g2,1040,endgame mate matein4 verylong xrayattack
0OBIv,5rk1/ppp3p1/8/3R4/7p/2P2Q2/PP4PP/2q3KN w - - 1 29,f3d1 c1e3 h1f2 e3f2 g1h1 f2f1 d1f1 f8f1,1261,backrankmate endgame mate matein4 verylong
0PIXV,r1b2r1k/ppp1q1pp/2n5/8/1PB1p1nN/2P3P1/PBQ5/R5K1 b - - 3 20,g4e3 h4g6 h7g6 c2h2 c8h3 h2h3 e7h4 h3h4,1004,kingsideattack mate matein4 middlegame sacrifice verylong
0RHWa,5rk1/pb5p/1p6/1QppN3/4nr1q/2P5/PP2B1PP/R4RK1 w - - 0 27,b5d7 f4f1 e2f1 h4f2 g1h1 f2f1 a1f1 f8f1,1254,backrankmate deflection mate matein4 middlegame verylong
0TzRf,4r1k1/1p3ppp/p1b5/3r4/8/1q2BPQ1/1P4P1/4R1K1 b - - 4 28,e8e3 g3b8 d5d8 b8d8 c6e8 d8e8 e3e8 e1e8,1106,backrankmate endgame mate matein4 verylong xrayattack
0U0fj,3rr1k1/pp3ppp/8/4q3/1PQ1P3/P4RP1/5RKP/2b5 b - - 2 27,d8c8 c4f7 g8h8 f7f8 e8f8 f3f8 c8f8 f2f8,1114,backrankmate mate matein4 middlegame sacrifice verylong
0UCw7,qr3b2/4pk2/5Rp1/3Np3/4P1Q1/1P4N1/r5PP/6K1 b - - 0 28,e7f6 g4d7 f8e7 d7e7 f7g8 d5f6 g8h8 e7h7,1179,deflection mate matein4 middlegame verylong
0UNty,r6r/pp1R1B2/k1p5/8/2P5/6N1/PP1B1bPP/3R3K w - - 3 32,g3e4 h8h2 h1h2 a8h8 d2h6 h8h6 f7h5 h6h5,1177,attraction mate matein4 middlegame pillsburysmate sacrifice verylong
0VctV,5k2/n6p/3r2p1/8/2B2n2/5N2/5PPP/R5K1 w - - 0 35,a1a7 d6d1 f3e1 d1e1 c4f1 f4e2 g1h1 e1f1,1124,backrankmate deflection endgame mate matein4 verylong
0XJ31,5r1k/q5p1/p6p/1p3r2/1Q6/1B3N1P/PP4P1/R4K2 w - - 2 29,a1d1 f5f3 g2f3 f8f3 f1g2 a7f2 g2h1 f3h3,1052,deflection mate matein4 middlegame verylong
0XqVF,r2q1rk1/4bpnp/p3p1p1/6P1/1pPB1P2/4PR1Q/3P3P/RN4K1 b - - 0 21,g7f5 h3h7 g8h7 f3h3 f5h4 h3h4 h7g8 h4h8,1262,attraction kingsideattack mate matein4 middlegame operamate sacrifice verylong
0adQQ,4k3/4P3/4K3/8/p2N4/2P5/8/3r4 b - - 1 46,d1d4 c3d4 a4a3 d4d5 a3a2 d5d6 a2a1q d6d7,1057,advancedpawn endgame hangingpiece mate matein4 quietmove verylong
0dv6f,3q1k2/p6n/4P1rN/1pb1B3/2p1Q3/2Pr1P2/PP6/2K4R w - - 3 36,e4g6 c5e3 c1c2 d3d2 c2b1 d2d1 h1d1 d8d1,1300,mate matein4 middlegame queensideattack verylong
0eSLe,1r3k2/6pp/4B3/3pP3/1q6/3bP3/1R1p1PPP/3Q2K1 b - - 0 30,b4b2 d1f3 d3f5 f3f5 f8e7 f5f7 e7d8 f7d7,1142,endgame mate matein4 verylong
0emW8,r1b2rk1/1p3ppp/p7/3Np3/6P1/4P3/PPP3P1/2KR3R b - - 0 17,c8g4 d5e7 g8h8 h1h7 h8h7 d1h1 g4h5 h1h5,1211,anastasiamate attraction endgame mate matein4 sacrifice verylong
0fGIG,5r2/p4rkp/6p1/3Q4/8/8/1q3PPP/R1R3K1 w - - 6 36,a1b1 b2f2 g1h1 f2f1 c1f1 f7f1 b1f1 f8f1,1022,backrankmate endgame mate matein4 sacrifice verylong
0fZnA,2k1r3/1pp1rp1p/p2B1b2/7q/2QP2p1/2P2RP1/PP3PKP/R7 w - - 0 21,f3f6 h5h3 g2h1 e7e1 a1e1 e8e1 c4f1 e1f1,1162,killboxmate mate matein4 middlegame verylong
0g8wS,6k1/pp4pp/2p4r/2Pp4/3P2qP/5pP1/PP3P1K/R2Q1R2 w - - 0 26,f1h1 h6h4 h2g1 h4h1 g1h1 g4h3 h1g1 h3g2,1194,attraction endgame mate matein4 verylong
0gQw4,r4rk1/1Q3ppp/1p6/1q2p3/8/8/PPP3PP/3R1R1K b - - 0 21,a8a2 b7f7 f8f7 d1d8 b5e8 d8e8 f7f8 f1f8,1179,endgame mate matein4 sacrifice verylong
0gWAA,3rr1k1/ppp2p2/2p2qpB/5P2/8/5Q2/P2RRPPP/6K1 w - - 1 22,d2d8 f6a1 h6c1 a1c1 d8d1 c1d1 e2e1 e8e1,1298,backrankmate endgame mate matein4 verylong
0hWmn,1r4k1/p3qpp1/2p5/2p1p1NR/2PpP1n1/3P4/PrP4P/2RQ2K1 b - - 0 24,g4e3 h5h8 g8h8 d1h5 h8g8 h5h7 g8f8 h7h8,1202,attraction kingsideattack mate matein4 middlegame sacrifice verylong
0kJFL,5r1k/1p3rp1/p4pQp/4p2R/3p4/P2P1R1P/qPP3P1/6K1 b - - 11 24,a2b2 h5h6 g7h6 g6h6 h8g8 f3g3 f7g7 h6g7,1131,endgame kingsideattack mate matein4 sacrifice verylong
0lYNX,5rk1/1p3pp1/p6p/3p4/3P2Q1/3PR1R1/PP3qPK/2r5 b - - 3 29,g7g5 g4g5 h6g5 g3g5 g8h7 e3h3 f2h4 h3h4,1083,endgame mate matein4 sacrifice verylong
0macE,2r4k/R4p2/b3q1p1/8/B7/2P1p3/PPQ2PPP/6K1 w - - 0 29,f2e3 e6e3 c2f2 e3c1 a4d1 c1d1 f2e1 d1e1,1286,endgame fork mate matein4 verylong
0ouOd,rn5Q/pp2b3/2p1kp1n/7P/7q/2N1pP2/PPP1P3/R2K1BR1 w - - 0 21,h8h6 h4d4 d1c1 d4d2 c1b1 d2e1 c3d1 e1d1,1223,mate matein4 middlegame verylong
0pX1h,3r1b1k/p4pp1/5N1N/1pp1n3/2q1R3/2P4P/P5Q1/6K1 b - - 0 31,c4c3 h6f7 e5f7 e4h4 f7h6 h4h6 g7h6 g2g8,1065,mate matein4 middlegame sacrifice verylong
0qUjB,r4r1k/2qbb1p1/1n2p1P1/p2pP3/2pP2P1/P7/3pB1K1/2Q4R b - - 1 28,h8g8 h1h8 g8h8 c1h1 e7h4 h1h4 h8g8 h4h7,1208,attraction kingsideattack mate matein4 middlegame sacrifice verylong
0rZxo,7r/pR3pk1/2pp1q2/8/6p1/6Pp/P1Q2P2/5BK1 w - - 2 30,b7a7 h3h2 g1h1 f6f3 f1g2 f3g2 h1g2 h2h1q,1045,advancedpawn attraction endgame mate matein4 promotion verylong
0swb1,rnb3k1/1pq2rpp/8/5p2/p1Q1p2P/8/PP3PP1/1K1R1B1R b - - 1 18,c7c4 d1d8 f7f8 f1c4 c8e6 c4e6 g8h8 d8f8,1299,backrankmate intermezzo mate matein4 middlegame verylong
0tK5f,1q6/3Q1R1p/3pBppk/2pPb3/8/6PK/5r1P/8 b - - 3 37,b8b2 f7h7 h6g5 h7h5 g5h5 d7h7 h5g5 h7h4,1241,attraction endgame mate matein4 sacrifice verylong
0v016,6k1/p4r1p/5PpR/1b2p1P1/1p2P1K1/3P1R2/4q2r/2Q5 b - - 9 38,h2h6 c1c8 b5e8 c8e8 f7f8 f6f7 g8h8 e8f8,1264,advancedpawn deflection endgame mate matein4 verylong
0wUpA,2n3rk/pp3prp/2p2p2/3p1P1Q/3P3R/2P3PR/P1PqB1KP/8 b - - 8 30,g8e8 h5h7 g7h7 h4h7 h8g8 h7h8 g8g7 h3h7,1062,blindswinemate kingsideattack mate matein4 middlegame sacrifice verylong
0wq06,3r1rk1/7p/2p3p1/p1q1p3/Pn2P1R1/1P1PP3/1P5Q/1K4R1 b - - 1 30,c5e3 g4g6 h7g6 g1g6 g8f7 h2h7 f7e8 g6e6,1124,epaulettemate mate matein4 middlegame sacrifice verylong
0wyVu,r1bqk3/bp1p1pp1/p1n1p3/8/4PP2/1NNBBRp1/PPP1Q1P1/R5Kr w q - 4 17,g1h1 d8h4 h1g1 h4h2 g1f1 h2h1 e3g1 h1g1,1108,kingsideattack mate matein4 middlegame verylong
0xHbQ,r1bq1rk1/1p2b1pB/p1n1p3/3p2P1/3P1P2/N1P5/R6P/2BQ1RK1 b - - 0 17,g8h7 d1h5 h7g8 g5g6 f8f5 h5h7 g8f8 h7h8,1283,mate matein4 middlegame verylong
0xNsJ,6rk/1p3p1p/p7/2n2p2/b7/8/PKBBr2P/3R4 b - - 13 33,a4c2 d2c3 f7f6 c3f6 g8g7 d1d8 e2e8 d8e8,1178,endgame mate matein4 pin verylong
0yKNl,3r3k/pp1r2pp/5p2/2P5/1P6/P5qP/1QB1RRP1/7K w - - 5 33,f2f3 d7d1 c2d1 d8d1 e2e1 d1e1 f3f1 e1f1,1052,mate matein4 middlegame sacrifice verylong
0yb7v,5rk1/2q2ppp/p2p4/P2P4/2R2Q2/2P5/1r4PP/5R1K b - - 0 29,c7a5 f4f7 f8f7 c4c8 a5d8 c8d8 f7f8 f1f8,1248,endgame mate matein4 sacrifice verylong
10qvL,5b1k/p1p2P1p/1p4p1/4p3/2B1n2P/6B1/PP3PPK/2q5 b - - 2 25,c1c4 g3e5 e4f6 e5f6 f8g7 f7f8q c4g8 f6g7,1299,advancedpawn endgame mate matein4 pin promotion verylong
114ER,8/4Q1kp/4ppp1/p2p4/3P4/4PK1P/5PP1/1qq5 b - - 1 47,g7h6 e7f8 h6g5 h3h4 g5h5 g2g4 h5h4 f8h6,1276,endgame mate matein4 queenendgame verylong
12skC,2r3k1/p6p/4p1p1/2qpP1Q1/8/6R1/PPP2rPP/1KR5 w - - 0 24,g5g4 c5c2 c1c2 f2f1 g4d1 f1d1 c2c1 d1c1,1256,endgame mate matein4 queensideattack sacrifice verylong
12spQ,2Q1Q3/8/4p2p/1p4k1/6pq/1P3P2/P5PK/8 w - - 3 41,h2g1 h4e1 g1h2 g4g3 h2h3 e1h1 h3g3 h1h4,1284,endgame mate matein4 queenendgame verylong
13msD,2r3k1/ppr3p1/2q5/7P/3P4/6Q1/PP6/1K3R1R w - - 2 33,h1g1 c6c2 b1a1 c2c1 f1c1 c7c1 g1c1 c8c1,1134,backrankmate endgame mate matein4 sacrifice verylong
149Xr,3r3r/1p3pk1/p2p2p1/P1p4q/1PP1P2P/3PQnP1/5NR1/1R4K1 w - - 0 40,g1h1 h5h4 g3h4 h8h4 f2h3 h4h3 g2h2 h3h2,1283,arabianmate exposedking kingsideattack mate matein4 middlegame sacrifice verylong
15rH1,1R6/1P6/8/5pp1/5k1p/5P2/1r4K1/6N1 w - - 2 56,g2h3 g5g4 f3g4 f5g4 h3h4 b2h2 g1h3 h2h3,1174,endgame exposedking mate matein4 verylong
16P7O,3r4/1p2R3/p1k1R3/2ppP1q1/6p1/2PP4/PP4B1/6K1 b - - 0 32,c6b5 e7b7 b5a5 b2b4 c5b4 c3b4 a5a4 e6a6,1239,endgame mate matein4 verylong
18UDO,5k2/pb6/1p2p3/3p3p/3P3q/P1PBP1p1/1PQ3P1/R5K1 w - - 0 28,c2d1 h4h2 g1f1 h2h1 f1e2 h1g2 e2e1 g2f2,1162,deflection endgame mate matein4 verylong
18sCT,2kr3r/pp3pp1/2p5/2b2p2/8/6P1/P2B2PP/R2QR1K1 w - - 0 21,g1h1 h8h2 h1h2 d8h8 d2h6 h8h6 d1h5 h6h5,1102,attraction mate matein4 middlegame pillsburysmate sacrifice verylong
19dYI,1k3r2/pp4p1/2pb2n1/8/2B1Q3/3P2p1/PPP3P1/R5K1 w - - 0 22,e4g6 d6c5 d3d4 c5d4 g1h1 f8h8 g6h5 h8h5,1227,endgame mate matein4 verylong
1AlAH,4r3/4Nppk/4p1P1/3pP2P/1Rb5/4nPK1/r7/6R1 b - - 0 39,f7g6 h5g6 h7h6 g1h1 a2h2 h1h2 h6g5 f3f4,1140,mate matein4 middlegame verylong
1AoRu,2Q5/p2B2p1/4pp1k/3p3p/3P2bP/4P3/6PK/1q6 b - - 3 30,b1e1 c8h8 h6g6 d7e8 g6f5 h8h7 g7g6 e8g6,1284,endgame mate matein4 verylong
1D1db,1k3r2/R7/1p2pr2/1P1p4/3P4/2P2nP1/5PK1/R7 b - - 2 39,f8f7 a7a8 b8c7 a1a7 c7d6 a8d8 f7d7 a7d7,1083,endgame exposedking mate matein4 verylong
1DfGj,1k3r2/1pr3p1/p1q1p1Qp/3pP3/8/4P3/PPPR2P1/1KR5 w - - 12 33,d2d3 c6c2 c1c2 f8f1 d3d1 f1d1 c2c1 d1c1,1252,endgame master mate matein4 queensideattack sacrifice verylong
1DfmF,5r2/1p1k3r/p2p4/4p1Q1/3nP3/3P4/PPP2PPP/R4RK1 w - - 7 23,c2c3 d4e2 g1h1 h7h2 h1h2 f8h8 g5h6 h8h6,1182,anastasiamate attraction endgame kingsideattack mate matein4 sacrifice verylong
1E1s6,r3r1k1/p1p1p3/6p1/1p1Pp1B1/N1n1P3/5P1R/PP3qP1/2K4R b - - 1 23,e8f8 h3h8 g8f7 h1h7 f7e8 h7e7 e8d8 h8f8,1294,deflection exposedking kingsideattack mate matein4 middlegame verylong
1IR6X,8/1pp3pk/p2pPr2/3Qp2p/4P2r/2P2PqP/PP3RP1/5R1K w - - 1 29,e6e7 h4h3 g2h3 g3h3 h1g1 f6g6 f2g2 h3g2,1167,endgame kingsideattack mate matein4 sacrifice verylong
1K73u,3r1qk1/1Q3p1p/6p1/8/2N5/1P6/P4bPP/5RK1 w - - 0 27,f1f2 d8d1 f2f1 f8c5 c4e3 c5e3 g1h1 d1f1,1027,backrankmate deflection endgame mate matein4 verylong
1MCeC,k3r3/pp2r3/2n2Q2/2Np2B1/1P1P3p/2P2NbP/P4qP1/R6K w - - 13 30,g5h4 e7e1 f3e1 e8e1 a1e1 f2e1 f6f1 e1f1,1056,kingsideattack mate matein4 middlegame sacrifice verylong
1Mcvu,6k1/6p1/2p4r/4Q3/3P2qP/2P2pP1/P1P2P1K/5R2 w - - 7 31,f1e1 h6h4 h2g1 h4h1 g1h1 g4h3 h1g1 h3g2,1193,attraction endgame mate matein4 sacrifice verylong
1MvmM,5rk1/pp3rp1/1qp1p2p/3p4/4P1nN/2NP2P1/PPP1Q1P1/1R5K w - - 7 24,e2g4 f7f1 b1f1 f8f1 h1h2 b6g1 h2h3 g1h1,1051,kingsideattack mate matein4 middlegame verylong
1NnFF,r4k2/ppp2prp/5Q2/2q1R3/2p5/2N5/P1n2PPP/4R1K1 b - - 7 21,c5c6 f6e7 f8g8 e7e8 a8e8 e5e8 c6e8 e1e8,1239,backrankmate mate matein4 middlegame sacrifice verylong
1Ps4T,8/1kr1p3/ppp1Q1Nb/3pPR2/PP1P4/2P1q1B1/6PP/6K1 w - - 5 35,g3f2 e3c1 f2e1 c1e1 f5f1 h6e3 g1h1 e1f1,1290,deflection kingsideattack mate matein4 middlegame verylong
1VxoJ,5r1k/Q5p1/5q1p/8/3NR3/2P5/Pr3PPP/5RK1 w - - 0 26,e4e7 f6f2 f1f2 b2b1 e7e1 b1e1 f2f1 e1f1,1090,mate matein4 middlegame sacrifice verylong
1W5rH,1k1r4/p1p3p1/2p2n2/1N5p/PPQ5/3r1NP1/5PP1/6K1 w - - 0 28,c4c6 d3d1 g1h2 f6g4 h2h3 d1h1 f3h2 h1h2,1241,endgame hookmate mate matein4 verylong
1WoLd,4rk2/R5b1/p7/1p5p/6n1/PBN2p2/1PP2P1P/3R1K2 w - - 4 25,d1d7 g4h2 f1g1 e8e1 g1h2 g7e5 h2h3 e1h1,1261,mate matein4 middlegame pillsburysmate sacrifice verylong
1Zuh6,2b1r3/p1Q3pp/1p3k2/8/8/B7/P4PPP/RN2N1K1 w - - 3 22,g1f1 c8a6 c7c4 a6c4 e1d3 c4d3 f1g1 e8e1,1146,backrankmate mate matein4 middlegame verylong
1dLXG,2r3k1/5pp1/p7/q2p1N2/2r3P1/1RpRB3/PbQ5/K7 w - - 2 30,a1b1 a5a2 b1a2 c4a4 b3a3 a4a3 a2b1 a3a1,1162,attraction mate matein4 middlegame operamate queensideattack sacrifice verylong
1gRzA,8/p1p3k1/2p2p2/3p1Pp1/3P1r2/2P1K2R/Pr3P2/7R b - - 9 30,b2f2 h3h7 g7f8 h7h8 f8e7 h1h7 e7d6 h8d8,1010,endgame mate matein4 rookendgame verylong
1gdQC,3r1rk1/5q2/p6p/6p1/N7/3Q4/5PPP/B4RK1 w - - 6 34,d3c3 f7f2 f1f2 d8d1 c3e1 d1e1 f2f1 f8f1,1141,fork mate matein4 middlegame sacrifice verylong
1gmjp,r3r1k1/3n1pBp/3pnPpQ/p3p3/1p2P3/5R2/PPq3PP/R6K b - - 1 27,c2e4 h6h7 g8h7 f3h3 e4h4 h3h4 h7g8 h4h8,1217,attraction kingsideattack master mastervsmaster mate matein4 middlegame operamate sacrifice verylong
1hglU,2r3k1/pp1b1p1p/4pRpQ/8/3qBB2/2r5/P5PP/R6K w - - 4 22,f6f7 c3c1 a1c1 c8c1 f4c1 d4d1 f7f1 d1f1,1167,mate matein4 middlegame sacrifice verylong
1iCya,6k1/3r2pp/4r3/p3Pp1P/P2p1P2/qPp3Q1/2P3R1/3K2R1 b - - 5 39,d4d3 g3g7 d7g7 g2g7 g8f8 g7g8 f8e7 g1g7,1184,endgame kingsideattack mate matein4 sacrifice verylong
1k5pB,1r4k1/5p1p/b3p1p1/p2p3N/6Q1/8/6PK/1q6 b - - 3 37,g8h8 g4d4 e6e5 d4e5 f7f6 e5f6 h8g8 f6g7,1284,endgame fork mate matein4 verylong
1m81J,8/1N6/4Rp1p/8/5n2/1Pkb4/r6P/4R2K w - - 8 43,e6d6 d3e4 e1e4 a2a1 d6d1 a1d1 e4e1 d1e1,1101,endgame mate matein4 sacrifice verylong
1pMuH,8/8/7p/pPp2K1k/2P3p1/6P1/8/8 b - - 0 59,a5a4 b5b6 a4a3 b6b7 a3a2 b7b8q a2a1q b8e8,1152,advancedpawn endgame mate matein4 pawnendgame promotion verylong
1pMvA,1r4k1/R1p2p1p/4nBp1/3pP3/3P1P2/5P2/4r2P/R5K1 b - - 0 28,b8b2 a7a8 e6f8 a8f8 g8f8 a1a8 b2b8 a8b8,1273,attraction endgame mate matein4 pillsburysmate sacrifice verylong
1pYow,r4rk1/5ppp/2NN4/p3P3/1p3P2/2nR2P1/7P/6K1 b - - 3 32,a8a6 c6e7 g8h8 d6f7 f8f7 d3d8 f7f8 d8f8,1104,backrankmate clearance deflection endgame mate matein4 sacrifice verylong
1q16c,r6k/7p/p4p2/4pN2/6PB/7K/2rp3P/1R6 b - - 1 44,a8f8 h4f6 f8f6 b1b8 c2c8 b8c8 f6f8 c8f8,1028,endgame mate matein4 sacrifice verylong
1qbfI,r6k/1b3Bpp/p3p3/2b3N1/P1q1P3/2rn4/1Q3PPP/R4R1K w - - 1 25,b2b7 d3f2 f1f2 c3c1 a1c1 c4c1 f2f1 c1f1,1148,fork mate matein4 middlegame sacrifice verylong
1rlpY,4nkr1/4pp1p/1Rp3pP/3PQ3/4P1P1/2p2P1N/1rP5/qNK2B1R w - - 1 27,b6b2 a1b2 c1d1 b2b1 d1e2 b1c2 e2e3 c2d2,1226,deflection dovetailmate mate matein4 middlegame queensideattack verylong
1svXC,6k1/pp3ppp/8/5Q2/8/2BPqB2/PPP3PP/6K1 w - - 1 26,g1h1 e3c1 f3d1 c1d1 c3e1 d1e1 f5f1 e1f1,1113,endgame mate matein4 verylong
1u7id,5rk1/6p1/p1qb1pP1/1p6/2pP1pP1/2P1r3/P6Q/R2K1R2 b - - 4 29,f8d8 h2h7 g8f8 h7h8 f8e7 h8g7 e7e6 g7f7,1176,deflection kingsideattack mate matein4 middlegame verylong
1ua8z,4Q3/p3p1kp/4Ppp1/1p6/5P2/7P/P5PK/3q4 b - - 4 34,d1d6 e8f7 g7h6 f7f8 h6h5 g2g4 h5h4 f8h6,1207,endgame mate matein4 queenendgame verylong
1uzFE,7Q/p2kn1p1/8/1R1q1p2/5P1b/P2P4/6PP/2R3K1 w - - 1 39,c1c5 d5d4 g1h1 d4a1 b5b1 a1b1 c5c1 b1c1,1217,backrankmate endgame mate matein4 verylong
1v9NH,RR6/4rp1k/1p5p/2p1p1p1/4P3/1Nq4P/5PPK/8 b - - 0 39,c3b3 b8h8 h7g6 a8g8 g6h5 g2g4 h5h4 h8h6,1113,deflection endgame mate matein4 queenrookendgame verylong
1vz8q,5r1k/1p5p/p6p/5Nb1/5nP1/2Q2P2/PP2q2P/3R3K b - - 10 34,g5f6 c3f6 f8f6 d1d8 e2e8 d8e8 f6f8 e8f8,1240,mate matein4 middlegame sacrifice verylong
1ykpa,r1b2r1k/ppp3pp/3b1P2/4N1Bq/2BpP3/8/PPP3QP/5RK1 b - - 0 20,d6e5 f6g7 e5g7 f1f8 g7f8 g5f6 f8g7 g2g7,1071,advancedpawn discoveredattack kingsideattack mate matein4 middlegame verylong
21XVj,4r1k1/r3q1p1/1p2PpPR/p2p4/3p1Q2/P2BR3/1P4PP/6K1 b - - 0 34,d4e3 h6h8 g8h8 f4h4 h8g8 h4h7 g8f8 h7h8,1262,attraction endgame kingsideattack mate matein4 sacrifice verylong
22o6J,5rk1/2q2ppp/p3p3/1p2b3/4P3/3P1QP1/7P/2R2R1K b - - 2 34,c7b6 f3f7 f8f7 c1c8 b6d8 c8d8 f7f8 f1f8,1284,endgame mate matein4 sacrifice verylong
23KtC,5rk1/ppq3p1/2p3QP/6B1/4Pb2/8/PPP2r2/2K3RR w - - 1 26,g5f4 c7f4 c1b1 f2f1 g1f1 f4f1 h1f1 f8f1,1137,backrankmate mate matein4 middlegame verylong
23lM4,2kr4/p4pq1/1ppQ1R2/3bP3/8/8/P5PP/6RK w - - 8 34,d6e7 d5g2 g1g2 d8d1 f6f1 d1f1 g2g1 f1g1,1163,endgame mate matein4 sacrifice verylong
28dGM,2r3k1/6pp/p4q2/5b2/3P4/PP2QB2/1B4PP/6K1 b - - 0 27,c8c2 e3e8 f6f8 f3d5 f5e6 d5e6 g8h8 e8f8,1300,endgame mate matein4 verylong
29GZI,4B3/q1B5/p2Q4/2p1p3/2k5/Pp6/1P6/1K6 w - - 4 52,c7a5 a7h7 e8g6 h7h1 a5e1 h1e1 d6d1 e1d1,1242,endgame mate matein4 verylong
2CbxM,8/1pp1kr2/p3R3/4K2p/r3b3/8/8/7R b - - 0 38,e7d7 h1d1 e4d3 d1d3 a4d4 d3d4 d7c8 e6e8,1091,endgame mate matein4 verylong
2DhEF,7k/np3p2/1br1pP1p/p2pPr2/P2P4/1qP1K3/1P3Q2/R6R b - - 7 33,f5f2 h1h6 h8g8 a1g1 f2g2 g1g2 g8f8 h6h8,1243,exposedking kingsideattack mate matein4 middlegame verylong
2FInT,6rk/pb1p4/1p2p3/5pP1/2P1q3/7Q/P2KB3/8 b - - 4 37,h8g7 h3h6 g7f7 h6f6 f7e8 e2h5 g8g6 h5g6,1245,endgame exposedking mate matein4 verylong
2KLMR,2k5/5p2/2p3rp/q2pBb2/5P2/4P3/1R3K2/R7 b - - 1 48,a5c5 a1a8 c8d7 b2b7 d7e6 a8e8 c5e7 b7e7,1056,endgame exposedking mate matein4 pillsburysmate verylong
2LtQL,r1b1k2r/p2p1ppp/2p5/5p2/8/2P5/PBP2KPP/R3R3 b kq - 1 15,e8f8 b2a3 c6c5 a3c5 d7d6 c5d6 f8g8 e1e8,1109,backrankmate endgame mate matein4 verylong
2N0dR,5rk1/p5rp/7Q/2qpP1pP/8/3B2R1/PPP1R1P1/6K1 w - - 3 33,g1h1 f8f1 h1h2 c5g1 h2h3 g1h1 h3g4 f1f4,1031,epaulettemate mate matein4 middlegame verylong
2Qdcr,8/8/7p/1pP2Ppk/6p1/6K1/8/8 b - - 0 53,b5b4 c5c6 b4b3 c6c7 b3b2 c7c8q b2b1q c8e8,1245,advancedpawn endgame mate matein4 pawnendgame promotion verylong
2RiLo,2rr2k1/pp2bppp/4p3/4P3/1P2Q3/P1q1B3/5PPP/R3R1K1 w - - 0 22,e1c1 c3c1 a1c1 c8c1 e3c1 d8d1 e4e1 d1e1,1077,backrankmate fork mate matein4 middlegame sacrifice verylong
2T2jW,5r1k/5qb1/3p4/Q1pNp2p/1nP1B1pn/2NP2P1/5BK1/7R w - - 4 39,h1h4 f7f2 g2h1 f2f1 h1h2 f8f2 e4g2 f2g2,1274,master mate matein4 middlegame verylong
2Uetq,3r1r1k/p1R3pp/4Pq2/1p1Q4/8/P7/5PPP/5RK1 w - - 2 25,d5e4 f6f2 f1f2 d8d1 e4e1 d1e1 f2f1 e1f1,1257,endgame mate matein4 sacrifice verylong
2WNl9,2kr3r/Qp1n1ppp/2pBp3/8/8/1PP4B/P4K2/RN5q b - - 1 17,h1h3 a7a8 d7b8 a8b8 c8d7 b8c7 d7e8 c7e7,1274,mate matein4 middlegame queensideattack verylong
2X5z1,1Q2R2r/p4pk1/1p3q2/1B5p/2P3rP/P4Ppb/3P2P1/1RB3K1 w - - 1 27,e8h8 f6d4 g1h1 h3g2 h1g2 d4f2 g2h3 f2f1,1179,attraction kingsideattack mate matein4 middlegame sacrifice verylong
2XnhY,4N3/7r/pP1R1p2/4p3/4P3/2k2PPr/7P/7K w - - 1 45,e8f6 h3h2 h1g1 h2h1 g1f2 h7h2 f2e3 h1e1,1109,endgame mate matein4 verylong
2ay1T,7k/3r1p1p/Q1n2b2/2B2p2/1p5p/1B3P2/PPP5/2K5 w - - 0 30,a6c6 f6g5 f3f4 g5f4 c5e3 f4e3 c1b1 d7d1,1189,backrankmate endgame mate matein4 verylong
2bvq3,r5k1/pp4pp/4Qbp1/4p3/4P3/1P1R2N1/1r3qPP/3R3K b - - 5 27,g8h8 d3d8 a8d8 d1d8 f6d8 e6e8 f2f8 e8f8,1026,fork mate matein4 middlegame sacrifice verylong
2e4C1,1rr2k2/3q1pbQ/p2p1P2/1ppPp1P1/8/PP1P3n/5P2/1RB1K3 b - - 0 26,d7g4 h7g7 f8e8 g7g8 e8d7 g8f7 d7d8 f7e7,1261,deflection mate matein4 middlegame verylong
2e6pt,k2r3r/p1Q5/1pR1p3/2bpP3/8/6P1/PPP3PP/R3N2K w - - 3 25,c6e6 h8h2 h1h2 d8h8 c7h7 h8h7 e6h6 h7h6,1043,attraction mate matein4 middlegame pillsburysmate sacrifice verylong
2eHYb,3r1rk1/p4ppp/8/1p1B4/3n1Pn1/1P6/P4PPP/R1B2RK1 w - - 2 19,d5b7 d4e2 g1h1 g4f2 f1f2 d8d1 f2f1 d1f1,1193,backrankmate deflection mate matein4 middlegame sacrifice verylong
2hVXx,r2qr3/5Q1p/p1b5/2p2kp1/2P2p1P/3P4/5PPB/4bRK1 b - - 0 31,f5g4 f2f3 c6f3 g2f3 g4h3 f7f5 g5g4 f5g4,1235,mate matein4 middlegame verylong
2i1hl,2r1k3/pp2nppQ/4p2p/3pN3/3P4/P1N1P1P1/1qBK1PP1/2r5 b - - 2 23,c8c3 h7h8 e7g8 h8g8 e8e7 g8f7 e7d6 f7d7,1038,mate matein4 middlegame verylong
2jF2q,2Q5/4R1pp/2RB4/r1P2p2/5Pk1/6P1/r6P/6K1 w - - 0 37,e7g7 g4f3 c8a6 a2a1 a6f1 a1f1 g1f1 a5a1,1298,attraction defensivemove endgame mate matein4 verylong
2jlwC,8/8/5pk1/pQ1p2p1/3q3p/5PP1/PP4PK/1R6 w - - 0 36,b5e2 h4g3 h2h1 d4h4 h1g1 h4h2 g1f1 h2h1,1036,endgame master mate matein4 verylong
2k2TY,2Q5/p4pk1/Pp6/6q1/3pP3/3P1p2/1P3P2/R1R3K1 w - - 1 35,g1f1 g5g2 f1e1 g2g1 e1d2 g1f2 d2d1 f2e2,1042,deflection endgame mate matein4 verylong
2kjm6,2r3k1/2q2p1p/5Qp1/p2p1PP1/1p3r1P/8/PPPR4/1KR5 w - - 1 27,d2d5 c7c2 c1c2 f4f1 d5d1 f1d1 c2c1 d1c1,1292,endgame mate matein4 queensideattack sacrifice verylong
2lV7m,6Q1/r5p1/3pBk1p/4p3/1P2P2q/7P/5PP1/3R2K1 w - - 12 42,d1d6 a7a1 d6d1 a1d1 g1h2 h4f4 g2g3 f4f2,1165,endgame mate matein4 verylong
2nqTu,5r2/1R2Q3/5n1p/7k/2pq3P/6B1/1bP2PP1/6K1 w - - 5 35,e7f8 d4d1 g1h2 f6g4 h2h3 d1h1 g3h2 h1h2,1212,endgame mate matein4 verylong
2owWh,8/8/1P6/7p/8/1Br2pk1/P4R2/6K1 w - - 1 47,b6b7 c3c1 b3d1 c1d1 f2f1 f3f2 g1h1 d1f1,1019,advancedpawn deflection endgame exposedking mate matein4 verylong
2pbJi,r5k1/5ppp/8/p1p5/1qP1P3/1r4P1/3R1Q1P/3R3K b - - 1 38,h7h6 d2d8 a8d8 d1d8 g8h7 f2f5 g7g6 f5f7,1101,endgame mate matein4 verylong
2qaI9,r1b2rk1/ppqn1pp1/2p1p3/3pP1P1/3P1b2/2PBP3/PPQ3P1/R3K2R b KQ - 0 16,f4g5 d3h7 g8h8 h7g8 g5h4 h1h4 h8g8 c2h7,1241,discoveredattack discoveredcheck kingsideattack mate matein4 middlegame verylong
2qdyx,1r4k1/5ppp/5b2/8/8/p2NB3/1PP2PPP/1K1R4 w - - 0 23,b2b3 a3a2 b1a2 b8a8 e3a7 a8a7 a2b1 a7a1,1177,advancedpawn attraction endgame mate matein4 operamate verylong
2sp5p,2r3k1/1R4pp/4p3/p2pPp2/3Pn3/2P2Q1P/3q2P1/6K1 b - - 1 33,c8c3 b7b8 c3c8 b8c8 g8f7 f3h5 g7g6 h5h7,1083,endgame mate matein4 verylong
2vGi6,6r1/3B1pk1/P2Q4/3p3p/4pPnq/2P1P1p1/1P4P1/R2R2K1 w - - 7 32,d7g4 h4h2 g1f1 h2h1 f1e2 h1g2 e2e1 g2f2,1134,deflection endgame mate matein4 verylong
2wu2D,3r2k1/1Q3p1p/6p1/p1p5/2P1P3/P1Nrq1P1/1P4BP/1R4K1 w - - 1 29,g1h1 d3d1 b1d1 d8d1 c3d1 e3e1 g2f1 e1f1,1096,fork master mate matein4 middlegame sacrifice verylong
2x1vX,6k1/2b1rpp1/5q1p/8/P2r4/7P/1RQ2PP1/1R3K2 b - - 1 42,c7g3 b2b8 g3b8 b1b8 d4d8 b8d8 e7e8 d8e8,1280,mate matein4 middlegame sacrifice verylong
2xzsd,3r2r1/p6k/4R2p/2P1pp2/8/1P1n1P2/1PN2P1P/5RK1 w - - 3 26,g1h1 d3f2 f1f2 d8d1 c2e1 d1e1 f2f1 e1f1,1064,clearance endgame mate matein4 sacrifice verylong
2zmtP,4r1k1/2Q2pp1/p3pb1p/1pN5/1Bq5/P7/1P1R2PP/5R1K w - - 7 31,f1f6 c4c1 d2d1 c1d1 b4e1 d1e1 f6f1 e1f1,1054,mate matein4 middlegame verylong
30e95,6k1/pp3p1p/5npQ/3pr1N1/1q1R4/5P2/PP5P/K1R5 b - - 0 25,b4d4 c1c8 e5e8 c8e8 f6e8 h6h7 g8f8 h7f7,1217,endgame mate matein4 verylong
32tyz,4r2k/3R4/6rp/R4p2/8/1Bb2P2/P4P2/7K w - - 3 35,a5a7 e8e1 h1h2 c3e5 f3f4 e5f4 h2h3 e1h1,1112,endgame exposedking mate matein4 verylong
34jwE,5kQ1/1r5R/qr1p2p1/4p1P1/4P3/5PN1/PP6/1K5R b - - 0 32,f8g8 h7h8 g8f7 h1h7 f7e6 h8e8 b7e7 h7e7,1067,endgame exposedking mate matein4 verylong
393XK,3r3k/6qp/6p1/2b2pP1/2Br4/1P3Q1R/3p3P/3R3K b - - 1 41,g7e5 h3h7 h8h7 f3h3 d4h4 h3h4 h7g7 h4h6,1137,attraction mate matein4 middlegame sacrifice verylong
3ADlb,8/1Q3pk1/p2P2pp/2p3q1/2Pb4/7P/PP2r1P1/5R1K b - - 0 32,e2b2 b7f7 g7h8 f7f8 h8h7 f1f7 d4g7 f8g7,1183,endgame mate matein4 verylong
3AOJw,3b2k1/pp4pp/4p3/2p5/4P1Pq/2N2P2/PPP1Q2P/2K5 w - - 0 22,e2c4 h4e1 c3d1 d8g5 f3f4 g5f4 c1b1 e1d1,1247,deflection endgame mate matein4 queensideattack verylong
3AaKm,r4k2/5p2/3p1Bp1/q2p1b1r/p1pP3P/1P2QP2/P1P1R3/1K1R4 b - - 0 27,a4b3 e3e7 f8g8 e7e8 a8e8 e2e8 g8h7 e8h8,1054,mate matein4 middlegame operamate sacrifice verylong
3ApNG,5rn1/2p2p1k/2pqb1pp/p3P3/P4Q1N/3r2NP/1P3RPK/5R2 b - - 0 27,d6d4 f4f7 e6f7 f2f7 f8f7 f1f7 h7h8 h4g6,1075,cornermate mate matein4 middlegame sacrifice verylong
3BRj6,5rk1/pp1b1rp1/2p1p2p/2P4Q/3P4/3B2R1/P1Pq2PP/R5K1 w - - 4 23,a1b1 d2f2 g1h1 f2f1 d3f1 f7f1 b1f1 f8f1,1267,backrankmate mate matein4 middlegame sacrifice verylong
3CFvB,8/1R4R1/5pkp/8/8/5P1P/r4r2/7K b - - 0 43,g6h5 b7b5 f6f5 b5f5 h5h4 g7g4 h4h3 f5h5,1055,endgame mate matein4 rookendgame verylong
3DshO,5q1r/1RQ2pk1/P1p1p2r/2p1P3/2Pp1pPP/3PbN1K/6R1/8 w - - 1 42,a6a7 h6h4 f3h4 h8h4 h3h4 f8h8 h4g5 f4f3,1037,attraction discoveredattack master mate matein4 middlegame sacrifice verylong
3ER8R,8/4ppk1/1r1p2pp/2q5/3b4/7P/Q5P1/5R1K b - - 3 36,b6b2 a2f7 g7h8 f7f8 h8h7 f1f7 d4g7 f8g7,1172,endgame mate matein4 verylong
3Hj63,r4rk1/pp4p1/n3p1P1/4P2Q/3p4/2q2p1P/5P2/3R1K1R b - - 0 27,f8d8 h5h7 g8f8 h7h8 f8e7 h8g7 e7e8 g7f7,1088,deflection mate matein4 middlegame verylong
3ICSa,r1b4q/pp1k2r1/4pp2/2Q5/2B5/3P4/PPP1nPPP/RNB2R1K w - - 3 18,d3d4 h8h2 h1h2 g7h7 c1h6 h7h6 c5h5 h6h5,1237,anastasiamate attraction kingsideattack mate matein4 middlegame sacrifice verylong
3KjFi,5rk1/5ppp/p2R4/q3p3/P1r1P3/4PQ2/6PP/5RK1 b - - 0 22,a5a4 f3f7 f8f7 d6d8 a4e8 d8e8 f7f8 f1f8,1091,endgame mate matein4 sacrifice verylong
3LbA0,5rk1/pp3Rpp/8/P1nQ4/1p6/6P1/2q3BP/2r2N1K b - - 0 26,f8f7 d5d8 f7f8 g2d5 c5e6 d5e6 g8h8 d8f8,1077,clearance mate matein4 middlegame pin verylong
3Nt2Q,r5k1/1p3pp1/5q2/3p2pP/8/1PPR4/PKQR2P1/5r2 w - - 8 38,d3d5 a8a2 b2a2 f6a6 d5a5 a6a5 a2b2 a5a1,1179,attraction endgame mate matein4 sacrifice verylong
3NzB6,r4r2/2p1R3/p4N2/1p2Nppk/8/P6P/1P3PP1/6K1 b - - 5 32,f8f6 e7h7 f6h6 g2g4 f5g4 h3g4 h5h4 h7h6,1281,endgame mate matein4 verylong
3OaGJ,4r3/5k1R/7p/5p2/5P2/P5PP/1B1b3K/4q3 b - - 3 48,f7g6 h7g7 g6h5 g3g4 f5g4 h3g4 h5h4 b2f6,1171,endgame mate matein4 verylong
3Ofdy,b3r1rk/5R1p/p7/8/1pPp4/1P1P4/1P1Q2PP/6RK w - - 1 28,d2h6 a8g2 g1g2 e8e1 f7f1 e1f1 g2g1 f1g1,1258,endgame mate matein4 sacrifice verylong
3P4LE,5rk1/5q1p/1Q2R1p1/2pp4/8/2P2N2/rP3PPP/5RK1 w - - 1 23,f3g5 f7f2 f1f2 a2a1 e6e1 a1e1 f2f1 e1f1,1220,mate matein4 middlegame sacrifice verylong
3PRkp,1rn2rk1/p4pp1/1p1Np2p/2n1P1q1/4B3/5P2/PPQ2P1P/3R1R1K b - - 1 22,g5e5 e4h7 g8h8 d6f7 f8f7 d1d8 f7f8 d8f8,1067,clearance deflection kingsideattack mate matein4 middlegame sacrifice verylong
3PbIq,r1b1kb1r/pp1p1ppp/3p4/3Qp1N1/4K3/4BP2/PPP4P/R3q3 b kq - 3 14,e1a1 d5f7 e8d8 g5e6 d7e6 e3g5 f8e7 f7e7,1293,attackingf2f7 clearance mate matein4 middlegame sacrifice verylong
3QHMe,2r3k1/p1r2pp1/1p1b1n1p/8/3R3q/1Q2BB1P/PP2RPP1/6K1 w - - 2 24,d4h4 c7c1 e3c1 c8c1 b3d1 c1d1 e2e1 d1e1,1136,kingsideattack mate matein4 middlegame pillsburysmate sacrifice verylong
3QUFr,5rk1/pp3rp1/1b6/2qpR1N1/6b1/2P5/P2NQPPP/R5K1 w - - 2 22,e2g4 c5f2 g1h1 f2f1 d2f1 f7f1 a1f1 f8f1,1029,backrankmate fork mate matein4 middlegame sacrifice verylong
3RwuQ,r1b4k/pp4p1/2n1p1B1/2Pp2Q1/8/5N2/P1P2KPP/q7 b - - 4 19,a1f6 g5h5 h8g8 h5h7 g8f8 h7h8 f8e7 h8e8,1047,mate matein4 middlegame verylong
3UHTu,3r4/5R2/p3p1k1/1p4p1/1P6/P7/2r3PP/5RK1 b - - 0 28,d8d2 f1f6 g6h5 f7h7 h5g4 h2h3 g4g3 f6f3,1299,endgame mate matein4 rookendgame verylong
3UVSP,5rk1/pb3p2/q3pBp1/Ppp4P/2p4Q/1n6/RP2PPBP/6K1 b - - 1 28,b7g2 h5g6 f7g6 h4h8 g8f7 h8g7 f7e8 g7e7,1254,clearance kingsideattack mate matein4 middlegame verylong
3VMv4,r4rk1/1p3pp1/5b2/p2N2n1/6P1/P7/1PP3K1/R4R2 b - - 0 26,f6b2 d5e7 g8h8 f1h1 g5h7 h1h7 h8h7 a1h1,1062,anastasiamate attraction mate matein4 middlegame sacrifice verylong
3WAIB,r1b2kr1/p5p1/2p1pQ2/1p1q4/3P4/5PR1/PPP1B3/1K4R1 b - - 0 25,g7f6 g3g8 f8e7 g1g7 e7d6 g8d8 c8d7 g7d7,1103,epaulettemate exposedking mate matein4 middlegame verylong
3YMnV,4r1k1/6pp/p1q5/1p3Q2/1Pp5/5RP1/4r2P/5RK1 b - - 11 32,c6d6 f5f7 g8h8 f7f8 e8f8 f3f8 d6f8 f1f8,1283,backrankmate endgame mate matein4 sacrifice verylong
3Yl4L,7k/1R5p/p3N3/5P2/P4BPb/2r2R1P/4r1K1/8 w - - 4 38,g2f1 e2e1 f1g2 c3c2 f4d2 c2d2 f3f2 d2f2,1285,exposedking mate matein4 middlegame operamate verylong
3ZGmf,5rk1/5ppp/8/Rpq1p3/4P3/1QP5/1P1r2PP/5R1K b - - 1 25,c5e3 b3f7 f8f7 a5a8 d2d8 a8d8 f7f8 f1f8,1257,endgame mate matein4 sacrifice verylong
3ZyyB,8/p2kbppp/b1rp4/B2pP3/8/1P3N2/Q2K1PPP/8 w - - 0 25,f3d4 e7g5 f2f4 g5f4 d2e1 c6c1 e1f2 c1f1,1283,endgame exposedking mate matein4 operamate pillsburysmate verylong
3ctsh,2r4k/6pp/8/3QP3/p5P1/P1r4P/N3q3/2KR1R2 w - - 0 34,a2c3 c8c3 c1b1 e2c2 b1a1 c3a3 d5a2 c2a2,1215,endgame exposedking mate matein4 verylong
3feQh,4r1k1/1Q3ppp/2p1r3/p5q1/8/7P/PP3PP1/1R1R2K1 w - - 1 25,d1d7 e6e1 b1e1 e8e1 g1h2 g5f4 g2g3 f4f2,1159,endgame mate matein4 verylong
3fv3I,r1b1k2B/ppp2p2/4p3/3p3p/2PP3q/2N1P1p1/PP4P1/R2Q1BK1 w q - 0 16,f1d3 h4h2 g1f1 h2h1 f1e2 h1g2 e2e1 g2f2,1144,deflection kingsideattack mate matein4 middlegame verylong
3h6Nw,5rk1/R5pp/1q2p3/4P3/1r6/8/5PPP/3Q1RK1 w - - 0 25,d1d7 b6f2 f1f2 b4b1 d7d1 b1d1 f2f1 d1f1,1263,endgame mate matein4 sacrifice verylong
3hUIU,5rk1/p4ppp/1p1q4/3R4/8/5Q2/r5PP/5R1K b - - 0 26,d6c6 f3f7 f8f7 d5d8 c6e8 d8e8 f7f8 f1f8,1162,endgame mate matein4 sacrifice verylong
3iXcH,r1q2r2/2p2p1k/2p2Pb1/1p1p2Qp/7R/1P5P/P1P3PK/5R2 b - - 1 34,f8h8 h4h5 h7g8 h5h8 g8h8 g5h6 g6h7 h6g7,1265,attraction exposedking mate matein4 middlegame pin verylong
3ku6v,Q4bk1/7p/4p1p1/3p4/3B1Pp1/1P2P1K1/P3q2P/8 w - - 7 33,d4c5 e2f3 g3h4 f3h3 h4g5 h3h5 g5f6 h5f5,1175,endgame epaulettemate master mate matein4 verylong
3l0NN,3r1rk1/1p3ppp/2n5/p2B1R1Q/8/P2qP1bP/1P6/1RB3K1 b - - 0 24,d3b1 d5f7 f8f7 h5f7 g8h8 f7f8 d8f8 f5f8,1232,backrankmate mate matein4 middlegame verylong
3ne52,5rk1/p1Q2ppp/8/8/8/P3q3/1r4PP/3R1R1K b - - 2 21,e3e2 c7f7 f8f7 d1d8 e2e8 d8e8 f7f8 f1f8,1250,endgame mate matein4 sacrifice verylong
3nkF4,8/2B5/2R5/P2N2k1/5pp1/8/r5P1/7K w - - 0 41,a5a6 a2a1 c6c1 a1c1 h1h2 g4g3 h2h3 c1h1,1131,endgame mate matein4 verylong
3pa9n,3r1rk1/pp4pp/1q6/4R3/1P4Q1/P7/1BP1nPPP/3R2K1 w - - 1 22,g4e2 d8d1 e2d1 b6f2 g1h1 f2f1 d1f1 f8f1,1251,backrankmate mate matein4 middlegame verylong
3pcGY,1k2r3/1p4Q1/r2q4/R1pp4/1P6/2N2N1p/1PP2P1P/5K1R w - - 1 25,a5a6 d6a6 b4b5 a6a1 c3b1 a1b1 f3e1 e8e1,1245,mate matein4 middlegame verylong
3qAML,6k1/2p3p1/2Qp3r/Pp1Ppr2/1P3p2/5PqP/5RP1/5R1K w - - 1 32,c6c7 h6h3 g2h3 g3h3 h1g1 f5g5 f2g2 g5g2,1066,endgame mate matein4 sacrifice verylong
3tCQx,7r/p4Nbp/3p1Qp1/2p4k/q4P2/1P6/P1KP1nPP/R1B5 w - - 3 26,f6g7 a4e4 d2d3 e4d3 c2b2 f2d1 b2a3 d3a6,1272,mate matein4 middlegame verylong
3uKcy,rnbq1rkR/pp1pb1p1/1n2p3/4P1P1/1pPP4/8/P4PP1/RNBQK3 b Q - 2 13,g8h8 d1h5 h8g8 g5g6 f8f5 h5h7 g8f8 h7h8,1229,kingsideattack mate matein4 opening verylong
3uYgT,5rk1/p2Rqppp/8/2r1PQ2/8/7P/6P1/5R1K b - - 2 29,e7e5 f5f7 f8f7 d7d8 e5e8 d8e8 f7f8 f1f8,1216,endgame mate matein4 sacrifice verylong
3v7jf,5r1k/R1P3p1/3PR3/8/5pp1/2r4P/5PPK/8 w - - 0 40,d6d7 g4g3 f2g3 f4g3 h2g1 c3c1 e6e1 c1e1,1116,endgame mate matein4 rookendgame verylong
3w8Z3,4r1k1/ppp2ppp/8/3P4/1q6/2N1r3/1PPK3P/R4QR1 w - - 0 20,f1g2 b4d4 d2c1 e3e1 g1e1 e8e1 c3d1 d4d1,1194,mate matein4 middlegame verylong
3wvLZ,4r1k1/1Q3p1p/p5p1/4n3/5N2/1N3P1P/P4qPK/3R4 w - - 0 29,b7a6 e5f3 h2h1 e8e1 d1e1 f2e1 a6f1 e1f1,1253,mate matein4 middlegame pin verylong
3y0Gn,Q1b2k1r/p3qppp/8/8/6n1/2N5/PPP1NKPP/R1B4R w - - 1 13,f2g1 e7c5 e2d4 c5d4 c1e3 d4e3 g1f1 e3f2,1273,kingsideattack mate matein4 middlegame verylong
40Ssl,2R4r/pQ5p/4ppk1/2P5/3r4/3N4/PP5q/2KR4 w - - 4 29,c8h8 d4c4 c1b1 h2c2 b1a1 c2d1 d3c1 d1c1,1256,endgame fork mate matein4 verylong
42RnZ,2R5/6k1/8/1P2p3/P4pp1/r1N3P1/5PKP/8 w - - 0 48,b5b6 f4f3 g2f1 a3a1 c3b1 a1b1 c8c1 b1c1,1061,endgame mate matein4 verylong
42jWX,3r1k2/1Q4pp/8/2R5/1P6/4p2K/7P/6q1 b - - 2 42,e3e2 c5f5 f8g8 b7f7 g8h8 f7f8 d8f8 f5f8,1190,backrankmate endgame mate matein4 sacrifice verylong
45KYH,8/3q1k1p/pR4p1/2Q5/2P1P2P/3r1pP1/5P2/6KB w - - 2 36,c5e5 d3d1 g1h2 d1h1 h2h1 d7h3 h1g1 h3g2,1215,attraction endgame mate matein4 sacrifice verylong
45hL8,8/p7/kp1QBp2/2p5/2PpPR2/1P1P2r1/P3KR2/7q w - - 0 42,d6c7 g3e3 e2d2 h1e1 d2c2 e1c3 c2b1 e3e1,1225,endgame mate matein4 verylong
465GA,6k1/1p3R2/p5p1/3p4/1p2r1b1/1P1rP1P1/7P/5RK1 b - - 0 31,e4e3 f7f8 g8h7 f1f7 h7h6 f8h8 h6g5 h2h4,1087,endgame exposedking mate matein4 verylong
49LEw,5rk1/p7/4p2p/2p1Prp1/2P1RP2/P1R3P1/2P5/6K1 w - - 0 37,f4g5 f5f1 g1h2 f8f2 h2h3 f1h1 h3g4 h6h5,1062,endgame exposedking mate matein4 rookendgame verylong
49qAj,3k3r/1pR3b1/p7/5qp1/3Pn2p/N3P3/PP4PP/2Q3K1 w - - 0 25,c7g7 f5f2 g1h1 e4g3 h2g3 h4g3 g7h7 h8h7,1243,discoveredattack discoveredcheck endgame mate matein4 sacrifice verylong
49sXq,r7/3q1rkp/2p1R1p1/1p1p2P1/3P3Q/1P5P/1KP5/4R3 b - - 2 33,d7a7 h4h6 g7h8 e6e8 a8e8 e1e8 f7f8 h6f8,1275,endgame mate matein4 verylong
4B355,2rr3k/5p1p/p4PpB/1p1pP3/4nR1Q/1P1R3P/P1q3P1/6K1 b - - 5 30,c2d3 h6g7 h8g8 h4h7 g8h7 f4h4 h7g8 h4h8,1240,attraction discoveredattack kingsideattack mate matein4 middlegame operamate sacrifice verylong
4C1bC,4kb1r/pQ3ppp/2p1b3/2q1P3/5P2/3r4/PPP2RPP/RN4K1 w k - 0 18,c2d3 c5c1 f2f1 f8c5 d3d4 c5d4 g1h1 c1f1,1280,clearance deflection kingsideattack mate matein4 middlegame verylong
4C5lF,1QR5/3r1pkp/4p1p1/4P3/4pP2/7P/5PPK/3q4 b - - 8 32,d1d2 c8g8 g7h6 b8f8 h6h5 g2g4 h5h4 f8h6,1143,endgame mate matein4 verylong
4CJ8s,8/p1k4p/2p1p1p1/2P2pb1/3P4/1RPq4/P4P2/1R4K1 b - - 15 35,d3h3 b3b7 c7d8 b7b8 d8e7 b1b7 e7f6 b8f8,1062,endgame epaulettemate mate matein4 verylong
4CyT8,8/5R1p/2b1p2k/4P3/1K3P1P/5P2/2r1r3/6R1 b - - 0 42,c6f3 f7f6 h6h5 g1g5 h5h4 f6h6 f3h5 h6h5,1197,blindswinemate endgame exposedking mate matein4 verylong
4DJBV,7r/P1R2pk1/7r/1Q1p2b1/3Pp1p1/4P1Pq/1P3PRN/7K w - - 1 39,b5d5 h3h2 g2h2 h6h2 h1g1 h2h1 g1g2 h8h2,1009,blindswinemate exposedking master mate matein4 middlegame verylong
4DxBt,5b2/3R4/5p1k/p1p2PBn/1p2RPq1/8/PPP2K2/8 b - - 3 35,f6g5 e4e6 h5f6 e6f6 h6h5 d7h7 f8h6 f6h6,1180,endgame fork mate matein4 verylong
4E818,4r1k1/6pp/pq3p2/2pRN3/4R3/P3Q3/5PPP/6K1 w - - 0 33,e5c4 b6b1 d5d1 b1d1 e3e1 d1e1 e4e1 e8e1,1149,backrankmate endgame mate matein4 verylong xrayattack
4E8I5,6k1/6pp/p4p2/3Rp3/2p3K1/Q1p2P1P/P5P1/1r2q3 b - - 6 36,c3c2 d5d8 g8f7 a3f8 f7g6 f8e8 g6h6 e8h5,1235,endgame mate matein4 verylong
4EG0U,r7/8/1B3p2/P2b1kpp/8/6K1/5P1P/2R5 w - - 4 36,c1c5 h5h4 g3h3 g5g4 h3h4 a8h8 h4g3 h8h3,1210,endgame exposedking mate matein4 pillsburysmate verylong
4Fpef,8/5pp1/3R3p/1p2pk2/1P2P3/5KP1/rr3P1P/5R2 b - - 0 34,f5g5 h2h4 g5h5 g3g4 h5h4 f1h1 h4g5 h1h5,1052,endgame mate matein4 rookendgame verylong
4HMky,1rq3k1/6p1/p3p1P1/3pPb1Q/2p2P1P/2P5/Pr6/2R2RK1 b - - 0 30,c8d8 h5h7 g8f8 h7h8 f8e7 h8g7 e7e8 g7f7,1152,deflection kingsideattack mate matein4 middlegame verylong
4HTR1,1RR5/6pk/5p1p/5N2/4p1P1/5bKP/5P2/6r1 w - - 6 41,g3h4 g7g5 h4h5 f3g4 h3g4 g1h1 f5h4 h1h4,1263,endgame mate matein4 sacrifice verylong
4I7B1,4r1k1/p1r2p1p/2p2q2/3b1Np1/PR1P2P1/4Rp1P/5P1K/8 b - - 3 40,e8e3 b4b8 c7c8 b8c8 f6d8 c8d8 e3e8 d8e8,1221,endgame mate matein4 verylong
4JOsl,4r1k1/ppp2ppp/1q2rnn1/6BN/3P4/2P2Q2/PP3RPP/5RK1 b - - 6 20,f6h5 f3f7 g8h8 f7f8 g6f8 f2f8 e8f8 f1f8,1092,backrankmate mate matein4 middlegame sacrifice verylong
4KAVa,r2qrnk1/pb1n2pp/1p1bp3/2pp2NP/3P1P2/2PBP1P1/PPQ5/R1B1K2R b KQ - 0 15,h7h6 d3h7 f8h7 c2h7 g8f8 h7h8 f8e7 h8g7,1056,deflection epaulettemate kingsideattack mate matein4 middlegame verylong
4KKRF,b2NNb2/6kp/pp4p1/2p5/P1n5/8/1P4PP/6K1 b - - 3 24,g7h6 d8f7 h6h5 e8f6 h5h4 g2g3 h4h3 f7g5,1237,endgame mate matein4 verylong
4NJvx,7r/kP6/3QB3/3P4/P1p1q2r/2P5/1B4PP/R5RK w - - 5 39,h2h3 h4h3 e6h3 h8h3 d6h2 h3h2 h1h2 e4h4,1037,attraction mate matein4 middlegame pin verylong
4OPkq,1k4r1/ppp5/8/3q2bR/3p1RQ1/3P4/PPP5/1K6 w - - 0 29,h5g5 d5h1 g4g1 h1g1 g5g1 g8g1 f4f1 g1f1,1044,backrankmate endgame mate matein4 verylong xrayattack
4QHZc,2R5/5Rpk/4P2p/8/b4P1K/4P2P/6r1/8 w - - 3 46,f7f8 g7g5 f4g5 h6g5 h4h5 a4d1 f8f3 d1f3,1234,endgame mate matein4 morphysmate verylong
4RVdV,5r1k/5q1p/8/3Ppp2/1p6/1Pn1QP2/5r1P/4R1RK b - - 1 40,f2a2 e3e5 f7f6 e5f6 f8f6 e1e8 f6f8 e8f8,1271,clearance master mate matein4 middlegame verylong
4RekA,3r1rk1/1p3p2/p1bp2p1/P6p/1P1QPq2/2N2PR1/2P4P/6RK b - - 1 30,h5h4 g3g6 f7g6 g1g6 g8f7 d4g7 f7e8 g6e6,1203,epaulettemate kingsideattack mate matein4 middlegame sacrifice verylong
4SC4F,3rr2k/1p4pp/1qn1Pp2/1p1p1P2/7R/1B3R2/PB4PP/5K2 b - - 8 28,d5d4 h4h7 h8h7 f3h3 h7g8 e6e7 d8d5 b3d5,1273,advancedpawn attraction discoveredattack discoveredcheck kingsideattack mate matein4 middlegame sacrifice verylong
4Sd8p,r7/1bp5/p3Q3/1k2Pp2/P1pPqp2/6P1/1P5P/R5K1 b - - 0 30,b5b4 e6e7 c7c5 e7c5 b4b3 c5a3 b3c2 a3c3,1206,endgame mate matein4 verylong
4TAST,Q7/2p3pk/3q3p/8/4Pp2/2P1Q1P1/2r5/R5K1 w - - 0 29,g3f4 d6g6 g1f1 g6g2 f1e1 g2h1 e3g1 h1g1,1290,endgame exposedking mate matein4 verylong
4THDD,3Q4/5qk1/p5p1/1p3p1p/8/2Pp1N2/PP3PPP/3RK2R w K - 1 34,b2b3 f7e6 e1f1 e6e2 f1g1 e2d1 f3e1 d1e1,1087,endgame fork mate matein4 verylong
4THwD,1r3knr/p1p2ppp/2q5/8/3QP3/2N1BP1b/PPP2K1P/R7 b - - 1 19,b8b2 d4d8 c6e8 e3c5 g8e7 c5e7 f8g8 d8e8,1200,clearance mate matein4 middlegame verylong
4UCWG,5r1k/q4rpp/3p4/1p6/p3PQ2/2PP4/5PPP/1RR3K1 w - - 0 25,f4d6 a7f2 g1h1 f2f1 c1f1 f7f1 b1f1 f8f1,1011,backrankmate endgame mate matein4 sacrifice verylong
4XjkO,2r1r3/1k2pQ2/pB1pN3/P2P2p1/5p2/2q5/5PP1/4R1K1 w - - 0 31,e1b1 c3c1 b1c1 c8c1 g1h2 e8h8 f7h7 h8h7,1121,mate matein4 middlegame sacrifice verylong
4YEDs,5rk1/3q1ppp/1p1R4/1N6/r3p3/4PQPP/6P1/5RK1 b - - 1 30,d7b5 f3f7 f8f7 d6d8 b5e8 d8e8 f7f8 f1f8,1138,endgame mate matein4 sacrifice verylong
4YNFB,2R3k1/5p1n/3Np1bp/1p2P1p1/8/4P3/r5PK/8 b - - 3 45,g8g7 d6e8 g7h8 e8f6 h7f8 c8f8 h8g7 f8g8,1182,discoveredattack discoveredcheck endgame hookmate mate matein4 verylong
4bUsf,5rk1/2PR1ppp/Q2P4/1r2p3/8/3p1B2/5PPP/1q3RK1 w - - 1 32,c7c8q b1f1 g1f1 b5b1 c8c1 b1c1 f3d1 c1d1,1192,attraction mate matein4 middlegame sacrifice verylong
4dz8c,1k6/1p1RRp1p/pp4r1/3P4/6K1/2N3P1/PP3r1P/8 w - - 11 36,g4h3 g6h6 h3g4 f7f5 g4g5 h6g6 g5h5 f2h2,1278,endgame mate matein4 verylong
4fCZp,r4k2/ppp2npp/1q1pQ1b1/8/8/4R3/PPP2PPP/4R1K1 b - - 9 20,b6c6 e6e7 f8g8 e7e8 a8e8 e3e8 c6e8 e1e8,1276,backrankmate mate matein4 middlegame sacrifice verylong
4gF7D,r2r3k/5Qbp/p5p1/1p5n/8/P4P1P/BP1q2P1/3RR2K b - - 2 29,d2b2 d1d8 a8d8 e1e8 d8e8 f7e8 g7f8 e8f8,1261,mate matein4 middlegame verylong
4gTEw,8/4Q1kp/5pb1/2pq2p1/8/5PP1/6KP/8 b - - 1 39,g7h6 e7f8 h6h5 g3g4 h5h4 f8h6 g6h5 h6h5,1116,endgame mate matein4 verylong
4hmSy,B1b3Qk/p5pp/8/2n1p3/P7/1P2q1p1/4P1KP/2R2R2 b - - 0 23,h8g8 a8d5 c8e6 d5e6 c5e6 c1c8 e6d8 c8d8,1072,endgame master mate matein4 verylong
4jNb8,r4rk1/p7/1pp2Bp1/2p2b2/7Q/2PP4/Pb4PP/R5K1 b - - 0 19,b2a1 h4h8 g8f7 h8g7 f7e6 g7e7 e6d5 c3c4,1084,endgame exposedking mate matein4 verylong
4lxeL,r1bq1rk1/p5bp/2p3p1/1p4P1/1P2Pp2/1BP1nPN1/P3Q3/RN2K2R b KQ - 2 23,g8h8 h1h7 h8h7 e2h2 c8h3 h2h3 g7h6 h3h6,1184,attraction kingsideattack mate matein4 middlegame sacrifice verylong
4o2Zj,r7/6bk/2P3R1/2nPpq1p/p2p3P/5P1N/PP1QB3/1K4R1 w - - 1 28,b1a1 c5b3 a2b3 a4b3 e2a6 a8a6 d2a5 a6a5,1266,discoveredattack discoveredcheck master mate matein4 middlegame sacrifice verylong
4oGCN,rn3r2/pp3p1k/3qpPp1/3p2Qp/3P4/7R/PPP3PP/R5K1 b - - 3 22,f8h8 h3h5 h7g8 h5h8 g8h8 g5h6 h8g8 h6g7,1271,attraction mate matein4 middlegame verylong
4q4LW,5rk1/1R3ppp/1pNN4/3np3/4P3/8/rP3PPP/5K2 b - - 0 23,d5f4 c6e7 g8h8 d6f7 f8f7 b7b8 f7f8 b8f8,1289,backrankmate deflection endgame mate matein4 sacrifice verylong
4tUQF,6rk/pp3p1p/1qp1pPr1/6PQ/6R1/P2b4/1P3PP1/6K1 b - - 0 29,d3e2 h5h7 h8h7 g4h4 e2h5 h4h5 g6h6 h5h6,1270,attraction endgame kingsideattack mate matein4 sacrifice verylong
4uPTh,8/6pp/4R3/5pk1/1pB1p3/1P3qP1/P4P1P/6K1 b - - 4 31,h7h5 h2h4 g5g4 e6g6 g4h3 c4f1 f3g2 f1g2,1121,endgame mate matein4 verylong
4uPjP,1r2r1k1/1p3ppp/3pq3/p1pQ4/2P1B3/1PP3P1/P4R1P/5RK1 b - - 0 25,e6e4 d5f7 g8h8 f7f8 e8f8 f2f8 b8f8 f1f8,1001,backrankmate endgame mate matein4 sacrifice verylong
4yCzt,8/R7/5bk1/5ppp/8/4PKBP/1r3PP1/8 w - - 0 39,a7a6 g5g4 h3g4 h5g4 f3f4 b2b4 e3e4 b4e4,1298,endgame master mate matein4 verylong
4zoQT,3r4/3r3p/2p3pk/1pP2p2/1Pb1p3/4P1P1/4qPBP/QRR3K1 w - - 6 30,a1f6 d7d1 c1d1 d8d1 b1d1 e2d1 g2f1 d1f1,1115,kingsideattack master mate matein4 middlegame verylong
50UjG,4r1k1/pp3p2/2p2qpQ/2P1Pp1R/2Pr2P1/3n4/P6P/5RK1 w - - 0 32,e5f6 d4g4 g1h1 d3f2 f1f2 e8e1 f2f1 e1f1,1183,endgame kingsideattack mate matein4 sacrifice verylong
51Mnl,3qr1k1/pp1n2p1/6P1/3pP2Q/3P3P/B1r2P2/P7/R3K2R b KQ - 0 23,c3a3 h5h7 g8f8 h7h8 f8e7 h8g7 e7e6 g7f7,1300,deflection mate matein4 middlegame verylong
51arg,4r2k/4q1b1/1p4Bp/p1pP4/P1P3b1/8/1PQB2PP/5RK1 w - - 0 33,f1f7 g7d4 g1h1 e7e1 d2e1 e8e1 f7f1 e1f1,1274,backrankmate mate matein4 middlegame sacrifice verylong
52PM3,1Q6/2R3pk/8/2P2p1p/8/4n1P1/2r3P1/5RK1 w - - 1 37,f1f2 c2c1 f2f1 c1f1 g1h2 e3g4 h2h3 f1h1,1140,endgame mate matein4 verylong
52l8U,4r1k1/5rb1/2P5/1P2p3/NB2Pp1q/5Pp1/4Q1P1/1R1R2K1 w - - 0 36,e2d3 h4h2 g1f1 h2h1 f1e2 h1g2 e2e1 g2f2,1075,deflection mate matein4 middlegame verylong
52o2I,8/5pk1/6pp/4N3/4bP1K/R1P4P/P5r1/8 w - - 0 37,c3c4 g6g5 f4g5 h6g5 h4h5 e4g6 e5g6 f7g6,1284,endgame mate matein4 verylong
53WQC,8/5b1p/3Q3k/6p1/2p5/1q5P/5PPK/8 b - - 1 48,f7g6 d6f8 h6h5 g2g4 h5h4 f8h6 g6h5 h6h5,1123,endgame mate matein4 verylong
55dPf,rb3rk1/1pq2ppp/p1p5/2P1N3/PPbPp1B1/4P2P/6P1/1R1Q1RK1 w - - 2 19,e5c4 c7h2 g1f2 b8g3 f2e2 h2g2 f1f2 g2f2,1195,deflection kingsideattack mate matein4 middlegame verylong
564eC,5r2/1p1P3k/p2Q2pp/3Bp1q1/8/2N4P/PP4P1/3R1r1K w - - 12 31,d1f1 f8f1 h1h2 g5f4 g2g3 f4f2 d5g2 f2g1,1111,endgame mate matein4 verylong
56gf2,7k/p5p1/1p4qp/8/P4P2/2PrQ3/1P3R1K/5R2 w - - 4 32,e3e5 g6g3 h2h1 g3h3 h1g1 d3g3 f2g2 h3g2,1148,endgame exposedking mate matein4 verylong
57JrN,r6r/1bQ5/p2N1kp1/1p2pp2/3n4/8/PPP2PPP/R4RK1 w - - 4 23,d6b7 d4e2 g1h1 h8h2 h1h2 a8h8 c7h7 h8h7,1110,anastasiamate attraction kingsideattack mate matein4 middlegame sacrifice verylong
57al2,3r4/4ppkp/6p1/Q7/2P2n2/1P1r1PR1/P2N1P1P/1q5K w - - 0 28,d2b1 d3d1 g3g1 d1g1 h1g1 d8d1 a5e1 d1e1,1188,attraction endgame fork mate matein4 verylong
5ANdI,r4rk1/p6R/3pbBp1/4p1Q1/1p2p1P1/4KP2/1nP1N3/3q1BN1 b - - 1 22,g8h7 g5h4 h7g8 h4h8 g8f7 h8g7 f7e8 g7e7,1122,mate matein4 middlegame verylong
5AZTd,3r2k1/p5p1/1p2p1P1/1Pn1P1pQ/5P2/K1B4B/P4q2/8 b - - 6 37,f2c2 h5h7 g8f8 h7h8 f8e7 h8g7 e7e8 g7f7,1192,deflection endgame mate matein4 verylong
5C0U7,6k1/ppp2r2/7p/1P1PN3/P3P2q/3Q2p1/6P1/3R2K1 w - - 0 40,e5f7 h4h2 g1f1 h2h1 f1e2 h1g2 e2e1 g2f2,1086,deflection endgame mate matein4 verylong
5CDNb,6k1/1pR4p/1P4p1/3Pp2r/5r1q/1N2QpR1/5P1P/7K w - - 2 36,h2h3 h4h3 g3h3 h5h3 h1g1 f4g4 g1f1 h3h1,1004,exposedking master mastervsmaster mate matein4 middlegame sacrifice verylong
5FOp4,2R5/5B1k/1q4pp/p3P3/P2b1P2/6P1/4Q2P/4r2K w - - 0 38,e2e1 b6b7 c8c6 b7c6 f7d5 c6d5 e1e4 d5e4,1284,endgame fork mate matein4 verylong
5FRv0,4r1k1/pp6/2p2q2/4r1pQ/1PPR4/P6P/5PP1/3R2K1 w - - 1 32,d4d7 e5e1 d1e1 e8e1 g1h2 f6f4 g2g3 f4f2,1269,endgame mate matein4 verylong
5FXO7,3r1r1k/pp4pp/5q2/3Q4/4R3/8/P4PPP/5RK1 w - - 3 25,d5b7 f6f2 f1f2 d8d1 e4e1 d1e1 f2f1 f8f1,1221,endgame mate matein4 sacrifice verylong
5Gpmb,2k5/2p4r/p4B2/P2P4/2p2b1r/4p3/4R1RP/7K b - - 1 38,h4h3 g2g8 c8b7 e2b2 b7a7 f6d4 c7c5 d5c6,1160,discoveredattack discoveredcheck enpassant endgame mate matein4 verylong
5ImiQ,2r2kr1/pp1Rn1p1/5pQp/8/5N1P/4P3/qP3PP1/5RK1 b - - 12 26,e7g6 f4g6 f8e8 d7e7 e8d8 f1d1 a2d5 d1d5,1245,mate matein4 middlegame verylong
5JmuQ,5r1k/8/p4r1p/1pq5/4R1Q1/1P4P1/1P4P1/3R2K1 w - - 0 34,g1h1 f6f1 d1f1 f8f1 h1h2 c5g1 h2h3 g1h1,1160,endgame mate matein4 verylong
5Jv4J,8/p1p5/1p1k1p2/5p2/1PPK1P2/P2P4/2r4r/4R1R1 w - - 3 35,g1g7 c7c5 b4c5 b6c5 d4e3 h2h3 g7g3 h3g3,1228,endgame mate matein4 rookendgame verylong
5KVcU,6k1/3q2pp/4pB2/R2pPpQP/3b1P2/8/2r3PK/1r6 b - - 2 31,h7h6 a5a8 b1b8 a8b8 c2c8 b8c8 d7c8 g5g7,1220,mate matein4 middlegame pin verylong
5Mxru,3r1r1k/1pQ3pp/4R3/p7/8/P7/1q3PPP/5RK1 w - - 1 27,e6e7 b2f2 f1f2 d8d1 e7e1 d1e1 f2f1 e1f1,1183,endgame mate matein4 sacrifice verylong
5PYVL,5rk1/2R3p1/Q3pq1p/p2p4/3r4/1P6/P4PPP/5RK1 w - - 0 22,a6a5 f6f2 f1f2 d4d1 a5e1 d1e1 f2f1 e1f1,1238,endgame mate matein4 sacrifice verylong
5SRJ8,r5k1/1b2pp1p/2p3p1/2B5/4B3/1qP5/1b1Q1PPP/1R4K1 w - - 0 25,b1b2 a8a1 e4b1 a1b1 b2b1 b3b1 d2c1 b1c1,1019,backrankmate mate matein4 middlegame verylong xrayattack
5Sm6w,2r2bk1/1p1r1p1p/p2N1np1/8/4P1P1/5P2/PPP4P/2K2BNR w - - 0 19,d6c8 f8h6 g4g5 h6g5 f3f4 g5f4 c1b1 d7d1,1189,backrankmate mate matein4 middlegame verylong
5SvY7,5rk1/p2p1N1p/b3pQp1/3pP3/8/8/q1r2PPP/1RR3K1 b - - 0 21,f8f7 b1b8 a6c8 b8c8 c2c8 c1c8 f7f8 c8f8,1287,mate matein4 middlegame verylong xrayattack
5UUEB,2r3k1/p5p1/1p1bp2p/3p3Q/3P1P2/5NP1/P4qBP/4R2K w - - 2 26,e1e6 c8c1 f3e1 c1e1 e6e1 f2e1 g2f1 e1f1,1147,mate matein4 middlegame verylong
5VQGm,6rk/pp6/2p3Bp/8/3Q1pP1/1P1P2q1/P7/5K2 b - - 6 46,g8g7 d4d8 g7g8 d8f6 g8g7 f6f8 g7g8 f8h6,1192,endgame exposedking master mate matein4 verylong
5XSq4,r2qr2k/pp2b1p1/2p1p1Q1/3p2P1/2nP1P2/P1N4P/1P3P2/2KR3R b - - 0 18,e8f8 g6h5 h8g8 g5g6 f8f4 h5h7 g8f8 h7h8,1141,kingsideattack mate matein4 middlegame verylong
5XXtG,r1b3k1/1p2r2p/p1nbp1BR/3p2q1/3P1p2/2P4Q/PP2NPPP/R5K1 b - - 0 20,h7g6 h6h8 g8f7 h3h7 f7f6 h8f8 e7f7 h7f7,1020,epaulettemate exposedking kingsideattack mate matein4 middlegame verylong
5Ypmv,1R5k/5p1p/p1r2npB/8/8/3qP3/P4PPP/1R4K1 b - - 5 27,f6g8 b8g8 h8g8 b1b8 c6c8 b8c8 d3d8 c8d8,1099,attraction endgame mate matein4 pillsburysmate sacrifice verylong
5ZHt9,1q2r3/4r2k/5R1p/8/3Pp1Q1/p1p1P1PP/2P4K/8 b - - 0 41,b8b5 g4g6 h7h8 g6h6 e7h7 f6f8 e8f8 h6f8,1258,deflection endgame mate matein4 verylong
5ZzvP,3k1r2/1p1n3p/p2NQ1p1/8/3p1r2/7B/PPq2PPP/R3R1K1 w - - 0 24,a1c1 c2f2 g1h1 f2f1 e1f1 f4f1 c1f1 f8f1,1103,backrankmate mate matein4 middlegame sacrifice verylong
5aXNN,r4Qk1/pp6/1qp3p1/7p/4p1n1/1PPP1RPP/P7/5R1K b - - 0 27,a8f8 f3f8 g8h7 f1f7 h7h6 f8h8 h6g5 h3h4,1084,endgame exposedking mate matein4 verylong
5b0d6,r1b1r1k1/4pp1p/pqN2bpB/4P3/2p5/7P/PPPQ2P1/1K1R3R b - - 0 20,f6h8 c6e7 e8e7 d2d8 b6d8 d1d8 e7e8 d8e8,1047,fork mate matein4 middlegame sacrifice verylong
5bYGu,6k1/4Rp2/8/6P1/2p2P2/2Bb1K2/6r1/8 b - - 4 46,g2c2 e7e8 g8h7 e8h8 h7g6 h8h6 g6f5 h6f6,1237,endgame mate matein4 operamate verylong
5bmeY,2rr2k1/pp4b1/4p3/3pNp1p/4BP1Q/7R/PP1q2PP/R6K w - - 0 23,e4f3 c8c1 a1c1 d2c1 f3d1 c1d1 h4e1 d1e1,1112,backrankmate mate matein4 middlegame verylong
5cJuu,r5k1/1p3Np1/p1p1p1Pp/2Pp4/1P1Pn2q/5Q2/P6P/5RK1 b - - 0 28,e4d2 f7h6 h4h6 f3f7 g8h8 f7f8 a8f8 f1f8,1134,clearance endgame kingsideattack mate matein4 sacrifice verylong
5dyy0,6k1/1r3p2/3p2pR/p1pN2P1/3Rr3/8/P1P2P1P/7K b - - 0 36,e4d4 d5f6 g8g7 h6h7 g7f8 h7h8 f8e7 h8e8,1257,endgame hookmate mate matein4 verylong
5ekSM,4Q1k1/p4p1p/4p1p1/3pP3/3P3B/4nP1P/q5P1/6K1 b - - 5 31,g8g7 h4f6 g7h6 e8f8 h6h5 g2g4 e3g4 f3g4,1097,endgame mate matein4 verylong
5hJGJ,2Q5/p3B3/kb6/4P3/2K4P/P5r1/6q1/4q3 b - - 9 50,a6a5 e7b4 e1b4 a3b4 a5a4 c8a6 b6a5 a6a5,1182,endgame fork mate matein4 verylong
5jGaL,1r4k1/p1b2ppp/2p4q/2P4r/2PR4/1P3N2/PB2QPP1/3R2K1 w - - 5 31,g1f1 h5h1 f3g1 h1g1 f1g1 h6h2 g1f1 h2h1,1113,attraction mate matein4 middlegame sacrifice verylong
5mFWK,r5k1/p4p2/1n1p1P2/3P2p1/2qpQ1Pp/5B1P/P3R1K1/8 b - - 0 32,c4c1 e4e8 a8e8 e2e8 g8h7 f3e4 h7h6 e8h8,1088,endgame mate matein4 pillsburysmate sacrifice verylong
5mJNz,7r/1kp2p2/2pqp3/8/4P3/1BNP1QpP/1PP2bP1/5R1K w - - 5 29,f3f7 h8h3 g2h3 g3g2 h1g2 d6g3 g2h1 g3h3,1136,advancedpawn attraction deflection mate matein4 middlegame sacrifice verylong
5mck3,2r2q2/p3B2p/1pB1Q1pk/4Pp2/5P2/4n2K/P6P/8 b - - 7 37,f8g8 e7g5 h6h5 c6f3 e3g4 f3g4 f5g4 e6g4,1282,endgame mate matein4 verylong xrayattack
5meqt,3r2k1/1b1r1p2/pp2pPp1/7p/P2P1q1P/3Q1P2/1PB2K2/6RR b - - 0 25,d7d4 g1g6 f7g6 d3g6 g8f8 g6g7 f8e8 g7e7,1258,fork mate matein4 middlegame sacrifice verylong
5n4b0,r5k1/p3Q1pp/1p2p1b1/1q1pP3/8/8/PP4PP/2R4K b - - 1 26,b5b2 e7e6 g6f7 c1c8 a8c8 e6c8 f7e8 c8e8,1247,endgame mate matein4 verylong
5nts1,4r1k1/ppR2pp1/6p1/6q1/1P1Qr3/P6P/5PP1/3R2K1 w - - 1 32,d4d7 e4e1 d1e1 e8e1 g1h2 g5f4 g2g3 f4f2,1165,endgame mate matein4 verylong
5o5ip,8/p2R2pk/1p5p/4Bp2/8/7P/q4PPK/8 b - - 1 44,h7g6 d7g7 g6h5 g2g4 f5g4 h3g4 h5h4 e5g3,1144,endgame mate matein4 verylong
5olQY,r4nk1/2pq1pBp/p2p1Pr1/1p2nR1Q/4P3/1P5P/1PP3P1/5R1K b - - 6 27,f8e6 h5h7 g8h7 f5h5 g6h6 h5h6 h7g8 h6h8,1181,attraction kingsideattack mate matein4 middlegame operamate sacrifice verylong
5qf80,4Q3/ppr4p/6pk/5p2/5P2/7P/P1P1pqP1/6RK b - - 3 33,c7c2 e8f8 h6h5 g2g4 f5g4 h3g4 h5h4 f8h6,1115,endgame mate matein4 verylong
5txZK,3r1rk1/2p2ppp/8/pR6/8/P2P1Q1P/2q3P1/5R1K b - - 2 23,d8d3 f3f7 f8f7 b5b8 d3d8 b8d8 f7f8 f1f8,1246,endgame mate matein4 sacrifice verylong
5uLiO,4Q3/1p4pp/2rBp1k1/P2pPp2/3P1P1P/6PK/8/1q6 b - - 5 38,g6h6 e8e6 g7g6 d6f8 h6h5 g3g4 f5g4 e6g4,1291,endgame exposedking mate matein4 verylong xrayattack
5uT2D,1k2rb1r/2p2ppp/2Pp1q2/4p3/4P3/1Q3bP1/PPP2P1P/R3K2R b KQ - 3 17,b8c8 b3b7 c8d8 b7b8 d8e7 b8c7 e7e6 c7d7,1050,deflection mate matein4 middlegame queensideattack verylong
5v46J,N5k1/6pp/p2p3r/1p2p3/3PP1qP/5pP1/PP3P1K/R2Q1R2 w - - 1 25,f1h1 h6h4 h2g1 h4h1 g1h1 g4h3 h1g1 h3g2,1172,attraction endgame mate matein4 verylong
5x4N0,2kr4/6Rp/2P5/8/4n3/2P2N2/P3NPPP/3r1RK1 w - - 0 31,g7h7 d1f1 g1f1 d8d1 f3e1 e4d2 f1g1 d1e1,1212,attraction backrankmate deflection mate matein4 middlegame verylong
5xdC2,3r1k2/pp1r2p1/4R2p/2p5/2P2Q2/1q6/5PPP/4R1K1 b - - 1 28,f8g8 e6e8 d8e8 e1e8 g8h7 f4f5 g7g6 f5d7,1259,endgame fork mate matein4 verylong
5yg60,7k/5K2/8/6P1/8/3p4/8/8 b - - 0 59,d3d2 g5g6 d2d1q g6g7 h8h7 g7g8q h7h6 g8g6,1129,advancedpawn endgame exposedking mate matein4 pawnendgame promotion verylong
5zHyo,r4rk1/1b3pp1/p7/2b1pNn1/N1p1P3/P4P2/1PP3K1/R3R3 b - - 1 23,c5a7 f5e7 g8h8 e1h1 g5h7 h1h7 h8h7 a1h1,1097,anastasiamate attraction kingsideattack mate matein4 middlegame sacrifice verylong
5zT0t,8/2p5/p1kp1b2/1p2p3/6QP/2PbB3/qP1N1P2/2KR3R w - - 2 28,g4b4 a2a1 d2b1 a1b1 c1d2 b1c2 d2e1 c2e2,1212,mate matein4 middlegame queensideattack verylong
5zTI8,q4r1k/5p1p/3p1Pp1/1p1Np3/1P1nP2Q/P6R/1r1b2PP/1B3R1K b - - 5 32,h7h5 h4h5 g6h5 h3h5 d2h6 h5h6 h8g8 d5e7,1143,exposedking kingsideattack mate matein4 middlegame sacrifice verylong
5zmol,3r1rk1/5p2/6p1/p1p3R1/5q1n/2QP2R1/1P3P2/5K2 b - - 1 34,h4f3 g5g6 f7g6 g3g6 g8f7 c3g7 f7e8 g6e6,1299,epaulettemate mate matein4 middlegame sacrifice verylong
616Dv,4r1k1/1b2q2p/p5p1/8/N2R2n1/4RPQ1/PPr3PP/6K1 w - - 0 30,e3e7 c2c1 d4d1 c1d1 g3e1 d1e1 e7e1 e8e1,1063,master mate matein4 middlegame verylong xrayattack
6212a,8/1pR5/5ppk/1P2p1p1/1N1pP1K1/3P2P1/5r2/8 w - - 2 32,c7b7 f6f5 e4f5 g6f5 g4h3 g5g4 h3h4 f2h2,1165,endgame mate matein4 verylong
623l0,8/5p1p/p2Q3k/1p3bp1/8/7P/P4PPK/4q3 b - - 2 32,f5g6 d6f8 h6h5 g2g4 h5h4 f8h6 g6h5 h6h5,1123,endgame mate matein4 verylong
62qwx,6k1/6p1/p2p1r1p/Qpp4r/4PP2/1P1P2qP/5RP1/5R1K w - - 2 44,a5a6 h5h3 g2h3 g3h3 h1g1 f6g6 f2g2 g6g2,1294,endgame mate matein4 sacrifice verylong
64oHC,4r1r1/k1p2p1p/p4p2/pqPP4/8/P6P/R1Q2PP1/5K1R w - - 3 27,f1g1 e8e1 g1h2 e1h1 h2h1 b5f1 h1h2 f1g2,1221,attraction endgame kingsideattack master mate matein4 verylong
65ndF,2r5/2r2pk1/6p1/2q2PP1/p1b1P3/Pp1B4/1P6/1K1RQ2R w - - 3 44,e1h4 c4d3 b1a1 c5c1 d1c1 c7c1 h1c1 c8c1,1111,mate matein4 middlegame queensideattack verylong
66hZZ,2rr1qk1/6p1/4ppP1/3p3Q/5P2/2P1P2P/1P6/2K4R b - - 0 34,f8d6 h5h7 g8f8 h7h8 f8e7 h8g7 e7e8 g7f7,1085,deflection endgame mate matein4 verylong
66k5v,6k1/R6p/5Kp1/1r6/2b5/3r3P/6P1/3q4 b - - 5 41,d1e2 a7a8 b5b8 a8b8 d3d8 b8d8 e2e8 d8e8,1156,endgame mate matein4 verylong
67jGY,7k/4q1r1/p2p2p1/2pN3p/2P2R1P/1P3K2/PB6/8 b - - 5 40,e7e1 f4f8 h8h7 d5f6 h7h6 f8h8 g7h7 h8h7,1112,endgame exposedking mate matein4 pin verylong
68xHo,2r4k/7p/p2Q4/1pr5/5P2/8/PPP3qP/1K1R3R w - - 0 29,h1g1 g2c2 b1a1 c2c1 d1c1 c5c1 g1c1 c8c1,1231,backrankmate endgame mate matein4 sacrifice verylong
6BxBr,3r1r2/4k3/2p2q2/2R5/Pp2p1p1/8/3Q1PPP/5RK1 w - - 2 30,d2b4 f6f2 f1f2 d8d1 b4e1 d1e1 f2f1 e1f1,1294,endgame mate matein4 sacrifice verylong
6CrAq,3r2k1/p2r1p1p/4p1p1/qp6/4P1P1/1B6/PPP2QP1/2K2R1R w - - 1 20,f2h4 a5d2 c1b1 d2d1 f1d1 d7d1 h1d1 d8d1,1219,backrankmate mate matein4 middlegame sacrifice verylong
6D7Pr,r3r1k1/ppp1bppp/2n5/7R/3PN3/2P5/q1P1QPPP/2B1R1K1 b - - 1 15,g7g6 e4f6 e7f6 e2e8 a8e8 e1e8 g8g7 c1h6,1110,discoveredattack kingsideattack mate matein4 middlegame sacrifice verylong
6EwBn,4r1k1/1bp2ppp/pp6/8/3b4/1BN5/PPQ2PPP/6K1 w - - 0 23,h2h3 e8e1 g1h2 d4e5 f2f4 e5f4 g2g3 e1h1,1298,endgame mate matein4 verylong
6Frgq,6k1/6n1/3N4/p7/P2PbpQ1/6p1/3R2P1/2q3K1 w - - 4 48,d2d1 c1e3 g1h1 e4g2 h1g2 e3f2 g2h3 f2h2,1241,attraction endgame mate matein4 sacrifice verylong
6HUyh,r1b2rk1/1p3ppp/p7/3pb3/6nq/P1NBP2P/1P1B1PP1/R2QR1K1 w - - 1 15,h3g4 h4h2 g1f1 h2h1 f1e2 c8g4 f2f3 h1g2,1107,epaulettemate interference kingsideattack mate matein4 opening verylong
6Iu7k,r1b5/ppk3Q1/2p2p2/2bp4/8/5n2/PPP1Bq2/RNBK4 b - - 0 23,c7b8 c1f4 f3e5 f4e5 f6e5 g7e5 c5d6 e5d6,1078,mate matein4 middlegame queensideattack verylong xrayattack
6KiPI,r4rkR/pp3p2/n5p1/4PqN1/2P3n1/1P1p2P1/P1p3K1/4Q3 b - - 2 24,g8h8 e1h1 g4h2 h1h2 f5h3 h2h3 h8g7 h3h7,1101,exposedking mate matein4 middlegame verylong
6L0Up,rn1qk1nr/pp3pBp/4b3/8/1Q2p3/8/P4PPP/RN3KNR w kq - 0 11,g7h8 d8d1 b4e1 e6c4 g1e2 c4e2 f1g1 d1e1,1271,mate matein4 opening pin verylong
6MPRx,r1b2rk1/pp3ppp/3R4/8/8/2q1PQ2/P5PP/5RK1 b - - 0 17,c3e5 f3f7 f8f7 d6d8 e5e8 d8e8 f7f8 f1f8,1185,mate matein4 middlegame sacrifice verylong
6OzXw,B2qr3/2p2kpp/2P2p2/2Q5/5p2/2P5/P3KPPP/R5NR w - - 1 20,e2f1 d8d3 g1e2 d3e2 f1g1 e2e1 a1e1 e8e1,1190,backrankmate mate matein4 middlegame verylong
6T5vV,2Q3k1/pp2pr1p/5b2/1q3P2/1r4P1/3p4/PP6/1K1R3R b - - 1 31,g8g7 h1h7 g7h7 d1h1 f6h4 h1h4 h7g7 c8h8,1248,attraction mate matein4 middlegame sacrifice verylong
6UvCM,4r3/Q7/7k/1p1p2q1/P1pPr1B1/2P4P/1P3PP1/R5K1 w - - 1 43,a4b5 e4e1 a1e1 e8e1 g1h2 g5f4 g2g3 f4f2,1136,endgame mate matein4 verylong
6Vb1H,5rr1/pp4kp/q3P1p1/4PnN1/8/1P6/P4P1P/3RK1R1 b - - 4 33,a6a2 d1d7 f5e7 d7e7 f8f7 e7f7 g7h8 f7h7,1085,mate matein4 middlegame verylong
6WYLK,5rk1/pp3r1p/1qp3p1/4Q3/8/3B4/PPP2PPP/RN4K1 w - - 8 23,b1c3 b6f2 g1h1 f2f1 d3f1 f7f1 a1f1 f8f1,1012,backrankmate mate matein4 middlegame sacrifice verylong
6Whty,r5k1/pp3ppp/8/Q7/6K1/2P1R1P1/PP1r3q/4R3 b - - 1 24,h7h6 e3e8 a8e8 e1e8 g8h7 a5f5 g7g6 f5f7,1067,endgame mate matein4 verylong
6aNvO,r5k1/ppp2p2/6pp/3p2qr/3N2n1/2P1P1P1/PP2QPP1/R3R1K1 w - - 2 20,f2f4 h5h1 g1h1 g5h5 h1g1 h5h2 g1f1 h2h1,1180,attraction kingsideattack mate matein4 middlegame sacrifice verylong
6dcDw,r4rk1/1p4pp/p2p1p2/2pNpP1b/4P3/3P2K1/PPP3P1/R6R b - - 3 22,h5f7 d5e7 g8h8 h1h7 h8h7 a1h1 f7h5 h1h5,1170,anastasiamate attraction endgame kingsideattack mate matein4 sacrifice verylong
6gBF6,r1b2rk1/pp3pp1/3Np2p/8/4B1n1/1P2Pq2/P1Q2P1P/3R1RK1 b - - 1 19,f3h3 e4h7 g8h8 d6f7 f8f7 d1d8 f7f8 d8f8,1190,clearance deflection kingsideattack mate matein4 middlegame sacrifice verylong
6gOLZ,6r1/4kp2/1p2p3/6pp/4B3/1R2RPKP/P1Pr4/8 w - - 0 27,b3b6 h5h4 g3g4 d2g2 g4h5 g8h8 e4h7 h8h7,1284,endgame mate matein4 verylong
6gUfc,5rk1/1p1q1ppp/p7/8/3pPQ2/3Pr2P/PP4P1/2R2R1K b - - 5 29,d7b5 f4f7 f8f7 c1c8 b5e8 c8e8 f7f8 f1f8,1236,endgame kingsideattack mate matein4 sacrifice verylong
6gbCf,8/1R3pkp/6p1/5P2/6PK/1p1r3P/8/8 b - - 0 36,g7h6 g4g5 h6g7 f5f6 g7h8 b7b8 d3d8 b8d8,1035,endgame mate matein4 rookendgame verylong
6hah7,8/p1p2Q2/7k/2N5/1qnP4/4P3/PPP5/2K5 w - - 1 36,c5d3 b4d2 c1b1 d2d1 d3c1 c4d2 b1a1 d1c1,1300,deflection endgame mate matein4 verylong
6jYXx,r4Bk1/pp3ppp/4p3/3p4/N2P3q/P2Q1Pb1/1P4P1/2R2RK1 w - - 3 23,f1d1 h4h2 g1f1 h2h1 f1e2 h1g2 e2e3 g2f2,1194,deflection kingsideattack mate matein4 middlegame verylong
6luo0,5rk1/p2Q3p/4R3/2p5/3p4/3P2P1/PPPq1rB1/5RK1 w - - 0 29,g2h3 f2f1 h3f1 d2f2 g1h1 f2f1 h1h2 f8f2,1268,clearance deflection exposedking mate matein4 middlegame verylong
6n96V,5r1k/p3b1pp/2p1R3/1p6/3q1r2/1Q1B4/PP3PPP/4R1K1 w - - 0 23,e6e7 d4f2 g1h1 f2f1 d3f1 f4f1 e1f1 f8f1,1180,backrankmate mate matein4 middlegame sacrifice verylong
6oQb3,6k1/p4pp1/7p/1p3PP1/7P/5N2/r3r3/3R3K b - - 0 31,h6g5 d1d8 e2e8 d8e8 g8h7 f3g5 h7h6 e8h8,1132,endgame mate matein4 verylong
6q2al,2r3k1/p1r2ppp/1p6/4P1P1/2Q2P2/3P4/PP3q1P/1K2R1R1 w - - 3 27,c4d5 f2c2 b1a1 c2c1 e1c1 c7c1 g1c1 c8c1,1272,backrankmate endgame mate matein4 sacrifice verylong
6qJiI,6k1/5pp1/5b2/5PP1/2p4P/2r5/1p2R1K1/1B6 b - - 0 42,c3c1 e2e8 g8h7 g5g6 f7g6 f5g6 h7h6 e8h8,1218,endgame mate matein4 verylong
6rGBz,r1b2rk1/ppp2pp1/1b5p/3PN1q1/8/3B4/PPQ2PPP/R3R1K1 b - - 2 19,b6d4 d3h7 g8h8 e5f7 f8f7 e1e8 f7f8 e8f8,1144,clearance deflection kingsideattack mate matein4 middlegame sacrifice verylong
6shHu,7r/5pkp/8/ppr2p2/5P2/1K5P/PP6/3R2R1 b - - 1 28,g7h6 d1d6 f7f6 d6f6 h6h5 g1g5 h5h4 f6h6,1136,endgame exposedking mate matein4 rookendgame verylong
6ugmh,2r4k/p3p2p/3p4/1p1R2QP/2q1P3/5r2/PPP5/1KR5 w - - 0 27,g5e7 c4c2 c1c2 f3f1 d5d1 f1d1 c2c1 d1c1,1288,endgame mate matein4 sacrifice verylong
6vg6L,3rrk2/1pq2pp1/p2b2bp/3p1P2/3N2Q1/1NPn3P/PP4P1/R1B2RK1 w - - 1 23,f5g6 d6h2 g1h1 d3f2 f1f2 e8e1 f2f1 e1f1,1250,kingsideattack mate matein4 middlegame sacrifice verylong
6xxpb,r1br3k/ppp3p1/1n1qppP1/8/5P1Q/1BPP4/PP4P1/1K6 b - - 1 25,h8g8 h4h7 g8f8 h7h8 f8e7 h8g7 e7e8 g7f7,1108,deflection kingsideattack master mate matein4 middlegame verylong
70VbN,5r2/1p3rpk/p1pR3R/3p4/4pP2/1P2q2P/P5QK/8 b - - 0 38,g7h6 g2g6 h7h8 g6h6 h8g8 d6g6 f7g7 h6g7,1027,deflection endgame mate matein4 verylong
71dxf,1n3r1k/q4rpp/p3Q3/1p2B3/8/8/PP3PPP/3RR1K1 w - - 7 23,e5b8 a7f2 g1h1 f2f1 e1f1 f7f1 d1f1 f8f1,1118,backrankmate mate matein4 middlegame sacrifice verylong
72MKk,6k1/p5p1/2p2pRp/n1PrrP1P/8/P5R1/1P6/1K6 b - - 3 30,e5f5 g6g7 g8f8 g7g8 f8e7 g3g7 e7e6 g8e8,1105,endgame mate matein4 verylong
72eva,1r3r1k/p4qpp/2bP4/2N5/8/Q7/PR3pPP/5RK1 w - - 0 31,b2f2 f7f2 f1f2 b8b1 a3c1 b1c1 f2f1 f8f1,1168,fork master mate matein4 middlegame sacrifice verylong
79jQ1,2R2R2/5kpp/p7/1p2p3/4P3/5KP1/r5Br/8 b - - 2 39,f7g6 c8c6 g6h5 f8f5 g7g5 g3g4 h5h4 c6h6,1147,endgame exposedking mate matein4 verylong
79knU,N2Q2k1/pp3pr1/4n1p1/7p/1P2Pp1P/5N2/P2R1KP1/7q b - - 1 24,e6d8 d2d8 g8h7 f3g5 h7h6 d8h8 g7h7 h8h7,1054,endgame hookmate master mate matein4 verylong
7A3f9,5r2/5k2/5p2/R7/3N4/P3P1P1/1rp2PP1/2R3K1 w - - 2 34,c1c2 b2b1 c2c1 b1c1 g1h2 f8h8 a5h5 h8h5,1037,endgame mate matein4 verylong
7AhpX,5rk1/5qp1/Q3p2p/6b1/PP2P3/8/4R1PP/4R1K1 w - - 1 32,b4b5 g5e3 e2e3 f7f2 g1h1 f2f1 e1f1 f8f1,1294,backrankmate endgame mate matein4 sacrifice verylong
7ApC8,6k1/ppq1bNpp/4p3/3pP3/3P3P/5BPK/2r5/5Q2 b - - 0 30,g8f7 f3h5 f7g8 f1f7 g8h8 f7e8 e7f8 e8f8,1244,discoveredcheck doublecheck endgame mate matein4 verylong
7B03p,4k3/3p2r1/p1P1p1r1/1p3p2/4qBn1/P5P1/1P1R3P/3R1K2 b - - 0 36,d7c6 d2d8 e8f7 d1d7 f7f6 d8f8 g7f7 d7f7,1184,epaulettemate exposedking mate matein4 middlegame pillsburysmate verylong
7BniN,5rk1/2p2ppp/8/8/4P3/1Q1r2bP/R2q2B1/5R1K b - - 1 24,d2e3 b3f7 f8f7 a2a8 d3d8 a8d8 f7f8 f1f8,1298,mate matein4 middlegame sacrifice verylong
7C4rK,3r4/pp2R2p/5ppk/8/2B2n2/BP3N2/P4PPP/6K1 w - - 4 27,e7b7 d8d1 f3e1 d1e1 c4f1 f4e2 g1h1 e1f1,1165,backrankmate deflection endgame mate matein4 verylong
7CVDH,r2r2k1/5ppp/2p3b1/8/PP1q4/1Q1N1R2/6PP/5R1K b - - 2 31,g6d3 b3f7 g8h8 f7f8 d8f8 f3f8 a8f8 f1f8,1211,backrankmate mate matein4 middlegame sacrifice verylong
7CtWL,2r2r1k/6p1/5q1p/5N1Q/R7/1P6/P4PPP/5RK1 w - - 4 28,f5h4 f6f2 f1f2 c8c1 h5d1 c1d1 f2f1 d1f1,1300,mate matein4 middlegame sacrifice verylong
7FRYk,2r3k1/ppr5/5P1p/6p1/1Q1p2P1/7P/PP3q2/1K4RR w - - 1 39,g1f1 f2c2 b1a1 c2c1 f1c1 c7c1 h1c1 c8c1,1269,backrankmate endgame mate matein4 sacrifice verylong
7GGLL,r1bq1rk1/pp2b1pB/2n1p3/3p2P1/3P1P2/2P5/P6P/RNBQ1RK1 b - - 0 15,g8h7 d1h5 h7g8 g5g6 f8f5 h5h7 g8f8 h7h8,1152,mate matein4 opening verylong
7IOZo,5rk1/7p/R2p1rpb/4p3/p3P2q/2PQB3/1P4PP/3R2K1 w - - 1 26,e3h6 h4f2 g1h1 f2f1 d1f1 f6f1 d3f1 f8f1,1233,backrankmate mate matein4 middlegame sacrifice verylong
7IQbZ,3N4/2R2pk1/2p3pp/8/2P1bP2/1P5P/4r1PK/8 w - - 5 37,h2g3 e2g2 g3h4 g6g5 f4g5 h6g5 h4h5 e4f3,1254,endgame mate matein4 morphysmate verylong
7L1Zb,5rk1/2r2ppp/R3p3/1p1pP3/3P4/1PP1q2P/5Q1K/5R2 b - - 1 27,c7c3 f2f7 f8f7 a6a8 c3c8 a8c8 f7f8 f1f8,1264,endgame mate matein4 sacrifice verylong
7O2K8,6k1/4Bp2/r3pPp1/p1R5/Pp1Pb3/4q3/1P4r1/K2R4 b - - 0 44,e3b3 c5c8 g8h7 d1h1 g2h2 h1h2 b3h3 h2h3,1002,mate matein4 middlegame verylong
7Ot4Z,8/1bN5/8/6pp/8/1B5P/PP3kP1/7K w - - 0 47,c7e6 b7g2 h1h2 g5g4 h3g4 h5g4 a2a3 g4g3,1167,endgame master mate matein4 verylong
7Q55R,3r2k1/pp1r2p1/2p1R2p/8/2P5/qP3Q2/P4PPP/4R1K1 b - - 0 26,a3a2 e6e8 d8e8 e1e8 g8h7 f3f5 g7g6 f5d7,1194,endgame fork mate matein4 verylong
7QMpu,5rk1/1b4pp/p7/6q1/2B2N2/4p3/PP4PP/5Q1K b - - 0 26,g8h8 f4g6 h7g6 f1f8 h8h7 f8g8 h7h6 g8h8,1173,discoveredattack endgame mate matein4 verylong
7Qs8j,r2q3k/1b4p1/1pn1p1B1/2b1P1pQ/p1Pp1r2/P3nN2/1P5P/R1B3RK b - - 1 26,h8g8 h5h7 g8f8 h7h8 f8e7 h8g7 f4f7 g7f7,1145,deflection kingsideattack mate matein4 middlegame verylong
7RGl3,5rk1/p4ppp/4p3/8/P7/3rPQ2/3q1RPP/1R4K1 b - - 3 25,d2e3 f3f7 f8f7 b1b8 d3d8 b8d8 f7f8 d8f8,1174,endgame mate matein4 sacrifice verylong
7RR7x,r2q1r1k/5pR1/p3p3/1p6/3B4/2P2b2/PPBK1P1P/R7 b - - 4 23,e6e5 g7h7 h8g8 a1g1 f3g4 g1g4 d8g5 g4g5,1122,exposedking mate matein4 middlegame verylong
7TYsj,k4q2/pp4p1/5P1r/3p1Q2/3n4/8/PP3PPP/R4RK1 w - - 0 23,f5d5 d4e2 g1h1 h6h2 h1h2 f8h8 d5h5 h8h5,1250,anastasiamate attraction endgame mate matein4 sacrifice verylong
7U5pj,2r3k1/p5pp/1pr3p1/3pB3/2qP3R/5Q2/PP3PP1/1K1R4 w - - 4 26,h4h1 c4c2 b1a1 c2c1 d1c1 c6c1 h1c1 c8c1,1138,backrankmate mate matein4 middlegame sacrifice verylong
7UEop,4N3/5p1k/3Q2p1/3Pp1b1/4Pq1p/2N5/5nPP/5RK1 w - - 0 30,f1f2 f4c1 c3d1 c1d1 f2f1 g5e3 g1h1 d1f1,1073,deflection endgame fork mate matein4 pin verylong
7XghH,r6k/1p2pQ1p/3pNp2/8/pn2P3/2N1qPP1/PPK3B1/7R w - - 1 24,c2d1 e3d3 d1e1 b4c2 e1f2 d3e3 f2f1 e3e1,1186,exposedking mate matein4 middlegame verylong
7XiZO,2r5/3R1p1p/4pkp1/1B1p4/P2P1K2/4PP1P/6P1/4b3 w - - 7 36,d7d6 g6g5 f4g4 h7h5 g4h5 c8h8 h5g4 h8h4,1262,attraction endgame mate matein4 operamate verylong
7Xu8c,6k1/B1R2pp1/P5bp/8/6P1/5P1P/1r5r/3R1K2 w - - 3 35,a7g1 g6d3 d1d3 b2b1 c7c1 b1c1 d3d1 c1d1,1212,endgame exposedking mate matein4 sacrifice verylong
7YJe7,8/2k4p/1pp2np1/2b2p2/2P2P2/r4r2/3R2KP/2NR4 b - - 3 34,f6g4 d2d7 c7c8 d7d8 c8b7 d1d7 b7a6 d8a8,1298,master mate matein4 middlegame verylong
7a1AV,3r2k1/3P1ppp/2q2b2/8/8/5P1P/5P2/1R1R2K1 b - - 0 34,d8d7 b1b8 f6d8 b8d8 d7d8 d1d8 c6e8 d8e8,1126,backrankmate endgame mate matein4 verylong xrayattack
7bgRQ,6r1/r7/3R1k2/5p1p/1p6/3P2P1/5K1P/4R3 b - - 1 34,f6g5 h2h4 g5g4 d6d4 f5f4 d4f4 g4h3 e1h1,1194,endgame mate matein4 rookendgame verylong
7ccpf,8/N2r3p/2Q3p1/5b2/P1Br1kPP/B3pP2/8/5K1R w - - 1 37,g4f5 d4d1 f1g2 d7d2 c4e2 d2e2 g2h3 d1h1,1189,deflection exposedking mate matein4 middlegame verylong
7ibmk,k3rr2/ppBb2pp/3Pp3/8/3P4/4P3/Rn3PPP/5RK1 b - - 4 24,b2c4 a2a7 a8a7 f1a1 d7a4 a1a4 c4a5 a4a5,1169,attraction fork mate matein4 middlegame pillsburysmate sacrifice verylong
7ko16,4r3/p1R1r3/2R4p/6pk/1P6/5Pp1/5K1P/8 w - - 0 37,h2g3 e7e2 f2g1 e2e1 g1h2 e8e2 h2h3 e1h1,1268,endgame master mate matein4 rookendgame verylong
7lBmI,1r3r1k/1P4pp/4Bq2/pPNpn3/4pP2/P4p2/3B1P1P/R2Q1RK1 w - - 1 25,f4e5 f6g6 d2g5 g6g5 e6g4 g5g4 g1h1 g4g2,1119,kingsideattack mate matein4 middlegame verylong
7lKbp,1Q6/pp4pk/2p1p2p/8/6PB/1P1q3K/P4P1P/8 w - - 1 43,h4g3 d3f1 h3h4 g7g5 h4h5 f1h3 g3h4 h3h4,1098,endgame mate matein4 verylong
7lNpy,r1kq3r/p1p5/1p3p2/8/2QPP3/N1P3p1/PP4P1/R1B2R1K w - - 0 20,h1g1 h8h1 g1h1 d8h8 c1h6 h8h6 h1g1 h6h2,1172,attraction kingsideattack mate matein4 middlegame sacrifice verylong
7lobu,4rrk1/ppp2pp1/3p3p/8/5KQ1/3R2R1/P1P1q1PP/8 b - - 9 25,g7g5 g4g5 h6g5 g3g5 g8h8 d3h3 e2h5 h3h5,1270,endgame mate matein4 sacrifice verylong
7mcjg,5r1k/1p3rp1/pq1p1pQp/3P4/2p1P2R/1P3R2/1P4PP/5K2 b - - 1 28,c4b3 h4h6 g7h6 g6h6 h8g8 f3g3 f7g7 h6g7,1199,endgame kingsideattack mate matein4 sacrifice verylong
7o7ou,2r5/2q2pkp/r3p1p1/3p4/1Q1P4/4P3/1P2NPPP/2R3K1 w - - 2 25,c1c7 a6a1 e2c1 a1c1 c7c1 c8c1 b4e1 c1e1,1230,backrankmate endgame mate matein4 verylong xrayattack
7oXl7,r6r/p2bk1p1/3p2B1/Q1p1p3/3n4/3P4/P4PPP/1R3RK1 w - - 2 20,b1b7 d4e2 g1h1 h8h2 h1h2 a8h8 g6h7 h8h7,1105,anastasiamate attraction kingsideattack mate matein4 middlegame sacrifice verylong
7qehC,8/5p1p/3Q3k/3p1bp1/3P4/p2q3P/P4PP1/6K1 b - - 1 39,f5g6 d6f8 h6h5 g2g4 h5h4 f8h6 g6h5 h6h5,1141,endgame mate matein4 verylong
7sdNh,6k1/5Rp1/7p/p3p2n/Pp6/1P5P/1qr1NQP1/7K b - - 0 31,c2e2 f7f8 g8h7 f2f5 g7g6 f5f7 h5g7 f7g8,1148,endgame fork mate matein4 verylong
7tg31,8/5kp1/rp2Rp2/r1p2P2/2Pp1KP1/8/P7/4R3 b - - 5 47,a5a2 e6e7 f7g8 e7e8 g8h7 e1h1 a2h2 h1h2,1032,endgame mate matein4 rookendgame verylong
7uB9f,5rk1/5ppp/2NN4/8/8/3R3P/6PK/1r6 b - - 4 32,b1b6 c6e7 g8h8 d6f7 f8f7 d3d8 f7f8 d8f8,1016,backrankmate clearance deflection endgame mate matein4 sacrifice verylong
7usNn,q6r/pp6/3kb1Q1/4p1b1/4B3/2P5/PP1PnPPP/R1B2R1K w - - 5 20,g6g5 h8h2 h1h2 a8h8 e4h7 h8h7 g5h4 h7h4,1198,anastasiamate attraction kingsideattack mate matein4 middlegame sacrifice verylong
7vsjn,7k/1Q5p/2nq1pp1/1P6/2B5/2n2N2/5PPP/6K1 w - - 0 30,b7c6 d6d1 f3e1 d1e1 c4f1 c3e2 g1h1 e1f1,1179,deflection endgame mate matein4 verylong
7yjwM,2r3k1/1Q1R1pp1/4p2p/2q5/P4r2/8/5PPP/5RK1 w - - 4 26,a4a5 c5f2 f1f2 c8c1 d7d1 c1d1 f2f1 d1f1,1268,clearance endgame mate matein4 sacrifice verylong
7zgEv,r3r1k1/ppp1qppp/3p4/3P2b1/4P3/2P2Q2/PP3RPP/5RK1 b - - 4 16,e7e4 f3f7 g8h8 f7f8 e8f8 f2f8 a8f8 f1f8,1031,backrankmate mate matein4 middlegame sacrifice verylong
80dCJ,3r1rk1/1pp1Q1pp/p7/8/8/8/Pq3PPP/2R2RK1 w - - 0 22,c1c7 b2f2 f1f2 d8d1 e7e1 d1e1 f2f1 e1f1,1292,endgame mate matein4 sacrifice verylong
83b5O,2r2rk1/pR4p1/1p2pq2/7Q/8/8/P4PPP/5RK1 w - - 0 24,b7a7 f6f2 f1f2 c8c1 h5d1 c1d1 f2f1 d1f1,1169,endgame mate matein4 sacrifice verylong
83qic,2rr2k1/pp3p1Q/6p1/2npPp2/8/q1P4R/P5PP/5R1K b - - 0 23,g8f8 h7h8 f8e7 h8f6 e7d7 f6d6 d7e8 h3h8,1068,mate matein4 middlegame verylong
847Ku,3r2k1/p1p3pp/4p3/1q1n2N1/1bN2PP1/1P6/1K2P2P/1Q6 b - - 2 24,d5f4 b1h7 g8f8 h7h8 f8e7 h8g7 e7e8 g7f7,1180,deflection mate matein4 middlegame verylong
847nU,1k3Q2/2pqr1pp/p7/1p1B4/3P4/1PP5/P4KPP/8 b - - 3 27,b8a7 f8a8 a7b6 a8b7 b6a5 b3b4 a5a4 b7a6,1255,deflection endgame mate matein4 verylong
84Tl7,6k1/1b3p1p/5P1q/1p1p4/p7/7P/Pr1N1QPK/5N2 b - - 0 32,b2a2 f2g3 g8h8 g3b8 b7c8 b8c8 h6f8 c8f8,1263,endgame fork mate matein4 verylong
85WQn,1r3k2/8/2p1Q1pp/2P2p2/p7/4P1PP/Pr6/3R2K1 w - - 0 39,d1d7 b2b1 g1f2 b8b2 d7d2 b2d2 f2f3 b1f1,1022,endgame epaulettemate exposedking mate matein4 queenrookendgame verylong
87y1r,r1b2rk1/1p3pp1/p1pN1b1p/1PP3q1/P3B3/6P1/2Q2PP1/2R1R1K1 b - - 0 24,a6b5 e4h7 g8h8 d6f7 f8f7 e1e8 f7f8 e8f8,1050,deflection kingsideattack mate matein4 middlegame sacrifice verylong
8800Y,r4rk1/pp3ppp/3p4/2pN4/2Pn4/2KP1Q2/PP6/R6R b - - 0 25,d4f3 d5e7 g8h8 h1h7 h8h7 a1h1 f3h2 h1h2,1269,anastasiamate attraction endgame mate matein4 sacrifice verylong
89s7W,r1b2k2/p4p2/2p3pR/3nP1q1/8/8/PPP2PPQ/1K3BN1 w - - 5 24,g1f3 d5c3 b2c3 a8b8 f1b5 b8b5 b1a1 g5c1,1263,mate matein4 middlegame queensideattack sacrifice verylong
8AGYO,6k1/5ppp/3p4/2q1p3/r1P1Q3/R4P1P/1r4P1/R6K b - - 0 34,a4a3 e4a8 a3a8 a1a8 b2b8 a8b8 c5c8 b8c8,1285,backrankmate endgame mate matein4 sacrifice verylong xrayattack
8AKCg,3k4/1p6/pP2KPp1/4P2p/7P/3p4/8/8 b - - 0 43,d8e8 f6f7 e8f8 e6f6 d3d2 e5e6 a6a5 e6e7,1143,advancedpawn endgame mate matein4 pawnendgame verylong
8CBDG,r4r1k/p1p1N1p1/1p2p1Pp/8/2qP4/2P5/1PQ1nP2/1K4RR b - - 3 25,e2g1 h1h6 g7h6 g6g7 h8g7 c2g6 g7h8 g6h6,1292,advancedpawn attraction deflection fork mate matein4 middlegame sacrifice verylong
8CfhV,3r3k/ppp1prnP/5p2/4q3/6Q1/1P5R/P5P1/7K b - - 7 54,d8d4 g4c8 d4d8 c8d8 g7e8 d8e8 f7f8 e8f8,1287,endgame exposedking fork mate matein4 verylong
8Cycs,2k1r1r1/pp3p2/8/3p4/2pP1P2/1PP2P2/P6K/R4R2 w - - 1 30,a1e1 g8h8 h2g1 e8g8 g1f2 h8h2 f2e3 g8e8,1197,endgame exposedking mate matein4 rookendgame verylong
8Dozw,rnb3k1/ppp1n1pp/8/3p4/2NP4/2N1p3/PPP1B2q/R2K1Q2 b - - 1 16,d5c4 e2c4 e7d5 c4d5 c8e6 d5e6 g8h8 f1f8,1062,kingsideattack mate matein4 middlegame verylong
8Ees4,3r4/4kp1p/Rp4p1/3qP3/5n2/4QP2/1PP2PbP/6RK w - - 1 28,g1g2 d5d1 g2g1 d1g1 h1g1 d8d1 e3e1 d1e1,1176,attraction endgame mate matein4 sacrifice verylong
8NE3L,3Q4/5rpk/p7/3B3P/P2pbP2/6R1/1p2NB2/6K1 w - - 1 41,d5f7 b2b1q e2c1 b1c1 f2e1 c1e1 g1h2 e1h1,1209,advancedpawn endgame exposedking fork mate matein4 promotion verylong
8QXEc,1k1q4/ppp4Q/2p5/8/1bN5/8/PP3RPP/R2r2K1 w - - 1 22,a1d1 d8d1 f2f1 b4c5 c4e3 c5e3 g1h1 d1f1,1264,endgame mate matein4 verylong
8Qt0U,2r5/4pk2/3p1p2/6r1/pq2P3/1P3P1Q/1PPR3R/1K6 w - - 2 32,h3c8 g5g1 d2d1 g1d1 b1a2 a4b3 c2b3 b4a5,1276,endgame mate matein4 verylong
8Qu8Y,r4rkR/2qbb1n1/p1n3Q1/1pppp1P1/3P1P2/2P1P3/PP1N3P/R1B3K1 b - - 1 19,g8h8 g6h6 h8g8 g5g6 f8f5 h6h7 g8f8 h7h8,1117,exposedking kingsideattack mate matein4 middlegame verylong
8Rx8c,r5r1/p1p1k3/3pP3/5p2/2N1p3/1P2RbPp/PB3P2/R5K1 w - - 3 33,a1e1 h3h2 g1h2 g8h8 b2h8 a8h8 h2g1 h8h1,1240,advancedpawn attraction kingsideattack mate matein4 middlegame sacrifice verylong
8TW1H,4Q3/p5k1/7R/2pr1pP1/7P/n7/PK2R3/1r6 w - - 3 42,b2a3 d5d3 a3a4 b1b4 a4a5 d3a3 e8a4 a3a4,1108,blindswinemate endgame exposedking mate matein4 queenrookendgame verylong
8UgHS,6rk/p5pp/8/2p2q1r/6RP/2Q2P1K/P3RP2/8 b - - 8 37,a7a5 c3g7 g8g7 e2e8 f5f8 e8f8 g7g8 g4g8,1125,endgame mate matein4 sacrifice verylong
8VKnX,5qk1/p3pp1p/1p1b4/1R1Q4/6P1/4P3/P3KP2/7r b - - 0 28,f8g7 d5a8 d6b8 a8b8 g7f8 b5g5 g8h8 b8f8,1230,deflection endgame fork mate matein4 verylong
8WDr6,5rk1/3R1ppp/1q6/p7/5Q2/8/1r4PP/5R1K b - - 1 29,b6c6 f4f7 f8f7 d7d8 c6e8 d8e8 f7f8 f1f8,1182,endgame mate matein4 sacrifice verylong
8XGaS,6k1/5p1p/1R4p1/3p4/1B1P3P/1b2PKP1/1Pr5/8 b - - 3 35,c2b2 b6b8 g8g7 b4f8 g7f6 b8b6 f6f5 g3g4,1261,endgame mate matein4 verylong
8YVgw,r1b2rk1/ppp3p1/6P1/4p3/2q1P3/2P1BP2/P4K2/2Q4R b - - 0 24,c8g4 h1h8 g8h8 c1h1 g4h5 h1h5 h8g8 h5h7,1280,attraction mate matein4 middlegame sacrifice verylong
8ZUXj,r2q4/ppk1bQ1p/2p1BBp1/8/8/3P4/PP4PP/n2K3R w - - 4 21,f6e7 d8d3 d1e1 a1c2 e1f2 d3e3 f2f1 e3e1,1172,exposedking mate matein4 middlegame verylong
8aGm4,2rq1r1k/p4pR1/8/4p3/2Q4P/4pP2/PPP5/2K3R1 w - - 3 28,c4g4 d8d2 c1b1 d2c2 b1a1 c2c1 g1c1 c8c1,1168,backrankmate endgame mate matein4 sacrifice verylong
8c4TK,8/7p/5kpr/p7/P1n1Pp1q/5PbP/3BQ3/4NBRK w - - 0 39,e2c4 h4h3 f1h3 h6h3 h1g2 h3h2 g2f1 h2f2,1060,epaulettemate exposedking mate matein4 middlegame operamate sacrifice verylong
8dZpc,5r1k/q5p1/P6p/8/4Q3/2BP2PP/6K1/1R6 w - - 1 45,b1b7 a7f2 g2h1 f2f1 h1h2 f8f2 e4g2 f2g2,1081,endgame mate matein4 verylong
8ekQ4,5rk1/2p2ppp/p2p4/4q3/3pP3/PbrP1Q1P/6P1/1R3RK1 b - - 5 22,b3c2 f3f7 f8f7 b1b8 e5e8 b8e8 f7f8 f1f8,1261,kingsideattack mate matein4 middlegame sacrifice verylong
8fvKq,8/2k2p1p/b1p3p1/3pPp2/1R6/3N3P/r3rPP1/1R4K1 b - - 0 35,a6d3 b4b7 c7d8 b7b8 d8e7 b1b7 e7e6 b8e8,1017,endgame mate matein4 verylong
8h0cf,6k1/1p6/p1pq3p/3b1p2/1n1P4/Q2NPP2/7P/1B5K w - - 2 35,a3b4 d5f3 h1g1 d6g6 g1f1 g6g2 f1e1 g2e2,1276,endgame mate matein4 verylong
8hMWs,8/1pp2p2/2k5/3pQ3/3P1P2/pPPB4/1r5r/K3R3 w - - 7 36,c3c4 b2a2 a1b1 h2b2 b1c1 a2a1 d3b1 a1b1,1225,blindswinemate endgame exposedking mate matein4 verylong
8jN77,5r1k/p1Q3pp/3p1q2/4p3/4P3/8/PrP2PPP/3R1RK1 w - - 0 18,d1d6 f6f2 f1f2 b2b1 d6d1 b1d1 f2f1 d1f1,1236,endgame mate matein4 sacrifice verylong
8jmUZ,6k1/6p1/p1b3p1/2pr4/r3p2R/2P1B1N1/2PK1PP1/7R w - - 10 40,d2e2 c6b5 c3c4 b5c4 e2e1 a4a1 e3c1 a1c1,1060,mate matein4 middlegame pillsburysmate verylong
8k0eU,6rk/1p4rp/2p5/4R1RN/3P4/P4p2/3Q1Pq1/6K1 w - - 3 36,g5g2 g7g2 g1h1 g2g1 h1h2 g8g2 h2h3 g1h1,1258,endgame mate matein4 verylong
8k4sx,2r4k/6pp/4q3/Q7/3P4/4n3/5PPP/1R4K1 w - - 0 35,f2e3 e6e3 g1h1 c8c1 b1c1 e3c1 a5e1 c1e1,1174,backrankmate endgame mate matein4 verylong
8k54p,5r1k/p4rpp/8/8/2PQ4/1P6/q4PPP/1R2R1K1 w - - 0 26,d4c3 a2f2 g1h1 f2f1 e1f1 f7f1 b1f1 f8f1,1048,backrankmate endgame mate matein4 sacrifice verylong
8kOff,6R1/7p/6k1/5p2/p1r1p3/B6P/3r1PPK/8 b - - 8 48,g6h6 a3f8 h6h5 g2g4 f5g4 h3g4 h5h4 f8e7,1133,endgame exposedking mate matein4 verylong
8m79S,r2q1r2/2pp1p1k/pn3Pp1/2pbP3/5R2/1P6/P1PQ2PP/R5K1 b - - 1 23,f8h8 f4h4 h7g8 h4h8 g8h8 d2h6 h8g8 h6g7,1044,attraction mate matein4 middlegame verylong
8ouys,3r1r1k/p5pp/8/1p2Pq2/2Q3R1/8/1B3PPP/5RK1 w - - 0 31,c4b4 f5f2 f1f2 d8d1 b4e1 d1e1 f2f1 e1f1,1281,mate matein4 middlegame sacrifice verylong
8tmhd,5r1k/p5p1/4pr1p/1pq5/4Q3/2P2N2/PP3PPP/R2R2K1 w - - 0 26,f3e5 c5f2 g1h1 f2f1 d1f1 f6f1 a1f1 f8f1,1045,backrankmate mate matein4 middlegame sacrifice verylong
8uRev,2r3k1/p1r3pp/1p2p3/4Pp2/3R4/P4Q2/1Pq2PPP/3R2K1 b - - 0 23,c2b2 d4d8 c8d8 d1d8 g8f7 f3h5 g7g6 h5h7,1040,endgame mate matein4 verylong
8vM6I,5rk1/5ppp/3p4/R2Qp3/2P1P2q/2P1P3/1r4P1/5RK1 b - - 1 24,h4g3 d5f7 f8f7 a5a8 b2b8 a8b8 f7f8 f1f8,1290,endgame mate matein4 sacrifice verylong
8xNBb,1r5k/2RQ2p1/5bBp/pp2p3/4Pq2/2p4P/6P1/7K b - - 5 31,b5b4 c7c8 b8c8 d7c8 f6d8 c8d8 f4f8 d8f8,1183,endgame mate matein4 verylong
8z2cl,r5k1/p2q3p/2RP2pb/8/4p2P/2P1Qp2/1P3P1P/2BR2K1 w - - 1 28,e3h6 d7g4 g1f1 g4g2 f1e1 g2g1 e1d2 g1f2,1284,deflection endgame mate matein4 verylong
911bP,1r1r2k1/5pp1/p6p/4R3/1P3Q2/q4P2/5P1P/4R1K1 b - - 0 39,b8b4 e5e8 d8e8 e1e8 g8h7 f4f5 g7g6 f5f7,1186,endgame mate matein4 verylong
9338U,1nk4r/ppp2p2/4B3/1Pq1P3/6pp/1Q4P1/1P4PK/3R4 b - - 0 26,f7e6 b3e6 b8d7 e6d7 c8b8 d7d8 h8d8 d1d8,1075,backrankmate endgame mate matein4 verylong
93pc5,r1b4r/1q1nkBp1/p2Q1n2/1p2pPp1/4P3/4B3/PPP3PP/R2R2K1 b - - 0 19,e7f7 d6e6 f7f8 e3c5 d7c5 d1d8 f6e8 e6e8,1295,mate matein4 middlegame sacrifice verylong
94Tx5,r2q1rk1/1pp3p1/p3p1Qp/3pP3/2nP3b/P1PBBP2/1P5P/R4R1K b - - 6 20,c4e3 g6h7 g8f7 d3g6 f7e7 h7g7 f8f7 g7f7,1231,deflection kingsideattack mate matein4 middlegame verylong
954iz,3r1rk1/pp3ppp/8/8/8/5QP1/Pq4PP/2R2R1K b - - 0 25,d8d2 f3f7 f8f7 c1c8 d2d8 c8d8 f7f8 f1f8,1177,endgame mate matein4 sacrifice verylong
95iG1,3r4/p1p3pk/1p2p1Np/2pq2P1/5Q2/2P1P2P/PP6/5RK1 b - - 0 28,h7g6 f4f7 g6h7 g5g6 h7h8 f7f8 d8f8 f1f8,1266,endgame mate matein4 sacrifice verylong
96Ho2,q3rnk1/r1pb1pb1/1p1p2p1/3Pp1P1/2P1P3/1pN1B1N1/1P1QBP1R/1K1R4 w - - 0 21,b1c1 a7a1 c3b1 a1b1 c1b1 a8a2 b1c1 a2a1,1079,attraction mate matein4 middlegame queensideattack sacrifice verylong
96zh9,5Rk1/1r3p1p/1q1p2p1/2pP4/5P2/2Q3PP/rP4B1/1R4K1 b - - 0 27,g8f8 c3h8 f8e7 b1e1 e7d7 h8e8 d7c7 e1e7,1209,endgame mate matein4 verylong
97woD,2r2r1k/p4pp1/2q5/1p2Q3/2Pp4/1P5P/P4P2/2K3RR b - - 0 25,f7f6 e5h5 h8g8 g1g7 g8g7 h1g1 c6g2 g1g2,1279,attraction endgame mate matein4 sacrifice verylong
985qx,5k1r/1p2Bpbp/pNn2np1/8/1P6/2P1P3/q1b2PPP/3QKBNR b K - 0 15,c6e7 d1d8 f6e8 b6d7 f8g8 d8e8 g7f8 e8f8,1134,deflection fork mate matein4 middlegame verylong
99Xm7,rnbq2kr/ppp1p1bp/5np1/4N3/5P2/2P5/PP1P2PP/RNBQK2R b KQ - 0 8,b8d7 d1b3 f6d5 b3d5 e7e6 d5e6 g8f8 e6f7,1216,kingsideattack mate matein4 opening verylong
9D8M9,3r1k2/2p2p2/4pQ2/1p1rP3/5pP1/P4P2/1P3K2/5R2 w - - 9 41,f1h1 d5d2 f2g1 d2d1 g1g2 d8d2 g2h3 d1h1,1043,deflection endgame mate matein4 queenrookendgame verylong
9EVte,8/5pk1/6p1/2Pp3r/Qp6/4P1R1/P7/6Kr w - - 1 40,g1g2 h5h2 g2f3 h1f1 f3g4 f7f5 g4g5 h2h5,1161,endgame exposedking mate matein4 queenrookendgame verylong
9EZhf,2r2rk1/1p1n2pp/p7/3p1RNQ/P7/1P6/1q4PP/5R1K b - - 0 26,h7h6 f5f8 c8f8 f1f8 d7f8 h5f7 g8h8 f7f8,1088,deflection mate matein4 middlegame verylong
9Fp2B,2rr2k1/1b2np2/p4P2/1ppqP2Q/3p2R1/3P4/PPP4P/R5K1 b - - 2 29,e7g6 g4g6 f7g6 h5g6 g8f8 g6g7 f8e8 g7e7,1192,kingsideattack master mate matein4 middlegame verylong
9GHxL,5r1k/3nNppp/4b3/1pP5/1P1N1q2/8/5PK1/6RR b - - 0 33,f4d4 h1h7 h8h7 g1h1 e6h3 h1h3 d4h4 h3h4,1232,anastasiamate attraction mate matein4 middlegame sacrifice verylong
9HCRC,2k2r2/ppp3R1/3p4/4p3/1nP5/4P2P/PPPKNn1R/8 w - - 7 26,a2a3 f2e4 d2e1 b4c2 e1d1 c2e3 d1c1 f8f1,1267,deflection endgame mate matein4 verylong
9JhOB,r2q1rk1/3n2p1/b3p1Qp/p2pP3/1pp2P2/P1P5/1PB2PPP/R4RK1 b - - 0 19,b4b3 g6h7 g8f7 c2g6 f7e7 h7g7 f8f7 g7f7,1225,deflection kingsideattack mate matein4 middlegame verylong
9Jy1O,r1b4k/pp3B1p/6p1/2P2pq1/1P6/P2p4/Q2NrnPP/b1KR4 b - - 1 23,f2d1 a2a1 d1c3 a1c3 e2e5 c3e5 g5f6 e5f6,1296,hangingpiece kingsideattack mate matein4 middlegame verylong
9K5aH,2r3rk/p4ppp/q3b3/3pB3/3P3P/6Q1/4RPP1/4R1K1 b - - 0 23,e6f5 e5g7 g8g7 e2e8 c8e8 e1e8 g7g8 g3g8,1246,master mate matein4 middlegame sacrifice verylong
9LZZi,5r2/p5bk/4Q3/8/3B1r1p/2P5/Pq3PPP/R3R1K1 w - - 1 27,d4g7 b2f2 g1h1 f2f1 e1f1 f4f1 a1f1 f8f1,1146,backrankmate mate matein4 middlegame sacrifice verylong
9M8c0,6k1/4nppp/4p3/4P3/p1qr4/P2p2NP/5PPK/1RQ5 b - - 3 28,d3d2 b1b8 e7c8 b8c8 c4c8 c1c8 d4d8 c8d8,1033,backrankmate endgame fork mate matein4 verylong xrayattack
9O3mC,4R3/R6p/3k1pp1/8/6Pn/7K/4p2P/2r5 w - - 4 32,e8e2 c1c3 e2e3 c3e3 h3h4 g6g5 h4h5 e3h3,1127,endgame mate matein4 verylong
9R4ob,r5k1/1p4pp/p3p3/3pP3/8/1P2q1P1/P1R3KQ/2R1Nr2 b - - 6 29,f1e1 c2c8 a8c8 c1c8 g8f7 h2h5 g7g6 h5h7,1049,endgame mate matein4 verylong
9RBTC,2r2rk1/pp4p1/2pq1pB1/8/5P2/6KQ/P5PN/8 b - - 0 29,f8d8 h3h7 g8f8 h7h8 f8e7 h8g7 e7e6 g7f7,1171,deflection endgame mate matein4 verylong
9SOW5,8/8/p7/3r1pRk/1P1b4/P2p4/3BrPP1/6K1 b - - 4 38,h5h4 g2g3 h4h3 g5h5 h3g4 h5h4 g4f3 h4f4,1214,endgame mate matein4 operamate verylong
9ShY4,8/5RRp/8/1p1rpk2/1P6/P6P/2rp2P1/7K b - - 4 32,f5e4 g7g4 e4d3 f7f3 d3e2 g4e4 e2d1 f3f1,1132,endgame mate matein4 rookendgame verylong
9TLOH,5rk1/3q1ppp/1R6/8/8/5QP1/r5PP/5R1K b - - 7 30,d7d2 f3f7 f8f7 b6b8 d2d8 b8d8 f7f8 f1f8,1251,endgame mate matein4 sacrifice verylong
9WvYv,6k1/5pp1/5n1p/5PP1/5N1P/3R4/pq3NK1/8 b - - 0 38,a2a1q d3d8 f6e8 d8e8 g8h7 g5g6 f7g6 f5g6,1006,endgame mate matein4 verylong
9Yugf,2r2rk1/p4qp1/4p1pp/3pP3/1p1P4/6R1/PP3PPP/3Q1RK1 w - - 2 22,d1a4 f7f2 f1f2 c8c1 a4d1 c1d1 f2f1 f8f1,1227,endgame kingsideattack mate matein4 sacrifice verylong
9bHUc,r1b3k1/p4ppp/2q5/1pNpQ3/2p2B2/6PP/PP4K1/4R3 b - - 3 24,c6c5 e5e8 c5f8 e8f8 g8f8 f4d6 f8g8 e1e8,1269,attraction backrankmate endgame mate matein4 verylong
9bqr1,r1n2Nk1/pp4bp/3p2p1/2pPp3/2P1P2q/3Q2p1/PP1N2P1/R1Bb1RK1 w - - 0 19,f1d1 h4h2 g1f1 h2h1 f1e2 h1g2 e2e1 g2f2,1107,deflection kingsideattack mate matein4 middlegame verylong
9cYmV,2r2r2/pp1b1p1k/4pPp1/3pP1Qp/8/q1P4R/P5PP/R6K b - - 2 26,f8h8 h3h5 h7g8 h5h8 g8h8 g5h6 h8g8 h6g7,1117,attraction mate matein4 middlegame verylong
9fTe1,3rr1k1/1pp2ppp/p1n2q2/4N3/1P6/PQP3Pb/3NPR1P/5RK1 b - - 7 23,f6e5 b3f7 g8h8 f7f8 e8f8 f2f8 d8f8 f1f8,1122,backrankmate mate matein4 middlegame sacrifice verylong
9gU11,r1bq1rkR/ppp1b1p1/1nn1p3/4P1P1/3P4/P1N5/1P3PP1/R1BQK3 b Q - 2 14,g8h8 d1h5 h8g8 g5g6 f8f5 h5h7 g8f8 h7h8,1065,kingsideattack mate matein4 opening verylong
9gpYC,8/5ppk/1R5p/6PP/5PK1/2r5/8/8 b - - 2 45,c3c7 g5g6 f7g6 h5g6 h7h8 b6b8 c7c8 b8c8,1154,endgame mate matein4 rookendgame verylong
9jaku,4r1k1/pB3p1p/4q1p1/4rb2/3Q4/1P4P1/P4PKP/R2R4 w - - 3 23,b7f3 f5h3 g2h1 e5e1 d1e1 e6e1 a1e1 e8e1,1036,mate matein4 middlegame sacrifice verylong
9qU8M,8/p3p1k1/1p1rnpp1/2p1NqP1/P4P1R/2P5/1PP5/2K4Q b - - 1 25,f6e5 h4h7 g7g8 h7h8 g8f7 h1h7 e6g7 h7g8,1082,endgame mate matein4 verylong
9rUxm,1r4k1/3n1ppp/R1Qp1q2/8/4P1B1/3P3P/5PP1/6K1 w - - 3 30,c6d7 b8b1 g4d1 b1d1 g1h2 f6f4 g2g3 f4f2,1273,endgame mate matein4 verylong
9roq6,5rk1/1b3ppp/p1q5/4r3/8/6N1/P4QPP/3R1R1K b - - 5 26,e5c5 f2f7 f8f7 d1d8 c6e8 d8e8 f7f8 f1f8,1105,mate matein4 middlegame sacrifice verylong
9s42j,4r1k1/p1q3p1/2p2p1p/2P5/QP6/P7/3R2PP/4rRK1 w - - 3 27,h2h3 e1f1 g1f1 c7f4 d2f2 f4c1 a4d1 c1d1,1233,attraction endgame fork mate matein4 verylong
9u8eh,8/4Bpkp/4p1p1/4P1P1/p2Pn2P/P2r4/2R5/5K2 b - - 2 41,d3d4 e7f6 e4f6 e5f6 g7h8 c2c8 d4d8 c8d8,1264,endgame mate matein4 verylong
9uKoY,3Q4/ppp2pbk/3p2pp/q5N1/2P5/8/P3r3/1K1R4 b - - 5 31,h6g5 d1h1 e2h2 h1h2 g7h6 h2h6 h7h6 d8h8,1195,attraction endgame mate matein4 verylong
9vcWt,5rk1/Rp3ppp/8/3p4/1q1Pr3/4PQ2/1PP3PP/5RK1 b - - 0 19,b4b2 f3f7 f8f7 a7a8 e4e8 a8e8 f7f8 f1f8,1167,endgame mate matein4 sacrifice verylong
9xxWV,5rk1/1p3ppp/p1q5/8/6P1/5QPP/PPP1r3/3R1R1K b - - 6 25,c6c2 f3f7 f8f7 d1d8 e2e8 d8e8 f7f8 f1f8,1253,endgame mate matein4 sacrifice verylong
9ynUG,r2q1r2/5p1k/p1n1pPp1/1p4Q1/2p1R3/P1P5/1P3PPP/R5K1 b - - 0 23,f8h8 e4h4 h7g8 h4h8 g8h8 g5h6 h8g8 h6g7,1177,attraction mate matein4 middlegame verylong
9zysM,5rk1/5ppp/p2q4/5Q2/8/2r5/6PP/3R1R1K b - - 1 27,d6c6 f5f7 f8f7 d1d8 c6e8 d8e8 f7f8 f1f8,1274,endgame master mate matein4 sacrifice verylong
A0AHU,r5k1/5pp1/2P1q2p/1PQR4/4pR2/4P1P1/5P1K/r7 w - - 1 36,d5e5 a1h1 h2h1 e6h3 h1g1 a8a1 c5c1 a1c1,1276,attraction endgame mate matein4 sacrifice verylong
A20Bx,5rk1/pb3pp1/1p5p/q1b1NB1n/P1P5/1P6/2Q2BPP/3R3K b - - 2 29,c5f2 f5h7 g8h8 e5f7 f8f7 d1d8 f7f8 d8f8,1274,deflection kingsideattack mate matein4 middlegame sacrifice verylong
A3MJr,8/R5pp/5pk1/8/pr2N1PP/4nPK1/8/8 b - - 2 48,h7h6 h4h5 g6h7 e4f6 h7h8 a7a8 b4b8 a8b8,1074,deflection endgame mate matein4 pin verylong
A47A9,4r1k1/pp4pp/2np4/1B6/3PQ3/P3B3/1PP4q/2K2R2 b - - 0 24,e8e4 b5c4 d6d5 c4d5 e4e6 d5e6 g8h8 f1f8,1145,backrankmate endgame fork mate matein4 verylong
A82tc,1r3rkR/2pb2p1/3q1pP1/1p1P1p2/8/p1PBP1P1/Pn3P2/K1QR4 b - - 2 27,g8h8 d1h1 h8g8 h1h8 g8h8 c1h1 h8g8 h1h7,1226,attraction kingsideattack mate matein4 middlegame sacrifice verylong
A8UCt,R1R5/6pk/5p1p/8/5PPK/1r5P/4b3/5r2 b - - 7 47,f1h1 c8h8 h7g6 f4f5 g6f7 a8a7 b3b7 a7b7,1243,endgame mate matein4 verylong
AAo8r,r4rk1/1Rp2ppp/8/p3q3/P1P5/8/5QPP/5R1K b - - 0 22,a8a6 f2f7 f8f7 b7b8 e5e8 b8e8 f7f8 f1f8,1204,endgame mate matein4 sacrifice verylong
ACimp,3r2k1/2p1b1p1/np2p1Qp/4Np1N/8/7R/5qPP/5RK1 w - - 0 35,f1f2 d8d1 f2f1 e7c5 h3e3 c5e3 g1h1 d1f1,1124,backrankmate mate matein4 middlegame verylong
ADXfO,3r1r1k/pp4pp/5q2/2p1R3/4Q3/8/PPP2PPP/5RK1 w - - 0 20,e5h5 f6f2 f1f2 d8d1 e4e1 d1e1 f2f1 e1f1,1242,endgame mate matein4 sacrifice verylong
AEJov,r3k1nr/pp1nb1pp/4Q3/6N1/3P1B2/2P1P3/P3KPPP/7q b kq - 1 15,h1b1 e6f7 e8d8 g5e6 d8c8 f7e8 e7d8 e8d8,1286,exposedking mate matein4 middlegame verylong
AESsf,R2R4/pp2rpkp/2p3p1/7n/5pQ1/5N1P/q4P2/7K b - - 1 31,a2f2 d8g8 g7f6 g4g5 f6e6 g5e5 e6d7 g8d8,1198,mate matein4 middlegame verylong
AEiwu,2r1r1k1/pbqn1p2/1pp1pBpP/8/2PP2N1/1P1BR1b1/P4P2/3R2K1 b - - 1 26,g3f4 h6h7 g8h7 e3h3 f4h6 h3h6 h7g8 h6h8,1284,advancedpawn attraction kingsideattack mate matein4 middlegame operamate verylong
AF0s7,5r1k/pp3rp1/2p3Rp/5p1Q/8/1P1PR2P/PqP2PPK/8 b - - 4 28,b2c2 g6h6 g7h6 h5h6 h8g8 e3g3 f7g7 h6g7,1241,endgame kingsideattack mate matein4 sacrifice verylong
AHEmX,2r2rk1/pQ1R2p1/1p2pq1p/8/8/8/PP3PPP/5RK1 w - - 5 25,b7a7 f6f2 f1f2 c8c1 d7d1 c1d1 f2f1 d1f1,1215,endgame mate matein4 sacrifice verylong
AHh3E,3r1r2/2Q3pk/8/5q1p/6p1/2P5/P4PPP/4RRK1 w - - 0 27,e1e7 f5f2 f1f2 d8d1 e7e1 d1e1 f2f1 e1f1,1244,endgame master mate matein4 sacrifice verylong
AIonM,r4rk1/ppp2ppp/3p4/3Np1P1/2BnPn2/3P1P2/PPP2P2/2KR3R b - - 4 14,c7c6 d5e7 g8h8 h1h7 h8h7 d1h1 f4h5 h1h5,1244,anastasiamate attraction kingsideattack mate matein4 middlegame sacrifice verylong
AKDrY,r1q3r1/2pb1p1k/1p1p1Pp1/p5Qp/2P1P2R/3P4/P5PP/1R4K1 b - - 5 23,g8h8 h4h5 h7g8 h5h8 g8h8 g5h6 h8g8 h6g7,1132,attraction mate matein4 middlegame verylong
ALtBy,r1b1k2r/ppp1qpb1/3p3p/5P1Q/5B2/1B3n2/PPP3PP/RN3RK1 w kq - 6 15,f1f3 e7e1 f3f1 g7d4 f4e3 d4e3 g1h1 e1f1,1140,kingsideattack mate matein4 middlegame verylong
AO1H0,1r3r1k/1p3p2/p1q1pNp1/2p1P3/2P3Q1/1P6/P3KP1n/2R1R3 b - - 1 28,h2g4 e1h1 c6h1 c1h1 g4h2 h1h2 h8g7 h2h7,1117,exposedking hookmate mate matein4 middlegame verylong
APAYa,2NR4/5ppk/7p/4b3/2n5/2P4P/P3r1P1/K1R5 w - - 7 35,c8e7 e5c3 c1c3 e2e1 d8d1 e1d1 c3c1 d1c1,1073,endgame fork mate matein4 sacrifice verylong
APRHz,r7/5R2/p1N4p/5p1k/5P2/1r3P2/5K2/8 b - - 1 39,h5g6 c6e5 g6h5 f7f5 h5h4 e5g6 h4h3 f5h5,1073,deflection endgame mate matein4 verylong
AQPRo,r3r2k/1p5p/p1b3pB/2P5/1P1Qp3/P5bq/8/5RK1 b - - 1 37,g3e5 f1f8 e8f8 d4e5 f8f6 e5f6 h8g8 f6g7,1294,deflection mate matein4 middlegame sacrifice verylong
ARHwf,5rk1/1p1Q2pp/p2p4/3P1p2/2P5/1Pq1r3/P1B2RPP/4R2K w - - 0 25,e1e3 c3a1 c2b1 a1b1 e3e1 b1e1 f2f1 e1f1,1243,endgame fork mate matein4 verylong
AUidR,7k/5p2/4pNn1/3pP3/3P1NQP/1Pq3P1/3b2K1/8 b - - 12 51,d2f4 g4h5 h8g7 h5h7 g7f8 h7g8 f8e7 g8e8,1123,endgame exposedking mate matein4 verylong
AVHf6,2Q3k1/pp3r1p/3p2p1/3qp1P1/5r2/P4P2/1P4K1/4R2R b - - 7 30,g8g7 h1h7 g7h7 e1h1 f4h4 h1h4 h7g7 c8h8,1133,attraction endgame mate matein4 sacrifice verylong
AWSIx,1r4k1/3R1rpp/8/4p3/6Q1/8/1q3PPP/5RK1 w - - 2 30,g4e6 b2f2 f1f2 b8b1 d7d1 b1d1 f2f1 d1f1,1241,clearance endgame mate matein4 sacrifice verylong
AWaeR,6k1/4rp1p/2p1r3/2Qp1q2/3P1P2/7P/5PP1/1RR3K1 w - - 1 35,b1b6 e6e1 c1e1 e7e1 g1h2 f5f4 g2g3 f4f2,1076,endgame mate matein4 verylong
AY5M9,4R1r1/3b1k1p/p1n5/1p1p1p1N/2q2B2/2P2n1K/P1Q3p1/6R1 b - - 0 30,d7e8 c2f5 f7e7 f5f6 e7d7 f6d6 d7c8 d6c7,1266,exposedking mate matein4 middlegame verylong
AZ44l,r1b4k/6p1/1p1p1rBR/p2pq3/8/P4Pp1/1P1Q2P1/1K6 b - - 0 29,g7h6 d2h6 h8g8 h6h7 g8f8 h7h8 f8e7 h8e8,1238,endgame exposedking mate matein4 swallowstailmate verylong
Aa4HY,r4k2/pp1b3Q/3p2p1/4rp2/8/2P5/PP1P1PPP/R1B3K1 w - - 1 21,g1f1 d7b5 c3c4 b5c4 d2d3 c4d3 f1g1 e5e1,1166,backrankmate endgame mate matein4 verylong
AbLqM,rn5k/5Bpp/3p1b2/p1p1p3/Pp2K3/2P5/NP1r4/6RR b - - 5 27,b4c3 h1h7 h8h7 g1h1 d2h2 h1h2 f6h4 h2h4,1291,attraction mate matein4 middlegame pillsburysmate sacrifice verylong
AbQGo,6k1/5rpp/8/6q1/8/4pP2/R2rB1PP/2R2K2 b - - 2 37,d2a2 c1c8 f7f8 e2c4 g5d5 c4d5 g8h8 c8f8,1109,backrankmate endgame fork mate matein4 verylong
AeyYk,2r3k1/Q2R1p1n/6p1/4P2p/2r4P/P2R1NPq/1B3P2/6K1 w - - 3 35,d7f7 c4c1 b2c1 c8c1 d3d1 c1d1 f3e1 d1e1,1085,mate matein4 middlegame sacrifice verylong
AfeKm,1k5r/ppp5/3q1PR1/3p1Q2/1P1P3p/2P1bN1P/P5P1/4B1K1 w - - 5 29,g1f1 d6a6 b4b5 a6b5 c3c4 b5c4 f5d3 c4d3,1271,mate matein4 middlegame verylong
Ag9tK,6nk/r5rp/p2qp1p1/3p2P1/1p1P3Q/3B3R/1PP2P2/2K4R b - - 3 28,g8e7 h4h7 g7h7 h3h7 h8g8 h7h8 g8f7 h1h7,1017,kingsideattack mate matein4 middlegame sacrifice verylong
Ahgt2,4rk2/p1p3pQ/2pp1p2/8/2P5/1P1Br2P/PB4PK/4b3 w - - 1 33,b2f6 e1g3 h2g1 e3e1 d3f1 e1f1 g1f1 e8e1,1198,attraction endgame mate matein4 operamate sacrifice verylong
AjWMS,2q5/Q3B3/5npk/p4p2/3Pp2p/1P2P1P1/P4P1P/1Rr3K1 w - - 4 33,b1c1 c8c1 g1g2 h4h3 g2h3 c1f1 h3h4 g6g5,1223,attraction endgame mate matein4 verylong
AjtGY,1k5r/5pb1/b2p2pp/Q1pqp3/B1N1n3/PP2BN2/2P1KPPP/7R w - - 0 23,a5a6 e4c3 e2f1 d5d1 f3e1 d1e2 f1g1 e2e1,1269,deflection mate matein4 middlegame verylong
AmBMF,4r2k/p3Q1pp/2p3b1/2qp4/5P2/n1P3P1/P1P3BP/1R2R2K b - - 0 31,e8e7 b1b8 g6e8 b8e8 e7e8 e1e8 c5f8 e8f8,1281,backrankmate mate matein4 middlegame verylong xrayattack
Amp2f,4r1k1/p1R2pbp/3Q2p1/Pq1P4/1r6/5NB1/5PPP/5RK1 w - - 3 27,d6d7 b5f1 g1f1 b4b1 c7c1 b1c1 f3e1 c1e1,1270,attraction kingsideattack mate matein4 middlegame sacrifice verylong
AnnLu,4r2k/2p3pp/1pQp2q1/8/4bP2/P1P5/1P1N2PP/6RK w - - 2 23,c6c7 e4g2 g1g2 e8e1 d2f1 e1f1 g2g1 f1g1,1237,endgame mate matein4 sacrifice verylong
AoBYJ,r7/2R5/1p5p/1k4p1/8/3R1NB1/3p1PPP/6K1 w - - 2 32,d3d2 a8a1 c7c1 a1c1 d2d1 c1d1 f3e1 d1e1,1003,backrankmate endgame mate matein4 verylong
Aq5zV,4r1k1/1p3p2/5P1p/p1P5/P4bPn/6NP/1Q3PqK/6R1 w - - 1 35,g1g2 h4f3 h2h1 e8e1 g3f1 e1f1 g2g1 f1g1,1286,arabianmate endgame master mate matein4 verylong
AqUmE,5r2/p1p4p/1kB3p1/1Pp1p3/P7/2K5/7r/3R4 b - - 5 36,h2f2 a4a5 b6a5 d1a1 f2a2 a1a2 a5b6 a2a6,1115,attraction endgame mate matein4 pillsburysmate verylong
ArGFe,r1b2rk1/1p3pp1/p2Np2p/4R3/5q2/3B4/P1Q3PP/3R3K b - - 0 21,f4e5 d3h7 g8h8 d6f7 f8f7 d1d8 f7f8 d8f8,1051,clearance deflection mate matein4 middlegame sacrifice verylong
ArbVA,3r4/pR4pk/4p2p/4Pp2/5P2/1P3BP1/P1Q3KP/q7 w - - 5 36,c2c7 d8d2 f3e2 d2e2 g2h3 a1f1 h3h4 e2h2,1280,deflection endgame mate matein4 verylong
AshiL,3r3k/6p1/3bppP1/rPp1q3/p7/P2B3Q/1P6/1K6 b - - 1 37,h8g8 h3h7 g8f8 h7h8 f8e7 h8g7 e7e8 g7f7,1219,deflection endgame mate matein4 verylong
AtXNd,2r2bk1/pp1r1NBp/4p3/3bP3/6Q1/2qp4/P1P2RPP/5RK1 b - - 0 22,f8g7 f7h6 g8h8 f2f8 c8f8 f1f8 g7f8 g4g8,1184,kingsideattack mate matein4 middlegame pin sacrifice verylong
AxdJe,3Q4/p4pk1/1p4p1/2p1q3/8/2P1r1PP/P4R1K/3R4 w - - 4 32,d1f1 e5g3 h2h1 g3h3 h1g1 e3g3 f2g2 g3g2,1028,deflection endgame mate matein4 verylong
Aza8t,5r1k/p5b1/1p3q1p/7R/4Q3/2r2N2/5PPP/5RK1 w - - 0 28,f3e5 f6f2 f1f2 c3c1 e4e1 c1e1 f2f1 e1f1,1129,mate matein4 middlegame sacrifice verylong
Azw0g,r3k2r/pp3ppp/3p4/2pNp3/2P1P1q1/3PK1P1/PP3P2/R6R b kq - 0 18,e8g8 d5e7 g8h8 h1h7 h8h7 a1h1 g4h5 h1h5,1280,anastasiamate attraction endgame kingsideattack mate matein4 sacrifice verylong
B1GPV,7q/r2kbp2/pp2p3/3p2p1/8/PNPQPPp1/1P4P1/2RR3K w - - 1 25,h1g1 h8h2 g1f1 h2h1 f1e2 h1g2 e2e1 g2f2,1076,deflection kingsideattack mate matein4 middlegame verylong
B2EUH,5b1k/5Qpp/8/3nB3/8/3r2P1/q4P1P/4R1K1 b - - 2 41,a2a8 e5g7 f8g7 e1e8 a8e8 f7e8 g7f8 e8f8,1220,fork mate matein4 middlegame sacrifice verylong
B3rYE,r1qb1k2/5p1p/3p1P2/1b1Pp1Q1/1p6/1P5P/5PP1/R3N1K1 b - - 0 32,a8a1 g5g7 f8e8 g7g8 e8d7 g8f7 d8e7 f7e7,1177,deflection endgame mate matein4 verylong
B4i31,r3kb1r/5pp1/p2p3p/4p3/3pP1Q1/3P3P/Pq3PP1/1RR3K1 b kq - 1 18,b2a2 c1c8 a8c8 g4c8 e8e7 b1b7 e7f6 c8f5,1169,mate matein4 middlegame verylong
B71Gd,5r1k/2nnNppp/1r1N4/1p6/2p5/8/5PPP/3R1RK1 b - - 3 30,d7c5 d6f7 f8f7 d1d8 c7e8 d8e8 f7f8 e8f8,1273,backrankmate clearance mate matein4 middlegame sacrifice verylong
B9NLu,4Q3/p4p1k/2p2Pr1/4P3/8/8/Prq3PP/3R2RK w - - 2 40,d1d8 c2g2 g1g2 b2b1 d8d1 b1d1 g2g1 d1g1,1270,endgame mate matein4 sacrifice verylong
B9lCd,5rk1/5pp1/1r1p1n2/2pPpN2/6Pp/5P2/1P6/2KR1R2 b - g3 0 27,h4g3 f5e7 g8h8 f1h1 f6h7 h1h7 h8h7 d1h1,1151,anastasiamate attraction endgame master mate matein4 sacrifice verylong
BAxOU,2rr2k1/p5p1/4p1P1/2p1P1pQ/4Nq2/1P1p4/P4PP1/5RK1 b - - 1 30,f4e4 h5h7 g8f8 h7h8 f8e7 h8g7 e7e8 g7f7,1034,deflection endgame mate matein4 verylong
BGNVb,3R2nk/4r1pB/p4p1p/1p1b4/3b4/P1P5/1PQ2PPP/6K1 w - - 2 27,h2h3 e7e1 g1h2 d4e5 f2f4 e5f4 g2g3 e1h1,1276,kingsideattack mate matein4 middlegame operamate verylong
BHMBA,r4r1q/1pp4Q/1p1p4/3R4/2B1p3/8/PP3kPP/4R2K w - - 5 28,h7e4 h8h2 h1h2 f8h8 e4h7 h8h7 d5h5 h7h5,1113,attraction mate matein4 middlegame sacrifice verylong
BIWnZ,3r2rk/pq2bppp/1p2p3/8/3BN2P/3R2Q1/PP3PP1/3R2K1 b - - 0 24,b7e4 d4g7 g8g7 d3d8 e7d8 d1d8 g7g8 g3g8,1131,deflection discoveredattack kingsideattack mate matein4 middlegame verylong
BIpzA,8/pR3B2/8/5R2/3PP2k/7P/PPr1b1PK/4b3 w - - 5 29,f7b3 e1g3 h2g1 c2c1 b3d1 c1d1 f5f1 d1f1,1071,endgame master mate matein4 operamate pillsburysmate verylong
BLw2T,8/PR6/7k/4R3/6pp/r4P1P/6PK/8 w - - 0 52,e5e8 g4g3 h2g1 a3a1 b7b1 a1b1 e8e1 b1e1,1164,endgame mate matein4 rookendgame verylong
BMlaP,3rr1k1/p1p2pp1/6qp/8/1PP5/P1b1BQ2/4RPPP/3R2K1 w - - 5 22,d1d8 g6b1 e3c1 b1c1 d8d1 c1d1 e2e1 d1e1,1280,kingsideattack mate matein4 middlegame verylong
BO9nf,1k4r1/pp1qpp1p/5p1Q/8/8/1PN5/P1PP1P1P/R4RrK w - - 4 18,f1g1 d7c6 c3d5 c6d5 f2f3 d5f3 g1g2 f3g2,1284,endgame kingsideattack mate matein4 verylong
BQScz,1r4k1/p4ppp/3p1B2/2p1b3/q1P1P3/P2P1B2/N3RPPP/3Q2K1 w - - 1 25,d1a4 b8b1 a2c1 b1c1 a4d1 c1d1 e2e1 d1e1,1002,kingsideattack mate matein4 middlegame verylong
BSafX,3r2k1/4Rp2/pq3Pp1/1p4Qp/8/1P4P1/P4PK1/3R4 b - - 0 33,d8d1 e7e8 g8h7 e8h8 h7h8 g5h6 h8g8 h6g7,1278,attraction endgame mate matein4 sacrifice verylong
BUJWO,4rr2/ppQ5/2b3pk/8/2P2nP1/P7/3R1P2/1R3K2 w - - 7 35,b1b3 c6g2 f1g1 e8e1 g1h2 e1h1 h2g3 h1h3,1249,epaulettemate mate matein4 middlegame operamate verylong
BUl1y,3r2k1/1p1q1pBp/p2p1Pr1/4pR1Q/5R2/P2P4/1P5P/7K b - - 0 29,e5f4 h5h7 g8h7 f5h5 g6h6 h5h6 h7g8 h6h8,1241,attraction endgame mate matein4 operamate sacrifice verylong
BWRKb,5rk1/pp3ppp/4r3/3q4/5Q2/7P/PPP2RP1/2KR4 b - - 5 25,d5a2 f4f7 f8f7 d1d8 e6e8 d8e8 f7f8 f2f8,1222,endgame mate matein4 sacrifice verylong
BX66u,r4rk1/p5pp/2p1Q3/2p2p2/6b1/1P3nP1/Pq2NK2/R6R b - - 1 26,g8h8 h1h7 h8h7 a1h1 f3h2 h1h2 g4h3 h2h3,1263,attraction kingsideattack mate matein4 middlegame sacrifice verylong
BXD6J,3r2k1/1Rp3pp/1n4q1/8/7P/1P2PQ2/1Pr3P1/5RK1 b - - 0 27,b6d5 f3d5 d8d5 b7b8 d5d8 b8d8 g6e8 d8e8,1260,mate matein4 middlegame sacrifice verylong
BYd9L,rn3rk1/ppp2ppp/8/3N4/3bP1b1/3P2P1/PPP1B1P1/2KR3R b - - 2 15,g4e2 d5e7 g8h8 h1h7 h8h7 d1h1 e2h5 h1h5,1298,anastasiamate attraction kingsideattack mate matein4 middlegame sacrifice verylong
BbF2x,3rr1k1/ppp2ppp/8/8/5R2/2P2Q2/PPqN1PPP/R1B3K1 w - - 3 19,f4f7 e8e1 d2f1 e1f1 g1f1 d8d1 f3d1 c2d1,1234,attraction kingsideattack mate matein4 middlegame sacrifice verylong
BeV6B,6r1/5p1r/p3p3/2P5/3B1k2/2P3p1/PP3P2/3RR1K1 w - - 0 30,d4e3 f4f3 f2g3 g8g3 g1f1 h7h1 e3g1 h1g1,1136,defensivemove endgame mate matein4 verylong
BgVUd,5rk1/6p1/5q1p/Q3p3/2r5/4P3/P4PPP/1R3RK1 w - - 0 25,b1b5 f6f2 f1f2 c4c1 a5e1 c1e1 f2f1 f8f1,1204,endgame mate matein4 sacrifice verylong
Bgcnq,6B1/1r2k1pP/8/2p1bP1P/4Pp2/3P4/Pr6/2KR3R w - - 2 34,h7h8q b2b1 c1d2 b7b2 d2e1 e5c3 e1f1 b1d1,1221,deflection exposedking mate matein4 middlegame verylong
Biews,r4k2/2p4Q/1p2p1p1/4bq2/p2n1P2/2N5/PPP5/1K1R3R w - - 1 25,f4e5 f5c2 b1a1 d4b3 a2b3 a4b3 c3a2 a8a2,1227,discoveredattack discoveredcheck mate matein4 middlegame queensideattack verylong
BjVuw,5r1k/5rp1/p3p1Qp/3pPp2/1pp2P2/2q1PR1R/P5PP/6K1 b - - 3 29,b4b3 h3h6 g7h6 g6h6 h8g8 f3g3 f7g7 g3g7,1130,endgame kingsideattack mate matein4 sacrifice verylong
Bkzrl,Rk1rb2r/1p2q3/1P2pp1p/1Pp3p1/2NPp3/2P1P1P1/4QPP1/6K1 b - - 2 25,b8a8 e2a2 a8b8 a2a7 b8c8 a7a8 c8d7 a8b7,1139,deflection endgame interference mate matein4 queensideattack verylong
Bm8zx,N5k1/5ppp/p2p2r1/1p2p2q/4P3/1BP1BbP1/PP5P/R3R1K1 w - - 1 20,e1f1 g6g3 h2g3 h5h1 g1f2 h1g2 f2e1 g2e2,1277,kingsideattack mate matein4 middlegame sacrifice verylong
BoIwG,5rk1/5ppp/3R4/1p3Q2/2q3P1/8/PPr3P1/5R1K b - - 0 34,c4e2 f5f7 f8f7 d6d8 e2e8 d8e8 f7f8 f1f8,1149,endgame mate matein4 sacrifice verylong
BoIyy,r6k/pbp1q1pp/1p6/8/2B5/2Q1Rp2/PB5P/3R3K w - - 0 28,e3e7 f3f2 c4d5 b7d5 e7e4 d5e4 c3f3 e4f3,1098,advancedpawn discoveredattack discoveredcheck mate matein4 middlegame verylong
Boyk4,5r1k/1Q1R2pp/2r2q2/p3p3/1p6/2P5/PP3PPP/5RK1 w - - 0 29,c3b4 f6f2 f1f2 c6c1 d7d1 c1d1 f2f1 d1f1,1275,endgame mate matein4 sacrifice verylong
Bpvnk,4r2r/2pk4/p2p2p1/1p2p1B1/3nP3/3P4/PPP2PPP/RN3RK1 w - - 2 17,b1a3 d4e2 g1h1 h8h2 h1h2 e8h8 g5h4 h8h4,1176,anastasiamate attraction kingsideattack mate matein4 middlegame sacrifice verylong
Bpycp,4k3/7R/3P4/5p2/2p2P1p/2P1P2P/4RnPK/5r2 w - - 2 49,h7h4 f1h1 h2g3 f2e4 g3f3 h1f1 e2f2 f1f2,1246,endgame hookmate mate matein4 verylong
Bs9E8,6rk/2nq1prp/2p2p1Q/4bP2/1pP1B2R/pP4PR/P4P1P/5K2 b - - 2 35,g8d8 h6h7 g7h7 h4h7 h8g8 h7h8 g8g7 h3h7,1259,blindswinemate kingsideattack mate matein4 middlegame sacrifice verylong
Bspx9,5rk1/pp1b2pp/2p1r3/2bpPp1q/8/2PB1P2/PPQ1R1PP/4RN1K w - - 5 21,f1g3 h5h2 h1h2 e6h6 g3h5 h6h5 h2g3 f5f4,1284,attraction kingsideattack mate matein4 middlegame sacrifice verylong
BvnZT,r1bk1r2/ppp1bB2/6Q1/8/3qP3/8/PPP2nPP/RNB2RK1 w - - 0 16,f1f2 d4d1 f2f1 e7c5 c1e3 c5e3 g1h1 d1f1,1242,fork master mate matein4 opening verylong
ByWOW,8/R3bqk1/R2p1r2/3Pp3/2P1Q2p/6pP/3B2P1/7K w - - 6 52,d2e3 f6f1 e3g1 f1g1 h1g1 f7f2 g1h1 f2f1,1173,attraction mate matein4 middlegame sacrifice verylong
Bzl9Q,k1q4r/pp2bpp1/2p1pn1p/Q1P5/3rP3/2RB2B1/PP3P1P/1K5R b - - 1 22,e7d8 a5a7 a8a7 c3a3 d4a4 a3a4 d8a5 a4a5,1225,attraction mate matein4 middlegame pillsburysmate queensideattack sacrifice verylong
C3HaH,2k5/ppp4p/4q3/2P1N1n1/1B1Ppp2/4P1P1/P4P2/R1R4K w - - 0 31,e3f4 e6h3 h1g1 g5f3 e5f3 e4f3 c1c3 h3g2,1200,endgame exposedking mate matein4 verylong
C4qnf,8/8/2p3p1/p5P1/1P1p1k1K/7P/8/8 w - - 0 58,b4a5 d4d3 a5a6 d3d2 a6a7 d2d1q a7a8q d1e1,1144,advancedpawn endgame mate matein4 pawnendgame promotion verylong
C5hco,5rk1/p1R2Qpp/1p1B4/3P4/6Pb/7P/q7/4rR1K b - - 0 27,f8f7 c7c8 h4d8 c8d8 e1e8 d8e8 f7f8 f1f8,1033,mate matein4 middlegame operamate verylong
C6VER,4rr1k/pp5P/2pn4/3p4/q4P2/1P1B4/P1KB4/R7 b - - 0 31,a4a3 d2c3 d5d4 c3d4 e8e5 d4e5 f8f6 e5f6,1008,exposedking mate matein4 middlegame verylong
C7Pgj,8/pp4pk/2n1Q1p1/2p5/P2p4/3P2PK/BPq4P/8 b - - 1 26,c2d3 e6g8 h7h6 g8h8 h6g5 h8h4 g5f5 h4f4,1152,endgame mate matein4 verylong
CA8UY,1kr5/ppB1Q3/5R2/b7/3r4/1q6/1PR3PP/1K6 b - - 0 34,a5c7 e7c7 c8c7 f6f8 d4d8 f8d8 c7c8 c2c8,1230,mate matein4 middlegame sacrifice verylong
CBkpB,3k2r1/1p1n2r1/p1pQ4/4NP2/6b1/P2P3p/2Pq3B/2R2R1K w - - 7 36,f1g1 g4f3 e5f3 g7g1 c1g1 g8g1 f3g1 d2g2,1291,discoveredattack exposedking kingsideattack mate matein4 middlegame sacrifice verylong
CCo3P,2r3rk/p4p2/7p/8/1BNPb3/P3P3/1P4PP/6RK w - - 3 29,c4d6 e4g2 g1g2 c8c1 b4e1 c1e1 g2g1 e1g1,1243,endgame mate matein4 sacrifice verylong
CEAeO,r1bqr1kR/2p3p1/p3ppP1/3pP3/2pP2P1/P3Q3/1PP2P2/R3K3 b Q - 2 19,g8h8 e3h3 h8g8 h3h7 g8f8 h7h8 f8e7 h8g7,1149,deflection endgame epaulettemate kingsideattack mate matein4 verylong
CFlGx,1k3r1r/1np5/1pQp3q/1P6/R2P2n1/2P2NP1/6P1/4R1K1 b - - 2 29,f8f3 e1e8 h8e8 c6e8 b7d8 e8d8 b8b7 d8a8,1161,mate matein4 middlegame queensideattack verylong
CGCTm,4r1k1/pp4pp/4p3/2q5/4Q3/8/PPr3PP/3R1R1K b - - 7 24,c2b2 e4e6 e8e6 d1d8 e6e8 d8e8 c5f8 f1f8,1228,endgame mate matein4 sacrifice verylong
CJWbN,8/1q6/5B2/P4p2/1P3P2/5Pk1/8/1R3RK1 w - - 0 45,f6g5 b7a7 g1h1 a7h7 g5h4 h7h4 h1g1 h4h2,1262,endgame exposedking mate matein4 verylong
CK4yE,r7/7R/r5p1/1k1P4/4q3/PpQ5/1P6/1KR5 w - - 5 42,b1a1 a6a3 b2a3 a8a3 a1b2 a3a2 b2b3 e4a4,1241,endgame mate matein4 sacrifice trianglemate verylong
CMw5I,1q1r2k1/4Rp1p/2p3p1/6PP/2pPQp2/PpPn4/4R3/6K1 b - - 1 36,b3b2 e7e8 d8e8 e4e8 b8e8 e2e8 g8g7 h5h6,1067,endgame kingsideattack mate matein4 verylong
CNqrK,r1r3k1/5p1p/p1qp1P2/1p2p3/nP2P3/6Qn/1PP4P/2KR4 b - - 1 30,g8f8 g3g7 f8e8 g7g8 e8d7 g8f7 d7d8 f7e7,1247,deflection mate matein4 middlegame verylong
CNyNe,5rk1/5ppp/1RN5/3pN3/1b1P4/4P1K1/5PPP/3q4 b - - 3 31,b4e1 c6e7 g8h8 e5f7 f8f7 b6b8 f7f8 b8f8,1266,backrankmate deflection endgame mate matein4 sacrifice verylong
COIqG,1r3r1k/p1p3p1/3b1p2/3Q3p/2P5/1P2P1PP/PB3PBK/1q6 b - - 1 25,b1b2 d5h5 h8g8 g2d5 f8f7 h5f7 g8h8 f7h5,1269,endgame kingsideattack mate matein4 verylong
CPrI2,5rk1/p4ppp/1P6/2p2Q2/2r5/8/4q1PP/R4R1K b - - 0 26,a7b6 f5f7 f8f7 a1a8 e2e8 a8e8 f7f8 f1f8,1199,endgame mate matein4 sacrifice verylong
CQ3rW,2r5/2r3P1/6R1/5N1p/P2pP2P/3P3k/2PK4/8 w - - 1 49,g7g8q c7c2 d2e1 c2c1 e1f2 c8c2 f2f3 c1f1,1238,endgame mate matein4 verylong
CR97v,1k3r2/p1p4p/Pq1p2p1/2r5/2Q5/8/1P3PPP/R1R3K1 w - - 3 30,c4e4 c5c1 a1c1 b6f2 g1h1 f2f1 c1f1 f8f1,1065,backrankmate discoveredattack endgame mate matein4 sacrifice verylong
CRp4w,5r1k/pp4pp/5q2/8/3rQ3/4R3/P4PPP/5RK1 w - - 3 26,e4b7 f6f2 f1f2 d4d1 e3e1 d1e1 f2f1 e1f1,1165,endgame mate matein4 sacrifice verylong
CTEYY,2r2r1k/2n3pn/p2p4/1p2b3/1P2PNq1/PQ2B1Pp/5R1P/3N1RK1 b - - 3 30,c7e8 f4g6 g4g6 f2f8 h7f8 f1f8 h8h7 b3g8,1038,discoveredattack kingsideattack mate matein4 middlegame verylong
CUihQ,r2q1r1k/6pp/p2p4/3Qp3/2P4b/1P3pP1/P2B1P1K/2R4R w - - 0 27,g3h4 d8h4 h2g1 h4g4 g1f1 g4g2 f1e1 g2h1,1293,exposedking fork mate matein4 middlegame verylong
CaIGy,N6k/ppp3pp/7r/4p3/1PQ1P1qP/2P2pP1/1P3P1K/R4R2 w - - 1 27,f1h1 h6h4 h2g1 h4h1 g1h1 g4h3 h1g1 h3g2,1078,attraction endgame mate matein4 verylong
CdY7L,1r1q1rk1/6b1/p2p1pQ1/1ppPp3/2P1B3/3Pn1PP/PP6/R4RK1 b - - 1 20,e3f1 g6h7 g8f7 e4g6 f7e7 h7g7 f8f7 g7f7,1297,deflection exposedking kingsideattack mate matein4 middlegame swallowstailmate verylong
CexAw,5rk1/pp3ppp/3R4/3P4/3q2r1/5Q2/PP3RP1/6K1 b - - 4 28,g4e4 f3f7 f8f7 d6d8 e4e8 d8e8 f7f8 e8f8,1042,endgame master mastervsmaster mate matein4 sacrifice verylong
CgYYA,5rk1/5ppp/1p4r1/p2pPQ2/3q4/P1R5/1P3RPP/6K1 b - - 0 29,g6e6 f5f7 f8f7 c3c8 e6e8 c8e8 f7f8 e8f8,1260,endgame mate matein4 sacrifice verylong
Clu4Y,4r3/1p2r2k/pQpq2pp/P1R5/3P1p2/4P2P/5PP1/3R2K1 w - - 0 33,e3f4 e7e1 d1e1 e8e1 g1h2 d6f4 g2g3 f4f2,1033,endgame mate matein4 verylong
Clwfp,r4nk1/ppq2pp1/2pbr2p/3p1N2/3Pn3/2P4P/PPB2PP1/R1BQ1RK1 w - - 7 18,d1g4 d6h2 g1h1 e4f2 f1f2 e6e1 f2f1 e1f1,1280,clearance deflection kingsideattack mate matein4 middlegame sacrifice verylong
Cmkvp,8/1p4k1/6pb/p2rPp2/4bP1R/P1K4R/1P6/8 b - - 1 36,h6f4 h4h7 g7g8 h7h8 g8f7 h3h7 f7e6 h8e8,1041,endgame mate matein4 verylong
CnkDb,5rk1/p3p2p/3p2p1/6B1/2P1R2P/1P4P1/P3Pr2/6K1 w - - 0 25,e4e7 f2f1 g1h2 f8f2 h2h3 f1h1 h3g4 h7h5,1097,endgame exposedking mate matein4 verylong
CoTWG,2kr3r/pp3ppp/2pBpn2/5b2/1Q1P4/P7/2q1BPPP/2R2RK1 b - - 5 16,c2e2 c1c6 b7c6 b4b8 c8d7 b8c7 d7e8 c7e7,1277,mate matein4 middlegame queensideattack sacrifice verylong
CpgaX,5rk1/5ppp/8/q3N3/1r6/8/1P3QPP/3R1RK1 b - - 1 24,a5e5 f2f7 f8f7 d1d8 e5e8 d8e8 f7f8 f1f8,1145,endgame mate matein4 sacrifice verylong
CvypG,r4rk1/bp3ppp/p2p4/3Np3/4P3/P4PPb/1PP1K3/1R5R b - - 1 26,h3e6 d5e7 g8h8 h1h7 h8h7 b1h1 e6h3 h1h3,1220,anastasiamate attraction kingsideattack mate matein4 middlegame sacrifice verylong
CxBA7,2r2bk1/2qr1p1p/4nBp1/6P1/ppP1P2Q/5R2/P1P3BP/5R1K b - - 4 31,c7c4 h4h7 g8h7 f3h3 f8h6 h3h6 h7g8 h6h8,1254,attraction kingsideattack mate matein4 middlegame operamate sacrifice verylong
CxNQ1,8/8/8/8/3R4/4kBqP/6P1/7K w - - 18 63,d4g4 g3e1 h1h2 e3f2 h3h4 e1g1 h2h3 g1h1,1222,endgame mate matein4 verylong
Cygbn,8/5R2/pR4p1/r6p/6kP/5pP1/5P2/6K1 w - - 5 42,b6g6 g4h3 g6a6 a5a6 f7c7 a6a1 c7c1 a1c1,1086,endgame mate matein4 rookendgame verylong
Cz94d,r5k1/1qp2ppn/p5rp/1pQ1P3/1P1R4/P4N2/5PPP/3R2K1 b - - 6 24,b7f3 d4d8 a8d8 d1d8 h7f8 c5f8 g8h7 f8g8,1205,kingsideattack mate matein4 middlegame verylong
Czjzg,3r1rk1/pp3ppp/8/8/8/1P3QPK/Pq5P/2R2R2 b - - 3 24,d8d2 f3f7 f8f7 c1c8 d2d8 c8d8 f7f8 f1f8,1269,endgame mate matein4 sacrifice verylong
D0Go6,3R1k1r/ppq1rppp/2n5/8/5Bb1/5N2/PP1Q1PPP/3R2K1 b - - 8 19,c7d8 d2d8 c6d8 d1d8 e7e8 f4d6 f8g8 d8e8,1028,backrankmate deflection mate matein4 middlegame verylong
D1wY1,8/1kR5/3p1q2/1p2p1r1/4P3/8/PP6/1KR5 b - - 1 36,b7b6 c1c6 b6a5 c7a7 a5b4 a2a3 b4b3 c6c3,1241,endgame mate matein4 queenrookendgame verylong
D2B83,2r2rk1/1b1p1ppp/pq6/4N3/1PB5/PQ6/6PP/5R1K b - - 2 22,b6d4 c4f7 f8f7 b3f7 g8h8 f7f8 c8f8 f1f8,1248,backrankmate mate matein4 middlegame verylong
D3ylC,1R4k1/2r2pp1/4p1b1/rp1pPn1p/3P3P/5N2/1P2BPP1/6K1 b - - 1 24,g8h7 f3g5 h7h6 b8h8 g6h7 h8h7 h6g6 e2h5,1229,mate matein4 middlegame verylong
D5QcJ,r7/p4p1k/1pp1pPp1/2p1P1Qp/2P4R/7P/P4RPK/3rq3 b - - 5 34,e1f2 h4h5 h7g8 h5h8 g8h8 g5h6 h8g8 h6g7,1250,attraction endgame mate matein4 sacrifice verylong
D6sxe,1r4k1/p1p2pp1/4p2p/2Pp3Q/5P1n/r1P3Pq/1B2RR1P/6K1 w - - 0 26,h5h4 a3a1 b2a1 b8b1 e2e1 b1e1 f2f1 e1f1,1183,fork killboxmate mate matein4 middlegame sacrifice verylong
D7lhC,5rk1/1Q4pp/1p6/2r2q2/8/P3p3/1P2RPPP/5RK1 w - - 2 34,e2e3 f5f2 f1f2 c5c1 e3e1 c1e1 f2f1 e1f1,1263,endgame mate matein4 sacrifice verylong
D9tD4,2r3k1/pp1bn1p1/3Np2p/3pP3/8/3BbQ2/P2q2PP/5R1K b - - 0 22,c8b8 f3f7 g8h8 f7f8 b8f8 f1f8 e7g8 d6f7,1274,fork mate matein4 middlegame sacrifice verylong
DBUN8,5rk1/pp3rpp/2p5/8/5q2/2PQ2R1/PP4PP/R5K1 w - - 1 25,g3h3 f4f2 g1h1 f2f1 a1f1 f7f1 d3f1 f8f1,1260,backrankmate endgame mate matein4 sacrifice verylong
DFcEG,3r2k1/pp4p1/2q1pp2/8/2P5/1P1rKN2/PQ3PP1/R6R w - - 3 29,e3e2 c6e4 e2f1 d3d1 a1d1 d8d1 f3e1 e4e1,1284,mate matein4 middlegame verylong
DGSYf,3r4/pbq2rkp/5pp1/6P1/p1P4Q/1P2RP2/P6P/4R1K1 b - - 0 31,f6f5 h4h6 g7h8 e3e8 d8e8 e1e8 f7f8 e8f8,1066,killboxmate mate matein4 middlegame verylong
DJ2Bd,5r1k/1p5p/1q4pP/3QRp2/p2b4/8/Pp3PP1/3R2K1 b - - 0 31,d4e5 d5e5 b6f6 e5f6 f8f6 d1d8 f6f8 d8f8,1124,endgame master mate matein4 verylong
DK9kL,3r1r2/p5kp/2p2ppQ/1pP1R3/6N1/2q5/b4PPP/4R1K1 b - - 1 38,g7g8 g4f6 f8f6 e5e8 d8e8 e1e8 g8f7 h6f8,1296,kingsideattack mate matein4 middlegame sacrifice verylong
DKOiC,5rk1/1p1r3p/p1b1N1p1/3pQp2/4p2P/4P1P1/P1P4K/5q2 b - - 14 33,f8f7 e5b8 d7d8 b8d8 c6e8 d8e8 f7f8 e8f8,1288,endgame kingsideattack mate matein4 verylong
DKq3X,r6r/ppq2R2/k2p4/8/4P3/2P1B3/PP2n1PP/R6K w - - 0 25,f7c7 h8h2 h1h2 a8h8 c7h7 h8h7 e3h6 h7h6,1266,anastasiamate attraction endgame mate matein4 sacrifice verylong
DLgju,2k4r/1bqp1Q2/p3p3/1p6/4P3/2PB1PpP/PP3bP1/2R2R1K w - - 3 25,c3c4 h8h3 g2h3 g3g2 h1g2 c7g3 g2h1 g3h3,1195,advancedpawn attraction deflection kingsideattack mate matein4 middlegame sacrifice verylong
DLkMr,k7/1b6/4r3/3p3R/1P1P4/1NP5/1P3PPP/6K1 w - - 1 34,g1f1 b7a6 b4b5 a6b5 c3c4 b5c4 f1g1 e6e1,1102,backrankmate endgame fork mate matein4 verylong
DOHY1,7r/5pk1/4p1pp/3pQ3/2p5/3qPKP1/P4PP1/7R b - - 3 25,g7h7 h1h6 h7h6 e5h8 h6g5 h8h4 g5f5 h4f4,1242,attraction deflection endgame mate matein4 swallowstailmate verylong
DTyc3,8/p7/1p2k1P1/2b1p3/P1PpPrKP/3P1p2/5P2/R5R1 w - - 1 43,g4g5 c5e7 g5h6 f4h4 h6g7 e7f6 g7g8 h4h8,1108,deflection endgame mate matein4 operamate verylong
DUgXW,8/4bkpp/1Q1p4/4n3/1P2p3/4B1Pq/5P1P/5RK1 w - - 1 30,f2f4 e5f3 f1f3 e4f3 g1f2 h3g2 f2e1 g2e2,1274,endgame mate matein4 verylong
DVuX3,r6r/pp3p1k/2p2Pp1/8/2P2Rq1/7b/PPPQ4/R6K b - - 5 27,g4e6 f4h4 h7g8 h4h8 g8h8 d2h6 h8g8 h6g7,1298,attraction mate matein4 middlegame verylong
DWkXc,5r1k/p4rp1/Qp5p/6n1/6P1/6K1/PP1R1PN1/8 w - - 0 38,d2e2 f7f3 g3h2 f3h3 h2g1 g5f3 g1f1 h3h1,1071,backrankmate endgame mate matein4 verylong
DXirD,2qr2k1/1p2bpp1/2r1p2p/pN2P3/P1N1Q3/4B3/1P3PPP/R5K1 w - - 7 27,c4b6 c6c1 a1c1 c8c1 e3c1 d8d1 e4e1 d1e1,1005,backrankmate fork mate matein4 middlegame sacrifice verylong
DXrVv,3r3k/pp2r2p/2p3p1/8/3q4/1B3P2/PPQ2nPP/3R1R1K w - - 4 23,f1f2 d4d1 c2d1 d8d1 b3d1 e7e1 f2f1 e1f1,1139,backrankmate fork mate matein4 middlegame verylong
DbIsx,5rk1/ppp2rp1/3p1q1p/3Pp3/1PP3QP/4n1P1/P4P2/3R1RK1 w - - 0 22,f2e3 f6f1 d1f1 f7f1 g1h2 f8f2 h2h3 f1h1,1031,endgame exposedking kingsideattack mate matein4 verylong
DbYUY,q5r1/p3kp2/3p1p1p/4pQ2/7P/2P3n1/PP3P2/2R2RK1 w - - 0 23,f2g3 g8g3 g1f2 a8g2 f2e1 g3e3 e1d1 g2e2,1160,endgame exposedking mate matein4 verylong
DdFAb,3r1rk1/pp3p2/5p1p/5PP1/3p2Q1/P1q5/P1P3R1/1K2R3 b - - 0 26,f6g5 g4g5 h6g5 g2g5 g8h8 e1h1 c3h3 h1h3,1252,endgame mate matein4 sacrifice verylong
DfMQ7,R4rk1/5ppp/p4q2/2p2b2/P1r3n1/5Q2/1PP2P1P/4R1K1 b - - 3 27,c4c2 a8f8 g8f8 f3a8 f5c8 a8c8 f6d8 c8d8,1255,attraction fork mate matein4 middlegame verylong
DfjLB,r2k1r2/1Q4p1/p2q3p/1pp1p3/3n4/P2PB2P/BPP2KP1/R6R w - - 1 19,f2g1 d4e2 g1h2 e5e4 e3f4 d6f4 g2g3 f4g3,1191,discoveredattack discoveredcheck kingsideattack mate matein4 middlegame verylong
Dg93n,5r1k/1Q4p1/p4q1p/2p5/2r5/8/P4PPP/3R1RK1 w - - 0 28,d1d7 f6f2 f1f2 c4c1 d7d1 c1d1 f2f1 d1f1,1275,endgame mate matein4 sacrifice verylong
Dh5GS,8/pp4k1/4qp2/1Pbp1p1Q/PB3P2/2PP1RP1/6PK/7r w - - 3 37,h2h1 e6e1 f3f1 e1f1 h1h2 f1g1 h2h3 g1h1,1088,endgame mate matein4 verylong
DjDFa,4r3/1R6/2p1rkp1/R4p1p/P6P/1P1P1PP1/2P2K2/8 w - - 3 43,a5a7 e6e2 f2g1 e2e1 g1g2 e8e2 g2h3 e1h1,1012,endgame mate matein4 rookendgame verylong
DjZMX,3r2k1/5rp1/pqb1Q3/1p6/8/P7/2R2PPP/5RK1 w - - 1 27,c2c6 b6f2 f1f2 d8d1 e6e1 d1e1 f2f1 e1f1,1007,endgame mate matein4 sacrifice verylong
DmErN,4r1k1/5pp1/p6p/1pb5/4q3/PQP2R1P/1P1r4/1B3R1K b - - 4 33,e4e2 b3f7 g8h8 f7f8 e8f8 f3f8 c5f8 f1f8,1249,mate matein4 middlegame pillsburysmate sacrifice verylong
Dmu7S,5rk1/1Q5p/6p1/3r1q2/4p3/4RN2/PP3PPP/5RK1 w - - 0 26,f3h4 f5f2 f1f2 d5d1 e3e1 d1e1 f2f1 e1f1,1091,master mate matein4 middlegame sacrifice verylong
Dn1n0,3rr3/2p2p1p/5p2/p1p3k1/2P2NPP/bP2P3/P3KP2/6R1 b - - 0 26,g5h4 g1h1 h4g5 h1h5 g5g4 f2f3 g4g3 h5h3,1263,endgame hookmate mate matein4 verylong
DpuaD,5q2/4R2p/p3Q1pk/1p6/8/2r4P/P1B2PP1/6K1 w - - 1 27,c2e4 c3c1 g1h2 f8f4 g2g3 f4f2 e4g2 f2g1,1108,endgame mate matein4 verylong
Dqb6j,5rnk/ppp1q2p/2npB1p1/4p1P1/4P2R/2PPPr2/PP5Q/2K4R b - - 5 21,h7h5 h4h5 g6h5 h2h5 g8h6 h5h6 e7h7 h6h7,1128,exposedking kingsideattack mate matein4 middlegame sacrifice verylong
DtSDI,1R3rk1/5ppp/4p3/3pPn2/5P2/3q4/2rN1QPP/1R5K b - - 4 25,d3d2 b8f8 g8f8 b1b8 f8e7 f2a7 c2c7 a7c7,1266,attraction mate matein4 middlegame verylong
Du7O4,1k6/pp4pp/2pq2b1/8/2P5/3P2PB/PPnQ1P1P/6K1 b - - 10 29,d6d3 d2f4 b8a8 f4f8 g6e8 f8e8 d3d8 e8d8,1100,backrankmate endgame mate matein4 verylong
DvBIP,3r3k/1p3Bp1/1p5p/8/4b1n1/1Q3NPq/PPP2P1P/4R1K1 w - - 0 27,e1e4 d8d1 e4e1 d1e1 f3e1 h3h2 g1f1 h2f2,1185,mate matein4 middlegame verylong
DvYvj,6k1/1p3pp1/p1b5/5PN1/r5r1/4R3/4PK2/3R4 b - - 1 39,g4g5 d1d8 g8h7 e3h3 a4h4 h3h4 g5h5 h4h5,1166,endgame mate matein4 verylong
DwTib,6k1/q5p1/2pQpr1p/1p6/P1P2r2/8/5PPP/1RR3K1 w - - 0 27,c4b5 a7f2 g1h1 f2f1 c1f1 f4f1 b1f1 f6f1,1237,backrankmate endgame mate matein4 sacrifice verylong
Dxw6m,8/6p1/p1Q1pqk1/1p1R3p/8/P4Pb1/1PP3P1/7K w - - 1 32,d5d3 f6h4 h1g1 h4h2 g1f1 h2h1 f1e2 h1e1,1216,endgame master mate matein4 swallowstailmate verylong
DztJH,4r1k1/1b3pp1/1p1b4/p2p3p/P1PBp1n1/1P2PPqP/3N2P1/1R1Q1RK1 w - - 1 23,f3g4 g3h2 g1f2 d6g3 f2e2 h2g2 f1f2 g2f2,1247,deflection kingsideattack mate matein4 middlegame verylong
E0wfs,3r2k1/p5pp/4p3/1pb1P1N1/1qN2P2/8/PPQ3PP/7K b - - 1 29,b4c4 c2h7 g8f8 h7h8 f8e7 h8g7 e7e8 g7f7,1220,deflection endgame mate matein4 verylong
E161i,r1b1k2r/ppBp1ppp/8/8/8/1N6/Pb3PPP/R4RK1 b kq - 0 17,b2a1 f1e1 a1e5 e1e5 e8f8 c7d6 f8g8 e5e8,1177,backrankmate fork mate matein4 middlegame verylong
E2qqp,2kr3r/p5p1/Q1p1pn1p/3p4/3P2P1/1P2B2q/P1P1KP2/R7 b - - 3 22,c8b8 e3f4 e6e5 f4e5 d8d6 e5d6 b8a8 a6c6,1259,mate matein4 middlegame queensideattack verylong
E4XIB,r6r/1pp1nk2/p2p1p1B/8/3nP3/8/PP3PPN/RN3RK1 w - - 0 19,h6e3 d4e2 g1h1 h8h2 h1h2 a8h8 e3h6 h8h6,1141,anastasiamate attraction kingsideattack mate matein4 middlegame sacrifice verylong
E4ciz,5r1k/pq4pp/6N1/5pPP/2nP4/1n2rP2/Q6R/5KN1 b - - 3 29,h7g6 h5g6 h8g8 h2h8 g8h8 a2h2 h8g8 h2h7,1260,attraction discoveredattack discoveredcheck mate matein4 middlegame sacrifice verylong
E5qUo,5rk1/5ppp/p1R2n2/1p2q3/8/4PQ1P/P2r2P1/5RK1 b - - 1 26,f6d5 f3f7 f8f7 c6c8 e5e8 c8e8 f7f8 f1f8,1099,mate matein4 middlegame sacrifice verylong
E5wzp,5rk1/5ppp/1p1N4/2p5/2P1N3/1P6/2q3Q1/6K1 b - - 4 39,c2b3 e4f6 g8h8 d6f7 f8f7 g2a8 f7f8 a8f8,1235,deflection endgame mate matein4 pin sacrifice verylong
E6mKp,2r3k1/4Qp2/p1r2np1/1p6/4P3/2NP4/PP4q1/1K3R1R w - - 0 27,c3d5 g2c2 b1a1 c2c1 f1c1 c6c1 h1c1 c8c1,1229,backrankmate mate matein4 middlegame sacrifice verylong
E83Po,1k3r2/1pp2qp1/p3p2p/2P1Q3/1R6/1P1r4/1P3PPP/5RK1 w - - 0 31,e5e4 f7f2 f1f2 d3d1 e4e1 d1e1 f2f1 e1f1,1265,endgame kingsideattack mate matein4 sacrifice verylong
E8t4k,2k4r/ppp2pp1/8/3R4/4P2p/4qB2/PPP3P1/3R3K b - - 1 22,h4h3 f3g4 f7f5 g4f5 c8b8 d5d8 h8d8 d1d8,1178,backrankmate endgame mate matein4 verylong
E9HGa,3r3k/pp4p1/3q1pB1/7Q/3p1P2/2P5/P5PK/8 b - - 1 42,h8g8 h5h7 g8f8 h7h8 f8e7 h8g7 e7e6 g7f7,1162,deflection endgame mate matein4 verylong
EAjmf,3r2k1/q4ppp/1nRn4/8/1Q2P3/1P3B2/5PPP/6K1 w - - 3 30,c6d6 a7a1 f3d1 a1d1 d6d1 d8d1 b4e1 d1e1,1168,backrankmate endgame mate matein4 verylong xrayattack
EBYVT,3r2k1/3r2p1/5p2/6qP/2Qp2P1/p1p5/4RP2/4R1K1 b - - 6 46,g8h8 e2e8 d8e8 e1e8 h8h7 c4g8 h7h6 g8h8,1234,endgame mate matein4 verylong
EBcbM,5rk1/p5pp/2QRpq2/8/4P3/8/r4PPP/5RK1 w - - 1 20,d6e6 f6f2 f1f2 a2a1 c6c1 a1c1 f2f1 c1f1,1261,endgame mate matein4 sacrifice verylong
ECTKC,3rr1k1/1p2qppp/p2p4/3Q1R2/4P3/2P5/PP4PP/5RK1 b - - 6 20,e7e4 d5f7 g8h8 f7f8 e8f8 f5f8 d8f8 f1f8,1110,backrankmate endgame mate matein4 sacrifice verylong
ED8fi,2kr4/1pp2p1p/p2bp1r1/3n2B1/5P2/3q1N2/1Q4PP/K3R3 b - - 4 29,d8d7 b2h8 g6g8 h8g8 d6f8 g8f8 d7d8 f8d8,1282,mate matein4 middlegame queensideattack verylong
EE8u9,r1bq1rkR/pp2b1p1/2nnp1Q1/3p1pP1/P2P4/2P5/1PB2PP1/RNB1K3 b Q - 2 16,g8h8 g6h5 h8g8 g5g6 f8f6 h5h7 g8f8 h7h8,1188,kingsideattack mate matein4 opening verylong
EFPgi,6rk/p7/1p6/2pP3p/2Pb2rP/2N4K/PP2R3/5R2 w - - 0 34,f1f5 g4g3 h3h2 d4g1 h2h1 g3h3 e2h2 h3h2,1289,endgame mate matein4 verylong
EGWph,1k3bnr/pp4pp/3p2b1/4Rq2/5B2/1P6/P1PQ2PP/5K1R b - - 0 20,d6e5 d2d8 f5c8 f4e5 f8d6 e5d6 b8a8 d8c8,1080,deflection mate matein4 middlegame pin queensideattack verylong
EGXna,1r3rk1/5ppp/8/p2Np3/1p2P3/3P4/PPP2b2/2KR3R b - - 0 24,a5a4 d5e7 g8h8 h1h7 h8h7 d1h1 f2h4 h1h4,1288,anastasiamate attraction endgame mate matein4 sacrifice verylong
EHgxY,2r2bk1/1pr5/p1q1p3/3pP1Np/5P2/1P6/PP5Q/1K1R3R w - - 0 30,h2h5 c6c2 b1a1 c2c1 d1c1 c7c1 h1c1 c8c1,1242,backrankmate mate matein4 middlegame sacrifice verylong
EIB0x,R5R1/5p1k/5p1p/p1r5/4P3/8/KP1r2PP/8 b - - 14 39,c5c2 g8h8 h7g6 a8g8 g6h5 g2g4 h5h4 h8h6,1194,deflection endgame mate matein4 rookendgame verylong
EL3fE,3r4/p1R4R/1p2p1kp/2n2np1/8/1P6/PB3PPP/6K1 w - - 8 34,g2g4 d8d1 g1g2 f5h4 g2h3 d1d3 f2f3 d3f3,1241,endgame epaulettemate mate matein4 verylong
EMPu3,r2q1r1k/1pp3pp/6P1/p1bP4/P1B1pp2/2PP2Q1/1P3PP1/R3K2R b KQ - 0 21,f4g3 h1h7 h8g8 d5d6 f8f7 c4f7 g8f8 h7h8,1213,discoveredattack discoveredcheck kingsideattack mate matein4 middlegame verylong
EMdWB,3r4/P7/2R5/2P1p1k1/RP1r1p2/5P2/4K3/8 w - - 2 59,a7a8q d4d2 e2f1 d2d1 f1g2 d8d2 g2h3 d1h1,1260,endgame mate matein4 queenrookendgame verylong
EOEA9,8/pbpk1Npp/2p2n2/8/8/4r3/PPP3PP/RN2K2R w KQ - 0 17,e1f2 f6g4 f2f1 b7a6 c2c4 a6c4 f1g1 e3e1,1247,fork mate matein4 middlegame verylong
EOvhi,2N5/pb2Q3/q3p1kp/6p1/P7/1Pn1P3/5PPP/5RK1 w - - 2 29,c8d6 c3e2 g1h1 e2g3 h2g3 a6f1 h1h2 f1g2,1257,discoveredattack endgame mate matein4 verylong
EQbWS,3q2k1/2pb1p1p/8/3p1P1p/8/rp1B3R/1K1B2PP/3R4 b - - 1 25,d8a8 h3g3 g8h8 d2c3 d5d4 c3d4 f7f6 d4f6,1215,mate matein4 middlegame morphysmate verylong
ERGaR,8/pp5k/5Qpp/2p5/2q1r2P/2n1PN2/P4PP1/R4RK1 w - - 1 38,f6f8 c3e2 g1h1 e4h4 f3h2 h4h2 h1h2 c4h4,1124,anastasiamate attraction mate matein4 middlegame verylong
ESVM1,rk1r4/p1p4p/Qp1b1N1n/6B1/3pP1P1/3P3q/PPP1KR2/5R2 b - - 4 26,h6g4 f6d7 d8d7 f2f8 d6f8 f1f8 d7d8 f8d8,1037,clearance mate matein4 middlegame queensideattack sacrifice verylong
ETtIr,3r3k/ppnq1p2/4pP2/2p1P2p/3PQ2P/2P5/PP5K/6R1 b - - 0 31,d8g8 g1g8 h8g8 e4g2 g8f8 g2g7 f8e8 g7g8,1239,attraction endgame exposedking kingsideattack mate matein4 verylong
EUz5J,7r/pp2kpp1/3qp1p1/1B1p3r/8/1P3N2/P3QPP1/2RR2K1 w - - 4 24,g1f1 h5h1 f3g1 h1g1 f1g1 d6h2 g1f1 h2h1,1103,attraction mate matein4 middlegame sacrifice verylong
EVA04,r2q2k1/6bp/p2p1np1/3P4/2ppN1P1/5Q2/PP6/2K2R1R b - - 2 26,f6e4 f3f7 g8h8 h1h7 h8h7 f1h1 d8h4 h1h4,1294,attraction mate matein4 middlegame sacrifice verylong
EX10b,5rk1/pb4p1/2q1p1Qp/4P3/Pp3p2/1Pp5/2B3PP/3R3K b - - 1 27,f4f3 g6h7 g8f7 c2g6 f7e7 h7g7 f8f7 g7f7,1265,deflection endgame kingsideattack mate matein4 verylong
EXmFw,6k1/p4R2/2pr2p1/8/4r1b1/2P5/2P4P/2K2R2 b - - 1 28,a7a5 f7f8 g8h7 f1f7 h7h6 f8h8 h6g5 h2h4,1081,endgame exposedking mate matein4 verylong
EZ52V,r2q1r1k/1b1n2p1/1pp1p1Qp/p2pP3/5P2/2PB3P/PP1N1P2/2KR4 b - - 0 18,h8g8 g6h7 g8f7 d3g6 f7e7 h7g7 f8f7 g7f7,1283,deflection kingsideattack mate matein4 middlegame verylong
EZRN7,2r4k/p4pp1/7p/8/5Q2/1q6/r5PP/3R1RK1 b - - 0 28,c8c2 d1d8 h8h7 f4f5 g7g6 f5f7 b3f7 f1f7,1191,endgame mate matein4 verylong
EZqOv,6k1/5p2/3r2p1/R2Q3p/3B1b2/2P4P/1P2KPP1/7q b - - 4 35,d6d5 a5a8 f4b8 a8b8 d5d8 b8d8 g8h7 d8h8,1090,endgame master mate matein4 operamate verylong
Eb6qJ,1R6/P5pk/7p/1NBb4/5P2/7P/r5PK/8 w - - 1 43,h2g3 a2g2 g3h4 g7g5 f4g5 h6g5 h4h5 d5f3,1147,endgame mate matein4 morphysmate verylong
Ee9ZN,1n3rk1/1R5p/1B1p2pb/1B1Pp1qn/NP2P3/1Q6/2r1N1PP/6K1 w - - 0 25,b3c2 g5e3 b6e3 h6e3 g1h1 f8f1 e2g1 f1g1,1269,kingsideattack mate matein4 middlegame sacrifice verylong
EeBZr,r1b1k3/b3qpp1/p1p1p3/3pP3/N4P2/1P1BBRp1/P1P1Q1P1/R5Kr w q - 4 19,g1h1 e7h4 h1g1 h4h2 g1f1 h2h1 e3g1 h1g1,1169,kingsideattack mate matein4 middlegame verylong
EeETi,r4rk1/1pp1qp1p/2n1bP2/7P/5b2/1PpP1P2/2P1Q3/1K1R1BNR b - - 0 21,e7a3 e2g2 e6g4 g2g4 f4g5 g4g5 g8h8 g5g7,1035,fork mate matein4 middlegame verylong
EebOq,1rrn2k1/pp3pp1/4p1p1/8/1QPP4/P3PB2/4K1Pq/R6R b - - 1 23,h2c7 h1h8 g8h8 b4f8 h8h7 a1h1 c7h2 h1h2,1201,attraction kingsideattack mate matein4 middlegame sacrifice verylong
EfDx1,5r1k/pb4bp/1pq2p2/2p1pP2/2B1N3/2P4R/PP5P/3Q2K1 b - - 2 25,c6e4 h3h7 h8h7 d1h5 g7h6 h5g6 h7h8 g6h6,1300,attraction deflection kingsideattack mate matein4 middlegame sacrifice verylong
EfIJT,r2r4/3p1p1k/pq1bpPn1/2p3Q1/2P5/P4R2/6PP/R5K1 b - - 2 28,d8h8 f3h3 h7g8 h3h8 g8h8 g5h6 h8g8 h6g7,1169,attraction exposedking mate matein4 middlegame pin verylong
EgI76,1r4k1/5ppp/8/p1pRP3/P1p3Q1/4q1PP/1r6/3R3K b - - 2 39,h7h6 d5d8 b8d8 d1d8 g8h7 g4f5 g7g6 f5f7,1055,endgame mate matein4 verylong
EhMe1,5r1k/pp2pp1p/3p1n2/3q2Np/8/P1P4Q/2P2P2/2K3R1 b - - 1 24,d5e5 g5f7 f8f7 h3c8 f6e8 c8e8 f7f8 e8f8,1077,endgame fork master mate matein4 sacrifice verylong
EiUNf,2R5/5ppk/7p/8/1P2pP2/P3P1KP/1B1r2P1/5b2 w - - 6 36,b2d4 d2g2 g3h4 g7g5 f4g5 h6g5 h4h5 f1e2,1154,endgame mate matein4 verylong
Ej0vm,4rrk1/p4pp1/1p1p3P/5bP1/3B4/8/PPP5/1K4R1 b - - 0 31,g7g6 h6h7 g8h7 g1h1 f5h3 h1h3 h7g8 h3h8,1008,advancedpawn attraction endgame mate matein4 operamate verylong
EmJVq,r7/2k3b1/2pR1p2/1pP1p1p1/2b1P3/2N3P1/2P4P/r1NR2K1 b - - 5 29,g7f8 d6d7 c7c8 d7d8 c8b7 d1d7 b7a6 d8a8,1247,deflection fork mate matein4 middlegame verylong
EngLU,r1bq1rkR/pp2b1p1/2n1p3/3pP1P1/3P4/2N5/PP3PP1/R2QK3 b Q - 2 15,g8h8 d1h5 h8g8 g5g6 f8f3 h5h7 g8f8 h7h8,1221,kingsideattack mate matein4 middlegame verylong
Epbbr,2R3k1/4p3/3pbqPP/5p1Q/6p1/8/4r3/3K3R b - - 1 40,e6c8 h6h7 g8h8 g6g7 f6g7 h5e8 g7f8 e8f8,1027,advancedpawn clearance endgame exposedking fork master mate matein4 verylong
EpluT,rn1q3r/p1p2k2/1p6/2bNpp2/2P1P1p1/6P1/PPQB3P/R4RK1 w - - 1 20,g1h1 h8h2 h1h2 d8h8 d2h6 h8h6 h2g2 h6h3,1164,attraction kingsideattack mate matein4 middlegame sacrifice verylong
EqgEI,3q1rk1/1Q5p/6p1/8/2r1pn2/8/PR2N1PP/3R2K1 w - - 0 23,d1d8 f4e2 b2e2 c4c1 d8d1 c1d1 e2e1 d1e1,1259,mate matein4 middlegame verylong
EsCXS,3r2k1/5p1p/2R3p1/p4r2/5q2/1PQ5/5PPP/5RK1 w - - 2 31,c6c4 f4f2 f1f2 d8d1 c3e1 d1e1 f2f1 e1f1,1059,endgame mate matein4 sacrifice verylong
EuwQg,r3R3/p4p1k/1pn3pp/5B2/6Q1/B1q5/P4PPP/R5K1 w - - 0 22,e8a8 c3a1 f5b1 a1b1 a3c1 b1c1 g4d1 c1d1,1042,backrankmate hangingpiece mate matein4 middlegame verylong
EwhE5,2kr1b1r/Pp3ppp/2n5/4p2Q/2P5/8/5RPP/RNBq2K1 w - - 1 20,h5d1 d8d1 f2f1 f8c5 c1e3 c5e3 g1h1 d1f1,1174,backrankmate fork mate matein4 middlegame pin verylong
Ex0Is,r3r1k1/p4qBp/5Pp1/2bp4/7Q/4pR2/PP4PP/R6K b - - 1 27,e8e4 h4h7 g8h7 f3h3 e4h4 h3h4 h7g8 h4h8,1057,attraction kingsideattack mate matein4 middlegame operamate sacrifice verylong
ExwSg,q4rn1/2pb1pbk/1p1p2pp/r2PpP2/2P1P1PP/1pN1B1N1/1P1QB3/1K3R1R w - - 0 20,b1c1 a5a1 c3b1 a1b1 c1b1 a8a2 b1c1 a2a1,1061,attraction mate matein4 middlegame queensideattack sacrifice verylong
Ez3LY,r2r1k2/4qpp1/p4n1p/1ppp1QN1/7R/2P1P1P1/PP3PP1/2K4R b - - 0 20,h6g5 h4h8 f6g8 h8g8 f8g8 f5h7 g8f8 h7h8,1131,attraction master mate matein4 middlegame sacrifice verylong
F0UTm,6k1/5Qp1/p3p2p/1pp1P1bP/2B3P1/1P6/q7/1b3R1K b - - 0 31,g8h7 f7g6 b1g6 h5g6 h7g8 c4e6 g8h8 f1f8,1185,endgame mate matein4 sacrifice verylong
F4sJV,3r4/p3Q3/1pR2pk1/1B1p3q/4pPp1/P3P1p1/6P1/3R3K w - - 1 38,h1g1 h5h2 g1f1 h2h1 f1e2 h1g2 e2e1 g2f2,1085,deflection endgame mate matein4 verylong
F4sc7,5rk1/2p3p1/2Q1pq1p/3p4/3P4/2P5/rP3PPP/4RRK1 w - - 0 22,e1e6 f6f2 f1f2 a2a1 e6e1 a1e1 f2f1 e1f1,1286,endgame mate matein4 sacrifice verylong
F5Yel,r2qr1k1/pp2b2p/2p1p1p1/3n1pB1/3P3Q/3B3R/PPP3PP/5RK1 b - - 5 21,e7g5 h4h7 g8f8 h7h8 f8e7 h3h7 e7d6 h8e5,1249,kingsideattack mate matein4 middlegame verylong
F5vEB,2rr4/p3k1pR/n3ppB1/1p6/4N3/PP2P1P1/1K6/8 b - - 8 33,f6f5 h7g7 e7f8 g7f7 f8g8 e4f6 g8h8 f7h7,1153,arabianmate endgame mate matein4 operamate verylong
F61uv,b2R4/P4ppk/7p/8/5P2/7P/1r3KP1/R7 w - - 3 46,f2g3 b2g2 g3h4 g7g5 f4g5 h6g5 h4h5 a8f3,1251,endgame master mate matein4 morphysmate verylong
F7WBO,8/4qpk1/3p2pp/2p1b3/4P3/2PP3P/5QP1/r2N1R1K b - - 1 29,e7g5 f2f7 g7h8 f7f8 h8h7 f1f7 e5g7 f8g7,1172,endgame mate matein4 verylong
F7st7,r5k1/pp2b1pp/8/3pPr1q/1P1B4/P1N1RpPb/5P1P/R2Q3K w - - 7 21,c3d5 h3g2 h1g1 h5h2 g1h2 f5h5 h2g1 h5h1,1067,attraction discoveredattack kingsideattack mate matein4 middlegame operamate sacrifice verylong
F8S1A,3r1rk1/6pp/R3pq2/1p2p3/4p3/1P1Q4/1PP2PPP/5RK1 w - - 0 21,d3e4 f6f2 f1f2 d8d1 e4e1 d1e1 f2f1 e1f1,1281,endgame mate matein4 sacrifice verylong
F8zJA,5rk1/5p1p/pp1NpQpP/4P1P1/1P2N1P1/7q/3RK3/5r2 b - - 6 43,f1f6 e4f6 g8h8 d6f7 f8f7 d2d8 f7f8 d8f8,1259,clearance endgame mate matein4 verylong
F9uoM,k2r1b2/ppB1p3/8/3p4/5P1q/3P2p1/PPP3P1/R2QR1K1 w - - 0 30,c7d8 h4h2 g1f1 h2h1 f1e2 h1g2 e2e3 g2f2,1176,deflection endgame mate matein4 verylong
FBNtT,4r3/pNQ2pk1/2p2pq1/8/8/8/PPb2PPP/4RK2 w - - 1 23,e1e8 g6d3 e8e2 d3d1 e2e1 c2d3 f1g1 d1e1,1194,clearance deflection endgame mate matein4 verylong
FCbrM,r5k1/1p1Q1p1p/p2p2pB/4b3/8/8/1P2q1PP/2R4K b - - 7 29,e5f6 c1c8 a8c8 d7c8 f6d8 c8d8 e2e8 d8e8,1068,endgame master mate matein4 verylong
FE87Q,8/6p1/4p1P1/3p1k1K/1PpP3P/8/8/8 w - - 0 39,b4b5 c4c3 b5b6 c3c2 b6b7 c2c1q b7b8q c1d1,1186,advancedpawn endgame mate matein4 pawnendgame promotion verylong
FFLOC,rr4k1/5pp1/p3p3/q2p2NQ/7P/1Nb5/P4PP1/K1R4R w - - 0 22,a1b1 b8b3 a2b3 a5a1 b1c2 a1b2 c2d3 b2d2,1286,mate matein4 middlegame queensideattack sacrifice verylong
FFRuO,N2q1k1r/Qp2b1p1/4b3/2p2p1p/3P4/8/PPP2PPP/2KR1B1R w - - 0 17,d4c5 e7g5 f2f4 g5f4 d1d2 d8d2 c1b1 d2c1,1193,mate matein4 middlegame queensideattack verylong
FFaow,8/p7/8/8/7P/1k4P1/1p6/1K6 w - - 4 46,h4h5 a7a5 g3g4 a5a4 g4g5 a4a3 g5g6 a3a2,1132,advancedpawn endgame mate matein4 pawnendgame quietmove verylong
FGkyP,r4rk1/pp3pp1/3qp2p/7Q/3n2R1/8/PPPB1PP1/RN4K1 w - - 3 19,d2h6 d4e2 g1h1 d6d1 h1h2 d1g1 h2h3 g1h1,1175,kingsideattack mate matein4 middlegame verylong
FHFvv,r5k1/6pp/1p3r2/1P1p4/P1p3q1/2Q1PpP1/1B3P1K/R6R w - - 2 27,c3d4 f6h6 h2g1 h6h1 g1h1 g4h3 h1g1 h3g2,1283,attraction mate matein4 middlegame verylong
FI8Aq,r1b2rk1/ppp2pp1/1b5p/3nN3/3P1pq1/2PB4/PPQ3PP/R1B1R1K1 b - - 1 16,g4g5 d3h7 g8h8 e5f7 f8f7 e1e8 f7f8 e8f8,1165,clearance deflection kingsideattack mate matein4 opening sacrifice verylong
FIJgU,r5kr/4qpp1/2p1p3/1p1p2P1/p4P2/2PQP3/2PK4/1R5R b - - 0 24,a4a3 h1h8 g8h8 b1h1 h8g8 d3h7 g8f8 h7h8,1193,attraction endgame kingsideattack mate matein4 verylong
FKz3h,r4rk1/5ppp/p2p4/2qN4/1p2P3/1B1R3R/PPP3PP/7K b - - 1 23,a6a5 d5e7 g8h8 h3h7 h8h7 d3h3 c5h5 h3h5,1233,anastasiamate attraction kingsideattack mate matein4 middlegame sacrifice verylong
FNEJj,1R5k/6p1/5nBp/4pP2/3pP3/q5rP/4Q2K/8 b - - 4 36,f6g8 b8g8 h8g8 e2c4 g8h8 c4c8 a3f8 c8f8,1264,attraction endgame mate matein4 sacrifice verylong
FNts4,6k1/5p2/3R2pQ/4p1Np/8/6P1/P3brKP/5r2 w - - 0 35,g2h3 e2g4 h3h4 f2h2 g5h3 h2h3 h4g5 f1f5,1086,deflection endgame epaulettemate master mastervsmaster mate matein4 operamate verylong
FRAgs,r1q1r1kb/ppp4p/3pP1pB/4p3/1P4P1/PnNP3P/Q4P2/R4R1K b - - 4 21,b3a1 e6e7 a1b3 a2b3 d6d5 b3d5 c8e6 d5e6,1092,advancedpawn discoveredattack discoveredcheck kingsideattack mate matein4 middlegame verylong
FS4rg,2r3k1/p4p2/1p5p/6q1/3PB3/1Q2Pp2/P4P2/3R2K1 w - - 2 36,g1f1 g5g2 f1e1 g2g1 e1d2 g1f2 d2d3 f2e2,1108,deflection endgame mate matein4 verylong
FSOJX,rnbq1rkR/p3b1p1/1p2p3/3pP1P1/3P4/8/PP1N1PP1/R2QK3 b Q - 2 15,g8h8 d1h5 h8g8 g5g6 f8f5 h5h7 g8f8 h7h8,1111,kingsideattack mate matein4 middlegame verylong
FSzEn,8/1p1qpk2/5pp1/8/2PP1PQ1/1P2R1Pr/P5K1/4R3 b - - 0 38,d7g4 e3e7 f7g8 e7e8 g8h7 e1e7 h7h6 e8h8,1004,endgame mate matein4 queenrookendgame verylong
FV2d0,5rk1/p1p2ppp/1p2r3/2PR4/1q6/1P3Q2/P5PP/5R1K b - - 0 26,e6e1 f3f7 f8f7 d5d8 e1e8 d8e8 f7f8 f1f8,1002,endgame mate matein4 sacrifice verylong
FWF75,8/3R2pk/P4p1p/1P1PpP2/8/4BN2/rr3PPP/1R4K1 w - - 3 35,b1b2 a2a1 b2b1 a1b1 e3c1 b1c1 f3e1 c1e1,1001,backrankmate endgame mate matein4 verylong
FWkKx,1r6/4k3/R4R2/1r2p2p/2p1P1pP/P1P3P1/1PK2P2/8 w - - 3 37,f6h6 b5b2 c2d1 b2b1 d1e2 b8b2 e2e3 b1e1,1213,endgame mate matein4 rookendgame verylong
FWsAJ,1kr4r/p4pp1/1pB5/3pP2p/Q2Pb3/1R6/P3q1PP/6RK b - - 3 26,h8h6 b3b6 a7b6 a4a8 b8c7 a8b7 c7d8 b7d7,1187,master mate matein4 middlegame queensideattack sacrifice verylong
FYtC5,4r1k1/2p1r2p/2n1R1pQ/1p1n1qN1/p7/2PP3P/P1P2PP1/1R4K1 w - - 1 26,e6c6 e7e1 b1e1 e8e1 g1h2 f5f4 g2g3 f4f2,1085,kingsideattack mate matein4 middlegame verylong
FYvED,6k1/5pp1/p2Rb1p1/2p5/4KP2/1q4P1/1r4B1/3R4 b - - 4 35,b2g2 d6d8 g8h7 d1h1 g2h2 h1h2 e6h3 h2h3,1026,endgame mate matein4 verylong
FZ6Pb,r6r/pb2kp2/1p6/2pPNB2/2Pn4/8/PP3PPP/2R2RK1 w - - 7 24,f5b1 d4e2 g1h1 h8h2 h1h2 a8h8 b1h7 h8h7,1299,anastasiamate attraction fork mate matein4 middlegame sacrifice verylong
FaMDV,5rk1/ppp2ppp/6r1/4p3/8/2PqP1PP/PP3Q1K/3R1R2 b - - 1 20,d3b5 f2f7 f8f7 d1d8 b5e8 d8e8 f7f8 f1f8,1275,endgame kingsideattack mate matein4 sacrifice verylong
FbCfR,r3rk2/ppp2ppQ/3b4/5B2/1n2P3/5P2/q4PKP/2B4R b - - 0 23,b4d3 h7h8 f8e7 c1g5 f7f6 h8g7 a2f7 g5f6,1255,mate matein4 middlegame verylong
FdJEB,2r3k1/1p1qRp1p/p2P1Qp1/8/1p6/1B4PP/P4P1K/7q w - - 2 29,h2h1 d7h3 h1g1 c8c1 b3d1 c1d1 e7e1 d1e1,1269,endgame exposedking master mate matein4 verylong
Ff0fk,5b1r/Q4Rp1/4p2k/3p1pNp/2q4P/2Pp4/3B1PP1/2K4R w - - 1 37,a7d7 f8a3 c1d1 c4b3 d1e1 b3b1 d2c1 b1c1,1226,exposedking mate matein4 middlegame queensideattack verylong
FftLn,8/5pk1/Q4p2/4n1pp/P7/4P1KP/2r3P1/8 w - - 0 34,a4a5 h5h4 g3h2 e5f3 h2h1 c2c1 a6f1 c1f1,1190,endgame mate matein4 pin verylong
FglV3,1r4k1/5p1p/4p1p1/p2pPP2/3R2P1/8/q3r2P/2R3QK b - - 0 27,b8b2 c1c8 g8g7 f5f6 g7h6 g4g5 h6h5 g1g4,1155,endgame mate matein4 verylong
FipBu,4r1k1/Q1Rnrpp1/1p3q1p/8/8/1B5P/PP3PP1/3R2K1 w - - 5 25,c7d7 e7e1 d1e1 e8e1 g1h2 f6f4 g2g3 f4f2,1291,mate matein4 middlegame verylong
Fk2FF,1r2rBkb/1b2pp2/2np2p1/p1p3Q1/1p2P1PR/qPPP4/P5B1/1KN4R b - - 1 26,h8c3 h4h8 c3h8 h1h8 g8h8 g5h6 h8g8 h6g7,1131,attraction kingsideattack mate matein4 middlegame sacrifice verylong
FkGEb,5r1k/p1p3pp/2p5/3p4/1b6/1P2P2Q/PBP2qPK/R2R4 w - - 0 24,d1f1 b4d6 b2e5 d6e5 h2h1 f2f1 a1f1 f8f1,1170,fork mate matein4 middlegame pillsburysmate verylong
FlPNW,3r4/pp1k3Q/6pP/5pK1/5R2/2P3Pq/PP1r4/8 b - - 0 36,d7c8 f4c4 c8b8 h7c7 b8a8 c7c8 d8c8 c4c8,1207,backrankmate endgame mate matein4 sacrifice verylong
FnX67,r1bq1rk1/2p1bp2/1p1p1n1R/1P1P1N2/p1P5/3Q2P1/P4PP1/R3K3 b Q - 2 20,c8f5 d3f5 f8e8 f5g5 g8f8 h6h8 f6g8 g5g8,1255,kingsideattack mate matein4 middlegame verylong
Fo59s,5nk1/pb3Npp/1p1Prp2/7Q/5B2/7R/r4PPP/4R1K1 w - - 0 33,e1e6 a2a1 f4c1 a1c1 h5d1 c1d1 e6e1 d1e1,1011,mate matein4 middlegame verylong
FoVIv,8/2p2pk1/p1p2N1p/4P3/2P4r/4R3/r7/6K1 b - - 1 29,h4c4 e3g3 c4g4 g3g4 g7f8 g4g8 f8e7 g8e8,1226,endgame hookmate mate matein4 verylong
Fojg8,6k1/p4p1p/5pq1/8/2Q5/1P1Pr1PP/P1P2RK1/R7 w - - 3 27,a1f1 g6g3 g2h1 g3h3 h1g1 e3g3 f2g2 h3g2,1072,deflection endgame mate matein4 verylong
FonwP,rn3r1k/pp1q2pp/3p1N2/6B1/1PB3P1/P4P2/K5P1/Q7 b - - 7 25,g7f6 g5f6 f8f6 a1f6 d7g7 f6d8 g7f8 d8f8,1235,mate matein4 middlegame verylong
Fp2i3,1r3r1k/pQ1R2p1/5q2/2P1p2p/P7/8/5PPP/5RK1 w - - 2 26,b7a7 f6f2 f1f2 b8b1 d7d1 b1d1 f2f1 d1f1,1296,endgame mate matein4 sacrifice verylong
FpHRz,4r1k1/p5pp/2R1p3/3p3r/3P1BqP/4QpP1/PP3P1K/4R3 w - - 6 28,e1h1 h5h4 h2g1 h4h1 g1h1 g4h3 h1g1 h3g2,1209,attraction mate matein4 middlegame verylong
FpaD1,2r1R1k1/5p1p/3q1Bp1/1p6/8/1b6/2r2PPP/R3Q1K1 b - - 1 30,c8e8 e1e8 d6f8 e8f8 g8f8 a1a8 c2c8 a8c8,1298,attraction mate matein4 middlegame pillsburysmate verylong
FuVda,6k1/ppp5/3p2p1/P4p2/2r3P1/2r4P/5R2/5RK1 b - - 0 30,f5g4 f2f8 g8h7 f1f7 h7h6 f8h8 h6g5 h3h4,1064,endgame exposedking mate matein4 rookendgame verylong
Fw2Ck,1r4k1/r4Pp1/3R3p/1q3p2/p7/7P/6P1/3RQ1K1 b - - 0 37,g8f7 e1e6 f7f8 d6d8 b8d8 d1d8 b5e8 d8e8,1235,endgame mate matein4 verylong
Fxcy9,5k2/pp4R1/2p1p2p/4P3/K1P1RB2/P2rP2P/1r3P2/8 w - - 1 31,f4h6 b7b5 c4b5 c6b5 a4a5 d3a3 e4a4 a3a4,1124,endgame mate matein4 verylong
FzVS0,r5k1/1b3p1p/4p1n1/r2pP3/5PQ1/B1N3R1/KPP2qP1/7R w - - 6 27,g4h3 a5a3 b2a3 f2c2 a2a1 a8a3 c3a2 c2a2,1256,deflection mate matein4 middlegame verylong
G2luq,1r4k1/R1R4p/4PB1b/8/4b1p1/7P/5PP1/6K1 w - - 0 40,h3g4 b8b1 c7c1 b1c1 g1h2 h6f4 g2g3 c1h1,1102,endgame mate matein4 verylong
G3BpZ,2kr3r/1pp2ppp/p3p1b1/8/q1P5/B4QPP/1R4PK/5B2 b - - 1 25,b7b6 f3a8 c8d7 b2d2 g6d3 d2d3 d7e8 a8d8,1269,mate matein4 middlegame queensideattack verylong
G3FGp,1r1r3k/4RQ1p/p2p2pb/3P1p2/3q4/6P1/7P/4R2K b - - 5 40,h6g7 e7e8 d8e8 e1e8 b8e8 f7e8 g7f8 e8f8,1250,mate matein4 middlegame verylong
G3o3q,5r1k/p5pp/2R5/2Q5/3r1q2/8/1P3PPP/5RK1 w - - 0 26,c6e6 f4f2 f1f2 d4d1 e6e1 d1e1 f2f1 e1f1,1240,endgame mate matein4 sacrifice verylong
G48Bl,1n1k2rr/1Pp2p2/4b3/P1qpP1p1/8/2PB2P1/3NQ1PP/R3R1K1 w - - 1 23,g1h1 h8h2 h1h2 g8h8 d3h7 h8h7 e2h5 h7h5,1175,attraction kingsideattack mate matein4 middlegame sacrifice verylong
G4FnT,1r6/kppq3r/1Q1p4/P2N2pp/2PbPp2/3P1P2/4KP1P/1R5R b - - 7 28,c7b6 a5b6 a7a6 b1a1 d4a1 h1a1 d7a4 a1a4,1251,mate matein4 middlegame verylong
G7Qtf,5rk1/p1qR1ppp/2P5/8/1r2n3/1P2PQ1P/1PP3P1/5R1K b - - 2 22,c7c6 f3f7 f8f7 d7d8 c6e8 d8e8 f7f8 f1f8,1249,mate matein4 middlegame sacrifice verylong
G7vid,3N3k/p5pp/1p3rb1/8/4p3/1Br5/P1P3PP/3R2K1 b - - 1 33,e4e3 d8f7 g6f7 d1d8 f7e8 d8e8 f6f8 e8f8,1000,backrankmate clearance endgame mate matein4 sacrifice verylong
G8fui,1k4r1/pp1RRp1p/2p2p2/1r3K2/4N3/8/P6P/8 w - - 4 28,f5f6 g8g6 f6f7 b5f5 e4f6 f5f6 f7e8 g6g8,1084,endgame mate matein4 verylong
G9BKC,5r1k/4r1b1/4P1Qp/p2p1p2/2q2P2/3npR1R/PP4PP/6K1 b - - 1 37,e3e2 h3h6 g7h6 g6h6 h8g8 f3g3 e7g7 g3g7,1193,exposedking fork mate matein4 middlegame verylong
G9x7x,3r2k1/p5p1/1p2RnP1/7p/3p1Q2/3P3P/q1r2P2/4R1K1 b - - 0 25,a2a5 e6e8 d8e8 e1e8 f6e8 f4f7 g8h8 f7e8,1248,fork mate matein4 middlegame sacrifice verylong
GAcnl,2r3k1/6pp/r3p3/3b3Q/3q4/8/3P1RPP/5R1K b - - 1 30,a6a8 h5f7 g8h8 f7f8 c8f8 f2f8 a8f8 f1f8,1171,backrankmate mate matein4 middlegame sacrifice verylong
GBTCA,1r5q/1p2npk1/pN6/1PPpPp2/3P1p2/3Q1Pp1/6P1/R2R2K1 w - - 0 29,b6d7 h8h2 g1f1 h2h1 f1e2 h1g2 e2e1 g2f2,1184,deflection kingsideattack mate matein4 middlegame verylong
GCqig,r4r1k/ppp2p2/3pb2p/6P1/7q/2Q3RP/P5PK/8 b - - 3 28,h8g8 g5h6 h4g3 c3g3 e6g4 g3g4 g8h8 g4g7,1254,discoveredattack discoveredcheck endgame mate matein4 verylong
GEVdR,r4rk1/5ppp/8/2pN2P1/4P1P1/1pPPK1b1/1q2B3/3R3R b - - 3 28,a8a2 d5e7 g8h8 h1h7 h8h7 d1h1 g3h4 h1h4,1284,anastasiamate attraction kingsideattack mate matein4 middlegame sacrifice verylong
GEbxZ,5r1k/p2R2pp/1pr2q2/8/8/Q5B1/PP3PPP/5RK1 w - - 6 26,g3e5 f6f2 f1f2 c6c1 d7d1 c1d1 f2f1 d1f1,1266,mate matein4 middlegame sacrifice verylong
GHkKA,r5r1/ppp1QbB1/2kp4/2bNp3/3nP3/3P4/PPP2PP1/R4RK1 w - - 5 18,e7f7 d4e2 g1h1 g8h8 g7h8 a8h8 f7h7 h8h7,1123,mate matein4 middlegame sacrifice verylong
GJThc,2r4k/2r1qpp1/p3p2p/1p1pP3/2nN3R/2P4R/P1Q2PPP/6K1 b - - 3 25,c4e5 h4h6 g7h6 h3h6 h8g7 c2h7 g7f8 h7h8,1013,kingsideattack mate matein4 middlegame sacrifice verylong
GLoR8,1k4r1/1pp1r3/1p4q1/1Q6/3N4/2P4P/PP3PP1/3R1RK1 w - - 6 32,g2g4 g6g4 h3g4 g8g4 g1h1 e7h7 b5h5 h7h5,1220,mate matein4 middlegame sacrifice verylong
GMEa0,5rk1/p2R1ppp/1p4r1/4P1q1/1P6/4P3/P4QPP/5RK1 b - - 8 32,g5e5 f2f7 f8f7 d7d8 e5e8 d8e8 f7f8 f1f8,1278,endgame mate matein4 sacrifice verylong
GNI3A,5rk1/5ppp/2r2q2/8/7P/Q1p3P1/P4P2/1R2R1K1 b - - 1 25,c3c2 a3f8 g8f8 b1b8 c6c8 b8c8 f6d8 c8d8,1201,attraction endgame master mate matein4 sacrifice verylong
GO3IO,4r2k/5p1P/p2p1bp1/qrpP4/1pQ2PP1/8/PPP5/1KBR3R w - - 1 27,b2b3 a5a2 b1a2 b5a5 c1a3 a5a3 a2b1 a3a1,1100,attraction mate matein4 middlegame operamate queensideattack sacrifice verylong
GOwgk,1Q4k1/n4r1p/1p3bp1/5p2/p3p3/P1P1R2R/KP3PPP/2r2q2 b - - 2 34,g8g7 h3h7 g7h7 e3h3 f6h4 h3h4 h7g7 b8h8,1189,attraction mate matein4 middlegame sacrifice verylong
GQIop,8/5p1p/7k/5K1P/3p4/6R1/2pq4/R7 b - - 1 57,c2c1q a1a6 c1c6 a6c6 f7f6 c6f6 h6h5 g3h3,1274,endgame exposedking mate matein4 verylong
GQn9a,r1bq1rk1/pp2b1pB/2n1p3/3p2P1/3P1P2/p1P5/R6P/1NBQ1RK1 b - - 0 16,g8h7 d1h5 h7g8 g5g6 f8f5 h5h7 g8f8 h7h8,1188,master mate matein4 opening verylong
GRak6,5r2/6kp/p1NpBqp1/1p1P4/4p3/r3P3/2Q2PPP/5RK1 w - - 0 31,c2e4 f6f2 f1f2 a3a1 e4b1 a1b1 f2f1 b1f1,1255,mate matein4 middlegame sacrifice verylong
GS0sQ,5r2/6pk/p1p1Q2p/5q2/4R3/3r4/P4PPP/5RK1 w - - 0 30,e6c6 f5f2 f1f2 d3d1 e4e1 d1e1 f2f1 e1f1,1251,endgame mate matein4 sacrifice verylong
GSIba,r3R1kr/p4p2/1bp2Pp1/1p1q2QN/8/2n5/P4PPP/4R1K1 b - - 5 31,a8e8 e1e8 g8h7 e8h8 h7h8 g5h6 h8g8 h6g7,1080,attraction kingsideattack mate matein4 middlegame pin verylong
GSiGi,r2q1rk1/1bppb1p1/1p2p1Qp/p2nP1B1/8/2PB3P/PP3PP1/RN3RK1 b - - 1 15,e7g5 g6h7 g8f7 d3g6 f7e7 h7g7 f8f7 g7f7,1271,deflection kingsideattack mate matein4 opening verylong
GTM7Y,5rk1/1p4p1/p3pp1p/1b2n3/4QP2/2q4P/P1B3P1/1K1R3R b - - 0 23,e5c4 e4h7 g8f7 c2g6 f7e7 h7g7 f8f7 g7f7,1196,deflection kingsideattack mate matein4 middlegame verylong
GXTDe,6k1/2p1nq1p/1p1b1pp1/p7/Q2P4/P3BN1P/1P3PP1/6K1 b - - 0 26,f7a2 a4e8 g8g7 e3h6 g7h6 e8f8 h6h5 g2g4,1277,attraction endgame kingsideattack mate matein4 sacrifice verylong
GZaur,r4rk1/5ppp/p2bp3/1p6/2pPB3/P1P1PPqP/1P4P1/R2Q1RK1 w - - 1 22,e4a8 g3h2 g1f2 d6g3 f2e2 h2g2 f1f2 g2f2,1287,deflection kingsideattack mate matein4 middlegame verylong
GZfuL,r1bq1rk1/ppp3p1/3p4/2b1npNQ/2P5/4P2P/PP3PP1/R1B1K2R b KQ - 1 13,f8e8 h5h7 g8f8 h7h8 f8e7 h8g7 e5f7 g7f7,1188,deflection kingsideattack mate matein4 opening verylong
Gab2s,rn3rk1/pp3ppp/8/2pNp3/8/5q2/PPP1BP2/1K1R3R b - - 3 16,f3f2 d5e7 g8h8 h1h7 h8h7 d1h1 f2h2 h1h2,1293,anastasiamate attraction kingsideattack mate matein4 middlegame sacrifice verylong
GbGk7,r2r2k1/2p1bppp/p7/4N3/p7/8/PPP2nPP/RNB2RK1 w - - 0 14,f1f2 d8d1 f2f1 e7c5 c1e3 c5e3 g1h1 d1f1,1201,backrankmate fork mate matein4 middlegame verylong
GcjFa,5rk1/pp1Q1ppp/8/8/3R4/4r3/PPq3PP/5R1K b - - 0 21,e3e2 d7f7 f8f7 d4d8 e2e8 d8e8 f7f8 f1f8,1257,clearance endgame mate matein4 sacrifice verylong
GdGXT,4r3/ppp1kQpp/8/8/4q3/2P3P1/P6P/5RK1 b - - 5 24,e7d8 f1d1 d8c8 f7d7 c8b8 d7d8 e8d8 d1d8,1167,backrankmate endgame mate matein4 sacrifice verylong
Ge9ah,r1r2bk1/5p2/2q1pBp1/p2p2Qp/1p1P4/2P4R/PP3PPP/R5K1 b - - 1 25,g8h7 h3h5 g6h5 g5h5 f8h6 h5f7 h6g7 f7g7,1278,mate matein4 middlegame sacrifice verylong
GeDvF,2k5/2p2p2/1p6/pP3r2/PbQP3p/8/7B/2K3Rq b - - 2 32,h1h2 g1g8 b4f8 g8f8 c8b7 c4c6 b7a7 c6a8,1275,endgame mate matein4 verylong
Gg3ou,5r1k/5Ppp/8/5pB1/8/qpr4P/p1PRQP2/K3R3 w - - 1 36,c2b3 c3c1 e1c1 a3c1 a1a2 f8a8 e2a6 a8a6,1120,exposedking mate matein4 middlegame verylong
Gh2Un,1rr3k1/5ppp/p3P3/3p3Q/8/2q5/P4RPP/5R1K b - - 0 29,f7e6 h5f7 g8h8 f7f8 c8f8 f2f8 b8f8 f1f8,1122,backrankmate endgame mate matein4 sacrifice verylong
GhQNm,1r1r2k1/p1q2p2/b1p1pPn1/2p4Q/5B2/3P2R1/Pp3PPP/1R4K1 b - - 1 22,c7f4 g3g6 f7g6 h5g6 g8f8 g6g7 f8e8 g7e7,1281,kingsideattack mate matein4 middlegame verylong
GhysD,8/p4qkp/N5r1/P6n/2P1Q1n1/4P1P1/5rBP/2R2RK1 w - - 0 27,f1f2 f7f2 g1h1 h5g3 h2g3 g6h6 g2h3 h6h3,1291,fork mate matein4 middlegame verylong
GijE5,r4k2/1ppr1pp1/8/2q3P1/p2n1P2/3P2PQ/PPP5/1K1R3R w - - 0 24,h3d7 c5c2 b1a1 d4b3 a2b3 a4b3 d7a4 a8a4,1207,discoveredattack discoveredcheck endgame mate matein4 queensideattack verylong
Gj5aR,6k1/2p2rpp/4bp1B/4p2P/8/2q2P2/1R3P2/1K4R1 b - - 2 32,c7c5 b2b8 e6c8 b8c8 f7f8 g1g7 g8h8 c8f8,1249,deflection endgame mate matein4 pin verylong
GllhL,r4rk1/2q1bp1p/pp2p1p1/8/5P2/P3PR1Q/1BP3PP/3R2K1 b - - 0 23,c7c2 h3h7 g8h7 f3h3 e7h4 h3h4 h7g8 h4h8,1187,attraction kingsideattack mate matein4 middlegame sacrifice verylong
Gn5TZ,6k1/1p3rp1/pqrPQ3/3p4/1P5B/P7/5PPP/5RK1 w - - 1 27,h4e7 b6f2 f1f2 c6c1 e6e1 c1e1 f2f1 e1f1,1271,endgame mate matein4 sacrifice verylong
GnsuZ,3k4/5pp1/2PK4/3P4/6p1/8/8/8 b - - 0 49,g4g3 c6c7 d8c8 d6c6 g3g2 d5d6 f7f6 d6d7,1275,advancedpawn endgame mate matein4 pawnendgame verylong
Gnu1s,5rkq/ppp2p1p/2b3pP/6P1/2B1r3/5Q2/PP4P1/1K1R1R2 b - - 0 29,e4c4 f3f7 f8f7 d1d8 c6e8 d8e8 f7f8 f1f8,1297,kingsideattack mate matein4 middlegame sacrifice verylong
Gs70z,r1r3k1/1b4pp/4p3/1p1qPp2/3P1QP1/P3PR2/1P5P/5RK1 b - - 0 25,f5g4 f4f7 g8h8 f7f8 c8f8 f3f8 a8f8 f1f8,1215,backrankmate mate matein4 middlegame sacrifice verylong
GtozG,r6Q/1p1bkp2/p3r3/1qP5/8/8/P4PPP/1B3RK1 w - - 3 27,h8a8 b5f1 g1f1 d7b5 b1d3 b5d3 f1g1 e6e1,1273,attraction backrankmate endgame master mate matein4 sacrifice verylong
GucwR,8/2R3pp/6k1/2p3P1/1b1r1PKP/8/8/8 b - - 0 40,h7h6 h4h5 g6h7 g5g6 h7h8 c7c8 d4d8 c8d8,1240,endgame mate matein4 verylong
GuttD,1k4r1/6r1/q1Q1p3/1N2p3/2P5/3P1P1P/R5P1/6K1 w - - 1 37,a2a6 g7g2 g1f1 g2g1 f1f2 g8g2 f2e3 g1e1,1132,endgame epaulettemate mate matein4 verylong
GvlHY,1k3r2/ppp4p/1q6/4b1N1/5r2/P7/1PP1QPPP/2R1R1K1 w - - 1 25,e2e5 b6f2 g1h1 f2f1 e1f1 f4f1 c1f1 f8f1,1104,backrankmate mate matein4 middlegame sacrifice verylong
GvlxC,2rr2k1/1Q3ppp/4p3/8/8/2q5/P4RPP/5R1K b - - 0 25,c3d4 b7f7 g8h8 f7f8 d8f8 f2f8 c8f8 f1f8,1051,backrankmate endgame mate matein4 sacrifice verylong
Gw4WD,Q7/4qkpp/1pp2p2/3p1P2/3P1b2/4rN2/PPR3PP/6K1 w - - 7 26,c2f2 e3e1 f3e1 e7e1 f2f1 f4e3 g1h1 e1f1,1166,deflection endgame kingsideattack mate matein4 sacrifice verylong
Gw9BS,5rk1/p2R2p1/1p2pq1p/8/Q7/2r1P3/P4PPP/5RK1 w - - 2 24,a4a7 f6f2 f1f2 c3c1 d7d1 c1d1 f2f1 d1f1,1141,endgame mate matein4 sacrifice verylong
GwbcO,5qk1/r6p/6p1/8/6P1/1pQ2P2/1P6/K1R1R3 w - - 1 36,a1b1 a7a1 b1a1 f8a8 c3a5 a8a5 a1b1 a5a2,1197,attraction endgame master mate matein4 sacrifice verylong
Gx5We,4r2k/pp6/2pq1p1p/3p2P1/3P2P1/2PQr2P/PP3RK1/5R2 w - - 1 28,d3g6 d6g3 g2h1 g3h3 h1g1 e3g3 f2g2 h3g2,1163,deflection endgame mate matein4 verylong
Gy0xz,3r1rk1/2p3pp/p1Q5/2p1pq2/2P5/4R3/PP3PPP/5RK1 w - - 2 22,c6c5 f5f2 f1f2 d8d1 e3e1 d1e1 f2f1 e1f1,1265,endgame mate matein4 sacrifice verylong
GyCLk,2b2rk1/p2n1pbp/1r1pp1p1/q1p5/1p2P3/1P1PNN1P/P1PBQPP1/1K1R3R w - - 1 15,e3c4 a5a2 b1a2 b6a6 c4a3 a6a3 a2b1 a3a1,1225,attraction mate matein4 middlegame operamate queensideattack sacrifice verylong
GzgRf,r6r/pp6/2k2p2/2p5/3nN3/1B6/PPP2PPP/3R1RK1 w - - 2 29,e4f6 d4e2 g1h1 h8h2 h1h2 a8h8 f6h7 h8h7,1278,anastasiamate attraction mate matein4 middlegame sacrifice verylong
H0vZD,r2r4/pb3RP1/1p2p3/1kb1P3/8/5QP1/PP4P1/7K w - - 3 27,f7b7 d8h8 g7h8q a8h8 b7h7 h8h7 f3h5 h7h5,1292,endgame mate matein4 pillsburysmate verylong
H3CV8,5B2/7p/2p3pk/1b3p2/1P3K2/P3R2P/3r2P1/8 b - - 18 46,h6h5 g2g4 f5g4 h3g4 h5h4 f8e7 g6g5 e7g5,1172,endgame mate matein4 verylong
H4XML,3r3k/pB4pp/8/8/3p1B1q/1P1r4/P4R2/2R2K2 b - - 0 33,g7g5 f4e5 h8g8 b7d5 d8d5 c1c8 d5d8 c8d8,1155,mate matein4 middlegame pillsburysmate sacrifice verylong
H4YVg,8/pkp3pp/1p6/2PP4/P6P/6P1/1PQKR3/q4r2 b - - 0 35,b6c5 c2b3 b7c8 e2e8 c8d7 b3b5 c7c6 b5c6,1239,endgame killboxmate mate matein4 verylong
H5JVH,2kr4/pp3Q2/3p4/3pq3/6P1/1P5P/P2R4/3K4 b - - 3 35,d8e8 d2c2 c8b8 f7c7 b8a8 c7c8 e8c8 c2c8,1299,backrankmate endgame mate matein4 sacrifice verylong
H5LFr,r1b2rk1/pp3ppp/2n1q3/3p2N1/8/2PB4/P1Q2PPP/R3R1K1 b - - 1 18,e6h6 d3h7 g8h8 g5f7 f8f7 e1e8 f7f8 e8f8,1109,deflection kingsideattack mate matein4 middlegame verylong
H63q9,5r1k/pp4pp/2p1Q3/5r2/7q/2P5/PP3PPP/1R2R1K1 w - - 0 24,e6e4 h4f2 g1h1 f2f1 e1f1 f5f1 b1f1 f8f1,1015,backrankmate endgame mate matein4 sacrifice verylong
H7pAW,5k2/ppp2r1r/3p4/2b1p1Q1/3nP3/3P4/PPP2PPP/R4RK1 w - - 7 23,c2c3 d4e2 g1h1 h7h2 h1h2 f7h7 g5h6 h7h6,1284,anastasiamate attraction kingsideattack mate matein4 middlegame sacrifice verylong
H83wW,6k1/3p3p/3P1p2/6pP/4r1P1/1Q3R1K/8/6q1 b - - 0 41,g8g7 h5h6 g7h6 f3f6 h6g7 b3f7 g7h8 f7f8,1230,attraction deflection endgame mate matein4 verylong
H8VIC,2r3k1/4pp1p/1p1P2p1/4P3/8/1Q6/PBr2qPP/5R1K w - - 3 29,f1f2 c2c1 b2c1 c8c1 b3d1 c1d1 f2f1 d1f1,1269,backrankmate endgame mate matein4 sacrifice verylong
H9enR,5rk1/6pp/4p3/4Q2n/3r3q/1PR5/P4PPP/2B2RK1 w - - 0 27,c3h3 h4f2 f1f2 d4d1 e5e1 d1e1 f2f1 e1f1,1268,fork mate matein4 middlegame sacrifice verylong
H9gJs,1r3rk1/ppqbb1pB/2n1p3/2p3P1/P1Np1P2/3P3P/1PP5/R1BQ1RK1 b - - 0 19,g8h7 d1h5 h7g8 g5g6 f8f5 h5h7 g8f8 h7h8,1261,mate matein4 middlegame verylong
HA3l9,2kr4/pp3ppq/8/3pR1P1/2pP4/2P3p1/PPN3P1/R1BQ3K w - - 1 21,h1g1 h7h2 g1f1 h2h1 f1e2 h1g2 e2e1 g2f2,1291,deflection kingsideattack mate matein4 middlegame verylong
HAj98,Bk6/p5p1/5b2/7p/2P5/2P2Q1P/P1K1r3/4r3 w - - 3 38,c2b3 e1b1 b3a3 f6e7 c4c5 e7c5 a3a4 e2a2,1279,deflection endgame mate matein4 verylong
HCvn7,3kr2r/pp4p1/2q2b2/8/4PPn1/BPP3Pp/4Q2P/RN3R1K w - - 0 26,e2g4 c6e4 g4f3 e4f3 f1f3 e8e1 f3f1 e1f1,1210,clearance kingsideattack mate matein4 middlegame verylong
HEMMr,8/4k1pp/8/2Q1Bp2/4pPq1/1P2P1P1/r6P/6K1 b - - 4 40,e7e6 c5d6 e6f7 d6d7 f7g6 d7g7 g6h5 g7h7,1297,deflection endgame mate matein4 verylong
HGd3X,8/3B4/b6k/b3B3/4P1K1/5PP1/8/8 w - - 0 56,d7e8 a6c8 e8d7 c8d7 g4h4 a5d8 e5f6 d8f6,1144,bishopendgame endgame mate matein4 verylong
HHYc1,R7/3b1pkp/3N2p1/2pP3n/3bPq2/5P2/4B1PP/4Q2K w - - 3 33,d6c4 h5g3 e1g3 f4c1 e2d1 c1d1 g3e1 d1e1,1251,backrankmate mate matein4 middlegame sacrifice verylong
HIc64,8/R4pp1/4p1kp/8/4N1PP/4nP2/2r5/6K1 b - - 0 35,f7f5 h4h5 g6h7 e4f6 h7h8 a7a8 c2c8 a8c8,1267,endgame mate matein4 pin verylong
HJ9rC,r4r2/2nb2pk/2pq2P1/1p1p4/pP1P1P2/P4P2/1nP1NK2/R3Q2R b - - 0 24,h7g8 h1h8 g8h8 e1h1 d7h3 h1h3 h8g8 h3h7,1188,attraction kingsideattack mate matein4 middlegame sacrifice verylong
HKDIj,6k1/4r2p/p3p1PR/1p3r2/2pPKP1R/P1P5/8/8 b - - 0 41,h7g6 h6h8 g8f7 h4h7 f7f6 h8f8 e7f7 h7f7,1272,endgame epaulettemate exposedking master mate matein4 rookendgame verylong
HKvSX,r1b3kr/ppp1n1pp/2n5/4q1N1/2P5/1Q6/P4PPP/R1B2K1R b - - 2 13,e5a1 c4c5 e7d5 b3d5 c8e6 d5e6 g8f8 e6f7,1022,discoveredattack discoveredcheck kingsideattack mate matein4 middlegame verylong
HRmxz,6k1/7p/2p3pB/p1P2p2/P2r4/2nn4/5PPP/R4RK1 w - - 0 30,a1a3 c3e2 g1h1 d3f2 f1f2 d4d1 f2f1 d1f1,1185,backrankmate clearance deflection endgame mate matein4 sacrifice verylong
HRn6n,2r3k1/p4ppp/2Q1b3/q2p4/P4P2/8/6PP/1RR3K1 b - - 0 26,c8c6 b1b8 e6c8 b8c8 c6c8 c1c8 a5d8 c8d8,1229,backrankmate endgame mate matein4 verylong xrayattack
HSqil,1kr5/ppp5/5p2/3rn1p1/6B1/2Q4P/PP3q2/1KR1R3 b - - 1 28,e5g4 c3c7 c8c7 e1e8 d5d8 e8d8 c7c8 c1c8,1147,mate matein4 middlegame sacrifice verylong
HTFNt,6k1/5pp1/2p4p/4b3/1p2P3/1qP2QPP/3R1P1K/r7 b - - 0 28,b3c3 d2d8 g8h7 f3f5 g7g6 f5f7 e5g7 f7g8,1181,endgame mate matein4 verylong
HUss9,7r/1p1q1p1k/3p1Pp1/p1p4R/P1PpP3/1P1P1Q2/5K1P/8 b - - 0 39,g6h5 f3h5 h7g8 h5g5 g8f8 g5g7 f8e8 g7h8,1239,endgame exposedking fork mate matein4 verylong
HXBH3,6k1/3q1rBp/5Pr1/p2p4/Pp1bpR1Q/1Pn5/6PP/4R2K b - - 8 40,d7e6 h4h7 g8h7 f4h4 g6h6 h4h6 h7g8 h6h8,1257,attraction kingsideattack mate matein4 middlegame operamate sacrifice verylong
HXVc0,2k5/1q2nR1R/1bb1p3/2ppP1r1/8/1BP4P/3N3B/3Q3K w - - 3 35,f7e7 d5d4 b3d5 c6d5 d2f3 d5f3 d1f3 b7f3,1107,discoveredattack discoveredcheck exposedking fork mate matein4 middlegame verylong
HY7tg,3qkb1r/1rp3pp/p4p2/1p2p3/8/2P2Q2/PP3RPP/RNB3K1 w k - 0 15,f3b7 d8d1 f2f1 f8c5 c1e3 c5e3 g1h1 d1f1,1113,fork mate matein4 middlegame verylong
HYjQC,r1q1r3/pp3pkp/2p3pQ/2npPb2/3P4/6P1/PP3PK1/R6R b - - 1 24,g7g8 h6h7 g8f8 h7h8 f8e7 h8f6 e7d7 f6d6,1149,kingsideattack mate matein4 middlegame swallowstailmate verylong
HZ586,2r3k1/1p3rp1/p5p1/5q2/4N3/1Q5R/P4PPP/5RK1 w - - 6 31,e4d6 f5f2 f1f2 c8c1 b3d1 c1d1 f2f1 d1f1,1039,fork mate matein4 middlegame sacrifice verylong
HZrtd,5rk1/1r6/1p6/3p3q/8/P1P1RpP1/5QbN/4R1K1 w - - 8 33,e3e5 h5h2 g1h2 b7h7 e5h5 h7h5 h2g1 h5h1,1274,attraction exposedking mate matein4 middlegame operamate sacrifice verylong
Hd4ln,5rk1/pp3ppp/8/5Q2/2q2R2/8/P1P1r1PP/3R2K1 b - - 1 21,c4c2 f5f7 f8f7 d1d8 e2e8 d8e8 f7f8 f4f8,1266,endgame mate matein4 sacrifice verylong
HdyQr,1k3r2/pp4p1/4p1Np/1b2P3/3r2P1/1P6/1P1B1P1P/R3R1K1 w - - 0 23,g6f8 d4g4 g1h1 b5c6 e1e4 c6e4 f2f3 e4f3,1039,endgame mate matein4 morphysmate verylong
HeR7F,1r6/p1p2kpp/3p4/2b1N2Q/K3P3/1Pq5/P7/R7 b - - 0 34,f7g8 h5f7 g8h8 e5g6 h7g6 a1h1 c3h3 h1h3,1262,endgame mate matein4 sacrifice verylong
Heefc,r1bqr1kR/p2n2p1/1p2ppP1/3pP3/3Q4/2P2N2/PP3PP1/R3K3 b Q - 2 17,g8h8 d4h4 h8g8 h4h7 g8f8 h7h8 f8e7 h8g7,1073,deflection epaulettemate kingsideattack mate matein4 middlegame verylong
HfjPY,8/3r1p2/p3p1p1/N1R4p/kP1n1P2/PPK3P1/7P/8 b - - 0 41,a4a3 a5c4 a3a2 c5a5 a2b1 c4d2 b1c1 a5a1,1140,endgame mate matein4 verylong
HgfXQ,r2r2k1/p1Q3pp/4p3/1p1N1q2/3P4/2P3P1/P4R1P/5RK1 b - - 1 25,f5d5 c7f7 g8h8 f7f8 d8f8 f2f8 a8f8 f1f8,1168,backrankmate endgame mate matein4 sacrifice verylong
HhhGB,2r4k/2r4p/2qpp1pQ/p5R1/1p2P1N1/5P2/PP3P2/1K4R1 w - - 4 28,g5g6 c6c2 b1a1 c2c1 g1c1 c7c1 h6c1 c8c1,1082,backrankmate mate matein4 middlegame sacrifice verylong
Hi126,6k1/5p1p/4p2p/1bnpP3/1p4P1/5PN1/3q2BP/R5K1 b - - 4 30,c5d3 a1a8 b5e8 a8e8 g8g7 g3h5 g7g6 e8g8,1094,endgame mate matein4 verylong
HiuLt,1rr3k1/1p1RQppp/p5b1/8/P1q1p3/4P2P/5PP1/3R2K1 b - - 2 25,c4a4 d7d8 c8d8 d1d8 b8d8 e7d8 a4e8 d8e8,1153,mate matein4 middlegame verylong
Hk0Y8,3r4/pp1k2Q1/4p2p/3p4/4Pp1q/5P2/P3K1bP/R7 b - - 3 31,d7c8 a1c1 c8b8 g7c7 b8a8 c7c8 d8c8 c1c8,1255,backrankmate endgame mate matein4 sacrifice verylong
HkBnb,2r5/p4p2/b4p1k/8/1qPNp2P/1P2P3/4KP2/3Q2R1 b - - 3 32,c8c4 d4f5 h6h7 g1g7 h7h8 d1d8 b4f8 d8f8,1199,endgame exposedking mate matein4 verylong
HlL5C,r1b2k1r/ppppn1pp/2n2P2/8/1b2P3/1Q6/P2q2PP/R4RK1 b - - 0 14,g7f6 f1f6 f8e8 b3f7 e8d8 f7f8 h8f8 f6f8,1064,backrankmate exposedking mate matein4 middlegame sacrifice verylong
HmJIe,6r1/2b5/2pk2r1/3p4/p2N3P/P1P2P1B/1P1RR2K/8 w - - 1 38,h2h1 g6g1 h1h2 d6c5 e2e5 c7e5 f3f4 e5f4,1276,discoveredattack discoveredcheck exposedking mate matein4 middlegame morphysmate verylong
HmmXo,8/2p2prk/5p1p/p1b2P1N/2P2P2/2P2Q1P/5RPK/4q3 b - - 2 32,e1f2 h5f6 h7h8 f3a8 c5f8 a8f8 g7g8 f8g8,1152,endgame mate matein4 verylong
HmokW,r4qk1/p1pQ3p/2p3p1/4P1bn/8/2N5/PPP3BP/R5K1 w - - 0 19,d7c6 g5e3 g1h1 h5g3 h2g3 f8h6 g2h3 h6h3,1161,mate matein4 middlegame sacrifice verylong
HodYv,2rr2k1/pp3pp1/4p1p1/8/3q4/1Q2R3/PP3PPP/3R2K1 w - - 0 33,d1d4 c8c1 b3d1 c1d1 d4d1 d8d1 e3e1 d1e1,1018,backrankmate endgame mate matein4 queenrookendgame verylong xrayattack
HofKE,5r1k/1p4p1/p1p2r1p/4q1pQ/1P1pP1P1/P2PbP1R/B1P3K1/7R b - - 0 30,f6f4 h5h6 g7h6 h3h6 h8g7 h6h7 g7f6 h1h6,1102,kingsideattack mate matein4 middlegame sacrifice verylong
HpLvp,2rr2k1/p3bp1p/1p2p1p1/4N1B1/4nQ2/q1P2R2/5PPP/2R3K1 b - - 5 24,e7g5 f4f7 g8h8 e5g6 h7g6 f3h3 g5h4 h3h4,1260,kingsideattack mate matein4 middlegame verylong
Hq0es,2q4r/5kp1/1Q2p3/3pBp2/1P3P1p/2P3n1/6PP/R4R1K w - - 1 28,h2g3 h4g3 h1g1 h8h1 g1h1 c8h8 h1g1 h8h2,1258,attraction discoveredattack discoveredcheck endgame mate matein4 sacrifice verylong
HsMXg,4r1k1/p7/4qppB/2R2b2/3Q4/5PP1/P1p2RKP/8 w - - 4 35,d4c3 f5h3 g2g1 e6e1 c3e1 e8e1 f2f1 e1f1,1103,master mate matein4 middlegame operamate verylong
HsljO,8/p3R3/8/5B2/6P1/2PPB1k1/r7/6K1 w - - 3 42,d3d4 a2a1 f5b1 a1b1 e3c1 b1c1 e7e1 c1e1,1086,endgame exposedking mate matein4 verylong
HsoDX,rnb2r1k/pp1p3p/2pP4/2P2p2/4p2q/4Pp2/PP2NPB1/R1BQ1RK1 w - - 0 20,g2h1 f8g8 e2g3 g8g3 f2g3 h4g3 h1g2 g3g2,1238,kingsideattack mate matein4 opening verylong
HxOHN,2r4k/n5p1/p4N1p/8/1Pq5/2B3PP/2Q2P2/6K1 b - - 2 32,g7f6 c3f6 h8g8 c2g6 g8f8 g6g7 f8e8 g7e7,1184,endgame exposedking fork mate matein4 verylong
HzB5P,r4r1k/3q2p1/n1pb2P1/pp1p4/3P2p1/2P1P3/PP1N4/2KQ3R b - - 1 22,h8g8 h1h8 g8h8 d1h1 d6h2 h1h2 h8g8 h2h7,1241,attraction kingsideattack mate matein4 middlegame sacrifice verylong
HzNPm,r5k1/1p4b1/2b2pQ1/p1p2P2/8/1P1B3P/P4q2/2KNr1R1 b - - 8 32,e1g1 d3c4 c6d5 c4d5 g8h8 g6h5 g7h6 h5h6,1254,exposedking mate matein4 middlegame verylong
I0MJR,3r2k1/p1p2ppp/2P5/4p3/P2nn3/8/1PP3PP/RN3RK1 w - - 1 19,a1a3 d4e2 g1h1 e4f2 f1f2 d8d1 f2f1 d1f1,1180,backrankmate endgame fork mate matein4 sacrifice verylong
I1ZN7,5r1k/pp5p/2p2n2/2P1r2q/1P1Rp1p1/P1Q1NbP1/5P1P/4RBK1 w - - 1 30,d4d6 h5h2 g1h2 e5h5 f1h3 h5h3 h2g1 h3h1,1248,attraction kingsideattack mate matein4 middlegame operamate sacrifice verylong
I5r3D,r4r1k/1p2b1Rp/p3pp2/2P1B3/1n1P4/3B1b2/PP1K1P1P/R7 b - - 1 20,f6e5 g7h7 h8g8 a1g1 f3g2 g1g2 e7g5 g2g5,1172,fork mate matein4 middlegame verylong
I6xRR,5k2/pp3pbp/2p3p1/1q1b4/3P1P1N/1PB3P1/P4K1P/4Q3 b - - 0 31,b5d3 c3b4 c6c5 b4c5 f8g8 e1e8 g7f8 e8f8,1212,endgame mate matein4 verylong
I70Nj,3Rkr2/1pp3Rp/1p3p2/8/8/rQ3p2/4qP1P/6K1 b - - 1 25,e8d8 b3d5 d8c8 d5d7 c8b8 d7c7 b8a7 c7b7,1255,endgame mate matein4 verylong
I7deu,4rrk1/pp4p1/2p1p1qp/2Pp4/PP1PPp2/5Pn1/3NQ1PP/R4R1K w - - 1 24,h2g3 g6h5 h1g1 f4g3 f1e1 h5h2 g1f1 h2h1,1296,intermezzo kingsideattack mate matein4 middlegame verylong
I9D7f,1R6/QP3k2/2p1p3/3qRp2/3P1P2/2PB4/P5K1/7r w - - 3 37,g2g3 h1g1 g3f2 d5g2 f2e3 g1e1 d3e2 g2e2,1271,endgame mate matein4 swallowstailmate verylong
I9cHr,5rk1/2p2ppp/2q5/p1pR1Q2/2P5/P5P1/1P2r2P/5RK1 b - - 5 26,e2b2 f5f7 f8f7 d5d8 c6e8 d8e8 f7f8 f1f8,1199,endgame mate matein4 sacrifice verylong
IAbmV,7r/p4pk1/6p1/1p4P1/1PpQpP2/P1P3K1/3R4/7q b - - 4 36,g7f8 d4d8 f8g7 d8f6 g7g8 d2d8 g8h7 d8h8,1257,endgame mate matein4 verylong
ICQrd,r2r2k1/p1q2ppp/2pbp3/1p4P1/4P1n1/P3Q3/BPP2PP1/R1B2RK1 w - - 1 20,e3h3 d6h2 g1h1 g4f2 f1f2 d8d1 f2f1 d1f1,1092,deflection kingsideattack mate matein4 middlegame sacrifice verylong
IDaKQ,3r2k1/q5pp/4p3/3bP3/2n2QPP/p7/5R1K/5R2 b - - 1 34,a7b8 f4f7 g8h8 f7f8 d8f8 f2f8 b8f8 f1f8,1255,backrankmate fork mate matein4 middlegame sacrifice verylong
IGL5k,2rr2k1/5p2/p4p1B/Pp6/2b5/2Q2NP1/4qPBP/2R3K1 w - - 1 33,c3f6 d8d1 c1d1 e2d1 f3e1 d1e1 g2f1 e1f1,1131,mate matein4 middlegame verylong
IGpYV,5rk1/5ppp/R4n2/8/1p3Q2/2q5/5RPP/6K1 b - - 0 24,f6d5 f4f7 f8f7 a6a8 c3c8 a8c8 f7f8 f2f8,1161,endgame mate matein4 sacrifice verylong
IHgTu,rn4k1/5rpp/8/2Q5/8/P4b2/5PPP/qNK2B1R b - - 2 20,f3e4 c5c8 f7f8 f1c4 e4d5 c4d5 g8h8 c8f8,1267,fork mate matein4 middlegame pin verylong
IIXF2,r1br2kR/1p4p1/4ppP1/pB1pP3/3q1P2/8/P3Q1P1/1R2K3 b - - 6 26,g8h8 e2h5 h8g8 h5h7 g8f8 h7h8 f8e7 h8g7,1022,deflection kingsideattack mate matein4 middlegame verylong
IIaBR,5r1k/6p1/p4r1p/3Q4/2P5/P7/2q3PP/RR4K1 w - - 4 28,b1c1 c2f2 g1h1 f2f1 c1f1 f6f1 a1f1 f8f1,1243,backrankmate endgame mate matein4 sacrifice verylong
IKA0e,r4rk1/ppp2ppp/8/q2NN3/8/6Pb/4PP1P/3Q2KR b - - 2 18,a8d8 d5e7 g8h8 e5f7 f8f7 d1d8 f7f8 d8f8,1296,deflection kingsideattack mate matein4 middlegame verylong
IN32X,5rk1/ppR3p1/4p2p/5r2/3qN1Q1/6P1/PP4PP/3R3K w - - 5 27,h2h4 f5f1 d1f1 f8f1 h1h2 d4g1 h2h3 g1h1,1198,mate matein4 middlegame verylong
IO7K5,5rk1/R4ppp/1p6/8/5Q2/8/2qr2PP/5R1K b - - 0 26,d2g2 f4f7 f8f7 a7a8 c2c8 a8c8 f7f8 f1f8,1277,endgame mate matein4 sacrifice verylong
IOobf,5r1k/p1p3pp/8/2q1nr2/2N1Q3/8/PP3PPP/R3R1K1 w - - 3 21,c4e5 c5f2 g1h1 f2f1 e1f1 f5f1 a1f1 f8f1,1075,backrankmate mate matein4 middlegame sacrifice verylong
IP3Qp,1r4k1/Q4ppp/4p1n1/p2p4/Prp1q3/5RP1/4B1PP/5R1K b - - 7 30,e4e2 a7f7 g8h8 f7f8 g6f8 f3f8 b8f8 f1f8,1139,backrankmate mate matein4 middlegame sacrifice verylong
IQOzw,5r1r/R4p2/2k1pQ2/8/1p1P4/1Pn1P3/5PPP/5RK1 w - - 0 26,f6e7 c3e2 g1h1 h8h2 h1h2 f8h8 e7h4 h8h4,1168,anastasiamate attraction endgame mate matein4 sacrifice verylong
IR9z4,r5k1/4Bpbp/6p1/1Q6/3p3P/1P4P1/p1P2P2/1K1R3R w - - 0 28,b1a1 d4d3 e7f6 g7f6 b5e5 f6e5 c2c3 e5c3,1065,discoveredattack discoveredcheck endgame exposedking mate matein4 verylong
IRhMA,2kr3r/ppp5/8/2b1pb2/7p/2PB4/PP1Q2qP/3RK1NR b - - 1 25,g2h1 d3f5 d8d7 d2d7 c8b8 d7d8 h8d8 d1d8,1096,backrankmate hangingpiece mate matein4 middlegame verylong
IRwwc,4r1k1/1b3p1p/5bp1/2B4n/8/1BN4P/PPP2PP1/3R2K1 w - - 3 22,d1d7 e8e1 g1h2 f6e5 f2f4 e5f4 g2g3 f4g3,1009,mate matein4 middlegame verylong
ISS3k,r3qr2/p4p1k/2n1pPp1/3pP3/2pP4/2P2R2/P2Q2PP/4B1K1 b - - 2 26,f8h8 f3h3 h7g8 h3h8 g8h8 d2h6 h8g8 h6g7,1025,attraction mate matein4 middlegame verylong
ISTWr,2r2rk1/Q5pp/4pq2/8/3pb3/8/PP3PPP/4RRK1 w - - 0 20,e1e4 f6f2 f1f2 c8c1 e4e1 c1e1 f2f1 e1f1,1248,endgame mate matein4 sacrifice verylong
ISZFA,r5r1/pp2k1pQ/4bp2/q1p3N1/2n3P1/2P4P/P1P2P2/B1KR3R w - - 2 27,h7e4 a5a3 c1b1 c4d2 d1d2 a3a2 b1c1 a2a1,1254,deflection mate matein4 middlegame queensideattack sacrifice verylong
IVSYi,5rk1/p1R3p1/4pq1p/3p4/3r4/8/PP1Q1PPP/5RK1 w - - 0 24,d2a5 f6f2 f1f2 d4d1 a5e1 d1e1 f2f1 e1f1,1139,endgame mate matein4 sacrifice verylong
IWQQ5,6r1/5p1k/pp2qPp1/3p2Qp/7R/P6P/6PK/8 b - - 4 39,g8h8 h4h5 h7g8 h5h8 g8h8 g5h6 h8g8 h6g7,1059,attraction endgame mate matein4 verylong
IX7Uq,k2r4/p1q2pp1/6b1/2p3Pp/2B2P1P/1R2R3/PP3N2/5K2 b - - 1 33,c7f4 c4d5 d8d5 e3e8 d5d8 e8d8 f4b8 b3b8,1189,mate matein4 middlegame queensideattack sacrifice verylong
IZow3,5rk1/5Rpp/p2p4/1pnQ4/6P1/1Pq4P/P5B1/7K b - - 0 28,f8f7 d5a8 f7f8 g2d5 c5e6 d5e6 g8h8 a8f8,1056,clearance endgame mate matein4 verylong
IcYyR,1r2n1kb/1r5p/1q1p2Q1/p1pPP1P1/2b2B2/P1P2B2/4N2R/K6R b - - 0 40,h7g6 h2h8 g8f7 h1h7 e8g7 e5e6 f7e7 h7g7,1246,deflection exposedking kingsideattack mate matein4 middlegame verylong
IejX9,3r1rk1/pp1b1ppp/8/2pN4/1q2PP2/5KP1/PPP1B3/3R3R b - - 10 25,b4b2 d5e7 g8h8 h1h7 h8h7 d1h1 d7h3 h1h3,1240,anastasiamate attraction kingsideattack mate matein4 middlegame sacrifice verylong
Ihusl,2r3k1/1p1R1rpp/8/p1q1p3/6Q1/P7/1P3PPP/5RK1 w - - 2 25,g4e6 c5f2 f1f2 c8c1 d7d1 c1d1 f2f1 d1f1,1242,clearance endgame mate matein4 sacrifice verylong
Ikchn,r1bq1rk1/pp1p2p1/2n1p1Qp/2b1P3/3p1P2/P2BB3/1PP3PP/RN3RK1 b - - 0 13,d4e3 g6h7 g8f7 d3g6 f7e7 h7g7 f8f7 g7f7,1276,deflection kingsideattack mate matein4 opening verylong
IlAqn,5r1k/pp4pp/1qp5/7n/3r3R/P6Q/1PP2PPP/R5K1 w - - 0 26,h4h5 d4d1 a1d1 b6f2 g1h1 f2f1 d1f1 f8f1,1074,backrankmate discoveredattack endgame mate matein4 sacrifice verylong
Ilozl,k4r1r/pp1Q4/2p1P3/P7/8/7q/1P3bP1/R4R1K w - - 0 30,g2h3 h8h3 h1g2 h3g3 g2h2 f8h8 d7h7 h8h7,1035,endgame exposedking mate matein4 pillsburysmate verylong
Iluyw,2rqrbk1/1b1n1ppp/p2p4/1p1P2PQ/4PP2/1NB2R2/PP5P/4R1K1 b - - 1 23,g7g6 h5h7 g8h7 f3h3 f8h6 h3h6 h7g8 h6h8,1134,attraction kingsideattack mate matein4 middlegame operamate sacrifice verylong
ImLlh,7k/pb4rr/1p2NQ2/4Pp2/1P1Ppn2/P3B3/7P/2R2R1K w - - 3 37,e3f4 e4e3 c1c6 b7c6 d4d5 c6d5 f1f3 d5f3,1056,discoveredattack discoveredcheck mate matein4 middlegame verylong
ImvGg,8/Q6p/4p1k1/P5p1/1q2pp2/1P4P1/5P1P/6K1 w - - 3 38,a7b6 b4e1 g1g2 f4f3 g2h3 e1f1 h3g4 h7h5,1259,endgame mate matein4 queenendgame verylong
InHy8,8/Q2p2k1/1p1P1pp1/1P5p/4p1q1/4Rb2/P4PPP/5BK1 w - - 0 30,g1h1 f3g2 f1g2 g4d1 e3e1 d1e1 g2f1 e1f1,1165,endgame mate matein4 sacrifice verylong
InZ9q,5rk1/5ppp/1p6/5Q2/7r/4q3/2P1B1PP/R4R1K b - - 1 25,e3e2 f5f7 f8f7 a1a8 e2e8 a8e8 f7f8 f1f8,1268,endgame mate matein4 sacrifice verylong
IoUWT,2k5/5Q2/4pB2/2PpPp2/2pP3P/2P3r1/1K4r1/8 w - - 19 49,b2a3 g3c3 a3a4 g2a2 a4b5 c3b3 b5c6 a2a6,1137,endgame exposedking mate matein4 verylong
IqeaL,4r3/7p/2R3pk/3Q1p2/3p1P2/3P2bP/Pr1B2P1/7K w - - 0 39,d5f3 b2b1 c6c1 b1c1 d2c1 e8e1 f3f1 e1f1,1280,endgame fork mate matein4 pillsburysmate verylong
IsAkX,2r5/2r3k1/6p1/3Qpq2/3p4/8/PPP2P2/1K4RR w - - 9 31,d5d6 f5c2 b1a1 c2c1 g1c1 c7c1 h1c1 c8c1,1102,backrankmate endgame mate matein4 sacrifice verylong
IslOc,8/PP4pk/3R4/3Pp3/4P1Pp/r4p1P/4rP1K/8 w - - 2 46,b7b8q e2f2 h2g1 f2g2 g1f1 a3a1 b8b1 a1b1,1264,endgame mate matein4 queenrookendgame verylong
ItzRB,r1b2rk1/pp3ppp/3Rp3/1q2n3/5Q2/2P5/P4RPP/7K b - - 5 19,e5d3 f4f7 f8f7 d6d8 b5e8 d8e8 f7f8 f2f8,1118,kingsideattack mate matein4 middlegame sacrifice verylong
IvLf1,3r2k1/1R3ppp/N3p3/8/4bn2/2Pn1P2/P4BPP/5RK1 w - - 0 28,f3e4 f4e2 g1h1 d3f2 f1f2 d8d1 f2f1 d1f1,1246,backrankmate clearance deflection mate matein4 middlegame verylong
Iw6j8,5rk1/p1R2ppp/6q1/4p3/4P1b1/Q5P1/P2r1P1P/1R4K1 b - - 0 29,g6e4 a3f8 g8f8 b1b8 g4c8 b8c8 d2d8 c8d8,1294,attraction mate matein4 middlegame sacrifice verylong
Iwiv0,3r2k1/pp3pp1/2p4p/2Q2P2/4P3/2B3P1/PP2q1BP/1R5K w - - 0 27,c5e5 d8d1 b1d1 e2d1 c3e1 d1e1 g2f1 e1f1,1005,endgame kingsideattack mate matein4 verylong
Iz0N3,8/2p1P3/2P5/8/8/4k1p1/6K1/7q w - - 0 48,g2h1 e3f2 e7e8q g3g2 h1h2 g2g1q h2h3 g1g3,1190,advancedpawn endgame exposedking mate matein4 pawnendgame promotion verylong
Iz4fi,8/5p1p/4r1pk/8/1Q3P2/2P4P/r3q1P1/6RK b - - 0 29,e6e3 b4f8 h6h5 g2g4 e2g4 h3g4 h5h4 f8h6,1169,endgame mate matein4 verylong
J2hX8,r3k2r/p4Rpp/2p1p1n1/3pP3/8/4PN2/q2N2PP/5QK1 b kq - 0 17,e8f7 f3g5 f7e8 f1f7 e8d8 g5e6 d8c8 f7c7,1084,discoveredcheck doublecheck mate matein4 middlegame verylong
J3COi,3r4/pp4P1/2b1P2k/5pb1/3Q1N1q/7P/PP5K/5RR1 w - - 1 39,d4d8 g5f4 f1f4 h4f4 g1g3 f4f2 g3g2 f2g2,1216,mate matein4 middlegame verylong
J4Euc,5rk1/ppq2rR1/4Q2p/3PPp2/2p2P2/2P5/P6P/1R5K b - - 0 30,g8g7 b1g1 g7h7 e6g6 h7h8 g6h6 f7h7 h6f8,1297,deflection endgame mate matein4 verylong
J4dDi,r4r2/1pR5/3pBk2/3Pn1p1/p3K1P1/1p3p2/4pP2/7R b - - 1 38,f6g6 e6f5 f8f5 g4f5 g6f6 h1h6 e5g6 h6g6,1186,endgame mate matein4 verylong
J4i4I,4rr1k/2R5/ppP5/2qP3p/P1B1Q1p1/4P1P1/6PP/R5K1 w - - 1 34,e4g6 c5e3 g1h1 e3e1 a1e1 e8e1 c4f1 e1f1,1136,backrankmate mate matein4 middlegame sacrifice verylong
J5fIC,r7/1p5k/1q2pBp1/3p1B2/r1pP1Q2/2P4P/2N2PP1/5nK1 b - - 0 27,e6f5 f4h4 h7g8 h4h8 g8f7 h8g7 f7e6 g7e7,1058,mate matein4 middlegame verylong
J7D8Y,r4rk1/5ppp/1pR1p3/6q1/P2P4/8/1P3QPP/5RK1 b - - 0 22,a8a4 f2f7 f8f7 c6c8 g5d8 c8d8 f7f8 f1f8,1235,endgame mate matein4 sacrifice verylong
J7TsK,8/R5p1/2qp2kp/5p2/3B1P2/7P/1p4PK/8 b - - 1 41,c6c1 a7g7 g6h5 g2g4 f5g4 h3g4 h5h4 d4f2,1182,endgame mate matein4 verylong
J8yLm,2r2r2/2p2pk1/p1R1p1p1/4P3/3P1n2/5N2/PP3PP1/5RK1 w - - 0 25,c6a6 f4e2 g1h1 f8h8 f3h2 h8h2 h1h2 c8h8,1293,anastasiamate attraction endgame mate matein4 sacrifice verylong
J9XrQ,5rk1/2p2ppp/p1q5/1p6/3R1QP1/2P2R1P/PP2r3/7K b - - 0 25,e2b2 f4f7 f8f7 d4d8 c6e8 d8e8 f7f8 f3f8,1162,endgame mate matein4 sacrifice verylong
JAfzV,2r3k1/pp4pp/4p3/2q5/6Q1/2r3P1/P4R1P/5RK1 b - - 3 34,c3c2 g4e6 g8h8 e6c8 c5c8 f2f8 c8f8 f1f8,1298,backrankmate endgame fork mate matein4 sacrifice verylong
JAxYD,8/1R3p2/3r3p/4ppk1/8/6PP/6PK/8 b - - 5 40,f7f6 b7g7 g5h5 g3g4 f5g4 h3g4 h5h4 g2g3,1175,endgame mate matein4 rookendgame verylong
JBzrX,8/R4kp1/4p2p/3pB3/3Pn3/6P1/6KP/2r5 b - - 3 39,f7g6 a7g7 g6h5 g3g4 h5h4 e5g3 e4g3 h2g3,1282,endgame mate matein4 verylong
JCzZb,5rk1/1p3r2/p2p3p/3PpP2/1PP1Q1Pq/P2B1RbP/8/4R2K w - - 10 44,e1e3 h4h3 h1g1 h3h2 g1f1 h2h1 f1e2 h1e1,1228,exposedking kingsideattack mate matein4 middlegame verylong
JDnqA,rn4k1/pppb1ppp/q2b1n2/6N1/3P4/PQ6/1P1B1PPP/4R1K1 b - - 0 16,d7e8 e1e8 f6e8 b3f7 g8h8 f7e8 d6f8 e8f8,1286,fork mate matein4 middlegame verylong
JDoTT,r3r1k1/2q2pp1/2pb3B/p2p4/3Nn3/P2R1Q1P/1PP2PP1/5RK1 w - - 1 19,f3g4 d6h2 g1h1 e4f2 f1f2 e8e1 f2f1 e1f1,1175,clearance deflection kingsideattack mate matein4 middlegame sacrifice verylong
JG4pb,R7/5ppk/1q1n1P2/1p4b1/3p4/3Q4/3P3P/6K1 b - - 0 42,g7g6 d3h3 g5h6 a8h8 h7h8 h3h6 h8g8 h6g7,1253,attraction deflection endgame mate matein4 pin sacrifice verylong
JIUCJ,r6k/1ppq2pp/1p4p1/1P6/2Q5/PKP2r2/3p1B2/R6R b - - 1 33,f3f2 h1h7 h8h7 a1h1 f2h2 h1h2 d7h3 h2h3,1251,attraction endgame mate matein4 sacrifice verylong
JIb3n,r4r2/pp1n1p1k/3p1BB1/1b2p1Q1/1P2P3/5K2/P1P2PPP/q5NR b - - 0 21,f7g6 g5h4 h7g8 h4h8 g8f7 h8g7 f7e6 g7e7,1157,epaulettemate mate matein4 middlegame verylong
JJR3R,1r3q2/6k1/Q5N1/3B4/R3P3/5pPP/1r3R1K/8 w - - 1 41,g6f8 b2f2 h2g1 f2g2 g1h1 b8b1 a6f1 b1f1,1243,hangingpiece mate matein4 middlegame verylong
JKtTB,6k1/1p3pp1/8/BB4P1/Pn1RP3/1br5/1PrR4/1K6 w - - 0 27,b2c3 b3a2 b1a1 c2c1 a1b2 c1b1 b2a3 b1b3,1285,epaulettemate exposedking mate matein4 middlegame operamate verylong
JL1Xs,4rrk1/p4ppp/2p5/1p5Q/8/1P4PK/Pq5P/3R1R2 b - - 5 24,e8e6 h5f7 f8f7 d1d8 e6e8 d8e8 f7f8 f1f8,1295,endgame mate matein4 sacrifice verylong
JLOSq,2Q5/5rkp/5qp1/3p4/3r4/8/5PPP/4RRK1 w - - 2 28,e1e8 f6f2 f1f2 d4d1 e8e1 d1e1 f2f1 e1f1,1252,endgame mate matein4 sacrifice verylong
JLT4F,1rq2r2/5p1k/p3pPp1/1pp3Qp/8/1P5R/PB3PPP/6K1 b - - 1 29,f8h8 h3h5 h7g8 h5h8 g8h8 g5h6 h8g8 h6g7,1100,attraction endgame mate matein4 verylong
JOVlK,1Q6/5p1p/2R1pkp1/2P5/1PP2BP1/3q3K/7P/8 w - - 1 39,f4g3 d3f1 h3h4 g6g5 h4h5 f1h3 g3h4 h3h4,1013,endgame mate matein4 verylong
JPG7S,6Q1/8/p2B1k2/1p4p1/1P5p/P3r2P/4rbPK/R7 w - - 2 40,a1c1 f2g3 d6g3 h4g3 h2g1 e2e1 c1e1 e3e1,1291,endgame mate matein4 verylong
JQdQy,4r3/p2b1p1k/5p1p/7q/7r/1NN2PQ1/PPP3P1/3R1RK1 w - - 1 26,d1d7 h4h1 g1f2 h1f1 f2f1 h5h1 f1f2 h1e1,1165,attraction mate matein4 middlegame verylong
JQksj,5rk1/p4ppp/2R1p3/1p6/5Q2/1P1rP2P/P2q2P1/5RK1 b - - 0 27,d2a2 f4f7 f8f7 c6c8 d3d8 c8d8 f7f8 f1f8,1184,endgame mate matein4 sacrifice verylong
JSWHE,3q2k1/1p3pp1/4P2p/2p1P3/2B1Q3/2n2N2/5PPP/6K1 w - - 0 29,e4b7 d8d1 f3e1 d1e1 c4f1 c3e2 g1h1 e1f1,1059,deflection endgame mate matein4 verylong
JSX12,4r1r1/k1p2p2/1p6/3Q4/5P1p/5R2/Pq4PP/6RK w - - 1 29,d5f7 b2g2 g1g2 e8e1 f3f1 e1f1 g2g1 f1g1,1246,endgame mate matein4 sacrifice verylong
JSfCC,Q2R4/p1r2pkp/1p3pp1/8/5P2/P6P/2q3PK/8 b - - 5 27,c2c4 d8g8 g7h6 a8f8 h6h5 g2g4 h5h4 f8h6,1228,endgame mate matein4 verylong
JT9Ye,6k1/3b1ppp/8/qrPpQ3/1n1P4/5PB1/6PP/1R4K1 b - - 3 34,b4d3 e5b8 b5b8 b1b8 d7c8 b8c8 a5d8 c8d8,1291,backrankmate mate matein4 middlegame sacrifice verylong xrayattack
JUDf4,r1bk3B/pp1pnB1p/8/2p5/4P2q/3P2p1/P1P3P1/1N1Q1RK1 w - - 0 19,f1e1 h4h2 g1f1 h2h1 f1e2 h1g2 e2e3 g2f2,1127,deflection kingsideattack mate matein4 middlegame verylong
JWh2S,rnb2rkR/pp1pb1p1/1q2p1Q1/5pP1/3p4/1PPBP3/P4PP1/RN2K3 b Q - 1 13,g8h8 g6h5 h8g8 g5g6 f8f6 h5h7 g8f8 h7h8,1232,kingsideattack mate matein4 middlegame verylong
JXgoP,3br3/p4pRp/3k4/3p4/N7/3P1p1P/PPPR1P2/2K5 w - - 0 29,g7f7 e8e1 d2d1 d8g5 f7f4 g5f4 c1b1 e1d1,1149,backrankmate endgame mate matein4 verylong
JXn1e,r2r2k1/4q1p1/2pNp1P1/4p2Q/1p5P/pPn5/2P2P1R/K6R b - - 0 27,e7d6 h5h7 g8f8 h7h8 f8e7 h8g7 e7e8 g7f7,1116,deflection kingsideattack master mate matein4 middlegame verylong
JZTQ4,8/8/4pp2/2Q5/6pk/P4B2/1r4PK/8 w - - 1 41,c5c3 g4g3 h2g1 b2b1 f3d1 b1d1 c3e1 d1e1,1097,endgame mate matein4 verylong
Jax5q,7k/p5qp/3p1p1Q/2p1pPr1/P3P3/1P1P1R2/2P3PP/6K1 w - - 8 28,f3h3 g5g2 g1f1 g2g1 f1f2 g7g2 f2e3 g1e1,1179,endgame kingsideattack mate matein4 verylong
Jc2wc,5rk1/5Qpp/R7/8/8/1P1P1BPb/1q2PP1P/6K1 b - - 0 29,f8f7 a6a8 h3c8 a8c8 f7f8 f3d5 g8h8 c8f8,1092,backrankmate deflection endgame mate matein4 verylong
JcXzo,5r1k/ppN3pp/5r2/3Q3n/2P1p2q/4B2P/PPP2P1K/R4R2 w - - 3 19,c7e6 f6f2 e3f2 f8f2 f1f2 h4f2 h2h1 h5g3,1191,cornermate mate matein4 middlegame verylong
JeA3P,r2qr1k1/1ppb1Qp1/p1nbpp2/6N1/3P4/2P5/PP3PPP/R1B2RK1 b - - 1 15,g8h8 f7h5 h8g8 h5h7 g8f8 h7h8 f8e7 h8g7,1196,deflection epaulettemate kingsideattack mate matein4 opening verylong
JeWGv,5rk1/5Qpp/3R4/8/4PPBq/1Pr1n2P/P5P1/3R2K1 b - - 0 27,f8f7 d6d8 h4d8 d1d8 f7f8 g4e6 g8h8 d8f8,1048,backrankmate deflection mate matein4 middlegame pin verylong
Jewc5,5rk1/R1Q3pp/3p3q/1p1Pp3/1Pb1r3/2B4P/3R1PP1/6K1 w - - 0 27,c7e7 e4e1 g1h2 h6f4 g2g3 f4f2 d2f2 f8f2,1135,kingsideattack mate matein4 middlegame sacrifice verylong
JiRg0,2k4r/np3ppr/p2qp3/3P4/6Q1/2P2N2/PP2BPP1/3RR1K1 w - - 1 21,g1f1 h7h1 f3g1 h1g1 f1g1 d6h2 g1f1 h2h1,1108,attraction mate matein4 middlegame sacrifice verylong
JiRtB,1r3rk1/6p1/3Rpq1p/1Q6/P1P5/4P3/5PPP/5RK1 w - - 1 27,b5c6 f6f2 f1f2 b8b1 d6d1 b1d1 f2f1 d1f1,1275,endgame mate matein4 sacrifice verylong
JlnJt,6k1/R1R2p1p/1P4r1/P7/6K1/6P1/5r1P/8 w - - 4 38,g4h3 g6h6 h3g4 f7f5 g4g5 h6g6 g5h5 f2h2,1287,endgame mate matein4 rookendgame verylong
Jn3oD,2r3k1/1p3ppp/p4b2/3pp3/PP2P3/2q2P2/2N2RPP/R2Q3K w - - 0 24,d1d5 c3a1 c2a1 c8c1 d5d1 c1d1 f2f1 d1f1,1221,backrankmate clearance fork mate matein4 middlegame sacrifice verylong
JoglI,5rk1/2Q2Bpp/8/1p2p3/2b5/4q3/PP1r1RPP/2R3K1 b - - 0 25,c4f7 c7f7 f8f7 c1c8 d2d8 c8d8 f7f8 d8f8,1043,clearance mate matein4 middlegame sacrifice verylong
JpFLj,3r2k1/1Q4p1/p2r3p/1p4PR/5q2/P7/1PP5/1K5R w - - 3 34,g5h6 d6d1 h1d1 d8d1 b1a2 f4c4 b2b3 c4c2,1252,endgame mate matein4 verylong
JpVTC,4rk2/1b3pbp/p5p1/1p6/8/1BN5/PPQ2PPP/6K1 w - - 0 23,h2h3 e8e1 g1h2 g7e5 f2f4 e5f4 g2g3 e1h1,1216,endgame mate matein4 operamate verylong
Jq2kC,8/5pk1/1p5p/p2r2p1/8/PbPB4/1P2RPPP/2B2K2 w - - 3 31,d3e4 d5d1 e2e1 b3c4 e4d3 c4d3 f1g1 d1e1,1264,backrankmate endgame fork mate matein4 verylong
JqsU6,5r1k/5rp1/5pQp/1p2p2R/p3P3/P4R1P/1P4PK/1q6 b - - 3 39,b1b2 h5h6 g7h6 g6h6 h8g8 f3g3 f7g7 h6g7,1174,endgame mate matein4 sacrifice verylong
JrNWA,3brr1k/3b2pp/p2p3q/1p2n3/3BPNBP/PQ4P1/1PP2R2/5RK1 b - - 0 29,e5g4 f4g6 h7g6 f2f8 e8f8 f1f8 h8h7 b3g8,1289,discoveredattack fork mate matein4 middlegame verylong
Jrd39,r5r1/5p1k/3p1Pp1/p1p3Qp/Pp5R/3P3P/1q4P1/6K1 b - - 4 32,g8h8 h4h5 h7g8 h5h8 g8h8 g5h6 h8g8 h6g7,1123,attraction endgame mate matein4 verylong
JrmLy,r1r3k1/pQ3ppp/4p3/3p4/3P2P1/5R1P/PPP2n1q/1K3R2 b - - 3 25,f2e4 b7f7 g8h8 f7f8 c8f8 f3f8 a8f8 f1f8,1074,backrankmate mate matein4 middlegame sacrifice verylong
JtyB8,8/2R3R1/3p3k/4p1p1/3nP1Pp/5P1K/5r1P/8 w - - 3 53,c7d7 f2f3 h3g2 h4h3 g2g1 d4e2 g1h1 f3f1,1300,endgame mate matein4 verylong
JuZss,r3kb2/1pQnppp1/p5q1/3P1b2/8/BBN4p/PP3P1P/R3R1rK w q - 8 23,e1g1 f5e4 c3e4 g6e4 f2f3 e4f3 g1g2 f3g2,1112,kingsideattack mate matein4 middlegame verylong
JwBXG,r3qnrk/pp3ppp/2b5/2p2PBQ/3pPR1R/1P1P3P/P1P3B1/6K1 b - - 14 22,f7f6 h5h7 f8h7 h4h7 h8h7 f4h4 e8h5 h4h5,1159,attraction kingsideattack mate matein4 middlegame sacrifice verylong
JwHMn,1r2k3/1r2q3/3p1B1Q/p3p2P/2p1P3/2P2P2/PP6/1K6 w - - 0 33,f6e7 b7b2 b1c1 b2b1 c1d2 b8b2 d2e3 b1e1,1206,endgame mate matein4 verylong
JwSZW,2bk1r2/3p4/p5Q1/P6p/4Pp1q/1B1P1Pp1/2P3P1/R2R2K1 w - - 7 39,b3d5 h4h2 g1f1 h2h1 f1e2 h1g2 e2e1 g2f2,1064,deflection kingsideattack mate matein4 middlegame verylong
JwTr7,8/3RN2p/5ppk/3Pp3/5n2/5PK1/6PP/1r6 b - - 3 32,b1b2 e7g8 h6h5 d7h7 h5g5 h2h4 g5f5 g8e7,1293,deflection discoveredattack endgame mate matein4 verylong
JxAEM,6k1/pp3pp1/7p/8/1P2r3/P1r5/5Q2/3R1KNq b - - 3 35,e4e3 d1d8 e3e8 d8e8 g8h7 f2f5 g7g6 f5f7,1093,endgame mate matein4 verylong
JxNpq,5rk1/4qppp/8/1p6/2r5/5Q1P/5RP1/3R3K b - - 0 33,e7e4 f3f7 f8f7 d1d8 e4e8 d8e8 f7f8 f2f8,1108,endgame mate matein4 sacrifice verylong
JxlFN,r4rkR/1p1b2p1/2q1p1P1/p7/8/2PB1p2/P4P2/1K1Q2R1 b - - 3 24,g8h8 g1h1 h8g8 h1h8 g8h8 d1h1 h8g8 h1h7,1246,attraction mate matein4 middlegame sacrifice verylong
JyExU,5k2/p4p1Q/2p1p1p1/3pP1P1/2b3P1/pr6/q4PK1/7R b - - 0 40,b3b1 h7h8 f8e7 h8f6 e7e8 h1h8 e8d7 f6f7,1118,deflection endgame mate matein4 verylong
JyLX8,5r2/r1p3k1/p2p1q2/1p1B3Q/8/P1P3PP/1P3P2/3R2K1 w - - 0 35,d1d4 f6f2 g1h1 f2f1 h1h2 f8f2 d5g2 f1g2,1046,endgame mate matein4 verylong
JzeWH,r1b3k1/pp1p1ppp/2p5/8/8/2B5/PPP2PPP/4RK2 b - - 0 16,g8f8 c3b4 c6c5 b4c5 d7d6 c5d6 f8g8 e1e8,1081,backrankmate endgame mate matein4 verylong
K0SeL,r4rk1/2R2ppp/8/8/2Q5/1P6/P2q2PP/5R1K b - - 6 25,a8a2 c4f7 f8f7 c7c8 d2d8 c8d8 f7f8 f1f8,1261,endgame mate matein4 sacrifice verylong
K1a4L,2r3k1/1b3pbp/p1q1p3/5p1Q/1p3P2/1P1R2N1/1P4PP/6RK w - - 8 30,h5h4 c6g2 g1g2 c8c1 d3d1 c1d1 g3f1 d1f1,1240,clearance kingsideattack mate matein4 middlegame pin sacrifice verylong
K1jW3,5r2/3r1B1k/R4Qp1/7p/2P4P/1q4P1/5PK1/8 b - - 0 42,d7f7 f6g6 h7h8 g6h6 h8g8 a6g6 f7g7 h6g7,1250,endgame mate matein4 verylong
K2ytU,5q1k/6bp/4Q1p1/Pp2p3/3pB3/2rP3P/5PP1/1R4K1 w - - 4 36,b1b5 c3c1 g1h2 f8f4 g2g3 f4f2 e4g2 f2g1,1226,endgame mate matein4 verylong
K32Lr,5k2/p2R3p/1Pp1n2r/8/1PQ1p1qP/P3PpP1/5P1K/5R2 w - - 7 33,f1h1 h6h4 h2g1 h4h1 g1h1 g4h3 h1g1 h3g2,1187,attraction endgame mate matein4 verylong
K37Gh,5rkr/R7/n1p1p1p1/4P3/2pPB1qP/2P1QpP1/P4P1K/5R2 w - - 1 27,f1h1 h8h4 h2g1 h4h1 g1h1 g4h3 h1g1 h3g2,1137,attraction mate matein4 middlegame verylong
K3rBp,5rk1/p1p2ppp/8/8/8/2P1rQ2/P1Pq2PP/3R1RK1 b - - 6 20,d2c3 f3f7 f8f7 d1d8 e3e8 d8e8 f7f8 f1f8,1187,endgame mate matein4 sacrifice verylong
K514K,r4rk1/2p2ppp/p1Np4/1p1P4/2P3q1/2PP4/P2K1PP1/R6R b - - 1 17,b5c4 c6e7 g8h8 h1h7 h8h7 a1h1 g4h5 h1h5,1221,anastasiamate attraction endgame kingsideattack mate matein4 sacrifice verylong
K6vof,r1r5/p4Qp1/6kp/3p1RP1/7P/1p3RK1/1Pq5/8 b - - 0 35,g6h7 g5g6 h7h8 f7f8 c8f8 f5f8 a8f8 f3f8,1262,endgame mate matein4 sacrifice verylong
K7Xk1,8/3B1Kbk/1p1R3p/r2P2p1/2P5/6P1/p4P2/4r3 b - - 13 57,a2a1q d7f5 h7h8 d6d8 e1e8 d8e8 g7f8 e8f8,1069,endgame mate matein4 pillsburysmate verylong
KB5Xw,5rk1/1p3ppp/p5q1/2pR4/P1r1P3/5Q1P/1P4P1/5RK1 b - - 0 24,g6e4 f3f7 f8f7 d5d8 e4e8 d8e8 f7f8 f1f8,1259,endgame mate matein4 sacrifice verylong
KDNCC,5rk1/pp3rpp/8/4Q3/4n3/1N6/q4PPP/1R2R1K1 w - - 0 21,e5e4 a2f2 g1h1 f2f1 e1f1 f7f1 b1f1 f8f1,1258,backrankmate mate matein4 middlegame sacrifice verylong
KDe6y,1k1n3r/1b1q2r1/4p3/1p1pQpp1/1PpP4/2P3Pp/R1B4P/R4NK1 b - - 0 31,b8c8 a2a8 b7a8 a1a8 c8b7 e5b8 b7c6 a8a6,1222,exposedking mate matein4 middlegame queensideattack sacrifice verylong
KFdEm,3Q1bk1/ppR4p/6p1/1q2PpB1/3P4/1P3NP1/r4PBP/6K1 w - - 12 32,g5e7 a2a1 c7c1 a1c1 f3e1 c1e1 g2f1 b5f1,1053,kingsideattack mate matein4 middlegame verylong
KFx19,5r1k/pp5p/5r2/3b4/3B2R1/3BR1K1/PP1q1P2/8 b - - 12 33,d2d1 d4f6 f8f6 e3e8 f6f8 e8f8 d5g8 g4g8,1093,mate matein4 middlegame verylong
KGciY,3r2k1/pp5p/2p5/3bNR2/8/BP2p3/P1P3rP/5K2 b - - 1 26,g2h2 f5g5 g8h8 e5f7 d5f7 a3b2 d8d4 b2d4,1300,endgame mate matein4 morphysmate sacrifice verylong
KGm8E,3r1Bk1/1pp2ppp/p1q5/8/2p5/2P4b/PP3QP1/3R1R1K b - - 0 22,d8f8 f2f7 f8f7 d1d8 c6e8 d8e8 f7f8 f1f8,1255,endgame mate matein4 sacrifice verylong
KHBx5,6k1/R4p1p/6p1/p1B5/r1P2PK1/2b4P/8/8 b - - 2 35,a4c4 a7a8 g8g7 c5f8 g7f6 a8a6 c4c6 a6c6,1245,endgame mate matein4 pillsburysmate verylong
KOSuS,8/6pk/4Q2p/6P1/8/7P/4p2K/5q2 b - - 2 63,e2e1q g5g6 h7h8 e6c8 e1e8 c8e8 f1f8 e8f8,1274,endgame mate matein4 queenendgame verylong
KPa3g,r2r2k1/pp1b2p1/2nR1qp1/4p1N1/4P2Q/8/PP3PPP/R5K1 b - - 1 21,f6d6 h4h7 g8f8 h7h8 f8e7 h8g7 e7e8 g7f7,1142,deflection kingsideattack mate matein4 middlegame verylong
KPgcD,5rk1/R5pp/1pP1pr2/5q2/PP2p3/2Q1P3/4B1PP/2R3K1 w - - 1 27,e2c4 f5f2 g1h1 f2f1 c4f1 f6f1 c1f1 f8f1,1154,backrankmate mate matein4 middlegame sacrifice verylong
KRGhH,r5k1/q6p/4pp1P/3b1p2/4n2Q/1P6/P2R2P1/K2R4 b - - 7 37,d5b3 d2d8 a8d8 d1d8 g8f7 h4h5 f7e7 h5e8,1205,mate matein4 middlegame verylong
KSRVG,3r2k1/Q4ppp/1p1q4/6r1/1P1b4/5RP1/P5PP/5R1K b - - 0 34,g5e5 a7f7 g8h8 f7f8 d8f8 f3f8 d6f8 f1f8,1254,backrankmate mate matein4 middlegame sacrifice verylong
KSZLU,6k1/7p/1q3p2/1pbpp3/6B1/pPr1P1QP/6P1/4R1K1 b - - 7 31,c3e3 g4e6 g8f8 g3g8 f8e7 g8f7 e7d6 f7d7,1168,discoveredcheck doublecheck endgame mate matein4 verylong
KSrF7,5rk1/5ppp/8/p7/P4Q1P/1r4PK/2q5/2R2R2 b - - 1 37,c2d3 f4f7 f8f7 c1c8 d3d8 c8d8 f7f8 f1f8,1275,endgame mate matein4 sacrifice verylong
KT0UW,5r2/1b3qbk/4p1Rp/pp1pPr1P/2pP4/2P1PN1R/PPQ1K3/1B6 w - - 3 26,f3d2 f5f2 e2d1 f2f1 d2f1 f7f1 d1d2 f8f2,1192,fork mate matein4 middlegame sacrifice verylong
KUQNr,2r5/3R1B1p/p4p1k/1p3np1/1P1P4/8/P4PPP/6K1 w - - 3 31,g2g4 c8c1 g1g2 f5h4 g2h3 c1c3 f2f3 c3f3,1129,endgame epaulettemate mate matein4 verylong
KUerp,8/p1p2QR1/1pk1p3/3p4/3P4/1PP5/PK1q4/8 w - - 6 40,b2a3 d2c1 a3a4 b6b5 a4b4 a7a5 b4a5 c1a3,1169,attraction endgame mate matein4 verylong
KVFGX,r1b2rk1/1pp1qpp1/p6p/3nN3/3P4/3B4/P1Q2PPP/R3R1K1 b - - 5 20,e7g5 d3h7 g8h8 e5f7 f8f7 e1e8 f7f8 e8f8,1062,clearance deflection kingsideattack mate matein4 middlegame sacrifice verylong
KVGgY,4r3/R5bk/p1b4p/Bp4pn/8/1BN4P/PPP2PP1/6K1 w - - 3 28,b3f7 e8e1 g1h2 g7e5 f2f4 e5f4 g2g3 f4g3,1062,kingsideattack mate matein4 middlegame verylong
KVepW,5rk1/5q1p/6p1/3pQ3/3Pp3/1r2P3/5PPP/2R2RK1 w - - 0 23,c1c7 f7f2 f1f2 b3b1 c7c1 b1c1 f2f1 c1f1,1242,endgame mate matein4 sacrifice verylong
KVuCi,r2k3r/2pn1ppp/3b4/pP1P3n/8/3B1NqP/PP4P1/R2QR1BK w - - 4 24,g1h2 g3h2 f3h2 h5g3 h1g1 d6c5 e1e3 c5e3,1288,kingsideattack mate matein4 middlegame sacrifice verylong
KWwxc,6k1/pp3p1p/2prr3/7q/4PBb1/3P1pR1/PPQN1P1P/R6K w - - 2 31,a1g1 h5h2 h1h2 e6h6 f4h6 d6h6 g3h3 h6h3,1273,attraction kingsideattack mate matein4 middlegame operamate sacrifice verylong
KYXRA,2krr3/ppp3p1/6N1/2bb1p2/5B2/2P2PPp/PPB4P/3R1R1K w - - 2 23,f4g5 d5f3 f1f3 d8d1 c2d1 e8e1 f3f1 e1f1,1003,deflection discoveredattack fork mate matein4 middlegame sacrifice verylong
KYteh,4b2r/5pk1/p3p1pr/1p1pP2n/1P1Pq3/P3P3/4BQRP/1N4RK w - - 9 32,b1d2 h5g3 f2g3 h6h2 g3h2 h8h2 h1h2 e4h4,1168,attraction discoveredattack kingsideattack mate matein4 middlegame pin sacrifice verylong
KZUzX,2N5/6bk/2Pp4/pP2p3/P2pPp1q/1Q1P1Pp1/6P1/2R3K1 w - - 1 37,b3d1 h4h2 g1f1 h2h1 f1e2 h1g2 e2e1 g2f2,1065,deflection endgame kingsideattack mate matein4 verylong
KbQky,1r4k1/5p1p/p2n2p1/3qP3/p1p2Q2/2P5/2B1R1PP/7K w - - 0 30,e5d6 b8b1 c2b1 d5d1 e2e1 d1e1 f4f1 e1f1,1185,endgame fork mate matein4 sacrifice verylong
Kd3n3,1r4k1/2R3p1/4p3/p2pNp2/1p1PbP1p/q3P1bP/4Q1P1/3R2K1 w - - 0 36,e2h5 a3e3 g1h1 e4g2 h1g2 e3f2 g2h1 f2h2,1230,attraction kingsideattack mate matein4 middlegame verylong
KdLr5,4r1k1/p1R2ppp/1p6/3Qr1q1/8/7P/PP3PP1/3R2K1 w - - 0 25,d5d7 e5e1 d1e1 e8e1 g1h2 g5f4 g2g3 f4f2,1136,endgame mate matein4 verylong
KdwJb,8/8/8/8/1R3R1p/1pK2p1k/8/3b1r2 b - - 1 87,f1f2 f4h4 h3g2 b4g4 g2f1 h4h1 f1e2 g4e4,1135,endgame mate matein4 verylong
Khp64,4r1k1/1p4bp/p1b5/8/P4N2/8/1PB2qPP/2B2RK1 w - - 0 46,f1f2 e8e1 f2f1 g7d4 c1e3 d4e3 g1h1 e1f1,1094,fork mate matein4 middlegame verylong
KjFvW,8/5Bpk/pR5p/2r2p2/5P2/5nPP/3r4/4RK2 b - - 7 52,f3e1 f7g6 h7h8 b6b8 c5c8 b8c8 d2d8 c8d8,1159,endgame mate matein4 verylong
Kk0cZ,7k/1P4pp/4P3/8/p1P5/pP1BP2P/Pr4r1/1K1R3R w - - 1 31,b1a1 b2a2 a1b1 g2b2 b1c1 a2a1 d3b1 a1b1,1207,endgame mate matein4 verylong
Kk2g3,8/5p2/p3p1p1/qk2P2p/2r2Q2/1pP3PP/1P1R1P2/3K4 w - - 7 39,f4f7 a5a1 d1e2 c4e4 e2d3 a1b1 d2c2 b1c2,1284,endgame exposedking mate matein4 verylong
KlFia,8/1p2rk1p/2p2B2/1p2Pq2/3p3P/P7/1P4R1/6RK b - - 0 33,e7e6 g2g7 f7e8 g7g8 e8d7 g1g7 e6e7 g7e7,1043,endgame exposedking master mate matein4 operamate verylong
Klpjh,5rk1/p3brp1/bp2p2p/3pP3/3Bp1Q1/PP2P1R1/2q1B1PP/R5K1 w - - 4 22,e2a6 c2f2 g1h1 f2f1 a6f1 f7f1 a1f1 f8f1,1276,backrankmate mate matein4 middlegame sacrifice verylong
Klt8l,r6k/p1n4p/2p2p2/8/q2B4/6R1/P1P2PPP/3R2K1 b - - 1 28,a8f8 d4f6 f8f6 d1d8 c7e8 d8e8 f6f8 e8f8,1003,clearance endgame mate matein4 sacrifice verylong
KmqHu,2r5/pppk2pp/5p2/3KpN2/1P2P3/P1rP1P2/1B4PP/n6R w - - 5 24,b2c3 c7c6 d5c5 b7b6 c5c4 b6b5 c4c5 a1b3,1294,endgame mate matein4 verylong
Kqiap,2r5/R5p1/3P2kp/4Bp2/8/6PP/3r1PK1/8 b - - 0 53,c8c2 a7g7 g6h5 g3g4 f5g4 h3g4 h5h4 e5g3,1096,endgame mate matein4 verylong
Kt7f7,3r1rk1/2p3p1/p6p/1p6/1P1q1Pn1/2B3Pb/P1B4P/3RQ2K b - - 5 31,d4f2 e1e6 g8h8 c3g7 h8g7 e6g6 g7h8 g6h7,1118,attraction kingsideattack mate matein4 middlegame sacrifice verylong
KtMbr,5r1k/1b3qpp/1p3B2/pP1p4/P1rN2Q1/8/5RPP/5RK1 w - - 3 28,f6e5 f7f2 f1f2 c4c1 g4d1 c1d1 f2f1 d1f1,1109,kingsideattack mate matein4 middlegame sacrifice verylong
KtmQj,5rk1/6p1/5q1p/2R5/p7/r1P3Q1/5PPP/5RK1 w - - 0 28,g3e5 f6f2 f1f2 a3a1 e5e1 a1e1 f2f1 f8f1,1267,endgame mate matein4 sacrifice verylong
KtmbS,7k/1ppn3p/1n2Nr2/p4p1q/P2Pp1p1/1BP2pP1/1P3RbP/3RQ1K1 w - - 4 29,e6f4 h5h2 g1h2 f6h6 f4h3 h6h3 h2g1 h3h1,1177,attraction kingsideattack mate matein4 middlegame operamate sacrifice verylong
KuYeW,3r4/5ppk/1R5p/5PP1/2p2N1K/1b5P/1P6/8 b - - 0 33,d8d4 g5g6 f7g6 f5g6 h7h8 b6b8 d4d8 b8d8,1150,endgame mate matein4 verylong
KvzEb,6k1/5ppp/2N1b3/2q5/1p6/1Pn3PP/rQ3PB1/R5K1 b - - 2 30,a2b2 a1a8 e6c8 a8c8 c5f8 c6e7 g8h8 c8f8,1231,backrankmate mate matein4 middlegame pin verylong
KwJfW,r4rk1/p4p1p/2Np2pQ/2bP4/q3P3/5RPP/2R2P2/6K1 b - - 4 27,a4c2 c6e7 g8h8 e7g6 f7g6 f3f8 a8f8 h6f8,1247,mate matein4 middlegame pin verylong
Kx6bP,3r2k1/p5p1/3r2P1/7Q/5P2/1Pqp3P/P3p2K/4R3 b - - 0 39,c3e1 h5h7 g8f8 h7h8 f8e7 h8g7 e7e6 g7f7,1168,deflection endgame mate matein4 verylong
KxVeu,3r3k/5p1p/p3pNp1/1p2P3/3Q1PP1/1q6/7P/2R3K1 b - - 0 30,d8d4 c1c8 d4d8 c8d8 h8g7 d8g8 g7h6 g4g5,1121,endgame mate matein4 verylong
KxtVM,3r2k1/1pq2pp1/p1B4p/8/8/2B4P/PPPQ1PPb/4R2K b - - 2 20,d8d2 e1e8 g8h7 c6e4 f7f5 e4f5 g7g6 e8h8,1287,endgame mate matein4 verylong
Kymsh,5r2/r5kp/4R1p1/2p5/2Qp1q2/1P1P4/2P2PPP/5RK1 w - - 5 28,c4c5 f4f2 f1f2 a7a1 e6e1 a1e1 f2f1 e1f1,1288,endgame mate matein4 sacrifice verylong
Kz5Ks,r2q1rkR/np1bb1n1/p3p1Q1/3p2P1/3P1P2/2P5/PP1N3P/R1B3K1 b - - 2 20,g8h8 g6h6 h8g8 g5g6 f8f5 h6h7 g8f8 h7h8,1150,exposedking kingsideattack mate matein4 middlegame verylong
KzaW7,4rk2/6R1/2b2P2/3pP3/2p2K2/8/pp6/6R1 b - - 0 49,b2b1q g7g8 f8f7 g1g7 f7e6 g8e8 c6e8 g7e7,1229,deflection endgame exposedking mate matein4 verylong
L2M7V,5Q2/8/p3p1pk/8/5P2/r4rP1/3K4/8 b - - 2 49,h6h5 f8h8 h5g4 h8h4 g4f5 h4g5 f5e4 g5e5,1145,endgame master mate matein4 queenrookendgame verylong
L47sH,2k1r3/pp4p1/8/2pRPPpp/1q6/7P/K1Q5/4R3 b - - 1 33,b4e1 c2c5 c8b8 c5d6 b8a8 d6d8 e8d8 d5d8,1296,backrankmate endgame mate matein4 sacrifice verylong
L550M,3Q1rk1/5ppp/pp6/1bb2N2/2q5/4PP2/P5P1/3R2K1 b - - 0 28,f8d8 d1d8 b5e8 d8e8 c5f8 f5e7 g8h8 e8f8,1240,backrankmate deflection endgame mate matein4 verylong
L5A8Y,7k/p2N4/2p3K1/2P2P1R/2b4P/8/1p2r3/8 b - - 1 46,h8g8 d7f6 g8f8 h5h8 c4g8 h8g8 f8e7 g8e8,1221,endgame exposedking mate matein4 verylong
L784r,r1r3k1/4Qppp/5n2/1q6/3R4/n1B1P3/4NPP1/3R2K1 b - - 4 29,b5e2 d4d8 c8d8 d1d8 a8d8 e7d8 f6e8 d8e8,1143,mate matein4 middlegame verylong
L8J2u,2R5/q4rkp/p3p1p1/1p1pP3/5r2/P2Q1N2/1P3PPP/2R3K1 w - - 3 28,f3g5 a7f2 g1h1 f2f1 c1f1 f4f1 d3f1 f7f1,1016,backrankmate mate matein4 middlegame sacrifice verylong
LAvun,4R3/p1p2k2/8/5pP1/6r1/8/P2r4/4R2K b - - 7 37,d2d6 e1e7 f7g6 e8g8 g6h5 e7h7 d6h6 h7h6,1210,endgame exposedking mate matein4 rookendgame verylong
LBAsD,3r1rk1/Q5pp/4p1q1/R7/8/4BN2/5PPP/3R2K1 w - - 1 24,d1d8 g6b1 e3c1 b1c1 d8d1 c1d1 f3e1 d1e1,1120,mate matein4 middlegame verylong
LBjEk,r6k/3q1pr1/p1p2Q1p/2Rp4/8/1P2PN1b/P4PP1/5R1K w - - 0 22,f1g1 h3g2 g1g2 d7h3 g2h2 h3f1 f3g1 f1g1,1245,kingsideattack mate matein4 middlegame sacrifice verylong
LBlbC,5rk1/4Rrp1/p6p/3n4/2Q5/2N5/Pq3PPP/4R1K1 w - - 4 24,c3d5 b2f2 g1h1 f2f1 e1f1 f7f1 c4f1 f8f1,1177,backrankmate mate matein4 middlegame sacrifice verylong
LD253,1k5r/p1p3q1/1p1pB3/nPbPp3/2P5/2BQ1Rpr/P5P1/R6K w - - 0 28,e6h3 h8h3 g2h3 g3g2 h1h2 g2g1q a1g1 g7g1,1183,advancedpawn kingsideattack mate matein4 middlegame promotion sacrifice verylong
LEDWs,5r2/3pk3/p5R1/1p2p3/3nB3/6P1/PP4P1/3R2K1 w - - 2 28,g6a6 d4e2 g1h2 f8h8 e4h7 h8h7 a6h6 h7h6,1220,anastasiamate endgame mate matein4 verylong
LEeJ2,1Q6/p4ppk/q3p2P/r2p3P/8/Pp2P3/1P3P2/K2R4 w - - 3 34,h6g7 a5a3 b2a3 a6a3 a1b1 a3a2 b1c1 a2c2,1217,endgame mate matein4 sacrifice verylong
LFY4J,4r1k1/pp3ppp/2pb4/5P2/5BQ1/2P5/PP3RPP/R3q1K1 w - - 2 23,a1e1 e8e1 f2f1 d6c5 f4e3 c5e3 g1h1 e1f1,1183,backrankmate endgame mate matein4 verylong
LGNpJ,5r1k/pQ4pp/8/5p2/1P1nnB2/8/1P3PPP/qN3RK1 w - - 0 21,f4e5 d4e2 g1h1 e4f2 f1f2 a1b1 f2f1 b1f1,1279,deflection mate matein4 middlegame verylong
LHctQ,r1b1k1nr/ppp2p2/2B1p3/q3P3/7P/3P2B1/Pp3QP1/RNb2RK1 b kq - 0 16,b7c6 f2f7 e8d8 f7f8 d8d7 f1f7 g8e7 f8e7,1176,attackingf2f7 mate matein4 middlegame verylong
LHymt,6B1/6pp/b2k4/P1p5/3r4/8/5P1P/R1R3K1 w - - 2 32,g8h7 d4g4 g1h1 a6b7 h7e4 b7e4 f2f3 e4f3,1028,endgame mate matein4 morphysmate verylong
LIi0S,2R5/8/3R4/8/3k2K1/p5P1/r5r1/8 b - - 4 55,d4e3 c8e8 e3f2 d6f6 f2g1 e8e1 g1h2 f6h6,1239,endgame mate matein4 rookendgame verylong
LJV51,1r2r1k1/5p1p/4qQp1/8/8/1P6/1PP3RP/1K3R2 w - - 1 27,g2f2 e6e1 f1e1 e8e1 b1a2 b8a8 f6a6 a8a6,1178,endgame mate matein4 sacrifice verylong
LKM2N,rnQ5/1p1pk2q/p3p3/4Ppp1/8/3B1Pp1/PPP3P1/RNBR3K w - - 1 21,h1g1 h7h2 g1f1 h2h1 f1e2 h1g2 e2e1 g2f2,1042,deflection kingsideattack master mate matein4 middlegame verylong
LMQMw,5rk1/5ppp/R7/3p4/3P1Q2/P4RK1/6PP/q3r3 b - - 4 31,e1e4 f4f7 f8f7 a6a8 e4e8 a8e8 f7f8 f3f8,1105,endgame mate matein4 sacrifice verylong
LNkQX,3b1r1k/pp4pp/1q2br2/8/1P1NQ3/2P5/P4PPP/3RR1K1 w - - 4 23,d4e6 b6f2 g1h1 f2f1 e1f1 f6f1 d1f1 f8f1,1104,backrankmate mate matein4 middlegame sacrifice verylong
LO7BL,2k1r3/pp2r1n1/4qp2/7p/3P1B2/1PP5/P2N1PPQ/R4K2 w - - 1 30,d2f3 e6e2 f1g1 e2e1 f3e1 e7e1 a1e1 e8e1,1012,backrankmate mate matein4 middlegame sacrifice verylong
LOPra,2r2r1k/2q1bBp1/pp1p2Pp/3n1Q2/P2p1P2/7R/1PP4P/2K4R b - - 1 24,d5e3 h3h6 g7h6 g6g7 h8g7 f5g6 g7h8 g6h6,1237,advancedpawn attraction deflection kingsideattack mate matein4 middlegame sacrifice verylong
LOQEc,5k2/pp2rp2/3q1N1p/3P1Qp1/8/P3r3/1P3RK1/5R2 w - - 8 29,f5h7 d6g3 g2h1 g3h3 h1g1 e3g3 f2g2 h3g2,1129,exposedking mate matein4 middlegame verylong
LPLuJ,r7/8/2p1kpQ1/q2p1NP1/1p1Pp2P/1P2P3/1BP5/r1K2R1R w - - 1 30,b2a1 a5a1 c1d2 a1c3 d2d1 a8a1 d1e2 c3c2,1252,deflection mate matein4 middlegame queensideattack verylong
LPrTg,8/R3kp1p/5n2/4pq2/8/2BR4/1PK5/8 b - - 0 33,e7e6 a7a6 e6e7 c3b4 e7e8 a6a8 f5c8 a8c8,1260,endgame mate matein4 pillsburysmate verylong
LR6Vo,6k1/3r3p/p2p2Q1/2p1p1P1/P3P3/1rq2PKR/8/7R b - - 0 39,h7g6 h3h8 g8f7 h1h7 f7e6 h8e8 d7e7 h7e7,1150,endgame exposedking mate matein4 queenrookendgame verylong
LRbXW,3Rr3/1p2P1pk/p3Q2p/5p2/4bP2/1P5P/P1r4K/3R4 w - - 4 36,h2g3 c2g2 g3h4 g7g5 f4g5 h6g5 h4h5 e4f3,1284,endgame mate matein4 morphysmate verylong
LSgDq,6k1/p1q2rBp/1p3Pr1/2p1nR1Q/3pP3/2P3P1/PP5P/6K1 b - - 6 32,e5d7 h5h7 g8h7 f5h5 g6h6 h5h6 h7g8 h6h8,1228,attraction kingsideattack mate matein4 middlegame operamate sacrifice verylong
LT42j,r2br1k1/qp3p2/p5pB/3pn3/1P1N2Q1/2P5/P5PP/4RR1K b - - 0 29,e5g4 e1e8 g8h7 f1f7 h7h6 e8h8 h6g5 h2h4,1169,hangingpiece kingsideattack mate matein4 middlegame verylong
LVWA0,1k3r1r/p2np3/1P1p4/2pQ4/2P2q1p/5P2/1RP2KP1/1R6 b - - 0 34,d7b6 b2b6 a7b6 b1b6 b8c7 d5c6 c7d8 b6b8,1291,mate matein4 middlegame queensideattack verylong
LXnXi,5r1k/4Q1p1/2Bp3p/1P3r2/PNbqp3/8/5PPP/1R3RK1 w - - 7 35,f1d1 d4f2 g1h1 f2f1 d1f1 f5f1 b1f1 f8f1,1253,backrankmate mate matein4 middlegame sacrifice verylong
LdUmP,r4rk1/ppp2ppp/2np1q2/5R1Q/2B1n3/4P3/PPP3PP/RN4K1 b - - 0 12,f6b2 c4f7 f8f7 h5f7 g8h8 f7f8 a8f8 f5f8,1271,backrankmate mate matein4 middlegame verylong
LdzFv,5r1k/p5p1/1p3q1p/3Q4/8/P1r2N2/5RPP/5RK1 w - - 0 32,f3e5 f6f2 f1f2 c3c1 d5d1 c1d1 f2f1 f8f1,1074,mate matein4 middlegame sacrifice verylong
Leisu,3r4/ppR2Bbk/2n4p/8/4bPn1/2N2R2/PP4PP/6K1 w - - 3 24,c3e4 d8d1 f3f1 g7d4 e4f2 d4f2 g1h1 d1f1,1251,mate matein4 middlegame verylong
Lf9c5,5rk1/p4ppp/2q5/4P3/5QPK/3r4/P7/1R3R2 b - - 4 27,c6g2 f4f7 f8f7 b1b8 d3d8 b8d8 f7f8 f1f8,1160,endgame mate matein4 sacrifice verylong
Lgwb4,4r2k/6p1/2pb2qp/1p1p4/3Qb3/1NP4P/PP3PPN/5R1K w - - 2 24,f1g1 e4g2 g1g2 e8e1 h2f1 e1f1 g2g1 g6g1,1251,kingsideattack mate matein4 middlegame sacrifice verylong
LhDuE,8/p2Q4/kp6/2p3n1/8/1PPr2Bq/P5RK/8 w - - 3 52,d7h3 g5f3 h2h1 d3d1 g3e1 d1e1 g2g1 e1g1,1144,arabianmate endgame exposedking mate matein4 verylong
Li8GJ,2Rr1rk1/p2Q1ppp/1p2p3/4P3/3N2q1/8/PP2bPP1/2R3K1 b - - 4 21,d8d7 c8f8 g8f8 c1c8 d7d8 c8d8 f8e7 d4c6,1221,attraction cornermate kingsideattack mate matein4 middlegame verylong
LiaU7,3R4/3R2kp/4r3/2p1p3/2P2pPn/5P1P/7r/5K2 b - - 3 47,g7g6 d8g8 g6h6 g4g5 h6h5 d7h7 e6h6 h7h6,1102,deflection endgame exposedking mate matein4 verylong
Lj1G0,r1b2rk1/pp3pp1/5q1p/4N3/4Bn2/P1P5/2Q2PPP/R3R1K1 b - - 2 18,f6g5 e4h7 g8h8 e5f7 f8f7 e1e8 f7f8 e8f8,1171,clearance deflection kingsideattack mate matein4 middlegame sacrifice verylong
LjjBu,5rk1/6pp/3ppr2/QP1p4/3Pp3/2P1P3/4qPPP/R4RK1 w - - 1 22,b5b6 f6f2 f1f2 e2f2 g1h1 f2f1 a1f1 f8f1,1198,backrankmate endgame mate matein4 sacrifice verylong
LmKf6,1kn4Q/1pp4P/3p4/3np3/2q5/P7/KR5R/3B4 w - - 3 47,d1b3 d5c3 a2a1 c4f1 b3d1 f1d1 b2b1 d1b1,1143,mate matein4 middlegame verylong
LnjWk,6rk/ppr2p1p/5p2/7q/5P2/1P2PP1P/P6R/3Q1R1K w - - 0 28,d1d4 h5f3 f1f3 c7c1 d4d1 c1d1 f3f1 d1f1,1206,endgame exposedking mate matein4 sacrifice verylong
Loe8H,2rq2kr/pp4p1/4p1Qp/3bP3/3P1R2/4B3/Pb4PP/5RK1 b - - 3 22,h8h7 g6f7 g8h8 f7f8 d8f8 f4f8 c8f8 f1f8,1199,backrankmate mate matein4 middlegame verylong
LpcIw,r4rk1/p1p2ppp/1p6/3N4/5P2/6q1/PPP3P1/2KR3R b - - 1 19,c7c6 d5e7 g8h8 h1h7 h8h7 d1h1 g3h2 h1h2,1163,anastasiamate attraction endgame mate matein4 sacrifice verylong
LqAUR,R4bk1/3r1ppp/3P4/2q1P3/1ppp1P2/4rBP1/R4K1P/8 b - - 9 35,d4d3 a8f8 g8f8 a2a8 c5c8 a8c8 d7d8 c8d8,1016,attraction kingsideattack mate matein4 middlegame sacrifice verylong
LqlX0,5r2/5B2/5rpk/p1p3pp/P7/1P1PQP1q/2P5/3K2R1 b - - 0 43,f6f7 e3g5 h6h7 g5g6 h7h8 g6h6 f7h7 h6f8,1245,deflection endgame mate matein4 verylong
LrLal,6k1/pR4p1/3P3p/2br4/2p5/2Pn2B1/P5PP/5R1K w - - 0 28,f1f7 d3f2 g3f2 d5d1 f2e1 d1e1 f7f1 e1f1,1091,backrankmate clearance endgame mate matein4 sacrifice verylong
Lrd3G,8/5ppk/1R5p/1pr2PP1/7P/5PK1/8/2r5 b - - 0 49,c1b1 g5g6 f7g6 f5g6 h7h8 b6b8 c5c8 b8c8,1260,endgame mate matein4 rookendgame verylong
LuAQz,6k1/6pp/2r1p1p1/R2p4/1p1P1qPP/3B2n1/2P3K1/Q7 b - - 0 37,f4g4 a5a8 c6c8 a8c8 g8f7 a1a7 f7f6 c8f8,1063,endgame epaulettemate mate matein4 verylong
Lue92,rnbqr1k1/pppp2pp/8/4P1N1/2Pb3P/8/PPQ1p1PK/RN3R2 b - - 1 14,e2f1q c2h7 g8f8 h7h8 f8e7 h8g7 f1f7 g7f7,1134,deflection kingsideattack mate matein4 middlegame verylong
Lx8rk,5rk1/5ppp/p2p4/3Nbp2/8/4KP2/P1r2P2/3R3R b - - 1 26,c2a2 d5e7 g8h8 h1h7 h8h7 d1h1 e5h2 h1h2,1299,anastasiamate attraction endgame mate matein4 sacrifice verylong
Lxeky,8/p1p4k/7p/2B2r1q/1PP1p1p1/P1R1QbP1/5P1P/5BK1 w - - 4 37,e3d4 h5h2 g1h2 f5h5 f1h3 h5h3 h2g1 h3h1,1132,attraction kingsideattack mate matein4 middlegame operamate sacrifice verylong
Ly2lu,3r1r2/1k4pp/pNp5/2P2q2/PP2p3/4R3/2Q2nPP/5RK1 w - - 0 28,c2f2 f5f2 f1f2 d8d1 e3e1 d1e1 f2f1 e1f1,1282,mate matein4 middlegame verylong
LyMvX,2b3nr/pp4p1/3k4/3Np3/n1P2p2/b5P1/P2BPP1P/1K1R1B1R w - - 2 19,g3f4 c8f5 e2e4 f5e4 f1d3 e4d3 b1a1 a3b2,1175,fork mate matein4 middlegame verylong
LyZsr,5Q2/pb1p2q1/1p2k1p1/4r1P1/8/4PP2/2r4P/5RK1 w - - 0 31,f8g7 e5g5 g1h1 b7f3 f1f3 c2c1 f3f1 c1f1,1275,endgame mate matein4 verylong
M0NW7,8/4RBpk/4p2p/3bPp2/5P2/7P/r5PK/8 w - - 1 52,h2g3 a2g2 g3h4 g7g5 f4g5 h6g5 h4h5 d5f3,1254,endgame master mate matein4 morphysmate verylong
M0aTh,1k2r3/ppp4p/8/5Q2/qP1R4/5PP1/1KP1r3/3R4 b - - 1 30,a7a6 d4d8 e8d8 d1d8 b8a7 f5c5 b7b6 c5c7,1094,endgame mate matein4 verylong
M0r9N,r6k/pppR2p1/4B1Qp/b3q3/8/P7/1P3rPP/5RK1 w - - 0 24,f1f2 e5e1 f2f1 a5b6 d7d4 b6d4 g1h1 e1f1,1253,mate matein4 middlegame verylong
M2S24,6k1/1p3ppr/1q2p2p/1b1R4/p2r4/P2R2Q1/1PP2PP1/1K6 b - - 0 32,d4d5 g3b8 b6d8 b8d8 d5d8 d3d8 b5e8 d8e8,1078,backrankmate endgame mate matein4 verylong xrayattack
M53rF,8/P7/1Q6/8/5kpp/7P/r4PPK/8 w - - 0 41,b6b7 g4g3 f2g3 h4g3 h2g1 a2a1 b7b1 a1b1,1074,endgame mate matein4 queenrookendgame verylong
M5RLZ,5rk1/pp4pp/4pr2/3pQ1N1/3P4/1P6/P1q3PP/3RR1K1 w - - 5 27,g5e6 c2f2 g1h1 f2f1 e1f1 f6f1 d1f1 f8f1,1275,backrankmate mate matein4 middlegame sacrifice verylong
M5mgw,5rk1/3R4/6pp/8/4BQ2/4P1PP/q4P2/6K1 w - - 3 37,f4h6 a2f2 g1h1 f2f1 h1h2 f8f2 e4g2 f1g2,1173,endgame mate matein4 verylong
M6Zo9,rnb2rk1/pp3Npp/1b6/3p4/3P4/1Q3P2/PP5q/1K1RR3 b - - 0 19,f8f7 e1e8 f7f8 b3d5 c8e6 d5e6 g8h8 e8f8,1168,backrankmate deflection fork mate matein4 middlegame pin verylong
M7o50,4r2k/pp3prp/5p2/3p4/4P3/2PB3b/PP3PPP/R1B3RK w - - 5 19,e4d5 h3g2 g1g2 e8e1 d3f1 e1f1 g2g1 f1g1,1203,kingsideattack mate matein4 middlegame sacrifice verylong
M8OJ1,5rk1/p1pQ2pp/4p3/5q2/2P5/1r6/5PPP/R4RK1 w - - 0 21,a1a7 f5f2 f1f2 b3b1 d7d1 b1d1 f2f1 d1f1,1182,endgame mate matein4 sacrifice verylong
MBFwy,8/8/8/p1p2pPp/k1P4P/P7/K7/8 b - - 0 48,f5f4 g5g6 f4f3 g6g7 f3f2 g7g8q f2f1q g8e8,1023,advancedpawn endgame mate matein4 pawnendgame promotion verylong
MCl88,1r3r2/2p3k1/p2p3p/1p2pBR1/3qP3/3P1P2/P4PQK/8 b - - 0 31,h6g5 g2g5 g7f7 g5g6 f7e7 g6e6 e7d8 e6d7,1054,endgame exposedking mate matein4 verylong
MG0A9,rn3rk1/pp1qb1pB/2ppp3/6P1/2P4P/8/PP3P2/R1BQ1RK1 b - - 0 17,g8h7 d1h5 h7g8 g5g6 f8f5 h5h7 g8f8 h7h8,1235,mate matein4 middlegame verylong
MHkhK,7R/7P/1kp1N3/pp2p2r/4p3/4nn2/PPP5/1K1R4 w - - 1 38,d1c1 f3d2 b1a1 e3c2 c1c2 h5h1 c2c1 h1c1,1115,backrankmate deflection endgame master mate matein4 sacrifice verylong
MHqb6,3br3/1p1r3k/1Pb5/5p2/2Bp1B2/8/5K2/1RR5 b - - 3 35,d7g7 c1h1 c6h1 b1h1 d8h4 h1h4 h7g6 h4h6,1095,exposedking mate matein4 middlegame operamate pillsburysmate sacrifice verylong
MHsEP,2r4k/3n1p1p/p2B4/5Q2/1p1q4/4p3/PPP4P/2K3R1 w - - 0 30,f5d7 d4d2 c1b1 d2c2 b1a1 c2c1 g1c1 c8c1,1251,backrankmate endgame mate matein4 sacrifice verylong
MI6oU,4rR2/p3Q1pk/2p1N1q1/3pP2p/2P5/1P5P/P3n1PK/8 w - - 3 29,e7e8 g6g3 h2h1 g3e1 f8f1 e1f1 h1h2 f1g1,1019,endgame mate matein4 verylong
MKRzq,3r1r1b/p4p1k/2n2Pp1/4p1Qp/8/2P1B1R1/P3q1PP/6RK b - - 5 26,d8d1 g5h6 h7g8 g3g6 f7g6 h6g6 h8g7 g6g7,1242,deflection discoveredattack fork mate matein4 middlegame sacrifice verylong
MLpmP,1b4rk/3b2rp/p7/1p3pq1/1P2pN2/P3P2P/2Q1BRP1/3R2K1 w - - 4 44,f4h5 g5g2 f2g2 g7g2 g1f1 g2g1 f1f2 g8g2,1185,blindswinemate kingsideattack mate matein4 middlegame sacrifice verylong
MMnm9,5rk1/1R3Qpp/p2p4/3Pp1b1/2r1P3/q7/P5PP/5R1K b - - 0 23,f8f7 b7b8 c4c8 b8c8 g5d8 c8d8 f7f8 f1f8,1250,endgame mate matein4 verylong
MNrVr,8/3r4/8/6k1/R5pp/8/PP3P1P/4R1K1 w - - 2 40,e1e4 d7d1 e4e1 d1e1 g1g2 h4h3 g2g3 e1g1,1066,endgame mate matein4 rookendgame verylong
MO3fG,4rrk1/p5p1/1qp3p1/6N1/2P5/5P1Q/P1n3PP/3R1K2 b - - 4 27,f8f6 h3h7 g8f8 h7h8 f8e7 h8g7 f6f7 g7f7,1284,deflection mate matein4 middlegame verylong
MOI6v,5rk1/p4rp1/2p1p2p/8/1p1QP2q/1P6/P1P3PP/1R2R1K1 w - - 3 26,d4b4 h4f2 g1h1 f2f1 e1f1 f7f1 b1f1 f8f1,1220,backrankmate endgame mate matein4 sacrifice verylong
MOWMy,5rk1/pp3ppp/2q5/3R1Q2/3P4/4P3/PPr3PP/5RK1 b - - 4 21,c2b2 f5f7 f8f7 d5d8 c6e8 d8e8 f7f8 f1f8,1076,endgame mate matein4 sacrifice verylong
MOhMC,2R3B1/6pk/7p/5p2/8/4P1KP/1r3rP1/8 b - - 1 38,h7g6 c8c6 g6g5 h3h4 g5h5 g8f7 g7g6 f7g6,1095,endgame mate matein4 verylong
MOjoj,r1b4k/pp3prp/2p2p2/3pnP1Q/3qP2R/1B5R/PPP3PP/7K b - - 5 24,e5g4 h5h7 g7h7 h4h7 h8g8 h7h8 g8g7 h3h7,1121,blindswinemate kingsideattack mate matein4 middlegame sacrifice verylong
MPO5A,r3r3/ppp1R1pp/1k6/8/8/1bP5/1P1P1PPP/2B1K2R w K - 1 20,e7e8 a8e8 e1f1 b3c4 d2d3 c4d3 f1g1 e8e1,1132,backrankmate endgame mate matein4 verylong
MPqoo,r3Q1k1/pp3rpp/8/2p5/3n4/3P2P1/PqP3BP/4R1K1 b - - 1 19,a8e8 e1e8 f7f8 g2d5 d4e6 d5e6 g8h8 e8f8,1129,backrankmate endgame mate matein4 verylong
MQfrf,5r1k/1pr2pp1/p2p3p/7R/4P2Q/5R1P/q5PK/8 b - - 1 30,a2b2 h5h6 g7h6 h4h6 h8g8 f3g3 b2g7 g3g7,1059,endgame fork mate matein4 sacrifice verylong
MV4Ur,2r3k1/5ppp/p7/1p6/2r5/2PR1Q1P/1q3PP1/3R2K1 b - - 2 27,h7h6 d3d8 c8d8 d1d8 g8h7 f3f5 g7g6 f5f7,1218,endgame mate matein4 verylong
MVbK2,2kr4/p1p1r3/1p5p/8/3P2Pp/4Q2P/PPP4q/R2KR3 w - - 0 27,e3e7 d8d4 d1c1 h2d2 c1b1 d2d1 e1d1 d4d1,1280,backrankmate endgame mate matein4 sacrifice verylong
MWJIH,3rk3/p1Q2ppp/1p6/8/3Pq3/8/P4PPP/5RK1 b - - 0 22,e4d4 f1e1 e8f8 c7e7 f8g8 e7e8 d8e8 e1e8,1204,backrankmate endgame mate matein4 sacrifice verylong
MWzOy,r2R1R2/ppp2pkp/6p1/6q1/2P5/2P2BPb/P1Q4P/6K1 w - - 1 24,d8a8 g5e3 c2f2 e3c1 f3d1 c1d1 f2e1 d1e1,1217,endgame fork mate matein4 verylong
MX6k0,5rk1/Rpp2ppp/2p5/2P5/8/4PQ2/1q1r2PP/5RK1 b - - 0 19,b2c3 f3f7 f8f7 a7a8 d2d8 a8d8 f7f8 f1f8,1280,endgame mate matein4 sacrifice verylong
MX9Kc,4r1k1/p4ppp/2b5/3p4/8/2P5/PP3PPP/R1B1N1K1 w - - 0 22,g1f1 c6b5 c3c4 b5c4 e1d3 c4d3 f1g1 e8e1,1109,backrankmate endgame mate matein4 verylong
MXqqK,r4r1k/4q1p1/1p1n2Bp/1PpQ4/p2p1PpR/3Pp3/PP6/2K4R b - - 2 33,e7f6 h4h6 g7h6 h1h6 h8g7 h6h7 g7g6 d5h5,1241,kingsideattack mate matein4 middlegame sacrifice trianglemate verylong
MYuUz,3r3k/pb4p1/1p1qppP1/3r4/6R1/7Q/PPP2PP1/2K5 b - - 1 26,h8g8 h3h7 g8f8 h7h8 f8e7 h8g7 e7e8 g7f7,1145,deflection endgame mate matein4 verylong
MZYKL,5rk1/2p3pp/p2P4/1p2Pr2/5q2/2N3R1/PP4PP/R2Q2K1 w - - 1 24,d6c7 f4f2 g1h1 f2f1 d1f1 f5f1 a1f1 f8f1,1152,backrankmate mate matein4 middlegame verylong
MZpBc,8/8/3P4/8/1p6/8/2k5/K7 w - - 0 61,d6d7 b4b3 d7d8q b3b2 a1a2 b2b1q a2a3 b1b3,1152,advancedpawn endgame exposedking mate matein4 pawnendgame promotion verylong
Mb1Cy,3R4/p4p1k/1pN4p/4B1p1/4n3/7P/r3rPP1/6K1 b - - 2 29,e2f2 d8h8 h7g6 c6e7 g6h5 g2g4 h5h4 h8h6,1257,deflection endgame mate matein4 pillsburysmate verylong
MdvMX,6k1/p1Q2pb1/3p2pp/1P1P4/1P2P2q/4r2P/6P1/5RK1 b - - 0 26,g7d4 c7f7 g8h8 f7f8 h8h7 f1f7 d4g7 f8g7,1235,endgame mate matein4 verylong
MePai,6r1/p1pp2pk/1p5r/2PPQ3/4Pp2/5P1q/PB3PRP/7K b - - 0 25,h3f3 e5f5 h7h8 b2g7 g8g7 f5f8 g7g8 f8h6,1294,discoveredattack endgame fork mate matein4 sacrifice verylong
Mecye,6k1/pp4pp/3p2q1/3R4/2P2r2/2B3Q1/PP3bPP/5RK1 w - - 0 26,f1f2 g6b1 d5d1 b1d1 c3e1 d1e1 f2f1 e1f1,1063,endgame mate matein4 verylong
MfYrb,3rr1k1/1P1p1pbp/p2B2p1/1pP5/1P3N2/2N3P1/5qBP/1R1nR2K w - - 0 23,e1e8 d8e8 b1d1 e8e1 d1e1 f2e1 g2f1 e1f1,1125,fork mate matein4 middlegame verylong
Mi5o1,6rk/6pp/pp3p2/4pP1Q/1P2q3/5R2/3p3K/8 b - - 1 42,d2d1q h5h7 h8h7 f3h3 e4h4 h3h4 d1h5 h4h5,1164,attraction endgame mate matein4 sacrifice verylong
MiXkh,k1r2r2/1p2R3/3Q4/p2P4/3P2pp/P2B3P/1P4PK/8 w - - 0 31,d6b6 g4g3 h2g1 c8c1 e7e1 c1e1 d3f1 e1f1,1031,endgame mate matein4 verylong
Mj6JT,7k/p1n1b1rp/1q4p1/2pBPpP1/P1Pp1P1R/3P2K1/4Q2R/1r2B3 b - - 12 38,b6b3 h4h7 g7h7 h2h7 h8h7 e2h2 h7g7 h2h6,1076,attraction kingsideattack mate matein4 middlegame sacrifice verylong
MkNgx,rr6/7k/pq4pP/3Q2b1/8/PP6/2P5/1K1R4 b - - 0 30,b8d8 d5f7 h7h6 d1h1 g5h4 h1h4 h6g5 f7f4,1239,endgame mate matein4 verylong
Ml3Bb,6k1/5ppp/r2Br3/2Pp4/p2P2n1/2n1P2P/P2N1PP1/R4RK1 w - - 1 22,h3g4 c3e2 g1h1 e6h6 d6h2 h6h2 h1h2 a6h6,1238,anastasiamate attraction kingsideattack mate matein4 middlegame sacrifice verylong
MmXQh,r5k1/1p3nbp/p3Rqp1/3Q1p2/P2P4/1B3P2/1P3P2/5K2 b - - 7 31,f6d4 e6e8 a8e8 d5f7 g8h8 f7e8 g7f8 e8f8,1244,attraction discoveredattack fork mate matein4 middlegame sacrifice verylong
MpKGa,3r1rk1/p4ppp/1p2p3/8/8/1P3QP1/Pq4PP/2R2RK1 b - - 2 22,d8d2 f3f7 f8f7 c1c8 d2d8 c8d8 f7f8 f1f8,1267,endgame mate matein4 sacrifice verylong
MrMIy,1k2q3/1p6/p1n3r1/2p4p/R1PppQ2/1P6/5PP1/R5K1 b - - 1 28,b8a7 a4a6 b7a6 f4c7 a7a8 a1a6 c6a7 c7a7,1280,deflection endgame mate matein4 sacrifice verylong
MrfC3,5rk1/pQ4pp/3R4/3n4/2rq4/P7/5PPP/5RK1 w - - 0 25,d6d5 d4f2 f1f2 c4c1 d5d1 c1d1 f2f1 d1f1,1261,endgame mate matein4 sacrifice verylong
MryA4,r3r1k1/ppq2ppp/2pb4/3p1B2/3Pn3/2P2Q1P/PP3PP1/R1B2RK1 w - - 1 18,f3g4 d6h2 g1h1 e4f2 f1f2 e8e1 f2f1 e1f1,1172,clearance deflection kingsideattack mate matein4 middlegame sacrifice verylong
MtDZu,r1b2k1r/pp1p1ppp/8/8/8/2B5/PPP2PPP/3qR1K1 b - - 1 16,d1c2 c3b4 c2c5 b4c5 d7d6 c5d6 f8g8 e1e8,1262,backrankmate endgame mate matein4 verylong
MubGf,3r2k1/1ppr1pp1/p7/4p2P/2Bqb3/3P2Q1/PPP5/2K2R1R w - - 0 25,d3e4 d4d2 c1b1 d2d1 f1d1 d7d1 h1d1 d8d1,1287,backrankmate mate matein4 middlegame sacrifice verylong
MzTT7,1r4k1/5p2/4p1pp/p2pP1q1/3P4/P1R2QP1/1r5P/2R3K1 b - - 1 34,g5d2 c3c8 b8c8 c1c8 g8g7 f3f6 g7h7 f6f7,1170,deflection endgame mate matein4 verylong
Mzcn4,2kr2nr/pppn1Q1p/6p1/8/4q3/2P3P1/PP1R3P/2K2R2 b - - 2 19,e4e3 f7d7 d8d7 f1f8 e3e8 f8e8 d7d8 d2d8,1074,clearance mate matein4 middlegame queensideattack sacrifice verylong
N0avR,1k4r1/1p5p/p1qp2r1/4pQ2/8/2P1B1n1/PP3P1P/3R1RK1 w - - 0 25,f2g3 g6g3 h2g3 g8g3 g1f2 c6g2 f2e1 g3e3,1126,deflection epaulettemate fork mate matein4 middlegame sacrifice verylong
N1Bcv,8/2p5/2kr2Q1/5p2/8/P1pr1P2/4qBPP/R1R3K1 w - - 1 34,g6f5 d3d1 c1d1 d6d1 a1d1 e2d1 f2e1 d1e1,1048,mate matein4 middlegame verylong
N3zjC,4Q3/7p/2P2p1k/6p1/4pnn1/8/1r3PPP/5RK1 w - - 5 39,c6c7 f4e2 g1h1 g4f2 f1f2 b2b1 f2f1 b1f1,1267,backrankmate deflection endgame mate matein4 sacrifice verylong
N4XHu,6k1/2p2pp1/3p1qb1/1p2p3/6RQ/1PP4P/6PK/r7 b - - 6 29,f6f1 h4d8 g8h7 g4h4 g6h5 h4h5 h7g6 d8g5,1125,endgame mate matein4 verylong
N5eYD,8/4kpp1/p1N1n3/1pp5/4P1K1/2PP1P2/r7/1R6 b - - 2 33,e7f6 e4e5 f6g6 c6e7 g6h7 b1h1 a2h2 h1h2,1195,anastasiamate endgame exposedking mate matein4 verylong
N6rqS,1r4k1/1r3p2/6p1/3p2P1/B2PpN1P/P1P1RbB1/1P6/1K6 w - - 5 37,f4d5 b7b2 b1c1 b2b1 c1d2 b8b2 a4c2 b1d1,1271,mate matein4 middlegame operamate pin queensideattack verylong
N7Yrk,5r1k/1bR2Rp1/pq2p2p/p2pP3/8/1r1B4/2Q2PPP/6K1 b - - 0 31,f8f7 c7c8 b7c8 c2c8 b6d8 c8d8 f7f8 d8f8,1069,mate matein4 middlegame sacrifice verylong
N9JeM,1r3nk1/p4p1p/1r4p1/3pP1P1/3P3Q/2p1P3/PP5R/2K5 w - - 0 33,b2c3 b6b1 c1d2 b8b2 d2d3 b1d1 h2d2 d1d2,1255,endgame epaulettemate exposedking mate matein4 queensideattack verylong
NBmGm,4Q3/1p1Q3p/5rpk/6q1/2P5/1P2np2/P4R1P/2R3K1 w - - 1 36,g1h1 g5g2 f2g2 f3g2 h1g1 f6f1 c1f1 g2f1q,1159,advancedpawn mate matein4 middlegame promotion sacrifice verylong
NERoN,4rk2/1p1R3Q/p3rq2/2p5/P7/7P/1P3PP1/3R2K1 w - - 3 28,h7h5 e6e1 d1e1 e8e1 g1h2 f6f4 g2g3 f4f2,1136,endgame mate matein4 verylong
NG1lK,r7/ppR4p/5kp1/4p3/4b1P1/1B3PKP/Pr6/8 b - - 0 26,e4c6 c7f7 f6g5 h3h4 g5h6 g4g5 h6h5 f7h7,1138,deflection endgame mate matein4 verylong
NId3c,3r2k1/4Rpbp/pq4p1/1p6/2pN2PP/5Q2/PP3PB1/6K1 b - - 0 29,b6d4 f3f7 g8h8 e7e8 d8e8 f7e8 g7f8 e8f8,1261,endgame mate matein4 verylong
NIm1b,5rk1/p4p1p/2r3pP/q2pP3/3R1B2/1Pp2P2/PbQ3P1/1K1R4 w - - 7 28,d4d5 a5a2 b1a2 c6a6 d5a5 a6a5 a2b1 a5a1,1060,attraction mate matein4 middlegame operamate queensideattack sacrifice verylong
NJHfW,5bk1/p1q2p2/4p1pP/4P3/3P1Q2/2r2PK1/P7/7R b - - 8 43,c3c2 h6h7 g8h8 f4f6 f8g7 f6g7 h8g7 h7h8q,1210,advancedpawn attraction endgame mate matein4 promotion verylong
NK3k2,2r2r2/pp3p1k/3qpPb1/3p2Qp/1P6/PBpP3R/2P3P1/6K1 b - - 6 29,f8h8 h3h5 h7g8 h5h8 g8h8 g5h6 g6h7 h6g7,1205,attraction exposedking mate matein4 middlegame verylong
NK8vs,k1r5/1pr2p2/pQ2p1p1/R2p3q/3P4/6RP/PPP5/4K3 b - - 5 39,h5f5 a5a6 b7a6 b6a6 a8b8 g3b3 c7b7 a6b7,1123,endgame mate matein4 queensideattack sacrifice verylong
NKT31,4k3/p1Q2R2/2p3q1/8/1P1pP2p/3P1p1P/P4P2/2R3K1 w - - 1 32,g1f1 g6g2 f1e1 g2g1 e1d2 g1f2 d2d1 f2e2,1184,deflection endgame mate matein4 verylong
NLw6l,N7/pp1k1pp1/3p4/1N2p3/1PPnP2q/P2P2p1/6P1/R2Q2K1 w - - 0 22,b5d4 h4h2 g1f1 h2h1 f1e2 h1g2 e2e1 g2f2,1172,deflection endgame kingsideattack mate matein4 verylong
NOB4M,2r3rk/p6p/p3p1qp/3pPp2/3b1P1Q/1PP4R/P5PP/6RK w - - 0 30,c3d4 g6g2 g1g2 c8c1 h4e1 c1e1 g2g1 e1g1,1278,endgame kingsideattack mate matein4 sacrifice verylong
NQdud,5rk1/6p1/2N1prPb/Q4q2/1p1P4/7R/PP3P2/K6R b - - 0 31,f5a5 c6e7 g8h8 h3h6 g7h6 h1h6 h8g7 h6h7,1280,mate matein4 middlegame verylong
NQqJh,r2q1rk1/pb4p1/1pnbpp2/2pp3p/3P1PNQ/1PPBP3/PB4PP/R4RK1 b - - 1 16,h5g4 h4h7 g8f7 d3g6 f7e7 h7g7 f8f7 g7f7,1240,deflection kingsideattack mate matein4 middlegame verylong
NRrmK,2r1r1k1/pp2bp1p/1qp1p1p1/3nB1P1/3PR2Q/7P/P4P2/1B1R2K1 b - - 3 24,e7f8 h4h7 g8h7 e4h4 f8h6 h4h6 h7g8 h6h8,1059,attraction kingsideattack mate matein4 middlegame operamate sacrifice verylong
NSEjG,4r3/1b4k1/p4q1p/Pp1p2pQ/3Nrp2/1RP1P2P/5PP1/2R3K1 w - - 0 29,e3f4 e4e1 c1e1 e8e1 g1h2 f6f4 g2g3 f4f2,1106,kingsideattack mate matein4 middlegame verylong
NSYob,5k2/1p3pp1/p3p3/3p4/3P1PPq/P2QP1p1/1P4P1/5RK1 w - - 0 23,f1d1 h4h2 g1f1 h2h1 f1e2 h1g2 e2e1 g2f2,1123,deflection endgame mate matein4 verylong
NWHCy,3r2k1/p3Rpbp/6p1/2p4n/8/1QP2PP1/PP1q1NKP/8 b - - 0 25,d2g5 b3f7 g8h8 e7e8 d8e8 f7e8 g7f8 e8f8,1266,kingsideattack mate matein4 middlegame verylong
NYsuQ,2kr4/pp1nb3/2p5/5pp1/P1P3p1/3P2P1/3NB1Pq/1R1Q3K w - - 0 29,h1h2 d8h8 h2g1 e7c5 d3d4 c5d4 g1f1 h8h1,1004,mate matein4 middlegame pillsburysmate verylong
NhcEk,r1bq1rk1/1pp3p1/p2p4/4ppNQ/B1P5/3P4/PP4PP/R4nK1 b - - 1 16,f8f6 h5h7 g8f8 h7h8 f8e7 h8g7 f6f7 g7f7,1164,deflection kingsideattack mate matein4 middlegame swallowstailmate verylong
Nhkkr,5rk1/p1p2pp1/7p/8/7q/2P2Q2/PP1rR1PP/4R2K b - - 4 28,f8d8 e2e8 d8e8 e1e8 g8h7 f3f5 g7g6 f5f7,1153,endgame mate matein4 verylong
NiBW7,3r1r1k/pp4pp/8/5q2/4p3/1Q2R3/PP3PPP/5RK1 w - - 0 23,b3b7 f5f2 f1f2 d8d1 e3e1 d1e1 f2f1 e1f1,1232,endgame master mastervsmaster mate matein4 sacrifice verylong
NiIXL,3r2k1/Q4p1p/1p2B1p1/8/3r3n/P5PP/2P1RPqK/6R1 w - - 3 35,g1g2 h4f3 h2h1 d4d1 e2e1 d1e1 g2g1 e1g1,1146,arabianmate fork mate matein4 middlegame verylong
NizwI,r1b1rbk1/2q2p1p/2p2Bp1/3pPpP1/2pP3Q/P3R3/5P1P/RN4K1 b - - 3 23,e8e6 h4h7 g8h7 e3h3 f8h6 h3h6 h7g8 h6h8,1156,attraction kingsideattack mate matein4 middlegame operamate sacrifice verylong
NjSgC,4r1k1/pp3ppp/8/4r3/8/2NQ4/PP3qPP/2RR3K w - - 4 24,b2b3 e5e1 d1e1 e8e1 c1e1 f2e1 d3f1 e1f1,1195,mate matein4 middlegame verylong
NkVkR,7k/1b3p2/p2ppNp1/1p2n1P1/4PR2/r2B4/2P4P/6K1 b - - 1 26,e5d3 f4h4 h8g7 h4h7 g7f8 h7h8 f8e7 h8e8,1242,endgame exposedking hookmate mate matein4 verylong
Nkygf,rnbq1rkR/pp2b1p1/4p3/3pP1P1/3P4/2P5/P4PP1/R1BQK3 b Q - 2 14,g8h8 d1h5 h8g8 g5g6 f8f5 h5h7 g8f8 h7h8,1060,kingsideattack mate matein4 middlegame verylong
NkyxJ,6rk/3R2pp/8/p7/P1BB1q2/2p5/6P1/6K1 b - - 5 49,c3c2 d4g7 g8g7 d7d8 f4f8 d8f8 g7g8 f8g8,1171,endgame mate matein4 operamate sacrifice verylong
NpIB1,4r2k/ppb3p1/2pP1p1p/2P1r3/2Q3n1/P4NPq/1P3P1P/3RR1K1 w - - 1 29,d6c7 e5e1 d1e1 e8e1 f3e1 h3h2 g1f1 h2f2,1279,kingsideattack mate matein4 middlegame verylong
NpTFe,2r3k1/pR3p2/5Pnp/8/6P1/8/r7/3R2K1 b - - 3 36,c8c2 d1d8 g6f8 d8f8 g8f8 b7b8 c2c8 b8c8,1280,attraction endgame mate matein4 sacrifice verylong
NvkT3,5rk1/5ppp/R2p4/3rq3/8/2P2Q2/1P4PP/5RK1 b - - 1 24,d5d2 f3f7 f8f7 a6a8 e5e8 a8e8 f7f8 f1f8,1136,endgame mate matein4 sacrifice verylong
Nvvyo,2k5/ppp3p1/5p2/2KN1np1/P5n1/1B6/1PP4r/3R4 b - - 5 39,h2h4 d5e7 f5e7 b3e6 c8b8 d1d8 e7c8 d8c8,1094,clearance endgame mate matein4 operamate sacrifice verylong
NzCrU,5bk1/5p1p/2B2pp1/3P4/2N2N2/8/1r3rPP/5RK1 w - - 0 31,f1f2 b2b1 f2f1 f8c5 c4e3 c5e3 g1h1 b1f1,1039,backrankmate endgame mate matein4 verylong
NzFYc,3r2k1/1R3p1p/p5p1/Pb1Bp1PP/5r2/4K3/8/8 b - - 0 46,d8d5 b7b8 d5d8 b8d8 b5e8 d8e8 g8g7 h5h6,1090,endgame mate matein4 verylong
NztQ5,4r2r/p5Q1/3kp2p/3p2P1/q2P3P/1pPR1P2/1P6/1K2R3 w - - 0 41,d3e3 a4a2 b1c1 a2a1 c1d2 a1b2 d2d3 b2c2,1018,deflection endgame mate matein4 queensideattack verylong
O0J0A,1r1q1r2/5p1k/p2ppPp1/1p4Qp/8/8/PPP5/2K4R b - - 0 25,f8h8 h1h5 h7g8 h5h8 g8h8 g5h6 h8g8 h6g7,1082,attraction endgame mate matein4 verylong
O1CJK,5rk1/p4rpp/2P2q2/3p4/PP4Q1/4B3/5bPP/R1R3K1 w - - 1 28,e3f2 f6f2 g1h1 f2f1 c1f1 f7f1 a1f1 f8f1,1073,backrankmate mate matein4 middlegame verylong
O2hp8,rn6/p1ppN1bk/1p2p2p/6pQ/8/3PK3/Pq5P/R7 b - - 1 24,b2a1 h5g6 h7h8 g6e8 g7f8 e8f8 h8h7 f8g8,1181,endgame mate matein4 verylong
O3ewF,Q7/5pkp/4b1p1/8/4R1P1/2rq4/5RKP/8 w - - 7 38,e4e6 d3h3 g2h1 c3c1 e6e1 c1e1 f2f1 h3f1,1252,endgame mate matein4 verylong
O3hzL,5r1k/1p2R1pp/p4q2/3Q4/8/1Pr5/5PPP/5RK1 w - - 1 28,e7b7 f6f2 f1f2 c3c1 d5d1 c1d1 f2f1 d1f1,1215,endgame mate matein4 sacrifice verylong
O3iMF,r2q1r2/ppp3k1/3p3R/3PpBp1/2P5/P2Q4/1P3PP1/R3K3 b Q - 0 21,g7h6 d3h3 h6g7 h3h7 g7f6 h7g6 f6e7 g6e6,1111,endgame mate matein4 swallowstailmate verylong
O3ymd,3r1rk1/ppp2ppp/3p4/5Q2/2BP4/8/PP6/K4Rq1 b - - 5 25,g1d4 c4f7 f8f7 f5f7 g8h8 f7f8 d8f8 f1f8,1235,backrankmate endgame mate matein4 verylong
O4Yx8,1k1r1r2/1p1q2pp/1Ppp4/R3p3/PQ2P1nb/2N2P2/2P3PP/2B1R1K1 b - - 2 20,h4e1 a5a8 b8a8 b4a5 a8b8 a5a7 b8c8 a7a8,1294,attraction mate matein4 middlegame queensideattack sacrifice verylong
O6pyO,r4r2/p4p1k/4pBP1/p2p2Q1/3PqP2/P7/2P4P/R4bK1 b - - 0 22,f7g6 g5h4 h7g8 h4h8 g8f7 h8g7 f7e8 g7e7,1106,mate matein4 middlegame verylong
O7hHE,8/pp2krQ1/7p/2r2p2/3nqP2/1P5B/PBP5/1K1R2R1 w - - 1 29,g7h6 e4c2 b1a1 d4b3 a2b3 c5a5 b2a3 a5a3,1139,mate matein4 middlegame queensideattack verylong
OAPVD,r4r1k/4Q1pp/n1q5/8/2p2N2/pp4PK/7P/3R4 b - - 1 37,f8f4 d1d8 a8d8 e7d8 c6e8 d8e8 f4f8 e8f8,1186,endgame mate matein4 verylong
ODBvi,r2r2k1/p1p2ppp/8/2N1b3/b1P5/5P2/PP3RPP/RNB3K1 w - - 1 21,c5a4 d8d1 f2f1 e5d4 c1e3 d4e3 g1h1 d1f1,1168,backrankmate fork mate matein4 middlegame verylong
OFDr3,r1b3k1/pp1p1ppp/2p5/8/2P2P2/2B5/PP5P/2K1R3 b - - 0 21,g8f8 c3b4 c6c5 b4c5 d7d6 c5d6 f8g8 e1e8,1262,backrankmate endgame mate matein4 verylong
OGDkS,3B2k1/4Qp1p/4p1p1/3bP3/8/4qP1P/1p4PK/8 b - - 1 37,b2b1q e7e8 g8g7 d8f6 g7h6 e8f8 h6h5 g2g4,1090,endgame mate matein4 verylong
OHOrk,6k1/bp3ppp/2p5/p3p3/N1P1q1b1/PPQ1P1P1/5P1P/R5K1 w - - 2 27,a1e1 g4h3 f2f3 e4f3 c3d2 a7e3 e1e3 f3f1,1262,endgame fork mate matein4 quietmove verylong
OHYmo,8/2r3k1/4Q3/p2RPBq1/1p4p1/4P1P1/PP3PKr/8 w - - 1 38,g2h2 g5h5 h2g1 c7c1 d5d1 c1d1 g1g2 h5h1,1135,endgame mate matein4 verylong
OI9jd,4rrk1/p2R1ppp/8/5Q2/P7/2qP3P/6P1/5R1K b - - 4 30,e8e5 f5f7 f8f7 d7d8 e5e8 d8e8 f7f8 f1f8,1218,endgame mate matein4 sacrifice verylong
OIHzF,2k3rr/ppp1pp2/8/8/2P1P2p/1P1Q1Pq1/P2R2P1/3R2K1 b - - 1 22,h4h3 d3d7 c8b8 d7d8 g8d8 d2d8 h8d8 d1d8,1097,backrankmate endgame mate matein4 sacrifice verylong
OJ2Ma,2kr3B/8/1p1p4/pPpP1P1p/8/1P2q2P/2QN2p1/4RR1K w - - 0 27,h1g2 d8g8 h8g7 g8g7 g2h2 e3g3 h2h1 g3h3,1179,deflection fork mate matein4 middlegame verylong
ONDKc,6k1/1rb2ppp/2Q1r3/3p3q/1P1R4/2P1PpP1/P4PbN/R3B1K1 w - - 1 30,c6b7 h5h2 g1h2 e6h6 d4h4 h6h4 h2g1 h4h1,1300,attraction kingsideattack mate matein4 middlegame operamate pin sacrifice verylong
ONlN2,5r2/1p3p1k/p1p2Pp1/2qbP1Qp/7R/3r3P/P5PK/8 b - - 5 32,f8h8 h4h5 h7g8 h5h8 g8h8 g5h6 h8g8 h6g7,1117,attraction endgame mate matein4 verylong
OO905,6k1/p4p2/2q3pp/1R1rb3/P7/1Q5P/3p2P1/5R1K b - - 3 30,d5b5 b3f7 g8h8 f7f8 h8h7 f1f7 e5g7 f8g7,1005,endgame mate matein4 verylong
OPIpK,8/5Qpk/1B5p/5Rp1/8/5PK1/2r1r1PP/8 w - - 5 41,h2h4 e2g2 g3h3 g2h2 h3g4 c2g2 g4h5 h2h4,1296,endgame mate matein4 verylong
OQdwY,2rr2k1/pb4p1/1p1qp3/6N1/2p2P2/1P5Q/P3n1PP/2R2R1K b - - 4 23,e2c1 h3h7 g8f8 h7h8 f8e7 h8g7 e7e8 g7f7,1159,deflection kingsideattack mate matein4 middlegame verylong
OQeFH,1QbR4/6pk/7p/5p2/1Pp1B3/2P1B1Pq/r4P2/6K1 w - - 0 37,b8c8 a2a1 e4b1 a1b1 e3c1 b1c1 d8d1 c1d1,1003,endgame mate matein4 verylong
ORZc1,r2q1rk1/6p1/pp1pp2p/2p1P3/2P5/P2Q4/1P4PP/RB2b2K b - - 0 25,d6d5 d3h7 g8f7 b1g6 f7e7 h7g7 f8f7 g7f7,1294,deflection kingsideattack mate matein4 middlegame verylong
OTsII,6r1/pppn1k2/3p3r/3PpPQ1/1PP1N1p1/3B1pPq/P4R1P/6RK w - - 3 32,g5e3 h3h2 f2h2 h6h2 h1h2 g8h8 e3h6 h8h6,1111,attraction kingsideattack mate matein4 middlegame sacrifice verylong
OUZz7,r1b2bkr/1p4pp/p1n2n2/2pp2N1/4P3/2PP4/PP2NP1q/R2QK1R1 b Q - 0 15,d5e4 d1b3 c5c4 b3c4 f6d5 c4d5 c8e6 d5e6,1190,kingsideattack mate matein4 opening verylong
OUbpz,8/5ppk/7p/8/Q2P4/Br1q4/6PP/R6K w - - 5 40,d4d5 b3b1 a1b1 d3b1 a3c1 b1c1 a4d1 c1d1,1103,backrankmate endgame mate matein4 verylong
OUwHC,r2qrk2/1p3p1Q/p3p1B1/1b5R/1n1P4/4P3/PP3PPP/4K2R b K - 0 20,f7g6 h7h8 f8e7 h5h7 e7d6 h8e5 d6c6 e5c5,1282,exposedking mate matein4 middlegame verylong
OVShD,rk2r3/p7/1p4pp/4p3/PqBnN1Q1/1P5P/5PPB/4R1K1 w - - 2 29,g4d7 b4e1 c4f1 d4e2 g1h1 e1f1 h2g1 f1g1,1244,deflection fork hangingpiece mate matein4 middlegame verylong
OWvpf,5r1k/pp1bN1pp/8/2p3P1/3p2r1/3P4/PPP1K2R/4R3 b - - 5 33,g4g5 h2h7 h8h7 e1h1 d7h3 h1h3 g5h5 h3h5,1281,anastasiamate attraction endgame mate matein4 sacrifice verylong
ObURP,1k1rr3/ppp5/8/6Q1/5B1p/2N4q/PPP1Nn2/2K2R2 w - - 2 22,f1f2 h3h1 g5g1 h1g1 e2g1 e8e1 c3d1 e1d1,1134,fork mate matein4 middlegame verylong
OcosS,4Q3/Qp5k/4p2p/3p2pP/6qr/2P2R2/PP4K1/5R2 w - - 6 38,g2f2 h4h2 f2e1 g4e4 a7e3 e4b1 e3c1 b1c1,1273,endgame exposedking mate matein4 verylong
OduAV,r5k1/5p2/p4p2/1pR1rn2/8/8/PbPB2PP/1R3B1K w - - 2 31,c5c6 f5g3 h2g3 e5h5 h1g1 b2d4 d2e3 d4e3,1124,clearance mate matein4 middlegame sacrifice verylong
OgUQP,3r2k1/5pp1/1R6/P1P1p3/3q2P1/1Q4Pp/7P/5RK1 w - - 1 38,g1h1 d4e4 b3f3 e4f3 f1f3 d8d1 f3f1 d1f1,1239,endgame mate matein4 verylong
OgfBE,7k/6p1/pq4p1/1p3b2/8/PQP3P1/1P1r2PP/4R2K b - - 0 31,b6f2 e1e8 h8h7 b3g8 h7h6 g8h8 h6g5 h8h4,1167,endgame mate matein4 verylong
OhiON,8/6pk/7p/2Q1Pp2/2p1bP2/P1P1P2P/1r3K2/8 w - - 0 36,f2g3 b2g2 g3h4 g7g5 f4g5 h6g5 h4h5 e4f3,1218,endgame mate matein4 morphysmate verylong
Oj2yV,5k2/3rq1b1/2p1P1Qp/1p3Bp1/5p2/8/5RPB/6K1 w - - 0 34,e6d7 e7e1 f2f1 g7d4 g1h1 e1f1 h2g1 f1g1,1152,deflection endgame mate matein4 verylong
OjDSl,3r1r1k/6p1/p7/1p3q1p/1Q2p3/4P3/1P3PPP/2R2RK1 w - - 0 29,c1c5 f5f2 f1f2 d8d1 b4e1 d1e1 f2f1 f8f1,1230,endgame mate matein4 sacrifice verylong
OjXQD,r4k2/p1p2ppp/1rp3q1/4Q3/1P2R3/P7/5PP1/4R1K1 b - - 12 26,b6b8 e5e7 f8g8 e7e8 b8e8 e4e8 a8e8 e1e8,1198,backrankmate endgame mate matein4 sacrifice verylong
OkPwT,4rrk1/p4ppp/1p6/3R4/2P3q1/PP4P1/5Q1P/5RK1 b - - 0 27,e8e2 f2f7 f8f7 d5d8 e2e8 d8e8 f7f8 f1f8,1246,endgame mate matein4 sacrifice verylong
OkX2S,6rk/p1p2Kn1/1r4Q1/3p1p2/2b1q3/P7/5PR1/8 b - - 9 38,b6g6 g2h2 e4h4 h2h4 g7h5 h4h5 g6h6 h5h6,1183,endgame exposedking mate matein4 verylong
OmCm4,r2q1r1k/2p3Rp/p2b4/1p1Q1B2/3P4/2N1nP1P/PPP5/1K1R4 b - - 0 22,e3d5 g7h7 h8g8 d1g1 d6g3 g1g3 d8g5 g3g5,1189,kingsideattack mate matein4 middlegame verylong
Opg5J,5rk1/pp4p1/5r1p/8/3PQ3/1P6/q5PP/2RR2K1 w - - 0 27,e4b7 a2f2 g1h1 f2f1 d1f1 f6f1 c1f1 f8f1,1168,backrankmate endgame mate matein4 sacrifice verylong
OpgdR,5rk1/7p/1p5p/p1prNP2/1n1p4/1P3R1P/1P6/4R1K1 b - - 7 27,b4c2 f3g3 g8h8 e5f7 f8f7 e1e8 f7f8 e8f8,1239,clearance endgame mate matein4 sacrifice verylong
OqDI1,k6r/pp3R1p/2bQp3/8/P1r5/7P/5PPK/q7 b - - 1 32,h8g8 f7f8 g8f8 d6f8 c6e8 f8e8 c4c8 e8c8,1054,endgame mate matein4 verylong
OqH0r,r1b2rk1/pp3pp1/2pN1q1p/3n4/3NB3/8/PPQ2PPP/R3R1K1 b - - 0 21,f6d4 e4h7 g8h8 d6f7 f8f7 e1e8 f7f8 e8f8,1128,deflection kingsideattack mate matein4 middlegame sacrifice verylong
Oqa9O,3q2k1/1Q3p2/1p4pp/1PpP4/2Pb4/7P/4r1P1/5R1K b - - 1 28,d8g5 b7f7 g8h8 f7f8 h8h7 f1f7 d4g7 f8g7,1180,endgame mate matein4 verylong
OrE3X,r5kR/pp2q1p1/6B1/2b1p1p1/3p2b1/2P2Q2/2P1PP2/1K6 b - - 1 24,g8h8 f3h1 g4h3 h1h3 h8g8 h3h7 g8f8 h7h8,1248,endgame mate matein4 verylong
OsvPY,4q1k1/pp2nppp/1b6/8/P1P2Q2/7P/B5P1/7K b - - 0 28,e8a4 f4b8 e7c8 b8c8 b6d8 c8d8 a4e8 d8e8,1059,endgame mate matein4 verylong
OtE7v,6k1/4Rp1p/3p2p1/2p5/3b1P2/1Q1P2PP/6K1/6q1 w - - 5 29,g2f3 g1f2 f3g4 h7h5 g4g5 f2g3 g5h6 g3f4,1218,deflection endgame mate matein4 verylong
OtQnB,3r1rk1/p6p/1p2b1p1/2p2p2/2P1Pq2/P1QB2R1/1P3P1P/1K4R1 b - - 1 23,f5e4 g3g6 h7g6 g1g6 g8f7 c3g7 f7e8 g6e6,1286,deflection epaulettemate fork mate matein4 middlegame sacrifice verylong
OvNwn,3R1rk1/4rppp/pp6/8/8/3Rp3/PPP2qPP/3Q3K b - - 3 32,e3e2 d8f8 g8f8 d3d8 e7e8 d1d6 f8g8 d8e8,1282,attraction backrankmate clearance deflection endgame mate matein4 verylong
Ox6Rf,2r3k1/1b2Q3/p1q1p1pp/8/3n1B2/P5N1/5PPP/1R4K1 w - - 3 33,b1b7 c6c1 f4c1 c8c1 g3f1 d4e2 g1h1 c1f1,1105,backrankmate deflection mate matein4 middlegame sacrifice verylong
Oxki3,2r3k1/pp3p1p/2r5/2q5/8/5Q1P/PP3PP1/1K1R3R w - - 4 22,h1e1 c5c2 b1a1 c2c1 d1c1 c6c1 e1c1 c8c1,1186,backrankmate endgame mate matein4 sacrifice verylong
P0Hvd,8/8/p7/PpPp1p1p/3P1P1k/7P/7K/8 b - - 0 44,b5b4 c5c6 b4b3 c6c7 b3b2 c7c8q b2b1q c8d8,1113,advancedpawn endgame mate matein4 pawnendgame promotion verylong
P1Ams,6k1/Q4p2/6p1/2r1p1np/3pP3/1P3PPq/P2R2KP/5R2 w - - 3 37,g2g1 g5f3 f1f3 c5c1 d2d1 c1d1 f3f1 d1f1,1104,endgame killboxmate master mate matein4 sacrifice verylong
P1XkA,8/5rpk/3R1pQp/4pP2/2q1P2P/8/r7/3R3K b - - 2 44,h7g8 d6d8 f7f8 d8f8 g8f8 d1d8 f8e7 g6e8,1123,attraction endgame mate matein4 verylong
P46bJ,5rk1/pQ4pp/4pr2/2P5/6b1/1P3B2/q4PPP/2RR2K1 w - - 1 32,f3g4 a2f2 g1h1 f2f1 d1f1 f6f1 c1f1 f8f1,1042,backrankmate mate matein4 middlegame sacrifice verylong
P6Ne7,r1bqr1k1/pp1n2p1/2nbpp2/3pN1NQ/3P4/2P5/PP3PPP/R1B1R1K1 b - - 3 14,d7e5 h5h7 g8f8 h7h8 f8e7 h8g7 e5f7 g7f7,1010,deflection epaulettemate kingsideattack mate matein4 opening verylong
P7VQw,1r3rk1/5ppp/4p3/3p4/3q2PP/5Q2/8/R4R1K b - - 0 26,b8b4 f3f7 f8f7 a1a8 b4b8 a8b8 f7f8 f1f8,1252,endgame mate matein4 sacrifice verylong
P81fQ,3rkr2/pp1q4/2p2p1Q/8/4pN1P/1PN1P3/P1PP1PP1/2R1KB2 w - - 1 20,f1e2 d7d2 e1f1 d2c1 c3d1 d8d1 e2d1 c1d1,1275,fork mate matein4 middlegame verylong
PAvBl,5rkb/4r2p/p3PP1P/1p1n2P1/4R3/3P4/P1p4K/5R2 b - - 0 37,e7c7 f6f7 c7f7 e6f7 f8f7 e4e8 f7f8 f1f8,1127,advancedpawn endgame mate matein4 verylong
PC7fo,r6r/2p5/p3p1k1/1p4B1/3n4/P7/1P3PPP/R4RK1 w - - 0 25,g5e3 d4e2 g1h1 h8h2 h1h2 a8h8 e3h6 h8h6,1265,anastasiamate attraction endgame mate matein4 sacrifice verylong
PEghT,1k2Q2r/ppp5/1nn4b/2N2p2/3P3p/1BP4P/P4q1B/4R2K b - - 3 29,h8e8 e1e8 b6c8 c5d7 b8a8 e8c8 c6b8 c8b8,1263,deflection mate matein4 middlegame queensideattack verylong
PFyjN,r3r1k1/pb1p1pp1/1pnn3p/2p1N2q/5PP1/2PBR3/P1QN3P/4R1K1 b - - 0 21,h5h4 d3h7 g8h8 e5f7 d6f7 e3e8 a8e8 e1e8,1273,deflection discoveredattack kingsideattack mate matein4 middlegame verylong
PHHJn,r3r1k1/ppp2ppp/3q4/7Q/3P1b2/1PPnN2P/1P3PP1/R1B2RK1 w - - 3 19,e3f5 f4h2 g1h1 d3f2 f1f2 e8e1 f2f1 e1f1,1117,deflection kingsideattack mate matein4 middlegame sacrifice verylong
PINlr,4q1k1/2r1n2p/p2p2pB/3PbpQP/4P3/6P1/P4P2/1R4K1 b - - 1 29,e8f7 b1b8 c7c8 b8c8 e7c8 g5d8 f7e8 d8e8,1177,fork mate matein4 middlegame verylong
PIOgW,6k1/5pp1/1Q1R3p/P7/6P1/5q1K/5B1P/2r5 w - - 1 42,f2g3 f3f1 h3h4 g7g5 h4h5 f1h3 g3h4 h3h4,1230,endgame mate matein4 verylong
PMTfp,8/8/3Pb3/1p6/1P2p2p/4N2P/3k1K1P/8 w - - 0 41,e3d5 e6d5 d6d7 e4e3 f2g1 e3e2 d7d8q e2e1q,1265,advancedpawn endgame exposedking hangingpiece mate matein4 promotion verylong
PQIm3,r4rk1/pp1bb1pB/1qn1p3/3p2P1/3P4/4B3/PPN2P1P/R2Q1RK1 b - - 0 17,g8h7 d1h5 h7g8 g5g6 f8f5 h5h7 g8f8 h7h8,1270,mate matein4 middlegame verylong
PSvt9,3r2k1/5rp1/5q1p/1p6/p7/4R3/P1Q2PPP/5RK1 w - - 0 27,c2c5 f6f2 f1f2 d8d1 e3e1 d1e1 f2f1 e1f1,1201,endgame mate matein4 sacrifice verylong
PT7Xa,8/5p2/1p3k2/n4Np1/5nPp/1P3P1P/R2R1KB1/1rr5 b - - 1 34,f4g2 d2d6 f6e5 a2e2 g2e3 e2e3 e5f4 e3e4,1216,epaulettemate master mate matein4 middlegame verylong
PW6Y3,3Q4/5R2/pN1qp3/1k1p4/1p1n4/7r/1P6/1K6 w - - 2 41,d8d6 h3h1 f7f1 h1f1 b1a2 b4b3 a2a3 f1a1,1291,endgame mate matein4 verylong
PX5Im,5k2/3b2pp/8/3Pp3/P1P1P2q/3B1Pp1/6P1/3QR2K w - - 2 29,h1g1 h4h2 g1f1 h2h1 f1e2 h1g2 e2e3 g2f2,1076,deflection endgame mate matein4 verylong
PYtbx,3r2k1/ppp2pp1/3r4/4p1q1/4Pn2/PBP1QP2/2P2P1P/6RK w - - 0 22,g1g5 d6d1 g5g1 d1g1 h1g1 d8d1 e3e1 d1e1,1030,attraction endgame kingsideattack mate matein4 verylong
PZExV,3rr1kR/pp4p1/2b1p1P1/4Pp2/5Q2/2Pq1PP1/PP3RK1/8 b - - 2 30,g8h8 f4h4 h8g8 h4h7 g8f8 h7h8 f8e7 h8g7,1003,deflection endgame epaulettemate kingsideattack mate matein4 verylong
PZpEQ,3r1rk1/1p4p1/4p1B1/p3P2Q/7P/8/PP1q4/1K5R b - - 0 26,f8f2 h5h7 g8f8 h7h8 f8e7 h8g7 f2f7 g7f7,1108,deflection endgame mate matein4 verylong
Pa7WD,5r2/5r1k/p1Rq2pp/1p6/1P1PQ1P1/P3PnNP/4R3/7K b - - 0 33,d6g3 e4g6 h7h8 g6h6 h8g8 c6g6 f7g7 g6g7,1296,deflection mate matein4 middlegame verylong
PaFe6,4k3/2Q3p1/p2Pqp1n/P6p/2P4P/6B1/5PP1/6K1 w - - 1 40,c4c5 e6e1 g1h2 h6g4 h2h3 e1h1 g3h2 h1h2,1036,endgame mate matein4 verylong
Pbh9M,1r5k/6p1/4p1Bp/p1pbPp1R/3q1P2/P2P3Q/1r4PP/6RK b - - 12 37,b2b1 h5h6 g7h6 h3h6 h8g8 h6h7 g8f8 h7f7,1157,kingsideattack mate matein4 middlegame sacrifice verylong
PcjOE,3r1k2/3r4/Q3Rq1p/2p3pB/1PP5/Pb6/3R1bPP/6K1 w - - 0 28,d2f2 d7d1 h5d1 d8d1 e6e1 d1e1 f2f1 f6f1,1023,mate matein4 middlegame sacrifice verylong
PcyoE,1rb2rQk/pp4b1/3N3p/2P1p2n/2B2ppq/5P2/PP4PP/3RR1K1 b - - 1 25,f8g8 d6f7 h8h7 c4d3 e5e4 d3e4 c8f5 e4f5,1160,exposedking kingsideattack mate matein4 middlegame verylong
PdUbr,8/8/8/5pPp/5P2/8/p1K5/k7 b - - 0 56,h5h4 g5g6 h4h3 g6g7 h3h2 g7g8q h2h1q g8g7,1155,advancedpawn endgame mate matein4 pawnendgame promotion verylong
PdWRW,4r1k1/p1R2p2/4b1r1/5p2/3P1n2/Q1P3B1/P4P1P/5R1K w - - 0 28,g3f4 e6d5 f2f3 d5f3 f1f3 e8e1 f3f1 e1f1,1123,mate matein4 middlegame sacrifice verylong
PhE6p,1r4k1/2b2p1p/4p3/p1Bp1P2/P1b1P3/7P/2R5/6K1 b - - 0 37,e6f5 c2g2 c7g3 g2g3 g8h8 c5d4 f7f6 d4f6,1050,endgame mate matein4 morphysmate verylong
Phplp,r4k1r/pp3ppp/2b5/2p3Q1/2Bq4/8/P1P1RPPP/4R1K1 b - - 0 18,d4c4 g5e7 f8g8 e7e8 c6e8 e2e8 a8e8 e1e8,1295,backrankmate mate matein4 middlegame sacrifice verylong
Pim6E,5rk1/1Q3R2/p3p1pp/1p4q1/8/P7/1b1r2PP/1B3R1K b - - 0 27,f8f7 b7f7 g8h8 f7f8 h8h7 f1f7 b2g7 f8g7,1292,exposedking mate matein4 middlegame verylong
PjJhc,5r2/ppp3pk/2b2q1p/2N1p2n/2B5/P1PPQ1PP/1P5K/4R3 w - - 5 28,c5e6 f6f2 e3f2 f8f2 h2g1 f2g2 g1f1 h5g3,1273,mate matein4 middlegame verylong
PkKSX,8/5r1k/1pQ3p1/4pq2/P1B5/1P3pR1/5P1K/3r4 w - - 3 46,c4f7 f5h5 g3h3 d1h1 h2h1 h5h3 h1g1 h3g2,1235,attraction deflection endgame exposedking mate matein4 verylong
Pl9Mt,7k/5p2/p6p/8/P1pP4/4P1bq/6N1/1R1Q1RK1 w - - 0 28,f1f7 h3h2 g1f1 h2h1 f1e2 h1g2 f7f2 g2f2,1168,deflection endgame exposedking mate matein4 verylong
PlNwa,rn1q1rkR/ppp1ppn1/6p1/8/3pb3/5N2/PPPQ1PP1/R3KB2 b Q - 1 13,g8h8 d2h6 h8g8 f3g5 f8e8 h6h7 g8f8 h7h8,1208,exposedking kingsideattack mate matein4 middlegame verylong
PqDEH,2q3k1/1R3ppp/2p5/4p2b/4P3/1B2QP2/P6P/R6K w - - 1 27,e3b6 h5f3 h1g1 c8g4 g1f1 g4g2 f1e1 g2e2,1213,endgame mate matein4 verylong
PrjNo,3Rr2k/3R1p1p/2q2p1B/4p3/p7/7P/6PK/1q6 b - - 1 38,b1g6 d8e8 g6g8 e8g8 h8g8 d7d8 c6e8 d8e8,1073,attraction endgame hangingpiece mate matein4 pillsburysmate verylong
Pspwj,4R3/r4p1k/5K2/3PPPP1/8/8/1b3r2/8 b - - 0 49,f2e2 g5g6 f7g6 f5g6 h7h6 e8h8 a7h7 h8h7,1218,endgame exposedking master mate matein4 verylong
PwdYQ,1r3k2/5p1b/3p1P1p/4p1p1/2R1P3/3q1B1P/6P1/2R4K b - - 3 50,f8e8 c4c8 b8c8 c1c8 e8d7 f3g4 h7f5 g4f5,1123,endgame mate matein4 verylong
PxJ5z,5rk1/p3Q3/3p3p/4p3/2R4N/6B1/Pr1q1bPP/5RK1 w - - 0 24,g3f2 d2f2 f1f2 b2b1 c4c1 b1c1 f2f1 c1f1,1292,mate matein4 middlegame sacrifice verylong
PxbnS,4r1k1/p4Q2/p2p2p1/2p3q1/P3r3/5R1P/6P1/5RK1 b - - 5 32,g8h8 f7f8 e8f8 f3f8 h8g7 f1f7 g7h6 f8h8,1229,endgame exposedking mate matein4 sacrifice verylong
PynVZ,4r2r/ppp1qpk1/8/3Q2P1/3P4/1P2P3/PBPNK1Pb/R4R2 w - - 1 21,d5f5 e7e3 e2d1 e3e2 d1c1 e2e1 f1e1 e8e1,1268,backrankmate mate matein4 middlegame sacrifice verylong
PziBA,2r4Q/pp1kpp1p/6p1/3P4/N7/PP3B2/3q1PPP/R5K1 w - - 1 23,h8e5 c8c1 a1c1 d2c1 f3d1 c1d1 e5e1 d1e1,1193,endgame kingsideattack mate matein4 verylong
Q0QTm,8/R5pk/3n4/5PPK/3r4/8/8/8 b - - 2 46,d4d1 g5g6 h7h8 a7a8 d6c8 a8c8 d1d8 c8d8,1088,endgame mate matein4 verylong
Q0U6z,2r4k/5RpP/p1QpNn2/5P2/7P/8/P1P3K1/4q3 b - - 0 32,c8c6 f7f8 h8h7 e6g5 h7h6 f8h8 f6h7 h8h7,1115,endgame hookmate mate matein4 verylong
Q5hGe,2k5/pppr1p2/2q2p2/2b5/2P1r3/1Q3P1p/PP5P/RN3R1K w - - 0 22,f3e4 c6e4 b3f3 e4f3 f1f3 d7d1 f3f1 d1f1,1077,kingsideattack mate matein4 middlegame verylong
QA0ib,4rq1k/1R1R2pp/p4b2/8/4Q2N/7P/5PP1/6K1 w - - 3 36,e4c6 e8e1 g1h2 f6e5 g2g3 f8f2 h4g2 e5g3,1094,discoveredattack mate matein4 middlegame pin verylong
QD6pF,2rk3r/1Q3pp1/2p5/3b4/1P2qB2/2P3Pp/P4P1K/RN3R2 w - - 1 24,f1g1 e4g2 g1g2 h3g2 f4h6 h8h6 h2g1 h6h1,1225,advancedpawn discoveredattack discoveredcheck mate matein4 middlegame sacrifice verylong
QEERy,8/4Q3/2p4r/1k1p3r/NP6/2P3P1/4N1Rn/7K w - - 0 37,a4c5 h2f3 e7h4 h5h4 g3h4 h6h4 g2h2 h4h2,1175,arabianmate discoveredattack discoveredcheck exposedking mate matein4 middlegame verylong
QESTe,3r3r/3bQpp1/p3p1p1/8/5nk1/8/PP3PPP/3R1RK1 w - - 0 28,d1d7 f4e2 g1h1 h8h2 h1h2 d8h8 e7h4 h8h4,1222,anastasiamate attraction endgame mate matein4 sacrifice verylong
QGvXu,8/p2R2bp/1p4pk/6N1/7P/7K/P5r1/8 b - - 1 32,g2a2 g5f7 h6h5 d7d5 g7e5 d5e5 g6g5 e5g5,1136,endgame mate matein4 verylong
QGy4P,r5k1/1p4pp/p1n5/q1b1r1B1/2P5/1B3RP1/6KP/5R2 b - - 1 24,a8f8 f3f8 c5f8 c4c5 e5d5 b3d5 g8h8 f1f8,1267,backrankmate discoveredattack discoveredcheck mate matein4 middlegame verylong
QHFkQ,1Q6/4p1kp/b2pBpp1/2qP4/2P1PP2/3p4/P5PP/7K b - - 2 36,c5c4 b8g8 g7h6 g8f8 h6h5 g2g4 h5h4 f8h6,1241,endgame mate matein4 verylong
QJV0I,r5k1/pp2Q2p/6p1/2p5/2P3b1/8/P5BK/2q5 b - - 3 28,a8f8 g2d5 g4e6 d5e6 f8f7 e7f7 g8h8 f7f6,1248,endgame mate matein4 verylong
QMCfz,r4b1k/pp3Qpp/n1p5/4B3/7P/3q4/P5P1/4R2K b - - 1 24,a6c5 e5g7 f8g7 e1e8 a8e8 f7e8 g7f8 e8f8,1206,mate matein4 middlegame sacrifice verylong
QMvl7,2Q3k1/3n1pp1/4p1p1/p2nP3/3Pq3/2P3RR/Pr4PK/1r6 b - - 1 34,d7f8 h3h8 g8h8 c8f8 h8h7 g3h3 e4h4 h3h4,1179,attraction deflection kingsideattack mate matein4 middlegame sacrifice verylong
QO2yc,4r3/P6k/4q3/5p2/5Qpp/3P2P1/2P1rP1P/R1R3K1 w - - 0 34,a7a8q e2e1 c1e1 e6e1 a1e1 e8e1 g1g2 h4h3,1045,mate matein4 middlegame sacrifice verylong
QOM9N,r4r1k/p1p1Q1pp/1pb3q1/8/2P2p2/5P2/PP4PP/3R1R1K b - - 3 24,f8f7 d1d8 a8d8 e7d8 c6e8 d8e8 f7f8 e8f8,1060,kingsideattack mate matein4 middlegame verylong
QPb02,2r4k/R1Qb2p1/7p/3Bppq1/1P6/7P/5PP1/6K1 w - - 2 30,c7d7 c8c1 g1h2 g5f4 g2g3 f4f2 d5g2 f2g1,1187,endgame mate matein4 verylong
QQa0e,2Rr2k1/pQ2rppp/1p6/3pq3/8/4PR2/PP4PP/6K1 b - - 5 24,d8e8 c8e8 e7e8 b7f7 g8h8 f7f8 e8f8 f3f8,1133,backrankmate endgame mate matein4 sacrifice verylong
QZEIX,rnbq1rk1/ppp3p1/3bp1B1/3p3Q/3P4/4P3/PPPN1PP1/R3K1N1 b Q - 0 11,f8f6 h5h7 g8f8 h7h8 f8e7 h8g7 f6f7 g7f7,1155,deflection kingsideattack mate matein4 middlegame verylong
QaNlS,4r1k1/1ppR1pp1/p7/4rP1Q/2q5/2P4P/PP4P1/5R1K w - - 4 24,f1d1 e5e1 d1e1 e8e1 h1h2 c4f4 g2g3 f4f2,1140,endgame mate matein4 verylong
Qbwf8,1r3r2/pb1p1ppk/4p3/4P2Q/3p1q1P/8/PPP5/3K2RR b - - 1 21,h7g8 g1g7 g8g7 h1g1 b7g2 g1g2 f4g3 g2g3,1178,attraction kingsideattack mate matein4 middlegame sacrifice verylong
QcUWH,6k1/5pp1/P2pr2p/1Qp1p2r/1p2P3/1P1P1PqP/1P3RP1/5R1K w - - 1 33,a6a7 h5h3 g2h3 g3h3 h1g1 e6g6 f2g2 h3g2,1101,endgame kingsideattack mate matein4 sacrifice verylong
QdRqG,1kn5/p7/2p1Q1pp/1p2P3/1P5P/B1R5/KPP2PP1/2rq4 w - - 3 36,e6c6 c1a1 a2b3 a1a3 b3a3 d1a1 a3b3 a1a4,1152,attraction endgame mate matein4 sacrifice verylong
QeIc7,5rk1/p1p2r1p/6pQ/2p2q2/2PpR3/3P4/PP4PP/4R1K1 w - - 1 27,h6c1 f5f2 g1h1 f2f1 e1f1 f7f1 c1f1 f8f1,1140,backrankmate endgame fork mate matein4 sacrifice verylong
QgMXU,5rk1/1p3ppp/p7/1P1p4/P2bn2q/5Q2/3B2PP/2R2R1K b - - 3 23,e4d2 f3f7 f8f7 c1c8 h4d8 c8d8 f7f8 f1f8,1112,mate matein4 middlegame sacrifice verylong
QgfCQ,4R3/P2R4/8/7p/2r3p1/7P/5kPK/8 w - - 2 53,a7a8q g4g3 h2h1 c4c1 d7d1 c1d1 e8e1 d1e1,1027,endgame mate matein4 queenrookendgame verylong
Qh3U3,4Q3/8/8/1Bpp3n/3q1kpP/8/1P4P1/7K w - - 8 40,e8h5 d4d1 b5f1 d1f1 h1h2 g4g3 h2h3 f1h1,1038,endgame mate matein4 verylong
QmaOm,6k1/pR3pp1/4p2p/3pPn2/3P2QP/5N2/5qPK/2r5 b - - 0 28,f5e3 b7b8 c1c8 b8c8 g8h7 f3g5 h6g5 g4h5,1218,endgame mate matein4 verylong
QmigD,r2q1rk1/1p1bb1pB/2n5/p2pp1P1/3P4/4B3/PPN2P1P/R2Q1R1K b - - 0 18,g8h7 d1h5 h7g8 g5g6 f8f5 h5h7 g8f8 h7h8,1285,mate matein4 middlegame verylong
Qol5F,3B2k1/Qp3p1p/4b1p1/8/1Pq1Bb2/P7/5PP1/4RK2 w - - 1 25,e1e2 c4c1 e2e1 e6c4 e4d3 c4d3 f1g1 c1e1,1079,clearance mate matein4 middlegame verylong
QsGHq,4r2k/1p5p/6pP/4q3/7P/pP1Q4/P1P2p2/1K1R4 b - - 1 37,e5e1 d3d4 e1e5 d4e5 e8e5 d1d8 e5e8 d8e8,1276,clearance endgame mate matein4 verylong
QtY83,5rk1/5ppp/3Q4/5b2/8/5P2/Pq1n1BPP/4R1K1 b - - 0 25,d2c4 d6f8 g8f8 f2c5 c4d6 c5d6 f8g8 e1e8,1245,attraction backrankmate mate matein4 middlegame sacrifice verylong
QulGb,3k4/3P1p2/3K1p2/4PP2/3P3p/1p5P/8/8 b - - 0 37,f6e5 d4e5 b3b2 e5e6 f7e6 f5e6 b2b1q e6e7,1112,advancedpawn endgame mate matein4 pawnendgame verylong
QxagO,r1b2rk1/1p3pp1/1bp4p/p2nN1q1/P7/2PB4/1PQ2PPP/4RRK1 b - - 5 20,d5f4 d3h7 g8h8 e5f7 f8f7 e1e8 f7f8 e8f8,1167,clearance deflection kingsideattack mate matein4 middlegame sacrifice verylong
QyMwL,1r5r/5k2/p2R1p2/4pPb1/8/PP6/1P4KP/3R4 b - - 0 36,b8b3 d6d7 f7g8 d7d8 g8h7 d1d7 h7h6 d8h8,1045,deflection endgame mate matein4 verylong
Qz3yo,1Q2R3/p4r1k/1p3qn1/4Bb1p/8/2P5/P4PP1/6K1 b - - 3 33,f6c6 e8h8 g6h8 b8h8 h7g6 h8g8 f7g7 g8g7,1176,exposedking mate matein4 middlegame sacrifice swallowstailmate verylong
QzXVB,3r1rk1/p4ppp/4p3/2R5/2P2Q1P/P3P1P1/4q3/5RK1 b - - 0 29,d8d2 f4f7 f8f7 c5c8 d2d8 c8d8 f7f8 f1f8,1252,endgame mate matein4 sacrifice verylong
R1b8r,r1bk1b1r/pp1p2pP/1q1Ppq2/6Q1/8/8/P3B1PP/2B1K2R b K - 5 18,f6g5 c1g5 f8e7 g5e7 d8e8 e2h5 g7g6 h5g6,1145,mate matein4 middlegame verylong
R3712,5k2/2Q3p1/3p1r1p/3Pp3/6PK/4Bq2/PP2nP1P/4RR2 w - - 0 38,e1e2 g7g5 e3g5 h6g5 h4h5 f3h3 h5g5 h3h6,1282,endgame fork mate matein4 trianglemate verylong
R3A1q,5r1k/pp2N1pp/2pp2p1/6q1/4P3/1Q1P4/PP3r2/1K1R3R b - - 1 22,g5e7 h1h7 h8h7 d1h1 f2h2 h1h2 e7h4 h2h4,1002,attraction endgame mate matein4 sacrifice verylong
R3AKc,7k/p2b1r1p/1p2rN1Q/2p1Rp2/2Pq4/3P3P/P1P3P1/4R2K b - - 0 36,e6f6 e5e8 d7e8 e1e8 f7f8 e8f8 f6f8 h6f8,1120,kingsideattack mate matein4 middlegame sacrifice verylong
R3PEt,4r1k1/5pp1/7p/2QR4/5b2/5q2/1PK2P2/4R3 b - - 4 32,e8e1 d5d8 e1e8 d8e8 g8h7 c5f5 g7g6 f5f7,1239,endgame mate matein4 verylong
R4YWS,3Q4/5pk1/3P2pp/2p5/5P2/1pPq1B2/1PbB2PP/6K1 w - - 1 40,d2e1 d3e3 e1f2 e3c1 f3d1 c1d1 f2e1 d1e1,1143,endgame fork mate matein4 verylong
R6c7P,1r2r1k1/pb3p2/1p1p1Q1p/8/5P2/P5P1/1P3qBP/4RR1K w - - 3 25,e1e8 b8e8 f6h8 g8h8 f1f2 e8e1 f2f1 e1f1,1214,master mate matein4 middlegame pin verylong
R6fhb,5r2/1Q4pp/4prk1/4n3/3B3q/8/PP4PP/2RR2K1 w - - 3 30,d4e5 h4f2 g1h1 f2f1 d1f1 f6f1 c1f1 f8f1,1197,backrankmate mate matein4 middlegame sacrifice verylong
R8N0W,2r3k1/R1Q2ppp/4qn2/1p1p4/3Pp3/4P1BP/1P3PPK/8 w - - 16 38,c7b7 f6g4 h3g4 e6h6 g3h4 h6h4 h2g1 c8c1,1135,clearance endgame mate matein4 sacrifice verylong
R9AmO,2kr3r/pppb1p1Q/8/5p2/3P4/P1n5/2P2PPP/R4RK1 w - - 2 18,h7f7 c3e2 g1h1 h8h2 h1h2 d8h8 f7h7 h8h7,1093,anastasiamate attraction mate matein4 middlegame sacrifice verylong
RAFFM,2k5/ppp3r1/1qb1p2b/4Q3/2P5/1P4PK/P6P/3RR3 b - - 4 28,g7h7 e5e6 c6d7 e6d7 h7d7 e1e8 d7d8 d1d8,1270,clearance mate matein4 middlegame queensideattack sacrifice verylong
RAVqH,3r2k1/5ppp/5b2/4q3/2R4P/3Q2P1/P3P3/3RK3 b - - 14 35,d8d3 c4c8 f6d8 c8d8 d3d8 d1d8 e5e8 d8e8,1254,backrankmate endgame mate matein4 verylong xrayattack
RAe9r,k7/P4pp1/1p1R3p/1p2p3/1P2q3/7P/2r5/K2R4 b - - 17 47,e4b4 d6d8 c2c8 d8c8 a8a7 d1d7 a7a6 c8a8,1002,endgame exposedking mate matein4 queenrookendgame verylong
RCSGE,5rk1/R4ppp/2NN4/8/8/2K1P3/6r1/5b2 b - - 2 28,g2g3 c6e7 g8h8 d6f7 f8f7 a7a8 f7f8 a8f8,1247,backrankmate deflection endgame mate matein4 sacrifice verylong
RE501,r1b2rk1/p4ppB/2p2n1p/1p2p1N1/2P3qP/6P1/PPQR1P2/1K5R b - - 2 21,g8h8 g5f7 f8f7 d2d8 f6e8 d8e8 f7f8 e8f8,1278,kingsideattack master mastervsmaster mate matein4 middlegame sacrifice verylong
RFyMi,1r1r2k1/5p1p/4p3/3b4/1B3R2/p2B2P1/7P/6K1 b - - 0 31,a3a2 f4g4 g8h8 b4c3 e6e5 c3e5 f7f6 e5f6,1288,endgame fork mate matein4 morphysmate verylong
RG2gS,4r3/4pk1p/3p1ppP/p1qP4/2P1Q1P1/P7/7K/5R2 b - - 0 37,c5a3 e4e6 f7f8 f1f6 e7f6 e6f6 f8g8 f6g7,1285,deflection endgame mate matein4 sacrifice verylong
RHWC2,r1bq1rk1/ppp3p1/3p2P1/4pp1Q/8/1P1PP3/1PP3P1/R3K3 b Q - 0 19,f8e8 h5h7 g8f8 h7h8 f8e7 h8g7 e7e6 g7f7,1022,deflection endgame kingsideattack mate matein4 verylong
RHg90,3r2k1/p5r1/1p2p3/5pq1/3Q3R/2P5/PP4PP/6RK w - - 5 35,d4c4 g5g2 g1g2 d8d1 c4f1 d1f1 g2g1 f1g1,1248,endgame master mate matein4 sacrifice verylong
RIewd,Qn4k1/p5pp/8/8/7q/4r3/PPP2PPP/R3K1NR w KQ - 0 17,e1f1 h4c4 g1e2 c4e2 f1g1 e2e1 a1e1 e3e1,1219,backrankmate mate matein4 middlegame verylong
RImJS,3Q4/1q3ppk/7p/4p3/4P3/P4N2/2R2PPP/1r5K w - - 1 29,f3g1 b1g1 h1g1 b7b1 c2c1 b1c1 d8d1 c1d1,1029,attraction backrankmate endgame fork mate matein4 sacrifice verylong
RLIFv,2r3k1/1p4pp/p1r1n3/3pPQ1P/1q6/1P2B3/P4R2/5RK1 b - - 1 33,b4e4 f5f7 g8h8 f7f8 e6f8 f2f8 c8f8 f1f8,1280,backrankmate mate matein4 middlegame sacrifice verylong
RM5TB,8/2Q2pk1/7p/6pP/6K1/5R2/p7/1q6 b - - 3 57,a2a1q c7f7 g7h8 f7f8 h8h7 f3f7 a1g7 f7g7,1196,endgame mate matein4 verylong
RM7u9,5rk1/1p6/p1pp4/Q4rqp/2P2R2/5RP1/PP4PP/7K w - - 0 31,f4f5 g5c1 a5e1 c1e1 f3f1 e1f1 f5f1 f8f1,1230,backrankmate endgame mate matein4 verylong xrayattack
RMVSy,r1b2rk1/1p3pp1/3Np2p/2p1q3/1bP5/pP1B4/P1Q2PPP/3R1RK1 b - - 5 18,b7b6 d3h7 g8h8 d6f7 f8f7 d1d8 f7f8 d8f8,1013,clearance deflection kingsideattack mate matein4 middlegame sacrifice verylong
RNsgL,8/5ppk/R7/5PP1/6PK/p1r5/8/8 b - - 2 43,c3b3 g5g6 f7g6 f5g6 h7h8 a6a8 b3b8 a8b8,1252,endgame master mate matein4 rookendgame verylong
RODDj,1r2rk2/p4p1p/5b2/4qP2/4P1R1/PBPQ4/1P6/1K4R1 b - - 5 36,b8b3 g4g8 f8e7 g8e8 e7e8 g1g8 e8e7 d3d8,1134,attraction mate matein4 middlegame verylong
ROG2B,5rk1/3p1q1p/3PpBpQ/8/2P4R/1r6/5PPP/5RK1 w - - 0 34,f6e7 f7f2 f1f2 b3b1 h6c1 b1c1 f2f1 c1f1,1257,mate matein4 middlegame sacrifice verylong
RP6BZ,r4rk1/1p3ppp/8/3Np1q1/pKB1P1P1/P5P1/1PP5/R6R b - - 0 30,g5g4 d5e7 g8h8 h1h7 h8h7 a1h1 g4h5 h1h5,1139,anastasiamate attraction kingsideattack mate matein4 middlegame sacrifice verylong
RQ7gA,3r2k1/1p3pp1/p6p/n2pR1b1/3P2Q1/2P3PP/Pq6/4R1K1 b - - 1 28,b2c3 e5e8 d8e8 e1e8 g8h7 g4f5 g7g6 f5f7,1026,mate matein4 middlegame verylong
RSGHu,2N5/3pR1B1/2p2P2/7p/1P3kp1/8/r1P3P1/7K w - - 0 35,e7d7 a2a1 d7d1 a1d1 h1h2 g4g3 h2h3 d1h1,1153,endgame mate matein4 verylong
RSZPJ,6B1/3Q4/1p3ppk/p1p1b3/2P1P3/1P5P/q7/5K2 b - - 3 36,h6g5 d7g4 g5h6 g4h4 h6g7 h4h7 g7f8 h7f7,1183,endgame mate matein4 verylong
RTM5n,1r4k1/3npp2/q2p2p1/3P2Pp/n1BQPP1P/2P3R1/1r6/K1NR4 w - - 1 31,c4a6 b2b1 a1a2 b8b2 a2a3 b1a1 c1a2 a1a2,1244,blindswinemate exposedking master mate matein4 middlegame verylong
RW7n8,5r1k/4R2p/2pp1p2/1p1q3p/7B/P4NRP/1P6/7K b - - 5 36,c6c5 h4f6 f8f6 e7e8 f6f8 e8f8 d5g8 g3g8,1067,endgame master mate matein4 sacrifice verylong
RWe2a,5B2/6R1/4p2p/3r3k/8/4n2P/1PQ2PPK/4q3 b - - 6 37,e3c2 g2g4 h5h4 f8e7 d5g5 e7g5 h6g5 g7h7,1200,endgame mate matein4 verylong
RWxwb,5rk1/pp3rpp/2p5/2P2q1n/1P1QR2P/P3P1p1/1BB3P1/1R4K1 w - - 1 29,c2d3 f5f2 g1h1 f2f1 d3f1 f7f1 b1f1 f8f1,1264,kingsideattack mate matein4 middlegame sacrifice verylong
RXh53,4r1k1/5ppp/1Q1p4/2pP4/4r3/2P1qN2/1P3NPP/R5K1 w - - 1 26,g1f1 e3e2 f1g1 e2e1 f3e1 e4e1 a1e1 e8e1,1186,backrankmate mate matein4 middlegame sacrifice verylong
RYfL5,3r2k1/pQp3p1/4pr1p/4p3/8/2N5/PPP2bPP/2K1R3 w - - 0 16,e1e5 f2e3 e5e3 f6f1 e3e1 f1e1 c3d1 e1d1,1174,clearance endgame mate matein4 queensideattack sacrifice verylong
RZK88,6k1/5p2/1P4p1/2pPp2p/2Q1P1b1/1N2b1P1/5P1P/4qBK1 w - - 1 33,f2e3 e1e3 g1h1 g4f3 f1g2 e3e1 c4f1 e1f1,1295,endgame master mate matein4 pin verylong
RZYcu,1r6/2bknBQp/2p5/7q/4PP2/8/PPP3PP/RNBr1RK1 w - - 1 22,f7h5 c7b6 g7d4 b6d4 c1e3 d4e3 g1h1 d1f1,1264,backrankmate mate matein4 middlegame verylong
Rbk7v,8/6k1/5pp1/3K2b1/p3P1r1/PrP4R/8/7R b - - 2 48,f6f5 h3h7 g7f8 h7h8 f8e7 h1h7 e7f6 e4e5,1116,endgame master mate matein4 verylong
RecQr,3k4/p1p1ppb1/QpP5/4P1qp/PP6/4R1B1/5P1K/3r4 b - - 2 32,h5h4 e3d3 d1d3 a6d3 d8e8 d3d7 e8f8 d7d8,1169,endgame mate matein4 verylong
RfGEl,1k1r4/pp2Q3/5R2/3q4/8/7p/PPP4P/5R1K w - - 0 42,f6f3 d5f3 f1f3 d8d1 e7e1 d1e1 f3f1 e1f1,1201,clearance endgame mate matein4 sacrifice verylong
Rg93v,7q/p3bpk1/6p1/2p3P1/3PNPn1/3Q4/PP4P1/3RR2K w - - 1 34,h1g1 h8h2 g1f1 h2h1 f1e2 h1g2 e4f2 g2f2,1015,deflection master mate matein4 middlegame verylong
Rgfyr,3q1r1k/p2r2pp/8/5N2/4QP2/7P/P4PP1/4R1K1 b - - 0 30,g7g6 e4e5 d8f6 e5f6 f8f6 e1e8 f6f8 e8f8,1091,clearance endgame mate matein4 verylong
RhsGM,2r3k1/5pp1/p3R2p/8/2p3QP/2qr1P2/P5P1/4R2K b - - 0 35,d3d4 e6e8 c8e8 e1e8 g8h7 g4f5 g7g6 f5f7,1053,endgame mate matein4 verylong
RkUZz,4r1k1/pp1br1p1/8/3Qp1qP/2P2RP1/8/PP6/5RK1 b - - 1 34,g8h8 f4f8 e8f8 f1f8 h8h7 d5g8 h7h6 g8h8,1159,mate matein4 middlegame verylong
RlYw7,6k1/pbp2p2/1p2pPp1/8/6R1/6QP/PPqr2PK/8 b - - 3 37,c2b2 g4g6 f7g6 g3g6 g8f8 g6g7 f8e8 g7e7,1237,endgame mate matein4 sacrifice verylong
RnT4M,4n3/1R2n1p1/3p3p/3Pp2k/p1r1P2P/5KP1/P3R3/8 b - - 4 44,e7g6 g3g4 h5h4 e2h2 h4g5 h2h5 g5f6 h5f5,1100,endgame mate matein4 verylong
RobI8,QR3bk1/5pp1/4p2p/3pP3/5BP1/8/P1r2PPK/4q3 b - - 7 29,e1f2 b8f8 g8h7 f8h8 h7g6 h8h6 g7h6 a8g8,1094,endgame mate matein4 verylong
Rp1rz,2r3k1/4Rp2/b1BR2p1/p7/1P6/2n5/5PPP/6K1 w - - 1 34,c6d7 c3e2 e7e2 c8c1 d6d1 c1d1 e2e1 d1e1,1199,backrankmate clearance endgame fork mate matein4 sacrifice verylong
Rvkwn,r7/1kp5/p1p4p/2B2P2/2b5/8/PPP2P1P/R3R1K1 w - - 1 31,b2b3 a8g8 g1h1 c4d5 e1e4 d5e4 f2f3 e4f3,1235,endgame mate matein4 morphysmate verylong
RxAko,2r2rk1/p1QRppb1/4qp1p/1B6/8/5NN1/PPb2PPP/5K1R w - - 1 17,c7a7 c2d3 d7d3 c8c1 d3d1 c1d1 f3e1 e6e1,1198,clearance mate matein4 middlegame sacrifice verylong
RyQjb,8/6pk/R6p/6P1/8/2q4P/3p3K/8 b - - 0 42,d2d1q g5g6 h7h8 a6a8 c3c8 a8c8 d1d8 c8d8,1177,endgame mate matein4 verylong
RyTx8,1r6/5k2/p3Rp2/3p1Pp1/2pP3r/P1P3K1/1P2R3/8 b - - 8 41,b8h8 e6e7 f7g8 e7e8 g8h7 e2e7 h7h6 e8h8,1174,deflection endgame mate matein4 rookendgame verylong
Rzcgs,4r1k1/p4p2/1p5Q/2pRrqp1/2P5/7P/P1P2PP1/3R2K1 w - - 5 26,h6c6 e5e1 d1e1 e8e1 g1h2 f5f4 g2g3 f4f2,1085,endgame mate matein4 verylong
S0cwn,2k5/ppp2pp1/2p5/8/3RP1b1/8/PPq5/3NKB2 b - - 1 28,g4d1 f1h3 d1g4 h3g4 f7f5 g4f5 c8b8 d4d8,1276,backrankmate endgame mate matein4 verylong
S22kN,2kr1r2/1p4p1/p1R5/3p2Pp/3q3P/3P2Q1/P4P2/1KR5 b - - 0 24,b7c6 c1c6 c8b7 g3c7 b7a8 c6a6 d4a7 a6a7,1148,deflection endgame exposedking mate matein4 verylong
S4Y1N,8/p4Rkp/1q2p3/3p2p1/8/P7/1P2p1PP/5R1K b - - 1 35,g7g6 f1f6 g6h5 f7h7 h5g4 h2h3 g4g3 f6f3,1270,deflection endgame mate matein4 queenrookendgame verylong
S58og,r7/4pr1k/p2p3p/2pP1R2/6P1/1PQ5/PB4KP/1q6 b - - 0 33,a8f8 f5f7 f8f7 c3h8 h7g6 h8g8 f7g7 g8g7,1164,endgame mate matein4 verylong
S6aLm,3r1r1k/pp5p/2p2qp1/4p3/8/1QP1R3/P4PPP/5RK1 w - - 2 22,b3b7 f6f2 f1f2 d8d1 e3e1 d1e1 f2f1 f8f1,1255,endgame mate matein4 sacrifice verylong
S6dtj,5nk1/1R4pp/2N2p2/3p1bQ1/3P4/r1P5/2P2PPP/4R1K1 w - - 0 28,e1e7 a3a1 b7b1 a1b1 g5c1 b1c1 e7e1 c1e1,1178,backrankmate mate matein4 middlegame verylong
S6ivR,4kr2/pp1R2p1/4ppq1/2r5/2P4Q/3R4/5P1P/7K b - - 15 31,c5g5 d7d8 e8f7 d3d7 f7g8 d8f8 g8f8 h4h8,1262,attraction endgame exposedking mate matein4 verylong
S74qN,3r1rk1/p5pp/1p2pq2/2p5/4b3/2P4Q/PP3PPP/4RRK1 w - - 0 19,e1e4 f6f2 f1f2 d8d1 e4e1 d1e1 f2f1 e1f1,1154,endgame kingsideattack mate matein4 sacrifice verylong
S79mL,r1b1kq2/pppp2p1/6p1/2b1p3/4n3/1P6/1PP2PPP/RNBQ1RK1 w q - 0 13,d1d5 c5f2 g1h1 e4g3 h2g3 f8h8 c1h6 h8h6,1226,kingsideattack mate matein4 middlegame sacrifice verylong
S7iSg,7r/5p2/3QPk2/4p2p/8/5P2/PP3qP1/2Kq3R w - - 0 35,h1d1 h8c8 c1b1 f2c2 b1a1 c2c1 d1c1 c8c1,1255,backrankmate endgame mate matein4 sacrifice verylong
S8Mpq,2b2qk1/2p5/1p1p1bBp/3P3Q/1PP1p2N/6PP/3B4/6K1 w - - 0 31,d2h6 f6d4 h6e3 d4e3 g1h2 f8f2 h4g2 f2g1,1105,exposedking mate matein4 middlegame verylong
S8zZn,4r3/1b4pk/5pq1/1p5p/1P3Q1P/P3B1P1/5P2/2R3K1 w - - 1 32,c1c7 g6b1 c7c1 b1c1 e3c1 e8e1 g1h2 e1h1,1280,endgame master mate matein4 operamate sacrifice verylong
SAFYd,2r3k1/1p1n1p2/3qpPp1/1p1p3Q/3P1R1P/1P6/P1P3R1/6K1 b - - 0 29,d6f4 g2g6 f7g6 h5g6 g8f8 g6g7 f8e8 g7e7,1140,endgame fork mate matein4 sacrifice verylong
SAdey,2r2rk1/pp1b1Rp1/4p3/4N3/1Q1P3q/8/5PPP/5RK1 w - - 3 24,f7d7 h4f2 f1f2 c8c1 b4e1 c1e1 f2f1 e1f1,1242,mate matein4 middlegame sacrifice verylong
SBXjs,1Rb2rk1/3B1ppp/p3p3/6B1/8/8/q4PPP/4Q1K1 b - - 0 19,c8d7 b8f8 g8f8 e1b4 f8g8 b4b8 d7c8 b8c8,1155,attraction backrankmate endgame mate matein4 verylong
SCEAX,5rk1/ppp3pp/5r2/3Pp2q/1PP1P3/3BNpR1/P2B1QbP/7K w - - 1 27,h1g1 h5h2 g1h2 f6h6 g3h3 h6h3 h2g1 h3h1,1053,attraction kingsideattack mate matein4 middlegame operamate sacrifice verylong
SCoLt,r3r1k1/p1q2ppp/2pb4/2p5/B2pn1bQ/3P4/PPP2PPP/R1B2RK1 w - - 0 17,h4g4 d6h2 g1h1 e4f2 f1f2 e8e1 f2f1 e1f1,1236,clearance deflection kingsideattack mate matein4 middlegame verylong
SD7u8,r7/pp3k2/3p1p2/2p2P1p/1PP1Pq1r/3PR1p1/P3Q1P1/3R2K1 w - - 1 31,e3f3 h4h1 g1h1 f4h4 h1g1 h4h2 g1f1 h2h1,1173,attraction endgame kingsideattack mate matein4 sacrifice verylong
SD7yi,2r2rk1/1p3ppp/p7/Pq6/1P3Q2/2P2R2/6PP/3R3K b - - 2 26,c8c4 f4f7 f8f7 d1d8 b5e8 d8e8 f7f8 f3f8,1271,endgame mate matein4 sacrifice verylong
SF6p4,5b1N/p1k3pp/4Q3/np2p3/3q4/8/PPP2nPP/RNB2RK1 w - - 0 17,f1f2 d4d1 f2f1 f8c5 c1e3 c5e3 g1h1 d1f1,1172,fork mate matein4 middlegame verylong
SGAi0,r4rk1/pp3pp1/4p2p/1P1p4/P2P2Q1/2q5/5RR1/6K1 b - - 1 26,g7g5 g4g5 h6g5 g2g5 g8h8 f2h2 c3h3 h2h3,1249,endgame mate matein4 sacrifice verylong
SGBDE,8/5pk1/1p1p2pp/1Pprb3/2P1P2q/3B1Q1P/6P1/5RK1 b - - 1 35,d5d3 f3f7 g7h8 f7f8 h8h7 f1f7 e5g7 f7g7,1035,endgame mate matein4 verylong
SGGE6,r2q3k/pp4p1/n3p1B1/1N1p2P1/Pb1P2P1/4p1K1/1P3r2/R6Q b - - 1 24,h8g8 h1h7 g8f8 h7h8 f8e7 h8g7 f2f7 g7f7,1140,deflection kingsideattack mate matein4 middlegame verylong
SHKPU,3q4/pk1r1p1P/2p3p1/2b1B2n/6QP/2N2P2/PPP1N3/2K5 w - - 3 26,h7h8q c5e3 c1b1 d7d1 c3d1 d8d1 e2c1 d1c1,1259,fork mate matein4 middlegame sacrifice verylong
SHqsj,8/4R3/8/P4p2/4b3/6k1/6p1/6K1 w - - 0 44,e7e4 f5e4 a5a6 e4e3 a6a7 e3e2 a7a8q e2e1q,1040,advancedpawn endgame hangingpiece mate matein4 promotion verylong
SKlH2,4Rrk1/7R/p1r4p/1p4p1/1P1p2P1/P1nB4/6PP/6K1 w - - 8 44,e8e7 c3e2 d3e2 c6c1 e2d1 c1d1 e7e1 d1e1,1096,clearance endgame mate matein4 sacrifice verylong
SLRlq,8/5k1Q/6p1/3q2B1/2p1b3/2P5/7K/8 b - - 7 40,f7e6 h7e7 e6f5 e7f6 f5g4 f6f4 g4h5 f4h4,1190,endgame exposedking mate matein4 verylong
SMAuJ,8/ppk3p1/2pq4/5Bn1/3Pp1p1/1QP1P1P1/PP3P2/7K w - - 1 25,b3g8 d6h6 h1g1 g5f3 g1f1 h6h1 f1e2 h1e1,1242,endgame exposedking mate matein4 verylong
SO1P7,r3r2k/7p/p1p1bR1Q/1p6/3qP3/1P5P/2P3P1/5R1K b - - 4 24,d4e4 f6f8 e8f8 f1f8 a8f8 h6f8 e6g8 f8f6,1192,mate matein4 middlegame verylong
SOIu9,6k1/1p3pp1/6p1/8/6P1/p1r3r1/Pb2RK2/3R4 b - - 5 35,g3g4 e2e8 g8h7 d1h1 c3h3 h1h3 g4h4 h3h4,1279,endgame mate matein4 verylong
SOiaF,2r2rk1/5ppp/R3p3/1p1p4/1P6/1qN2Q2/6PP/5RK1 b - - 0 28,c8c3 f3f7 f8f7 a6a8 c3c8 a8c8 f7f8 f1f8,1113,endgame mate matein4 sacrifice verylong
SOn0y,3r2k1/bp3pBp/p4Pp1/3p1p2/3P2nQ/PqR5/1P4PP/5K2 b - - 1 29,b3b2 h4h7 g8h7 c3h3 g4h6 h3h6 h7g8 h6h8,1224,attraction kingsideattack mate matein4 middlegame sacrifice verylong
SSKUL,5b1k/pp3pp1/2p5/3p1Np1/3Pn3/3B1Q1P/P4PK1/4q3 b - - 5 27,e4d2 f3h5 h8g8 f5e7 f8e7 h5h7 g8f8 h7h8,1280,endgame mate matein4 sacrifice verylong
SSYKl,8/pnkb4/3p4/2pPp1q1/1P2P3/5P2/PP2BQ2/3K3R w - - 1 39,a2a3 d7a4 b2b3 a4b3 d1e1 g5c1 e2d1 c1d1,1086,endgame exposedking mate matein4 verylong
SVuNH,3kr3/pp3R1R/3P4/2p1rK2/8/P1P5/1P6/8 w - - 13 42,f5f6 e8e6 f6g7 e5g5 g7h8 e6e8 f7f8 e8f8,1218,endgame mate matein4 rookendgame verylong
SWawl,2k4q/Rp4p1/1nr2n2/4N3/3PpP2/1QP3p1/6P1/1N3RK1 w - - 0 25,f1d1 h8h2 g1f1 h2h1 f1e2 h1g2 e2e1 g2f2,1123,deflection mate matein4 middlegame verylong
SWf7a,rn2k2r/p1Bp1ppp/8/1p6/8/5b2/PPPN3P/R5K1 b kq - 1 14,f3c6 a1e1 c6e4 e1e4 e8f8 c7d6 f8g8 e4e8,1060,backrankmate mate matein4 middlegame verylong
SXd7l,4r1r1/k1p5/1pP3q1/pQp4p/2P1p3/7B/5PP1/R5K1 b - - 1 32,e8a8 a1a5 a7b8 a5a8 b8a8 b5a6 a8b8 a6b7,1060,attraction endgame mate matein4 verylong
SXmIy,5rk1/p4pp1/7p/8/1PrR1Q2/1q2P3/5P1P/3R2K1 b - - 4 37,f8c8 d4d8 c8d8 d1d8 g8h7 f4f5 g7g6 f5f7,1148,endgame master mate matein4 verylong
SYyNr,r2q1rkR/1b2b1n1/pn2p1Q1/1p1p1pP1/3P1P2/2PB4/PP1N3P/R1B3K1 b - - 2 20,g8h8 g6h6 h8g8 g5g6 f8f6 h6h7 g8f8 h7h8,1296,exposedking kingsideattack mate matein4 middlegame verylong
SZNXX,2k1r3/1p5Q/p2P4/1b1B2p1/2qprp2/1R6/1P3PPP/3R1K2 w - - 0 33,d5c4 b5c4 b3d3 c4d3 f1g1 e4e1 d1e1 e8e1,1149,backrankmate fork master mate matein4 middlegame verylong
SZOPI,1r4k1/4Q3/p5pp/P1p2p2/2P1pP2/6PP/1rB5/6K1 w - - 1 46,c2a4 b2b1 a4d1 b1d1 g1f2 b8b2 f2e3 d1d3,1169,endgame exposedking mate matein4 verylong
SaQDB,7Q/1b2krp1/ppr1pq1p/3pR3/3P4/8/PP3PPP/1B3RK1 w - - 4 27,h8b8 f6f2 f1f2 c6c1 e5e1 c1e1 f2f1 e1f1,1200,fork mate matein4 middlegame sacrifice verylong
SbE9J,Rk6/1p1r1ppp/2p2b2/1N6/2Q2P2/4r1P1/P5KP/4q3 b - - 1 28,b8a8 c4a4 e1a5 a4a5 a8b8 a5a7 b8c8 a7a8,1160,endgame fork mate matein4 verylong
SeZkG,7k/pp5p/2b1B1p1/8/8/6QP/6PK/5q2 b - - 2 33,f1f8 g3e5 f8g7 e5b8 c6e8 b8e8 g7f8 e8f8,1188,endgame mate matein4 verylong
Sef7F,5rk1/1QN4p/3p1rp1/3P3b/4q3/P7/1PP3PR/1K5R w - - 1 28,c7b5 f6f1 h1f1 f8f1 b1a2 e4c4 b2b3 c4c2,1264,mate matein4 middlegame queensideattack verylong
SflKR,8/p1P5/8/3B4/8/P5pp/5k2/7K w - - 0 47,c7c8q g3g2 d5g2 h3g2 h1h2 g2g1q h2h3 g1g3,1135,advancedpawn endgame exposedking mate matein4 promotion verylong
ShDBG,3r3k/3r2pp/p1R1Q3/P3P3/4q3/4N2P/5PP1/6K1 w - - 3 33,c6a6 d7d1 e3d1 d8d1 g1h2 e4f4 g2g3 f4f2,1178,endgame mate matein4 sacrifice verylong
SkWYp,r1b2rk1/pp3ppp/2pN2q1/2P4n/3P4/3B3P/P1Q2PP1/4R1K1 b - - 9 24,g6g5 d3h7 g8h8 d6f7 f8f7 e1e8 f7f8 e8f8,1026,deflection kingsideattack mate matein4 middlegame verylong
SlaAA,6k1/1R5p/3pN3/P2Pp3/4Pn1b/5Q1P/q4B1P/7K w - - 13 55,f2h4 a2a1 b7b1 a1b1 h4e1 b1e1 f3f1 e1f1,1114,endgame mate matein4 verylong
SlajR,8/4Nppk/4p2p/3p2PP/4n3/1p6/5r2/2R3K1 b - - 0 37,b3b2 g5g6 f7g6 h5g6 h7h8 c1c8 f2f8 c8f8,1026,endgame mate matein4 verylong
SmPzL,3r2k1/3p1pp1/3P3p/p1P2Q2/1p2RPK1/r7/2P1R1P1/6q1 b - - 12 36,g7g6 e4e8 d8e8 e2e8 g8g7 f5e5 g7h7 e5h8,1281,endgame mate matein4 verylong
So4xH,r2r1bk1/5p2/5P1p/p3N3/1p2b3/1B6/1PP2RPP/4R1K1 w - - 0 25,e1e4 d8d1 f2f1 f8c5 e4d4 c5d4 g1h1 d1f1,1203,backrankmate fork mate matein4 middlegame verylong
SoVaE,k5rr/p4R2/2pQ2p1/2Np4/3P4/6P1/PPP1q1K1/R7 w - - 9 26,f7f2 h8h2 g2h2 e2f2 h2h3 g8h8 h3g4 f2f5,1280,attraction deflection mate matein4 middlegame verylong
Sp57c,3q2k1/pp2R1p1/2p1p3/4Pb1p/8/PNQ5/1P3PPP/3r1BK1 w - - 3 24,e7b7 d1f1 g1f1 d8d1 c3e1 f5d3 f1g1 d1e1,1239,attraction deflection kingsideattack mate matein4 middlegame sacrifice verylong
Spwfa,3r3k/2R3p1/1p3p1p/p3p3/P3q3/1QB4P/5PP1/6K1 w - - 3 32,b3f7 d8d1 c3e1 d1e1 g1h2 e4f4 g2g3 f4f2,1250,endgame mate matein4 verylong
SqL6s,r1b1k2r/4ppb1/p5pp/1Bp5/5q2/5P2/PPP1Q1PP/1K1R3R b kq - 0 16,a6b5 e2b5 c8d7 b5d7 e8f8 d7d8 a8d8 d1d8,1135,backrankmate mate matein4 middlegame verylong
Sr5ad,7k/pb1B1pr1/7p/n4Q2/8/1P3P1P/r6P/5R1K w - - 0 30,f5c5 b7f3 f1f3 a2a1 f3f1 a1f1 c5g1 f1g1,1166,mate matein4 middlegame sacrifice verylong
SuYuo,5rk1/pp4pp/4p1b1/3B2Q1/3P4/6PK/Pq5P/5R2 b - - 1 25,f8f1 d5e6 g8h8 g5d8 g6e8 d8e8 f1f8 e8f8,1292,endgame mate matein4 verylong
SunjY,5rk1/6p1/1p3r1p/p1pR4/P3P3/3Q4/1q4PP/1B1R2K1 w - - 0 29,e4e5 b2f2 g1h1 f2f1 d1f1 f6f1 d3f1 f8f1,1176,backrankmate mate matein4 middlegame sacrifice verylong
Svl3i,r1b2rk1/pp2qpp1/2pN3p/2Pn3P/1P1pB3/P7/2Q2PP1/R3R1K1 b - - 0 22,e7g5 e4h7 g8h8 d6f7 f8f7 e1e8 f7f8 e8f8,1053,deflection kingsideattack mate matein4 middlegame sacrifice verylong
SxJOg,3r1r2/p5pk/1pq2p1B/2b2b2/P7/6QP/4R1P1/4R2K b - - 0 41,g7h6 e2e7 c5e7 e1e7 f8f7 e7f7 h7h8 g3g7,1001,mate matein4 middlegame sacrifice verylong
Sxm0A,5rk1/5rp1/1p2R1p1/7p/3P1qn1/5B2/PP3PPP/3QR1K1 w - - 1 25,f3g4 f4f2 g1h1 f2f1 e1f1 f7f1 d1f1 f8f1,1077,backrankmate fork mate matein4 middlegame sacrifice verylong
Syd63,2r2r1k/1p1R2p1/5q1p/8/P5Q1/8/5PPP/5RK1 w - - 1 31,d7b7 f6f2 f1f2 c8c1 g4d1 c1d1 f2f1 d1f1,1291,endgame mate matein4 sacrifice verylong
SyzlU,3r4/p5pk/1pbr1pq1/1PP4p/3R1Q1P/6P1/3R1P2/6K1 w - - 0 31,d4d6 g6b1 d2d1 b1d1 d6d1 d8d1 g1h2 d1h1,1081,endgame mate matein4 operamate verylong xrayattack
SzNoO,6k1/1q4pp/p2B1b2/1p1P1Q2/1P5P/8/4KPP1/2r4R b - - 2 29,c1h1 f5e6 b7f7 e6c8 f6d8 c8d8 f7e8 d8e8,1161,endgame mate matein4 verylong
Szbpc,r1b4k/pp4bp/1nnp2r1/4p2q/5p2/P1P2P2/BPN1NBPP/R4QRK w - - 8 20,a2f7 h5h2 h1h2 g6h6 f7h5 h6h5 f2h4 h5h4,1182,attraction kingsideattack mate matein4 middlegame sacrifice verylong
T0ols,r1bq1rk1/pp3pp1/2p2b1p/4N3/3PB3/8/PPQ1RPPP/R5K1 b - - 3 17,d8d4 e4h7 g8h8 e5f7 f8f7 e2e8 f7f8 e8f8,1125,clearance deflection kingsideattack mate matein4 middlegame sacrifice verylong
T11Ru,6k1/3b1p2/3p1p2/4pPP1/2PpP3/4rBRK/2q5/6Q1 b - - 0 34,f6g5 g3g5 g8f8 g5g8 f8e7 g1g5 f7f6 g5g7,1124,endgame mate matein4 verylong
T30dP,6k1/5ppp/p1ppr2r/1p6/3P4/Q1P2PqP/PP3RP1/5R1K w - - 4 39,a3a6 h6h3 g2h3 g3h3 h1g1 e6g6 f2g2 h3g2,1253,endgame kingsideattack mate matein4 sacrifice verylong
T34qp,7r/p2r1pkp/1pp2Np1/4PnP1/8/P6R/1P2K3/7R b - - 3 34,d7d4 h3h7 h8h7 h1h7 g7f8 h7h8 f8e7 h8e8,1136,endgame hookmate mate matein4 verylong
T38Jj,2R5/3rkpp1/pp6/1b2PPP1/4K3/8/P7/8 b - - 2 36,a6a5 f5f6 g7f6 g5f6 e7e6 c8e8 d7e7 e8e7,1124,endgame mate matein4 verylong
T4Lpa,6k1/1p4p1/p6p/3p1r1r/3R1P2/1PQ1PRP1/PB4KP/1q6 w - - 5 30,d4d2 h5h2 g2h2 f5h5 h2g2 b1h1 g2f2 h5h2,1272,attraction mate matein4 middlegame sacrifice verylong
T9Aa4,7k/1N1r3p/p1pPQ3/4p1rq/4P3/5pP1/PP3RbP/3R2K1 w - - 1 34,e6d7 h5h2 g1h2 g5h5 d7h3 h5h3 h2g1 h3h1,1283,attraction kingsideattack mate matein4 middlegame operamate sacrifice verylong
T9p2E,1k6/p3q3/2Qpp3/2p5/3PP3/2N5/PPP2P1R/2K3r1 w - - 1 28,c3d1 e7g5 f2f4 g5f4 h2d2 g1d1 c1d1 f4f1,1132,attraction endgame fork mate matein4 pin verylong
TANLr,5rk1/pb1Bbr2/1pp2q2/8/3PQ3/2P2N2/PP3PPP/R3R1K1 w - - 1 20,f3e5 f6f2 g1h1 f2f1 e1f1 f7f1 a1f1 f8f1,1149,backrankmate mate matein4 middlegame sacrifice verylong
TCK9k,r3r1k1/2q2pp1/p6p/1p1pbN2/1P2n3/2P2Q1P/1P3PP1/R1B2RK1 w - - 1 22,f3g4 e5h2 g1h1 e4f2 f1f2 e8e1 f2f1 e1f1,1109,clearance deflection kingsideattack mate matein4 middlegame sacrifice verylong
TDnVD,6r1/1RQ3bk/5Npp/3pP3/2pP4/1p4Pb/1P3B1K/5q2 b - - 4 40,h7h8 c7g7 g8g7 b7b8 h3c8 b8c8 g7g8 c8g8,1291,arabianmate exposedking mate matein4 middlegame sacrifice verylong
TEiLf,1r4k1/p1p2p2/3p1Pp1/7Q/2PP3P/2rB2RK/5q2/8 b - - 1 33,b8b3 g3g6 f7g6 h5g6 g8f8 g6g7 f8e8 g7e7,1299,endgame mate matein4 sacrifice verylong
TGsGS,2r2rk1/6p1/2b2pP1/p4P1Q/1p1PqB2/2ppPp1P/PP3R2/R5K1 b - - 2 36,f8d8 h5h7 g8f8 h7h8 f8e7 h8g7 e7e8 g7f7,1186,deflection kingsideattack mate matein4 middlegame verylong
TI0id,5rk1/1R3Rpp/p7/b7/8/2P2Q1P/q3r1PK/8 b - - 0 28,f8f7 b7b8 a5d8 b8d8 e2e8 d8e8 f7f8 f3f8,1219,endgame mate matein4 verylong
TI5ot,6r1/p4R1p/2b2p1k/P7/2B2P2/4r3/6PP/6RK w - - 1 31,f7c7 c6g2 g1g2 e3e1 c4f1 e1f1 g2g1 f1g1,1236,endgame mate matein4 sacrifice verylong
TJFNi,4r1k1/pQ4pp/5p2/2qp4/3N4/R1P5/PP3PPP/4rRK1 w - - 11 26,a3a7 e1f1 g1f1 c5c4 d4e2 c4e2 f1g1 e2e1,1190,attraction mate matein4 middlegame verylong
TKwkB,3r1rk1/qp3ppp/p7/3N1Q2/8/2R5/PP4PP/7K b - - 2 24,a7d4 d5e7 g8h8 f5h7 h8h7 c3h3 d4h4 h3h4,1265,anastasiamate attraction endgame mate matein4 sacrifice verylong
TL9aR,2r3k1/Q2R1rpp/4p3/1p3q2/8/P7/5PPP/5RK1 w - - 5 30,a7b7 f5f2 f1f2 c8c1 d7d1 c1d1 f2f1 d1f1,1278,endgame mate matein4 sacrifice verylong
TLzKo,5nk1/pQp3pp/8/4P2r/6qP/5pP1/PP3P1K/R4R2 w - - 3 24,f1h1 h5h4 h2g1 h4h1 g1h1 g4h3 h1g1 h3g2,1092,attraction endgame mate matein4 verylong
TM8N3,r2q1rk1/pbpp2p1/1p2p1Qp/4P1b1/8/2PB4/P1PB1PPP/R4R1K b - - 1 16,g5d2 g6h7 g8f7 d3g6 f7e7 h7g7 f8f7 g7f7,1280,deflection kingsideattack mate matein4 middlegame verylong
TMRDd,r2q2r1/1b2bp1k/p3p2p/1p1nB3/3P2Q1/7P/PPB2PP1/R3R1K1 b - - 5 21,f7f5 c2f5 e6f5 g4f5 g8g6 f5f7 g6g7 f7g7,1240,mate matein4 middlegame verylong
TMdyt,3r2k1/1R3ppp/8/8/4n3/1p3N2/4nPPP/5RK1 w - - 2 26,g1h1 e4f2 f1f2 d8d1 f3e1 d1e1 f2f1 e1f1,1165,backrankmate endgame mate matein4 sacrifice verylong
TMeWu,rb4kr/5pp1/1N1q3p/1B1p4/1P1Q4/P3PP1P/2b3P1/R4RK1 w - - 1 25,b6a8 d6h2 g1f2 b8g3 f2e2 h2g2 f1f2 g2f2,1252,deflection kingsideattack mate matein4 middlegame verylong
TMwpK,1r6/r3k2p/p2p2b1/1p1B4/1Kp1PPPR/2P5/PP6/3R4 w - - 1 27,f4f5 a6a5 b4a3 b5b4 a3a4 g6e8 d5c6 e8c6,1161,endgame mate matein4 verylong
TNZoQ,8/pp3Q2/2n4k/5bq1/3P2p1/1BP3B1/PP4PP/6K1 w - - 3 32,g3e1 g5e3 e1f2 e3c1 b3d1 c1d1 f2e1 d1e1,1124,endgame fork mate matein4 verylong
TNmjS,5k2/6pp/P3Q3/5p2/1b1P4/4P3/2qNKPPP/8 w - - 1 34,a6a7 c2d2 e2f3 d2d1 f3f4 d1g4 f4e5 g4e4,1234,endgame mate matein4 verylong
TPD9u,3r4/4Q2p/2p1pNp1/4Rpk1/7q/P6P/5PP1/2Rr2K1 w - - 1 33,c1d1 d8d1 e5e1 d1e1 g1h2 h4f4 g2g3 f4f2,1150,endgame mate matein4 verylong
TQMmY,5rk1/p4ppp/1p1R4/8/1PP2Q2/P1q1r2P/6P1/5R1K b - - 0 29,c3a3 f4f7 f8f7 d6d8 e3e8 d8e8 f7f8 f1f8,1219,endgame mate matein4 sacrifice verylong
TRJJM,3R1bk1/pp3p2/2q1pB1p/4P1pQ/2P5/4P2P/1r3PPK/8 b - - 3 38,b2f2 d8f8 g8f8 h5h6 f8e8 h6h8 e8d7 h8d8,1271,attraction endgame mate matein4 swallowstailmate verylong
TSVyC,5r2/5r1k/2R3p1/1p2p2p/3p4/1P3P1P/P1Q3PK/4q3 b - - 3 35,h5h4 c2g6 h7h8 g6h6 h8g8 c6g6 f7g7 h6g7,1051,endgame mate matein4 verylong
TTLVM,5q1k/6pp/p1Q5/1p2N3/1P3r2/7P/1PB3P1/6K1 w - - 1 34,c2e4 f4f1 g1h2 f8f4 g2g3 f4f2 e4g2 f2g1,1153,endgame fork mate matein4 verylong
TTmXz,3r2k1/2Q2p1p/pp4p1/3rp1q1/1P6/P4n1R/1B2BPPP/3R2K1 w - - 1 26,h3f3 d5d1 e2f1 d1f1 g1f1 d8d1 f1e2 g5d2,1089,attraction kingsideattack mate matein4 middlegame verylong
TUYIG,2r2r1k/pQ4pp/5q2/8/8/8/PP3PPP/4RRK1 w - - 2 22,e1e7 f6f2 f1f2 c8c1 e7e1 c1e1 f2f1 e1f1,1257,endgame mate matein4 sacrifice verylong
TW0xx,r4rk1/ppp2ppp/3p4/3Np3/2BnP1q1/3P4/PPP3P1/1K1R3R b - - 1 15,c7c6 d5e7 g8h8 h1h7 h8h7 d1h1 g4h5 h1h5,1263,anastasiamate attraction kingsideattack mate matein4 middlegame sacrifice verylong
TWfOp,r1br2k1/1ppqbppp/p7/3n4/3P2P1/1QN1BR1P/PP5N/5R1K b - - 1 21,d5e3 b3f7 g8h8 f7f8 e7f8 f3f8 d8f8 f1f8,1116,backrankmate mate matein4 middlegame sacrifice verylong
TX3jU,4r3/p1pb2r1/1p1p2pk/3Pp2p/2P1Bb2/1P3P2/P5P1/3K2RR b - - 9 35,g6g5 h1h5 h6h5 g1h1 f4h2 h1h2 d7h3 h2h3,1156,attraction mate matein4 middlegame pillsburysmate sacrifice verylong
Ta5F1,r4rk1/pbp2ppp/1p2p3/3pP3/7q/1PNBP1b1/PBPP2P1/R2Q1RK1 w - - 2 15,f1f3 h4h2 g1f1 h2h1 f1e2 h1g2 f3f2 g2f2,1229,deflection kingsideattack mate matein4 middlegame verylong
TazCa,8/kPprb3/2p1q3/2n4p/2PB1pp1/8/6PP/R2R2K1 b - - 0 32,a7b7 d1b1 c5b3 b1b3 e7b4 b3b4 b7c8 a1a8,1201,mate matein4 middlegame verylong
TbbCx,r5k1/1b3pp1/p3pn1p/8/3r3q/1P1B1P2/P1Q3PP/2R1R2K b - - 9 30,a8c8 c2c8 b7c8 c1c8 d4d8 c8d8 f6e8 d8e8,1253,kingsideattack mate matein4 middlegame pillsburysmate verylong
TeqO0,4r3/1pp1q2p/2n2r2/p2B2k1/2P2Nb1/PP3pP1/3R1P2/Q2R2K1 w - - 0 28,a1c3 e7e1 d1e1 e8e1 g1h2 f6h6 f4h3 h6h3,1150,kingsideattack mate matein4 middlegame operamate sacrifice verylong
TfSPb,2r3k1/p4pp1/1p2p1b1/3p4/6RQ/7P/5PPK/2r1q3 b - - 8 30,c8c3 h4d8 g8h7 g4h4 g6h5 h4h5 h7g6 d8g5,1133,endgame mate matein4 verylong
TgOqm,3rr1k1/pp4pp/4p1p1/1q4P1/1Pn2Q2/P5P1/2P2RPK/5R2 b - - 10 27,c4a3 f4f7 g8h8 f7f8 e8f8 f2f8 d8f8 f1f8,1120,backrankmate mate matein4 middlegame sacrifice verylong
TkArX,8/1R3Np1/6kp/4P3/5P2/7P/6PK/2r3b1 w - - 1 42,h2g3 c1c3 g3h4 g1f2 g2g3 f2g3 h4g4 h6h5,1164,endgame master mate matein4 verylong
Tkej4,1r6/1r3q2/R2Qp1pk/3p4/3Pp1pP/4P1P1/5P2/R5K1 w - - 3 38,d6e6 b7b1 a1b1 b8b1 g1g2 f7f3 g2h2 f3f2,1268,deflection endgame mate matein4 verylong
Tl6Bf,5n2/2r1q2k/2P1p3/1Q3p2/PP2p3/4P1pr/3RB1P1/3R2K1 w - - 0 35,b5e5 h3h1 g1h1 e7h4 h1g1 h4h2 g1f1 h2h1,1291,attraction mate matein4 middlegame sacrifice verylong
Tn68x,5rk1/5ppp/4p3/q7/3Pn3/5Q1P/r5PN/1R3RK1 b - - 1 29,e4d2 f3f7 f8f7 b1b8 a5d8 b8d8 f7f8 f1f8,1187,mate matein4 middlegame sacrifice verylong
Tn7ks,8/1kp2p2/2p4Q/4P3/3B2P1/1b5P/1P1K4/7q w - - 0 31,h6e3 h1d1 d2c3 d1c2 c3b4 c2c4 b4a3 c4a4,1192,endgame exposedking mate matein4 verylong
Tn9CK,4kn2/p3b3/8/2p5/P1B1P1R1/K1P1B3/1r5r/R7 w - - 5 29,a1d1 b2a2 c4a2 c5c4 d1d6 e7d6 e3c5 d6c5,1238,discoveredattack discoveredcheck mate matein4 middlegame sacrifice verylong
TpY6z,1k4r1/2p3r1/Qp1b2q1/5p2/2Rp1p1p/P2P1P1P/1P2R1PN/6K1 w - - 5 34,c4a4 g6g2 e2g2 g7g2 g1f1 g2g1 f1f2 g8g2,1244,blindswinemate kingsideattack mate matein4 middlegame sacrifice verylong
TpvXM,2r5/1kr5/p3Rq2/Pp3p1p/8/3PQ2P/1R3PP1/6K1 b - - 5 46,f6b2 e3b6 b7a8 b6a6 a8b8 e6b6 c7b7 b6b7,1237,deflection endgame mate matein4 verylong
TsMgf,8/2p2k2/1p1p2r1/1P2q3/2P1P2Q/3P2pP/8/6RK w - - 4 44,g1g2 e5a1 g2g1 g3g2 h1h2 a1e5 h4f4 e5f4,1252,advancedpawn endgame exposedking mate matein4 verylong
Tsxdx,3r1rk1/pp5p/3Rb1p1/4P1p1/4Q3/8/Pq3PPP/5RK1 w - - 2 21,d6e6 b2f2 f1f2 d8d1 e4e1 d1e1 f2f1 e1f1,1263,endgame master mate matein4 sacrifice verylong
Tvat6,5rk1/R1Q2ppp/2p5/3p4/3P4/1q2r2P/6P1/5R1K b - - 1 30,b3d3 c7f7 f8f7 a7a8 e3e8 a8e8 f7f8 f1f8,1287,endgame mate matein4 sacrifice verylong
TxKk9,r2qr1k1/pp1b1pp1/2nbp3/6pQ/2pP3R/2P5/PPB2PPP/R1B3K1 b - - 1 15,g5h4 h5h7 g8f8 h7h8 f8e7 c1g5 f7f6 h8g7,1019,epaulettemate kingsideattack mate matein4 middlegame verylong
Tz6c3,r2q1r2/4ppk1/p2p2p1/2pP4/3bPPp1/2N5/1PP1Q1PK/R1B2R2 w - - 0 21,g2g3 f8h8 h2g2 h8h2 g2h2 d8h8 h2g2 h8h3,1288,attraction mate matein4 middlegame sacrifice verylong
U0J54,1R6/6kp/b2pB1p1/2bP1p2/4pP1B/7P/6PK/2r5 b - - 11 36,c5e3 b8g8 g7h6 h4g5 h6h5 g2g4 f5g4 h3g4,1037,endgame mate matein4 verylong
U0LJj,8/pR5p/2pr2pk/8/1P6/P1nBPN2/5PPP/6K1 w - - 1 29,d3c4 d6d1 f3e1 d1e1 c4f1 c3e2 g1h1 e1f1,1289,backrankmate deflection endgame mate matein4 verylong
U0nZn,7r/Q1R4q/1p1B1pk1/3b1p2/3P2p1/8/4r2P/5RK1 b - - 2 36,h7h3 c7g7 g6h6 d6f4 h6h5 g7h7 h8h7 a7h7,1243,mate matein4 middlegame verylong
U28dZ,r6k/p1r3pp/1p1RQ3/4n3/4Pq2/8/P4PPP/3R2K1 b - - 2 25,e5f7 d6d8 a8d8 d1d8 f7d8 e6e8 f4f8 e8f8,1100,fork mate matein4 middlegame sacrifice verylong
U3OvB,r6k/1R4pp/p7/3P2p1/P3Q1P1/4b1qP/5rB1/1R5K b - - 2 39,e3f4 b7b8 a8b8 b1b8 f4b8 e4e8 f2f8 e8f8,1061,mate matein4 middlegame sacrifice verylong
U3z5h,1r3rk1/5p2/4p1p1/p2p4/3P1P1q/2P5/1p2KP2/1Q1R2R1 b - - 1 28,h4f4 g1g6 f7g6 b1g6 g8h8 d1h1 f4h2 h1h2,1168,endgame mate matein4 sacrifice verylong
U4uhG,5qk1/3Q4/R7/2p3p1/8/2rp3P/5PP1/4R1K1 w - - 8 53,e1e7 c3c1 e7e1 c1e1 g1h2 f8f4 g2g3 f4f2,1126,endgame mate matein4 verylong
U5opx,r1b2rk1/ppp2ppp/1b6/4Nnq1/8/P1PB2B1/2Q2PPP/R3R1K1 b - - 2 19,f5g3 d3h7 g8h8 e5f7 f8f7 e1e8 f7f8 e8f8,1134,clearance deflection kingsideattack mate matein4 middlegame verylong
U5qmN,7k/R5p1/3prp2/4b1P1/8/5r2/5P2/6RK b - - 0 33,f3f2 a7a8 e6e8 a8e8 h8h7 g5g6 h7h6 e8h8,1100,endgame mate matein4 verylong
U87SX,3r1r1k/Q5p1/1pp2q1p/P3R3/8/P3n3/BBP2PPP/5RK1 w - - 2 23,e5e3 f6f2 f1f2 d8d1 e3e1 d1e1 f2f1 e1f1,1289,kingsideattack mate matein4 middlegame sacrifice verylong
U8rmm,6rk/4QR2/5Pq1/3R3p/6p1/7P/6PK/8 w - - 0 48,d5d7 g4g3 h2g1 g6b1 d7d1 b1d1 e7e1 d1e1,1087,endgame master mate matein4 verylong
U9s4E,5rk1/1p3ppp/8/2rq4/3R1Q2/8/6PP/5RK1 b - - 1 26,d5c6 f4f7 f8f7 d4d8 c6e8 d8e8 f7f8 f1f8,1285,endgame mate matein4 sacrifice verylong
UAZrI,1r5k/1qr3p1/4P1Rp/5Q2/4pP2/P2p4/1P3P1P/1K4R1 w - - 1 38,b2b4 b7b4 a3b4 b8b4 b1a1 c7a7 f5a5 a7a5,1270,endgame exposedking mate matein4 queensideattack sacrifice verylong
UBEyJ,1k6/pp3N2/1bpPr1p1/2p3B1/8/2P2Rp1/PP4P1/6K1 w - - 0 27,d6d7 e6e1 f3f1 c5c4 g5e3 b6e3 g1h1 e1f1,1289,discoveredattack discoveredcheck endgame mate matein4 verylong
UDlwi,6k1/5pp1/8/5KPP/R7/8/1r6/8 b - - 6 59,b2h2 a4a8 g8h7 g5g6 f7g6 h5g6 h7h6 a8h8,1083,endgame mate matein4 rookendgame verylong
UE4l4,5rk1/2n2ppp/p7/4P3/P7/5Q1P/2rq2P1/3R1RK1 b - - 6 26,d2e2 f3f7 f8f7 d1d8 c7e8 d8e8 f7f8 f1f8,1281,mate matein4 middlegame sacrifice verylong
UFBfg,3q2k1/6p1/4p1P1/3pP2Q/2pP4/1pn3P1/5PK1/8 b - - 0 44,b3b2 h5h7 g8f8 h7h8 f8e7 h8g7 e7e8 g7f7,1158,deflection endgame mate matein4 verylong
UFcsF,1r2r2k/p2p1ppp/3P1b2/1q3N2/5BQ1/R7/5PPP/5RK1 w - - 11 30,a3h3 b5f1 g1f1 b8b1 f4c1 b1c1 g4d1 c1d1,1267,attraction kingsideattack mate matein4 middlegame sacrifice verylong
UGg46,3Q2k1/1p3ppp/2p1p1n1/p3P2N/P2rR3/5P2/1q3P2/3R1K2 b - - 0 31,d4d8 d1d8 g6f8 h5f6 g7f6 e4g4 g8h8 d8f8,1172,deflection endgame mate matein4 verylong
UHX29,1r2r1k1/p4ppp/8/8/1b1Pq1P1/PQ2BR2/2p3PP/5R1K b - - 0 25,b4f8 b3f7 g8h8 f7f8 e8f8 f3f8 b8f8 f1f8,1092,backrankmate deflection mate matein4 middlegame verylong
UKYvE,r1b4r/pk3R1p/3Rp3/1p1n4/8/1pqQ4/2P3PP/6K1 b - - 1 28,b7b8 d3b5 d5b6 d6b6 a7b6 b5b6 c8b7 b6b7,1199,mate matein4 middlegame queensideattack verylong
UM0ug,1k1r2nr/npp5/p2p4/2PPpqb1/PPN5/2N1B1pP/6P1/R2QR1K1 w - - 1 22,c5d6 g5e3 c4e3 f5f2 g1h1 h8h3 g2h3 f2h2,1196,kingsideattack mate matein4 middlegame sacrifice verylong
UMhz0,4brk1/6pp/p3p3/1qBpNp2/3P3Q/4P3/4nPPP/4RK2 w - - 3 25,e1e2 b5b1 e2e1 e8b5 e5d3 b5d3 f1g1 b1e1,1164,clearance mate matein4 middlegame verylong
UNm0c,5rk1/1p4b1/pq1pBpP1/7r/4P3/5N2/PPP5/2K4R b - - 0 30,g8h8 h1h5 g7h6 h5h6 h8g7 h6h7 g7g6 e6f5,1254,exposedking hangingpiece mate matein4 middlegame verylong
UOVWo,4r2k/2q3pp/pp6/2p2p2/2Q1pPr1/4P1PR/PP3KP1/2R5 b - - 0 29,e8d8 h3h7 h8h7 c1h1 g4h4 h1h4 h7g6 c4e6,1244,attraction endgame kingsideattack mate matein4 sacrifice verylong
UOeFO,2r4k/p5pp/2r5/6P1/3PpBQb/4P2P/PP1K4/6R1 w - - 5 28,g4h4 c6c2 d2e1 c2c1 e1f2 c8c2 f2g3 c1g1,1035,deflection endgame mate matein4 verylong
UPzQ6,6rk/1pp1q1pp/p6r/3R4/1P2PpQ1/P6P/5P1K/6R1 b - - 3 33,e7e4 g4g7 g8g7 d5d8 e4e8 d8e8 g7g8 g1g8,1248,endgame mate matein4 sacrifice verylong
US7CX,3r1r1k/p1p1R1p1/1pQ4p/5q2/8/P7/1P3PPP/5RK1 w - - 3 26,c6c7 f5f2 f1f2 d8d1 e7e1 d1e1 f2f1 e1f1,1276,endgame mate matein4 sacrifice verylong
USpww,4r1k1/p4ppp/3p1b2/5P2/5P2/2q3PK/2P4P/1R2R3 b - - 1 33,e8e1 b1b8 c3c8 b8c8 f6d8 c8d8 e1e8 d8e8,1003,backrankmate endgame mate matein4 verylong
UXwJi,2Q5/R6p/4p1pk/5p2/2bP1P2/6K1/6PP/4q3 w - - 10 39,g3h3 e1e3 g2g3 c4f1 h3h4 g6g5 f4g5 e3g5,1216,endgame exposedking mate matein4 verylong xrayattack
UYGVS,4Q3/4p1kp/1q1pPpp1/2b5/5P2/1p5P/6PK/8 b - - 3 46,b6b7 e8f7 g7h6 f7f8 h6h5 g2g4 h5h4 f8h6,1260,endgame mate matein4 verylong
UZtkH,2r2r2/pp1Q4/5pkp/8/5q2/3R4/PPP2PP1/1K6 b - - 1 24,f4f2 d7g4 g6h7 d3d7 f8f7 d7f7 h7h8 g4c8,1164,endgame master mate matein4 verylong
Uar8x,6k1/5ppp/3b2n1/pQ1p4/2pP4/P1q4P/6P1/5R1K b - - 3 33,c3d4 b5e8 g6f8 e8f7 g8h8 f7f8 d6f8 f1f8,1221,backrankmate deflection endgame mate matein4 sacrifice verylong
UboVD,4Q3/6pk/7p/pR3K1P/8/2r3q1/6P1/8 b - - 6 49,g3g2 e8g6 g2g6 h5g6 h7h8 b5b8 c3c8 b8c8,1121,endgame mate matein4 verylong
Uc1Ym,5rk1/pp2p3/4p2p/2q1brp1/P7/2PQ4/4RPPP/1B2R1K1 w - - 0 26,e2e5 c5f2 g1h1 f2f1 e1f1 f5f1 d3f1 f8f1,1201,backrankmate mate matein4 middlegame sacrifice verylong
UcG8I,3r1b1k/1R4pp/p3Q3/p3B3/4p3/8/5qPP/5RK1 w - - 0 31,f1f2 d8d1 f2f1 f8c5 e5d4 c5d4 g1h1 d1f1,1168,backrankmate endgame master mate matein4 verylong
UdZQS,6k1/p4ppp/8/2R3Q1/8/5PKP/r5P1/4r1q1 b - - 6 36,h7h6 c5c8 e1e8 c8e8 g8h7 g5f5 g7g6 f5f7,1239,endgame mate matein4 verylong
UdvYF,2k3r1/pp1r1p1p/2pP4/5Q2/3q4/8/PP2R2P/4R2K b - - 2 25,d4d6 e2e8 g8e8 e1e8 c8c7 f5a5 b7b6 a5a7,1250,endgame mate matein4 verylong
UfTns,2k4r/ppq2pp1/1np1p3/8/3P2p1/PBN3b1/1PP1QP1r/R1B2KR1 w - - 0 21,g1g3 h2h1 g3g1 h1g1 f1g1 c7h2 g1f1 h2h1,1089,attraction mate matein4 middlegame verylong
Ufxcn,5rk1/2Q4R/3p1qp1/p7/P2P4/8/1r3PPP/5RK1 w - - 0 28,h7d7 f6f2 f1f2 b2b1 c7c1 b1c1 f2f1 c1f1,1281,endgame mate matein4 sacrifice verylong
UgGRV,2r3k1/5pp1/3R3p/p3p3/4P3/5Q2/q1r2PPP/3R2K1 b - - 0 24,a2b2 d6d8 c8d8 d1d8 g8h7 f3f5 g7g6 f5f7,1027,endgame mate matein4 verylong
UiOOL,3r2k1/2r2ppp/p7/1p6/4nn2/BP2P3/P4PPP/2R2RK1 w - - 0 21,c1c7 f4e2 g1h1 e4f2 f1f2 d8d1 f2f1 d1f1,1259,backrankmate deflection endgame mate matein4 sacrifice verylong
UiWzE,5rk1/5ppp/1q2p3/1P1p4/2r5/5Q2/R5PP/5R1K b - - 4 28,c4b4 f3f7 f8f7 a2a8 b6d8 a8d8 f7f8 f1f8,1293,endgame mate matein4 sacrifice verylong
UioCn,5R2/kp2N3/p2p4/2p1q3/4P3/P3Q1pr/6P1/5RK1 w - - 4 29,e7g6 h3h1 g1h1 e5h5 g6h4 h5h4 h1g1 h4h2,1270,attraction endgame fork mate matein4 sacrifice verylong
Ujfsn,2kr3r/1pp2p2/p1p2P1q/2b3p1/8/3p2P1/PPPB2PN/R2QRNK1 w - - 0 18,g1h1 h6h2 f1h2 h8h2 h1h2 d8h8 d1h5 h8h5,1120,attraction kingsideattack mate matein4 middlegame pillsburysmate sacrifice verylong
Ujvq1,r4rk1/p1p2ppp/2N1p3/3n4/3P1B2/2P5/P1P2P2/2K2R1R b - - 0 20,d5f4 c6e7 g8h8 h1h7 h8h7 f1h1 f4h3 h1h3,1169,anastasiamate attraction endgame mate matein4 sacrifice verylong
Ul2vv,r1b1k3/p1p2pp1/2pb4/1p6/3PPPp1/2N3q1/PPP1B1P1/R1BQ1RKr w q - 1 15,g1h1 g3h4 h1g1 g4g3 f1f3 h4h2 g1f1 h2h1,1292,kingsideattack mate matein4 middlegame verylong
UpiOr,rnbq1rkR/ppp1b1p1/4p3/3p2P1/2PP4/2P5/P4PP1/R1BQK3 b Q - 2 12,g8h8 d1h5 h8g8 g5g6 f8f5 h5h7 g8f8 h7h8,1025,kingsideattack mate matein4 middlegame verylong
UqPWb,r5k1/1B4p1/p3p2p/2p4q/1p3P2/1P1PP1b1/PBQ3P1/1N1R1RK1 w - - 7 31,f1f3 h5h2 g1f1 h2h1 f1e2 h1g2 f3f2 g2f2,1157,deflection kingsideattack mate matein4 middlegame verylong
UqlqV,r2qk2r/3nppb1/3p1nN1/2pP3p/ppP4P/3QPN2/PP3PP1/R1B1K2R b KQkq - 0 14,f7g6 d3g6 e8f8 f3g5 d8e8 g5e6 f8g8 g6g7,1278,fork mate matein4 middlegame quietmove verylong
UrCeO,4r1k1/5pp1/q1p4p/p7/Pp2r1N1/5N1P/1PP1nPPQ/R3RK2 w - - 15 29,e1e2 a6e2 f1g1 e2e1 f3e1 e4e1 a1e1 e8e1,1166,backrankmate mate matein4 middlegame verylong
UtUrF,R7/2p2k1r/1q2p2r/2Rp4/1P1P1pP1/2P2P2/4Q1K1/8 w - - 19 40,e2e5 h6h2 g2f1 h2h1 f1e2 h7h2 e2d3 h1d1,1234,endgame mate matein4 verylong
UuMBs,2r5/Q7/2q1p2k/P7/3Pp1pp/2r1P1P1/5P1P/RR4K1 w - - 0 33,a7f7 c3c1 b1c1 c6c1 a1c1 c8c1 g1g2 h4h3,1019,endgame mate matein4 sacrifice verylong
UvZmj,3r3k/1p1n2pp/p3Q3/5P1q/1PP2R2/8/P5PP/3R3K w - - 3 31,d1d7 h5d1 d7d1 d8d1 e6e1 d1e1 f4f1 e1f1,1019,backrankmate endgame mate matein4 sacrifice verylong xrayattack
UvtZ8,2kr2r1/pp5p/2p5/P3Pp2/3NbR2/8/1P4PP/6RK w - - 3 28,d4f5 e4g2 g1g2 d8d1 f4f1 d1f1 g2g1 f1g1,1279,endgame fork mate matein4 sacrifice verylong
UwCRN,3q3r/1Qp1kp2/3p4/3P1R2/3Pp1p1/2P1b1P1/PP4BP/5RK1 w - - 2 24,g1h1 h8h2 h1h2 d8h8 f5h5 h8h5 g2h3 h5h3,1038,attraction kingsideattack mate matein4 middlegame sacrifice verylong
UwHT9,6k1/p7/1p4p1/2p2p2/P1r1r1P1/5R1P/8/5RK1 b - - 0 29,f5g4 f3f8 g8h7 f1f7 h7h6 f8h8 h6g5 h3h4,1118,endgame exposedking mate matein4 rookendgame verylong
Uwa0b,6k1/pr3p2/3rp1pR/6P1/6NP/5K2/1p3P2/8 b - - 1 39,b2b1q g4f6 g8g7 h6h7 g7f8 h7h8 f8e7 h8e8,1154,endgame hookmate mate matein4 verylong
UwpB2,5rk1/1p3ppp/1q6/pP3N2/4p3/4P1P1/K4PP1/3R3R b - - 0 27,b6b5 f5e7 g8h8 h1h7 h8h7 d1h1 b5h5 h1h5,1289,anastasiamate attraction endgame mate matein4 sacrifice verylong
Uzw7C,3rr3/pp1b1qk1/4p3/2b1N1pn/8/3B2B1/PPPQ2PP/3R3K w - - 0 22,e5f7 h5g3 h2g3 e8h8 f7h8 d8h8 d3h7 h8h7,1158,kingsideattack mate matein4 middlegame pillsburysmate sacrifice verylong
V13w1,5k2/1pbr2p1/p1p2p1B/2P1p3/1P2P2P/PP1r1P2/6RK/6R1 b - - 0 30,g7h6 g2g8 f8e7 g1g7 e7e6 g8e8 d7e7 g7e7,1298,endgame exposedking mate matein4 verylong
V1D5n,r2r4/5p2/2k3p1/2qpR3/1p1Q1P2/1P6/1P4P1/1K1R4 w - - 1 33,d1c1 a8a1 b1a1 c5c1 a1a2 d8a8 d4a7 a8a7,1266,attraction deflection endgame mate matein4 verylong
V3igK,4N1Q1/p3p3/6pk/4b2p/2BnP3/5qPP/P1P2P2/5RK1 w - - 1 24,c4f7 d4e2 g1h2 e5g3 f2g3 f3g3 h2h1 g3h3,1197,deflection mate matein4 middlegame verylong
V4gsQ,2k3r1/ppp2pb1/4p2p/2q1N3/4PP2/1P4P1/P6P/2RQ3K b - - 2 27,c5e3 d1d7 c8b8 d7c7 b8a8 c7c8 g8c8 c1c8,1239,backrankmate endgame mate matein4 sacrifice verylong
V5l3d,5rk1/1p3ppp/1p1p4/pq1rpQ2/8/5R1P/5PP1/2R3K1 b - - 1 31,e5e4 f5f7 f8f7 c1c8 b5e8 c8e8 f7f8 f3f8,1283,endgame mate matein4 sacrifice verylong
V7XBu,5rk1/5ppp/8/p7/8/1R3Q2/q2r2PP/5R1K b - - 1 25,a5a4 f3f7 f8f7 b3b8 d2d8 b8d8 f7f8 f1f8,1265,endgame mate matein4 sacrifice verylong
V7Xdd,5rk1/p4ppp/1p2p3/8/q7/P1r1PQ2/2P3PP/3R1RK1 b - - 1 19,c3a3 f3f7 f8f7 d1d8 a4e8 d8e8 f7f8 f1f8,1285,endgame mate matein4 sacrifice verylong
V8QTC,5r2/p2R2p1/4p1k1/6Bn/2P1b2P/P7/7K/3R4 w - - 3 38,d7a7 f8f2 h2g1 f2g2 g1f1 h5g3 f1e1 g2e2,1266,endgame exposedking mate matein4 verylong
VBnBK,r7/p4rk1/2p1R1pp/1p6/3P4/2P5/PPQ1KPP1/q7 b - - 2 27,a8f8 c2g6 g7h8 g6h6 h8g8 e6g6 f7g7 h6g7,1173,deflection endgame mate matein4 verylong
VDVdj,r1b2rk1/pppp1pp1/5q1p/4N3/2PP1n2/3B4/PPQ2PPP/R3R1K1 b - - 3 15,f6g5 d3h7 g8h8 e5f7 f8f7 e1e8 f7f8 e8f8,1020,clearance deflection kingsideattack mate matein4 middlegame sacrifice verylong
VG6oP,r3k1nr/1bpnqp2/pp2p3/3P4/2P1N3/P1N3p1/1P2B1PK/R1BQ3R w kq - 0 18,h2g1 h8h1 g1h1 e7h4 h1g1 h4h2 g1f1 h2h1,1287,attraction kingsideattack mate matein4 opening verylong
VGZ8l,8/pk3N2/1p6/5Kp1/5p2/5r1P/6r1/2R5 b - - 1 41,f3h3 f7d6 b7a6 c1a1 g2a2 a1a2 h3a3 a2a3,1044,anastasiamate endgame mate matein4 verylong
VI2Bq,5rk1/2rQ2b1/1p1p2p1/p2P1p2/5q2/3Pp2P/PP2P1B1/2R3K1 w - - 0 25,c1c7 f4f2 g1h2 g7e5 h2h1 f2e1 g2f1 e1f1,1220,endgame exposedking kingsideattack mate matein4 verylong
VIXOd,R7/5ppk/2p4p/2B1P3/3NbP2/P6P/1r4PK/8 w - - 5 37,h2g3 b2g2 g3h4 g7g5 f4g5 h6g5 h4h5 e4g6,1191,endgame mate matein4 morphysmate verylong
VIuLT,5rk1/5ppp/1q6/5Q2/Rp2P3/1P1r3P/6P1/5R1K b - - 1 29,d3b3 f5f7 f8f7 a4a8 b6b8 a8b8 f7f8 f1f8,1225,endgame mate matein4 sacrifice verylong
VIuV4,2r3k1/p2p1pbp/4pBp1/3pP3/8/1R4PP/5q2/1Q5K b - - 2 37,c8c2 b3b8 g7f8 b8f8 g8f8 b1b8 c2c8 b8c8,1107,attraction endgame mate matein4 sacrifice verylong
VJXx8,r1b3k1/pp4qp/2pp2p1/5p1n/1PPb1P2/P2P2P1/2QBr1BP/4RR1K w - - 0 20,e1e2 h5g3 h2g3 g7h6 g2h3 h6h3 e2h2 h3f1,1107,fork mate matein4 middlegame sacrifice verylong
VJcQh,r1bq2kr/pp4pp/2n2b2/2p1p1B1/8/2PP4/PP4PP/R2Q1RK1 b - - 0 15,f6g5 d1b3 c5c4 b3c4 d8d5 c4d5 c8e6 d5e6,1194,kingsideattack mate matein4 middlegame verylong
VJmgI,8/8/1N6/P7/5p2/5kp1/3P4/5K2 w - - 0 50,a5a6 g3g2 f1g1 f3g3 d2d3 f4f3 d3d4 f3f2,1153,advancedpawn endgame knightendgame mate matein4 verylong
VL81U,4rn1k/1r2q1bp/3pB1p1/p2Pp1P1/Np2PP1R/1Pp1Q3/P1P5/1K5R b - - 0 28,e5f4 h4h7 f8h7 h1h7 h8h7 e3h3 g7h6 h3h6,1165,attraction kingsideattack mate matein4 middlegame sacrifice verylong
VLuMi,3R2k1/7p/p4pp1/8/P4PP1/1rq2NKP/3R4/8 b - - 2 42,g8g7 d2d7 g7h6 g4g5 f6g5 f4g5 h6h5 d7h7,1159,endgame mate matein4 verylong
VMtHY,8/2p1R2p/2r2p1k/5K1P/5PP1/2p5/8/8 b - - 0 42,c3c2 g4g5 f6g5 f4g5 h6h5 e7h7 c6h6 h7h6,1143,endgame exposedking mate matein4 rookendgame verylong
VNZQ9,r2q1rk1/pp1bb1p1/4p1Qp/4P3/3PB2P/4P3/PP4K1/R1B5 b - - 0 20,e7h4 g6h7 g8f7 e4g6 f7e7 h7g7 f8f7 g7f7,1082,deflection kingsideattack mate matein4 middlegame verylong
VRKGE,5rk1/1p3rp1/p4q1p/2R5/3P4/PQ6/1P4PP/3R2K1 w - - 7 26,b3d3 f6f2 g1h1 f2f1 d1f1 f7f1 d3f1 f8f1,1210,backrankmate endgame mate matein4 sacrifice verylong
VSsRn,6k1/1p5p/p5p1/3pb1r1/2p2P2/2P1Q1qP/PP2R3/6NK b - - 0 34,e5f4 e3e8 g8g7 e2e7 g7h6 e8f8 h6h5 e7h7,1214,deflection endgame mate matein4 verylong
VT5Ge,2r3k1/5pp1/R1b4p/1B2p1q1/4P3/1P3PB1/P5PP/2R4K w - - 1 33,a6c6 g5c1 c6c1 c8c1 g3e1 c1e1 b5f1 e1f1,1136,backrankmate endgame mate matein4 verylong xrayattack
VTMlT,2k2r1r/ppp3p1/8/1Q1Rq2p/6n1/2P1P1P1/PP3P1P/3R2K1 b - - 0 22,e5e4 b5d7 c8b8 d7d8 f8d8 d5d8 h8d8 d1d8,1262,backrankmate mate matein4 middlegame sacrifice verylong
VUN86,5k2/7p/4PK2/5P2/p7/8/8/8 b - - 0 50,a4a3 e6e7 f8e8 f6e6 a3a2 f5f6 h7h6 f6f7,1220,advancedpawn endgame mate matein4 pawnendgame verylong
VUSZB,1r3r1k/1q2N1p1/p3Q1Pp/P1p5/2Pp4/1P1p3R/6P1/6K1 b - - 3 36,b7c7 h3h6 g7h6 g6g7 h8g7 e6g6 g7h8 g6h6,1220,advancedpawn attraction deflection endgame mate matein4 sacrifice verylong
VV0ia,5k2/p4P2/1p3K2/2p5/2P5/6P1/8/8 b - - 4 42,a7a5 g3g4 a5a4 g4g5 a4a3 g5g6 a3a2 g6g7,1018,advancedpawn endgame mate matein4 pawnendgame quietmove verylong
VWaqt,8/8/8/pP6/3P4/8/5K1p/7k b - - 0 52,a5a4 b5b6 a4a3 b6b7 a3a2 b7b8q a2a1q b8b7,1228,advancedpawn endgame mate matein4 pawnendgame promotion verylong
VXSaY,3r1rk1/6p1/p1p1R2p/8/4Q3/1P6/Pq3PPP/5RK1 w - - 1 25,e6c6 b2f2 f1f2 d8d1 e4e1 d1e1 f2f1 e1f1,1288,endgame mate matein4 sacrifice verylong
VYBWd,4R3/4Rp2/p4P2/1p1r1kBr/5P1p/3P2bP/6P1/7K b - - 11 33,d5d3 e7e5 f5g6 e8g8 g6h7 g8g7 h7h8 e5e8,1130,endgame mate matein4 verylong
VZgwY,3r2k1/pp3pPp/2p5/4PPP1/1Pn1NK2/r7/8/7R b - - 0 32,d8d3 e4f6 g8g7 h1h7 g7f8 h7h8 f8e7 h8e8,1273,endgame hookmate mate matein4 verylong
VaFkp,3r2k1/p2r1p2/4N1p1/2pnQ3/1pB3P1/qP6/PKPP3P/3R3R w - - 1 22,b2b1 d5c3 e5c3 b4c3 d2c3 d7d1 h1d1 d8d1,1176,mate matein4 middlegame queensideattack verylong
VbKM4,2r2r1k/6pp/1p3q2/p7/8/1Q2R3/P4PPP/5RK1 w - - 0 28,e3h3 f6f2 f1f2 c8c1 b3d1 c1d1 f2f1 d1f1,1101,endgame mate matein4 sacrifice verylong
VbS8m,r2q1rkR/p3b1p1/bp2p3/3pP1P1/8/2P5/PP3PP1/R2QK3 b Q - 2 18,g8h8 d1h5 h8g8 g5g6 f8f5 h5h7 g8f8 h7h8,1128,kingsideattack mate matein4 middlegame verylong
VdWd1,3r4/2Qk1ppp/1p6/8/3q4/P5P1/1P4P1/K1R5 b - - 0 27,d7e8 c1e1 e8f8 c7e7 f8g8 e7e8 d8e8 e1e8,1296,backrankmate endgame mate matein4 sacrifice verylong
VdZOW,8/5Rkp/1p6/3r2p1/1Pp5/8/1r4PP/5RK1 b - - 3 31,g7g6 f1f6 g6h5 f7h7 h5g4 h2h3 g4g3 f6f3,1162,deflection endgame mate matein4 rookendgame verylong
Vdd0Q,3r1r1k/pp4p1/5q1p/4p3/4R3/1Q6/P4PPP/5RK1 w - - 0 26,b3b7 f6f2 f1f2 d8d1 e4e1 d1e1 f2f1 e1f1,1236,endgame mate matein4 sacrifice verylong
VfQ1Q,4kB2/p7/2p5/2Pp3p/NP2p2q/P5p1/2Q3P1/3R2K1 w - - 0 37,c2c3 h4h2 g1f1 h2h1 f1e2 h1g2 e2e1 g2f2,1294,deflection endgame mate matein4 verylong
Vh7CX,r3kb2/pp2p3/8/3pB3/2pPpPq1/2P1P1p1/PP4P1/R2QR1Kr w q - 4 26,g1h1 g4h4 h1g1 h4h2 g1f1 h2h1 f1e2 h1g2,1076,deflection epaulettemate kingsideattack mate matein4 middlegame verylong
ViCZo,2r3k1/1p2p1bp/p1r1p1p1/4P3/P2p1PQ1/1q1Pp3/R1P1N1PP/2R4K w - - 0 24,c2b3 c6c1 e2g1 c1g1 h1g1 c8c1 g4d1 c1d1,1032,attraction kingsideattack mate matein4 middlegame verylong
ViS62,r7/1pk2rp1/3Rq3/1pB1p1Pn/1P6/2P2P2/P4K2/3R4 b - - 2 31,e6f5 c5b6 c7b8 d6d8 f5c8 d8c8 b8c8 d1d8,1253,attraction mate matein4 middlegame operamate verylong
VijD4,5rk1/1pRn1qp1/p6p/3r4/2N1b3/1P3Q2/P4PPP/5RK1 w - - 0 23,f3e4 f7f2 f1f2 d5d1 e4e1 d1e1 f2f1 e1f1,1254,mate matein4 middlegame sacrifice verylong
VjmzB,1rb2rk1/2p2ppp/p7/1p1N4/5PP1/P3P3/1P3KP1/3R3R b - - 0 20,c8g4 d5e7 g8h8 h1h7 h8h7 d1h1 g4h3 h1h3,1219,anastasiamate attraction endgame mate matein4 sacrifice verylong
VkLPF,4r1k1/3q3p/4bQp1/p3R3/8/2P5/P3R1PP/7K w - - 5 33,e5e6 d7d1 e2e1 d1e1 e6e1 e8e1 f6f1 e1f1,1075,backrankmate endgame mate matein4 verylong xrayattack
Vlr6e,2r4r/ppR2p1p/5Np1/4p1P1/B3Nnbk/8/P6P/5R1K w - - 5 34,c7f7 g4f3 f1f3 c8c1 a4d1 c1d1 f3f1 d1f1,1034,mate matein4 middlegame sacrifice verylong
VmoRw,r7/pQp3k1/1b1pB3/4p1p1/4Pn2/P2P4/1Pr3q1/1K1R3R w - - 0 26,b7a8 c2b2 b1a1 b2a2 e6a2 b6d4 a1b1 g2b2,1225,mate matein4 middlegame queensideattack sacrifice verylong
Vo2u6,5bk1/2q2p1p/4pBp1/p1p1P1P1/3nR3/4N2Q/rr3P1P/4R1K1 b - - 0 35,b2f2 h3h7 g8h7 e4h4 f8h6 h4h6 h7g8 h6h8,1248,attraction kingsideattack mate matein4 middlegame operamate sacrifice verylong
VoQQG,2kr4/Qpp2pp1/6p1/8/3r1qP1/7P/PPP5/RK5R w - - 1 23,a2a3 d4d1 h1d1 d8d1 b1a2 f4c4 b2b3 c4c2,1151,endgame epaulettemate mate matein4 queensideattack verylong
VpUzy,2kr1r2/1p6/p1p5/5p1p/1q1P1QpP/4P1P1/2R1K1P1/2R5 b - - 3 31,d8e8 c2c6 b7c6 c1c6 c8b7 f4c7 b7a8 c6a6,1054,deflection endgame mate matein4 queensideattack sacrifice verylong
VqSmy,4B3/1p4pk/7p/2P2b1P/4pN2/5RP1/1r1r4/R5K1 b - - 0 34,e4f3 e8g6 f5g6 h5g6 h7h8 a1a8 d2d8 a8d8,1133,endgame mate matein4 verylong
Vqi2j,Q2r1k2/6RR/p5p1/P4rq1/2p5/7P/2P2PP1/6K1 w - - 5 33,a8a7 d8d1 g1h2 g5f4 g2g3 f4f2 a7f2 f5f2,1266,endgame mate matein4 verylong
VsE8R,3r1k2/1R3pp1/p3p2p/8/5n2/R4N2/4BPPP/6K1 w - - 4 29,e2a6 d8d1 f3e1 d1e1 a6f1 f4e2 g1h1 e1f1,1249,backrankmate deflection endgame mate matein4 verylong
VtlbR,1R6/pp4pk/5r1p/5q2/3P1P2/4P3/PP3PQP/2R3K1 w - - 7 30,c1c8 f5b1 c8c1 b1c1 g2f1 f6g6 g1h1 c1f1,1213,deflection endgame mate matein4 verylong
Vu2Bt,5rk1/1pr2qpp/4R3/3p4/P7/7Q/5PPP/5RK1 w - - 0 27,e6e5 f7f2 f1f2 c7c1 e5e1 c1e1 f2f1 e1f1,1253,endgame mate matein4 sacrifice verylong
VuipW,3r1r1k/pp3qpp/2n5/6Q1/8/2B5/1P3PPP/R4RK1 w - - 4 26,a1a4 f7f2 f1f2 d8d1 c3e1 d1e1 f2f1 e1f1,1288,mate matein4 middlegame sacrifice verylong
Vve7g,5r2/p3pr1k/2n1R1pp/8/5P2/B1q5/P5Q1/1R4K1 b - - 1 29,c3a3 g2g6 h7h8 g6h6 h8g8 e6g6 f7g7 g6g7,1070,deflection fork mate matein4 middlegame verylong
VwKOv,n3k3/7q/1P2p3/3p4/3P2b1/1QP1bNBp/1P5P/5R1K w - - 0 29,b6b7 g4f3 f1f3 h7b1 b3d1 b1d1 f3f1 d1f1,1140,fork mate matein4 middlegame verylong
W00SW,4r2k/Q5pp/1np2b2/3p4/3P4/1P1qP3/P7/K1B5 b - - 2 38,e8e3 a7b8 b6c8 b8c8 f6d8 c8d8 e3e8 d8e8,1158,backrankmate endgame fork mate matein4 verylong
W2Kb1,1r5k/8/3p1R2/3B2R1/ppPpPn2/3r4/PP1K4/8 w - - 1 37,d2c2 b4b3 a2b3 a4b3 c2c1 f4e2 c1b1 d3d1,1136,endgame mate matein4 verylong
W3AjR,8/2B3pk/1P1R4/8/7p/1r5P/5bPK/8 w - - 2 49,d6c6 f2g3 c7g3 h4g3 h2g1 b3b1 c6c1 b1c1,1193,endgame master mate matein4 verylong
W3Oob,4r1k1/1pp2p2/p3r3/6pB/2Pb4/1P6/P1QN1qPP/2RR3K w - - 4 23,h5f3 e6e1 d1e1 e8e1 c1e1 f2e1 d2f1 e1f1,1101,kingsideattack mate matein4 middlegame verylong
W3zRc,r4r1k/pp5p/4bR2/4B3/2PpP3/8/PqPQ2PP/6K1 b - - 0 21,f8f6 e5f6 h8g8 d2g5 g8f7 g5g7 f7e8 g7e7,1117,endgame mate matein4 verylong
W4aoY,rr6/8/2p1ppb1/1pPp1kpp/1P1P4/PR1N1PP1/3K2P1/4R3 b - - 3 30,b8b7 g3g4 h5g4 f3g4 f5g4 d3f2 g4h5 b3h3,1267,attraction endgame mate matein4 verylong
W4wq4,6k1/2p2r1q/3p4/3Q1p2/1Pr5/3RPPp1/P5P1/3R2K1 w - - 4 35,d5c4 h7h2 g1f1 h2h1 f1e2 h1g2 e2e1 g2f2,1086,deflection endgame mate matein4 verylong
W630X,r1b2r1k/pp1n2pB/1qn1p2p/3p2B1/1b1P3N/8/PP2NPPP/RQ3RK1 b - - 3 16,f8f7 h4g6 h8h7 g6f8 h7g8 b1h7 g8f8 h7h8,1210,discoveredcheck doublecheck kingsideattack mate matein4 middlegame sacrifice verylong
W6TnA,6rk/5pr1/4p1qp/3p1p1b/1P1P1P2/2PBR2P/R5P1/4Q1K1 w - - 0 31,e1h4 g6g2 a2g2 g7g2 g1f1 g2g1 f1f2 g8g2,1039,blindswinemate kingsideattack mate matein4 middlegame pillsburysmate sacrifice verylong
W74Vb,r2r2k1/p5pp/2p1p3/8/1nPqR3/3P3Q/P4PPP/4R1K1 b - - 0 24,d4d3 h3e6 g8h8 e6e8 d8e8 e4e8 a8e8 e1e8,1043,backrankmate mate matein4 middlegame sacrifice verylong
W7eUe,6k1/6pp/p2p1r2/1p1Pp3/7r/1P1Q1PqP/P4RP1/5R1K w - - 7 31,d3c3 h4h3 g2h3 g3h3 h1g1 f6g6 f2g2 g6g2,1212,endgame kingsideattack mate matein4 sacrifice verylong
W8JEG,3q1rk1/p2nbpnp/1p2p1p1/2rp2P1/5P1Q/1P2PR2/PBPN3P/R5K1 b - - 1 20,g7f5 h4h7 g8h7 f3h3 f5h4 h3h4 h7g8 h4h8,1262,attraction kingsideattack mate matein4 middlegame operamate sacrifice verylong
W8fYS,2Rr2rk/2R2pQp/p4Pp1/8/3Pq3/8/6PP/2B3K1 b - - 1 42,g8g7 c8d8 g7g8 d8g8 h8g8 c7c8 e4e8 c8e8,1271,attraction endgame hangingpiece mate matein4 verylong
W8vSq,6k1/6pp/1p3rr1/8/3qRP1Q/6pP/PP2R1K1/8 b - - 1 34,d4d3 e4e8 f6f8 e8f8 g8f8 h4e7 f8g8 e7e8,1226,attraction endgame mate matein4 verylong
W9gZ6,r2q2k1/p5p1/1p4Pp/2p2p2/1n1bb3/NPP5/PB1PQ3/2KR2R1 w - - 1 24,c3b4 d4b2 c1b2 d8d4 b2c1 d4a1 a3b1 a1b1,1194,attraction master mastervsmaster mate matein4 middlegame queensideattack verylong
WBO6o,2r3k1/1pr2p1p/p3p3/3b1p2/PQ6/6RP/6PK/2q5 b - - 5 34,g8h8 b4d4 e6e5 d4e5 f7f6 e5f6 c7g7 f6g7,1221,endgame fork mate matein4 verylong
WBsSn,1k1b3q/2p2p2/1p2p3/4P2r/P1RP4/2P2Np1/3NQ1P1/1R4K1 w - - 7 39,g1f1 h5h1 f3g1 h1g1 f1g1 h8h2 g1f1 h2h1,1086,attraction mate matein4 middlegame sacrifice verylong
WDPjF,1k1B4/8/BP1p2p1/p1pPp2p/7P/2P5/1q6/6K1 b - - 3 48,b2c3 d8c7 b8a8 b6b7 a8a7 b7b8q a7a6 b8b6,1231,advancedpawn endgame exposedking master mate matein4 promotion verylong
WDPrh,r2q1rk1/p5p1/2b1p1Qp/3pP3/2p5/2P3P1/P1B2bPP/RN5K b - - 1 23,f2e3 g6h7 g8f7 c2g6 f7e7 h7g7 f8f7 g7f7,1279,deflection kingsideattack mate matein4 middlegame verylong
WFc6a,7k/5pbp/p3q1p1/1p6/5P2/1B2NQ2/PP4PP/3r2K1 w - - 0 31,e3d1 e6e1 f3f1 g7d4 d1f2 d4f2 g1h1 e1f1,1259,endgame mate matein4 verylong
WGSHE,2r5/3kp3/3pNpQ1/1N1P3p/P1r1P3/4q3/6PP/RR5K w - - 8 37,g6g3 c4c1 b1c1 c8c1 a1c1 e3c1 g3e1 c1e1,1242,backrankmate mate matein4 middlegame verylong
WHhkm,6rk/p4ppp/1p2rn2/2p1qN2/P2pP2Q/3P1R1R/1PP3PP/6K1 b - - 5 24,g7g5 h4h7 f6h7 h3h7 h8h7 f3h3 e6h6 h3h6,1146,attraction kingsideattack mate matein4 middlegame sacrifice verylong
WJxR7,6k1/p2q2p1/2p5/2p5/2P2R2/1P2PpP1/P2r1P2/Q5K1 w - - 2 28,a1e5 d2d1 g1h2 d1h1 h2h1 d7h3 h1g1 h3g2,1287,attraction endgame mate matein4 sacrifice verylong
WLLZ2,6k1/p1p2ppp/6r1/3p1b2/P1p2P1q/2P1P3/Q6P/R1BB1RK1 w - - 2 24,g1h1 f5e4 d1f3 e4f3 f1f3 h4e1 f3f1 e1f1,1035,kingsideattack mate matein4 middlegame verylong
WLTWn,6k1/6P1/1p4K1/p7/8/8/7P/8 b - - 4 63,a5a4 h2h4 a4a3 h4h5 a3a2 h5h6 b6b5 h6h7,1080,advancedpawn endgame master mate matein4 pawnendgame quietmove verylong
WMqzU,5rk1/b4Rpp/p3r3/1p2P3/4Q3/PqP4P/1P4PB/5R1K b - - 0 28,f8f7 e4a8 a7b8 a8b8 e6e8 b8e8 f7f8 f1f8,1010,mate matein4 middlegame verylong
WMsye,1k2r3/pp4R1/2p2p1p/5Q2/3q3P/P5P1/1PP1rP2/1K3R2 w - - 1 28,f5d7 e2e1 f1e1 e8e1 b1a2 d4c4 b2b3 c4c2,1243,endgame mate matein4 queensideattack verylong
WPMTx,5rk1/pp3ppp/2p1r3/8/N1P1P3/1P2bQ2/q5PP/3R1R1K b - - 1 20,a2b3 f3f7 f8f7 d1d8 e6e8 d8e8 f7f8 f1f8,1246,kingsideattack mate matein4 middlegame sacrifice verylong
WT3uP,2kr3r/pp4pp/2nB1p2/4p2b/4Pn2/5N2/PQ3PP1/2R3K1 b - - 1 21,h5f3 c1c6 b7c6 b2b8 c8d7 b8c7 d7e8 c7e7,1223,mate matein4 middlegame queensideattack sacrifice verylong
WcTQw,r4r1k/ppq1b1p1/2p1Qn2/4p3/8/2pB1R2/PPP3PP/R5K1 b - - 3 20,g7g5 f3h3 h8g7 h3h7 f6h7 e6g6 g7h8 g6h7,1244,exposedking kingsideattack mate matein4 middlegame sacrifice verylong
WeQau,2r3k1/4qppp/R3p3/1P2Pb2/5P2/8/3Q2PP/1q2B1K1 b - - 1 28,c8c1 a6a8 c1c8 a8c8 e7f8 c8f8 g8f8 d2d8,1138,attraction mate matein4 middlegame verylong
WfFqC,Q5k1/p4r1p/1q2pbp1/8/1ppP4/8/PP3P2/1K1R3R b - - 1 29,g8g7 h1h7 g7h7 d1h1 f6h4 h1h4 h7g7 a8h8,1271,attraction endgame mate matein4 sacrifice verylong
WfLBw,2rr1k2/pp3p1Q/6p1/q2pPB2/b2P4/2P4R/P3N2P/6K1 b - - 0 25,g6f5 h7h8 f8e7 h8f6 e7d7 f6d6 d7e8 h3h8,1261,mate matein4 middlegame verylong
WfjAI,3q2k1/2p3pp/2B1p3/4p3/1P6/2PP1rb1/6P1/Q1B4K w - - 0 22,c6f3 d8h4 h1g1 h4h2 g1f1 h2h1 f1e2 h1e1,1209,endgame mate matein4 swallowstailmate verylong
Wg531,1r4k1/bpN2pp1/p6p/2PQn1q1/1P6/P7/5Br1/3R1RK1 w - - 0 28,d5g2 e5f3 g1h1 g5h5 f2h4 h5h4 g2h3 h4h3,1268,exposedking mate matein4 middlegame pin verylong
WgFsF,5rk1/pp3ppp/4q1r1/3R2P1/2n5/5Q2/PPP3P1/5R1K b - - 0 29,e6e3 f3f7 f8f7 d5d8 e3e8 d8e8 f7f8 f1f8,1154,mate matein4 middlegame sacrifice verylong
Wgxyb,5q1r/1Q3p2/1B1p1bk1/P2PpNp1/4P3/P4Pp1/6P1/5R1K w - - 0 29,h1g1 h8h1 g1h1 f8h8 f5h4 h8h4 h1g1 h4h2,1292,attraction kingsideattack mate matein4 middlegame sacrifice verylong
WhAqq,6k1/5ppp/1q2b3/r1B5/1p2Q3/6P1/5P1P/2R3K1 b - - 0 29,a5c5 e4a8 e6c8 a8c8 c5c8 c1c8 b6d8 c8d8,1073,backrankmate endgame mate matein4 verylong xrayattack
Wkh7L,r6k/pn4p1/7p/4P3/1B3r1q/2PQ1bN1/PP3PpP/R3R1K1 w - - 3 28,e5e6 h4h2 g1h2 f4h4 h2g1 h4h1 g3h1 g2h1q,1197,advancedpawn attraction kingsideattack mate matein4 middlegame promotion sacrifice verylong
Wkszt,4r1k1/1n4Q1/3p2p1/3p2B1/2pPq1P1/5p1R/5P2/5K1R b - - 0 35,g8g7 h3h7 g7g8 h7h8 g8f7 h1h7 f7e6 h8e8,1277,deflection endgame interference mate matein4 pillsburysmate verylong
WoTKb,5rk1/pr3ppp/2R5/P1p5/6P1/1P2qQ2/5R1P/6K1 b - - 1 32,b7b3 f3f7 f8f7 c6c8 e3e8 c8e8 f7f8 f2f8,1017,endgame mate matein4 sacrifice verylong
WosRQ,8/p3k3/1p2pp1r/2p3r1/8/2PR2P1/PP4K1/3R4 b - - 1 34,h6g6 d3d7 e7f8 d7d8 f8g7 d1d7 g7h6 d8h8,1057,endgame master mate matein4 rookendgame verylong
Wp49x,3qr3/1pr1bp1k/p3pPp1/3pP3/6R1/2P1Q2P/1P4P1/5R1K b - - 0 29,e8h8 g4h4 h7g8 h4h8 g8h8 e3h6 h8g8 h6g7,1106,attraction mate matein4 middlegame verylong
WpSZ8,rn1k1b1r/pQ3Bpp/2p5/4p3/3q4/8/PPP2nPP/RNB2RK1 w - - 0 12,f1f2 d4d1 f2f1 f8c5 c1e3 c5e3 g1h1 d1f1,1172,fork mate matein4 opening verylong
WpUhC,r6k/r5p1/7p/4p3/1P6/1P1R4/6PP/1K1R4 w - - 1 34,d1d2 a7a1 b1c2 a8a2 c2c3 a1c1 d2c2 a2c2,1080,endgame epaulettemate exposedking mate matein4 rookendgame verylong
Wq2O5,2rr2k1/4b1p1/1q2ppP1/3b4/p1pP4/7Q/PP2B2P/1K1R2R1 b - - 1 27,e7d6 h3h7 g8f8 h7h8 f8e7 h8g7 e7e8 g7f7,1143,deflection kingsideattack mate matein4 middlegame verylong
WqI3e,5rk1/4rppp/4B3/pP6/q7/4bQ2/6PP/3R1R1K b - - 3 26,e7e6 f3f7 f8f7 d1d8 e6e8 d8e8 f7f8 f1f8,1273,fork mate matein4 middlegame sacrifice verylong
WrXaz,5rk1/1R2R1pp/8/p2p4/6P1/2P5/P4rKP/8 w - - 4 34,g2g3 f8f3 g3h4 f2h2 h4g5 h7h6 g5g6 f3f6,1122,deflection endgame master mate matein4 rookendgame verylong
WsSSG,5rk1/p4ppp/8/8/3q4/5Q2/r6P/2R2R1K b - - 7 32,a7a5 f3f7 f8f7 c1c8 d4d8 c8d8 f7f8 f1f8,1234,endgame mate matein4 sacrifice verylong
WtKtK,2r5/3bk2p/p1r1p1p1/5q2/5Q2/4P3/PPP1B2P/1K1R1R2 w - - 0 23,f4d4 f5c2 b1a1 c2c1 d1c1 c6c1 f1c1 c8c1,1130,backrankmate fork mate matein4 middlegame sacrifice verylong
WtjJN,3rk3/R2b1p1p/8/4p3/4r3/5NP1/PPPR1P1P/2K5 w - - 1 26,f3g5 e4e1 d2d1 e1d1 c1d1 d7g4 d1c1 d8d1,1202,attraction discoveredcheck doublecheck endgame mate matein4 operamate verylong
WuZgF,8/2r2kpp/8/8/1p4P1/4R2P/2pR2K1/8 b - - 2 43,c2c1q d2f2 f7g6 e3e6 g6g5 f2f5 g5h4 f5h5,1291,endgame mate matein4 queenrookendgame verylong
WxQim,3R2B1/6pk/7p/4p3/4P3/4qPKP/6P1/8 b - - 2 42,h7g6 d8d6 g6h5 g8f7 g7g6 f7g6 h5g5 h3h4,1088,endgame mate matein4 verylong
WzX0u,5rk1/6p1/4p1P1/1p2Pp1Q/1q1P3P/rPp5/3NKP2/1B5b b - - 0 29,f8d8 h5h7 g8f8 h7h8 f8e7 h8g7 e7e8 g7f7,1115,deflection kingsideattack mate matein4 middlegame verylong
Wzbqb,2r3nk/1p1r1p1p/p4Pp1/4p1P1/2q1B3/P1P4R/1P5P/4Q2K b - - 6 34,c8d8 h3h7 h8h7 e1h4 g8h6 h4h6 h7g8 h6g7,1212,attraction kingsideattack mate matein4 middlegame sacrifice verylong
WzrCT,1kq4r/pp3pp1/4p3/1P1pP3/3P4/2P2Qp1/P5P1/R3BR1K w - - 1 24,h1g1 h8h1 g1h1 c8h8 f3h5 h8h5 h1g1 h5h2,1165,attraction endgame kingsideattack mate matein4 sacrifice verylong
X0cQ6,2r3k1/1ppRn1p1/p3N1p1/5qP1/5b2/8/PPP5/1K2R3 b - - 2 26,e7d5 d7g7 g8h8 e1h1 f4h2 h1h2 f5h3 h2h3,1199,mate matein4 middlegame verylong
X0yqj,5rk1/p4ppp/8/2q1r3/1P6/P4Q2/2P3PP/3R1R1K b - - 0 30,c5c2 f3f7 f8f7 d1d8 e5e8 d8e8 f7f8 f1f8,1277,endgame mate matein4 sacrifice verylong
X2nms,4r1qk/1b3p1p/p4pr1/1p5Q/2p4R/P1N2p2/1PP1BP2/2K4R b - - 1 27,f3e2 h5h7 g8h7 h4h7 h8g8 h7h8 g8g7 h1h7,1224,blindswinemate kingsideattack mate matein4 middlegame verylong
X32xo,5rk1/2Q2ppp/4p3/3pN3/3P1P2/r1P1q3/PK1R4/8 b - - 1 28,f8a8 c7f7 g8h8 e5g6 h7g6 d2h2 e3h3 h2h3,1121,endgame mate matein4 sacrifice verylong
X3XA1,r5k1/5p2/p4Pn1/1pp3RQ/3p4/1P5P/1PP2PPK/4q3 b - - 3 28,e1f2 g5g6 f7g6 h5g6 g8f8 g6g7 f8e8 g7e7,1280,endgame mate matein4 verylong
X4ZSJ,8/prbR2pk/5p2/2P5/2N5/B1P5/P4PPP/4R1K1 w - - 1 30,e1e7 b7b1 a3c1 b1c1 d7d1 c1d1 e7e1 d1e1,1048,endgame mate matein4 verylong
X50IR,2q1r1k1/1R3ppp/8/p2p4/P2Pn3/3Q3P/5PPB/1Rr3K1 w - - 8 28,b1c1 c8c1 d3f1 c1f1 g1f1 e4d2 f1g1 e8e1,1216,attraction backrankmate mate matein4 middlegame verylong
X561G,5kr1/1q1p2p1/3PrpQp/1p6/p4R2/P6P/5RPK/8 b - - 1 42,b7c6 f4f6 g7f6 f2f6 e6f6 g6f6 f8e8 f6e7,1227,endgame mate matein4 sacrifice verylong
X7qMN,6k1/1p3pb1/6p1/r2Nn1qp/1B2P3/p6b/P1Q2PP1/3R1BK1 w - - 0 29,b4a5 e5f3 g1h1 h3g2 f1g2 g5h4 g2h3 h4h3,1231,kingsideattack master mate matein4 middlegame pin sacrifice verylong
X8Xb7,3r4/1bq1kpQ1/p1n1p3/1p2P1N1/5B2/8/PP1R1bPP/6K1 w - - 0 27,d2f2 d8d1 f2f1 c7b6 f4e3 b6e3 g1h1 d1f1,1285,backrankmate deflection master mastervsmaster mate matein4 middlegame verylong
X8gVc,r1b2rk1/pp3ppp/8/8/8/2Pq2P1/PP3Q1P/3R1RK1 b - - 1 20,d3b5 f2f7 f8f7 d1d8 b5e8 d8e8 f7f8 f1f8,1265,mate matein4 middlegame sacrifice verylong
X8lGL,2k5/2P2p2/2K5/4p1p1/8/1P6/8/8 b - - 1 46,e5e4 b3b4 e4e3 b4b5 e3e2 b5b6 g5g4 b6b7,1060,advancedpawn endgame mate matein4 pawnendgame quietmove verylong
X9sos,6rr/pp2R3/3Q1pk1/8/2Pp4/1P4P1/P4R1P/3q2K1 w - - 7 37,g1g2 h8h2 g2h2 g8h8 e7h7 h8h7 h2g2 d1h1,1273,attraction endgame mate matein4 sacrifice verylong
XCsBy,8/5k2/2q1ppp1/pp6/4QPK1/P2R3r/8/3R4 b - - 1 38,c6e4 d3d7 f7g8 d7d8 g8g7 d1d7 g7h6 d8h8,1225,endgame mate matein4 queenrookendgame verylong
XD73y,6rk/p6p/3R4/5p2/1P2pPN1/P6Q/5PKP/2r5 w - - 0 37,h3h6 g8g4 g2h3 c1c3 d6d3 c3d3 f2f3 d3f3,1155,endgame hangingpiece mate matein4 verylong
XE1eU,8/6pk/1pR1p2p/pP1r1r2/P2qQ3/8/5PPP/5RK1 w - - 0 33,e4e6 d4f2 f1f2 d5d1 e6e1 d1e1 f2f1 e1f1,1266,clearance endgame mate matein4 sacrifice verylong
XEtQA,5rk1/5ppp/2p1q1r1/3nP3/R7/5Q2/6PP/5RBK b - - 0 33,e6e5 f3f7 f8f7 a4a8 e5e8 a8e8 f7f8 f1f8,1295,master mate matein4 middlegame sacrifice verylong
XFKsp,3q4/1Q4p1/4pk1p/4p3/3nn3/4B2P/1P3PPN/6K1 w - - 2 28,b7e4 d4e2 g1h1 d8d1 h2f1 d1f1 h1h2 f1g1,1068,endgame mate matein4 verylong
XGt3D,2r3rk/6pp/5p2/8/1q5P/pP4Q1/P1P3R1/1K1R4 b - - 3 34,c8c3 g3g7 g8g7 d1d8 b4f8 d8f8 g7g8 g2g8,1300,endgame mate matein4 sacrifice verylong
XINvr,8/7p/3q2pk/3p1p2/4pP2/P5Pb/1r1QP2P/RN4K1 w - - 0 28,d2b2 d6c5 e2e3 c5e3 b2f2 e3c1 f2e1 c1e1,1242,endgame mate matein4 verylong
XJJm2,3r4/6pp/4Qbk1/2B5/4n3/1Pn5/5PPP/5RK1 w - - 3 37,c5e7 c3e2 g1h1 e4f2 f1f2 d8d1 f2f1 d1f1,1287,backrankmate deflection mate matein4 middlegame sacrifice verylong
XLnKu,r3k2r/1b3p1p/p2p1q1n/1ppB1nNQ/3b4/2NP4/PPP3PP/R1B2R1K w kq - 5 18,d5b7 f5g3 h2g3 f6f1 h1h2 f1g1 h2h3 g1h1,1245,discoveredattack kingsideattack mate matein4 middlegame verylong
XOAcq,2r5/5r1k/p3R2p/1b1pP3/3q4/6Q1/PP4PP/R6K b - - 0 30,c8f8 g3g6 h7h8 g6h6 h8g8 e6g6 f7g7 h6g7,1015,deflection mate matein4 middlegame verylong
XOYmI,1k1r2n1/ppp1bp2/8/8/2q2B2/1N3Q2/P3R1PP/5R1K w - - 2 24,f1c1 c4c1 b3c1 d8d1 e2e1 d1e1 f3f1 e1f1,1257,backrankmate mate matein4 middlegame sacrifice verylong
XP9yc,7k/q4p1p/p3rPr1/1pPp3Q/2nP4/P1R4R/6PP/6K1 b - - 8 31,h7h6 h5h6 g6h6 h3h6 h8g8 c3g3 g8f8 h6h8,1238,exposedking kingsideattack mate matein4 middlegame sacrifice verylong
XRogH,rnb4r/p1q2ppk/1p1p4/2pPn1B1/5P2/2N4P/PP4P1/R2QR1K1 b - - 0 17,e5g6 d1h5 h7g8 e1e8 g6f8 e8f8 g8f8 h5h8,1220,attraction deflection mate matein4 middlegame verylong
XScPW,K7/P1k5/8/5p2/6pP/8/8/8 w - - 0 47,h4h5 g4g3 h5h6 g3g2 h6h7 g2g1q h7h8q g1g2,1213,advancedpawn endgame mate matein4 pawnendgame promotion verylong
XTMCE,5rk1/2p2pbp/pp4p1/8/2P1P3/P3q1B1/QP2BRPP/3r2K1 w - - 0 22,e2d1 e3e1 f2f1 g7d4 g3f2 d4f2 g1h1 e1f1,1182,fork mate matein4 middlegame verylong
XTVUP,kr2r3/pbQ2R2/1pp2p2/3p1B2/3P4/2P3Pp/PP3P1P/6K1 w - - 1 29,g1f1 b7a6 c3c4 a6c4 f5d3 c4d3 f1g1 e8e1,1230,endgame mate matein4 verylong
XTjUe,k2r4/pp2r3/4pp1p/4Nqp1/3P1n2/PQ6/1PR2PPP/2R2K2 b - - 1 25,a7a6 c2c8 d8c8 c1c8 a8a7 e5c6 b7c6 b3b8,1162,mate matein4 middlegame queensideattack sacrifice verylong
XUarE,6k1/p1q4p/3p1Qp1/3Pp3/b3P1B1/8/6PK/8 b - - 1 35,c7g7 g4e6 g8h8 f6d8 a4e8 d8e8 g7f8 e8f8,1290,endgame mate matein4 verylong
XUjzX,6k1/5p1p/6p1/q7/8/2bB1Q2/2P2PPP/5K2 w - - 2 29,d3c4 a5a1 f1e2 a1e1 e2d3 e1d2 d3e4 d2d4,1004,endgame mate matein4 verylong
XVOfc,3rr3/1b4kp/1p2P3/p7/2B5/1Q2qpP1/PP3R1P/7K w - - 0 34,b3e3 d8d1 c4f1 d1f1 f2f1 f3f2 e3f3 b7f3,1050,advancedpawn discoveredattack discoveredcheck endgame mate matein4 sacrifice verylong
XZIwo,1r4k1/5pp1/1p3n1p/pP1Np3/P1R1P3/5QPP/q2r1P2/2R3K1 b - - 9 28,f6d5 c4c8 b8c8 c1c8 g8h7 f3f5 g7g6 f5f7,1165,kingsideattack mate matein4 middlegame verylong
Xcn0R,6r1/3k4/pq1p1r2/3Pp3/1pp4Q/8/PPP1K1PP/R3R3 w - - 0 32,h4f6 g8g2 e2d1 b6d4 d1c1 d4d2 c1b1 d2e1,1146,endgame exposedking fork mate matein4 verylong
XdIIE,3r3k/2p1pr1p/3q2pQ/1p1Pp1P1/p7/1B5R/PPP2P2/1K5R b - - 0 24,a4b3 h6h7 f7h7 h3h7 h8g8 h7h8 g8f7 h1h7,1110,endgame kingsideattack mate matein4 sacrifice verylong
Xg9VE,r7/5nk1/P6p/8/2N2BP1/2R3PK/4r2P/R7 w - - 3 45,a6a7 f7g5 f4g5 h6g5 a1a6 a8h8 a6h6 h8h6,1130,mate matein4 middlegame verylong
XhtH8,6rk/pp1NRQp1/7p/5p2/8/1P4PK/P4P1P/2q5 w - - 6 31,f2f4 c1f1 h3h4 g7g5 f4g5 h6g5 h4h5 f1h3,1139,endgame mate matein4 verylong
XiNce,r2q1b2/pp3k1p/6r1/7Q/2PnR1b1/8/PP3PBP/R1B3K1 w - - 1 20,e4g4 d4e2 g1h1 d8d1 g2f1 d1f1 g4g1 f1g1,1126,kingsideattack mate matein4 middlegame verylong
Xilbm,rn1k1b1r/pQp2Bpp/8/4p3/3q4/8/PPP2nPP/RNB2RK1 w - - 0 11,f1f2 d4d1 f2f1 f8c5 c1e3 c5e3 g1h1 d1f1,1191,fork mate matein4 opening verylong
Xj56o,7r/1pq1kp2/p2R1p2/4pB2/1P2P3/P4QP1/2P2b1r/3R1K2 b - - 1 25,c7c2 d6d7 e7f8 d7d8 f8g7 f3g4 g7h6 d8h8,1246,deflection interference master mate matein4 middlegame verylong
XjFUD,6q1/Q4p2/R2pb3/1k6/1Pp5/7r/5PP1/4R2K w - - 0 41,g2h3 e6d5 e1e4 d5e4 f2f3 e4f3 h1h2 g8g2,1138,endgame exposedking mate matein4 verylong
XmPlA,5r1k/ppb3pp/4B3/5P2/1P2K3/2P5/2r5/3R3R b - - 2 33,c2c3 h1h7 h8h7 d1h1 c7h2 h1h2 c3h3 h2h3,1055,attraction endgame mate matein4 pillsburysmate sacrifice verylong
Xo27i,2r3r1/5p2/8/p3pk2/3R3Q/bP3P2/2P2P1P/1K6 w - - 0 29,d4d5 g8g1 d5d1 g1d1 b1a2 c8c2 a2a3 d1a1,1084,endgame mate matein4 verylong
XpTST,r4rk1/p5pp/2NNp3/1pp5/5n2/1PP5/P4PPP/3R2K1 b - - 0 29,a8d8 c6e7 g8h8 d6f7 f8f7 d1d8 f7f8 d8f8,1153,backrankmate deflection discoveredattack endgame mate matein4 verylong
XqJNm,8/R7/2pQ3p/3p2bk/1P1Pb3/2P2pP1/7P/6K1 w - - 5 46,a7g7 g5e3 g1f1 e4d3 f1e1 f3f2 e1d1 f2f1q,1179,advancedpawn deflection endgame mate matein4 promotion verylong
XqKLu,8/8/8/pp1n1R1P/2kN4/P1P5/KP5r/8 w - - 2 49,d4f3 d5c3 a2a1 h2h1 f3g1 h1g1 f5f1 g1f1,1213,endgame master mate matein4 pin verylong
XqTuf,5r1k/pp3r1p/2p5/4pqp1/4N2R/2P1P1P1/PP4PP/R2Q2K1 w - - 0 25,e4d6 f5f2 g1h1 f2f1 d1f1 f7f1 a1f1 f8f1,1098,backrankmate mate matein4 middlegame verylong
XrLEa,1k5r/1pr1q3/pN4p1/P2Q1p2/2PP4/6b1/6KP/1R3R2 w - - 0 32,h2g3 e7e2 f1f2 h8h2 g2h2 e2f2 d5g2 c7h7,1270,attraction deflection mate matein4 middlegame verylong
XuNoh,6k1/8/2p1pPK1/1p4P1/p7/2P5/8/8 b - - 0 40,a4a3 f6f7 g8f8 g6f6 a3a2 g5g6 b5b4 g6g7,1251,advancedpawn endgame mate matein4 pawnendgame verylong
XvabR,4r1k1/p1Q2b1p/3p2pB/3Pqp2/7P/6P1/Pr3P2/R2R2K1 w - - 0 21,d1e1 e5e1 a1e1 e8e1 g1g2 f7d5 g2h3 e1h1,1109,kingsideattack mate matein4 middlegame pillsburysmate verylong
XxMqf,3r4/R7/8/8/1k2pN2/4P2P/3K1P2/6n1 w - - 24 77,d2e1 g1f3 e1e2 d8d2 e2f1 d2d1 f1g2 d1g1,1217,endgame hookmate mate matein4 verylong
XxiPp,5rk1/7p/1Q4p1/4pq2/P2p4/8/1Pr2PPP/4RRK1 w - - 0 28,e1e5 f5f2 f1f2 c2c1 e5e1 c1e1 f2f1 e1f1,1126,endgame mate matein4 sacrifice verylong
Y6DF1,4r1k1/1R6/p2q2pp/3p4/2pN1b1Q/2Pn3P/P4PP1/5RK1 w - - 0 40,h4g4 f4h2 g1h1 d3f2 f1f2 e8e1 f2f1 e1f1,1033,deflection kingsideattack mate matein4 middlegame sacrifice verylong
Y7wQQ,8/1R4pp/p3ppk1/4n3/4N1PP/4P1K1/P1r5/8 b - - 0 42,h7h6 h4h5 g6h7 e4f6 h7h8 b7b8 c2c8 b8c8,1125,deflection endgame mate matein4 pin verylong
Y8omi,3r2k1/1pQ3p1/4p2p/4P3/5P2/3q4/3B2PP/5R1K w - - 0 26,f1f2 d3b1 c7c1 b1c1 d2c1 d8d1 f2f1 d1f1,1051,backrankmate endgame fork mate matein4 verylong
YAJFo,5rk1/1p3ppp/p3r3/3RPQ2/P7/2P4P/1q4P1/5R1K b - - 0 32,b2c3 f5f7 f8f7 d5d8 e6e8 d8e8 f7f8 f1f8,1163,endgame mate matein4 sacrifice verylong
YALiH,5rk1/p2n3p/Pq2p1p1/4p1N1/2p1Pr2/2Pp2Q1/1P3PPP/R2R2K1 w - - 9 36,g3h3 b6f2 g1h1 f2f1 d1f1 f4f1 a1f1 f8f1,1131,backrankmate mate matein4 middlegame sacrifice verylong
YDM8H,4r2k/p3r1p1/5p1p/2QB4/3p1P2/1P4P1/1BP1q1PK/R7 w - - 5 28,b2d4 e2h5 h2g1 e7e1 a1e1 e8e1 g1f2 h5e2,1167,mate matein4 middlegame verylong
YDhpg,2kq3r/1pp2pp1/p1npb3/2b1pP2/4P1p1/2NP1NP1/PPP3Kr/R1BQ1R2 w - - 1 17,f3h2 h8h2 g2h2 d8h8 c1h6 h8h6 h2g2 h6h3,1211,attraction mate matein4 middlegame sacrifice verylong
YF9gT,5rk1/p4Rpp/B1p5/8/3p4/6QP/P1b2PP1/q3rNK1 b - - 0 22,f8f7 g3b8 e1e8 b8e8 f7f8 a6c4 g8h8 e8f8,1193,deflection mate matein4 middlegame verylong
YFahs,8/1Q3pk1/1p2q1pp/p1p4P/3b4/8/6P1/5R1K b - - 0 36,e6g4 b7f7 g7h8 f7f8 h8h7 f1f7 d4g7 f7g7,1126,endgame mate matein4 verylong
YIJnT,8/pr5p/8/8/3Nk3/2P1n1P1/PP2R2P/6K1 w - - 1 37,g1f2 b7f7 d4f5 f7f5 f2e1 f5f1 e1d2 f1d1,1022,endgame mate matein4 verylong
YIvlh,6r1/5k1p/p2bp2Q/qb3p2/2pP4/8/P1BB1P1P/R6K w - - 0 32,d2a5 b5c6 d4d5 c6d5 c2e4 d5e4 f2f3 e4f3,1090,mate matein4 middlegame morphysmate verylong
YJxac,3r2k1/1p3p1p/1pn2pb1/8/8/4QN1P/5PPK/1qB5 b - - 3 28,d8d3 e3e8 g8g7 c1h6 g7h6 e8f8 h6h5 g2g4,1131,attraction mate matein4 middlegame sacrifice verylong
YKWIP,3r1r1k/1pp1N1pp/pn3q2/8/8/P6Q/1PP2PPP/4RRK1 w - - 7 24,e1e6 f6f2 f1f2 d8d1 e6e1 d1e1 f2f1 e1f1,1256,fork mate matein4 middlegame sacrifice verylong
YLMoE,5rk1/p4ppp/8/3P4/6r1/5Qq1/PP1B2Pb/2R2R1K b - - 4 32,g3h4 f3f7 f8f7 c1c8 h4d8 c8d8 f7f8 f1f8,1271,mate matein4 middlegame sacrifice verylong
YPGed,2r2rk1/pb4p1/1p1bppQp/4N3/5q2/3B4/PP4PP/3RR2K b - - 1 21,d6e5 g6h7 g8f7 d3g6 f7e7 h7g7 f8f7 g7f7,1300,deflection kingsideattack mate matein4 middlegame verylong
YPO5z,7k/p5pp/1p1p1r2/2p1p3/4P2r/2P2PqP/PP3RP1/3Q1R1K w - - 13 28,d1d5 h4h3 g2h3 g3h3 h1g1 f6g6 f2g2 h3g2,1145,endgame kingsideattack mate matein4 sacrifice verylong
YUuNn,5k2/6bQ/p3p1r1/1p4P1/6qP/8/PP4B1/R3R2K w - - 0 35,h7g6 g4h4 g2h3 h4h3 h1g1 g7d4 e1e3 d4e3,1234,balestramate endgame exposedking master mate matein4 verylong
YYWmN,1k2r3/1Bp2pp1/p1q5/5nP1/5n2/N6N/PP5K/R2R4 w - - 0 39,b7c6 e8e2 h3f2 e2f2 c6g2 f2g2 h2h1 f5g3,1087,exposedking mate matein4 middlegame verylong
YYmGD,5r2/1b3p1k/1p2qPp1/p1b3Qp/P6R/2P1p3/1P4PP/R6K b - - 3 33,f8h8 h4h5 h7g8 h5h8 g8h8 g5h6 h8g8 h6g7,1133,attraction mate matein4 middlegame verylong
YYuib,r3k2q/pp6/5p2/3p2p1/2p5/2P1P1b1/PPBR2Pn/R1BQ2K1 w q - 0 22,d2d5 h2f3 d1f3 h8h2 g1f1 h2h1 f1e2 h1e1,1205,clearance kingsideattack mate matein4 middlegame sacrifice verylong
YZWeP,3r2k1/pp3rp1/5qp1/2pQ4/2P5/4R3/P4PPP/5RK1 w - - 5 22,d5c5 f6f2 f1f2 d8d1 e3e1 d1e1 f2f1 e1f1,1246,endgame mate matein4 sacrifice verylong
Ya9tz,6k1/q3rppp/p6n/1p1Q4/8/1P6/P1P3PP/3R3K b - - 0 32,g8h8 d5d8 h6g8 d8g8 h8g8 d1d8 e7e8 d8e8,1114,attraction backrankmate endgame mate matein4 sacrifice verylong
YbcKZ,1k1r3r/1p1q4/1Pp2p2/Q7/P2n3p/5pP1/7P/2R1R2K b - - 0 29,d7d5 a5a7 b8c8 a7a8 c8d7 a8b7 d7d6 b7e7,1253,deflection mate matein4 middlegame queensideattack verylong
YdYa3,QR6/1R6/4p2k/3p1b2/2n3p1/4K3/1Pr4P/8 w - - 1 41,e3f4 c2f2 f4g3 f2f3 g3g2 c4e3 g2h1 f3f1,1174,endgame mate matein4 verylong
Yj4PJ,r6k/5prp/2p2p2/4P3/p5P1/1qPR2QP/8/3R2K1 b - - 0 30,f6e5 d3d8 a8d8 d1d8 g7g8 g3e5 f7f6 e5f6,1208,endgame mate matein4 verylong
Yo9I1,3k4/5pq1/p1Q3p1/1p4P1/nP1rp1Br/P3P3/3K1PR1/2R5 w - - 0 37,e3d4 g7d4 d2e2 d4d3 e2e1 h4h1 g2g1 h1g1,1274,exposedking mate matein4 middlegame verylong
Yp7MT,1krr4/7p/1p1P2q1/pNnQ4/8/8/PP5P/K1R2R2 w - - 3 41,f1f7 c5b3 a2b3 c8c1 a1a2 g6b1 a2a3 b1a1,1185,discoveredattack mate matein4 middlegame verylong
YqczH,1k1r4/1p3pp1/pPr1p2p/3q4/3P4/6Q1/5PPP/RR4K1 b - - 4 28,b8a8 a1a6 b7a6 b6b7 a8a7 b7b8q d8b8 g3b8,1264,advancedpawn endgame mate matein4 promotion queensideattack sacrifice verylong
Yrrt6,2krr3/Qppq1p1p/8/6b1/2P5/P1BP4/1P3PPP/R3K2R w KQ - 1 21,e1f1 d7d3 f1g1 d3d1 a1d1 d8d1 c3e1 d1e1,1160,backrankmate mate matein4 middlegame sacrifice verylong
YsFvz,2rr3k/4RQpp/p7/1p1p4/8/6P1/1q3P1P/4R1K1 b - - 3 29,b2f6 e7e8 d8e8 e1e8 c8e8 f7e8 f6f8 e8f8,1167,endgame mate matein4 verylong
Yt1W7,4r1k1/p1p3pp/1p6/3p4/3P3P/2P2Bqb/PP3RP1/5RK1 b - - 3 30,h3g4 f3d5 g4e6 d5e6 g8h8 f2f8 e8f8 f1f8,1124,backrankmate endgame mate matein4 verylong
YtRGV,3r1rk1/1p3pp1/p2p1n1p/3PpNQ1/8/1P3P2/P1P2PK1/3R1R2 b - - 0 23,h6g5 f5e7 g8h8 f1h1 f6h7 h1h7 h8h7 d1h1,1181,anastasiamate attraction endgame kingsideattack mate matein4 sacrifice verylong
Yu0tb,r4r2/pp3p1k/3q1Pp1/6Qp/5R1R/7P/P5PK/8 b - - 2 31,f8h8 h4h5 h7g8 h5h8 g8h8 g5h6 h8g8 h6g7,1158,attraction endgame mate matein4 verylong
YuhtS,5r2/1p1R1r1k/6p1/1P6/3p1q2/3Q4/6PP/3R2K1 w - - 0 37,d7d4 f4f2 g1h1 f2f1 d1f1 f7f1 d3f1 f8f1,1170,backrankmate endgame mate matein4 sacrifice verylong
YusuG,7R/1pp3k1/3p1rB1/2nPqPp1/p3p3/P1P1Q3/1P4P1/1K6 b - - 0 29,g7h8 e3h3 h8g7 h3h7 g7f8 h7h8 f8e7 h8e8,1201,endgame exposedking mate matein4 swallowstailmate verylong
YziDh,5r2/1pp2rk1/p1Pp1q2/3Pp1p1/PP2PbBn/2NQ2pP/6P1/1R3RK1 w - - 1 31,g4e6 f4e3 g1h1 f6f1 d3f1 f7f1 b1f1 f8f1,1083,deflection discoveredattack kingsideattack mate matein4 middlegame verylong
Z22gF,r1b4k/pppp3p/2n3p1/6Q1/5P2/3B4/P1PK2PP/q6R b - - 4 23,a1h1 g5f6 h8g8 d3c4 d7d5 c4d5 c8e6 d5e6,1252,endgame mate matein4 verylong
Z4R6K,5rk1/1p4p1/pq2p1P1/4Pp2/3P3Q/5N2/PP4PK/n1r5 b - - 2 27,f8d8 h4h7 g8f8 h7h8 f8e7 h8g7 e7e8 g7f7,1231,deflection endgame mate matein4 verylong
Z4jbp,R4nk1/2N2pp1/3p1n2/2pPpPq1/4B1P1/7Q/1r4NK/8 b - - 0 42,f6e4 a8f8 g8f8 h3h8 f8e7 h8e8 e7f6 e8d8,1283,attraction mate matein4 middlegame sacrifice verylong
Z5hrr,6k1/pp2rr1p/3b2pQ/3p1p2/5P1R/8/PP2q1P1/2R4K b - - 13 42,e2b2 c1c8 e7e8 c8e8 d6f8 e8f8 f7f8 h6h7,1217,deflection mate matein4 middlegame verylong
Z6xTz,1k5r/pp6/4p3/5pP1/3PQ3/4P1Pr/PP6/4BRK1 w - f6 0 24,e4e6 h3h1 g1g2 h8h2 g2f3 h1f1 e1f2 f1f2,1090,deflection endgame epaulettemate exposedking fork mate matein4 verylong
Z7nLV,4rrk1/3R1ppp/p7/4PQP1/5RKP/2q5/8/8 b - - 3 39,e8e5 f5f7 f8f7 d7d8 e5e8 d8e8 f7f8 f4f8,1258,endgame mate matein4 sacrifice verylong
Z8JLH,r2k1r2/pR4pp/2p1p3/3pp3/3PP1PP/q7/P3N1K1/3Q3R w - - 4 21,e4d5 a3f3 g2h2 f3f2 h2h3 f8f3 e2g3 f3g3,1139,exposedking mate matein4 middlegame verylong
Z9Fr7,2kr3r/ppp1qppp/5P2/7b/8/P1bBBN1P/n1PQ1PP1/1K1R3R b - - 0 16,e7a3 d3f5 d8d7 d2d7 c8b8 d7d8 h8d8 d1d8,1253,mate matein4 middlegame queensideattack verylong
Z9r89,r1b1k2r/pp3ppp/2p5/4N1q1/3P4/2KB4/PPQ2PPP/4R2n b kq - 2 15,e8g8 d3h7 g8h8 e5f7 f8f7 e1e8 f7f8 e8f8,1124,clearance deflection kingsideattack mate matein4 middlegame verylong
ZA4eF,3r3r/1p2kpp1/p2p4/P1pPp1p1/1PN1nn2/3B4/2P2PPP/1R3RK1 w - - 0 20,d3e4 f4e2 g1h1 h8h2 h1h2 d8h8 e4h7 h8h7,1291,anastasiamate attraction kingsideattack master mastervsmaster mate matein4 middlegame sacrifice verylong
ZBIke,5r2/pp6/5bQP/2pkr3/8/6P1/PPB3P1/7K w - - 0 36,g3g4 e5e1 h1h2 f6e5 g2g3 f8f2 h2h3 e1h1,1066,clearance endgame mate matein4 verylong
ZCtKP,2k2b1r/pppr1pp1/8/4q1P1/3B4/2P5/PP1Q2PP/4R1K1 b - - 1 21,e5f5 e1e8 d7d8 e8d8 c8d8 d4f6 d8e8 d2d8,1280,attraction doublecheck mate matein4 middlegame queensideattack verylong
ZH73i,1k3rr1/pp1nN2p/4Q3/8/7q/4B1b1/PPP2P1P/RN3RK1 w - - 2 25,h2g3 g8g3 f2g3 h4g3 g1h1 f8f1 e3g1 g3g1,1277,deflection kingsideattack mate matein4 middlegame sacrifice verylong
ZI36H,4r2k/ppq2N1p/2bbQ1pP/2pp1r2/3P4/2P5/PP1N2P1/4RRK1 b - - 6 25,f5f7 e6e8 c6e8 e1e8 d6f8 e8f8 f7f8 f1f8,1247,kingsideattack mate matein4 middlegame verylong xrayattack
ZJF9a,2kr2q1/ppp1b3/3p4/PP2p2p/2P3p1/3B1n2/5PPP/R1BQ1RK1 w - - 3 21,g2f3 g4f3 d3g6 g8g6 c1g5 g6g5 g1h1 g5g2,1084,discoveredattack discoveredcheck kingsideattack mate matein4 middlegame verylong
ZKESG,6k1/4p3/r1pp2p1/5p2/4r1P1/1P3R1P/2P5/5RK1 b - - 0 25,f5g4 f3f8 g8h7 f1f7 h7h6 f8h8 h6g5 h3h4,1247,endgame exposedking mate matein4 rookendgame verylong
ZMAW4,8/1Q4p1/4pk1p/4p3/R3P3/3q1PPK/7P/8 w - - 1 35,a4a7 d3f1 h3h4 g7g5 h4g4 h6h5 g4h5 f1h3,1219,attraction endgame mate matein4 verylong
ZMGo6,2rq1rk1/pb1n2p1/1pnbp1B1/2pp1p1Q/3P1P2/2P1P2P/PP4P1/RNB2R1K b - - 1 15,f8f6 h5h7 g8f8 h7h8 f8e7 h8g7 f6f7 g7f7,1281,deflection kingsideattack mate matein4 middlegame verylong
ZNDrK,2k1r3/pp6/3p1p2/1PpNqP2/P1P1r2p/3P1RpP/3Q2P1/4R2K w - - 0 32,e1e4 e5a1 d2e1 a1e1 e4e1 e8e1 f3f1 e1f1,1061,endgame kingsideattack mate matein4 verylong xrayattack
ZNgJq,1kr1r3/1p1q2pp/1Q1p3n/p2Pn3/P3Pp1P/2P2P2/1P3B2/2KR3R b - - 2 26,d7a4 b6a7 b8c7 f2b6 c7d7 a7b7 c8c7 b7c7,1283,deflection mate matein4 middlegame queensideattack verylong
ZOscH,5rk1/2q2ppp/p6r/1p2P3/8/P1P2Q2/1P3RPP/3R3K b - - 0 28,c7e5 f3f7 f8f7 d1d8 e5e8 d8e8 f7f8 f2f8,1273,endgame mate matein4 sacrifice verylong
ZPwfz,5r2/5p1k/6pp/1p1p1b2/2pBnP1q/P7/1PP1BP2/2KR3R b - - 1 27,h4e7 h1h6 h7h6 d1h1 f5h3 h1h3 e7h4 h3h4,1202,attraction mate matein4 middlegame pillsburysmate sacrifice verylong
ZR4xO,q4rk1/5ppp/8/2p5/2P2Q2/1P4P1/P3rR1P/3R2K1 b - - 5 25,a8a2 f4f7 f8f7 d1d8 e2e8 d8e8 f7f8 f2f8,1152,endgame mate matein4 sacrifice verylong
ZRVW2,5r2/p3rpk1/1pQ3pp/2p1q3/3p2R1/P5RP/6PK/8 b - - 3 42,e7c7 g4g6 f7g6 c6g6 g7h8 g6h6 c7h7 h6f8,1271,deflection endgame fork mate matein4 sacrifice verylong
ZRmB9,r2q3r/4bkp1/p3pp2/1p1pP3/3P1P1p/1QP3n1/PPNB2PP/2R2R1K w - - 4 24,h2g3 h4g3 h1g1 h8h1 g1h1 d8h8 h1g1 h8h2,1263,attraction discoveredattack discoveredcheck kingsideattack mate matein4 middlegame sacrifice verylong
ZSvoQ,5q2/p5k1/1p1pQ3/3B2bp/3P1rp1/2P5/PP4PP/4R1K1 w - - 4 36,d5e4 f4f1 e1f1 g5e3 f1f2 f8f2 g1h1 f2f1,1141,clearance endgame mate matein4 sacrifice verylong
ZSy6P,3r3k/1b3q1p/pp2rP1Q/7N/P2bpR2/8/1P4PP/5R1K b - - 4 31,d4e3 h6g7 f7g7 f6g7 h8g8 f4f8 d8f8 g7f8q,1248,advancedpawn kingsideattack master mate matein4 middlegame promotion verylong
ZUfQa,r4k1r/1pp1Rpp1/p6p/2Q5/8/8/P2q1PPP/4R1K1 b - - 0 22,f8g8 e7e8 a8e8 e1e8 g8h7 c5f5 g7g6 f5f7,1227,endgame epaulettemate mate matein4 verylong
ZXMsZ,5rk1/1p5R/r2p4/p2Pp1p1/2P1Bb2/8/PPK2p2/7R b - - 3 28,f4e3 h7h8 g8f7 h1h7 f7e8 e4g6 e8d8 h8f8,1179,deflection endgame exposedking mate matein4 verylong
ZXf4S,4r1k1/2p1r2p/R5pQ/1p1p1qN1/3P4/7P/PP3PP1/2R3K1 w - - 1 27,a6c6 e7e1 c1e1 e8e1 g1h2 f5f4 g2g3 f4f2,1107,kingsideattack mate matein4 middlegame verylong
ZXfnG,5rk1/5ppp/p7/1prN1PN1/8/8/Pq4PP/3R1RK1 b - - 1 21,c5c2 d5e7 g8h8 g5f7 f8f7 d1d8 f7f8 d8f8,1156,backrankmate deflection mate matein4 middlegame sacrifice verylong
ZZ3pw,8/2R3p1/5k1p/5N2/5PP1/r5KP/8/8 w - - 3 36,g3h4 g7g5 f4g5 h6g5 h4h5 a3h3 f5h4 h3h4,1060,endgame mate matein4 verylong
ZZlBf,5r2/p3rp1k/1p4p1/2p1q2p/3p4/3Q1RRP/PPP2PPK/8 b - - 1 34,h5h4 f3f7 e7f7 d3g6 h7h8 g6h6 f7h7 h6f8,1278,deflection endgame mate matein4 sacrifice verylong
Za9X7,6k1/1p6/pbp2p1p/3b1P2/6PK/1PP4P/PB6/5B2 w - - 5 37,c3c4 b6f2 h4h5 d5f7 h5h6 f2e3 g4g5 e3g5,1183,bishopendgame endgame mate matein4 verylong
ZaCU7,3r2k1/5pp1/p6p/1p2R1q1/1P6/P4Q2/3r2PP/4R1K1 b - - 1 25,g5h4 e5e8 d8e8 e1e8 g8h7 f3f5 g7g6 f5f7,1226,endgame mate matein4 verylong
ZacaJ,1k1r3r/ppp3p1/2npB3/4pPqb/N7/1P1P3P/P1P2b2/R1B2R1K w - - 0 24,c1g5 h5f3 h1h2 h8h3 h2h3 d8h8 g5h4 h8h4,1145,attraction discoveredattack exposedking kingsideattack mate matein4 middlegame operamate pillsburysmate sacrifice verylong
ZaoUa,3r1r1k/pR2n1p1/5q1p/4p3/4Q3/2P2N2/PP3PPP/5RK1 w - - 1 25,f3e5 f6f2 f1f2 d8d1 e4e1 d1e1 f2f1 e1f1,1265,fork mate matein4 middlegame sacrifice verylong
Zav7V,1k4r1/1pp4p/p4pr1/3Q4/q1P1R3/1P1P4/P6P/4R2K b - - 0 27,a4a2 e4e8 g8e8 e1e8 b8a7 d5c5 b7b6 c5c7,1203,endgame mate matein4 verylong
ZbQbU,r2r3k/4RQpp/3P3q/2n4P/8/8/5PP1/4R1K1 b - - 2 32,h6f6 e7e8 d8e8 e1e8 a8e8 f7e8 f6f8 e8f8,1237,mate matein4 middlegame verylong
ZbZth,r7/r4p2/7p/2k3p1/2pR2P1/1p2P3/P2R1PP1/1K6 w - - 0 32,a2b3 a7a1 b1c2 a8a2 c2c3 a1c1 d2c2 c1c2,1236,endgame exposedking mate matein4 rookendgame verylong
ZcqtP,7r/2k1Q3/3p4/pP1Bb3/4p3/8/3r4/6K1 b - - 2 44,c7b6 e7b7 b6c5 b7c6 c5b4 c6c4 b4a3 c4b3,1193,endgame mate matein4 verylong
ZdLP1,1Q6/3p1pkp/P3p1p1/2b1P3/4QP2/P1r5/r3B1PP/4K3 w - - 1 31,b8d8 c3c1 e2d1 c5f2 e1f1 c1d1 e4e1 d1e1,1281,deflection endgame exposedking mate matein4 operamate verylong
ZeHuk,5r1k/p1p4p/4Brp1/6N1/1P1N3P/P5P1/8/2R3K1 w - - 3 33,c1c7 f6f1 g1h2 f8f2 h2h3 f1h1 h3g4 h7h5,1096,endgame exposedking mate matein4 verylong
Zejtu,5r1r/6p1/Pk2p3/1NppPpp1/R4n2/1P6/2P2PPP/5RK1 w - - 1 23,b5d6 f4e2 g1h1 h8h2 h1h2 f8h8 a4h4 h8h4,1113,anastasiamate attraction endgame kingsideattack mate matein4 sacrifice verylong
ZfDvL,2k5/8/3p2Q1/p1pP1pB1/Pp1b1P2/1P1P1PK1/7P/4q3 w - - 1 47,g3h3 e1f1 h3h4 d4f2 h4h5 f1h3 g5h4 h3h4,1224,endgame exposedking mate matein4 verylong
ZfzfO,k2r2r1/1bQ5/p2pN3/8/P1n2b2/3P3P/1P3PP1/6K1 w - - 4 32,e6d8 g8g2 g1f1 c4d2 f1e1 g2g1 e1e2 b7f3,1282,endgame master mate matein4 verylong
ZiI1A,5rk1/p4q2/2n1Qbp1/1p6/2pP4/P1P4R/1P4PP/R5K1 w - - 2 25,e6c6 f6d4 c3d4 f7f2 g1h1 f2f1 a1f1 f8f1,1215,backrankmate clearance endgame mate matein4 sacrifice verylong
ZibI6,r3k3/4qpp1/ppp5/2P1p3/3bPP2/P2BBRp1/1P2Q1P1/R5Kr w q - 4 22,g1h1 e7h4 h1g1 h4h2 g1f1 h2h1 e3g1 h1g1,1185,kingsideattack mate matein4 middlegame verylong
Ziywi,2k1r2r/ppp5/2q5/3Q1p2/6pp/2P5/PP1R1PPP/3R2K1 b - - 0 23,c6g6 d5d7 c8b8 d7d8 e8d8 d2d8 h8d8 d1d8,1284,backrankmate endgame mate matein4 sacrifice verylong
Zkn3h,6k1/1p3ppp/6q1/3p2r1/2PQP3/1B3bPP/P4P2/R5K1 w - - 1 26,e4d5 g5g3 f2g3 g6g3 g1f1 g3g2 f1e1 g2e2,1070,endgame mate matein4 sacrifice verylong
ZlFYK,6k1/2p2ppp/3b4/1p2n3/1P1P4/2n3P1/1q1N2KP/rN2QR2 b - - 0 29,e5d7 e1e8 d7f8 e8f7 g8h8 f7f8 d6f8 f1f8,1067,backrankmate deflection fork mate matein4 middlegame sacrifice verylong
ZnLDO,r6k/5p1p/2p3r1/2P2Q2/3RP3/5N2/7P/7K w - - 1 39,f5f7 a8a1 d4d1 a1d1 f3e1 d1e1 f7f1 e1f1,1021,endgame mate matein4 verylong
Znsjo,6rk/pq3p2/1p3prp/4pQ2/1P5P/2P3P1/P4P2/R4RK1 w - - 1 24,a1d1 g6g3 f2g3 g8g3 g1f2 b7g2 f2e1 g3e3,1249,endgame epaulettemate kingsideattack mate matein4 sacrifice verylong
ZoaKa,2R5/6pk/4Pp2/3N1Pn1/3P2bp/3BP3/r5PK/8 w - - 5 37,e6e7 g5f3 h2h1 a2a1 d3b1 a1b1 c8c1 b1c1,1053,endgame mate matein4 pin verylong
ZsLuW,6rk/4Np1p/p2p1P2/1pp5/3bP1r1/3P4/P7/3K1R1R b - - 2 34,g8g5 h1h7 h8h7 f1h1 g4h4 h1h4 g5h5 h4h5,1248,attraction endgame mate matein4 sacrifice verylong
ZsXYw,7r/1pR5/p1p1Nk2/3b4/3P4/P1P2qPp/1P3P1K/4RQ2 w - - 1 33,e1e3 f3g2 f1g2 h3g2 c7h7 h8h7 h2g1 h7h1,1161,advancedpawn discoveredattack discoveredcheck mate matein4 middlegame verylong
ZvDHP,8/4k3/p3q1Q1/2p4P/4r3/1P3p2/P1P2PPK/2B5 w - - 2 42,g2f3 e4h4 h2g1 e6e1 g1g2 e1h1 g2g3 h1h3,1244,endgame exposedking fork mate matein4 verylong
ZvN9t,8/R1p3rk/3p1nnp/1P1Pp3/2P1N3/2N1Q1PP/7K/2q5 b - - 6 38,c1e3 e4f6 h7h8 a7a8 g6f8 a8f8 g7g8 f8g8,1125,arabianmate hangingpiece mate matein4 middlegame verylong
ZwV2m,r5r1/pbp1B3/1p1p4/2n4k/2PNP3/5P2/P4K2/R4R2 b - - 4 29,a8e8 f1h1 h5g6 a1g1 g6f7 h1h7 g8g7 g1g7,1218,mate matein4 middlegame pillsburysmate verylong
ZzqiT,5qk1/pp4pp/4Q3/5p2/4bP2/1P2b3/P1P1B1PP/7K b - - 0 24,f8f7 e6c8 f7f8 e2c4 e4d5 c4d5 g8h8 c8f8,1295,endgame mate matein4 verylong
a06bC,6k1/1p2qppp/8/2r2bPP/p2R1Q2/P1P2B2/1P6/2K1r2R w - - 1 29,h1e1 e7e1 f3d1 c5c3 b2c3 e1c3 d1c2 c3c2,1246,mate matein4 middlegame pin queensideattack verylong
a1cHv,3r2k1/ppR5/4ppp1/5pq1/4p3/8/1R4PK/8 b - - 6 47,d8d2 c7c8 d2d8 c8d8 g8h7 b2b7 h7h6 d8h8,1292,endgame exposedking mate matein4 queenrookendgame verylong
a2ImP,7Q/5Np1/1q4kp/3p4/8/2nnP3/5PPP/5RK1 w - - 3 34,f7h6 c3e2 g1h1 d3f2 f1f2 b6b1 f2f1 b1f1,1261,deflection endgame mate matein4 sacrifice verylong
a2KJS,4r1k1/1pr3pp/2q1p3/p7/P4QP1/1Pp2R1K/7P/5R2 b - - 1 36,c7c8 f4f7 g8h8 f7f8 e8f8 f3f8 c8f8 f1f8,1225,backrankmate endgame mate matein4 sacrifice verylong
a3bDV,k2q3r/ppp5/4Q3/b2pN1p1/3Pb1P1/2P1P2P/PP3P2/R4RK1 w - - 5 23,g1h2 h8h3 h2h3 d8h8 e6h6 h8h6 h3g3 h6h4,1132,attraction mate matein4 middlegame sacrifice verylong
a3d9x,8/4q2k/p5p1/2pB3P/1pP3P1/1P4b1/3Q4/3R3K w - - 1 46,d2d3 e7h4 h1g2 h4h2 g2f3 h2f2 f3e4 f2f4,1058,endgame exposedking mate matein4 swallowstailmate verylong
a3h3X,8/pp2p3/3kR1p1/3p4/2p5/1PPr1rP1/P1K4P/4R3 b - - 9 29,d6c5 b3b4 c5b5 a2a4 b5a4 e1a1 a4b5 a1a5,1241,attraction endgame mate matein4 rookendgame verylong
a7ACT,2k1r3/1pp3Rp/p2p1qp1/3B4/3P4/1QP4P/PP4P1/5K2 w - - 1 33,f1g1 e8e1 g1h2 f6f4 g2g3 f4f2 d5g2 f2g1,1220,endgame mate matein4 verylong
a9wZG,6k1/pBb4p/1p5r/PP2p3/1P4qP/5pP1/5P1K/1R2QR2 w - - 3 36,f1h1 h6h4 h2g1 h4h1 g1h1 g4h3 h1g1 h3g2,1268,attraction mate matein4 middlegame verylong
aAnpn,r1b2qr1/pp2k2R/4p3/3pBp2/2pP2P1/2P5/PPBK2P1/8 b - - 2 21,e7d8 e5c7 d8e8 c2a4 b7b5 a4b5 c8d7 b5d7,1230,exposedking mate matein4 middlegame verylong
aChUz,8/2k5/ppb5/2R2Bp1/5nP1/5P2/P2r3P/5R1K w - - 0 35,c5e5 c6f3 f1f3 d2d1 e5e1 d1e1 f3f1 e1f1,1030,endgame mate matein4 sacrifice verylong
aD970,r3n1k1/3n1p1p/2Qp2p1/q1pP4/4N3/1R3N2/1B3PPP/6K1 w - - 3 25,c6d7 a5a1 b2a1 a8a1 b3b1 a1b1 f3e1 b1e1,1024,backrankmate mate matein4 middlegame sacrifice verylong
aFHDh,r4rk1/ppp2ppp/3p4/2BNn3/2B1P1b1/3P1N2/PqP1Q3/3RK2R b K - 0 15,g4f3 d5e7 g8h8 h1h7 h8h7 e2h2 f3h5 h2h5,1220,anastasiamate attraction kingsideattack mate matein4 middlegame sacrifice verylong
aFI5R,3q2k1/R4p1n/7Q/2pP1r1P/2B1P3/3P1P1K/5b2/8 w - - 0 33,e4f5 d8h4 h3g2 h4g3 g2f1 g3g1 f1e2 g1e1,1287,endgame exposedking mate matein4 verylong
aFmlc,8/6pk/Q3p2p/1p2P3/4bB2/1P5P/Pr4PK/8 w - - 1 35,h2g3 b2g2 g3h4 g7g5 f4g5 h6g5 h4h5 e4g6,1029,endgame fork mate matein4 morphysmate verylong
aJPpN,rr4k1/5pp1/8/8/1p2P3/1R1N1P2/P1P1Q1R1/1K5q w - - 5 36,b1b2 a8a2 b2a2 b8a8 b3a3 a8a3 a2b2 h1a1,1250,attraction mate matein4 middlegame sacrifice trianglemate verylong
aJz4Z,2r1k2q/pp1b4/4p3/3p1pp1/3P4/2PB1Pp1/PP4P1/R2Q1RK1 w - - 0 20,f1e1 h8h2 g1f1 h2h1 f1e2 h1g2 e2e3 f5f4,1021,deflection kingsideattack mate matein4 middlegame verylong
aM9SP,4k3/1b5p/p4qpB/1p1p1B2/1P1P1P2/P5Q1/3n2PP/6K1 w - - 0 32,f5g4 f6d4 g3f2 d4a1 g4d1 a1d1 f2e1 d1e1,1279,endgame mate matein4 verylong
aMZj0,3r1k2/4Np2/p4Pp1/1p2b1Qp/2p5/6PP/P1P2P1K/4r3 b - - 1 30,d8d1 g5h6 f8e8 h6h8 e8d7 h8c8 d7d6 c8c6,1178,endgame mate matein4 verylong
aN0Dq,1k4r1/1pp5/4P2p/pPP5/P2R1p2/7P/KQ6/7q b - - 2 34,g8g2 d4d8 b8a7 b5b6 c7b6 c5b6 a7a6 d8a8,1032,endgame mate matein4 verylong
aOQkm,8/5Qpk/1r4rp/5Q2/P3pP2/4P3/3q2PP/2R3RK w - - 3 32,c1c8 d2g2 g1g2 b6b1 c8c1 b1c1 g2g1 c1g1,1103,mate matein4 middlegame sacrifice verylong
aPaVc,r6r/pp1R2p1/2p2kp1/4p3/1P6/2n1B3/P4PPP/5RK1 w - - 4 19,d7b7 c3e2 g1h1 h8h2 h1h2 a8h8 e3h6 h8h6,1101,anastasiamate attraction endgame mate matein4 sacrifice verylong
aQ9Rn,2rbQ3/p4pkp/1n6/4Pqp1/8/P4N2/BP3PPP/1R1R2K1 w - - 1 27,d1d8 f5b1 a2b1 c8c1 d8d1 c1d1 f3e1 d1e1,1076,backrankmate fork mate matein4 middlegame sacrifice verylong
aRQXJ,rnbq1rk1/1p2b1pB/p3p3/3p2P1/P2P1P2/2P5/7P/RNBQ1RK1 b - - 0 16,g8h7 d1h5 h7g8 g5g6 f8f5 h5h7 g8f8 h7h8,1178,mate matein4 opening verylong
aRSFN,r1q2rk1/6pp/p5p1/1p1Q2P1/4Pb2/8/PPP5/1K1R3R b - - 1 25,g8h8 h1h7 h8h7 d1h1 f4h2 h1h2 c8h3 h2h3,1104,attraction mate matein4 middlegame sacrifice verylong
aSf0m,3r3r/k1p1nppp/4b3/8/8/4R3/P1PB2PP/1R5K b - - 1 26,d8d6 e3a3 d6a6 d2e3 c7c5 e3c5 a7a8 a3a6,1130,clearance deflection exposedking fork mate matein4 middlegame verylong
aVJtN,r1k2r2/2p5/p7/3N2p1/6N1/6P1/Pq4PK/3RR3 b - - 1 24,b2a2 d5e7 c8b7 d1b1 a2b1 e1b1 b7a7 e7c6,1184,mate matein4 middlegame verylong
aWdfw,5r2/pR6/3pk3/4p1B1/3nP1P1/2NP4/PPP3P1/6K1 w - - 1 24,c3d5 d4e2 g1h2 f8h8 b7h7 h8h7 g5h4 h7h4,1183,anastasiamate endgame mate matein4 verylong
aZQ6a,4r2k/pp1br2p/3p3q/2pPnp1N/2P5/6P1/PPQ2PB1/3RR1K1 w - - 8 31,h5f4 e5f3 g2f3 e7e1 d1e1 e8e1 g1g2 h6h1,1137,discoveredattack kingsideattack mate matein4 middlegame verylong
ada8l,1Q6/2P3bk/p6p/3p1r2/P2Pp3/4BpPq/5RbP/6K1 w - - 1 39,c7c8q h3h2 g1h2 f5h5 c8h3 h5h3 h2g1 h3h1,1270,attraction mate matein4 middlegame operamate sacrifice verylong
aeD12,4r1k1/5r1p/3bR1pQ/p2p1p2/3B1P2/1P6/q5PP/2R4K b - - 0 24,e8e6 c1c8 e6e8 c8e8 d6f8 e8f8 f7f8 h6g7,1063,mate matein4 middlegame verylong
afK8c,3r2k1/p4pp1/8/5P2/N7/1P2Kb1p/P3pQq1/2R5 b - - 2 36,d8d1 c1c8 d1d8 c8d8 g8h7 f2h4 f3h5 h4h5,1280,endgame mate matein4 verylong
afjPf,1k1r3r/pp3ppp/8/7q/1PQb1P2/7P/2R3P1/2R4K b - - 2 28,h5d5 c4c7 b8a8 c7c8 d8c8 c2c8 h8c8 c1c8,1209,backrankmate mate matein4 middlegame sacrifice verylong
ahslB,1r3rk1/p1p2Rb1/1p1p2p1/3P2Nn/2P3qP/1P1N4/P4Q1K/4R3 b - - 2 31,f8f7 f2f7 g8h8 e1e8 b8e8 f7e8 g7f8 e8f8,1183,exposedking kingsideattack mate matein4 middlegame verylong
ak6lL,2k4r/bpp3q1/p2ppR2/4p2Q/4P3/P2P2P1/1PP1N1PP/5R1K w - - 1 26,h5f7 h8h2 h1h2 g7h8 f6h6 h8h6 f7h5 h6h5,1273,attraction kingsideattack mate matein4 middlegame sacrifice verylong
am3g3,2k1r3/Qpp2p1p/2b1pB2/4P3/2qP1K2/2P5/5P1P/6R1 b - - 0 33,c4d3 a7a8 c8d7 a8e8 d7e8 g1g8 e8d7 g8d8,1218,attraction endgame mate matein4 operamate queensideattack sacrifice verylong
amojP,8/6p1/1pQ4p/5k2/5P2/6PK/P4q1P/8 w - - 13 42,c6d6 f2f1 h3h4 g7g5 f4g5 h6g5 h4h5 f1h3,1255,endgame mate matein4 queenendgame verylong
aoOC0,5rk1/pp3ppp/2q5/8/4r3/5Q1P/1P4P1/3R1R1K b - - 3 27,e4b4 f3f7 f8f7 d1d8 c6e8 d8e8 f7f8 f1f8,1263,endgame mate matein4 sacrifice verylong
apnNZ,nk6/p3rppp/Pp1Q4/1qpP4/6P1/8/1PPB1PP1/6K1 b - - 0 25,e7c7 d6d8 c7c8 d2f4 a8c7 f4c7 b8a8 d8c8,1200,endgame mate matein4 queensideattack verylong
aq6Eh,2r2k2/1pr2p2/8/6Q1/3p2Pp/1B3R2/PPP4q/1K3R2 w - - 3 33,b3f7 h2c2 b1a1 c2c1 f1c1 c7c1 g5c1 c8c1,1020,backrankmate mate matein4 middlegame sacrifice verylong
aqKLh,r1b3kR/6p1/4pqB1/2PpQ3/1P6/p1P5/P5PK/8 b - - 4 36,g8h8 e5h5 h8g8 h5h7 g8f8 h7h8 f8e7 h8e8,1035,endgame mate matein4 verylong
aqeKV,2k4r/ppp1p1bp/4P1p1/2q5/8/3Q1P2/P1R4P/2K2B2 b - - 5 28,c5g1 d3d7 c8b8 d7c7 b8a8 c7c8 h8c8 c2c8,1287,backrankmate endgame mate matein4 sacrifice verylong
ar5KP,r1b2r1k/pp2q2p/5p1P/8/2p2p1Q/8/PP2B1P1/2KR4 b - - 1 27,e7e2 h4f6 f8f6 d1d8 e2e8 d8e8 f6f8 e8f8,1058,endgame mate matein4 sacrifice verylong
arHA7,3rkb1r/p1p2ppp/2p5/4P3/5BbN/8/PPP2pPP/RN3RK1 w k - 0 12,f1f2 d8d1 f2f1 f8c5 f4e3 c5e3 g1h1 d1f1,1174,backrankmate mate matein4 middlegame verylong
armre,8/3q2k1/3N1ppp/2Q1p3/1p5P/2nP2P1/4PP2/6K1 w - - 2 36,g1f1 d7h3 f1e1 h3h1 e1d2 h1d1 d2e3 d1e2,1264,endgame master mate matein4 verylong
arsEh,rn3rk1/1p3ppp/2p5/4N2q/2P3P1/1P1B4/P1Q4P/3KR3 b - - 0 20,h5g5 d3h7 g8h8 e5f7 f8f7 e1e8 f7f8 e8f8,1155,clearance deflection kingsideattack mate matein4 middlegame verylong
atfFB,5rk1/5ppp/8/1R2p1q1/7N/3P1Q1P/r5P1/5R1K b - - 7 32,g5h4 f3f7 f8f7 b5b8 h4d8 b8d8 f7f8 f1f8,1183,endgame mate matein4 sacrifice verylong
axE9X,5r1k/p5pp/2R1pq2/8/3rQ3/8/PP3PPP/5RK1 w - - 0 23,e4e6 f6f2 f1f2 d4d1 e6e1 d1e1 f2f1 e1f1,1193,endgame mate matein4 sacrifice verylong
axGTa,r1r4k/p4Qbp/6p1/q5B1/2Pp4/1P6/P3RPPP/4R1K1 b - - 2 23,a5g5 e2e8 c8e8 e1e8 a8e8 f7e8 g7f8 e8f8,1147,mate matein4 middlegame verylong
azy8y,r5k1/2q2pp1/7p/3Pr3/6Q1/1B3R2/P5PP/4R2K w - - 0 27,e1e5 c7c1 b3d1 c1d1 e5e1 d1e1 f3f1 e1f1,1042,endgame mate matein4 verylong
b2Bne,1k1r3r/p3b3/1pBp3p/4p3/Q7/2q3PP/P1P1R1K1/1R6 b - - 0 25,d8c8 b1b6 a7b6 a4a8 b8c7 a8b7 c7d8 b7d7,1195,mate matein4 middlegame queensideattack sacrifice verylong
b2hbD,6k1/Qp5p/7q/3p1r2/1P2bPp1/P5P1/5P1P/4RBK1 w - - 5 30,a7b7 h6h2 g1h2 f5h5 f1h3 h5h3 h2g1 h3h1,1300,attraction endgame mate matein4 operamate sacrifice verylong
b3euG,k2r3r/pp2npp1/8/2N5/3nPQ2/8/P1P2PPP/R4RK1 w - - 1 20,f4f7 d4e2 g1h1 h8h2 h1h2 d8h8 f7h5 h8h5,1225,anastasiamate attraction mate matein4 middlegame sacrifice verylong
b5thX,r6k/pp3B2/1bnp3B/8/2Pp2b1/8/PPQ3PP/4rRK1 w - - 1 22,c2g6 d4d3 c4c5 b6c5 h6e3 c5e3 g1h1 e1f1,1146,backrankmate discoveredattack discoveredcheck mate matein4 middlegame verylong
b757c,2r3k1/p4pBp/4pPp1/3b1n2/2pPpP2/3qP1RQ/Pr1N3P/3RK3 b - - 9 33,c4c3 h3h7 g8h7 g3h3 f5h4 h3h4 h7g8 h4h8,1140,attraction kingsideattack mate matein4 middlegame operamate sacrifice verylong
b8NMb,r3kb2/1p1B1pr1/4pQ2/3pP1p1/3q3p/pPR5/P4PPP/2R3K1 b q - 0 23,e8d7 c3c7 d7e8 c7c8 a8c8 c1c8 e8d7 f6d8,1152,mate matein4 middlegame verylong
b8T58,r6r/pR2bpkp/6pN/qB1p2P1/8/6P1/P2N4/3KR3 b - - 0 22,e7g5 b7f7 g7h6 e1h1 g5h4 h1h4 h6g5 d2f3,1254,cornermate mate matein4 middlegame sacrifice verylong
b8a9s,6k1/5pp1/pq2p1b1/1p1pP2p/1P3P2/P1Q2N1P/6PK/8 b - - 1 29,b6f2 c3c8 g8h7 f3g5 h7h6 c8h8 g6h7 h8h7,1061,endgame mate matein4 verylong
b9H1I,2kr3r/ppp1p1bp/6p1/3pBq2/3P2n1/1QP5/PP1NP3/R3KB1R w KQ - 0 15,e5g7 f5f2 e1d1 g4e3 d1c1 f2e1 b3d1 e1d1,1210,mate matein4 middlegame verylong
bAthk,8/8/6p1/2p3P1/PpP2k1K/7P/8/8 w - - 0 50,a4a5 b4b3 a5a6 b3b2 a6a7 b2b1q a7a8q b1e1,1153,advancedpawn endgame mate matein4 pawnendgame promotion verylong
bDJG5,1r3rk1/4Qppp/2q5/1p1p4/2pP4/2P4P/1P3PP1/R3RK2 b - - 5 23,b8b7 e7f8 g8f8 a1a8 b7b8 a8b8 c6c8 b8c8,1284,attraction endgame kingsideattack mate matein4 sacrifice verylong
bDNyK,r2r3k/1pp3p1/p2p1pP1/4qP2/4P3/1P5Q/2PK4/3R4 b - - 1 28,h8g8 h3h7 g8f8 h7h8 f8e7 h8g7 e7e8 g7f7,1197,deflection endgame mate matein4 verylong
bF5s4,1q4k1/7p/p2pN1p1/2pPp3/Q1P5/P7/3b1rPP/5RK1 w - - 0 23,f1f2 b8b1 a4d1 b1d1 f2f1 d2e3 g1h1 d1f1,1122,deflection endgame mate matein4 verylong
bJiZS,6k1/1p3rpp/p2P2b1/P1P1q3/8/2R2B2/4Q1PP/7K b - - 0 34,e5c3 e2e8 f7f8 f3d5 g6f7 d5f7 g8h8 e8f8,1075,endgame mate matein4 verylong
bLNcO,3r2k1/pp6/2b2p2/2R4p/1P4pP/P3P1B1/5P2/6K1 w - - 2 27,g3c7 d8d1 g1h2 d1h1 h2g3 h1h3 g3f4 h3f3,1236,endgame mate matein4 operamate verylong
bMSNU,4Q3/5pkp/p2p1qp1/3P4/8/2pn2P1/P3NPBP/2R3K1 w - - 2 26,c1c3 f6f2 g1h1 f2e1 g2f1 e1f1 e2g1 d3f2,1179,endgame mate matein4 verylong
bOdH1,r1b1k3/pp3pp1/2nq4/1B1p4/3Np3/1N2PPp1/PPP3P1/R2QR1Kr w q - 2 17,g1h1 d6h6 h1g1 h6h2 g1f1 h2h1 f1e2 h1g2,1170,deflection epaulettemate kingsideattack mate matein4 middlegame verylong
bQU6w,4r3/p1q3k1/5p2/8/2PQ3R/P2B2rP/5P2/6K1 w - - 0 36,f2g3 c7g3 g1h1 e8e1 d3f1 e1f1 d4g1 f1g1,1247,endgame exposedking mate matein4 verylong
bQaPV,r5k1/4Qpbp/6p1/1p6/3q1B2/8/1P3PPP/3R2K1 w - - 0 23,d1d4 a8a1 f4c1 a1c1 d4d1 c1d1 e7e1 d1e1,1017,backrankmate endgame mate matein4 verylong
bRXT4,r5k1/pp1b4/3ppK2/2p3Np/P1P1Pn2/3r4/8/6R1 b - - 4 34,a8f8 g5f7 f4g2 g1g2 d3g3 g2g3 g8h7 g3g7,1224,discoveredattack discoveredcheck endgame exposedking mate matein4 verylong
bRxv0,8/5ppk/4p2p/4N3/PQ1P4/5PP1/4q1KP/8 w - - 1 35,g2h3 e2f1 h3h4 g7g5 h4g4 f7f5 g4h5 f1h3,1254,endgame mate matein4 verylong
bSyVe,1n3r1k/3p2pp/4pN2/1qb1B3/6Q1/8/2P2PPP/5RK1 w - - 1 20,f6h5 c5f2 f1f2 b5b1 g4d1 b1d1 f2f1 f8f1,1211,fork mate matein4 middlegame sacrifice verylong
bVx2f,8/3b2rk/4p1rp/1p2Q3/p1pP3R/2P2PB1/6PP/6K1 w - - 0 36,g3f4 g6g2 g1f1 g2g1 f1f2 g7g2 f2e3 g1e1,1018,endgame mate matein4 verylong
bXYg1,5qk1/R5pp/bp2p3/3pP3/8/1N3BQ1/PP4PP/2r3K1 w - - 1 26,b3c1 f8c5 g3f2 c5c1 f3d1 c1d1 f2e1 d1e1,1107,endgame fork mate matein4 verylong
bYh83,6k1/1pR2pp1/2b4p/5KPP/1r3P2/p7/8/8 b - - 0 52,a3a2 c7c8 c6e8 c8e8 g8h7 g5g6 f7g6 h5g6,1089,endgame mate matein4 verylong
baFbw,3r1rk1/p4ppp/8/5Q2/2p5/2P3PP/q7/1R3RK1 b - - 0 29,d8d3 f5f7 f8f7 b1b8 d3d8 b8d8 f7f8 f1f8,1266,endgame mate matein4 sacrifice verylong
bchph,5rk1/5ppp/p1b1p3/8/3b1QK1/6P1/P5qP/1R3R2 b - - 3 31,e6e5 f4f7 f8f7 b1b8 c6e8 b8e8 f7f8 f1f8,1146,mate matein4 middlegame sacrifice verylong
bdZPX,r1b2r1k/pp4p1/2nQ4/4ppNq/7P/2P5/PP3P2/2KR4 b - - 3 27,f8f6 d6d8 c6d8 d1d8 h5e8 d8e8 f6f8 e8f8,1294,kingsideattack mate matein4 middlegame sacrifice verylong
bdoHF,5k2/1b4pp/8/1p1q4/2pp1B1P/1P1P2P1/2P4K/5Q2 b - - 1 40,c4b3 f4d6 f8e8 f1f8 e8d7 f8e7 d7c6 e7c7,1070,discoveredcheck doublecheck endgame mate matein4 verylong
be0d2,Q6B/p1pkpp1p/Pp2q1pb/8/1P6/7P/2P2PP1/5K1R w - - 1 26,f1g1 e6e1 g1h2 h6f4 g2g3 e1f2 a8g2 f4g3,1229,endgame kingsideattack mate matein4 verylong
bhIyS,3rkb1r/pQpq1ppp/8/4p3/8/2P5/PP3nPP/RNB2RK1 w k - 0 12,f1f2 d7d1 f2f1 f8c5 c1e3 c5e3 g1h1 d1f1,1263,fork mate matein4 middlegame verylong
bjEn5,4rk2/2p2ppQ/1pBpbq2/p6R/2P5/2P1P3/P4PP1/6K1 b - - 2 23,e8d8 h7h8 f8e7 h8d8 e7d8 h5h8 d8e7 h8e8,1252,attraction endgame mate matein4 operamate sacrifice verylong
bjiyP,5rk1/2p2ppp/4b3/p1Qp1P2/q7/8/r5PP/1R2R1K1 b - - 0 27,e6f5 c5f8 g8f8 b1b8 f5c8 b8c8 a4e8 e1e8,1232,attraction mate matein4 middlegame sacrifice verylong
bkZ7w,3q3k/1b3p1p/5PpB/pp1p4/3p1R1Q/P2P3P/BPr3PK/4r3 b - - 7 35,e1e2 h6g7 h8g8 h4h7 g8h7 f4h4 h7g8 h4h8,1138,attraction discoveredattack kingsideattack mate matein4 middlegame operamate sacrifice verylong
blmNq,Q7/5p1k/5qpp/8/p3Q3/8/3R1PPP/2R3K1 w - - 0 42,c1c6 f6a1 c6c1 a1c1 d2d1 c1d1 e4e1 d1e1,1025,endgame fork mate matein4 verylong
bopnb,3RR3/5rkp/p4pp1/1p6/r5PP/3P1P2/8/6K1 b - - 0 33,g6g5 e8g8 g7h6 h4g5 f6g5 d8d6 f7f6 d6f6,1216,endgame master mate matein4 rookendgame verylong
bp1dJ,r5nr/1p3ppp/3R4/1p3k2/1B2pP2/8/PP3KR1/8 b - - 3 24,g8f6 g2g5 f5f4 b4d2 e4e3 d2e3 f4e4 d6d4,1215,endgame mate matein4 operamate verylong
bpS5c,1kr5/pp3Q2/3bp3/PPrb4/8/3P2P1/5R1P/R5K1 w - - 1 35,f7d7 c5c1 a1c1 c8c1 f2f1 d6c5 d3d4 c5d4,1117,mate matein4 middlegame verylong
bsHnq,6r1/pp1R2rk/2n2Q1p/5p2/4pP2/8/PP4PP/6K1 w - - 2 29,d7d6 g7g2 g1f1 g2g1 f1f2 g8g2 f2e3 g1e1,1143,endgame mate matein4 verylong
bsmBx,3rk2r/2p1bppp/p1b5/1p2p3/8/2P2N2/PP3RPP/RNB3K1 w k - 0 14,f3e5 d8d1 f2f1 e7c5 c1e3 c5e3 g1h1 d1f1,1177,fork mate matein4 middlegame verylong
bszMa,1k2rb1R/1pp1q3/p5R1/8/3P4/1PBQ4/K1P1r3/8 w - - 6 35,g6g8 e7a3 a2b1 e2e1 c3e1 e8e1 d3d1 e1d1,1267,mate matein4 middlegame sacrifice verylong
bubO8,5rk1/5ppp/pb1Q4/3P4/1Pb5/P6P/5qP1/2R1R2K b - - 1 32,c4b5 d6f8 g8f8 c1c8 b6d8 c8d8 b5e8 e1e8,1156,attraction mate matein4 middlegame sacrifice verylong
burzb,2k4r/pp2b3/3p4/2p1p3/8/3PBNqr/PPP1QRP1/R5K1 w - - 6 24,g1f1 h3h1 f3g1 h1g1 f1g1 g3h2 g1f1 h2h1,1106,attraction mate matein4 middlegame sacrifice verylong
buwNY,1kr5/p4R2/4p1Q1/2qpP3/1p5r/8/PPP5/1KR5 w - - 0 34,g6e6 c5c2 c1c2 h4h1 f7f1 h1f1 c2c1 f1c1,1124,endgame mate matein4 sacrifice verylong
bxhZh,8/3b4/2pkp3/R6p/3P1ppP/1r6/2R2PPK/8 w - - 0 32,a5h5 g4g3 f2g3 f4g3 h2g1 b3b1 c2c1 b1c1,1242,endgame mate matein4 verylong
bzgk5,3r1rk1/6pp/p1p2q2/1p6/4R3/3Q4/PPP2PPP/5RK1 w - - 1 20,d3a3 f6f2 f1f2 d8d1 e4e1 d1e1 f2f1 e1f1,1073,endgame mate matein4 sacrifice verylong
c0XhA,2kq3r/pp3p2/2p1pp2/8/PPQP4/2P2Bp1/6P1/4RR1K w - - 1 24,h1g1 h8h1 g1h1 d8h8 f3h5 h8h5 h1g1 h5h2,1235,attraction endgame kingsideattack mate matein4 sacrifice verylong
c1B96,6k1/ppN2rp1/3p2np/4p3/3nP1Q1/P2P4/1PPB1qPP/R2K3R w - - 0 18,g4g6 f2e2 d1c1 f7f1 h1f1 e2f1 d2e1 f1e1,1295,mate matein4 middlegame verylong
c1JTM,r5k1/ppP2rbn/6n1/P2Pp2p/2N1Pp2/2N2Ppq/4B1KP/R2QR1B1 w - - 1 25,g2h3 h7g5 h3g2 g6h4 g2f1 g3g2 f1f2 g5h3,1272,advancedpawn exposedking master mate matein4 middlegame verylong
c1bll,5r1k/2pQR1n1/p4qpp/1p1B4/1P1P4/2P3PP/5PK1/8 w - - 3 37,e7g7 f6f2 g2h1 f2f1 h1h2 f8f2 d5g2 f2g2,1196,endgame mate matein4 verylong
c3DY9,8/P5kp/3p2p1/3B4/1BP3PP/1r1p1p2/5P2/b6K w - - 2 38,a7a8q b3b1 b4e1 b1e1 h1h2 a1e5 h2h3 e1h1,1011,endgame exposedking fork mate matein4 pillsburysmate verylong
c4BLN,8/p5Qp/6p1/5bk1/6r1/1B6/P3rP1P/5R1K w - - 0 31,b3d1 f5e4 f2f3 e4f3 f1f3 e2e1 f3f1 e1f1,1177,endgame fork master mate matein4 sacrifice verylong
c4GYn,1B3r2/1Rp5/P2b2kp/2p5/4R3/6P1/2P2r2/6K1 w - - 0 35,a6a7 f2f1 g1h2 f8f2 h2h3 f1h1 h3g4 h6h5,1287,endgame exposedking mate matein4 verylong
c70d2,r7/5k2/p1b5/6B1/8/2N3bB/2P2qP1/R3R2K w - - 3 35,e1f1 c6g2 h3g2 a8h8 g5h6 h8h6 g2h3 h6h3,1107,fork mate matein4 middlegame sacrifice verylong
c73qD,3q2kR/4rrp1/p3Q3/4P3/2P5/6b1/P1BP4/2K5 b - - 2 32,g8h8 e6h3 g3h4 h3h4 h8g8 h4h7 g8f8 h7h8,1161,endgame fork mate matein4 verylong
cA9Lq,5Q2/p1pr2pk/2q2p1p/8/3r4/P4P2/1PP2P1P/1K4RR w - - 6 29,g1g3 d4d1 h1d1 d7d1 b1a2 c6c4 b2b3 c4c2,1262,endgame mate matein4 queensideattack verylong
cAbo1,5r1k/3q2pp/p2p4/1p2pR2/5r2/P4Q2/1PP3PP/5RK1 b - - 1 27,f8f5 f3a8 d7d8 a8d8 f5f8 d8f8 f4f8 f1f8,1053,backrankmate endgame mate matein4 verylong xrayattack
cB09B,8/2P5/8/8/8/4k1p1/6K1/7q w - - 0 56,g2h1 e3f2 c7c8q g3g2 h1h2 g2g1q h2h3 g1g3,1263,advancedpawn endgame exposedking mate matein4 pawnendgame promotion verylong
cCkuQ,4R3/5kb1/5q1p/2p2pp1/1pN5/1P6/2P2QPP/6K1 w - - 3 44,e8c8 f6a1 f2f1 g7d4 c4e3 d4e3 g1h1 a1f1,1251,clearance endgame master mate matein4 pin verylong
cD6CG,r4rk1/2qbb2p/p1p3p1/4p1P1/P1B1P3/2P2P2/2PQ4/R3K2R b KQ - 1 21,g8g7 h1h7 g7h7 d2h2 d7h3 h2h3 h7g7 h3h6,1195,attraction mate matein4 middlegame sacrifice verylong
cEHAn,r4k1r/2p2ppp/6b1/pq1P4/2P5/Pn2Q2P/1P2RPP1/3KR3 b - - 2 25,b5a4 e3e7 f8g8 e7e8 a8e8 e2e8 a4e8 e1e8,1242,backrankmate mate matein4 middlegame sacrifice verylong
cEcmC,r4rk1/5ppp/2q1p3/2p1P3/2p2Q2/P3P2P/6P1/1R3RK1 b - - 0 28,a8a3 f4f7 f8f7 b1b8 c6e8 b8e8 f7f8 f1f8,1211,endgame mate matein4 sacrifice verylong
cFzgx,3rk2r/p1qn1ppp/2b2n2/3p1N2/4p3/BP2P1P1/P4PBP/RN3RK1 b k - 0 18,d7b6 f5g7 e8d7 g2h3 f6g4 h3g4 f7f5 g4f5,1206,mate matein4 middlegame verylong
cG4ny,6k1/ppN2r2/3p2p1/2p1p3/2Pn1bp1/1P1P4/P4PB1/R4RK1 w - - 2 24,c7d5 d4e2 g1h1 f7h7 g2h3 h7h3 h1g2 h3h2,1283,kingsideattack mate matein4 middlegame operamate verylong
cGb4m,7k/5prp/4p3/5p2/1p6/1Bq2P2/R4QPP/5K2 b - - 0 35,c3b3 a2a8 g7g8 f2d4 e6e5 d4e5 f7f6 e5f6,1271,endgame mate matein4 verylong
cGgVZ,2rq1rkR/3bb1n1/p1n1p1Q1/1p1p2P1/3P1P2/2P5/PP1N3P/R1B3K1 b - - 2 21,g8h8 g6h6 h8g8 g5g6 f8f5 h6h7 g8f8 h7h8,1189,exposedking kingsideattack mate matein4 middlegame verylong
cGgdo,r6r/4ppk1/pp4p1/2pPP1R1/2P2p1q/1P3P2/P1B1Q2P/5bRK w - - 1 30,e2d2 h4h2 d2h2 h8h2 h1h2 a8h8 g5h5 h8h5,1134,attraction kingsideattack mate matein4 middlegame pillsburysmate sacrifice verylong
cKKVG,5r1k/pp3rpp/1qpp4/4p1b1/4P1Q1/P1N2P1P/1PP3P1/1R1R1K2 w - - 1 26,g4g5 f7f3 g2f3 f8f3 f1g2 b6f2 g2h1 f3h3,1224,deflection mate matein4 middlegame sacrifice verylong
cKYxq,r2q2kR/2pb2p1/3b1pB1/p2P2P1/1p1Q4/5P2/PPP5/2K5 b - - 1 22,g8h8 d4h4 h8g8 h4h7 g8f8 h7h8 f8e7 h8g7,1073,deflection endgame mate matein4 verylong
cKr10,6k1/5qp1/2Q4p/2p1P2n/5n2/2PPB3/1P3PPP/5RK1 w - - 3 24,e3c5 f4e2 g1h1 h5g3 f2g3 f7f1 c5g1 f1g1,1297,endgame mate matein4 verylong
cM2Ii,Q7/p1rnqpkp/1p4p1/4p1P1/1pBp1b2/8/P1P5/1K1R3R b - - 0 26,c7c4 h1h7 g7h7 d1h1 f4h2 h1h2 h7g7 a8h8,1267,attraction mate matein4 middlegame sacrifice verylong
cMSQH,3r2k1/7p/6p1/1R1r4/1PN2p2/3n4/5P1P/5RK1 w - - 2 31,b5b7 d5g5 g1h1 d3f2 f1f2 d8d1 f2f1 d1f1,1120,clearance deflection endgame mate matein4 sacrifice verylong
cMlbp,5r1k/p4rp1/1pp3Qp/2p1p3/3qP3/1P1P4/1PP1KP1R/5R2 b - - 21 37,d4b2 h2h6 g7h6 g6h6 h8g8 f1g1 f7g7 h6g7,1215,endgame kingsideattack mate matein4 sacrifice verylong
cNudF,5r1k/1bp2rp1/4p1Qp/1p2Pp2/p1pPqP2/P1P1R2R/2PB2PP/6K1 b - - 15 31,e4c2 h3h6 g7h6 g6h6 h8g8 e3g3 f7g7 h6g7,1191,kingsideattack mate matein4 middlegame sacrifice verylong
cOZwB,r2r2k1/pp4p1/3P1p1p/3Qp3/6P1/7P/PqP2R2/5RK1 b - - 2 23,g8f8 f2f6 g7f6 f1f6 f8g7 d5f7 g7h8 f6h6,1180,deflection endgame mate matein4 sacrifice verylong
cP6B8,1r1r2k1/5p2/p4Pp1/3pp2Q/2p1q3/P7/1P4R1/7K b - - 9 42,e4f4 g2g6 f7g6 h5g6 g8f8 g6g7 f8e8 g7e7,1194,endgame mate matein4 sacrifice verylong
cP7b0,5rk1/1p3qp1/p4b1B/7N/4r1Q1/5P2/PP4PP/4R1K1 w - - 0 27,f3e4 f6d4 h6e3 d4e3 g1h1 f7f1 e1f1 f8f1,1091,backrankmate mate matein4 middlegame verylong
cTYJc,r6Q/pp2kp2/7p/2q1r3/2p5/2P1b2P/PP4P1/1B2RK1R w - - 6 28,h8a8 e5f5 b1f5 c5f5 f1e2 f5f2 e2d1 f2d2,1075,mate matein4 middlegame sacrifice verylong
cTwjt,1k1r4/p2q1pp1/Q1p2bp1/2Pp4/1P6/P3PpP1/RB3P1K/4R3 w - - 4 25,e1h1 d8h8 h2g1 h8h1 g1h1 d7h3 h1g1 h3g2,1095,attraction mate matein4 middlegame verylong
cV5Y6,5qk1/pp3pP1/4p2p/4P3/2P1N3/1P3R2/r6P/6K1 b - - 0 25,f8a3 e4f6 g8g7 f3g3 g7f8 g3g8 f8e7 g8e8,1298,endgame hookmate mate matein4 verylong
cWpyL,r2q1r1k/4bpp1/p2pB3/1p2p1P1/4P2P/P1PP1Q2/2P2P2/R3K2R b KQ - 0 19,f7e6 f3h5 h8g8 g5g6 f8f4 h5h7 g8f8 h7h8,1221,kingsideattack mate matein4 middlegame verylong
cZ54n,Q3r3/4b1k1/5p2/5B2/1n1PP1Pq/P6r/1P3PK1/R1B2R2 w - - 0 30,a8e8 h3h2 g2f3 h4h3 f3e2 h3d3 e2e1 b4c2,1291,cornermate fork mate matein4 middlegame verylong
cZTs8,5r1k/p5pp/5qp1/3Q4/3P4/2r5/P4PPP/4RRK1 w - - 0 26,e1e6 f6f2 f1f2 c3c1 e6e1 c1e1 f2f1 e1f1,1032,endgame mate matein4 sacrifice verylong
ceTct,5rk1/p4Qpp/1p6/2n5/8/6P1/P4PBP/3R1bK1 b - - 0 26,f8f7 d1d8 f7f8 g2d5 c5e6 d5e6 g8h8 d8f8,1048,backrankmate endgame mate matein4 verylong
ceUPr,5rk1/pp2B1pp/5p1r/3P4/2P3qP/1Q2PbP1/P4P2/R1R2BK1 w - - 0 23,g1h2 h6h4 g3h4 g4h4 f1h3 h4f2 h3g2 f2g2,1194,mate matein4 middlegame sacrifice verylong
cgjaf,3Q1bk1/pb3p2/6p1/4rpNp/8/1P2p1PP/P4P2/R4K2 w - - 2 29,d8f6 e3e2 f1g1 e2e1q a1e1 e5e1 g1h2 e1h1,1271,advancedpawn deflection endgame mate matein4 operamate promotion verylong
cglE4,5rk1/5ppp/8/pRp1nQ2/P1Pp4/4q2P/6P1/5R1K b - - 5 34,e5c4 f5f7 f8f7 b5b8 e3e8 b8e8 f7f8 f1f8,1282,endgame mate matein4 sacrifice verylong
ch3KU,r2r2k1/ppp3p1/4p1P1/2b5/1P2P3/P6Q/4K3/8 b - - 0 31,c5d6 h3h7 g8f8 h7h8 f8e7 h8g7 e7e8 g7f7,1241,deflection endgame mate matein4 verylong
chCQD,r5k1/pp1r1ppp/1np5/4Rpq1/1Q1P4/P7/P4PPP/4R1K1 b - - 13 21,g7g6 e5e8 a8e8 e1e8 g8g7 b4f8 g7f6 f8h8,1219,kingsideattack mate matein4 middlegame verylong
cikcQ,7k/1R4R1/7p/3K4/6P1/P6r/1P1r4/8 w - - 9 46,d5e6 h3e3 e6f7 d2f2 f7g6 e3e6 g6h5 f2h2,1185,endgame mate matein4 rookendgame verylong
cj7ie,2Q3k1/6p1/5bP1/pp1p4/1q2p3/3pP3/PP4P1/1K6 b - - 0 40,b4f8 c8e6 g8h8 e6h3 f6h4 h3h4 h8g8 h4h7,1066,endgame mate matein4 verylong
cnZT3,5rk1/p4ppp/1pNNp3/4P3/8/qP6/5PPP/3Q2K1 b - - 3 24,a3c5 c6e7 g8h8 d6f7 f8f7 d1d8 f7f8 d8f8,1118,clearance deflection endgame mate matein4 sacrifice verylong
co4Dg,2br2k1/B4pbp/n1p3p1/4p3/1N2P3/5P2/PPP3PP/2K2B1R w - - 1 19,b4c6 g7h6 f3f4 h6f4 a7e3 f4e3 c1b1 d8d1,1291,backrankmate mate matein4 middlegame verylong
cpbN7,3q2k1/6pp/5r2/p1p1Q3/2P5/Pp1rR1P1/1P5P/1K1R4 w - - 0 30,e3d3 d8d3 d1d3 f6f1 e5e1 f1e1 d3d1 e1d1,1065,endgame mate matein4 sacrifice verylong
crYQ5,4Q3/6k1/5rp1/p7/P2q3p/7P/1P3PR1/5BK1 w - - 0 37,g2g4 d4f2 g1h1 f2f1 h1h2 f6f2 g4g2 f2g2,1058,deflection endgame mate matein4 verylong
cs62F,1kr5/pbN3pp/Bp1r4/3P4/1P6/P7/1q4PP/2R2R1K b - - 4 27,c8c7 f1f8 d6d8 f8d8 b7c8 d8c8 c7c8 c1c8,1253,mate matein4 middlegame operamate queensideattack verylong xrayattack
ct2nl,1k5r/8/p1pp1p1r/1p3B2/2PPPp2/1R1Q2bP/q5P1/1R4K1 w - - 0 38,c4b5 a2f2 g1h1 h6h3 f5h3 h8h3 g2h3 f2h2,1284,kingsideattack mate matein4 middlegame sacrifice verylong
ctzqy,8/6k1/8/3P1PP1/5QKP/2P5/6q1/8 w - - 1 46,g4h5 g2e2 f4g4 e2e8 g5g6 e8h8 h5g5 h8h6,1239,endgame mate matein4 queenendgame verylong
cuZn3,8/Q6p/6pk/3q4/P4n2/6N1/1r3PPP/3R2K1 w - - 1 30,d1d5 b2b1 d5d1 b1d1 g3f1 f4e2 g1h1 d1f1,1101,backrankmate deflection endgame mate matein4 verylong
cvc0f,3r2k1/5p1p/6p1/p6r/1pP5/1P3Q2/1q2R1K1/5R2 b - - 11 36,b2d4 f3f7 g8h8 e2e8 d8e8 f7e8 h8g7 e8f8,1291,endgame mate matein4 verylong
cwis0,3r1b2/5ppk/2p2p1p/p2rqP1Q/8/1PP2R2/1P3NPP/R6K w - - 7 24,h5f7 d5d1 a1d1 d8d1 f2d1 e5e1 f3f1 e1f1,1039,fork mate matein4 middlegame sacrifice verylong
cySBi,2r2b1k/1pq4p/4B1p1/4P3/3P4/rQ2B3/5PPP/2R3K1 w - - 1 24,c1c7 a3a1 e3c1 a1c1 c7c1 c8c1 b3d1 c1d1,1189,backrankmate mate matein4 middlegame verylong xrayattack
cyvc0,8/p7/k1p2r2/2Q5/2P2rp1/P7/1q3PPP/2R1R1K1 w - - 6 31,c5b4 b2f2 g1h1 f2f1 e1f1 f4f1 c1f1 f6f1,1092,backrankmate endgame mate matein4 sacrifice verylong
d2J6f,8/4Q1kp/2q2pp1/1pP5/4P3/5K2/r5PP/8 b - - 1 38,g7h6 e7f8 h6g5 h2h4 g5h5 g2g4 h5h4 f8h6,1288,endgame mate matein4 verylong
d4dM9,r1b1nrk1/pppp1ppp/1n6/4N3/3q4/2NB2P1/PPQ2P1P/4RK1R b - - 3 20,h7h6 d3h7 g8h8 e5f7 f8f7 e1e8 f7f8 e8f8,1237,deflection discoveredattack kingsideattack mate matein4 middlegame verylong
d9BpV,2kr3r/1p1n1R2/p1ppp1p1/8/Q1PPP3/2N1b1P1/PP2B1PN/R5K1 w - - 1 18,g1h1 h8h2 h1h2 d8h8 f7h7 h8h7 e2h5 h7h5,1137,attraction kingsideattack mate matein4 middlegame pillsburysmate sacrifice verylong
dAJS1,r4rk1/2Q2ppp/8/8/3q4/8/P4RP1/2R3K1 b - - 7 29,a8a2 c7f7 f8f7 c1c8 d4d8 c8d8 f7f8 f2f8,1298,clearance endgame mate matein4 sacrifice verylong
dBd3e,r1b1r1k1/ppp2ppR/3p4/4B3/2P1P3/3K1P2/P5PQ/2q5 b - - 0 29,f7f6 h7h8 g8f7 h2h5 g7g6 h5h7 f7e6 h8e8,1278,deflection epaulettemate kingsideattack mate matein4 middlegame verylong
dC5NH,4r1k1/2q2pp1/2nb4/3p3p/Q5n1/3P2N1/PPP2PPP/R1B2RK1 w - - 1 18,g3h5 d6h2 g1h1 g4f2 f1f2 e8e1 f2f1 e1f1,1099,deflection kingsideattack mate matein4 middlegame verylong
dCvP3,3r2k1/5ppp/5b2/pNp5/n4P2/4B2P/1PP3P1/2K3NR w - - 0 21,b2b3 f6b2 c1b1 d8d1 e3c1 d1c1 b1a2 c1a1,1192,mate matein4 middlegame operamate queensideattack verylong
dDC6h,2k5/1p2rp2/p1N1p2p/r5p1/PR1P4/7P/5PP1/1R4K1 b - - 0 30,b7c6 b4b8 c8d7 b1b7 d7d6 b8d8 e7d7 b7d7,1242,endgame epaulettemate exposedking mate matein4 rookendgame verylong
dF8mb,5rk1/6b1/6Q1/p6p/2p1B3/6PP/q4PK1/2BR4 w - - 1 32,d1d7 a2f2 g2h1 f2f1 h1h2 f8f2 e4g2 f2g2,1103,fork master mate matein4 middlegame verylong
dGGaz,2r1r3/p4Qpk/3R2Np/8/4q3/8/PPP3PP/1K1R4 w - - 5 29,d1c1 e4c2 c1c2 e8e1 d6d1 e1d1 c2c1 d1c1,1290,clearance mate matein4 middlegame sacrifice verylong
dKvcN,5r2/4R1kp/8/p4pp1/2p5/2P3P1/PP2RK1P/3q4 b - - 1 39,g7h6 e2e6 f8f6 e6f6 h6h5 e7h7 h5g4 h2h3,1274,endgame mate matein4 queenrookendgame verylong
dLzfy,6k1/2r1Qpp1/6qp/4P1n1/1p6/3P3b/P4PP1/R4BK1 w - - 0 29,e7c7 g5f3 g1h1 h3g2 f1g2 g6h5 g2h3 h5h3,1232,endgame mate matein4 pin sacrifice verylong
dOob8,r1b4r/p1p2pk1/2pp2p1/4b1P1/4P1qP/2NB1R2/PPP2Q2/R4K2 b - - 6 23,h8h4 f3f7 g7h8 f7f8 h8h7 f2f7 e5g7 f7g8,1238,mate matein4 middlegame verylong
dP3Cb,8/4r1p1/5p1k/5Q1p/6nP/6K1/6P1/8 w - - 6 41,f5c8 e7e3 g3f4 g7g5 h4g5 f6g5 f4f5 e3e5,1209,endgame hookmate master mate matein4 verylong
dP9zZ,3r3k/p7/1p1p2Q1/2p1pP1p/2P2p1q/3R1Pp1/P5P1/3R2K1 w - - 4 41,f5f6 h4h2 g1f1 h2h1 f1e2 h1g2 e2e1 g2f2,1134,deflection endgame kingsideattack mate matein4 verylong
dQ1jN,1k2r3/pbp2p2/1p3p1p/5B2/3b4/2N5/PPQ2PPP/6K1 w - - 0 21,h2h3 e8e1 g1h2 d4e5 f2f4 e5f4 g2g3 e1h1,1266,endgame mate matein4 verylong
dQYvN,1r6/7k/p2p3p/4qp2/3R4/2P1n2Q/P5PP/K2R4 w - - 1 36,d1d2 e3c2 d2c2 e5e1 d4d1 e1d1 c2c1 d1c1,1044,clearance endgame fork mate matein4 sacrifice verylong
dRazU,r1b2rk1/pp3ppp/2p5/8/3qP3/5Q2/P5PP/3R1R1K b - - 1 18,d4e5 f3f7 f8f7 d1d8 e5e8 d8e8 f7f8 f1f8,1143,mate matein4 middlegame sacrifice verylong
dU7DR,1r1r2k1/5ppp/p3P3/5Q2/2p1R3/8/2q3PP/4R1K1 b - - 0 30,f7e6 f5e6 g8h8 e6e8 d8e8 e4e8 b8e8 e1e8,1097,backrankmate endgame master mate matein4 sacrifice verylong
dWK7p,4r1k1/4r2p/3R4/p5q1/2PQ1pP1/2P5/P5P1/1B1R2K1 w - - 3 36,b1f5 e7e1 d1e1 e8e1 g1f2 g5h4 g2g3 h4g3,1147,killboxmate mate matein4 middlegame verylong
dWVN2,4Q3/7p/5p2/6k1/5pp1/1r5P/5PPK/8 w - - 4 40,e8c6 g4g3 f2g3 f4g3 h2g1 b3b1 c6c1 b1c1,1198,endgame mate matein4 queenrookendgame verylong
dXiZy,8/6kp/3Q2p1/8/5p1P/6PK/4B3/q7 w - - 4 58,d6f4 a1h1 h3g4 h7h5 g4g5 h1d5 f4e5 d5e5,1045,endgame mate matein4 verylong
dYSgr,1k6/pbp1n3/1p3p2/1PbP1P1p/4r2q/P6P/2Q2RPK/2R2B2 b - - 1 34,c5f2 c2c7 b8a8 c7d8 e7c8 c1c8 b7c8 d8c8,1287,mate matein4 middlegame queensideattack verylong
dYTsI,8/R4kp1/7p/5p2/1n2p3/7P/2r2PPK/B7 b - - 11 49,f7g6 a7g7 g6h5 g2g4 f5g4 h3g4 h5h4 a1f6,1211,endgame mate matein4 verylong
dZk1E,3rkb1N/pQp3pp/5n2/4p1B1/2P3b1/8/PPP2qPP/RN3RK1 w - - 0 14,f1f2 d8d1 f2f1 f8c5 g5e3 c5e3 g1h1 d1f1,1187,backrankmate mate matein4 middlegame verylong
dZlEA,2Q5/p7/8/3B4/2P5/6pp/P4k2/7K w - - 1 50,c4c5 g3g2 d5g2 h3g2 h1h2 g2g1q h2h3 g1g3,1079,advancedpawn endgame exposedking mate matein4 promotion verylong
di0sR,rn4k1/pp2R1bp/6p1/1N1P3n/8/3B1Q1P/P5PK/2q5 b - - 2 24,b8a6 f3f7 g8h8 e7e8 a8e8 f7e8 g7f8 e8f8,1270,mate matein4 middlegame verylong
divZM,5r1k/pq5p/1p3Pp1/6B1/3r3P/1Q1P4/PP5P/R4RK1 w - - 2 24,a1e1 d4g4 g1f2 b7g2 f2e3 f8e8 b3e6 e8e6,1270,mate matein4 middlegame verylong
djtoA,r5k1/pp3ppp/1np5/2N5/3PP2q/1BPQ1Pb1/P5P1/1R1R3K w - - 3 23,h1g1 h4h2 g1f1 h2h1 f1e2 h1g2 e2e3 g2f2,1100,deflection kingsideattack mate matein4 middlegame verylong
dk5Vf,6k1/3R1ppp/4p1n1/8/4N3/4PR2/6rr/5K2 b - - 2 29,g2a2 d7d8 g6f8 e4f6 g7f6 f3g3 g8h8 d8f8,1201,deflection endgame mate matein4 sacrifice verylong
dklgu,5r1k/2Q5/p4rp1/3P1pqp/7R/3b4/PP6/K6R b - - 0 36,g5g2 h4h5 g6h5 h1h5 f6h6 h5h6 h8g8 c7h7,1139,exposedking mate matein4 middlegame sacrifice verylong
dlzVJ,2r3k1/ppr4p/2qp2pQ/3Rp1N1/6P1/5P2/PP6/1K5R w - - 1 27,g5h7 c6c2 b1a1 c2c1 h1c1 c7c1 h6c1 c8c1,1141,backrankmate mate matein4 middlegame sacrifice verylong
dnFQW,3r2k1/6b1/2p4p/1pB2R1P/1Pn5/8/2P3B1/2K5 w - - 3 40,g2c6 g7b2 c1b1 d8d1 b1a2 d1a1 a2b3 a1a3,1282,endgame epaulettemate hookmate mate matein4 operamate verylong
dosEU,2k1r3/Q7/1p2r2p/2p5/2q5/P6P/5PP1/1R1R2K1 w - - 3 28,d1d7 e6e1 b1e1 e8e1 g1h2 c4f4 g2g3 f4f2,1115,endgame mate matein4 verylong
dp9oj,5rk1/p4rpp/8/1p1ppq2/8/3P2Q1/PPP3PP/R3R1K1 w - - 2 23,g3e5 f5f2 g1h1 f2f1 e1f1 f7f1 a1f1 f8f1,1146,backrankmate endgame mate matein4 sacrifice verylong
dq9X2,4N1k1/pb3ppp/1p2p3/8/1B3n2/P2P1P2/2r4P/RN3R1K w - - 2 22,e8d6 b7f3 f1f3 c2c1 b4e1 c1e1 f3f1 e1f1,1119,kingsideattack mate matein4 middlegame sacrifice verylong
drcZn,6k1/b5p1/P7/3R4/R6K/7P/6r1/8 w - - 0 44,d5d7 a7f2 h4h5 g7g6 h5h6 f2e3 a4f4 e3f4,1207,endgame mate matein4 morphysmate verylong
dtQKI,1r4k1/2p2rpp/2Q1pq2/8/p1P5/8/P4PPP/4RRK1 w - - 4 24,e1e6 f6f2 f1f2 b8b1 e6e1 b1e1 f2f1 e1f1,1165,endgame mate matein4 sacrifice verylong
durjv,5q1k/8/3N2pp/p5b1/4Qr2/8/PP4PP/3R2K1 w - - 3 32,e4g6 f4f1 d1f1 g5e3 f1f2 f8f2 g1h1 f2f1,1155,clearance endgame mate matein4 sacrifice verylong
dviM4,r1b2rk1/pp1n4/2p1pq1p/2Pp1p2/1P1P2p1/2N1PP2/P1QNB1Pb/R4RK1 w - - 0 15,g1h2 f6h4 h2g1 g4g3 f1e1 h4h2 g1f1 h2h1,1212,mate matein4 middlegame verylong
dwmLk,8/Q6p/1p1b1kp1/1PpBp3/2P5/5PPK/4q2P/8 w - - 4 38,a7b6 e2f1 h3h4 g6g5 h4g4 h7h5 g4h5 f1h3,1287,attraction endgame mate matein4 verylong
dwqqj,5rk1/5ppp/4p3/pR2q3/P7/4rQ1P/6P1/5RK1 b - - 3 28,e5d4 f3f7 f8f7 b5b8 d4d8 b8d8 f7f8 f1f8,1110,endgame mate matein4 sacrifice verylong
dxTSc,r1b2rk1/1p5n/p1p1p2p/3pPp2/2P2PPq/P1NBP1b1/1P1B2P1/R2Q1RK1 w - - 1 18,f1f3 h4h2 g1f1 h2h1 f1e2 h1g2 f3f2 g2f2,1162,deflection kingsideattack mate matein4 middlegame verylong
dzEXz,5rk1/p4ppp/7r/2b1P3/Q1B2B2/7P/PP3nP1/RN2qR1K w - - 3 21,h1h2 f2g4 h2h1 h6h3 g2h3 e1e4 f1f3 e4f3,1225,deflection mate matein4 middlegame pin sacrifice verylong
dzpx1,7r/1k1rb2p/p7/1p2QN2/4P3/5P2/PPP3PP/2K5 w - - 1 26,e5h8 e7g5 f3f4 g5f4 f5e3 f4e3 c1b1 d7d1,1012,backrankmate endgame mate matein4 verylong
e18zk,4r1k1/p4pp1/2p1rb1B/P3q3/B2p2Q1/2P5/P2N1PPP/R4K1R w - - 1 20,d2f3 e5e2 f1g1 e2e1 f3e1 e6e1 a1e1 e8e1,1182,backrankmate mate matein4 middlegame sacrifice verylong
e2ad2,5rk1/1pp2ppp/1pq5/3R4/7P/1PP2QN1/r1b5/5RK1 b - - 2 23,c2b3 f3f7 f8f7 d5d8 c6e8 d8e8 f7f8 f1f8,1252,mate matein4 middlegame sacrifice verylong
e2bub,5rk1/p5pp/2Q1p3/2P2r2/3Pbq2/8/P5PP/3RR1K1 w - - 0 26,c6e4 f4f2 g1h1 f2f1 e1f1 f5f1 d1f1 f8f1,1183,backrankmate endgame mate matein4 sacrifice verylong
e2iVy,rr5k/5p1P/2p1p2P/3p4/p7/2PQP3/P1NK4/1q5R b - - 4 32,b1h1 d3d4 e6e5 d4e5 f7f6 e5f6 h8h7 f6g7,1154,endgame exposedking mate matein4 verylong
e3q7w,4rrk1/5qp1/1p1R4/2pR4/P7/7P/1Q3PP1/6K1 w - - 3 40,d6d7 e8e1 g1h2 f7f4 g2g3 f4f2 b2f2 f8f2,1288,endgame mate matein4 verylong
e3uom,R7/4BNpk/4p2p/1r1p1b2/3Pn3/2b1P2P/5PPK/8 b - - 0 30,b5b7 a8h8 h7g6 f7e5 g6h5 g2g4 f5g4 h3g4,1253,fork mate matein4 middlegame verylong
e6eG8,8/8/8/1p1p4/1P1P4/P6k/7p/7K w - - 2 53,a3a4 b5a4 b4b5 a4a3 b5b6 a3a2 b6b7 a2a1q,1009,advancedpawn endgame mate matein4 pawnendgame promotion verylong
e9MZp,r6r/pp1k4/3p1b2/4pN2/3nP3/8/PP3PPP/RN2K2R w KQ - 2 21,e1g1 d4e2 g1h1 h8h2 h1h2 a8h8 f5h4 h8h4,1300,anastasiamate attraction kingsideattack mate matein4 middlegame sacrifice verylong
e9kQz,rnbq2nr/pp3Bpk/2p5/5P1p/3QP2P/6b1/PPPP2P1/RNB2K1R b - - 3 13,d8d4 f7g6 h7h6 d2d3 d4e3 c1e3 g3f4 e3f4,1019,discoveredattack discoveredcheck mate matein4 opening verylong
e9lDW,2k1r1r1/ppp3P1/8/2b1n3/2p5/3P2q1/PP1B2PP/RN1Q3K w - - 0 20,h2g3 g8h8 g7h8q e8h8 d2h6 h8h6 d1h5 h6h5,1021,mate matein4 middlegame pillsburysmate verylong
e9sLO,1r3rk1/6pp/3N1p2/3N4/8/1P2P2P/3R1PP1/1b4K1 b - - 3 31,b8b3 d5e7 g8h8 d6f7 f8f7 d2d8 f7f8 d8f8,1295,backrankmate clearance endgame mate matein4 sacrifice verylong
eC897,6k1/6p1/b6p/P2Nr3/8/2B5/1P3P1P/R5K1 w - - 3 38,d5c7 e5g5 g1h1 a6b7 c7d5 b7d5 f2f3 d5f3,1148,endgame mate matein4 morphysmate verylong
eDKR4,1r3rk1/pp3ppp/3pb1n1/3N4/4P3/3BK3/PPP3PR/5R2 b - - 4 19,g6e5 d5e7 g8h8 h2h7 h8h7 f1h1 e6h3 h1h3,1248,anastasiamate attraction kingsideattack mate matein4 middlegame sacrifice verylong
eEWL4,2r3k1/3n1p2/3p1Pp1/pr1B2q1/3PQ1R1/7P/P7/R5K1 b - - 7 31,g5d5 g4g6 f7g6 e4g6 g8f8 g6g7 f8e8 g7e7,1230,fork mate matein4 middlegame sacrifice verylong
eEXXM,1r3rk1/RQ4pp/4pq2/8/8/8/2P2PPP/5RK1 w - - 1 21,b7e4 f6f2 f1f2 b8b1 e4e1 b1e1 f2f1 e1f1,1262,endgame mate matein4 sacrifice verylong
eF2T5,r6r/1b1pqkp1/p3p3/1p1nPpNR/8/1P5P/P3QPP1/R5K1 b - - 5 24,f7g8 h5h8 g8h8 e2h5 h8g8 h5h7 g8f8 h7h8,1019,attraction kingsideattack mate matein4 middlegame verylong
eHZeK,4n1r1/1p6/p2P1p1k/1P1QpP1p/P3P2q/3R2p1/6P1/3R2K1 w - - 0 34,d6d7 h4h2 g1f1 h2h1 f1e2 h1g2 e2e1 g2f2,1103,deflection endgame kingsideattack mate matein4 verylong
eIIei,6rk/p3qBpp/3p1b2/2pPpP2/2p5/4P1RQ/Pr5P/6RK b - - 0 31,e7f7 h3h7 h8h7 g3h3 f6h4 h3h4 f7h5 h4h5,1214,attraction kingsideattack mate matein4 middlegame sacrifice verylong
eIXKn,4r1k1/2pQ3p/p1P5/5p2/7R/4q1P1/P6P/6K1 w - - 8 41,g1g2 e3e2 g2g1 e2e1 g1g2 e8e2 g2h3 e1f1,1151,endgame mate matein4 verylong
eJwTZ,3r4/pp3kbp/4p1p1/8/2B1R1P1/8/PPP4P/3K2NR w - - 1 24,d1c1 g7h6 g4g5 h6g5 e4e3 g5e3 c1b1 d8d1,1264,backrankmate endgame mate matein4 verylong
eKlm2,7k/3Q3p/6pP/pp1p2P1/5r2/3N4/PP1K2q1/3R4 w - - 7 34,d2c1 f4c4 c1b1 g2c2 b1a1 c2d1 d3c1 d1c1,1186,endgame fork mate matein4 verylong
eM51u,5rk1/pp3rpp/8/n7/1Q1p1q2/3R2N1/PP4PP/R5K1 w - - 10 26,b4a5 f4f2 g1h1 f2f1 g3f1 f7f1 a1f1 f8f1,1168,backrankmate mate matein4 middlegame sacrifice verylong
eOrca,7k/ppq2prr/2p2Q2/8/3PN3/2P3bP/PP3P2/R4R1K w - - 0 28,e4g3 h7h3 h1g1 h3g3 f2g3 c7g3 g1h1 g3g2,1248,exposedking mate matein4 middlegame verylong
ePwSk,r7/pppR2p1/2n3kp/2b2p2/8/1P5P/PB3PPK/4r3 b - - 1 21,c5f2 d7g7 g6h5 g2g4 f5g4 h3g4 h5h4 b2f6,1057,endgame mate matein4 verylong
eRufJ,5r2/1r3R1k/2pR2pp/p3p3/2P1P3/1PqP2QP/P5PK/8 b - - 0 25,b7f7 g3g6 h7h8 g6h6 h8g8 d6g6 f7g7 h6g7,1076,deflection endgame mate matein4 verylong
eXMnD,8/4kppR/4p3/1q1p4/3P2Q1/2nnP3/5PPP/5RK1 w - - 3 26,g4g7 c3e2 g1h1 d3f2 f1f2 b5b1 f2f1 b1f1,1131,deflection endgame mate matein4 sacrifice verylong
eXWYM,4k3/4P3/4R3/5K1p/p4P1P/6P1/4r3/8 b - - 7 55,e2e6 f5e6 a4a3 f4f5 a3a2 f5f6 a2a1q f6f7,1214,advancedpawn endgame mate matein4 quietmove verylong
eXXX7,4r1k1/pbp2ppp/1p6/8/8/2P5/PP1P1PPP/RNB3K1 w - - 0 19,g1f1 b7a6 c3c4 a6c4 d2d3 c4d3 f1g1 e8e1,1281,backrankmate endgame mate matein4 verylong
eauYG,2k1r3/pppr1p1p/8/3b2B1/6P1/5P2/PPPR3P/2K2R2 w - - 4 21,f1f2 e8e1 d2d1 e1d1 c1d1 d5f3 d1c1 d7d1,1195,attraction discoveredcheck doublecheck endgame mate matein4 operamate queensideattack verylong
ecNoy,5rk1/pp3rp1/2p4p/3pP3/3P1q2/P2Q4/1P2R1PP/4R1K1 w - - 1 26,e2e3 f4f2 g1h1 f2f1 e1f1 f7f1 d3f1 f8f1,1075,backrankmate endgame mate matein4 sacrifice verylong
eeZQ4,r4rk1/p4p2/1p2pK2/4P3/8/3P1N1P/5QP1/q7 b - - 0 36,f8c8 f2g3 g8f8 g3g7 f8e8 g7f7 e8d8 f7e7,1188,attackingf2f7 endgame mate matein4 verylong
egW5T,1r3rRk/p3pP2/2p1b2n/3pP3/8/2NB4/P1P2p2/2K1R3 b - - 2 25,h6g8 e1h1 e6h3 h1h3 g8h6 h3h6 h8g7 h6h7,1221,exposedking master mate matein4 middlegame operamate verylong
egyM6,5rk1/Q4ppp/1p2p3/3qP3/P7/5R1P/r5P1/2R4K b - - 2 31,d5d2 a7f7 f8f7 c1c8 d2d8 c8d8 f7f8 f3f8,1280,endgame mate matein4 sacrifice verylong
eij0o,5rk1/5ppp/1pN5/6n1/4PP2/P5r1/1P2K3/2R4R b - - 2 31,g5e4 c6e7 g8h8 h1h7 h8h7 c1h1 g3h3 h1h3,1276,anastasiamate attraction endgame master mate matein4 sacrifice verylong
ekDJt,5brk/3r2p1/3p1pPp/p1p2P2/1pP1q1PR/1P5R/P3nK1Q/2B5 b - - 3 41,e2c1 h4h6 g7h6 h3h6 f8h6 h2h6 d7h7 h6h7,1112,fork mate matein4 middlegame sacrifice verylong
el8JD,5r1k/1R4pp/p4p2/2p2N2/2n2PPB/7P/P2r4/6K1 b - - 4 29,g7g6 h4f6 f8f6 b7b8 d2d8 b8d8 f6f8 d8f8,1230,endgame mate matein4 sacrifice verylong
em19h,r4rk1/pb1p1ppp/1p6/2N5/3q4/P2B1pP1/1PP4P/R1BQ1RK1 w - - 2 16,g1h1 f3f2 c5b7 d4d5 d3e4 d5e4 d1f3 e4f3,1228,advancedpawn discoveredattack discoveredcheck fork mate matein4 middlegame sacrifice verylong
eqglu,5B2/pR4p1/5pkp/4p3/8/3n4/r4bPP/5R1K b - - 1 36,f2b6 b7g7 g6h5 f1f5 h5h4 g2g3 h4h3 f5h5,1217,endgame mate matein4 verylong
ex2nm,2r2rk1/1p3ppp/p7/3Q4/8/4q3/PPP2RPP/3R2K1 b - - 1 20,c8c2 d5f7 f8f7 d1d8 e3e8 d8e8 f7f8 f2f8,1232,clearance endgame mate matein4 sacrifice verylong
eyuBc,4r2r/R7/1R2N3/8/2P2N2/1P3B1P/K1k3P1/8 w - - 1 42,a7d7 e8a8 f3a8 h8a8 d7a7 a8a7 b6a6 a7a6,1039,mate matein4 middlegame sacrifice verylong
f1p8U,8/7k/3N1Q1p/3qnpp1/2p1p3/4P1PP/2P2PNK/8 w - - 5 39,d6f5 e5f3 h2h1 d5d1 g2e1 d1e1 h1g2 e1g1,1077,endgame mate matein4 verylong
f3rgp,2k4r/1R3p2/p1p1pP2/K1Pp2q1/P2P1pP1/5r2/1R6/8 b - - 0 39,h8d8 b7b8 c8d7 b2b7 d7e8 b7e7 e8f8 b8d8,1110,deflection endgame exposedking master mate matein4 queenrookendgame queensideattack verylong
f6iDf,r6k/4RQpp/p4B2/bb3p2/3q4/1P3P2/P5P1/4R2K b - - 9 34,d4f6 e7e8 b5e8 e1e8 a8e8 f7e8 f6f8 e8f8,1236,mate matein4 middlegame sacrifice verylong
f8ppa,rn3rk1/ppb2ppp/2p5/3p4/1PPPp1P1/P1N1P1q1/B5P1/R1BQ1RK1 w - - 0 16,c1d2 g3h2 g1f2 c7g3 f2e2 h2g2 f1f2 g2f2,1135,deflection kingsideattack mate matein4 opening verylong
fB3AR,5r2/5pk1/4p1pp/4q3/6RP/1rPQ2R1/5PPK/8 b - - 3 32,b3b7 g4g6 f7g6 d3g6 g7h8 g6h6 b7h7 h6f8,1251,deflection endgame fork master mate matein4 sacrifice verylong
fDBPS,4Q3/4b1kp/4p1P1/2qN1p2/8/4PP2/6PK/q7 b - - 0 42,e6d5 e8f7 g7h6 f7h7 h6g5 f3f4 g5f6 h7f7,1225,endgame mate matein4 verylong
fDpSI,rnb3k1/ppb3pp/2p2n2/2Pp4/P2Pp1B1/2N1P1qP/1P1B2P1/R2Q1RK1 w - - 3 22,g4c8 g3h2 g1f2 c7g3 f2e2 h2g2 f1f2 g2f2,1248,deflection kingsideattack mate matein4 middlegame verylong
fDz21,4k3/pbp1BR1p/1p1pp3/2q3Q1/4P1P1/3P4/PP6/1K6 b - - 0 29,e8f7 g5f6 f7e8 f6f8 e8d7 f8d8 d7c6 d8e8,1225,endgame mate matein4 verylong
fGksR,8/8/8/1R6/3N1ppk/r7/5PPK/8 w - - 2 43,b5b8 g4g3 f2g3 f4g3 h2g1 a3a1 b8b1 a1b1,1207,endgame mate matein4 verylong
fJBgu,7K/5k1P/8/2p5/Pp6/8/8/8 w - - 0 64,a4a5 b4b3 a5a6 b3b2 a6a7 b2b1q a7a8q b1b2,1265,advancedpawn endgame mate matein4 pawnendgame promotion verylong
fJTuw,r1bq1r1k/4p2p/2p3p1/pp2P1P1/3P4/1B6/PPP1Q3/R3K2R b KQ - 1 19,a5a4 h1h7 h8h7 e2h2 c8h3 h2h3 h7g7 h3h6,1184,attraction kingsideattack mate matein4 middlegame sacrifice verylong
fL1Bv,1r2qr1k/6p1/pn2pbP1/1p1p1p2/2nP1P2/P1NBP3/1P2K3/2BQ3R b - - 1 29,h8g8 h1h8 g8h8 d1h1 f6h4 h1h4 h8g8 h4h7,1174,attraction kingsideattack mate matein4 middlegame sacrifice verylong
fL8Hf,6k1/2R2p1p/p2p2p1/3P3P/1pPp4/1P1B1P2/P1Q2PK1/r3r3 w - - 1 29,h5h6 e1g1 g2h3 g1h1 h3g4 a1g1 g4f4 h1h4,1161,endgame mate matein4 verylong
fLefl,3rk2r/4bp1p/2Q2n2/p7/8/2N1B3/PPP1KP2/q7 b k - 0 23,e8f8 e3h6 f8g8 c6g2 f6g4 g2g4 e7g5 g4g5,1107,mate matein4 middlegame verylong
fMbyk,5r1k/ppp4p/7Q/2PP2p1/6q1/2N1pN2/PP2B1KP/8 w - - 0 26,g2f1 f8f3 e2f3 g4f3 f1e1 f3f2 e1d1 f2d2,1214,endgame exposedking mate matein4 verylong
fMvJj,r5k1/p3R1pp/2ppn3/8/4P3/q1N5/P1P3PP/5Q1K b - - 0 21,a3c3 f1f7 g8h8 e7e8 a8e8 f7e8 e6f8 e8f8,1297,endgame fork mate matein4 verylong
fPzVX,2r2r2/1b3p1k/4pPp1/p2pP1Qp/1p4P1/7R/PPq4P/4R1K1 b - - 0 29,f8h8 h3h5 h7g8 h5h8 g8h8 g5h6 h8g8 h6g7,1170,attraction mate matein4 middlegame verylong
fS0hF,r2q3k/p1p2Qb1/1p2Rn1r/8/8/3B4/PPP2PPP/4R1K1 b - - 2 24,d8d4 e6e8 f6e8 e1e8 a8e8 f7e8 g7f8 e8f8,1199,exposedking kingsideattack mate matein4 middlegame sacrifice verylong
fSoQG,2k3r1/ppp1Qp1p/3P4/6n1/6P1/6R1/PPPK4/q7 b - - 0 24,c7d6 g3c3 c8b8 e7c7 b8a8 c7c8 g8c8 c3c8,1150,backrankmate endgame mate matein4 sacrifice verylong
fTbrb,6k1/5rpp/1p2b3/1ppp1Nq1/2n3P1/r6P/P1P3B1/QK2R1R1 b - - 5 29,e6f5 e1e8 f7f8 g2d5 f5e6 d5e6 g8h8 e8f8,1207,kingsideattack mate matein4 middlegame verylong
fVB0v,Q7/4kp1p/1p4p1/1q1P4/p3P1P1/R3bB2/6PP/5n1K w - - 0 35,a8a4 f1g3 h2g3 b5f1 h1h2 f1g1 h2h3 g1h1,1254,clearance endgame mate matein4 sacrifice verylong
fYLl0,5rk1/5ppp/4p3/3pP3/3P1Q2/1q6/r5PP/1R3RK1 b - - 3 24,b3c2 f4f7 f8f7 b1b8 c2c8 b8c8 f7f8 f1f8,1148,endgame mate matein4 sacrifice verylong
fYSeA,5rk1/1p1R4/p6r/3p4/1b2p3/3P4/PPP3PP/RNB3K1 w - - 0 22,c1h6 b4c5 d3d4 c5d4 h6e3 d4e3 g1h1 f8f1,1168,backrankmate endgame mate matein4 verylong
fZxeo,6k1/5pp1/4p2p/3p2PP/R4r2/1rP2Q2/1P4RK/4q3 b - - 2 41,f4f3 a4a8 b3b8 a8b8 g8h7 g5g6 f7g6 h5g6,1076,endgame mate matein4 queenrookendgame verylong
fbbIG,5r1k/7p/1p3qp1/1Q6/3p4/3P4/2r2PPP/4RRK1 w - - 5 30,e1e8 f6f2 f1f2 c2c1 e8e1 c1e1 f2f1 e1f1,1275,endgame mate matein4 sacrifice verylong
fbfVc,r6r/p1p2pk1/1p2p3/2n3q1/8/2PB4/P1P1QP1P/3R1R1K w - - 2 19,f1g1 h8h2 h1h2 a8h8 d3h7 h8h7 e2h5 h7h5,1268,attraction kingsideattack mate matein4 middlegame sacrifice verylong
fbqDM,1r3rk1/5ppp/8/p1R5/5Q2/7P/PP2q1P1/5R1K b - - 2 30,b8b2 f4f7 f8f7 c5c8 e2e8 c8e8 f7f8 f1f8,1264,endgame mate matein4 sacrifice verylong
fcurJ,2r2Q1k/7p/p4p2/1p6/2bBP3/6RP/PPP1q3/2KR4 b - - 0 26,c8f8 d4f6 f8f6 d1d8 f6f8 d8f8 c4g8 g3g8,1087,clearance endgame mate matein4 sacrifice verylong
fdAnf,6k1/5pp1/4p2p/Q3P3/2rq4/5B2/P4PPP/2R3K1 w - - 0 26,c1c4 d4a1 c4c1 a1c1 f3d1 c1d1 a5e1 d1e1,1238,endgame mate matein4 verylong
fdv2Z,5rk1/1p3ppp/p3q3/2RPP3/1r3Q2/7P/5RP1/7K b - - 0 33,e6b6 f4f7 f8f7 c5c8 b6d8 c8d8 f7f8 f2f8,1292,endgame mate matein4 sacrifice verylong
fe0tP,5rk1/5ppp/2R5/8/1pq5/5Q1P/1r4P1/5R1K b - - 1 33,c4d4 f3f7 f8f7 c6c8 d4d8 c8d8 f7f8 f1f8,1289,endgame mate matein4 sacrifice verylong
ff3Zo,6k1/1p3pP1/4p2p/p1bpPn1N/5R2/1rr4P/6PK/R7 b - - 7 34,c5d4 h5f6 g8g7 f4g4 g7f8 g4g8 f8e7 g8e8,1188,hookmate mate matein4 middlegame verylong
fiiZw,2kr4/1p3Qbp/p1p4p/8/1P6/P1n2NN1/5PPP/6K1 w - - 1 27,f7g7 d8d1 f3e1 d1e1 g3f1 c3e2 g1h1 e1f1,1143,backrankmate deflection endgame mate matein4 verylong
fk6On,8/3n1pkp/1p1q2p1/p1p3PN/2P5/4PQ2/P2r4/5RK1 b - - 2 31,g6h5 f3f7 g7h8 f7e8 d7f8 f1f8 d6f8 e8f8,1265,endgame mate matein4 verylong
flX7C,4rrk1/1pp2ppp/p7/8/4P3/1Pq4P/2P2QP1/3R1R1K b - - 7 22,e8e4 f2f7 f8f7 d1d8 e4e8 d8e8 f7f8 f1f8,1242,endgame mate matein4 sacrifice verylong
foqRR,6r1/1pqknN2/p6p/3p1b1B/1Pp4P/P1R1PQ2/3P1P2/4K1rR w K - 4 27,h1g1 g8g1 e1e2 f5d3 c3d3 c4d3 e2d3 c7c4,1133,attraction mate matein4 middlegame verylong
fqX4y,8/3Q1ppk/7p/3PP3/6P1/5qBK/7P/8 w - - 0 40,e5e6 f3f1 h3h4 g7g5 h4h5 f1h3 g3h4 h3h4,1271,endgame mate matein4 verylong
fsEiE,kb1RnR2/1p6/p1p1p1q1/P3P3/1P6/1KB5/8/8 b - - 5 40,e8c7 d8b8 a8a7 c3d4 c6c5 d4c5 b7b6 a5b6,1297,endgame mate matein4 verylong
fseNb,3k4/2p2R2/1n2p3/1B1p4/Pr1Pb3/2r4P/2P3PK/5R2 b - - 3 29,c3c2 f7f8 d8e7 f1f7 e7d6 f8d8 b6d7 f7d7,1248,mate matein4 middlegame operamate verylong
fsyaQ,4rk2/pQp3pp/4b3/5p2/2q5/8/PP3PPP/1B3RK1 w - - 1 22,b7a7 c4f1 g1f1 e6c4 b1d3 c4d3 f1g1 e8e1,1121,attraction backrankmate endgame mate matein4 sacrifice verylong
fvKoN,5rk1/p4p1p/1b6/6R1/5B1q/1N5P/P5P1/4R2K b - - 0 29,g8h8 f4e5 f7f6 e5f6 f8f6 e1e8 f6f8 e8f8,1049,clearance mate matein4 middlegame sacrifice verylong
fvWUp,5r1k/1R6/7p/2pB2p1/2Pq4/3P1pPb/4rP1P/2R2QK1 w - - 5 32,f1h3 d4f2 g1h1 e2e1 c1e1 f2e1 h3f1 e1f1,1300,mate matein4 middlegame verylong
fwHs2,4k3/pp3ppp/3P4/2p3q1/5n2/N1Q2BPb/PPP2P1P/6K1 w - - 0 19,c3a5 f4e2 f3e2 g5c1 e2d1 c1d1 a5e1 d1e1,1002,clearance endgame kingsideattack mate matein4 sacrifice verylong
fx1ua,4r1k1/1b3ppp/8/p7/8/P7/1PP2PPP/R1B2K1R w - - 0 19,b2b4 b7a6 b4b5 a6b5 c2c4 b5c4 f1g1 e8e1,1143,backrankmate endgame mate matein4 verylong
fyHLR,8/pp3rkp/5p2/3Qp1rq/P3P1p1/R4bP1/1PP2P1P/4RBK1 w - - 7 31,a4a5 h5h2 g1h2 g5h5 f1h3 h5h3 h2g1 h3h1,1119,attraction kingsideattack mate matein4 middlegame operamate sacrifice verylong
fyeyl,1Q4k1/p4r1p/3p2p1/2p2nP1/8/2P5/qP6/2KR3R b - - 2 29,g8g7 h1h7 g7h7 d1h1 f5h4 h1h4 h7g7 b8h8,1278,attraction endgame mate matein4 sacrifice verylong
fzJvZ,rn2r1k1/1p3p2/p1p4R/6bP/2P3Q1/1P6/P3N1PK/2q5 b - - 1 24,e8e2 g4c8 g5d8 c8d8 e2e8 d8e8 g8g7 e8h8,1249,mate matein4 middlegame trianglemate verylong
g1C9L,8/5PP1/8/8/8/1p6/1K1k4/r7 w - - 0 64,b2a1 d2c2 f7f8q b3b2 a1a2 b2b1q a2a3 b1b3,1280,advancedpawn endgame exposedking mate matein4 pawnendgame promotion verylong
g1ZxQ,2kr4/pp3RQ1/2p1p3/P5bp/4P1n1/6P1/1P4P1/3q2BK b - - 1 31,g5e3 f7c7 c8b8 c7b7 b8a8 b7a7 e3a7 g7a7,1196,mate matein4 middlegame queensideattack verylong
g1xcP,6bk/1pp3pp/p6r/2QPn2q/1P2pP1r/P7/1B3PB1/2R1RK2 w - - 0 29,b2e5 h4h1 g2h1 h5h1 f1e2 h1f3 e2d2 f3d3,1131,master mate matein4 middlegame sacrifice swallowstailmate verylong
g2HBU,5rk1/1p5p/1pp1n2r/3pPp2/3P1p1q/2P2PpP/PP1QN1BK/4R1R1 w - - 0 32,h2h1 h4h3 g2h3 h6h3 h1g2 h3h2 g2f1 h2f2,1121,epaulettemate exposedking kingsideattack mate matein4 middlegame sacrifice verylong
g3Gq3,r4rk1/ppp2ppp/3b4/8/1P1Np1n1/P1N1P1qP/1B1P2P1/R2Q1RK1 w - - 1 16,h3g4 g3h2 g1f2 d6g3 f2e2 h2g2 f1f2 g2f2,1217,deflection kingsideattack mate matein4 middlegame verylong
g5DQh,1r4rk/p2R1q1p/5p1B/4p3/Q3P1p1/7P/P5PK/8 w - - 0 34,d7f7 g4g3 h2g1 b8b1 h6c1 b1c1 a4d1 c1d1,1078,endgame mate matein4 verylong
g66jy,rn3rk1/pb2B1pp/1p6/2ppNq2/8/6Pn/PPPQN1BP/R3R1K1 w - - 2 18,g2h3 f5f2 g1h1 d5d4 e5c6 b7c6 h3g2 c6g2,1237,discoveredattack discoveredcheck kingsideattack mate matein4 middlegame verylong
g6Ke2,rb2k1nr/1p4pp/p2qbp2/3p4/2Pp4/NB1P4/PP1B1PPP/R2QR1K1 w kq - 0 15,c4d5 d6h2 g1f1 h2h1 f1e2 e6g4 f2f3 h1g2,1146,kingsideattack mate matein4 opening verylong
g6RkB,8/8/8/4P1p1/7P/8/p1K5/k7 b - - 0 52,g5h4 e5e6 h4h3 e6e7 h3h2 e7e8q h2h1q e8e5,1199,advancedpawn endgame mate matein4 pawnendgame promotion verylong
g6ukG,3r2k1/5ppp/p5q1/1p2R3/1B2p3/P3P1P1/1PQ2PP1/6K1 w - - 1 31,c2c7 d8d1 b4e1 d1e1 g1h2 g6h6 e5h5 h6h5,1124,endgame mate matein4 verylong
gCRe5,8/1p3Bbk/p1p3pp/5b2/3Bn2q/1QP1PP1P/PP1r2P1/5RK1 b - - 0 25,e4g3 f7g8 h7h8 d4g7 h8g7 b3f7 g7h8 f7h7,1225,attraction mate matein4 middlegame verylong
gDAis,r4b1k/5Qnp/2pq1ppB/1p6/3P2P1/p7/P2N1P1P/4R1K1 b - - 0 28,d6d4 h6g7 f8g7 e1e8 a8e8 f7e8 g7f8 e8f8,1252,kingsideattack mate matein4 middlegame verylong
gEWBa,5k2/5P2/5K1p/1p6/8/4P3/8/8 b - - 2 56,b5b4 e3e4 b4b3 e4e5 b3b2 e5e6 h6h5 e6e7,1254,advancedpawn endgame mate matein4 pawnendgame quietmove verylong
gEec4,6rk/pp4pp/8/4Q3/8/P3p2b/KPPn1q2/3R2R1 b - - 5 27,d2c4 e5g7 g8g7 d1d8 f2f8 d8f8 g7g8 g1g8,1247,mate matein4 middlegame sacrifice verylong
gEyqC,2r4k/p1r3pp/3Q4/4N3/3P1p2/1P3Pqb/P3R1P1/4R1K1 b - - 0 30,h3g2 e5f7 c7f7 e2e8 c8e8 e1e8 f7f8 e8f8,1073,backrankmate clearance mate matein4 middlegame sacrifice verylong
gH2sK,8/8/8/3B1pp1/2P2k1p/3R1P2/2r3K1/8 w - - 5 45,g2h3 g5g4 f3g4 f5g4 h3h4 c2h2 d3h3 h2h3,1116,endgame exposedking mate matein4 verylong
gH61E,2r1k3/1p3ppp/p2Q4/4p3/2N1P1n1/3P1NPq/PP2R2P/6K1 w - - 4 22,c4e5 c8c1 e2e1 c1e1 f3e1 h3h2 g1f1 h2f2,1296,kingsideattack mate matein4 middlegame verylong
gHGvQ,6k1/pN2R3/6p1/3P4/2Pr2r1/1P1n4/7P/1R5K w - - 1 36,b1f1 d3f2 f1f2 d4d1 e7e1 d1e1 f2f1 e1f1,1027,clearance endgame mate matein4 sacrifice verylong
gIB27,1r6/1b2q1kR/p2p4/2pBrp2/2P2N2/5QP1/PP2PP2/2K5 b - - 0 31,g7h7 f3h5 h7g7 h5g6 g7h8 g6h6 e7h7 f4g6,1239,exposedking mate matein4 middlegame verylong
gJsel,rnbq1rk1/1pp1b1p1/4p1P1/5p2/p7/2NP1NP1/PPP1B3/1K1Q3R b - - 0 16,f8f6 h1h8 g8h8 d1h1 h8g8 h1h7 g8f8 h7h8,1134,attraction kingsideattack mate matein4 middlegame sacrifice verylong
gPggQ,3Q4/k7/2b2Pp1/2pPp3/1p2P2P/1P1P2P1/q1r3BK/8 w - - 0 42,d5c6 c2g2 h2h3 g2h2 h3g4 a2e2 g4g5 e2h5,1212,endgame mate matein4 verylong
gQE58,r2q1rkR/1b2b1n1/pnp1p1Q1/1p1p2P1/3P1P2/2P1P3/PP1N3P/R1B3K1 b - - 2 20,g8h8 g6h6 h8g8 g5g6 f8f6 h6h7 g8f8 h7h8,1194,exposedking kingsideattack mate matein4 middlegame verylong
gQRX2,r4r1k/1q2b1p1/p1n3Q1/3p2P1/1p1PBB2/2P4P/PP3P2/R4RK1 b - - 0 24,d5e4 g6h5 h8g8 g5g6 f8f4 h5h7 g8f8 h7h8,1264,kingsideattack mate matein4 middlegame sacrifice verylong
gQuoq,2r3k1/5p2/p3pPp1/1p1p4/3P4/5q2/6RK/6Q1 b - - 5 42,c8c3 g2g6 f7g6 g1g6 g8f8 g6g7 f8e8 g7e7,1234,endgame mate matein4 sacrifice verylong
gRPPG,1r2b2k/p1R3bp/1p2Q1p1/4p3/4p3/8/PPP3PP/4qBK1 b - - 5 24,e8b5 c7c8 b8c8 e6c8 b5e8 c8e8 g7f8 e8f8,1160,kingsideattack mate matein4 middlegame verylong
gRrR5,3r1rk1/p6p/5qpQ/6p1/2p1p3/8/P1P2PPP/4RRK1 w - - 0 27,e1e4 f6f2 f1f2 d8d1 e4e1 d1e1 f2f1 e1f1,1292,endgame mate matein4 sacrifice verylong
gScVa,5r2/ppp3kp/4Q1p1/4Nr2/8/2P5/P1q2PPP/R4RK1 w - - 11 28,f1d1 c2f2 g1h1 f2f1 d1f1 f5f1 a1f1 f8f1,1033,backrankmate mate matein4 middlegame sacrifice verylong
gSsN6,8/R4pp1/p1r1p1kp/1p6/4N1PP/r7/4PPK1/8 b - - 0 33,f7f5 h4h5 g6h7 e4f6 h7h8 a7a8 c6c8 a8c8,1262,endgame mate matein4 pin verylong
gYaKy,5rnk/3p1rp1/pp1P1pQB/7R/1pR5/3P4/1q4PP/7K b - - 0 32,g7h6 h5h6 g8h6 g6h6 h8g8 c4g4 f7g7 h6g7,1187,exposedking mate matein4 middlegame verylong
gZnzw,3r4/R6p/3r1p1k/pp3K2/5PP1/1Bb5/P1P5/8 b - - 1 34,b5b4 g4g5 f6g5 f4g5 h6h5 a7h7 d6h6 h7h6,1168,endgame exposedking mate matein4 verylong
gbQtQ,6k1/3QR1bp/3p1qp1/p1p5/8/PP6/2P2rPP/5RK1 w - - 0 28,f1f2 f6a1 f2f1 g7d4 e7e3 d4e3 g1h1 a1f1,1119,clearance endgame mate matein4 verylong
gbZa2,r7/3b1p1k/4pPp1/n2pP1Q1/2pP2P1/q1P2R2/7P/5NK1 b - - 1 26,a8h8 f3h3 h7g8 h3h8 g8h8 g5h6 h8g8 h6g7,1247,attraction mate matein4 middlegame verylong
ge2dx,k2r4/p4Q2/Pp2p3/2b2p2/5P1R/3qp2P/6PK/8 b - - 1 49,d3d7 f7d7 d8d7 h4h8 c5f8 h8f8 d7d8 f8d8,1132,endgame mate matein4 verylong
gfvGu,k7/2R2p2/r3p3/p2p3p/3n1N1P/3PPr2/P7/1KR5 w - - 0 36,c7f7 a6b6 b1a1 d4c2 c1c2 f3f1 c2c1 f1c1,1282,endgame master mate matein4 sacrifice supergm verylong
ghanA,5rk1/ppp2r2/8/2qP3p/2P1R1p1/8/PP3PPP/R2Q2K1 w - - 0 24,e4e5 c5f2 g1h1 f2f1 d1f1 f7f1 a1f1 f8f1,1061,backrankmate endgame mate matein4 verylong
giSd3,6rk/4RQbp/6p1/1pP5/3q1N2/8/PP3nPP/5RK1 w - - 0 28,f1f2 d4d1 f2f1 g7d4 e7e3 d4e3 g1h1 d1f1,1003,clearance mate matein4 middlegame verylong
ginlN,1k1r2r1/4RQ1p/pp3p2/2pq1P2/P7/8/6PP/6RK w - - 6 28,f7f6 d5g2 g1g2 d8d1 e7e1 d1e1 g2g1 e1g1,1221,clearance endgame mate matein4 sacrifice verylong
gjZSj,r5r1/1b6/pp2p2k/2p3B1/P2n1P2/3P2QP/2q5/5K2 b - - 1 40,h6h7 g3h4 h7g6 h4h6 g6f7 h6f6 f7e8 f6e7,1114,exposedking mate matein4 middlegame verylong
gjzgw,8/R4pp1/4p1kp/8/4N1PP/1P2PK2/1rr5/8 b - - 0 30,f7f5 h4h5 g6h7 e4f6 h7h8 a7a8 c2c8 a8c8,1224,endgame mate matein4 pin verylong
gltkw,2r2rk1/1p3ppp/p7/3R1Q2/8/4q3/PP4PP/5R1K b - - 5 26,c8c1 f5f7 f8f7 d5d8 e3e8 d8e8 f7f8 e8f8,1300,endgame mate matein4 sacrifice verylong
gmItn,2rr2k1/4Rppp/p5n1/6N1/4Q3/6P1/PP3P1P/3q1BK1 b - - 4 23,c8c1 e7e8 d8e8 e4e8 g6f8 e8f7 g8h8 f7f8,1193,deflection mate matein4 middlegame verylong
gnJgN,8/8/p1r5/4R3/PP3kpp/8/5PP1/6K1 w - - 0 43,e5h5 c6c1 g1h2 g4g3 f2g3 h4g3 h2h3 c1h1,1242,endgame mate matein4 rookendgame verylong
gnzmB,6k1/3Nnppp/b3q3/p1pp4/P2P4/1BP1P3/1PQ3PP/6K1 w - - 2 30,d7c5 e6e3 c2f2 e3c1 b3d1 c1d1 f2e1 d1e1,1198,endgame kingsideattack mate matein4 verylong
gqihg,rnbk3r/p1pp1Qpp/1p1b4/8/3P4/8/PPP2PPq/RNB1RK2 b - - 0 12,c8b7 c1g5 d6e7 f7e7 d8c8 e7e8 h8e8 e1e8,1279,backrankmate mate matein4 opening verylong
gsAEV,2rr2k1/pb3ppp/1pq1pN2/2p1P1P1/3P2Q1/2P1P3/PP5P/R4RK1 b - - 2 18,g7f6 g5f6 g8f8 g4g7 f8e8 g7g8 e8d7 g8f7,1134,deflection discoveredattack discoveredcheck kingsideattack mate matein4 middlegame verylong
gszlJ,5r1k/4r1p1/1q2ppQp/3p4/1p1P4/2P1R2R/1P3PPP/6K1 b - - 1 30,b4c3 h3h6 g7h6 g6h6 h8g8 e3g3 e7g7 h6g7,1215,endgame fork mate matein4 sacrifice verylong
gt0Gk,6k1/5pp1/P1R1p3/r5PP/8/3PK1R1/r7/8 b - - 0 43,a5a6 c6c8 g8h7 g5g6 f7g6 h5g6 h7h6 c8h8,1282,endgame mate matein4 rookendgame verylong
gtTBJ,3k1r2/n1p2r2/pp1p3p/3P1qp1/Q1P1R3/8/PP1B2PP/4R1K1 w - - 2 24,a4d1 f5f2 g1h1 f2f1 e1f1 f7f1 d1f1 f8f1,1098,backrankmate fork mate matein4 middlegame sacrifice verylong
guPTP,1r3rk1/4p2R/3p1Bp1/3Pn3/q3P1P1/P4P2/1pP1Q3/1K1R2N1 b - - 0 25,g8h7 e2h2 h7g8 h2h8 g8f7 h8g7 f7e8 g7e7,1170,mate matein4 middlegame verylong
gwvxT,5rk1/P5pp/1Q6/2p1pr2/P2q4/8/5PPP/R4RK1 w - - 1 27,f1d1 d4f2 g1h1 f2f1 d1f1 f5f1 a1f1 f8f1,1055,backrankmate endgame mate matein4 sacrifice verylong
gyEx4,4r2k/pp1R3p/6p1/4rp2/7q/1QP4P/PP3PP1/3R2K1 w - - 3 26,b3f7 e5e1 d1e1 e8e1 g1h2 h4f4 g2g3 f4f2,1122,endgame mate matein4 verylong
gyJKs,K7/P1k5/8/5p2/6pP/8/8/8 w - - 0 75,h4h5 g4g3 h5h6 g3g2 h6h7 g2g1q h7h8q g1g2,1228,advancedpawn endgame mate matein4 pawnendgame promotion verylong
gyuwt,R2r2k1/3r1ppp/4p3/1pp1q3/8/1PP2QP1/7P/5RK1 b - - 5 26,e5d5 a8d8 d7d8 f3f7 g8h8 f7f8 d8f8 f1f8,1298,backrankmate endgame master mate matein4 sacrifice verylong
h0JsU,6r1/R5b1/6p1/4p1k1/1P2Q1p1/4R1P1/5PBK/2q5 w - - 2 35,a7g7 g8h8 g7h7 h8h7 g2h3 h7h3 h2g2 c1h1,1180,endgame master mate matein4 trianglemate verylong
h1LYA,1k2r3/pp6/8/8/2qn1N2/2P3PQ/PP3K1P/R7 w - - 0 35,h3d7 e8e2 f4e2 c4e2 f2g1 d4f3 g1h1 e2h2,1270,endgame mate matein4 sacrifice verylong
h3XYC,6Q1/p1p2n2/kpbp1q2/4nP1p/8/2P3P1/7P/R4RK1 b - - 1 31,a6b7 a1a7 b7a7 f1a1 c6a4 a1a4 a7b7 g8a8,1178,attraction mate matein4 middlegame sacrifice verylong
h4Q3L,5nk1/1r5p/6p1/5pP1/1p1r1P2/R7/1PR3Q1/K7 w - - 0 44,a3a8 d4d1 c2c1 d1c1 a1a2 b4b3 a2a3 c1a1,1152,endgame mate matein4 verylong
h9Bsn,5rk1/4qppp/6r1/2p5/p2pP1P1/P2P1Q2/2P2RP1/1R3K2 b - - 0 33,e7g5 f3f7 f8f7 b1b8 g5d8 b8d8 f7f8 f2f8,1268,endgame kingsideattack mate matein4 sacrifice verylong
h9g5H,3r2k1/pq3pp1/1p5p/8/1P3Q2/8/3r2PP/4RR1K b - - 1 35,d8d4 e1e8 g8h7 f4f5 g7g6 f5f7 b7f7 f1f7,1218,endgame mate matein4 verylong
hAyL4,5rk1/2Q3pp/2p2q2/8/8/8/rP3PPP/3R1RK1 w - - 0 29,d1d6 f6f2 f1f2 a2a1 d6d1 a1d1 f2f1 d1f1,1273,endgame mate matein4 sacrifice verylong
hBOkM,1kr5/8/1p4Q1/pN2P3/1K6/1P2P1P1/P4PP1/q7 w - - 0 31,b4a3 a1c1 a3a4 c8c4 b3c4 c1c4 a4a3 c4b4,1283,endgame mate matein4 sacrifice verylong
hBgLW,r1b2Rkr/ppp1p3/1n1pP1p1/1q1P2B1/8/2P5/PP3KPb/RN1Q4 b - - 15 23,g8f8 d1f3 h2f4 f3f4 f8e8 f4f7 e8d8 f7e7,1215,mate matein4 middlegame verylong
hCRiz,r1b2rk1/ppp2pp1/4p2P/6N1/8/q1Q5/2P2P2/1K1R3R b - - 0 23,a3c3 h6h7 g8h8 g5f7 f8f7 d1d8 f7f8 d8f8,1079,advancedpawn deflection mate matein4 middlegame sacrifice verylong
hDH6y,R7/2pr1p1k/5Kp1/5P1p/2P1B3/pb2b3/7P/8 b - - 3 36,b3c4 f5g6 f7g6 e4g6 h7h6 a8h8 d7h7 h8h7,1110,endgame mate matein4 operamate verylong
hDY48,N1rk4/pQ1b1p1p/3p4/1Bb2q2/5p2/5PB1/PPP3PP/2KRR3 w - - 1 23,d1d5 c5e3 c1b1 f5c2 b1a1 c2c1 e1c1 c8c1,1165,backrankmate mate matein4 middlegame sacrifice verylong
hDaCl,k6r/1p6/p7/2Q1P3/3Pq3/2R2NPr/1P3PKP/2R5 w - - 3 35,c5d6 h3h2 g2f1 h2h1 f3g1 h1g1 f1g1 e4h1,1250,attraction mate matein4 middlegame pin verylong
hFoSY,3r2k1/1p3p1p/p1b3r1/4P2R/8/P1B5/1P4PP/4R2K w - - 1 35,e1g1 c6g2 g1g2 d8d1 c3e1 d1e1 g2g1 g6g1,1259,endgame mate matein4 sacrifice verylong
hGgEA,8/4r1pk/2R4p/2pp1q1P/3p4/5PQ1/2P3P1/6K1 b - - 0 35,f5c2 g3g6 c2g6 h5g6 h7h8 c6c8 e7e8 c8e8,1231,endgame mate matein4 verylong
hGmhE,r2k4/p1p2pp1/2p5/3P4/6bq/2NBPQp1/PPP3P1/R2R2K1 w - - 2 19,f3g4 h4h2 g1f1 h2h1 f1e2 h1g2 e2e1 g2f2,1158,deflection kingsideattack mate matein4 middlegame verylong
hHilV,3rkb1r/2p2ppp/p1b5/1p2p3/8/5N2/PPP2RPP/RNB3K1 w k - 0 13,f3e5 d8d1 f2f1 f8c5 c1e3 c5e3 g1h1 d1f1,1164,fork mate matein4 middlegame verylong
hI60w,r1b1k2r/4Nppp/p1qp4/1p6/8/P3B3/1PP1QPPP/R3K2R b KQkq - 0 14,e8e7 e3g5 e7f8 e2e7 f8g8 e7d8 c6e8 d8e8,1271,discoveredcheck doublecheck mate matein4 middlegame verylong
hJJyA,r6k/4Np1p/p5p1/3p4/8/1Pn5/P4PPP/2B4K b - - 0 25,c3a2 c1b2 a2c3 b2c3 d5d4 c3d4 f7f6 d4f6,1241,endgame mate matein4 verylong
hKMnW,6rk/3q1p1p/p2p1Pp1/2pNn3/1p2P3/3P4/PPP5/2K1R2R b - - 9 43,e5f3 h1h7 h8h7 e1h1 f3h2 h1h2 d7h3 h2h3,1064,attraction endgame kingsideattack mate matein4 sacrifice verylong
hL5Xf,2r5/5ppp/R4k2/1r2p3/8/1P3K2/P2R2PP/8 b - - 4 34,f6f5 g2g4 f5g5 h2h4 g5h4 d2h2 h4g5 h2h5,1217,attraction endgame mate matein4 rookendgame verylong
hLF0W,8/ppQ2pk1/5bpp/6q1/8/1P2r1PP/P5BK/5R2 b - - 3 34,f6e5 c7f7 g7h8 f7f8 h8h7 f1f7 e5g7 f8g7,1248,endgame mate matein4 verylong
hMeHQ,3b3r/4k1p1/2B4p/p3pn2/8/3P3P/PPP3PN/R1B4K w - - 1 23,c1d2 f5g3 h1g1 d8b6 d3d4 b6d4 d2e3 d4e3,1203,mate matein4 middlegame verylong
hQs9H,2k5/ppp4Q/2n5/3p4/3q4/P3R2b/1P4r1/4R2K b - - 1 28,d4g4 e3e8 c6d8 e8d8 c8d8 h7e7 d8c8 e7e8,1258,attraction mate matein4 middlegame sacrifice verylong
hUDEy,r4qk1/pbp1b2p/2p3P1/3pp2n/8/1PNB4/PBP3PP/R2Q1K2 w - - 1 17,f1g1 e7c5 g1h1 h5g3 h2g3 f8h6 d1h5 h6h5,1118,kingsideattack mate matein4 middlegame sacrifice verylong
hWFRg,r1b2r1k/pp5p/8/q2B2B1/8/3P2Q1/PP3PPP/nN1KR3 b - - 0 19,a5d5 g5f6 f8f6 e1e8 f6f8 e8f8 d5g8 f8g8,1144,kingsideattack mate matein4 middlegame sacrifice verylong
hZ12J,3r2k1/7R/5bp1/8/8/3B1P2/PPP2BPP/2K5 w - - 2 31,d3g6 f6g5 f3f4 g5f4 f2e3 f4e3 c1b1 d8d1,1184,backrankmate endgame mate matein4 verylong
hZAIL,3r2k1/5pp1/2p1p3/p1q1P2Q/5P2/P5Pp/7P/2B2RK1 w - - 0 30,g1h1 c5d5 h5f3 d5f3 f1f3 d8d1 f3f1 d1f1,1223,clearance endgame fork mate matein4 verylong
hcjjG,r2q3k/1p1b2p1/7p/pP2QnP1/P7/1BpP4/5r2/2KR4 b - - 0 32,h6g5 d1h1 f2h2 h1h2 f5h4 h2h4 g5h4 e5h5,1178,mate matein4 middlegame verylong
hd4UL,3r4/8/1p1r4/4Rpp1/PR6/1PP2P2/2K3k1/8 w - - 0 38,e5f5 d6d2 c2b1 d2d1 b1a2 d8d2 a2a3 d1a1,1019,endgame mate matein4 rookendgame verylong
hhtwF,8/4kp1p/p3p1p1/8/P1R2PP1/2R1PK2/2Pr2P1/r7 w - - 1 30,g2g3 a1f1 f3e4 f7f5 g4f5 g6f5 e4e5 d2d5,1243,endgame mate matein4 rookendgame verylong
hi7A4,6k1/1pp3pp/2n3b1/p7/7P/2P3N1/2q3P1/2B1Q1K1 b - - 0 26,a5a4 e1e6 g6f7 e6c8 c6d8 c8d8 f7e8 d8e8,1249,endgame mate matein4 verylong
hjrjd,8/pR3Rkp/1p3p2/4p3/4P3/r1r5/2P1K3/8 b - - 0 34,g7g6 f7g7 g6h6 g7h7 h6g5 b7g7 g5f4 h7h4,1064,endgame mate matein4 rookendgame verylong
hmNOF,1Q6/7p/1p3qk1/8/6P1/3R1p1P/5P1K/5r2 w - - 3 43,h2g3 f1g1 g3h2 g1g2 h2h1 f6a1 d3d1 a1d1,1297,endgame mate matein4 verylong
hpRP2,r6k/3qr1p1/p1p3P1/1p1p1p2/8/P1N2P2/1PP5/2KQ3R b - - 1 29,h8g8 h1h8 g8h8 d1h1 h8g8 h1h7 g8f8 h7h8,1277,attraction endgame mate matein4 sacrifice verylong
hqdQ8,5r1k/4R2p/p7/1ppr4/5b2/2P1Nb2/PPB1p2P/1K2R3 b - - 6 30,d5d2 e7h7 h8g8 e1g1 f3g2 g1g2 f4g3 g2g3,1172,mate matein4 middlegame verylong
hqo2v,2k2r1r/bpp5/p2p1N2/3Pp3/1PP2p2/3Q3R/P5q1/R1BK4 b - - 0 28,h8h3 d3f5 c8b8 f6d7 b8a8 f5f8 a7b8 f8b8,1240,discoveredattack fork mate matein4 middlegame verylong
hr04K,6k1/1p3ppp/2b1p3/8/8/5PP1/q2rPbBP/R2R3K b - - 1 26,a2d5 a1a8 d5d8 a8d8 d2d8 d1d8 c6e8 d8e8,1127,backrankmate mate matein4 middlegame verylong xrayattack
hsNuL,5rk1/pp3pp1/1n1N3p/2pP3n/2Pq1b2/3B1PBP/PPQ2P1K/4R3 b - - 0 22,h5g3 d3h7 g8h8 d6f7 f8f7 e1e8 f7f8 e8f8,1228,deflection kingsideattack mate matein4 middlegame sacrifice verylong
htSaZ,2b1R2k/1p4bp/1p3rp1/8/5B2/3P2PP/2r3B1/5RK1 b - - 1 23,f6f8 e8f8 g7f8 f4e5 h8g8 g2d5 c8e6 d5e6,1284,mate matein4 middlegame morphysmate verylong
hvc0s,r3k2r/5ppp/p1p5/q7/4P1Q1/2PBp3/P1P4P/2KR3R w kq - 1 18,g4g7 a5a3 c1b1 a8b8 d3b5 b8b5 b1a1 a3b2,1283,mate matein4 middlegame queensideattack verylong
hxAZw,6k1/4r1pn/4p1Q1/4Pn1P/p1r1B3/3R4/2q2P2/3R2K1 b - - 0 42,c4e4 d3d8 h7f8 d8f8 g8f8 d1d8 e7e8 d8e8,1054,attraction killboxmate mate matein4 middlegame sacrifice verylong
hxuh1,2kr4/ppp5/3r1q1p/5p2/2B2Pp1/4P1P1/PPQ3P1/K1R5 b - - 0 28,d6d2 c4e6 c8b8 c2c7 b8a8 c7c8 d8c8 c1c8,1154,backrankmate discoveredattack endgame mate matein4 sacrifice verylong
hyOEe,1r3rk1/1R2nQpp/p6B/b2pP3/8/8/q5PP/5RK1 b - - 0 26,f8f7 b7b8 e7c8 b8c8 a5d8 c8d8 f7f8 f1f8,1010,hangingpiece mate matein4 middlegame verylong
hyT58,1Qbq2k1/p4pp1/2p4p/n7/4r3/3P4/PPP2bPP/RNB2RK1 w - - 0 16,f1f2 e4e1 f2f1 d8d4 c1e3 d4e3 g1h1 e1f1,1270,backrankmate deflection fork mate matein4 middlegame verylong
hz854,8/R5p1/p1r1p1kp/2p1p3/3pN1PP/3P4/n3PPK1/8 b - - 0 38,a2b4 h4h5 g6h7 e4f6 h7h8 a7a8 c6c8 a8c8,1213,endgame mate matein4 pin verylong
i0URI,r1b2rk1/ppq2p2/2pb2pP/2n1BnP1/4BPQ1/1P6/P1PP4/RN2K1N1 b Q - 0 22,c5e4 h6h7 g8h7 g4h3 f5h4 h3h4 h7g8 h4h8,1289,advancedpawn attraction kingsideattack mate matein4 middlegame verylong
i1WAR,6k1/5R2/6p1/1p5p/1P6/P4R1K/3rrP2/8 b - - 0 44,d2a2 f7f8 g8h7 f3f7 h7h6 f8h8 h6g5 f2f4,1118,endgame exposedking mate matein4 rookendgame verylong
i2Z5k,8/6p1/p6p/2Qp1k2/P3pP2/3qP1PK/7P/8 w - - 0 39,c5c6 d3f1 h3h4 g7g5 f4g5 h6g5 h4h5 f1h3,1005,endgame mate matein4 queenendgame verylong
i2abh,3Q4/7p/bB6/P1P3p1/6r1/7k/1P6/R3R1K1 w - - 1 43,g1h1 a6b7 c5c6 b7c6 d8d5 c6d5 e1e4 d5e4,1022,endgame exposedking mate matein4 morphysmate verylong
i4AUZ,r1b2k2/p1p2ppp/2p5/1B1p4/8/4RP2/PBP3PP/6K1 b - - 0 19,c6b5 b2a3 b5b4 a3b4 c7c5 b4c5 f8g8 e3e8,1181,backrankmate endgame mate matein4 verylong
i5bR6,2R5/1p6/1k1p4/2PB2p1/3bPq2/P4P1r/7P/5R1K b - - 0 34,d6c5 f1b1 d4b2 b1b2 b6a7 b2b7 a7a6 c8a8,1225,endgame mate matein4 verylong
i6uw1,8/1p2k2p/1q4p1/p4pN1/2Q1p3/PP1nPP1P/6P1/5K2 b - - 5 34,b6e3 c4e6 e7d8 g5f7 d8c7 e6d6 c7c8 d6d8,1292,endgame exposedking mate matein4 verylong
i8nDX,4rk2/1Q4Rp/6p1/p2prq2/8/P6P/2P2PP1/2R3K1 w - - 3 32,g7h7 e5e1 c1e1 e8e1 g1h2 f5f4 g2g3 f4f2,1230,endgame mate matein4 verylong
i9axr,r4k2/2p2ppp/p1bp4/1p3qb1/5N2/PP2QP1P/4R1P1/4R1K1 b - - 4 24,g5f4 e3e7 f8g8 e7e8 c6e8 e2e8 a8e8 e1e8,1225,backrankmate mate matein4 middlegame sacrifice verylong
iBnjo,4r1k1/Rb5p/4rppq/1p1p1p2/2pP4/2P2QR1/1P1N1PPP/6K1 w - - 0 33,a7b7 e6e1 d2f1 e1f1 g1f1 h6c1 f3d1 c1d1,1268,attraction kingsideattack mate matein4 middlegame sacrifice verylong
iCjh9,r5k1/1r3ppp/5n2/p1Q5/4q1b1/P7/5PPP/2R1R1K1 b - - 1 29,a8c8 c5c8 g4c8 c1c8 f6e8 c8e8 e4e8 e1e8,1241,backrankmate fork mate matein4 middlegame verylong xrayattack
iD9Vq,r6k/pp3Bpp/6n1/6B1/3r2b1/P5P1/5KP1/R6R b - - 1 24,g6e5 h1h7 h8h7 a1h1 g4h3 h1h3 d4h4 h3h4,1178,attraction mate matein4 middlegame pillsburysmate sacrifice verylong
iE1wc,5rk1/2p2ppp/8/p3q3/P7/2P2QP1/1r2PRKP/3R4 b - - 1 22,b2c2 f3f7 f8f7 d1d8 e5e8 d8e8 f7f8 f2f8,1094,endgame master mate matein4 sacrifice verylong
iE9D5,5rk1/2p1Q3/2p2qp1/p7/Pr6/4R3/2P2PPP/5RK1 w - - 4 24,e7c7 f6f2 f1f2 b4b1 e3e1 b1e1 f2f1 e1f1,1270,endgame mate matein4 sacrifice verylong
iEDr5,3r3k/p3q1p1/5p1p/2p5/2Q5/P1B5/1P2nPPP/4R2K w - - 0 29,e1e2 d8d1 c3e1 d1e1 e2e1 e7e1 c4f1 e1f1,1030,endgame mate matein4 verylong xrayattack
iENSH,r3Rn1k/pb3Qpp/1p1P1b2/5p2/5B2/2q2N2/P1B2PPP/6K1 w - - 2 24,e8a8 c3a1 c2b1 a1b1 f4c1 b1c1 f3e1 c1e1,1142,kingsideattack mate matein4 middlegame verylong
iF8Ax,3r1r1k/2q1b2p/p3B1p1/1pp1p1P1/4PP2/1P2Q3/P1P5/R3K2R b KQ - 0 25,f8f4 h1h7 h8h7 e3h3 f4h4 h3h4 h7g7 h4h6,1123,attraction kingsideattack mate matein4 middlegame sacrifice verylong
iFCNA,5rk1/5ppp/p2p4/2q5/3r4/8/PP3QPP/2R2RK1 b - - 3 25,c5e5 f2f7 f8f7 c1c8 e5e8 c8e8 f7f8 f1f8,1242,endgame mate matein4 sacrifice verylong
iFcrN,kr6/p1qn4/Q1pN4/2P2p2/3Pp1p1/4P2P/1r5P/R4RK1 b - - 0 33,g4h3 a6a7 c7a7 a1a7 a8a7 f1a1 b2a2 a1a2,1218,attraction mate matein4 middlegame queensideattack sacrifice verylong
iGmJh,2b1r1k1/4r1pp/4P3/pP3Q2/P1B2R2/8/3q2PP/7K b - - 0 41,c8e6 c4e6 e7e6 f5f7 g8h8 f7f8 e8f8 f4f8,1204,backrankmate mate matein4 middlegame sacrifice verylong
iHGsi,5rk1/5ppp/1pq5/p2R4/P3PQ2/6P1/4PRKP/1r6 b - - 0 26,b1b4 f4f7 f8f7 d5d8 c6e8 d8e8 f7f8 f2f8,1172,endgame mate matein4 sacrifice verylong
iHbL3,r2r3k/p3RQpp/1p6/3p4/5p2/8/Pq4PP/4R2K b - - 16 35,b2f6 e7e8 d8e8 e1e8 a8e8 f7e8 f6f8 e8f8,1240,endgame mate matein4 verylong
iIURm,2q2bk1/1p4pp/p3p3/5p1N/1P5n/P4P2/1B4PP/4Q1K1 b - - 0 35,c8c2 e1e6 g8h8 b2g7 f8g7 e6e8 g7f8 e8f8,1285,endgame mate matein4 verylong
iIW5O,r2q1rk1/pp1b2p1/4p1Qp/2bpP3/3N4/3B4/PP3PPP/R4RK1 b - - 1 17,c5d4 g6h7 g8f7 d3g6 f7e7 h7g7 f8f7 g7f7,1281,deflection kingsideattack mate matein4 middlegame verylong
iKInb,6Q1/1R5p/p4r1k/3ppq2/8/P1r5/5PPP/5RK1 w - - 6 32,g8d5 f5f2 f1f2 c3c1 d5d1 c1d1 f2f1 d1f1,1197,endgame mate matein4 sacrifice verylong
iLPJD,1r1r2k1/pp3ppp/1bp1p3/7Q/2q5/5R2/P5PP/5R1K b - - 0 27,c4a2 h5f7 g8h8 f7f8 d8f8 f3f8 b8f8 f1f8,1028,backrankmate mate matein4 middlegame sacrifice verylong
iLdiH,r5r1/ppnk4/3p4/3ppp1q/PQP4p/1P2BP2/4KP2/3R4 b - - 0 37,d5c4 b4d6 d7c8 d6d7 c8b8 d7d8 g8d8 d1d8,1269,mate matein4 middlegame sacrifice verylong
iMqiv,5rk1/2p3pp/1p3r2/4p3/1P6/P5Q1/2q2PPP/3RR1K1 w - - 0 31,g3e5 c2f2 g1h1 f2f1 e1f1 f6f1 d1f1 f8f1,1042,backrankmate endgame mate matein4 sacrifice verylong
iMuGd,2r4k/pp3R2/3pN1Qb/3P4/8/4q3/PP4PP/R5K1 w - - 1 26,f7f2 c8c1 a1c1 e3c1 f2f1 h6e3 g1h1 c1f1,1162,deflection mate matein4 middlegame verylong
iNaP3,4r3/5R1p/2p3pk/1pB2b2/3P1nr1/1BP5/PP5P/5R1K w - - 1 35,b3d1 f5e4 d1f3 e4f3 f1f3 e8e1 f3f1 e1f1,1211,clearance mate matein4 middlegame verylong
iO3t6,7Q/pp3kr1/1q1pbpr1/4p3/1B1bP3/6P1/P1R2P1P/5RK1 b - - 2 25,b6b4 c2c7 e6d7 c7d7 f7e6 h8e8 g7e7 e8e7,1081,epaulettemate mate matein4 middlegame verylong
iQl2M,5qk1/5p1p/p3pBp1/3nP1P1/1p1R3Q/7P/r4P2/6K1 b - - 0 29,b4b3 h4h7 g8h7 d4h4 f8h6 h4h6 h7g8 h6h8,1236,attraction endgame mate matein4 operamate sacrifice verylong
iS14e,4kbnr/p1p1pppp/2qp4/8/3P1B2/2N1P3/P1Q2PPP/qR4K1 b k - 0 13,a1c3 b1b8 e8d7 c2f5 e7e6 f5f7 g8e7 f7e8,1279,fork mate matein4 middlegame verylong
iSkSQ,4k1nr/pQ1rb1pp/8/4Pq2/B2n4/2N5/PP4PP/R1B2K1R w k - 1 20,f1g1 d4e2 c3e2 e7c5 e2d4 c5d4 c1e3 d4e3,1072,kingsideattack mate matein4 middlegame sacrifice verylong
iUTub,3r3k/ppp3pp/1n2Qr2/8/3q4/8/PP3PPP/R1B2RK1 w - - 0 18,e6e7 d4f2 f1f2 d8d1 e7e1 d1e1 f2f1 e1f1,1286,clearance kingsideattack mate matein4 middlegame sacrifice verylong
iVPlC,1r4k1/1b3pBp/p2p1Pr1/2p1n2Q/5R2/2bP3P/qp4P1/1R4K1 b - - 2 29,b7g2 h5h7 g8h7 f4h4 g6h6 h4h6 h7g8 h6h8,1275,attraction kingsideattack mate matein4 middlegame operamate sacrifice verylong
iWwLs,k2r1r2/p7/1p2R2Q/q2R2pP/6P1/2N5/PPP2b2/2K5 w - - 0 24,d5a5 f2e3 e6e3 f8f1 e3e1 f1e1 c3d1 e1d1,1015,clearance mate matein4 middlegame sacrifice verylong
iZ8i8,7r/2k2pp1/p3p3/2p4r/8/1P3Nq1/P1Q1BRP1/R5K1 w - - 2 24,g1f1 h5h1 f3g1 h1g1 f1g1 g3h2 g1f1 h2h1,1084,attraction mate matein4 middlegame sacrifice verylong
idwfo,5k2/3K2b1/p3PpP1/8/6P1/8/p7/8 b - - 0 41,a2a1q e6e7 f8g8 e7e8q g7f8 e8f7 g8h8 f7f8,1203,advancedpawn deflection endgame exposedking mate matein4 promotion verylong
ievJJ,5r1k/4r1p1/1q2ppQp/pp1p4/3P1P2/2P1R2R/PP4PP/6K1 b - - 5 26,b5b4 h3h6 g7h6 g6h6 h8g8 e3g3 e7g7 g3g7,1140,endgame fork mate matein4 sacrifice verylong
ifA7w,2b3k1/p4rpp/1p2p3/3R4/1P6/1Br2P2/P5PP/4R1K1 b - - 0 28,e6d5 e1e8 f7f8 b3d5 c8e6 d5e6 g8h8 e8f8,1246,backrankmate endgame intermezzo mate matein4 verylong
iflvZ,2r3k1/3p1q1p/2r1p3/4P1P1/3Q4/3R2P1/PPP4P/2KR4 w - - 3 29,d1d2 f7f1 d2d1 c6c2 c1b1 c2c1 d1c1 c8c1,1216,deflection endgame mate matein4 queensideattack verylong
ihSDK,r1b2rk1/3n2p1/4pqP1/3p1p2/3p1P2/2P2P2/P1P3P1/R3KQ1R b KQ - 1 21,d4c3 h1h8 g8h8 f1h1 f6h4 h1h4 h8g8 h4h7,1151,attraction kingsideattack mate matein4 middlegame sacrifice verylong
ihut0,8/p4Qpp/5bp1/6k1/1P4P1/P2r1BKP/4r3/8 b - - 4 40,e2e3 h3h4 g5h6 g4g5 f6g5 h4g5 h6g5 f7f4,1108,attraction endgame fork mate matein4 verylong
iihxS,3r4/6R1/8/1p1r2p1/5n2/2k1R3/3p2P1/3B1K2 b - - 5 49,c3b2 e3b3 b2c1 g7c7 d5c5 c7c5 c1d1 b3b1,1189,endgame mate matein4 verylong
imkY5,r1b2rk1/pp3ppp/4p3/4P3/8/3qPQP1/PP5P/3R1RK1 b - - 1 18,d3b5 f3f7 f8f7 d1d8 b5e8 d8e8 f7f8 f1f8,1259,kingsideattack mate matein4 middlegame sacrifice verylong
ipCJ6,1r3r1k/ppp3p1/2npq1P1/4p1p1/6P1/P2P4/1PP2PK1/R2Q1R2 b - - 1 20,c6e7 f1h1 h8g8 h1h8 g8h8 d1h1 h8g8 h1h7,1153,attraction kingsideattack mate matein4 middlegame sacrifice verylong
ipGMT,4r3/3q1p1k/2pp1Bp1/7P/1p2P3/6Q1/2P3PK/8 b - - 0 33,d7e6 h5g6 f7g6 g3h4 h7g8 h4h8 g8f7 h8g7,1225,endgame mate matein4 verylong
irTpn,8/p1PQ4/6k1/7p/6p1/r6P/6PK/8 w - - 0 41,c7c8q g4g3 h2g1 a3a1 c8c1 a1c1 d7d1 c1d1,1242,endgame master mate matein4 verylong
irvBX,8/p4k2/1p3pp1/2n2b1p/2Pr3P/P3R1K1/4RP2/8 b - - 5 38,d4c4 e3e7 f7g8 e7e8 g8h7 e2e7 h7h6 e8h8,1258,endgame mate matein4 verylong
isFqV,8/7p/1R6/p3r1k1/3p4/1Pb2BP1/5K1P/8 b - - 0 38,d4d3 h2h4 g5f5 g3g4 f5f4 b6f6 e5f5 f6f5,1266,endgame mate matein4 pillsburysmate verylong
isUUu,r6r/pp3pk1/6p1/3Q2q1/1b6/8/PP2nPPP/R1B2R1K w - - 0 22,c1g5 h8h2 h1h2 a8h8 g5h6 h8h6 d5h5 h6h5,1257,anastasiamate attraction mate matein4 middlegame sacrifice verylong
it46y,7k/5K2/3pn1PP/p1p1p3/P3P3/8/1p6/8 b - - 5 53,b2b1q g6g7 e6g7 h6g7 h8h7 g7g8q h7h6 g8g6,1146,advancedpawn endgame exposedking mate matein4 promotion verylong
iuAhw,4r3/p2qr1kp/2ppb1p1/7N/2P5/8/PP1Q1RPP/5RK1 b - - 3 26,g6h5 d2g5 g7h8 f2f8 e8f8 f1f8 e6g8 g5g8,1189,mate matein4 middlegame verylong
iwdxu,r5k1/pp3ppp/3p3q/2p1n3/Q1P1PP2/6Pb/PP2B2P/R3R1K1 w - - 1 20,f4e5 h6e3 g1h1 e3e4 e2f3 e4f3 h1g1 f3g2,1220,kingsideattack mate matein4 middlegame verylong
iximE,5rk1/p4Bpp/3R2b1/2P1q3/6P1/P3PQ1P/2r5/5RK1 b - - 0 28,g6f7 f3f7 f8f7 d6d8 e5e8 d8e8 f7f8 f1f8,1113,mate matein4 middlegame sacrifice verylong
iylmu,2r1r1k1/1pq2p2/p2p1bpp/3P4/8/3R1Q2/PPP3PP/1KR5 w - - 0 21,f3f6 c7c2 c1c2 e8e1 d3d1 e1d1 c2c1 d1c1,1229,endgame master mate matein4 queensideattack sacrifice verylong
izQuT,r1bq1rkR/ppp1b1p1/2n1p3/3pP1P1/3P4/2N5/PPP2PP1/R2QK3 b Q - 2 13,g8h8 d1h5 h8g8 g5g6 f8f3 h5h7 g8f8 h7h8,1229,kingsideattack master mate matein4 middlegame verylong
izSSK,8/5pk1/3b2p1/8/7P/4PRP1/R3NPK1/1r2r3 w - - 5 56,e2f4 e1g1 g2h3 g1h1 h3g4 f7f5 g4g5 d6e7,1251,endgame mate matein4 verylong
j0NiK,8/p1b3kp/4P1p1/8/1B6/P7/1rr5/R3RB1K w - - 1 36,e6e7 c2h2 h1g1 c7b6 b4c5 b6c5 e1e3 c5e3,1212,exposedking mate matein4 middlegame morphysmate verylong
j0XuW,rn2k2r/p1Bp1ppp/1p6/3b4/8/2P3P1/P4KBP/R7 b kq - 1 17,d5g2 a1e1 g2e4 e1e4 e8f8 c7d6 f8g8 e4e8,1098,backrankmate endgame mate matein4 verylong
j0xAv,1Q4Q1/7p/4p2k/5p2/4q3/2b3P1/5PKP/8 w - - 1 43,f2f3 e4e2 g2h3 e2f1 h3h4 c3f6 g8g5 f6g5,1216,endgame mate matein4 verylong
j0xta,5rk1/p1R4b/P3p3/1Pp5/2P5/4PRpq/3Q4/6K1 b - - 0 40,f8f3 d2d8 f3f8 d8g5 h7g6 g5g6 g8h8 g6g7,1298,endgame exposedking mate matein4 verylong
j3OOf,6k1/p5p1/5r1r/2Q5/2P2p2/5P2/P1P5/R4RK1 w - - 1 34,a1d1 f6g6 c5g5 g6g5 g1f2 h6h2 f2e1 g5e5,1143,endgame epaulettemate exposedking mate matein4 queenrookendgame verylong
j4bqD,4r1k1/p4p1p/2Q5/3pq3/4n3/1PP2Nr1/P6P/4RRK1 w - - 0 26,g1h1 e4f2 f1f2 e5e1 f3e1 e8e1 f2f1 e1f1,1171,deflection discoveredattack mate matein4 middlegame sacrifice verylong
j4q4l,5rk1/p4ppp/1p6/2q5/8/5QP1/Pr5P/2R2R1K b - - 1 26,c5b5 f3f7 f8f7 c1c8 b5e8 c8e8 f7f8 f1f8,1047,endgame mate matein4 sacrifice verylong
j5PCg,2r2qk1/1p1b1p1R/p4Bp1/2Pp1p2/1P2r3/PRQ5/5PPP/6K1 b - - 0 30,g8h7 c3h3 f8h6 h3h6 h7h6 b3h3 e4h4 h3h4,1121,attraction mate matein4 middlegame pillsburysmate verylong
j6eu2,8/2P2p2/3Q1Pkp/3P4/5P2/7P/6PK/4r1b1 w - - 1 50,h2g3 e1e3 g3h4 g1f2 g2g3 f2g3 h4g4 h6h5,1172,endgame master mate matein4 verylong
j7VmS,rn2k2r/pbp3pp/1p6/2q1pp2/6n1/2NP1Q1P/PPPN1PP1/R3KB1R w KQkq - 1 13,f3b7 c5f2 e1d1 g4e3 d1c1 f2e1 c3d1 e1d1,1147,attackingf2f7 mate matein4 middlegame verylong
j9E6t,5rk1/5ppp/p1q1p3/1p6/2r1P3/P1P2Q1P/1P4P1/3R1R1K b - - 2 28,c4e4 f3f7 f8f7 d1d8 c6e8 d8e8 f7f8 f1f8,1051,endgame mate matein4 sacrifice verylong
jA4h5,r5k1/5ppp/n2B4/1p6/8/P3p1P1/qPQ1P2P/2K3NR w - - 5 25,g1f3 a2a1 c2b1 a8c8 d6c5 c8c5 c1d1 a1b1,1265,deflection mate matein4 middlegame queensideattack verylong
jCSXI,2r4r/p2n1pp1/1p2p3/4P3/3P4/5kN1/P4P1P/R1B3RK w - - 9 25,c1e3 h8h2 h1h2 c8h8 e3h6 h8h6 g3h5 h6h5,1110,attraction mate matein4 middlegame sacrifice verylong
jCcol,2r2r2/2q2p1k/5Pp1/p2p2Qp/8/b3P2R/6PP/5RK1 b - - 1 33,f8h8 h3h5 h7g8 h5h8 g8h8 g5h6 h8g8 h6g7,1137,attraction mate matein4 middlegame verylong
jDfNp,1r5k/3R2bp/p1p1Q1p1/6q1/2B1P3/2p2P2/PrP5/K6R w - - 2 26,d7g7 b2b1 h1b1 b8b1 a1b1 g5g1 c4f1 g1f1,1122,attraction mate matein4 middlegame sacrifice verylong
jFYVh,4r2k/1p2r2p/p7/3Q1b2/1P6/P4NR1/5qPP/R6K w - - 1 30,d5f5 e7e1 f3e1 e8e1 a1e1 f2e1 f5f1 e1f1,1129,mate matein4 middlegame sacrifice verylong
jG2ds,3r4/2p1k2p/3r1p2/1R2p1p1/8/1P3P2/1PK3PP/4R3 w - - 1 29,e1e2 d6c6 c2b1 d8d1 b1a2 c6a6 b5a5 a6a5,1239,endgame mate matein4 rookendgame verylong
jH8MJ,r2q1rk1/1bp3p1/p1n1p1Qp/1pb1P3/5P2/3B4/PPP3PP/R1B2R1K b - - 1 16,c6d4 g6h7 g8f7 d3g6 f7e7 h7g7 f8f7 g7f7,1235,deflection kingsideattack mate matein4 middlegame verylong
jHG5y,r1b1B2k/ppp3pp/1q6/1Nn5/5R1P/8/PP4P1/5QK1 b - - 0 25,c8e6 f4f8 e6g8 f8g8 h8g8 f1f7 g8h8 f7f8,1277,attraction mate matein4 middlegame sacrifice verylong
jHQ3f,6k1/1p3rp1/2n1R2B/p1qp3N/n2r4/7Q/5PPP/1R4K1 w - - 2 34,h6g7 d4d1 b1d1 c5f2 g1h1 f2f1 d1f1 f7f1,1178,backrankmate discoveredattack mate matein4 middlegame sacrifice verylong
jIaYZ,Q7/5p1p/p5pk/P4p2/4rP2/7P/2Pr1qP1/R5RK b - - 6 32,d2c2 a8f8 h6h5 g2g4 f5g4 h3g4 h5h4 f8h6,1252,endgame mate matein4 verylong
jIgR9,1k4r1/pp6/2p3qp/r7/P1P1p3/4B1bP/1P2QP2/3R1RK1 w - - 0 27,f2g3 g6g3 g1h1 g3h3 e2h2 h3h2 h1h2 a5h5,1240,attraction exposedking mate matein4 middlegame verylong
jL7ob,r2q1r2/1p3p1k/p4Pp1/6Qp/3p4/7R/PP4PP/R6K b - - 1 28,f8h8 h3h5 h7g8 h5h8 g8h8 g5h6 h8g8 h6g7,1155,attraction endgame mate matein4 verylong
jMSR1,r7/ppp2p2/kb1p1N2/3Bp1B1/2P1P3/3P4/PP2n1PP/5R1K w - - 1 23,g5d2 e2g3 h2g3 a8h8 d2h6 h8h6 f6h5 h6h5,1001,kingsideattack mate matein4 middlegame pillsburysmate sacrifice verylong
jMcAe,5k2/1p1r2P1/2p2K1P/5P2/8/p7/8/8 b - - 0 52,d7g7 h6g7 f8g8 f6g6 a3a2 f5f6 c6c5 f6f7,1022,advancedpawn endgame mate matein4 verylong
jNlJ5,Q1b1r1k1/p1pp1ppp/1p6/1N4q1/2n5/8/PPP1BPPP/R3K2R w KQ - 3 17,b5c7 g5d2 e1f1 d2e2 f1g1 e2e1 a1e1 e8e1,1194,backrankmate mate matein4 middlegame pin verylong
jOkQN,5R2/1p4r1/p7/4bkp1/3p1p2/1P3P2/6K1/3B4 b - - 3 58,f5g6 d1c2 d4d3 c2d3 g6h5 f8h8 g7h7 h8h7,1042,endgame mate matein4 pillsburysmate verylong
jSMcF,4r1k1/pp3ppp/8/2P2q2/1n6/2N3Q1/PPPr1PPP/1K1R4 w - - 0 22,d1d2 e8e1 c3d1 e1d1 d2d1 f5c2 b1a1 c2d1,1187,attraction deflection endgame fork mate matein4 verylong
jXkdj,8/5Q1p/1p1pNn1q/3Pp3/1P2Pp1k/2NQ1Pb1/7P/7K w - - 9 38,h2g3 h4g3 f7h5 h6h5 h1g1 h5h2 g1f1 h2f2,1202,discoveredattack discoveredcheck endgame exposedking mate matein4 verylong
jZEzB,r2r2k1/p4pp1/7p/2p5/4RQP1/2q5/P4PP1/4R1K1 b - - 0 26,d8d4 e4e8 a8e8 e1e8 g8h7 f4f5 g7g6 f5f7,1149,endgame mate matein4 verylong
jZFii,3r2k1/p1p2ppp/1p2B1n1/8/6Qb/1Pq5/P3R1P1/5R1K b - - 0 23,f7e6 g4e6 g8h8 e6e8 d8e8 e2e8 g6f8 f1f8,1113,backrankmate mate matein4 middlegame sacrifice verylong
jbFBC,2kr4/pR1bQR1p/2pq4/2N5/8/8/2P3PP/7K w - - 8 38,b7d7 d6d1 d7d1 d8d1 e7e1 d1e1 f7f1 e1f1,1093,backrankmate collinearmove endgame mate matein4 sacrifice verylong xrayattack
jdlnB,2k1r3/p1p1P3/b1p1N1p1/5p2/1P5p/P1K5/5r2/3R4 b - - 1 38,e8e7 d1d8 c8b7 e6c5 b7b6 d8b8 a6b7 b8b7,1093,endgame hookmate mate matein4 verylong
jgdPG,r2r2kR/1pqb2p1/p2bp1B1/2pp1pP1/5P2/2P1P3/PP2Q1P1/R3K3 b Q - 2 22,g8h8 e2h5 h8g8 h5h7 g8f8 h7h8 f8e7 h8g7,1141,deflection kingsideattack mate matein4 middlegame verylong
jgz4D,1k1r4/2pr1p2/p4p2/8/4pPPQ/bPP1P2P/P6R/R2qK3 w Q - 0 27,a1d1 d7d1 e1f2 d8d2 f2g3 d1g1 h2g2 g1g2,1119,endgame exposedking mate matein4 verylong
jiIw5,r3r1k1/ppq2pp1/3b2p1/5p2/4n1Q1/1BP4P/PP3PP1/R1B2RK1 w - - 0 19,g4g6 d6h2 g1h1 e4f2 f1f2 e8e1 f2f1 e1f1,1154,clearance deflection kingsideattack mate matein4 middlegame sacrifice verylong
jkyK0,4rr1k/p2q2bp/1pnp2p1/2pQ4/5N2/2PP2PP/PP1B1R1K/5R2 b - - 8 23,e8e5 f4g6 h7g6 f2f8 g7f8 f1f8 h8g7 d5g8,1241,discoveredattack kingsideattack mate matein4 middlegame verylong
jkzX8,3r1rk1/p4ppp/1p6/8/2Q5/P4RP1/1q2PP1P/2R3K1 b - - 1 19,d8d4 c4f7 f8f7 c1c8 d4d8 c8d8 f7f8 f3f8,1281,clearance endgame mate matein4 sacrifice verylong
jm8S7,8/7p/6p1/2p4k/3qpQ2/1B4P1/P5PP/4R2K w - - 6 37,e1e4 d4a1 b3d1 a1d1 e4e1 d1e1 f4f1 e1f1,1219,endgame mate matein4 verylong
jmUGk,rnb3k1/1p3rpp/p4b2/2p1N3/8/6P1/PP3PBP/R1BR2K1 b - - 0 16,f6e5 d1d8 f7f8 g2d5 c8e6 d5e6 g8h8 d8f8,1152,backrankmate fork mate matein4 middlegame verylong
jmXbU,8/p6k/4pQ1p/3pP2P/5n2/4N3/P4P2/1q2K3 w - - 5 41,e1d2 b1d3 d2c1 f4e2 c1b2 d3c3 b2b1 c3c1,1284,endgame exposedking mate matein4 verylong
joXZb,r2q1rkR/1p2b1n1/p5Q1/4p1P1/3p4/1PN1B3/1PP2P2/R3K3 b Q - 1 22,g8h8 g6h6 h8g8 g5g6 f8f5 h6h7 g8f8 h7h8,1240,exposedking kingsideattack mate matein4 middlegame verylong
jrrbD,r5k1/5pB1/3p1PpP/2p1p1n1/2P5/1R6/3b2K1/8 b - - 2 45,g5e6 h6h7 g8h7 b3h3 d2h6 h3h6 h7g8 h6h8,1078,advancedpawn attraction endgame mate matein4 operamate verylong
jsjoB,1k1q3r/1p3pp1/pN5r/3p1P2/P2pP1p1/1Q1Pb1P1/1P4RP/1R5K w - - 0 26,b6d5 h6h2 g2h2 h8h2 h1h2 d8h8 h2g2 h8h3,1121,attraction kingsideattack mate matein4 middlegame sacrifice verylong
jt4ym,3r4/2k4p/b1p2p1P/p3pQ2/Pp6/7N/1PP1q3/RK5R w - - 0 30,f5f6 d8d1 h1d1 e2d1 b1a2 a6c4 b2b3 d1c2,1298,mate matein4 middlegame queensideattack verylong
jtJzu,4r1k1/pp3p2/3p3R/7N/4q2R/8/PPrQ1PP1/2K5 w - - 0 25,d2c2 e4e1 c2d1 e8c8 h4c4 c8c4 c1b1 e1d1,1270,endgame mate matein4 pin verylong
jtKLT,5rk1/5ppp/1PNN4/7n/4pnK1/7P/1r6/2R4R b - - 0 35,b2b6 c6e7 g8h8 d6f7 f8f7 c1c8 f7f8 c8f8,1167,backrankmate deflection mate matein4 middlegame sacrifice verylong
juBGG,r4k2/pp2b2Q/8/qp6/3n4/3R1N2/PPP2PP1/2K5 w - - 0 22,f3d4 a5e1 d3d1 e7g5 f2f4 g5f4 c1b1 e1d1,1257,deflection endgame mate matein4 verylong
jvZZs,r3r1k1/1pq2pp1/2pb3p/3p4/3Pn2Q/pPP4P/P1B2PP1/R1B2RK1 w - - 1 21,h4g4 d6h2 g1h1 e4f2 f1f2 e8e1 f2f1 e1f1,1263,clearance deflection kingsideattack mate matein4 middlegame sacrifice verylong
jwoAf,6rk/pp4rp/3pP2Q/4p3/P2pP1P1/1P1P1R1P/2q5/1R4K1 w - - 3 29,b1f1 g7g4 h3g4 g8g4 f3g3 g4g3 g1h1 c2g2,1129,endgame exposedking kingsideattack mate matein4 sacrifice verylong
jxKei,2q3k1/1p4p1/1K1Pr2p/7P/p3Q3/2P5/PP6/3R4 w - - 8 42,e4b4 c8c6 b6a7 c6a6 a7b8 e6e8 b8c7 a6c6,1276,endgame killboxmate mate matein4 verylong
jxmg6,5r1k/R7/1p3q1p/6p1/8/Pr6/3Q1PPP/5RK1 w - - 0 27,d2d7 f6f2 f1f2 b3b1 d7d1 b1d1 f2f1 d1f1,1300,endgame mate matein4 sacrifice verylong
jy5rg,r5k1/1b3pp1/4p3/2P4p/Q7/2N1PpPq/1P3P1P/6RK w - - 3 26,a4h4 h3g2 g1g2 f3g2 h1g1 a8a1 c3b1 a1b1,1211,advancedpawn endgame mate matein4 sacrifice verylong
k0S7O,R7/PR6/6k1/6p1/7p/r4PK1/6P1/r7 w - - 0 50,g3h3 a1h1 h3g4 a3a4 b7b4 a4b4 f3f4 b4f4,1125,endgame exposedking mate matein4 rookendgame verylong
k15xL,1Rb1Qbk1/5pp1/4p2p/q1PpN3/3P4/2nBP2P/5PPB/6K1 w - - 1 26,b8c8 a5a1 d3f1 c3e2 g1h1 a1f1 h2g1 f1g1,1045,deflection kingsideattack mate matein4 middlegame pin verylong
k4Ao3,4r1k1/p3qpp1/3r3p/2p3N1/3p4/7Q/PPPB1PPP/RN1K4 w - - 0 19,g5f3 e7e2 d1c1 e2f1 f3e1 e8e1 d2e1 f1e1,1268,mate matein4 middlegame verylong
k4C18,4r2k/p4Nrp/q1p2Qp1/3p4/5R2/P7/1n3PPK/8 b - - 5 33,h8g8 f7h6 g8h8 f6f8 e8f8 f4f8 g7g8 f8g8,1095,mate matein4 middlegame sacrifice verylong
k4sDC,r2k1b1r/pppnpQ1p/q7/8/4b3/B1P1R1P1/P2P1PBP/1R4K1 b - - 2 17,e4b1 a3e7 f8e7 f7e7 d8c8 e7e8 h8e8 e3e8,1258,mate matein4 middlegame sacrifice verylong
k6Xij,3rr1k1/ppQ2ppp/6q1/2pp4/8/6PP/PP3RP1/5RK1 b - - 5 27,g6c6 c7f7 g8h8 f7f8 e8f8 f2f8 d8f8 f1f8,1078,backrankmate endgame mate matein4 sacrifice verylong
k7aee,r4rk1/3p3p/p3pBp1/1p1b1p2/2q2P1Q/8/PPP2P1P/2KR2R1 b - - 1 24,a8c8 g1g6 h7g6 h4h8 g8f7 h8g7 f7e8 g7e7,1193,kingsideattack mate matein4 middlegame sacrifice verylong
k8DYv,4r2k/4r1pp/3pN3/2p5/1pQb1P2/5B2/P1N2qPP/3R3K w - - 11 33,e6d4 e7e1 c2e1 e8e1 d1e1 f2e1 c4f1 e1f1,1010,mate matein4 middlegame sacrifice verylong
kAKWq,3n1r1k/2R3pp/r4q2/8/3PQB2/2P1P3/5PPP/5RK1 w - - 1 25,f4e5 f6f2 f1f2 a6a1 e4b1 a1b1 f2f1 b1f1,1288,mate matein4 middlegame sacrifice verylong
kCwLO,6k1/1p4p1/1qp4p/p2p2PK/4r2P/2Ppr3/PP3Q2/5R1R b - - 3 31,b6d8 f2f7 g8h8 f7f8 d8f8 f1f8 h8h7 g5g6,1273,endgame kingsideattack mate matein4 verylong
kEOea,2k4r/ppp2ppp/8/3R4/8/2P1qB1P/P5PK/3R4 b - - 1 19,e3c3 f3g4 f7f5 g4f5 c8b8 d5d8 h8d8 d1d8,1292,backrankmate endgame mate matein4 verylong
kEkcJ,2r3k1/R4p1p/6p1/3b4/1R1p4/3B2KP/1BP3r1/8 w - - 0 30,g3h4 g6g5 h4h5 d5f3 h5h6 c8c6 d3g6 c6g6,1258,mate matein4 middlegame pillsburysmate verylong
kJ60l,3r3k/p6r/1p2p3/8/2NP1b1q/1P1Q4/P5RP/5R1K w - - 2 35,d3e4 h4h2 g2h2 h7h2 h1g1 d8g8 e4g6 g8g6,1079,master mastervsmaster mate matein4 middlegame sacrifice verylong
kJr9j,4r2k/6pp/Q3N3/8/5Pn1/6P1/1P4KP/4nB2 w - - 9 40,g2h3 g4f2 h3h4 e1f3 h4h5 g7g6 h5h6 f2g4,1167,endgame mate matein4 verylong
kKASB,rnbq2kr/ppp1p1bp/5np1/4N3/8/2N5/PPPPQPPP/R1B1K2R b KQ - 2 8,b8d7 e2c4 f6d5 c4d5 e7e6 d5e6 g8f8 e6f7,1181,kingsideattack mate matein4 opening verylong
kMM1J,5b1k/ppqR4/2p2p1p/5Bp1/2P3P1/7P/PPQ3K1/4r3 b - - 1 39,c7e5 d7h7 h8g8 f5e6 e5e6 c2g6 f8g7 g6g7,1190,clearance endgame exposedking mate matein4 sacrifice verylong
kOc41,r1bq1rk1/ppppn1bp/5pp1/3N2B1/2B1P3/5Q2/PPP2PPP/R3K2R b KQ - 1 10,f6g5 d5e7 g8h8 e7g6 h7g6 f3h3 g7h6 h3h6,1281,discoveredcheck doublecheck kingsideattack mate matein4 middlegame verylong
kRHmi,r3k2n/4np1p/8/qpPp2N1/1p6/1P3P2/P4QPP/1K1RR3 w q - 2 22,f2e3 a5a2 b1c1 a2a1 c1d2 a8a2 d2d3 a1c3,1254,mate matein4 middlegame queensideattack verylong
kRiN3,6k1/ppp2pp1/8/6PP/8/P3r3/1r6/3R1KR1 b - - 0 31,e3a3 d1d8 g8h7 g5g6 f7g6 h5g6 h7h6 d8h8,1262,endgame mate matein4 rookendgame verylong
kRv7Q,3r1r1k/6pp/p7/1p1Q4/8/P3R3/1q3PPP/5RK1 w - - 2 24,d5c5 b2f2 f1f2 d8d1 e3e1 d1e1 f2f1 e1f1,1283,endgame mate matein4 sacrifice verylong
kS9Dq,r1b1k3/ppp2pp1/2p5/8/4P1p1/2NPP1q1/PPPQB1P1/R4RKr w q - 2 14,g1h1 g3h4 h1g1 g4g3 f1f4 h4h2 g1f1 h2h1,1146,kingsideattack mate matein4 middlegame verylong
kTDxa,3r3k/6p1/7p/4Q3/8/2B1pPPb/1P2PK1P/3q2R1 w - - 0 35,e5e3 d1g1 f2g1 d8d1 c3e1 d1e1 g1f2 e1f1,1167,attraction endgame mate matein4 operamate sacrifice verylong
kTPH6,5q1k/p5pp/1pp5/3p4/1P6/P2P2Q1/1BPNr1PP/3R2K1 w - - 0 25,g3g4 f8f2 g1h1 e2e1 d1e1 f2e1 d2f1 e1f1,1275,endgame fork mate matein4 verylong
kU5Ys,6k1/pQ3pp1/7p/B7/3b4/1P4Pq/P1r2P1P/5RK1 w - - 2 28,a2a4 d4f2 f1f2 c2c1 a5e1 c1e1 f2f1 e1f1,1300,endgame killboxmate mate matein4 sacrifice verylong
kWOpY,5k2/pp3r2/6Q1/2p1R3/3pn3/1P1B1qPP/P1P2P2/6K1 w - - 3 36,d3e4 f3f2 g1h1 f2f1 h1h2 f7f2 e4g2 f1g2,1217,endgame mate matein4 verylong
kWf6k,r2r3k/2p1RQbp/1pP3p1/8/1p2RP2/P2q2P1/6BP/6K1 b - - 3 37,d3c3 e7e8 d8e8 e4e8 a8e8 f7e8 g7f8 e8f8,1261,kingsideattack mate matein4 middlegame verylong
kX3O5,2k2r2/p2p4/1p2pK2/2p1Pn2/2PPBp1r/2P5/P6P/2BR1R2 w - - 3 29,f6g5 f8g8 g5f6 h4h6 f6f7 g8g7 f7f8 h6h8,1230,mate matein4 middlegame verylong
kXRNp,6rk/p5pp/1pp5/5pQ1/8/1P1R2RP/P3rqPK/8 b - - 1 29,e2e1 g5g7 g8g7 d3d8 e1e8 d8e8 g7g8 g3g8,1283,endgame mate matein4 sacrifice verylong
kXpeX,5r2/ppp5/3k3R/3p1b2/8/1PK5/P1P3r1/4R3 b - - 7 34,d6c5 b3b4 c5b5 a2a4 b5a4 e1a1 a4b5 a1a5,1283,attraction endgame mate matein4 verylong
kY7M0,2k3r1/ppp5/3bp2r/2P3q1/8/PP1Q2P1/1B1R3P/3R3K b - - 0 29,d6g3 d3d7 c8b8 d7d8 g8d8 d2d8 g5d8 d1d8,1266,backrankmate mate matein4 middlegame sacrifice verylong
kYxrP,4r1k1/2p1r3/p2p4/6p1/4P1q1/2Q1RpP1/PPP2P1K/4R3 w - - 2 31,e1h1 e7h7 h2g1 h7h1 g1h1 g4h3 h1g1 h3g2,1272,attraction endgame mate matein4 verylong
kaoXh,3qk2r/1pp2p2/3pb2p/2bNp1p1/4P3/1pPP1NP1/1P2B1PP/rK1RQ2R w k - 2 18,b1a1 d8a8 a1b1 a8a2 b1c1 a2a1 c1d2 a1b2,1227,deflection mate matein4 middlegame verylong
kbBNS,5rk1/p4rp1/5q1p/4R1n1/2pP4/P1P1B3/6PP/1R1Q2K1 w - - 7 25,e3g5 f6f2 g1h1 f2f1 d1f1 f7f1 b1f1 f8f1,1138,backrankmate mate matein4 middlegame verylong
kbNwq,4q2k/pp5p/2p2pp1/5b2/3P1Q2/1BP2PB1/PP4PP/6K1 w - - 0 26,f4d6 e8e3 g3f2 e3c1 b3d1 c1d1 f2e1 d1e1,1253,endgame kingsideattack mate matein4 verylong
kbvqJ,4Qrk1/R4ppp/5b2/2p5/3p2b1/3P4/P1qB1PPP/4R1K1 b - - 0 20,c2d2 e8f8 g8f8 a7a8 g4c8 a8c8 f6d8 c8d8,1279,attraction mate matein4 middlegame sacrifice verylong
kc0NH,8/2Q2pkp/5p2/1p2n2P/1R6/r7/6PK/8 w - - 5 43,b4b5 e5g4 h2g1 a3a1 b5b1 a1b1 c7c1 b1c1,1124,endgame mate matein4 verylong
kcjWq,2r2rk1/p2R2pp/1p2pq2/4p3/4P3/2Q5/PP3PPP/5RK1 w - - 4 20,c3a3 f6f2 f1f2 c8c1 d7d1 c1d1 f2f1 d1f1,1099,endgame kingsideattack mate matein4 sacrifice verylong
keNXv,2r2k2/1p3p1p/1b1p1P2/p2Pp1Q1/7P/5qP1/3K4/2N4R b - - 1 27,f3h1 g5g7 f8e8 g7g8 e8d7 g8f7 d7d8 f7e7,1175,deflection endgame mate matein4 verylong
kgVTX,3n3k/ppp2rBp/1b2qPr1/3p4/3PpR1Q/2P4P/PP4P1/5R1K b - - 7 30,h8g8 h4h7 g8h7 f4h4 g6h6 h4h6 h7g8 h6h8,1003,attraction kingsideattack mate matein4 middlegame operamate sacrifice verylong
kgY0B,r1b1kq2/pppp2p1/6p1/2b1p3/2P1n3/8/PPP2PPP/RNBQ1RK1 w q - 0 11,d1d5 c5f2 g1h1 e4g3 h2g3 f8h8 c1h6 h8h6,1190,kingsideattack mate matein4 middlegame sacrifice verylong
kgwex,2r4k/5Qpp/p3p3/4N3/3q1P2/2r4P/P4PP1/1R4K1 w - - 2 34,f7e6 c3c1 b1c1 c8c1 g1h2 d4f4 g2g3 f4f2,1145,endgame mate matein4 verylong
kiYMq,6k1/6p1/2bp1p2/2p1pPpB/2P1P3/1R1P2KP/3q4/2R5 b - - 5 34,d2c1 b3b8 c6e8 b8e8 g8h7 h5g6 h7h6 e8h8,1038,endgame mate matein4 verylong
kjZUi,5rk1/Q4ppp/p1p5/4r3/8/1P6/P1q3PP/3R1RK1 b - - 1 23,e5e2 a7f7 f8f7 d1d8 e2e8 d8e8 f7f8 f1f8,1295,endgame mate matein4 sacrifice verylong
kocbv,5rk1/pprB1Rpp/8/3pQ3/4p3/2p3PP/P5PK/2q5 b - - 0 31,f8f7 e5e8 f7f8 d7e6 c7f7 e6f7 g8h8 e8f8,1183,endgame mate matein4 verylong
kqW5Q,rn4k1/pQ2b1pp/2p1p3/3p4/3q4/8/PP3rPP/RNB2RK1 w - - 0 17,f1f2 d4d1 f2f1 e7c5 c1e3 c5e3 g1h1 d1f1,1163,fork mate matein4 middlegame verylong
ksOsN,3r4/p2rkp2/1pQ1p1p1/8/8/1B5R/PP2qPPP/2R3K1 w - - 1 33,h3e3 d7d1 b3d1 d8d1 c1d1 e2d1 e3e1 d1e1,1059,mate matein4 middlegame sacrifice verylong
kt8Dr,4r1k1/5rBp/4pPp1/p3P3/7Q/P3pR2/6KP/2q5 b - - 3 36,e3e2 h4h7 g8h7 f3h3 c1h6 h3h6 h7g8 h6h8,1065,attraction endgame mate matein4 operamate sacrifice verylong
ktEkc,r2q1rk1/1pnb2p1/2p1ppQ1/2Pp4/1p1P4/P1NBP3/5PPP/2R1K2R b K - 1 19,b4c3 g6h7 g8f7 d3g6 f7e7 h7g7 f8f7 g7f7,1232,deflection kingsideattack mate matein4 middlegame verylong
kuM47,2rr4/4qkp1/p2R3p/1P2B3/2pQ4/2P4b/1PP2P1P/R5K1 w - - 1 27,a1a6 e7g5 e5g3 g5c1 d4d1 c1d1 d6d1 d8d1,1127,master mastervsmaster mate matein4 middlegame pillsburysmate verylong xrayattack
kuh9G,1k5r/1pp5/p1n4p/5R2/2Q5/2P1r1qB/PP4P1/5R1K b - - 3 30,c6e5 f5f8 h8f8 f1f8 b8a7 c4c5 b7b6 c5c7,1250,mate matein4 middlegame queensideattack verylong
kvi8Z,R2q1rk1/5ppp/1p1Pb3/2b5/2r2B2/6P1/5PBP/R5K1 b - - 2 24,d8f6 a8f8 g8f8 a1a8 e6c8 a8c8 f6d8 c8d8,1118,attraction mate matein4 middlegame verylong
kwJUr,2kr2r1/ppp4p/8/8/4Q2R/2Pn4/PP3P1P/R6K w - - 3 24,a1f1 d3f2 f1f2 d8d1 e4e1 d1e1 f2f1 e1f1,1187,clearance endgame mate matein4 sacrifice verylong
kxndD,r6k/2p1b1pn/p1n3p1/1p4p1/3P1qP1/1QP1N3/PP3r2/1K1R3R b - - 0 25,f4e3 h1h7 h8h7 d1h1 f2h2 h1h2 e3h3 h2h3,1069,attraction kingsideattack mate matein4 middlegame sacrifice verylong
kyO2R,r2b2rk/2pq2pp/1p1p2R1/p2P1Q2/3B4/5P2/PPP3PP/4R1K1 b - - 2 26,d7f5 d4g7 g8g7 e1e8 f5f8 e8f8 g7g8 g6g8,1282,kingsideattack mate matein4 middlegame sacrifice verylong
kyxad,3n2k1/5p2/3p2qQ/8/b2P2PN/p1r4P/P1r5/5RK1 w - - 0 36,h4g6 c3g3 g1h1 a4c6 d4d5 c6d5 f1f3 d5f3,1279,exposedking mate matein4 middlegame morphysmate verylong
l1Ivh,3r2k1/p1q2ppp/3R4/2p1rP2/8/2P2Q2/PP4PP/3R3K b - - 0 25,d8d6 f3a8 c7d8 a8d8 d6d8 d1d8 e5e8 d8e8,1121,backrankmate endgame mate matein4 verylong xrayattack
l2hwi,5r1k/1p4p1/p4r1p/4QN2/1P6/P7/2q2PPP/3RR1K1 w - - 3 27,f5h6 c2f2 g1h1 f2f1 e1f1 f6f1 d1f1 f8f1,1028,backrankmate mate matein4 middlegame sacrifice verylong
l2oNv,6r1/7p/p3R2k/1bR2p2/8/5P1P/6PK/5q2 b - - 7 39,h6h5 c5f5 g8g5 g2g4 h5h4 e6h6 g5h5 f5h5,1294,endgame mate matein4 verylong
l3AIM,7R/p3rpk1/3p2p1/5b1p/2Pqp3/P2p2P1/3Q1P1P/1R4K1 b - - 9 35,g7h8 d2h6 h8g8 b1b8 f5c8 b8c8 e7e8 c8e8,1162,endgame exposedking mate matein4 verylong
l4FKS,2r1r1k1/3R2p1/p4p2/1p6/7Q/5N2/P4PPP/2q2BK1 w - - 2 34,h4g4 c1f1 g1f1 c8c1 d7d1 c1d1 f3e1 d1e1,1172,attraction mate matein4 middlegame sacrifice verylong
l4cXM,3R2R1/5r1p/p4p1k/1p5p/6P1/2p5/b7/6K1 b - - 0 40,c3c2 g4g5 f6g5 d8d6 a2e6 d6e6 f7f6 e6f6,1070,endgame epaulettemate mate matein4 verylong
l5W5n,8/5p1p/3Q3k/1p3bp1/8/Pq3P2/6PP/2K5 b - - 1 38,f5g6 d6f8 h6h5 g2g4 h5h4 f8h6 g6h5 h6h5,1091,endgame mate matein4 verylong
l76WF,knrbr3/1p4p1/pP3pNp/R1Ppp3/R2P4/8/Q4KPP/2Nq4 b - - 7 40,d1c1 a5a6 b7a6 a4a6 b8a6 a2a6 a8b8 a6a7,1034,fork mate matein4 middlegame sacrifice verylong
l8sks,6k1/r4qpp/1QpB4/3pp3/1P4B1/2PP3P/5PP1/6K1 w - - 4 33,b6c6 a7a1 g4d1 a1d1 g1h2 f7f4 g2g3 f4f2,1065,endgame mate matein4 verylong
lBYNP,5rk1/1pp3pp/p1n1pr2/5q2/3PQ3/2PBR3/PP4PP/4R1K1 w - - 5 23,d3c4 f5f2 g1h1 f2f1 c4f1 f6f1 e1f1 f8f1,1266,backrankmate mate matein4 middlegame sacrifice verylong
lCG7V,5k2/3r2p1/2bp1PR1/p1p1p3/P1P1P3/1P1B3r/3K4/6R1 b - - 0 46,g7f6 g6g8 f8e7 g1g7 e7e6 g8e8 d7e7 g7e7,1138,endgame epaulettemate exposedking master mastervsmaster mate matein4 verylong
lCYlI,1k5r/pp6/3r1q2/1P2pppp/2Q1b3/2R5/P5PP/2R4K b - - 2 28,d6d8 c4c7 b8a8 c7c8 d8c8 c3c8 h8c8 c1c8,1190,backrankmate mate matein4 middlegame sacrifice verylong
lDQlx,r1b2Qk1/pp1p1ppp/2p5/8/2P5/8/PPqB1PPP/R3R1K1 b - - 0 16,g8f8 d2b4 c6c5 b4c5 d7d6 c5d6 f8g8 e1e8,1083,backrankmate endgame mate matein4 verylong
lE8xy,4q3/6bk/p6p/B2N1pp1/1PQ1P3/5P2/6PP/6K1 w - - 2 34,e4f5 e8e1 c4f1 g7d4 d5e3 d4e3 g1h1 e1f1,1161,endgame mate matein4 pin verylong
lECR2,8/2Q1kpp1/4p3/3pn2p/4q2P/1K6/5PP1/2R5 b - - 1 36,e7f6 c7d8 f6g6 d8g5 g6h7 g5h5 h7g8 c1c8,1149,deflection endgame mate matein4 verylong
lEVNK,q7/4Q2p/R4ppk/4p3/4P3/3P1KP1/7P/8 b - - 0 36,a8a6 e7f8 h6g5 h2h4 g5h5 g3g4 h5h4 f8h6,1130,endgame mate matein4 queenendgame verylong
lGhmW,5rk1/5ppp/p3p3/1p6/8/P4QP1/2qr2PP/2R2RK1 b - - 2 24,c2b2 f3f7 f8f7 c1c8 d2d8 c8d8 f7f8 f1f8,1282,endgame mate matein4 sacrifice verylong
lHHyg,6N1/5k1p/p5p1/4P1K1/1P2R1P1/7r/7P/8 w - - 3 42,g8f6 h7h6 g5f4 g6g5 f4f5 h3f3 e4f4 f3f4,1251,endgame epaulettemate mate matein4 verylong
lHMj3,3r1rk1/pb4p1/4p2p/1p1qPp2/2p3RP/2P5/PPQ2PP1/RB4K1 b - - 0 19,f5g4 c2h7 g8f7 b1g6 f7e7 h7g7 f8f7 g7f7,1259,deflection kingsideattack mate matein4 middlegame verylong
lIiyB,3r2k1/6pp/p2q1p2/1p2NR1Q/3r4/7P/P1P3P1/5R1K b - - 0 28,f6e5 h5f7 g8h8 f7f8 d8f8 f5f8 d6f8 f1f8,1171,backrankmate endgame mate matein4 sacrifice verylong
lKLCD,5r1k/6pp/p3R3/1p1Q4/2P2r2/P5N1/1Pq3PP/3R2K1 w - - 4 30,e6a6 c2f2 g1h1 f2f1 g3f1 f4f1 d1f1 f8f1,1204,backrankmate mate matein4 middlegame sacrifice verylong
lMJvS,2k5/R2r1p1p/1p1p1p2/1p4r1/2b1P3/3B2P1/2P2P1P/R5K1 b - - 3 23,c4d3 a7a8 c8b7 a1a7 b7c6 a8c8 d7c7 a7c7,1082,endgame epaulettemate exposedking mate matein4 queensideattack verylong
lPlTe,r5nr/ppqbk3/2n1p3/2ppP2B/3P3Q/P1P5/2P2PPP/1R3RK1 b - - 4 19,e7f8 h4f4 f8e7 f4f7 e7d8 f7f8 d7e8 f8e8,1267,exposedking mate matein4 middlegame verylong
lQg5W,4rrk1/2pR1ppp/p1p5/8/8/1Pq1PQ2/P1P2RPP/6K1 b - - 3 19,e8e3 f3f7 f8f7 d7d8 e3e8 d8e8 f7f8 f2f8,1296,endgame mate matein4 sacrifice verylong
lSxC3,2kr3r/pp2pp2/2pp1b2/8/P3PnN1/1P1P4/2P2PPP/1R2NRK1 w - - 1 20,g4f6 f4e2 g1h1 h8h2 h1h2 d8h8 f6h7 h8h7,1284,anastasiamate attraction kingsideattack mate matein4 middlegame sacrifice verylong
lUZea,r2r3k/p3RQpp/2p5/8/5B2/7P/Pq3bPK/4R3 b - - 1 23,b2f6 e7e8 d8e8 e1e8 a8e8 f7e8 f6f8 e8f8,1283,mate matein4 middlegame verylong
lWVS4,5qk1/p6p/8/3RN3/2P5/2Q3pP/P4rP1/7K w - - 0 40,e5f3 f2f1 f3g1 f1g1 h1g1 f8f2 g1h1 f2f1,1168,attraction endgame mate matein4 sacrifice verylong
lWt1q,3r2k1/1q1r2p1/p6p/2P2p2/1P3P2/P1B3Pb/2B1RQ1P/6K1 w - - 0 29,f2e3 d7d1 c2d1 d8d1 c3e1 d1e1 e2e1 b7g2,1220,kingsideattack mate matein4 middlegame sacrifice verylong
lYiFx,8/1Q3pk1/2B1pbpp/8/Pp6/6qP/2r3P1/5R1K b - - 5 37,f6e5 b7f7 g7h8 f7f8 h8h7 f1f7 e5g7 f8g7,1095,endgame mate matein4 verylong
lZ4JB,1r3rk1/p4pp1/2pN1b1p/2Pp2q1/6b1/3B4/PPQ3PP/4RRK1 b - - 2 22,b8b2 d3h7 g8h8 d6f7 f8f7 e1e8 f7f8 e8f8,1191,deflection kingsideattack mate matein4 middlegame sacrifice verylong
lZ7bj,r6k/ppRQ2pp/2n5/2b1q3/8/P5PP/5R1K/8 b - - 0 27,c5f2 c7c8 a8c8 d7c8 c6d8 c8d8 e5e8 d8e8,1291,backrankmate endgame mate matein4 verylong
laYCD,r3r1k1/ppp2p1p/3q1n1Q/6N1/3Pp3/5P2/PP2R1PP/4R1K1 b - - 0 23,e4f3 e2e8 a8e8 e1e8 f6e8 h6h7 g8f8 h7f7,1278,kingsideattack mate matein4 middlegame verylong
lbVkt,5r1k/p6p/5qpP/1Q3b2/1P1p4/2rP4/1K5R/4RB2 b - - 2 37,f6b6 b5e5 b6f6 e5f6 f8f6 e1e8 f6f8 e8f8,1231,clearance mate matein4 middlegame verylong
lf9R8,2R5/4pk1p/3p1p1P/3P1Bp1/r6r/5PK1/6P1/6b1 b - - 5 38,h4h6 f5e6 f7g6 c8g8 g6h5 e6g4 a4g4 f3g4,1159,endgame mate matein4 verylong
lfyh8,1r6/4N1Q1/8/1kp1P3/p1r5/K7/P7/8 w - - 5 49,g7g6 c4c3 a3b2 b5c4 b2a1 c3c1 g6b1 c1b1,1282,discoveredattack discoveredcheck endgame exposedking mate matein4 verylong
lgJ9K,1k3r2/1p6/p1p5/4p3/4Pp1q/2PQ1Pp1/PP4P1/R2R3K w - - 1 27,h1g1 h4h2 g1f1 h2h1 f1e2 h1g2 e2e1 g2f2,1065,deflection endgame mate matein4 verylong
lhclN,8/6kp/R5p1/8/5PKP/1r4N1/8/8 w - - 1 47,g3e4 h7h5 g4g5 b3b5 e4c5 b5c5 f4f5 c5f5,1289,endgame master mate matein4 verylong
liRfI,r1bq1r1k/ppp1n1pp/8/2p1p2P/2BnP2N/2NPK3/PPPQ1p2/R6R b - - 3 15,e7c6 h4g6 h7g6 h5g6 c8h3 h1h3 d8h4 h3h4,1043,discoveredattack discoveredcheck kingsideattack mate matein4 middlegame pillsburysmate sacrifice verylong
ljAbT,3k4/2p3R1/1ppppp2/r3r3/2P4P/1PK5/8/6R1 b - - 2 28,d6d5 g7g8 d8d7 g1g7 d7d6 g8d8 d6c5 b3b4,1138,endgame mate matein4 rookendgame verylong
lkdvx,5r2/3B2k1/1p4pp/p7/2p4n/P1P2rKP/1P2QP2/5R2 w - - 3 31,g3h4 f8f4 d7g4 g6g5 h4h5 f3h3 g4h3 f4h4,1283,deflection endgame mate matein4 pin sacrifice verylong
llCDf,1RR5/6pk/1p2pr1p/1P1bN3/3Pp3/4P1Pp/4Qq1K/r7 w - - 0 35,e2f2 f6f2 h2h3 a1h1 h3g4 h6h5 g4g5 f2f5,1232,mate matein4 middlegame verylong
lmqDo,2k1r3/ppq5/2pb1p2/6pp/1P1N3Q/P2n3P/5PP1/B4RK1 w - - 0 26,h4h5 d6h2 g1h1 d3f2 f1f2 e8e1 f2f1 e1f1,1066,deflection fork mate matein4 middlegame sacrifice verylong
lnz8s,rnbq1bkr/1p2p1pp/p4n2/2p1N3/8/2P5/PP1P1PPP/RNBQ1RK1 b - - 0 8,b8d7 d1b3 c5c4 b3c4 f6d5 c4d5 e7e6 d5e6,1213,kingsideattack mate matein4 opening verylong
lpyhM,5rk1/3p4/7Q/p4qp1/3R4/1r6/5PPP/5RK1 w - - 1 32,d4d6 f5f2 f1f2 b3b1 d6d1 b1d1 f2f1 d1f1,1283,endgame mate matein4 sacrifice verylong
lq4S0,4r1kb/1ppr3p/p2p2Q1/3q2B1/6P1/1P6/PP5R/2K4R b - - 0 25,h7g6 h2h8 g8f7 h1h7 f7e6 h8e8 d7e7 h7e7,1144,deflection exposedking mate matein4 middlegame operamate verylong
lrRdk,3r1rk1/1pq2pp1/2pbp1p1/8/8/QB1n3P/PPP2PP1/R1B2RK1 w - - 0 18,a3a4 d6h2 g1h1 d3f2 f1f2 d8d1 f2f1 d1f1,1261,clearance deflection kingsideattack mate matein4 middlegame sacrifice verylong
lsqql,rn3rk1/ppp2ppp/8/3N4/2P3b1/4BNP1/Pq2PKB1/3R3R b - - 1 15,g4f3 d5e7 g8h8 h1h7 h8h7 d1h1 f3h5 h1h5,1267,anastasiamate attraction kingsideattack mate matein4 middlegame sacrifice verylong
lt5XC,7r/1pqnkpp1/2p1p1pr/p1Pp4/3P4/PRP1P2P/1RQ1BPP1/7K w - - 14 24,b3b7 h6h3 g2h3 h8h3 h1g1 c7h2 g1f1 h2h1,1128,kingsideattack mate matein4 middlegame sacrifice verylong
lw3co,3q3k/4b1pp/p2p2P1/1p1Qp3/2r1r3/8/1PP5/2K3RR b - - 0 25,h7h6 h1h6 g7h6 g6g7 h8h7 g7g8q d8g8 d5g8,1266,advancedpawn mate matein4 middlegame promotion sacrifice verylong
lyQSV,4rrk1/p4ppp/8/2pQ1R2/2p5/2P5/2q1B1PP/3R2K1 b - - 0 23,e8e2 d5f7 f8f7 d1d8 e2e8 d8e8 f7f8 f5f8,1245,clearance endgame mate matein4 sacrifice verylong
lznoS,Q7/5rk1/3r2pp/2p5/P2n4/6N1/6PP/4R1K1 w - - 0 33,e1e8 d4e2 e8e2 d6d1 e2e1 d1e1 g3f1 e1f1,1206,clearance endgame mate matein4 sacrifice verylong
m21QU,r6k/ppp2Rp1/1bn4r/6qp/3P4/BQP5/P1P3PP/5R1K b - - 5 20,h6g6 f7f8 a8f8 f1f8 h8h7 b3g8 h7h6 g8h8,1045,kingsideattack mate matein4 middlegame verylong
m33Hy,2r3k1/1p3ppp/4p3/8/1b2N3/4P1P1/q3QP1P/3R1K2 b - - 1 27,c8c2 d1d8 b4f8 e4f6 g7f6 e2g4 g8h8 d8f8,1278,deflection endgame mate matein4 sacrifice verylong
m36zB,2r1k1r1/p4p1p/1pbR1B2/4Pp2/8/P7/1P4PP/5R1K w - - 5 30,f1f2 c6g2 f2g2 c8c1 d6d1 c1d1 g2g1 d1g1,1113,endgame mate matein4 sacrifice verylong
m3ybi,kq5r/1p1r1p2/p1p2N2/2Q5/1P3P2/P3P1p1/2P3P1/3R1RK1 w - - 0 37,f6d7 h8h1 g1h1 b8h8 c5h5 h8h5 h1g1 h5h2,1110,attraction endgame mate matein4 sacrifice verylong
m4fOD,8/4RBbk/p4p1p/2N2p2/P1P5/6K1/5P1P/1r2n3 w - - 2 36,c5e6 b1b3 f2f3 b3f3 g3h4 e1g2 h4h5 f3h3,1166,endgame exposedking mate matein4 verylong
m4wFE,4k3/4P3/4K3/5p1p/8/p5P1/P7/8 b - - 1 50,f5f4 g3f4 h5h4 f4f5 h4h3 f5f6 h3h2 f6f7,1067,advancedpawn endgame mate matein4 pawnendgame quietmove verylong
m6coH,2r4k/p1r1b1pp/1p3p2/5Q2/q1PP1P2/5R2/PB4PP/2R4K b - - 2 22,c7c4 f5c8 c4c8 c1c8 e7d8 c8d8 a4e8 d8e8,1033,backrankmate mate matein4 middlegame verylong xrayattack
m7PdC,r1b2rk1/p4ppp/2N5/3p4/4p3/2P2nP1/PP3K2/R6R b - - 2 24,c8b7 c6e7 g8h8 h1h7 h8h7 a1h1 f3h2 h1h2,1256,anastasiamate attraction mate matein4 middlegame sacrifice verylong
m7jlj,r6r/1p4k1/pq1PRpp1/5p2/5P2/2Q3P1/PP4BP/2R3K1 w - - 1 27,g1h1 h8h2 h1h2 a8h8 g2h3 b6f2 h2h1 h8h3,1221,attraction deflection kingsideattack mate matein4 middlegame sacrifice verylong
m8gzv,5rk1/pp3ppp/2p5/8/P1P2Q2/1P2r3/4q1PP/3R1R1K b - - 4 25,e3b3 f4f7 f8f7 d1d8 e2e8 d8e8 f7f8 f1f8,1261,endgame mate matein4 sacrifice verylong
m9FIy,1rb4k/pp1pbBpn/8/4p3/3nP3/P7/1Pr3P1/1K1R3R b - - 1 22,c2g2 h1h7 h8h7 d1h1 g2h2 h1h2 e7h4 h2h4,1120,attraction mate matein4 middlegame pillsburysmate sacrifice verylong
mATGk,1r6/1p3ppk/n2R3p/5PP1/1P2r2P/2PR4/8/1K6 b - - 0 32,e4h4 g5g6 f7g6 f5g6 h7h8 d6d8 b8d8 d3d8,1216,endgame mate matein4 verylong
mC3zN,2k3r1/pppb3p/1b2pP2/8/7Q/P7/1P3PKP/R1B2R2 w - - 1 22,g2h1 d7c6 h4e4 c6e4 f2f3 e4f3 f1f3 g8g1,1078,mate matein4 middlegame operamate verylong
mDAAs,r3r2k/pp2qpp1/4p2p/6nR/6P1/2P2N2/PPQ2PP1/2K4R b - - 2 22,g5f3 h5h6 g7h6 h1h6 h8g7 c2h7 g7f8 h7h8,1116,kingsideattack mate matein4 middlegame sacrifice verylong
mDvw2,3r2k1/p4ppp/1pq5/4p3/1P6/P3PNN1/2Q2PPP/2n3K1 w - - 2 27,c2c6 d8d1 f3e1 d1e1 g3f1 c1e2 g1h1 e1f1,1206,backrankmate deflection endgame mate matein4 verylong
mE7lE,5r1k/qr5p/3pP3/3Pp2Q/5b2/1PpB4/2P5/1K1R3R b - - 4 36,a7a3 h5h7 b7h7 h1h7 h8g8 d1g1 f4g5 g1g5,1101,mate matein4 middlegame sacrifice verylong
mEJwW,6k1/1p6/p1bRK1pP/2P5/r7/6r1/8/5R2 b - - 1 52,g3g5 d6d8 c6e8 d8e8 g8h7 f1f7 h7h6 e8h8,1029,endgame exposedking mate matein4 verylong
mEfcH,5r2/3k4/1p2p2R/1N1pPrn1/2pP4/P2bK3/1P1N4/7R w - - 3 30,h1h2 f5f3 d2f3 f8f3 e3d2 g5e4 d2c1 f3f1,1127,mate matein4 middlegame pillsburysmate sacrifice verylong
mG6mN,3r4/3r2kp/R4p2/P3pR2/1Pp1P3/2P2P2/2K3PP/8 w - - 1 30,f5f6 d7d2 c2b1 d2d1 b1b2 d8d2 b2a3 d1a1,1037,endgame mate matein4 rookendgame verylong
mHEgh,6k1/Rb2r1pp/4pn2/3pN3/3P4/7P/1r3PP1/R5K1 b - - 1 26,f6e4 a7a8 b7a8 a1a8 b2b8 a8b8 e7e8 b8e8,1067,mate matein4 middlegame sacrifice verylong
mIsAc,4r1kb/3qpp1p/1pp3pB/p1p5/PnP1NQ1P/1P1r4/4RPP1/4R1K1 b - - 7 26,d3d4 e4f6 h8f6 f4f6 e7f6 e2e8 d7e8 e1e8,1253,kingsideattack master mate matein4 middlegame pillsburysmate sacrifice verylong
mJbHB,3r1rk1/p4qb1/8/6R1/Q3p3/8/PPP2PPP/5RK1 w - - 5 29,a4e4 f7f2 f1f2 d8d1 e4e1 d1e1 f2f1 e1f1,1299,mate matein4 middlegame sacrifice verylong
mL4zY,7k/Q6p/1p3pp1/5p2/1P1N4/4P2P/P4nPK/2q5 w - - 0 30,d4e6 c1h1 h2g3 f2e4 g3h4 h1e1 g2g3 e1g3,1292,endgame mate matein4 verylong
mLiFh,4q3/1b2r2k/pp1p2pp/3P4/PPP2p2/5NnP/1Q3RP1/1B4K1 w - - 0 39,b2f6 e7e1 f3e1 e8e1 f2f1 e1f1 g1h2 f1h1,1202,fork mate matein4 middlegame sacrifice verylong
mMMju,8/p4k2/2p2Ppp/3n4/4p1P1/2Bb4/Q2P2RP/1r2K3 w - - 2 34,e1f2 b1f1 f2g3 f1f3 g3h4 g6g5 h4h5 f3h3,1072,endgame exposedking mate matein4 verylong
mN0zp,2k4r/1ppn2b1/p3p2r/3p4/3P2QP/2PB2P1/Pq6/3R1RNK w - - 0 28,g4g7 h6h4 g3h4 h8h4 g1h3 h4h3 h1g1 b2h2,1073,exposedking kingsideattack mate matein4 middlegame sacrifice verylong
mNCv7,1k4r1/pp3p2/7p/2Qp4/7q/1B1P1R1b/PPPN1P1P/4R2K w - - 3 27,e1g1 g8g1 h1g1 h4g4 f3g3 g4d1 d2f1 d1f1,1266,attraction fork mate matein4 middlegame verylong
mOCEx,5rk1/p4ppp/1q2p3/1P1pr3/P4Q2/2R5/1P4PP/3K1R2 b - - 1 21,e5e4 f4f7 f8f7 c3c8 b6d8 c8d8 f7f8 f1f8,1251,endgame mate matein4 sacrifice verylong
mOZGO,2r1r1k1/2q3pp/2pb1p2/3p3N/3Nn3/2P4P/PP2QPP1/R1B2RK1 w - - 1 21,e2g4 d6h2 g1h1 e4f2 f1f2 e8e1 f2f1 e1f1,1068,clearance deflection kingsideattack mate matein4 middlegame sacrifice verylong
mPCes,6k1/pp1r3p/2b1p1B1/q7/5P2/2P5/P1P3PR/2K4R b - - 0 27,h7g6 h2h8 g8f7 h1h7 f7f6 h8f8 d7f7 h7f7,1127,endgame epaulettemate exposedking mate matein4 verylong
mPUhb,3r2k1/p2r1p1b/7Q/4pP2/8/2N3N1/PPP2qPP/R6K w - - 1 25,f5f6 d7d1 a1d1 d8d1 c3d1 f2e1 g3f1 e1f1,1179,fork mate matein4 middlegame sacrifice verylong
mR7v1,r2q1rk1/pbp3p1/1p1pp1B1/7Q/3P1B1b/8/PPP2PP1/R5K1 b - - 3 18,f8f4 h5h7 g8f8 h7h8 f8e7 h8g7 f4f7 g7f7,1155,deflection kingsideattack mate matein4 middlegame verylong
mSNOP,8/p7/1p1kp1Q1/6B1/8/3B1Pbq/P7/6K1 w - - 3 34,g5e3 h3h2 g1f1 h2h1 e3g1 h1f3 g1f2 f3f2,1295,endgame exposedking mate matein4 verylong
mSOx6,4r1k1/5ppp/pQp1r3/2P5/PPq5/7P/5PP1/R2R2K1 w - - 3 25,d1d6 e6e1 a1e1 e8e1 g1h2 c4f4 g2g3 f4f2,1174,endgame mate matein4 verylong
mWyUC,3r1r1k/6pp/8/5q2/8/2Q5/5PPP/1R3RK1 w - - 10 30,b1b7 f5f2 f1f2 d8d1 c3e1 d1e1 f2f1 e1f1,1258,endgame mate matein4 sacrifice verylong
mWziI,8/p1k3qp/Bp1p3n/2pP4/Q1P5/4br2/P5PP/R1R2K2 w - - 0 28,g2f3 g7g1 f1e2 g1f2 e2d3 f2d2 d3e4 d2d4,1079,exposedking mate matein4 middlegame verylong
mXIOC,5r2/q5pk/p2p1r1p/Pp1QpN2/1Pp1P3/8/5PPP/2RR2K1 w - - 5 27,f5d6 a7f2 g1h1 f2f1 d1f1 f6f1 c1f1 f8f1,1042,backrankmate mate matein4 middlegame sacrifice verylong
mYc48,5rk1/6pp/8/p1p1R3/1pN3P1/1P6/1PP2rK1/R7 w - - 0 29,g2g3 f8f3 g3h4 f2h2 h4g5 h7h6 g5g6 f3f6,1187,endgame mate matein4 verylong
mYibU,5rk1/p4ppp/8/1qp2Q2/8/1PP1r3/P5PP/3R1RK1 b - - 3 26,e3c3 f5f7 f8f7 d1d8 b5e8 d8e8 f7f8 f1f8,1209,endgame mate matein4 sacrifice verylong
mZ3qs,8/7p/1R3pk1/2p3p1/2NbPP2/5KP1/2r1B2P/8 w - - 2 38,e2d3 c2f2 f3g4 h7h5 g4h3 g5g4 h3h4 f2h2,1181,deflection endgame mate matein4 verylong
mZ8mH,r1b3k1/pp1n3p/2p5/3p1p2/1P1P2p1/P1N1P1q1/3BB1N1/2RQ1RKr w - - 2 21,g1h1 g3h3 h1g1 g4g3 f1f3 h3h2 g1f1 h2h1,1253,exposedking kingsideattack mate matein4 middlegame verylong
mZaAj,6k1/1Q3pb1/4p1pp/p7/8/1BP3qP/PP1r2P1/5R1K b - - 3 29,g7e5 b7f7 g8h8 f7f8 h8h7 f1f7 e5g7 f7g7,1179,endgame mate matein4 verylong
mbU7U,2r4k/p1r3p1/1p4p1/3Q1pq1/8/P6P/4R3/4R2K b - - 1 38,c7c3 e2e8 c8e8 e1e8 h8h7 d5g8 h7h6 g8h8,1066,endgame mate matein4 verylong
mdX98,1k4rr/ppp5/4p3/4qppp/8/2PQP3/PP1R1PPP/3R2K1 b - - 1 22,b8c8 d3d7 c8b8 d7d8 g8d8 d2d8 h8d8 d1d8,1184,backrankmate endgame mate matein4 sacrifice verylong
mfQ16,3r1rk1/1p3Ppp/p4b2/8/4R1Q1/2q5/P4PPP/3R2K1 b - - 0 21,f8f7 d1d8 f6d8 e4e8 f7f8 g4e6 g8h8 e8f8,1203,backrankmate deflection fork mate matein4 middlegame verylong
mfXYu,r4b1k/p4Qpp/2p5/1p2Bp2/q2P3P/2P2P2/3K2P1/4R3 b - - 2 28,b5b4 e5g7 f8g7 e1e8 a8e8 f7e8 g7f8 e8f8,1236,endgame mate matein4 sacrifice verylong
mgddN,5rk1/5ppp/p7/1pR5/2qP1Q2/P4RK1/1r6/8 b - - 1 35,c4e2 f4f7 f8f7 c5c8 e2e8 c8e8 f7f8 f3f8,1278,endgame mate matein4 sacrifice verylong
mhQ6d,5rk1/5ppp/p1NNp3/8/1p6/3PQq2/PP5P/K1R5 b - - 0 25,f3e3 c6e7 g8h8 d6f7 f8f7 c1c8 f7f8 c8f8,1234,backrankmate deflection endgame mate matein4 sacrifice verylong
mhQf6,4r1k1/ppp1rppp/8/8/2Bn4/P1B2Q2/1P3PPP/6K1 w - - 0 22,f3b7 e7e1 c3e1 e8e1 c4f1 d4e2 g1h1 e1f1,1198,backrankmate deflection endgame mate matein4 sacrifice verylong
mji2z,5rk1/1Q3ppp/p7/4P1q1/8/3R4/PPr3PP/5RK1 b - - 2 24,g5e5 b7f7 f8f7 d3d8 e5e8 d8e8 f7f8 f1f8,1160,endgame mate matein4 sacrifice verylong
mkC8p,3r3k/6pp/p2q2r1/1p1p4/8/2P2Q1P/P1P2RP1/5RK1 b - - 8 35,h8g8 f3f7 g8h8 f7f8 d8f8 f2f8 d6f8 f1f8,1246,backrankmate endgame mate matein4 sacrifice verylong
moi5i,4r1k1/pQ3ppp/3pb3/P7/1Pq5/8/5PPP/3R1RK1 w - - 2 22,d1d6 c4f1 g1f1 e6c4 d6d3 c4d3 f1g1 e8e1,1251,attraction backrankmate endgame mate matein4 sacrifice verylong
moroW,8/4P1pk/2Q3bp/3Pqp2/2P1p3/4r1PP/5RK1/5R2 w - - 1 38,c6e6 e5g3 g2h1 g3h3 h1g1 e3g3 f2g2 g3g2,1132,deflection endgame mate matein4 verylong
mpDew,1k2r3/1p4Q1/p2R3p/1qp3p1/8/r1P2N2/5PPP/5RK1 w - - 3 29,g7h6 b5f1 g1f1 a3a1 d6d1 a1d1 f3e1 d1e1,1119,attraction mate matein4 middlegame sacrifice verylong
mqbeV,6k1/r3q1p1/4p1P1/3b4/2pPp3/2P1P3/4KP2/1Q5R b - - 2 31,a7b7 h1h8 g8h8 b1h1 h8g8 h1h7 g8f8 h7h8,1246,attraction endgame mate matein4 sacrifice verylong
mqfhe,2kr3r/pp3P2/1qn1p3/3pPn2/7p/2p2N2/PP1Q2PP/R1B2R1K w - - 0 20,d2c3 f5g3 h2g3 h4g3 c1h6 h8h6 f3h2 h6h2,1166,discoveredattack discoveredcheck kingsideattack mate matein4 middlegame sacrifice verylong
ms21z,3r1rk1/p1p3p1/2p4p/5q2/8/4R3/PPQ2PPP/5RK1 w - - 0 21,c2c6 f5f2 f1f2 d8d1 e3e1 d1e1 f2f1 e1f1,1265,endgame mate matein4 sacrifice verylong
mv4rc,1r6/2p3k1/1pB2q2/p1nPR2p/2P4r/5Pp1/P3Q1P1/4R2K w - - 0 37,h1g1 h4h1 g1h1 f6h4 h1g1 h4h2 g1f1 h2h1,1179,attraction kingsideattack mate matein4 middlegame sacrifice verylong
mv9aY,4r3/3R4/6kp/4Bp2/p2P4/7P/5PPK/r7 b - - 3 37,a1a2 d7g7 g6h5 g2g4 f5g4 h3g4 h5h4 e5g3,1082,endgame mate matein4 verylong
mvAUz,3r2r1/8/4p3/R1P1B3/1P1Pb1p1/3k2Pp/P4P2/4R1K1 w - - 1 38,b4b5 h3h2 g1h2 g8h8 e5h8 d8h8 h2g1 h8h1,1071,advancedpawn attraction endgame mate matein4 operamate sacrifice verylong
mze4r,k3r3/pp2r1p1/1P1Q3p/P1p5/2P1q3/4b3/5PPP/RR4K1 w - - 0 33,f2e3 e4e3 g1h1 e3e1 b1e1 e7e1 a1e1 e8e1,1046,backrankmate endgame mate matein4 sacrifice verylong
n31IQ,3kr2r/ppq2ppp/3b4/3p4/3Nn1Q1/2P1N3/PP3PPP/R1B2RK1 w - - 4 17,e3d5 d6h2 g1h1 e4f2 f1f2 e8e1 f2f1 e1f1,1257,clearance deflection kingsideattack mate matein4 middlegame verylong
n3efc,1R6/2P5/1Pk5/6p1/2r4p/5p1P/2r2P1K/3R4 w - - 5 46,d1d8 c2f2 h2g1 f2g2 g1f1 c4c1 d8d1 c1d1,1275,endgame mate matein4 rookendgame verylong
n6YKL,4rn2/4r1k1/R1R5/p1pB4/PpPp1pP1/1P1P1P2/5K2/8 w - - 3 46,a6a5 e7e2 f2f1 e2e1 f1g2 e8e2 g2h3 e1h1,1010,endgame master mate matein4 verylong
n6hzK,5r2/1bp4k/1p4pp/p3P3/5RP1/2PQ2K1/1q6/4R3 w - - 0 35,f4f8 b2g2 g3h4 g2h2 d3h3 g6g5 h4h5 h2h3,1293,deflection endgame mate matein4 verylong
n7lcS,r1bq1k2/pp3p1Q/2n2bp1/4p3/6P1/1P3P2/PBP5/2K2BNR w - - 2 19,f1c4 f6g5 f3f4 g5f4 c1b1 d8d1 b2c1 d1c1,1082,mate matein4 middlegame queensideattack verylong
n7rmY,2b1qr2/p1p2rpk/1p1bp1pp/3p4/5PBQ/1P1PP1RR/PBP3PP/7K b - - 13 29,d6e7 h4h6 g7h6 h3h6 h7h6 g3h3 e7h4 h3h4,1085,attraction mate matein4 middlegame pillsburysmate sacrifice verylong
n86Zo,2rq1r1k/1p5p/p1b2pR1/4pP1N/3pP2Q/4bB1P/PPP4K/R7 b - - 5 26,h7g6 h5f6 h8g7 h4h7 g7f6 h7g6 f6e7 g6e6,1238,discoveredattack discoveredcheck exposedking kingsideattack mate matein4 middlegame swallowstailmate verylong
n8HxI,5rk1/3R3p/6pP/P4pP1/4r3/4p1PK/3p1q2/1R6 b - - 2 50,f8f7 b1b8 e4e8 b8e8 f7f8 d7g7 g8h8 e8f8,1243,deflection endgame mate matein4 queenrookendgame verylong
nCPxt,r1b2r1k/pp2p1bp/3p2p1/2n3P1/1qBNP3/2N2P2/PPP1Q3/R3K2R b KQ - 2 16,g7d4 h1h7 h8h7 e2h2 c8h3 h2h3 h7g7 h3h6,1210,attraction kingsideattack mate matein4 middlegame sacrifice verylong
nEVf8,3rr1k1/1pq2pp1/p5bp/6N1/2p1Nn1Q/P3R2P/1PP2PP1/4R1K1 b - - 1 24,h6g5 e4f6 g7f6 e3e8 d8e8 e1e8 g8g7 h4h8,1279,discoveredattack kingsideattack mate matein4 middlegame verylong
nFktB,5rk1/Rpp2q2/7p/3PP1p1/1P3p2/5Pn1/1B2Q1PP/5R1K w - - 1 30,h2g3 f7h5 h1g1 f4g3 f1d1 h5h2 g1f1 h2h1,1294,endgame intermezzo mate matein4 verylong
nIwKD,5rk1/6pp/8/1R6/P5P1/1P6/5rK1/R7 w - - 0 33,g2h3 f8f3 h3h4 f2h2 h4g5 h7h6 g5g6 f3f6,1246,endgame mate matein4 rookendgame verylong
nJHzr,1r2r3/p4p1k/1q3Pp1/3pp1Qp/8/2P4R/P1P3PP/4R2K b - - 1 25,b6f2 h3h5 h7g8 h5h8 g8h8 g5h6 h8g8 h6g7,1296,attraction endgame mate matein4 sacrifice verylong
nJSMG,1q4k1/2r3p1/4p1Pp/p2p3P/3P1Q2/1r6/1P3R2/1K3R2 b - - 7 34,c7c8 f4f7 g8h8 f7f8 c8f8 f2f8 b8f8 f1f8,1283,endgame fork mate matein4 sacrifice verylong
nOzlV,r6r/1b4Q1/p2k4/1p6/3n4/8/PP3PPP/5RK1 w - - 1 31,g7b7 d4e2 g1h1 h8h2 h1h2 a8h8 b7h7 h8h7,1122,anastasiamate attraction endgame mate matein4 sacrifice verylong
nPd8P,2r3k1/1p2n1pp/p3p3/3pP1Q1/4r3/5N2/PP1R1PPP/2q2RK1 w - - 7 26,g5e7 c1f1 g1f1 c8c1 d2d1 c1d1 f3e1 d1e1,1224,attraction kingsideattack mate matein4 middlegame sacrifice verylong
nPe7y,2kr3r/6R1/p1p5/1p2p1p1/8/2NB4/PPP2bPP/R6K w - - 3 20,g7g5 h8h2 h1h2 d8h8 d3h7 h8h7 g5h5 h7h5,1212,attraction mate matein4 middlegame pillsburysmate sacrifice verylong
nQYi0,r2q1r2/2p2p1k/p1p1pPp1/6Qp/8/P6R/1P4PP/R6K b - - 4 30,f8h8 h3h5 h7g8 h5h8 g8h8 g5h6 h8g8 h6g7,1287,attraction endgame mate matein4 verylong
nRJse,1k2q3/2p2R2/pp3Q2/2bBp3/4P3/2P5/PP2n1PP/5R1K w - - 1 28,f6c6 e2g3 h2g3 e8h8 f7h7 h8h7 c6h6 h7h6,1075,mate matein4 middlegame sacrifice verylong
nSJn9,5r1k/pp1R3p/5p2/5N2/P7/1P3KP1/1B2r1pP/8 b - - 0 31,g2g1q b2f6 f8f6 d7d8 e2e8 d8e8 f6f8 e8f8,1163,endgame mate matein4 sacrifice verylong
nSfvt,1r3bk1/5p1p/p3pBp1/1q2P3/3RR2Q/1P4P1/r4PKP/8 b - - 1 24,a2a1 h4h7 g8h7 e4h4 f8h6 h4h6 h7h6 d4h4,1299,attraction kingsideattack master mate matein4 middlegame pillsburysmate sacrifice verylong
nSjsr,5rk1/ppp2ppp/8/5Q2/8/1PP1r1qP/6P1/3R1R1K b - - 5 24,e3e2 f5f7 f8f7 d1d8 e2e8 d8e8 f7f8 f1f8,1274,endgame mate matein4 sacrifice verylong
nTsS2,r4rk1/p2p1ppp/bp6/q2N4/4PP2/4RKP1/P7/1R5Q b - - 0 26,a6b7 d5e7 g8h8 h1h7 h8h7 b1h1 a5h5 h1h5,1222,anastasiamate attraction kingsideattack mate matein4 middlegame sacrifice verylong
nVL9M,2k4r/p4p2/2p5/3qPP2/1b1pNRp1/3Q2Pr/PPP1R3/6K1 w - - 10 26,f4g4 h3h1 g1g2 h8h2 g2f3 h1f1 e2f2 f1f2,1149,exposedking kingsideattack mate matein4 middlegame pin verylong
nW60B,2r1r2k/p6p/3p2p1/1P6/P4P2/1P1Q4/3R2PP/2q2R1K w - - 3 28,f1c1 c8c1 d2d1 e8e1 d1e1 c1e1 d3f1 e1f1,1268,backrankmate endgame mate matein4 queenrookendgame verylong xrayattack
nWh34,1R1rk2r/p4p2/b1pBp3/3pP2p/P1q2bp1/5N1P/2P3P1/1Q2R2K b k - 5 22,g4f3 b8d8 e8d8 b1b8 a6c8 b8c7 d8e8 c7c8,1195,attraction deflection mate matein4 middlegame verylong
nWx2k,r1b1r1k1/ppp2p1p/5P1B/2b5/8/3B4/PPP2qPP/R2Q3K b - - 0 17,g8h8 h6g7 h8g8 d3h7 g8h7 d1h5 h7g8 h5h8,1250,attraction kingsideattack mate matein4 middlegame sacrifice verylong
nYsLt,8/1RBrr1pk/5p1p/5PPK/7P/8/8/8 b - - 0 49,d7c7 g5g6 h7h8 b7b8 c7c8 b8c8 e7e8 c8e8,1139,endgame mate matein4 rookendgame verylong
nZNiJ,5rk1/p4ppp/8/3Q4/3R4/4q3/PPr3PP/5R1K b - - 0 24,c2b2 d5f7 f8f7 d4d8 e3e8 d8e8 f7f8 f1f8,1212,clearance endgame mate matein4 sacrifice verylong
nc9iV,5k2/R2R1B1p/5b1n/p5p1/P4pP1/2r4P/5PK1/8 w - - 3 32,f7h5 f4f3 g2h2 f6e5 h2g1 c3c1 d7d1 c1d1,1262,endgame mate matein4 verylong
netmG,6k1/5p2/2p3pp/3rb3/1PQ1B3/pP4qP/P5P1/5RK1 b - - 5 36,d5d2 c4f7 g8h8 f7f8 h8h7 f1f7 e5g7 f8g7,1124,endgame mate matein4 verylong
nfGCi,2b3rk/8/4p3/8/3P1p1P/2P1p3/PP3P1P/R4R1K w - - 0 32,f2e3 c8b7 d4d5 b7d5 e3e4 d5e4 f1f3 e4f3,1135,endgame mate matein4 morphysmate verylong
nggZw,1r6/p1p4k/3p4/1q5p/4p3/4PbB1/P1PQ1P1P/2K1R3 w - - 1 33,d2c3 b5b1 c1d2 b1e1 d2e1 b8b1 e1d2 b1d1,1258,attraction endgame mate matein4 operamate queensideattack sacrifice verylong
nhBRD,r1b2rk1/p5p1/3b1pP1/qp2pP1Q/P2nP2P/3P4/1B1P4/1K1R3R b - - 0 23,f8d8 h5h7 g8f8 h7h8 f8e7 h8g7 e7e8 g7f7,1162,deflection kingsideattack mate matein4 middlegame verylong
nl87n,5bk1/1p3ppp/3P4/Br6/P5n1/7P/2r3P1/R5RK w - - 0 28,a4b5 g4f2 h1h2 f8d6 g2g3 f2g4 h2h1 c2h2,1245,discoveredcheck doublecheck endgame mate matein4 verylong
nlxER,rr5k/2R3pp/5p2/1q6/2QPpB2/4P3/1P3PPP/5RK1 w - - 1 27,c4f7 b5f1 g1f1 a8a1 c7c1 a1c1 f1e2 b8b2,1269,attraction mate matein4 middlegame sacrifice verylong
no821,8/p2k1pQ1/1p2pnq1/7p/3P3P/P5B1/5PP1/6K1 w - - 1 33,g7f8 g6b1 g1h2 f6g4 h2h3 b1h1 g3h2 h1h2,1077,endgame mate matein4 verylong
noMJ1,r1b2rk1/ppp2pp1/2n2b1p/6N1/3p3P/2PBqN2/PPQ3P1/4RK1R b - - 5 15,e3f4 d3h7 g8h8 g5f7 f8f7 e1e8 f7f8 e8f8,1051,deflection kingsideattack mate matein4 middlegame sacrifice verylong
noapR,6k1/1b3q1p/5ppP/1pB1p3/1P4Q1/1r3P2/3p2P1/R5K1 b - - 0 37,b3d3 a1a8 b7a8 g4c8 d3d8 c8d8 f7e8 d8e8,1115,endgame fork mate matein4 sacrifice verylong
nrCxS,8/2R3p1/5pkp/1p6/pn2NPP1/8/6KP/3r4 b - - 0 39,a4a3 f4f5 g6h7 e4f6 h7h8 c7c8 d1d8 c8d8,1108,deflection endgame mate matein4 pin verylong
nrKLe,4r1rk/pp4qp/3Q1p2/2p5/3p4/3B4/PPP2RbP/6RK w - - 0 29,f2g2 g7g2 g1g2 e8e1 d3f1 e1f1 g2g1 f1g1,1204,mate matein4 middlegame sacrifice verylong
nrTCs,r4r2/5pk1/p4n2/1p3Q2/6p1/3p4/1PPK4/q2RR3 b - - 3 31,a1b2 f5g5 g7h8 e1h1 f6h7 h1h7 h8h7 d1h1,1250,attraction mate matein4 middlegame sacrifice verylong
nrh7j,3rr1k1/Q5pp/1p2q3/2p5/4N3/3p1R2/PP4PP/5RK1 b - - 0 29,e6e4 a7f7 g8h8 f7f8 e8f8 f3f8 d8f8 f1f8,1082,backrankmate endgame mate matein4 sacrifice verylong
ns1QO,r2q1rk1/ppp2ppp/8/2N1n3/2P3b1/Q5P1/5PBP/R1B1RK2 w - - 0 19,e1e5 d8d1 e5e1 g4e2 f1g1 d1e1 g2f1 e1f1,1167,deflection mate matein4 middlegame verylong
nserY,3k4/pp2RB2/2p2b2/3p4/8/2PKP2Q/PP3q2/8 b - - 0 36,d8e7 h3e6 e7f8 e6e8 f8g7 e8g8 g7h6 g8g6,1032,endgame exposedking mate matein4 verylong
nu1EK,8/3Q4/1pR3pk/7p/p2P2n1/P5P1/BP6/2q2K2 w - - 1 43,f1e2 c1e3 e2d1 g4f2 d1c2 e3d3 c2c1 d3d1,1201,endgame exposedking master mate matein4 verylong
nuXEs,8/3R4/4Pk2/4R3/2N3pp/1r4P1/5P1P/6K1 w - - 2 39,e6e7 b3b1 d7d1 b1d1 e5e1 d1e1 g1g2 h4h3,1193,endgame mate matein4 verylong
nvCaV,3r1rk1/5ppp/8/8/8/4PQ2/1q1B2PP/2R2RK1 b - - 2 27,d8d2 f3f7 f8f7 c1c8 d2d8 c8d8 f7f8 f1f8,1238,endgame master mate matein4 sacrifice verylong
nwi9O,2r3Q1/1p3p2/pkq2p2/2bR4/8/4B1P1/PPP2P1P/2KR4 w - - 5 31,g8f7 c5e3 c1b1 c6c2 b1a1 c2c1 d1c1 c8c1,1104,backrankmate discoveredattack mate matein4 middlegame verylong
nxGRk,r1n2r1k/pb1q2pp/3P1R2/1Np1B3/2B5/1P6/P5PP/Q5K1 b - - 0 21,g7f6 e5f6 f8f6 a1f6 d7g7 f6d8 g7f8 d8f8,1295,kingsideattack mate matein4 middlegame verylong
nzFwz,5rk1/5ppp/2q1p3/8/5Q2/4r1PK/3R1R1P/8 b - - 5 46,e3e4 f4f7 f8f7 d2d8 c6e8 d8e8 f7f8 f2f8,1279,endgame mate matein4 sacrifice verylong
nzzLP,r5rk/p6p/2q3b1/2pp1pQ1/8/2NP1PK1/PPP5/R6R b - - 0 23,g6f7 h1h7 h8h7 a1h1 f7h5 h1h5 c6h6 h5h6,1206,attraction kingsideattack mate matein4 middlegame sacrifice verylong
o2FH6,5r1k/pp1R2pp/5q2/7Q/4p3/P1r5/5PPP/5RK1 w - - 3 25,d7b7 f6f2 f1f2 c3c1 h5d1 c1d1 f2f1 d1f1,1153,endgame mate matein4 sacrifice verylong
o3UxM,6k1/4pp1p/qn4p1/3pB3/1RpPn3/2P1P2P/1Q3PP1/r4BK1 b - - 2 25,b6d7 b4b8 d7f8 b8f8 g8f8 b2b8 a6c8 b8c8,1068,attraction kingsideattack mate matein4 middlegame sacrifice verylong
o3yDj,8/1rp2pkp/5Np1/3PNpP1/1p6/1Pn1R3/1KP2P1P/r7 w - - 0 31,b2a1 b7a7 a1b2 a7a2 b2c1 a2a1 c1d2 a1d1,1239,endgame exposedking hookmate mate matein4 verylong
o5ZfQ,r1b1B2k/4n1pp/p1pp4/1p5Q/PP2P3/2PPq3/3N2PP/5R1K b - - 0 21,e3d2 f1f8 e7g8 f8g8 h8g8 h5f7 g8h8 f7f8,1147,attraction kingsideattack mate matein4 middlegame sacrifice verylong
o5hLs,1r3r2/2k2N1p/p4R2/2bPp3/4P1Q1/1q5P/1p4PK/1q6 b - - 1 34,c5e3 f6c6 c7b7 g4d7 b7a8 c6a6 e3a7 a6a7,1291,deflection exposedking mate matein4 middlegame verylong
o6T54,r1b2rk1/pp3pp1/1qp4p/3PN1b1/4B3/6P1/PPQ2P1P/3RR1K1 b - - 0 17,c6d5 e4h7 g8h8 e5f7 f8f7 e1e8 f7f8 e8f8,1168,clearance deflection kingsideattack mate matein4 middlegame sacrifice verylong
o7ar9,1b3r1k/5p1p/4p3/2RnNp2/q2P4/P3Q3/1P5P/2K3R1 b - - 3 28,d5e3 e5f7 f8f7 c5c8 a4e8 c8e8 f7f8 e8f8,1150,fork mate matein4 middlegame sacrifice verylong
o8q93,5rk1/p1p4p/1p1p2p1/3p4/2PB1q2/2P2r2/P1K1QP1R/6R1 b - - 6 27,f4h2 e2e6 f3f7 g1g6 h7g6 e6g6 f7g7 g6g7,1275,endgame mate matein4 sacrifice verylong
o8skT,r1r3k1/3Q2pp/4p3/p7/2P1q3/7P/5RP1/5R1K b - - 4 32,e4c4 d7f7 g8h8 f7f8 c8f8 f2f8 a8f8 f1f8,1224,backrankmate endgame mate matein4 sacrifice verylong
o9az2,4r1k1/1ppR1pB1/2n3q1/p4N2/4P2p/1P5P/P4PPK/3R4 b - - 0 24,e8e4 d7d8 c6d8 d1d8 e4e8 d8e8 g8h7 e8h8,1165,mate matein4 middlegame operamate sacrifice verylong
oBH2c,1r1r3k/p4Qpp/3P4/8/8/P6P/4R1P1/3qR2K b - - 0 34,d1d6 e2e8 d8e8 e1e8 b8e8 f7e8 d6f8 e8f8,1136,endgame mate matein4 verylong
oBJe7,r7/p7/R7/2P2k2/3P4/2P2bPp/P4P2/RN4K1 w - - 1 28,b1d2 h3h2 g1h2 a8h8 a6h6 h8h6 h2g1 h6h1,1300,advancedpawn attraction endgame mate matein4 operamate verylong
oBns5,3r3k/1b4p1/4p1P1/4Pp2/1ppq4/2r2P2/4K2Q/1B3R2 b - - 1 38,h8g8 h2h7 g8f8 h7h8 f8e7 h8g7 e7e8 g7f7,1178,deflection mate matein4 middlegame verylong
oBqJg,7r/p4kp1/4p2r/2Pp3q/8/3Q1PP1/P3R2P/4R2K w - - 0 30,d3e3 h5h2 e2h2 h6h2 h1g1 h2h1 g1g2 h8h2,1056,blindswinemate endgame mate matein4 sacrifice verylong
oIZC5,6k1/p2Pbp2/b1p5/5p2/8/1BP5/PP2rPPP/R1K4R w - - 1 23,b3d1 e7g5 f2f4 g5f4 c1b1 a6d3 d1c2 d3c2,1081,endgame mate matein4 queensideattack verylong
oJ2gT,2r3k1/5p1p/5Bp1/2b1P1P1/pp2R2Q/3q3P/1P4K1/8 b - - 15 45,c5f8 h4h7 g8h7 e4h4 f8h6 h4h6 h7g8 h6h8,1260,attraction endgame mate matein4 operamate sacrifice verylong
oJV2r,k2r3r/pp4pp/2b1pp1n/2P5/2qP1B2/7P/5PP1/R1R4K b - - 1 29,c4d5 a1a7 a8a7 c1a1 d5a2 a1a2 c6a4 a2a4,1045,attraction mate matein4 middlegame queensideattack sacrifice verylong
oLFW4,4r2k/pp1R1Q1p/5p1q/4r3/1P6/P7/5PPP/3R2K1 w - - 2 27,h2h3 e5e1 d1e1 e8e1 g1h2 h6f4 g2g3 f4f2,1041,endgame mate matein4 verylong
oLbc8,r1q2rk1/pp3pp1/1b2p1p1/4n1B1/4NN1R/8/PP4PP/R6K b - - 1 22,c8c6 e4f6 g7f6 g5f6 c6c1 a1c1 g6g5 h4h8,1290,kingsideattack mate matein4 middlegame operamate sacrifice verylong
oMak1,1r3rk1/5ppp/3p4/p2Nn1q1/P1p1P3/1pP3P1/1P3NP1/1K1R3R b - - 1 25,g5g3 d5e7 g8h8 h1h7 h8h7 d1h1 g3h2 h1h2,1132,anastasiamate attraction kingsideattack mate matein4 middlegame sacrifice verylong
oNKtV,4r3/R7/1p1R4/2n2pk1/8/5P2/P5PP/6K1 w - - 3 35,d6b6 e8e1 g1f2 c5d3 f2g3 f5f4 g3h3 d3f2,1016,endgame mate matein4 verylong
oNmrB,r2q2k1/r4ppp/4p3/1b1pN3/5Q2/4R3/5PPP/2R3K1 b - - 3 28,a7a1 f4f7 g8h8 e5g6 h7g6 e3h3 d8h4 h3h4,1298,mate matein4 middlegame sacrifice verylong
oO0R1,8/R4ppk/7p/2KNnP2/4P3/1r1r4/8/8 b - - 5 38,f7f6 d5f6 h7h8 a7a8 b3b8 a8b8 d3d8 b8d8,1056,endgame mate matein4 pin verylong
oOH4n,2r2r2/1p4k1/pn3q2/8/P7/1P5Q/5PPP/3R1RK1 w - - 3 27,d1d3 f6f2 f1f2 c8c1 d3d1 c1d1 f2f1 d1f1,1162,mate matein4 middlegame sacrifice verylong
oQSu2,2k1r3/ppp2ppp/2p5/q7/2P1n3/3RP2P/P1P1B1P1/3R2K1 b - - 3 17,a5a2 e2g4 f7f5 g4f5 c8b8 d3d8 e8d8 d1d8,1238,backrankmate endgame mate matein4 verylong
oRLDi,7k/1p3Qbp/p1b3p1/8/P1P1N3/1P2r3/q5PP/3R2K1 b - - 0 29,e3e4 d1d8 c6e8 d8e8 e4e8 f7e8 g7f8 e8f8,1047,endgame mate matein4 verylong
oS7Ps,4r2k/pp3p1p/5R2/2pp4/8/3P1NPQ/PPP1rqPP/R6K w - - 3 20,f6f7 e2e1 f3e1 e8e1 a1e1 f2e1 f7f1 e1f1,1244,kingsideattack mate matein4 middlegame sacrifice verylong
oSFWA,r6r/3kp3/3p1p2/5N2/4P1K1/1Q4P1/p7/8 b - - 4 42,a2a1q b3b7 d7d8 b7e7 d8c8 f5d6 c8b8 e7b7,1221,endgame mate matein4 verylong
oSlnt,2r2rk1/pp3ppp/4p3/1q2P3/5Q2/8/PP1R2PP/5RK1 b - - 0 24,c8c5 f4f7 f8f7 d2d8 b5e8 d8e8 f7f8 f1f8,1216,endgame master mate matein4 sacrifice verylong
oUif2,4Rrk1/p4ppp/2p5/8/3n4/P4q2/1PPB4/2K1R3 b - - 2 31,f3f2 e8f8 g8f8 d2b4 c6c5 b4c5 f8g8 e1e8,1163,attraction backrankmate endgame mate matein4 verylong
oVQP1,8/6pp/1R3k2/4p3/1p6/2b2KP1/r1p2P1P/5R2 b - - 7 33,f6g5 h2h4 g5h5 g3g4 h5h4 f1h1 h4g5 h1h5,1218,endgame mate matein4 verylong
oW7tY,1r3qk1/p4p1p/5QpP/2pB2P1/8/2K5/PP2r3/3R4 b - - 5 34,b8b6 d5f7 f8f7 d1d8 e2e8 d8e8 f7e8 f6g7,1271,endgame mate matein4 sacrifice verylong
oauKF,2r3k1/R5p1/1p2p2p/3n4/3PPn2/P4N2/1P1N1PPP/6K1 w - - 1 25,e4d5 c8c1 d2f1 f4e2 g1h1 c1f1 f3g1 f1g1,1192,deflection endgame mate matein4 verylong
ob73N,2k2b1r/1b1r1N2/pB1p1p2/3P1n2/7p/P7/1PP2PPP/R3R1K1 b - - 0 22,d7f7 e1e8 c8d7 e8d8 d7e7 a1e1 f5e3 e1e3,1098,exposedking mate matein4 middlegame queensideattack verylong
obmga,5r1k/7p/2R3p1/1Q2pq2/8/8/3r1PPP/5RK1 w - - 1 32,b5b4 f5f2 f1f2 d2d1 b4e1 d1e1 f2f1 e1f1,1281,endgame mate matein4 sacrifice verylong
obsyN,r4rk1/5ppp/p7/2pNQ3/2P2b2/8/P1K3P1/3R3R b - - 0 25,f4e5 d5e7 g8h8 h1h7 h8h7 d1h1 e5h2 h1h2,1253,anastasiamate attraction endgame mate matein4 sacrifice verylong
ocpJr,5rk1/1pr2Bpp/p1b5/8/8/7P/PqP2QP1/3R1RK1 b - - 0 23,c7f7 f2f7 f8f7 d1d8 c6e8 d8e8 f7f8 f1f8,1259,mate matein4 middlegame sacrifice verylong
odRs1,5rk1/p4p2/2p4p/3p4/6qp/1N1PRbP1/PPP2P1K/R3Q3 w - - 0 25,b3d2 h4g3 f2g3 g4h5 h2g1 h5h1 g1f2 h1g2,1270,mate matein4 middlegame verylong
oeU98,r7/p1pk2pp/2pp4/4p3/6qb/3PBbN1/PPP2P2/R3QRK1 w - - 4 23,g1h2 h4g3 f2g3 g4h5 h2g1 h5h1 g1f2 h1g2,1225,epaulettemate exposedking mate matein4 middlegame verylong
oekiF,r4rkR/2qbb1n1/p1n1p1Q1/1p1p2P1/3P1P2/2P5/PP1N3P/R1B3K1 b - - 2 21,g8h8 g6h6 h8g8 g5g6 f8f4 h6h7 g8f8 h7h8,1298,exposedking kingsideattack mate matein4 middlegame verylong
oezo4,2k2r2/1p6/pQp1b3/3pP3/8/2NB1r1P/PPPq4/1K5R w - - 8 33,d3a6 f3f1 h1f1 f8f1 a6f1 d2e1 c3d1 e1d1,1241,fork mate matein4 middlegame sacrifice verylong
ogKTv,3r2k1/p2qbppp/1p6/3rPR2/1PQB4/P7/6PP/5RK1 b - - 0 24,d5d4 c4f7 g8h8 f7f8 e7f8 f5f8 d8f8 f1f8,1132,backrankmate mate matein4 middlegame sacrifice verylong
ogM3C,5rk1/6pp/2pRpp2/p7/r1P1Pq2/8/2P1Q1PP/3R2K1 b - - 1 26,f8c8 d6d8 c8d8 d1d8 g8f7 e2h5 g7g6 h5h7,1182,endgame mate matein4 verylong
ognCs,6rk/6pp/2R5/1p2p3/4P1Q1/P2q3P/1P3r2/6RK b - - 1 32,f2b2 g4g7 g8g7 c6c8 d3d8 c8d8 g7g8 g1g8,1188,endgame master mate matein4 sacrifice verylong
oiENK,2Q5/p2P1ppk/1p2r2p/2p2q2/8/4r2P/P4PP1/3R2K1 w - - 0 29,d7d8q e3e1 d1e1 e6e1 g1h2 f5f4 g2g3 f4f2,1191,endgame mate matein4 verylong
ok8g3,2kr3r/1b1p1pp1/p3p3/1pb1q3/5B2/2NQ2P1/PP2B1PN/R4R1K w - - 6 18,f4e5 h8h2 h1h2 d8h8 d3h7 h8h7 e2h5 h7h5,1220,attraction kingsideattack mate matein4 middlegame pillsburysmate sacrifice verylong
olS2R,8/1Q1P4/5ppk/2p1p2p/3nP2P/6P1/5PK1/3q4 w - - 0 42,d7d8q d1f3 g2g1 d4e2 g1f1 e2g3 f1e1 f3e2,1197,endgame master mate matein4 pin verylong
op7bb,5rk1/pp3r1p/1q4b1/3pRn2/5N2/3B3Q/PP1B2PP/5R1K w - - 1 26,f4g6 f5g3 h2g3 f7f1 d3f1 f8f1 h1h2 b6g1,1046,discoveredattack kingsideattack master mate matein4 middlegame verylong
or5SI,5r1k/8/6Q1/1N1pPn1p/8/4q3/2P3PP/5RK1 w - - 1 27,g1h1 f5g3 h2g3 f8f1 h1h2 e3g1 h2h3 g1h1,1079,discoveredattack endgame mate matein4 verylong
orUja,1r3r2/p1R1p1k1/4Qbpp/3B1pN1/3p1P2/2nP3P/2Pq1PK1/8 b - - 9 32,d2f4 c7e7 f6e7 e6e7 f8f7 e7f7 g7h8 f7f6,1142,mate matein4 middlegame verylong
osXG2,1r2k3/1p2ppbp/2p3p1/8/q7/3QP2P/P2R2P1/3R2K1 b - - 1 27,a4a5 d3d7 e8f8 d7d8 b8d8 d2d8 a5d8 d1d8,1238,backrankmate endgame mate matein4 sacrifice verylong
osbdA,rn4k1/pQp2rpp/8/2b1n3/3p4/8/PPP1N1PP/RNB3K1 w - - 0 14,b7a8 d4d3 e2d4 c5d4 c1e3 d4e3 g1h1 f7f1,1148,backrankmate discoveredattack discoveredcheck mate matein4 middlegame verylong
ot4hf,5r2/R4p1p/1k1p2p1/pp6/3P4/KPPnN2P/P7/7R w - - 11 34,a7e7 b5b4 c3b4 a5b4 a3a4 f8a8 e7a7 a8a7,1295,endgame mate matein4 verylong
otJH0,5r2/pBp1k1pQ/1p2P2p/4P1q1/8/2P5/P1Pb2PP/5RK1 w - - 1 24,f1f8 g5e3 f8f2 e3e1 f2f1 d2e3 g1h1 e1f1,1225,clearance deflection endgame master mate matein4 verylong
otwe8,4r2r/pp1k2p1/2pp2p1/4p3/1PP1Pn1B/P2P1P2/3N2PP/R3NRK1 w - - 0 23,h4f2 f4e2 g1h1 h8h2 h1h2 e8h8 f2h4 h8h4,1211,anastasiamate attraction kingsideattack mate matein4 middlegame sacrifice verylong
ouY1L,k3r3/1bp4q/1pN5/pQbPPp2/5Ppp/6P1/6KP/R4R2 b - - 1 31,h4g3 a1a5 b6a5 b5a5 b7a6 a5a6 c5a7 a6a7,1260,exposedking fork mate matein4 middlegame sacrifice verylong
oyC8r,8/4k2p/3Rp1p1/4p1PP/p3P3/P4P2/rr6/2KR4 b - - 5 34,g6h5 d6d7 e7f8 d7d8 f8f7 d1d7 f7g6 d8g8,1081,endgame mate matein4 rookendgame verylong
p2TBD,2r4k/1p3prp/p2p1Q2/P3pP2/6q1/1P6/1P4PP/4R1RK w - - 2 25,e1e3 g4g2 g1g2 c8c1 e3e1 c1e1 g2g1 e1g1,1045,endgame kingsideattack mate matein4 sacrifice verylong
p3RTh,1Qr3k1/5p2/p1r1pBp1/1p1pPqNp/8/1P5P/P4PP1/R5K1 w - - 24 41,b8b7 c6c1 a1c1 c8c1 g1h2 f5f4 g2g3 f4f2,1103,kingsideattack mate matein4 middlegame verylong
p4cCd,8/p3rkp1/5p2/7p/3P4/R4K2/R4PPP/1r6 w - - 0 37,a3a7 b1b3 f3f4 g7g5 f4f5 b3b5 d4d5 b5d5,1295,endgame exposedking mate matein4 rookendgame verylong
p4xgn,6k1/1p3r1p/pb3qpB/8/6Q1/2N5/PP2R1PP/4R1K1 w - - 2 28,h6e3 b6e3 e2e3 f6f2 g1h1 f2f1 e1f1 f7f1,1189,backrankmate mate matein4 middlegame sacrifice verylong
p6UHv,r5kr/1b3np1/p1p1R2p/2Q5/5q2/6P1/PP3P1P/4R1K1 b - - 0 23,f4d2 e6e8 a8e8 e1e8 g8h7 c5f5 g7g6 f5f7,1163,epaulettemate fork mate matein4 middlegame verylong
p6d3x,1k1q4/ppp1b3/3p2p1/3Bp3/3nN1Qr/2PP4/PP3PPN/R4RK1 w - - 1 18,g4g6 d4e2 g1h1 h4h2 h1h2 d8h8 g6h7 h8h7,1245,anastasiamate attraction kingsideattack mate matein4 middlegame sacrifice verylong
p8HX2,r4rk1/p1b2ppp/3q4/2Np4/3Np3/2P1P2P/PP4P1/R2Q1RK1 w - - 3 20,b2b4 d6h2 g1f2 c7g3 f2e2 h2g2 f1f2 g2f2,1272,deflection kingsideattack mate matein4 middlegame verylong
p8RPN,5rk1/2p2rp1/5q2/p1PQ4/P3p1p1/1P2P3/6PP/2RR2K1 w - - 1 29,d5e4 f6f2 g1h1 f2f1 d1f1 f7f1 c1f1 f8f1,1265,backrankmate endgame mate matein4 sacrifice verylong
p8ZCW,5r2/6kp/4Q1p1/8/2p4P/6P1/P3P1K1/5r2 w - - 3 30,e6c4 f8f2 g2h3 f1h1 h3g4 h7h5 g4g5 f2f5,1113,endgame mate matein4 queenrookendgame verylong
p9PKQ,3r1k2/2pr1bpp/1p6/1R6/4N3/P1K2P2/1P4PP/7R w - - 0 29,b5e5 d7d3 c3c2 f7b3 c2b1 d3d1 h1d1 d8d1,1253,endgame exposedking mate matein4 pillsburysmate verylong
pAPmD,5r2/8/R6p/1P4pk/1r3q2/2QP4/5PPP/5RK1 w - - 7 36,b5b6 f4f2 f1f2 b4b1 c3e1 b1e1 f2f1 e1f1,1266,endgame mate matein4 sacrifice verylong
pCaV7,6k1/ppqb1pp1/7p/2r1p3/1Q2P3/P4P2/1B4PP/3R3K w - - 0 25,d1d7 c5c1 b2c1 c7c1 d7d1 c1d1 b4e1 d1e1,1047,backrankmate endgame mate matein4 sacrifice verylong
pCbfz,r2r2k1/2q1bppp/1p2p3/p1p2nPQ/1nP2P2/3PPR2/PB5P/RN2N1K1 b - - 6 19,g7g6 h5h7 g8h7 f3h3 f5h4 h3h4 h7g8 h4h8,1291,attraction kingsideattack mate matein4 middlegame operamate sacrifice verylong
pDWFb,4r1k1/pR3p1p/3P3q/8/P2Q1pP1/5P2/4r1P1/3R2K1 w - - 1 30,d6d7 e2e1 d1e1 e8e1 g1f2 h6h4 g2g3 h4g3,1229,endgame mate matein4 verylong
pDfCR,5r1k/4r2p/p4npP/1pq5/7Q/1BP5/PP3PP1/3R2K1 b - - 8 31,c5h5 h4f6 f8f6 d1d8 e7e8 d8e8 f6f8 e8f8,1123,mate matein4 middlegame sacrifice verylong
pGjYo,r1b2k1r/ppR2ppp/2pb4/8/2B5/8/P2B1PPP/3KR3 b - - 5 17,d6c7 d2b4 c6c5 b4c5 c7d6 c5d6 f8g8 e1e8,1055,mate matein4 middlegame verylong
pH6yV,5rk1/R5pp/8/6N1/3Pp3/4P1P1/5r2/2R3K1 w - - 0 34,c1c7 f2f1 g1h2 f8f2 h2h3 f1h1 h3g4 h7h5,1149,endgame exposedking mate matein4 verylong
pJFB0,2R2brk/p3p3/4Qp2/8/3R2pp/2B5/PP3P1P/2q3K1 w - - 2 31,g1g2 h4h3 g2g3 c1g1 g3h4 g1f2 h4h5 g8g5,1245,deflection mate matein4 middlegame pillsburysmate verylong
pKtsW,Q7/1k1K4/1P6/8/8/5n2/7p/8 b - - 0 58,b7a8 d7c7 h2h1q b6b7 a8a7 b7b8q a7a6 b8b6,1208,advancedpawn endgame exposedking knightendgame mate matein4 promotion verylong
pLaHE,2k2b1r/2pr1ppp/p7/1p2p3/8/5N2/PPP2RPP/RNB3K1 w - - 0 14,f3e5 d7d1 f2f1 f8c5 c1e3 c5e3 g1h1 d1f1,1059,backrankmate fork mate matein4 middlegame pin verylong
pMTb0,1r4k1/p5rp/4B1p1/n1qPp1P1/2p1Pp2/2P4R/PP1Q3R/2K5 b - - 3 28,g8h8 h3h7 g7h7 h2h7 h8h7 d2h2 h7g7 h2h6,1084,attraction kingsideattack mate matein4 middlegame sacrifice verylong
pNRl7,4r1k1/1pq2pp1/2p2n1p/p7/3Q4/2P4P/Pr3PP1/1B1RR1K1 b - - 1 24,e8e2 d4d8 c7d8 d1d8 f6e8 d8e8 e2e8 e1e8,1059,kingsideattack mate matein4 middlegame pillsburysmate verylong xrayattack
pPYSS,2r2rk1/5ppp/p7/1q6/4p3/1P2P3/P4QPP/3R1RK1 b - - 0 23,c8c3 f2f7 f8f7 d1d8 b5e8 d8e8 f7f8 f1f8,1204,endgame master mate matein4 sacrifice verylong
pQ7A2,3rk2r/pp3ppp/5n2/1P6/q1Pb4/P4P2/3Q2PP/R4R1K b k - 1 22,d4a1 f1e1 f6e4 e1e4 a1e5 e4e5 e8f8 d2d8,1260,deflection fork mate matein4 middlegame verylong
pS901,8/6pp/p1Q1pk2/1pp5/4P3/P1P2PP1/1P2q1KP/8 w - - 1 31,g2h3 e2f1 h3h4 g7g5 h4g4 h7h5 g4h5 f1h3,1253,attraction endgame mate matein4 queenendgame verylong
pUt27,r1b3k1/pp5R/2nr1pp1/8/4P3/8/PP3PP1/2K4R b - - 1 22,g8f8 h7h8 f8e7 h1h7 e7e6 h8e8 c6e7 h7e7,1100,endgame epaulettemate exposedking mate matein4 verylong
pVsfN,r3r2k/pp3p1B/1n5p/3qP2P/b1p1NP2/1P2P1R1/P2p2Q1/3K2R1 b - - 0 29,c4b3 g3g8 e8g8 g2g8 a8g8 g1g8 h8h7 e4f6,1285,cornermate exposedking kingsideattack mate matein4 middlegame sacrifice verylong
pWSy6,7R/6R1/4p2p/5p2/4rn1k/7P/6PK/4r3 b - - 1 41,h4h5 g2g4 f5g4 h3g4 h5h4 h8h6 f4h5 h6h5,1233,endgame mate matein4 verylong
pWjiJ,6k1/1b3ppp/7q/1p1p1P2/2r5/5pQ1/2P1rB2/2R1R1K1 b - - 9 34,c4e4 g3b8 b7c8 b8c8 e4e8 c8e8 e2e8 e1e8,1202,backrankmate fork mate matein4 middlegame verylong xrayattack
pYRJp,r1bq1rk1/p3b1pB/1p2p3/2np2P1/2p2P2/2P1P3/PP1NQ2P/R1B2RK1 b - - 0 16,g8h7 e2h5 h7g8 g5g6 f8f5 h5h7 g8f8 h7h8,1136,mate matein4 opening verylong
pZqzV,5rk1/6p1/p2q1pP1/1p2pP2/8/7Q/P2B3N/3K2b1 b - - 2 31,f8d8 h3h7 g8f8 h7h8 f8e7 h8g7 e7e8 g7f7,1181,deflection endgame mate matein4 verylong
paJh1,6k1/1p3r1p/p3Q1p1/3P4/8/2r5/2q2PPP/1R3RK1 w - - 6 29,b1b7 c2f2 f1f2 c3c1 e6e1 c1e1 f2f1 e1f1,1261,clearance endgame mate matein4 sacrifice verylong
pbjb5,4r3/kp5R/p1b1r2P/5p2/3R1B2/P2P1PP1/1PP2K2/8 w - - 1 36,h7f7 e6e2 f2g1 e2e1 g1g2 e8e2 g2h3 e1h1,1032,endgame mate matein4 verylong
peZI0,3r2k1/1p2pp1p/1pn3p1/5q2/1PP5/P1Q2B2/3p1PPP/3R2K1 w - - 1 25,d1d2 f5b1 f3d1 b1d1 d2d1 d8d1 c3e1 d1e1,1175,backrankmate endgame mate matein4 verylong xrayattack
pg0NW,2k5/ppp2ppp/2n5/3r4/8/2q2NP1/P3Q2P/1K3B1R b - - 0 22,c6b4 e2e8 d5d8 f1h3 f7f5 h3f5 c8b8 e8d8,1278,deflection mate matein4 middlegame queensideattack verylong
pg9OI,r4b1r/p1q2ppp/4pkn1/3p4/B2P4/2P2N2/PP3PPP/R1BK3R b - - 4 14,f8d6 c1g5 f6f5 a4c2 f5g4 h2h3 g4h5 g2g4,1202,mate matein4 middlegame verylong
pgdhx,6k1/r1b2pp1/6p1/2R5/2PpB3/3P2P1/2r1qPK1/2B2R2 b - - 0 39,c7g3 c5c8 g8h7 f1h1 g3h2 h1h2 e2h5 h2h5,1145,mate matein4 middlegame pin verylong
pgo9G,rnb2rk1/pppp1ppp/8/4N3/2BB1q2/1Q6/PPK2PPP/7R b - - 2 15,f4d4 c4f7 g8h8 e5g6 h7g6 b3h3 d4h4 h3h4,1107,kingsideattack mate matein4 middlegame sacrifice verylong
phrPq,2b2rk1/p2BQ2p/6p1/1p2p3/3P3P/4P1PK/PP6/7r w - - 2 40,h3g2 c8b7 d7c6 b7c6 d4d5 c6d5 e3e4 d5e4,1249,endgame mate matein4 morphysmate verylong
pjaZF,2r3k1/5p1p/p3p1p1/1p5q/3B4/P3Qbb1/1P3P2/1B3RK1 w - - 0 23,f2g3 h5h1 g1f2 h1g2 f2e1 c8c1 e3c1 g2e2,1193,exposedking mate matein4 middlegame sacrifice verylong
pmwQG,8/1rq3pk/5p2/p2ppP2/4n2R/2P1B2Q/6PP/5K2 b - - 2 42,h7g8 h4h8 g8f7 h3h5 f7e7 h5e8 e7d6 e8e6,1197,endgame mate matein4 verylong
pn7iy,3r2k1/7p/8/2N5/1P1n4/5p1b/1R3P1P/3R3K w - - 2 37,b2d2 h3g2 h1g1 d4e2 d2e2 d8d1 e2e1 d1e1,1170,deflection discoveredattack endgame mate matein4 verylong
pnbGO,6k1/pp6/3p2p1/2pP1rP1/2Pr4/P4p2/1P3K1R/7R b - - 1 31,f5g5 h2h8 g8f7 h1h7 f7f6 h8f8 f6e5 h7e7,1083,endgame exposedking mate matein4 rookendgame verylong
po229,k3r3/1p3p1p/1Pr1pBpP/3pP3/1q6/8/Q4PP1/6K1 b - - 1 29,a8b8 a2a7 b8c8 a7a8 c8d7 a8b7 c6c7 b7c7,1221,deflection endgame master mate matein4 queensideattack swallowstailmate verylong
pohIv,5rk1/Q5p1/1p4pp/5q2/3R4/2r5/P4PPP/5RK1 w - - 0 25,d4d7 f5f2 f1f2 c3c1 d7d1 c1d1 f2f1 d1f1,1117,endgame mate matein4 sacrifice verylong
pp9cW,3r1rk1/pp3q2/1n1Q3p/4R3/7p/1P6/1PP2PPP/5RK1 w - - 2 21,d6h6 f7f2 f1f2 d8d1 e5e1 d1e1 f2f1 e1f1,1293,mate matein4 middlegame sacrifice verylong
ppOwQ,r1b2rk1/pp3pp1/1q3n1p/3pNB2/5n2/1NP2P2/PPQ3PP/R3R2K b - - 5 19,f6h5 f5h7 g8h8 e5f7 f8f7 e1e8 f7f8 e8f8,1138,clearance deflection kingsideattack mate matein4 middlegame sacrifice verylong
ppYUz,r2q1rk1/pb2b1pB/1p2p3/2npp1P1/5P2/2N1P3/PP1B3P/R2Q1RK1 b - - 0 16,g8h7 d1h5 h7g8 g5g6 f8f5 h5h7 g8f8 h7h8,1212,mate matein4 middlegame verylong
pqe6T,rnb3k1/pp3ppp/2p5/8/8/2qBr3/P1PR2PP/3Q1K1R b - - 1 18,b7b6 d3h7 g8h7 d1h5 h7g8 d2d8 e3e8 d8e8,1128,attraction fork mate matein4 middlegame sacrifice verylong
pr5HS,1r6/1p1k2pp/p1p2r2/2Pbpq2/3R4/4Q3/P4PPP/4R1K1 b - - 0 29,e5d4 e3e7 d7c8 e7e8 c8c7 e1e7 f5d7 e7d7,1055,endgame mate matein4 verylong
prDsb,8/7P/8/3p4/3P4/1p6/1K1k4/q7 w - - 0 62,b2a1 d2c2 h7h8q b3b2 a1a2 b2b1q a2a3 b1b3,1262,advancedpawn endgame exposedking mate matein4 pawnendgame promotion verylong
prove,2b5/8/3B4/8/1Np4r/1p6/k7/2K5 b - - 15 52,a2a1 d6e5 h4d4 e5d4 c4c3 d4c3 b3b2 c3b2,1218,endgame mate matein4 verylong
prpUj,5r2/4prk1/qR5p/6p1/3P4/2P4P/4RPP1/1Q4K1 b - - 2 37,a6e2 b1g6 g7h8 g6h6 h8g8 b6g6 f7g7 h6g7,1275,deflection endgame mate matein4 verylong
prrbS,r2r3k/4RQpp/2p5/1p6/p3R3/7P/5PPK/q7 b - - 3 38,a1f6 e7e8 d8e8 e4e8 a8e8 f7e8 f6f8 e8f8,1271,endgame mate matein4 verylong
ptViN,r1b5/1p4p1/pkppn3/4q3/1N6/1Q6/PPP3PP/1K3R2 b - - 1 27,b6a7 b4c6 b7c6 f1f7 e6c7 f7c7 c8b7 b3b7,1203,epaulettemate mate matein4 middlegame sacrifice verylong
pu4Dp,3r2k1/6bp/1R4p1/8/P7/8/5rPP/2B2RK1 w - - 0 24,f1f2 d8d1 f2f1 g7d4 c1e3 d4e3 g1h1 d1f1,1234,backrankmate endgame fork mate matein4 verylong
pv8pk,6R1/8/7p/5pk1/3q4/8/4r1PP/5R1K b - - 9 45,g5h5 f1f5 h5h4 g2g3 h4h3 f5h5 d4h4 h5h4,1134,endgame mate matein4 queenrookendgame verylong
pvpIQ,8/R6p/B1p1r1pk/6r1/4b3/P7/1P4PP/5R1K w - - 1 31,f1g1 e4g2 g1g2 e6e1 a6f1 e1f1 g2g1 f1g1,1292,endgame mate matein4 sacrifice verylong
pwUe2,4rk2/2Q3pp/1p6/5p2/7P/P2K4/5R2/4R2q b - - 8 42,h1e1 f2f5 f8g8 c7f7 g8h8 f7f8 e8f8 f5f8,1182,backrankmate endgame mate matein4 sacrifice verylong
pxBeP,4rrk1/pp3ppp/8/8/3P2P1/P3P2q/5Q1P/2R2R1K b - - 4 24,e8e3 f2f7 f8f7 c1c8 e3e8 c8e8 f7f8 f1f8,1281,endgame mate matein4 sacrifice verylong
pyRan,2r3k1/1p3pp1/p6p/4Q3/2rRP3/P4q2/1P5P/K2R4 b - - 1 29,f3b3 d4d8 c8d8 d1d8 g8h7 e5f5 g7g6 f5f7,1107,endgame master mate matein4 verylong
q0ZY5,2Q5/5ppk/4p3/1p1r3P/p7/P3b3/1PPnN1P1/2K4R w - - 1 25,h1h3 d2b3 c1b1 d5d1 e2c1 d1c1 b1a2 c1a1,1158,discoveredcheck doublecheck endgame hookmate mate matein4 queensideattack verylong
q11KM,rn1qkbnr/p1pb4/3ppp1p/1p2N1p1/2B1P3/1P1P3P/PBP2PP1/RN1QK2R b KQkq - 1 8,d6e5 d1h5 e8e7 b2a3 b5b4 a3b4 c7c5 b4c5,1190,exposedking mate matein4 opening verylong
q18G4,5rk1/6p1/1p3pP1/p3P2Q/4pK2/1P1q3b/P4R2/8 b - - 0 38,f8d8 h5h7 g8f8 h7h8 f8e7 h8g7 e7e8 g7f7,1182,deflection endgame mate matein4 verylong
q1PdG,6R1/5p2/6kp/3pPp2/8/Br5P/6PK/q7 b - - 5 40,g6h5 g2g4 f5g4 h3g4 h5h4 a3e7 f7f6 e7f6,1102,endgame mate matein4 verylong
q4WaT,2r2bk1/pp3p1p/q3pBp1/5rP1/2PPR2Q/1P5P/P7/2R3K1 b - - 2 31,a6a2 h4h7 g8h7 e4h4 f8h6 h4h6 h7g8 h6h8,1234,attraction kingsideattack mate matein4 middlegame operamate sacrifice verylong
q5Bch,1k6/1pp5/pb1p1p2/3P2p1/3P4/2NQ1KB1/Pq2R3/7r b - - 7 38,b2a1 e2e8 b8a7 c3b5 a6b5 d3a3 b6a5 a3a5,1160,clearance mate matein4 middlegame queensideattack sacrifice verylong
q5nD8,2rr2k1/pQ3ppp/4p3/4P3/P2q4/5R2/6PP/5R1K b - - 0 28,d4a4 b7f7 g8h8 f7f8 d8f8 f3f8 c8f8 f1f8,1052,backrankmate endgame mate matein4 sacrifice verylong
q854f,4rrk1/ppq2ppp/2pb4/3p1N2/P2Pn3/2P4P/1P3PP1/R1BQ1RK1 w - - 0 17,d1g4 d6h2 g1h1 e4f2 f1f2 e8e1 f2f1 e1f1,1095,clearance deflection kingsideattack mate matein4 middlegame sacrifice verylong
q88EJ,3r1rk1/R4ppp/2p5/8/8/4PQ2/2q3PP/5RK1 b - - 0 19,d8d2 f3f7 f8f7 a7a8 d2d8 a8d8 f7f8 f1f8,1278,endgame mate matein4 sacrifice verylong
q8Na9,3r2k1/1p3pp1/7p/PQ2B3/6n1/2P2NPq/1P2RP2/R2r2K1 w - - 3 28,a1d1 d8d1 e2e1 d1e1 f3e1 h3h2 g1f1 h2f2,1253,mate matein4 middlegame verylong
q8U6R,1r6/5k2/3R4/p1p1Pp2/R2p1Pp1/1r1P2P1/5KP1/8 w - - 0 39,a4a5 b3b2 f2g1 b2b1 g1h2 b8h8 d6h6 h8h6,1198,endgame mate matein4 rookendgame verylong
q9PhH,1rr2n1k/1p3Bp1/p1b1p1P1/8/5R1q/8/PP2Q1RP/7K b - - 2 30,h4f4 e2h5 f4h6 h5h6 g7h6 g6g7 h8h7 g7g8q,1205,advancedpawn fork mate matein4 middlegame promotion verylong
qABpR,6k1/1b1r3p/7P/Q2p1Rp1/8/2P1q1r1/6PK/R7 b - - 1 39,g3g4 a5a8 b7a8 a1a8 d7d8 a8d8 e3e8 d8e8,1293,mate matein4 middlegame sacrifice verylong
qBAjF,3r2k1/1p3pp1/2p3p1/1qP1p3/R3P1nP/pP3NP1/P4PK1/3Q4 b - - 0 31,d8d1 a4a8 d1d8 a8d8 g8h7 f3g5 h7h6 d8h8,1158,endgame kingsideattack master mate matein4 verylong
qDKuD,rnb1k2r/1pqp1pp1/p3p3/8/4PP2/1NN3pP/PPP2bP1/R1BQ1R1K w kq - 1 13,f4f5 h8h3 g2h3 g3g2 h1g2 c7g3 g2h1 g3h3,1143,advancedpawn attraction deflection kingsideattack mate matein4 opening sacrifice verylong
qE4go,1rb2rk1/5ppp/3p4/ppbNnP2/4P3/PKPB1P2/1P5q/R2Q3R b - - 1 22,h2f2 d5e7 g8h8 h1h7 h8h7 d1h1 f2h4 h1h4,1291,anastasiamate attraction kingsideattack mate matein4 middlegame sacrifice verylong
qFqlJ,2r3k1/p3nrp1/1p3q2/8/3pB3/1QP4R/P4PPP/5RK1 w - - 4 25,c3d4 f6f2 f1f2 c8c1 b3d1 c1d1 f2f1 f7f1,1266,mate matein4 middlegame sacrifice verylong
qGkD9,r1bq1rkR/pp2b1p1/2n1p1Q1/3p1pP1/3P4/2PB4/P2B1PP1/R3K3 b Q - 2 15,g8h8 g6h5 h8g8 g5g6 f8f6 h5h7 g8f8 h7h8,1273,kingsideattack mate matein4 middlegame verylong
qH6FW,8/p3r1kp/1pPQ2p1/3pr1q1/8/PP2p3/5PPP/2RR2K1 w - - 0 26,f2e3 g5e3 g1h1 e3e1 d1e1 e5e1 c1e1 e7e1,1075,backrankmate endgame mate matein4 sacrifice verylong
qLCUE,5R2/1p2Bpkp/6p1/1B2P3/5n2/5N2/PPr2PPP/6K1 w - - 1 22,f8b8 c2c1 f3e1 c1e1 b5f1 f4e2 g1h1 e1f1,1271,backrankmate deflection endgame mate matein4 verylong
qLfm0,1n4r1/7k/2p1Q2p/2PpB2b/3P1P1q/1p2PP2/1P2N2P/5R1K w - - 3 32,f4f5 h5f3 f1f3 h4e1 f3f1 e1f1 e2g1 g8g1,1115,fork mate matein4 middlegame sacrifice verylong
qMRdW,6k1/4p2p/5Pp1/2pP2N1/1pP2QPq/r7/1b3P2/3R2K1 b - - 0 36,b2f6 f4b8 g8g7 g5e6 g7h6 b8f8 f6g7 f8g7,1163,endgame mate matein4 verylong
qO9nA,6rk/pp1R1Qp1/1b1P3p/2p2p2/5B2/1BPq1N2/PP3PPP/6K1 w - - 1 26,f4h6 d3b1 h6c1 b1c1 b3d1 c1d1 f3e1 d1e1,1248,kingsideattack mate matein4 middlegame verylong
qPuKB,6B1/4R2p/pp4pk/8/8/P1rn3P/1r4P1/5RK1 b - - 3 32,c3c2 e7h7 h6g5 h3h4 g5g4 g8e6 g4g3 f1f3,1182,endgame mate matein4 pillsburysmate verylong
qRYeG,3r1rk1/pp4pp/1b1p2b1/3Np3/1P6/2P2PP1/P3K1P1/3R3R b - - 4 22,g6f7 d5e7 g8h8 h1h7 h8h7 d1h1 f7h5 h1h5,1236,anastasiamate attraction kingsideattack mate matein4 middlegame sacrifice verylong
qS3Po,r4r2/2p2p1k/4PP1p/1p3p2/1Q6/1p6/5qPP/6RK b - - 0 41,f7e6 b4e7 h7g6 e7g7 g6h5 g2g4 f5g4 g7g4,1196,endgame mate matein4 verylong
qSxmF,4qk2/2R1R1pp/p3Q3/p7/8/4PpP1/3P1P2/1r4K1 w - - 1 36,g1h2 e8h5 e6h3 b1h1 h2h1 h5h3 h1g1 h3g2,1298,attraction deflection endgame mate matein4 verylong
qTBJt,r5k1/pp3pb1/6p1/8/5BQN/1Pq5/P4RPP/2R1r1K1 w - - 2 27,c1e1 c3e1 f2f1 g7d4 f4e3 d4e3 g1h1 e1f1,1101,mate matein4 middlegame verylong
qTYpj,r4knr/pp3ppp/2pB4/2b2q2/2P5/5P2/PP3P2/R2QR1K1 b - - 0 17,c5d6 d1d6 g8e7 d6e7 f8g8 e7e8 a8e8 e1e8,1010,backrankmate mate matein4 middlegame verylong
qU48F,7k/6p1/8/5PP1/1R3K2/1pr5/8/1r6 b - - 0 41,b3b2 b4b8 c3c8 b8c8 h8h7 g5g6 h7h6 c8h8,1148,endgame mate matein4 rookendgame verylong
qU7Fb,8/pP6/3q4/3B2k1/2R3p1/P6p/5P2/1R5K w - - 2 51,b7b8q d6d5 c4e4 d5e4 f2f3 e4f3 h1g1 f3g2,1290,endgame exposedking fork hangingpiece mate matein4 verylong
qY0bf,2r2rk1/pRQ3pp/4pq2/8/8/8/P4PPP/5RK1 w - - 4 21,c7a5 f6f2 f1f2 c8c1 a5e1 c1e1 f2f1 e1f1,1161,endgame mate matein4 sacrifice verylong
qanOn,3r2k1/pb2bpp1/1p2pn2/3q4/3P3R/2r2PBQ/P1B3PP/R5K1 b - - 1 23,g8f8 h4h8 f6g8 h8g8 f8g8 h3h7 g8f8 h7h8,1209,attraction mate matein4 middlegame sacrifice verylong
qcNr4,7k/6p1/7p/7r/1P1P2qP/3QPpP1/5P1K/5R2 w - - 3 37,f1h1 h5h4 h2g1 h4h1 g1h1 g4h3 h1g1 h3g2,1101,attraction endgame mate matein4 verylong
qdLAv,5r1k/p5p1/2Q4p/5q2/4R3/2N5/PrP2PPP/5RK1 w - - 0 23,c3a4 f5f2 f1f2 b2b1 e4e1 b1e1 f2f1 e1f1,1293,mate matein4 middlegame sacrifice verylong
qdM5z,2rb2k1/2q2pBp/p2p1Pr1/1p1PpR1Q/8/2P5/PP5P/R6K b - - 0 27,c7c4 h5h7 g8h7 f5h5 g6h6 h5h6 h7g8 h6h8,1161,attraction kingsideattack mate matein4 middlegame operamate sacrifice verylong
qdg0T,2k5/ppp2p2/7p/4b1p1/4P2P/r4P2/4KPB1/3R4 b - - 2 23,e5f4 g2h3 g5g4 h3g4 f7f5 g4f5 c8b8 d1d8,1088,backrankmate endgame mate matein4 verylong
qeesr,6rk/pp2Rp1p/nq6/2pP1p1Q/2P5/P1N4P/1P3bK1/R1B5 w - - 1 25,g2h1 g8g1 h1h2 b6d6 e7e5 d6e5 c1f4 e5f4,1158,exposedking fork mate matein4 middlegame verylong
qffyi,r4knr/ppp2ppp/8/n2Q4/8/4RB2/PqP3PP/RN5K b - - 2 16,b2a1 d5c5 g8e7 c5e7 f8g8 e7e8 a8e8 e3e8,1270,backrankmate fork mate matein4 middlegame verylong
qfhtO,2b3k1/5p2/pn1p1Pp1/1p1Pp2Q/3qPb2/1P6/P7/1B4RK b - - 3 39,b6d7 g1g6 f7g6 h5g6 g8f8 g6g7 f8e8 g7e7,1204,kingsideattack mate matein4 middlegame sacrifice verylong
qiGED,r2q2k1/6pp/3p4/p2P4/1p2PQ2/2r5/5RPP/5RK1 b - - 3 27,a8c8 f4f7 g8h8 f7f8 d8f8 f2f8 c8f8 f1f8,1161,backrankmate endgame mate matein4 verylong
qlXbD,RR6/5pk1/1Pr1bp2/8/1r5p/4K3/8/8 b - - 3 49,c6b6 b8g8 g7h7 g8h8 h7g6 a8g8 g6f5 h8h5,1180,endgame master mate matein4 verylong
qnGLZ,5r1k/pBR3Rp/8/8/P7/1P4PK/5r1P/5b2 w - - 5 32,h3h4 f2h2 h4g5 h7h6 g5g6 f1d3 b7e4 d3e4,1239,endgame mate matein4 morphysmate verylong
qq91w,6k1/p6p/2pNrr2/2Pb1p2/8/2B3P1/PP3P1q/n2Q1BK1 w - - 0 31,g1h2 f6h6 f1h3 h6h3 h2h3 e6h6 d1h5 h6h5,1048,attraction master mastervsmaster mate matein4 middlegame pillsburysmate sacrifice verylong
qr2dC,5rk1/pp3ppp/8/3p4/1q1Pr3/5Q1P/PPR3P1/5R1K b - - 3 26,b4d4 f3f7 f8f7 c2c8 e4e8 c8e8 f7f8 f1f8,1252,endgame mate matein4 sacrifice verylong
qrYnB,4r1r1/p2k4/5R2/2Bp4/3p3p/6P1/PPP2PP1/6K1 w - - 0 30,c5d4 e8e1 g1h2 h4g3 f2g3 g8h8 f6h6 h8h6,1109,endgame mate matein4 verylong
qrznz,8/8/8/1p6/7P/3k2p1/6P1/7K w - - 0 52,h4h5 b5b4 h5h6 b4b3 h6h7 b3b2 h7h8q b2b1q,1016,advancedpawn endgame mate matein4 pawnendgame promotion quietmove verylong
qsTaJ,5B2/p7/1p4k1/2p2q1p/4p1pP/1P1nQ3/P4PP1/6K1 b - - 5 45,d3e5 e3h6 g6f7 h6g7 f7e6 g7e7 e6d5 e7d6,1252,endgame epaulettemate mate matein4 verylong
qt1ni,8/5p1k/1p1p4/3PnNpp/1R2P3/5PKP/r5P1/8 w - - 4 42,f5d6 h5h4 g3h2 e5f3 h2h1 a2a1 b4b1 a1b1,1059,deflection endgame master mate matein4 pin verylong
qtBf7,r5k1/ppp3pp/2p5/4p3/4Pr1q/2NPQpR1/PPP2PbN/R5K1 w - - 1 20,c3e2 h4h2 g1h2 f4h4 g3h3 h4h3 h2g1 h3h1,1299,attraction kingsideattack mate matein4 middlegame operamate sacrifice verylong
qxBmr,r2k3r/1pp4p/1p1pQpq1/8/3R4/8/P4PPP/5RK1 b - - 0 22,h8e8 d4d6 c7d6 e6d6 d8c8 f1c1 g6c2 c1c2,1176,endgame mate matein4 sacrifice verylong
qxHtW,r1bq2k1/1p1n2p1/4p3/p2p1p2/P2PP1p1/2B2P2/2Q1B1Pb/2R2R1K w - - 0 24,h1h2 d8h4 h2g1 g4g3 f1e1 h4h2 g1f1 h2h1,1228,mate matein4 middlegame verylong
r03w3,4k3/4b3/3q4/8/8/N7/5QPP/6K1 w - - 0 41,a3c4 d6d1 f2f1 e7c5 c4e3 c5e3 g1h1 d1f1,1151,clearance endgame mate matein4 verylong
r05lI,2r3k1/5p2/5Pp1/p6p/P2p1Q2/3P2PP/1q6/4R1K1 b - - 1 31,c8c2 e1e8 g8h7 e8h8 h7h8 f4h6 h8g8 h6g7,1194,attraction endgame mate matein4 sacrifice verylong
r0mpi,2k4r/p4p2/4p3/3pP1pq/P1pn4/5PpP/2QB2P1/1R3RK1 w - - 0 27,c2b2 d4e2 g1h1 h5h3 g2h3 h8h3 h1g2 h3h2,1079,kingsideattack mate matein4 middlegame sacrifice verylong
r0or7,6k1/pp1q1ppp/1b2p3/4Pn2/1Q1pNP2/1P1P1R1P/Pr4P1/7K b - - 3 23,f5e3 e4f6 g7f6 f3g3 e3g4 g3g4 g8h8 b4f8,1191,kingsideattack mate matein4 middlegame sacrifice verylong
r29RC,7k/5prp/1p2p1r1/1q1pPpPQ/3PnP2/1PP3P1/6KR/4B2R b - - 0 38,b5b3 h5h7 g7h7 h2h7 h8g8 h7h8 g8g7 h1h7,1087,blindswinemate kingsideattack mate matein4 middlegame sacrifice verylong
r2hvc,5k2/2p3RR/3r4/p1Q1Pq2/Pn6/3rB1P1/6BP/7K w - - 5 42,c5c7 d3d1 e3g1 d1g1 h1g1 d6d1 g2f1 f5f1,1150,attraction mate matein4 middlegame sacrifice verylong
r3CQC,5r1k/1p4bp/p1b4q/P1p1p3/2B1p1Q1/6RP/1PP3PK/8 b - - 0 32,f8f4 g4c8 c6e8 c8e8 f4f8 e8f8 g7f8 g3g8,1221,kingsideattack mate matein4 middlegame operamate verylong
r3iqc,3r2k1/1p3pp1/pq1r1bp1/8/3n1P2/1P1RQ3/P5PP/1K2R3 b - - 2 29,b6c7 e3e8 d8e8 e1e8 g8h7 d3h3 f6h4 h3h4,1023,kingsideattack mate matein4 middlegame sacrifice verylong
r6PZ0,r1b2rk1/pp3pp1/2p4p/2PpN3/3P1qn1/2PB2P1/P1Q2P1P/R3R1K1 b - - 0 17,f4g5 d3h7 g8h8 e5f7 f8f7 e1e8 f7f8 e8f8,1079,clearance deflection kingsideattack mate matein4 middlegame sacrifice verylong
r9BDX,5q1k/2p3p1/7p/4P3/6Q1/4N3/4rrPP/2R2RK1 w - - 2 29,f1f2 f8f2 g1h1 e2e1 c1e1 f2e1 e3f1 e1f1,1197,endgame fork mate matein4 verylong
r9IKK,6k1/pp3p1p/2pb1pbB/5N2/2P1rPQ1/6PK/q6P/8 b - - 1 25,d6c5 f5e7 e4e7 g4c8 e7e8 c8e8 c5f8 e8f8,1020,clearance mate matein4 middlegame sacrifice verylong
rADto,8/8/6R1/2P5/8/4PkP1/P1q2P2/4BK2 w - - 2 43,g6d6 c2e2 f1g1 e2e1 g1h2 e1f2 h2h3 f2g3,1291,deflection endgame mate matein4 verylong
rF40g,1b1r1rk1/5pp1/2R4p/1p1B4/1P1pP3/3P1PqP/1BP3P1/3Q1R1K w - - 1 24,h1g1 g3h2 g1f2 b8g3 f2e2 h2g2 f1f2 g2f2,1200,deflection kingsideattack mate matein4 middlegame swallowstailmate verylong
rFPYw,5rk1/5ppp/p2N4/3N4/1Pp5/P3P3/1q4PP/3R2K1 b - - 2 31,c4c3 d5e7 g8h8 d6f7 f8f7 d1d8 f7f8 d8f8,1241,backrankmate clearance deflection endgame mate matein4 sacrifice verylong
rIDEh,r1q3rk/3R2p1/7p/4pQ2/4P3/1P6/1P4PP/1K2R3 w - - 5 29,e1c1 a8a1 b1a1 c8c1 a1a2 g8a8 d7a7 a8a7,1089,attraction deflection endgame mate matein4 verylong
rIZur,3R4/4Kpk1/1p4pp/p5n1/2n5/Pr6/5B2/7r b - - 1 37,h1h2 f2d4 c4e5 d4e5 f7f6 e5f6 g7h7 d8h8,1006,endgame fork mate matein4 operamate verylong
rJfYv,1k1r3r/pPp3p1/7p/2Q1p3/q7/P1P2p2/2P2P1K/R1B4R w - - 0 26,c1e3 a4h4 h2g1 h4g4 g1f1 g4g2 f1e1 g2h1,1217,exposedking fork mate matein4 middlegame verylong
rJkoF,5k2/p3pr2/3p1pQ1/q1pP4/4PN2/2N5/Prb3PP/2R3K1 b - - 2 25,a5c3 f4e6 f8e8 g6g8 f7f8 g8f8 e8d7 f8d8,1182,mate matein4 middlegame verylong
rN3yN,6Q1/3Rn2p/5ppk/4qr2/8/1B2P3/P5PP/2R3K1 w - - 7 42,g8d8 e5e3 g1h1 e3c1 d7d1 f5f1 d1f1 c1f1,1177,fork mate matein4 middlegame verylong xrayattack
rODbF,6rk/pp5p/7r/7q/4p2P/4QpP1/PPP2P2/3RRBK1 w - - 1 34,g1h2 h5h4 g3h4 h6h4 f1h3 g8g2 h2h1 h4h3,1294,deflection mate matein4 middlegame pin sacrifice verylong
rPU8Z,5rk1/5p2/p2rbPq1/1p4RQ/2p4P/8/P5P1/7K b - - 1 31,f8d8 g5g6 f7g6 h5g6 g8f8 g6g7 f8e8 g7e7,1279,endgame mate matein4 verylong
rQchK,5r1k/p1pR2pp/2Q5/2P5/7q/2N5/PP4PP/4b2K w - - 0 29,c3e2 f8f1 e2g1 f1g1 h1g1 h4f2 g1h1 f2f1,1273,attraction endgame mate matein4 sacrifice verylong
rSPj3,6r1/1b3p2/p3p2Q/1pp2k2/3p1B2/1P1P4/1PP3rP/R4K2 w - - 6 28,a1e1 g2g1 f1e2 g8g2 e2d1 b7f3 d1c1 g1e1,1220,deflection endgame exposedking mate matein4 verylong
rUGFt,4r2k/pp2qpb1/2pp3p/8/2PPrP1R/3QP2R/PP4PP/6K1 b - - 3 25,e4e3 h4h6 g7h6 h3h6 h8g7 d3h7 g7f8 h7h8,1183,exposedking kingsideattack mate matein4 middlegame verylong
rUl2n,3Rr1k1/2p2ppp/p1p5/5q2/4r3/2P1BbP1/P1PQ1P1P/4R1K1 b - - 7 23,e8f8 d8f8 g8f8 d2d8 e4e8 e3c5 f8g8 e1e8,1137,attraction backrankmate deflection discoveredattack mate matein4 middlegame pin verylong
rXo6S,8/P5pk/3R2pp/2p5/2q2p2/8/3p1BPP/R5K1 w - - 0 43,a7a8q c4c1 a1c1 d2c1q d6d1 c1d1 f2e1 d1e1,1106,advancedpawn endgame mate matein4 promotion verylong
rYKXe,3r2k1/1p3p1p/p1b1p1p1/6PP/5Q2/1q3PK1/8/8 b - - 0 33,d8d3 f4b8 d3d8 b8d8 c6e8 d8e8 g8g7 h5h6,1173,endgame mate matein4 verylong
rYM8h,8/1k3q2/2pB4/PpnpP1bp/3P1rp1/8/2Q3PP/R5K1 w - - 0 37,c2c5 f4f1 a1f1 g5e3 f1f2 f7f2 g1h1 f2e1,1143,backrankmate clearance endgame mate matein4 sacrifice verylong
rZG8U,r3r1k1/pQp2ppp/8/8/2b5/P1q5/2P1BPPP/1R3KNR w - - 0 18,e2c4 c3c4 g1e2 c4e2 f1g1 e2e1 b1e1 e8e1,1228,backrankmate mate matein4 middlegame verylong
rcfWZ,8/p4p1k/1r1bp1p1/4q1p1/3pB3/P2P1Q1P/5PP1/R3R1K1 w - - 5 30,e1c1 e5h2 g1f1 h2h1 f1e2 b6b2 c1c2 b2c2,1018,kingsideattack mate matein4 middlegame verylong
rdIgL,3r2k1/p4ppp/1p2pb2/8/q2RQPP1/7P/8/3R2K1 b - - 0 30,d8d4 e4a8 f6d8 a8d8 d4d8 d1d8 a4e8 d8e8,1194,backrankmate endgame mate matein4 verylong xrayattack
rdjGV,1r3rk1/ppQ3pp/2p5/3p1R2/8/4q3/2P3PP/5R1K b - - 0 25,f8c8 c7f7 g8h8 f7f8 c8f8 f5f8 b8f8 f1f8,1206,backrankmate endgame mate matein4 sacrifice verylong
rdk0Z,1rr3k1/6bQ/3qp1p1/1p1p1pP1/p2P1P2/P1N5/1P1K1P1R/7R b - - 1 29,g8f7 h7g7 f7g7 h2h7 g7g8 h7h8 g8f7 h1h7,1259,attraction mate matein4 middlegame sacrifice verylong
rdqpk,2k1r3/1p3r2/1R6/1N1P4/3B4/5p2/PPP5/4KR2 w - - 2 30,e1f2 e8e2 f2g3 e2g2 g3h4 f7h7 b6h6 h7h6,1266,endgame exposedking mate matein4 verylong
rf1iW,6rk/4n2p/1pp5/3p4/3P4/P1P3q1/4QRp1/6K1 b - - 3 34,g3h3 e2e5 g8g7 f2f8 e7g8 f8g8 h8g8 e5e8,1217,attraction endgame fork mate matein4 pin sacrifice verylong
rfCZX,1r4k1/6pp/3q4/2pP1R1Q/4p3/P7/1r4PP/5RK1 b - - 2 25,c5c4 h5f7 g8h8 f7f8 b8f8 f5f8 d6f8 f1f8,1184,backrankmate endgame mate matein4 sacrifice verylong
rfy6F,1k6/np2q1p1/1p3p2/1P2p3/1r2P2p/2Q2BP1/2R2P1P/2K5 b - - 3 33,a7b5 c3c8 b8a7 c2a2 b5a3 a2a3 b4a4 a3a4,1015,endgame mate matein4 queensideattack verylong
rhY66,2b4r/1pk5/p7/3p1p1r/3N2p1/PB1P4/1PPR1PP1/4R1K1 w - - 3 28,g1f1 h5h1 f1e2 h8e8 d4e6 e8e6 e2d1 h1e1,1269,mate matein4 middlegame verylong
rhapO,4r1k1/2Q3pp/p7/2B2p1q/8/2N3P1/PPP2RKP/4n3 w - - 4 29,g2f1 h5h3 f1g1 e1f3 f2f3 e8e1 g1f2 h3f1,1254,clearance exposedking mate matein4 middlegame sacrifice verylong
rhpNI,5r1k/6p1/p4q2/8/4Q3/8/2P1RPPP/1r2B1K1 w - - 9 35,c2c4 b1e1 e2e1 f6f2 g1h1 f2f1 e1f1 f8f1,1285,backrankmate deflection endgame mate matein4 sacrifice verylong
ridRL,7k/5p2/3p2r1/3Pp3/4Pn2/3B1QPq/PP3P1P/6RK w - - 13 39,d3f1 h3h2 h1h2 g6h6 f3h5 h6h5 f1h3 h5h3,1184,attraction endgame mate matein4 sacrifice verylong
ripDa,3k4/8/8/4RN2/p6p/N2r3P/1P3bPK/8 w - - 2 35,a3c4 f2g3 f5g3 h4g3 h2g1 d3d1 e5e1 d1e1,1273,endgame fork mate matein4 verylong
rj8X2,5rk1/2Q3pp/r3p3/3p1q2/8/8/2P2PPP/4RRK1 w - - 3 27,e1e5 f5f2 f1f2 a6a1 e5e1 a1e1 f2f1 e1f1,1095,endgame mate matein4 sacrifice verylong
rjpyt,2r3k1/1p2q1pp/p2p4/6R1/3QP2P/1P6/PP3r2/1K5R w - - 0 23,d4f2 e7e4 b1a1 e4h1 g5g1 c8c1 g1c1 h1c1,1241,endgame fork mate matein4 verylong xrayattack
rk8HA,5r1k/Q5p1/5q1p/8/8/8/Pr3PPP/4RRK1 w - - 0 25,e1e3 f6f2 f1f2 b2b1 e3e1 b1e1 f2f1 e1f1,1249,endgame mate matein4 sacrifice verylong
rkb4R,2rr2k1/Q5pp/8/3nqR2/8/1P6/P5PP/5R1K b - - 2 30,e5e2 a7f7 g8h8 f7f8 d8f8 f5f8 c8f8 f1f8,1183,backrankmate mate matein4 middlegame sacrifice verylong
rlzac,8/2P2k2/8/3Np2P/4Pp1b/3P1P2/6PK/q7 w - - 2 50,c7c8q h4g3 h2h3 a1h1 h3g4 h1h4 g4f5 h4h5,1279,deflection endgame master mate matein4 verylong
rnKFN,4r1rk/p4p1p/2Qp4/5Nq1/8/1PPB4/P5PP/6RK w - - 1 26,c6d6 g5g2 g1g2 e8e1 d3f1 e1f1 g2g1 f1g1,1268,fork mate matein4 middlegame sacrifice verylong
rpBo7,8/6pk/6bp/8/4N3/P1Q2PKn/1PP4P/6r1 w - - 5 47,g3h3 g6f5 h3h4 g7g5 e4g5 h6g5 h4h5 f5g6,1300,endgame exposedking mate matein4 verylong
rpZ52,6k1/3N2pp/r6r/p1b1NR2/8/2n5/P1P2PPP/5RK1 w - - 7 25,d7c5 c3e2 g1h1 h6h2 h1h2 a6h6 f5h5 h6h5,1073,anastasiamate attraction mate matein4 middlegame sacrifice verylong
rqzMr,6k1/p1N4p/2p3p1/4p3/r5n1/3K4/2P5/5R2 b - - 1 31,g8g7 c7e6 g7h6 f1h1 g4h2 h1h2 a4h4 h2h4,1225,anastasiamate endgame mate matein4 verylong
rrenS,5r1k/p5pp/2Qp1q2/4p3/4P3/8/r1P2PPP/3R1RK1 w - - 0 19,d1d6 f6f2 f1f2 a2a1 d6d1 a1d1 f2f1 d1f1,1275,endgame mate matein4 sacrifice verylong
rxCYa,6k1/5pp1/3R4/1p2PKPP/1Pr5/2p5/8/8 b - - 2 46,c3c2 d6d8 g8h7 g5g6 f7g6 h5g6 h7h6 d8h8,1178,endgame mate matein4 rookendgame verylong
rxHaV,4r1k1/pB3pp1/5b1p/8/5P2/1Q6/1P3RPP/6K1 w - - 0 29,b7d5 e8e1 f2f1 f6d4 b3e3 d4e3 g1h1 e1f1,1023,backrankmate endgame mate matein4 verylong
ryHW0,8/5pk1/p5p1/2pPb1q1/P3P1N1/5Q2/2P4r/5RK1 b - - 9 40,h2h4 f3f7 g7h8 f7f8 h8h7 f1f7 e5g7 f7g7,1144,endgame mate matein4 verylong
s0W76,8/4R3/5p1k/6p1/8/4p3/r1r1N1PP/5RK1 b - - 3 41,c2e2 f1f6 h6h5 e7h7 h5g4 h2h3 g4g3 f6f3,1025,endgame mate matein4 rookendgame verylong
s3Uyd,8/pp1b1rkp/2pQ1p2/2P2P2/1q2R3/1PN5/P5PP/6K1 b - - 3 27,b4c3 e4g4 g7h8 d6b8 d7c8 b8c8 f7f8 c8f8,1291,endgame mate matein4 verylong
s3jtA,3q2k1/p5pp/1p1bp3/3n1p2/2QP4/P4PN1/1P3P1r/4R1RK w - - 0 25,h1h2 d8h4 h2g2 d5f4 g2f1 h4h3 g1g2 h3g2,1258,exposedking mate matein4 middlegame verylong
s68Or,4r1k1/ppp5/1b1p2pp/3r2q1/3N4/4PR2/PP3QPP/5R1K b - - 1 28,b6d4 f3f8 e8f8 f2f8 g8h7 f1f7 d4g7 f8g7,1107,exposedking kingsideattack mate matein4 middlegame verylong
s7SZk,3r3k/8/5p1p/1R6/1P6/P1n2NN1/5PPP/6K1 w - - 1 35,b5b6 d8d1 f3e1 d1e1 g3f1 c3e2 g1h1 e1f1,1024,backrankmate deflection endgame mate matein4 verylong
s7aA9,r6k/pp3ppB/1qn5/2bp2Qb/3N1P2/2P1r3/PP3RPP/RN4K1 w - - 1 17,g5h5 e3e1 f2f1 c5d4 c3d4 b6d4 g1h1 e1f1,1160,backrankmate deflection mate matein4 middlegame verylong
s82HC,5k2/1pp2p1Q/2q4p/5n2/5Pp1/6P1/r4R1P/2R4K w - - 1 31,c1c6 a2a1 c6c1 a1c1 f2f1 c1f1 h1g2 f5e3,1279,cornermate endgame mate matein4 verylong
s8CMW,2r2rk1/6pp/RQ1p4/1P3q2/8/8/5PPP/5RK1 w - - 2 29,b6d6 f5f2 f1f2 c8c1 d6d1 c1d1 f2f1 d1f1,1293,endgame mate matein4 sacrifice verylong
s8Mf7,4r1k1/p2p1pq1/P7/3Q2p1/2P5/P5B1/B1P2PP1/4rRK1 w - - 1 27,c4c5 e1f1 g1f1 g7a1 a2b1 a1b1 d5d1 b1d1,1132,attraction mate matein4 middlegame verylong
s9rWh,2r5/1p3Qpk/p6p/2rp4/P2q4/1P2R1P1/5P1P/5BK1 b - - 0 31,d4f6 f1d3 h7h8 e3e8 c8e8 f7e8 f6f8 e8f8,1230,endgame mate matein4 verylong
sAXm8,8/1R3p2/6p1/3Nn1kp/4P3/5P1P/r4KP1/8 w - - 7 44,f2g3 h5h4 g3h2 e5f3 h2h1 a2a1 b7b1 a1b1,1039,deflection endgame mate matein4 pin verylong
sC7Xp,rn5k/p1b3p1/1pp2r1p/8/1P6/P2QPPqP/1B4P1/3R1RK1 w - - 3 26,b2f6 g3h2 g1f2 c7g3 f2e2 h2g2 f1f2 g2f2,1266,deflection kingsideattack mate matein4 middlegame verylong
sDyh7,2Qrkr2/4pq2/8/8/8/2B5/1P3PPP/5RK1 w - - 5 41,c8c7 f7f2 f1f2 d8d1 c3e1 d1e1 f2f1 e1f1,1280,endgame mate matein4 sacrifice verylong
sFd1g,r1b1k2r/3p1ppp/pQ4q1/3p4/8/4B1N1/PPP3PP/2K1R3 b kq - 1 21,g6b6 e3b6 e8f8 b6c5 d7d6 c5d6 f8g8 e1e8,1163,backrankmate discoveredattack discoveredcheck mate matein4 middlegame verylong
sGPEN,1k5r/pp5r/5p2/2q3p1/8/1Q4PP/PP4BK/3RRN2 w - - 4 27,d1c1 h7h3 g2h3 c5f2 h2h1 h8h3 f1h2 h3h2,1297,deflection mate matein4 middlegame sacrifice verylong
sGuQn,5rk1/R4ppp/3p4/8/1q1pPQ2/1p1P3P/2r3P1/5RK1 b - - 1 25,b4d2 f4f7 f8f7 a7a8 c2c8 a8c8 f7f8 f1f8,1272,endgame mate matein4 sacrifice verylong
sGxqK,3r2k1/pp3ppp/4P3/1Pq5/P5Q1/8/3r2PP/4RR1K b - - 0 26,f7e6 g4e6 g8h8 e6e8 d8e8 e1e8 c5f8 f1f8,1152,backrankmate endgame mate matein4 sacrifice verylong
sHexK,6k1/7p/1q6/3Pp3/1B2PpP1/P1N3b1/4Q1P1/1R5K w - - 3 30,b4e7 b6h6 e7h4 h6h4 h1g1 h4h2 g1f1 h2h1,1254,endgame mate matein4 verylong
sIey7,8/pbpk1Npp/2p2n2/8/8/2P1r3/PP4PP/RN2K2R w KQ - 0 16,e1f2 f6g4 f2f1 b7a6 c3c4 a6c4 f1g1 e3e1,1272,fork mate matein4 middlegame verylong
sJghh,r4knr/ppp2ppp/1b1B4/1B5q/6b1/2N2n2/PPP3PP/R2QR2K b - - 1 13,c7d6 d1d6 g8e7 d6e7 f8g8 e7e8 a8e8 e1e8,1185,backrankmate mate matein4 opening verylong
sNpXU,5rk1/5ppp/1q1p4/3P4/1p3Q2/1NbPr2P/6P1/R4R1K b - - 3 29,c3e5 f4f7 f8f7 a1a8 b6b8 a8b8 f7f8 f1f8,1233,mate matein4 middlegame sacrifice verylong
sO8bk,1k6/2R1Q3/1p2p1P1/3q4/3n3p/1P2P2P/r2PBP2/4K1R1 w - - 1 28,e3d4 a2a1 c7c1 a1c1 e2d1 d5e4 e1f1 c1d1,1109,deflection endgame mate matein4 verylong
sQMbp,r4rk1/1p4pp/p1n1pq2/2p2P2/2Pp1b2/N2P4/PP2B1RP/R2QN1K1 w - - 5 19,f5e6 f4e3 g1h1 f6f1 e2f1 f8f1 g2g1 f1g1,1172,kingsideattack mate matein4 middlegame operamate sacrifice verylong
sQbTL,5r2/4q1pk/R1Q3Np/3pPp2/2pPbP2/2P3KP/1r6/2R5 w - - 9 38,g6e7 b2g2 g3h4 g7g5 f4g5 h6g5 h4h5 e4f3,1131,mate matein4 middlegame morphysmate verylong
sTyZQ,3r1r1k/pp4p1/5q1p/4p3/4R3/1Q6/PPP2PPP/5RK1 w - - 2 21,b3b7 f6f2 f1f2 d8d1 e4e1 d1e1 f2f1 e1f1,1154,endgame mate matein4 sacrifice verylong
sUbMc,r6k/1b1Q1B1p/p5p1/4r2n/4P3/2q2P2/2P3PP/R2R3K w - - 1 25,d7b7 h5g3 h2g3 e5h5 h1g1 c3e3 g1f1 h5h1,1205,clearance mate matein4 middlegame sacrifice verylong
sUlpu,8/p1p1kp2/3r1p2/3Q4/4r2q/6R1/PPP2P2/5KR1 w - - 0 30,d5b7 d6d1 f1g2 d1g1 g2g1 e4e1 g1g2 h4h1,1257,attraction endgame mate matein4 verylong
sV7RK,5r1k/3r2p1/p1p2pQp/1p2pP2/7R/1P1R3P/1q4PK/8 b - - 1 28,d7f7 h4h6 g7h6 g6h6 h8g8 d3g3 f7g7 h6g7,1242,endgame mate matein4 sacrifice verylong
sWGgu,r1bk3q/p4Q2/1pnPp1B1/8/8/5N2/P4PPP/2R3K1 w - - 0 22,c1c6 h8a1 g6b1 a1b1 c6c1 b1c1 f3e1 c1e1,1117,mate matein4 middlegame verylong
sX5mt,7k/1p4pp/p1n3N1/3QP3/1P5b/P5P1/1r2q2P/R4RK1 b - - 4 26,h7g6 f1f8 h8h7 d5g8 h7h6 g8h8 h6g5 h8h4,1228,mate matein4 middlegame verylong
sXfu3,2kr2r1/pp4q1/4p3/3p4/1PpP1bP1/P1P2N1P/5P2/R2Q1RK1 w - - 1 23,d1e2 g7g4 h3g4 g8g4 g1h1 d8h8 f3h2 h8h2,1240,kingsideattack mate matein4 middlegame operamate sacrifice verylong
sZHer,r3kr2/1pq3Q1/p7/2p1p3/3nP3/P2P4/1PP2PP1/R1B2RK1 w q - 0 19,g7c7 d4e2 g1h1 f8h8 c7h7 h8h7 c1h6 h7h6,1155,mate matein4 middlegame verylong
sb9Gf,2r2r1k/6pp/p4q2/P2Q4/1p6/4R3/5PPP/5RK1 w - - 1 29,e3b3 f6f2 f1f2 c8c1 d5d1 c1d1 f2f1 d1f1,1291,endgame mate matein4 sacrifice verylong
sf4Es,r2q1rk1/3np3/1p4pP/p5p1/6p1/N2P4/QBP2P2/4K2b b - - 1 20,f8f7 h6h7 g8h7 a2f7 h7h6 f7g7 h6h5 g7h7,1267,advancedpawn attraction deflection exposedking kingsideattack mate matein4 middlegame pin verylong
sg8o0,1rb1kb1r/2B1pppp/p2p4/3Q4/2p1P3/q7/P1P2PPP/1R3RK1 b k - 2 15,b8b1 d5c6 c8d7 c6a8 b1b8 a8b8 d7c8 b8c8,1205,mate matein4 middlegame verylong
sixi6,4rk2/6R1/2p4p/1pPp1P2/1P2Pn2/1Q5q/1B5P/6RK b - - 0 45,h3b3 g7g8 f8e7 g1g7 e7d8 b2f6 d8c8 g8e8,1204,deflection endgame exposedking mate matein4 pin verylong
sjDY5,6rk/3bqp1p/p1np1p2/5P1Q/2p1P2R/7R/P1P1K2P/6r1 b - - 3 27,g8g7 h5h7 g7h7 h4h7 h8g8 h7h8 g8g7 h3h7,1242,blindswinemate kingsideattack mate matein4 middlegame sacrifice verylong
skXm5,4r3/ppp1rNp1/1b4pk/4pn2/2B5/2P5/PP3PPP/4R1K1 b - - 11 33,h6h5 c4e2 h5h4 g2g3 f5g3 h2g3 h4h3 f7g5,1285,mate matein4 middlegame verylong
smQSu,7r/R2N1bk1/4p3/1p1p1p2/1P1P2p1/2P1R1Pr/1P4KP/8 w - - 5 35,d7e5 h3h2 g2f1 h2h1 f1e2 h8h2 e2d3 h1d1,1238,endgame epaulettemate mate matein4 verylong
sojAg,4r1k1/p4ppp/4r3/2b5/8/4BQP1/Pq3RPP/5RK1 b - - 1 24,e6e3 f3f7 g8h8 f7f8 c5f8 f2f8 e8f8 f1f8,1116,backrankmate mate matein4 middlegame sacrifice verylong
sroXs,2R5/P5pk/2p4p/2B1Pp2/1P2bP2/7P/r4K2/8 w - - 6 42,f2g3 a2g2 g3h4 g7g5 f4g5 h6g5 h4h5 e4f3,1289,endgame mate matein4 morphysmate verylong
ssWgb,1r3r2/3p1pk1/2nqp1p1/p1b2PQ1/2P5/7R/B5PP/5R1K b - - 0 32,f8h8 f5f6 g7g8 h3h8 g8h8 g5h6 h8g8 h6g7,1290,attraction mate matein4 middlegame verylong
stVNw,8/pR1p4/2kNp3/q3P1Q1/5P2/6B1/3r2PP/3R3K w - - 4 38,d1d2 a5a1 b7b1 a1b1 d2d1 b1d1 g3e1 d1e1,1134,backrankmate endgame mate matein4 verylong
syohF,8/6k1/1n1p1pP1/2pP1P2/2PqP3/Q4KP1/8/8 b - - 6 49,d4c4 a3a7 b6d7 a7d7 g7h6 d7h7 h6g5 h7h4,1168,endgame fork mate matein4 verylong
t0Z4L,1k4r1/pprn4/4Q3/3pP3/4q3/P5B1/5K1P/1R6 b - - 0 33,e4b1 e6g8 d7f8 g8f8 c7c8 e5e6 b8a8 f8c8,1236,deflection discoveredattack discoveredcheck endgame hangingpiece mate matein4 verylong
t1ddv,2r3k1/p6R/1pr1pBp1/8/3P2Q1/2q4P/5PP1/6K1 b - - 0 25,g8h7 g4h4 h7g8 h4h8 g8f7 h8g7 f7e8 g7e7,1062,endgame mate matein4 verylong
t5QGn,r2q3k/ppp3pp/3p2p1/2P1p3/2B1P1n1/2N1Br2/PPP2P2/2KR3R b - - 1 16,g4e3 h1h7 h8h7 d1h1 f3h3 h1h3 d8h4 h3h4,1256,attraction fork mate matein4 middlegame pillsburysmate sacrifice verylong
t63oF,1k5r/1p1r2bp/p5p1/2Rq1p2/4pP2/4B3/1P3QPP/2R3K1 b - - 3 28,d5d6 c5c8 h8c8 e3a7 b8a8 c1c8 d6b8 c8b8,1292,clearance deflection master mate matein4 middlegame queensideattack sacrifice verylong
t871F,2rr1k2/3p1ppp/1p1P2q1/p2Q4/4R3/8/P4PPP/4R1K1 b - - 1 31,c8c5 e4e8 d8e8 e1e8 f8e8 d5a8 c5c8 a8c8,1192,attraction endgame mate matein4 sacrifice verylong
t8wLz,3r2k1/5ppp/1R6/3qp1N1/P7/5Q1P/5PPK/2r5 b - - 2 29,f7f6 f3d5 d8d5 b6b8 c1c8 b8c8 d5d8 c8d8,1154,endgame mate matein4 verylong
t9UJK,8/8/3P4/R4b2/1B6/P1N3kP/2r3P1/7K w - - 1 38,a5f5 c2c1 c3d1 c1d1 b4e1 d1e1 f5f1 e1f1,1090,endgame mate matein4 verylong
t9eJ2,5rk1/p1p5/1p2pr1p/2q3p1/4Q3/P1P3B1/2P2PPP/R3R1K1 w - - 1 21,g3e5 c5f2 g1h1 f2f1 e1f1 f6f1 a1f1 f8f1,1040,backrankmate mate matein4 middlegame sacrifice verylong
tA4xT,5k2/2p2p2/4r3/5b2/5R2/bNP5/PP1R2P1/K7 w - - 5 42,b2a3 e6e1 d2d1 e1d1 b3c1 d1c1 a1b2 c1b1,1222,endgame mate matein4 verylong
tC52L,4r1k1/1Q3pp1/7p/3p2q1/8/2PR3P/PP2rPP1/3R2K1 w - - 3 26,d3d5 e2e1 d1e1 e8e1 g1h2 g5f4 g2g3 f4f2,1082,endgame mate matein4 verylong
tCpu6,rn1q1rk1/p1pp2p1/1p2p1Qp/3bP1b1/8/3B1N2/PPP2PPP/R3K2R b KQ - 1 12,d5f3 g6h7 g8f7 d3g6 f7e7 h7g7 f8f7 g7f7,1283,deflection kingsideattack mate matein4 middlegame verylong
tCuam,2r4k/pp3Q2/6p1/5p2/3Pq3/P1r5/1P3P2/2KR2R1 w - - 0 28,b2c3 c8c3 c1b2 e4c2 b2a1 c3a3 f7a2 a3a2,1186,deflection endgame exposedking mate matein4 verylong
tEMOz,5rk1/p4ppp/8/8/7q/5Q1P/PP1r4/2R2R1K b - - 0 27,d2b2 f3f7 f8f7 c1c8 h4d8 c8d8 f7f8 f1f8,1248,endgame mate matein4 sacrifice verylong
tEZT7,r1b1k3/p4pp1/1pp5/3pq3/2P5/2NBPPp1/PP4P1/2RQR1Kr w q - 2 17,g1h1 e5h5 h1g1 h5h2 g1f1 h2h1 f1e2 h1g2,1010,deflection epaulettemate kingsideattack mate matein4 middlegame verylong
tEa4B,8/1Q4kp/4p1p1/1p1pPp2/8/2r1qnP1/6K1/5R2 b - - 3 40,g7h6 f1h1 f3h2 h1h2 h6g5 b7e7 g5g4 h2h4,1157,endgame mate matein4 verylong
tHW4q,r6k/pp1bN1pp/2pp4/4p3/2B1P2r/3P4/PPP2P2/2K2R2 b - - 3 21,h4f4 e7g6 h7g6 f1h1 d7h3 h1h3 f4h4 h3h4,1062,endgame kingsideattack mate matein4 pillsburysmate sacrifice verylong
tIWzm,1r3bk1/3b3p/5BR1/q2pPp2/2pP1P2/2P4Q/7K/q7 b - - 0 34,h7g6 h3h8 g8f7 h8h7 f8g7 h7g7 f7e6 g7e7,1229,exposedking mate matein4 middlegame verylong
tIh1K,r3r3/pbpknQpp/1p2p3/3q2B1/3P4/2P2N2/P1P2P1P/2K1R3 b - - 5 15,d5f3 f7e6 d7d8 g5e7 e8e7 e6e7 d8c8 e7e8,1256,mate matein4 middlegame verylong
tKuCv,r5k1/pQ1nn3/2p2r2/2bppp2/B7/3P1PN1/PPP3Pq/4RR1K w - - 0 23,h1h2 f6h6 g3h5 h6h5 h2g3 f5f4 g3g4 d7f6,1123,cornermate mate matein4 middlegame verylong
tLCCQ,5rk1/p4ppp/q7/3p4/r2P4/4PQ2/P5PP/1R3RK1 b - - 1 22,a4a2 f3f7 f8f7 b1b8 a6c8 b8c8 f7f8 f1f8,1294,endgame mate matein4 sacrifice verylong
tLUjF,3r1r2/pp4pk/1q1N2bp/4Q3/8/6R1/PP3PPP/5RK1 w - - 5 26,d6c4 b6f2 f1f2 d8d1 e5e1 d1e1 f2f1 e1f1,1297,mate matein4 middlegame sacrifice verylong
tMPeD,r6k/p4p2/2p1pPrp/1p1nPRpQ/3P2P1/2PN3R/P2q3P/6K1 b - - 5 30,d5e3 h5h6 g6h6 h3h6 h8g8 f5g5 g8f8 h6h8,1204,exposedking kingsideattack master mate matein4 middlegame sacrifice verylong
tNPeU,r4r2/pp3pk1/1Bp4N/4p3/4Pnq1/1BP5/PP3PP1/R4RK1 w - - 1 24,h6g4 f4e2 g1h1 f8h8 g4h2 h8h2 h1h2 a8h8,1272,anastasiamate attraction kingsideattack mate matein4 middlegame sacrifice verylong
tOMCT,5rk1/5ppp/p7/1p6/2q5/2r4P/P4QP1/3R1R1K b - - 3 24,c4c6 f2f7 f8f7 d1d8 c6e8 d8e8 f7f8 f1f8,1266,endgame mate matein4 sacrifice verylong
tOfLN,6k1/5p1p/1p3p2/p7/1n1NP3/2R3P1/1r3r1P/R5K1 b - - 0 27,f2h2 c3c8 g8g7 d4f5 g7g6 c8g8 g6h5 g3g4,1286,endgame mate matein4 verylong
tSAKh,3r4/5ppk/4b3/2P1P1Q1/8/7P/5qP1/R6K b - - 4 35,d8d4 g5h5 h7g8 a1a8 e6c8 a8c8 d4d8 c8d8,1146,endgame mate matein4 verylong
tTSnS,5rk1/5ppp/p7/1p6/5Q2/3p3P/PPq1r1P1/2R2R1K b - - 9 28,c2b2 f4f7 f8f7 c1c8 e2e8 c8e8 f7f8 f1f8,1189,endgame mate matein4 sacrifice verylong
tWbv0,r3Q1k1/pp3rpp/8/5b2/3BR1n1/8/PPP2PBq/R4K2 b - - 5 20,a8e8 e4e8 f7f8 g2d5 f5e6 d5e6 g8h8 e8f8,1094,fork mate matein4 middlegame verylong
tX2zl,Q7/3q2k1/5ppp/4p3/1pB5/1Pn5/P2N1PPP/6K1 w - - 3 40,d2f3 d7d1 f3e1 d1e1 c4f1 c3e2 g1h1 e1f1,1155,deflection endgame mate matein4 verylong
taoYe,5r1k/p1pR2pp/Pp3q2/4p2Q/2P5/r7/5PPP/5RK1 w - - 4 33,d7c7 f6f2 f1f2 a3a1 h5d1 a1d1 f2f1 d1f1,1241,endgame mate matein4 sacrifice verylong
td2kx,r7/5ppp/1ppR4/p3pk2/P1r5/5K2/2P2PPP/3R4 b - - 3 27,c4c2 g2g4 f5g5 h2h4 g5h4 d1h1 h4g5 h1h5,1214,attraction endgame mate matein4 rookendgame verylong
td4Qp,1q3rk1/p4ppp/2R5/1p2B3/1P6/3P1Q1P/r7/5R1K b - - 0 31,b8e5 f3f7 f8f7 c6c8 e5e8 c8e8 f7f8 f1f8,1112,endgame mate matein4 sacrifice verylong
tmqDT,2r3k1/2q1b1pp/p1r2p2/1p2pQP1/1P6/P1P1BR2/7P/5RK1 b - - 0 28,f6g5 f5f7 g8h8 f7f8 e7f8 f3f8 c8f8 f1f8,1245,backrankmate mate matein4 middlegame sacrifice verylong
tn4sm,5nk1/7p/6p1/1Q1p2q1/p7/5r1P/4R2K/4R3 w - - 0 47,b5a4 g5g3 h2h1 g3h3 e2h2 f3f1 e1f1 h3f1,1223,deflection endgame mate matein4 verylong
to3XK,2r5/Q4p2/2r1k2P/3pp1p1/6b1/P3P3/1P1K3R/8 w - - 1 39,d2e1 c6c1 e1f2 c8c2 f2g3 c1g1 h2g2 g1g2,1128,endgame exposedking mate matein4 pillsburysmate verylong
tp1nB,2r3k1/5ppp/p7/4pP2/1P1bP3/PB2p3/1P2Q1PP/2q1R1K1 w - - 2 26,e1c1 c8c1 b3d1 c1d1 e2d1 e3e2 d1d4 e2e1q,1062,advancedpawn deflection discoveredattack discoveredcheck endgame kingsideattack mate matein4 promotion verylong
tsUH9,4rk2/pbp2pp1/1p3q2/2p1rP2/4P2R/2P4Q/PP4P1/3R2K1 b - - 7 31,e5e4 h4h8 f8e7 h8e8 e7e8 h3h8 e8e7 h8d8,1167,attraction mate matein4 middlegame verylong
tuYq9,2r2br1/1b3p1k/p3p1pP/4Q3/4P3/5P2/PBq1B3/K6R b - - 0 26,c2e2 e5g7 g8g7 h6g7 e2h2 h1h2 h7g8 h2h8,1235,advancedpawn discoveredattack discoveredcheck mate matein4 middlegame sacrifice verylong
tvwhS,1r1k1r2/pB2b2Q/3p3p/2p1p3/4P3/3P3P/PP2K1P1/R7 w - - 1 23,b7d5 b8b2 e2e1 e7h4 g2g3 h4g3 e1d1 f8f1,1166,endgame mate matein4 verylong
txe4e,r6k/1p3p2/1qn2Prp/p3p2Q/3pR3/1Pp4R/P4PPP/6K1 b - - 1 26,c3c2 h5h6 g6h6 h3h6 h8g8 e4g4 g8f8 h6h8,1111,exposedking kingsideattack mate matein4 middlegame sacrifice verylong
tyFNQ,Q1bqkb1r/p4pp1/7p/1p2p3/8/8/PP3nPP/RNB2RK1 w k - 0 14,f1f2 d8d1 f2f1 f8c5 c1e3 c5e3 g1h1 d1f1,1167,fork mate matein4 middlegame verylong
tydkd,5r2/3qprbk/4R2R/p1pP4/1pP5/1P4Q1/5PPP/6K1 b - - 0 30,g7h6 g3g6 h7h8 g6h6 h8g8 e6g6 f7g7 h6g7,1276,deflection endgame exposedking mate matein4 verylong
u0Ay8,2Q5/6pk/p3p2p/3pP3/P2PbB2/2P4P/1P2r1PK/8 w - - 3 38,h2g3 e2g2 g3h4 g7g5 f4g5 h6g5 h4h5 e4f3,1085,endgame fork mate matein4 morphysmate verylong
u0hjv,5rk1/5ppp/p7/8/8/1P3Q1P/P2rq1P1/2R2R1K b - - 8 27,d2a2 f3f7 f8f7 c1c8 e2e8 c8e8 f7f8 f1f8,1154,endgame mate matein4 sacrifice verylong
u2FcK,5rk1/p4ppp/2p3q1/1p6/8/5Q2/PPP1r1PP/3R1R1K b - - 5 25,g6c2 f3f7 f8f7 d1d8 e2e8 d8e8 f7f8 f1f8,1260,endgame mate matein4 sacrifice verylong
u2jfu,r3k1nr/p7/8/5p1P/2BN3q/3PP1b1/P1P3P1/1R1Q1RK1 w kq - 4 24,f1f5 h4h2 g1f1 h2h1 f1e2 h1g2 f5f2 g2f2,1169,deflection mate matein4 middlegame verylong
u3pyX,2r3k1/1R3r1p/4bqp1/3p4/3Pp3/1QN1P3/5PPP/5RK1 w - - 0 24,c3a4 f6f2 f1f2 c8c1 b3d1 c1d1 f2f1 d1f1,1104,mate matein4 middlegame sacrifice verylong
u3q0C,r1b2rk1/pp3Bpp/1bp5/4q3/4P3/2N5/PPPQ2PP/3R1R1K b - - 0 19,f8f7 d2d8 b6d8 d1d8 e5e8 d8e8 f7f8 f1f8,1110,kingsideattack mate matein4 middlegame sacrifice verylong
u78rs,1k1r3r/ppp3p1/8/b6Q/2N5/2n5/P4PPP/R4RK1 w - - 1 28,h5a5 c3e2 g1h1 h8h2 h1h2 d8h8 a5h5 h8h5,1186,anastasiamate attraction mate matein4 middlegame sacrifice verylong
u7Pgw,2r2r1k/2q3pp/3p2p1/1p1Bp1Pn/p2pP2R/P2P4/1PP1QP2/2K3R1 b - - 3 25,h5f4 h4h7 h8h7 g1h1 f4h5 h1h5 g6h5 e2h5,1255,attraction kingsideattack mate matein4 middlegame sacrifice verylong
u8wUv,r5k1/pp3pp1/7p/3QR3/2r5/2P2P1P/Pq4P1/4R2K b - - 1 27,c4c3 e5e8 a8e8 e1e8 g8h7 d5f5 g7g6 f5f7,1250,endgame mate matein4 verylong
u9DdP,6k1/2r3B1/1p1p2KP/p2P4/5P2/8/8/8 b - - 1 47,c7g7 h6g7 a5a4 f4f5 a4a3 f5f6 a3a2 f6f7,1076,advancedpawn endgame mate matein4 quietmove verylong
u9fFz,7r/p4pkp/1ppb1np1/3b2P1/2n4Q/q6B/4RP1P/4R1K1 b - - 0 32,a3f3 h4h6 g7g8 e2e8 f6e8 e1e8 d6f8 h6f8,1144,mate matein4 middlegame sacrifice verylong
uAPYM,3r1r1k/2R4p/p4p2/p1p2N2/6P1/2BP4/1Pn2PP1/6K1 b - - 2 27,d8d3 c3f6 f8f6 c7c8 d3d8 c8d8 f6f8 d8f8,1066,endgame master mate matein4 sacrifice verylong
uCA3B,r6k/pp1bqrpp/3p1n2/2p2P2/3pP2R/6RQ/PPP1N1PP/6K1 b - - 3 22,a8g8 h4h7 f6h7 h3h7 h8h7 g3h3 e7h4 h3h4,1213,attraction kingsideattack mate matein4 middlegame sacrifice verylong
uDoG9,5k2/1R3p2/3p2p1/1Q2b2p/8/PP6/1Prq1PPP/5RK1 w - - 3 32,b5d7 d2f2 f1f2 c2c1 f2f1 e5d4 g1h1 c1f1,1273,backrankmate deflection endgame mate matein4 sacrifice verylong
uDr56,1r3k2/1b3N2/4pQ2/2p4q/P4R2/1P1P1Pp1/2P3P1/3R3K w - - 1 34,h1g1 h5h2 g1f1 h2h1 f1e2 h1g2 e2e1 g2f2,1173,deflection mate matein4 middlegame verylong
uEXB6,5r1k/5rp1/pp2p1Qp/3qP2R/3PR3/P1P2p1P/1P4P1/6K1 b - - 0 25,f3g2 h5h6 g7h6 g6h6 h8g8 e4g4 f7g7 g4g7,1165,endgame kingsideattack mate matein4 sacrifice verylong
uEcKj,3r2k1/p1q2ppp/1p2p1n1/2p1P3/Q3NP2/5R2/P5PP/6K1 b - - 4 25,d8d4 a4e8 g6f8 e4f6 g7f6 f3g3 g8h8 e8f8,1163,deflection endgame kingsideattack mate matein4 sacrifice verylong
uEtry,k1r5/p4pp1/2pq4/2p5/B1P5/3PR2p/P1P2P1P/1R3K2 b - - 5 26,d6h2 a4c6 c8c6 e3e8 c6c8 e8c8 h2b8 b1b8,1050,endgame master mate matein4 queensideattack sacrifice verylong
uGKd3,r1b2rk1/pp3ppp/2n5/3nN1Bq/8/3B3P/PPQ2PP1/R3R1K1 b - - 0 17,h5g5 d3h7 g8h8 e5f7 f8f7 e1e8 f7f8 e8f8,1122,clearance deflection kingsideattack mate matein4 middlegame verylong
uH2Zu,3r4/2R4k/p6p/5p2/P7/2B4P/5bPK/2r5 b - - 2 38,h7g6 c7g7 g6h5 g2g4 f5g4 h3g4 h5h4 c3f6,1230,endgame mate matein4 verylong
uJINb,7k/1R5P/7K/8/p5P1/8/rp6/8 b - - 4 49,b2b1q b7b1 a2h2 h6g6 h2c2 b1b8 c2c8 b8c8,1300,endgame exposedking hangingpiece mate matein4 verylong
uJf3c,4r1k1/p4pr1/3R1n2/2Q5/5p2/7P/PPP2PP1/6K1 w - - 3 31,c5a7 e8e1 g1h2 f6g4 h3g4 g7h7 d6h6 h7h6,1193,endgame mate matein4 sacrifice verylong
uKmdI,5rk1/p4ppp/8/2p5/P1P5/4PQ1P/1q1r2P1/1R3RK1 b - - 2 22,b2a2 f3f7 f8f7 b1b8 d2d8 b8d8 f7f8 f1f8,1227,endgame mate matein4 sacrifice verylong
uMOhp,5rk1/p2q1ppp/2N5/4N3/Q4P2/2P4P/Pr4PK/8 b - - 1 29,d7d2 c6e7 g8h8 e5f7 f8f7 a4e8 f7f8 e8f8,1193,deflection endgame fork mate matein4 sacrifice verylong
uMmUf,3R4/5pk1/8/3Nn1pp/8/5PKP/r5P1/8 w - - 0 44,d5c7 h5h4 g3h2 e5f3 h2h1 a2a1 d8d1 a1d1,1238,deflection endgame mate matein4 pin verylong
uNiIe,5rk1/p1p2rpp/1p3q2/8/1bP1Q3/1R6/P3BPPP/3R2K1 w - - 4 22,b3b4 f6f2 g1h1 f2f1 e2f1 f7f1 d1f1 f8f1,1023,backrankmate mate matein4 middlegame sacrifice verylong
uOBkR,5r1k/pq2r1bp/1p2B3/2BP1p2/5N2/1Q6/P5PP/5RK1 b - - 4 24,b6c5 f4g6 h7g6 b3h3 g7h6 h3h6 e7h7 h6f8,1135,fork mate matein4 middlegame sacrifice verylong
uOJMd,4r3/2k1r1p1/p1p3p1/2Qn1p2/P1BP1P1P/5PP1/5K2/8 w - - 5 42,c4d5 e7e2 f2g1 e2e1 g1g2 e8e2 g2h3 e1h1,1002,endgame mate matein4 verylong
uPMPH,4r1k1/1Q4pp/2p5/p2p4/3P2n1/3B1bP1/P1P2P1P/5K2 w - - 3 26,h2h3 g4h2 f1g1 e8e1 d3f1 e1f1 g1h2 f1h1,1018,endgame mate matein4 operamate verylong
uPzVo,2k4r/ppp3pp/4P1n1/2b1pp2/2B3rq/3P1P2/PPP1N1PP/R2Q1RK1 w - - 1 15,g1h1 h4h2 h1h2 g4h4 h2g3 f5f4 e2f4 e5f4,1287,attraction kingsideattack mate matein4 middlegame sacrifice verylong
uRjkZ,r2q1rk1/pp1bb1pB/2n1p3/3p2P1/3P1P2/8/PPN4P/R1BQ1RK1 b - - 0 16,g8h7 d1h5 h7g8 g5g6 f8f5 h5h7 g8f8 h7h8,1227,master mate matein4 middlegame verylong
uS8Cp,7K/5k1P/8/2p5/PpP5/8/8/8 w - - 0 70,a4a5 b4b3 a5a6 b3b2 a6a7 b2b1q a7a8q b1b2,1154,advancedpawn endgame mate matein4 pawnendgame promotion verylong
uTpQn,Q2R4/5pkp/3p1pp1/8/5P2/4P2P/3q2PK/4r3 b - - 8 35,d2e3 d8g8 g7h6 a8f8 h6h5 g2g4 h5h4 f8h6,1257,endgame mate matein4 verylong
uUfnO,4r1k1/5p1p/2pq2pB/1p1pPb2/8/1PQ5/2P2PPP/R5K1 b - - 0 23,d6e5 c3e5 e8e5 a1a8 f5c8 a8c8 e5e8 c8e8,1271,endgame mate matein4 pillsburysmate verylong
uWEP3,3k3r/1p1n2Q1/p1r1pp2/3p4/3P1B2/q1P2P2/P1P1B2P/1K1R3R w - - 3 22,f4c1 c6b6 e2b5 b6b5 b1a1 a3c3 c1b2 c3b2,1245,mate matein4 middlegame queensideattack verylong
uXmHm,r1bq1rkR/p1p1b1p1/1pn1p3/4P1P1/3P4/P1P5/5PP1/R1BQK3 b Q - 2 15,g8h8 d1h5 h8g8 g5g6 f8f5 h5h7 g8f8 h7h8,1073,kingsideattack mate matein4 middlegame verylong
uZTiO,8/5ppk/RP2p2p/3pP3/4bP2/2P1R1KP/1r4P1/8 w - - 3 33,a6a7 b2g2 g3h4 g7g5 f4g5 h6g5 h4h5 e4g6,1077,endgame mate matein4 morphysmate verylong
uaphI,r1b1k3/1p1nq3/2p2p2/p1bPp1p1/4P3/2NBBRp1/PPP1Q1P1/3R2Kr w q - 4 20,g1h1 e7h7 h1g1 h7h2 g1f1 h2h1 e3g1 h1g1,1212,kingsideattack mate matein4 middlegame verylong
uasPB,3r2k1/p4ppp/1p2P3/1Pq1Q3/2r5/8/P5PP/4RR1K b - - 0 26,f7e6 e5e6 g8h8 e6e8 d8e8 e1e8 c5f8 f1f8,1148,backrankmate endgame mate matein4 sacrifice verylong
ubEVZ,r1b1k3/1p3pp1/p2p4/4p3/2P1P2q/2NB1Pp1/PP4P1/R2QR2K w q - 1 19,h1g1 h4h2 g1f1 h2h1 f1e2 h1g2 e2e3 g2f2,1024,deflection kingsideattack mate matein4 middlegame verylong
ucikn,r1br2kR/pp3pp1/1b6/8/3qN3/3B1Q1P/2P2PP1/4R1K1 b - - 2 21,g8h8 f3h5 h8g8 e4f6 d4f6 h5h7 g8f8 h7h8,1124,mate matein4 middlegame sacrifice verylong
udzG6,2r2rk1/2p3p1/p2p1qPp/1p1Q3R/4P3/5P2/PPP5/1K5R b - - 0 28,g8h8 h5h6 g7h6 h1h6 h8g7 h6h7 g7g6 d5h5,1224,endgame kingsideattack mate matein4 sacrifice trianglemate verylong
ue7Ea,1r3r2/p2p1p1k/b1p2Pp1/2q1P1Qp/8/2p4R/P1P3PP/4R2K b - - 1 28,f8h8 h3h5 h7g8 h5h8 g8h8 g5h6 h8g8 h6g7,1143,attraction mate matein4 middlegame verylong
ufBes,2r2rk1/1p3ppp/p1N5/4q3/2PR4/8/P4QPP/5RK1 b - - 0 26,c8c6 f2f7 f8f7 d4d8 e5e8 d8e8 f7f8 f1f8,1161,endgame mate matein4 sacrifice verylong
ughHU,1r1q1r2/p2p1p1k/1p3Pp1/2p1PpQp/5P2/2P4R/PP5P/4n1K1 b - - 2 25,f8h8 h3h5 h7g8 h5h8 g8h8 g5h6 h8g8 h6g7,1050,attraction endgame mate matein4 verylong
uis8v,1r2r1k1/p3bppp/8/2ppNQ2/3P1P2/4BR2/Pq4PP/6K1 b - - 0 21,b2a2 f5f7 g8h8 e5g6 h7g6 f3h3 e7h4 h3h4,1249,kingsideattack mate matein4 middlegame sacrifice verylong
ujzLG,1k4rr/1p2q3/1p1p1R2/1NnP1Q1p/2P3p1/P6P/5PP1/R1B3K1 w - - 0 30,h3h4 e7e1 g1h2 g4g3 f2g3 e1g3 h2g1 g3g2,1185,kingsideattack mate matein4 middlegame verylong xrayattack
unCmq,5r1k/p6r/6Q1/6R1/5p2/3P4/PqP2PP1/4R1K1 w - - 0 32,f2f3 b2d4 g1f1 h7h1 f1e2 d4e3 e2d1 e3e1,1291,endgame mate matein4 verylong
upv5g,5rk1/2p1Rq1p/6p1/2Qr4/8/8/5PPP/5RK1 w - - 0 36,c5c7 f7f2 f1f2 d5d1 e7e1 d1e1 f2f1 e1f1,1247,endgame mate matein4 sacrifice verylong
utqeO,4k3/1b1r1pR1/p1qp3p/2p1nP2/4P3/PP6/1BP4P/4R2K b - - 0 35,e5f3 g7g8 e8e7 f5f6 e7e6 g8e8 d7e7 e8e7,1184,mate matein4 middlegame verylong
uuECk,3r1r1k/p5p1/7p/2RQpq2/8/8/P4PPP/5RK1 w - - 4 28,d5e5 f5f2 f1f2 d8d1 e5e1 d1e1 f2f1 e1f1,1222,endgame mate matein4 sacrifice verylong
uv2T5,r5R1/3kpp2/3p3Q/1p1RnP2/1q2P2N/pP5P/P1P5/2K5 w - - 1 32,g8a8 b4e1 d5d1 e5d3 c2d3 e1c3 c1b1 c3b2,1241,endgame mate matein4 pin queensideattack sacrifice verylong
uvcMB,rn1q1rkR/p3b1p1/bp2p3/2ppP1P1/5B2/2P1P3/PP3PP1/R2QK3 b Q - 2 15,g8h8 d1h5 h8g8 g5g6 f8f5 h5h7 g8f8 h7h8,1065,kingsideattack mate matein4 middlegame verylong
uvoZW,2r3k1/3p1ppp/p7/2r5/3QP3/1P3P2/PP4qP/1K1R3R w - - 0 28,d4d7 g2c2 b1a1 c2c1 d1c1 c5c1 h1c1 c8c1,1250,backrankmate endgame mate matein4 sacrifice verylong
uwdc9,3r1r1k/pR4p1/2p2q1p/8/2Q1p3/2P5/PP3PPP/5RK1 w - - 0 22,c4e4 f6f2 f1f2 d8d1 e4e1 d1e1 f2f1 e1f1,1259,endgame mate matein4 sacrifice verylong
uzpXo,2r5/p5k1/1p1pp1p1/1N5Q/2r1q2P/8/PPP5/1K4RR w - - 0 26,b5d6 e4c2 b1a1 c2c1 g1c1 c4c1 h1c1 c8c1,1072,backrankmate mate matein4 middlegame sacrifice verylong
v0brQ,r2q1rk1/1bp1b1pB/p3p3/3pp1P1/2pP1P2/P1P1P3/1P5P/R1BQ1RK1 b - - 0 16,g8h7 d1h5 h7g8 g5g6 f8f5 h5h7 g8f8 h7h8,1269,mate matein4 middlegame verylong
v0pwc,5r2/pp3rkp/3Q2p1/8/8/4P3/PPq2PPP/1R3RK1 w - - 1 21,f1c1 c2f2 g1h1 f2f1 c1f1 f7f1 b1f1 f8f1,1119,backrankmate endgame mate matein4 sacrifice verylong
v1Fef,3qrr1k/pp3pp1/2p4N/3pP3/3P1R2/2PBP2R/P5P1/6K1 b - - 0 28,g7h6 h3h6 h8g7 h6h7 g7g8 f4g4 d8g5 g4g5,1299,endgame exposedking kingsideattack mate matein4 verylong
v2fQI,2Q2rk1/2p3pp/4R3/2q2r2/8/PP6/2P2PPP/4R1K1 w - - 3 27,c8a6 c5f2 g1h1 f2f1 e1f1 f5f1 a6f1 f8f1,1123,backrankmate endgame mate matein4 sacrifice verylong
v4Usm,r5k1/3R1p2/4pPp1/2p4p/8/7P/3Q2PK/5q2 b - - 5 31,a8a1 d7d8 g8h7 d8h8 h7h8 d2h6 h8g8 h6g7,1286,attraction endgame mate matein4 sacrifice verylong
v4ajI,r1bq1rk1/ppb2pp1/7p/P2pN3/1P1P1n2/2PB4/2QN2PP/R3R1K1 b - - 5 19,d8g5 d3h7 g8h8 e5f7 f8f7 e1e8 f7f8 e8f8,1145,clearance deflection kingsideattack mate matein4 middlegame sacrifice verylong
v4u90,8/1pR2bpk/pQ6/3p3p/4p1rq/1P3pP1/P2N1P2/6K1 w - - 0 36,c7f7 g4g3 f2g3 h4g3 g1f1 g3g2 f1e1 g2e2,1211,endgame fork mate matein4 sacrifice verylong
v5cu9,6k1/4brpp/2p1p3/p3Pr2/P2p1P2/6QP/1qPBK1R1/6R1 b - - 1 26,b2c2 g3g7 f7g7 g2g7 g8f8 g7g8 f8f7 g1g7,1073,blindswinemate fork mate matein4 middlegame sacrifice verylong
vA5GI,6k1/5p2/6pQ/5p2/3r2q1/5b2/1P4PP/R4B1K w - - 0 33,g2f3 g4f3 f1g2 d4d1 a1d1 f3d1 g2f1 d1f1,1151,endgame mate matein4 verylong
vF1OI,r3n3/1p4k1/p2p2pp/4p3/2QpP2q/8/PPP5/2K2R2 b - - 1 23,h4e4 c4f7 g7h8 f7f8 h8h7 f1f7 e8g7 f8g7,1194,endgame mate matein4 verylong
vFPue,2r5/2r2pk1/3p2pp/2qP4/6P1/1P1Q1R2/1P5P/1K3R2 w - - 1 33,h2h4 c5c1 f1c1 c7c1 b1a2 c8a8 d3a6 a8a6,1037,endgame mate matein4 sacrifice verylong
vGgyn,5r2/5rpk/p2R3R/1p6/5p2/P5QP/5PPK/2q5 b - - 0 33,g7h6 g3g6 h7h8 g6h6 h8g8 d6g6 f7g7 h6g7,1093,deflection endgame mate matein4 verylong
vHAGA,r2r2k1/6Bp/8/p4N2/R7/1PnnP3/5PPP/5RK1 w - - 1 27,a4g4 c3e2 g1h1 d3f2 f1f2 d8d1 f2f1 d1f1,1026,backrankmate clearance deflection master mate matein4 middlegame sacrifice verylong
vJ96T,2r2rk1/6pp/p3pq2/1p5Q/4P3/P2R4/5PPP/5RK1 w - - 3 24,d3h3 f6f2 f1f2 c8c1 h5d1 c1d1 f2f1 d1f1,1274,endgame mate matein4 sacrifice verylong
vKGSP,8/4kppp/p3pn2/N7/8/P2R3P/1rr2PP1/3R3K b - - 1 24,c2f2 a5c6 e7f8 d3d8 f6e8 d8e8 f8e8 d1d8,1139,attraction endgame mate matein4 sacrifice verylong
vL5Vw,1r2r1k1/p1q2ppp/2pb4/2p5/B2pn1bQ/3P4/PPP2PPP/R1B2RK1 w - - 0 17,h4g4 d6h2 g1h1 e4f2 f1f2 e8e1 f2f1 e1f1,1082,clearance deflection kingsideattack mate matein4 middlegame verylong
vMgPj,r2qkb1r/pbppn3/1pn1p3/4Pp1p/2PPN2p/P4QP1/1P2BP1P/R1B1K2R b KQkq - 1 13,f5e4 f3h5 h8h5 e2h5 e7g6 h5g6 e8e7 c1g5,1040,mate matein4 middlegame sacrifice verylong
vOUH4,5r2/pp2N1bk/6np/4p1p1/4Q1n1/P4NPq/1PP2P2/3R1RK1 b - - 1 24,f8f3 e4g6 h7h8 d1d8 f3f8 d8f8 g7f8 g6g8,1246,mate matein4 middlegame verylong
vP9hp,5r1k/pp4pp/3Q4/8/5rnq/P6P/1P1N2PK/4RR2 w - - 4 28,h2g1 f4f1 e1f1 f8f1 d2f1 h4f2 g1h1 f2f1,1200,deflection mate matein4 middlegame verylong
vPAfM,3r2k1/p4r2/4Q2p/8/8/3B4/Pq3PPP/5RK1 w - - 1 24,d3g6 b2f2 f1f2 d8d1 e6e1 d1e1 f2f1 e1f1,1228,endgame mate matein4 sacrifice verylong
vPkWc,5rk1/1R2n2p/4pqp1/4p3/4Q3/2r2N2/5PPP/5RK1 w - - 2 27,f3e5 f6f2 f1f2 c3c1 e4e1 c1e1 f2f1 e1f1,1265,fork mate matein4 middlegame sacrifice verylong
vQUVX,1r4k1/5pp1/p1R4p/3Q4/3P2b1/3KP3/5q2/2R5 b - - 4 36,g4f3 c6c8 b8c8 c1c8 g8h7 d5f5 g7g6 f5f7,1115,endgame mate matein4 verylong
vQZKt,q4rk1/2BB1ppp/3Qpb2/8/8/8/1r3PbP/2RR2K1 b - - 1 23,a8f3 d6f8 g8f8 c7d6 f8g8 c1c8 f6d8 c8d8,1285,attraction backrankmate mate matein4 middlegame sacrifice verylong
vQejE,r1b2rkR/2q1b1n1/1pn1p1Q1/p1pp2P1/3P1P2/2P1P3/PP1N3P/R1B3K1 b - - 2 19,g8h8 g6h6 h8g8 g5g6 f8f5 h6h7 g8f8 h7h8,1212,exposedking kingsideattack mate matein4 middlegame verylong
vQfhY,r5k1/pp4pp/4p3/4q3/P3R1Q1/4P3/3r2PP/5RK1 b - - 0 27,e5c5 g4e6 g8h8 e6e8 a8e8 e4e8 c5f8 f1f8,1169,backrankmate endgame mate matein4 sacrifice verylong
vSeaL,5rk1/p5pp/2PPpr2/8/4Q3/2N5/Pq3PPP/R3R1K1 w - - 1 23,c3a4 b2f2 g1h1 f2f1 e1f1 f6f1 a1f1 f8f1,1073,backrankmate mate matein4 middlegame sacrifice verylong
vSgRR,8/4pN1k/3pPn2/3PbQ2/8/7P/3p1PK1/q7 b - - 1 40,h7g7 f5g5 g7f8 g5h6 f8e8 h6h8 f6g8 h8g8,1227,endgame exposedking mate matein4 verylong
vTusS,r1bk4/1p1nb2Q/4p2B/3pP3/p2q4/P7/1P3rPP/RB3RK1 w - - 0 21,f1f2 d4d1 f2f1 e7c5 h6e3 c5e3 g1h1 d1f1,1177,kingsideattack mate matein4 middlegame verylong
vU3pt,8/1p4R1/pkp5/3p4/PP1N4/K1P5/5r2/1r6 b - - 2 45,b1b2 a4a5 b6a7 d4c6 a7a8 g7g8 f2f8 g8f8,1107,deflection endgame mate matein4 pin verylong
vVkgr,4rrk1/ppp2ppp/8/8/4N1q1/8/PPP2QPP/3R1R1K b - - 0 20,e8e4 f2f7 f8f7 d1d8 e4e8 d8e8 f7f8 f1f8,1220,endgame mate matein4 sacrifice verylong
vW3U9,5r1k/p5pp/8/8/6Pb/1Pp2N2/P3r1K1/R1BR4 w - - 5 30,g2h3 f8f3 h3h4 e2h2 h4g5 h7h6 g5g6 f3f6,1277,mate matein4 middlegame verylong
vWmJ7,5r1k/p1p3pp/2B1b3/1PN2r2/7q/P1Q5/5PPP/2R1R1K1 w - - 7 27,c5e6 h4f2 g1h1 f2f1 e1f1 f5f1 c1f1 f8f1,1000,backrankmate mate matein4 middlegame sacrifice verylong
vZLM1,5rk1/1R3ppp/p2p4/3P1Q2/P4R2/3P2KP/6P1/2r3q1 b - - 4 29,c1c2 f5f7 f8f7 b7b8 c2c8 b8c8 f7f8 f4f8,1293,endgame mate matein4 sacrifice verylong
vaToy,1r1r2k1/2q2pp1/1p1b3p/1Q6/8/P2nPP1P/1P1N2P1/R1B2RK1 w - - 1 25,d2c4 d6h2 g1h1 d3f2 f1f2 d8d1 f2f1 d1f1,1155,clearance kingsideattack mate matein4 middlegame sacrifice verylong
vb3lj,6k1/p4p1p/6p1/2p1P1B1/8/PQ5P/2p3PK/2Nrq3 b - - 4 34,d1c1 b3b8 g8g7 g5f6 g7h6 b8f8 h6h5 g2g4,1071,endgame mate matein4 verylong
vbofr,2r3k1/6pp/pp1Bnb2/8/8/8/PP3RPP/4R1K1 w - - 1 29,e1e6 c8c1 f2f1 f6d4 e6e3 d4e3 g1h1 c1f1,1124,backrankmate endgame mate matein4 verylong
vePxD,r3qr1k/4b1pp/p1n1Bn2/3p1P2/1p1P4/2P2R1Q/PP4PP/R1B3K1 b - - 0 22,f6e4 h3h7 h8h7 f3h3 e7h4 h3h4 e8h5 h4h5,1127,attraction kingsideattack mate matein4 middlegame sacrifice verylong
vf9kL,Q6R/1r4p1/6k1/1q3p1p/3p1P2/3P1PP1/7P/6K1 w - - 0 35,a8d8 b5b1 g1g2 b7b2 g2h3 b1f1 h3h4 b2h2,1119,deflection endgame mate matein4 verylong
vgKW4,5rk1/p4ppp/8/8/3q4/5Q2/Pr4PP/3R1R1K b - - 1 26,d4a4 f3f7 f8f7 d1d8 a4e8 d8e8 f7f8 f1f8,1259,endgame mate matein4 sacrifice verylong
vgSXi,4r2k/1bp1q2p/p4p2/8/Pp1p1B1Q/1B1P2PP/1PP2P2/R5K1 w - - 1 25,g1f1 e7e2 f1g1 e2e1 a1e1 e8e1 g1h2 e1h1,1150,mate matein4 middlegame operamate sacrifice verylong
vifBA,3r1k2/2QBn1b1/3pPp1p/p2bpP2/4q3/7P/1R4PK/8 b - - 7 35,d8a8 b2b8 a8b8 c7b8 e7c8 b8c8 f8e7 c8e8,1068,exposedking mate matein4 middlegame verylong
vioRm,1k1r1r2/1p6/pPn3qp/2Q1p3/5p2/3R3P/P1P3P1/2KR4 b - - 2 29,f4f3 d3d8 f8d8 d1d8 c6d8 c5c7 b8a8 c7d8,1289,fork mate matein4 middlegame verylong
vjq5n,6rk/p5pp/1b6/4Q3/8/4p2P/PB3qP1/2R4K b - - 5 33,e3e2 e5g7 g8g7 c1c8 b6d8 c8d8 f2f8 d8f8,1290,endgame mate matein4 pin sacrifice verylong
vm98S,6k1/p4pn1/7Q/2pP2Pp/4rR1P/8/PP4q1/2K2R2 w - - 2 35,f4f7 e4c4 c1b1 g2c2 b1a1 c2c1 f1c1 c4c1,1253,backrankmate endgame mate matein4 sacrifice verylong
vpZtW,r6r/2kn4/1q3pB1/pp1bp3/8/2P3P1/PP1Q2PP/R1B2R1K w - - 0 26,d2d5 h8h2 h1h2 a8h8 c1h6 h8h6 g6h5 h6h5,1153,attraction fork mate matein4 middlegame sacrifice verylong
vq8fc,2r3k1/1pq1n1p1/p2b1p2/3P3R/4BpP1/P3B3/1P5Q/4K3 b - - 1 26,f4e3 h5h8 g8f7 h2h5 e7g6 h5g6 f7e7 g6g7,1291,deflection mate matein4 middlegame verylong
vqtNb,r4rkb/5p1p/1q3PP1/p1n5/1pP1R1P1/8/PB2Q2K/5R2 b - - 0 31,f7g6 f6f7 f8f7 e4e8 a8e8 e2e8 f7f8 e8f8,1256,advancedpawn mate matein4 middlegame verylong
vrMjK,5r1k/ppp3pp/4Q3/5r2/1P1p4/5N2/P1q3PP/R3R1K1 w - - 0 22,f3d4 c2f2 g1h1 f2f1 e1f1 f5f1 a1f1 f8f1,1295,backrankmate fork mate matein4 middlegame sacrifice verylong
vsZrc,6k1/3p1ppp/p3qbr1/3Q1R2/8/2r3BK/P6P/8 b - - 15 33,e6e3 d5a8 c3c8 a8c8 f6d8 c8d8 e3e8 d8e8,1044,mate matein4 middlegame verylong
vt2Fe,3r2k1/pp2Qpb1/2p3p1/5bNp/5P2/2q4P/P2N2P1/4R2K b - - 3 24,c3d2 e7f7 g8h8 e1e8 d8e8 f7e8 g7f8 e8f8,1288,mate matein4 middlegame verylong
vuusQ,1r6/5Qbk/6pp/8/6N1/1p5P/2q2PP1/4R1K1 b - - 1 35,b3b2 g4f6 h7h8 e1e8 b8e8 f7e8 g7f8 e8f8,1152,endgame mate matein4 verylong
vwX9d,5b1k/6pp/6N1/3Q4/p7/4q1P1/5RPK/r7 b - - 3 55,h7g6 f2f8 h8h7 d5g8 h7h6 g8h8 h6g5 h8h4,1186,endgame hangingpiece mate matein4 verylong
vwhKF,5rk1/5ppp/4p3/pq1pP3/1pr3P1/7P/PP3Q2/2R2R1K b - - 2 26,c4e4 f2f7 f8f7 c1c8 b5e8 c8e8 f7f8 f1f8,1260,endgame kingsideattack mate matein4 sacrifice verylong
vzC3k,1r5k/p5rp/5Q2/3qpP2/8/P7/6PP/2R3RK w - - 0 31,c1c7 d5g2 g1g2 b8b1 c7c1 b1c1 g2g1 c1g1,1029,endgame mate matein4 sacrifice verylong
vzFuj,4r1k1/pQ1Rrppp/1p6/8/7q/2P4P/P4PP1/R6K w - - 7 25,b7a7 e7e1 a1e1 e8e1 h1h2 h4f4 g2g3 f4f2,1128,endgame mate matein4 verylong
w3gXn,K7/P1k5/8/7p/4p1P1/8/8/8 w - - 0 57,g4h5 e4e3 h5h6 e3e2 h6h7 e2e1q h7h8q e1e4,1295,advancedpawn endgame mate matein4 pawnendgame promotion verylong
w3uaz,rnbq1rkR/pp2b1p1/4p3/2ppP1P1/3P4/2N5/PPP2PP1/R2QK3 b Q - 2 13,g8h8 d1h5 h8g8 g5g6 f8f5 h5h7 g8f8 h7h8,1205,kingsideattack mate matein4 middlegame verylong
w42r9,2B3R1/5p1p/1P1Rbkp1/5r2/p6P/6P1/P4r2/6K1 w - - 2 36,c8e6 f2f1 g1h2 f5f2 h2h3 f1h1 h3g4 h7h5,1056,endgame exposedking master mate matein4 verylong
w4Nwo,8/7p/r4kp1/2pPRp2/5P1P/rp1P2P1/P2R4/1K6 w - - 0 40,a2b3 a3a1 b1c2 a6a2 c2c3 a1c1 d2c2 a2c2,1036,endgame epaulettemate exposedking mate matein4 rookendgame verylong
w4TYw,r4r1k/6p1/2p1p1P1/1p1q4/p1nPp1P1/P1P2P2/1P6/1KQ4R b - - 1 27,h8g8 h1h8 g8h8 c1h1 d5h5 h1h5 h8g8 h5h7,1187,attraction endgame kingsideattack mate matein4 sacrifice verylong
w4b7w,8/1pp1r1p1/p1b2p1p/4P1k1/4B3/2P2KPP/PP6/4R3 b - - 2 31,e7e5 h3h4 g5h5 g3g4 h5h4 e1h1 h4g5 h1h5,1189,endgame mate matein4 pillsburysmate verylong
w6H9v,2r2rk1/p5pp/1p1p1q2/3Pp3/4n3/1P4R1/P3QPPP/5RK1 w - - 0 24,e2e4 f6f2 f1f2 c8c1 e4e1 c1e1 f2f1 e1f1,1240,endgame kingsideattack mate matein4 sacrifice verylong
w7qZU,1k2r2r/pppQ4/5p2/3N1p2/8/5PP1/PPq3K1/R4R2 w - - 0 30,f1f2 h8h2 g2h2 c2f2 h2h3 e8h8 d7h7 h8h7,1295,attraction deflection mate matein4 middlegame verylong
w8OXp,5r1k/R5pp/8/8/1P4P1/1BP3K1/P4r2/8 w - - 3 35,b4b5 f8f3 g3h4 f2h2 h4g5 h7h6 g5g6 f3f6,1168,endgame mate matein4 verylong
wAW4o,6k1/pp1b1rpp/3B2p1/3pR3/3q4/P1r2PPP/8/4RQ1K b - - 1 28,c3f3 e5e8 d7e8 e1e8 f7f8 e8f8 f3f8 f1f8,1186,mate matein4 middlegame sacrifice verylong xrayattack
wBH1s,Rk1r2r1/1ppqbb2/5p2/1N1Pp3/4Pn1p/2P1N1p1/3B1PPP/5Q1K b - - 3 28,b8a8 f1a1 e7a3 a1a3 a8b8 a3a7 b8c8 a7a8,1227,mate matein4 middlegame queensideattack verylong
wBpnB,r2qr1k1/pp1nbpnp/4p1p1/2p3P1/5P1Q/1P3R2/PBPPB2P/RN4K1 b - - 4 18,g7f5 h4h7 g8h7 f3h3 f5h4 h3h4 h7g8 h4h8,1199,attraction kingsideattack mate matein4 middlegame operamate sacrifice verylong
wBzVU,8/1R6/1P2pPpk/7p/5P1P/8/PQ3BPK/3r1q2 w - - 1 45,f6f7 f1h1 h2g3 d1d3 f2e3 d3e3 g3f2 h1e1,1139,endgame master mate matein4 trianglemate verylong
wCAFe,r3r1k1/ppq2pp1/2pnp1p1/6N1/3P4/2P2Q1R/PP3PPP/R5K1 b - - 5 22,c7e7 h3h8 g8h8 f3h3 h8g8 h3h7 g8f8 h7h8,1257,attraction kingsideattack mate matein4 middlegame sacrifice verylong
wCjI9,r2q1r2/pb1p2k1/1p4p1/2p2pP1/2B2P2/1P3n2/P1PP1K2/R2Q3R b - - 1 18,d8c7 h1h7 g7h7 d1h1 f3h2 h1h2 h7g7 h2h6,1239,attraction mate matein4 middlegame sacrifice verylong
wCukk,r3r1k1/ppN3pp/5p2/3p4/3PpQ2/1P3bPq/PBPP3P/4RRK1 w - - 4 22,f1f3 e4f3 e1e8 a8e8 f4f3 e8e1 f3f1 e1f1,1186,killboxmate kingsideattack mate matein4 middlegame verylong
wE657,5rk1/5ppp/8/6q1/1R6/1P3Q2/P2r2PP/5R1K b - - 0 29,d2a2 f3f7 f8f7 b4b8 g5d8 b8d8 f7f8 f1f8,1286,endgame mate matein4 sacrifice verylong
wERYF,4r1k1/p4pr1/1p5R/4q3/P3b3/2P5/1P3QBP/5R1K w - - 0 31,g2e4 e5e4 f2f3 e4f3 f1f3 e8e1 f3f1 e1f1,1251,clearance mate matein4 middlegame verylong
wEwZA,5r1k/6rp/p3P1Q1/3p1P2/4pK2/2Pq4/P4P1R/7R b - - 4 37,g7g6 h2h7 h8g8 h7h8 g8g7 h1h7 g7f6 h8f8,1245,deflection endgame epaulettemate mate matein4 queenrookendgame verylong
wFT4J,8/1pp4R/pk1p1r2/8/PP1N1p2/3K2n1/2P3P1/8 b - - 0 39,c7c5 a4a5 b6a7 d4c6 a7a8 h7h8 f6f8 h8f8,1175,endgame mate matein4 pin verylong
wGjlr,4rrk1/p2R1ppp/8/3p1Q2/3q4/7P/P5P1/5R1K b - - 0 27,e8e5 f5f7 f8f7 d7d8 e5e8 d8e8 f7f8 f1f8,1222,endgame mate matein4 sacrifice verylong
wGsyu,1r4k1/p1Rn1ppp/8/3n4/1q1P4/4PN2/Q2NbPPP/6K1 w - - 0 29,a2d5 b4b1 d2b1 b8b1 c7c1 b1c1 f3e1 c1e1,1021,backrankmate mate matein4 middlegame sacrifice verylong
wJIGi,6rk/6bp/1q1p4/4r3/pP6/P7/6Q1/1KR3R1 b - - 0 36,b6d4 g2g7 g8g7 c1c8 e5e8 c8e8 g7g8 g1g8,1210,mate matein4 middlegame sacrifice verylong
wOBZ6,8/1p2k2p/p2pp1r1/P7/1PPbP2r/5R2/7P/5R1K b - - 2 31,h4e4 f3f7 e7e8 f7f8 e8d7 f1f7 d7c6 f8c8,1273,endgame mate matein4 verylong
wPeB3,8/4Q1kp/5pp1/3p4/3P4/4PKP1/1q3P1P/q7 b - - 1 41,g7h6 e7f8 h6g5 h2h4 g5h5 g3g4 h5h4 f8h6,1294,endgame mate matein4 queenendgame verylong
wS8l8,r2q1rk1/p1pp2p1/1p2p1Qp/4P3/3P3P/2PB1b2/PP3P2/R3K2R b KQ - 0 18,f3h1 g6h7 g8f7 d3g6 f7e7 h7g7 f8f7 g7f7,1295,deflection kingsideattack mate matein4 middlegame verylong
wTOYT,8/1p3kbQ/p3p1p1/3pP1P1/1q1P2r1/1P1b1N2/P1r4R/3K3R b - - 10 35,b4c3 h7g7 f7g7 h2h7 g7g8 h7h8 g8f7 h1h7,1233,attraction mate matein4 middlegame sacrifice verylong
wTpK4,5r2/5pk1/4p1p1/2p3K1/r1P1P2Q/1n6/8/8 b - - 4 35,b3d4 h4h6 g7g8 g5f6 d4f5 e4f5 e6e5 h6g7,1231,capturingdefender endgame mate matein4 verylong
wU2o7,6k1/5p2/6p1/1Q5p/1P2q2r/P3PbP1/5P2/2R2BK1 w - - 0 37,g3h4 e4g4 g1h2 g4h4 f1h3 h4f2 h3g2 f2g2,1223,endgame mate matein4 verylong
wXUx1,1r1q3r/3p1p1k/p1b1pPp1/6Qp/1p2P1P1/2N4R/PPP4P/3R3K b - - 0 22,b4c3 h3h5 h7g8 h5h8 g8h8 g5h6 h8g8 h6g7,1269,attraction mate matein4 middlegame verylong
wXiYC,6k1/5pp1/pq2p1b1/4P2p/7P/BP3N2/P1pQn1PK/8 b - - 2 31,b6f2 d2d8 g8h7 f3g5 h7h6 d8h8 g6h7 h8h7,1157,endgame mate matein4 verylong
wYdh3,5qk1/pp4p1/4p1P1/3p1r2/2p5/2P2n1R/P5QP/4R2K b - - 3 33,f3e1 h3h8 g8h8 g2h3 f5h5 h3h5 h8g8 h5h7,1146,attraction endgame mate matein4 sacrifice verylong
wZ9Av,5rk1/pb3pp1/1p5p/2r2BN1/5PPn/4q3/P4R1P/1Q2R1K1 b - - 1 24,e3a3 f5h7 g8h8 g5f7 f8f7 e1e8 f7f8 e8f8,1175,deflection kingsideattack mate matein4 middlegame sacrifice verylong
wZh1c,2r3k1/pp4p1/4p1rp/4B3/5Pq1/P2Q4/P2R2bP/6RK w - - 0 27,d2g2 g4g2 g1g2 c8c1 d3d1 c1d1 g2g1 d1g1,1232,mate matein4 middlegame sacrifice verylong
waY1t,5B2/2n2pk1/b1B1pNp1/4P3/5P2/1q6/3Q4/2K5 b - - 1 32,g7f8 d2d8 c7e8 d8e8 f8g7 e8g8 g7h6 g8f8,1216,endgame fork mate matein4 verylong
wbIo4,3b2k1/p2P1pp1/6p1/2p5/2N3Pq/5Q1P/PPP5/1Kr5 w - - 0 31,b1c1 h4e1 f3d1 d8g5 c4d2 g5d2 c1b1 e1d1,1210,endgame mate matein4 verylong
wcEHD,8/2P5/1R6/4p3/1P4pp/3r1k2/5P2/6K1 w - - 1 38,c7c8q d3d1 g1h2 g4g3 f2g3 h4g3 h2h3 d1h1,1216,endgame mate matein4 queenrookendgame verylong
wd7G3,8/1k6/Rp3p2/1PprpP2/6rp/8/5PP1/R5K1 b - - 1 32,h4h3 a6a7 b7c8 a7a8 c8d7 a1a7 d7d6 a8d8,1065,endgame mate matein4 rookendgame verylong
wdPnW,5k1r/pp1r1ppp/2nq1n2/8/8/P6P/P3R1P1/2Q1R2K b - - 2 20,g7g6 c1h6 f8g8 e2e8 f6e8 e1e8 d6f8 e8f8,1281,killboxmate mate matein4 middlegame sacrifice verylong
wdhIM,6k1/1Rnr2p1/p1Q1p1r1/P2PRp2/2P5/q3B3/5PPP/6K1 w - - 1 35,c6d7 a3a1 b7b1 a1b1 e3c1 b1c1 e5e1 c1e1,1002,fork mate matein4 middlegame verylong
wiQ1j,3r1rk1/p2q2p1/4p1Qp/4P3/5p2/2p2b1P/P1B1R1P1/6K1 b - - 1 33,f3e2 g6h7 g8f7 c2g6 f7e7 h7g7 f8f7 g7f7,1265,deflection endgame mate matein4 verylong
wlCRN,5r2/6p1/p2r1qk1/1Q5R/P5p1/8/5PPP/5RK1 w - - 0 34,b5e5 f6f2 f1f2 d6d1 e5e1 d1e1 f2f1 e1f1,1253,endgame mate matein4 sacrifice verylong
wlieR,5r2/6kp/1p1p1qp1/3Qp3/4P3/P1r5/5PPP/1R3RK1 w - - 0 25,b1b6 f6f2 f1f2 c3c1 d5d1 c1d1 f2f1 d1f1,1137,endgame mate matein4 sacrifice verylong
wpVP3,8/pppk1rpp/8/6b1/8/5P2/5R2/4RK2 b - - 2 42,g5h4 f2d2 d7c6 e1c1 c6b5 d2b2 b5a4 c1a1,1251,endgame mate matein4 verylong
wpwBI,6k1/1ppb2pp/1b6/4P3/r1n5/6P1/6BP/1qB2Q1K b - - 0 28,c4e5 g2d5 d7e6 d5e6 e5f7 f1f7 g8h8 f7e8,1255,backrankmate mate matein4 middlegame verylong
wqh1N,r5k1/5pnp/2R5/3Bp1PP/3bP1K1/8/8/8 b - - 0 45,a8a1 c6c8 g7e8 c8e8 g8g7 h5h6 g7g6 e8g8,1089,endgame mate matein4 verylong
wqqwj,8/1PQ2p2/4pkpp/2P5/4P3/5PPK/5q1P/8 w - - 5 46,b7b8q f2f1 h3h4 g6g5 h4g4 h6h5 g4h5 f1h3,1136,attraction endgame mate matein4 queenendgame verylong
wsaeF,2kr4/1p3p1r/pb2p3/4N3/1P1pNn2/P7/R1P2PPP/5RK1 w - - 0 22,e4f6 f4e2 g1h1 h7h2 h1h2 d8h8 f6h5 h8h5,1300,anastasiamate attraction kingsideattack mate matein4 middlegame sacrifice verylong
wshZZ,2k3r1/ppp5/3pp3/nP4r1/P1q5/2P2Q2/7R/5R1K b - - 3 33,c4c5 f3f8 g8f8 f1f8 c8d7 h2h7 g5g7 h7g7,1076,mate matein4 middlegame sacrifice verylong
wsjZA,3r2k1/1p4pp/p1q1pb2/5p2/5P2/4BnNQ/PP3PRP/1Rr4K w - - 12 26,b1c1 c6c1 e3c1 d8d1 g3f1 d1f1 g2g1 f1g1,1106,arabianmate fork mate matein4 middlegame sacrifice verylong
wujOK,6n1/4p1k1/p2p2p1/1bpP2P1/2q2N2/1r3BK1/7Q/2B5 b - - 5 44,c4c1 f4e6 g7f7 h2h7 f7e8 h7g8 e8d7 g8d8,1133,deflection mate matein4 middlegame verylong
wuqJG,r4q1r/2p5/p3k3/1pbNpnPp/4Q3/3P4/PPP3PP/R1B2RK1 w - - 2 19,g1h1 f5g3 h2g3 f8f1 h1h2 f1g1 h2h3 g1h1,1188,discoveredattack kingsideattack mate matein4 middlegame verylong
wwhbD,r5k1/p3n1pp/1q1N4/1p6/2p2Q2/1BPb4/PP4PP/5R1K b - - 4 21,c4b3 f4f7 g8h8 f7f8 a8f8 f1f8 e7g8 d6f7,1186,fork mate matein4 middlegame sacrifice smotheredmate verylong
wwkTB,3r1rk1/pp3p1p/6P1/3p4/5q2/2PQ2R1/PP6/1K1R4 b - - 0 24,h7g6 g3g6 f7g6 d3g6 g8h8 d1h1 f4h2 h1h2,1180,endgame mate matein4 sacrifice verylong
wynyj,r3q3/pppk4/8/8/3p4/8/PPPP1PQP/RNB3K1 w - - 1 20,d2d3 e8e1 g2f1 a8g8 c1g5 g8g5 g1h1 e1f1,1228,clearance deflection endgame fork mate matein4 verylong
x167I,8/8/P7/5kpp/4Np2/R4P1K/4r2P/8 w - - 5 58,a6a7 g5g4 f3g4 h5g4 h3h4 e2h2 a3h3 h2h3,1158,endgame exposedking mate matein4 verylong
x4FHc,r2R2k1/q3rpp1/7p/8/1p4B1/1P5P/1B3bP1/1K1R4 b - - 3 38,a8d8 d1d8 e7e8 d8e8 g8h7 g4f5 g7g6 e8h8,1063,mate matein4 middlegame operamate verylong
x60bd,6rk/pp1b2rp/2p3q1/2Pp1p1R/3Pp3/4PQ2/PP2BRPP/6K1 w - - 0 28,f3f4 g6g2 f2g2 g7g2 g1f1 g2g1 f1f2 g8g2,1001,blindswinemate fork mate matein4 middlegame sacrifice verylong
x63k1,3r1r1k/pp4pp/4Qq2/8/1n2B3/4R3/P4PPP/5RK1 w - - 2 23,e6h3 f6f2 f1f2 d8d1 e3e1 d1e1 f2f1 f8f1,1187,fork mate matein4 middlegame sacrifice verylong
x6j0c,3r2k1/3q1rn1/2p1p1BQ/1pP1P2p/pP1P1RP1/P6P/8/6K1 b - - 0 32,f7f4 h6h7 g8f8 h7h8 f8e7 h8g7 f4f7 g7f7,1164,deflection endgame exposedking interference kingsideattack mate matein4 verylong
x8u5l,2r5/1k3R2/8/p2K4/P7/2b1rP2/3p2RN/8 b - - 0 36,b7b6 g2g6 c3f6 g6f6 e3e6 f6e6 c8c6 e6c6,1255,endgame mate matein4 verylong
x9Gr6,3rkb1r/ppp2ppp/2b5/4N3/8/2P5/PP3nPP/RNB2RK1 w k - 0 11,f1f2 d8d1 f2f1 f8c5 c1e3 c5e3 g1h1 d1f1,1166,fork mate matein4 middlegame verylong
xA6bO,5r1k/6p1/4p1P1/p2p4/1q1P2P1/1Pp2r2/P1PnN3/K1Q4R b - - 1 30,h8g8 h1h8 g8h8 c1h1 f3h3 h1h3 h8g8 h3h7,1248,attraction kingsideattack mate matein4 middlegame sacrifice verylong
xBZg6,3r2k1/1R3pp1/4p2p/8/5q2/Q1PBR2P/2Pr1PP1/6K1 w - - 5 32,e3f3 d2d1 d3f1 d1f1 g1f1 d8d1 f1e2 f4d2,1285,attraction mate matein4 middlegame sacrifice verylong
xCQre,6k1/5R2/2p3p1/3p3p/rB4b1/P5K1/2P1r3/5R2 b - - 2 37,e2c2 f7f8 g8h7 f1f7 h7h6 f8h8 h6g5 b4e7,1166,endgame exposedking mate matein4 morphysmate verylong
xCg8a,3q1rk1/1p4p1/p1r1p1Qp/3pP1b1/1P3p1P/P1nB2B1/5PP1/R3R1K1 b - - 1 25,f4g3 g6h7 g8f7 d3g6 f7e7 h7g7 f8f7 g7f7,1273,deflection kingsideattack mate matein4 middlegame verylong
xCy4y,r2q1rk1/ppp1b1pB/2b1p3/4P1P1/5P2/2P1P3/PP2Q3/R1B2RK1 b - - 0 19,g8h7 e2h5 h7g8 g5g6 f8f5 h5h7 g8f8 h7h8,1285,mate matein4 middlegame verylong
xD6Mo,r3k2r/4ppbp/5Bp1/p6P/1p3P2/5q2/PPPQ4/2KR3R b kq - 0 21,g7f6 d2d7 e8f8 d7d8 a8d8 d1d8 f8g7 h5h6,1277,mate matein4 middlegame sacrifice verylong
xDNQt,8/2R2pk1/8/3Nn1pp/4P3/6KP/1r3PP1/8 w - - 0 33,f2f3 h5h4 g3h2 e5f3 h2h1 b2b1 c7c1 b1c1,1137,deflection endgame mate matein4 pin verylong
xDjjo,r1b4k/1p1n3r/p2p1RQB/3Np3/PP1qP3/8/2B3PP/R5K1 w - - 1 25,g1h1 d4a1 c2b1 a1b1 h6c1 b1c1 f6f1 c1f1,1258,hangingpiece kingsideattack mate matein4 middlegame verylong
xEGmK,3r3k/2q2pp1/p6p/1p2RPP1/2p1QP1b/P2P3P/1P6/5B1K b - - 0 30,c4d3 e5e8 d8e8 e4e8 h8h7 g5g6 f7g6 f5g6,1165,endgame kingsideattack mate matein4 verylong
xESTz,r2r4/2R3p1/p1R4p/5nkN/1P4P1/8/5P1P/6K1 w - - 3 32,h5g7 d8d1 g1g2 f5h4 g2h3 d1d3 f2f3 d3f3,1262,endgame epaulettemate mate matein4 verylong
xG1mD,5r1k/p3b2p/2p1Q1p1/1pq5/5r2/P7/1PP2PPP/R3R1K1 w - - 1 27,e6e7 c5f2 g1h1 f2f1 e1f1 f4f1 a1f1 f8f1,1091,backrankmate endgame mate matein4 sacrifice verylong
xGcAX,5rk1/5ppp/2p2q2/p1Qp1b2/P7/8/1bP1RPPP/1R4K1 b - - 3 21,b2d4 c5f8 g8f8 b1b8 f5c8 b8c8 f6d8 c8d8,1094,attraction kingsideattack mate matein4 middlegame sacrifice verylong
xHlTq,1r6/2nb1pbk/p2p2pp/Q2Pp3/2P1P3/3N2P1/5PBP/6K1 w - - 0 33,a5c7 b8b1 d3c1 b1c1 g2f1 d7h3 f2f3 c1f1,1237,endgame kingsideattack master mate matein4 operamate pin verylong
xIhYz,8/1k6/2p5/2Pp4/1p1Bp1K1/1P1nP2r/R4P1r/R7 b - - 0 61,h3f3 a2a7 b7c8 a7a8 c8d7 a1a7 d7e6 a8e8,1045,endgame mate matein4 pillsburysmate verylong
xNrKy,6k1/5pp1/r6p/6b1/2r5/pP3BB1/P1P3PP/1K5R w - - 0 26,b3c4 a6b6 b1a1 g5f6 g3e5 f6e5 c2c3 e5c3,1072,endgame mate matein4 verylong
xPSEm,3N2k1/b5pp/6r1/2Pp4/1P1Qn3/1B2P3/5qPP/R2R3K w - - 1 32,d1g1 e4g3 h2g3 g6h6 d4h4 h6h4 g3h4 f2h4,1283,mate matein4 middlegame sacrifice verylong xrayattack
xPWTP,Bn4r1/p1k3b1/1pPqQ2p/3n2p1/3P4/5N1P/P1PR1PP1/2K5 w - - 0 28,e6g8 d6a3 c1d1 d5c3 d1e1 a3c1 d2d1 c1d1,1175,mate matein4 middlegame queensideattack verylong
xPpuZ,3r2k1/p4p1p/1p3Pp1/8/P5RP/3n2Q1/1qr3PK/8 b - - 0 35,h7h5 g4g6 f7g6 g3g6 g8f8 g6g7 f8e8 g7e7,1122,endgame mate matein4 sacrifice verylong
xQcDu,2r3k1/pp2bpn1/3p4/3Nn3/2q1P3/8/P5PP/4QR1K b - - 3 25,e7f8 d5f6 g8h8 e1h4 g7h5 h4h5 f8h6 h5h6,1073,mate matein4 middlegame verylong
xSRon,7r/1p1q1pkp/2pp1Np1/6P1/4PK1R/6P1/8/7R b - - 1 37,d7e6 h4h7 h8h7 h1h7 g7f8 h7h8 f8e7 h8e8,1233,endgame hookmate mate matein4 verylong
xTqFw,2r3k1/1p3p2/p3pPp1/7Q/4P3/P5R1/1r3qPP/6RK b - - 0 29,c8c2 g3g6 f7g6 h5g6 g8f8 g6g7 f8e8 g7e7,1285,endgame mate matein4 sacrifice verylong
xUoDH,7r/5kpp/p2r1pn1/1p5Q/4R3/1N6/2q2PPP/4R1K1 b - - 0 24,c2b3 e4e7 f7g8 e7e8 g6f8 e8f8 g8f8 h5e8,1149,attraction mate matein4 middlegame pin sacrifice verylong
xW6zp,Q4bnr/2p1kp1p/p2p4/4p3/3PP1q1/2P2bp1/PP1N1P1K/R1B2R2 w - - 0 16,f2g3 g4h5 h2g1 h5h1 g1f2 h1g2 f2e1 g2e2,1104,master mate matein4 middlegame verylong
xWb88,1k6/pbp4p/1p3pr1/5B2/3PpP1P/2P1R3/1P2Q2P/1q5K w - - 1 34,e2e1 b1e1 e3e1 e4e3 d4d5 b7d5 f5e4 d5e4,1162,discoveredattack discoveredcheck endgame kingsideattack mate matein4 morphysmate verylong
xWjcS,Q7/1pq2pkR/6p1/2p1p1b1/4P3/2P3P1/Pr1r1PK1/R7 b - - 0 26,g7h7 a1h1 g5h6 h1h6 h7h6 a8h8 h6g5 h8h4,1114,attraction endgame mate matein4 sacrifice verylong
xWpeH,5r1k/2r3p1/pp2PpQp/4pP2/PqpbP3/2N2R1R/1P4PP/7K b - - 4 31,b4b2 h3h6 g7h6 g6h6 h8g8 f3g3 c7g7 g3g7,1150,fork mate matein4 middlegame sacrifice verylong
xXHiP,5rk1/1pp2pp1/8/5b1p/3P4/1P1pPN1P/KP4P1/3R3R w - - 1 25,f3e5 f8a8 a2b1 d3d2 e3e4 f5e4 e5d3 e4d3,1028,advancedpawn discoveredattack discoveredcheck endgame mate matein4 verylong
xXdyo,6k1/p1pn1ppp/3R2n1/8/8/2q3P1/P3Q2P/5RK1 b - - 0 26,c7d6 e2e8 g6f8 e8f7 g8h8 f7f8 d7f8 f1f8,1156,backrankmate deflection endgame fork mate matein4 sacrifice verylong
xXgYc,r3k2r/Bppn1ppp/4p3/8/Q4Pn1/P7/q5PP/3R2K1 b kq - 2 17,g4e3 a4d7 e8f8 a7c5 f8g8 d7d8 a8d8 d1d8,1289,backrankmate fork mate matein4 middlegame verylong
xZKOE,3r1k2/pp3p2/1nq1pB1p/2p5/2P3Q1/1P5P/P4PP1/5K2 b - - 0 24,d8c8 g4g7 f8e8 g7g8 e8d7 g8f7 d7d6 f7e7,1174,deflection endgame mate matein4 verylong
xZrm4,r4rk1/p4pp1/1p1p3p/4p3/2Pq4/1P4Q1/1P6/1K3RR1 b - - 2 24,g7g5 g3g5 h6g5 g1g5 g8h8 f1h1 d4h4 h1h4,1287,endgame mate matein4 sacrifice verylong
xaY1m,8/7R/2Bk4/3P3p/1r4p1/7P/6P1/7K w - - 0 44,h7h5 g4g3 h5h6 d6c5 h6e6 b4b1 e6e1 b1e1,1130,defensivemove endgame mate matein4 verylong
xbivK,7k/4r1p1/3KB1P1/2P5/7p/2P5/8/8 b - - 3 54,e7e6 d6e6 h4h3 c5c6 h3h2 c6c7 h2h1q c7c8q,1074,advancedpawn endgame hangingpiece mate matein4 promotion verylong
xezkK,6k1/5pp1/p6p/q2pP3/7P/Pr3NPK/1r6/2RQ4 b - - 3 29,g8h7 f3g5 h6g5 d1h5 h7g8 c1c8 a5d8 c8d8,1248,clearance endgame mate matein4 sacrifice verylong
xft3w,8/8/P7/R7/1p3kpp/8/1r3PP1/6K1 w - - 0 41,a6a7 b2b1 g1h2 g4g3 f2g3 h4g3 h2h3 b1h1,1004,endgame mate matein4 rookendgame verylong
xg3c4,n2R1rk1/pp3ppp/4pnb1/8/2q2B2/5PP1/PP4PK/R2Q4 b - - 3 19,a8b6 d8f8 g8f8 d1d8 f6e8 f4d6 f8g8 d8e8,1123,attraction deflection kingsideattack mate matein4 middlegame verylong
xgS1t,8/1RR2p2/4pk2/4n1pp/8/1P3PKP/1r4P1/8 w - - 1 39,b3b4 h5h4 g3h2 e5f3 h2h1 b2b1 c7c1 b1c1,1184,deflection endgame mate matein4 pin verylong
xgzAp,r7/2pn4/p6R/q1p2P2/P7/kP6/2K3P1/7R b - - 2 47,a8e8 h1a1 a3b4 h6h4 e8e4 h4e4 c5c4 e4c4,1072,endgame mate matein4 verylong
xjTti,6k1/pp3p2/4p1b1/3p2P1/2pP1PNQ/b1P1P3/3KB1q1/8 b - - 3 41,g6d3 g4f6 g8f8 h4h8 f8e7 h8e8 e7d6 e8d7,1163,endgame mate matein4 verylong
xkNJO,2Rr4/3qk3/6Q1/5p2/4p3/4P1P1/5P1P/6K1 w - - 1 48,c8c5 d7d1 g1g2 d1f3 g2h3 d8h8 g6h7 h8h7,1186,endgame mate matein4 verylong
xpTbz,2r1k3/5Rp1/2q2bR1/4p3/pp2P2r/1B6/PPP5/1K1Q4 w - - 2 32,b3d5 c6c2 d1c2 h4h1 g6g1 h1g1 c2c1 g1c1,1138,mate matein4 middlegame queensideattack sacrifice verylong
xqxX8,r7/pp5p/1kpQ4/1n1p2p1/1P2p3/4q2P/6PK/5R2 b - - 2 32,d5d4 d6c5 b6a6 f1a1 e3a3 a1a3 b5a3 c5a5,1056,endgame mate matein4 verylong
xrLqQ,6k1/1p5p/p1b3p1/3pp3/1P4BP/P3PQK1/2q3P1/8 b - - 1 34,d5d4 g4e6 g8g7 f3f7 g7h6 f7f8 h6h5 e6g4,1227,endgame mate matein4 verylong
xrQOD,r4r2/p4p1k/b2qpPp1/3p2Qp/8/7R/PPP3PP/R6K b - - 5 25,f8h8 h3h5 h7g8 h5h8 g8h8 g5h6 h8g8 h6g7,1039,attraction mate matein4 middlegame verylong
xs723,1k1r3q/pPp2p2/3p4/8/5BQ1/3BR1p1/PP4P1/3R3K w - - 1 27,h1g1 h8h2 g1f1 h2h1 f1e2 h1g2 e2e1 g2f2,1147,deflection mate matein4 middlegame verylong
xsFDs,4r1k1/Q1p2ppp/1p2r3/8/1Pq5/P2R3P/5PP1/3R2K1 w - - 1 23,d3d7 e6e1 d1e1 e8e1 g1h2 c4f4 g2g3 f4f2,1067,endgame mate matein4 verylong
xsMk6,8/p1pk2pp/3bpp2/6B1/6n1/2NP2Pq/PPP2P1P/R4RKQ w - - 0 21,f2f3 d6c5 d3d4 c5d4 g5e3 d4e3 f1f2 e3f2,1263,balestramate kingsideattack mate matein4 middlegame verylong
xsz8y,2kr2r1/1pp2p2/p7/8/1P2N3/1Q4pb/PBP1q2P/4R1RK w - - 0 27,e1e2 g3g2 e2g2 h3g2 g1g2 d8d1 g2g1 d1g1,1284,advancedpawn fork mate matein4 middlegame verylong
xtNwV,4r1k1/pp4pp/2nB4/8/3P4/2PQ4/P1P2qPP/R6K w - - 3 24,a1g1 e8e1 d3c4 g8h8 g1e1 f2e1 c4f1 e1f1,1248,defensivemove endgame mate matein4 verylong
xuJDi,1r1r2k1/Q1p2Rpp/2p5/8/1p2P3/4P1qP/PPP5/1NK2R2 w - - 0 27,a7c7 g3e3 b1d2 e3d2 c1b1 d2d1 f1d1 d8d1,1290,backrankmate mate matein4 middlegame verylong
xudyk,2kr4/1pp2pp1/p1p5/4b3/4PP1q/2P3p1/PP1N2P1/R1BQR1K1 w - - 0 18,f4e5 h4h2 g1f1 h2h1 f1e2 h1g2 e2e3 g2f2,1184,deflection kingsideattack mate matein4 middlegame verylong
xuwzE,8/8/3q4/2pN2k1/2P1Qp2/5Bbb/6K1/8 w - - 3 49,g2h3 d6h6 f3h5 h6h5 h3g2 h5h2 g2f1 h2f2,1093,endgame exposedking mate matein4 verylong
xvMAf,6k1/5ppp/2N1pnn1/pp6/1rB5/7P/P4PP1/3R2K1 b - - 0 27,b4c4 d1d8 f6e8 d8e8 g6f8 c6e7 g8h8 e8f8,1057,backrankmate deflection endgame mate matein4 verylong
xvPiP,6k1/B1pb3p/2p3p1/2Np1n1r/3b1P1q/1P5P/1PP1Q1P1/3R1RK1 w - - 2 23,g1h2 h4g3 h2h1 h5h3 g2h3 g3h3 e2h2 f5g3,1249,deflection discoveredattack mate matein4 middlegame sacrifice verylong
xvxGE,rnqbk2r/5ppp/pB1p4/8/5PP1/7P/1P4K1/3QR3 b kq - 1 21,e8f8 d1d6 d8e7 d6e7 f8g8 e7e8 c8e8 e1e8,1160,backrankmate mate matein4 middlegame verylong
xwACd,2k1r3/ppp3pp/r7/1Q1pN3/3Pn3/2R1P1P1/qPK2PP1/7R b - - 8 25,e8f8 b5d7 c8b8 d7c7 b8a8 c7c8 f8c8 c3c8,1212,backrankmate master mate matein4 middlegame sacrifice verylong
xwylE,4r1r1/2p1k3/p1Qp4/q2P2Bp/4P1p1/8/1K5P/8 b - - 2 39,e7f7 c6d7 e8e7 d7e7 f7g6 e7f6 g6h7 f6h6,1246,endgame exposedking mate matein4 verylong
xyOg1,3r3k/p1p2rp1/1pQ4p/8/5q2/P1B3N1/1P3PPP/5RK1 w - - 6 26,g3h5 f4f2 f1f2 d8d1 c3e1 d1e1 f2f1 e1f1,1275,mate matein4 middlegame sacrifice verylong
y1CB1,3q3k/6pp/p7/1pb5/2B5/1P3NP1/PBP4P/4Q2K w - - 0 29,f3e5 d8a8 e5c6 a8c6 c4d5 c6d5 e1e4 d5e4,1139,endgame mate matein4 verylong
y1RWW,r1b2rk1/1p3pp1/1q1p3p/3P2N1/p1P4P/1n1B4/1PQ2PP1/1K2R2R b - - 1 18,a4a3 d3h7 g8h8 g5f7 f8f7 e1e8 f7f8 e8f8,1136,deflection kingsideattack mate matein4 middlegame sacrifice verylong
y1aDm,7k/pp3p1p/4qp1P/3n2r1/2P5/3Q4/P3BPP1/3RK3 b - - 0 28,d5f4 d3d8 g5g8 d8g8 h8g8 d1d8 e6e8 d8e8,1055,attraction endgame mate matein4 sacrifice verylong
y2mZK,6rk/1p3bpp/p4p2/3p1P2/q3r3/1P4RQ/P1P3PP/5R1K b - - 0 26,a4b5 h3h7 h8h7 g3h3 e4h4 h3h4 f7h5 h4h5,1113,attraction kingsideattack mate matein4 middlegame sacrifice verylong
y4TND,5b2/pb3pk1/1p4p1/5q1p/2BR3Q/2P2NPP/PP5K/5R2 w - - 4 31,f3g5 f5c2 d4d2 c2d2 c4e2 d2e2 f1f2 e2f2,1172,fork mate matein4 middlegame verylong
y7Nuv,3r2k1/1R1n1ppp/2QR4/4q3/8/4P3/2P2PPP/6K1 w - - 1 32,c6d7 e5a1 b7b1 a1b1 d6d1 b1d1 d7d1 d8d1,1123,backrankmate endgame mate matein4 verylong xrayattack
y9eWM,5r1k/1p2b1p1/p3Q3/2q1p3/P2p4/1P6/1B1P2PP/R5K1 w - - 5 28,a1c1 d4d3 c1c5 e7c5 b2d4 c5d4 g1h1 f8f1,1276,backrankmate discoveredattack discoveredcheck endgame mate matein4 sacrifice verylong
yA05O,3r4/pQp3pk/7p/3N3q/4PP1b/3P1Rn1/PP4PP/R1B4K w - - 3 25,h2g3 h4g3 h1g1 h5h2 g1f1 h2h1 f1e2 h1e1,1274,discoveredattack discoveredcheck kingsideattack mate matein4 middlegame swallowstailmate verylong
yA9fX,2k2rnB/2pN4/p1p5/1p5p/4P2q/2NP2p1/PPP3P1/R2Q2K1 w - - 0 21,d7f8 h4h2 g1f1 h2h1 f1e2 h1g2 e2e1 g2f2,1144,deflection kingsideattack mate matein4 middlegame verylong
yAE41,1n1r3r/kBp5/1pPppp2/3P2b1/3n2R1/P1N5/1P3P1P/7K b - - 1 27,e6e5 c3b5 d4b5 g4a4 b8a6 a4a6 a7b8 a6a8,1236,mate matein4 middlegame operamate sacrifice verylong
yDE3B,2rq1rk1/1ppb2p1/p3p2p/3pP3/5PPb/2PQ4/PPB2PK1/R4R2 b - - 1 21,d7b5 d3h7 g8f7 c2g6 f7e7 h7g7 f8f7 g7f7,1196,deflection kingsideattack mate matein4 middlegame verylong
yDdsE,2r3r1/5Q1k/p1n3pq/1p1N4/2p5/1B6/PPP3PP/4R2K b - - 7 30,g8g7 d5f6 h7h8 e1e8 c8e8 f7e8 g7g8 e8g8,1218,fork mate matein4 middlegame verylong
yFKdK,4rrk1/pR3ppp/2p5/3pBQP1/8/2q5/P5PP/5R1K b - - 0 21,e8e5 f5f7 f8f7 b7b8 e5e8 b8e8 f7f8 f1f8,1271,endgame mate matein4 sacrifice verylong
yFjC2,rn2kb1r/pQ3ppp/4p3/8/2Pq4/8/PP3nPP/RNB2RK1 w kq - 0 13,f1f2 d4d1 f2f1 f8c5 c1e3 c5e3 g1h1 d1f1,1164,fork mate matein4 middlegame verylong
yFmps,5rk1/Q4ppp/8/6q1/1PP1K3/5R2/3r2P1/R7 b - - 8 30,g5g2 a7f7 f8f7 a1a8 d2d8 a8d8 f7f8 d8f8,1091,clearance endgame mate matein4 sacrifice verylong
yGAbY,6k1/4bpp1/1Pq1p2p/3pP3/1P6/r2b1Q2/3N1PPP/2R3K1 w - - 0 24,c1c6 a3a1 d2b1 a1b1 c6c1 b1c1 f3d1 c1d1,1040,backrankmate endgame mate matein4 verylong
yGHd8,7k/ppp3p1/r4p1p/2PB4/3NP3/q7/2K4R/7R b - - 1 41,a3b4 h2h6 g7h6 h1h6 h8g7 d4f5 g7f8 h6h8,1063,endgame mate matein4 pillsburysmate sacrifice verylong
yIY9Q,5rk1/pp6/q2Np1p1/3nPp2/3P2Q1/1P3R2/P7/5RK1 b - - 0 32,f5g4 f3f8 g8h7 f1f7 h7h6 f8h8 h6g5 d6e4,1240,cornermate endgame exposedking mate matein4 verylong
yJCuA,5rk1/p5pp/1p2P3/5r2/2PpQ3/8/Pq4PP/2R1R2K w - - 2 28,h1g1 b2f2 g1h1 f2f1 e1f1 f5f1 c1f1 f8f1,1136,backrankmate endgame mate matein4 sacrifice verylong
yKqim,2kr4/R1nr3p/8/8/4q3/8/1QP2PPP/R5K1 w - - 2 24,h2h3 d7d1 a1d1 d8d1 g1h2 e4f4 g2g3 f4f2,1127,mate matein4 middlegame verylong
yL7Sb,r5nr/pb5p/1p4p1/5kB1/P1p2P2/8/1PP3PP/4R1K1 b - - 0 22,h7h6 e1e5 f5g4 h2h3 g4g3 e5e3 b7f3 e3f3,1085,endgame mate matein4 pillsburysmate verylong
yLOYQ,8/4P3/8/8/8/4k1p1/6K1/7q w - - 0 80,g2h1 e3f2 e7e8q g3g2 h1h2 g2g1q h2h3 g1g3,1257,advancedpawn endgame exposedking mate matein4 pawnendgame promotion verylong
yMJvP,2R5/p4ppk/4p3/3pP1n1/q2P2P1/PrN2nK1/8/2Q5 b - - 3 36,a4d4 c1h1 f3h2 h1h2 g5h3 h2h3 h7g6 h3h5,1239,master mate matein4 middlegame verylong
yMomU,4r1rk/5p2/R6p/1p3pq1/1Q6/8/PP4PP/6RK w - - 1 31,b4b5 g5g2 g1g2 e8e1 b5f1 e1f1 g2g1 f1g1,1210,endgame mate matein4 sacrifice verylong
yNA5U,rk3r2/pp1RB1pp/1bp1B3/4p3/6P1/PKP4P/1P6/7b b - - 3 26,f8c8 e7d6 b6c7 d6c7 c8c7 d7d8 c7c8 d8c8,1259,mate matein4 middlegame operamate queensideattack verylong
yO4qM,5rk1/5ppp/r1NN4/p7/8/3pP2P/6P1/2R3K1 b - - 0 31,d3d2 c6e7 g8h8 d6f7 f8f7 c1c8 f7f8 c8f8,1219,backrankmate deflection endgame mate matein4 sacrifice verylong
yQGPq,3q2k1/5p2/p3p1pQ/1p2Pr1p/1n1pN3/1P5P/5P2/2R3K1 b - - 5 34,b4d3 e4f6 f5f6 e5f6 d8f6 c1c8 f6d8 c8d8,1083,endgame mate matein4 verylong
yRL1R,r2q2k1/1pp3pp/p2p4/3P3Q/4P3/4PR2/bb4PP/5RK1 b - - 0 19,c7c6 h5f7 g8h8 f7f8 d8f8 f3f8 a8f8 f1f8,1159,backrankmate mate matein4 middlegame verylong
yS3Mh,r2q1r2/ppk1b3/2p1p1Q1/4P2p/8/8/PPP3PP/RNBR2K1 w - - 5 17,d1d8 e7c5 d8d4 c5d4 c1e3 d4e3 g1h1 f8f1,1281,backrankmate mate matein4 middlegame verylong
ySCle,k3r1r1/pp4q1/2p5/2Q5/P2P4/2P4P/1P3PP1/R4RK1 w - - 1 27,g2g4 g7g4 h3g4 g8g4 g1h1 e8h8 c5h5 h8h5,1240,endgame mate matein4 sacrifice verylong
ySIn2,1r4k1/RR3ppp/1p2b3/8/8/7P/P4PPK/3q4 b - - 1 29,b8b7 a7a8 b7b8 a8b8 e6c8 b8c8 d1d8 c8d8,1023,backrankmate endgame mate matein4 verylong
yThdl,r1bq1B1k/1pb1r3/2p2pp1/p1P5/2BP4/8/PP3PP1/2KR3R b - - 1 22,e7h7 h1h7 h8h7 d1h1 c7h2 h1h2 c8h3 h2h3,1116,attraction exposedking kingsideattack mate matein4 middlegame pillsburysmate verylong
yUMKo,8/pkp5/1p6/1PP5/3K3R/6rp/4r3/8 b - - 0 38,h3h2 c5c6 b7c8 h4h8 g3g8 h8g8 e2e8 g8e8,1109,endgame mate matein4 rookendgame verylong
yUkmi,1k3r1r/p1p5/P1P2q2/p1Pp2p1/3Pp1n1/6Pp/1Q2NP1P/6KB b - - 1 31,b8c8 b2b7 c8d8 b7b8 d8e7 b8c7 e7e8 c7d7,1187,deflection mate matein4 middlegame queensideattack verylong
yUyt1,2r2k2/pp3p2/1n1b2p1/2p2pBR/2Pp4/3P4/1P2Q3/qBK5 b - - 0 31,g6h5 g5h6 f8g8 e2g2 d6g3 g2g3 g8h7 g3g7,1250,mate matein4 middlegame verylong
yV2ow,3r2k1/5p1p/pp3p2/4rn1N/5P2/6P1/1Q4BP/R2q3K w - - 2 30,a1d1 d8d1 g2f1 d1f1 h1g2 f5e3 g2h3 e5h5,1162,anastasiamate mate matein4 middlegame verylong
yY7U0,2Q5/p4prp/3P1k2/1P2p2q/8/5bP1/P6P/R2R2K1 w - - 4 35,d1f1 g7g3 h2g3 h5h1 g1f2 h1g2 f2e1 g2e2,1140,endgame mate matein4 sacrifice verylong
yYj7T,4r3/2p4p/p6k/4q1p1/2Q5/1B1P1R1P/1PP5/1K6 w - - 3 32,c4f7 e5e1 b1a2 e1a5 b3a4 a5a4 a2b1 e8e1,1136,endgame mate matein4 verylong
yYtx6,rn3r2/p4p1k/2p2Pp1/2qp2Q1/1p6/5R2/PPP3PP/7K b - - 1 24,f8h8 f3h3 h7g8 h3h8 g8h8 g5h6 h8g8 h6g7,1247,attraction endgame mate matein4 verylong
yZ8eC,5r1k/3Q2pp/3p1q2/8/8/1P6/r4PPP/4RRK1 w - - 0 27,e1e8 f6f2 f1f2 a2a1 e8e1 a1e1 f2f1 e1f1,1273,endgame mate matein4 sacrifice verylong
yZF6O,4rbk1/pp1q1p1p/4nBp1/3pP3/3p3Q/PB1R1R2/1r4PP/6K1 b - - 1 30,d7c7 h4h7 g8h7 f3h3 f8h6 h3h6 h7h6 d3h3,1239,attraction kingsideattack mate matein4 middlegame pillsburysmate sacrifice verylong
yblny,r1b1rk2/1p4pQ/1p1p1B2/n2Pp3/4P3/P2p4/2PK1P1R/q7 b - - 0 26,g7f6 h7h8 f8e7 h2h7 e7d8 h8f6 e8e7 f6e7,1271,deflection exposedking mate matein4 middlegame verylong
ycNPG,8/2P5/8/8/8/6p1/4k1K1/7q w - - 0 73,g2h1 e2f2 c7c8q g3g2 h1h2 g2g1q h2h3 g1g3,1281,advancedpawn endgame exposedking mate matein4 pawnendgame promotion verylong
yckes,6k1/5p2/1p1N4/4n1pp/8/P1R1P1KP/r4PP1/8 w - - 0 33,f2f4 h5h4 g3h2 e5f3 h2h1 a2a1 c3c1 a1c1,1253,endgame master mate matein4 pin verylong
ydiwS,8/R3P3/2b2kpp/2N2p2/2P2P2/1P5K/4r2P/8 w - - 2 50,a7a6 e2e3 h3h4 g6g5 f4g5 h6g5 h4h5 e3h3,1213,endgame exposedking master mastervsmaster mate matein4 verylong
yeXkX,6k1/5p2/4p1p1/4P1P1/1pb1NP2/2p4R/6r1/2K5 b - - 0 41,g2e2 e4f6 g8g7 h3h7 g7f8 h7h8 f8e7 h8e8,1219,endgame hookmate mate matein4 verylong
yefUj,5rk1/5ppp/p1R3q1/8/8/5Q2/Pr4PP/5RK1 b - - 4 27,g6g5 f3f7 f8f7 c6c8 g5d8 c8d8 f7f8 f1f8,1260,endgame mate matein4 sacrifice verylong
yfBZh,1r3rk1/1p4p1/p1p4p/2Pppp1q/P2P2b1/2N1P1K1/1P2BPP1/R2Q1RN1 w - - 0 21,f2f3 f5f4 e3f4 e5f4 g3f2 h5h4 g2g3 h4g3,1271,mate matein4 middlegame verylong
yfn0n,8/4r3/R2pr1k1/2R4p/2P5/5PP1/5K2/8 w - - 1 36,c5d5 e6e2 f2g1 e2e1 g1h2 e7e2 h2h3 e1h1,1009,endgame mate matein4 rookendgame verylong
ygTUm,8/5P2/8/8/8/1p6/1K1k4/q7 w - - 0 57,b2a1 d2c2 f7f8q b3b2 a1a2 b2b1q a2a3 b1b3,1175,advancedpawn endgame exposedking mate matein4 pawnendgame promotion verylong
ygp0o,5rk1/pR3ppp/4n3/1P6/3P4/P4Q2/3q2PP/B1r2RK1 b - - 0 28,e6d4 f3f7 f8f7 b7b8 c1c8 b8c8 f7f8 f1f8,1279,mate matein4 middlegame sacrifice verylong
ygtas,4Q3/7p/5p1k/3p1bp1/2pP4/2Pq3P/5PPK/8 b - - 3 32,f5g6 e8f8 h6h5 g2g4 h5h4 f8h6 g6h5 h6h5,1130,endgame mate matein4 verylong
yjGCb,8/R5p1/5pkp/p2K4/1r2NPP1/8/1n6/8 b - - 2 40,a5a4 f4f5 g6h7 e4f6 h7h8 a7a8 b4b8 a8b8,1135,deflection endgame mate matein4 pin verylong
yjlfa,3r1b1k/1p3p1p/p4P2/2pN1PpR/r7/8/5KP1/7R b - - 2 32,h7h6 h5h6 f8h6 h1h6 h8g8 d5e7 g8f8 h6h8,1007,endgame exposedking mate matein4 verylong
ykKrm,1kn4q/pp1R1p2/2p5/4pN2/4Pb2/2NQ1Pp1/PPP3P1/3R3K w - - 1 33,h1g1 h8h2 g1f1 h2h1 f1e2 h1g2 e2e1 g2f2,1088,deflection kingsideattack mate matein4 middlegame verylong
ykLcu,7k/1N5p/8/1PPpP3/P3pr1q/4NpR1/3Q1PbP/6K1 w - - 5 36,d2d5 h4h2 g1h2 f4h4 g3h3 h4h3 h2g1 h3h1,1179,attraction mate matein4 middlegame operamate sacrifice verylong
ykXyX,3rk1r1/ppp4Q/2p5/3bP3/3q4/2N5/PPP3PP/R5RK w - - 5 22,a1d1 d5g2 g1g2 d4d1 c3d1 d8d1 g2g1 d1g1,1239,deflection kingsideattack mate matein4 middlegame sacrifice verylong
ykwK6,7k/3b2pp/pB1p1b2/3Q4/4p1pP/qPP1R3/P4r2/R2K4 b - - 1 34,a3b2 d5a8 f6d8 a8d8 d7e8 d8e8 f2f8 e8f8,1078,fork mate matein4 middlegame verylong
yltRq,6k1/1pp3pp/p1n2pb1/2Bp1q2/3P4/1PP2PP1/P6P/4Q1K1 b - - 0 26,f5f3 e1e6 g6f7 e6c8 c6d8 c8d8 f7e8 d8e8,1289,endgame kingsideattack mate matein4 verylong
yluOz,5r1k/Q1p2q1p/1p1p2p1/3P4/4p3/4P3/1r3PPP/2R2RK1 w - - 2 25,c1c7 f7f2 f1f2 b2b1 c7c1 b1c1 f2f1 c1f1,1245,endgame mate matein4 sacrifice verylong
ylwzW,4Qb2/4p1kp/4Bpp1/2pPp3/2P1P2P/6P1/5P1K/1q6 b - - 5 38,b1f1 e8f7 g7h6 f7f8 h6h5 g3g4 h5h4 f8h6,1170,deflection endgame mate matein4 verylong
ypLai,5nrk/2r3p1/p4qPp/1ppp1P1R/3Pp3/2P1P2Q/PP1K4/7R b - - 3 36,c5d4 h5h6 g7h6 h3h6 c7h7 h6h7 f8h7 h1h7,1044,kingsideattack mate matein4 middlegame sacrifice verylong
ypdws,5rk1/p4ppp/bp6/3N2N1/5P1n/4P3/PP4r1/R2R3K b - - 6 22,g2b2 d5e7 g8h8 g5f7 f8f7 d1d8 f7f8 d8f8,1197,backrankmate deflection mate matein4 middlegame sacrifice verylong
ypj7O,R7/5pk1/4p3/P3n1pp/1R2P3/5PKP/r5P1/8 w - - 1 43,a5a6 h5h4 g3h2 e5f3 h2h1 a2a1 b4b1 a1b1,1221,deflection endgame mate matein4 pin verylong
yqDZu,r3b3/5kb1/2npNn2/q1p5/2P1PP2/1p1PBN2/1P5Q/2K3RR w - - 1 26,e6g7 a5a1 c1d2 a1b2 d2e1 a8a1 e3c1 a1c1,1285,deflection mate matein4 middlegame queensideattack verylong
yqMBW,3k4/1p1P4/3K1p2/p3N1n1/P6P/8/8/8 b - - 1 42,f6e5 h4g5 e5e4 g5g6 e4e3 g6g7 e3e2 g7g8q,1212,advancedpawn endgame hangingpiece mate matein4 promotion verylong
yqfIk,2r4k/p3P2p/5P2/7q/4Q1p1/1P4B1/P3P1BP/R1r4K w - - 1 27,a1c1 c8c1 g3e1 c1e1 g2f1 e1f1 h1g2 h5h3,1030,endgame killboxmate mate matein4 verylong
ys6Ov,2k5/7R/p1p1p3/2bp3N/2p5/1P1P1R2/P1PK2r1/8 w - - 8 43,d2c3 d5d4 c3b2 c4c3 b2a1 g2g1 f3f1 g1f1,1258,endgame mate matein4 verylong
yt9pr,5rk1/ppp1Q1p1/1q6/8/8/1P6/P2r1PPP/2R2RK1 w - - 4 30,c1c7 b6f2 f1f2 d2d1 e7e1 d1e1 f2f1 f8f1,1274,endgame mate matein4 sacrifice verylong
yujKh,2r3k1/3bQp1p/6p1/q7/8/1PbBBP2/K5PP/3R3R w - - 1 25,e7a3 a5a3 a2a3 c8a8 e3a7 a8a7 d3a6 a7a6,1130,attraction mate matein4 middlegame verylong
yv7RY,5r1k/pp4Rp/3p4/2p1p2p/1Q6/4q3/P1BN1r2/2K4R b - - 0 33,c5b4 g7h7 h8g8 h1g1 f2g2 g1g2 e3g3 g2g3,1092,mate matein4 middlegame verylong
ywC7Y,5rk1/p4ppp/1pq1p3/2p2b2/5Q2/b1P5/P1P3PP/3R1RK1 b - - 3 22,f5c2 f4f7 f8f7 d1d8 c6e8 d8e8 f7f8 f1f8,1278,kingsideattack mate matein4 middlegame sacrifice verylong
ywr6x,7r/1QR1npk1/3p1bp1/1B1qp3/7p/4BNnP/1Q3PP1/6K1 w - - 3 29,c7e7 d5d1 f3e1 d1e1 b5f1 e1f1 g1h2 f1h1,1187,kingsideattack mate matein4 middlegame verylong
yxDZF,6rk/6pp/3Rpq1r/2p1p3/1p2P1Q1/1P3P2/P7/1K4R1 b - - 0 28,f6f4 g4g7 g8g7 d6d8 f4f8 d8f8 g7g8 g1g8,1278,endgame mate matein4 sacrifice verylong
yyGJC,5rk1/p1p2ppp/1p6/4q3/4r3/P4Q2/6PP/3R1R1K b - - 1 24,e4h4 f3f7 f8f7 d1d8 e5e8 d8e8 f7f8 f1f8,1259,endgame mate matein4 sacrifice verylong
yz5ZC,3r2k1/1p2Rp2/pq3Pp1/2pp3p/8/8/P1P3PP/2Q4K b - - 9 30,d8d6 e7e8 g8h7 e8h8 h7h8 c1h6 h8g8 h6g7,1219,attraction endgame mate matein4 sacrifice verylong
z0wwM,1R6/1p3rk1/pP2p1p1/P2pP1qp/8/2Q2P1b/6PP/5BK1 w - - 0 31,c3c8 g5e3 g1h1 h3g2 f1g2 e3e1 g2f1 e1f1,1247,endgame kingsideattack mate matein4 sacrifice verylong
z1004,6k1/5p2/4pPp1/2p1P2p/3p1Q2/q3n2P/6P1/1R4K1 b - - 1 36,a3a2 b1b8 g8h7 b8h8 h7h8 f4h6 h8g8 h6g7,1233,attraction endgame mate matein4 sacrifice verylong
z25zX,8/pp3p1k/4p1p1/2p2q1r/5P2/1PQ3pP/P5P1/3R1R1K w - - 6 30,d1d8 h5h3 h1g1 h3h1 g1h1 f5h5 h1g1 h5h2,1291,attraction endgame mate matein4 sacrifice verylong
z3VMf,5rk1/pp4p1/2pqp1P1/7Q/4p3/3P4/PPP5/7K b - - 0 27,f8d8 h5h7 g8f8 h7h8 f8e7 h8g7 e7e8 g7f7,1069,deflection endgame mate matein4 verylong
z59v2,r7/1nq3pk/3b3p/4p3/1P2Rp1Q/1B1P4/5PPP/B5K1 w - - 1 27,a1b2 a8a1 b2a1 c7c1 b3d1 c1d1 e4e1 d1e1,1095,fork mate matein4 middlegame sacrifice verylong
z5lSz,5r2/k5p1/pq5p/4p3/5r2/8/1Q3PPP/R1R3K1 w - - 4 34,b2e5 b6f2 g1h1 f2f1 c1f1 f4f1 a1f1 f8f1,1013,backrankmate endgame mate matein4 sacrifice verylong
z6Ofd,7Q/p1pbkppp/4p3/2b5/2P3n1/5N2/PP1PqPPP/R1B2RK1 w - - 0 15,h8g7 c5f2 f1f2 e2f2 g1h1 f2f1 f3g1 g4f2,1220,kingsideattack mate matein4 middlegame smotheredmate verylong
z6vVI,3r2k1/1Q2np1p/4p1p1/8/Pp6/4PNN1/5PPP/2n3K1 w - - 1 27,b7e7 d8d1 f3e1 d1e1 g3f1 c1e2 g1h1 e1f1,1074,backrankmate deflection endgame mate matein4 verylong
z8diz,4r1k1/6rp/2b2R2/p7/1pPQ4/1P6/P5PP/6RK w - - 3 31,d4d6 c6g2 g1g2 e8e1 f6f1 e1f1 g2g1 f1g1,1243,endgame mate matein4 sacrifice verylong
zAcxd,8/p3Qp1p/6bk/6p1/8/5P1P/6PK/2q5 b - - 7 55,a7a5 e7f8 h6h5 g2g4 h5h4 f8h6 g6h5 h6h5,1068,endgame mate matein4 verylong
zB5UW,1k5r/ppp1Q1pp/2pr2b1/6P1/2B1p2q/8/PPP4P/1K2RR2 b - - 3 22,e4e3 f1f8 h8f8 e7f8 g6e8 f8e8 d6d8 e8d8,1165,mate matein4 middlegame queensideattack verylong
zDufS,1RR5/p7/k2p2p1/3r4/8/1P4K1/P2p4/8 b - - 9 46,d2d1q c8c6 a6a5 b3b4 a5a4 c6a6 d5a5 a6a5,1225,endgame exposedking mate matein4 queenrookendgame verylong
zGkEo,6r1/1qp2p1k/2b1p1p1/2P1P2N/1p4PQ/1n5P/1P3P2/6K1 b - - 1 45,c6h1 h5f6 h7g7 h4h7 g7f8 h7g8 f8e7 g8e8,1268,discoveredcheck doublecheck endgame fork mate matein4 verylong
zI2p2,4rqk1/p4p1p/3r1Bp1/6P1/b1p4Q/4pR2/PPP4P/7K b - - 1 31,e3e2 h4h7 g8h7 f3h3 f8h6 h3h6 h7g8 h6h8,1292,attraction kingsideattack mate matein4 middlegame operamate sacrifice verylong
zIX52,7k/ppp2r1p/3P1P2/2b3P1/7q/2Q5/PPP5/1K2R3 b - - 0 36,c5d6 e1e8 d6f8 e8f8 f7f8 f6f7 h4d4 c3d4,1113,advancedpawn discoveredattack discoveredcheck endgame mate matein4 sacrifice verylong
zJwZ3,1k5r/1p4p1/1K3p2/2Q1pP2/2PpP3/3P4/1P6/4q1q1 b - - 1 44,h8c8 c5d6 b8a8 d6a3 e1a5 a3a5 a8b8 a5a7,1090,endgame mate matein4 verylong
zKPi0,2bqr1k1/6pp/2p1r3/p3P3/p1Pn1Q2/P6P/1P3RP1/5R1K b - - 6 28,d4b3 f4f7 g8h8 f7f8 e8f8 f2f8 d8f8 f1f8,1255,backrankmate fork mate matein4 middlegame sacrifice verylong
zMAyx,r4r2/pp2N3/6pk/2p2b2/4pPnb/1P2P3/PBPPK3/6R1 b - - 1 26,h4e7 g1h1 g4h2 h1h2 f5h3 h2h3 e7h4 h3h4,1072,master mate matein4 middlegame pillsburysmate verylong
zPirA,rn3rk1/6p1/p2p1pq1/1p5R/4b3/1PP2P2/2P1Q1P1/1K5R b - - 0 21,e4f5 h5h8 g8f7 h8f8 f7f8 h1h8 f8f7 e2e8,1208,attraction kingsideattack mate matein4 middlegame verylong
zSF8O,r6r/ppp2k2/6p1/3np3/1P1n4/P1N1B3/RP3PPP/5RK1 w - - 9 17,c3d5 d4e2 g1h1 h8h2 h1h2 a8h8 e3h6 h8h6,1223,anastasiamate attraction kingsideattack mate matein4 middlegame sacrifice verylong
zSLPB,5rk1/p4ppp/bpNNp3/4P3/8/P2nK3/1P4PP/3R4 b - - 3 28,d3b2 c6e7 g8h8 d6f7 f8f7 d1d8 f7f8 d8f8,1125,backrankmate clearance deflection endgame mate matein4 sacrifice verylong
zX1cE,5r2/p1R5/5q1k/1p4pp/1P1r4/8/P2Q1PPP/5RK1 w - - 0 29,d2c3 f6f2 f1f2 d4d1 c3e1 d1e1 f2f1 e1f1,1254,endgame mate matein4 sacrifice verylong
zXOsz,2kr3r/pp1n1pp1/2p4q/3pP3/3P2p1/2NBn3/PP2Q1PP/R3N1RK w - - 0 19,g2g3 h6h2 e2h2 h8h2 h1h2 d8h8 d3h7 h8h7,1055,attraction kingsideattack mate matein4 middlegame sacrifice verylong
zYUD1,4r3/p4p1k/1p2qBp1/2p3QP/3p4/3b4/PP3P1P/5RK1 b - - 0 26,d3f1 h5g6 f7g6 g5h4 h7g8 h4h8 g8f7 h8g7,1268,endgame mate matein4 verylong
zZVuD,3r1r1k/p5pp/2p5/2N5/2P2q2/1PQ5/P4PPP/5RK1 w - - 2 30,c5e6 f4f2 f1f2 d8d1 c3e1 d1e1 f2f1 e1f1,1230,endgame fork mate matein4 sacrifice verylong
zaZim,2r2rk1/pp3ppp/8/1q2PQ2/3R3P/P7/P5P1/5R1K b - - 0 26,c8c5 f5f7 f8f7 d4d8 b5e8 d8e8 f7f8 f1f8,1271,endgame mate matein4 sacrifice verylong
zbTgX,5r1k/1p1q2pp/2np2p1/p2Qp3/P3P2R/1PN2r2/1P3B2/1K4R1 b - - 7 25,f3f2 h4h7 h8h7 g1h1 f2h2 h1h2 d7h3 h2h3,1275,attraction kingsideattack mate matein4 middlegame sacrifice verylong
zc9MT,2r2k2/2q2p1p/p7/1p2RQ2/4P3/8/PPP2PrP/1KR5 w - - 0 27,e5d5 c7c2 c1c2 g2g1 d5d1 g1d1 c2c1 d1c1,1255,endgame mate matein4 queensideattack sacrifice verylong
zdXlt,2r5/p3rkpp/1pQ1bn2/8/2Pp4/8/PP1P1PPP/RNB2K1R w - - 7 19,c6f3 e6c4 d2d3 c4d3 f3d3 c8c1 d3d1 c1d1,1216,mate matein4 middlegame verylong
zdcrX,3r2kr/1b1q1pp1/pp5R/5B2/2P2PQp/1P5P/P2n2P1/7K b - - 1 28,d7e7 h6h8 g8h8 g4h5 h8g8 h5h7 g8f8 h7h8,1270,attraction kingsideattack mate matein4 middlegame verylong
zdlMw,r3r2k/p3p2p/6pB/7b/6q1/2Q5/P1P4P/R4R1K b - - 0 25,e7e5 f1f8 e8f8 c3e5 f8f6 e5f6 h8g8 f6g7,1249,deflection mate matein4 middlegame sacrifice verylong
zeohT,7k/1b4rp/2n1q1pQ/3p1pP1/3P4/1pP2N2/3K1P1R/rB5R b - - 1 38,b7a6 h6h7 g7h7 h2h7 h8g8 h7h8 g8f7 h1h7,1148,kingsideattack mate matein4 middlegame sacrifice verylong
ziQev,r6r/pppkn3/2pb2p1/6q1/2B1Q3/2P2P2/PP4PP/1K1R3R b - - 1 19,a8e8 e4e6 d7d8 d1d6 c7d6 e6d6 d8c8 c4e6,1273,deflection mate matein4 middlegame verylong
ziVNN,5rk1/1p3Qpp/1rn1p3/3pP3/2qP4/1NP5/6PP/R4RK1 b - - 0 31,f8f7 a1a8 c6b8 a8b8 c4c8 b8c8 f7f8 f1f8,1021,mate matein4 middlegame verylong
zkFhj,8/pp2R3/2b3pk/8/5n2/1B3P2/Pr5P/5R1K w - - 0 28,b3g8 c6f3 f1f3 b2b1 e7e1 b1e1 f3f1 e1f1,1047,endgame mate matein4 sacrifice verylong
zkSaZ,6k1/4r2R/p3p1p1/1p3pN1/3P1b2/3Q1K1R/PPr3PP/2q5 b - - 4 28,f4g5 h7h8 g8f7 h3h7 f7f6 h8f8 e7f7 h7f7,1070,epaulettemate exposedking mate matein4 middlegame verylong
zkkbO,2q5/1p6/1Q1pN3/3Pnkpp/1P2pp2/4P1P1/P4PKP/8 w - - 0 33,b6d6 f4f3 g2h3 g5g4 h3h4 e5g6 h4h5 c8h8,1256,endgame mate matein4 verylong
zkm0X,r4N1k/7P/p2p1bb1/q7/1n1B1P2/8/1P1KB3/2Q4R b - - 0 30,a8f8 d4f6 f8f6 c1c8 g6e8 c8e8 f6f8 e8f8,1079,exposedking mate matein4 middlegame verylong
zmMq5,4r2k/1q4pp/3QB3/p1p2P2/P2p3b/1P3b2/2P4R/6K1 b - - 5 34,h4f6 h2h7 h8h7 d6h2 f6h4 h2h4 f3h5 h4h5,1201,attraction mate matein4 middlegame sacrifice verylong
znDtQ,r1b1rb1k/pppp1Q2/5p1N/3P4/7R/8/P4qPP/5RK1 w - - 0 25,f1f2 e8e1 f2f1 f8c5 h4d4 c5d4 g1h1 e1f1,1071,backrankmate mate matein4 middlegame pin verylong
zoEpl,5k2/3pbp1p/4pBrN/8/2P4P/5QP1/2q2P2/3R2K1 b - - 0 29,g6f6 f3a8 e7d8 a8d8 f8g7 d8g8 g7h6 g8g5,1283,endgame fork mate matein4 verylong
zoK8c,2r3k1/5p2/p3pBn1/1b2P3/6R1/6Q1/5PPK/3q4 b - - 8 39,c8c1 g4g6 f7g6 g3g6 g8f8 g6g7 f8e8 g7e7,1115,mate matein4 middlegame verylong
zpebV,r1bq2rk/pp1nbQ1n/2p1p3/3p1p1P/4P2N/P1NP4/1PP2PP1/R3KB1R b KQ - 4 15,d7f8 h4g6 f8g6 h5g6 g8g7 h1h7 g7h7 f7h7,1248,exposedking kingsideattack mate matein4 middlegame verylong xrayattack
zrjUN,3r3k/pQ5p/8/6p1/6q1/2N2R2/PP3bB1/7K w - - 0 39,f3h3 d8d1 c3d1 g4d1 g2f1 d1f1 h1h2 f1g1,1180,exposedking fork mate matein4 middlegame sacrifice verylong
zsO45,8/4kpR1/8/PR2pp1p/7P/5P2/6PK/r3r3 w - - 0 37,g7g5 e1h1 h2g3 f5f4 g3f2 a1a2 b5b2 a2b2,1210,endgame mate matein4 rookendgame verylong
ztsR5,Q7/1P1N2pk/3q3p/3pb3/2r1p1n1/8/5PPP/5RK1 w - - 5 37,b7b8q e5h2 g1h1 g4f2 f1f2 c4c1 f2f1 c1f1,1135,deflection mate matein4 middlegame verylong
zu74w,k4r2/pp4pp/1q1Np3/1PrpQ3/8/8/5PPP/R4RK1 w - - 1 23,f1c1 c5c1 a1c1 b6f2 g1h1 f2f1 c1f1 f8f1,1012,backrankmate discoveredattack master mate matein4 middlegame sacrifice verylong
zwkR0,r1b2rk1/ppp2pp1/5q1p/3PN3/5n2/2PB4/P1Q2PPP/R3R1K1 b - - 2 16,f6g5 d3h7 g8h8 e5f7 f8f7 e1e8 f7f8 e8f8,1017,clearance deflection kingsideattack mate matein4 middlegame sacrifice verylong
zy7oP,4Q3/1b3p1k/p5pp/1p3r2/2p5/P1B2P1P/BPP2KP1/3q4 b - - 7 34,g6g5 e8h8 h7g6 h8g7 g6h5 g2g4 h5h4 g7h6,1241,deflection endgame fork mate matein4 verylong
zyslx,2r2r1k/7p/p4qp1/3Q4/8/8/P4PPP/1R3RK1 w - - 3 32,b1b7 f6f2 f1f2 c8c1 d5d1 c1d1 f2f1 d1f1,1245,endgame mate matein4 sacrifice verylong
zyv16,r2r2k1/pp2b1pp/3qp3/2p1Np1Q/3Pn3/4PR2/PP2N1PP/R6K b - - 1 21,c5d4 h5f7 g8h8 e5g6 h7g6 f3h3 e7h4 h3h4,1219,kingsideattack mate matein4 middlegame sacrifice verylong
zzDoS,8/p5pk/1p2p3/4P1PQ/5PKp/1P1r3P/P4q2/8 b - - 8 50,h7g8 h5e8 g8h7 g5g6 h7h6 e8h8 h6g6 h8h5,1247,endgame mate matein4 verylong
zzPaZ,5rk1/pRp2ppp/2p1r3/6q1/3Pp3/P1P1P3/2P2QPP/5RK1 b - - 1 19,g5a5 f2f7 f8f7 b7b8 e6e8 b8e8 f7f8 f1f8,1282,endgame kingsideattack mate matein4 sacrifice verylong
